open_time,open,high,low,close,volume,close_time,quote_volume,trades,taker_buy_base,taker_buy_quote,ignore
1727740800000,1.132,1.134,1.128,1.131,5528.2,1727741699999,6250.4864,124,1459.0,1651.1379,0
1727741700000,1.132,1.134,1.122,1.133,15422.1,1727742599999,17367.6327,168,3670.0,4131.3516,0
1727742600000,1.134,1.139,1.132,1.136,12280.4,1727743499999,13935.9369,111,7480.6,8493.1767,0
1727743500000,1.138,1.142,1.137,1.14,6047.6,1727744399999,6889.1277,108,3804.8,4335.147,0
1727744400000,1.14,1.145,1.139,1.141,9947.7,1727745299999,11361.2591,130,4814.2,5497.4181,0
1727745300000,1.139,1.144,1.139,1.143,4794.9,1727746199999,5471.9887,47,1645.2,1878.5593,0
1727746200000,1.143,1.144,1.141,1.144,5813.3,1727747099999,6649.1954,34,1169.4,1336.9621,0
1727747100000,1.144,1.156,1.142,1.151,38341.6,1727747999999,44038.2135,217,25692.3,29506.0413,0
1727748000000,1.15,1.15,1.143,1.144,8504.4,1727748899999,9748.3951,121,4209.5,4827.3657,0
1727748900000,1.144,1.149,1.144,1.146,2755.3,1727749799999,3158.7252,47,1824.3,2091.9195,0
1727749800000,1.147,1.15,1.147,1.148,1755.1,1727750699999,2015.6441,61,386.3,443.6074,0
1727750700000,1.149,1.149,1.146,1.148,3733.8,1727751599999,4282.1745,42,298.3,342.2093,0
1727751600000,1.149,1.155,1.147,1.155,2248.3,1727752499999,2585.8272,44,1346.7,1549.7883,0
1727752500000,1.154,1.155,1.153,1.153,1270.7,1727753399999,1466.4264,24,423.2,488.5457,0
1727753400000,1.152,1.155,1.152,1.155,814.6,1727754299999,940.5623,14,720.5,832.1288,0
1727754300000,1.156,1.157,1.155,1.157,867.8,1727755199999,1003.3072,21,591.8,684.5272,0
1727755200000,1.157,1.162,1.156,1.162,4142.9,1727756099999,4805.1599,81,3808.6,4417.6799,0
1727756100000,1.16,1.162,1.16,1.162,7403.2,1727756999999,8597.6487,95,5097.6,5920.6293,0
1727757000000,1.163,1.166,1.161,1.166,6572.2,1727757899999,7646.4571,90,4628.1,5383.9778,0
1727757900000,1.165,1.167,1.162,1.164,3839.8,1727758799999,4468.5763,55,1506.3,1754.1082,0
1727758800000,1.164,1.164,1.162,1.164,6975.2,1727759699999,8113.2356,91,5754.6,6693.9246,0
1727759700000,1.164,1.165,1.163,1.164,916.8,1727760599999,1067.15,41,682.3,794.2104,0
1727760600000,1.164,1.165,1.162,1.164,4417.8,1727761499999,5141.0005,60,3063.0,3564.6061,0
1727761500000,1.165,1.165,1.16,1.16,16013.5,1727762399999,18617.4038,53,11884.8,13817.439,0
1727762400000,1.16,1.166,1.16,1.164,7351.0,1727763299999,8552.9164,88,3867.7,4501.9345,0
1727763300000,1.165,1.166,1.164,1.166,3252.3,1727764199999,3787.531,28,2504.6,2917.2082,0
1727764200000,1.166,1.167,1.163,1.164,17178.4,1727765099999,20006.8026,119,5376.5,6262.7558,0
1727765100000,1.165,1.17,1.163,1.167,17687.7,1727765999999,20617.347,140,2356.7,2748.3456,0
1727766000000,1.166,1.167,1.163,1.164,10787.1,1727766899999,12567.0022,110,5165.2,6020.06,0
1727766900000,1.164,1.165,1.162,1.165,2798.1,1727767799999,3254.5054,39,310.1,360.8147,0
1727767800000,1.164,1.171,1.164,1.171,10135.4,1727768699999,11834.365,104,8503.9,9931.1076,0
1727768700000,1.169,1.187,1.167,1.181,108739.6,1727769599999,128004.5449,674,72076.1,84857.2145,0
1727769600000,1.181,1.189,1.174,1.174,47767.8,1727770499999,56479.6799,452,27993.9,33092.5243,0
1727770500000,1.175,1.175,1.169,1.17,8394.5,1727771399999,9834.6726,113,2553.5,2991.0392,0
1727771400000,1.17,1.192,1.168,1.19,80267.3,1727772299999,94776.8107,685,51815.2,61231.9738,0
1727772300000,1.19,1.207,1.184,1.197,135151.8,1727773199999,161733.4296,895,95537.0,114345.8778,0
1727773200000,1.196,1.203,1.187,1.19,55974.6,1727774099999,66918.3041,487,24433.0,29213.2095,0
1727774100000,1.191,1.191,1.184,1.185,15268.9,1727774999999,18123.7197,236,6448.2,7658.0988,0
1727775000000,1.184,1.184,1.171,1.184,38255.1,1727775899999,45064.5753,449,14827.2,17483.4475,0
1727775900000,1.183,1.186,1.179,1.181,10655.5,1727776799999,12603.0334,111,5830.1,6898.4704,0
1727776800000,1.181,1.184,1.18,1.183,10714.5,1727777699999,12664.0006,106,6988.6,8260.7527,0
1727777700000,1.183,1.184,1.175,1.18,18414.2,1727778599999,21710.8259,152,6887.9,8121.6173,0
1727778600000,1.179,1.182,1.175,1.176,102484.3,1727779499999,120836.0427,315,45613.3,53784.335,0
1727779500000,1.176,1.182,1.176,1.179,14972.9,1727780399999,17644.3064,99,11627.0,13708.0389,0
1727780400000,1.179,1.185,1.179,1.18,17758.0,1727781299999,20978.3351,173,12000.5,14178.1601,0
1727781300000,1.179,1.18,1.174,1.175,7611.7,1727782199999,8956.809,118,1495.3,1759.7431,0
1727782200000,1.177,1.177,1.172,1.173,8722.5,1727783099999,10239.7953,91,2853.3,3352.3542,0
1727783100000,1.173,1.174,1.169,1.17,20449.7,1727783999999,23961.6754,223,2870.4,3363.8691,0
1727784000000,1.17,1.175,1.166,1.174,22519.3,1727784899999,26379.0517,152,7793.8,9134.6127,0
1727784900000,1.175,1.177,1.174,1.174,5756.6,1727785799999,6768.6145,89,3452.6,4059.6623,0
1727785800000,1.174,1.175,1.167,1.169,7111.8,1727786699999,8324.62,95,1985.4,2325.7918,0
1727786700000,1.168,1.172,1.166,1.17,9924.0,1727787599999,11601.7407,136,6786.1,7938.4811,0
1727787600000,1.169,1.17,1.162,1.165,11221.0,1727788499999,13069.1414,110,2386.4,2780.1075,0
1727788500000,1.164,1.164,1.148,1.151,62006.3,1727789399999,71508.055,474,10400.9,11991.6602,0
1727789400000,1.153,1.154,1.143,1.149,40956.5,1727790299999,46987.8091,412,15591.4,17899.9854,0
1727790300000,1.148,1.15,1.143,1.149,23586.8,1727791199999,27046.8271,258,11513.1,13211.0745,0
1727791200000,1.147,1.154,1.144,1.145,11354.2,1727792099999,13046.4187,179,5037.5,5792.1168,0
1727792100000,1.145,1.148,1.139,1.139,9531.3,1727792999999,10888.4916,138,2414.8,2762.017,0
1727793000000,1.141,1.141,1.133,1.137,12322.8,1727793899999,14009.1178,207,4203.4,4777.801,0
1727793900000,1.138,1.14,1.121,1.121,45660.7,1727794799999,51632.4215,411,17436.9,19776.2586,0
1727794800000,1.122,1.124,1.088,1.096,165999.7,1727795699999,183199.5434,1144,76532.1,84355.4721,0
1727795700000,1.095,1.104,1.094,1.102,31125.5,1727796599999,34256.156,364,14429.3,15878.8709,0
1727796600000,1.103,1.123,1.102,1.117,69761.3,1727797499999,77680.4838,471,44599.2,49606.0782,0
1727797500000,1.116,1.118,1.112,1.115,6528.7,1727798399999,7277.7696,107,3651.3,4069.018,0
1727798400000,1.115,1.115,1.109,1.11,10909.3,1727799299999,12130.4668,113,4733.6,5263.327,0
1727799300000,1.109,1.111,1.105,1.107,10472.7,1727800199999,11598.9485,126,3737.1,4140.2396,0
1727800200000,1.107,1.109,1.085,1.089,61546.3,1727801099999,67557.8915,421,22840.4,25105.9736,0
1727801100000,1.089,1.098,1.081,1.097,32392.0,1727801999999,35350.2614,358,19180.3,20952.0155,0
1727802000000,1.096,1.096,1.082,1.082,24129.0,1727802899999,26276.8286,241,12106.1,13182.0089,0
1727802900000,1.081,1.081,1.039,1.047,181709.4,1727803799999,191266.7138,1470,72878.1,76548.0026,0
1727803800000,1.047,1.07,1.047,1.062,69758.4,1727804699999,73875.7312,588,48723.6,51565.177,0
1727804700000,1.062,1.073,1.06,1.071,17805.0,1727805599999,19010.1361,251,7431.8,7935.9794,0
1727805600000,1.069,1.072,1.065,1.07,14965.3,1727806499999,15984.7869,174,3790.0,4050.6166,0
1727806500000,1.07,1.077,1.069,1.075,10345.5,1727807399999,11107.9204,134,9268.9,9952.3751,0
1727807400000,1.075,1.077,1.066,1.066,25962.5,1727808299999,27792.5286,149,4163.9,4463.1007,0
1727808300000,1.067,1.07,1.063,1.068,10577.7,1727809199999,11271.1982,156,4839.2,5161.7205,0
1727809200000,1.069,1.07,1.053,1.053,27690.3,1727810099999,29466.0538,229,3608.3,3850.4707,0
1727810100000,1.054,1.066,1.054,1.064,20884.0,1727810999999,22165.378,204,14550.7,15455.2994,0
1727811000000,1.064,1.064,1.058,1.058,7372.0,1727811899999,7813.6776,105,2379.4,2521.19,0
1727811900000,1.059,1.061,1.055,1.055,7251.7,1727812799999,7673.5306,88,2345.5,2485.654,0
1727812800000,1.055,1.058,1.05,1.056,7566.2,1727813699999,7977.0341,150,4402.8,4645.085,0
1727813700000,1.056,1.06,1.048,1.052,16886.5,1727814599999,17792.927,226,5610.0,5922.074,0
1727814600000,1.051,1.055,1.044,1.055,39037.4,1727815499999,40889.8396,232,14004.8,14707.1064,0
1727815500000,1.054,1.064,1.052,1.063,14872.4,1727816399999,15749.2748,186,11705.9,12399.3788,0
1727816400000,1.065,1.068,1.057,1.061,13493.3,1727817299999,14328.6914,131,3602.6,3836.0744,0
1727817300000,1.061,1.061,1.056,1.057,13688.6,1727818199999,14479.7395,151,2878.5,3045.649,0
1727818200000,1.058,1.064,1.054,1.064,16212.2,1727819099999,17145.2544,138,6139.9,6505.7414,0
1727819100000,1.064,1.069,1.063,1.068,23515.1,1727819999999,25083.8581,191,16658.1,17777.8641,0
1727820000000,1.069,1.07,1.059,1.066,22835.9,1727820899999,24283.9576,172,8735.6,9296.5432,0
1727820900000,1.066,1.069,1.062,1.063,14802.0,1727821799999,15790.0906,84,9454.2,10086.3081,0
1727821800000,1.062,1.064,1.057,1.057,7076.9,1727822699999,7503.0543,70,928.8,985.3742,0
1727822700000,1.057,1.062,1.056,1.061,5965.7,1727823599999,6317.683,70,2134.1,2257.9336,0
1727823600000,1.06,1.064,1.06,1.06,5205.1,1727824499999,5525.7413,75,2512.1,2667.0409,0
1727824500000,1.061,1.065,1.056,1.056,4780.4,1727825399999,5071.2231,69,2016.4,2140.8912,0
1727825400000,1.056,1.062,1.053,1.06,7598.2,1727826299999,8029.1192,100,4667.0,4929.7355,0
1727826300000,1.06,1.063,1.06,1.061,2530.2,1727827199999,2686.3522,36,1061.0,1127.0369,0
1727827200000,1.059,1.059,1.054,1.056,10078.7,1727828099999,10638.8792,130,2645.9,2793.4299,0
1727828100000,1.056,1.059,1.053,1.058,6248.6,1727828999999,6591.7135,82,4341.5,4581.6255,0
1727829000000,1.058,1.061,1.046,1.052,56714.6,1727829899999,59682.1441,528,14717.6,15484.7441,0
1727829900000,1.052,1.055,1.047,1.052,7249.9,1727830799999,7605.8935,137,3441.5,3611.7849,0
1727830800000,1.052,1.056,1.049,1.055,5501.2,1727831699999,5788.6233,87,3977.1,4184.855,0
1727831700000,1.055,1.057,1.028,1.043,99639.8,1727832599999,103674.7104,793,32690.9,33932.1282,0
1727832600000,1.043,1.049,1.038,1.043,25096.9,1727833499999,26179.1426,239,8212.8,8578.4852,0
1727833500000,1.043,1.052,1.042,1.05,9033.2,1727834399999,9466.2139,116,6142.1,6435.852,0
1727834400000,1.051,1.053,1.049,1.049,6798.4,1727835299999,7150.3866,190,4067.2,4278.2092,0
1727835300000,1.049,1.063,1.049,1.059,34958.6,1727836199999,36986.1604,267,26427.7,27959.8636,0
1727836200000,1.059,1.059,1.054,1.055,3284.3,1727837099999,3472.168,83,1954.1,2065.9865,0
1727837100000,1.056,1.062,1.056,1.059,3997.1,1727837999999,4231.0717,56,2888.5,3057.2776,0
1727838000000,1.059,1.06,1.056,1.057,5042.1,1727838899999,5336.3537,93,3244.6,3435.5003,0
1727838900000,1.057,1.059,1.057,1.058,7667.8,1727839799999,8112.5091,65,1762.4,1864.7674,0
1727839800000,1.058,1.062,1.057,1.061,6569.0,1727840699999,6953.7904,90,1467.6,1555.633,0
1727840700000,1.061,1.063,1.061,1.061,1426.3,1727841599999,1515.5909,28,1177.9,1251.9532,0
1727841600000,1.061,1.064,1.061,1.062,8579.5,1727842499999,9119.4287,86,2776.0,2951.4029,0
1727842500000,1.062,1.075,1.061,1.074,44002.6,1727843399999,47074.7651,350,35620.8,38111.6348,0
1727843400000,1.073,1.074,1.067,1.069,8158.3,1727844299999,8726.2648,109,5983.1,6399.2325,0
1727844300000,1.068,1.071,1.067,1.07,2147.0,1727845199999,2296.1166,46,1687.1,1804.7223,0
1727845200000,1.07,1.073,1.068,1.072,4514.1,1727846099999,4832.9655,52,1708.3,1829.2219,0
1727846100000,1.072,1.075,1.07,1.071,11113.0,1727846999999,11924.4791,61,3346.1,3592.4196,0
1727847000000,1.072,1.073,1.069,1.071,5942.3,1727847899999,6363.932,44,875.9,938.5622,0
1727847900000,1.069,1.072,1.069,1.069,2912.0,1727848799999,3116.7544,52,1614.4,1728.9064,0
1727848800000,1.069,1.07,1.064,1.064,7436.3,1727849699999,7938.5277,114,2243.1,2396.0138,0
1727849700000,1.065,1.068,1.065,1.066,3214.0,1727850599999,3428.4002,58,2730.7,2913.2395,0
1727850600000,1.066,1.08,1.066,1.079,13103.2,1727851499999,14077.8686,149,7046.1,7567.5245,0
1727851500000,1.079,1.081,1.073,1.074,37921.4,1727852399999,40847.9987,236,18829.4,20306.0517,0
1727852400000,1.075,1.076,1.071,1.072,3108.2,1727853299999,3339.2296,52,1646.6,1769.0186,0
1727853300000,1.072,1.076,1.072,1.074,4246.0,1727854199999,4561.8834,55,1353.6,1453.5439,0
1727854200000,1.075,1.082,1.075,1.082,3363.7,1727855099999,3629.0015,94,2240.8,2417.786,0
1727855100000,1.081,1.087,1.079,1.081,28527.9,1727855999999,30910.1441,213,21403.7,23207.0937,0
1727856000000,1.08,1.08,1.076,1.078,13439.5,1727856899999,14496.1861,109,2641.9,2850.2803,0
1727856900000,1.078,1.078,1.076,1.076,9548.3,1727857799999,10285.5557,72,5891.0,6348.5811,0
1727857800000,1.076,1.082,1.076,1.079,10916.7,1727858699999,11787.7601,100,5800.6,6265.3189,0
1727858700000,1.079,1.08,1.078,1.079,1909.5,1727859599999,2060.1173,33,578.6,624.6876,0
1727859600000,1.079,1.079,1.076,1.077,18974.9,1727860499999,20451.37,109,5453.6,5878.7315,0
1727860500000,1.077,1.077,1.071,1.071,15666.7,1727861399999,16831.1811,124,4354.3,4681.3034,0
1727861400000,1.072,1.074,1.07,1.07,10824.9,1727862299999,11604.4583,108,8083.5,8668.5899,0
1727862300000,1.07,1.071,1.06,1.061,28778.7,1727863199999,30609.9917,288,9025.3,9603.143,0
1727863200000,1.062,1.063,1.058,1.058,22593.1,1727864099999,23952.1711,212,7541.5,7996.8099,0
1727864100000,1.059,1.066,1.058,1.066,11927.6,1727864999999,12671.9304,98,7803.4,8296.3237,0
1727865000000,1.065,1.069,1.06,1.062,8274.3,1727865899999,8800.0558,103,4090.8,4349.0773,0
1727865900000,1.062,1.062,1.054,1.054,16734.9,1727866799999,17720.9963,105,3104.3,3289.0295,0
1727866800000,1.054,1.056,1.042,1.051,24427.3,1727867699999,25611.9017,323,7635.3,8003.8891,0
1727867700000,1.052,1.059,1.051,1.058,16154.5,1727868599999,17024.639,189,6834.7,7209.8584,0
1727868600000,1.059,1.062,1.057,1.058,15334.9,1727869499999,16246.6367,81,3150.9,3340.7953,0
1727869500000,1.057,1.059,1.046,1.051,33351.2,1727870399999,35038.3627,231,7039.7,7415.0879,0
1727870400000,1.051,1.051,1.039,1.042,16642.7,1727871299999,17375.7877,227,8508.7,8893.6384,0
1727871300000,1.042,1.051,1.042,1.051,7246.0,1727872199999,7590.0048,105,4481.3,4690.8264,0
1727872200000,1.05,1.055,1.049,1.051,7665.3,1727873099999,8072.3575,86,5915.8,6229.5398,0
1727873100000,1.051,1.051,1.042,1.044,4042.1,1727873999999,4231.5404,62,813.8,852.6927,0
1727874000000,1.043,1.048,1.041,1.047,4095.8,1727874899999,4274.2442,70,2193.6,2290.318,0
1727874900000,1.047,1.051,1.045,1.048,6362.6,1727875799999,6673.1965,69,2311.8,2424.5737,0
1727875800000,1.046,1.046,1.033,1.04,27671.9,1727876699999,28755.3497,283,7241.8,7533.0089,0
1727876700000,1.042,1.058,1.042,1.056,20002.7,1727877599999,21071.8568,201,15261.1,16079.3365,0
1727877600000,1.056,1.059,1.054,1.055,6353.1,1727878499999,6713.6372,100,3554.1,3757.419,0
1727878500000,1.055,1.061,1.05,1.053,21983.9,1727879399999,23167.2211,191,7644.8,8063.1461,0
1727879400000,1.053,1.057,1.05,1.057,2451.4,1727880299999,2583.602,80,2103.3,2216.6539,0
1727880300000,1.056,1.06,1.048,1.049,19722.1,1727881199999,20802.4471,199,5474.2,5774.0674,0
1727881200000,1.049,1.054,1.049,1.05,6228.5,1727882099999,6550.5931,147,4126.1,4341.2682,0
1727882100000,1.052,1.056,1.051,1.054,4764.4,1727882999999,5017.8438,87,2971.6,3129.2289,0
1727883000000,1.056,1.059,1.055,1.057,6958.7,1727883899999,7354.8766,96,3392.1,3586.0854,0
1727883900000,1.058,1.059,1.055,1.057,4964.1,1727884799999,5247.5014,86,3207.4,3391.7134,0
1727884800000,1.056,1.066,1.055,1.06,6611.9,1727885699999,7024.2207,141,3128.0,3323.1467,0
1727885700000,1.059,1.067,1.057,1.067,35099.5,1727886599999,37297.712,259,24954.1,26527.8117,0
1727886600000,1.067,1.067,1.056,1.056,12439.5,1727887499999,13226.2172,131,5042.1,5361.4128,0
1727887500000,1.057,1.06,1.055,1.055,9945.5,1727888399999,10522.137,102,6568.7,6952.6802,0
1727888400000,1.054,1.058,1.046,1.057,30374.0,1727889299999,31920.603,307,8823.7,9273.8366,0
1727889300000,1.058,1.058,1.056,1.057,2522.9,1727890199999,2668.0109,38,1490.5,1576.2398,0
1727890200000,1.058,1.058,1.053,1.057,4365.8,1727891099999,4610.6298,86,2821.7,2980.5351,0
1727891100000,1.057,1.06,1.054,1.058,2230.1,1727891999999,2358.9482,69,1169.9,1238.1732,0
1727892000000,1.057,1.058,1.037,1.037,5711.9,1727892899999,5966.8995,105,970.5,1017.3376,0
1727892900000,1.038,1.04,1.029,1.036,25139.5,1727893799999,25986.1539,260,12968.8,13420.6012,0
1727893800000,1.035,1.035,1.028,1.032,13391.7,1727894699999,13806.6846,103,6255.6,6453.3068,0
1727894700000,1.032,1.032,1.02,1.021,21227.2,1727895599999,21745.6828,159,3533.0,3622.0812,0
1727895600000,1.021,1.028,1.017,1.027,44044.0,1727896499999,45027.488,341,24363.1,24933.4206,0
1727896500000,1.027,1.028,1.019,1.022,12412.1,1727897399999,12675.8021,127,7880.8,8044.6838,0
1727897400000,1.023,1.028,1.022,1.023,29653.5,1727898299999,30400.9163,171,12810.5,13136.8905,0
1727898300000,1.024,1.034,1.024,1.033,14720.7,1727899199999,15146.0204,160,8442.9,8693.8081,0
1727899200000,1.033,1.042,1.032,1.036,15699.4,1727900099999,16279.0381,209,8350.4,8662.0642,0
1727900100000,1.036,1.036,1.032,1.035,5581.1,1727900999999,5771.3253,67,2188.2,2263.8756,0
1727901000000,1.035,1.043,1.034,1.043,5811.0,1727901899999,6027.9578,82,3378.5,3506.6263,0
1727901900000,1.044,1.048,1.042,1.044,7247.7,1727902799999,7570.8464,125,1913.1,1999.5343,0
1727902800000,1.045,1.049,1.042,1.042,8612.4,1727903699999,9006.6154,89,5732.2,5995.8048,0
1727903700000,1.042,1.043,1.039,1.042,3570.2,1727904599999,3714.3971,46,1101.9,1146.5884,0
1727904600000,1.042,1.043,1.039,1.041,5636.3,1727905499999,5868.0964,56,2770.4,2886.9846,0
1727905500000,1.042,1.043,1.04,1.04,3895.3,1727906399999,4058.6961,40,1451.7,1513.3526,0
1727906400000,1.04,1.041,1.03,1.031,8835.6,1727907299999,9142.2492,123,1932.4,2003.769,0
1727907300000,1.031,1.032,1.027,1.028,9080.8,1727908199999,9348.0863,90,3475.5,3579.8096,0
1727908200000,1.029,1.035,1.028,1.033,11893.7,1727909099999,12264.5448,134,2034.3,2098.2456,0
1727909100000,1.032,1.034,1.03,1.034,9260.4,1727909999999,9560.0736,74,3958.6,4089.1877,0
1727910000000,1.034,1.035,1.028,1.029,9564.0,1727910899999,9852.6346,142,4394.6,4528.3031,0
1727910900000,1.031,1.031,1.028,1.029,3982.2,1727911799999,4098.7019,39,2111.8,2173.7797,0
1727911800000,1.029,1.03,1.026,1.026,3476.5,1727912699999,3573.6921,81,887.8,912.6611,0
1727912700000,1.027,1.03,1.025,1.028,3407.6,1727913599999,3499.4641,63,1220.5,1254.3675,0
1727913600000,1.03,1.033,1.027,1.032,5716.2,1727914499999,5891.3092,83,3877.4,3998.1175,0
1727914500000,1.032,1.034,1.023,1.027,12476.8,1727915399999,12814.4132,130,3760.7,3861.94,0
1727915400000,1.028,1.036,1.028,1.031,7304.4,1727916299999,7542.7474,140,5369.1,5544.2441,0
1727916300000,1.032,1.037,1.027,1.029,9921.7,1727917199999,10226.2562,109,2643.8,2727.6565,0
1727917200000,1.029,1.037,1.029,1.036,7503.1,1727918099999,7754.5766,133,3991.7,4127.4735,0
1727918100000,1.035,1.04,1.035,1.037,3470.0,1727918999999,3602.4882,105,2823.7,2932.0527,0
1727919000000,1.037,1.037,1.035,1.035,2331.1,1727919899999,2413.9551,55,668.3,692.3568,0
1727919900000,1.034,1.037,1.033,1.034,907.7,1727920799999,939.6732,27,612.4,634.3335,0
1727920800000,1.034,1.038,1.032,1.037,6633.3,1727921699999,6874.1592,117,5222.0,5414.453,0
1727921700000,1.039,1.039,1.035,1.035,1202.8,1727922599999,1247.0966,24,781.0,809.7506,0
1727922600000,1.036,1.037,1.034,1.035,704.9,1727923499999,729.683,26,290.1,300.4688,0
1727923500000,1.036,1.039,1.036,1.037,2236.0,1727924399999,2319.3017,35,933.4,968.2084,0
1727924400000,1.037,1.037,1.032,1.033,5177.7,1727925299999,5349.7171,54,2817.2,2910.5716,0
1727925300000,1.032,1.04,1.031,1.04,15971.7,1727926199999,16591.4777,54,1504.9,1559.2976,0
1727926200000,1.04,1.04,1.037,1.038,1774.4,1727927099999,1843.7724,23,366.3,380.9425,0
1727927100000,1.038,1.041,1.037,1.041,3809.1,1727927999999,3956.0982,44,1762.6,1831.8389,0
1727928000000,1.041,1.042,1.039,1.04,2153.8,1727928899999,2241.9063,34,1987.5,2068.9608,0
1727928900000,1.038,1.04,1.036,1.036,1776.4,1727929799999,1843.6653,26,486.4,505.1134,0
1727929800000,1.037,1.04,1.037,1.04,1593.3,1727930699999,1654.6734,34,804.7,835.344,0
1727930700000,1.041,1.042,1.036,1.037,3044.6,1727931599999,3166.5754,45,1422.0,1478.3082,0
1727931600000,1.036,1.038,1.034,1.037,5541.8,1727932499999,5739.8114,91,2845.9,2948.2857,0
1727932500000,1.037,1.039,1.033,1.035,22451.9,1727933399999,23241.0626,163,10182.3,10540.184,0
1727933400000,1.034,1.043,1.032,1.039,22380.7,1727934299999,23211.7706,248,13962.7,14469.5633,0
1727934300000,1.037,1.038,1.033,1.034,10381.9,1727935199999,10736.7383,73,356.3,368.9995,0
1727935200000,1.034,1.035,1.032,1.034,12604.6,1727936099999,13024.6916,52,3109.5,3213.2264,0
1727936100000,1.035,1.036,1.033,1.033,2124.4,1727936999999,2197.2366,26,818.0,846.4955,0
1727937000000,1.034,1.039,1.033,1.035,9392.7,1727937899999,9726.062,55,8324.3,8619.3456,0
1727937900000,1.036,1.044,1.036,1.041,17538.0,1727938799999,18242.5644,131,13298.5,13822.7455,0
1727938800000,1.041,1.042,1.04,1.04,3986.7,1727939699999,4151.8864,45,2864.1,2983.7668,0
1727939700000,1.039,1.041,1.036,1.036,9341.0,1727940599999,9700.5737,96,4590.6,4769.2725,0
1727940600000,1.036,1.04,1.035,1.036,3008.9,1727941499999,3122.3047,51,947.7,983.8118,0
1727941500000,1.035,1.036,1.03,1.031,6925.6,1727942399999,7151.1484,103,1646.0,1700.0145,0
1727942400000,1.032,1.032,1.012,1.012,50340.8,1727943299999,51571.8082,299,9416.1,9609.2778,0
1727943300000,1.013,1.017,1.009,1.015,41496.6,1727944199999,42085.6095,261,21192.2,21503.7686,0
1727944200000,1.015,1.023,1.015,1.021,16777.4,1727945099999,17103.5084,132,9382.1,9567.0766,0
1727945100000,1.022,1.023,1.015,1.017,21625.7,1727945999999,22018.8968,149,8172.9,8318.8755,0
1727946000000,1.018,1.02,1.016,1.018,28995.7,1727946899999,29498.4665,219,15652.3,15924.1367,0
1727946900000,1.018,1.026,1.016,1.026,7994.0,1727947799999,8169.5169,115,5718.7,5848.7236,0
1727947800000,1.025,1.028,1.021,1.022,9795.4,1727948699999,10027.98,123,5561.6,5694.3601,0
1727948700000,1.022,1.029,1.022,1.026,14771.3,1727949599999,15143.638,94,9676.9,9917.015,0
1727949600000,1.026,1.027,1.023,1.025,4752.2,1727950499999,4869.3756,61,1554.6,1594.321,0
1727950500000,1.025,1.025,1.02,1.02,1971.1,1727951399999,2013.4431,32,609.2,622.0509,0
1727951400000,1.021,1.027,1.021,1.025,4119.2,1727952299999,4217.8278,78,1653.3,1691.7631,0
1727952300000,1.025,1.031,1.025,1.031,5276.7,1727953199999,5426.8332,82,4059.4,4176.5641,0
1727953200000,1.032,1.032,1.03,1.031,5420.4,1727954099999,5589.3028,51,3865.9,3986.7966,0
1727954100000,1.031,1.031,1.025,1.028,22378.7,1727954999999,23024.0555,72,2870.5,2948.679,0
1727955000000,1.028,1.05,1.025,1.031,340866.4,1727955899999,353559.405,1859,192228.1,199822.9751,0
1727955900000,1.03,1.047,1.02,1.028,1039917.6,1727956799999,1073055.0565,5651,538636.4,556522.4891,0
1727956800000,1.027,1.027,1.016,1.021,50269.5,1727957699999,51295.4233,431,20477.2,20869.9186,0
1727957700000,1.021,1.025,1.015,1.021,48608.7,1727958599999,49625.4928,381,20257.8,20715.1021,0
1727958600000,1.021,1.025,1.021,1.022,9585.2,1727959499999,9805.0963,134,5257.9,5378.3023,0
1727959500000,1.023,1.024,1.015,1.018,29764.3,1727960399999,30326.4439,228,12020.7,12240.0419,0
1727960400000,1.018,1.019,1.008,1.011,23873.5,1727961299999,24182.2686,213,6350.0,6427.7813,0
1727961300000,1.012,1.02,1.007,1.016,29415.4,1727962199999,29837.135,292,11510.8,11677.8673,0
1727962200000,1.016,1.017,1.008,1.014,19952.5,1727963099999,20206.704,189,8127.3,8242.8726,0
1727963100000,1.014,1.015,1.007,1.015,14243.9,1727963999999,14399.1879,140,4685.3,4741.0249,0
1727964000000,1.016,1.023,1.007,1.013,41637.3,1727964899999,42276.8955,333,14361.9,14614.1475,0
1727964900000,1.014,1.019,1.006,1.007,21152.4,1727965799999,21447.8641,226,7574.6,7688.0164,0
1727965800000,1.007,1.012,1.007,1.008,1536.8,1727966699999,1550.9493,45,677.5,684.4472,0
1727966700000,1.008,1.012,1.004,1.005,22887.3,1727967599999,23063.104,194,10634.9,10735.4801,0
1727967600000,1.005,1.006,1.0,1.001,14543.5,1727968499999,14598.1553,186,4790.4,4811.0997,0
1727968500000,1.002,1.004,0.995,0.995,21917.5,1727969399999,21921.342,277,6684.2,6692.1801,0
1727969400000,0.995,0.999,0.994,0.997,22490.6,1727970299999,22417.4876,219,14784.3,14744.3969,0
1727970300000,0.996,1.007,0.996,1.006,18903.1,1727971199999,18975.9278,231,11954.7,12010.23,0
1727971200000,1.006,1.007,1.003,1.003,8417.9,1727972099999,8460.4356,126,2455.6,2470.5641,0
1727972100000,1.003,1.004,0.992,0.993,31784.6,1727972999999,31708.6891,247,11136.2,11111.7076,0
1727973000000,0.993,0.996,0.99,0.994,17754.2,1727973899999,17631.0061,109,8228.0,8175.4481,0
1727973900000,0.995,1.002,0.995,1.001,9815.2,1727974799999,9812.4241,103,8038.0,8037.7234,0
1727974800000,1.0,1.004,0.996,1.004,9651.8,1727975699999,9641.9699,130,5063.6,5060.5372,0
1727975700000,1.004,1.008,1.003,1.007,10126.0,1727976599999,10185.7053,145,6704.7,6743.6209,0
1727976600000,1.007,1.007,1.001,1.006,6389.6,1727977499999,6416.0422,80,1694.3,1700.0477,0
1727977500000,1.005,1.007,1.002,1.007,7385.8,1727978399999,7415.6652,63,1317.0,1324.1796,0
1727978400000,1.007,1.008,1.005,1.007,10226.4,1727979299999,10297.4319,69,8260.2,8319.6742,0
1727979300000,1.006,1.01,1.006,1.008,10955.0,1727980199999,11046.0733,100,3368.7,3396.1981,0
1727980200000,1.007,1.007,1.003,1.006,9528.0,1727981099999,9570.7811,97,1252.7,1260.3631,0
1727981100000,1.006,1.013,1.006,1.012,13121.3,1727981999999,13269.347,97,10878.5,11002.112,0
1727982000000,1.012,1.013,1.011,1.012,3269.7,1727982899999,3308.9346,52,1758.8,1779.9841,0
1727982900000,1.012,1.014,1.011,1.011,9727.3,1727983799999,9842.8851,72,1856.4,1881.4381,0
1727983800000,1.013,1.015,1.01,1.013,13079.7,1727984699999,13244.6472,110,2570.0,2605.3019,0
1727984700000,1.013,1.015,1.012,1.014,2926.3,1727985599999,2966.2272,60,1392.4,1411.4573,0
1727985600000,1.014,1.017,1.011,1.015,12271.0,1727986499999,12449.8057,139,6859.8,6963.9025,0
1727986500000,1.015,1.017,1.013,1.013,5198.0,1727987399999,5275.7351,86,2239.7,2274.8713,0
1727987400000,1.013,1.014,1.011,1.012,2332.4,1727988299999,2361.9942,39,1537.2,1556.8036,0
1727988300000,1.013,1.014,1.012,1.013,628.4,1727989199999,636.5762,32,153.9,155.922,0
1727989200000,1.013,1.013,1.008,1.012,11398.5,1727990099999,11517.357,103,6400.2,6464.2718,0
1727990100000,1.011,1.013,1.011,1.012,2107.2,1727990999999,2134.0245,45,1686.8,1708.6662,0
1727991000000,1.014,1.014,1.012,1.013,2552.8,1727991899999,2587.1501,19,1099.1,1114.4874,0
1727991900000,1.015,1.019,1.013,1.019,3272.0,1727992799999,3326.2386,39,1043.4,1060.7618,0
1727992800000,1.019,1.019,1.017,1.017,4323.7,1727993699999,4401.1085,48,2211.1,2250.9979,0
1727993700000,1.017,1.019,1.017,1.018,3740.1,1727994599999,3807.0081,54,3243.1,3301.5258,0
1727994600000,1.018,1.022,1.018,1.019,2256.5,1727995499999,2301.0341,44,1257.6,1281.9493,0
1727995500000,1.019,1.02,1.019,1.02,1721.9,1727996399999,1756.078,29,1461.9,1491.138,0
1727996400000,1.019,1.022,1.019,1.02,2514.5,1727997299999,2567.0504,37,1333.5,1361.2865,0
1727997300000,1.021,1.021,1.016,1.017,1492.2,1727998199999,1519.2559,41,1108.3,1128.4016,0
1727998200000,1.018,1.02,1.018,1.02,2107.6,1727999099999,2147.2326,20,838.1,853.6121,0
1727999100000,1.019,1.021,1.018,1.02,558.3,1727999999999,569.0368,19,162.5,165.7432,0
1728000000000,1.02,1.024,1.019,1.021,2639.7,1728000899999,2696.7372,51,1087.6,1111.0398,0
1728000900000,1.02,1.022,1.019,1.021,3830.5,1728001799999,3909.0486,65,1253.0,1279.1829,0
1728001800000,1.022,1.022,1.019,1.019,983.4,1728002699999,1003.7961,22,349.2,356.5148,0
1728002700000,1.02,1.021,1.017,1.02,3782.0,1728003599999,3852.7863,44,2763.2,2814.8529,0
1728003600000,1.019,1.026,1.016,1.024,15867.3,1728004499999,16251.2242,93,14414.3,14771.4965,0
1728004500000,1.024,1.032,1.024,1.032,10170.0,1728005399999,10445.5335,111,4137.3,4248.1837,0
1728005400000,1.032,1.032,1.028,1.03,7305.5,1728006299999,7523.9076,131,5416.2,5575.5918,0
1728006300000,1.031,1.039,1.031,1.034,16242.5,1728007199999,16810.6834,146,14296.7,14797.2856,0
1728007200000,1.033,1.038,1.033,1.036,5410.1,1728008099999,5604.0805,69,3194.8,3311.3356,0
1728008100000,1.037,1.037,1.032,1.033,1387.5,1728008999999,1434.7725,39,860.1,889.6369,0
1728009000000,1.032,1.035,1.032,1.035,135.2,1728009899999,139.8237,11,126.1,130.4325,0
1728009900000,1.034,1.035,1.034,1.034,475.1,1728010799999,491.2691,9,15.7,16.2495,0
1728010800000,1.034,1.034,1.03,1.03,378.0,1728011699999,389.9033,31,6.5,6.7015,0
1728011700000,1.031,1.032,1.03,1.03,1317.0,1728012599999,1358.1549,39,902.3,930.8405,0
1728012600000,1.03,1.03,1.029,1.029,283.7,1728013499999,292.1484,19,0.0,0.0,0
1728013500000,1.029,1.03,1.028,1.03,7207.7,1728014399999,7415.153,57,2675.0,2753.0772,0
1728014400000,1.03,1.031,1.03,1.031,486.2,1728015299999,501.1252,11,237.6,244.8434,0
1728015300000,1.031,1.035,1.031,1.035,3954.7,1728016199999,4082.2943,46,2702.2,2790.4511,0
1728016200000,1.034,1.038,1.034,1.036,1206.5,1728017099999,1250.0213,33,265.6,275.5935,0
1728017100000,1.035,1.035,1.029,1.03,3048.9,1728017999999,3143.9284,74,708.6,730.1656,0
1728018000000,1.03,1.033,1.03,1.033,1677.8,1728018899999,1729.9426,34,1240.3,1278.9965,0
1728018900000,1.033,1.035,1.033,1.035,1173.3,1728019799999,1213.3877,20,464.8,480.7987,0
1728019800000,1.035,1.038,1.034,1.037,1550.6,1728020699999,1608.0441,29,1335.7,1385.5481,0
1728020700000,1.038,1.04,1.038,1.04,969.6,1728021599999,1006.9207,34,142.3,147.9486,0
1728021600000,1.038,1.039,1.035,1.035,1088.6,1728022499999,1128.3906,28,132.3,137.1298,0
1728022500000,1.035,1.048,1.035,1.042,13143.7,1728023399999,13708.0537,146,11019.0,11490.9227,0
1728023400000,1.043,1.043,1.037,1.038,10814.9,1728024299999,11252.5459,80,2413.6,2512.8878,0
1728024300000,1.038,1.041,1.035,1.036,12187.7,1728025199999,12656.2479,125,8778.2,9118.3684,0
1728025200000,1.036,1.036,1.033,1.034,6402.5,1728026099999,6628.955,69,2774.2,2872.3986,0
1728026100000,1.035,1.039,1.034,1.038,7535.4,1728026999999,7812.1609,73,6916.2,7171.2574,0
1728027000000,1.039,1.043,1.039,1.041,6340.1,1728027899999,6602.8246,48,5993.4,6242.1268,0
1728027900000,1.041,1.042,1.038,1.038,13525.2,1728028799999,14060.9472,69,5084.4,5286.9636,0
1728028800000,1.038,1.038,1.036,1.038,3888.4,1728029699999,4031.9609,39,1250.1,1297.0483,0
1728029700000,1.038,1.044,1.037,1.044,10179.2,1728030599999,10592.7616,86,4595.8,4781.7355,0
1728030600000,1.043,1.044,1.039,1.042,17708.4,1728031499999,18452.1019,81,4932.5,5143.8503,0
1728031500000,1.042,1.042,1.036,1.036,7294.7,1728032399999,7574.7831,61,1311.4,1363.099,0
1728032400000,1.036,1.043,1.036,1.043,4227.5,1728033299999,4401.2033,66,2943.4,3066.344,0
1728033300000,1.042,1.044,1.041,1.044,11036.6,1728034199999,11508.3143,158,6709.4,6998.4503,0
1728034200000,1.043,1.045,1.041,1.041,3137.8,1728035099999,3273.9449,54,2133.0,2226.5339,0
1728035100000,1.041,1.041,1.037,1.038,7166.1,1728035999999,7447.2342,53,4826.7,5016.8426,0
1728036000000,1.038,1.044,1.036,1.04,27931.1,1728036899999,29069.882,253,17924.9,18669.9426,0
1728036900000,1.039,1.044,1.039,1.043,20249.6,1728037799999,21109.1118,101,14327.5,14937.0255,0
1728037800000,1.042,1.043,1.041,1.042,9328.3,1728038699999,9719.4616,78,4570.8,4764.6188,0
1728038700000,1.042,1.042,1.033,1.037,18609.4,1728039599999,19303.9132,145,10411.1,10805.6934,0
1728039600000,1.036,1.037,1.033,1.037,3164.4,1728040499999,3273.5927,37,2592.1,2681.633,0
1728040500000,1.037,1.038,1.033,1.036,7481.1,1728041399999,7738.7048,46,1201.9,1245.5837,0
1728041400000,1.036,1.041,1.035,1.037,15726.6,1728042299999,16326.0458,102,13838.3,14367.3653,0
1728042300000,1.038,1.043,1.036,1.04,23125.1,1728043199999,24044.3131,128,13256.9,13794.1419,0
1728043200000,1.041,1.045,1.039,1.04,10966.5,1728044099999,11425.9713,151,6556.6,6834.7785,0
1728044100000,1.04,1.043,1.039,1.043,3426.4,1728044999999,3571.8961,57,3019.7,3148.2119,0
1728045000000,1.044,1.045,1.029,1.031,25827.8,1728045899999,26759.7628,291,7632.1,7914.1868,0
1728045900000,1.032,1.044,1.032,1.043,9919.4,1728046799999,10317.4164,101,9381.9,9758.0434,0
1728046800000,1.043,1.044,1.037,1.04,19767.3,1728047699999,20580.1657,177,5717.5,5957.6316,0
1728047700000,1.039,1.04,1.033,1.035,9499.9,1728048599999,9835.111,80,2386.6,2466.446,0
1728048600000,1.034,1.039,1.034,1.039,7261.7,1728049499999,7530.4883,94,4509.5,4676.1554,0
1728049500000,1.038,1.04,1.035,1.035,2716.6,1728050399999,2819.5882,52,649.5,674.0781,0
1728050400000,1.035,1.035,1.029,1.03,6701.1,1728051299999,6909.3689,78,3855.6,3974.7323,0
1728051300000,1.031,1.034,1.025,1.026,17924.3,1728052199999,18482.5772,168,4397.9,4537.7827,0
1728052200000,1.026,1.026,1.022,1.022,27325.1,1728053099999,27972.0045,207,7870.4,8060.8936,0
1728053100000,1.022,1.028,1.022,1.027,2644.7,1728053999999,2709.7012,39,909.9,934.3428,0
1728054000000,1.027,1.037,1.027,1.033,8371.3,1728054899999,8637.5117,109,4623.3,4764.8606,0
1728054900000,1.033,1.033,1.028,1.028,13574.1,1728055799999,13988.5779,92,1854.8,1913.4858,0
1728055800000,1.029,1.029,1.023,1.026,25240.7,1728056699999,25875.8641,142,7906.2,8101.8706,0
1728056700000,1.026,1.035,1.025,1.034,12497.0,1728057599999,12882.8746,99,8866.8,9136.8155,0
1728057600000,1.034,1.037,1.034,1.035,19133.8,1728058499999,19798.01,100,5580.1,5775.8208,0
1728058500000,1.036,1.043,1.036,1.04,14375.0,1728059399999,14946.9941,179,8475.7,8812.119,0
1728059400000,1.04,1.046,1.039,1.044,22520.1,1728060299999,23518.21,113,13126.6,13711.9018,0
1728060300000,1.045,1.047,1.042,1.047,3486.9,1728061199999,3645.0308,61,3030.0,3167.7985,0
1728061200000,1.046,1.047,1.043,1.044,4595.7,1728062099999,4804.1958,61,3569.4,3731.5986,0
1728062100000,1.043,1.045,1.043,1.044,7109.5,1728062999999,7421.873,47,2424.2,2530.728,0
1728063000000,1.045,1.049,1.045,1.048,13882.1,1728063899999,14534.9873,91,11564.2,12109.1112,0
1728063900000,1.048,1.05,1.047,1.047,26732.1,1728064799999,28028.6265,114,10115.8,10609.8826,0
1728064800000,1.046,1.049,1.043,1.049,16730.5,1728065699999,17485.8327,82,5981.3,6257.106,0
1728065700000,1.049,1.051,1.048,1.05,6975.8,1728066599999,7326.9641,48,6452.4,6777.7261,0
1728066600000,1.049,1.051,1.048,1.05,6083.3,1728067499999,6386.0356,67,2575.3,2705.7348,0
1728067500000,1.049,1.051,1.049,1.05,12240.4,1728068399999,12858.9647,73,4607.2,4840.5716,0
1728068400000,1.05,1.052,1.048,1.051,17420.2,1728069299999,18303.7968,88,11178.4,11746.3161,0
1728069300000,1.051,1.051,1.05,1.051,1365.2,1728070199999,1434.5803,14,675.9,710.3709,0
1728070200000,1.049,1.052,1.049,1.049,1203.3,1728071099999,1265.2414,14,998.2,1049.9731,0
1728071100000,1.05,1.052,1.049,1.049,8649.1,1728071999999,9080.2842,82,5320.6,5588.0411,0
1728072000000,1.048,1.049,1.046,1.047,9194.7,1728072899999,9636.1366,85,4349.8,4559.9421,0
1728072900000,1.047,1.047,1.047,1.047,1088.6,1728073799999,1139.7642,9,113.1,118.4157,0
1728073800000,1.047,1.051,1.046,1.051,4211.3,1728074699999,4417.948,49,1653.6,1736.174,0
1728074700000,1.051,1.053,1.051,1.051,10531.3,1728075599999,11078.4014,68,9156.9,9633.2236,0
1728075600000,1.051,1.054,1.05,1.053,8376.6,1728076499999,8818.2698,59,5734.1,6038.3977,0
1728076500000,1.052,1.052,1.05,1.051,6334.4,1728077399999,6655.2136,40,23.1,24.2849,0
1728077400000,1.05,1.051,1.05,1.05,13702.6,1728078299999,14388.2141,26,484.1,508.7891,0
1728078300000,1.05,1.053,1.05,1.051,4474.6,1728079199999,4706.6026,38,4246.6,4466.801,0
1728079200000,1.051,1.056,1.05,1.054,12416.2,1728080099999,13074.6932,107,10371.4,10923.3249,0
1728080100000,1.054,1.054,1.052,1.053,2675.2,1728080999999,2817.5115,49,921.7,971.1821,0
1728081000000,1.053,1.053,1.051,1.052,860.0,1728081899999,904.6019,16,175.3,184.5311,0
1728081900000,1.051,1.053,1.051,1.052,1060.0,1728082799999,1115.1245,9,559.0,588.0803,0
1728082800000,1.052,1.052,1.051,1.052,4827.6,1728083699999,5074.0976,32,523.7,550.5131,0
1728083700000,1.051,1.052,1.048,1.048,19326.2,1728084599999,20283.8283,69,2692.3,2825.6027,0
1728084600000,1.048,1.048,1.045,1.048,8176.6,1728085499999,8555.7577,61,305.5,319.9502,0
1728085500000,1.048,1.049,1.048,1.048,914.4,1728086399999,958.4762,28,855.5,896.7311,0
1728086400000,1.049,1.05,1.045,1.048,12890.9,1728087299999,13506.833,104,4403.5,4617.725,0
1728087300000,1.048,1.049,1.047,1.047,3566.0,1728088199999,3736.1219,46,1952.8,2045.6057,0
1728088200000,1.048,1.053,1.048,1.052,2126.3,1728089099999,2232.9955,42,1255.3,1318.0541,0
1728089100000,1.054,1.056,1.054,1.056,2475.5,1728089999999,2610.6387,31,1338.0,1411.7137,0
1728090000000,1.056,1.057,1.055,1.057,1251.3,1728090899999,1321.8477,31,1055.6,1115.2085,0
1728090900000,1.056,1.057,1.049,1.05,6724.3,1728091799999,7070.5671,60,2337.3,2457.5304,0
1728091800000,1.049,1.053,1.049,1.052,2585.7,1728092699999,2717.5375,44,2100.0,2207.0998,0
1728092700000,1.053,1.054,1.053,1.054,502.2,1728093599999,529.2381,6,482.3,508.2834,0
1728093600000,1.053,1.053,1.049,1.051,1444.6,1728094499999,1516.9958,89,231.3,243.0265,0
1728094500000,1.051,1.053,1.051,1.053,72.1,1728095399999,75.8497,4,12.3,12.9401,0
1728095400000,1.053,1.075,1.053,1.072,86998.2,1728096299999,92611.062,584,70495.4,75018.0116,0
1728096300000,1.071,1.071,1.063,1.064,23157.3,1728097199999,24699.1102,157,9433.9,10065.4805,0
1728097200000,1.063,1.069,1.06,1.068,8808.9,1728098099999,9382.4398,120,3630.8,3869.0968,0
1728098100000,1.068,1.072,1.064,1.071,12293.4,1728098999999,13127.715,80,7018.8,7499.9558,0
1728099000000,1.07,1.076,1.065,1.069,20777.8,1728099899999,22257.8214,175,11815.2,12665.4381,0
1728099900000,1.069,1.069,1.065,1.065,3617.6,1728100799999,3858.0833,81,1116.1,1190.7267,0
1728100800000,1.065,1.066,1.062,1.063,4675.1,1728101699999,4976.0615,83,801.8,853.8397,0
1728101700000,1.064,1.069,1.064,1.068,3490.5,1728102599999,3726.5856,42,2621.0,2799.1538,0
1728102600000,1.068,1.073,1.068,1.071,8059.8,1728103499999,8630.1802,80,3195.4,3423.4839,0
1728103500000,1.071,1.073,1.07,1.072,3871.8,1728104399999,4146.1669,25,627.9,673.1289,0
1728104400000,1.071,1.073,1.07,1.072,6481.2,1728105299999,6943.1983,51,1243.5,1332.7431,0
1728105300000,1.071,1.072,1.07,1.07,3773.1,1728106199999,4041.2184,28,238.2,255.2716,0
1728106200000,1.073,1.073,1.072,1.073,189.8,1728107099999,203.5967,6,131.1,140.6703,0
1728107100000,1.074,1.076,1.072,1.076,4733.0,1728107999999,5085.5882,50,3935.6,4229.4005,0
1728108000000,1.075,1.075,1.066,1.066,21154.0,1728108899999,22643.1973,169,4410.2,4719.3981,0
1728108900000,1.067,1.07,1.067,1.069,2286.1,1728109799999,2444.319,21,2165.9,2315.8636,0
1728109800000,1.07,1.074,1.07,1.074,887.3,1728110699999,951.0955,20,830.7,890.4154,0
1728110700000,1.075,1.076,1.074,1.074,3741.9,1728111599999,4022.4107,30,3221.1,3462.9543,0
1728111600000,1.073,1.075,1.072,1.072,5166.5,1728112499999,5544.1584,67,3458.4,3711.4784,0
1728112500000,1.072,1.072,1.058,1.06,60191.7,1728113399999,64078.8062,418,25658.7,27311.4416,0
1728113400000,1.06,1.062,1.059,1.061,2294.1,1728114299999,2433.2148,22,1977.6,2097.7992,0
1728114300000,1.06,1.06,1.059,1.06,1020.4,1728115199999,1081.114,22,323.6,343.016,0
1728115200000,1.06,1.064,1.059,1.064,3305.3,1728116099999,3507.7875,26,2517.1,2671.4257,0
1728116100000,1.064,1.065,1.064,1.065,2163.5,1728116999999,2301.9938,36,281.9,299.9714,0
1728117000000,1.064,1.066,1.064,1.064,4924.6,1728117899999,5246.2167,47,2792.9,2976.4951,0
1728117900000,1.065,1.065,1.064,1.064,479.7,1728118799999,510.8702,4,469.4,499.911,0
1728118800000,1.064,1.066,1.063,1.066,2901.6,1728119699999,3089.881,33,1772.9,1888.8895,0
1728119700000,1.066,1.066,1.066,1.066,1013.7,1728120599999,1080.6042,5,124.7,132.9302,0
1728120600000,1.066,1.068,1.065,1.068,9556.1,1728121499999,10191.4876,107,3494.3,3728.5666,0
1728121500000,1.069,1.07,1.068,1.07,1204.0,1728122399999,1286.8259,23,445.8,476.6607,0
1728122400000,1.07,1.07,1.068,1.068,3307.3,1728123299999,3534.702,35,2208.0,2360.4921,0
1728123300000,1.069,1.07,1.067,1.067,4845.8,1728124199999,5180.69,48,2834.2,3032.1203,0
1728124200000,1.067,1.067,1.061,1.061,13587.6,1728125099999,14445.6003,109,3739.9,3974.4283,0
1728125100000,1.061,1.061,1.048,1.057,57565.3,1728125999999,60691.3136,515,16312.3,17192.0249,0
1728126000000,1.057,1.062,1.054,1.061,23765.7,1728126899999,25139.4433,247,10987.3,11639.3326,0
1728126900000,1.061,1.065,1.061,1.063,11397.0,1728127799999,12118.1328,80,9543.2,10147.4076,0
1728127800000,1.063,1.063,1.062,1.062,1041.2,1728128699999,1106.2573,29,344.2,365.8846,0
1728128700000,1.062,1.064,1.061,1.063,4745.3,1728129599999,5044.4648,48,3308.7,3517.6803,0
1728129600000,1.063,1.066,1.062,1.063,3936.2,1728130499999,4189.4475,162,3473.8,3697.4511,0
1728130500000,1.063,1.063,1.062,1.062,629.6,1728131399999,669.2587,16,623.5,662.7805,0
1728131400000,1.061,1.062,1.06,1.06,9708.0,1728132299999,10296.6127,58,1643.4,1743.4905,0
1728132300000,1.06,1.061,1.058,1.061,7168.8,1728133199999,7594.4457,58,863.5,915.2238,0
1728133200000,1.061,1.064,1.06,1.063,3424.0,1728134099999,3636.9321,55,2948.1,3131.6491,0
1728134100000,1.064,1.064,1.06,1.06,4654.4,1728134999999,4941.7678,37,1029.9,1093.0884,0
1728135000000,1.06,1.062,1.057,1.057,9054.2,1728135899999,9596.898,53,2029.0,2150.8634,0
1728135900000,1.058,1.059,1.056,1.056,2239.9,1728136799999,2368.3818,33,1243.8,1315.8635,0
1728136800000,1.054,1.059,1.053,1.053,7360.2,1728137699999,7763.4346,73,630.3,665.7083,0
1728137700000,1.054,1.061,1.052,1.059,18211.5,1728138599999,19270.4373,132,13721.5,14517.1381,0
1728138600000,1.06,1.06,1.055,1.058,8987.6,1728139499999,9505.2386,69,1194.8,1265.8211,0
1728139500000,1.058,1.059,1.054,1.058,9294.0,1728140399999,9817.5627,110,3077.9,3252.0687,0
1728140400000,1.058,1.06,1.053,1.053,8230.8,1728141299999,8707.5753,57,7037.1,7446.6433,0
1728141300000,1.054,1.054,1.048,1.051,16356.9,1728142199999,17177.3089,159,6383.7,6703.9046,0
1728142200000,1.052,1.052,1.05,1.052,7385.1,1728143099999,7761.6312,61,1065.2,1120.5552,0
1728143100000,1.052,1.052,1.05,1.05,6568.6,1728143999999,6907.6754,41,4524.3,4759.4956,0
1728144000000,1.052,1.053,1.045,1.046,6919.7,1728144899999,7255.9845,78,996.4,1047.8354,0
1728144900000,1.045,1.05,1.043,1.049,11084.8,1728145799999,11594.7978,112,2736.4,2869.6029,0
1728145800000,1.049,1.049,1.037,1.039,18223.2,1728146699999,18962.4614,126,3126.9,3260.9594,0
1728146700000,1.039,1.041,1.036,1.037,8866.6,1728147599999,9211.569,98,3039.0,3159.4617,0
1728147600000,1.037,1.039,1.034,1.037,8115.8,1728148499999,8407.2447,85,957.0,991.8763,0
1728148500000,1.037,1.039,1.035,1.038,5926.8,1728149399999,6148.695,69,4406.1,4571.2417,0
1728149400000,1.038,1.04,1.037,1.04,4101.4,1728150299999,4261.6982,46,2698.2,2805.6657,0
1728150300000,1.04,1.04,1.037,1.038,4426.1,1728151199999,4596.024,52,1234.4,1282.093,0
1728151200000,1.039,1.04,1.037,1.037,2146.0,1728152099999,2229.8113,37,744.5,774.0351,0
1728152100000,1.037,1.038,1.036,1.038,1192.3,1728152999999,1235.9801,16,79.3,82.3134,0
1728153000000,1.037,1.037,1.036,1.037,1548.2,1728153899999,1605.0616,19,0.0,0.0,0
1728153900000,1.037,1.037,1.032,1.033,8680.2,1728154799999,8973.6515,68,1521.4,1572.6882,0
1728154800000,1.033,1.033,1.03,1.032,7844.0,1728155699999,8093.5116,49,1683.3,1736.8681,0
1728155700000,1.032,1.033,1.031,1.032,2479.1,1728156599999,2558.2471,27,598.5,617.6625,0
1728156600000,1.032,1.033,1.031,1.032,2820.1,1728157499999,2911.6333,31,1583.2,1635.2427,0
1728157500000,1.032,1.032,1.029,1.031,8376.5,1728158399999,8630.5174,46,1138.2,1173.0417,0
1728158400000,1.032,1.034,1.032,1.034,7525.5,1728159299999,7773.8648,64,5156.6,5327.9484,0
1728159300000,1.035,1.04,1.035,1.039,11752.1,1728160199999,12193.9894,83,10179.8,10562.8463,0
1728160200000,1.04,1.043,1.039,1.04,2859.9,1728161099999,2978.3879,53,1345.5,1402.039,0
1728161100000,1.04,1.04,1.037,1.037,3891.0,1728161999999,4042.5652,51,691.2,717.4149,0
1728162000000,1.036,1.04,1.036,1.039,14776.4,1728162899999,15327.8348,112,4502.8,4671.8206,0
1728162900000,1.039,1.043,1.039,1.043,1227.7,1728163799999,1279.0213,24,1021.9,1064.6657,0
1728163800000,1.043,1.046,1.043,1.046,8888.0,1728164699999,9289.3543,60,2937.7,3068.085,0
1728164700000,1.047,1.05,1.047,1.048,19323.8,1728165599999,20266.9722,113,13031.3,13669.1838,0
1728165600000,1.047,1.05,1.047,1.05,2111.4,1728166499999,2213.5337,43,1480.7,1552.5972,0
1728166500000,1.048,1.051,1.047,1.05,3893.9,1728167399999,4089.0238,37,1666.5,1750.1015,0
1728167400000,1.051,1.051,1.049,1.049,2562.4,1728168299999,2690.5124,24,1905.0,2000.381,0
1728168300000,1.05,1.05,1.049,1.05,111.8,1728169199999,117.2979,6,19.7,20.685,0
1728169200000,1.05,1.05,1.047,1.048,6736.0,1728170099999,7058.7558,50,729.7,764.8291,0
1728170100000,1.048,1.048,1.048,1.048,60.1,1728170999999,62.9848,1,0.0,0.0,0
1728171000000,1.048,1.053,1.047,1.052,7250.0,1728171899999,7615.3146,63,6754.8,7095.6461,0
1728171900000,1.052,1.052,1.05,1.051,2511.5,1728172799999,2640.3225,24,380.5,400.286,0
1728172800000,1.051,1.052,1.047,1.049,9292.8,1728173699999,9753.1515,67,7018.9,7369.4211,0
1728173700000,1.051,1.051,1.05,1.05,23.0,1728174599999,24.1565,3,6.5,6.8315,0
1728174600000,1.05,1.051,1.049,1.049,205.9,1728175499999,216.1932,9,140.1,147.1204,0
1728175500000,1.049,1.049,1.046,1.047,9481.1,1728176399999,9930.175,59,499.1,522.7605,0
1728176400000,1.047,1.049,1.045,1.049,4493.2,1728177299999,4703.2571,50,2283.5,2391.7543,0
1728177300000,1.05,1.057,1.048,1.055,7220.2,1728178199999,7610.9128,77,6999.0,7377.5381,0
1728178200000,1.055,1.057,1.052,1.052,10434.1,1728179099999,10997.9859,55,493.0,520.0633,0
1728179100000,1.051,1.052,1.051,1.051,241.2,1728179999999,253.5334,9,226.8,238.399,0
1728180000000,1.052,1.052,1.049,1.049,1211.4,1728180899999,1274.2275,21,1163.6,1224.0493,0
1728180900000,1.05,1.052,1.049,1.049,737.8,1728181799999,775.0059,10,519.3,545.3984,0
1728181800000,1.049,1.05,1.047,1.048,2386.5,1728182699999,2500.4205,23,375.4,394.0972,0
1728182700000,1.048,1.049,1.048,1.049,136.5,1728183599999,143.0992,5,130.1,136.392,0
1728183600000,1.047,1.048,1.046,1.047,75.7,1728184499999,79.301,10,54.6,57.216,0
1728184500000,1.047,1.048,1.047,1.048,2176.8,1728185399999,2281.2153,12,204.2,213.9305,0
1728185400000,1.046,1.048,1.045,1.045,370.1,1728186299999,387.0,13,33.3,34.8687,0
1728186300000,1.045,1.045,1.044,1.044,1774.2,1728187199999,1852.6678,26,53.6,55.9773,0
1728187200000,1.045,1.046,1.043,1.046,1919.7,1728188099999,2006.1914,33,1092.6,1142.3774,0
1728188100000,1.046,1.049,1.046,1.049,457.6,1728188999999,479.1776,13,392.9,411.4705,0
1728189000000,1.047,1.047,1.043,1.044,7454.1,1728189899999,7788.0703,70,153.5,160.5127,0
1728189900000,1.044,1.045,1.044,1.044,520.6,1728190799999,543.6793,14,172.9,180.6805,0
1728190800000,1.045,1.048,1.044,1.046,10710.1,1728191699999,11210.8886,61,10095.3,10567.8382,0
1728191700000,1.046,1.053,1.046,1.053,1277.4,1728192599999,1339.8633,23,1152.2,1208.1529,0
1728192600000,1.054,1.055,1.053,1.054,3222.1,1728193499999,3397.7038,36,2910.1,3068.8717,0
1728193500000,1.053,1.053,1.052,1.052,6489.8,1728194399999,6827.5856,29,3019.4,3176.6593,0
1728194400000,1.052,1.054,1.051,1.051,3385.8,1728195299999,3562.3679,35,1284.6,1352.0626,0
1728195300000,1.051,1.056,1.051,1.056,6745.2,1728196199999,7092.9337,31,6439.7,6771.5182,0
1728196200000,1.054,1.054,1.051,1.052,5617.7,1728197099999,5912.9163,46,533.2,561.8177,0
1728197100000,1.052,1.052,1.046,1.047,10655.4,1728197999999,11168.6304,73,1029.2,1078.1974,0
1728198000000,1.047,1.048,1.046,1.048,2852.6,1728198899999,2985.7523,40,797.1,834.7858,0
1728198900000,1.048,1.06,1.048,1.058,15567.6,1728199799999,16418.8635,160,12527.9,13210.7525,0
1728199800000,1.058,1.064,1.058,1.062,4082.7,1728200699999,4332.8653,79,3066.1,3253.3058,0
1728200700000,1.063,1.065,1.057,1.057,9082.9,1728201599999,9638.0432,108,3387.2,3596.6129,0
1728201600000,1.056,1.058,1.053,1.055,9585.4,1728202499999,10115.611,78,4612.6,4871.7008,0
1728202500000,1.056,1.06,1.054,1.054,16237.2,1728203399999,17145.2038,127,3600.4,3805.3482,0
1728203400000,1.056,1.056,1.053,1.054,6289.4,1728204299999,6626.5169,56,2176.4,2292.4927,0
1728204300000,1.054,1.056,1.052,1.055,8179.5,1728205199999,8622.2128,35,7108.2,7494.3657,0
1728205200000,1.057,1.059,1.057,1.057,5748.5,1728206099999,6078.3535,45,3388.3,3583.4707,0
1728206100000,1.058,1.06,1.056,1.06,1294.4,1728206999999,1369.6751,32,878.2,929.5124,0
1728207000000,1.06,1.061,1.055,1.058,8417.8,1728207899999,8897.3246,72,1087.3,1149.4233,0
1728207900000,1.058,1.059,1.055,1.056,5537.1,1728208799999,5852.8994,53,1108.8,1173.2948,0
1728208800000,1.056,1.056,1.053,1.055,6110.7,1728209699999,6448.9322,34,4713.8,4976.1469,0
1728209700000,1.055,1.057,1.055,1.057,2709.8,1728210599999,2860.3858,22,1033.3,1091.1383,0
1728210600000,1.057,1.057,1.054,1.055,3431.9,1728211499999,3625.2789,25,574.9,607.1871,0
1728211500000,1.054,1.056,1.054,1.056,830.7,1728212399999,875.7825,15,644.0,678.9929,0
1728212400000,1.054,1.056,1.053,1.056,4833.1,1728213299999,5091.3388,36,250.6,264.4889,0
1728213300000,1.056,1.062,1.056,1.059,6609.2,1728214199999,7003.3587,38,6281.5,6656.7192,0
1728214200000,1.06,1.063,1.06,1.061,5571.2,1728215099999,5912.616,67,3384.2,3592.51,0
1728215100000,1.063,1.071,1.062,1.068,29712.8,1728215999999,31701.0217,261,21898.6,23360.5281,0
1728216000000,1.068,1.071,1.064,1.068,7265.3,1728216899999,7753.8496,78,1813.1,1935.6547,0
1728216900000,1.069,1.077,1.069,1.074,24769.2,1728217799999,26584.1552,235,15169.5,16286.4029,0
1728217800000,1.074,1.075,1.073,1.075,3392.7,1728218699999,3643.0623,43,538.1,578.3826,0
1728218700000,1.075,1.082,1.073,1.075,19912.4,1728219599999,21442.5003,161,8948.8,9651.124,0
1728219600000,1.075,1.076,1.072,1.073,2747.4,1728220499999,2950.5146,43,879.6,945.6454,0
1728220500000,1.072,1.073,1.069,1.071,7527.2,1728221399999,8056.5251,54,815.2,873.0101,0
1728221400000,1.07,1.071,1.069,1.07,3618.1,1728222299999,3868.7409,47,183.3,196.2724,0
1728222300000,1.07,1.083,1.068,1.069,43906.2,1728223199999,47196.9649,295,23544.8,25320.0408,0
1728223200000,1.069,1.072,1.065,1.072,13575.5,1728224099999,14502.4613,94,3368.3,3601.9582,0
1728224100000,1.073,1.077,1.07,1.076,22629.2,1728224999999,24293.2348,150,15240.8,16370.4308,0
1728225000000,1.076,1.076,1.071,1.073,17785.3,1728225899999,19090.0835,123,4490.2,4822.9825,0
1728225900000,1.073,1.074,1.07,1.072,5863.0,1728226799999,6284.4353,53,1977.4,2121.5566,0
1728226800000,1.073,1.075,1.069,1.071,25185.6,1728227699999,26968.2562,98,5348.2,5727.374,0
1728227700000,1.07,1.083,1.07,1.078,43473.6,1728228599999,46828.6133,381,22512.6,24241.077,0
1728228600000,1.078,1.084,1.078,1.082,16091.8,1728229499999,17392.8512,102,12085.7,13066.2277,0
1728229500000,1.082,1.085,1.081,1.082,25210.6,1728230399999,27314.6583,130,21147.0,22917.4558,0
1728230400000,1.081,1.106,1.081,1.106,140523.0,1728231299999,154111.4779,638,85506.5,93862.9513,0
1728231300000,1.105,1.11,1.094,1.095,49690.8,1728232199999,54747.3491,420,19347.2,21349.1372,0
1728232200000,1.095,1.109,1.092,1.099,122726.6,1728233099999,135386.804,523,64689.4,71414.8556,0
1728233100000,1.098,1.105,1.081,1.084,56799.9,1728233999999,62122.4787,468,26340.7,28863.0386,0
1728234000000,1.084,1.086,1.08,1.086,14759.0,1728234899999,15965.834,133,7012.3,7589.2412,0
1728234900000,1.084,1.084,1.078,1.082,19236.1,1728235799999,20780.1495,172,5627.6,6077.6229,0
1728235800000,1.081,1.082,1.07,1.07,10017.3,1728236699999,10767.5596,148,913.1,982.4599,0
1728236700000,1.07,1.074,1.068,1.069,51748.2,1728237599999,55331.8807,202,43145.2,46134.1877,0
1728237600000,1.07,1.074,1.069,1.071,12842.4,1728238499999,13767.2146,115,7436.7,7974.7902,0
1728238500000,1.071,1.071,1.064,1.064,20439.0,1728239399999,21787.0905,137,1641.0,1750.67,0
1728239400000,1.065,1.073,1.064,1.071,14165.9,1728240299999,15141.4782,107,10198.4,10904.9584,0
1728240300000,1.07,1.071,1.068,1.068,5149.3,1728241199999,5505.7578,42,3386.1,3620.1035,0
1728241200000,1.068,1.071,1.066,1.071,19089.4,1728242099999,20391.2672,116,9427.9,10078.8027,0
1728242100000,1.07,1.071,1.069,1.069,2798.7,1728242999999,2994.7848,44,587.1,628.6169,0
1728243000000,1.071,1.073,1.065,1.065,12640.0,1728243899999,13508.7051,85,5607.3,6006.4353,0
1728243900000,1.065,1.066,1.063,1.063,1256.6,1728244799999,1336.2993,46,127.0,135.2036,0
1728244800000,1.063,1.073,1.063,1.072,27240.9,1728245699999,29155.8072,165,19171.9,20527.3697,0
1728245700000,1.072,1.073,1.072,1.072,8481.8,1728246599999,9098.7699,63,6595.1,7076.2275,0
1728246600000,1.072,1.073,1.071,1.071,8922.2,1728247499999,9570.514,45,7610.0,8164.2034,0
1728247500000,1.071,1.072,1.07,1.07,3054.3,1728248399999,3272.8177,28,1581.3,1694.5543,0
1728248400000,1.07,1.07,1.064,1.065,10333.3,1728249299999,11016.388,101,4296.9,4578.6416,0
1728249300000,1.066,1.066,1.058,1.059,9196.7,1728250199999,9749.562,107,454.1,481.5259,0
1728250200000,1.06,1.065,1.06,1.061,10657.0,1728251099999,11321.7505,87,4522.9,4802.7222,0
1728251100000,1.061,1.061,1.056,1.056,5953.9,1728251999999,6302.9093,80,772.9,819.1226,0
1728252000000,1.058,1.063,1.057,1.062,5124.5,1728252899999,5433.3963,38,3565.0,3780.3464,0
1728252900000,1.062,1.068,1.059,1.067,14531.7,1728253799999,15441.9798,121,6806.7,7244.6944,0
1728253800000,1.067,1.068,1.064,1.068,5678.8,1728254699999,6044.6168,46,3654.9,3889.2783,0
1728254700000,1.067,1.067,1.064,1.066,2528.5,1728255599999,2694.5563,42,1777.9,1895.3961,0
1728255600000,1.067,1.069,1.061,1.062,18077.2,1728256499999,19233.5266,160,3176.5,3389.683,0
1728256500000,1.062,1.065,1.062,1.063,3200.1,1728257399999,3402.2498,49,1595.2,1696.4195,0
1728257400000,1.065,1.066,1.062,1.063,1808.5,1728258299999,1924.8477,43,890.1,947.4575,0
1728258300000,1.066,1.069,1.064,1.067,7278.6,1728259199999,7772.0576,39,1278.4,1364.4072,0
1728259200000,1.066,1.075,1.066,1.069,11264.3,1728260099999,12055.3406,140,9411.2,10073.5581,0
1728260100000,1.071,1.072,1.05,1.056,122690.7,1728260999999,129847.2039,559,59870.4,63288.8548,0
1728261000000,1.057,1.084,1.057,1.081,97376.0,1728261899999,104463.3889,558,75062.8,80559.392,0
1728261900000,1.079,1.081,1.076,1.08,14951.9,1728262799999,16128.7883,155,6199.8,6687.905,0
1728262800000,1.08,1.085,1.08,1.083,8429.0,1728263699999,9128.8419,96,3819.1,4138.3869,0
1728263700000,1.082,1.085,1.08,1.083,13941.5,1728264599999,15092.4165,72,10320.6,11174.9953,0
1728264600000,1.082,1.084,1.081,1.081,1570.5,1728265499999,1699.0505,29,705.0,762.8919,0
1728265500000,1.081,1.084,1.08,1.084,4407.9,1728266399999,4767.396,54,1348.0,1459.4152,0
1728266400000,1.085,1.086,1.084,1.085,2642.6,1728267299999,2867.903,35,2364.9,2566.6018,0
1728267300000,1.085,1.085,1.081,1.081,6089.5,1728268199999,6596.9646,40,1701.0,1842.1039,0
1728268200000,1.081,1.083,1.077,1.078,4164.8,1728269099999,4497.2775,49,843.6,911.8146,0
1728269100000,1.078,1.089,1.078,1.084,11223.1,1728269999999,12160.0129,174,8061.9,8735.3371,0
1728270000000,1.084,1.086,1.084,1.085,1717.1,1728270899999,1862.5842,37,929.5,1008.5214,0
1728270900000,1.084,1.085,1.081,1.082,2370.6,1728271799999,2567.889,54,2026.6,2195.6057,0
1728271800000,1.082,1.082,1.077,1.08,17785.2,1728272699999,19211.9206,184,6541.2,7072.1491,0
1728272700000,1.08,1.082,1.079,1.081,902.9,1728273599999,975.5481,34,340.0,367.5462,0
1728273600000,1.081,1.087,1.081,1.087,10306.6,1728274499999,11182.0387,92,8707.7,9448.0129,0
1728274500000,1.086,1.087,1.068,1.069,64146.0,1728275399999,69162.186,369,37726.2,40673.2045,0
1728275400000,1.07,1.073,1.067,1.071,10666.9,1728276299999,11413.4853,139,3481.9,3728.4678,0
1728276300000,1.07,1.074,1.069,1.073,20442.8,1728277199999,21914.6204,108,3961.3,4245.2483,0
1728277200000,1.073,1.079,1.072,1.079,10716.0,1728278099999,11528.5567,105,9420.2,10132.7781,0
1728278100000,1.079,1.081,1.077,1.077,2627.9,1728278999999,2835.1026,41,681.4,735.2947,0
1728279000000,1.077,1.077,1.071,1.072,8154.3,1728279899999,8748.9777,66,854.5,916.9693,0
1728279900000,1.073,1.077,1.073,1.076,4898.0,1728280799999,5264.8061,41,2889.6,3103.7677,0
1728280800000,1.076,1.084,1.076,1.084,28117.9,1728281699999,30383.8747,181,19179.8,20717.8378,0
1728281700000,1.085,1.088,1.08,1.081,16232.5,1728282599999,17610.24,138,7041.1,7650.6586,0
1728282600000,1.081,1.084,1.081,1.083,5204.7,1728283499999,5636.1133,78,4682.0,5069.9244,0
1728283500000,1.085,1.088,1.083,1.086,11073.2,1728284399999,12023.3674,79,7727.4,8394.2035,0
1728284400000,1.086,1.087,1.078,1.08,11979.3,1728285299999,12961.5231,75,4668.3,5064.8606,0
1728285300000,1.079,1.079,1.076,1.078,4729.5,1728286199999,5100.2356,64,2241.5,2418.0722,0
1728286200000,1.078,1.081,1.075,1.075,2648.8,1728287099999,2855.2448,50,1810.2,1952.8797,0
1728287100000,1.077,1.084,1.077,1.08,11610.3,1728287999999,12543.0825,90,9558.2,10330.6327,0
1728288000000,1.081,1.083,1.078,1.079,11376.2,1728288899999,12286.1855,97,1438.1,1554.5459,0
1728288900000,1.08,1.084,1.079,1.079,4474.6,1728289799999,4839.8081,73,2453.2,2655.3003,0
1728289800000,1.08,1.084,1.08,1.083,3966.3,1728290699999,4290.5178,52,3721.0,4025.3259,0
1728290700000,1.083,1.083,1.081,1.082,2996.7,1728291599999,3243.4945,62,1152.5,1247.15,0
1728291600000,1.082,1.085,1.076,1.076,12598.2,1728292499999,13623.7658,125,8835.9,9557.4122,0
1728292500000,1.076,1.076,1.066,1.066,12483.5,1728293399999,13370.3097,191,2000.0,2141.9865,0
1728293400000,1.066,1.081,1.066,1.071,33112.7,1728294299999,35573.8303,389,17780.9,19104.0972,0
1728294300000,1.07,1.071,1.067,1.068,11847.9,1728295199999,12665.5243,122,3764.6,4023.145,0
1728295200000,1.067,1.07,1.061,1.061,36845.9,1728296099999,39257.4822,326,18086.3,19284.5146,0
1728296100000,1.061,1.064,1.058,1.061,18222.3,1728296999999,19335.8039,189,9572.4,10162.8369,0
1728297000000,1.061,1.064,1.06,1.062,3540.9,1728297899999,3759.6965,65,1899.4,2017.4732,0
1728297900000,1.063,1.063,1.061,1.061,3332.8,1728298799999,3538.2861,39,1180.6,1253.1592,0
1728298800000,1.06,1.06,1.052,1.059,12843.5,1728299699999,13546.6525,177,4958.6,5237.0742,0
1728299700000,1.059,1.064,1.05,1.059,82922.7,1728300599999,87667.369,487,42503.6,45049.4191,0
1728300600000,1.06,1.063,1.059,1.063,3224.8,1728301499999,3421.6251,49,2315.6,2457.3721,0
1728301500000,1.062,1.062,1.054,1.054,25615.6,1728302399999,27053.9934,250,9030.0,9535.9556,0
1728302400000,1.054,1.061,1.053,1.06,35772.2,1728303299999,37760.7146,355,24488.1,25859.1842,0
1728303300000,1.061,1.063,1.058,1.063,4097.7,1728304199999,4344.0712,73,2220.4,2355.0163,0
1728304200000,1.062,1.065,1.059,1.061,12798.7,1728305099999,13585.4755,176,8801.8,9347.2228,0
1728305100000,1.062,1.077,1.06,1.076,32410.4,1728305999999,34641.4544,308,25272.8,27031.0859,0
1728306000000,1.075,1.075,1.066,1.066,14669.7,1728306899999,15678.158,195,3673.3,3924.4765,0
1728306900000,1.066,1.073,1.066,1.072,16418.8,1728307799999,17575.3554,160,8201.3,8785.685,0
1728307800000,1.073,1.078,1.067,1.076,13257.7,1728308699999,14236.2077,159,10439.5,11215.778,0
1728308700000,1.077,1.08,1.075,1.076,7514.9,1728309599999,8101.0393,135,3417.6,3686.0355,0
1728309600000,1.076,1.084,1.076,1.084,18118.2,1728310499999,19589.5524,183,11210.2,12113.611,0
1728310500000,1.084,1.091,1.081,1.089,22271.5,1728311399999,24187.165,257,11456.8,12456.4121,0
1728311400000,1.089,1.095,1.086,1.087,26207.0,1728312299999,28559.8327,262,10338.5,11276.8269,0
1728312300000,1.087,1.089,1.081,1.088,18840.0,1728313199999,20426.6672,214,9292.7,10077.1034,0
1728313200000,1.087,1.088,1.081,1.081,15039.7,1728314099999,16294.1506,159,7528.5,8156.8117,0
1728314100000,1.081,1.081,1.076,1.079,9444.8,1728314999999,10193.1349,155,4590.4,4955.312,0
1728315000000,1.08,1.084,1.079,1.08,6428.0,1728315899999,6953.0021,109,3810.4,4121.9202,0
1728315900000,1.08,1.08,1.074,1.077,13932.6,1728316799999,14993.48,172,7092.9,7636.2066,0
1728316800000,1.077,1.081,1.072,1.075,6249.4,1728317699999,6726.2062,88,2995.8,3225.3988,0
1728317700000,1.075,1.081,1.073,1.08,8983.9,1728318599999,9679.7378,116,4182.5,4512.7525,0
1728318600000,1.079,1.084,1.079,1.081,12481.2,1728319499999,13502.5266,89,7946.1,8598.2584,0
1728319500000,1.081,1.081,1.079,1.08,3124.2,1728320399999,3374.3982,68,1951.7,2108.2198,0
1728320400000,1.081,1.081,1.074,1.077,12228.2,1728321299999,13170.489,111,4343.0,4682.9781,0
1728321300000,1.078,1.079,1.075,1.078,6542.6,1728322199999,7045.1411,95,2124.0,2288.4334,0
1728322200000,1.077,1.078,1.073,1.077,10338.5,1728323099999,11110.0869,102,3237.9,3480.8327,0
1728323100000,1.078,1.079,1.077,1.077,3247.8,1728323999999,3501.4258,26,843.1,909.3476,0
1728324000000,1.078,1.081,1.073,1.073,18290.4,1728324899999,19728.1622,115,8479.2,9158.6098,0
1728324900000,1.074,1.076,1.072,1.076,8565.4,1728325799999,9191.1873,81,2995.0,3214.8075,0
1728325800000,1.075,1.075,1.068,1.072,19850.3,1728326699999,21261.7427,174,7778.9,8333.3387,0
1728326700000,1.071,1.071,1.059,1.062,17263.1,1728327599999,18337.8121,225,5445.4,5788.8985,0
1728327600000,1.062,1.072,1.061,1.07,14736.0,1728328499999,15727.3449,141,11180.1,11931.3867,0
1728328500000,1.071,1.074,1.067,1.068,19668.4,1728329399999,21050.7862,128,7143.8,7631.0927,0
1728329400000,1.068,1.07,1.068,1.068,4505.2,1728330299999,4812.5963,89,3292.5,3516.9144,0
1728330300000,1.069,1.074,1.069,1.069,6264.5,1728331199999,6709.3276,68,5014.5,5371.6036,0
1728331200000,1.07,1.072,1.068,1.069,1990.6,1728332099999,2129.8303,44,558.5,597.6314,0
1728332100000,1.069,1.069,1.062,1.062,8434.1,1728332999999,8979.7681,99,2638.8,2809.4976,0
1728333000000,1.062,1.067,1.062,1.064,6590.0,1728333899999,7014.4332,62,2708.4,2885.3521,0
1728333900000,1.064,1.067,1.064,1.066,4234.1,1728334799999,4512.9043,65,2359.6,2515.6971,0
1728334800000,1.065,1.071,1.065,1.07,5620.2,1728335699999,6010.3627,52,2820.5,3015.9492,0
1728335700000,1.07,1.07,1.065,1.069,7433.5,1728336599999,7931.3751,85,710.0,758.4383,0
1728336600000,1.07,1.075,1.07,1.072,3795.8,1728337499999,4073.1609,66,2798.1,3002.8613,0
1728337500000,1.072,1.072,1.068,1.07,4311.0,1728338399999,4610.3809,42,280.3,300.177,0
1728338400000,1.07,1.07,1.062,1.065,23142.9,1728339299999,24659.2781,181,2632.1,2802.1866,0
1728339300000,1.067,1.07,1.066,1.07,7014.9,1728340199999,7494.2297,117,3921.9,4191.9825,0
1728340200000,1.069,1.07,1.067,1.068,9734.6,1728341099999,10399.5046,97,3524.2,3765.6209,0
1728341100000,1.068,1.069,1.066,1.066,32792.3,1728341999999,34994.9247,153,5985.5,6388.6218,0
1728342000000,1.067,1.067,1.054,1.063,50230.6,1728342899999,53193.5331,335,28358.7,30016.4267,0
1728342900000,1.062,1.064,1.059,1.062,10055.7,1728343799999,10667.5303,87,4607.9,4892.307,0
1728343800000,1.062,1.063,1.057,1.059,6300.1,1728344699999,6667.718,80,2585.7,2738.0819,0
1728344700000,1.059,1.062,1.056,1.056,9848.8,1728345599999,10438.1317,81,4869.5,5162.1471,0
1728345600000,1.057,1.059,1.052,1.056,19761.1,1728346499999,20857.152,185,4213.8,4451.8684,0
1728346500000,1.057,1.065,1.055,1.063,17099.3,1728347399999,18152.3058,180,10807.3,11470.3048,0
1728347400000,1.063,1.068,1.063,1.067,5173.1,1728348299999,5513.0457,66,4025.4,4289.7045,0
1728348300000,1.068,1.068,1.064,1.065,7753.4,1728349199999,8256.722,58,1214.0,1295.0282,0
1728349200000,1.065,1.065,1.063,1.064,3370.0,1728350099999,3585.3697,59,2480.8,2639.6996,0
1728350100000,1.064,1.065,1.059,1.06,28932.8,1728350999999,30684.5543,102,6467.4,6867.5254,0
1728351000000,1.06,1.069,1.06,1.069,11167.7,1728351899999,11887.3632,66,10333.3,10998.8164,0
1728351900000,1.068,1.073,1.067,1.067,11091.0,1728352799999,11872.1256,98,8175.9,8756.2963,0
1728352800000,1.067,1.069,1.067,1.068,657.0,1728353699999,701.3449,22,463.3,494.5331,0
1728353700000,1.066,1.067,1.064,1.064,2143.7,1728354599999,2284.1749,20,63.5,67.7282,0
1728354600000,1.064,1.066,1.062,1.064,10003.5,1728355499999,10633.0062,59,1176.7,1252.1468,0
1728355500000,1.064,1.066,1.062,1.065,4341.4,1728356399999,4619.6339,71,2400.5,2555.5735,0
1728356400000,1.067,1.069,1.062,1.063,6496.7,1728357299999,6908.586,70,948.3,1010.4492,0
1728357300000,1.064,1.064,1.06,1.062,6165.5,1728358199999,6548.3712,107,2616.8,2780.8118,0
1728358200000,1.063,1.068,1.061,1.068,4520.8,1728359099999,4811.2768,55,2666.2,2838.5242,0
1728359100000,1.067,1.068,1.064,1.065,2278.8,1728359999999,2428.0986,23,902.4,961.9447,0
1728360000000,1.065,1.067,1.065,1.065,943.6,1728360899999,1006.1748,27,748.7,798.4234,0
1728360900000,1.067,1.071,1.067,1.071,4014.1,1728361799999,4289.9259,48,3076.7,3287.3512,0
1728361800000,1.07,1.071,1.066,1.066,3311.0,1728362699999,3533.911,45,1311.4,1398.7785,0
1728362700000,1.066,1.068,1.064,1.068,4203.0,1728363599999,4473.7663,44,615.5,655.4356,0
1728363600000,1.068,1.069,1.064,1.065,4012.3,1728364499999,4273.9698,58,929.3,990.1487,0
1728364500000,1.064,1.072,1.064,1.065,17423.3,1728365399999,18619.1354,169,12488.1,13348.6316,0
1728365400000,1.066,1.069,1.064,1.068,7388.2,1728366299999,7881.2521,84,4577.4,4884.4883,0
1728366300000,1.067,1.083,1.066,1.078,65043.5,1728367199999,70100.7092,510,48332.2,52109.6383,0
1728367200000,1.078,1.081,1.069,1.073,13410.0,1728368099999,14396.3524,138,4700.0,5053.9784,0
1728368100000,1.073,1.075,1.07,1.072,6400.6,1728368999999,6868.0654,71,2406.2,2581.9333,0
1728369000000,1.073,1.078,1.071,1.076,28706.9,1728369899999,30833.641,219,17476.5,18777.1197,0
1728369900000,1.075,1.077,1.071,1.076,10087.2,1728370799999,10836.7579,103,5140.8,5530.6761,0
1728370800000,1.076,1.101,1.076,1.093,186777.7,1728371699999,203649.1998,974,120766.9,131625.4341,0
1728371700000,1.094,1.179,1.086,1.143,643298.4,1728372599999,730939.9351,5017,394630.8,448270.3866,0
1728372600000,1.141,1.161,1.128,1.138,279605.6,1728373499999,320676.4877,2479,149309.5,171492.4457,0
1728373500000,1.138,1.141,1.103,1.118,275673.0,1728374399999,308436.1175,2000,101525.3,113808.1173,0
1728374400000,1.117,1.143,1.115,1.128,136319.2,1728375299999,154443.8978,1228,70554.3,80000.978,0
1728375300000,1.129,1.132,1.098,1.11,227327.9,1728376199999,252986.3868,1595,89131.1,99260.8199,0
1728376200000,1.111,1.113,1.101,1.105,61385.6,1728377099999,67982.6984,503,28929.9,32065.6972,0
1728377100000,1.104,1.105,1.094,1.104,85429.0,1728377999999,93822.4342,763,37206.0,40874.6211,0
1728378000000,1.104,1.105,1.088,1.09,51038.0,1728378899999,55899.8832,437,10465.4,11469.6624,0
1728378900000,1.09,1.101,1.088,1.095,35991.4,1728379799999,39455.5385,344,22238.9,24392.2036,0
1728379800000,1.095,1.104,1.094,1.099,35760.2,1728380699999,39311.9262,282,22829.0,25094.7167,0
1728380700000,1.1,1.11,1.095,1.108,29925.7,1728381599999,33019.5636,316,17013.4,18767.0443,0
1728381600000,1.108,1.109,1.097,1.108,35244.6,1728382499999,38877.4946,323,14467.0,15965.1549,0
1728382500000,1.107,1.121,1.103,1.109,57132.2,1728383399999,63537.8331,465,32888.1,36585.209,0
1728383400000,1.109,1.112,1.105,1.109,30840.4,1728384299999,34161.5231,227,15790.3,17493.0056,0
1728384300000,1.11,1.113,1.106,1.106,18264.6,1728385199999,20279.6288,189,9009.5,10007.7612,0
1728385200000,1.106,1.118,1.105,1.107,28813.0,1728386099999,32036.6872,286,17462.8,19428.8703,0
1728386100000,1.107,1.117,1.102,1.115,37527.8,1728386999999,41616.6585,324,21906.2,24318.0178,0
1728387000000,1.115,1.128,1.111,1.12,40016.7,1728387899999,44879.9687,364,19465.6,21816.8148,0
1728387900000,1.12,1.123,1.111,1.113,32656.0,1728388799999,36415.8305,318,12620.7,14070.5722,0
1728388800000,1.112,1.144,1.104,1.143,110916.1,1728389699999,124662.0371,806,74892.8,84426.9075,0
1728389700000,1.144,1.213,1.132,1.172,905339.7,1728390599999,1066413.5233,7216,544619.3,641184.242,0
1728390600000,1.171,1.196,1.141,1.148,481807.5,1728391499999,560780.4821,4181,217196.4,253150.2424,0
1728391500000,1.15,1.206,1.149,1.206,245649.0,1728392399999,289918.4417,2685,141637.3,167475.4568,0
1728392400000,1.205,1.235,1.166,1.222,627541.6,1728393299999,755398.3561,5122,349910.8,421399.483,0
1728393300000,1.221,1.224,1.164,1.204,445930.0,1728394199999,532970.5862,4557,212870.0,255347.3998,0
1728394200000,1.202,1.202,1.162,1.162,158766.7,1728395099999,186581.0392,1533,45926.9,54117.4161,0
1728395100000,1.162,1.171,1.13,1.144,264115.4,1728395999999,302945.7773,2706,82725.0,94919.4304,0
1728396000000,1.144,1.145,1.128,1.14,96435.0,1728396899999,109552.1881,1126,45005.5,51162.6819,0
1728396900000,1.141,1.164,1.137,1.158,100442.6,1728397799999,115616.2663,1068,52164.9,60058.9285,0
1728397800000,1.158,1.18,1.15,1.17,209021.4,1728398699999,243945.1034,2051,110321.1,128767.5654,0
1728398700000,1.171,1.171,1.141,1.143,87358.8,1728399599999,100365.085,1010,29832.0,34247.3417,0
1728399600000,1.144,1.15,1.128,1.133,59871.1,1728400499999,68037.1488,764,23160.5,26317.3817,0
1728400500000,1.133,1.133,1.116,1.117,55878.3,1728401399999,62819.9472,668,17210.1,19361.3121,0
1728401400000,1.118,1.127,1.108,1.117,96590.6,1728402299999,108018.6187,1048,45807.5,51291.5136,0
1728402300000,1.119,1.12,1.107,1.108,83807.2,1728403199999,93166.072,648,32868.5,36540.869,0
1728403200000,1.11,1.114,1.085,1.101,165633.7,1728404099999,181736.3623,1419,62466.4,68487.4844,0
1728404100000,1.102,1.12,1.1,1.105,83232.4,1728404999999,92285.2347,762,37785.9,41880.2864,0
1728405000000,1.106,1.108,1.09,1.099,85062.4,1728405899999,93499.1016,524,38813.5,42619.9947,0
1728405900000,1.101,1.111,1.1,1.107,43461.8,1728406799999,48107.9523,517,20189.6,22354.99,0
1728406800000,1.107,1.107,1.097,1.102,25364.5,1728407699999,27939.0399,217,9124.9,10048.6649,0
1728407700000,1.101,1.104,1.095,1.099,34055.8,1728408599999,37468.0703,331,16787.5,18483.3784,0
1728408600000,1.099,1.106,1.087,1.1,75308.0,1728409499999,82611.0915,534,46521.4,51090.8798,0
1728409500000,1.099,1.107,1.098,1.104,22945.7,1728410399999,25313.9,261,12286.7,13553.832,0
1728410400000,1.105,1.125,1.101,1.123,97398.8,1728411299999,108457.4901,774,58751.8,65548.3537,0
1728411300000,1.123,1.123,1.105,1.111,43828.4,1728412199999,48704.8089,459,17631.1,19579.5283,0
1728412200000,1.109,1.129,1.104,1.121,57325.0,1728413099999,64107.4399,665,36563.1,40882.2252,0
1728413100000,1.121,1.123,1.102,1.108,44852.0,1728413999999,49810.6489,557,15702.0,17469.4005,0
1728414000000,1.108,1.192,1.108,1.152,470827.6,1728414899999,546016.7211,4793,285091.5,330297.3771,0
1728414900000,1.152,1.159,1.124,1.141,156390.6,1728415799999,178165.0793,1803,59302.7,67727.3644,0
1728415800000,1.14,1.149,1.127,1.128,59084.4,1728416699999,66949.7467,801,22386.4,25338.9421,0
1728416700000,1.13,1.157,1.125,1.143,125239.6,1728417599999,142752.1517,1293,63891.1,72887.3586,0
1728417600000,1.143,1.195,1.135,1.16,352547.4,1728418499999,413842.4497,3894,203952.8,239740.5964,0
1728418500000,1.16,1.165,1.142,1.148,111168.1,1728419399999,127947.6209,1451,32940.9,37958.7852,0
1728419400000,1.147,1.149,1.134,1.141,60049.0,1728420299999,68441.1332,752,24754.4,28213.1613,0
1728420300000,1.14,1.145,1.131,1.134,38519.4,1728421199999,43836.6546,427,15341.5,17465.8808,0
1728421200000,1.134,1.14,1.127,1.135,31946.8,1728422099999,36218.8019,376,13991.7,15886.121,0
1728422100000,1.135,1.149,1.132,1.135,46766.9,1728422999999,53360.8239,564,22437.0,25619.3323,0
1728423000000,1.136,1.141,1.133,1.141,27897.9,1728423899999,31677.068,278,15731.6,17872.4862,0
1728423900000,1.141,1.146,1.138,1.138,13539.0,1728424799999,15467.7846,186,7467.2,8539.1503,0
1728424800000,1.138,1.144,1.136,1.138,23300.3,1728425699999,26564.0956,397,11067.9,12623.9002,0
1728425700000,1.137,1.141,1.13,1.14,41694.6,1728426599999,47304.6593,421,11799.3,13406.857,0
1728426600000,1.141,1.141,1.133,1.137,9603.5,1728427499999,10913.7008,195,3487.9,3964.201,0
1728427500000,1.136,1.138,1.132,1.133,8932.1,1728428399999,10132.3002,168,3182.4,3611.618,0
1728428400000,1.135,1.148,1.13,1.134,28482.5,1728429299999,32438.2797,381,13560.2,15471.4739,0
1728429300000,1.134,1.134,1.13,1.133,8899.7,1728430199999,10079.416,110,1777.7,2014.3519,0
1728430200000,1.132,1.142,1.131,1.138,7884.5,1728431099999,8956.0543,104,4530.3,5142.7871,0
1728431100000,1.138,1.16,1.136,1.152,35724.7,1728431999999,40951.6282,356,23507.2,26962.6475,0
1728432000000,1.152,1.154,1.128,1.145,89456.2,1728432899999,101800.8244,929,56343.0,64098.1422,0
1728432900000,1.144,1.149,1.133,1.135,37996.7,1728433799999,43307.1665,393,25970.0,29598.5961,0
1728433800000,1.135,1.135,1.118,1.122,59716.1,1728434699999,67189.1546,493,8047.6,9086.5354,0
1728434700000,1.121,1.129,1.12,1.129,16013.0,1728435599999,18006.5664,223,10683.7,12019.9066,0
1728435600000,1.129,1.13,1.122,1.122,11000.9,1728436499999,12381.9623,201,3046.3,3433.3678,0
1728436500000,1.122,1.129,1.121,1.123,6485.4,1728437399999,7294.0114,104,2836.5,3192.9978,0
1728437400000,1.125,1.127,1.12,1.122,10913.2,1728438299999,12261.3995,160,4723.7,5311.6631,0
1728438300000,1.121,1.122,1.113,1.117,17616.5,1728439199999,19662.824,235,3358.4,3748.6899,0
1728439200000,1.117,1.117,1.111,1.114,8869.3,1728440099999,9877.519,194,3688.1,4109.6601,0
1728440100000,1.115,1.121,1.115,1.12,13865.0,1728440999999,15511.1101,145,6824.4,7634.8451,0
1728441000000,1.121,1.125,1.118,1.125,5396.6,1728441899999,6053.1661,94,3321.8,3728.6201,0
1728441900000,1.124,1.125,1.104,1.107,59553.3,1728442799999,66264.5627,521,9634.9,10707.4651,0
1728442800000,1.108,1.113,1.107,1.113,8798.0,1728443699999,9760.0126,98,4685.5,5199.3696,0
1728443700000,1.112,1.12,1.108,1.119,12113.4,1728444599999,13504.1564,138,6615.0,7381.8418,0
1728444600000,1.12,1.124,1.116,1.124,4422.2,1728445499999,4947.2508,107,1714.4,1920.2387,0
1728445500000,1.124,1.124,1.113,1.115,13357.9,1728446399999,14928.9072,119,3793.8,4240.8769,0
1728446400000,1.114,1.123,1.113,1.116,35921.8,1728447299999,40169.9566,330,18801.2,21013.2792,0
1728447300000,1.115,1.116,1.108,1.111,25472.5,1728448199999,28331.9247,284,13594.1,15132.0234,0
1728448200000,1.112,1.121,1.111,1.115,17393.7,1728449099999,19425.6404,206,9357.1,10462.0069,0
1728449100000,1.116,1.124,1.115,1.124,14200.0,1728449999999,15912.0723,154,11401.8,12789.4416,0
1728450000000,1.123,1.124,1.117,1.121,7131.0,1728450899999,7989.6118,124,2875.8,3223.1485,0
1728450900000,1.119,1.121,1.115,1.117,18406.2,1728451799999,20555.7272,221,5483.9,6130.6977,0
1728451800000,1.117,1.126,1.116,1.122,23088.0,1728452699999,25873.0582,356,16290.7,18269.1324,0
1728452700000,1.123,1.123,1.116,1.118,30703.4,1728453599999,34388.759,258,8051.3,9019.5047,0
1728453600000,1.119,1.119,1.102,1.106,83335.1,1728454499999,92498.2,572,21668.9,24015.2353,0
1728454500000,1.105,1.111,1.102,1.102,32288.5,1728455399999,35693.7013,281,15649.6,17314.6089,0
1728455400000,1.103,1.106,1.101,1.103,31598.4,1728456299999,34822.0646,134,6817.0,7521.129,0
1728456300000,1.103,1.11,1.102,1.106,17233.9,1728457199999,19049.8996,193,6699.6,7411.8148,0
1728457200000,1.106,1.107,1.103,1.103,20543.4,1728458099999,22698.2008,70,1247.4,1378.2359,0
1728458100000,1.103,1.106,1.103,1.104,10323.2,1728458999999,11402.8038,87,3114.0,3439.9544,0
1728459000000,1.103,1.11,1.101,1.107,38172.8,1728459899999,42145.2158,225,14091.9,15570.6033,0
1728459900000,1.107,1.108,1.101,1.102,42018.8,1728460799999,46313.9428,133,7003.8,7741.9279,0
1728460800000,1.102,1.105,1.096,1.096,29886.9,1728461699999,32902.9502,198,6609.7,7285.1001,0
1728461700000,1.098,1.098,1.092,1.093,22244.5,1728462599999,24325.0145,232,6496.3,7103.4201,0
1728462600000,1.093,1.104,1.092,1.095,30904.7,1728463499999,33886.0857,330,15921.8,17461.7116,0
1728463500000,1.094,1.101,1.092,1.1,29228.2,1728464399999,31977.4309,155,8166.9,8959.232,0
1728464400000,1.101,1.108,1.1,1.107,18737.2,1728465299999,20686.2128,211,9287.3,10264.038,0
1728465300000,1.107,1.108,1.1,1.101,18291.8,1728466199999,20159.9708,154,5499.0,6065.3893,0
1728466200000,1.102,1.107,1.1,1.106,16419.3,1728467099999,18099.5021,102,7781.2,8591.3647,0
1728467100000,1.106,1.114,1.104,1.111,33099.7,1728467999999,36737.4589,355,21693.5,24085.8474,0
1728468000000,1.111,1.119,1.11,1.118,8800.8,1728468899999,9809.6922,196,7086.0,7901.0418,0
1728468900000,1.118,1.119,1.094,1.102,40823.7,1728469799999,45118.2471,421,16433.4,18177.3896,0
1728469800000,1.103,1.106,1.102,1.106,7874.0,1728470699999,8688.599,111,4056.3,4475.93,0
1728470700000,1.104,1.105,1.095,1.097,26586.1,1728471599999,29201.8304,199,4477.4,4916.647,0
1728471600000,1.097,1.106,1.097,1.101,8574.3,1728472499999,9435.7744,130,5798.6,6382.3958,0
1728472500000,1.102,1.103,1.1,1.1,7807.6,1728473399999,8593.3846,77,1020.4,1124.4445,0
1728473400000,1.102,1.102,1.099,1.1,6531.2,1728474299999,7184.4134,55,5267.9,5795.5449,0
1728474300000,1.1,1.104,1.1,1.102,6271.9,1728475199999,6914.9096,56,2326.6,2565.7847,0
1728475200000,1.102,1.106,1.099,1.102,31926.4,1728476099999,35175.0841,188,13144.0,14512.6537,0
1728476100000,1.103,1.103,1.099,1.1,17778.2,1728476999999,19553.7448,92,2880.4,3170.2776,0
1728477000000,1.1,1.1,1.092,1.094,31422.4,1728477899999,34462.2368,230,7383.9,8085.6206,0
1728477900000,1.093,1.099,1.09,1.096,19237.2,1728478799999,21056.2406,177,10825.7,11857.956,0
1728478800000,1.095,1.1,1.091,1.094,7018.3,1728479699999,7688.3417,133,4825.9,5290.1162,0
1728479700000,1.094,1.094,1.086,1.089,23009.6,1728480599999,25080.6235,254,6028.7,6572.9281,0
1728480600000,1.088,1.092,1.069,1.078,114868.2,1728481499999,123729.7964,782,68746.3,74013.3372,0
1728481500000,1.077,1.08,1.069,1.069,23193.7,1728482399999,24908.359,291,9052.8,9736.3985,0
1728482400000,1.069,1.079,1.069,1.077,30142.6,1728483299999,32383.3575,335,17270.2,18559.5591,0
1728483300000,1.077,1.085,1.077,1.08,18613.7,1728484199999,20130.3476,235,12164.6,13157.4087,0
1728484200000,1.08,1.087,1.075,1.076,30683.2,1728485099999,33182.1128,317,20789.4,22502.5997,0
1728485100000,1.075,1.078,1.067,1.076,20644.1,1728485999999,22128.7622,288,9519.7,10211.8511,0
1728486000000,1.077,1.081,1.07,1.081,20649.3,1728486899999,22176.1032,274,8525.7,9168.662,0
1728486900000,1.081,1.092,1.079,1.089,38023.5,1728487799999,41304.0611,458,29277.4,31803.2428,0
1728487800000,1.088,1.089,1.083,1.085,14822.1,1728488699999,16088.3803,149,2946.1,3199.1952,0
1728488700000,1.083,1.087,1.083,1.086,12225.7,1728489599999,13270.3092,135,4837.5,5252.5873,0
1728489600000,1.085,1.091,1.08,1.08,28253.7,1728490499999,30651.586,306,10680.8,11605.5547,0
1728490500000,1.08,1.081,1.072,1.074,22903.7,1728491399999,24671.9673,268,9854.9,10626.38,0
1728491400000,1.075,1.078,1.072,1.078,23782.1,1728492299999,25561.955,221,12787.3,13758.7364,0
1728492300000,1.077,1.081,1.072,1.073,17758.5,1728493199999,19104.6939,251,8326.0,8965.7791,0
1728493200000,1.073,1.073,1.066,1.072,23618.1,1728494099999,25273.6968,283,8279.0,8865.556,0
1728494100000,1.072,1.075,1.068,1.071,15925.8,1728494999999,17058.2859,221,7347.6,7874.7041,0
1728495000000,1.07,1.075,1.069,1.072,15947.7,1728495899999,17084.1857,166,12572.1,13470.0308,0
1728495900000,1.073,1.077,1.072,1.073,18285.1,1728496799999,19635.1025,147,7456.9,8014.2642,0
1728496800000,1.073,1.074,1.068,1.069,15392.8,1728497699999,16485.3688,152,7910.4,8482.616,0
1728497700000,1.068,1.072,1.064,1.071,8800.6,1728498599999,9396.1393,172,4789.3,5115.3488,0
1728498600000,1.071,1.073,1.068,1.07,8607.0,1728499499999,9213.07,121,3874.9,4150.4845,0
1728499500000,1.07,1.072,1.069,1.069,1822.7,1728500399999,1951.6945,56,1536.1,1645.0898,0
1728500400000,1.07,1.074,1.07,1.074,3617.9,1728501299999,3877.7992,59,2297.7,2463.5274,0
1728501300000,1.072,1.074,1.068,1.07,4326.4,1728502199999,4631.7784,113,3398.3,3638.2092,0
1728502200000,1.07,1.072,1.069,1.071,3769.6,1728503099999,4036.1242,73,2506.9,2684.7838,0
1728503100000,1.072,1.088,1.072,1.081,61317.4,1728503999999,66266.7412,600,49726.1,53736.8189,0
1728504000000,1.078,1.079,1.07,1.07,17750.6,1728504899999,19047.3188,191,2735.8,2942.0021,0
1728504900000,1.07,1.074,1.066,1.069,14504.5,1728505799999,15513.9395,228,7553.5,8086.5001,0
1728505800000,1.069,1.072,1.068,1.072,10480.2,1728506699999,11209.3339,136,1082.8,1159.3855,0
1728506700000,1.072,1.072,1.056,1.059,25120.1,1728507599999,26655.1734,332,4426.4,4693.8434,0
1728507600000,1.06,1.081,1.058,1.076,65221.2,1728508499999,69791.2944,553,42518.7,45565.5662,0
1728508500000,1.076,1.078,1.073,1.076,4396.5,1728509399999,4724.3139,88,760.1,816.685,0
1728509400000,1.076,1.08,1.075,1.08,3433.9,1728510299999,3703.6934,58,3130.8,3377.4573,0
1728510300000,1.079,1.079,1.075,1.079,6733.1,1728511199999,7251.4815,83,3394.2,3658.1023,0
1728511200000,1.079,1.08,1.077,1.078,4393.6,1728512099999,4739.4082,53,1667.7,1800.0118,0
1728512100000,1.079,1.079,1.071,1.072,13326.2,1728512999999,14317.862,95,513.4,551.1816,0
1728513000000,1.072,1.074,1.071,1.073,3098.4,1728513899999,3324.3875,66,897.7,963.5017,0
1728513900000,1.073,1.076,1.073,1.074,1052.0,1728514799999,1129.5223,25,266.9,286.7946,0
1728514800000,1.073,1.075,1.07,1.072,2779.1,1728515699999,2978.3732,50,315.9,339.0148,0
1728515700000,1.072,1.074,1.071,1.072,1186.6,1728516599999,1272.2962,20,880.2,943.8547,0
1728516600000,1.072,1.073,1.068,1.072,11581.2,1728517499999,12387.8484,95,5941.0,6357.9427,0
1728517500000,1.073,1.075,1.073,1.073,1152.9,1728518399999,1237.9579,12,206.3,221.5588,0
1728518400000,1.074,1.075,1.072,1.073,3891.0,1728519299999,4174.9577,72,1881.5,2020.294,0
1728519300000,1.075,1.075,1.067,1.068,4338.0,1728520199999,4650.1193,115,824.1,881.8939,0
1728520200000,1.068,1.072,1.067,1.071,3147.7,1728521099999,3365.3017,60,1526.4,1632.6231,0
1728521100000,1.07,1.074,1.07,1.072,481.1,1728521999999,515.7915,18,333.6,357.665,0
1728522000000,1.072,1.075,1.069,1.075,7923.3,1728522899999,8499.9408,140,2434.7,2614.8042,0
1728522900000,1.076,1.077,1.075,1.076,7839.0,1728523799999,8439.6815,31,7203.9,7756.0811,0
1728523800000,1.078,1.082,1.074,1.082,3212.9,1728524699999,3463.1879,74,1187.7,1282.0992,0
1728524700000,1.081,1.081,1.076,1.076,10351.4,1728525599999,11146.2386,60,6492.9,6986.954,0
1728525600000,1.076,1.085,1.073,1.081,21451.6,1728526499999,23142.2188,172,12511.6,13497.1557,0
1728526500000,1.081,1.085,1.081,1.083,6094.2,1728527399999,6594.2426,50,4710.6,5098.5033,0
1728527400000,1.081,1.083,1.08,1.08,1450.2,1728528299999,1569.0719,24,1308.7,1416.0688,0
1728528300000,1.081,1.082,1.081,1.082,487.6,1728529199999,527.167,11,0.0,0.0,0
1728529200000,1.081,1.082,1.081,1.081,2718.4,1728530099999,2939.504,13,855.4,925.5428,0
1728530100000,1.082,1.087,1.082,1.085,6552.0,1728530999999,7112.537,39,2065.0,2240.9436,0
1728531000000,1.084,1.084,1.083,1.083,931.5,1728531899999,1009.7223,14,626.3,678.9092,0
1728531900000,1.083,1.083,1.082,1.082,305.9,1728532799999,331.2551,9,0.0,0.0,0
1728532800000,1.082,1.082,1.081,1.081,11901.5,1728533699999,12865.7835,41,4900.5,5297.6396,0
1728533700000,1.081,1.082,1.08,1.081,798.0,1728534599999,862.6843,21,660.0,713.5221,0
1728534600000,1.081,1.085,1.081,1.082,2139.9,1728535499999,2318.24,30,1054.2,1141.9936,0
1728535500000,1.082,1.084,1.082,1.083,1526.0,1728536399999,1652.6314,12,436.1,472.7324,0
1728536400000,1.084,1.084,1.081,1.081,2401.1,1728537299999,2602.4905,7,4.6,4.9818,0
1728537300000,1.081,1.084,1.08,1.084,4246.2,1728538199999,4589.9359,23,2918.1,3155.2059,0
1728538200000,1.082,1.082,1.074,1.078,26965.3,1728539099999,29095.8404,149,1925.5,2072.8772,0
1728539100000,1.079,1.085,1.079,1.082,2768.3,1728539999999,2997.5628,43,1517.2,1642.3512,0
1728540000000,1.083,1.083,1.08,1.081,3491.7,1728540899999,3771.8401,40,632.7,683.6164,0
1728540900000,1.081,1.083,1.079,1.081,3343.2,1728541799999,3611.8399,44,975.4,1055.2405,0
1728541800000,1.08,1.082,1.08,1.08,1377.6,1728542699999,1489.1717,15,1218.0,1316.6748,0
1728542700000,1.079,1.084,1.077,1.081,10834.0,1728543599999,11707.1867,79,4756.5,5138.16,0
1728543600000,1.081,1.082,1.076,1.078,7854.2,1728544499999,8479.2958,64,687.3,743.2831,0
1728544500000,1.08,1.082,1.075,1.075,4270.8,1728545399999,4608.633,48,1433.0,1548.7481,0
1728545400000,1.075,1.077,1.074,1.075,4655.4,1728546299999,5009.7171,27,2859.4,3076.8055,0
1728546300000,1.076,1.077,1.071,1.072,7629.4,1728547199999,8192.8763,78,2553.1,2744.9486,0
1728547200000,1.072,1.074,1.07,1.072,7889.4,1728548099999,8458.3871,81,5265.7,5647.1299,0
1728548100000,1.072,1.074,1.067,1.074,15870.5,1728548999999,16983.8778,162,7493.0,8023.7335,0
1728549000000,1.074,1.074,1.066,1.07,6588.5,1728549899999,7041.2344,86,3593.5,3842.0279,0
1728549900000,1.07,1.07,1.059,1.06,22016.4,1728550799999,23433.3147,187,5991.8,6369.4113,0
1728550800000,1.06,1.063,1.057,1.058,19702.4,1728551699999,20869.3627,234,9013.6,9547.8818,0
1728551700000,1.058,1.059,1.052,1.053,31355.7,1728552599999,33114.8592,275,7021.2,7414.7255,0
1728552600000,1.053,1.054,1.039,1.049,65348.4,1728553499999,68282.2115,561,14962.6,15666.7613,0
1728553500000,1.049,1.052,1.046,1.052,6782.6,1728554399999,7110.5005,100,1498.7,1573.1179,0
1728554400000,1.051,1.055,1.051,1.051,15113.0,1728555299999,15909.9588,130,10215.8,10757.1371,0
1728555300000,1.052,1.063,1.052,1.063,26849.5,1728556199999,28379.5583,243,19094.5,20185.7019,0
1728556200000,1.062,1.068,1.055,1.057,10383.9,1728557099999,11012.4733,155,5006.9,5320.5413,0
1728557100000,1.057,1.057,1.054,1.057,5389.0,1728557999999,5686.5407,85,2170.3,2291.6811,0
1728558000000,1.057,1.059,1.055,1.059,1694.9,1728558899999,1792.25,36,1375.5,1454.7458,0
1728558900000,1.059,1.06,1.058,1.058,1633.1,1728559799999,1729.6724,22,1409.8,1493.2177,0
1728559800000,1.058,1.06,1.057,1.059,4037.4,1728560699999,4273.0447,50,1129.6,1196.2901,0
1728560700000,1.058,1.062,1.058,1.061,9467.3,1728561599999,10042.2967,100,5176.9,5494.3116,0
1728561600000,1.06,1.062,1.057,1.057,2852.4,1728562499999,3021.7697,39,2210.9,2342.0814,0
1728562500000,1.058,1.06,1.056,1.06,11688.2,1728563399999,12373.6197,108,7401.5,7838.5548,0
1728563400000,1.056,1.056,1.05,1.054,12610.1,1728564299999,13284.4234,155,2652.7,2791.1595,0
1728564300000,1.055,1.059,1.055,1.056,8993.4,1728565199999,9506.3707,135,4959.4,5241.9415,0
1728565200000,1.056,1.06,1.054,1.055,5981.1,1728566099999,6320.9915,102,3656.4,3866.9338,0
1728566100000,1.056,1.062,1.056,1.056,4783.2,1728566999999,5063.0281,75,1541.6,1631.187,0
1728567000000,1.057,1.057,1.051,1.052,6047.9,1728567899999,6371.1177,85,1711.1,1803.4177,0
1728567900000,1.052,1.055,1.048,1.055,13800.9,1728568799999,14507.1595,129,6233.1,6555.3734,0
1728568800000,1.052,1.054,1.047,1.05,7967.8,1728569699999,8359.0983,81,3684.8,3867.3912,0
1728569700000,1.051,1.052,1.047,1.05,9305.9,1728570599999,9755.9587,88,6177.3,6473.7058,0
1728570600000,1.05,1.054,1.046,1.054,8258.0,1728571499999,8667.8547,76,6018.1,6322.243,0
1728571500000,1.053,1.055,1.05,1.053,6355.5,1728572399999,6698.1547,60,2125.4,2240.4451,0
1728572400000,1.053,1.057,1.052,1.055,2225.2,1728573299999,2345.5999,58,342.9,361.2156,0
1728573300000,1.056,1.056,1.045,1.047,12512.4,1728574199999,13136.665,111,1880.1,1971.8101,0
1728574200000,1.047,1.047,1.044,1.044,7984.8,1728575099999,8344.2453,73,5064.6,5293.1386,0
1728575100000,1.045,1.051,1.044,1.05,13230.6,1728575999999,13872.1241,126,12629.7,13241.8497,0
1728576000000,1.049,1.052,1.046,1.046,26613.5,1728576899999,27935.761,179,20973.5,22017.4075,0
1728576900000,1.047,1.049,1.045,1.046,2985.5,1728577799999,3124.8135,43,1732.3,1813.7808,0
1728577800000,1.045,1.045,1.04,1.042,12927.7,1728578699999,13480.7438,134,3070.3,3202.6184,0
1728578700000,1.041,1.041,1.037,1.038,14652.4,1728579599999,15230.2239,140,5694.8,5922.827,0
1728579600000,1.038,1.039,1.033,1.037,18475.6,1728580499999,19132.7852,267,9125.8,9455.0723,0
1728580500000,1.037,1.037,1.033,1.034,15253.1,1728581399999,15799.6173,204,5511.6,5711.0659,0
1728581400000,1.033,1.034,1.032,1.034,9758.1,1728582299999,10081.0126,133,4847.7,5011.2151,0
1728582300000,1.034,1.035,1.026,1.028,23260.8,1728583199999,23929.7411,190,5107.8,5259.8672,0
1728583200000,1.025,1.028,1.018,1.024,52186.8,1728584099999,53390.8025,322,21047.9,21555.1917,0
1728584100000,1.025,1.025,1.018,1.025,26770.3,1728584999999,27374.1564,193,15965.3,16332.332,0
1728585000000,1.025,1.032,1.024,1.029,23757.4,1728585899999,24404.878,252,16933.2,17395.2286,0
1728585900000,1.031,1.031,1.027,1.03,14559.0,1728586799999,14978.8233,134,4953.8,5099.172,0
1728586800000,1.031,1.035,1.03,1.032,8240.6,1728587699999,8510.282,148,6169.8,6372.7838,0
1728587700000,1.032,1.038,1.032,1.036,9645.1,1728588599999,9985.1235,109,8347.7,8643.6629,0
1728588600000,1.037,1.039,1.036,1.036,2667.7,1728589499999,2769.1278,55,2544.9,2641.7982,0
1728589500000,1.037,1.04,1.037,1.038,11232.4,1728590399999,11667.537,108,3963.7,4119.4916,0
1728590400000,1.037,1.041,1.037,1.041,7203.9,1728591299999,7482.1789,100,7037.7,7309.7717,0
1728591300000,1.041,1.041,1.033,1.033,12649.6,1728592199999,13113.1536,76,4296.1,4454.456,0
1728592200000,1.035,1.038,1.034,1.037,11575.0,1728593099999,11994.7447,95,10650.1,11037.4707,0
1728593100000,1.038,1.041,1.037,1.04,11355.0,1728593999999,11801.7286,53,2694.7,2801.7309,0
1728594000000,1.041,1.041,1.038,1.039,3140.5,1728594899999,3264.0607,54,1157.5,1204.1404,0
1728594900000,1.039,1.043,1.039,1.041,2302.8,1728595799999,2396.9125,31,908.2,945.7758,0
1728595800000,1.041,1.042,1.039,1.041,2500.2,1728596699999,2600.7213,27,654.4,681.4018,0
1728596700000,1.04,1.045,1.04,1.045,17514.0,1728597599999,18265.8038,93,14326.5,14944.7082,0
1728597600000,1.045,1.046,1.039,1.04,21316.2,1728598499999,22220.7657,132,7417.9,7739.8166,0
1728598500000,1.04,1.05,1.04,1.046,17430.1,1728599399999,18241.4854,173,15380.7,16096.6726,0
1728599400000,1.045,1.047,1.045,1.047,1691.9,1728600299999,1769.8017,37,1075.8,1125.9465,0
1728600300000,1.048,1.048,1.046,1.046,196.1,1728601199999,205.3667,11,0.0,0.0,0
1728601200000,1.047,1.049,1.047,1.049,355.2,1728602099999,372.1187,17,271.3,284.2183,0
1728602100000,1.048,1.049,1.046,1.048,8930.4,1728602999999,9350.8609,68,2618.9,2745.2156,0
1728603000000,1.047,1.047,1.045,1.047,1764.6,1728603899999,1845.331,27,482.8,505.3712,0
1728603900000,1.047,1.049,1.045,1.049,5081.9,1728604799999,5320.2058,53,2480.2,2598.8032,0
1728604800000,1.049,1.052,1.047,1.052,6535.8,1728605699999,6864.8881,69,5999.4,6302.5666,0
1728605700000,1.052,1.052,1.045,1.048,12174.4,1728606599999,12746.971,91,3705.2,3883.1525,0
1728606600000,1.047,1.049,1.045,1.048,2436.6,1728607499999,2551.4814,36,1165.5,1221.5654,0
1728607500000,1.048,1.049,1.048,1.049,699.3,1728608399999,733.3657,10,678.7,711.7563,0
1728608400000,1.049,1.05,1.046,1.048,7170.1,1728609299999,7511.1602,109,1246.3,1306.4407,0
1728609300000,1.05,1.05,1.049,1.05,780.9,1728610199999,819.6555,14,362.6,380.73,0
1728610200000,1.048,1.05,1.047,1.048,1019.1,1728611099999,1068.4384,29,631.7,662.3899,0
1728611100000,1.049,1.057,1.049,1.057,3418.1,1728611999999,3597.6198,91,2292.1,2411.7562,0
1728612000000,1.057,1.057,1.054,1.054,5494.3,1728612899999,5796.3552,106,471.1,497.1184,0
1728612900000,1.054,1.056,1.054,1.056,871.8,1728613799999,919.7088,17,754.8,796.2878,0
1728613800000,1.054,1.055,1.054,1.055,1337.7,1728614699999,1410.5522,31,269.6,284.428,0
1728614700000,1.055,1.059,1.055,1.058,1683.9,1728615599999,1779.7797,39,1468.0,1551.7998,0
1728615600000,1.058,1.062,1.058,1.061,4035.5,1728616499999,4278.9689,83,2966.0,3145.4451,0
1728616500000,1.061,1.062,1.059,1.059,10223.7,1728617399999,10849.8743,81,2180.1,2314.1761,0
1728617400000,1.059,1.065,1.058,1.065,15075.9,1728618299999,16016.0566,149,12623.2,13413.8219,0
1728618300000,1.064,1.065,1.057,1.057,20660.0,1728619199999,21903.6311,153,4455.1,4724.5906,0
1728619200000,1.058,1.063,1.058,1.061,4590.9,1728620099999,4872.8468,51,4012.0,4258.729,0
1728620100000,1.061,1.061,1.059,1.06,1721.5,1728620999999,1825.5039,28,100.0,106.0131,0
1728621000000,1.06,1.061,1.059,1.059,2665.7,1728621899999,2825.4252,42,1114.4,1181.9715,0
1728621900000,1.059,1.06,1.058,1.059,2029.7,1728622799999,2148.7417,50,466.0,493.6649,0
1728622800000,1.06,1.063,1.06,1.061,2734.7,1728623699999,2900.1704,43,713.2,756.3755,0
1728623700000,1.061,1.061,1.058,1.061,6016.9,1728624599999,6377.5766,69,3472.8,3681.635,0
1728624600000,1.059,1.059,1.056,1.058,12289.1,1728625499999,12994.324,142,3211.8,3399.1207,0
1728625500000,1.057,1.059,1.056,1.057,2502.1,1728626399999,2645.8464,49,852.3,902.0457,0
1728626400000,1.059,1.061,1.058,1.059,2049.1,1728627299999,2171.5006,39,350.6,371.7219,0
1728627300000,1.061,1.064,1.061,1.064,358.4,1728628199999,381.2414,10,284.7,302.8806,0
1728628200000,1.064,1.065,1.062,1.064,8957.9,1728629099999,9528.1421,86,2594.8,2762.0782,0
1728629100000,1.064,1.069,1.064,1.065,4179.3,1728629999999,4458.4967,62,2335.6,2491.6688,0
1728630000000,1.065,1.067,1.064,1.066,15662.1,1728630899999,16690.9253,147,7482.8,7975.051,0
1728630900000,1.065,1.072,1.065,1.071,30818.8,1728631799999,32940.662,168,9997.9,10686.2247,0
1728631800000,1.07,1.07,1.069,1.069,4369.2,1728632699999,4672.102,41,347.4,371.718,0
1728632700000,1.07,1.073,1.069,1.071,10490.2,1728633599999,11236.8004,79,8147.4,8731.7034,0
1728633600000,1.07,1.07,1.069,1.069,977.1,1728634499999,1044.5609,10,41.0,43.87,0
1728634500000,1.07,1.07,1.066,1.067,10623.2,1728635399999,11349.5656,99,2208.7,2362.1578,0
1728635400000,1.068,1.068,1.067,1.067,1001.8,1728636299999,1069.3506,21,680.8,726.7846,0
1728636300000,1.067,1.067,1.066,1.066,584.8,1728637199999,623.4558,11,0.0,0.0,0
1728637200000,1.066,1.07,1.065,1.07,9738.6,1728638099999,10387.676,34,6060.0,6465.8728,0
1728638100000,1.07,1.072,1.068,1.07,10738.0,1728638999999,11489.6083,86,3325.0,3560.3464,0
1728639000000,1.07,1.071,1.069,1.071,3337.1,1728639899999,3571.5614,24,1312.7,1405.5152,0
1728639900000,1.071,1.074,1.071,1.073,5996.5,1728640799999,6429.4732,40,4041.1,4332.4619,0
1728640800000,1.072,1.073,1.071,1.073,1385.7,1728641699999,1486.1695,20,575.5,617.325,0
1728641700000,1.073,1.074,1.07,1.07,7772.7,1728642599999,8324.6788,51,2466.9,2644.882,0
1728642600000,1.07,1.071,1.068,1.068,7686.8,1728643499999,8219.2607,51,112.0,119.8709,0
1728643500000,1.069,1.071,1.069,1.069,3715.6,1728644399999,3973.8788,52,2033.2,2174.6558,0
1728644400000,1.07,1.074,1.07,1.073,12859.5,1728645299999,13794.8094,40,12034.3,12910.7609,0
1728645300000,1.073,1.074,1.07,1.072,13919.0,1728646199999,14898.2658,53,3872.3,4146.8321,0
1728646200000,1.072,1.072,1.07,1.07,2520.3,1728647099999,2700.1416,22,905.7,970.028,0
1728647100000,1.07,1.071,1.069,1.071,4681.9,1728647999999,5008.6073,52,1332.4,1426.4267,0
1728648000000,1.07,1.072,1.07,1.071,464.5,1728648899999,497.3681,13,292.8,313.6491,0
1728648900000,1.071,1.073,1.07,1.072,2709.6,1728649799999,2903.2758,49,2513.2,2693.001,0
1728649800000,1.073,1.075,1.073,1.073,6677.0,1728650699999,7169.8185,57,5556.7,5967.6075,0
1728650700000,1.073,1.075,1.073,1.074,2375.5,1728651599999,2549.3196,21,673.7,722.9963,0
1728651600000,1.075,1.077,1.074,1.075,2909.7,1728652499999,3130.7058,49,2167.1,2331.9504,0
1728652500000,1.074,1.075,1.073,1.075,4612.9,1728653399999,4954.073,23,655.8,704.3346,0
1728653400000,1.075,1.079,1.073,1.074,15575.4,1728654299999,16746.0782,143,3757.8,4044.1187,0
1728654300000,1.075,1.081,1.075,1.08,13060.2,1728655199999,14083.4382,129,9430.9,10174.2245,0
1728655200000,1.08,1.083,1.08,1.082,9914.4,1728656099999,10725.4089,82,3277.7,3546.2381,0
1728656100000,1.082,1.084,1.082,1.082,1582.7,1728656999999,1714.7478,27,1262.3,1368.0637,0
1728657000000,1.082,1.083,1.081,1.082,3454.7,1728657899999,3735.3623,44,421.8,456.5874,0
1728657900000,1.081,1.081,1.076,1.076,22466.0,1728658799999,24221.8495,180,4395.8,4742.4039,0
1728658800000,1.076,1.084,1.076,1.083,11757.8,1728659699999,12684.4705,79,5099.3,5508.9836,0
1728659700000,1.084,1.088,1.081,1.081,16883.6,1728660599999,18315.4341,153,10534.9,11436.0958,0
1728660600000,1.083,1.083,1.079,1.081,3720.3,1728661499999,4019.8629,54,776.0,839.199,0
1728661500000,1.081,1.088,1.08,1.086,5025.8,1728662399999,5451.7895,78,1543.9,1674.1057,0
1728662400000,1.087,1.088,1.084,1.084,2575.3,1728663299999,2797.6717,60,871.0,946.0232,0
1728663300000,1.085,1.086,1.083,1.086,5392.3,1728664199999,5845.5473,48,3307.8,3587.4192,0
1728664200000,1.086,1.088,1.085,1.087,1247.9,1728665099999,1355.8769,26,578.9,629.2753,0
1728665100000,1.087,1.087,1.084,1.085,5398.7,1728665999999,5856.5818,31,3287.9,3567.8513,0
1728666000000,1.085,1.088,1.084,1.084,7166.2,1728666899999,7776.1493,36,5644.9,6125.716,0
1728666900000,1.085,1.086,1.084,1.085,826.3,1728667799999,895.9705,14,84.1,91.2555,0
1728667800000,1.085,1.092,1.085,1.09,4133.6,1728668699999,4507.9849,70,3605.1,3932.3605,0
1728668700000,1.09,1.093,1.09,1.09,5755.3,1728669599999,6279.0123,37,1727.3,1885.1171,0
1728669600000,1.09,1.093,1.09,1.091,4193.5,1728670499999,4576.5665,48,2022.6,2209.0635,0
1728670500000,1.091,1.091,1.088,1.091,12383.1,1728671399999,13486.9097,82,1700.9,1855.3297,0
1728671400000,1.09,1.093,1.089,1.09,11720.0,1728672299999,12784.3356,73,5692.1,6212.8181,0
1728672300000,1.09,1.09,1.088,1.09,2753.6,1728673199999,2999.2363,26,1230.6,1341.012,0
1728673200000,1.089,1.092,1.089,1.091,3166.8,1728674099999,3455.1297,22,2879.6,3141.8893,0
1728674100000,1.091,1.092,1.09,1.091,2487.5,1728674999999,2712.6343,16,1122.3,1224.4348,0
1728675000000,1.09,1.09,1.087,1.089,7556.1,1728675899999,8218.902,39,216.8,235.9794,0
1728675900000,1.088,1.089,1.087,1.088,3242.4,1728676799999,3527.9919,18,2205.5,2399.9399,0
1728676800000,1.088,1.089,1.087,1.088,5459.6,1728677699999,5939.9371,45,3519.0,3829.8336,0
1728677700000,1.088,1.089,1.087,1.089,7609.6,1728678599999,8279.3537,41,4787.8,5210.0031,0
1728678600000,1.088,1.09,1.087,1.088,2802.2,1728679499999,3049.2697,35,1146.9,1248.603,0
1728679500000,1.088,1.092,1.087,1.088,10727.8,1728680399999,11689.8718,97,8591.5,9364.3104,0
1728680400000,1.089,1.093,1.088,1.091,10223.5,1728681299999,11148.6273,51,7801.1,8502.423,0
1728681300000,1.09,1.09,1.088,1.09,4460.3,1728682199999,4853.6387,27,138.6,150.9817,0
1728682200000,1.09,1.091,1.088,1.089,2059.4,1728683099999,2243.8994,32,85.4,93.1464,0
1728683100000,1.089,1.09,1.088,1.088,16236.2,1728683999999,17677.4455,30,9231.1,10055.4844,0
1728684000000,1.088,1.089,1.085,1.086,20026.7,1728684899999,21756.5377,47,7807.8,8481.1301,0
1728684900000,1.085,1.085,1.083,1.083,35575.9,1728685799999,38539.5935,51,6761.6,7329.6093,0
1728685800000,1.083,1.084,1.081,1.081,5082.6,1728686699999,5503.0778,34,553.1,598.7486,0
1728686700000,1.082,1.084,1.082,1.083,10923.9,1728687599999,11838.6681,41,9267.4,10044.7814,0
1728687600000,1.083,1.084,1.082,1.083,1768.0,1728688499999,1913.4774,20,1330.3,1439.7582,0
1728688500000,1.084,1.084,1.08,1.082,14609.2,1728689399999,15819.3688,65,10711.3,11605.9508,0
1728689400000,1.081,1.084,1.081,1.082,1120.9,1728690299999,1213.0571,20,335.2,362.9944,0
1728690300000,1.081,1.084,1.081,1.083,4484.7,1728691199999,4857.6909,31,4347.9,4709.7953,0
1728691200000,1.084,1.09,1.084,1.087,5923.6,1728692099999,6441.6975,103,4102.0,4461.1025,0
1728692100000,1.087,1.095,1.086,1.093,8491.2,1728692999999,9265.8809,151,6561.5,7164.9794,0
1728693000000,1.093,1.094,1.092,1.093,1164.4,1728693899999,1273.4937,31,1069.4,1169.7537,0
1728693900000,1.092,1.093,1.092,1.093,201.5,1728694799999,220.1989,8,160.9,175.8637,0
1728694800000,1.093,1.095,1.092,1.092,1156.6,1728695699999,1265.3364,31,894.5,978.9141,0
1728695700000,1.092,1.095,1.091,1.092,2177.6,1728696599999,2381.0021,36,1846.1,2019.1513,0
1728696600000,1.092,1.094,1.092,1.092,1322.7,1728697499999,1445.7699,29,1124.4,1229.2104,0
1728697500000,1.093,1.093,1.091,1.093,1522.6,1728698399999,1662.9841,22,490.8,536.4444,0
1728698400000,1.093,1.094,1.091,1.091,1789.7,1728699299999,1953.7229,22,322.3,352.3744,0
1728699300000,1.091,1.091,1.088,1.089,6308.8,1728700199999,6864.737,29,118.9,129.5133,0
1728700200000,1.088,1.089,1.087,1.089,1176.1,1728701099999,1280.3911,23,1106.8,1205.0005,0
1728701100000,1.088,1.088,1.086,1.087,1160.0,1728701999999,1260.6211,21,573.2,623.1421,0
1728702000000,1.087,1.088,1.086,1.088,2926.5,1728702899999,3179.3973,29,1811.6,1968.2293,0
1728702900000,1.087,1.088,1.085,1.086,2714.1,1728703799999,2949.5675,31,930.7,1011.6829,0
1728703800000,1.085,1.088,1.085,1.088,351.3,1728704699999,381.7767,10,343.7,373.5307,0
1728704700000,1.087,1.087,1.085,1.087,398.1,1728705599999,432.3293,11,188.7,205.1169,0
1728705600000,1.087,1.089,1.085,1.089,5615.4,1728706499999,6107.5433,36,1410.5,1535.2032,0
1728706500000,1.089,1.093,1.089,1.092,1709.5,1728707399999,1865.5741,30,1709.5,1865.5741,0
1728707400000,1.092,1.093,1.091,1.092,1365.9,1728708299999,1490.7484,21,350.2,382.4259,0
1728708300000,1.092,1.096,1.092,1.095,4028.3,1728709199999,4409.118,71,3037.1,3324.3841,0
1728709200000,1.095,1.096,1.092,1.094,8279.9,1728710099999,9055.4473,66,4527.2,4954.6992,0
1728710100000,1.093,1.101,1.093,1.098,25976.9,1728710999999,28511.7931,204,20355.1,22338.3177,0
1728711000000,1.097,1.1,1.095,1.095,7442.1,1728711899999,8166.5166,87,4585.7,5034.6402,0
1728711900000,1.097,1.099,1.097,1.098,3513.4,1728712799999,3857.7172,50,1999.4,2195.7882,0
1728712800000,1.098,1.102,1.098,1.101,7620.9,1728713699999,8388.5049,59,3049.2,3356.6753,0
1728713700000,1.101,1.102,1.099,1.1,6124.6,1728714599999,6742.4752,58,3776.9,4158.6381,0
1728714600000,1.1,1.102,1.1,1.102,1826.7,1728715499999,2012.2151,27,1282.0,1412.469,0
1728715500000,1.102,1.103,1.101,1.103,1564.2,1728716399999,1724.9056,27,1453.3,1602.6646,0
1728716400000,1.102,1.105,1.102,1.104,3941.5,1728717299999,4350.5285,60,3560.2,3930.0572,0
1728717300000,1.103,1.112,1.103,1.104,36489.9,1728718199999,40459.8149,306,27904.0,30957.4433,0
1728718200000,1.104,1.106,1.103,1.105,8907.3,1728719099999,9834.9151,74,6378.4,7043.4588,0
1728719100000,1.104,1.106,1.103,1.105,2057.4,1728719999999,2271.9098,40,934.7,1032.8027,0
1728720000000,1.105,1.152,1.095,1.098,748457.5,1728720899999,836358.2658,4184,359026.2,403699.6493,0
1728720900000,1.098,1.105,1.096,1.104,14532.2,1728721799999,15993.4469,165,6984.2,7692.233,0
1728721800000,1.104,1.104,1.098,1.102,27115.6,1728722699999,29881.1379,133,12269.9,13533.2838,0
1728722700000,1.101,1.103,1.1,1.102,9033.7,1728723599999,9957.4745,48,4837.7,5333.5637,0
1728723600000,1.103,1.104,1.098,1.1,11047.8,1728724499999,12154.9318,86,3835.5,4220.5889,0
1728724500000,1.099,1.101,1.095,1.096,26633.5,1728725399999,29245.9849,111,7135.8,7839.3476,0
1728725400000,1.095,1.103,1.093,1.103,18029.2,1728726299999,19794.9634,147,13885.8,15251.3106,0
1728726300000,1.102,1.103,1.1,1.102,2193.8,1728727199999,2415.8063,28,1417.3,1560.6962,0
1728727200000,1.102,1.103,1.1,1.103,1602.2,1728728099999,1766.6286,29,1380.1,1522.0295,0
1728728100000,1.102,1.105,1.1,1.103,5725.3,1728728999999,6309.6006,77,2599.6,2867.7712,0
1728729000000,1.103,1.103,1.096,1.101,15165.2,1728729899999,16664.5835,131,3274.6,3605.1974,0
1728729900000,1.101,1.104,1.1,1.102,3904.3,1728730799999,4303.6821,71,2661.3,2934.2618,0
1728730800000,1.104,1.108,1.104,1.108,13171.9,1728731699999,14569.6315,184,12218.5,13515.2527,0
1728731700000,1.108,1.108,1.106,1.107,3100.7,1728732599999,3433.6197,47,2252.8,2495.0899,0
1728732600000,1.107,1.108,1.102,1.102,9931.1,1728733499999,10975.8899,107,5153.0,5700.3473,0
1728733500000,1.103,1.103,1.1,1.1,1635.5,1728734399999,1801.0618,29,379.1,417.7232,0
1728734400000,1.101,1.103,1.1,1.102,8488.7,1728735299999,9348.0228,53,7867.1,8663.5547,0
1728735300000,1.102,1.102,1.098,1.099,3375.5,1728736199999,3715.2468,19,469.8,516.7548,0
1728736200000,1.1,1.101,1.098,1.099,2826.4,1728737099999,3105.3991,32,365.1,401.3375,0
1728737100000,1.099,1.102,1.098,1.101,7187.2,1728737999999,7899.0774,79,2706.8,2975.4377,0
1728738000000,1.101,1.108,1.101,1.105,10815.3,1728738899999,11938.297,171,8721.2,9626.2611,0
1728738900000,1.103,1.109,1.102,1.108,8602.9,1728739799999,9514.1715,126,5396.7,5969.9039,0
1728739800000,1.107,1.108,1.105,1.108,3597.8,1728740699999,3982.1462,44,1841.0,2038.0718,0
1728740700000,1.107,1.109,1.107,1.108,2269.3,1728741599999,2514.2938,36,1379.9,1529.4573,0
1728741600000,1.108,1.117,1.107,1.115,79621.1,1728742499999,88641.4344,397,61661.9,68661.6879,0
1728742500000,1.115,1.116,1.11,1.111,8817.7,1728743399999,9814.5603,73,3300.9,3678.5299,0
1728743400000,1.111,1.114,1.111,1.114,7889.5,1728744299999,8770.418,60,7284.0,8097.6774,0
1728744300000,1.114,1.115,1.112,1.113,6026.7,1728745199999,6711.8955,49,1382.6,1539.7594,0
1728745200000,1.113,1.117,1.111,1.116,3259.5,1728746099999,3628.7834,41,1854.4,2064.71,0
1728746100000,1.116,1.117,1.112,1.114,4276.2,1728746999999,4764.0383,53,1998.3,2227.2784,0
1728747000000,1.113,1.114,1.108,1.109,5935.7,1728747899999,6587.7728,73,713.1,793.3972,0
1728747900000,1.109,1.11,1.107,1.107,11831.1,1728748799999,13111.1775,67,9238.1,10238.9713,0
1728748800000,1.107,1.112,1.107,1.112,5764.8,1728749699999,6395.0018,65,3268.8,3631.0771,0
1728749700000,1.111,1.116,1.11,1.112,19999.8,1728750599999,22287.409,135,5366.3,5980.2044,0
1728750600000,1.113,1.114,1.11,1.11,3591.6,1728751499999,3993.2661,42,1804.4,2004.4999,0
1728751500000,1.11,1.112,1.108,1.108,6080.4,1728752399999,6751.9826,63,3591.9,3988.2155,0
1728752400000,1.108,1.109,1.106,1.107,6879.9,1728753299999,7615.4028,65,4344.0,4808.9683,0
1728753300000,1.108,1.11,1.108,1.109,2976.9,1728754199999,3300.6615,60,2864.9,3176.5655,0
1728754200000,1.109,1.11,1.105,1.106,1916.5,1728755099999,2120.2951,26,1066.9,1180.7815,0
1728755100000,1.106,1.107,1.105,1.107,5215.1,1728755999999,5770.5497,32,1979.9,2190.0566,0
1728756000000,1.107,1.107,1.101,1.105,32565.1,1728756899999,35950.1817,92,4380.9,4837.0319,0
1728756900000,1.104,1.104,1.093,1.097,18146.2,1728757799999,19921.8826,175,2859.6,3145.9891,0
1728757800000,1.097,1.102,1.095,1.096,12615.0,1728758699999,13863.9624,145,6924.3,7619.156,0
1728758700000,1.099,1.099,1.095,1.098,3241.6,1728759599999,3554.1036,55,378.1,414.8127,0
1728759600000,1.098,1.099,1.095,1.096,3829.3,1728760499999,4199.3326,41,599.3,658.4593,0
1728760500000,1.096,1.096,1.091,1.096,5033.8,1728761399999,5501.568,65,630.9,690.6498,0
1728761400000,1.096,1.097,1.093,1.095,2190.0,1728762299999,2397.2249,43,279.0,305.7678,0
1728762300000,1.095,1.096,1.091,1.093,9468.6,1728763199999,10350.2729,70,3259.9,3567.208,0
1728763200000,1.093,1.096,1.093,1.095,6038.7,1728764099999,6604.504,62,3907.3,4274.1679,0
1728764100000,1.095,1.098,1.093,1.095,4261.5,1728764999999,4669.3274,74,2584.8,2832.7543,0
1728765000000,1.096,1.098,1.094,1.095,1449.7,1728765899999,1589.8667,41,1046.6,1148.4301,0
1728765900000,1.095,1.098,1.092,1.093,8334.2,1728766799999,9130.9675,91,4195.5,4601.3458,0
1728766800000,1.093,1.095,1.092,1.094,3099.9,1728767699999,3390.4616,73,1846.3,2019.8178,0
1728767700000,1.094,1.095,1.078,1.091,74281.6,1728768599999,80671.5331,600,34506.9,37506.3479,0
1728768600000,1.091,1.096,1.09,1.094,9941.5,1728769499999,10874.5639,92,4233.1,4630.1603,0
1728769500000,1.095,1.096,1.094,1.095,4831.5,1728770399999,5293.7319,82,2075.7,2274.1421,0
1728770400000,1.094,1.094,1.087,1.087,12899.0,1728771299999,14068.8212,118,2233.6,2436.8571,0
1728771300000,1.089,1.091,1.088,1.088,3560.2,1728772199999,3877.3365,72,1770.3,1928.9167,0
1728772200000,1.089,1.091,1.088,1.088,1553.5,1728773099999,1693.1913,36,1117.2,1218.1121,0
1728773100000,1.089,1.089,1.087,1.089,10403.7,1728773999999,11314.5252,67,8070.4,8776.6057,0
1728774000000,1.089,1.09,1.087,1.088,6147.8,1728774899999,6689.5637,66,1667.3,1814.7866,0
1728774900000,1.089,1.089,1.084,1.086,3151.0,1728775799999,3427.3142,51,2180.1,2373.1806,0
1728775800000,1.085,1.092,1.085,1.09,15301.7,1728776699999,16678.836,100,8816.9,9604.9152,0
1728776700000,1.091,1.091,1.087,1.089,2329.2,1728777599999,2538.6366,22,55.4,60.3674,0
1728777600000,1.088,1.095,1.088,1.092,3342.3,1728778499999,3650.5751,74,2780.9,3039.5522,0
1728778500000,1.091,1.091,1.084,1.085,15791.5,1728779399999,17156.7264,158,3987.3,4328.699,0
1728779400000,1.085,1.089,1.085,1.089,1202.6,1728780299999,1307.2224,55,783.5,851.822,0
1728780300000,1.088,1.088,1.086,1.086,789.5,1728781199999,858.7672,25,533.1,579.976,0
1728781200000,1.086,1.086,1.08,1.08,4916.9,1728782099999,5317.6397,76,1739.2,1882.3995,0
1728782100000,1.081,1.083,1.078,1.083,4228.6,1728782999999,4567.0813,68,1325.1,1432.4199,0
1728783000000,1.082,1.084,1.08,1.084,5464.0,1728783899999,5911.9666,98,1513.8,1638.7791,0
1728783900000,1.083,1.083,1.08,1.081,5502.5,1728784799999,5946.1532,56,4526.2,4890.5286,0
1728784800000,1.081,1.083,1.081,1.083,456.1,1728785699999,493.3264,10,304.8,329.7336,0
1728785700000,1.084,1.084,1.082,1.083,364.9,1728786599999,395.1839,11,99.1,107.3446,0
1728786600000,1.082,1.083,1.081,1.083,1124.3,1728787499999,1216.257,21,317.9,344.0766,0
1728787500000,1.083,1.083,1.082,1.082,1922.5,1728788399999,2080.8803,22,1043.0,1129.225,0
1728788400000,1.081,1.083,1.081,1.081,1040.0,1728789299999,1125.6646,17,979.1,1059.8154,0
1728789300000,1.081,1.081,1.078,1.08,11424.3,1728790199999,12328.325,95,4497.3,4852.9026,0
1728790200000,1.079,1.079,1.075,1.077,11119.6,1728791099999,11963.8021,97,5609.6,6034.9151,0
1728791100000,1.079,1.08,1.078,1.078,1614.9,1728791999999,1742.5979,28,227.2,245.2759,0
1728792000000,1.078,1.079,1.078,1.079,1018.2,1728792899999,1097.6952,15,953.7,1028.1581,0
1728792900000,1.081,1.082,1.081,1.082,1271.8,1728793799999,1375.9623,20,933.1,1009.556,0
1728793800000,1.081,1.082,1.08,1.081,2304.7,1728794699999,2491.3721,20,7.6,8.2232,0
1728794700000,1.082,1.082,1.081,1.081,302.3,1728795599999,327.0712,4,284.9,308.2618,0
1728795600000,1.081,1.084,1.081,1.084,3730.1,1728796499999,4040.3503,34,3392.7,3675.3633,0
1728796500000,1.084,1.09,1.084,1.09,7529.4,1728797399999,8193.5094,57,3909.5,4256.1048,0
1728797400000,1.09,1.09,1.087,1.087,1486.8,1728798299999,1616.629,25,824.2,896.0284,0
1728798300000,1.087,1.087,1.084,1.085,12998.2,1728799199999,14116.6663,103,7648.5,8310.1255,0
1728799200000,1.085,1.086,1.082,1.085,12335.6,1728800099999,13361.7992,141,6375.5,6907.1722,0
1728800100000,1.085,1.085,1.082,1.084,10364.1,1728800999999,11233.7847,32,975.8,1057.157,0
1728801000000,1.083,1.084,1.081,1.084,2028.4,1728801899999,2197.1167,47,480.3,520.4705,0
1728801900000,1.084,1.084,1.082,1.083,5957.6,1728802799999,6450.254,50,4239.1,4589.7229,0
1728802800000,1.083,1.085,1.08,1.082,4873.9,1728803699999,5274.9438,65,2705.5,2929.5303,0
1728803700000,1.082,1.082,1.08,1.081,2773.0,1728804599999,2998.3814,40,603.5,652.6159,0
1728804600000,1.081,1.084,1.081,1.082,834.3,1728805499999,903.3107,17,563.9,610.6717,0
1728805500000,1.083,1.084,1.082,1.083,3548.7,1728806399999,3840.4249,34,392.0,424.5682,0
1728806400000,1.083,1.086,1.083,1.086,1011.8,1728807299999,1097.7676,22,979.1,1062.3535,0
1728807300000,1.085,1.088,1.085,1.087,1717.8,1728808199999,1865.8717,43,1356.8,1474.1867,0
1728808200000,1.085,1.09,1.085,1.087,5373.1,1728809099999,5846.4114,84,3953.0,4302.3672,0
1728809100000,1.087,1.09,1.085,1.085,5392.1,1728809999999,5861.0956,74,1774.5,1931.3562,0
1728810000000,1.086,1.089,1.085,1.087,4894.5,1728810899999,5318.3161,62,1865.8,2028.222,0
1728810900000,1.088,1.088,1.088,1.088,1247.1,1728811799999,1356.8448,3,0.0,0.0,0
1728811800000,1.089,1.09,1.088,1.089,2836.6,1728812699999,3091.4021,22,2659.7,2898.7054,0
1728812700000,1.09,1.091,1.089,1.091,2620.1,1728813599999,2855.9468,18,2241.4,2443.1718,0
1728813600000,1.091,1.092,1.088,1.088,7646.7,1728814499999,8326.5423,55,610.1,665.2287,0
1728814500000,1.087,1.088,1.084,1.085,16056.8,1728815399999,17437.2752,105,3411.1,3702.5869,0
1728815400000,1.085,1.086,1.084,1.084,8084.8,1728816299999,8766.3249,53,2161.8,2343.8008,0
1728816300000,1.083,1.083,1.079,1.079,4351.1,1728817199999,4701.6103,51,967.8,1046.6132,0
1728817200000,1.079,1.083,1.078,1.08,13289.8,1728818099999,14362.793,86,2639.3,2854.2981,0
1728818100000,1.079,1.08,1.076,1.079,22680.5,1728818999999,24456.5353,92,7168.5,7734.5423,0
1728819000000,1.079,1.079,1.072,1.072,42554.1,1728819899999,45743.5508,115,10438.3,11250.991,0
1728819900000,1.073,1.076,1.072,1.072,11939.6,1728820799999,12813.4656,88,1230.8,1322.442,0
1728820800000,1.072,1.076,1.071,1.075,17639.1,1728821699999,18925.9399,183,3776.7,4057.6204,0
1728821700000,1.075,1.08,1.073,1.077,13559.5,1728822599999,14603.7509,129,5721.0,6166.0418,0
1728822600000,1.077,1.078,1.074,1.076,3466.1,1728823499999,3725.9993,33,593.3,638.2181,0
1728823500000,1.076,1.076,1.075,1.075,351.4,1728824399999,377.8256,10,254.7,273.8146,0
1728824400000,1.074,1.08,1.074,1.078,6850.1,1728825299999,7388.9331,64,6245.9,6737.7244,0
1728825300000,1.078,1.082,1.077,1.08,1830.4,1728826199999,1977.9718,37,1333.8,1441.7068,0
1728826200000,1.079,1.08,1.077,1.078,8606.1,1728827099999,9285.0832,59,3055.5,3297.3814,0
1728827100000,1.078,1.078,1.076,1.077,709.2,1728827999999,763.7332,13,107.5,115.7775,0
1728828000000,1.077,1.077,1.074,1.074,8653.0,1728828899999,9299.9795,28,346.6,372.8449,0
1728828900000,1.074,1.078,1.072,1.074,5865.2,1728829799999,6305.7608,82,2916.2,3136.3394,0
1728829800000,1.075,1.08,1.071,1.071,27723.3,1728830699999,29789.5399,184,9799.4,10552.8084,0
1728830700000,1.07,1.071,1.065,1.067,16662.3,1728831599999,17793.9129,176,5468.9,5836.2387,0
1728831600000,1.066,1.069,1.066,1.067,2764.8,1728832499999,2949.128,46,886.1,945.641,0
1728832500000,1.066,1.066,1.06,1.06,15662.2,1728833399999,16626.4656,151,3238.4,3439.8632,0
1728833400000,1.061,1.067,1.06,1.063,10307.9,1728834299999,10967.1799,105,7189.1,7649.3081,0
1728834300000,1.064,1.074,1.064,1.071,14146.5,1728835199999,15123.1951,145,10634.8,11368.0563,0
1728835200000,1.071,1.071,1.065,1.067,7735.6,1728836099999,8256.4437,86,730.8,781.0729,0
1728836100000,1.067,1.07,1.067,1.068,2950.8,1728836999999,3154.13,56,886.0,947.1876,0
1728837000000,1.069,1.074,1.069,1.073,5884.4,1728837899999,6311.8383,59,2926.0,3137.6782,0
1728837900000,1.072,1.072,1.07,1.07,9663.0,1728838799999,10351.7903,46,2462.6,2637.5299,0
1728838800000,1.071,1.073,1.071,1.073,2004.2,1728839699999,2148.7986,27,750.8,805.1693,0
1728839700000,1.073,1.073,1.07,1.07,836.2,1728840599999,896.6104,14,594.3,637.583,0
1728840600000,1.07,1.07,1.063,1.063,4633.4,1728841499999,4940.2893,53,1718.0,1832.0674,0
1728841500000,1.064,1.069,1.064,1.066,1587.7,1728842399999,1695.0233,29,1345.8,1436.762,0
1728842400000,1.067,1.067,1.064,1.064,3117.8,1728843299999,3320.3049,33,81.3,86.6721,0
1728843300000,1.063,1.067,1.059,1.063,13169.2,1728844199999,13995.7626,153,2233.4,2375.2426,0
1728844200000,1.064,1.066,1.062,1.062,4268.9,1728845099999,4541.3008,46,2006.7,2135.5912,0
1728845100000,1.063,1.066,1.063,1.065,4429.0,1728845999999,4714.9746,38,1567.7,1670.5294,0
1728846000000,1.065,1.071,1.065,1.071,4684.4,1728846899999,5009.8664,46,3858.7,4126.8996,0
1728846900000,1.07,1.073,1.068,1.072,11948.3,1728847799999,12804.4622,55,8554.1,9172.3393,0
1728847800000,1.073,1.073,1.071,1.072,2852.7,1728848699999,3058.6375,34,1340.2,1437.1586,0
1728848700000,1.072,1.075,1.072,1.074,2100.3,1728849599999,2256.7346,18,2065.0,2218.893,0
1728849600000,1.073,1.074,1.072,1.074,737.6,1728850499999,791.4095,8,5.0,5.37,0
1728850500000,1.072,1.074,1.072,1.074,139.0,1728851399999,149.0811,7,24.2,25.9908,0
1728851400000,1.074,1.076,1.074,1.075,9121.8,1728852299999,9803.5492,55,2377.3,2555.8696,0
1728852300000,1.074,1.075,1.071,1.072,12708.2,1728853199999,13625.1311,97,6155.5,6597.0268,0
1728853200000,1.072,1.088,1.072,1.083,58434.1,1728854099999,63176.3342,449,47408.6,51268.6915,0
1728854100000,1.081,1.086,1.081,1.085,7349.7,1728854999999,7961.4474,54,6717.4,7276.1509,0
1728855000000,1.085,1.09,1.085,1.089,3226.6,1728855899999,3510.2042,65,989.3,1076.8148,0
1728855900000,1.089,1.089,1.085,1.085,25366.9,1728856799999,27575.3514,105,6429.0,6991.2029,0
1728856800000,1.085,1.091,1.085,1.09,7668.8,1728857699999,8352.1731,77,5335.7,5812.3646,0
1728857700000,1.091,1.091,1.087,1.087,10480.4,1728858599999,11418.6184,82,812.6,886.5265,0
1728858600000,1.088,1.089,1.086,1.087,9173.9,1728859499999,9974.7629,71,5042.4,5483.8514,0
1728859500000,1.087,1.088,1.085,1.087,4664.7,1728860399999,5066.9992,23,1782.1,1938.3823,0
1728860400000,1.086,1.088,1.086,1.088,841.6,1728861299999,914.7016,13,469.1,510.1666,0
1728861300000,1.086,1.086,1.083,1.083,7972.6,1728862199999,8641.617,56,397.7,430.8253,0
1728862200000,1.082,1.083,1.079,1.081,16360.4,1728863099999,17683.2089,101,7497.4,8108.4431,0
1728863100000,1.082,1.086,1.082,1.086,5071.1,1728863999999,5496.1722,31,2592.6,2810.1135,0
1728864000000,1.085,1.086,1.082,1.082,6060.7,1728864899999,6572.9835,84,1542.3,1672.3972,0
1728864900000,1.082,1.083,1.081,1.082,5171.7,1728865799999,5595.5502,29,1824.1,1974.2804,0
1728865800000,1.081,1.082,1.081,1.081,587.0,1728866699999,634.5667,16,103.9,112.3356,0
1728866700000,1.08,1.08,1.077,1.078,6472.7,1728867599999,6980.5633,37,748.5,806.8891,0
1728867600000,1.078,1.083,1.078,1.082,742.3,1728868499999,802.5134,16,498.2,538.5442,0
1728868500000,1.084,1.086,1.084,1.086,7514.9,1728869399999,8148.6962,23,6716.6,7281.7424,0
1728869400000,1.085,1.086,1.085,1.085,152.2,1728870299999,165.2463,7,109.3,118.6998,0
1728870300000,1.085,1.085,1.08,1.081,4004.6,1728871199999,4334.1535,49,855.8,925.7597,0
1728871200000,1.08,1.08,1.075,1.078,1213.8,1728872099999,1308.4579,23,261.6,281.8635,0
1728872100000,1.077,1.079,1.076,1.079,675.4,1728872999999,727.7351,14,486.0,523.7654,0
1728873000000,1.08,1.081,1.079,1.079,57.2,1728873899999,61.8139,4,43.8,47.3478,0
1728873900000,1.079,1.08,1.077,1.079,1789.4,1728874799999,1929.356,27,433.1,467.0938,0
1728874800000,1.079,1.082,1.079,1.082,971.1,1728875699999,1048.6321,13,618.3,667.7208,0
1728875700000,1.082,1.096,1.082,1.095,9334.0,1728876599999,10185.6361,138,6461.4,7044.0199,0
1728876600000,1.094,1.103,1.093,1.102,13588.7,1728877499999,14921.2758,157,9083.0,9968.2292,0
1728877500000,1.102,1.103,1.1,1.102,9447.7,1728878399999,10414.0581,69,5713.9,6301.3009,0
1728878400000,1.103,1.107,1.101,1.104,14522.4,1728879299999,16056.9692,112,5065.6,5597.9681,0
1728879300000,1.103,1.108,1.102,1.107,7076.8,1728880199999,7823.8296,97,5290.0,5848.4769,0
1728880200000,1.104,1.111,1.103,1.104,10745.6,1728881099999,11893.7871,125,5806.0,6431.7318,0
1728881100000,1.105,1.11,1.104,1.108,8189.1,1728881999999,9076.8376,77,4046.0,4483.2336,0
1728882000000,1.108,1.108,1.102,1.103,15224.9,1728882899999,16801.036,82,5579.3,6157.2878,0
1728882900000,1.103,1.105,1.103,1.103,11411.3,1728883799999,12603.2863,44,1487.1,1642.7283,0
1728883800000,1.103,1.104,1.097,1.101,26985.7,1728884699999,29694.9476,124,762.3,838.7961,0
1728884700000,1.102,1.103,1.101,1.102,1651.1,1728885599999,1818.7989,39,1058.6,1166.2081,0
1728885600000,1.101,1.105,1.1,1.103,14832.2,1728886499999,16364.5866,69,4849.4,5346.8982,0
1728886500000,1.103,1.107,1.103,1.106,6251.6,1728887399999,6911.7527,39,3485.9,3854.2718,0
1728887400000,1.105,1.105,1.102,1.104,3451.6,1728888299999,3808.6338,48,891.3,983.4292,0
1728888300000,1.103,1.104,1.103,1.103,6946.5,1728889199999,7667.9961,32,6014.1,6639.5589,0
1728889200000,1.103,1.104,1.101,1.104,3112.7,1728890099999,3431.0438,35,1896.7,2091.6572,0
1728890100000,1.103,1.103,1.1,1.102,9515.3,1728890999999,10473.6237,57,431.6,475.5514,0
1728891000000,1.102,1.106,1.101,1.105,6114.9,1728891899999,6747.5999,52,5743.2,6338.0875,0
1728891900000,1.103,1.106,1.103,1.106,480.0,1728892799999,530.5153,20,281.2,310.7282,0
1728892800000,1.106,1.108,1.103,1.104,6959.9,1728893699999,7685.2627,58,120.4,133.1584,0
1728893700000,1.102,1.104,1.102,1.104,4369.0,1728894599999,4816.0882,26,875.6,966.1375,0
1728894600000,1.104,1.107,1.102,1.102,6186.2,1728895499999,6833.82,59,4144.1,4581.4256,0
1728895500000,1.103,1.107,1.103,1.106,8650.5,1728896399999,9563.0518,80,5339.0,5901.1334,0
1728896400000,1.106,1.108,1.105,1.107,5027.2,1728897299999,5561.0011,74,1643.5,1819.8668,0
1728897300000,1.107,1.111,1.107,1.107,3966.8,1728898199999,4397.6937,39,3353.8,3718.103,0
1728898200000,1.108,1.11,1.107,1.11,5664.4,1728899099999,6277.1564,61,3186.4,3531.842,0
1728899100000,1.108,1.11,1.108,1.109,3247.9,1728899999999,3602.0168,15,376.3,417.4969,0
1728900000000,1.109,1.11,1.107,1.109,6196.4,1728900899999,6869.5725,55,2742.2,3043.1087,0
1728900900000,1.109,1.109,1.108,1.109,4653.9,1728901799999,5157.9182,28,4261.9,4723.5254,0
1728901800000,1.109,1.109,1.106,1.108,4497.3,1728902699999,4975.3116,28,352.4,390.4871,0
1728902700000,1.108,1.115,1.108,1.112,12963.4,1728903599999,14406.7715,162,12139.3,13492.6259,0
1728903600000,1.111,1.111,1.109,1.11,984.3,1728904499999,1092.566,28,401.3,445.6018,0
1728904500000,1.109,1.111,1.109,1.111,3497.4,1728905399999,3882.151,26,1840.3,2043.0943,0
1728905400000,1.11,1.12,1.11,1.118,28866.6,1728906299999,32229.8585,171,12057.1,13449.0938,0
1728906300000,1.117,1.117,1.11,1.112,9716.7,1728907199999,10816.4199,127,3354.5,3735.998,0
1728907200000,1.113,1.12,1.111,1.12,8988.3,1728908099999,10049.3369,99,7061.5,7900.1681,0
1728908100000,1.12,1.122,1.118,1.121,16895.1,1728908999999,18926.0109,196,11204.0,12553.3709,0
1728909000000,1.121,1.129,1.121,1.128,53721.9,1728909899999,60551.3625,282,42532.9,47956.6914,0
1728909900000,1.127,1.127,1.121,1.123,17419.0,1728910799999,19552.6243,112,9356.9,10497.4071,0
1728910800000,1.123,1.123,1.12,1.12,18560.3,1728911699999,20796.4896,116,479.3,538.0641,0
1728911700000,1.121,1.124,1.119,1.122,6631.7,1728912599999,7439.2588,83,1502.1,1686.8787,0
1728912600000,1.122,1.123,1.12,1.123,4065.9,1728913499999,4558.1923,61,1909.2,2139.7542,0
1728913500000,1.122,1.125,1.122,1.124,6695.7,1728914399999,7528.4618,46,2073.5,2330.3364,0
1728914400000,1.124,1.126,1.121,1.123,10938.6,1728915299999,12285.5547,90,3785.4,4256.6316,0
1728915300000,1.123,1.127,1.122,1.127,13249.9,1728916199999,14884.6781,71,11229.3,12615.234,0
1728916200000,1.127,1.132,1.124,1.127,21935.0,1728917099999,24760.3128,197,15650.9,17680.9512,0
1728917100000,1.129,1.129,1.121,1.121,30617.0,1728917999999,34359.3322,127,2702.0,3037.6317,0
1728918000000,1.121,1.125,1.12,1.125,11933.8,1728918899999,13380.9488,83,3518.8,3947.4546,0
1728918900000,1.125,1.125,1.123,1.124,4995.2,1728919799999,5615.6786,63,2514.5,2828.0931,0
1728919800000,1.124,1.127,1.124,1.126,11756.0,1728920699999,13229.7997,83,2603.7,2932.6888,0
1728920700000,1.126,1.127,1.125,1.125,1821.3,1728921599999,2050.634,37,638.7,719.2756,0
1728921600000,1.126,1.13,1.123,1.123,24367.6,1728922499999,27442.1249,141,3711.2,4187.2376,0
1728922500000,1.124,1.124,1.122,1.123,8695.6,1728923399999,9763.0752,40,2398.4,2693.4372,0
1728923400000,1.124,1.127,1.123,1.127,6732.3,1728924299999,7571.8215,75,2909.3,3272.1893,0
1728924300000,1.126,1.126,1.115,1.118,32166.1,1728925199999,36010.5151,225,9369.7,10491.0742,0
1728925200000,1.118,1.133,1.116,1.128,34190.8,1728926099999,38484.9506,302,25949.4,29216.3931,0
1728926100000,1.13,1.131,1.12,1.121,17051.1,1728926999999,19176.4502,151,7096.4,7987.4852,0
1728927000000,1.121,1.125,1.121,1.124,2136.0,1728927899999,2401.3218,25,1969.1,2213.8692,0
1728927900000,1.123,1.125,1.122,1.123,3188.8,1728928799999,3583.2193,17,2407.7,2706.3092,0
1728928800000,1.123,1.125,1.112,1.119,50031.2,1728929699999,55903.6489,391,19151.2,21409.0433,0
1728929700000,1.119,1.123,1.118,1.122,10299.0,1728930599999,11549.8745,101,5643.6,6325.219,0
1728930600000,1.122,1.124,1.121,1.123,5028.6,1728931499999,5646.403,56,4250.8,4773.9789,0
1728931500000,1.122,1.131,1.122,1.127,21565.0,1728932399999,24305.0348,284,12759.9,14375.4015,0
1728932400000,1.127,1.131,1.126,1.126,12528.4,1728933299999,14121.7461,75,1328.8,1498.6987,0
1728933300000,1.126,1.126,1.123,1.125,1850.4,1728934199999,2081.2794,28,564.9,635.5203,0
1728934200000,1.124,1.125,1.119,1.123,11455.9,1728935099999,12860.7429,103,5048.3,5675.8682,0
1728935100000,1.123,1.124,1.122,1.122,10987.1,1728935999999,12329.6166,39,1526.9,1714.2894,0
1728936000000,1.121,1.122,1.12,1.121,3337.6,1728936899999,3741.5452,51,1799.3,2017.6152,0
1728936900000,1.121,1.122,1.116,1.121,12495.9,1728937799999,13984.9799,88,3483.2,3903.6251,0
1728937800000,1.122,1.122,1.121,1.122,405.4,1728938699999,454.7447,8,291.3,326.8386,0
1728938700000,1.122,1.123,1.12,1.12,1000.4,1728939599999,1121.7674,25,412.4,462.7418,0
1728939600000,1.12,1.126,1.12,1.125,3677.2,1728940499999,4133.9175,44,3459.1,3889.3726,0
1728940500000,1.124,1.124,1.122,1.122,1998.6,1728941399999,2243.0418,35,1454.3,1632.0612,0
1728941400000,1.122,1.123,1.12,1.121,4067.7,1728942299999,4560.6056,43,1828.3,2049.823,0
1728942300000,1.122,1.124,1.122,1.124,3158.7,1728943199999,3546.3662,51,1681.0,1887.7148,0
1728943200000,1.123,1.127,1.123,1.127,2013.5,1728944099999,2264.7731,25,1254.2,1410.3356,0
1728944100000,1.126,1.129,1.126,1.128,3413.8,1728944999999,3851.932,44,3127.9,3529.6674,0
1728945000000,1.127,1.13,1.126,1.128,6139.9,1728945899999,6925.2156,52,3195.4,3607.1295,0
1728945900000,1.128,1.131,1.127,1.131,8448.3,1728946799999,9538.0957,46,5075.0,5733.1893,0
1728946800000,1.13,1.131,1.127,1.128,4663.6,1728947699999,5265.1104,41,621.2,700.9431,0
1728947700000,1.127,1.128,1.125,1.126,6821.9,1728948599999,7681.6327,55,2774.9,3125.3353,0
1728948600000,1.126,1.127,1.121,1.125,9346.8,1728949499999,10504.4387,113,2246.7,2527.0348,0
1728949500000,1.124,1.127,1.124,1.125,2516.6,1728950399999,2832.6385,23,1500.1,1689.9357,0
1728950400000,1.126,1.129,1.124,1.125,4719.6,1728951299999,5313.7953,60,1470.9,1657.3299,0
1728951300000,1.125,1.132,1.125,1.13,7730.5,1728952199999,8715.8924,114,5596.9,6314.1944,0
1728952200000,1.13,1.134,1.123,1.123,5624.8,1728953099999,6346.2406,85,3191.7,3608.3882,0
1728953100000,1.122,1.124,1.121,1.123,2548.3,1728953999999,2860.0031,43,993.2,1115.7059,0
1728954000000,1.123,1.126,1.122,1.125,1201.3,1728954899999,1350.5158,33,499.2,561.3002,0
1728954900000,1.124,1.124,1.123,1.124,1750.1,1728955799999,1966.3118,22,833.6,936.2429,0
1728955800000,1.124,1.124,1.12,1.124,7070.7,1728956699999,7930.9699,58,2678.3,3007.6117,0
1728956700000,1.121,1.123,1.121,1.122,853.7,1728957599999,958.1974,18,516.6,579.8883,0
1728957600000,1.122,1.124,1.121,1.121,1998.2,1728958499999,2242.3007,38,1672.9,1877.4524,0
1728958500000,1.122,1.126,1.122,1.124,1889.9,1728959399999,2124.4022,31,1081.3,1215.6833,0
1728959400000,1.124,1.125,1.123,1.125,878.6,1728960299999,986.7973,13,629.7,707.2826,0
1728960300000,1.123,1.124,1.122,1.123,173.9,1728961199999,195.2905,7,48.0,53.9113,0
1728961200000,1.123,1.127,1.121,1.126,13274.1,1728962099999,14921.9812,135,8824.8,9923.4888,0
1728962100000,1.125,1.129,1.125,1.125,7414.6,1728962999999,8364.8846,76,4140.8,4671.5677,0
1728963000000,1.126,1.126,1.119,1.12,2673.2,1728963899999,3002.1137,37,938.1,1055.2785,0
1728963900000,1.122,1.122,1.116,1.116,3275.3,1728964799999,3662.5845,39,233.5,260.8555,0
1728964800000,1.116,1.117,1.112,1.116,6749.4,1728965699999,7519.532,97,1259.7,1404.7068,0
1728965700000,1.117,1.122,1.117,1.122,1407.1,1728966599999,1574.7178,22,1291.1,1444.8975,0
1728966600000,1.123,1.125,1.123,1.123,6202.0,1728967499999,6970.1787,92,3204.8,3604.005,0
1728967500000,1.124,1.126,1.124,1.125,1475.3,1728968399999,1659.7161,35,427.6,481.1638,0
1728968400000,1.125,1.125,1.118,1.119,3750.5,1728969299999,4199.8031,43,1730.6,1935.4421,0
1728969300000,1.12,1.121,1.113,1.116,8335.4,1728970199999,9298.3531,96,1431.7,1597.0976,0
1728970200000,1.115,1.115,1.108,1.108,10249.9,1728971099999,11379.0558,122,3543.9,3934.4952,0
1728971100000,1.108,1.113,1.108,1.112,5345.2,1728971999999,5939.5145,77,2546.6,2829.326,0
1728972000000,1.112,1.116,1.112,1.115,3111.9,1728972899999,3470.573,53,1829.2,2039.3743,0
1728972900000,1.115,1.119,1.115,1.119,529.9,1728973799999,592.3437,16,525.4,587.3127,0
1728973800000,1.118,1.121,1.118,1.12,800.5,1728974699999,896.8872,28,642.4,719.9718,0
1728974700000,1.119,1.122,1.119,1.122,861.8,1728975599999,965.9717,24,556.6,624.0814,0
1728975600000,1.122,1.124,1.121,1.124,1766.0,1728976499999,1984.0519,42,735.1,825.7235,0
1728976500000,1.123,1.123,1.117,1.117,5295.2,1728977399999,5925.6592,57,2316.6,2591.6965,0
1728977400000,1.117,1.118,1.114,1.116,5797.1,1728978299999,6468.6429,88,3306.3,3690.9693,0
1728978300000,1.116,1.119,1.115,1.117,2312.2,1728979199999,2583.8061,31,839.0,937.7524,0
1728979200000,1.118,1.122,1.118,1.122,3923.8,1728980099999,4397.9553,49,2517.8,2821.6015,0
1728980100000,1.122,1.124,1.122,1.123,5140.0,1728980999999,5771.2301,29,2747.5,3085.2687,0
1728981000000,1.123,1.124,1.122,1.123,2205.8,1728981899999,2478.0717,26,954.8,1072.7949,0
1728981900000,1.124,1.125,1.121,1.123,2393.1,1728982799999,2687.6659,37,793.9,892.1368,0
1728982800000,1.124,1.127,1.12,1.121,6138.9,1728983699999,6897.8909,72,3920.6,4408.5519,0
1728983700000,1.122,1.123,1.121,1.123,1346.9,1728984599999,1511.1947,21,754.1,846.0672,0
1728984600000,1.122,1.128,1.122,1.123,7106.3,1728985499999,7989.9392,79,2776.0,3122.172,0
1728985500000,1.124,1.124,1.121,1.123,3159.4,1728986399999,3545.5716,39,514.0,577.1324,0
1728986400000,1.121,1.122,1.12,1.122,1958.8,1728987299999,2196.3239,36,1573.3,1764.1644,0
1728987300000,1.123,1.124,1.122,1.123,1738.7,1728988199999,1952.3281,31,112.2,126.0006,0
1728988200000,1.123,1.124,1.122,1.123,2629.5,1728989099999,2952.8571,34,709.8,797.6413,0
1728989100000,1.122,1.124,1.121,1.121,7534.3,1728989999999,8450.332,31,1045.3,1174.0069,0
1728990000000,1.122,1.122,1.117,1.118,20841.2,1728990899999,23315.236,64,492.2,550.8516,0
1728990900000,1.118,1.118,1.102,1.104,54304.7,1728991799999,60343.7741,413,11181.9,12430.411,0
1728991800000,1.105,1.11,1.097,1.1,33223.3,1728992699999,36648.4085,340,12369.0,13657.1102,0
1728992700000,1.099,1.102,1.092,1.1,27704.3,1728993599999,30384.2826,224,5973.5,6551.6143,0
1728993600000,1.099,1.107,1.099,1.102,18875.0,1728994499999,20810.3418,207,5842.4,6450.6445,0
1728994500000,1.103,1.104,1.102,1.103,8290.3,1728995399999,9147.5544,61,6120.9,6755.6394,0
1728995400000,1.104,1.111,1.103,1.109,10485.6,1728996299999,11609.4811,165,6595.0,7304.5949,0
1728996300000,1.107,1.112,1.107,1.112,12389.0,1728997199999,13741.1535,204,9820.7,10892.5982,0
1728997200000,1.111,1.115,1.111,1.113,4470.1,1728998099999,4976.1203,68,2571.9,2863.8348,0
1728998100000,1.112,1.113,1.096,1.1,73767.4,1728998999999,81465.4375,330,23897.6,26345.5234,0
1728999000000,1.1,1.112,1.098,1.112,17271.3,1728999899999,19033.0577,208,11236.5,12391.1636,0
1728999900000,1.112,1.125,1.111,1.125,23693.9,1729000799999,26524.6598,244,18999.8,21277.9813,0
1729000800000,1.124,1.128,1.119,1.12,33273.6,1729001699999,37376.4115,247,14386.0,16177.0599,0
1729001700000,1.12,1.121,1.104,1.11,30281.8,1729002599999,33676.0038,296,11650.2,12967.8008,0
1729002600000,1.109,1.117,1.097,1.1,47158.6,1729003499999,52095.8588,389,18906.9,20926.3788,0
1729003500000,1.098,1.103,1.092,1.094,28415.0,1729004399999,31188.8533,273,8315.2,9153.6724,0
1729004400000,1.094,1.097,1.085,1.094,29837.1,1729005299999,32566.0246,272,12721.6,13907.2519,0
1729005300000,1.095,1.102,1.094,1.101,18446.0,1729006199999,20247.6831,166,6225.2,6844.1829,0
1729006200000,1.101,1.107,1.1,1.105,30255.3,1729007099999,33460.8623,120,21154.6,23403.7644,0
1729007100000,1.105,1.107,1.103,1.104,4045.8,1729007999999,4469.1486,50,1221.3,1350.3373,0
1729008000000,1.105,1.108,1.104,1.106,2191.0,1729008899999,2424.1033,43,1531.5,1694.8536,0
1729008900000,1.107,1.107,1.105,1.107,1701.8,1729009799999,1882.8355,29,1488.4,1646.8215,0
1729009800000,1.107,1.114,1.106,1.111,8071.9,1729010699999,8970.4831,101,4325.1,4806.4082,0
1729010700000,1.111,1.114,1.108,1.113,12629.4,1729011599999,14025.6536,106,7088.8,7881.2566,0
1729011600000,1.112,1.115,1.108,1.11,12420.1,1729012499999,13793.4859,107,4105.3,4562.7444,0
1729012500000,1.111,1.111,1.103,1.105,13132.7,1729013399999,14519.0426,150,4551.2,5029.1995,0
1729013400000,1.105,1.112,1.105,1.112,2274.3,1729014299999,2517.0422,40,1985.7,2197.9595,0
1729014300000,1.112,1.113,1.11,1.11,1821.4,1729015199999,2025.2663,29,226.8,252.2162,0
1729015200000,1.112,1.121,1.111,1.117,26215.0,1729016099999,29324.8618,216,23531.6,26328.8949,0
1729016100000,1.117,1.118,1.115,1.115,16820.9,1729016999999,18780.4041,75,11806.0,13186.2495,0
1729017000000,1.118,1.118,1.115,1.115,4493.5,1729017899999,5012.8458,38,234.1,261.7126,0
1729017900000,1.118,1.119,1.115,1.115,2094.8,1729018799999,2338.82,24,967.9,1081.4808,0
1729018800000,1.116,1.117,1.111,1.115,5463.7,1729019699999,6088.5326,58,1674.4,1866.9765,0
1729019700000,1.114,1.116,1.111,1.111,8025.0,1729020599999,8935.4006,81,4148.9,4622.2326,0
1729020600000,1.111,1.111,1.11,1.11,2153.5,1729021499999,2390.6828,35,406.1,450.9534,0
1729021500000,1.11,1.11,1.108,1.11,3356.0,1729022399999,3721.8138,54,941.2,1044.2264,0
1729022400000,1.11,1.111,1.109,1.109,1310.5,1729023299999,1454.5813,29,805.0,893.615,0
1729023300000,1.108,1.108,1.102,1.102,6106.0,1729024199999,6748.6598,118,457.8,505.297,0
1729024200000,1.102,1.103,1.098,1.102,18388.4,1729025099999,20242.7886,153,9219.6,10153.4668,0
1729025100000,1.102,1.102,1.097,1.099,22156.8,1729025999999,24363.7639,84,8570.1,9427.4606,0
1729026000000,1.098,1.102,1.097,1.098,7887.0,1729026899999,8666.3234,89,2770.0,3046.6051,0
1729026900000,1.098,1.103,1.097,1.103,14234.2,1729027799999,15646.492,128,5196.2,5716.8176,0
1729027800000,1.103,1.104,1.1,1.1,3684.0,1729028699999,4061.6306,53,594.0,655.6004,0
1729028700000,1.101,1.105,1.101,1.105,1124.6,1729029599999,1241.3082,31,1062.4,1172.728,0
1729029600000,1.105,1.108,1.102,1.102,1678.6,1729030499999,1854.6497,42,574.2,634.563,0
1729030500000,1.103,1.104,1.102,1.104,1814.1,1729031399999,2001.7349,17,1767.8,1950.666,0
1729031400000,1.104,1.106,1.104,1.106,1284.1,1729032299999,1418.804,26,889.2,982.53,0
1729032300000,1.105,1.106,1.101,1.102,3019.3,1729033199999,3328.4948,36,116.3,128.5285,0
1729033200000,1.103,1.104,1.102,1.103,690.4,1729034099999,761.4641,17,353.2,389.5862,0
1729034100000,1.102,1.103,1.102,1.103,238.7,1729034999999,263.2787,9,231.3,255.1239,0
1729035000000,1.103,1.107,1.103,1.107,853.9,1729035899999,943.2948,21,417.8,461.6857,0
1729035900000,1.108,1.109,1.108,1.109,356.4,1729036799999,394.9759,13,348.5,386.2227,0
1729036800000,1.109,1.11,1.107,1.107,1094.5,1729037699999,1214.0251,24,788.7,874.9314,0
1729037700000,1.108,1.108,1.105,1.105,1649.5,1729038599999,1825.0214,34,402.7,446.1163,0
1729038600000,1.105,1.105,1.102,1.105,512.0,1729039499999,565.2042,19,110.1,121.5047,0
1729039500000,1.105,1.105,1.102,1.102,1825.5,1729040399999,2014.1629,22,390.3,430.6027,0
1729040400000,1.102,1.102,1.095,1.099,5014.2,1729041299999,5512.1422,54,928.6,1020.1989,0
1729041300000,1.1,1.113,1.099,1.113,13676.3,1729042199999,15139.1997,158,9295.8,10287.1954,0
1729042200000,1.113,1.113,1.106,1.107,4442.1,1729043099999,4928.5177,60,1297.9,1437.8553,0
1729043100000,1.108,1.109,1.108,1.109,994.0,1729043999999,1101.3594,21,994.0,1101.3594,0
1729044000000,1.107,1.113,1.107,1.113,3137.6,1729044899999,3481.5659,49,2071.4,2298.069,0
1729044900000,1.113,1.114,1.11,1.112,2459.4,1729045799999,2735.8498,42,837.5,932.3551,0
1729045800000,1.11,1.112,1.11,1.11,428.1,1729046699999,475.6887,15,240.9,267.6547,0
1729046700000,1.111,1.112,1.109,1.111,3009.3,1729047599999,3340.1654,33,340.5,378.1117,0
1729047600000,1.11,1.112,1.109,1.109,1860.0,1729048499999,2065.7606,41,1245.9,1384.2163,0
1729048500000,1.108,1.111,1.108,1.11,5740.1,1729049399999,6371.1782,40,1923.2,2134.8141,0
1729049400000,1.109,1.109,1.107,1.107,459.3,1729050299999,509.2329,13,96.3,106.7967,0
1729050300000,1.108,1.111,1.108,1.109,2131.8,1729051199999,2364.7197,27,1422.5,1577.8087,0
1729051200000,1.108,1.109,1.108,1.109,711.3,1729052099999,788.8181,9,214.8,238.2132,0
1729052100000,1.11,1.11,1.105,1.105,3124.7,1729052999999,3461.1589,26,262.7,291.3533,0
1729053000000,1.104,1.104,1.1,1.101,8647.7,1729053899999,9531.1603,57,5500.4,6063.3692,0
1729053900000,1.1,1.105,1.097,1.102,15856.3,1729054799999,17453.5618,92,8259.3,9102.2298,0
1729054800000,1.103,1.106,1.103,1.106,1829.5,1729055699999,2020.6606,37,437.7,483.4148,0
1729055700000,1.106,1.108,1.106,1.108,415.8,1729056599999,460.5542,11,415.8,460.5542,0
1729056600000,1.108,1.108,1.105,1.108,1073.4,1729057499999,1188.709,22,220.5,244.0152,0
1729057500000,1.108,1.108,1.107,1.107,317.0,1729058399999,351.0211,6,45.3,50.1924,0
1729058400000,1.105,1.108,1.105,1.107,1416.1,1729059299999,1568.3713,24,637.0,705.6062,0
1729059300000,1.108,1.109,1.1,1.1,10218.6,1729060199999,11310.0932,98,5795.1,6421.0681,0
1729060200000,1.101,1.105,1.1,1.105,1249.2,1729061099999,1377.3999,35,800.0,882.3947,0
1729061100000,1.104,1.104,1.102,1.104,1179.8,1729061999999,1301.4949,28,139.6,154.1184,0
1729062000000,1.103,1.103,1.097,1.098,5620.8,1729062899999,6181.7015,56,2497.1,2747.4895,0
1729062900000,1.098,1.101,1.098,1.098,3984.1,1729063799999,4378.2015,62,3041.3,3342.1701,0
1729063800000,1.1,1.102,1.099,1.1,1202.1,1729064699999,1322.5222,30,757.4,833.1676,0
1729064700000,1.1,1.1,1.099,1.1,1368.8,1729065599999,1505.1529,22,476.4,524.04,0
1729065600000,1.099,1.103,1.099,1.101,2896.8,1729066499999,3188.1453,40,1167.3,1285.6277,0
1729066500000,1.101,1.103,1.099,1.102,8372.6,1729067399999,9208.4822,45,2274.3,2505.2238,0
1729067400000,1.101,1.103,1.1,1.103,1562.6,1729068299999,1721.6529,27,700.1,771.7506,0
1729068300000,1.104,1.104,1.1,1.1,663.4,1729069199999,731.3694,17,178.9,197.4083,0
1729069200000,1.101,1.102,1.1,1.102,1003.3,1729070099999,1105.0042,17,417.3,459.4553,0
1729070100000,1.102,1.102,1.1,1.101,364.0,1729070999999,400.9081,12,271.2,298.748,0
1729071000000,1.104,1.11,1.104,1.109,14487.4,1729071899999,16021.8442,76,13226.0,14625.6722,0
1729071900000,1.109,1.121,1.108,1.117,40826.8,1729072799999,45566.8698,395,22505.1,25105.3705,0
1729072800000,1.118,1.122,1.112,1.114,29498.9,1729073699999,32912.451,174,15653.5,17476.6485,0
1729073700000,1.114,1.116,1.11,1.111,18219.3,1729074599999,20276.0625,102,923.6,1028.1596,0
1729074600000,1.111,1.115,1.11,1.11,3191.9,1729075499999,3550.4521,54,1635.1,1819.6574,0
1729075500000,1.11,1.112,1.108,1.111,4659.3,1729076399999,5174.3094,48,2179.1,2420.5794,0
1729076400000,1.11,1.114,1.109,1.114,2873.9,1729077299999,3192.0429,32,2664.4,2959.6884,0
1729077300000,1.112,1.123,1.112,1.12,9968.4,1729078199999,11155.3866,165,6811.3,7624.8939,0
1729078200000,1.121,1.121,1.115,1.116,9903.3,1729079099999,11078.9778,88,4565.4,5108.9275,0
1729079100000,1.117,1.126,1.117,1.122,52785.7,1729079999999,59296.1034,224,36883.0,41468.0461,0
1729080000000,1.12,1.121,1.116,1.119,6082.6,1729080899999,6800.0435,77,1525.0,1705.954,0
1729080900000,1.119,1.124,1.116,1.117,30244.8,1729081799999,33921.5829,229,20967.6,23532.5329,0
1729081800000,1.119,1.12,1.116,1.117,2290.4,1729082699999,2560.5315,60,1229.9,1375.7384,0
1729082700000,1.117,1.122,1.114,1.114,9818.1,1729083599999,10975.0719,95,6412.6,7174.3828,0
1729083600000,1.115,1.119,1.113,1.114,2725.5,1729084499999,3038.1186,55,270.1,301.3367,0
1729084500000,1.114,1.115,1.11,1.115,7020.1,1729085399999,7809.0613,87,2230.6,2482.032,0
1729085400000,1.115,1.116,1.11,1.11,16132.2,1729086299999,17943.5121,129,4484.7,4990.1972,0
1729086300000,1.11,1.113,1.109,1.112,8044.5,1729087199999,8937.3501,85,5932.1,6591.3777,0
1729087200000,1.11,1.118,1.11,1.117,5563.1,1729088099999,6201.7882,78,3654.8,4075.4748,0
1729088100000,1.116,1.123,1.116,1.118,14731.6,1729088999999,16502.9311,167,9504.2,10641.9915,0
1729089000000,1.117,1.121,1.116,1.117,13060.4,1729089899999,14612.4043,137,8443.1,9449.0855,0
1729089900000,1.117,1.12,1.117,1.12,4842.3,1729090799999,5419.3672,64,2517.1,2816.922,0
1729090800000,1.118,1.118,1.113,1.116,4749.1,1729091699999,5298.872,66,2117.0,2361.1661,0
1729091700000,1.114,1.116,1.113,1.115,7098.3,1729092599999,7910.6599,75,2698.0,3007.4294,0
1729092600000,1.115,1.119,1.115,1.118,16923.1,1729093499999,18894.2299,119,10798.6,12056.9198,0
1729093500000,1.117,1.117,1.112,1.117,3179.5,1729094399999,3545.9268,57,1066.5,1189.018,0
1729094400000,1.117,1.117,1.112,1.115,4561.3,1729095299999,5083.1987,64,516.0,575.0491,0
1729095300000,1.114,1.129,1.11,1.128,38521.4,1729096199999,43234.4222,398,29658.9,33296.7485,0
1729096200000,1.128,1.138,1.12,1.138,172485.4,1729097099999,195397.5236,675,144131.0,163354.2502,0
1729097100000,1.137,1.206,1.134,1.202,1108081.1,1729097999999,1303870.1378,7815,724942.0,851292.6708,0
1729098000000,1.202,1.223,1.163,1.17,625056.6,1729098899999,746382.1484,5960,304790.4,365136.5866,0
1729098900000,1.171,1.189,1.156,1.167,187448.7,1729099799999,219485.1864,1725,96745.7,113464.7529,0
1729099800000,1.167,1.167,1.149,1.155,150121.1,1729100699999,173534.6395,1127,42858.4,49565.4685,0
1729100700000,1.154,1.158,1.146,1.153,98054.6,1729101599999,112824.3054,804,42166.2,48617.7324,0
1729101600000,1.153,1.177,1.152,1.165,102412.6,1729102499999,119100.3421,955,60858.8,70781.485,0
1729102500000,1.165,1.165,1.152,1.161,48492.9,1729103399999,56125.2109,444,22352.8,25870.2607,0
1729103400000,1.16,1.16,1.139,1.149,61850.6,1729104299999,70882.0112,516,23670.2,27088.4819,0
1729104300000,1.149,1.149,1.138,1.139,152784.2,1729105199999,174645.374,569,13536.7,15503.3858,0
1729105200000,1.14,1.147,1.136,1.139,65289.6,1729106099999,74384.4102,518,25395.1,28938.9814,0
1729106100000,1.138,1.15,1.138,1.146,24788.0,1729106999999,28354.1969,235,16317.3,18670.0735,0
1729107000000,1.148,1.152,1.144,1.144,30177.4,1729107899999,34628.4568,218,9963.6,11455.6826,0
1729107900000,1.145,1.146,1.138,1.14,28088.8,1729108799999,32069.4099,218,5828.8,6660.0201,0
1729108800000,1.14,1.144,1.138,1.143,25722.4,1729109699999,29346.093,220,10728.1,12250.5211,0
1729109700000,1.143,1.146,1.139,1.139,21501.0,1729110599999,24573.7072,127,6344.1,7244.4952,0
1729110600000,1.14,1.143,1.132,1.133,51909.1,1729111499999,59008.4589,320,23689.1,26935.6864,0
1729111500000,1.133,1.136,1.127,1.131,46926.5,1729112399999,53076.5331,280,11179.3,12660.8781,0
1729112400000,1.13,1.136,1.123,1.134,27635.2,1729113299999,31250.6192,296,12373.6,13997.5524,0
1729113300000,1.133,1.134,1.128,1.129,8104.3,1729114199999,9150.6622,122,1732.7,1956.8778,0
1729114200000,1.13,1.133,1.128,1.128,14334.4,1729115099999,16207.7666,203,8326.0,9413.937,0
1729115100000,1.128,1.147,1.128,1.143,79365.2,1729115999999,90496.8669,472,55757.7,63556.6343,0
1729116000000,1.143,1.143,1.134,1.134,18672.7,1729116899999,21227.8091,192,9555.6,10848.0562,0
1729116900000,1.135,1.137,1.133,1.136,3972.1,1729117799999,4508.1948,62,1783.9,2025.6473,0
1729117800000,1.136,1.138,1.134,1.136,9070.1,1729118699999,10308.1243,82,3035.6,3449.6926,0
1729118700000,1.137,1.14,1.136,1.139,5815.9,1729119599999,6618.491,64,4418.4,5028.2464,0
1729119600000,1.138,1.138,1.133,1.135,9721.9,1729120499999,11030.6205,72,4592.8,5209.1859,0
1729120500000,1.135,1.135,1.131,1.132,2318.6,1729121399999,2626.1918,61,676.8,766.7562,0
1729121400000,1.133,1.133,1.13,1.131,2468.2,1729122299999,2792.6292,56,794.9,899.302,0
1729122300000,1.131,1.132,1.127,1.132,12782.7,1729123199999,14433.1651,121,3253.1,3674.4094,0
1729123200000,1.132,1.138,1.131,1.132,12708.8,1729124099999,14423.3616,127,6110.5,6937.5349,0
1729124100000,1.132,1.14,1.132,1.137,20574.4,1729124999999,23326.6339,131,16228.8,18392.4034,0
1729125000000,1.137,1.14,1.136,1.139,6821.2,1729125899999,7757.2197,66,3081.0,3506.5464,0
1729125900000,1.139,1.145,1.137,1.143,7550.7,1729126799999,8607.9614,94,5790.6,6603.639,0
1729126800000,1.143,1.145,1.139,1.141,10191.9,1729127699999,11630.9168,179,3599.3,4111.7667,0
1729127700000,1.141,1.142,1.139,1.142,1860.1,1729128599999,2120.4927,28,709.9,809.9288,0
1729128600000,1.141,1.141,1.136,1.141,13303.8,1729129499999,15148.2616,55,2106.7,2396.9799,0
1729129500000,1.141,1.145,1.14,1.143,7560.6,1729130399999,8640.3796,95,4267.8,4876.1866,0
1729130400000,1.144,1.152,1.143,1.15,24790.9,1729131299999,28472.3911,272,11379.0,13073.6853,0
1729131300000,1.15,1.157,1.149,1.152,25510.6,1729132199999,29409.1445,309,11895.2,13716.6439,0
1729132200000,1.151,1.159,1.148,1.159,29606.1,1729133099999,34225.7457,237,22611.8,26144.1271,0
1729133100000,1.158,1.159,1.15,1.151,16903.0,1729133999999,19515.874,186,9402.1,10854.7443,0
1729134000000,1.151,1.157,1.151,1.153,11225.6,1729134899999,12953.1519,142,5676.6,6548.7001,0
1729134900000,1.152,1.152,1.149,1.152,10859.5,1729135799999,12493.4057,75,7451.7,8575.2782,0
1729135800000,1.152,1.158,1.151,1.152,45020.5,1729136699999,51975.6775,190,37748.7,43587.6122,0
1729136700000,1.152,1.157,1.15,1.15,14388.3,1729137599999,16606.3974,122,7083.6,8180.9476,0
1729137600000,1.15,1.158,1.149,1.153,20968.6,1729138499999,24188.0242,196,13628.1,15726.1387,0
1729138500000,1.152,1.153,1.134,1.138,66590.8,1729139399999,75979.774,445,15865.6,18104.1075,0
1729139400000,1.139,1.141,1.133,1.133,18003.7,1729140299999,20474.226,234,8463.6,9634.6793,0
1729140300000,1.134,1.137,1.134,1.134,8341.3,1729141199999,9468.8184,97,4387.0,4981.2625,0
1729141200000,1.134,1.134,1.13,1.132,13709.3,1729142099999,15511.6588,168,3747.8,4243.4431,0
1729142100000,1.132,1.132,1.13,1.13,10601.5,1729142999999,11982.638,70,479.8,542.6585,0
1729143000000,1.13,1.132,1.13,1.13,9747.9,1729143899999,11016.7516,61,997.7,1128.7334,0
1729143900000,1.13,1.13,1.123,1.125,27664.0,1729144799999,31137.1222,261,10949.0,12317.9261,0
1729144800000,1.126,1.127,1.117,1.12,16633.7,1729145699999,18626.1547,144,4943.8,5534.9058,0
1729145700000,1.121,1.123,1.118,1.12,23992.2,1729146599999,26869.4646,289,8391.7,9402.36,0
1729146600000,1.12,1.126,1.118,1.123,12630.1,1729147499999,14176.8472,170,7405.7,8313.8259,0
1729147500000,1.122,1.125,1.118,1.118,10358.2,1729148399999,11627.1001,121,5612.0,6304.0327,0
1729148400000,1.118,1.121,1.11,1.117,22295.2,1729149299999,24836.2965,250,9982.1,11127.0306,0
1729149300000,1.116,1.116,1.111,1.112,5566.6,1729150199999,6199.5452,97,2221.9,2475.8264,0
1729150200000,1.113,1.114,1.11,1.113,18391.2,1729151099999,20444.6768,152,5885.4,6550.2118,0
1729151100000,1.113,1.122,1.11,1.12,12488.0,1729151999999,13955.6999,115,10303.5,11516.6312,0
1729152000000,1.12,1.123,1.115,1.117,13067.2,1729152899999,14617.5084,106,3988.2,4470.1942,0
1729152900000,1.117,1.118,1.116,1.118,2071.0,1729153799999,2314.2469,37,1713.0,1914.4306,0
1729153800000,1.116,1.117,1.114,1.114,10914.6,1729154699999,12177.7799,89,8741.1,9754.4884,0
1729154700000,1.116,1.12,1.115,1.119,29419.8,1729155599999,32845.6898,216,25843.9,28850.6016,0
1729155600000,1.119,1.121,1.113,1.119,12193.0,1729156499999,13636.2495,169,5535.4,6190.5389,0
1729156500000,1.119,1.119,1.114,1.115,4523.3,1729157399999,5049.8616,71,2338.9,2613.8807,0
1729157400000,1.115,1.116,1.111,1.113,11214.6,1729158299999,12479.5423,70,4269.0,4749.328,0
1729158300000,1.112,1.116,1.111,1.112,5014.3,1729159199999,5583.1663,93,3644.3,4058.3382,0
1729159200000,1.113,1.114,1.11,1.11,10672.3,1729160099999,11858.9323,134,3980.6,4429.9876,0
1729160100000,1.11,1.111,1.1,1.102,30246.1,1729160999999,33411.9058,289,8953.8,9882.0529,0
1729161000000,1.103,1.104,1.097,1.101,23668.5,1729161899999,26033.9472,212,12168.4,13391.918,0
1729161900000,1.101,1.106,1.1,1.105,4493.4,1729162799999,4958.8013,89,2502.1,2761.6619,0
1729162800000,1.105,1.107,1.097,1.098,15989.4,1729163699999,17607.3481,205,3682.4,4057.0172,0
1729163700000,1.097,1.098,1.092,1.092,12390.5,1729164599999,13560.1806,155,3116.1,3411.1908,0
1729164600000,1.094,1.099,1.092,1.092,14435.0,1729165499999,15804.7233,147,6995.7,7665.7664,0
1729165500000,1.092,1.094,1.091,1.093,4923.7,1729166399999,5380.37,106,1123.3,1228.1188,0
1729166400000,1.091,1.093,1.088,1.092,7853.4,1729167299999,8562.0284,251,1879.4,2050.9039,0
1729167300000,1.092,1.098,1.09,1.096,5980.2,1729168199999,6551.3042,160,2343.9,2567.7717,0
1729168200000,1.097,1.102,1.097,1.1,6467.2,1729169099999,7115.6625,94,4303.7,4736.5323,0
1729169100000,1.1,1.101,1.097,1.101,3121.8,1729169999999,3431.0398,52,1547.8,1701.8837,0
1729170000000,1.101,1.106,1.101,1.101,5083.5,1729170899999,5611.0161,103,3595.3,3970.3065,0
1729170900000,1.101,1.101,1.097,1.101,923.8,1729171799999,1015.7787,32,370.3,406.7083,0
1729171800000,1.101,1.105,1.095,1.105,2728.6,1729172699999,3000.0254,59,1528.4,1681.212,0
1729172700000,1.105,1.109,1.099,1.101,16047.8,1729173599999,17697.2205,224,11164.7,12317.2446,0
1729173600000,1.1,1.101,1.096,1.101,11702.8,1729174499999,12831.832,84,1668.0,1830.576,0
1729174500000,1.099,1.103,1.097,1.099,1070.2,1729175399999,1177.6175,23,963.8,1060.6005,0
1729175400000,1.1,1.103,1.097,1.103,1858.0,1729176299999,2045.0009,42,1277.6,1406.0811,0
1729176300000,1.103,1.108,1.101,1.105,4285.6,1729177199999,4732.1408,65,3331.7,3680.1476,0
1729177200000,1.105,1.109,1.101,1.101,8889.4,1729178099999,9822.5887,118,4418.2,4885.6179,0
1729178100000,1.102,1.105,1.099,1.103,9230.5,1729178999999,10174.045,74,6083.0,6709.9388,0
1729179000000,1.103,1.11,1.103,1.11,3979.7,1729179899999,4409.301,83,2433.5,2695.311,0
1729179900000,1.108,1.109,1.106,1.108,6001.3,1729180799999,6646.455,82,3587.3,3972.985,0
1729180800000,1.108,1.109,1.106,1.107,7028.1,1729181699999,7784.4813,88,4378.1,4850.9762,0
1729181700000,1.106,1.107,1.097,1.099,25360.2,1729182599999,27965.5907,235,5714.1,6310.064,0
1729182600000,1.098,1.103,1.096,1.102,26548.0,1729183499999,29173.3895,245,11278.8,12399.1752,0
1729183500000,1.104,1.104,1.096,1.1,13373.8,1729184399999,14687.8853,133,3510.2,3862.1578,0
1729184400000,1.099,1.101,1.096,1.101,7149.7,1729185299999,7857.5184,118,4129.0,4541.469,0
1729185300000,1.101,1.124,1.09,1.109,83925.8,1729186199999,93007.1553,851,60204.4,66733.7696,0
1729186200000,1.108,1.112,1.105,1.105,29917.8,1729187099999,33162.0914,272,9325.3,10345.8216,0
1729187100000,1.106,1.11,1.087,1.095,81518.8,1729187999999,89400.1269,739,21668.4,23748.4035,0
1729188000000,1.095,1.096,1.083,1.088,19110.4,1729188899999,20784.8838,250,4703.1,5112.9008,0
1729188900000,1.088,1.093,1.087,1.09,3340.3,1729189799999,3642.1553,64,1840.3,2007.1094,0
1729189800000,1.091,1.094,1.088,1.094,2508.0,1729190699999,2735.7929,51,1064.1,1161.4958,0
1729190700000,1.093,1.096,1.093,1.094,6360.5,1729191599999,6960.8606,103,4306.3,4713.7197,0
1729191600000,1.094,1.097,1.092,1.096,6902.2,1729192499999,7555.6995,105,3827.8,4191.1411,0
1729192500000,1.097,1.101,1.096,1.099,13826.4,1729193399999,15203.8154,132,10736.9,11811.242,0
1729193400000,1.098,1.101,1.097,1.099,4409.4,1729194299999,4844.2093,76,2261.4,2485.8269,0
1729194300000,1.099,1.103,1.098,1.098,2807.0,1729195199999,3086.6267,81,1368.3,1505.5621,0
1729195200000,1.099,1.104,1.099,1.101,8463.7,1729196099999,9326.9306,86,8345.1,9196.3683,0
1729196100000,1.102,1.106,1.102,1.102,8651.1,1729196999999,9552.9366,151,3219.0,3556.0066,0
1729197000000,1.103,1.103,1.097,1.102,7643.2,1729197899999,8405.9156,114,1921.0,2114.5794,0
1729197900000,1.101,1.101,1.096,1.096,2684.6,1729198799999,2950.5969,48,687.5,755.2264,0
1729198800000,1.096,1.1,1.095,1.1,7069.1,1729199699999,7753.6364,98,2883.9,3166.0484,0
1729199700000,1.099,1.101,1.098,1.098,5806.3,1729200599999,6377.035,40,228.5,251.2303,0
1729200600000,1.098,1.098,1.088,1.093,23068.5,1729201499999,25223.3931,221,7987.9,8735.8952,0
1729201500000,1.093,1.096,1.092,1.095,1925.3,1729202399999,2106.4955,57,775.8,848.2855,0
1729202400000,1.095,1.096,1.092,1.094,6394.5,1729203299999,6996.463,80,2922.2,3199.0095,0
1729203300000,1.094,1.098,1.094,1.097,2348.0,1729204199999,2573.1935,41,1443.7,1583.0365,0
1729204200000,1.097,1.098,1.093,1.095,6369.7,1729205099999,6972.0514,70,778.8,852.6142,0
1729205100000,1.094,1.097,1.093,1.095,1525.0,1729205999999,1669.8457,30,1444.7,1581.9405,0
1729206000000,1.096,1.1,1.095,1.099,5437.2,1729206899999,5970.3381,83,5160.5,5666.7153,0
1729206900000,1.098,1.099,1.093,1.096,3954.1,1729207799999,4332.2498,57,1854.4,2030.0433,0
1729207800000,1.096,1.099,1.095,1.099,8303.8,1729208699999,9112.3863,66,2949.4,3239.2316,0
1729208700000,1.099,1.1,1.098,1.099,1950.8,1729209599999,2143.9395,48,233.2,256.4481,0
1729209600000,1.1,1.1,1.097,1.099,1654.2,1729210499999,1817.5852,46,909.4,999.5945,0
1729210500000,1.099,1.099,1.094,1.095,3777.3,1729211399999,4139.9428,87,1223.4,1341.5666,0
1729211400000,1.095,1.097,1.093,1.096,2143.1,1729212299999,2346.3403,55,1764.1,1931.4612,0
1729212300000,1.094,1.094,1.09,1.094,6065.3,1729213199999,6621.4093,81,2566.6,2801.3778,0
1729213200000,1.093,1.098,1.093,1.098,1424.2,1729214099999,1559.5832,42,754.6,826.583,0
1729214100000,1.098,1.102,1.097,1.102,2667.8,1729214999999,2933.8643,65,2288.5,2517.4528,0
1729215000000,1.103,1.106,1.102,1.104,5979.5,1729215899999,6601.3848,107,5326.5,5880.3782,0
1729215900000,1.104,1.114,1.104,1.108,7166.1,1729216799999,7946.7935,167,6182.3,6855.1651,0
1729216800000,1.108,1.116,1.105,1.106,13284.1,1729217699999,14757.9087,164,9292.6,10331.5088,0
1729217700000,1.105,1.109,1.103,1.104,4476.6,1729218599999,4944.5276,75,2824.0,3120.9043,0
1729218600000,1.104,1.109,1.104,1.107,2359.9,1729219499999,2611.1813,51,1029.3,1139.7614,0
1729219500000,1.106,1.109,1.106,1.108,6895.4,1729220399999,7638.2019,42,5189.5,5749.7362,0
1729220400000,1.108,1.113,1.106,1.108,12066.3,1729221299999,13387.8965,108,5615.2,6233.3501,0
1729221300000,1.11,1.11,1.107,1.109,1739.8,1729222199999,1928.5856,43,1047.0,1160.8439,0
1729222200000,1.109,1.109,1.107,1.108,349.0,1729223099999,386.591,23,33.0,36.5864,0
1729223100000,1.107,1.108,1.104,1.105,3260.1,1729223999999,3605.7268,27,89.6,99.12,0
1729224000000,1.104,1.108,1.104,1.105,14029.9,1729224899999,15520.854,96,12316.4,13626.0974,0
1729224900000,1.106,1.108,1.105,1.106,2015.3,1729225799999,2228.6028,56,440.0,487.1373,0
1729225800000,1.107,1.11,1.105,1.106,5649.0,1729226699999,6258.3812,46,282.7,313.3128,0
1729226700000,1.108,1.108,1.105,1.105,878.4,1729227599999,973.0769,26,434.7,481.6364,0
1729227600000,1.105,1.106,1.103,1.105,1972.3,1729228499999,2179.0148,49,1140.7,1260.2704,0
1729228500000,1.105,1.105,1.101,1.104,4244.2,1729229399999,4680.7138,78,1485.1,1638.1518,0
1729229400000,1.104,1.109,1.103,1.107,4472.7,1729230299999,4948.4227,95,2860.5,3166.5779,0
1729230300000,1.106,1.114,1.106,1.113,5496.8,1729231199999,6114.5883,84,4429.9,4928.5026,0
1729231200000,1.112,1.115,1.108,1.11,11859.8,1729232099999,13192.3129,105,8243.6,9180.1241,0
1729232100000,1.111,1.117,1.11,1.112,11500.1,1729232999999,12792.2556,116,8997.6,10005.7347,0
1729233000000,1.111,1.113,1.108,1.108,6940.5,1729233899999,7701.0661,90,1837.2,2040.2166,0
1729233900000,1.108,1.108,1.106,1.107,3737.9,1729234799999,4137.8672,30,461.1,510.469,0
1729234800000,1.107,1.107,1.102,1.103,5274.8,1729235699999,5829.7547,87,2071.2,2288.7536,0
1729235700000,1.103,1.109,1.103,1.107,3125.6,1729236599999,3457.9536,78,2604.1,2881.0647,0
1729236600000,1.109,1.109,1.106,1.108,704.1,1729237499999,779.6307,47,249.2,276.0917,0
1729237500000,1.107,1.112,1.103,1.112,9035.9,1729238399999,9997.2439,100,2466.4,2734.6897,0
1729238400000,1.111,1.113,1.108,1.11,5187.5,1729239299999,5756.3182,51,169.5,188.2797,0
1729239300000,1.11,1.112,1.107,1.111,4526.4,1729240199999,5016.9458,70,832.8,923.1358,0
1729240200000,1.111,1.112,1.108,1.11,2228.3,1729241099999,2474.1125,59,1441.3,1600.8379,0
1729241100000,1.11,1.115,1.108,1.114,12674.6,1729241999999,14086.3461,128,7883.7,8762.0454,0
1729242000000,1.113,1.114,1.11,1.112,5128.9,1729242899999,5703.1225,93,1991.8,2217.0091,0
1729242900000,1.112,1.113,1.108,1.109,11060.1,1729243799999,12272.4077,104,2334.2,2594.665,0
1729243800000,1.109,1.11,1.105,1.107,5276.9,1729244699999,5840.9446,93,2998.3,3320.2583,0
1729244700000,1.107,1.112,1.106,1.11,10268.8,1729245599999,11389.2093,128,6477.0,7183.1433,0
1729245600000,1.111,1.111,1.109,1.109,1224.7,1729246499999,1359.0505,51,726.1,805.9969,0
1729246500000,1.11,1.113,1.107,1.112,11851.4,1729247399999,13155.6171,99,2699.5,2999.7757,0
1729247400000,1.111,1.117,1.111,1.115,10954.0,1729248299999,12206.6094,124,5094.3,5677.0261,0
1729248300000,1.115,1.115,1.11,1.112,14926.5,1729249199999,16609.2109,94,1355.1,1505.6747,0
1729249200000,1.111,1.113,1.111,1.112,1491.3,1729250099999,1657.6492,51,193.0,214.6893,0
1729250100000,1.111,1.112,1.108,1.108,4422.7,1729250999999,4907.0583,72,1645.8,1826.8636,0
1729251000000,1.108,1.11,1.107,1.107,1389.3,1729251899999,1538.9359,45,330.5,366.3493,0
1729251900000,1.107,1.11,1.104,1.104,7285.5,1729252799999,8069.33,93,3040.1,3368.5132,0
1729252800000,1.105,1.109,1.104,1.108,6801.9,1729253699999,7532.3382,96,5485.5,6075.5063,0
1729253700000,1.106,1.108,1.103,1.103,3057.9,1729254599999,3375.8077,73,347.9,384.4996,0
1729254600000,1.104,1.106,1.102,1.104,6036.3,1729255499999,6668.1243,97,4013.6,4435.4935,0
1729255500000,1.105,1.106,1.098,1.101,16462.6,1729256399999,18109.0848,97,4326.0,4757.5001,0
1729256400000,1.103,1.108,1.103,1.107,5193.9,1729257299999,5743.6425,62,3691.1,4082.4944,0
1729257300000,1.107,1.108,1.105,1.107,5003.7,1729258199999,5532.6242,56,1318.9,1458.2756,0
1729258200000,1.106,1.109,1.105,1.109,2834.3,1729259099999,3139.3518,49,823.8,912.4512,0
1729259100000,1.109,1.112,1.109,1.111,15358.6,1729259999999,17051.5277,105,7048.2,7831.2374,0
1729260000000,1.111,1.116,1.111,1.112,7362.0,1729260899999,8194.1116,99,3180.7,3541.353,0
1729260900000,1.111,1.113,1.109,1.112,5896.7,1729261799999,6551.2123,80,2614.7,2906.1908,0
1729261800000,1.111,1.117,1.111,1.115,4208.9,1729262699999,4691.9352,66,2408.1,2685.3788,0
1729262700000,1.114,1.115,1.109,1.11,19166.3,1729263599999,21279.5931,98,1781.1,1978.4203,0
1729263600000,1.111,1.113,1.108,1.11,6133.1,1729264499999,6805.1598,127,1721.0,1910.8514,0
1729264500000,1.11,1.116,1.107,1.115,12000.8,1729265399999,13330.6153,152,6743.5,7498.6833,0
1729265400000,1.115,1.117,1.111,1.117,4601.8,1729266299999,5129.8303,83,2482.4,2768.8798,0
1729266300000,1.116,1.118,1.115,1.117,4023.7,1729267199999,4493.027,73,3308.2,3694.6766,0
1729267200000,1.117,1.117,1.111,1.112,8444.7,1729268099999,9402.9644,69,4425.5,4927.4394,0
1729268100000,1.112,1.114,1.11,1.112,23621.0,1729268999999,26256.4989,132,14750.7,16403.4662,0
1729269000000,1.112,1.117,1.111,1.117,11535.1,1729269899999,12862.2865,156,6750.0,7529.9442,0
1729269900000,1.117,1.126,1.115,1.123,24171.0,1729270799999,27115.1455,250,13588.2,15248.4908,0
1729270800000,1.122,1.124,1.121,1.123,5814.6,1729271699999,6530.312,85,4981.5,5595.4812,0
1729271700000,1.123,1.123,1.116,1.116,1985.5,1729272599999,2221.8389,67,376.9,421.8377,0
1729272600000,1.117,1.119,1.116,1.118,3342.2,1729273499999,3735.1302,58,1348.9,1508.6416,0
1729273500000,1.118,1.122,1.117,1.122,9049.4,1729274399999,10128.7148,79,5740.4,6426.0334,0
1729274400000,1.121,1.125,1.118,1.12,14959.8,1729275299999,16770.5547,147,5670.3,6361.7551,0
1729275300000,1.12,1.12,1.116,1.118,8051.1,1729276199999,9000.1691,90,2229.4,2492.0129,0
1729276200000,1.119,1.119,1.116,1.118,7211.9,1729277099999,8055.5931,89,1806.7,2018.7009,0
1729277100000,1.117,1.119,1.116,1.116,1469.4,1729277999999,1641.8048,41,706.2,789.6836,0
1729278000000,1.116,1.118,1.116,1.116,1822.2,1729278899999,2035.2817,47,1100.3,1229.6113,0
1729278900000,1.117,1.117,1.112,1.116,2022.1,1729279799999,2254.0265,56,530.0,590.7314,0
1729279800000,1.116,1.116,1.112,1.113,1861.4,1729280699999,2074.2832,53,406.5,453.3212,0
1729280700000,1.113,1.114,1.112,1.113,1913.8,1729281599999,2129.8974,28,990.0,1102.5552,0
1729281600000,1.113,1.114,1.112,1.112,2800.7,1729282499999,3116.4572,39,2328.0,2590.6685,0
1729282500000,1.114,1.114,1.111,1.112,2594.0,1729283399999,2884.9748,55,991.2,1103.0593,0
1729283400000,1.111,1.117,1.111,1.116,4234.3,1729284299999,4711.6498,66,2814.2,3131.6067,0
1729284300000,1.115,1.117,1.114,1.117,1988.1,1729285199999,2217.3318,58,424.2,473.4374,0
1729285200000,1.116,1.118,1.114,1.116,2072.8,1729286099999,2313.7735,57,869.6,970.6114,0
1729286100000,1.116,1.118,1.116,1.118,959.1,1729286999999,1071.2314,37,453.2,506.2254,0
1729287000000,1.117,1.12,1.117,1.118,3605.5,1729287899999,4031.3743,64,1404.1,1570.4536,0
1729287900000,1.117,1.122,1.117,1.12,8823.7,1729288799999,9873.6569,101,4513.6,5053.2457,0
1729288800000,1.12,1.123,1.119,1.119,14388.5,1729289699999,16128.8384,169,4796.9,5382.0444,0
1729289700000,1.12,1.123,1.118,1.122,6038.2,1729290599999,6764.4674,81,3967.4,4446.8521,0
1729290600000,1.122,1.122,1.121,1.122,1406.9,1729291499999,1577.9235,42,526.0,590.1388,0
1729291500000,1.121,1.124,1.121,1.122,4428.5,1729292399999,4974.579,60,3818.6,4289.4219,0
1729292400000,1.122,1.124,1.122,1.122,1200.2,1729293299999,1347.9693,30,1075.2,1207.7193,0
1729293300000,1.122,1.124,1.122,1.123,143.7,1729294199999,161.439,20,70.0,78.6795,0
1729294200000,1.124,1.124,1.122,1.124,4109.2,1729295099999,4616.5458,44,1241.2,1394.9128,0
1729295100000,1.124,1.125,1.123,1.123,2453.5,1729295999999,2756.8567,37,1332.2,1497.3982,0
1729296000000,1.124,1.124,1.121,1.123,3490.4,1729296899999,3917.4982,46,759.6,852.8748,0
1729296900000,1.122,1.126,1.122,1.126,4510.2,1729297799999,5068.6951,57,3190.5,3587.3974,0
1729297800000,1.125,1.126,1.122,1.122,14977.9,1729298699999,16834.5437,78,2614.3,2935.2084,0
1729298700000,1.123,1.128,1.123,1.125,14620.2,1729299599999,16444.9697,110,11150.2,12546.9878,0
1729299600000,1.125,1.128,1.124,1.127,3928.1,1729300499999,4422.8298,70,3074.8,3462.1707,0
1729300500000,1.127,1.129,1.126,1.129,2555.1,1729301399999,2882.1935,63,2141.1,2415.651,0
1729301400000,1.127,1.13,1.126,1.128,763.8,1729302299999,861.347,47,266.1,300.4317,0
1729302300000,1.127,1.129,1.125,1.125,1884.1,1729303199999,2123.0962,65,1481.9,1670.2496,0
1729303200000,1.126,1.129,1.125,1.128,2073.2,1729304099999,2334.9896,49,1199.9,1352.2305,0
1729304100000,1.128,1.133,1.128,1.13,5297.8,1729304999999,5995.4662,71,2631.1,2978.3777,0
1729305000000,1.13,1.132,1.128,1.13,6365.0,1729305899999,7192.7286,57,2258.8,2554.6027,0
1729305900000,1.129,1.13,1.129,1.13,136.5,1729306799999,154.1625,25,54.0,61.02,0
1729306800000,1.129,1.134,1.129,1.134,5793.1,1729307699999,6556.1396,51,2542.8,2876.7159,0
1729307700000,1.133,1.134,1.132,1.133,3080.5,1729308599999,3490.1168,30,76.5,86.7072,0
1729308600000,1.132,1.133,1.131,1.132,593.0,1729309499999,671.4496,29,236.5,267.9436,0
1729309500000,1.132,1.132,1.131,1.132,1273.5,1729310399999,1440.4178,40,89.3,101.0876,0
1729310400000,1.132,1.133,1.13,1.131,3065.0,1729311299999,3467.5554,48,1134.4,1284.1069,0
1729311300000,1.131,1.133,1.128,1.128,3698.7,1729312199999,4180.2941,74,1124.6,1272.6517,0
1729312200000,1.13,1.13,1.127,1.127,13611.1,1729313099999,15351.3832,76,486.8,549.4352,0
1729313100000,1.129,1.129,1.124,1.124,9402.7,1729313999999,10580.6039,57,257.9,290.3927,0
1729314000000,1.125,1.131,1.125,1.131,8981.7,1729314899999,10130.9423,101,5844.2,6594.5949,0
1729314900000,1.13,1.135,1.126,1.13,16349.9,1729315799999,18506.3607,140,8165.2,9245.2245,0
1729315800000,1.13,1.135,1.13,1.131,6423.6,1729316699999,7283.2177,73,4766.9,5405.7786,0
1729316700000,1.132,1.135,1.13,1.131,12264.1,1729317599999,13898.2131,84,6229.6,7068.005,0
1729317600000,1.131,1.134,1.129,1.131,7784.2,1729318499999,8808.4837,60,3494.2,3955.9796,0
1729318500000,1.133,1.134,1.13,1.13,5580.4,1729319399999,6322.9176,36,3676.4,4168.0646,0
1729319400000,1.13,1.133,1.129,1.131,2415.2,1729320299999,2731.3191,50,105.8,119.7017,0
1729320300000,1.131,1.131,1.128,1.128,5334.3,1729321199999,6023.1576,50,553.0,624.89,0
1729321200000,1.129,1.13,1.126,1.128,2710.0,1729322099999,3056.7809,54,1240.6,1400.5173,0
1729322100000,1.128,1.129,1.126,1.126,3036.7,1729322999999,3424.0046,35,1183.7,1334.4632,0
1729323000000,1.127,1.127,1.124,1.124,4215.3,1729323899999,4741.9188,46,688.7,775.5065,0
1729323900000,1.124,1.124,1.12,1.121,16398.4,1729324799999,18386.3814,102,3965.5,4446.2184,0
1729324800000,1.122,1.124,1.121,1.122,8825.1,1729325699999,9908.546,55,3533.8,3967.3215,0
1729325700000,1.121,1.126,1.119,1.126,12680.4,1729326599999,14228.9065,85,5356.7,6020.8887,0
1729326600000,1.127,1.129,1.126,1.127,6717.1,1729327499999,7572.5818,77,3261.3,3678.9836,0
1729327500000,1.127,1.128,1.126,1.128,1111.7,1729328399999,1252.8055,24,454.1,512.1479,0
1729328400000,1.126,1.127,1.126,1.126,775.9,1729329299999,873.6733,10,16.5,18.5889,0
1729329300000,1.126,1.127,1.124,1.125,1387.8,1729330199999,1561.7451,19,489.7,551.3546,0
1729330200000,1.125,1.127,1.124,1.124,2823.2,1729331099999,3174.7467,23,1020.0,1147.8505,0
1729331100000,1.125,1.125,1.122,1.123,1219.1,1729331999999,1368.6365,22,288.0,323.9057,0
1729332000000,1.123,1.123,1.12,1.122,6399.4,1729332899999,7178.3628,67,3701.6,4153.245,0
1729332900000,1.121,1.121,1.117,1.117,9328.3,1729333799999,10438.9568,60,1850.6,2071.195,0
1729333800000,1.118,1.119,1.116,1.117,7653.8,1729334699999,8551.6904,57,3063.4,3423.3665,0
1729334700000,1.118,1.119,1.114,1.116,7696.5,1729335599999,8586.3271,95,475.6,531.2142,0
1729335600000,1.116,1.118,1.115,1.118,1547.9,1729336499999,1727.9264,47,495.1,553.0982,0
1729336500000,1.118,1.118,1.115,1.115,760.2,1729337399999,848.5853,19,204.1,228.0009,0
1729337400000,1.116,1.116,1.11,1.112,5882.5,1729338299999,6546.1486,75,880.0,980.7331,0
1729338300000,1.111,1.114,1.108,1.109,11145.4,1729339199999,12375.6651,110,1757.7,1954.1521,0
1729339200000,1.109,1.114,1.109,1.113,2856.3,1729340099999,3174.2803,49,415.1,461.38,0
1729340100000,1.113,1.115,1.112,1.115,7108.8,1729340999999,7920.7333,73,4255.6,4742.4221,0
1729341000000,1.116,1.116,1.115,1.115,278.2,1729341899999,310.2333,15,40.3,44.9748,0
1729341900000,1.116,1.117,1.115,1.116,1746.4,1729342799999,1948.7216,24,1161.6,1296.5952,0
1729342800000,1.118,1.119,1.113,1.115,1729.8,1729343699999,1930.9526,46,48.1,53.7049,0
1729343700000,1.114,1.115,1.112,1.115,14135.8,1729344599999,15747.3074,70,8661.4,9654.0562,0
1729344600000,1.114,1.115,1.114,1.115,172.5,1729345499999,192.2069,13,93.8,104.5351,0
1729345500000,1.115,1.115,1.11,1.11,8072.4,1729346399999,8973.0196,45,106.3,118.4238,0
1729346400000,1.111,1.114,1.11,1.114,1600.5,1729347299999,1780.3771,32,1145.5,1274.5555,0
1729347300000,1.114,1.116,1.113,1.115,10385.8,1729348199999,11571.9371,34,10326.0,11505.3497,0
1729348200000,1.115,1.117,1.114,1.116,1541.1,1729349099999,1719.5365,26,802.6,895.7054,0
1729349100000,1.115,1.116,1.113,1.114,7088.1,1729349999999,7895.6456,48,1411.4,1573.4816,0
1729350000000,1.115,1.119,1.115,1.115,8661.6,1729350899999,9675.8205,79,5121.9,5722.2427,0
1729350900000,1.117,1.117,1.112,1.112,5289.7,1729351799999,5898.8157,72,3346.0,3733.9646,0
1729351800000,1.113,1.114,1.11,1.111,6861.2,1729352699999,7628.8564,57,2147.0,2387.5992,0
1729352700000,1.111,1.114,1.11,1.114,2036.1,1729353599999,2264.3415,45,1510.0,1678.8228,0
1729353600000,1.114,1.114,1.111,1.111,2086.9,1729354499999,2321.693,29,483.6,538.2722,0
1729354500000,1.112,1.113,1.111,1.112,731.5,1729355399999,813.8868,16,593.5,660.4444,0
1729355400000,1.112,1.113,1.112,1.113,1259.8,1729356299999,1401.2482,23,286.8,319.2084,0
1729356300000,1.113,1.114,1.109,1.109,10852.7,1729357199999,12048.8607,49,1445.8,1604.9874,0
1729357200000,1.11,1.112,1.108,1.111,2733.7,1729358099999,3032.5617,38,2469.5,2739.5572,0
1729358100000,1.11,1.112,1.109,1.111,1483.2,1729358999999,1647.7581,39,1151.1,1278.9623,0
1729359000000,1.111,1.111,1.108,1.109,2966.1,1729359899999,3289.7456,46,1589.1,1762.5523,0
1729359900000,1.109,1.111,1.108,1.109,2043.2,1729360799999,2267.476,20,1452.8,1612.6112,0
1729360800000,1.109,1.11,1.109,1.109,58.8,1729361699999,65.24,10,30.8,34.188,0
1729361700000,1.11,1.112,1.108,1.111,1197.9,1729362599999,1329.8439,42,516.3,573.5704,0
1729362600000,1.11,1.111,1.11,1.11,101.0,1729363499999,112.1155,9,5.5,6.1105,0
1729363500000,1.11,1.114,1.11,1.113,1098.6,1729364399999,1222.6817,24,483.0,537.5917,0
1729364400000,1.113,1.113,1.11,1.112,959.6,1729365299999,1066.4839,31,79.6,88.4526,0
1729365300000,1.111,1.117,1.111,1.116,1482.4,1729366199999,1653.2012,34,1400.6,1562.053,0
1729366200000,1.115,1.116,1.114,1.115,4850.0,1729367099999,5410.2602,89,2420.9,2701.353,0
1729367100000,1.114,1.117,1.113,1.116,4473.3,1729367999999,4989.245,50,3496.6,3900.8651,0
1729368000000,1.115,1.117,1.115,1.116,9437.7,1729368899999,10538.6167,49,8526.2,9522.2328,0
1729368900000,1.115,1.117,1.114,1.116,19654.2,1729369799999,21950.6212,57,18449.7,20607.9247,0
1729369800000,1.116,1.119,1.112,1.113,14086.2,1729370699999,15707.3368,70,4544.4,5065.0422,0
1729370700000,1.113,1.114,1.112,1.114,810.9,1729371599999,902.5707,24,771.7,858.9691,0
1729371600000,1.114,1.116,1.113,1.115,1803.0,1729372499999,2010.0427,37,1231.4,1372.9881,0
1729372500000,1.114,1.115,1.112,1.113,3223.1,1729373399999,3589.6268,49,1773.3,1975.9577,0
1729373400000,1.113,1.116,1.113,1.114,5004.5,1729374299999,5580.6409,50,2712.3,3025.6516,0
1729374300000,1.116,1.117,1.112,1.112,3670.8,1729375199999,4092.1739,40,851.0,949.3447,0
1729375200000,1.113,1.113,1.112,1.112,1322.7,1729376099999,1472.1371,34,1294.7,1441.0011,0
1729376100000,1.112,1.113,1.111,1.112,1293.0,1729376999999,1437.9653,36,949.7,1056.3757,0
1729377000000,1.111,1.116,1.111,1.116,2459.0,1729377899999,2735.204,25,1946.9,2166.2068,0
1729377900000,1.116,1.117,1.115,1.115,386.2,1729378799999,431.1393,27,248.5,277.5474,0
1729378800000,1.116,1.117,1.115,1.117,1772.0,1729379699999,1976.268,24,449.6,501.792,0
1729379700000,1.117,1.122,1.117,1.121,9853.2,1729380599999,11034.2817,107,6585.3,7376.4648,0
1729380600000,1.121,1.122,1.118,1.12,5029.3,1729381499999,5631.5128,73,2935.6,3286.4116,0
1729381500000,1.12,1.124,1.119,1.122,4516.9,1729382399999,5068.6448,53,3062.9,3437.9546,0
1729382400000,1.122,1.124,1.121,1.123,2298.9,1729383299999,2580.3943,55,1665.3,1869.2681,0
1729383300000,1.122,1.123,1.12,1.122,3821.6,1729384199999,4287.8551,64,2634.2,2956.0503,0
1729384200000,1.122,1.122,1.115,1.116,6287.6,1729385099999,7030.7614,73,2654.6,2964.6485,0
1729385100000,1.117,1.121,1.115,1.119,1736.0,1729385999999,1940.5366,44,759.7,848.8968,0
1729386000000,1.117,1.118,1.115,1.117,1313.5,1729386899999,1466.9412,29,166.4,185.7615,0
1729386900000,1.115,1.117,1.115,1.116,2133.1,1729387799999,2380.8288,24,1902.9,2123.9198,0
1729387800000,1.116,1.116,1.115,1.115,452.8,1729388699999,505.2925,21,344.0,383.904,0
1729388700000,1.115,1.115,1.112,1.112,1744.4,1729389599999,1944.6079,20,5.6,6.2384,0
1729389600000,1.113,1.115,1.112,1.112,3074.1,1729390499999,3421.0705,41,1954.1,2175.16,0
1729390500000,1.114,1.117,1.113,1.113,1601.1,1729391399999,1785.8536,29,1035.2,1154.8816,0
1729391400000,1.113,1.116,1.113,1.115,216.0,1729392299999,240.8796,20,171.2,190.978,0
1729392300000,1.113,1.114,1.112,1.114,1253.9,1729393199999,1395.5403,29,381.8,424.949,0
1729393200000,1.112,1.114,1.112,1.114,781.2,1729394099999,869.4397,25,663.0,737.9447,0
1729394100000,1.112,1.114,1.112,1.113,527.4,1729394999999,586.6237,20,88.2,98.2333,0
1729395000000,1.113,1.115,1.112,1.115,211.9,1729395899999,235.8235,14,93.1,103.6955,0
1729395900000,1.113,1.115,1.112,1.115,2919.1,1729396799999,3249.4421,38,806.6,898.6994,0
1729396800000,1.115,1.118,1.115,1.117,5367.3,1729397699999,5994.5984,80,2681.1,2995.2847,0
1729397700000,1.118,1.127,1.118,1.124,10912.0,1729398599999,12262.9252,139,8560.8,9621.1253,0
1729398600000,1.125,1.127,1.124,1.126,5841.4,1729399499999,6574.2579,82,2907.1,3272.5688,0
1729399500000,1.125,1.134,1.123,1.134,28633.7,1729400399999,32332.0684,237,22588.3,25509.7526,0
1729400400000,1.132,1.146,1.132,1.144,97364.3,1729401299999,111084.0255,594,75910.9,86648.4681,0
1729401300000,1.145,1.175,1.141,1.155,251821.4,1729402199999,291451.2776,1861,162034.3,187441.1034,0
1729402200000,1.156,1.159,1.146,1.154,84019.0,1729403099999,96764.6038,672,51081.7,58855.5512,0
1729403100000,1.153,1.205,1.153,1.177,409483.9,1729403999999,484458.9556,2976,284402.7,336194.2368,0
1729404000000,1.174,1.187,1.164,1.177,247629.2,1729404899999,291276.5156,1703,152671.1,179655.03,0
1729404900000,1.177,1.197,1.156,1.195,178887.5,1729405799999,209994.6312,1536,77497.1,91345.2029,0
1729405800000,1.194,1.195,1.174,1.181,242830.0,1729406699999,287726.2996,1544,84531.4,100233.6108,0
1729406700000,1.182,1.198,1.182,1.194,120315.5,1729407599999,143329.9314,909,72091.1,85892.5105,0
1729407600000,1.193,1.193,1.164,1.166,103093.2,1729408499999,121184.7302,1024,31484.7,36988.209,0
1729408500000,1.165,1.175,1.165,1.169,32425.8,1729409399999,37997.5643,366,16491.5,19325.089,0
1729409400000,1.169,1.173,1.167,1.173,19478.3,1729410299999,22798.1912,220,8175.1,9572.8729,0
1729410300000,1.174,1.174,1.165,1.171,28041.3,1729411199999,32776.4957,237,9265.6,10835.5447,0
1729411200000,1.171,1.183,1.165,1.176,76083.2,1729412099999,89193.3133,582,29974.4,35167.5129,0
1729412100000,1.174,1.181,1.169,1.176,41452.7,1729412999999,48730.9526,314,20577.3,24170.1177,0
1729413000000,1.176,1.194,1.175,1.19,128589.5,1729413899999,152410.8286,1117,94739.2,112296.9816,0
1729413900000,1.189,1.231,1.189,1.213,508387.4,1729414799999,616610.489,4195,293720.3,355972.9976,0
1729414800000,1.213,1.219,1.19,1.201,299903.3,1729415699999,360486.8203,2314,125582.3,151224.7685,0
1729415700000,1.2,1.213,1.194,1.211,134436.0,1729416599999,161726.2583,945,88565.0,106709.0183,0
1729416600000,1.212,1.213,1.184,1.19,140680.9,1729417499999,167985.8984,1077,43753.8,52205.3139,0
1729417500000,1.19,1.192,1.181,1.187,70516.0,1729418399999,83676.3677,458,34006.8,40347.6363,0
1729418400000,1.187,1.188,1.176,1.184,43781.7,1729419299999,51716.9475,442,13500.1,15952.7561,0
1729419300000,1.184,1.189,1.175,1.189,69438.3,1729420199999,82058.1591,514,32457.0,38353.3769,0
1729420200000,1.189,1.2,1.186,1.187,52187.1,1729421099999,62266.9557,372,31292.6,37338.3887,0
1729421100000,1.188,1.195,1.182,1.189,52733.4,1729421999999,62579.1596,471,24176.6,28705.6491,0
1729422000000,1.188,1.189,1.179,1.185,31879.6,1729422899999,37755.6067,303,9806.4,11626.443,0
1729422900000,1.184,1.187,1.181,1.183,15381.5,1729423799999,18214.0287,103,4909.7,5811.3988,0
1729423800000,1.184,1.184,1.176,1.178,23527.7,1729424699999,27732.5392,225,10737.4,12658.6362,0
1729424700000,1.177,1.178,1.173,1.175,17682.1,1729425599999,20776.3731,167,6362.3,7478.1125,0
1729425600000,1.174,1.181,1.174,1.18,24570.5,1729426499999,28941.3308,162,13716.0,16165.4987,0
1729426500000,1.181,1.184,1.177,1.177,36212.7,1729427399999,42734.6737,276,17086.2,20173.3414,0
1729427400000,1.177,1.214,1.176,1.204,172431.1,1729428299999,206407.1726,1430,98223.9,117775.7873,0
1729428300000,1.203,1.22,1.19,1.195,187831.8,1729429199999,226822.0489,1734,98414.2,119026.3174,0
1729429200000,1.195,1.203,1.182,1.184,155513.8,1729430099999,185188.7868,1186,47699.8,56867.0467,0
1729430100000,1.183,1.187,1.178,1.182,63943.8,1729430999999,75553.6524,728,31250.1,36944.638,0
1729431000000,1.181,1.189,1.176,1.185,61886.6,1729431899999,73254.594,446,37571.9,44540.0536,0
1729431900000,1.185,1.186,1.176,1.179,41563.2,1729432799999,49079.9488,460,18489.6,21847.0014,0
1729432800000,1.179,1.183,1.176,1.182,32303.8,1729433699999,38133.4238,311,13666.3,16145.2916,0
1729433700000,1.183,1.183,1.173,1.175,42708.9,1729434599999,50261.2684,331,10775.8,12683.5334,0
1729434600000,1.176,1.19,1.174,1.179,48724.3,1729435499999,57605.2714,464,26095.8,30855.7414,0
1729435500000,1.179,1.19,1.177,1.188,25999.6,1729436399999,30803.0277,260,16235.0,19235.241,0
1729436400000,1.189,1.189,1.166,1.175,90055.0,1729437299999,105644.8806,593,15828.0,18564.1216,0
1729437300000,1.175,1.177,1.168,1.175,25847.3,1729438199999,30322.9163,316,14386.7,16886.7249,0
1729438200000,1.176,1.178,1.172,1.176,7875.4,1729439099999,9255.2197,185,4280.5,5034.6327,0
1729439100000,1.176,1.177,1.171,1.172,18521.6,1729439999999,21741.5294,181,5734.0,6734.915,0
1729440000000,1.172,1.177,1.172,1.175,10686.6,1729440899999,12542.875,162,4091.8,4804.9018,0
1729440900000,1.174,1.175,1.17,1.171,5957.2,1729441799999,6983.162,127,1557.4,1825.3617,0
1729441800000,1.171,1.177,1.165,1.167,31534.7,1729442699999,36851.695,312,10562.9,12354.7341,0
1729442700000,1.167,1.17,1.164,1.167,29641.2,1729443599999,34584.4251,236,12601.9,14724.3722,0
1729443600000,1.167,1.172,1.165,1.167,11040.6,1729444499999,12893.1815,161,5245.6,6129.7567,0
1729444500000,1.166,1.166,1.16,1.162,32796.9,1729445399999,38094.9301,274,6404.5,7443.6239,0
1729445400000,1.162,1.164,1.159,1.159,16925.4,1729446299999,19651.1076,185,6629.7,7708.4929,0
1729446300000,1.159,1.166,1.159,1.166,13953.4,1729447199999,16247.7795,147,7736.4,9007.837,0
1729447200000,1.166,1.173,1.164,1.17,19737.7,1729448099999,23065.9312,224,11474.8,13423.602,0
1729448100000,1.171,1.175,1.167,1.167,13885.7,1729448999999,16267.9987,177,8894.1,10432.0852,0
1729449000000,1.167,1.17,1.166,1.168,10491.2,1729449899999,12246.0643,110,4655.0,5436.0822,0
1729449900000,1.168,1.17,1.153,1.166,77192.2,1729450799999,89642.5801,662,29781.1,34661.0983,0
1729450800000,1.165,1.168,1.16,1.163,9355.4,1729451699999,10879.486,111,2796.6,3256.6715,0
1729451700000,1.162,1.165,1.148,1.149,129030.3,1729452599999,148856.8651,407,47279.4,54416.1819,0
1729452600000,1.149,1.169,1.149,1.163,70315.9,1729453499999,81675.2117,581,57635.6,66993.0925,0
1729453500000,1.163,1.166,1.162,1.162,8738.0,1729454399999,10166.7339,97,3009.6,3503.8447,0
1729454400000,1.162,1.173,1.162,1.169,38041.0,1729455299999,44452.2653,407,23647.0,27632.9357,0
1729455300000,1.17,1.17,1.164,1.167,9693.3,1729456199999,11309.0654,136,1568.4,1831.2557,0
1729456200000,1.167,1.172,1.166,1.17,24960.2,1729457099999,29173.404,240,8410.8,9835.3007,0
1729457100000,1.17,1.178,1.17,1.172,28616.7,1729457999999,33624.0458,333,18773.3,22061.431,0
1729458000000,1.172,1.174,1.168,1.169,18644.3,1729458899999,21821.6185,208,6224.7,7286.3541,0
1729458900000,1.17,1.171,1.167,1.167,5840.4,1729459799999,6821.8311,110,2304.1,2692.4663,0
1729459800000,1.168,1.17,1.165,1.169,13714.9,1729460699999,16011.9914,162,6389.6,7462.1549,0
1729460700000,1.169,1.17,1.161,1.165,27244.3,1729461599999,31723.8691,272,5486.9,6388.2126,0
1729461600000,1.165,1.174,1.165,1.168,39016.7,1729462499999,45710.7319,316,27713.7,32487.7647,0
1729462500000,1.168,1.177,1.168,1.175,30839.5,1729463399999,36180.487,285,25676.9,30125.7904,0
1729463400000,1.175,1.178,1.172,1.176,7342.7,1729464299999,8628.6527,165,4505.5,5296.1893,0
1729464300000,1.175,1.181,1.17,1.181,32084.9,1729465199999,37709.9348,398,20371.0,23969.4367,0
1729465200000,1.181,1.184,1.171,1.178,35477.6,1729466099999,41817.0034,419,17021.9,20068.0782,0
1729466100000,1.178,1.179,1.175,1.178,4751.1,1729466999999,5594.9642,101,3314.7,3904.3787,0
1729467000000,1.178,1.18,1.175,1.176,4551.3,1729467899999,5354.2781,97,1070.7,1260.0334,0
1729467900000,1.177,1.181,1.174,1.181,8357.1,1729468799999,9840.2131,139,4439.3,5230.4548,0
1729468800000,1.18,1.189,1.176,1.187,38434.8,1729469699999,45517.2651,400,28748.8,34059.6975,0
1729469700000,1.185,1.201,1.185,1.197,99676.7,1729470599999,119087.7695,688,67873.7,81078.8427,0
1729470600000,1.198,1.218,1.198,1.21,144466.1,1729471499999,174464.3793,1175,90032.8,108704.1994,0
1729471500000,1.211,1.218,1.2,1.218,74957.4,1729472399999,90590.7252,517,34922.9,42241.5006,0
1729472400000,1.218,1.219,1.211,1.214,28637.0,1729473299999,34785.8788,211,6808.2,8274.7237,0
1729473300000,1.215,1.223,1.211,1.212,31536.7,1729474199999,38393.8028,340,16980.8,20691.3872,0
1729474200000,1.211,1.212,1.205,1.208,15279.1,1729475099999,18455.3515,258,4100.9,4952.0158,0
1729475100000,1.207,1.208,1.202,1.202,12995.3,1729475999999,15661.8711,138,6913.0,8332.7587,0
1729476000000,1.203,1.217,1.201,1.205,34398.7,1729476899999,41593.1281,345,18779.9,22735.7708,0
1729476900000,1.203,1.203,1.195,1.196,21941.8,1729477799999,26301.7536,229,8813.2,10566.1361,0
1729477800000,1.198,1.2,1.193,1.197,11327.4,1729478699999,13546.6812,183,4659.1,5573.9126,0
1729478700000,1.197,1.199,1.188,1.189,27712.3,1729479599999,33006.8562,294,7101.7,8470.0887,0
1729479600000,1.189,1.199,1.187,1.194,31430.5,1729480499999,37539.4821,310,18675.8,22292.2297,0
1729480500000,1.196,1.201,1.195,1.2,4632.2,1729481399999,5554.0343,67,3838.7,4602.1391,0
1729481400000,1.201,1.205,1.199,1.204,18567.4,1729482299999,22319.4189,169,9586.7,11532.8653,0
1729482300000,1.203,1.206,1.202,1.203,5133.1,1729483199999,6180.8219,94,2329.0,2804.9047,0
1729483200000,1.203,1.206,1.199,1.202,15427.3,1729484099999,18534.8562,128,2173.2,2614.9363,0
1729484100000,1.2,1.201,1.199,1.2,7193.2,1729484999999,8630.6968,49,1559.1,1872.1926,0
1729485000000,1.201,1.215,1.199,1.201,38402.7,1729485899999,46267.5382,324,21226.7,25602.2508,0
1729485900000,1.202,1.204,1.2,1.202,9242.2,1729486799999,11113.5732,132,5164.7,6213.4719,0
1729486800000,1.202,1.203,1.195,1.195,16559.7,1729487699999,19847.6036,117,1218.7,1463.0734,0
1729487700000,1.196,1.205,1.196,1.202,8264.7,1729488599999,9925.3433,111,6232.3,7484.6102,0
1729488600000,1.203,1.203,1.194,1.201,19195.6,1729489499999,23014.4586,159,8670.1,10390.0595,0
1729489500000,1.202,1.228,1.201,1.214,81848.2,1729490399999,99427.4606,961,58697.7,71374.4147,0
1729490400000,1.214,1.217,1.21,1.21,13296.9,1729491299999,16135.2902,166,6205.0,7529.2682,0
1729491300000,1.209,1.212,1.204,1.21,22462.0,1729492199999,27135.2084,210,11659.7,14088.9529,0
1729492200000,1.21,1.212,1.207,1.21,7008.0,1729493099999,8475.436,137,3165.0,3828.4936,0
1729493100000,1.21,1.22,1.208,1.218,40856.6,1729493999999,49562.0616,352,24405.6,29660.5105,0
1729494000000,1.218,1.232,1.214,1.214,64127.6,1729494899999,78463.1445,721,30641.1,37497.3194,0
1729494900000,1.214,1.224,1.212,1.217,19605.0,1729495799999,23879.8782,203,11970.1,14589.2552,0
1729495800000,1.217,1.218,1.208,1.214,30826.3,1729496699999,37335.4758,214,9885.5,11981.3584,0
1729496700000,1.213,1.213,1.196,1.197,26082.1,1729497599999,31391.6777,238,5111.4,6147.1618,0
1729497600000,1.197,1.204,1.197,1.198,29382.9,1729498499999,35218.6,192,21695.4,25998.428,0
1729498500000,1.198,1.2,1.195,1.198,7809.9,1729499399999,9355.1558,128,5557.3,6656.983,0
1729499400000,1.197,1.201,1.193,1.196,9790.3,1729500299999,11714.9269,162,4661.3,5579.0136,0
1729500300000,1.196,1.196,1.19,1.193,16319.7,1729501199999,19464.5195,186,5386.4,6428.6501,0
1729501200000,1.192,1.197,1.191,1.195,3882.9,1729502099999,4636.427,95,2320.5,2771.191,0
1729502100000,1.196,1.198,1.189,1.192,16577.5,1729502999999,19753.2399,153,5804.2,6924.044,0
1729503000000,1.19,1.191,1.183,1.187,13204.0,1729503899999,15660.5707,197,4055.7,4813.6035,0
1729503900000,1.186,1.193,1.185,1.192,21685.4,1729504799999,25761.8792,258,9979.3,11873.111,0
1729504800000,1.192,1.195,1.188,1.189,5002.2,1729505699999,5958.5164,99,2754.2,3283.1049,0
1729505700000,1.19,1.191,1.185,1.186,11563.1,1729506599999,13731.3966,111,1817.2,2158.0265,0
1729506600000,1.185,1.187,1.181,1.182,7071.2,1729507499999,8372.4441,111,1617.9,1918.6972,0
1729507500000,1.182,1.182,1.159,1.169,116002.9,1729508399999,135788.3486,874,28482.9,33410.5064,0
1729508400000,1.169,1.173,1.166,1.172,14455.4,1729509299999,16917.4371,193,9780.5,11446.7074,0
1729509300000,1.172,1.175,1.165,1.169,23250.5,1729510199999,27192.8682,295,12414.4,14534.5041,0
1729510200000,1.171,1.172,1.167,1.167,5874.0,1729511099999,6867.0336,88,1778.8,2081.4148,0
1729511100000,1.166,1.18,1.166,1.169,34592.9,1729511999999,40571.441,394,21401.5,25105.5429,0
1729512000000,1.168,1.175,1.167,1.175,14945.9,1729512899999,17508.9374,102,6888.5,8072.2338,0
1729512900000,1.176,1.176,1.167,1.169,16730.9,1729513799999,19602.522,87,3050.1,3572.9107,0
1729513800000,1.17,1.172,1.14,1.147,299632.9,1729514699999,345259.1602,1625,131788.6,151626.814,0
1729514700000,1.148,1.15,1.14,1.146,99161.7,1729515599999,113399.4504,647,33632.9,38469.6033,0
1729515600000,1.145,1.149,1.144,1.145,26370.5,1729516499999,30211.1376,216,14656.4,16793.3352,0
1729516500000,1.145,1.147,1.136,1.143,61513.7,1729517399999,70181.6005,488,16199.6,18478.5557,0
1729517400000,1.143,1.146,1.138,1.14,24588.1,1729518299999,28097.2023,234,10356.4,11833.1696,0
1729518300000,1.141,1.143,1.13,1.141,57354.2,1729519199999,65189.009,455,17228.5,19608.6165,0
1729519200000,1.141,1.149,1.141,1.144,24670.7,1729520099999,28226.7919,235,8462.0,9681.8672,0
1729520100000,1.144,1.147,1.142,1.142,10659.2,1729520999999,12197.7229,94,4564.0,5224.5331,0
1729521000000,1.142,1.147,1.136,1.142,21753.2,1729521899999,24837.2151,220,17074.7,19500.0198,0
1729521900000,1.143,1.145,1.141,1.144,2402.7,1729522799999,2747.5795,76,633.2,724.2246,0
1729522800000,1.145,1.145,1.136,1.139,9013.3,1729523699999,10268.5102,138,3903.1,4447.1338,0
1729523700000,1.14,1.147,1.139,1.146,26911.2,1729524599999,30805.0138,183,21854.5,25026.4528,0
1729524600000,1.146,1.147,1.137,1.139,26377.4,1729525499999,30092.8632,195,14078.1,16047.1403,0
1729525500000,1.139,1.142,1.138,1.139,7313.0,1729526399999,8333.1257,103,2529.2,2882.6641,0
1729526400000,1.139,1.144,1.136,1.138,20992.4,1729527299999,23927.3299,232,13238.5,15097.5471,0
1729527300000,1.137,1.138,1.122,1.127,50733.2,1729528199999,57234.5884,486,13856.4,15644.3267,0
1729528200000,1.127,1.13,1.124,1.129,20130.9,1729529099999,22691.0607,139,14233.5,16051.0249,0
1729529100000,1.129,1.15,1.128,1.142,64770.7,1729529999999,73610.7235,492,39160.4,44634.7701,0
1729530000000,1.14,1.144,1.136,1.138,10846.3,1729530899999,12351.1663,185,2184.3,2489.7234,0
1729530900000,1.137,1.14,1.135,1.136,13530.3,1729531799999,15375.2613,175,4216.6,4794.598,0
1729531800000,1.137,1.152,1.136,1.146,59404.5,1729532699999,68037.9217,575,39603.2,45366.428,0
1729532700000,1.145,1.147,1.141,1.142,16149.9,1729533599999,18474.1677,179,3554.0,4067.4021,0
1729533600000,1.142,1.144,1.141,1.141,10321.0,1729534499999,11791.7348,120,4338.1,4959.0762,0
1729534500000,1.142,1.144,1.136,1.136,2937.8,1729535399999,3353.2259,61,1611.1,1839.2248,0
1729535400000,1.136,1.142,1.136,1.139,15714.2,1729536299999,17905.281,126,11056.5,12601.4691,0
1729536300000,1.139,1.147,1.139,1.143,13663.4,1729537199999,15625.7597,155,7199.5,8230.7501,0
1729537200000,1.143,1.146,1.143,1.146,3120.9,1729538099999,3570.6615,62,910.9,1042.6296,0
1729538100000,1.146,1.146,1.138,1.141,12840.1,1729538999999,14654.7452,122,2034.6,2325.6471,0
1729539000000,1.14,1.14,1.138,1.14,3043.3,1729539899999,3467.0591,58,1984.1,2260.6822,0
1729539900000,1.14,1.145,1.14,1.144,4953.5,1729540799999,5658.6485,90,2772.7,3168.5979,0
1729540800000,1.142,1.145,1.141,1.145,2569.1,1729541699999,2939.0746,64,2211.8,2530.4928,0
1729541700000,1.145,1.145,1.142,1.142,2671.1,1729542599999,3056.6173,36,470.5,538.1856,0
1729542600000,1.142,1.144,1.141,1.144,6932.7,1729543499999,7918.8201,68,1175.6,1343.6361,0
1729543500000,1.144,1.146,1.142,1.145,4895.7,1729544399999,5602.0286,89,2905.5,3325.4616,0
1729544400000,1.145,1.148,1.143,1.148,8990.3,1729545299999,10292.5844,100,4006.6,4588.3614,0
1729545300000,1.148,1.15,1.147,1.148,18330.1,1729546199999,21056.1127,110,9038.8,10383.1713,0
1729546200000,1.148,1.152,1.145,1.145,10144.6,1729547099999,11655.6132,120,5686.8,6537.7432,0
1729547100000,1.145,1.149,1.144,1.148,4878.5,1729547999999,5594.6843,65,3575.8,4103.221,0
1729548000000,1.148,1.15,1.147,1.149,1600.1,1729548899999,1838.238,29,1469.9,1688.7523,0
1729548900000,1.149,1.15,1.149,1.149,1681.2,1729549799999,1932.4504,28,660.6,759.69,0
1729549800000,1.149,1.149,1.144,1.145,2339.1,1729550699999,2682.3104,44,254.5,291.657,0
1729550700000,1.146,1.148,1.145,1.147,1049.6,1729551599999,1203.5912,21,811.4,930.3975,0
1729551600000,1.145,1.147,1.143,1.144,7922.4,1729552499999,9073.698,109,4177.0,4785.7794,0
1729552500000,1.144,1.153,1.142,1.152,23936.1,1729553399999,27479.2839,242,15551.1,17860.3216,0
1729553400000,1.152,1.152,1.148,1.148,4760.7,1729554299999,5475.7782,60,552.4,635.6807,0
1729554300000,1.149,1.149,1.147,1.147,2689.2,1729555199999,3086.973,33,731.6,839.6682,0
1729555200000,1.147,1.15,1.147,1.149,2040.4,1729556099999,2342.2569,47,1603.6,1840.5509,0
1729556100000,1.15,1.151,1.137,1.137,11052.6,1729556999999,12647.8355,138,2289.8,2623.3398,0
1729557000000,1.138,1.141,1.13,1.141,18318.0,1729557899999,20756.8678,202,7895.0,8952.4793,0
1729557900000,1.142,1.149,1.142,1.149,20016.2,1729558799999,22928.2077,133,12872.1,14737.3883,0
1729558800000,1.146,1.149,1.145,1.148,2692.3,1729559699999,3088.7728,64,2090.0,2397.6388,0
1729559700000,1.149,1.154,1.148,1.154,4758.9,1729560599999,5477.6745,68,2598.9,2992.2562,0
1729560600000,1.153,1.155,1.15,1.152,9329.2,1729561499999,10752.0623,102,3807.3,4386.5895,0
1729561500000,1.154,1.158,1.154,1.156,3806.6,1729562399999,4402.4002,87,2034.8,2352.8174,0
1729562400000,1.156,1.16,1.156,1.159,2914.5,1729563299999,3379.6372,50,2316.3,2685.9161,0
1729563300000,1.159,1.16,1.156,1.156,1364.8,1729564199999,1581.0018,24,555.4,644.0875,0
1729564200000,1.153,1.153,1.146,1.148,19826.7,1729565099999,22786.8038,188,3405.1,3912.4528,0
1729565100000,1.148,1.149,1.145,1.145,2182.3,1729565999999,2502.5341,47,1182.2,1356.6608,0
1729566000000,1.145,1.149,1.145,1.149,2357.3,1729566899999,2701.5475,26,1579.8,1811.2992,0
1729566900000,1.149,1.149,1.145,1.147,6585.9,1729567799999,7551.9991,78,2358.0,2704.6777,0
1729567800000,1.147,1.149,1.146,1.146,4610.9,1729568699999,5290.5705,46,2425.4,2783.801,0
1729568700000,1.147,1.151,1.147,1.149,3017.7,1729569599999,3468.3691,41,1866.4,2145.7729,0
1729569600000,1.149,1.15,1.147,1.148,2316.0,1729570499999,2658.0944,34,784.0,900.2404,0
1729570500000,1.146,1.148,1.144,1.147,1927.0,1729571399999,2207.1228,39,1539.8,1763.6776,0
1729571400000,1.147,1.149,1.146,1.146,4436.0,1729572299999,5091.8124,31,764.0,877.1284,0
1729572300000,1.148,1.148,1.147,1.147,1388.7,1729573199999,1593.8052,22,966.3,1109.3124,0
1729573200000,1.148,1.155,1.148,1.152,2071.2,1729574099999,2383.1773,37,1835.6,2111.6527,0
1729574100000,1.151,1.155,1.151,1.155,8281.6,1729574999999,9554.9953,69,4204.2,4852.5355,0
1729575000000,1.155,1.156,1.147,1.154,16401.1,1729575899999,18870.8305,137,4826.7,5562.7533,0
1729575900000,1.154,1.154,1.148,1.153,5251.9,1729576799999,6046.9347,66,2963.5,3414.6161,0
1729576800000,1.152,1.154,1.152,1.152,214.7,1729577699999,247.538,6,0.0,0.0,0
1729577700000,1.153,1.153,1.15,1.152,8870.4,1729578599999,10208.9855,76,5432.9,6251.9335,0
1729578600000,1.152,1.154,1.152,1.153,1921.0,1729579499999,2214.5184,32,1211.3,1396.6109,0
1729579500000,1.154,1.169,1.154,1.159,42683.0,1729580399999,49621.3119,356,20876.1,24256.5827,0
1729580400000,1.158,1.162,1.157,1.159,13194.3,1729581299999,15314.8583,109,10892.6,12647.6929,0
1729581300000,1.16,1.16,1.157,1.158,5391.5,1729582199999,6247.9321,64,2377.7,2757.3404,0
1729582200000,1.158,1.161,1.158,1.159,4616.1,1729583099999,5352.1297,49,1767.0,2050.8005,0
1729583100000,1.16,1.16,1.15,1.155,17258.0,1729583999999,19902.578,146,4705.7,5437.4016,0
1729584000000,1.156,1.156,1.149,1.15,17652.7,1729584899999,20312.6062,143,9663.4,11115.9106,0
1729584900000,1.15,1.151,1.146,1.146,8034.0,1729585799999,9225.4881,75,2948.3,3388.9016,0
1729585800000,1.146,1.149,1.143,1.148,8872.8,1729586699999,10163.394,93,5975.1,6845.0255,0
1729586700000,1.148,1.148,1.142,1.142,6358.5,1729587599999,7280.3039,111,513.7,588.4659,0
1729587600000,1.143,1.146,1.141,1.143,28457.6,1729588499999,32529.0688,144,17955.4,20537.7838,0
1729588500000,1.144,1.146,1.139,1.146,13530.6,1729589399999,15456.2142,128,6173.3,7055.4478,0
1729589400000,1.147,1.148,1.138,1.142,11617.4,1729590299999,13248.3281,107,1936.0,2210.1343,0
1729590300000,1.141,1.142,1.139,1.142,11299.0,1729591199999,12890.5946,115,6066.8,6923.4214,0
1729591200000,1.143,1.144,1.141,1.144,3576.0,1729592099999,4086.1922,53,1653.3,1889.9122,0
1729592100000,1.144,1.144,1.14,1.144,6990.1,1729592999999,7980.8407,66,1888.6,2158.9548,0
1729593000000,1.144,1.144,1.141,1.144,2271.3,1729593899999,2596.8842,37,1269.2,1451.5697,0
1729593900000,1.144,1.146,1.143,1.146,4064.4,1729594799999,4646.1126,47,983.5,1124.4422,0
1729594800000,1.146,1.148,1.145,1.148,5140.3,1729595699999,5892.7335,53,2527.5,2897.9504,0
1729595700000,1.148,1.148,1.145,1.147,5583.0,1729596599999,6400.8499,72,2079.3,2385.4804,0
1729596600000,1.147,1.147,1.144,1.145,3373.4,1729597499999,3863.3011,38,1536.2,1759.4284,0
1729597500000,1.144,1.147,1.142,1.146,6311.3,1729598399999,7224.7042,84,3270.0,3743.3839,0
1729598400000,1.146,1.151,1.146,1.149,2131.8,1729599299999,2448.1585,41,1493.4,1716.1508,0
1729599300000,1.151,1.152,1.146,1.148,7373.5,1729600199999,8462.2944,81,1990.3,2283.7777,0
1729600200000,1.149,1.149,1.142,1.143,14367.9,1729601099999,16444.786,124,6980.4,7995.4738,0
1729601100000,1.142,1.151,1.142,1.147,15493.2,1729601999999,17766.0269,180,8944.8,10263.1931,0
1729602000000,1.147,1.161,1.146,1.158,43146.4,1729602899999,49874.3388,376,27619.5,31914.671,0
1729602900000,1.157,1.227,1.155,1.188,826455.0,1729603799999,992671.5962,7709,506278.7,608158.5363,0
1729603800000,1.187,1.194,1.174,1.181,223760.7,1729604699999,264382.6417,1770,113188.2,133732.5399,0
1729604700000,1.181,1.225,1.173,1.216,409173.1,1729605599999,491686.6019,3941,260821.1,313915.4016,0
1729605600000,1.216,1.245,1.195,1.221,444967.7,1729606499999,543072.5616,4801,250407.8,305839.7397,0
1729606500000,1.222,1.228,1.183,1.193,245177.3,1729607399999,295737.2167,2690,106980.7,129196.0382,0
1729607400000,1.194,1.203,1.183,1.186,153100.1,1729608299999,182208.8308,1182,51406.8,61303.1002,0
1729608300000,1.187,1.198,1.183,1.186,63438.1,1729609199999,75516.0324,615,20031.0,23847.0756,0
1729609200000,1.187,1.19,1.171,1.177,92359.2,1729610099999,108777.8443,902,29934.0,35239.2673,0
1729610100000,1.177,1.186,1.171,1.18,43089.8,1729610999999,50814.8885,570,24377.0,28759.2618,0
1729611000000,1.181,1.187,1.175,1.176,31576.3,1729611899999,37261.0474,365,9157.8,10824.5136,0
1729611900000,1.176,1.179,1.173,1.176,21294.1,1729612799999,25042.5389,171,13343.8,15699.3312,0
1729612800000,1.176,1.187,1.173,1.185,54982.4,1729613699999,64775.1016,483,25696.9,30288.0164,0
1729613700000,1.184,1.196,1.182,1.195,45694.4,1729614599999,54264.7363,457,31374.9,37268.1248,0
1729614600000,1.194,1.194,1.165,1.166,106585.8,1729615499999,125176.9802,916,23124.9,27192.6151,0
1729615500000,1.167,1.169,1.154,1.158,136029.3,1729616399999,157921.871,790,51212.1,59437.8713,0
1729616400000,1.158,1.166,1.156,1.165,34678.6,1729617299999,40266.3398,310,17337.0,20139.467,0
1729617300000,1.164,1.177,1.156,1.172,56470.0,1729618199999,65958.3887,529,38311.9,44795.4954,0
1729618200000,1.173,1.176,1.166,1.168,22318.1,1729619099999,26123.3657,260,8547.6,10013.3641,0
1729619100000,1.167,1.171,1.164,1.168,23082.8,1729619999999,26951.1214,225,9639.6,11264.3135,0
1729620000000,1.169,1.173,1.166,1.173,26733.2,1729620899999,31231.5045,191,7534.2,8810.3872,0
1729620900000,1.173,1.177,1.168,1.17,20560.3,1729621799999,24100.1463,201,9133.9,10709.8942,0
1729621800000,1.169,1.175,1.168,1.173,9121.2,1729622699999,10685.2778,134,6866.6,8048.4129,0
1729622700000,1.175,1.175,1.16,1.162,79097.9,1729623599999,92160.6409,454,22107.0,25735.3036,0
1729623600000,1.163,1.175,1.16,1.17,43679.3,1729624499999,50892.7031,302,12435.8,14533.6102,0
1729624500000,1.17,1.171,1.165,1.165,14309.7,1729625399999,16697.314,185,6119.8,7144.6102,0
1729625400000,1.166,1.168,1.164,1.167,4730.4,1729626299999,5516.7228,67,1652.4,1927.4012,0
1729626300000,1.167,1.173,1.165,1.167,12554.8,1729627199999,14678.5099,150,5325.8,6226.8843,0
1729627200000,1.168,1.17,1.16,1.16,13496.7,1729628099999,15707.4069,107,9196.6,10699.7128,0
1729628100000,1.161,1.163,1.159,1.162,17628.0,1729628999999,20481.6181,116,12251.8,14242.8679,0
1729629000000,1.16,1.163,1.156,1.159,14752.2,1729629899999,17095.7161,143,5384.2,6241.2488,0
1729629900000,1.159,1.163,1.159,1.163,9637.5,1729630799999,11196.9954,73,7666.1,8909.9618,0
1729630800000,1.162,1.162,1.158,1.161,15268.1,1729631699999,17703.5041,112,7940.2,9206.1361,0
1729631700000,1.161,1.162,1.159,1.159,4787.0,1729632599999,5552.8281,35,1800.3,2088.8903,0
1729632600000,1.159,1.16,1.153,1.154,27698.0,1729633499999,32011.0399,197,6334.9,7334.5422,0
1729633500000,1.155,1.163,1.153,1.163,19432.0,1729634399999,22522.6962,139,13765.1,15977.9015,0
1729634400000,1.162,1.163,1.16,1.161,8222.6,1729635299999,9555.01,79,4323.8,5027.6562,0
1729635300000,1.163,1.169,1.161,1.167,14966.9,1729636199999,17441.2028,156,9641.1,11235.9796,0
1729636200000,1.166,1.168,1.162,1.165,10025.7,1729637099999,11678.145,94,4808.3,5603.1259,0
1729637100000,1.165,1.166,1.161,1.162,6863.6,1729637999999,7983.4303,109,2724.9,3172.253,0
1729638000000,1.162,1.163,1.159,1.159,6498.8,1729638899999,7543.3517,57,1894.9,2202.6307,0
1729638900000,1.16,1.16,1.154,1.155,9861.2,1729639799999,11410.8736,81,1115.6,1292.9128,0
1729639800000,1.156,1.16,1.155,1.159,5383.7,1729640699999,6231.379,81,2983.7,3454.8963,0
1729640700000,1.158,1.16,1.157,1.16,3068.9,1729641599999,3552.8474,47,2550.1,2952.5774,0
1729641600000,1.16,1.162,1.157,1.157,4291.8,1729642499999,4974.1353,91,1539.8,1785.1481,0
1729642500000,1.157,1.159,1.156,1.158,1063.0,1729643399999,1230.0302,37,506.1,585.9695,0
1729643400000,1.158,1.161,1.158,1.161,3537.3,1729644299999,4103.3241,48,2442.0,2832.8718,0
1729644300000,1.161,1.163,1.157,1.163,7087.1,1729645199999,8218.4078,61,2674.6,3102.3983,0
1729645200000,1.163,1.174,1.163,1.173,13838.3,1729646099999,16194.1131,198,9275.2,10857.287,0
1729646100000,1.169,1.176,1.168,1.173,8342.5,1729646999999,9785.658,84,4211.8,4940.0488,0
1729647000000,1.173,1.173,1.167,1.168,4283.9,1729647899999,5013.6655,56,158.5,185.2472,0
1729647900000,1.168,1.177,1.168,1.172,16489.1,1729648799999,19345.0864,178,10213.5,11980.5439,0
1729648800000,1.172,1.173,1.169,1.169,3659.9,1729649699999,4283.7928,83,2390.2,2797.9921,0
1729649700000,1.169,1.169,1.162,1.162,13759.1,1729650599999,16008.7342,131,6190.9,7197.6964,0
1729650600000,1.161,1.17,1.161,1.167,7762.4,1729651499999,9051.6387,116,5929.2,6913.366,0
1729651500000,1.168,1.189,1.165,1.18,92305.7,1729652399999,108924.5035,737,53882.1,63534.06,0
1729652400000,1.179,1.18,1.17,1.174,43422.5,1729653299999,51009.1684,278,33737.7,39634.9513,0
1729653300000,1.175,1.189,1.174,1.183,43591.6,1729654199999,51556.2005,537,26429.9,31261.1148,0
1729654200000,1.182,1.186,1.175,1.18,21296.2,1729655099999,25160.9433,344,10884.6,12857.0631,0
1729655100000,1.18,1.183,1.174,1.178,21778.5,1729655999999,25703.1345,208,15201.8,17952.2889,0
1729656000000,1.178,1.185,1.178,1.181,26842.5,1729656899999,31718.2,115,4501.4,5318.455,0
1729656900000,1.182,1.184,1.17,1.172,24588.4,1729657799999,28900.5523,285,8894.8,10467.4485,0
1729657800000,1.173,1.176,1.169,1.175,14297.1,1729658699999,16754.7985,160,7523.8,8821.7019,0
1729658700000,1.175,1.205,1.172,1.197,111899.3,1729659599999,133400.1396,1045,67553.4,80483.5007,0
1729659600000,1.196,1.216,1.187,1.212,164804.7,1729660499999,198120.6379,1179,99004.1,118930.46,0
1729660500000,1.21,1.212,1.193,1.193,97967.0,1729661399999,117867.7298,1000,51832.2,62398.1937,0
1729661400000,1.194,1.216,1.188,1.214,128873.9,1729662299999,155208.2945,1126,79196.0,95486.9344,0
1729662300000,1.213,1.223,1.199,1.205,165314.5,1729663199999,200526.732,1397,87444.8,106264.4404,0
1729663200000,1.205,1.227,1.196,1.215,131846.5,1729664099999,159848.103,1107,72228.1,87708.4824,0
1729664100000,1.213,1.249,1.213,1.246,233682.7,1729664999999,288322.3377,1964,141764.1,175052.8877,0
1729665000000,1.245,1.3,1.231,1.29,676829.0,1729665899999,860155.612,6750,352046.4,448016.5242,0
1729665900000,1.288,1.397,1.287,1.371,1962684.7,1729666799999,2645121.4195,18448,1114324.0,1501354.1065,0
1729666800000,1.373,1.42,1.331,1.362,1458912.4,1729667699999,2007738.8105,13879,696928.9,958902.5023,0
1729667700000,1.362,1.391,1.324,1.374,783215.8,1729668599999,1065073.4573,7990,399919.9,543969.3959,0
1729668600000,1.373,1.477,1.371,1.426,2148736.2,1729669499999,3054294.9569,18463,1234923.1,1756099.444,0
1729669500000,1.426,1.489,1.424,1.448,1403425.7,1729670399999,2051307.8498,13097,725324.1,1060239.2917,0
1729670400000,1.447,1.51,1.438,1.463,1260097.4,1729671299999,1857412.5525,10973,666458.1,983506.6493,0
1729671300000,1.462,1.598,1.462,1.596,1856079.0,1729672199999,2866734.3357,17727,1084678.0,1674033.6351,0
1729672200000,1.596,1.719,1.562,1.671,2521777.2,1729673099999,4141548.2238,23677,1325820.1,2179653.5258,0
1729673100000,1.673,1.84,1.614,1.696,3195415.7,1729673999999,5536650.9452,30028,1629205.4,2827474.7008,0
1729674000000,1.698,1.733,1.616,1.68,1497246.5,1729674899999,2505195.0354,13978,749444.3,1255157.8764,0
1729674900000,1.679,1.718,1.61,1.622,871709.4,1729675799999,1441728.9682,8435,401672.6,665947.6647,0
1729675800000,1.623,1.68,1.549,1.62,1326803.1,1729676699999,2145921.643,11869,678159.2,1098593.9467,0
1729676700000,1.62,1.689,1.616,1.667,620277.0,1729677599999,1023528.5799,7155,313971.7,518312.1325,0
1729677600000,1.669,1.67,1.57,1.572,944266.2,1729678499999,1512464.3013,8109,376679.9,604370.8165,0
1729678500000,1.571,1.606,1.556,1.582,403330.3,1729679399999,637575.7695,4364,195375.9,308952.6681,0
1729679400000,1.584,1.614,1.498,1.52,869004.5,1729680299999,1337445.0107,7690,396972.4,610337.9105,0
1729680300000,1.521,1.55,1.509,1.531,556369.7,1729681199999,851905.6654,4621,264762.6,405572.9503,0
1729681200000,1.532,1.602,1.532,1.578,595242.7,1729682099999,935408.1737,5167,328743.3,516701.3241,0
1729682100000,1.579,1.609,1.541,1.596,500063.5,1729682999999,788781.3737,4559,254586.9,402119.0476,0
1729683000000,1.596,1.608,1.562,1.572,424289.9,1729683899999,671072.929,4081,188539.6,298592.4519,0
1729683900000,1.571,1.574,1.531,1.559,337096.6,1729684799999,523137.7217,3616,146390.6,227487.79,0
1729684800000,1.56,1.578,1.528,1.545,356222.0,1729685699999,552363.5499,4183,161503.7,250415.9392,0
1729685700000,1.545,1.546,1.526,1.542,201474.5,1729686599999,309310.7782,2314,111987.0,171910.1246,0
1729686600000,1.542,1.599,1.541,1.574,634118.2,1729687499999,1001905.0023,6131,354438.5,560320.5176,0
1729687500000,1.575,1.602,1.553,1.554,369605.8,1729688399999,581408.8819,3627,161203.5,254334.732,0
1729688400000,1.554,1.555,1.49,1.501,374496.4,1729689299999,569730.3055,3480,167678.1,255269.9172,0
1729689300000,1.502,1.514,1.449,1.472,591787.7,1729690199999,874958.5914,4758,246371.3,364838.0272,0
1729690200000,1.471,1.48,1.44,1.443,356425.1,1729691099999,520636.7783,3656,151713.9,222034.1385,0
1729691100000,1.442,1.444,1.403,1.416,551562.4,1729691999999,785468.0469,4713,245701.3,350080.2424,0
1729692000000,1.415,1.444,1.4,1.437,421008.4,1729692899999,598322.1861,3842,229145.2,325945.4604,0
1729692900000,1.438,1.439,1.38,1.382,359149.4,1729693799999,504598.1016,3374,117637.0,165438.2528,0
1729693800000,1.381,1.423,1.37,1.407,374562.4,1729694699999,521820.7748,3538,185408.5,258546.98,0
1729694700000,1.407,1.434,1.391,1.434,258882.0,1729695599999,365323.3962,2607,130311.8,184039.2211,0
1729695600000,1.433,1.453,1.38,1.402,464926.7,1729696499999,656569.73,3644,215118.9,304493.7438,0
1729696500000,1.401,1.414,1.377,1.389,214661.7,1729697399999,300652.3107,2152,100509.6,140869.7627,0
1729697400000,1.39,1.394,1.354,1.373,339760.9,1729698299999,466803.9925,3158,160477.3,220537.404,0
1729698300000,1.373,1.381,1.364,1.367,171509.2,1729699199999,235455.7483,1742,76391.6,104900.5162,0
1729699200000,1.367,1.389,1.328,1.342,438782.0,1729700099999,595387.3178,3651,183818.6,250103.8849,0
1729700100000,1.342,1.37,1.33,1.368,196522.7,1729700999999,265970.9685,1916,114878.2,155508.7374,0
1729701000000,1.367,1.399,1.356,1.394,273805.8,1729701899999,377517.7889,2794,148227.4,204639.9618,0
1729701900000,1.395,1.492,1.394,1.489,1418872.5,1729702799999,2050789.2799,9881,888222.8,1284097.3237,0
1729702800000,1.488,1.535,1.443,1.494,1169435.9,1729703699999,1737487.4429,10049,634595.2,945058.1428,0
1729703700000,1.494,1.566,1.463,1.468,1187481.2,1729704599999,1803012.8604,11307,551646.3,837454.4591,0
1729704600000,1.471,1.509,1.47,1.499,431086.3,1729705499999,641963.5675,4008,237171.0,353440.7278,0
1729705500000,1.499,1.547,1.485,1.492,654433.2,1729706399999,994138.4677,5988,353294.2,537277.5468,0
1729706400000,1.491,1.512,1.434,1.443,577557.9,1729707299999,845217.6553,4620,251291.9,368289.1506,0
1729707300000,1.443,1.45,1.412,1.437,474289.7,1729708199999,675998.2264,3101,202538.2,288795.7766,0
1729708200000,1.437,1.449,1.416,1.425,268682.1,1729709099999,385915.9296,2042,114598.7,164783.2292,0
1729709100000,1.424,1.444,1.42,1.442,144344.5,1729709999999,206852.73,1409,67676.7,97008.3852,0
1729710000000,1.44,1.443,1.394,1.394,348535.5,1729710899999,492947.1307,2221,139347.4,196533.8544,0
1729710900000,1.396,1.436,1.394,1.426,160178.4,1729711799999,227405.7172,1600,92511.1,131371.2164,0
1729711800000,1.425,1.44,1.403,1.413,244584.6,1729712699999,346849.8432,2231,123699.9,175536.3806,0
1729712700000,1.412,1.437,1.405,1.419,215119.7,1729713599999,306291.6907,1775,92582.9,131759.0751,0
1729713600000,1.42,1.421,1.393,1.395,123142.4,1729714499999,173446.791,1294,57185.3,80588.9955,0
1729714500000,1.395,1.397,1.379,1.386,193318.1,1729715399999,268223.8755,1610,80726.0,112124.5729,0
1729715400000,1.387,1.395,1.379,1.392,81128.7,1729716299999,112392.7133,981,41690.8,57809.8549,0
1729716300000,1.393,1.425,1.386,1.387,212125.0,1729717199999,297490.3199,1717,111466.4,156436.1789,0
1729717200000,1.386,1.426,1.382,1.42,196885.8,1729718099999,276664.2185,1800,118813.3,166951.661,0
1729718100000,1.42,1.448,1.412,1.447,247843.2,1729718999999,354831.6834,2248,149118.0,213561.6791,0
1729719000000,1.447,1.47,1.413,1.426,535171.0,1729719899999,773313.3748,3900,298630.6,432873.7605,0
1729719900000,1.426,1.449,1.421,1.438,151496.1,1729720799999,217079.7182,1317,76058.8,109002.8331,0
1729720800000,1.435,1.435,1.407,1.409,106443.4,1729721699999,150901.671,1022,46087.3,65311.2825,0
1729721700000,1.409,1.409,1.359,1.362,326558.0,1729722599999,452826.2183,2516,129470.2,179910.1526,0
1729722600000,1.361,1.363,1.303,1.317,646306.4,1729723499999,857248.4248,4988,264358.3,350629.1399,0
1729723500000,1.317,1.337,1.312,1.318,211658.5,1729724399999,280212.1974,1683,130681.7,173228.0847,0
1729724400000,1.318,1.331,1.298,1.328,216654.8,1729725299999,284465.6823,1637,105089.9,138223.8226,0
1729725300000,1.328,1.33,1.315,1.317,73967.8,1729726199999,98007.3148,780,34110.2,45222.1301,0
1729726200000,1.317,1.325,1.287,1.316,251062.1,1729727099999,328182.7217,2171,110016.1,144100.6305,0
1729727100000,1.316,1.352,1.308,1.346,262311.2,1729727999999,350333.8174,2322,176367.3,235552.0501,0
1729728000000,1.344,1.346,1.298,1.319,250203.7,1729728899999,330048.832,2292,85408.8,112764.8578,0
1729728900000,1.32,1.367,1.319,1.344,247317.2,1729729799999,332281.842,2339,151806.5,203877.5413,0
1729729800000,1.343,1.365,1.336,1.336,162852.9,1729730699999,220032.9723,1722,74633.0,100934.8469,0
1729730700000,1.338,1.345,1.303,1.311,224890.9,1729731599999,296169.7974,2183,108962.3,143444.4104,0
1729731600000,1.311,1.321,1.307,1.311,110475.3,1729732499999,145106.6127,1130,50295.7,66074.7443,0
1729732500000,1.312,1.318,1.294,1.298,59941.7,1729733399999,78327.3019,752,24010.9,31424.9278,0
1729733400000,1.299,1.312,1.294,1.309,83126.4,1729734299999,108346.9428,724,43945.6,57313.7991,0
1729734300000,1.309,1.321,1.304,1.31,47115.2,1729735199999,61850.3122,656,22785.5,29923.3105,0
1729735200000,1.311,1.318,1.297,1.305,64603.3,1729736099999,84389.3988,704,29864.1,39030.3036,0
1729736100000,1.305,1.311,1.293,1.302,87679.2,1729736999999,114145.9116,818,38801.3,50534.0577,0
1729737000000,1.301,1.304,1.281,1.285,106956.6,1729737899999,138321.9665,687,34227.6,44271.6163,0
1729737900000,1.285,1.294,1.281,1.289,109599.3,1729738799999,141100.1815,1127,58365.0,75154.925,0
1729738800000,1.29,1.293,1.28,1.281,64588.9,1729739699999,83036.1281,785,22434.1,28876.5468,0
1729739700000,1.281,1.292,1.28,1.287,76937.3,1729740599999,98863.5427,635,36408.5,46800.5041,0
1729740600000,1.287,1.31,1.285,1.299,147385.2,1729741499999,191723.3358,1080,85656.6,111410.1141,0
1729741500000,1.299,1.307,1.293,1.305,48310.1,1729742399999,62848.0198,607,20812.1,27099.1076,0
1729742400000,1.304,1.327,1.3,1.306,152623.2,1729743299999,200453.4092,1629,85105.8,111755.4413,0
1729743300000,1.306,1.306,1.293,1.303,79311.0,1729744199999,103112.9121,952,37181.7,48341.9833,0
1729744200000,1.303,1.313,1.298,1.31,78222.4,1729745099999,102022.5337,805,36237.2,47301.2943,0
1729745100000,1.309,1.314,1.292,1.311,132680.8,1729745999999,172761.155,1064,56612.3,73708.0237,0
1729746000000,1.311,1.397,1.31,1.389,754053.9,1729746899999,1029035.8087,5807,416142.6,568213.1414,0
1729746900000,1.389,1.44,1.367,1.42,936644.6,1729747799999,1324678.5685,7155,438611.7,620683.0698,0
1729747800000,1.419,1.53,1.417,1.499,946528.4,1729748699999,1395746.1811,7834,545915.2,804426.7111,0
1729748700000,1.501,1.55,1.452,1.456,849931.8,1729749599999,1274602.0525,7233,398089.5,597912.2414,0
1729749600000,1.454,1.48,1.416,1.418,548842.9,1729750499999,789837.8548,3820,202929.8,292803.2348,0
1729750500000,1.419,1.436,1.405,1.428,340083.7,1729751399999,482462.5223,2743,128181.2,182190.0606,0
1729751400000,1.427,1.441,1.381,1.384,413062.7,1729752299999,579458.6889,3148,174894.1,246316.2432,0
1729752300000,1.384,1.402,1.377,1.386,220987.5,1729753199999,307135.2537,1958,98520.7,137065.276,0
1729753200000,1.385,1.392,1.367,1.372,183007.8,1729754099999,251637.2727,1584,69295.8,95382.7323,0
1729754100000,1.373,1.381,1.341,1.343,293221.0,1729754999999,397911.3947,2566,121391.3,164882.8524,0
1729755000000,1.343,1.384,1.326,1.337,315673.7,1729755899999,426278.2684,2826,185835.7,251626.7868,0
1729755900000,1.336,1.338,1.318,1.32,180853.3,1729756799999,240047.7854,1509,77208.7,102491.6929,0
1729756800000,1.32,1.326,1.305,1.311,186059.6,1729757699999,244722.8751,1827,92051.0,121175.0683,0
1729757700000,1.311,1.323,1.307,1.31,165665.8,1729758599999,217827.6646,1547,92274.9,121362.2285,0
1729758600000,1.31,1.326,1.309,1.315,112108.5,1729759499999,148012.7382,1025,62821.9,82989.4722,0
1729759500000,1.315,1.317,1.295,1.315,157241.7,1729760399999,205436.811,1549,74772.5,97829.6469,0
1729760400000,1.315,1.339,1.305,1.314,240421.5,1729761299999,318070.5165,1838,144875.4,191838.0375,0
1729761300000,1.315,1.318,1.308,1.31,60845.8,1729762199999,79852.2377,752,29416.6,38628.7917,0
1729762200000,1.309,1.312,1.3,1.305,114984.2,1729763099999,150066.0806,1030,43310.5,56603.0862,0
1729763100000,1.305,1.309,1.3,1.302,52994.4,1729763999999,69058.7545,550,23840.3,31079.4432,0
1729764000000,1.302,1.326,1.3,1.318,134394.4,1729764899999,176873.1277,1225,80245.2,105659.3725,0
1729764900000,1.318,1.32,1.286,1.289,164898.4,1729765799999,214039.754,1280,49436.7,64007.0443,0
1729765800000,1.289,1.3,1.286,1.298,105635.7,1729766699999,136627.6626,872,68555.7,88760.4049,0
1729766700000,1.298,1.299,1.288,1.291,36609.0,1729767599999,47312.454,416,17261.4,22329.3801,0
1729767600000,1.292,1.304,1.291,1.297,73133.5,1729768499999,95067.9529,550,45414.7,59053.0529,0
1729768500000,1.299,1.307,1.291,1.304,82223.1,1729769399999,106757.3114,636,47905.9,62205.7374,0
1729769400000,1.304,1.318,1.3,1.315,98292.8,1729770299999,128849.1208,747,68370.4,89674.9478,0
1729770300000,1.315,1.316,1.297,1.298,90627.7,1729771199999,118319.5317,927,35409.0,46279.1536,0
1729771200000,1.298,1.304,1.291,1.303,56062.8,1729772099999,72706.402,670,30876.1,40076.934,0
1729772100000,1.303,1.316,1.299,1.306,96660.2,1729772999999,126484.4165,726,63405.6,83062.9737,0
1729773000000,1.304,1.304,1.291,1.3,81081.1,1729773899999,105286.0734,675,26671.8,34669.0588,0
1729773900000,1.3,1.31,1.299,1.303,67222.8,1729774799999,87820.1684,650,38572.2,50398.2542,0
1729774800000,1.304,1.306,1.296,1.296,106622.0,1729775699999,138543.097,665,52011.3,67607.9994,0
1729775700000,1.297,1.301,1.287,1.289,98397.0,1729776599999,127287.9755,718,37228.1,48180.8838,0
1729776600000,1.288,1.295,1.28,1.292,94762.6,1729777499999,121833.5133,746,44699.4,57546.1611,0
1729777500000,1.292,1.297,1.283,1.284,52061.4,1729778399999,67090.4657,488,19277.2,24837.8682,0
1729778400000,1.284,1.29,1.28,1.281,70451.4,1729779299999,90510.9319,501,29008.4,37303.2302,0
1729779300000,1.281,1.281,1.257,1.262,259808.3,1729780199999,328751.0812,1873,117524.9,148670.909,0
1729780200000,1.262,1.277,1.26,1.274,101161.2,1729781099999,128527.6314,866,64295.8,81759.382,0
1729781100000,1.274,1.276,1.258,1.264,74612.8,1729781999999,94210.8989,496,36373.4,45914.7103,0
1729782000000,1.263,1.31,1.259,1.278,280591.3,1729782899999,361657.9188,2150,168712.9,217504.1823,0
1729782900000,1.278,1.286,1.272,1.277,38622.4,1729783799999,49359.5041,636,15825.0,20232.9569,0
1729783800000,1.275,1.279,1.261,1.266,148432.9,1729784699999,188250.7276,1170,45019.2,57186.3042,0
1729784700000,1.265,1.272,1.262,1.272,33033.8,1729785599999,41809.692,540,16216.4,20535.5166,0
1729785600000,1.271,1.273,1.261,1.262,37671.3,1729786499999,47782.2025,417,16701.6,21194.7009,0
1729786500000,1.262,1.276,1.258,1.275,60434.1,1729787399999,76639.4138,479,40185.1,51010.5835,0
1729787400000,1.276,1.29,1.274,1.28,80589.7,1729788299999,103391.0228,1006,50606.2,64960.1049,0
1729788300000,1.28,1.281,1.273,1.274,46962.8,1729789199999,59933.8654,482,15778.3,20149.3573,0
1729789200000,1.275,1.276,1.267,1.272,46204.8,1729790099999,58698.9237,624,22883.5,29072.3227,0
1729790100000,1.272,1.29,1.27,1.288,102961.7,1729790999999,132038.0122,899,62431.8,80063.4199,0
1729791000000,1.289,1.314,1.289,1.307,308053.1,1729791899999,401596.686,2079,200845.5,261974.0304,0
1729791900000,1.306,1.333,1.301,1.329,232768.8,1729792799999,307339.4097,1899,141698.6,187144.1195,0
1729792800000,1.328,1.355,1.308,1.317,373447.0,1729793699999,498522.7877,2753,201496.0,269248.335,0
1729793700000,1.317,1.322,1.291,1.294,220470.9,1729794599999,287523.0463,1519,64090.1,83758.4936,0
1729794600000,1.293,1.298,1.292,1.293,52724.6,1729795499999,68227.7812,610,30240.5,39138.2136,0
1729795500000,1.292,1.295,1.28,1.281,92403.7,1729796399999,118896.2536,999,38801.2,49980.3717,0
1729796400000,1.281,1.288,1.28,1.283,39319.4,1729797299999,50440.0247,554,20876.7,26786.322,0
1729797300000,1.285,1.293,1.28,1.285,98110.6,1729798199999,126235.1372,914,51491.4,66295.0983,0
1729798200000,1.285,1.293,1.282,1.285,110773.1,1729799099999,142603.4431,795,54010.2,69553.3228,0
1729799100000,1.285,1.286,1.267,1.272,100142.6,1729799999999,127694.0853,915,38764.4,49478.1406,0
1729800000000,1.272,1.282,1.272,1.281,69099.7,1729800899999,88241.9302,542,38832.3,49601.5731,0
1729800900000,1.28,1.284,1.274,1.275,50972.7,1729801799999,65207.4224,425,30008.8,38394.7634,0
1729801800000,1.275,1.283,1.274,1.281,19994.4,1729802699999,25537.4627,293,10887.5,13913.3059,0
1729802700000,1.281,1.29,1.28,1.281,45462.5,1729803599999,58456.4593,400,31004.4,39884.5524,0
1729803600000,1.281,1.283,1.277,1.28,21232.5,1729804499999,27184.4206,276,7798.2,9991.8071,0
1729804500000,1.281,1.291,1.281,1.288,33879.3,1729805399999,43597.5149,354,21223.3,27315.2497,0
1729805400000,1.289,1.293,1.285,1.29,31430.3,1729806299999,40526.8571,411,16848.8,21739.1094,0
1729806300000,1.289,1.29,1.281,1.281,35032.8,1729807199999,44997.949,262,18589.9,23882.8923,0
1729807200000,1.282,1.302,1.282,1.301,54343.8,1729808099999,70092.6346,412,47144.5,60810.9064,0
1729808100000,1.301,1.301,1.29,1.291,31089.0,1729808999999,40288.2602,345,14582.3,18892.4699,0
1729809000000,1.293,1.293,1.283,1.286,53262.0,1729809899999,68592.164,354,37555.2,48383.0796,0
1729809900000,1.285,1.291,1.283,1.287,32128.9,1729810799999,41435.9749,209,24114.9,31106.8119,0
1729810800000,1.288,1.294,1.28,1.282,44425.6,1729811699999,57256.1326,350,12889.4,16613.2556,0
1729811700000,1.282,1.286,1.28,1.286,11592.6,1729812599999,14869.0017,171,4925.2,6321.1448,0
1729812600000,1.286,1.288,1.277,1.283,23014.0,1729813499999,29506.7116,221,10374.7,13307.2366,0
1729813500000,1.282,1.282,1.273,1.279,45020.1,1729814399999,57474.6274,405,9641.2,12321.2805,0
1729814400000,1.279,1.301,1.277,1.297,67509.1,1729815299999,87201.498,868,43782.1,56579.3507,0
1729815300000,1.297,1.298,1.286,1.294,12411.6,1729816199999,16035.3434,195,6454.1,8341.9263,0
1729816200000,1.294,1.302,1.289,1.294,50771.1,1729817099999,65835.417,384,22387.3,29032.5579,0
1729817100000,1.294,1.294,1.28,1.286,33297.6,1729817999999,42763.9233,312,16614.8,21327.4441,0
1729818000000,1.286,1.289,1.277,1.28,19936.7,1729818899999,25599.6565,262,13335.7,17135.8114,0
1729818900000,1.28,1.295,1.277,1.295,34754.9,1729819799999,44628.6976,299,28002.8,35970.2483,0
1729819800000,1.293,1.312,1.288,1.301,64571.5,1729820699999,84068.8757,780,39278.4,51159.2114,0
1729820700000,1.3,1.313,1.293,1.31,47159.4,1729821599999,61481.878,437,33127.6,43207.4134,0
1729821600000,1.309,1.315,1.296,1.296,76576.5,1729822499999,100078.0323,554,28628.8,37405.0067,0
1729822500000,1.298,1.298,1.289,1.291,19156.1,1729823399999,24762.9317,258,7592.7,9819.7076,0
1729823400000,1.291,1.294,1.282,1.286,24780.5,1729824299999,31899.231,302,12353.5,15897.0312,0
1729824300000,1.284,1.291,1.281,1.282,18359.5,1729825199999,23586.625,210,9836.5,12639.8912,0
1729825200000,1.283,1.283,1.276,1.277,16331.6,1729826099999,20897.2515,223,6966.7,8921.2201,0
1729826100000,1.276,1.277,1.265,1.271,26836.7,1729826999999,34101.427,378,5758.1,7322.8825,0
1729827000000,1.272,1.273,1.268,1.269,16287.9,1729827899999,20694.7173,231,6750.7,8580.395,0
1729827900000,1.269,1.27,1.258,1.265,38309.5,1729828799999,48399.1703,444,14233.7,17990.7432,0
1729828800000,1.265,1.266,1.255,1.258,32837.1,1729829699999,41354.0739,305,12733.5,16025.3201,0
1729829700000,1.259,1.263,1.25,1.251,63783.7,1729830599999,80144.0395,712,25128.2,31636.8321,0
1729830600000,1.251,1.254,1.245,1.248,55654.0,1729831499999,69548.9006,692,21237.9,26555.7046,0
1729831500000,1.248,1.249,1.236,1.238,71355.1,1729832399999,88553.9347,932,36748.6,45606.9832,0
1729832400000,1.239,1.239,1.228,1.236,41744.5,1729833299999,51534.6796,601,19391.0,23959.4777,0
1729833300000,1.235,1.25,1.229,1.249,84399.0,1729834199999,104615.8044,817,44313.5,54990.704,0
1729834200000,1.249,1.27,1.249,1.259,146411.7,1729835099999,184646.2424,1256,71226.6,89795.703,0
1729835100000,1.26,1.292,1.257,1.29,139918.6,1729835999999,178122.7412,1417,92266.6,117492.6502,0
1729836000000,1.29,1.295,1.261,1.262,90405.3,1729836899999,115517.5117,1104,40061.6,51258.4822,0
1729836900000,1.262,1.264,1.256,1.256,47602.5,1729837799999,59994.9896,404,17417.6,21966.6164,0
1729837800000,1.256,1.264,1.255,1.26,25616.8,1729838699999,32275.3525,398,7412.5,9336.4038,0
1729838700000,1.262,1.262,1.251,1.253,18955.1,1729839599999,23808.0396,343,3139.4,3937.6757,0
1729839600000,1.253,1.262,1.252,1.253,16847.2,1729840499999,21140.4893,202,7281.0,9141.3362,0
1729840500000,1.252,1.252,1.237,1.24,51969.2,1729841399999,64677.6523,515,10335.3,12833.2535,0
1729841400000,1.24,1.244,1.233,1.237,66610.1,1729842299999,82346.8985,551,32332.6,39978.1412,0
1729842300000,1.235,1.239,1.23,1.236,50411.0,1729843199999,62200.2888,450,28834.5,35592.5893,0
1729843200000,1.235,1.236,1.219,1.225,71247.2,1729844099999,87380.4248,720,29681.3,36399.4066,0
1729844100000,1.225,1.232,1.22,1.229,40769.0,1729844999999,50065.0454,339,11429.8,14030.841,0
1729845000000,1.228,1.235,1.224,1.231,38994.1,1729845899999,47885.2268,471,14067.3,17284.8423,0
1729845900000,1.232,1.235,1.223,1.227,34879.9,1729846799999,42906.4454,332,10919.4,13455.0227,0
1729846800000,1.226,1.234,1.22,1.223,71887.5,1729847699999,88204.5246,504,23538.4,28887.2595,0
1729847700000,1.223,1.232,1.218,1.229,70493.5,1729848599999,86320.5365,507,40864.9,50054.1386,0
1729848600000,1.23,1.231,1.22,1.228,52384.3,1729849499999,64126.0058,457,18770.2,22995.1899,0
1729849500000,1.227,1.246,1.225,1.238,103254.4,1729850399999,127679.4535,751,68021.6,84209.3329,0
1729850400000,1.238,1.247,1.229,1.245,46554.9,1729851299999,57692.3911,582,33195.2,41157.4436,0
1729851300000,1.246,1.249,1.24,1.247,49303.9,1729852199999,61377.4253,462,26311.8,32777.1911,0
1729852200000,1.247,1.25,1.231,1.235,57694.0,1729853099999,71354.5309,415,24095.6,29778.5605,0
1729853100000,1.234,1.238,1.232,1.234,19970.9,1729853999999,24662.046,240,9870.8,12196.7778,0
1729854000000,1.234,1.235,1.228,1.233,23481.1,1729854899999,28904.4005,282,7573.9,9328.7671,0
1729854900000,1.233,1.237,1.229,1.23,19334.1,1729855799999,23805.898,270,12215.0,15038.6446,0
1729855800000,1.231,1.232,1.228,1.23,6357.7,1729856699999,7817.9288,151,3504.4,4311.1107,0
1729856700000,1.23,1.236,1.223,1.234,99385.1,1729857599999,122068.2042,664,41630.3,51175.8512,0
1729857600000,1.234,1.236,1.226,1.227,39702.3,1729858499999,48872.4576,369,13455.0,16590.6443,0
1729858500000,1.229,1.233,1.226,1.227,17018.0,1729859399999,20908.1323,183,9349.4,11492.7058,0
1729859400000,1.228,1.236,1.226,1.232,51413.7,1729860299999,63317.7703,428,27163.2,33465.2018,0
1729860300000,1.232,1.249,1.232,1.243,61903.2,1729861199999,76756.2937,560,38885.7,48214.8251,0
1729861200000,1.243,1.246,1.229,1.236,38909.8,1729862099999,48146.0352,450,16969.8,21007.5484,0
1729862100000,1.235,1.242,1.234,1.237,17638.9,1729862999999,21840.2543,298,8241.0,10211.7011,0
1729863000000,1.237,1.239,1.227,1.236,41497.9,1729863899999,51123.4839,347,17007.7,20955.3535,0
1729863900000,1.236,1.247,1.235,1.246,52245.7,1729864799999,64788.102,445,24299.4,30160.5658,0
1729864800000,1.245,1.278,1.244,1.274,209148.0,1729865699999,263915.1678,1284,105665.8,133332.9457,0
1729865700000,1.275,1.275,1.256,1.259,108294.8,1729866599999,137095.2877,741,49099.7,62160.8281,0
1729866600000,1.259,1.262,1.248,1.253,54105.7,1729867499999,67960.7305,592,26985.4,33918.9911,0
1729867500000,1.253,1.258,1.25,1.252,22523.0,1729868399999,28220.8249,213,6434.9,8073.3676,0
1729868400000,1.253,1.27,1.253,1.268,32639.4,1729869299999,41193.4314,328,24956.5,31508.6937,0
1729869300000,1.267,1.303,1.266,1.271,254493.7,1729870199999,326566.1391,1696,130856.5,167896.9164,0
1729870200000,1.27,1.27,1.251,1.251,86817.1,1729871099999,109306.8724,667,23192.8,29234.0014,0
1729871100000,1.251,1.258,1.241,1.242,80509.2,1729871999999,100458.3421,583,23315.8,29144.2233,0
1729872000000,1.242,1.243,1.229,1.239,59660.1,1729872899999,73686.0912,666,27301.1,33721.5197,0
1729872900000,1.237,1.237,1.222,1.224,38868.1,1729873799999,47765.6041,494,15057.9,18510.6701,0
1729873800000,1.224,1.228,1.217,1.224,64619.0,1729874699999,79049.8608,657,25512.5,31244.5826,0
1729874700000,1.222,1.226,1.217,1.217,66310.7,1729875599999,80879.1276,406,45490.7,55494.0845,0
1729875600000,1.218,1.222,1.213,1.214,44028.0,1729876499999,53603.2929,308,22555.1,27485.1301,0
1729876500000,1.214,1.214,1.206,1.207,48177.1,1729877399999,58297.8667,535,24838.4,30065.2445,0
1729877400000,1.208,1.217,1.207,1.212,26315.1,1729878299999,31898.8648,311,11763.4,14259.8398,0
1729878300000,1.211,1.214,1.202,1.209,35147.7,1729879199999,42464.0289,437,14444.4,17460.2422,0
1729879200000,1.209,1.214,1.196,1.214,62749.3,1729880099999,75503.9908,733,28348.3,34123.5859,0
1729880100000,1.213,1.222,1.211,1.222,57559.4,1729880999999,70192.9462,397,45086.3,55010.839,0
1729881000000,1.222,1.225,1.218,1.219,54380.6,1729881899999,66447.0619,321,40541.0,49534.5846,0
1729881900000,1.218,1.226,1.21,1.221,41843.5,1729882799999,51043.1222,455,20744.7,25306.4779,0
1729882800000,1.22,1.225,1.213,1.225,23438.9,1729883699999,28574.2971,226,10359.6,12636.9119,0
1729883700000,1.224,1.225,1.216,1.217,10723.4,1729884599999,13086.5802,190,3530.0,4309.3715,0
1729884600000,1.218,1.225,1.217,1.223,10672.5,1729885499999,13037.9035,170,6546.8,8002.436,0
1729885500000,1.223,1.237,1.221,1.231,82556.9,1729886399999,101455.114,681,44347.2,54515.6852,0
1729886400000,1.232,1.235,1.223,1.225,36094.1,1729887299999,44337.6293,437,16435.6,20209.3949,0
1729887300000,1.224,1.23,1.221,1.227,23532.7,1729888199999,28830.2676,263,14064.3,17231.9741,0
1729888200000,1.228,1.228,1.215,1.218,37120.1,1729889099999,45303.3842,349,12732.3,15555.2501,0
1729889100000,1.218,1.223,1.216,1.22,29570.4,1729889999999,36026.5913,234,21017.9,25600.7031,0
1729890000000,1.222,1.224,1.219,1.223,9199.3,1729890899999,11238.8946,206,4611.5,5634.2109,0
1729890900000,1.222,1.243,1.219,1.239,85005.0,1729891799999,105046.7822,535,44787.0,55298.3536,0
1729891800000,1.239,1.245,1.23,1.232,64630.5,1729892699999,79969.1602,549,30033.2,37173.1008,0
1729892700000,1.233,1.239,1.232,1.237,18534.9,1729893599999,22880.448,250,7453.2,9201.283,0
1729893600000,1.237,1.25,1.234,1.237,69803.7,1729894499999,86660.5664,500,27175.5,33702.6809,0
1729894500000,1.237,1.237,1.227,1.231,27083.6,1729895399999,33337.1555,273,11109.5,13674.1955,0
1729895400000,1.231,1.236,1.23,1.235,4695.2,1729896299999,5789.8662,80,2447.8,3019.6198,0
1729896300000,1.235,1.25,1.231,1.242,83095.6,1729897199999,103087.021,671,47507.7,58914.8631,0
1729897200000,1.243,1.245,1.203,1.204,70809.4,1729898099999,86551.4193,684,11534.4,14113.964,0
1729898100000,1.204,1.223,1.166,1.179,180855.0,1729898999999,214958.5537,1827,61843.3,73496.2057,0
1729899000000,1.18,1.197,1.175,1.187,73669.5,1729899899999,87419.5913,675,47307.4,56135.8023,0
1729899900000,1.186,1.199,1.18,1.195,32301.8,1729900799999,38487.4224,349,19267.7,22987.7428,0
1729900800000,1.194,1.208,1.176,1.204,136157.8,1729901699999,161617.1465,964,67709.2,80403.3725,0
1729901700000,1.205,1.227,1.199,1.223,61551.3,1729902599999,74503.7271,584,30919.8,37469.9993,0
1729902600000,1.221,1.236,1.21,1.217,265880.8,1729903499999,325499.9932,2004,133306.8,163244.2568,0
1729903500000,1.216,1.216,1.187,1.192,124052.2,1729904399999,148543.6575,909,60806.3,72777.7557,0
1729904400000,1.191,1.2,1.182,1.189,52604.9,1729905299999,62505.7217,354,23066.5,27423.1635,0
1729905300000,1.188,1.199,1.188,1.194,21015.0,1729906199999,25114.1929,152,8213.4,9809.5297,0
1729906200000,1.193,1.196,1.184,1.189,16322.6,1729907099999,19412.5495,245,9963.0,11852.7172,0
1729907100000,1.189,1.196,1.189,1.189,17811.3,1729907999999,21224.8459,154,10015.1,11941.7486,0
1729908000000,1.19,1.19,1.18,1.184,19371.6,1729908899999,22936.6465,242,10363.9,12270.9406,0
1729908900000,1.186,1.2,1.186,1.197,14236.2,1729909799999,17012.1494,224,9959.3,11900.895,0
1729909800000,1.197,1.197,1.189,1.197,10023.3,1729910699999,11959.0967,178,6404.7,7643.2674,0
1729910700000,1.198,1.204,1.191,1.194,48576.6,1729911599999,58126.3716,340,17545.1,20996.7694,0
1729911600000,1.193,1.194,1.189,1.194,10053.2,1729912499999,11975.1404,205,5377.4,6407.945,0
1729912500000,1.194,1.202,1.192,1.201,13799.2,1729913399999,16522.8019,240,8257.7,9895.2609,0
1729913400000,1.202,1.203,1.196,1.2,16645.1,1729914299999,19958.0587,207,4940.6,5928.3807,0
1729914300000,1.199,1.2,1.192,1.194,15706.1,1729915199999,18775.5971,185,10081.2,12056.4845,0
1729915200000,1.196,1.202,1.193,1.199,14409.3,1729916099999,17243.9041,195,7064.4,8459.9096,0
1729916100000,1.199,1.199,1.19,1.196,32016.5,1729916999999,38266.4387,333,16868.8,20184.6578,0
1729917000000,1.196,1.197,1.19,1.195,7558.9,1729917899999,9014.9373,114,1877.9,2239.7794,0
1729917900000,1.195,1.199,1.18,1.186,62216.1,1729918799999,73996.8306,483,27001.5,32166.0928,0
1729918800000,1.186,1.202,1.185,1.197,60067.3,1729919699999,71749.3469,478,35261.9,42078.0909,0
1729919700000,1.196,1.203,1.196,1.203,11974.7,1729920599999,14368.2586,148,6651.9,7983.5014,0
1729920600000,1.204,1.207,1.2,1.204,26275.6,1729921499999,31623.3448,172,11961.8,14398.9936,0
1729921500000,1.206,1.208,1.196,1.196,26982.1,1729922399999,32398.8829,241,13418.8,16112.8208,0
1729922400000,1.198,1.2,1.191,1.192,13942.3,1729923299999,16670.3602,182,3895.0,4662.273,0
1729923300000,1.193,1.196,1.189,1.189,19480.7,1729924199999,23221.4196,224,10109.9,12054.6972,0
1729924200000,1.19,1.193,1.184,1.185,17608.6,1729925099999,20923.0974,246,7117.4,8457.4416,0
1729925100000,1.185,1.188,1.18,1.184,43085.2,1729925999999,51008.0495,370,14558.8,17262.4814,0
1729926000000,1.184,1.19,1.182,1.189,18119.7,1729926899999,21473.8515,202,10822.3,12834.3967,0
1729926900000,1.187,1.189,1.182,1.187,27990.7,1729927799999,33199.0368,206,5375.6,6372.3751,0
1729927800000,1.186,1.228,1.186,1.219,130973.7,1729928699999,159095.7617,1001,78471.7,95170.9566,0
1729928700000,1.219,1.282,1.215,1.278,687670.0,1729929599999,865450.372,5410,466577.6,587991.657,0
1729929600000,1.278,1.304,1.252,1.273,567712.2,1729930499999,725736.7809,5394,305730.8,391472.4507,0
1729930500000,1.272,1.298,1.26,1.298,231628.0,1729931399999,296682.6953,2565,124714.5,159967.8026,0
1729931400000,1.298,1.399,1.298,1.386,1376678.6,1729932299999,1872352.6921,10924,788214.5,1071174.0004,0
1729932300000,1.386,1.386,1.323,1.338,591461.2,1729933199999,802579.4347,4787,258865.9,350929.5222,0
1729933200000,1.339,1.454,1.326,1.414,1350401.0,1729934099999,1910977.8713,10271,706734.3,999114.6771,0
1729934100000,1.416,1.457,1.368,1.375,927117.2,1729934999999,1307608.2227,7299,455295.7,642401.7358,0
1729935000000,1.377,1.391,1.342,1.352,533387.5,1729935899999,722987.9496,3808,219633.2,297918.5035,0
1729935900000,1.352,1.361,1.333,1.338,404032.1,1729936799999,543076.347,3158,197835.2,266294.0648,0
1729936800000,1.339,1.377,1.314,1.317,482217.9,1729937699999,649928.452,3597,232672.8,314797.8534,0
1729937700000,1.316,1.326,1.301,1.302,284041.7,1729938599999,371930.1582,2134,85599.4,112255.3733,0
1729938600000,1.304,1.355,1.288,1.342,571863.3,1729939499999,751128.4984,3980,294819.0,389357.236,0
1729939500000,1.342,1.35,1.317,1.323,335983.4,1729940399999,448638.1628,2548,174417.8,233163.9496,0
1729940400000,1.324,1.339,1.304,1.322,260482.2,1729941299999,343422.8919,1683,106605.3,140683.1658,0
1729941300000,1.322,1.35,1.321,1.345,190561.7,1729942199999,254590.9001,1746,118927.9,158975.8591,0
1729942200000,1.345,1.345,1.298,1.304,196091.9,1729943099999,257544.4709,1974,82477.3,108319.2382,0
1729943100000,1.303,1.318,1.295,1.311,120810.2,1729943999999,157655.727,1474,70278.4,91774.9587,0
1729944000000,1.311,1.324,1.301,1.324,138115.2,1729944899999,181391.5234,1386,93185.7,122458.8317,0
1729944900000,1.324,1.334,1.311,1.315,164111.3,1729945799999,217219.3429,1283,74730.6,99027.0372,0
1729945800000,1.314,1.325,1.301,1.305,112416.3,1729946699999,147552.0113,940,49729.9,65349.8059,0
1729946700000,1.303,1.308,1.269,1.274,304545.3,1729947599999,390717.2098,2462,115460.3,148339.1591,0
1729947600000,1.274,1.278,1.261,1.272,149149.0,1729948499999,189386.6554,1360,70651.7,89796.2567,0
1729948500000,1.273,1.276,1.263,1.269,88841.9,1729949399999,112927.2513,852,39949.9,50838.2568,0
1729949400000,1.269,1.277,1.268,1.271,74995.0,1729950299999,95396.1747,681,31331.5,39865.2262,0
1729950300000,1.272,1.289,1.268,1.282,145346.3,1729951199999,186104.2583,1095,87548.2,112192.5186,0
1729951200000,1.281,1.325,1.267,1.301,284458.2,1729952099999,368690.0724,2530,157962.9,204898.1668,0
1729952100000,1.301,1.31,1.269,1.275,203453.5,1729952999999,262834.3756,1883,93461.9,120763.9099,0
1729953000000,1.274,1.288,1.271,1.274,93270.5,1729953899999,119296.9033,808,45073.6,57624.1025,0
1729953900000,1.274,1.282,1.261,1.265,75584.5,1729954799999,96017.9417,843,32168.3,40914.4627,0
1729954800000,1.265,1.275,1.239,1.249,191239.9,1729955699999,240095.3782,1833,90549.5,113646.0656,0
1729955700000,1.249,1.254,1.238,1.241,139904.7,1729956599999,174097.895,1273,64644.5,80486.7636,0
1729956600000,1.241,1.251,1.238,1.249,61905.9,1729957499999,77010.7285,646,22780.4,28339.9146,0
1729957500000,1.248,1.254,1.242,1.245,79408.0,1729958399999,99190.1488,567,43027.9,53796.7427,0
1729958400000,1.245,1.288,1.245,1.28,216983.7,1729959299999,276215.1129,1904,127757.0,162642.7374,0
1729959300000,1.28,1.308,1.268,1.301,343409.3,1729960199999,444866.6394,2698,175938.6,227985.4815,0
1729960200000,1.301,1.334,1.291,1.294,317016.8,1729961099999,416287.3517,3136,156429.6,205527.6267,0
1729961100000,1.295,1.304,1.278,1.295,224697.6,1729961999999,289631.6631,1932,86709.1,111787.5551,0
1729962000000,1.294,1.302,1.282,1.294,124982.9,1729962899999,161379.6474,1322,51642.3,66744.8792,0
1729962900000,1.294,1.346,1.292,1.31,411369.9,1729963799999,543120.8433,3390,224007.6,296090.986,0
1729963800000,1.309,1.31,1.287,1.29,135213.9,1729964699999,175241.1604,1449,48125.9,62424.2337,0
1729964700000,1.29,1.3,1.283,1.293,72547.7,1729965599999,93688.7317,757,43560.9,56287.6732,0
1729965600000,1.293,1.3,1.28,1.284,81868.3,1729966499999,105450.8653,945,37280.8,48091.3966,0
1729966500000,1.284,1.292,1.273,1.273,87548.2,1729967399999,112250.5981,712,31769.7,40835.9333,0
1729967400000,1.274,1.289,1.272,1.288,94833.4,1729968299999,121530.1291,780,48358.7,61958.1784,0
1729968300000,1.288,1.294,1.271,1.277,68510.4,1729969199999,87765.7565,725,28778.5,36909.2703,0
1729969200000,1.275,1.277,1.264,1.269,87594.3,1729970099999,111182.986,747,42947.9,54458.5464,0
1729970100000,1.271,1.278,1.27,1.273,33333.3,1729970999999,42431.4133,382,16725.1,21296.0501,0
1729971000000,1.274,1.277,1.263,1.277,58907.0,1729971899999,74712.4209,655,26081.0,33073.3436,0
1729971900000,1.277,1.28,1.268,1.272,47572.1,1729972799999,60617.0357,529,25518.5,32523.9082,0
1729972800000,1.272,1.274,1.254,1.262,86370.0,1729973699999,108915.1596,743,37376.0,47131.3604,0
1729973700000,1.262,1.27,1.252,1.268,134934.2,1729974599999,170202.1144,1016,80215.2,101188.3824,0
1729974600000,1.267,1.269,1.259,1.259,36021.0,1729975499999,45505.0062,451,13348.4,16864.233,0
1729975500000,1.26,1.265,1.258,1.263,18601.7,1729976399999,23480.6063,284,10553.5,13322.8808,0
1729976400000,1.263,1.29,1.255,1.29,93143.3,1729977299999,118462.2965,835,62875.7,80011.169,0
1729977300000,1.289,1.291,1.272,1.28,80076.6,1729978199999,102459.7426,760,42827.7,54762.0525,0
1729978200000,1.279,1.293,1.259,1.263,302806.2,1729979099999,386337.5906,2326,149883.9,191672.8195,0
1729979100000,1.264,1.265,1.252,1.257,50593.5,1729979999999,63682.1375,547,12137.9,15298.9326,0
1729980000000,1.257,1.264,1.254,1.258,37388.5,1729980899999,47061.2098,489,15398.2,19399.4063,0
1729980900000,1.256,1.258,1.25,1.254,49139.2,1729981799999,61604.291,394,17434.0,21858.5393,0
1729981800000,1.253,1.257,1.253,1.257,13648.8,1729982699999,17119.4479,139,5985.9,7509.444,0
1729982700000,1.257,1.258,1.247,1.25,31303.9,1729983599999,39184.1935,401,7405.0,9275.9812,0
1729983600000,1.25,1.254,1.248,1.254,7850.2,1729984499999,9822.2911,174,5000.8,6257.538,0
1729984500000,1.253,1.258,1.248,1.248,23760.0,1729985399999,29772.603,285,8702.1,10917.9872,0
1729985400000,1.248,1.252,1.24,1.249,40742.6,1729986299999,50754.8438,491,13084.4,16305.8304,0
1729986300000,1.248,1.256,1.248,1.251,25178.3,1729987199999,31533.3508,292,15634.3,19590.7603,0
1729987200000,1.251,1.252,1.242,1.246,34796.0,1729988099999,43323.7552,425,16769.4,20877.3883,0
1729988100000,1.246,1.249,1.244,1.246,26567.1,1729988999999,33105.2703,364,13162.4,16404.5324,0
1729989000000,1.246,1.246,1.239,1.243,18326.6,1729989899999,22763.0681,281,7611.2,9458.2204,0
1729989900000,1.243,1.247,1.239,1.246,27503.7,1729990799999,34207.831,243,21906.1,27248.3281,0
1729990800000,1.246,1.247,1.235,1.236,41223.1,1729991699999,51013.5619,363,11237.0,13933.7107,0
1729991700000,1.236,1.239,1.234,1.235,10689.4,1729992599999,13216.1602,104,3218.1,3980.0443,0
1729992600000,1.235,1.248,1.234,1.243,43526.9,1729993499999,54058.8216,442,28992.2,36003.5439,0
1729993500000,1.243,1.244,1.226,1.24,90899.4,1729994399999,112140.4066,725,33356.8,41187.7783,0
1729994400000,1.239,1.243,1.231,1.234,32248.5,1729995299999,39893.9434,447,9607.7,11909.3918,0
1729995300000,1.232,1.236,1.23,1.234,25384.5,1729996199999,31314.9419,409,17624.9,21747.78,0
1729996200000,1.236,1.242,1.232,1.238,38592.1,1729997099999,47733.2704,407,19938.9,24670.6182,0
1729997100000,1.237,1.249,1.235,1.247,35156.4,1729997999999,43620.4896,349,25095.0,31140.3846,0
1729998000000,1.247,1.255,1.239,1.255,38003.6,1729998899999,47374.8227,305,25693.9,32040.1325,0
1729998900000,1.255,1.258,1.251,1.254,33719.9,1729999799999,42282.5358,434,19854.2,24899.1203,0
1729999800000,1.253,1.282,1.249,1.271,118575.4,1730000699999,150366.1103,1154,79796.0,101252.9036,0
1730000700000,1.272,1.279,1.268,1.271,75105.4,1730001599999,95621.2258,699,48955.1,62352.474,0
1730001600000,1.272,1.285,1.263,1.276,75040.3,1730002499999,95525.334,888,39430.8,50209.7852,0
1730002500000,1.276,1.289,1.271,1.282,60770.0,1730003399999,77745.423,660,34584.1,44246.1987,0
1730003400000,1.282,1.307,1.27,1.296,136748.6,1730004299999,176241.0752,1001,77426.1,99853.2704,0
1730004300000,1.297,1.311,1.284,1.289,154427.5,1730005199999,200180.7905,1367,73556.3,95409.8097,0
1730005200000,1.289,1.29,1.278,1.286,51057.8,1730006099999,65527.5797,536,20296.1,26047.3386,0
1730006100000,1.286,1.291,1.278,1.279,40011.6,1730006999999,51370.4094,451,14492.2,18618.6154,0
1730007000000,1.279,1.281,1.25,1.264,214429.0,1730007899999,270526.0978,1829,79245.9,99993.9468,0
1730007900000,1.266,1.27,1.26,1.261,47363.7,1730008799999,59916.3614,398,17747.5,22465.7502,0
1730008800000,1.261,1.266,1.256,1.261,42723.0,1730009699999,53827.8234,446,19646.8,24756.9661,0
1730009700000,1.26,1.262,1.257,1.262,9011.5,1730010599999,11347.3801,205,4556.1,5738.9257,0
1730010600000,1.261,1.27,1.26,1.265,56081.1,1730011499999,71036.1244,469,35204.6,44598.3733,0
1730011500000,1.265,1.269,1.258,1.265,43726.6,1730012399999,55245.2586,347,17499.9,22125.491,0
1730012400000,1.265,1.272,1.26,1.266,57728.3,1730013299999,73196.676,356,38500.6,48825.5811,0
1730013300000,1.267,1.285,1.266,1.284,143963.6,1730014199999,183935.6803,1024,75422.5,96341.5169,0
1730014200000,1.284,1.287,1.271,1.273,46304.7,1730015099999,59328.9782,426,18306.2,23445.4512,0
1730015100000,1.273,1.277,1.265,1.269,34255.9,1730015999999,43582.7896,464,16954.8,21579.6577,0
1730016000000,1.269,1.271,1.248,1.252,97237.5,1730016899999,122205.7433,619,42655.4,53514.9322,0
1730016900000,1.252,1.252,1.236,1.237,78323.0,1730017799999,97424.5862,781,28792.2,35814.7947,0
1730017800000,1.237,1.25,1.236,1.242,73658.5,1730018699999,91478.5071,643,45318.0,56291.4696,0
1730018700000,1.242,1.251,1.239,1.244,38425.3,1730019599999,47804.6796,410,21706.9,27028.4911,0
1730019600000,1.244,1.285,1.242,1.272,320021.6,1730020499999,406750.0723,2398,196876.7,250183.1268,0
1730020500000,1.271,1.304,1.257,1.276,261372.8,1730021399999,335930.9565,2377,133574.9,171908.0282,0
1730021400000,1.276,1.281,1.267,1.268,75987.5,1730022299999,96840.7007,887,43576.0,55559.8499,0
1730022300000,1.269,1.273,1.258,1.26,96358.8,1730023199999,121876.5008,1017,41600.6,52653.0762,0
1730023200000,1.26,1.271,1.245,1.25,185866.8,1730024099999,234027.9297,1172,108903.2,137461.388,0
1730024100000,1.25,1.258,1.248,1.255,46851.4,1730024999999,58708.0713,426,25304.2,31719.5536,0
1730025000000,1.253,1.253,1.243,1.249,77643.0,1730025899999,96883.02,545,18418.2,23004.2707,0
1730025900000,1.248,1.25,1.242,1.25,36952.0,1730026799999,46038.1879,412,14466.3,18030.744,0
1730026800000,1.25,1.258,1.247,1.258,48578.7,1730027699999,60880.4263,595,32820.0,41155.8908,0
1730027700000,1.256,1.258,1.25,1.254,32611.8,1730028599999,40876.4709,403,15596.1,19554.6255,0
1730028600000,1.254,1.266,1.252,1.253,77315.1,1730029499999,97185.3505,661,41639.3,52305.9396,0
1730029500000,1.254,1.254,1.245,1.25,18775.5,1730030399999,23454.1441,221,6814.7,8518.1526,0
1730030400000,1.249,1.255,1.249,1.251,25579.3,1730031299999,32031.6528,268,13524.5,16935.699,0
1730031300000,1.251,1.255,1.244,1.253,44912.2,1730032199999,56086.8044,486,13684.2,17111.8635,0
1730032200000,1.253,1.255,1.246,1.248,31174.8,1730033099999,39003.1223,326,11664.7,14602.2539,0
1730033100000,1.249,1.26,1.247,1.258,95310.9,1730033999999,119371.5475,548,64075.1,80298.4909,0
1730034000000,1.258,1.258,1.25,1.254,34689.1,1730034899999,43491.3509,356,17355.3,21753.8204,0
1730034900000,1.255,1.257,1.253,1.256,17735.9,1730035799999,22251.9911,205,5629.7,7067.0721,0
1730035800000,1.255,1.256,1.246,1.247,25327.7,1730036699999,31677.8133,248,4166.3,5212.8332,0
1730036700000,1.246,1.247,1.237,1.238,62442.3,1730037599999,77550.0363,476,18048.5,22432.2017,0
1730037600000,1.238,1.256,1.237,1.253,62368.5,1730038499999,77937.8349,633,38028.9,47494.0452,0
1730038500000,1.253,1.255,1.249,1.251,24295.4,1730039399999,30391.9264,135,6985.0,8746.2151,0
1730039400000,1.25,1.256,1.248,1.253,20079.6,1730040299999,25129.002,206,13339.0,16700.4139,0
1730040300000,1.253,1.257,1.25,1.25,23216.5,1730041199999,29106.5022,167,4782.4,6004.4002,0
1730041200000,1.25,1.251,1.244,1.245,39697.7,1730042099999,49462.2294,376,18599.3,23163.1946,0
1730042100000,1.247,1.251,1.244,1.251,23351.7,1730042999999,29113.6806,246,15013.8,18726.5856,0
1730043000000,1.25,1.259,1.25,1.254,32529.5,1730043899999,40828.2313,268,23538.1,29549.5986,0
1730043900000,1.254,1.256,1.246,1.249,46597.8,1730044799999,58246.0056,341,16484.3,20610.5082,0
1730044800000,1.249,1.255,1.248,1.25,26640.7,1730045699999,33332.3239,277,12861.3,16102.5645,0
1730045700000,1.25,1.252,1.245,1.247,17534.8,1730046599999,21885.6926,278,7483.8,9344.7303,0
1730046600000,1.248,1.252,1.248,1.249,14828.1,1730047499999,18534.3293,197,8922.4,11159.667,0
1730047500000,1.251,1.256,1.248,1.251,44359.2,1730048399999,55564.2027,467,25809.0,32346.9363,0
1730048400000,1.252,1.257,1.243,1.248,70115.7,1730049299999,87548.1341,522,21164.5,26482.3924,0
1730049300000,1.248,1.25,1.241,1.243,45064.1,1730050199999,56099.1669,409,13771.4,17183.982,0
1730050200000,1.244,1.247,1.24,1.244,33103.3,1730051099999,41140.7199,323,9115.7,11340.0087,0
1730051100000,1.244,1.252,1.243,1.244,33687.3,1730051999999,41986.8434,339,19297.2,24072.4725,0
1730052000000,1.243,1.254,1.24,1.254,31454.0,1730052899999,39213.1214,317,15716.3,19613.6783,0
1730052900000,1.253,1.255,1.25,1.254,11740.7,1730053799999,14713.2738,206,8193.9,10272.2226,0
1730053800000,1.255,1.283,1.253,1.262,118814.9,1730054699999,150931.3127,1012,60008.5,76197.2374,0
1730054700000,1.262,1.274,1.255,1.259,40881.9,1730055599999,51700.3082,433,22287.7,28191.9544,0
1730055600000,1.259,1.263,1.251,1.254,27766.5,1730056499999,34907.152,311,8659.8,10903.4668,0
1730056500000,1.254,1.261,1.249,1.25,32232.2,1730057399999,40499.5096,346,10544.1,13253.5627,0
1730057400000,1.252,1.257,1.244,1.248,39004.4,1730058299999,48729.8419,413,13878.8,17347.2144,0
1730058300000,1.247,1.252,1.245,1.249,16135.7,1730059199999,20135.1614,214,8579.7,10704.951,0
1730059200000,1.25,1.25,1.243,1.244,23178.5,1730060099999,28868.7992,230,12296.0,15308.5543,0
1730060100000,1.245,1.252,1.243,1.25,33647.9,1730060999999,41996.4742,261,17204.2,21470.1317,0
1730061000000,1.25,1.253,1.247,1.251,25496.1,1730061899999,31864.5461,276,14264.2,17833.7832,0
1730061900000,1.251,1.251,1.244,1.249,43047.3,1730062799999,53661.7172,290,25541.9,31846.9944,0
1730062800000,1.249,1.249,1.243,1.247,33751.4,1730063699999,42028.3528,294,13689.5,17056.191,0
1730063700000,1.246,1.252,1.244,1.25,28050.3,1730064599999,35001.6754,222,15228.1,19019.8273,0
1730064600000,1.251,1.259,1.249,1.258,35181.8,1730065499999,44114.4471,323,14326.9,17980.4721,0
1730065500000,1.257,1.257,1.253,1.253,10576.9,1730066399999,13277.223,166,6816.7,8558.6488,0
1730066400000,1.254,1.259,1.252,1.256,18495.9,1730067299999,23227.2488,311,8059.6,10121.7968,0
1730067300000,1.255,1.26,1.255,1.26,14146.8,1730068199999,17791.8246,249,10013.6,12597.4035,0
1730068200000,1.259,1.26,1.256,1.259,21891.8,1730069099999,27544.5178,190,6251.5,7864.4901,0
1730069100000,1.258,1.264,1.256,1.26,18484.9,1730069999999,23292.3887,215,8236.2,10388.9355,0
1730070000000,1.26,1.266,1.26,1.26,14937.3,1730070899999,18871.2218,221,5751.1,7266.8795,0
1730070900000,1.261,1.261,1.25,1.253,28306.4,1730071799999,35516.6729,288,8164.0,10246.9811,0
1730071800000,1.253,1.256,1.25,1.254,14742.2,1730072699999,18482.0821,204,9036.4,11331.5611,0
1730072700000,1.254,1.255,1.249,1.251,11377.8,1730073599999,14241.4586,263,5487.5,6869.9793,0
1730073600000,1.251,1.259,1.25,1.258,16814.2,1730074499999,21098.2714,243,12262.9,15386.4308,0
1730074500000,1.259,1.26,1.251,1.26,23633.9,1730075399999,29685.0937,292,11853.0,14897.2078,0
1730075400000,1.26,1.27,1.26,1.261,49118.9,1730076299999,62205.3153,429,22400.5,28366.1888,0
1730076300000,1.262,1.27,1.262,1.264,16882.5,1730077199999,21398.8429,239,12498.2,15842.6738,0
1730077200000,1.264,1.27,1.264,1.27,17752.0,1730078099999,22512.3155,191,14026.3,17788.1063,0
1730078100000,1.269,1.269,1.254,1.255,14167.8,1730078999999,17820.3459,195,5621.5,7070.3581,0
1730079000000,1.255,1.258,1.252,1.258,11972.3,1730079899999,15030.086,112,2597.8,3259.8147,0
1730079900000,1.257,1.277,1.257,1.277,25787.8,1730080799999,32601.3415,353,18224.2,23059.5627,0
1730080800000,1.277,1.299,1.263,1.298,176470.4,1730081699999,227039.1307,1441,123144.1,158581.3832,0
1730081700000,1.298,1.3,1.28,1.284,74656.2,1730082599999,96173.4205,697,27790.0,35850.754,0
1730082600000,1.283,1.29,1.27,1.271,83263.8,1730083499999,106573.2058,539,29383.6,37625.8565,0
1730083500000,1.272,1.277,1.262,1.265,34545.6,1730084399999,43859.9187,458,10931.4,13892.3144,0
1730084400000,1.264,1.3,1.256,1.27,183478.9,1730085299999,234578.5895,1582,111326.8,142550.6209,0
1730085300000,1.271,1.301,1.268,1.282,98557.8,1730086199999,127002.2199,915,55856.5,71931.3499,0
1730086200000,1.283,1.293,1.283,1.286,30763.8,1730087099999,39594.7577,358,14590.4,18777.7848,0
1730087100000,1.286,1.29,1.278,1.284,41469.2,1730087999999,53279.9627,472,17054.9,21926.6619,0
1730088000000,1.283,1.284,1.267,1.276,97644.9,1730088899999,124615.5325,839,28083.8,35825.954,0
1730088900000,1.275,1.275,1.262,1.265,35551.2,1730089799999,45041.9723,379,13323.5,16887.7091,0
1730089800000,1.263,1.265,1.255,1.258,19769.9,1730090699999,24878.7297,239,3517.8,4427.2102,0
1730090700000,1.259,1.263,1.251,1.261,34810.7,1730091599999,43722.9749,443,15737.9,19779.6479,0
1730091600000,1.26,1.268,1.256,1.265,38395.5,1730092499999,48501.6402,347,22607.8,28558.5884,0
1730092500000,1.265,1.267,1.254,1.256,20605.8,1730093399999,25996.8025,209,6737.4,8515.503,0
1730093400000,1.255,1.258,1.251,1.257,21131.0,1730094299999,26496.0297,199,9753.1,12227.5006,0
1730094300000,1.256,1.263,1.253,1.261,37811.2,1730095199999,47579.1433,274,15581.1,19616.8074,0
1730095200000,1.26,1.26,1.252,1.253,14528.9,1730096099999,18238.8689,144,4543.2,5699.1518,0
1730096100000,1.251,1.254,1.247,1.249,48582.1,1730096999999,60708.6791,286,25739.5,32159.9136,0
1730097000000,1.249,1.251,1.244,1.25,24428.5,1730097899999,30441.4787,292,9141.7,11396.7241,0
1730097900000,1.25,1.258,1.25,1.254,6563.8,1730098799999,8236.5511,132,4034.3,5062.9608,0
1730098800000,1.254,1.262,1.253,1.26,20138.6,1730099699999,25335.1889,251,9141.6,11494.1495,0
1730099700000,1.259,1.264,1.258,1.262,22433.4,1730100599999,28276.0232,190,4472.7,5639.8572,0
1730100600000,1.262,1.266,1.256,1.261,55435.2,1730101499999,69931.3723,397,15246.9,19252.8822,0
1730101500000,1.26,1.262,1.256,1.258,26149.4,1730102399999,32916.0154,178,3526.3,4442.3609,0
1730102400000,1.257,1.257,1.25,1.252,47716.8,1730103299999,59841.665,369,24121.6,30267.3783,0
1730103300000,1.252,1.255,1.237,1.25,102814.3,1730104199999,128049.3875,745,45868.9,57173.7084,0
1730104200000,1.249,1.256,1.245,1.255,36036.7,1730105099999,45005.8191,308,24954.2,31186.7158,0
1730105100000,1.255,1.259,1.249,1.256,34784.6,1730105999999,43615.5151,298,16679.6,20923.413,0
1730106000000,1.255,1.267,1.252,1.258,60317.2,1730106899999,75933.1174,553,31906.5,40188.9902,0
1730106900000,1.257,1.259,1.25,1.253,16509.4,1730107799999,20698.0815,163,5751.1,7211.6384,0
1730107800000,1.253,1.254,1.244,1.25,22021.8,1730108699999,27468.5002,296,6830.3,8524.5679,0
1730108700000,1.25,1.259,1.246,1.256,11163.9,1730109599999,13967.1682,149,5953.1,7446.368,0
1730109600000,1.257,1.259,1.252,1.254,8347.7,1730110499999,10494.8585,132,2186.6,2749.0274,0
1730110500000,1.253,1.256,1.248,1.255,25793.7,1730111399999,32318.0166,313,15417.3,19331.1933,0
1730111400000,1.256,1.256,1.252,1.252,9642.4,1730112299999,12090.7727,142,4842.8,6074.8268,0
1730112300000,1.253,1.257,1.25,1.256,18140.5,1730113199999,22747.0806,225,11448.1,14362.3208,0
1730113200000,1.256,1.258,1.246,1.257,27639.4,1730114099999,34579.0295,314,10462.1,13090.6704,0
1730114100000,1.258,1.26,1.248,1.256,43225.5,1730114999999,54239.8196,367,23537.7,29540.4978,0
1730115000000,1.256,1.272,1.256,1.269,50327.6,1730115899999,63567.3572,598,31497.6,39792.9512,0
1730115900000,1.267,1.269,1.26,1.262,11603.7,1730116799999,14662.9699,209,4562.0,5768.0116,0
1730116800000,1.262,1.263,1.246,1.252,74321.2,1730117699999,93119.9057,714,25143.1,31493.9919,0
1730117700000,1.251,1.29,1.248,1.275,132484.1,1730118599999,168387.7372,1156,71975.1,91373.6864,0
1730118600000,1.274,1.282,1.256,1.259,132479.8,1730119499999,168245.7406,968,51783.9,65889.1383,0
1730119500000,1.259,1.266,1.249,1.252,56185.5,1730120399999,70611.2864,587,20947.4,26382.4599,0
1730120400000,1.253,1.263,1.251,1.261,43211.2,1730121299999,54260.3404,445,23094.7,29027.1775,0
1730121300000,1.262,1.264,1.255,1.258,42166.7,1730122199999,53089.4899,374,22725.7,28620.8231,0
1730122200000,1.257,1.259,1.252,1.255,22875.3,1730123099999,28715.3311,298,12523.3,15725.9299,0
1730123100000,1.256,1.266,1.253,1.259,42634.7,1730123999999,53715.0763,341,24058.4,30319.7184,0
1730124000000,1.259,1.26,1.256,1.257,20179.2,1730124899999,25389.9279,177,12496.3,15732.5561,0
1730124900000,1.257,1.262,1.246,1.247,32986.0,1730125799999,41386.2166,299,12789.9,16083.4402,0
1730125800000,1.247,1.256,1.245,1.249,47325.6,1730126699999,59126.8445,278,23554.9,29436.6019,0
1730126700000,1.25,1.259,1.249,1.251,25048.9,1730127599999,31393.0201,225,16249.9,20362.9823,0
1730127600000,1.251,1.252,1.241,1.244,29834.9,1730128499999,37125.3319,254,10123.5,12597.6706,0
1730128500000,1.244,1.245,1.228,1.231,79769.6,1730129399999,98598.9398,487,20572.6,25386.5815,0
1730129400000,1.231,1.239,1.227,1.234,38254.4,1730130299999,47144.987,361,18984.2,23410.546,0
1730130300000,1.234,1.239,1.18,1.187,394964.5,1730131199999,474593.8884,3467,127531.9,152965.6763,0
1730131200000,1.185,1.209,1.183,1.2,176430.0,1730132099999,211663.9803,1573,96332.2,115636.4029,0
1730132100000,1.202,1.216,1.2,1.206,99947.6,1730132999999,120716.8183,764,57716.3,69780.9752,0
1730133000000,1.206,1.214,1.201,1.212,37502.9,1730133899999,45320.8935,291,23262.2,28130.864,0
1730133900000,1.213,1.215,1.2,1.201,55036.6,1730134799999,66345.6649,435,16325.7,19708.3457,0
1730134800000,1.201,1.206,1.195,1.2,48438.5,1730135699999,58125.9729,586,16676.1,20013.8455,0
1730135700000,1.202,1.204,1.198,1.204,26191.1,1730136599999,31467.3528,228,7918.7,9513.3902,0
1730136600000,1.204,1.211,1.204,1.208,15585.4,1730137499999,18827.6231,177,8074.1,9754.4081,0
1730137500000,1.208,1.211,1.197,1.198,23129.7,1730138399999,27782.687,194,9225.0,11072.3141,0
1730138400000,1.198,1.213,1.198,1.209,51688.8,1730139299999,62377.7214,426,33065.4,39935.1459,0
1730139300000,1.209,1.213,1.207,1.21,20052.3,1730140199999,24270.8428,200,13564.4,16425.2206,0
1730140200000,1.21,1.211,1.197,1.198,17261.8,1730141099999,20754.3856,188,2844.1,3431.7424,0
1730141100000,1.198,1.206,1.194,1.202,27655.0,1730141999999,33185.9496,190,9447.5,11360.1989,0
1730142000000,1.202,1.211,1.198,1.207,15867.9,1730142899999,19122.5753,237,10765.7,12984.7354,0
1730142900000,1.207,1.213,1.206,1.213,54463.0,1730143799999,65984.0671,272,24081.7,29181.4053,0
1730143800000,1.212,1.213,1.191,1.199,92317.9,1730144699999,110484.6717,758,39630.2,47470.7793,0
1730144700000,1.199,1.203,1.195,1.197,18306.5,1730145599999,21947.482,201,10946.4,13123.2107,0
1730145600000,1.196,1.203,1.195,1.202,31751.0,1730146499999,38070.478,312,13511.6,16213.0807,0
1730146500000,1.203,1.205,1.2,1.201,12137.0,1730147399999,14596.7505,143,7723.2,9288.1872,0
1730147400000,1.202,1.203,1.198,1.203,6421.6,1730148299999,7707.3074,97,3112.8,3736.7943,0
1730148300000,1.202,1.202,1.199,1.202,7097.3,1730149199999,8522.6922,68,3570.4,4287.734,0
1730149200000,1.202,1.206,1.201,1.205,14932.6,1730150099999,17981.578,174,11117.2,13388.9031,0
1730150100000,1.203,1.204,1.195,1.195,19984.1,1730150999999,23954.7542,176,2672.7,3211.0182,0
1730151000000,1.196,1.211,1.195,1.21,42350.9,1730151899999,50945.2282,344,25012.1,30149.6505,0
1730151900000,1.209,1.209,1.204,1.205,22631.2,1730152799999,27291.4336,139,16388.4,19763.5897,0
1730152800000,1.205,1.217,1.204,1.215,62695.4,1730153699999,75906.1016,419,36465.5,44128.9162,0
1730153700000,1.214,1.217,1.207,1.209,30548.8,1730154599999,36988.2267,235,8320.4,10083.0769,0
1730154600000,1.209,1.212,1.207,1.208,7683.5,1730155499999,9294.5463,119,4495.5,5439.7681,0
1730155500000,1.209,1.212,1.206,1.21,11419.6,1730156399999,13793.9192,162,3273.4,3959.1997,0
1730156400000,1.211,1.225,1.208,1.217,38881.1,1730157299999,47321.3183,382,23501.6,28607.8442,0
1730157300000,1.218,1.22,1.213,1.214,7700.8,1730158199999,9374.0418,171,5177.8,6302.6865,0
1730158200000,1.214,1.219,1.212,1.216,10435.7,1730159099999,12680.5237,128,6880.2,8360.3822,0
1730159100000,1.218,1.218,1.211,1.214,6859.6,1730159999999,8329.896,100,1260.4,1530.0753,0
1730160000000,1.214,1.23,1.213,1.227,39498.2,1730160899999,48316.5143,438,30090.6,36821.3598,0
1730160900000,1.227,1.232,1.223,1.224,24627.5,1730161799999,30252.0185,289,13936.7,17126.6514,0
1730161800000,1.224,1.234,1.224,1.234,21284.4,1730162699999,26186.4866,200,12613.6,15518.0449,0
1730162700000,1.234,1.239,1.228,1.237,14360.6,1730163599999,17691.396,167,6351.0,7828.5059,0
1730163600000,1.237,1.242,1.234,1.238,20999.8,1730164499999,26018.4364,209,11954.5,14819.0478,0
1730164500000,1.239,1.24,1.227,1.24,34526.4,1730165399999,42605.7823,243,18032.4,22240.8595,0
1730165400000,1.239,1.239,1.228,1.233,16582.9,1730166299999,20450.3787,176,5047.8,6225.9839,0
1730166300000,1.232,1.239,1.232,1.236,6881.6,1730167199999,8499.4894,149,2480.6,3064.8078,0
1730167200000,1.235,1.241,1.234,1.239,22503.1,1730168099999,27848.9162,238,10516.0,13009.0719,0
1730168100000,1.239,1.24,1.234,1.237,15160.9,1730168999999,18747.6596,226,6127.3,7580.7187,0
1730169000000,1.237,1.24,1.236,1.24,13047.6,1730169899999,16155.1455,230,7150.8,8854.8083,0
1730169900000,1.238,1.243,1.236,1.236,17340.0,1730170799999,21487.0269,212,7942.4,9841.6277,0
1730170800000,1.237,1.251,1.237,1.243,40569.9,1730171699999,50506.1095,420,18853.4,23479.3521,0
1730171700000,1.242,1.245,1.236,1.24,10491.3,1730172599999,13009.0878,135,1986.0,2464.8993,0
1730172600000,1.239,1.242,1.238,1.24,8985.1,1730173499999,11141.7408,149,5816.9,7214.7886,0
1730173500000,1.239,1.242,1.237,1.242,8784.4,1730174399999,10886.4815,119,3703.9,4594.0911,0
1730174400000,1.241,1.246,1.241,1.245,6844.6,1730175299999,8514.8506,150,4715.3,5865.7525,0
1730175300000,1.246,1.246,1.241,1.244,9434.7,1730176199999,11732.9955,121,3290.7,4092.0337,0
1730176200000,1.244,1.244,1.24,1.243,3968.0,1730177099999,4928.4944,110,1035.0,1286.6517,0
1730177100000,1.242,1.248,1.241,1.244,18727.2,1730177999999,23279.3556,201,8494.7,10562.9669,0
1730178000000,1.245,1.263,1.245,1.261,71674.3,1730178899999,90152.2461,792,57044.7,71756.4777,0
1730178900000,1.262,1.273,1.246,1.26,118386.2,1730179799999,149406.5412,1025,68863.5,87021.8646,0
1730179800000,1.259,1.259,1.25,1.254,36297.3,1730180699999,45513.2681,270,20656.0,25892.1117,0
1730180700000,1.252,1.253,1.248,1.252,20146.9,1730181599999,25182.9155,212,8729.6,10918.5372,0
1730181600000,1.252,1.256,1.251,1.254,11786.0,1730182499999,14778.2586,155,5771.6,7238.4348,0
1730182500000,1.255,1.266,1.25,1.255,42262.5,1730183399999,53151.6434,487,16537.3,20814.6402,0
1730183400000,1.256,1.259,1.251,1.253,17778.0,1730184299999,22292.0648,204,9347.7,11724.7225,0
1730184300000,1.253,1.256,1.244,1.248,29490.4,1730185199999,36842.7332,306,8107.0,10126.0173,0
1730185200000,1.248,1.248,1.233,1.234,92115.6,1730186099999,114108.5863,795,28115.4,34846.3055,0
1730186100000,1.235,1.25,1.226,1.241,108147.8,1730186999999,133767.9162,847,57486.2,71155.094,0
1730187000000,1.242,1.242,1.232,1.234,28070.1,1730187899999,34698.3835,227,3083.2,3814.6277,0
1730187900000,1.233,1.24,1.232,1.238,13935.7,1730188799999,17232.9367,140,6763.2,8361.2669,0
1730188800000,1.237,1.243,1.236,1.241,25596.8,1730189699999,31727.9393,131,13252.5,16435.5734,0
1730189700000,1.242,1.247,1.242,1.243,23528.6,1730190599999,29276.9693,204,14122.4,17577.5825,0
1730190600000,1.243,1.245,1.234,1.237,23599.8,1730191499999,29205.5813,294,11723.9,14504.0242,0
1730191500000,1.238,1.241,1.225,1.228,46140.1,1730192399999,56858.9706,415,11985.3,14768.1496,0
1730192400000,1.231,1.236,1.231,1.234,22520.9,1730193299999,27781.8872,194,7214.7,8899.2985,0
1730193300000,1.234,1.234,1.227,1.233,20185.0,1730194199999,24824.7851,245,7176.1,8825.7013,0
1730194200000,1.232,1.236,1.221,1.225,63373.5,1730195099999,77847.6867,523,21073.5,25918.2246,0
1730195100000,1.226,1.23,1.224,1.228,17909.2,1730195999999,21972.9261,277,10813.7,13274.2144,0
1730196000000,1.226,1.23,1.224,1.228,12797.6,1730196899999,15700.8295,142,5692.7,6985.3812,0
1730196900000,1.227,1.228,1.213,1.222,85117.2,1730197799999,103887.2155,557,34012.0,41511.2492,0
1730197800000,1.222,1.227,1.218,1.224,28673.0,1730198699999,35053.4418,289,14362.1,17566.222,0
1730198700000,1.224,1.228,1.222,1.224,33817.3,1730199599999,41419.3789,232,14552.5,17826.9159,0
1730199600000,1.223,1.225,1.222,1.222,5835.1,1730200499999,7135.4623,97,1694.8,2073.6536,0
1730200500000,1.223,1.227,1.221,1.224,16366.6,1730201399999,20037.7461,212,7317.6,8960.1112,0
1730201400000,1.225,1.227,1.218,1.225,25371.9,1730202299999,31028.5333,275,7756.0,9492.8726,0
1730202300000,1.225,1.235,1.221,1.232,48004.2,1730203199999,58957.7958,466,24487.3,30089.7596,0
1730203200000,1.233,1.233,1.225,1.227,36432.8,1730204099999,44748.9986,312,20980.1,25777.0748,0
1730204100000,1.227,1.25,1.227,1.24,71230.0,1730204999999,88496.8711,666,46342.3,57621.015,0
1730205000000,1.24,1.247,1.226,1.234,75598.6,1730205899999,93386.0115,648,36221.3,44765.1642,0
1730205900000,1.234,1.234,1.228,1.23,12450.3,1730206799999,15316.7875,174,4857.9,5977.8937,0
1730206800000,1.23,1.231,1.225,1.225,19825.7,1730207699999,24333.9845,177,6191.6,7599.3349,0
1730207700000,1.226,1.234,1.224,1.229,20746.2,1730208599999,25497.0357,304,13652.6,16788.8446,0
1730208600000,1.229,1.235,1.221,1.231,26195.8,1730209499999,32150.1682,301,7281.7,8956.2814,0
1730209500000,1.231,1.232,1.226,1.229,15039.4,1730210399999,18499.6313,162,6751.1,8307.194,0
1730210400000,1.229,1.23,1.222,1.222,15727.9,1730211299999,19278.7389,253,3304.7,4053.5609,0
1730211300000,1.224,1.229,1.221,1.228,20084.3,1730212199999,24627.4143,228,14458.0,17739.1759,0
1730212200000,1.226,1.231,1.225,1.229,5125.9,1730213099999,6300.9982,133,2579.4,3171.3785,0
1730213100000,1.229,1.231,1.225,1.229,21457.8,1730213999999,26356.6261,215,12209.7,15004.2765,0
1730214000000,1.228,1.23,1.219,1.222,27697.3,1730214899999,33843.2286,293,13970.1,17073.3312,0
1730214900000,1.221,1.23,1.217,1.228,35473.7,1730215799999,43396.0277,345,16814.6,20587.4456,0
1730215800000,1.229,1.229,1.222,1.227,5397.8,1730216699999,6614.2792,125,2101.7,2577.1405,0
1730216700000,1.226,1.231,1.225,1.229,16261.0,1730217599999,19981.7322,283,11315.1,13909.1818,0
1730217600000,1.23,1.234,1.226,1.232,51355.8,1730218499999,63173.9049,366,24514.1,30158.6275,0
1730218500000,1.232,1.239,1.229,1.23,44039.5,1730219399999,54323.0984,411,26910.9,33211.5496,0
1730219400000,1.23,1.233,1.226,1.228,28151.0,1730220299999,34599.1059,378,16517.3,20307.1079,0
1730220300000,1.23,1.244,1.229,1.237,66636.0,1730221199999,82591.5405,697,49767.5,61680.1228,0
1730221200000,1.239,1.25,1.234,1.241,91956.6,1730222099999,114135.507,747,47360.7,58841.2415,0
1730222100000,1.24,1.24,1.225,1.231,70109.8,1730222999999,86367.9808,623,29283.2,36050.8322,0
1730223000000,1.231,1.253,1.231,1.242,99770.5,1730223899999,124146.8392,866,60328.7,75066.6598,0
1730223900000,1.241,1.25,1.236,1.242,20602.2,1730224799999,25609.3896,320,10053.1,12511.7027,0
1730224800000,1.242,1.25,1.241,1.243,26292.3,1730225699999,32775.5189,327,16757.9,20895.1079,0
1730225700000,1.243,1.247,1.242,1.243,16320.2,1730226599999,20308.5774,217,5559.5,6925.9972,0
1730226600000,1.243,1.244,1.232,1.234,65001.4,1730227499999,80459.1226,522,20674.9,25605.8003,0
1730227500000,1.235,1.24,1.233,1.235,25645.9,1730228399999,31696.2728,325,9456.2,11701.3282,0
1730228400000,1.236,1.244,1.235,1.24,36834.6,1730229299999,45644.1079,358,17482.9,21663.8633,0
1730229300000,1.239,1.239,1.223,1.226,43512.5,1730230199999,53542.0132,464,20281.8,24973.6079,0
1730230200000,1.225,1.243,1.223,1.23,80736.9,1730231099999,99516.6152,629,31468.8,38790.4258,0
1730231100000,1.231,1.24,1.231,1.234,20803.4,1730231999999,25696.7354,330,10913.4,13486.9049,0
1730232000000,1.234,1.237,1.225,1.232,21357.8,1730232899999,26286.747,338,8322.7,10250.1458,0
1730232900000,1.231,1.232,1.222,1.224,29144.0,1730233799999,35703.6022,295,7604.3,9322.8391,0
1730233800000,1.223,1.228,1.22,1.225,30454.5,1730234699999,37254.0775,299,9432.6,11557.517,0
1730234700000,1.225,1.231,1.223,1.228,23925.9,1730235599999,29373.8483,266,11642.7,14290.8003,0
1730235600000,1.228,1.234,1.224,1.233,34099.2,1730236499999,41861.6296,269,22706.2,27868.5495,0
1730236500000,1.233,1.235,1.231,1.231,11335.3,1730237399999,13975.155,174,5133.7,6332.0388,0
1730237400000,1.231,1.234,1.228,1.23,16947.5,1730238299999,20860.6262,218,5219.7,6429.7825,0
1730238300000,1.23,1.23,1.226,1.226,7400.2,1730239199999,9086.7607,120,1251.6,1537.9136,0
1730239200000,1.225,1.229,1.225,1.227,6420.2,1730240099999,7876.5411,106,2008.8,2466.6187,0
1730240100000,1.227,1.229,1.224,1.228,11698.7,1730240999999,14347.2794,182,5072.5,6223.0191,0
1730241000000,1.228,1.232,1.226,1.232,9757.2,1730241899999,11999.8597,116,7852.5,9658.2943,0
1730241900000,1.23,1.234,1.228,1.229,6603.3,1730242799999,8129.1436,144,3224.0,3970.5214,0
1730242800000,1.229,1.235,1.229,1.234,9417.6,1730243699999,11607.3331,172,6588.6,8119.3062,0
1730243700000,1.234,1.248,1.233,1.236,49191.8,1730244599999,60957.879,559,36943.5,45794.2818,0
1730244600000,1.236,1.241,1.226,1.227,37336.3,1730245499999,45998.5819,440,12829.9,15852.1706,0
1730245500000,1.228,1.231,1.226,1.229,12327.5,1730246399999,15152.3498,229,7745.5,9521.6535,0
1730246400000,1.229,1.232,1.225,1.23,26087.0,1730247299999,32053.0,381,16182.6,19898.9791,0
1730247300000,1.23,1.232,1.22,1.22,34239.6,1730248199999,41936.8201,276,9765.3,11988.9889,0
1730248200000,1.22,1.223,1.217,1.219,27475.4,1730249099999,33518.6653,355,9427.7,11513.1699,0
1730249100000,1.218,1.221,1.216,1.221,11608.7,1730249999999,14141.643,165,6135.4,7476.3651,0
1730250000000,1.221,1.222,1.207,1.21,19722.7,1730250899999,23936.5987,287,7566.9,9183.8172,0
1730250900000,1.211,1.217,1.208,1.213,12155.1,1730251799999,14750.6418,123,3871.6,4695.4175,0
1730251800000,1.212,1.219,1.212,1.216,14713.8,1730252699999,17904.8375,204,10196.7,12409.3886,0
1730252700000,1.213,1.219,1.21,1.212,18228.2,1730253599999,22134.1299,198,4560.6,5542.043,0
1730253600000,1.213,1.219,1.21,1.216,38323.8,1730254499999,46565.2031,157,30455.8,37029.3122,0
1730254500000,1.215,1.216,1.211,1.213,8442.9,1730255399999,10246.1066,136,1152.8,1399.7868,0
1730255400000,1.212,1.218,1.21,1.211,36862.3,1730256299999,44692.2536,126,4018.9,4882.3813,0
1730256300000,1.21,1.213,1.209,1.211,18004.5,1730257199999,21804.3917,147,8713.6,10557.4003,0
1730257200000,1.211,1.217,1.21,1.211,19183.9,1730258099999,23274.2948,198,10427.5,12653.2646,0
1730258100000,1.211,1.212,1.207,1.211,6732.5,1730258999999,8144.0898,111,2867.6,3471.7789,0
1730259000000,1.211,1.216,1.209,1.215,14137.4,1730259899999,17140.5221,122,2844.4,3447.2814,0
1730259900000,1.216,1.217,1.211,1.211,11019.7,1730260799999,13376.6119,127,2918.2,3543.4935,0
1730260800000,1.212,1.213,1.201,1.208,55792.4,1730261699999,67237.0987,511,13324.8,16082.9241,0
1730261700000,1.208,1.215,1.206,1.213,23948.9,1730262599999,28999.3371,210,10400.2,12600.8341,0
1730262600000,1.213,1.215,1.207,1.215,15215.9,1730263499999,18442.8526,178,7618.0,9239.1089,0
1730263500000,1.214,1.215,1.211,1.212,8194.6,1730264399999,9945.292,99,2652.4,3219.6685,0
1730264400000,1.213,1.226,1.213,1.224,30470.9,1730265299999,37215.2356,375,24223.7,29582.7734,0
1730265300000,1.224,1.226,1.219,1.223,14134.0,1730266199999,17278.5051,224,5550.7,6788.1911,0
1730266200000,1.223,1.232,1.222,1.229,37090.6,1730267099999,45515.6949,366,21539.8,26430.4788,0
1730267100000,1.229,1.231,1.225,1.228,20217.6,1730267999999,24835.0112,303,8837.7,10862.4518,0
1730268000000,1.229,1.242,1.227,1.234,111053.7,1730268899999,137066.5563,799,45065.1,55638.0592,0
1730268900000,1.233,1.235,1.227,1.227,23600.1,1730269799999,29072.771,204,9523.1,11738.1475,0
1730269800000,1.228,1.239,1.228,1.23,34816.5,1730270699999,42982.4496,374,19068.6,23539.396,0
1730270700000,1.231,1.235,1.23,1.23,30360.6,1730271599999,37356.5935,104,2916.5,3593.0933,0
1730271600000,1.23,1.234,1.226,1.233,20222.9,1730272499999,24867.7078,162,8178.7,10051.1014,0
1730272500000,1.233,1.238,1.232,1.233,19685.4,1730273399999,24336.6984,211,10325.6,12769.9857,0
1730273400000,1.234,1.234,1.225,1.228,15029.7,1730274299999,18457.4047,184,4943.2,6068.7848,0
1730274300000,1.228,1.228,1.218,1.223,68491.8,1730275199999,83667.6665,497,32056.1,39136.5595,0
1730275200000,1.223,1.234,1.222,1.228,25881.1,1730276099999,31775.4948,313,15948.0,19584.4927,0
1730276100000,1.227,1.228,1.223,1.223,10172.8,1730276999999,12463.1513,150,1649.8,2022.8452,0
1730277000000,1.223,1.224,1.218,1.22,13721.9,1730277899999,16752.0381,176,2162.3,2640.8537,0
1730277900000,1.22,1.221,1.212,1.218,29457.5,1730278799999,35829.729,316,7102.5,8646.0274,0
1730278800000,1.216,1.221,1.215,1.22,5055.3,1730279699999,6160.074,83,1640.7,2000.0453,0
1730279700000,1.22,1.24,1.219,1.237,87276.1,1730280599999,107556.1809,633,63062.4,77769.0207,0
1730280600000,1.237,1.24,1.23,1.23,41401.7,1730281499999,51240.0641,262,26915.4,33331.0709,0
1730281500000,1.23,1.246,1.23,1.244,49731.9,1730282399999,61650.9691,354,24637.0,30567.8283,0
1730282400000,1.243,1.247,1.238,1.239,30704.3,1730283299999,38180.1504,293,11547.1,14345.9778,0
1730283300000,1.239,1.239,1.226,1.227,38272.7,1730284199999,47070.3642,300,21691.6,26656.4725,0
1730284200000,1.228,1.234,1.223,1.229,31628.2,1730285099999,38855.4235,247,16661.7,20486.9417,0
1730285100000,1.23,1.23,1.218,1.224,31676.3,1730285999999,38704.0154,297,13093.0,16005.3601,0
1730286000000,1.223,1.224,1.216,1.221,29108.5,1730286899999,35497.6826,207,6826.6,8329.5665,0
1730286900000,1.222,1.225,1.214,1.215,41560.9,1730287799999,50689.9165,274,14488.5,17697.1541,0
1730287800000,1.215,1.219,1.213,1.216,19752.5,1730288699999,24009.4397,154,7297.2,8871.8012,0
1730288700000,1.215,1.216,1.211,1.211,10380.6,1730289599999,12587.1529,127,1362.3,1655.3489,0
1730289600000,1.211,1.214,1.207,1.213,32968.3,1730290499999,39922.7574,275,9176.2,11125.5555,0
1730290500000,1.213,1.214,1.21,1.212,5919.3,1730291399999,7177.0728,96,2904.3,3522.6331,0
1730291400000,1.21,1.213,1.206,1.207,13064.0,1730292299999,15794.471,184,7278.1,8800.566,0
1730292300000,1.206,1.213,1.204,1.211,14677.4,1730293199999,17723.5167,255,8790.2,10621.0617,0
1730293200000,1.21,1.213,1.205,1.213,13167.3,1730294099999,15913.9674,164,4968.6,6011.1745,0
1730294100000,1.212,1.214,1.205,1.205,9905.8,1730294999999,11973.7506,130,1794.3,2171.6722,0
1730295000000,1.205,1.21,1.204,1.208,22627.2,1730295899999,27315.0268,239,10410.7,12584.2855,0
1730295900000,1.208,1.217,1.208,1.215,23662.9,1730296799999,28691.0348,213,16417.7,19909.579,0
1730296800000,1.215,1.221,1.212,1.22,44387.7,1730297699999,54011.8505,274,19729.8,24026.8481,0
1730297700000,1.218,1.22,1.215,1.217,11058.1,1730298599999,13461.3391,162,2221.0,2704.4478,0
1730298600000,1.216,1.219,1.214,1.215,13119.9,1730299499999,15951.0511,164,3256.5,3961.7636,0
1730299500000,1.216,1.223,1.215,1.218,22052.9,1730300399999,26858.897,203,10735.3,13089.5627,0
1730300400000,1.219,1.219,1.207,1.207,47950.5,1730301299999,58135.354,222,5974.4,7253.3684,0
1730301300000,1.207,1.213,1.204,1.211,39805.6,1730302199999,48083.2737,383,11111.0,13427.6966,0
1730302200000,1.211,1.213,1.209,1.21,10472.7,1730303099999,12679.8708,107,997.6,1208.2323,0
1730303100000,1.209,1.212,1.206,1.208,4333.7,1730303999999,5238.4252,98,2023.4,2446.5838,0
1730304000000,1.207,1.209,1.204,1.206,14079.2,1730304899999,16976.3761,190,6604.7,7967.8843,0
1730304900000,1.205,1.209,1.204,1.208,6781.1,1730305799999,8186.4381,84,3990.7,4819.8803,0
1730305800000,1.209,1.212,1.204,1.206,39571.3,1730306699999,47730.1378,214,13707.2,16542.0892,0
1730306700000,1.206,1.209,1.205,1.207,14667.4,1730307599999,17702.7215,124,6142.4,7416.2116,0
1730307600000,1.207,1.208,1.204,1.206,8529.8,1730308499999,10284.0518,78,2356.3,2842.1553,0
1730308500000,1.207,1.208,1.204,1.207,11973.1,1730309399999,14439.7279,142,5760.0,6950.2303,0
1730309400000,1.207,1.211,1.201,1.208,45174.8,1730310299999,54523.9429,365,26835.2,32414.64,0
1730310300000,1.21,1.212,1.191,1.194,58892.9,1730311199999,70746.8328,371,8025.1,9665.0851,0
1730311200000,1.194,1.205,1.194,1.205,31351.6,1730312099999,37622.1087,281,23759.3,28508.7464,0
1730312100000,1.205,1.206,1.201,1.202,18358.0,1730312999999,22081.596,218,5841.7,7032.6878,0
1730313000000,1.202,1.204,1.201,1.203,5893.4,1730313899999,7084.3676,86,2167.2,2606.0821,0
1730313900000,1.202,1.202,1.198,1.199,6870.5,1730314799999,8246.1957,122,2761.5,3315.4319,0
1730314800000,1.198,1.209,1.197,1.204,24113.6,1730315699999,29021.723,237,17263.6,20784.4896,0
1730315700000,1.203,1.203,1.197,1.202,11020.5,1730316599999,13223.9925,123,5910.4,7091.2363,0
1730316600000,1.202,1.209,1.196,1.2,42168.4,1730317499999,50729.5891,456,14837.6,17871.1205,0
1730317500000,1.201,1.202,1.186,1.189,66246.0,1730318399999,78993.6669,358,37738.5,44965.0334,0
1730318400000,1.19,1.2,1.19,1.198,26953.0,1730319299999,32223.0328,316,16634.8,19891.6419,0
1730319300000,1.196,1.203,1.194,1.201,11736.7,1730320199999,14083.3444,148,5327.6,6398.4951,0
1730320200000,1.202,1.211,1.199,1.205,43988.5,1730321099999,52924.4977,345,30720.3,36967.4689,0
1730321100000,1.205,1.216,1.205,1.207,45079.1,1730321999999,54520.9844,460,29140.2,35249.3004,0
1730322000000,1.207,1.209,1.203,1.205,12946.6,1730322899999,15620.1862,216,8304.9,10023.3295,0
1730322900000,1.204,1.21,1.199,1.207,42947.5,1730323799999,51786.0628,327,24591.9,29647.3729,0
1730323800000,1.207,1.207,1.199,1.2,7780.4,1730324699999,9356.0716,120,2401.1,2890.1901,0
1730324700000,1.202,1.209,1.202,1.207,13940.5,1730325599999,16808.5314,126,8136.5,9807.6871,0
1730325600000,1.207,1.208,1.201,1.204,11079.8,1730326499999,13329.6632,91,7732.8,9301.4853,0
1730326500000,1.203,1.207,1.2,1.207,7159.0,1730327399999,8613.2683,94,2987.6,3596.5165,0
1730327400000,1.207,1.207,1.2,1.201,5054.6,1730328299999,6080.5049,83,2045.0,2459.6296,0
1730328300000,1.202,1.21,1.2,1.206,11055.1,1730329199999,13322.0957,129,4379.4,5278.0646,0
1730329200000,1.206,1.209,1.205,1.208,3833.7,1730330099999,4621.8106,51,771.7,931.1424,0
1730330100000,1.208,1.211,1.207,1.209,1553.9,1730330999999,1878.5703,44,1036.1,1252.8629,0
1730331000000,1.209,1.209,1.204,1.208,12689.2,1730331899999,15294.4788,119,2166.8,2615.1973,0
1730331900000,1.207,1.211,1.206,1.211,10226.5,1730332799999,12366.7976,90,8202.0,9919.4577,0
1730332800000,1.209,1.21,1.204,1.207,7651.4,1730333699999,9231.205,121,1449.0,1748.0603,0
1730333700000,1.205,1.207,1.2,1.207,28418.9,1730334599999,34217.9122,177,11525.9,13884.1697,0
1730334600000,1.207,1.207,1.199,1.199,19909.4,1730335499999,23955.9315,184,7539.3,9073.8536,0
1730335500000,1.199,1.212,1.197,1.204,53565.2,1730336399999,64620.0983,372,34432.6,41549.5877,0
1730336400000,1.204,1.205,1.201,1.201,5235.6,1730337299999,6297.422,84,2882.9,3468.277,0
1730337300000,1.203,1.204,1.198,1.2,4651.9,1730338199999,5585.8994,81,1504.6,1808.0678,0
1730338200000,1.199,1.201,1.189,1.192,30095.5,1730339099999,35879.6304,197,11124.2,13262.5397,0
1730339100000,1.192,1.199,1.192,1.195,10771.4,1730339999999,12874.2411,109,6747.7,8063.3477,0
1730340000000,1.194,1.194,1.188,1.192,5306.8,1730340899999,6317.73,71,802.5,955.4682,0
1730340900000,1.192,1.195,1.183,1.185,32734.6,1730341799999,38812.8509,227,5564.8,6598.1106,0
1730341800000,1.186,1.193,1.186,1.189,37019.6,1730342699999,44013.1886,163,30309.3,36036.4358,0
1730342700000,1.188,1.188,1.183,1.187,19395.3,1730343599999,23005.813,167,4937.3,5852.3218,0
1730343600000,1.188,1.194,1.186,1.192,11192.2,1730344499999,13325.9362,98,9118.7,10858.2865,0
1730344500000,1.192,1.195,1.188,1.193,7982.4,1730345399999,9511.1293,114,4222.4,5033.3583,0
1730345400000,1.193,1.193,1.19,1.191,2653.4,1730346299999,3162.5461,42,808.1,963.3026,0
1730346300000,1.19,1.19,1.185,1.187,11055.7,1730347199999,13119.6742,110,4655.6,5524.776,0
1730347200000,1.188,1.191,1.186,1.188,7823.9,1730348099999,9300.6585,84,3407.2,4051.6526,0
1730348100000,1.188,1.198,1.182,1.195,33034.3,1730348999999,39269.6584,313,17169.9,20436.4906,0
1730349000000,1.194,1.196,1.192,1.196,1936.1,1730349899999,2310.0897,77,825.9,986.0072,0
1730349900000,1.195,1.198,1.19,1.194,6998.7,1730350799999,8357.1785,118,4383.0,5234.8297,0
1730350800000,1.194,1.195,1.189,1.19,11888.8,1730351699999,14173.2266,171,5707.5,6805.6998,0
1730351700000,1.191,1.193,1.189,1.191,15094.5,1730352599999,17974.8805,145,3523.8,4194.7183,0
1730352600000,1.19,1.195,1.19,1.194,10238.4,1730353499999,12211.8501,128,6197.2,7397.0609,0
1730353500000,1.192,1.195,1.183,1.186,52127.6,1730354399999,61865.9474,504,14391.6,17095.2284,0
1730354400000,1.186,1.189,1.181,1.181,14106.3,1730355299999,16701.6953,155,2295.7,2726.3732,0
1730355300000,1.181,1.182,1.174,1.176,49755.4,1730356199999,58633.4785,478,24149.3,28475.1618,0
1730356200000,1.175,1.177,1.168,1.175,45701.5,1730357099999,53547.4088,478,16476.1,19320.2244,0
1730357100000,1.174,1.178,1.172,1.177,13227.0,1730357999999,15543.1727,151,7529.1,8856.1325,0
1730358000000,1.177,1.179,1.17,1.172,10591.2,1730358899999,12431.3288,170,3993.9,4692.426,0
1730358900000,1.172,1.173,1.167,1.173,19056.6,1730359799999,22290.5079,216,6061.0,7094.2451,0
1730359800000,1.173,1.175,1.169,1.173,7458.9,1730360699999,8741.9292,165,3591.1,4210.5182,0
1730360700000,1.173,1.177,1.172,1.173,17974.8,1730361599999,21122.1533,158,14644.7,17212.3722,0
1730361600000,1.173,1.175,1.166,1.168,16594.2,1730362499999,19417.2547,179,8479.9,9930.7714,0
1730362500000,1.167,1.169,1.158,1.162,52676.6,1730363399999,61248.9971,439,17965.9,20917.9327,0
1730363400000,1.163,1.165,1.161,1.164,14604.3,1730364299999,16986.8805,163,4118.8,4793.096,0
1730364300000,1.164,1.169,1.161,1.167,19089.9,1730365199999,22251.9346,180,12729.3,14848.9338,0
1730365200000,1.167,1.169,1.162,1.166,27215.4,1730366099999,31716.2911,184,11654.4,13583.9634,0
1730366100000,1.165,1.174,1.164,1.17,27483.6,1730366999999,32149.3106,313,18181.7,21275.5116,0
1730367000000,1.171,1.173,1.168,1.173,14840.8,1730367899999,17377.6236,176,8342.7,9773.0851,0
1730367900000,1.172,1.173,1.167,1.167,4552.3,1730368799999,5325.2837,84,812.1,950.5157,0
1730368800000,1.166,1.17,1.166,1.169,4240.9,1730369699999,4953.9666,95,3102.7,3624.8074,0
1730369700000,1.167,1.169,1.16,1.162,27686.4,1730370599999,32192.6412,258,8464.3,9853.8035,0
1730370600000,1.163,1.165,1.157,1.161,25347.1,1730371499999,29444.1714,226,8597.3,9981.2126,0
1730371500000,1.161,1.171,1.157,1.17,65551.3,1730372399999,76460.1233,621,35436.6,41320.4917,0
1730372400000,1.171,1.174,1.164,1.165,15416.4,1730373299999,18056.406,223,9048.5,10603.4613,0
1730373300000,1.166,1.167,1.162,1.166,16002.4,1730374199999,18620.4072,200,6212.9,7232.1221,0
1730374200000,1.166,1.167,1.165,1.166,1631.5,1730375099999,1901.8005,31,537.0,626.2744,0
1730375100000,1.166,1.169,1.163,1.165,27014.6,1730375999999,31496.5233,222,6655.1,7766.3796,0
1730376000000,1.166,1.167,1.158,1.159,8778.3,1730376899999,10199.616,185,3541.6,4124.2796,0
1730376900000,1.159,1.171,1.159,1.17,51499.0,1730377799999,60059.5171,416,27060.6,31554.4176,0
1730377800000,1.17,1.174,1.169,1.169,6866.3,1730378699999,8046.3701,130,2602.2,3049.5298,0
1730378700000,1.169,1.181,1.166,1.179,43089.0,1730379599999,50592.5255,376,17315.2,20359.8672,0
1730379600000,1.179,1.188,1.169,1.176,63272.5,1730380499999,74465.2784,565,29574.4,34827.9692,0
1730380500000,1.176,1.182,1.168,1.169,28188.3,1730381399999,33124.4456,297,8565.8,10083.9048,0
1730381400000,1.17,1.174,1.165,1.168,18133.6,1730382299999,21189.6746,208,5836.5,6832.01,0
1730382300000,1.168,1.169,1.16,1.16,37821.1,1730383199999,43994.7992,304,14666.4,17067.3969,0
1730383200000,1.162,1.171,1.153,1.165,37664.9,1730384099999,43707.2904,402,20895.6,24268.1803,0
1730384100000,1.166,1.174,1.162,1.165,31854.4,1730384999999,37237.1704,275,21534.5,25177.9052,0
1730385000000,1.163,1.164,1.152,1.155,31505.4,1730385899999,36458.537,381,8936.8,10340.6951,0
1730385900000,1.156,1.163,1.152,1.158,42130.9,1730386799999,48789.3077,394,21716.6,25155.5998,0
1730386800000,1.159,1.167,1.157,1.163,16644.9,1730387699999,19336.1449,215,6384.0,7425.4534,0
1730387700000,1.163,1.166,1.16,1.164,13487.7,1730388599999,15680.535,203,5881.5,6843.0534,0
1730388600000,1.164,1.164,1.152,1.153,31957.9,1730389499999,36974.4223,332,14887.9,17212.8667,0
1730389500000,1.155,1.159,1.149,1.155,34733.1,1730390399999,40024.8335,317,12850.8,14822.9231,0
1730390400000,1.155,1.159,1.151,1.153,17858.8,1730391299999,20619.2396,247,9039.9,10432.5567,0
1730391300000,1.155,1.155,1.147,1.153,29968.7,1730392199999,34479.5267,282,16385.6,18857.4825,0
1730392200000,1.151,1.156,1.147,1.153,12721.2,1730393099999,14663.4424,129,8934.9,10302.5361,0
1730393100000,1.153,1.154,1.147,1.15,10120.6,1730393999999,11636.1089,87,741.6,854.29,0
1730394000000,1.149,1.152,1.147,1.151,14262.8,1730394899999,16411.0914,202,9883.7,11377.2116,0
1730394900000,1.151,1.156,1.15,1.152,27953.6,1730395799999,32253.9799,168,9252.5,10669.4542,0
1730395800000,1.152,1.155,1.122,1.138,104163.5,1730396699999,118328.8756,827,45332.8,51558.9072,0
1730396700000,1.138,1.139,1.133,1.134,8371.3,1730397599999,9513.8595,111,4911.2,5584.9187,0
1730397600000,1.132,1.134,1.122,1.129,31863.7,1730398499999,35920.5217,323,8567.8,9663.0549,0
1730398500000,1.13,1.138,1.124,1.134,28558.9,1730399399999,32329.0624,311,19023.2,21557.6682,0
1730399400000,1.134,1.136,1.126,1.133,24179.1,1730400299999,27330.863,226,13008.5,14705.7269,0
1730400300000,1.133,1.138,1.13,1.134,20659.5,1730401199999,23436.4813,190,9724.7,11033.786,0
1730401200000,1.134,1.14,1.131,1.137,15150.5,1730402099999,17221.3326,162,7540.3,8574.1183,0
1730402100000,1.137,1.14,1.135,1.139,9047.9,1730402999999,10291.9355,144,4829.1,5496.2464,0
1730403000000,1.138,1.138,1.134,1.137,4160.0,1730403899999,4724.8288,94,2213.5,2514.1971,0
1730403900000,1.137,1.138,1.132,1.132,11583.2,1730404799999,13139.5279,118,1584.7,1800.0045,0
1730404800000,1.134,1.138,1.128,1.13,19109.7,1730405699999,21639.4338,199,8028.1,9088.9966,0
1730405700000,1.13,1.139,1.128,1.135,22692.5,1730406599999,25722.7464,121,15179.4,17187.6839,0
1730406600000,1.136,1.139,1.134,1.135,8425.4,1730407499999,9576.7902,90,3825.8,4351.2586,0
1730407500000,1.135,1.135,1.128,1.134,12147.7,1730408399999,13727.9871,141,5652.9,6384.3935,0
1730408400000,1.134,1.141,1.134,1.137,22229.5,1730409299999,25269.5927,283,13192.4,15007.2183,0
1730409300000,1.137,1.141,1.136,1.139,10658.8,1730410199999,12132.9091,154,7005.2,7975.7195,0
1730410200000,1.138,1.138,1.134,1.137,5301.4,1730411099999,6022.5135,129,3346.1,3801.7085,0
1730411100000,1.137,1.137,1.133,1.135,8144.1,1730411999999,9241.869,107,1625.2,1845.5028,0
1730412000000,1.135,1.137,1.132,1.133,3829.1,1730412899999,4343.9197,138,1529.8,1736.5388,0
1730412900000,1.132,1.133,1.128,1.13,6849.6,1730413799999,7738.5348,74,1377.2,1556.2597,0
1730413800000,1.13,1.132,1.125,1.132,19417.8,1730414699999,21912.7369,147,12284.7,13868.1272,0
1730414700000,1.132,1.137,1.129,1.131,14225.1,1730415599999,16111.2557,158,5064.0,5733.7484,0
1730415600000,1.131,1.134,1.128,1.131,5725.2,1730416499999,6479.0922,154,4040.7,4574.4141,0
1730416500000,1.131,1.134,1.131,1.133,2042.8,1730417399999,2313.0754,85,1305.0,1478.2384,0
1730417400000,1.133,1.133,1.129,1.129,4726.5,1730418299999,5342.9536,81,658.1,744.8731,0
1730418300000,1.129,1.13,1.121,1.125,26150.1,1730419199999,29385.4736,249,3752.6,4221.0716,0
