open_time,open,high,low,close,volume,close_time,quote_volume,trades,taker_buy_base,taker_buy_quote,ignore
1746057600000000,1.811,1.819,1.807,1.814,9455.0,1746058499999999,17145.6288,153,3645.4,6613.5557,0
1746058500000000,1.816,1.817,1.811,1.812,10884.1,1746059399999999,19740.4032,149,6466.8,11729.5284,0
1746059400000000,1.811,1.814,1.809,1.814,2744.7,1746060299999999,4974.3067,32,2505.4,4540.4336,0
1746060300000000,1.813,1.823,1.813,1.818,8237.1,1746061199999999,14990.1863,88,2593.7,4715.7185,0
1746061200000000,1.82,1.834,1.819,1.829,35905.0,1746062099999999,65683.1522,564,25649.1,46926.877,0
1746062100000000,1.829,1.835,1.823,1.823,7741.7,1746062999999999,14167.0266,164,3048.3,5583.6466,0
1746063000000000,1.823,1.826,1.822,1.826,7596.2,1746063899999999,13852.5554,151,2272.0,4143.7766,0
1746063900000000,1.825,1.826,1.82,1.823,18391.0,1746064799999999,33528.1504,342,9938.0,18121.3331,0
1746064800000000,1.823,1.83,1.821,1.822,23800.2,1746065699999999,43414.3154,246,8953.9,16340.5524,0
1746065700000000,1.822,1.832,1.822,1.825,40075.1,1746066599999999,73236.4631,397,17201.8,31436.9141,0
1746066600000000,1.825,1.826,1.816,1.819,17094.9,1746067499999999,31154.418,229,9200.8,16774.513,0
1746067500000000,1.817,1.819,1.807,1.808,19615.0,1746068399999999,35546.5125,166,6707.4,12157.7485,0
1746068400000000,1.809,1.814,1.803,1.806,21925.1,1746069299999999,39659.618,169,10788.3,19523.6961,0
1746069300000000,1.806,1.807,1.799,1.801,12664.9,1746070199999999,22815.9706,98,4042.6,7286.7328,0
1746070200000000,1.8,1.805,1.8,1.802,11652.5,1746071099999999,21001.3252,189,7406.2,13352.4049,0
1746071100000000,1.8,1.8,1.793,1.796,11397.7,1746071999999999,20467.5041,109,6172.2,11085.4713,0
1746072000000000,1.796,1.801,1.793,1.798,12801.8,1746072899999999,22991.959,248,9699.1,17420.083,0
1746072900000000,1.797,1.797,1.793,1.794,2879.1,1746073799999999,5168.8162,34,1169.0,2098.7718,0
1746073800000000,1.793,1.794,1.788,1.791,8141.8,1746074699999999,14571.351,116,5440.0,9734.3275,0
1746074700000000,1.79,1.796,1.788,1.795,10415.8,1746075599999999,18673.5331,182,8833.6,15837.5196,0
1746075600000000,1.794,1.798,1.79,1.797,6098.5,1746076499999999,10945.075,155,3015.3,5410.3729,0
1746076500000000,1.798,1.8,1.797,1.798,5270.2,1746077399999999,9473.9908,46,888.2,1596.8458,0
1746077400000000,1.797,1.807,1.796,1.807,18903.7,1746078299999999,34079.1966,176,13370.2,24100.3319,0
1746078300000000,1.806,1.809,1.802,1.806,6514.1,1746079199999999,11762.838,73,5411.4,9771.7004,0
1746079200000000,1.805,1.806,1.798,1.8,5465.2,1746080099999999,9853.7183,109,516.8,932.5389,0
1746080100000000,1.8,1.803,1.797,1.803,8883.8,1746080999999999,15979.8227,185,2923.5,5260.2229,0
1746081000000000,1.804,1.805,1.796,1.796,9695.9,1746081899999999,17455.2766,151,1217.8,2194.943,0
1746081900000000,1.795,1.801,1.795,1.799,7459.6,1746082799999999,13420.6649,63,4097.7,7370.2292,0
1746082800000000,1.8,1.805,1.797,1.803,3643.3,1746083699999999,6558.6488,58,1610.1,2898.626,0
1746083700000000,1.803,1.806,1.801,1.805,1588.4,1746084599999999,2867.5976,50,1037.8,1874.1862,0
1746084600000000,1.804,1.814,1.804,1.812,5111.7,1746085499999999,9253.7158,120,2845.0,5148.8138,0
1746085500000000,1.815,1.825,1.811,1.825,23757.6,1746086399999999,43171.9242,305,14970.1,27214.2484,0
1746086400000000,1.822,1.83,1.814,1.823,32032.1,1746087299999999,58325.729,527,18408.3,33516.7649,0
1746087300000000,1.823,1.83,1.823,1.825,16143.5,1746088199999999,29516.5385,271,7394.0,13517.6944,0
1746088200000000,1.826,1.827,1.819,1.819,7993.2,1746089099999999,14573.4144,123,5385.0,9817.3149,0
1746089100000000,1.818,1.826,1.817,1.826,4765.7,1746089999999999,8686.8552,73,3428.9,6251.27,0
1746090000000000,1.827,1.827,1.819,1.824,16024.6,1746090899999999,29186.5771,201,2091.5,3808.1107,0
1746090900000000,1.823,1.83,1.822,1.828,8663.9,1746091799999999,15831.7469,219,6164.4,11263.5194,0
1746091800000000,1.828,1.848,1.826,1.844,27783.8,1746092699999999,51133.1458,502,16939.6,31180.2456,0
1746092700000000,1.845,1.846,1.835,1.843,66942.8,1746093599999999,123162.6066,644,20640.1,38011.8247,0
1746093600000000,1.844,1.849,1.844,1.849,16565.2,1746094499999999,30587.88,278,8800.5,16250.3918,0
1746094500000000,1.85,1.878,1.842,1.858,287063.1,1746095399999999,534444.3507,2812,139052.7,259013.5153,0
1746095400000000,1.859,1.859,1.851,1.853,40681.2,1746096299999999,75414.0449,854,10381.7,19250.0749,0
1746096300000000,1.854,1.858,1.848,1.856,40233.3,1746097199999999,74556.2789,578,14942.6,27700.6119,0
1746097200000000,1.857,1.864,1.856,1.863,33682.0,1746098099999999,62640.2576,426,18772.3,34902.1991,0
1746098100000000,1.862,1.862,1.849,1.849,27447.5,1746098999999999,50949.0083,372,8467.8,15726.2183,0
1746099000000000,1.851,1.859,1.851,1.856,12734.0,1746099899999999,23623.6523,160,5395.8,10009.2338,0
1746099900000000,1.857,1.86,1.856,1.856,3319.5,1746100799999999,6167.4119,45,1833.7,3406.5043,0
1746100800000000,1.857,1.866,1.855,1.863,10894.5,1746101699999999,20280.5744,132,7593.4,14140.1611,0
1746101700000000,1.862,1.865,1.853,1.861,11351.1,1746102599999999,21125.4751,107,5668.9,10556.0453,0
1746102600000000,1.86,1.872,1.857,1.869,29965.1,1746103499999999,55846.4188,268,17538.1,32680.8464,0
1746103500000000,1.87,1.875,1.866,1.875,20119.1,1746104399999999,37629.9853,236,5872.4,10988.4184,0
1746104400000000,1.874,1.882,1.874,1.875,33531.4,1746105299999999,63019.108,409,18417.5,34626.7695,0
1746105300000000,1.875,1.875,1.865,1.868,38810.7,1746106199999999,72603.8053,388,22636.5,42356.1849,0
1746106200000000,1.866,1.869,1.844,1.852,73571.3,1746107099999999,136468.4491,1307,15741.5,29163.1069,0
1746107100000000,1.852,1.857,1.84,1.842,41177.1,1746107999999999,76213.1495,492,18859.7,34900.8757,0
1746108000000000,1.842,1.872,1.842,1.871,68387.4,1746108899999999,126683.9284,857,45022.7,83443.1265,0
1746108900000000,1.871,1.88,1.87,1.877,33763.0,1746109799999999,63287.1254,555,16562.1,31042.8932,0
1746109800000000,1.877,1.882,1.872,1.875,36058.8,1746110699999999,67747.4743,431,17734.9,33320.1995,0
1746110700000000,1.876,1.884,1.875,1.884,25586.1,1746111599999999,48131.4307,341,13580.2,25559.649,0
1746111600000000,1.884,1.887,1.875,1.886,43627.5,1746112499999999,82148.2796,486,24428.9,46015.4034,0
1746112500000000,1.884,1.885,1.873,1.88,23626.3,1746113399999999,44359.4632,285,10884.3,20411.3594,0
1746113400000000,1.879,1.881,1.865,1.865,64074.7,1746114299999999,120056.9192,698,30396.1,56955.8417,0
1746114300000000,1.866,1.87,1.855,1.86,27658.1,1746115199999999,51504.1377,350,13238.0,24644.0929,0
1746115200000000,1.862,1.882,1.86,1.88,47886.7,1746116099999999,89542.6981,315,32087.3,60017.7004,0
1746116100000000,1.879,1.879,1.868,1.874,14199.3,1746116999999999,26594.8033,154,2856.2,5349.8975,0
1746117000000000,1.874,1.885,1.874,1.884,31732.2,1746117899999999,59667.9437,237,23461.0,44124.4583,0
1746117900000000,1.883,1.884,1.862,1.865,15661.2,1746118799999999,29345.2404,162,3913.7,7311.5678,0
1746118800000000,1.865,1.869,1.851,1.859,36460.9,1746119699999999,67721.9857,391,15002.8,27877.1509,0
1746119700000000,1.859,1.864,1.858,1.86,13384.6,1746120599999999,24904.8907,147,5018.8,9343.2695,0
1746120600000000,1.861,1.865,1.847,1.851,8685.1,1746121499999999,16113.0239,106,3961.6,7365.4166,0
1746121500000000,1.846,1.858,1.845,1.856,5085.6,1746122399999999,9422.5395,82,2029.8,3760.6524,0
1746122400000000,1.857,1.858,1.847,1.847,4110.2,1746123299999999,7619.3112,63,1624.7,3011.8226,0
1746123300000000,1.847,1.851,1.847,1.849,10024.5,1746124199999999,18535.4459,116,7904.6,14614.2873,0
1746124200000000,1.849,1.86,1.848,1.86,10910.5,1746125099999999,20212.183,109,5050.4,9368.3415,0
1746125100000000,1.858,1.864,1.858,1.861,9454.6,1746125999999999,17600.0854,136,5362.4,9987.405,0
1746126000000000,1.86,1.86,1.852,1.852,9032.5,1746126899999999,16759.6233,94,743.3,1380.3086,0
1746126900000000,1.851,1.862,1.851,1.862,1900.3,1746127799999999,3529.2456,42,677.9,1259.4722,0
1746127800000000,1.86,1.865,1.859,1.859,3552.3,1746128699999999,6615.8149,43,1747.3,3253.4969,0
1746128700000000,1.859,1.863,1.849,1.851,13678.7,1746129599999999,25387.4424,145,7023.2,13040.6109,0
1746129600000000,1.852,1.858,1.847,1.858,11289.3,1746130499999999,20904.3113,116,6375.7,11806.4402,0
1746130500000000,1.859,1.864,1.858,1.863,6011.6,1746131399999999,11183.3954,105,2929.9,5451.3008,0
1746131400000000,1.863,1.865,1.857,1.857,4669.8,1746132299999999,8693.0987,140,975.1,1814.9849,0
1746132300000000,1.856,1.857,1.852,1.857,7293.5,1746133199999999,13530.6378,134,3782.8,7019.4035,0
1746133200000000,1.856,1.866,1.856,1.863,13733.8,1746134099999999,25588.8082,161,8934.5,16647.3265,0
1746134100000000,1.864,1.866,1.863,1.865,7124.9,1746134999999999,13288.0351,159,2420.9,4515.537,0
1746135000000000,1.865,1.866,1.861,1.866,4186.2,1746135899999999,7799.184,78,238.8,445.5272,0
1746135900000000,1.866,1.868,1.864,1.864,5935.7,1746136799999999,11080.9242,122,3270.3,6105.038,0
1746136800000000,1.865,1.875,1.865,1.868,11571.1,1746137699999999,21647.9704,230,5737.9,10738.9304,0
1746137700000000,1.869,1.87,1.861,1.862,4415.8,1746138599999999,8237.613,59,1121.8,2093.1593,0
1746138600000000,1.861,1.861,1.853,1.855,7254.2,1746139499999999,13462.4536,127,1952.0,3623.5527,0
1746139500000000,1.856,1.86,1.854,1.856,27969.3,1746140399999999,51902.2864,231,6425.7,11938.4971,0
1746140400000000,1.857,1.859,1.852,1.856,16693.6,1746141299999999,30973.2208,236,6510.4,12080.5993,0
1746141300000000,1.855,1.856,1.848,1.852,53059.0,1746142199999999,98231.187,408,13603.7,25191.7337,0
1746142200000000,1.852,1.853,1.841,1.842,14848.0,1746143099999999,27406.7029,177,8837.4,16319.2287,0
1746143100000000,1.843,1.848,1.839,1.848,11739.5,1746143999999999,21631.965,157,6485.3,11950.3932,0
1746144000000000,1.849,1.865,1.843,1.849,18914.5,1746144899999999,35087.657,234,13374.7,24798.1696,0
1746144900000000,1.849,1.864,1.849,1.864,24844.5,1746145799999999,46098.5284,434,13531.7,25090.4912,0
1746145800000000,1.865,1.871,1.853,1.855,7531.1,1746146699999999,14030.733,130,2823.1,5247.4404,0
1746146700000000,1.854,1.859,1.853,1.857,4147.2,1746147599999999,7699.2804,119,3204.4,5950.4914,0
1746147600000000,1.858,1.86,1.855,1.856,6859.2,1746148499999999,12737.5239,94,3649.8,6778.3465,0
1746148500000000,1.857,1.87,1.856,1.863,7892.8,1746149399999999,14709.639,149,5163.9,9624.4446,0
1746149400000000,1.862,1.862,1.851,1.856,17553.5,1746150299999999,32560.6612,169,4298.1,7974.2252,0
1746150300000000,1.855,1.864,1.852,1.862,13981.6,1746151199999999,25959.2089,292,7897.8,14666.5266,0
1746151200000000,1.861,1.872,1.86,1.871,22528.4,1746152099999999,42036.9683,420,14130.3,26368.1438,0
1746152100000000,1.873,1.881,1.872,1.878,26565.3,1746152999999999,49876.1691,474,21172.5,39758.7832,0
1746153000000000,1.877,1.878,1.863,1.864,17114.4,1746153899999999,32036.5897,376,8921.3,16711.0463,0
1746153900000000,1.864,1.868,1.863,1.863,3007.6,1746154799999999,5609.1766,41,1033.5,1928.0511,0
1746154800000000,1.864,1.873,1.861,1.873,17073.7,1746155699999999,31872.5134,194,4957.5,9256.3126,0
1746155700000000,1.874,1.874,1.854,1.856,46619.8,1746156599999999,86759.1222,418,15311.2,28462.3136,0
1746156600000000,1.858,1.864,1.858,1.863,16911.9,1746157499999999,31486.107,194,10421.7,19404.947,0
1746157500000000,1.866,1.87,1.863,1.869,19188.5,1746158399999999,35842.0869,256,13099.8,24471.172,0
1746158400000000,1.869,1.875,1.865,1.865,20456.5,1746159299999999,38263.9323,352,10067.9,18834.4588,0
1746159300000000,1.865,1.873,1.864,1.871,14909.2,1746160199999999,27884.4476,222,7716.5,14426.7844,0
1746160200000000,1.872,1.872,1.86,1.862,20529.3,1746161099999999,38260.7794,390,11273.3,21008.7472,0
1746161100000000,1.862,1.87,1.861,1.868,9749.8,1746161999999999,18187.1364,229,7723.9,14406.6232,0
1746162000000000,1.866,1.87,1.864,1.867,11630.6,1746162899999999,21719.1148,297,8380.8,15648.6399,0
1746162900000000,1.866,1.866,1.851,1.858,21084.2,1746163799999999,39159.8124,354,11373.6,21115.7546,0
1746163800000000,1.86,1.861,1.85,1.855,12034.4,1746164699999999,22303.08,197,5471.6,10133.2293,0
1746164700000000,1.856,1.857,1.845,1.85,11085.0,1746165599999999,20500.1075,155,3873.6,7169.4946,0
1746165600000000,1.851,1.852,1.844,1.851,13046.0,1746166499999999,24113.826,176,8602.1,15897.7625,0
1746166500000000,1.851,1.858,1.847,1.858,22091.8,1746167399999999,40883.5087,206,5169.5,9576.1347,0
1746167400000000,1.858,1.859,1.842,1.842,12328.0,1746168299999999,22828.0913,144,4562.7,8450.0814,0
1746168300000000,1.841,1.847,1.84,1.846,14811.5,1746169199999999,27300.4113,160,10237.2,18872.8784,0
1746169200000000,1.846,1.848,1.838,1.843,39670.1,1746170099999999,73158.6178,402,27902.7,51481.6052,0
1746170100000000,1.842,1.85,1.84,1.845,11738.1,1746170999999999,21685.99,168,8403.0,15526.3591,0
1746171000000000,1.846,1.846,1.832,1.837,10582.6,1746171899999999,19442.7662,170,4162.6,7649.4112,0
1746171900000000,1.839,1.841,1.834,1.834,8790.9,1746172799999999,16155.8124,114,2427.4,4461.3947,0
1746172800000000,1.835,1.845,1.833,1.843,19339.3,1746173699999999,35605.626,315,10885.3,20032.4723,0
1746173700000000,1.842,1.845,1.84,1.842,6315.7,1746174599999999,11639.8118,92,2925.6,5392.5404,0
1746174600000000,1.84,1.854,1.84,1.853,16029.0,1746175499999999,29617.4033,200,11224.9,20741.0446,0
1746175500000000,1.853,1.859,1.851,1.855,56861.3,1746176399999999,105495.3432,408,29064.6,53920.9502,0
1746176400000000,1.855,1.87,1.852,1.866,19501.2,1746177299999999,36313.0329,318,12985.9,24187.9092,0
1746177300000000,1.866,1.867,1.857,1.858,8951.6,1746178199999999,16650.2345,78,5088.1,9456.9414,0
1746178200000000,1.857,1.857,1.852,1.852,18812.9,1746179099999999,34878.7302,210,11968.7,22192.4503,0
1746179100000000,1.852,1.854,1.849,1.85,10337.7,1746179999999999,19133.0857,121,4814.0,8911.9006,0
1746180000000000,1.851,1.853,1.849,1.85,3434.7,1746180899999999,6355.679,46,1913.5,3541.637,0
1746180900000000,1.85,1.852,1.842,1.843,13231.3,1746181799999999,24447.3065,139,8333.8,15403.1784,0
1746181800000000,1.844,1.845,1.837,1.839,25791.8,1746182699999999,47476.6848,363,19610.6,36099.8139,0
1746182700000000,1.838,1.845,1.838,1.838,11670.5,1746183599999999,21506.3403,133,8692.4,16018.5611,0
1746183600000000,1.839,1.848,1.838,1.846,11320.4,1746184499999999,20851.3939,231,8570.2,15778.1927,0
1746184500000000,1.847,1.849,1.843,1.845,7348.6,1746185399999999,13560.2491,83,5306.1,9790.165,0
1746185400000000,1.844,1.851,1.842,1.85,10705.4,1746186299999999,19784.0071,185,4360.7,8058.7551,0
1746186300000000,1.851,1.851,1.843,1.844,9057.3,1746187199999999,16709.2313,115,5942.0,10959.084,0
1746187200000000,1.844,1.848,1.837,1.837,14739.8,1746188099999999,27140.5594,154,6912.1,12730.6013,0
1746188100000000,1.836,1.836,1.823,1.824,35774.4,1746188999999999,65449.0536,352,22284.5,40767.3898,0
1746189000000000,1.824,1.839,1.817,1.823,83452.0,1746189899999999,152655.3448,1338,48835.6,89341.9503,0
1746189900000000,1.823,1.832,1.823,1.83,37559.3,1746190799999999,68639.045,327,14978.2,27369.8091,0
1746190800000000,1.83,1.831,1.81,1.811,31603.9,1746191699999999,57535.9111,358,16952.1,30913.581,0
1746191700000000,1.812,1.818,1.81,1.814,40138.7,1746192599999999,72786.8846,524,30085.8,54563.5117,0
1746192600000000,1.813,1.817,1.802,1.804,37199.5,1746193499999999,67218.2431,424,21649.8,39127.3334,0
1746193500000000,1.805,1.808,1.799,1.801,37000.8,1746194399999999,66676.8448,477,14189.1,25584.1921,0
1746194400000000,1.802,1.807,1.792,1.795,25747.3,1746195299999999,46386.7792,445,16918.7,30484.971,0
1746195300000000,1.796,1.811,1.794,1.802,39994.6,1746196199999999,72137.3057,468,27916.1,50346.8564,0
1746196200000000,1.803,1.82,1.8,1.811,76830.4,1746197099999999,139273.8653,797,50510.9,91497.4232,0
1746197100000000,1.81,1.816,1.807,1.814,40009.1,1746197999999999,72477.7611,626,28885.0,52327.929,0
1746198000000000,1.814,1.816,1.795,1.796,38021.2,1746198899999999,68590.929,542,26538.3,47896.3309,0
1746198900000000,1.797,1.802,1.786,1.789,32070.0,1746199799999999,57539.8839,580,11905.1,21351.4137,0
1746199800000000,1.785,1.801,1.785,1.801,38592.8,1746200699999999,69241.8365,381,31471.7,56468.6908,0
1746200700000000,1.801,1.803,1.796,1.798,10510.2,1746201599999999,18912.4288,157,6238.1,11226.6627,0
1746201600000000,1.798,1.813,1.798,1.808,31264.3,1746202499999999,56510.364,420,16698.2,30183.3376,0
1746202500000000,1.808,1.82,1.807,1.813,34688.9,1746203399999999,62969.6827,366,27818.0,50499.9827,0
1746203400000000,1.814,1.817,1.807,1.811,19547.3,1746204299999999,35397.2909,220,5671.6,10273.8401,0
1746204300000000,1.809,1.809,1.796,1.803,17115.2,1746205199999999,30821.9785,224,6729.6,12128.02,0
1746205200000000,1.802,1.803,1.794,1.802,23642.1,1746206099999999,42508.2712,316,12603.8,22665.873,0
1746206100000000,1.802,1.809,1.8,1.806,12593.5,1746206999999999,22711.0136,174,5911.9,10666.9529,0
1746207000000000,1.807,1.807,1.799,1.799,10798.5,1746207899999999,19473.3919,187,3903.0,7034.9858,0
1746207900000000,1.8,1.803,1.8,1.802,4899.8,1746208799999999,8828.0689,91,2161.8,3894.8125,0
1746208800000000,1.801,1.811,1.799,1.808,8624.8,1746209699999999,15583.6712,134,4740.9,8564.0564,0
1746209700000000,1.808,1.809,1.804,1.807,4347.7,1746210599999999,7857.8015,60,2266.3,4096.7199,0
1746210600000000,1.806,1.814,1.805,1.813,6261.6,1746211499999999,11337.7675,111,5011.8,9074.8818,0
1746211500000000,1.813,1.814,1.803,1.805,5407.1,1746212399999999,9773.4454,122,3700.3,6688.1027,0
1746212400000000,1.805,1.806,1.795,1.798,14110.4,1746213299999999,25397.4099,186,7350.5,13232.2417,0
1746213300000000,1.796,1.797,1.792,1.795,18874.3,1746214199999999,33860.4508,269,6955.1,12474.8494,0
1746214200000000,1.794,1.794,1.785,1.788,24519.5,1746215099999999,43847.5075,249,6404.3,11449.6148,0
1746215100000000,1.789,1.789,1.779,1.784,67212.6,1746215999999999,119785.7224,590,30402.9,54212.8145,0
1746216000000000,1.784,1.79,1.779,1.788,36449.0,1746216899999999,65142.2007,450,25703.5,45937.9173,0
1746216900000000,1.788,1.791,1.787,1.79,13789.7,1746217799999999,24670.2436,212,9015.4,16130.8498,0
1746217800000000,1.79,1.796,1.789,1.793,8111.8,1746218699999999,14545.4087,121,3003.2,5386.8252,0
1746218700000000,1.792,1.796,1.792,1.795,3062.4,1746219599999999,5495.3504,52,2458.9,4412.1293,0
1746219600000000,1.794,1.796,1.793,1.793,9614.3,1746220499999999,17255.3124,105,5354.0,9609.2546,0
1746220500000000,1.796,1.796,1.791,1.793,4735.7,1746221399999999,8488.8933,36,728.6,1305.5648,0
1746221400000000,1.794,1.797,1.79,1.791,7790.5,1746222299999999,13973.5209,167,2400.7,4303.0625,0
1746222300000000,1.79,1.79,1.777,1.781,14842.8,1746223199999999,26441.3951,200,8290.0,14764.7401,0
1746223200000000,1.781,1.786,1.78,1.783,6101.1,1746224099999999,10875.8542,94,4480.3,7986.3445,0
1746224100000000,1.782,1.788,1.781,1.787,18928.7,1746224999999999,33779.7765,253,10516.8,18763.9143,0
1746225000000000,1.786,1.787,1.78,1.781,5656.7,1746225899999999,10093.565,58,3320.2,5924.7097,0
1746225900000000,1.782,1.784,1.779,1.781,5801.9,1746226799999999,10338.2127,73,4708.0,8390.4162,0
1746226800000000,1.78,1.785,1.78,1.785,4336.3,1746227699999999,7732.4047,46,3179.2,5668.8418,0
1746227700000000,1.784,1.787,1.783,1.786,13333.0,1746228599999999,23807.0606,130,11450.9,20447.9871,0
1746228600000000,1.787,1.792,1.787,1.792,6943.2,1746229499999999,12432.1014,53,5635.6,10091.3143,0
1746229500000000,1.792,1.795,1.79,1.795,22116.1,1746230399999999,39642.8436,142,9879.3,17716.9826,0
1746230400000000,1.796,1.805,1.795,1.805,21296.7,1746231299999999,38329.9791,192,9809.6,17662.7836,0
1746231300000000,1.806,1.808,1.797,1.797,12157.6,1746232199999999,21899.3418,147,9573.1,17245.9937,0
1746232200000000,1.796,1.799,1.782,1.783,23981.9,1746233099999999,42868.7005,293,5085.0,9120.0122,0
1746233100000000,1.782,1.782,1.77,1.774,25366.1,1746233999999999,45046.2999,352,13788.4,24497.358,0
1746234000000000,1.775,1.777,1.766,1.768,24276.1,1746234899999999,42925.9162,196,12861.9,22724.8965,0
1746234900000000,1.767,1.771,1.764,1.77,15879.6,1746235799999999,28074.4239,120,3755.8,6640.9985,0
1746235800000000,1.771,1.771,1.761,1.764,26489.4,1746236699999999,46790.0449,297,7838.5,13838.71,0
1746236700000000,1.765,1.767,1.763,1.764,19884.9,1746237599999999,35079.2317,344,14398.8,25402.7439,0
1746237600000000,1.765,1.768,1.761,1.762,18255.8,1746238499999999,32204.9549,301,12729.6,22450.9343,0
1746238500000000,1.762,1.762,1.746,1.75,84549.3,1746239399999999,148069.5781,567,38420.7,67243.447,0
1746239400000000,1.75,1.75,1.743,1.744,18353.0,1746240299999999,32052.3854,147,4853.5,8475.9193,0
1746240300000000,1.744,1.747,1.738,1.746,58939.3,1746241199999999,102643.0788,349,28974.3,50452.7123,0
1746241200000000,1.745,1.751,1.745,1.747,16346.2,1746242099999999,28573.1923,162,8849.7,15473.0186,0
1746242100000000,1.749,1.749,1.743,1.743,6525.3,1746242999999999,11395.2978,70,3271.2,5712.9167,0
1746243000000000,1.743,1.745,1.737,1.744,11718.8,1746243899999999,20401.9519,151,7509.5,13077.7495,0
1746243900000000,1.744,1.745,1.743,1.743,9851.1,1746244799999999,17182.3478,124,5710.7,9960.3288,0
1746244800000000,1.743,1.745,1.74,1.744,20500.7,1746245699999999,35730.8227,110,8133.1,14174.1259,0
1746245700000000,1.744,1.745,1.738,1.738,11504.0,1746246599999999,20018.6512,133,5951.0,10357.706,0
1746246600000000,1.738,1.739,1.732,1.738,21191.6,1746247499999999,36772.9396,325,8477.5,14709.7561,0
1746247500000000,1.737,1.738,1.734,1.736,14439.1,1746248399999999,25068.771,161,10975.2,19054.4404,0
1746248400000000,1.738,1.738,1.735,1.736,5753.6,1746249299999999,9989.8605,98,1664.5,2890.3115,0
1746249300000000,1.735,1.739,1.734,1.734,56782.5,1746250199999999,98556.4961,446,25137.3,43640.084,0
1746250200000000,1.734,1.738,1.731,1.735,42020.1,1746251099999999,72854.3252,427,17751.4,30783.7404,0
1746251100000000,1.736,1.736,1.731,1.733,9702.5,1746251999999999,16819.2533,139,7521.0,13039.5152,0
1746252000000000,1.733,1.737,1.729,1.737,31888.1,1746252899999999,55209.4677,244,11852.0,20525.231,0
1746252900000000,1.736,1.736,1.729,1.73,18401.2,1746253799999999,31866.9825,146,1348.3,2334.9013,0
1746253800000000,1.731,1.74,1.731,1.74,12430.7,1746254699999999,21595.4479,111,6651.0,11555.5231,0
1746254700000000,1.741,1.741,1.734,1.734,2663.5,1746255599999999,4626.8278,34,514.6,893.606,0
1746255600000000,1.735,1.735,1.729,1.731,13698.5,1746256499999999,23722.5952,148,8870.1,15360.204,0
1746256500000000,1.731,1.759,1.731,1.742,143210.2,1746257399999999,249307.0054,962,104805.9,182533.6197,0
1746257400000000,1.742,1.751,1.742,1.744,24998.7,1746258299999999,43661.7778,265,16525.3,28865.2134,0
1746258300000000,1.744,1.746,1.74,1.742,13266.3,1746259199999999,23129.1123,96,9790.5,17073.8987,0
1746259200000000,1.74,1.748,1.732,1.733,8297.5,1746260099999999,14445.3078,119,4149.1,7234.8184,0
1746260100000000,1.734,1.741,1.734,1.739,43238.7,1746260999999999,75184.5789,242,32282.1,56136.9805,0
1746261000000000,1.739,1.745,1.738,1.743,6079.9,1746261899999999,10596.1044,89,3928.7,6846.701,0
1746261900000000,1.743,1.744,1.736,1.738,20452.5,1746262799999999,35532.4675,162,6148.3,10686.3582,0
1746262800000000,1.737,1.737,1.732,1.734,7344.0,1746263699999999,12734.8974,72,2553.2,4424.3515,0
1746263700000000,1.733,1.736,1.733,1.734,9470.4,1746264599999999,16426.0215,85,6234.3,10814.2155,0
1746264600000000,1.733,1.735,1.732,1.732,3114.2,1746265499999999,5398.7587,44,2614.9,4533.8273,0
1746265500000000,1.731,1.734,1.729,1.732,3858.0,1746266399999999,6678.4472,87,2277.4,3943.8524,0
1746266400000000,1.731,1.733,1.715,1.72,62603.5,1746267299999999,107814.9652,629,22307.6,38440.7107,0
1746267300000000,1.719,1.727,1.718,1.722,17786.4,1746268199999999,30636.2329,161,11903.2,20501.8042,0
1746268200000000,1.722,1.725,1.708,1.711,76335.4,1746269099999999,130683.5185,420,24519.3,41971.1822,0
1746269100000000,1.711,1.711,1.694,1.695,51671.2,1746269999999999,87978.4203,361,11293.9,19261.235,0
1746270000000000,1.695,1.701,1.689,1.7,55489.4,1746270899999999,94199.3171,406,45295.3,76919.6852,0
1746270900000000,1.7,1.705,1.696,1.702,24218.6,1746271799999999,41196.4874,258,14944.6,25430.6527,0
1746271800000000,1.701,1.701,1.687,1.691,25930.1,1746272699999999,43879.2433,231,6657.6,11272.3922,0
1746272700000000,1.69,1.692,1.688,1.691,5667.6,1746273599999999,9577.0294,86,4103.7,6933.1414,0
1746273600000000,1.691,1.695,1.688,1.694,11394.0,1746274499999999,19283.6005,173,8799.1,14891.5865,0
1746274500000000,1.695,1.708,1.695,1.704,26070.6,1746275399999999,44369.1237,259,20601.7,35065.2129,0
1746275400000000,1.705,1.711,1.704,1.709,8875.9,1746276299999999,15163.9865,97,6225.7,10638.1229,0
1746276300000000,1.709,1.709,1.704,1.705,6382.7,1746277199999999,10890.5339,63,3258.8,5561.035,0
1746277200000000,1.705,1.708,1.701,1.701,9788.7,1746278099999999,16694.0852,118,5810.0,9913.622,0
1746278100000000,1.703,1.706,1.7,1.704,5388.4,1746278999999999,9176.8068,77,2539.7,4325.5686,0
1746279000000000,1.703,1.704,1.696,1.7,8580.6,1746279899999999,14573.4156,94,3806.4,6467.1316,0
1746279900000000,1.699,1.701,1.697,1.701,11380.9,1746280799999999,19343.5964,137,7334.7,12467.942,0
1746280800000000,1.701,1.705,1.698,1.699,34131.6,1746281699999999,58035.7508,231,7980.1,13577.0115,0
1746281700000000,1.699,1.702,1.695,1.696,14363.6,1746282599999999,24414.6844,91,10868.3,18475.7433,0
1746282600000000,1.697,1.697,1.69,1.692,12044.0,1746283499999999,20387.5851,146,5550.3,9397.8849,0
1746283500000000,1.692,1.697,1.688,1.695,14751.4,1746284399999999,24982.6856,205,10647.0,18038.9196,0
1746284400000000,1.696,1.708,1.696,1.705,22676.8,1746285299999999,38627.0469,378,18506.5,31514.8666,0
1746285300000000,1.705,1.705,1.698,1.7,8288.3,1746286199999999,14107.2912,82,2628.1,4474.263,0
1746286200000000,1.7,1.7,1.694,1.696,17618.1,1746287099999999,29909.513,122,6350.9,10775.5751,0
1746287100000000,1.695,1.695,1.689,1.691,10250.2,1746287999999999,17341.7463,146,4875.8,8252.7081,0
1746288000000000,1.691,1.695,1.675,1.678,90512.7,1746288899999999,152560.6671,614,45477.4,76688.6868,0
1746288900000000,1.676,1.678,1.668,1.673,30482.1,1746289799999999,50977.0445,291,15366.0,25704.9933,0
1746289800000000,1.673,1.673,1.657,1.661,45054.9,1746290699999999,74875.0375,400,21170.9,35183.4328,0
1746290700000000,1.662,1.668,1.658,1.667,12750.5,1746291599999999,21229.3439,172,11240.1,18717.0402,0
1746291600000000,1.666,1.666,1.637,1.65,66969.1,1746292499999999,110336.455,627,19133.6,31509.7292,0
1746292500000000,1.651,1.651,1.639,1.65,26430.1,1746293399999999,43470.054,300,11508.2,18905.3498,0
1746293400000000,1.649,1.649,1.638,1.641,13096.7,1746294299999999,21480.7114,156,8729.7,14319.5527,0
1746294300000000,1.641,1.655,1.641,1.655,2692.2,1746295199999999,4442.1648,85,1630.2,2691.5221,0
1746295200000000,1.654,1.656,1.65,1.655,9380.2,1746296099999999,15498.9746,144,5171.1,8538.5045,0
1746296100000000,1.654,1.657,1.65,1.65,16840.4,1746296999999999,27845.0513,179,6876.8,11381.3751,0
1746297000000000,1.649,1.65,1.64,1.64,11498.3,1746297899999999,18913.7221,123,9509.3,15643.0887,0
1746297900000000,1.641,1.647,1.641,1.645,5181.7,1746298799999999,8512.3806,49,4500.0,7391.5956,0
1746298800000000,1.645,1.646,1.641,1.644,3065.8,1746299699999999,5040.5214,115,1104.6,1816.045,0
1746299700000000,1.644,1.655,1.644,1.655,4809.6,1746300599999999,7934.6934,91,3734.8,6161.6391,0
1746300600000000,1.655,1.66,1.652,1.659,2373.0,1746301499999999,3932.8204,37,1598.9,2649.9947,0
1746301500000000,1.659,1.666,1.659,1.666,17651.6,1746302399999999,29381.1608,167,13100.5,21809.0371,0
1746302400000000,1.666,1.671,1.665,1.667,10638.5,1746303299999999,17749.7849,171,7025.1,11724.7432,0
1746303300000000,1.666,1.669,1.666,1.667,2647.4,1746304199999999,4415.0212,34,1134.3,1891.6311,0
1746304200000000,1.667,1.667,1.662,1.663,5044.3,1746305099999999,8385.0681,61,1448.3,2408.197,0
1746305100000000,1.662,1.664,1.655,1.657,11367.3,1746305999999999,18880.6755,88,1732.0,2872.6342,0
1746306000000000,1.655,1.655,1.645,1.647,11328.9,1746306899999999,18669.7924,107,4324.2,7127.6588,0
1746306900000000,1.649,1.665,1.649,1.665,11167.9,1746307799999999,18553.8922,96,8059.4,13396.5075,0
1746307800000000,1.665,1.665,1.66,1.661,3281.1,1746308699999999,5450.2591,34,763.8,1269.6754,0
1746308700000000,1.662,1.663,1.655,1.655,2264.7,1746309599999999,3754.3422,19,1106.8,1832.9005,0
1746309600000000,1.655,1.656,1.65,1.652,9055.4,1746310499999999,14972.2012,82,5419.6,8959.3023,0
1746310500000000,1.652,1.653,1.649,1.652,8132.1,1746311399999999,13432.65,59,7305.0,12067.5008,0
1746311400000000,1.653,1.659,1.653,1.659,5158.3,1746312299999999,8539.5375,51,2742.7,4541.274,0
1746312300000000,1.66,1.66,1.654,1.654,2314.1,1746313199999999,3830.8624,30,547.0,906.7674,0
1746313200000000,1.654,1.654,1.65,1.652,2826.1,1746314099999999,4666.8658,39,1410.0,2327.8012,0
1746314100000000,1.652,1.653,1.646,1.647,12159.4,1746314999999999,20058.1556,109,2760.7,4554.5318,0
1746315000000000,1.646,1.651,1.646,1.651,10913.4,1746315899999999,17990.6985,111,8849.5,14589.6755,0
1746315900000000,1.651,1.654,1.643,1.644,5976.7,1746316799999999,9856.2375,73,409.6,675.2348,0
1746316800000000,1.645,1.647,1.638,1.638,35491.0,1746317699999999,58251.723,257,7262.0,11920.4628,0
1746317700000000,1.637,1.645,1.631,1.631,40861.6,1746318599999999,66898.7649,556,17749.6,29087.6764,0
1746318600000000,1.632,1.633,1.628,1.63,28510.8,1746319499999999,46481.5403,826,11446.3,18670.3455,0
1746319500000000,1.63,1.632,1.623,1.625,45884.7,1746320399999999,74689.1626,736,17268.8,28114.6526,0
1746320400000000,1.625,1.63,1.618,1.628,23527.9,1746321299999999,38180.0895,348,15647.3,25401.2346,0
1746321300000000,1.626,1.627,1.621,1.624,17256.6,1746322199999999,28030.2655,152,10252.6,16647.1757,0
1746322200000000,1.622,1.626,1.618,1.619,13905.3,1746323099999999,22543.0398,167,8347.3,13538.1382,0
1746323100000000,1.618,1.625,1.608,1.622,30856.9,1746323999999999,49782.9714,358,14467.1,23354.1852,0
1746324000000000,1.623,1.636,1.62,1.635,9542.3,1746324899999999,15524.8717,177,5587.5,9085.2216,0
1746324900000000,1.636,1.638,1.631,1.632,5517.4,1746325799999999,9012.6614,120,3279.7,5356.8733,0
1746325800000000,1.632,1.634,1.608,1.612,12660.1,1746326699999999,20470.6762,169,8410.6,13596.0959,0
1746326700000000,1.612,1.616,1.612,1.613,3471.4,1746327599999999,5603.3226,100,1155.6,1865.5703,0
1746327600000000,1.612,1.612,1.601,1.602,25538.0,1746328499999999,40998.2955,234,12255.5,19657.1648,0
1746328500000000,1.602,1.607,1.599,1.606,17324.8,1746329399999999,27772.2247,254,9005.9,14445.0124,0
1746329400000000,1.607,1.608,1.603,1.605,3702.0,1746330299999999,5941.3253,70,2762.2,4433.2169,0
1746330300000000,1.606,1.606,1.595,1.596,20840.9,1746331199999999,33385.7401,224,13097.5,20994.7861,0
1746331200000000,1.597,1.606,1.595,1.605,29840.4,1746332099999999,47757.8414,384,16675.7,26678.2296,0
1746332100000000,1.606,1.61,1.604,1.604,10655.2,1746332999999999,17135.0747,119,2287.4,3679.661,0
1746333000000000,1.603,1.603,1.591,1.594,33970.0,1746333899999999,54178.253,508,20874.3,33276.7223,0
1746333900000000,1.593,1.598,1.593,1.594,7251.1,1746334799999999,11571.7947,181,5518.6,8807.1748,0
1746334800000000,1.594,1.612,1.594,1.605,19464.9,1746335699999999,31275.2554,476,13021.6,20922.0315,0
1746335700000000,1.606,1.613,1.6,1.612,26175.9,1746336599999999,42101.762,709,18382.0,29595.7132,0
1746336600000000,1.612,1.616,1.609,1.615,16634.4,1746337499999999,26858.3342,360,13468.5,21750.0963,0
1746337500000000,1.614,1.622,1.611,1.611,14124.1,1746338399999999,22868.0747,225,9850.1,15952.902,0
1746338400000000,1.61,1.616,1.602,1.603,30838.9,1746339299999999,49522.3378,765,8483.5,13630.7104,0
1746339300000000,1.603,1.607,1.594,1.596,12889.7,1746340199999999,20623.645,606,3473.1,5556.956,0
1746340200000000,1.597,1.604,1.595,1.604,5725.5,1746341099999999,9152.6194,185,4026.6,6434.5265,0
1746341100000000,1.603,1.614,1.603,1.609,7895.1,1746341999999999,12702.6542,171,5825.3,9372.2528,0
1746342000000000,1.608,1.609,1.598,1.607,6046.8,1746342899999999,9696.1325,435,1575.9,2531.0382,0
1746342900000000,1.607,1.607,1.596,1.599,3425.7,1746343799999999,5481.3704,282,1109.3,1773.5842,0
1746343800000000,1.599,1.602,1.596,1.601,44432.2,1746344699999999,71050.2404,477,13693.4,21899.5763,0
1746344700000000,1.601,1.606,1.6,1.605,16645.8,1746345599999999,26681.9054,169,10791.7,17306.7816,0
1746345600000000,1.607,1.612,1.605,1.61,8364.1,1746346499999999,13435.5498,154,6978.0,11209.6609,0
1746346500000000,1.608,1.612,1.606,1.612,10225.7,1746347399999999,16462.5314,173,6885.1,11088.0194,0
1746347400000000,1.613,1.613,1.597,1.597,8803.9,1746348299999999,14149.7964,127,6426.2,10330.4051,0
1746348300000000,1.598,1.602,1.596,1.602,5768.7,1746349199999999,9226.9079,73,1912.9,3058.2426,0
1746349200000000,1.6,1.602,1.595,1.595,7718.2,1746350099999999,12349.0934,102,4494.6,7193.2732,0
1746350100000000,1.595,1.595,1.589,1.592,22101.2,1746350999999999,35167.0712,167,7491.1,11927.7018,0
1746351000000000,1.591,1.595,1.59,1.594,3065.1,1746351899999999,4881.7858,51,1948.3,3103.3524,0
1746351900000000,1.594,1.598,1.592,1.595,3612.4,1746352799999999,5762.4873,50,2768.3,4415.6757,0
1746352800000000,1.598,1.601,1.597,1.601,2571.3,1746353699999999,4110.6764,31,1384.0,2212.9913,0
1746353700000000,1.601,1.606,1.599,1.606,8306.8,1746354599999999,13304.4061,90,2304.1,3693.59,0
1746354600000000,1.607,1.609,1.604,1.604,5263.0,1746355499999999,8454.7553,56,2553.7,4102.5024,0
1746355500000000,1.604,1.604,1.601,1.602,2033.3,1746356399999999,3258.8051,34,638.8,1024.2189,0
1746356400000000,1.601,1.607,1.598,1.606,7168.1,1746357299999999,11475.8617,73,1372.6,2200.2776,0
1746357300000000,1.607,1.614,1.606,1.611,20865.1,1746358199999999,33642.0951,145,14396.8,23212.9401,0
1746358200000000,1.613,1.614,1.609,1.611,13472.6,1746359099999999,21710.6758,99,7723.8,12454.3298,0
1746359100000000,1.612,1.613,1.609,1.611,5983.9,1746359999999999,9642.9392,57,3748.3,6041.1326,0
1746360000000000,1.612,1.618,1.611,1.617,5255.4,1746360899999999,8489.3621,62,2474.5,3999.8542,0
1746360900000000,1.617,1.62,1.612,1.614,4479.6,1746361799999999,7232.2749,59,3520.6,5681.3207,0
1746361800000000,1.612,1.615,1.611,1.615,3374.1,1746362699999999,5440.4211,36,2675.3,4313.638,0
1746362700000000,1.617,1.62,1.614,1.614,7087.6,1746363599999999,11467.8304,66,2277.7,3683.6255,0
1746363600000000,1.614,1.616,1.607,1.607,6372.4,1746364499999999,10265.9748,81,2309.0,3720.634,0
1746364500000000,1.606,1.606,1.595,1.599,3140.4,1746365399999999,5020.0662,99,1540.0,2461.8918,0
1746365400000000,1.601,1.602,1.593,1.595,4803.3,1746366299999999,7677.8585,163,1179.7,1886.9249,0
1746366300000000,1.595,1.606,1.592,1.605,12956.7,1746367199999999,20709.5796,117,5376.4,8616.3447,0
1746367200000000,1.606,1.616,1.606,1.611,4912.3,1746368099999999,7929.0463,71,4042.2,6525.6556,0
1746368100000000,1.612,1.618,1.612,1.618,9376.1,1746368999999999,15156.1942,173,5822.8,9414.2775,0
1746369000000000,1.619,1.623,1.615,1.616,9087.5,1746369899999999,14705.7135,106,4015.9,6501.6845,0
1746369900000000,1.617,1.625,1.615,1.622,4011.6,1746370799999999,6494.4763,53,2493.4,4034.8168,0
1746370800000000,1.622,1.625,1.622,1.624,5292.7,1746371699999999,8593.4452,76,4690.0,7615.1569,0
1746371700000000,1.624,1.628,1.615,1.619,11469.6,1746372599999999,18610.0354,133,7517.0,12204.3172,0
1746372600000000,1.619,1.619,1.609,1.61,3438.5,1746373499999999,5547.7351,92,1271.3,2051.7927,0
1746373500000000,1.61,1.615,1.607,1.612,6609.6,1746374399999999,10655.0258,80,3682.8,5934.7518,0
1746374400000000,1.613,1.62,1.612,1.612,10669.7,1746375299999999,17257.7581,118,1489.9,2406.8368,0
1746375300000000,1.613,1.614,1.607,1.612,8706.0,1746376199999999,14016.5737,103,5497.9,8849.6533,0
1746376200000000,1.614,1.614,1.599,1.6,14973.5,1746377099999999,24008.6353,226,7001.6,11226.5329,0
1746377100000000,1.601,1.607,1.6,1.605,4725.3,1746377999999999,7579.8566,61,3090.9,4960.5431,0
1746378000000000,1.604,1.607,1.601,1.607,7288.7,1746378899999999,11682.85,79,1876.7,3009.7157,0
1746378900000000,1.606,1.606,1.598,1.6,3688.9,1746379799999999,5907.5852,90,1824.7,2922.9455,0
1746379800000000,1.6,1.608,1.593,1.608,13396.7,1746380699999999,21390.5234,110,8043.6,12853.8877,0
1746380700000000,1.607,1.615,1.607,1.61,6342.9,1746381599999999,10227.5767,76,3650.5,5889.4736,0
1746381600000000,1.609,1.611,1.605,1.605,8293.9,1746382499999999,13346.074,90,3101.0,4993.5766,0
1746382500000000,1.607,1.61,1.607,1.608,4427.3,1746383399999999,7125.7493,53,3403.4,5479.1317,0
1746383400000000,1.609,1.609,1.599,1.603,16782.4,1746384299999999,26863.6223,123,4060.9,6508.0052,0
1746384300000000,1.603,1.603,1.595,1.595,5069.5,1746385199999999,8111.613,53,348.3,556.9711,0
1746385200000000,1.596,1.603,1.594,1.599,20371.3,1746386099999999,32616.4523,176,17781.9,28476.6779,0
1746386100000000,1.599,1.604,1.598,1.604,2561.4,1746386999999999,4100.0427,38,694.8,1111.7191,0
1746387000000000,1.604,1.612,1.603,1.612,2652.7,1746387899999999,4258.9786,42,2126.2,3412.2068,0
1746387900000000,1.612,1.613,1.606,1.606,3010.8,1746388799999999,4842.1474,41,2251.8,3621.4271,0
1746388800000000,1.606,1.606,1.602,1.604,5424.2,1746389699999999,8701.0636,56,1676.7,2690.002,0
1746389700000000,1.603,1.615,1.6,1.615,10850.8,1746390599999999,17463.6755,110,3880.0,6252.6711,0
1746390600000000,1.616,1.617,1.613,1.614,3832.7,1746391499999999,6189.5817,56,916.5,1481.3256,0
1746391500000000,1.614,1.616,1.614,1.615,2077.3,1746392399999999,3354.3279,42,848.6,1370.6967,0
1746392400000000,1.614,1.614,1.603,1.603,4586.8,1746393299999999,7384.7921,47,1730.3,2788.5869,0
1746393300000000,1.604,1.613,1.603,1.613,15780.7,1746394199999999,25391.5342,128,12640.2,20341.5818,0
1746394200000000,1.614,1.619,1.613,1.615,1718.6,1746395099999999,2778.9472,32,787.9,1273.8679,0
1746395100000000,1.616,1.621,1.615,1.62,7645.3,1746395999999999,12365.9439,71,2454.7,3973.1638,0
1746396000000000,1.617,1.617,1.6,1.603,15353.2,1746396899999999,24674.7558,140,8544.9,13727.3708,0
1746396900000000,1.603,1.606,1.6,1.601,6973.4,1746397799999999,11171.8504,65,3551.5,5688.269,0
1746397800000000,1.6,1.602,1.591,1.593,24303.2,1746398699999999,38743.8226,182,12105.8,19296.1019,0
1746398700000000,1.593,1.599,1.591,1.599,5360.8,1746399599999999,8551.0985,43,2705.3,4313.079,0
1746399600000000,1.598,1.6,1.586,1.592,20644.1,1746400499999999,32829.6177,225,10075.6,16013.4781,0
1746400500000000,1.592,1.593,1.587,1.587,8735.6,1746401399999999,13884.9092,86,4573.7,7271.6439,0
1746401400000000,1.585,1.593,1.58,1.59,15163.2,1746402299999999,24045.8415,168,8467.1,13434.0102,0
1746402300000000,1.591,1.596,1.591,1.593,9212.1,1746403199999999,14681.5092,76,6675.1,10637.6644,0
1746403200000000,1.593,1.601,1.591,1.596,36499.2,1746404099999999,58224.2225,219,20645.3,32927.7701,0
1746404100000000,1.595,1.606,1.594,1.605,11573.4,1746404999999999,18522.519,155,5675.0,9072.7289,0
1746405000000000,1.604,1.604,1.593,1.594,16795.2,1746405899999999,26834.676,235,12163.9,19425.4756,0
1746405900000000,1.594,1.601,1.594,1.6,5254.5,1746406799999999,8393.883,83,3255.5,5196.0608,0
1746406800000000,1.6,1.601,1.593,1.598,9868.2,1746407699999999,15736.2649,133,4258.4,6788.766,0
1746407700000000,1.599,1.601,1.59,1.59,16976.6,1746408599999999,27035.2693,188,11467.4,18265.2256,0
1746408600000000,1.589,1.589,1.573,1.58,24625.6,1746409499999999,38875.1238,342,11369.1,17936.9092,0
1746409500000000,1.579,1.58,1.575,1.578,14121.5,1746410399999999,22283.3387,112,7935.2,12519.3841,0
1746410400000000,1.578,1.591,1.575,1.591,21378.8,1746411299999999,33806.4536,197,10495.5,16600.3798,0
1746411300000000,1.592,1.605,1.592,1.604,20150.3,1746412199999999,32265.8286,197,9030.7,14456.0744,0
1746412200000000,1.605,1.612,1.605,1.607,16727.2,1746413099999999,26915.7468,194,8708.0,14016.6953,0
1746413100000000,1.607,1.609,1.601,1.603,7492.8,1746413999999999,12037.2329,62,6460.1,10378.431,0
1746414000000000,1.601,1.606,1.596,1.596,2898.5,1746414899999999,4639.918,57,1164.0,1863.8477,0
1746414900000000,1.597,1.605,1.596,1.602,22196.5,1746415799999999,35551.7839,183,10787.9,17274.0985,0
1746415800000000,1.602,1.61,1.602,1.61,7488.6,1746416699999999,12029.6466,101,4995.3,8022.6703,0
1746416700000000,1.609,1.609,1.603,1.604,5051.5,1746417599999999,8110.4532,61,2729.3,4381.7067,0
1746417600000000,1.603,1.611,1.603,1.61,9510.7,1746418499999999,15274.5141,106,5465.0,8773.7914,0
1746418500000000,1.611,1.618,1.611,1.616,14029.5,1746419399999999,22672.1388,118,11897.3,19226.4786,0
1746419400000000,1.617,1.619,1.615,1.615,6480.2,1746420299999999,10473.1894,75,1210.0,1956.2909,0
1746420300000000,1.614,1.615,1.611,1.614,6427.2,1746421199999999,10367.5204,58,2944.2,4749.2375,0
1746421200000000,1.614,1.615,1.608,1.609,6438.6,1746422099999999,10390.6248,78,3291.9,5313.6325,0
1746422100000000,1.61,1.613,1.61,1.612,1714.8,1746422999999999,2762.925,24,487.4,785.4541,0
1746423000000000,1.612,1.613,1.61,1.611,4329.1,1746423899999999,6975.3756,43,1904.7,3068.3867,0
1746423900000000,1.611,1.619,1.611,1.618,4941.5,1746424799999999,7983.1598,51,2847.8,4603.5709,0
1746424800000000,1.618,1.62,1.609,1.61,2852.6,1746425699999999,4602.3269,35,1900.6,3069.054,0
1746425700000000,1.609,1.611,1.607,1.607,9893.0,1746426599999999,15909.7969,74,3119.5,5017.4258,0
1746426600000000,1.606,1.61,1.606,1.607,2557.2,1746427499999999,4111.4704,36,1492.7,2400.1451,0
1746427500000000,1.608,1.611,1.608,1.61,5047.8,1746428399999999,8121.1968,53,2981.1,4795.9385,0
1746428400000000,1.609,1.609,1.606,1.607,5352.5,1746429299999999,8602.148,36,2934.9,4715.9371,0
1746429300000000,1.607,1.617,1.607,1.612,2205.1,1746430199999999,3555.6457,31,1728.2,2787.4658,0
1746430200000000,1.611,1.616,1.611,1.615,5641.9,1746431099999999,9104.3648,55,1855.0,2993.88,0
1746431100000000,1.616,1.616,1.613,1.615,9864.6,1746431999999999,15925.2207,74,2795.2,4514.6114,0
1746432000000000,1.614,1.622,1.614,1.618,20136.0,1746432899999999,32587.7841,189,9879.1,15986.7892,0
1746432900000000,1.617,1.62,1.616,1.616,9527.9,1746433799999999,15423.1256,60,6489.1,10507.2734,0
1746433800000000,1.617,1.617,1.613,1.614,21381.3,1746434699999999,34524.9744,155,8832.6,14263.1595,0
1746434700000000,1.615,1.617,1.611,1.613,15904.9,1746435599999999,25674.3985,120,7875.3,12712.9581,0
1746435600000000,1.613,1.618,1.611,1.613,6458.8,1746436499999999,10428.8176,48,2382.3,3851.56,0
1746436500000000,1.612,1.62,1.612,1.618,8306.3,1746437399999999,13423.7547,62,4194.7,6778.9152,0
1746437400000000,1.619,1.619,1.614,1.615,6910.9,1746438299999999,11166.8799,53,3794.3,6131.1707,0
1746438300000000,1.613,1.615,1.608,1.609,4117.8,1746439199999999,6643.0037,40,1846.0,2978.207,0
1746439200000000,1.608,1.612,1.594,1.596,28099.6,1746440099999999,45048.7537,206,9435.6,15128.7662,0
1746440100000000,1.596,1.599,1.594,1.594,11794.4,1746440999999999,18820.2766,100,8350.9,13326.3736,0
1746441000000000,1.595,1.597,1.584,1.587,18575.3,1746441899999999,29490.6155,172,7814.4,12412.3625,0
1746441900000000,1.586,1.588,1.576,1.585,17039.1,1746442799999999,26963.7921,152,5718.1,9042.8921,0
1746442800000000,1.586,1.596,1.586,1.596,7312.4,1746443699999999,11629.4675,69,4131.2,6569.6931,0
1746443700000000,1.596,1.597,1.588,1.59,4124.2,1746444599999999,6573.5201,68,1714.9,2733.5381,0
1746444600000000,1.589,1.591,1.581,1.583,11932.9,1746445499999999,18946.134,110,8824.2,14021.0585,0
1746445500000000,1.585,1.589,1.584,1.587,4133.6,1746446399999999,6561.8872,64,2683.0,4258.7611,0
1746446400000000,1.587,1.596,1.58,1.596,15003.7,1746447299999999,23832.8645,116,10264.1,16298.9473,0
1746447300000000,1.595,1.599,1.592,1.597,9975.8,1746448199999999,15925.2701,84,5164.3,8245.4799,0
1746448200000000,1.596,1.599,1.592,1.597,5552.2,1746449099999999,8857.7944,62,2363.8,3770.7225,0
1746449100000000,1.596,1.596,1.58,1.586,44905.2,1746449999999999,71217.2844,333,20712.4,32842.3117,0
1746450000000000,1.584,1.59,1.582,1.582,22102.6,1746450899999999,35064.5094,173,14763.8,23422.9034,0
1746450900000000,1.583,1.591,1.581,1.584,20976.3,1746451799999999,33273.8151,168,8705.8,13810.1351,0
1746451800000000,1.583,1.587,1.573,1.582,23922.7,1746452699999999,37777.0445,347,10900.1,17230.8612,0
1746452700000000,1.58,1.595,1.579,1.595,26087.1,1746453599999999,41412.4448,286,19871.5,31565.0438,0
1746453600000000,1.596,1.603,1.588,1.592,27925.3,1746454499999999,44599.0079,346,14186.7,22655.153,0
1746454500000000,1.593,1.603,1.589,1.601,66558.9,1746455399999999,106271.4434,534,47620.5,76036.6265,0
1746455400000000,1.602,1.612,1.598,1.609,24568.4,1746456299999999,39402.9037,228,9494.0,15254.5426,0
1746456300000000,1.609,1.616,1.609,1.611,17836.3,1746457199999999,28765.1726,209,11127.8,17951.9098,0
1746457200000000,1.611,1.614,1.603,1.607,21883.3,1746458099999999,35199.1804,256,7047.0,11333.425,0
1746458100000000,1.606,1.611,1.6,1.605,7232.0,1746458999999999,11611.9379,205,1511.5,2429.3322,0
1746459000000000,1.604,1.606,1.591,1.593,28225.0,1746459899999999,45053.788,294,4056.4,6480.8387,0
1746459900000000,1.593,1.596,1.585,1.595,8403.7,1746460799999999,13370.3099,411,2955.9,4702.413,0
1746460800000000,1.595,1.604,1.595,1.598,19192.1,1746461699999999,30702.0295,238,11529.9,18433.2396,0
1746461700000000,1.599,1.606,1.599,1.603,12524.1,1746462599999999,20076.6692,108,7718.5,12371.6335,0
1746462600000000,1.605,1.611,1.603,1.609,9633.2,1746463499999999,15487.3516,135,6371.0,10244.5906,0
1746463500000000,1.609,1.609,1.601,1.602,22113.9,1746464399999999,35465.3149,196,3479.2,5581.115,0
1746464400000000,1.602,1.603,1.595,1.595,14959.8,1746465299999999,23955.6667,191,6862.0,10990.4857,0
1746465300000000,1.595,1.605,1.594,1.602,4373.2,1746466199999999,7002.7424,58,2674.2,4283.4309,0
1746466200000000,1.603,1.611,1.603,1.608,8496.7,1746467099999999,13650.1128,162,5537.4,8896.5353,0
1746467100000000,1.607,1.61,1.607,1.609,8125.0,1746467999999999,13074.1301,173,3817.1,6142.2758,0
1746468000000000,1.61,1.614,1.607,1.614,16904.9,1746468899999999,27202.4177,172,7363.6,11852.7592,0
1746468900000000,1.614,1.615,1.608,1.609,5946.1,1746469799999999,9572.7286,84,5227.4,8414.6786,0
1746469800000000,1.611,1.62,1.611,1.619,12906.0,1746470699999999,20872.967,157,7589.5,12268.4063,0
1746470700000000,1.62,1.622,1.617,1.618,9246.1,1746471599999999,14971.4056,122,2436.1,3946.9987,0
1746471600000000,1.619,1.627,1.619,1.624,11064.2,1746472499999999,17979.8048,120,7357.2,11956.0635,0
1746472500000000,1.625,1.626,1.618,1.618,4162.1,1746473399999999,6755.6532,60,2278.8,3699.5356,0
1746473400000000,1.621,1.621,1.613,1.613,12921.3,1746474299999999,20888.2704,122,6502.3,10512.0559,0
1746474300000000,1.614,1.615,1.608,1.61,29242.4,1746475199999999,47104.0484,276,20483.8,32985.7646,0
1746475200000000,1.611,1.611,1.603,1.605,11691.9,1746476099999999,18786.5469,107,6505.7,10443.7478,0
1746476100000000,1.606,1.608,1.602,1.605,6174.3,1746476999999999,9906.5895,52,1732.6,2779.2676,0
1746477000000000,1.604,1.605,1.589,1.595,14542.8,1746477899999999,23189.4612,148,5331.8,8497.0073,0
1746477900000000,1.594,1.603,1.592,1.602,9426.1,1746478799999999,15072.516,78,4371.4,6986.5971,0
1746478800000000,1.603,1.613,1.603,1.613,13601.0,1746479699999999,21894.3129,140,5598.6,9011.8742,0
1746479700000000,1.613,1.62,1.612,1.619,12140.6,1746480599999999,19625.5654,131,6927.4,11201.3055,0
1746480600000000,1.619,1.619,1.605,1.611,24348.9,1746481499999999,39196.7137,151,5051.9,8128.1125,0
1746481500000000,1.613,1.619,1.613,1.615,6520.1,1746482399999999,10534.608,77,3320.3,5361.9116,0
1746482400000000,1.616,1.619,1.612,1.617,9399.9,1746483299999999,15181.2275,133,4407.2,7118.9579,0
1746483300000000,1.619,1.621,1.615,1.617,8975.0,1746484199999999,14529.3009,87,7379.5,11949.5773,0
1746484200000000,1.619,1.623,1.615,1.623,3117.1,1746485099999999,5049.4829,69,2066.7,3346.5013,0
1746485100000000,1.622,1.623,1.62,1.621,16498.1,1746485999999999,26740.9093,101,7244.9,11746.4875,0
1746486000000000,1.622,1.623,1.613,1.615,21738.0,1746486899999999,35131.16,168,10628.0,17163.1521,0
1746486900000000,1.614,1.617,1.609,1.61,3302.9,1746487799999999,5333.032,54,2242.4,3620.5513,0
1746487800000000,1.609,1.614,1.609,1.612,8602.6,1746488699999999,13867.461,80,4024.1,6487.576,0
1746488700000000,1.612,1.616,1.61,1.615,27913.7,1746489599999999,45041.4722,237,17955.6,28986.7435,0
1746489600000000,1.616,1.622,1.616,1.621,36038.5,1746490499999999,58372.83,347,17953.3,29082.8678,0
1746490500000000,1.619,1.629,1.617,1.627,19165.6,1746491399999999,31112.5044,185,11070.4,17977.5067,0
1746491400000000,1.627,1.628,1.615,1.615,11930.4,1746492299999999,19339.9601,148,5168.7,8377.2261,0
1746492300000000,1.616,1.623,1.612,1.622,15077.6,1746493199999999,24365.4538,138,12567.9,20309.2767,0
1746493200000000,1.622,1.629,1.614,1.628,18053.7,1746494099999999,29318.9461,198,8465.2,13745.6866,0
1746494100000000,1.629,1.637,1.628,1.628,16389.9,1746494999999999,26745.7997,230,7141.3,11648.4974,0
1746495000000000,1.628,1.629,1.618,1.622,16636.6,1746495899999999,26990.2054,198,6458.8,10484.2699,0
1746495900000000,1.623,1.623,1.618,1.62,11817.8,1746496799999999,19150.4962,131,9958.2,16134.5741,0
1746496800000000,1.619,1.625,1.618,1.62,21933.2,1746497699999999,35544.9875,251,12553.2,20343.4391,0
1746497700000000,1.62,1.62,1.607,1.609,15951.2,1746498599999999,25714.2704,213,7849.8,12652.7662,0
1746498600000000,1.609,1.617,1.606,1.612,17647.1,1746499499999999,28459.9097,242,11150.9,17975.6197,0
1746499500000000,1.612,1.624,1.612,1.623,16843.2,1746500399999999,27304.6261,207,7314.1,11853.3022,0
1746500400000000,1.622,1.622,1.614,1.614,7880.6,1746501299999999,12750.2738,106,4868.5,7877.3813,0
1746501300000000,1.615,1.623,1.614,1.623,13778.4,1746502199999999,22312.464,180,7107.4,11510.1855,0
1746502200000000,1.623,1.627,1.623,1.626,6294.5,1746503099999999,10228.5379,98,4903.1,7967.694,0
1746503100000000,1.625,1.629,1.622,1.626,10196.8,1746503999999999,16562.9526,136,5818.5,9452.7622,0
1746504000000000,1.626,1.627,1.621,1.625,4892.9,1746504899999999,7946.213,87,2167.5,3519.1038,0
1746504900000000,1.625,1.629,1.623,1.625,15173.1,1746505799999999,24664.2435,243,4572.3,7434.8741,0
1746505800000000,1.624,1.624,1.619,1.619,8575.4,1746506699999999,13906.4962,99,5521.4,8952.6414,0
1746506700000000,1.62,1.621,1.617,1.619,4400.5,1746507599999999,7122.4965,60,4116.0,6662.3068,0
1746507600000000,1.62,1.623,1.617,1.622,23132.8,1746508499999999,37460.5031,257,10172.0,16473.536,0
1746508500000000,1.622,1.622,1.612,1.612,15939.2,1746509399999999,25743.3532,274,8085.9,13051.1864,0
1746509400000000,1.612,1.613,1.608,1.611,6077.3,1746510299999999,9789.4579,102,2910.6,4687.4032,0
1746510300000000,1.61,1.611,1.604,1.606,10270.4,1746511199999999,16507.8747,113,7001.2,11254.6707,0
1746511200000000,1.605,1.611,1.602,1.61,5008.9,1746512099999999,8049.7575,91,2599.1,4175.4508,0
1746512100000000,1.61,1.613,1.606,1.606,29144.0,1746512999999999,46882.8051,139,4754.8,7663.0455,0
1746513000000000,1.607,1.611,1.606,1.611,14551.2,1746513899999999,23396.024,125,10019.7,16114.188,0
1746513900000000,1.612,1.616,1.607,1.616,17135.7,1746514799999999,27620.4595,171,5716.1,9211.7699,0
1746514800000000,1.615,1.622,1.615,1.619,7704.6,1746515699999999,12479.8576,115,3208.4,5195.901,0
1746515700000000,1.618,1.618,1.608,1.609,19667.1,1746516599999999,31712.6718,275,9203.0,14833.4052,0
1746516600000000,1.609,1.614,1.607,1.61,9149.1,1746517499999999,14729.0234,99,4262.8,6866.1747,0
1746517500000000,1.61,1.611,1.603,1.605,18678.3,1746518399999999,29994.7487,178,9885.6,15883.584,0
1746518400000000,1.604,1.609,1.592,1.593,20638.9,1746519299999999,33020.4105,246,7302.8,11678.2622,0
1746519300000000,1.592,1.592,1.582,1.587,19097.9,1746520199999999,30289.6925,218,6595.6,10463.0815,0
1746520200000000,1.588,1.597,1.588,1.597,16464.3,1746521099999999,26238.7102,177,12656.2,20168.038,0
1746521100000000,1.598,1.6,1.596,1.6,4653.8,1746521999999999,7435.4958,63,2944.9,4706.8266,0
1746522000000000,1.599,1.599,1.588,1.588,16555.0,1746522899999999,26364.4535,155,7884.6,12559.9219,0
1746522900000000,1.588,1.589,1.583,1.589,9755.6,1746523799999999,15466.7006,115,4163.7,6605.2422,0
1746523800000000,1.588,1.589,1.576,1.578,16466.2,1746524699999999,26011.6386,176,5067.1,8012.1891,0
1746524700000000,1.579,1.587,1.576,1.586,30203.6,1746525599999999,47760.5429,231,22444.7,35498.1271,0
1746525600000000,1.585,1.587,1.577,1.579,15538.3,1746526499999999,24575.042,157,6643.3,10510.2694,0
1746526500000000,1.579,1.583,1.572,1.572,43689.3,1746527399999999,68861.3559,352,15834.4,24961.6775,0
1746527400000000,1.572,1.579,1.563,1.565,19788.0,1746528299999999,31058.0554,274,12067.1,18933.3152,0
1746528300000000,1.566,1.571,1.563,1.568,22665.3,1746529199999999,35495.3021,235,10523.1,16491.5536,0
1746529200000000,1.569,1.58,1.569,1.577,11794.3,1746530099999999,18596.0061,151,7194.0,11340.8143,0
1746530100000000,1.576,1.578,1.572,1.572,24672.1,1746530999999999,38847.9252,424,7312.5,11518.1254,0
1746531000000000,1.573,1.575,1.563,1.567,21782.4,1746531899999999,34145.2539,255,11203.4,17570.1483,0
1746531900000000,1.567,1.569,1.551,1.564,57843.2,1746532799999999,90076.9689,556,19591.7,30542.2417,0
1746532800000000,1.564,1.572,1.559,1.566,16767.4,1746533699999999,26256.7799,194,12615.6,19762.9768,0
1746533700000000,1.567,1.568,1.557,1.56,7006.4,1746534599999999,10940.6318,164,2872.7,4488.0676,0
1746534600000000,1.561,1.57,1.56,1.569,7703.4,1746535499999999,12064.3148,146,3955.7,6191.3402,0
1746535500000000,1.568,1.574,1.567,1.573,3744.7,1746536399999999,5885.9519,91,2483.6,3904.2066,0
1746536400000000,1.574,1.575,1.56,1.561,9869.3,1746537299999999,15487.3799,197,4923.1,7727.0831,0
1746537300000000,1.561,1.564,1.553,1.553,9082.6,1746538199999999,14157.9623,153,2083.8,3251.9694,0
1746538200000000,1.552,1.566,1.551,1.564,32590.8,1746539099999999,50807.8743,409,14923.7,23284.4402,0
1746539100000000,1.564,1.565,1.546,1.553,39731.8,1746539999999999,61757.6409,556,13107.4,20389.9804,0
1746540000000000,1.555,1.576,1.555,1.573,40495.5,1746540899999999,63476.2346,298,19635.2,30790.8068,0
1746540900000000,1.573,1.59,1.573,1.577,58103.3,1746541799999999,92110.0401,605,40063.5,63510.4656,0
1746541800000000,1.578,1.586,1.576,1.577,26220.5,1746542699999999,41404.4496,267,6976.1,11022.9303,0
1746542700000000,1.576,1.576,1.566,1.569,10604.4,1746543599999999,16659.549,140,4981.2,7826.4677,0
1746543600000000,1.568,1.569,1.555,1.563,22356.2,1746544499999999,34998.6398,241,9097.4,14249.9315,0
1746544500000000,1.564,1.574,1.558,1.574,16569.2,1746545399999999,25994.3379,280,3703.5,5810.5833,0
1746545400000000,1.573,1.575,1.562,1.563,21015.0,1746546299999999,32993.8546,648,6844.2,10740.4231,0
1746546300000000,1.562,1.563,1.554,1.555,7505.2,1746547199999999,11695.1265,194,3411.4,5318.1751,0
1746547200000000,1.556,1.559,1.543,1.559,24311.7,1746548099999999,37672.4071,232,14040.8,21760.6129,0
1746548100000000,1.56,1.56,1.546,1.552,14386.9,1746548999999999,22319.6675,166,5468.7,8485.4529,0
1746549000000000,1.551,1.556,1.544,1.545,12767.7,1746549899999999,19799.9055,115,2169.8,3371.4402,0
1746549900000000,1.544,1.548,1.535,1.537,41292.6,1746550799999999,63601.0635,312,22624.0,34849.8947,0
1746550800000000,1.537,1.553,1.537,1.553,87986.5,1746551699999999,135690.111,639,49034.4,75635.4018,0
1746551700000000,1.555,1.564,1.555,1.561,5716.3,1746552599999999,8914.5421,89,838.8,1308.3085,0
1746552600000000,1.561,1.564,1.55,1.55,6645.2,1746553499999999,10367.4611,67,4120.0,6430.6977,0
1746553500000000,1.549,1.554,1.548,1.551,6478.3,1746554399999999,10049.5182,78,3318.4,5148.139,0
1746554400000000,1.552,1.556,1.548,1.555,17821.1,1746555299999999,27664.841,169,2617.7,4061.077,0
1746555300000000,1.556,1.571,1.556,1.571,11806.9,1746556199999999,18468.2891,126,4112.1,6423.7782,0
1746556200000000,1.57,1.57,1.564,1.564,8790.2,1746557099999999,13781.6102,100,4657.0,7300.6793,0
1746557100000000,1.564,1.578,1.562,1.577,15331.4,1746557999999999,24125.7379,136,10399.0,16367.7217,0
1746558000000000,1.579,1.58,1.569,1.572,24087.2,1746558899999999,37893.313,202,13528.8,21280.4723,0
1746558900000000,1.573,1.574,1.57,1.574,4701.7,1746559799999999,7393.3154,56,1901.0,2989.0322,0
1746559800000000,1.574,1.576,1.569,1.575,4765.7,1746560699999999,7494.2153,56,1998.3,3143.0793,0
1746560700000000,1.574,1.575,1.561,1.562,23731.6,1746561599999999,37233.29,200,7395.0,11625.0282,0
1746561600000000,1.563,1.566,1.559,1.56,9287.1,1746562499999999,14500.4964,93,4691.6,7325.9044,0
1746562500000000,1.561,1.562,1.547,1.547,22828.4,1746563399999999,35486.0652,189,6758.9,10503.739,0
1746563400000000,1.547,1.547,1.534,1.538,19963.2,1746564299999999,30751.6405,197,7443.6,11466.3587,0
1746564300000000,1.541,1.546,1.541,1.542,20989.3,1746565199999999,32383.0302,149,10951.6,16892.1596,0
1746565200000000,1.545,1.55,1.538,1.538,9989.8,1746566099999999,15445.8532,82,5155.2,7980.6358,0
1746566100000000,1.541,1.543,1.528,1.528,18303.1,1746566999999999,28069.2303,143,4517.9,6931.9474,0
1746567000000000,1.529,1.53,1.512,1.53,58313.9,1746567899999999,88873.8276,523,16406.9,25001.5675,0
1746567900000000,1.531,1.542,1.531,1.54,21874.4,1746568799999999,33611.5072,155,15037.9,23093.5884,0
1746568800000000,1.539,1.567,1.539,1.559,41036.2,1746569699999999,63993.6584,423,15448.9,24085.3123,0
1746569700000000,1.559,1.579,1.559,1.578,67690.8,1746570599999999,106426.1011,515,43211.2,67890.2085,0
1746570600000000,1.579,1.584,1.568,1.58,14861.2,1746571499999999,23425.071,212,3937.0,6203.2202,0
1746571500000000,1.58,1.584,1.577,1.582,23126.6,1746572399999999,36545.7813,222,11705.1,18501.6011,0
1746572400000000,1.582,1.583,1.569,1.577,27848.3,1746573299999999,43872.2178,244,10948.5,17261.0751,0
1746573300000000,1.578,1.584,1.578,1.579,7397.2,1746574199999999,11700.1497,107,4392.6,6943.2859,0
1746574200000000,1.58,1.58,1.572,1.577,9710.0,1746575099999999,15308.6515,96,3225.7,5082.669,0
1746575100000000,1.577,1.58,1.573,1.574,11945.2,1746575999999999,18841.6529,103,7741.0,12214.8728,0
1746576000000000,1.575,1.58,1.573,1.58,6447.0,1746576899999999,10165.5009,119,3184.7,5022.5745,0
1746576900000000,1.581,1.6,1.581,1.594,21018.8,1746577799999999,33508.9901,294,14962.4,23852.158,0
1746577800000000,1.595,1.596,1.59,1.591,7677.3,1746578699999999,12232.5092,108,4217.0,6721.0243,0
1746578700000000,1.594,1.597,1.592,1.597,9478.5,1746579599999999,15120.8514,122,5115.9,8163.0737,0
1746579600000000,1.596,1.6,1.591,1.593,19668.5,1746580499999999,31377.4864,184,8345.3,13322.0269,0
1746580500000000,1.594,1.599,1.59,1.597,15774.6,1746581399999999,25142.2619,165,7148.9,11403.5675,0
1746581400000000,1.597,1.597,1.59,1.591,6772.3,1746582299999999,10786.1059,57,783.8,1248.0231,0
1746582300000000,1.591,1.597,1.589,1.597,21259.4,1746583199999999,33863.6022,211,15014.7,23915.7261,0
1746583200000000,1.597,1.597,1.577,1.582,49852.1,1746584099999999,78926.3607,236,32293.2,51126.2759,0
1746584100000000,1.582,1.589,1.578,1.586,25492.6,1746584999999999,40397.6788,197,20116.7,31871.7077,0
1746585000000000,1.586,1.586,1.575,1.575,72433.0,1746585899999999,114646.6779,344,6062.0,9590.2537,0
1746585900000000,1.576,1.579,1.568,1.569,14505.1,1746586799999999,22773.4285,160,8180.9,12846.6569,0
1746586800000000,1.568,1.569,1.557,1.558,18834.8,1746587699999999,29461.9745,174,7124.3,11146.7992,0
1746587700000000,1.558,1.56,1.55,1.56,11536.3,1746588599999999,17926.492,142,8388.8,13033.1823,0
1746588600000000,1.56,1.58,1.559,1.576,58294.6,1746589499999999,91466.0682,491,43658.7,68500.9731,0
1746589500000000,1.575,1.578,1.573,1.576,9826.6,1746590399999999,15476.7922,169,5445.2,8575.3594,0
1746590400000000,1.576,1.579,1.57,1.579,8664.7,1746591299999999,13633.5725,175,6308.8,9928.9594,0
1746591300000000,1.579,1.579,1.575,1.575,2484.9,1746592199999999,3918.9312,50,1625.3,2563.802,0
1746592200000000,1.574,1.574,1.569,1.572,6304.7,1746593099999999,9901.6642,171,4646.6,7295.4553,0
1746593100000000,1.572,1.577,1.568,1.574,9680.9,1746593999999999,15222.1502,295,6898.7,10852.536,0
1746594000000000,1.571,1.572,1.566,1.57,3464.1,1746594899999999,5435.7893,78,1188.6,1864.3095,0
1746594900000000,1.568,1.574,1.567,1.569,4726.2,1746595799999999,7421.7081,76,1398.0,2195.9145,0
1746595800000000,1.569,1.573,1.561,1.561,9641.7,1746596699999999,15105.8155,120,2775.8,4355.8119,0
1746596700000000,1.561,1.562,1.558,1.56,4530.6,1746597599999999,7068.8349,69,1991.8,3107.5773,0
1746597600000000,1.559,1.569,1.559,1.567,5612.8,1746598499999999,8774.9948,59,3696.4,5778.1086,0
1746598500000000,1.568,1.568,1.557,1.558,13173.3,1746599399999999,20590.7676,162,9442.1,14760.4608,0
1746599400000000,1.558,1.559,1.552,1.554,5241.0,1746600299999999,8152.4262,111,2168.5,3373.8712,0
1746600300000000,1.553,1.561,1.552,1.561,5065.5,1746601199999999,7887.1127,73,3139.0,4893.6793,0
1746601200000000,1.561,1.572,1.561,1.572,5772.0,1746602099999999,9029.4413,98,3904.4,6108.6074,0
1746602100000000,1.573,1.58,1.572,1.578,4731.1,1746602999999999,7457.4015,61,3523.7,5553.5699,0
1746603000000000,1.579,1.582,1.578,1.582,3027.5,1746603899999999,4783.9715,45,715.5,1130.5402,0
1746603900000000,1.583,1.589,1.583,1.588,15579.6,1746604799999999,24704.7468,149,12414.5,19684.006,0
1746604800000000,1.589,1.607,1.575,1.58,424748.5,1746605699999999,675352.0608,2553,192065.5,305562.5173,0
1746605700000000,1.58,1.595,1.58,1.594,13980.9,1746606599999999,22158.7664,154,10036.4,15899.476,0
1746606600000000,1.594,1.606,1.592,1.603,21311.4,1746607499999999,34049.042,227,12768.4,20399.6803,0
1746607500000000,1.603,1.607,1.598,1.599,5660.1,1746608399999999,9071.1601,133,2162.8,3468.7195,0
1746608400000000,1.599,1.606,1.596,1.597,14093.6,1746609299999999,22587.6989,156,8142.3,13057.8709,0
1746609300000000,1.599,1.599,1.593,1.594,4297.9,1746610199999999,6853.7854,65,2064.7,3292.5377,0
1746610200000000,1.593,1.598,1.591,1.595,4186.3,1746611099999999,6673.8618,65,3078.8,4906.9006,0
1746611100000000,1.597,1.598,1.595,1.595,4287.8,1746611999999999,6847.0223,58,3082.2,4922.1879,0
1746612000000000,1.594,1.596,1.588,1.589,17581.4,1746612899999999,27949.5924,157,3443.7,5476.73,0
1746612900000000,1.588,1.588,1.575,1.578,50051.9,1746613799999999,79150.8623,389,11869.6,18743.1245,0
1746613800000000,1.577,1.586,1.575,1.586,12663.4,1746614699999999,20023.6512,113,7273.9,11506.0088,0
1746614700000000,1.584,1.585,1.58,1.58,7625.7,1746615599999999,12075.006,83,4154.5,6578.4503,0
1746615600000000,1.58,1.58,1.574,1.578,3878.2,1746616499999999,6111.8956,50,2791.0,4398.5231,0
1746616500000000,1.577,1.583,1.577,1.581,6166.6,1746617399999999,9747.1396,87,3941.7,6232.8428,0
1746617400000000,1.583,1.597,1.583,1.595,13240.3,1746618299999999,21047.0416,163,9478.6,15069.8867,0
1746618300000000,1.597,1.598,1.595,1.597,1468.0,1746619199999999,2343.2986,28,740.8,1182.5683,0
1746619200000000,1.599,1.6,1.593,1.594,7616.4,1746620099999999,12157.9093,114,2683.2,4284.517,0
1746620100000000,1.595,1.603,1.595,1.596,8892.3,1746620999999999,14207.7463,126,2052.9,3282.3765,0
1746621000000000,1.596,1.601,1.592,1.592,8525.6,1746621899999999,13617.9964,106,2830.8,4524.1096,0
1746621900000000,1.593,1.597,1.591,1.595,8082.5,1746622799999999,12886.3215,73,5936.8,9469.1281,0
1746622800000000,1.595,1.597,1.591,1.593,34312.3,1746623699999999,54700.0702,228,16788.1,26765.9669,0
1746623700000000,1.591,1.594,1.583,1.587,6199.8,1746624599999999,9843.6072,97,2750.9,4370.3837,0
1746624600000000,1.588,1.61,1.588,1.608,29943.8,1746625499999999,47919.4328,333,16242.5,25994.5078,0
1746625500000000,1.607,1.607,1.596,1.6,11122.1,1746626399999999,17806.6319,197,4403.2,7050.2083,0
1746626400000000,1.599,1.608,1.598,1.604,6166.0,1746627299999999,9894.141,161,3135.0,5032.0539,0
1746627300000000,1.605,1.608,1.601,1.605,5986.8,1746628199999999,9604.3033,100,1087.5,1744.4203,0
1746628200000000,1.605,1.608,1.603,1.604,3022.1,1746629099999999,4852.5491,58,991.8,1592.2307,0
1746629100000000,1.602,1.602,1.585,1.593,12100.2,1746629999999999,19217.0266,176,5794.8,9197.1479,0
1746630000000000,1.593,1.594,1.587,1.588,6451.4,1746630899999999,10253.9678,114,4485.5,7130.4004,0
1746630900000000,1.588,1.594,1.58,1.583,14443.7,1746631799999999,22960.099,126,2763.7,4392.3925,0
1746631800000000,1.583,1.59,1.577,1.589,6163.2,1746632699999999,9750.05,88,2655.3,4203.0024,0
1746632700000000,1.588,1.588,1.579,1.579,2739.2,1746633599999999,4335.6788,49,1008.8,1598.0687,0
1746633600000000,1.578,1.582,1.568,1.573,15580.9,1746634499999999,24536.97,190,4376.1,6887.1685,0
1746634500000000,1.572,1.572,1.561,1.561,27354.2,1746635399999999,42783.6227,207,21399.2,33462.6431,0
1746635400000000,1.561,1.563,1.554,1.563,8670.8,1746636299999999,13514.2256,180,4938.1,7694.6234,0
1746636300000000,1.562,1.576,1.562,1.574,4982.6,1746637199999999,7833.9653,77,3337.1,5246.0943,0
1746637200000000,1.574,1.576,1.568,1.574,2051.1,1746638099999999,3224.5118,44,879.6,1382.8831,0
1746638100000000,1.573,1.578,1.569,1.576,2543.3,1746638999999999,3997.5117,50,1710.8,2688.0915,0
1746639000000000,1.576,1.579,1.572,1.574,4117.0,1746639899999999,6485.195,66,2014.6,3176.1104,0
1746639900000000,1.576,1.583,1.569,1.579,9155.2,1746640799999999,14435.2669,137,4203.7,6627.7441,0
1746640800000000,1.582,1.592,1.567,1.574,112904.0,1746641699999999,178204.5028,1441,53427.9,84436.8956,0
1746641700000000,1.576,1.592,1.574,1.589,9560.2,1746642599999999,15152.9228,242,7654.7,12130.7547,0
1746642600000000,1.588,1.6,1.581,1.582,18114.5,1746643499999999,28870.104,239,9004.9,14361.2722,0
1746643500000000,1.583,1.595,1.575,1.593,12430.1,1746644399999999,19662.689,226,7814.4,12356.0103,0
1746644400000000,1.593,1.604,1.585,1.602,58269.6,1746645299999999,93030.0096,565,35315.4,56433.5439,0
1746645300000000,1.601,1.604,1.588,1.589,13301.5,1746646199999999,21242.1836,198,8109.1,12947.7491,0
1746646200000000,1.588,1.603,1.583,1.603,11737.7,1746647099999999,18684.0832,214,7751.1,12348.0597,0
1746647100000000,1.602,1.602,1.59,1.59,6334.3,1746647999999999,10102.1533,104,2393.4,3815.0769,0
1746648000000000,1.591,1.602,1.59,1.602,3293.1,1746648899999999,5253.495,56,1415.8,2259.2153,0
1746648900000000,1.6,1.603,1.598,1.601,8077.3,1746649799999999,12931.2675,111,3423.4,5481.1074,0
1746649800000000,1.6,1.602,1.592,1.594,3098.7,1746650699999999,4949.7939,62,1450.9,2317.9483,0
1746650700000000,1.594,1.602,1.591,1.602,6011.3,1746651599999999,9608.246,104,2528.7,4041.9291,0
1746651600000000,1.603,1.604,1.598,1.602,3411.5,1746652499999999,5461.8141,65,2326.8,3724.4363,0
1746652500000000,1.603,1.619,1.602,1.619,4333.8,1746653399999999,6983.6718,90,2060.8,3324.2822,0
1746653400000000,1.62,1.624,1.614,1.616,15042.5,1746654299999999,24363.6714,241,6140.5,9949.1384,0
1746654300000000,1.618,1.621,1.618,1.619,1105.4,1746655199999999,1789.2065,34,604.4,978.2355,0
1746655200000000,1.62,1.638,1.619,1.631,13720.6,1746656099999999,22390.3624,236,5641.7,9215.8876,0
1746656100000000,1.631,1.632,1.623,1.631,14038.3,1746656999999999,22845.1929,192,6978.3,11357.1084,0
1746657000000000,1.631,1.646,1.631,1.645,19621.2,1746657899999999,32180.4873,298,9803.5,16072.3209,0
1746657900000000,1.643,1.645,1.639,1.644,2144.8,1746658799999999,3522.5401,49,1318.4,2166.0247,0
1746658800000000,1.645,1.653,1.642,1.651,9338.5,1746659699999999,15399.4395,145,3727.8,6148.4881,0
1746659700000000,1.65,1.653,1.649,1.65,20269.4,1746660599999999,33457.2628,152,4614.4,7616.8477,0
1746660600000000,1.649,1.65,1.638,1.638,10149.7,1746661499999999,16688.7753,136,4715.5,7748.1817,0
1746661500000000,1.638,1.649,1.636,1.648,40990.6,1746662399999999,67384.652,243,30783.0,50601.7299,0
1746662400000000,1.648,1.663,1.648,1.66,44144.5,1746663299999999,73122.0835,666,28349.9,46964.6586,0
1746663300000000,1.66,1.664,1.659,1.663,19442.4,1746664199999999,32267.5045,281,11114.1,18444.8794,0
1746664200000000,1.663,1.672,1.658,1.672,37248.6,1746665099999999,62027.3742,558,20796.4,34639.0772,0
1746665100000000,1.673,1.692,1.669,1.692,58500.1,1746665999999999,97984.4066,571,18972.8,31805.1968,0
1746666000000000,1.691,1.714,1.691,1.706,70180.9,1746666899999999,119782.8987,859,35893.1,61234.9436,0
1746666900000000,1.705,1.714,1.697,1.702,42528.0,1746667799999999,72607.4116,601,20784.6,35480.567,0
1746667800000000,1.702,1.708,1.694,1.695,36035.8,1746668699999999,61267.3314,517,17116.2,29100.3938,0
1746668700000000,1.697,1.7,1.687,1.695,20897.0,1746669599999999,35319.2896,282,10778.5,18218.6727,0
1746669600000000,1.696,1.709,1.696,1.7,33466.0,1746670499999999,57038.5229,370,14809.9,25236.1006,0
1746670500000000,1.699,1.701,1.693,1.7,18426.1,1746671399999999,31281.7784,356,9724.4,16517.0792,0
1746671400000000,1.7,1.703,1.688,1.689,32506.5,1746672299999999,55085.3273,427,16091.3,27287.0991,0
1746672300000000,1.69,1.692,1.683,1.684,26667.0,1746673199999999,45027.3594,299,16261.6,27472.506,0
1746673200000000,1.685,1.69,1.671,1.687,183764.7,1746674099999999,308497.3104,1119,84652.4,142082.6015,0
1746674100000000,1.687,1.694,1.687,1.694,19465.9,1746674999999999,32920.8165,304,13969.3,23629.7097,0
1746675000000000,1.695,1.704,1.687,1.704,11177.0,1746675899999999,18939.0697,184,6709.9,11375.2875,0
1746675900000000,1.704,1.707,1.694,1.706,28693.9,1746676799999999,48709.0472,216,15231.0,25860.3624,0
1746676800000000,1.706,1.709,1.702,1.705,17503.0,1746677699999999,29826.7841,164,4396.2,7494.2796,0
1746677700000000,1.705,1.708,1.683,1.691,125597.0,1746678599999999,212489.2001,748,31048.7,52550.5699,0
1746678600000000,1.692,1.706,1.691,1.699,22169.8,1746679499999999,37690.7432,338,11669.9,19831.3887,0
1746679500000000,1.701,1.701,1.693,1.698,14982.1,1746680399999999,25410.1293,312,3734.7,6335.5548,0
1746680400000000,1.697,1.705,1.695,1.695,11651.6,1746681299999999,19804.728,216,6582.2,11181.3629,0
1746681300000000,1.695,1.697,1.693,1.697,10014.5,1746682199999999,16968.7137,263,2206.8,3739.4148,0
1746682200000000,1.698,1.701,1.694,1.699,5800.5,1746683099999999,9848.294,103,1747.1,2967.0022,0
1746683100000000,1.699,1.7,1.693,1.699,3303.3,1746683999999999,5603.8749,89,2158.7,3662.3128,0
1746684000000000,1.698,1.705,1.697,1.704,9921.2,1746684899999999,16891.816,169,3847.4,6553.1317,0
1746684900000000,1.703,1.704,1.699,1.704,5998.6,1746685799999999,10202.9301,129,3561.5,6057.8777,0
1746685800000000,1.704,1.71,1.702,1.708,4988.1,1746686699999999,8512.7432,87,3272.7,5585.6869,0
1746686700000000,1.709,1.71,1.705,1.71,8585.7,1746687599999999,14668.158,96,7091.6,12116.1938,0
1746687600000000,1.71,1.713,1.709,1.709,10338.8,1746688499999999,17686.3725,103,8755.2,14977.1326,0
1746688500000000,1.71,1.713,1.697,1.703,35403.2,1746689399999999,60384.6247,463,8889.8,15144.5603,0
1746689400000000,1.702,1.713,1.697,1.705,70817.6,1746690299999999,120776.3886,905,34916.2,59558.5222,0
1746690300000000,1.704,1.704,1.699,1.702,15478.1,1746691199999999,26335.1447,227,7424.5,12632.5473,0
1746691200000000,1.704,1.713,1.703,1.713,11139.9,1746692099999999,19047.1694,189,5059.4,8652.6091,0
1746692100000000,1.712,1.714,1.707,1.71,8836.1,1746692999999999,15121.5939,95,5618.0,9617.6925,0
1746693000000000,1.709,1.717,1.706,1.714,12330.6,1746693899999999,21102.5684,153,6934.3,11870.0446,0
1746693900000000,1.715,1.724,1.713,1.719,83246.1,1746694799999999,142861.9401,504,68814.4,118062.7724,0
1746694800000000,1.719,1.723,1.714,1.723,20545.6,1746695699999999,35307.7081,266,15041.9,25855.1121,0
1746695700000000,1.723,1.729,1.723,1.728,5320.4,1746696599999999,9182.9884,136,3328.2,5745.0803,0
1746696600000000,1.729,1.73,1.726,1.73,15305.0,1746697499999999,26438.3009,365,2839.4,4909.9321,0
1746697500000000,1.731,1.75,1.731,1.746,29747.8,1746698399999999,51822.321,398,20584.8,35856.7735,0
1746698400000000,1.745,1.747,1.736,1.739,49241.8,1746699299999999,85614.7015,501,26201.2,45556.4716,0
1746699300000000,1.74,1.747,1.738,1.746,11097.4,1746700199999999,19347.9209,190,3211.0,5601.0477,0
1746700200000000,1.745,1.745,1.731,1.735,25583.2,1746701099999999,44433.7896,414,7741.2,13428.8337,0
1746701100000000,1.736,1.74,1.734,1.736,16775.9,1746701999999999,29137.4111,206,7732.2,13428.5534,0
1746702000000000,1.736,1.736,1.719,1.719,50865.4,1746702899999999,87719.9363,675,21460.2,36988.4946,0
1746702900000000,1.719,1.724,1.717,1.722,13583.0,1746703799999999,23372.8985,214,7475.9,12862.9684,0
1746703800000000,1.723,1.724,1.718,1.721,13199.4,1746704699999999,22727.2898,308,4507.0,7764.3436,0
1746704700000000,1.721,1.724,1.719,1.721,10270.7,1746705599999999,17675.6661,181,2787.7,4798.9524,0
1746705600000000,1.722,1.729,1.721,1.726,8472.6,1746706499999999,14615.8589,137,4471.0,7717.7043,0
1746706500000000,1.725,1.732,1.724,1.727,11333.4,1746707399999999,19579.0321,195,5144.6,8882.3339,0
1746707400000000,1.728,1.731,1.723,1.724,10562.6,1746708299999999,18218.9446,287,3248.9,5604.0983,0
1746708300000000,1.725,1.729,1.718,1.72,6252.3,1746709199999999,10770.3761,185,2327.3,4014.2387,0
1746709200000000,1.72,1.724,1.714,1.716,12822.8,1746710099999999,22024.0743,317,5465.1,9389.2353,0
1746710100000000,1.715,1.72,1.713,1.713,15212.5,1746710999999999,26101.2171,186,1978.9,3396.4,0
1746711000000000,1.713,1.722,1.708,1.714,19513.3,1746711899999999,33440.7661,337,8377.9,14362.0237,0
1746711900000000,1.714,1.714,1.704,1.708,25083.8,1746712799999999,42860.9053,458,8363.8,14275.0781,0
1746712800000000,1.707,1.714,1.698,1.7,20870.6,1746713699999999,35583.6444,352,11807.0,20147.2037,0
1746713700000000,1.702,1.709,1.702,1.708,7503.2,1746714599999999,12801.7735,153,4720.4,8054.8559,0
1746714600000000,1.709,1.721,1.708,1.716,36020.6,1746715499999999,61801.1775,459,24624.3,42260.3827,0
1746715500000000,1.716,1.731,1.714,1.714,66858.7,1746716399999999,115023.301,730,35169.3,60565.0351,0
1746716400000000,1.715,1.724,1.711,1.717,33989.1,1746717299999999,58299.018,572,14602.5,25060.9884,0
1746717300000000,1.716,1.752,1.713,1.745,96394.4,1746718199999999,167489.5238,2071,76470.8,132907.2237,0
1746718200000000,1.745,1.764,1.738,1.755,156861.1,1746719099999999,275164.87,2648,65176.4,114224.9417,0
1746719100000000,1.756,1.759,1.739,1.75,54656.7,1746719999999999,95537.4459,886,27162.0,47476.9967,0
1746720000000000,1.75,1.756,1.747,1.752,51344.0,1746720899999999,89994.6364,911,25905.3,45417.3938,0
1746720900000000,1.753,1.76,1.747,1.748,28015.3,1746721799999999,49121.1904,707,14451.1,25343.3318,0
1746721800000000,1.746,1.769,1.745,1.765,34472.7,1746722699999999,60681.6179,653,16034.1,28247.7152,0
1746722700000000,1.765,1.77,1.76,1.762,36009.8,1746723599999999,63524.264,935,18203.2,32111.1534,0
1746723600000000,1.762,1.769,1.759,1.764,21590.3,1746724499999999,38040.7187,407,8305.8,14635.114,0
1746724500000000,1.765,1.794,1.763,1.774,87474.6,1746725399999999,155920.3699,1042,50375.9,89809.6487,0
1746725400000000,1.774,1.781,1.773,1.773,31155.6,1746726299999999,55366.9115,790,11676.7,20753.5233,0
1746726300000000,1.774,1.779,1.769,1.775,11074.8,1746727199999999,19642.4065,278,4879.0,8650.8038,0
1746727200000000,1.776,1.786,1.774,1.783,9080.1,1746728099999999,16156.333,159,4065.7,7238.1411,0
1746728100000000,1.782,1.79,1.782,1.786,10228.4,1746728999999999,18276.1753,207,6491.8,11601.6675,0
1746729000000000,1.787,1.79,1.781,1.788,12423.5,1746729899999999,22181.6099,252,8616.5,15383.2882,0
1746729900000000,1.787,1.788,1.781,1.782,14646.1,1746730799999999,26125.5317,348,6830.5,12179.6622,0
1746730800000000,1.781,1.785,1.776,1.783,7807.0,1746731699999999,13893.9879,256,2060.3,3669.2678,0
1746731700000000,1.782,1.789,1.78,1.783,15792.7,1746732599999999,28175.328,348,6509.8,11620.1885,0
1746732600000000,1.784,1.787,1.779,1.786,4311.8,1746733499999999,7692.821,105,2287.5,4082.0989,0
1746733500000000,1.786,1.792,1.784,1.791,16077.8,1746734399999999,28745.0004,343,7257.6,12972.0786,0
1746734400000000,1.792,1.795,1.787,1.787,15553.6,1746735299999999,27863.1772,343,3981.5,7135.5151,0
1746735300000000,1.786,1.789,1.783,1.788,11922.3,1746736199999999,21302.219,295,5367.7,9589.2956,0
1746736200000000,1.787,1.808,1.787,1.803,24335.0,1746737099999999,43725.4,553,12881.4,23130.4238,0
1746737100000000,1.803,1.82,1.799,1.816,55692.1,1746737999999999,100943.6437,915,40198.0,72899.3472,0
1746738000000000,1.816,1.831,1.809,1.829,114507.3,1746738899999999,208273.4892,1374,80142.3,145806.0975,0
1746738900000000,1.83,1.871,1.83,1.86,271941.7,1746739799999999,503812.1505,4281,195285.2,361715.2709,0
1746739800000000,1.862,1.869,1.843,1.849,109414.0,1746740699999999,203440.2188,2010,65914.9,122688.524,0
1746740700000000,1.851,1.871,1.847,1.867,130212.9,1746741599999999,242271.8246,1823,84375.0,157024.0494,0
1746741600000000,1.868,1.876,1.86,1.874,118813.5,1746742499999999,221905.0164,2202,85847.8,160387.3937,0
1746742500000000,1.874,1.893,1.874,1.89,116188.9,1746743399999999,218908.861,2151,84501.4,159252.2235,0
1746743400000000,1.891,1.924,1.884,1.922,145577.2,1746744299999999,277225.2653,2559,96798.3,184399.506,0
1746744300000000,1.923,1.941,1.916,1.921,141742.7,1746745199999999,273221.876,2129,95824.2,184664.6228,0
1746745200000000,1.922,1.933,1.918,1.928,92551.9,1746746099999999,178219.6783,635,39813.1,76692.1436,0
1746746100000000,1.928,1.934,1.916,1.926,48796.2,1746746999999999,93886.7973,549,13036.2,25051.7209,0
1746747000000000,1.927,1.93,1.915,1.927,46938.8,1746747899999999,90327.4152,953,13064.8,25128.883,0
1746747900000000,1.927,1.933,1.918,1.932,26264.0,1746748799999999,50654.8395,538,9526.5,18364.8363,0
1746748800000000,1.932,1.932,1.907,1.914,44047.3,1746749699999999,84540.8631,713,21336.4,40961.0416,0
1746749700000000,1.914,1.923,1.908,1.919,13629.5,1746750599999999,26096.6434,506,2717.4,5204.2526,0
1746750600000000,1.919,1.919,1.904,1.912,26634.5,1746751499999999,50988.1268,770,6831.1,13080.6966,0
1746751500000000,1.913,1.916,1.908,1.909,15852.3,1746752399999999,30295.1447,525,5974.8,11421.4718,0
1746752400000000,1.909,1.912,1.899,1.911,32519.7,1746753299999999,61959.2868,632,17299.1,32947.8689,0
1746753300000000,1.911,1.923,1.911,1.918,24421.5,1746754199999999,46788.3466,566,13828.8,26491.7281,0
1746754200000000,1.919,1.923,1.914,1.921,13075.4,1746755099999999,25080.5217,490,3612.4,6929.1562,0
1746755100000000,1.921,1.935,1.918,1.933,10623.6,1746755999999999,20492.296,301,5574.6,10752.2867,0
1746756000000000,1.934,1.936,1.912,1.921,79711.8,1746756899999999,153238.0541,1477,23643.7,45476.2609,0
1746756900000000,1.921,1.93,1.909,1.917,14966.3,1746757799999999,28702.7801,469,4962.4,9508.5728,0
1746757800000000,1.918,1.928,1.918,1.928,17435.6,1746758699999999,33551.935,466,10417.9,20054.2551,0
1746758700000000,1.927,1.932,1.925,1.931,25318.8,1746759599999999,48801.8118,394,10287.8,19838.4541,0
1746759600000000,1.931,1.941,1.919,1.937,29705.9,1746760499999999,57260.9973,657,8965.0,17324.2664,0
1746760500000000,1.938,1.945,1.933,1.94,18087.0,1746761399999999,35093.0795,484,11008.4,21355.1488,0
1746761400000000,1.938,1.938,1.912,1.914,21159.3,1746762299999999,40668.8576,380,5088.6,9775.1789,0
1746762300000000,1.913,1.921,1.904,1.909,20188.0,1746763199999999,38580.0033,552,8179.2,15623.1874,0
1746763200000000,1.908,1.919,1.906,1.915,36863.2,1746764099999999,70482.5295,874,4118.9,7879.4763,0
1746764100000000,1.914,1.915,1.906,1.91,13411.6,1746764999999999,25633.9986,425,2265.0,4333.4183,0
1746765000000000,1.909,1.914,1.903,1.914,22285.7,1746765899999999,42525.1219,527,5731.2,10933.7932,0
1746765900000000,1.915,1.925,1.914,1.92,15637.6,1746766799999999,30040.9201,509,6076.6,11669.4481,0
1746766800000000,1.921,1.925,1.921,1.924,13630.6,1746767699999999,26222.1173,504,3934.9,7569.1488,0
1746767700000000,1.923,1.935,1.923,1.931,26130.8,1746768599999999,50415.3052,463,13437.3,25916.7969,0
1746768600000000,1.931,1.935,1.928,1.934,6387.9,1746769499999999,12340.58,194,3273.2,6324.6644,0
1746769500000000,1.935,1.942,1.933,1.937,21365.5,1746770399999999,41415.1377,358,15079.2,29239.7767,0
1746770400000000,1.938,1.939,1.922,1.922,31411.3,1746771299999999,60593.4459,555,11705.0,22590.2694,0
1746771300000000,1.924,1.942,1.924,1.934,9246.9,1746772199999999,17893.2554,227,3069.1,5939.8822,0
1746772200000000,1.933,1.939,1.923,1.939,17493.7,1746773099999999,33791.0272,328,4746.4,9166.9329,0
1746773100000000,1.938,1.967,1.936,1.966,59019.4,1746773999999999,115345.4007,1105,36671.5,71663.405,0
1746774000000000,1.966,1.97,1.955,1.962,58241.9,1746774899999999,114298.5151,942,30499.3,59856.11,0
1746774900000000,1.963,1.978,1.962,1.973,35442.3,1746775799999999,69853.1657,826,12481.6,24601.1165,0
1746775800000000,1.974,1.987,1.97,1.984,40725.7,1746776699999999,80576.9216,905,21933.0,43423.5255,0
1746776700000000,1.984,1.994,1.967,1.972,64236.8,1746777599999999,127172.8104,1255,24858.8,49282.2263,0
1746777600000000,1.972,1.988,1.971,1.981,34200.1,1746778499999999,67767.8911,891,15555.5,30804.1952,0
1746778500000000,1.982,2.012,1.981,2.002,46363.8,1746779399999999,92672.6185,1165,21526.2,43019.6616,0
1746779400000000,2.003,2.028,1.953,1.954,197229.8,1746780299999999,391142.6779,4668,83879.2,166426.7045,0
1746780300000000,1.954,1.974,1.953,1.965,47436.1,1746781199999999,93183.7757,1242,25907.7,50923.0484,0
1746781200000000,1.966,1.983,1.934,1.942,64956.7,1746782099999999,126956.6153,1858,29843.1,58429.8855,0
1746782100000000,1.942,1.954,1.924,1.934,33933.6,1746782999999999,65784.5528,1379,11295.8,21925.2886,0
1746783000000000,1.935,1.947,1.934,1.938,17747.4,1746783899999999,34456.0327,747,9257.0,17973.3218,0
1746783900000000,1.939,1.947,1.925,1.946,23446.9,1746784799999999,45425.5008,681,10883.7,21100.7124,0
1746784800000000,1.946,1.97,1.941,1.968,14692.1,1746785699999999,28706.2588,441,9425.7,18413.0694,0
1746785700000000,1.969,1.97,1.953,1.964,20950.7,1746786599999999,41131.9653,552,9641.4,18950.9003,0
1746786600000000,1.963,1.976,1.957,1.975,14334.2,1746787499999999,28135.5267,284,7611.2,14947.813,0
1746787500000000,1.974,2.026,1.972,2.025,52424.5,1746788399999999,104825.2009,1038,26482.5,52929.2427,0
1746788400000000,2.026,2.039,2.014,2.027,143422.5,1746789299999999,290648.3476,1595,82729.4,167651.2031,0
1746789300000000,2.028,2.051,2.001,2.01,163244.3,1746790199999999,331401.8151,3378,76086.2,154497.224,0
1746790200000000,2.011,2.023,1.998,2.021,57150.3,1746791099999999,114874.2348,1021,23382.2,47007.9341,0
1746791100000000,2.02,2.024,1.998,2.001,21470.4,1746791999999999,43039.6259,489,6971.9,14004.9793,0
1746792000000000,2.001,2.008,1.973,1.983,66213.9,1746792899999999,131532.3002,917,12565.0,25008.891,0
1746792900000000,1.982,2.0,1.976,1.99,12582.8,1746793799999999,25018.2785,445,4502.8,8961.8295,0
1746793800000000,1.989,1.998,1.986,1.992,10046.8,1746794699999999,20022.1516,302,4559.8,9085.5969,0
1746794700000000,1.991,2.001,1.99,2.0,9580.8,1746795599999999,19119.8104,276,4091.2,8163.1912,0
1746795600000000,2.001,2.009,1.99,2.001,54177.9,1746796499999999,108243.0299,767,20670.1,41316.5657,0
1746796500000000,2.001,2.006,1.984,1.992,21116.6,1746797399999999,42039.272,384,11171.2,22236.9763,0
1746797400000000,1.993,2.01,1.981,2.008,25668.4,1746798299999999,51263.125,625,15502.8,30965.8083,0
1746798300000000,2.007,2.031,2.007,2.019,72280.6,1746799199999999,145924.4545,1050,44979.7,90763.5863,0
1746799200000000,2.018,2.03,2.007,2.03,45331.7,1746800099999999,91419.7747,917,26698.4,53862.3741,0
1746800100000000,2.029,2.029,1.976,1.985,48530.3,1746800999999999,96892.8171,989,18813.2,37505.5565,0
1746801000000000,1.985,2.004,1.969,1.995,43834.3,1746801899999999,86969.4522,1135,20297.5,40289.9413,0
1746801900000000,1.995,1.997,1.973,1.988,17756.1,1746802799999999,35263.7351,384,7730.0,15343.4347,0
1746802800000000,1.989,1.996,1.985,1.994,22230.3,1746803699999999,44261.6909,436,13455.5,26786.8796,0
1746803700000000,1.994,1.995,1.961,1.972,28582.7,1746804599999999,56388.2144,467,11762.5,23231.1634,0
1746804600000000,1.973,1.984,1.964,1.976,41704.6,1746805499999999,82435.3951,533,29302.9,57948.9463,0
1746805500000000,1.976,1.989,1.958,1.958,71671.0,1746806399999999,141229.6527,1115,43580.1,85848.7282,0
1746806400000000,1.959,1.959,1.915,1.926,122303.9,1746807299999999,236879.1579,1704,55527.1,107594.9558,0
1746807300000000,1.926,1.945,1.925,1.929,44774.1,1746808199999999,86672.4168,627,21951.2,42478.9278,0
1746808200000000,1.927,1.947,1.927,1.938,40289.3,1746809099999999,78023.0568,614,19733.7,38214.6025,0
1746809100000000,1.938,1.943,1.92,1.925,32153.4,1746809999999999,62178.774,524,19659.8,38052.5386,0
1746810000000000,1.925,1.934,1.92,1.928,31900.8,1746810899999999,61489.5448,463,8793.6,16967.0004,0
1746810900000000,1.929,1.944,1.929,1.94,26983.9,1746811799999999,52307.1954,465,12323.5,23877.7482,0
1746811800000000,1.94,1.946,1.936,1.94,19031.3,1746812699999999,36912.3796,286,7409.6,14372.9505,0
1746812700000000,1.941,1.954,1.939,1.953,26553.4,1746813599999999,51748.549,383,16464.6,32069.7586,0
1746813600000000,1.952,1.956,1.945,1.949,36834.9,1746814499999999,71904.5072,392,18514.9,36137.9715,0
1746814500000000,1.948,1.954,1.938,1.949,14680.0,1746815399999999,28608.3008,212,9397.5,18321.5938,0
1746815400000000,1.95,1.958,1.945,1.945,8135.3,1746816299999999,15871.3787,151,4394.7,8571.6384,0
1746816300000000,1.945,1.952,1.941,1.946,18436.8,1746817199999999,35872.732,382,7710.2,14997.1605,0
1746817200000000,1.946,1.949,1.935,1.936,17003.1,1746818099999999,33072.2959,240,8883.4,17285.7595,0
1746818100000000,1.936,1.938,1.924,1.935,25384.5,1746818999999999,48990.2226,361,6115.3,11796.0924,0
1746819000000000,1.933,1.935,1.926,1.931,14317.3,1746819899999999,27623.8431,210,5958.6,11498.8392,0
1746819900000000,1.932,1.938,1.928,1.938,9226.1,1746820799999999,17827.1352,168,5961.6,11515.4602,0
1746820800000000,1.937,1.945,1.935,1.939,4167.3,1746821699999999,8087.4477,103,2008.6,3898.9037,0
1746821700000000,1.94,1.947,1.94,1.947,12687.9,1746822599999999,24656.8396,143,7770.0,15101.8452,0
1746822600000000,1.947,1.948,1.939,1.943,9832.1,1746823499999999,19106.4233,149,4555.9,8855.2534,0
1746823500000000,1.942,1.957,1.94,1.957,8753.0,1746824399999999,17063.4957,140,5330.6,10394.5687,0
1746824400000000,1.957,1.968,1.954,1.968,26539.7,1746825299999999,52056.07,356,14728.3,28876.6977,0
1746825300000000,1.967,1.969,1.945,1.954,21442.8,1746826199999999,41860.5466,251,14104.8,27534.4961,0
1746826200000000,1.953,1.966,1.951,1.96,20949.4,1746827099999999,41062.9338,213,7838.4,15368.6628,0
1746827100000000,1.96,1.96,1.949,1.956,4628.4,1746827999999999,9043.693,79,3388.1,6617.3239,0
1746828000000000,1.957,1.959,1.945,1.947,5837.0,1746828899999999,11388.9017,133,3121.2,6095.0399,0
1746828900000000,1.947,1.96,1.942,1.96,4011.1,1746829799999999,7826.8184,130,3059.6,5970.3855,0
1746829800000000,1.961,1.962,1.956,1.956,5493.0,1746830699999999,10756.067,91,3003.8,5883.0892,0
1746830700000000,1.956,1.958,1.947,1.95,8716.5,1746831599999999,17009.3165,186,5249.6,10248.5578,0
1746831600000000,1.949,1.977,1.949,1.965,60380.3,1746832499999999,118459.778,670,40296.3,79072.2927,0
1746832500000000,1.965,1.973,1.961,1.971,10995.4,1746833399999999,21625.1231,179,3629.4,7143.0482,0
1746833400000000,1.971,1.975,1.961,1.961,10674.2,1746834299999999,21007.4506,172,6471.4,12736.1323,0
1746834300000000,1.961,1.974,1.961,1.97,7629.0,1746835199999999,15024.7142,153,4185.7,8243.1238,0
1746835200000000,1.97,2.2,1.97,2.195,798232.3,1746836099999999,1688473.1368,16356,481236.6,1018324.1816,0
1746836100000000,2.194,2.265,2.153,2.201,1456307.3,1746836999999999,3208443.7562,38552,900893.0,1985260.7202,0
1746837000000000,2.199,2.226,2.129,2.17,723402.0,1746837899999999,1571081.1219,7317,346442.1,753020.3479,0
1746837900000000,2.169,2.173,2.112,2.122,287159.0,1746838799999999,612850.9298,2491,157134.9,335113.5334,0
1746838800000000,2.122,2.131,2.098,2.098,166782.8,1746839699999999,353317.9903,1371,98646.0,209082.688,0
1746839700000000,2.098,2.135,2.098,2.13,132536.2,1746840599999999,280840.8299,1264,70877.5,150206.0705,0
1746840600000000,2.128,2.131,2.106,2.111,214723.1,1746841499999999,454344.1302,1478,125504.1,265617.0321,0
1746841500000000,2.11,2.113,2.045,2.05,266442.2,1746842399999999,551863.2736,2244,130758.5,271073.7947,0
1746842400000000,2.049,2.061,2.042,2.049,95355.6,1746843299999999,195594.3464,919,53402.8,109542.0724,0
1746843300000000,2.049,2.05,2.028,2.042,40382.1,1746844199999999,82288.2321,461,19492.9,39714.521,0
1746844200000000,2.042,2.047,2.031,2.035,39281.7,1746845099999999,80068.6994,408,18480.0,37639.0523,0
1746845100000000,2.036,2.048,2.035,2.043,44189.9,1746845999999999,90314.0812,422,20259.7,41414.9497,0
1746846000000000,2.044,2.045,2.023,2.038,63877.4,1746846899999999,129904.5681,690,38351.1,77998.7174,0
1746846900000000,2.039,2.041,2.033,2.041,29550.3,1746847799999999,60196.9926,276,15124.8,30811.1027,0
1746847800000000,2.04,2.043,2.034,2.041,34697.2,1746848699999999,70686.1109,352,19889.1,40509.0336,0
1746848700000000,2.041,2.055,2.041,2.052,29642.0,1746849599999999,60702.678,271,21849.4,44748.3556,0
1746849600000000,2.051,2.051,2.026,2.031,45374.1,1746850499999999,92409.4897,463,16284.3,33173.2092,0
1746850500000000,2.03,2.038,2.024,2.036,37228.1,1746851399999999,75592.1992,390,17414.6,35372.4966,0
1746851400000000,2.036,2.042,2.033,2.038,24061.8,1746852299999999,49035.0467,264,11155.3,22738.1645,0
1746852300000000,2.039,2.044,2.031,2.031,20794.3,1746853199999999,42325.235,287,5862.6,11939.1179,0
1746853200000000,2.032,2.041,2.032,2.039,18753.7,1746854099999999,38207.4956,296,6248.1,12730.3229,0
1746854100000000,2.04,2.054,2.039,2.053,33540.9,1746854999999999,68661.0854,499,15838.7,32436.0689,0
1746855000000000,2.053,2.057,2.044,2.047,19610.4,1746855899999999,40184.4255,619,5963.5,12229.5447,0
1746855900000000,2.047,2.061,2.046,2.061,46105.3,1746856799999999,94708.0966,1972,10353.6,21302.5972,0
1746856800000000,2.06,2.06,2.044,2.052,43661.3,1746857699999999,89592.0964,1111,20553.7,42184.0881,0
1746857700000000,2.054,2.081,2.05,2.073,117085.7,1746858599999999,242649.2863,1886,61700.2,127779.4477,0
1746858600000000,2.072,2.074,2.055,2.057,51599.8,1746859499999999,106554.4485,958,19278.8,39810.8011,0
1746859500000000,2.059,2.06,2.044,2.053,33379.3,1746860399999999,68444.4683,522,15847.3,32490.9719,0
1746860400000000,2.052,2.056,2.04,2.04,37563.6,1746861299999999,76874.5882,579,9654.7,19781.1705,0
1746861300000000,2.042,2.047,2.033,2.046,31174.1,1746862199999999,63576.124,421,14424.9,29428.6976,0
1746862200000000,2.047,2.049,2.034,2.038,30671.1,1746863099999999,62525.3638,428,8009.0,16342.8556,0
1746863100000000,2.037,2.063,2.037,2.057,81293.2,1746863999999999,166863.882,1100,47463.0,97498.4814,0
1746864000000000,2.057,2.094,2.054,2.069,203711.9,1746864899999999,422486.2356,2086,121235.4,251716.4897,0
1746864900000000,2.068,2.082,2.062,2.082,37723.3,1746865799999999,78140.6161,568,19358.3,40127.8475,0
1746865800000000,2.082,2.084,2.06,2.063,112295.8,1746866699999999,232628.8081,1362,47210.5,97913.464,0
1746866700000000,2.062,2.063,2.036,2.05,67446.2,1746867599999999,137908.5323,1142,28705.8,58750.9623,0
1746867600000000,2.049,2.05,2.032,2.036,28644.4,1746868499999999,58338.1041,616,10109.8,20594.0666,0
1746868500000000,2.037,2.05,2.036,2.045,20518.4,1746869399999999,41955.3508,293,12253.8,25053.8942,0
1746869400000000,2.045,2.053,2.042,2.043,14133.3,1746870299999999,28928.9276,364,7011.9,14360.2613,0
1746870300000000,2.044,2.058,2.044,2.053,12683.8,1746871199999999,26000.6716,210,7295.5,14953.7613,0
1746871200000000,2.05,2.062,2.046,2.053,20548.2,1746872099999999,42224.0391,271,13538.3,27825.0348,0
1746872100000000,2.053,2.063,2.052,2.056,16036.9,1746872999999999,32984.3608,232,7720.1,15878.5552,0
1746873000000000,2.055,2.062,2.053,2.055,13664.4,1746873899999999,28095.9972,253,6597.2,13566.7182,0
1746873900000000,2.056,2.057,2.047,2.048,27744.1,1746874799999999,56897.5123,418,14994.5,30756.6514,0
1746874800000000,2.048,2.049,2.045,2.049,50838.2,1746875699999999,104024.8688,843,25266.4,51702.3495,0
1746875700000000,2.05,2.05,2.017,2.023,73408.0,1746876599999999,148766.9551,1389,21497.9,43520.0125,0
1746876600000000,2.022,2.022,1.985,1.989,134768.4,1746877499999999,269610.7384,1642,46789.7,93498.112,0
1746877500000000,1.99,2.003,1.989,1.994,75034.6,1746878399999999,149925.9517,655,39986.5,79929.5647,0
1746878400000000,1.994,2.024,1.994,2.023,57588.3,1746879299999999,115619.5783,498,33484.8,67131.0538,0
1746879300000000,2.024,2.029,2.018,2.026,48313.6,1746880199999999,97809.7497,526,32408.8,65615.1721,0
1746880200000000,2.027,2.034,2.018,2.018,63494.2,1746881099999999,128822.6871,641,22599.6,45859.7292,0
1746881100000000,2.017,2.031,2.014,2.024,52114.9,1746881999999999,105202.4367,439,17166.7,34669.6746,0
1746882000000000,2.025,2.035,2.024,2.035,49919.4,1746882899999999,101317.3974,422,39749.7,80683.5477,0
1746882900000000,2.035,2.037,2.031,2.033,22912.3,1746883799999999,46586.3122,441,9732.5,19789.4729,0
1746883800000000,2.032,2.034,2.028,2.031,9460.0,1746884699999999,19201.4926,138,5596.9,11359.8699,0
1746884700000000,2.032,2.045,2.032,2.045,63749.0,1746885599999999,130082.0363,524,25906.7,52882.164,0
1746885600000000,2.044,2.045,2.031,2.035,60827.1,1746886499999999,123956.4478,447,8523.8,17361.518,0
1746886500000000,2.033,2.033,2.023,2.027,16117.0,1746887399999999,32682.1862,179,7760.8,15737.5207,0
1746887400000000,2.029,2.031,2.024,2.031,17276.5,1746888299999999,35014.2962,266,9726.9,19720.8093,0
1746888300000000,2.033,2.041,2.033,2.041,24500.9,1746889199999999,49919.5568,339,12105.4,24660.5908,0
1746889200000000,2.039,2.039,2.026,2.026,26570.8,1746890099999999,53984.4732,333,13333.2,27102.4688,0
1746890100000000,2.027,2.034,2.018,2.032,20668.7,1746890999999999,41833.4303,255,12598.7,25494.4841,0
1746891000000000,2.033,2.036,2.018,2.028,16104.5,1746891899999999,32628.5803,297,8407.0,17027.0328,0
1746891900000000,2.029,2.031,2.016,2.016,17591.5,1746892799999999,35566.6663,232,6806.3,13775.986,0
1746892800000000,2.016,2.028,2.016,2.028,15625.4,1746893699999999,31627.0722,237,10150.3,20546.0092,0
1746893700000000,2.028,2.042,2.024,2.03,59849.4,1746894599999999,121879.1954,542,42796.3,87147.6966,0
1746894600000000,2.03,2.047,2.029,2.036,15689.6,1746895499999999,32009.5185,225,7829.0,15971.0984,0
1746895500000000,2.038,2.044,2.036,2.043,12938.6,1746896399999999,26420.9119,158,10744.9,21945.0279,0
1746896400000000,2.043,2.055,2.039,2.049,29773.8,1746897299999999,61010.5478,337,13980.2,28655.4494,0
1746897300000000,2.047,2.061,2.047,2.058,24210.5,1746898199999999,49748.8118,312,10913.8,22435.277,0
1746898200000000,2.056,2.065,2.055,2.059,16829.0,1746899099999999,34666.8418,288,9339.4,19243.2138,0
1746899100000000,2.061,2.062,2.039,2.045,74199.1,1746899999999999,152095.8881,1153,24498.4,50201.6949,0
1746900000000000,2.044,2.056,2.04,2.054,23587.9,1746900899999999,48307.0507,356,12691.3,25980.6202,0
1746900900000000,2.055,2.055,2.045,2.047,16236.4,1746901799999999,33269.8306,202,7086.7,14522.8101,0
1746901800000000,2.047,2.05,2.034,2.042,28935.9,1746902699999999,59154.1682,323,12443.7,25434.582,0
1746902700000000,2.041,2.051,2.04,2.045,12097.7,1746903599999999,24743.4895,233,4195.7,8580.5612,0
1746903600000000,2.045,2.047,2.035,2.036,17346.0,1746904499999999,35373.7232,195,7595.0,15493.2303,0
1746904500000000,2.036,2.048,2.035,2.046,7661.6,1746905399999999,15651.1678,100,3148.9,6426.5906,0
1746905400000000,2.045,2.057,2.043,2.054,30580.6,1746906299999999,62761.6027,380,12281.3,25213.3317,0
1746906300000000,2.053,2.057,2.05,2.054,9019.3,1746907199999999,18534.5918,210,3599.4,7394.9084,0
1746907200000000,2.055,2.055,2.04,2.048,18904.5,1746908099999999,38663.1985,277,5637.6,11534.4196,0
1746908100000000,2.047,2.05,2.046,2.048,6223.6,1746908999999999,12746.0711,155,4011.4,8215.8641,0
1746909000000000,2.048,2.065,2.048,2.065,12685.8,1746909899999999,26121.4217,239,5842.0,12023.2345,0
1746909900000000,2.065,2.07,2.06,2.061,8981.1,1746910799999999,18551.2439,247,4440.1,9171.5276,0
1746910800000000,2.061,2.072,2.061,2.065,19243.2,1746911699999999,39740.9513,381,10152.4,20963.3828,0
1746911700000000,2.065,2.073,2.064,2.072,7641.5,1746912599999999,15824.3216,125,3281.0,6792.4431,0
1746912600000000,2.071,2.082,2.071,2.076,29933.1,1746913499999999,62184.8184,320,16787.0,34880.0165,0
1746913500000000,2.077,2.087,2.071,2.084,20194.5,1746914399999999,41992.5042,265,10577.6,21987.0195,0
1746914400000000,2.084,2.086,2.075,2.079,25414.7,1746915299999999,52861.1347,365,9611.8,19999.849,0
1746915300000000,2.079,2.087,2.075,2.084,19622.1,1746916199999999,40839.041,249,9829.0,20462.9016,0
1746916200000000,2.083,2.096,2.083,2.094,25879.5,1746917099999999,54054.4252,296,13198.2,27580.6937,0
1746917100000000,2.094,2.106,2.089,2.105,47647.5,1746917999999999,99954.0642,585,26973.5,56593.1801,0
1746918000000000,2.107,2.132,2.105,2.132,43060.7,1746918899999999,91192.7847,768,25105.2,53196.474,0
1746918900000000,2.132,2.144,2.121,2.13,63038.7,1746919799999999,134447.8429,1276,23334.3,49751.897,0
1746919800000000,2.131,2.133,2.11,2.133,78369.0,1746920699999999,166302.5261,1283,27105.5,57535.7707,0
1746920700000000,2.134,2.134,2.126,2.132,35950.0,1746921599999999,76577.9384,663,14308.9,30480.5467,0
1746921600000000,2.132,2.157,2.113,2.113,191202.5,1746922499999999,408173.7083,3615,50292.9,107386.9006,0
1746922500000000,2.112,2.113,2.045,2.046,225477.3,1746923399999999,468708.8485,3409,105656.7,219265.7235,0
1746923400000000,2.046,2.087,2.046,2.085,54150.0,1746924299999999,112003.5822,1545,26424.2,54600.87,0
1746924300000000,2.085,2.123,2.085,2.113,103551.5,1746925199999999,217894.8834,1190,42387.9,89228.9899,0
1746925200000000,2.113,2.137,2.094,2.129,68787.9,1746926099999999,145519.4992,1661,29039.1,61483.7449,0
1746926100000000,2.129,2.129,2.108,2.116,41439.4,1746926999999999,87828.4658,1248,11616.4,24625.3008,0
1746927000000000,2.116,2.13,2.11,2.124,47459.2,1746927899999999,100819.1504,996,14118.7,30005.9993,0
1746927900000000,2.123,2.124,2.083,2.095,37719.0,1746928799999999,79194.0194,1239,11782.4,24758.7576,0
1746928800000000,2.095,2.107,2.086,2.107,15824.6,1746929699999999,33183.1983,651,6361.0,13355.5085,0
1746929700000000,2.106,2.117,2.106,2.115,20272.5,1746930599999999,42813.8126,365,8176.3,17260.9829,0
1746930600000000,2.113,2.137,2.111,2.13,34997.3,1746931499999999,74565.6065,530,9382.9,19969.9339,0
1746931500000000,2.129,2.135,2.09,2.112,34138.2,1746932399999999,72182.2701,883,13317.0,28096.2494,0
1746932400000000,2.111,2.116,2.095,2.116,9466.3,1746933299999999,19972.5454,236,3269.4,6896.6181,0
1746933300000000,2.117,2.132,2.111,2.132,12340.1,1746934199999999,26213.2718,298,5680.5,12072.183,0
1746934200000000,2.132,2.135,2.115,2.134,18447.9,1746935099999999,39228.6322,529,8533.7,18159.8411,0
1746935100000000,2.134,2.135,2.12,2.125,19878.4,1746935999999999,42287.8939,601,6856.1,14584.3369,0
1746936000000000,2.125,2.146,2.124,2.138,30598.8,1746936899999999,65336.5448,513,15904.6,33957.074,0
1746936900000000,2.136,2.144,2.133,2.133,33967.1,1746937799999999,72694.0836,451,20098.0,43003.0508,0
1746937800000000,2.135,2.136,2.122,2.134,21260.9,1746938699999999,45236.351,438,11187.9,23788.2554,0
1746938700000000,2.134,2.145,2.132,2.144,19746.6,1746939599999999,42257.4042,416,14450.4,30922.7251,0
1746939600000000,2.145,2.148,2.138,2.143,15732.4,1746940499999999,33697.6954,546,6491.1,13892.4598,0
1746940500000000,2.143,2.144,2.128,2.128,19061.6,1746941399999999,40698.2269,435,9323.7,19898.9408,0
1746941400000000,2.129,2.131,2.122,2.127,20027.0,1746942299999999,42581.967,418,7108.2,15113.6422,0
1746942300000000,2.128,2.13,2.104,2.105,17734.8,1746943199999999,37520.8357,560,3589.6,7590.8131,0
1746943200000000,2.106,2.106,2.089,2.098,21920.6,1746944099999999,45945.3189,562,8626.7,18080.8799,0
1746944100000000,2.098,2.114,2.097,2.113,7125.0,1746944999999999,15010.3449,144,5458.3,11500.0278,0
1746945000000000,2.113,2.113,2.08,2.085,42656.1,1746945899999999,89279.438,690,19981.1,41805.6921,0
1746945900000000,2.085,2.092,2.075,2.08,32386.3,1746946799999999,67461.4596,687,11781.0,24542.0644,0
1746946800000000,2.08,2.08,2.051,2.062,81877.9,1746947699999999,168812.6638,1183,22214.0,45759.3008,0
1746947700000000,2.063,2.064,2.05,2.056,20795.6,1746948599999999,42766.9158,420,7645.1,15733.7988,0
1746948600000000,2.057,2.058,2.018,2.019,134924.6,1746949499999999,274294.9519,1962,72501.0,147271.2356,0
1746949500000000,2.019,2.047,2.019,2.04,56420.6,1746950399999999,115003.9027,574,27480.7,55999.9472,0
1746950400000000,2.041,2.062,2.041,2.053,28431.8,1746951299999999,58428.8753,383,10337.9,21212.069,0
1746951300000000,2.052,2.059,2.044,2.044,13091.8,1746952199999999,26867.6531,266,5904.1,12116.8877,0
1746952200000000,2.042,2.048,2.027,2.046,22380.5,1746953099999999,45571.0953,351,12045.8,24541.4929,0
1746953100000000,2.047,2.051,2.042,2.044,15782.1,1746953999999999,32288.4119,226,8069.9,16512.9419,0
1746954000000000,2.045,2.063,2.044,2.063,16373.2,1746954899999999,33594.5059,229,10158.7,20835.8698,0
1746954900000000,2.063,2.072,2.052,2.071,35904.6,1746955799999999,74138.9047,398,21307.8,44011.5182,0
1746955800000000,2.072,2.073,2.065,2.071,11664.4,1746956699999999,24148.3531,251,4300.8,8904.8899,0
1746956700000000,2.071,2.079,2.069,2.069,6169.1,1746957599999999,12796.1892,122,2442.5,5068.7861,0
1746957600000000,2.068,2.072,2.061,2.062,8189.3,1746958499999999,16932.3066,161,3105.0,6417.9046,0
1746958500000000,2.062,2.077,2.057,2.077,7251.5,1746959399999999,14989.8254,128,4853.2,10046.5057,0
1746959400000000,2.078,2.079,2.067,2.067,16746.0,1746960299999999,34718.6519,202,4425.9,9178.1177,0
1746960300000000,2.066,2.073,2.064,2.071,12862.8,1746961199999999,26608.7568,179,9064.5,18758.5247,0
1746961200000000,2.073,2.079,2.069,2.074,13025.5,1746962099999999,27026.5241,231,6360.3,13205.4034,0
1746962100000000,2.076,2.085,2.073,2.08,10404.4,1746962999999999,21635.1609,160,7266.9,15107.28,0
1746963000000000,2.08,2.089,2.079,2.088,12575.1,1746963899999999,26204.184,232,6687.5,13936.7977,0
1746963900000000,2.088,2.091,2.083,2.087,8404.5,1746964799999999,17535.2955,135,2594.5,5413.2848,0
1746964800000000,2.089,2.093,2.08,2.085,31825.2,1746965699999999,66457.8757,334,15181.6,31681.7286,0
1746965700000000,2.083,2.084,2.076,2.08,32958.0,1746966599999999,68505.2894,558,7777.7,16177.4503,0
1746966600000000,2.08,2.083,2.078,2.081,13279.6,1746967499999999,27614.1348,393,6910.4,14369.3419,0
1746967500000000,2.081,2.086,2.078,2.084,7099.5,1746968399999999,14792.1447,216,3221.2,6711.2365,0
1746968400000000,2.084,2.093,2.08,2.083,31544.7,1746969299999999,65842.6561,409,15512.0,32364.2884,0
1746969300000000,2.084,2.084,2.068,2.07,24014.8,1746970199999999,49853.81,666,9183.4,19076.1273,0
1746970200000000,2.069,2.069,2.046,2.05,19737.3,1746971099999999,40599.9979,495,4702.1,9676.562,0
1746971100000000,2.051,2.058,2.03,2.03,31068.8,1746971999999999,63435.771,539,10251.3,20981.421,0
1746972000000000,2.031,2.046,2.031,2.042,14988.2,1746972899999999,30586.7315,257,4494.1,9172.1963,0
1746972900000000,2.041,2.05,2.033,2.043,9916.1,1746973799999999,20229.8855,144,4118.7,8406.1559,0
1746973800000000,2.042,2.06,2.04,2.059,13465.2,1746974699999999,27671.715,243,8073.3,16595.126,0
1746974700000000,2.059,2.06,2.05,2.058,8930.1,1746975599999999,18369.6871,168,4215.8,8676.1254,0
1746975600000000,2.056,2.069,2.055,2.069,9728.9,1746976499999999,20077.0755,177,5701.0,11765.2266,0
1746976500000000,2.07,2.075,2.054,2.058,11831.2,1746977399999999,24458.8417,192,6599.2,13642.1703,0
1746977400000000,2.059,2.065,2.049,2.049,7062.0,1746978299999999,14520.9242,144,2654.8,5459.8741,0
1746978300000000,2.05,2.057,2.024,2.04,40356.4,1746979199999999,82198.3642,882,15061.7,30680.5251,0
1746979200000000,2.04,2.056,2.021,2.034,31544.7,1746980099999999,64199.6083,704,14960.6,30425.5159,0
1746980100000000,2.035,2.051,2.018,2.05,17842.4,1746980999999999,36337.9396,373,10882.8,22175.4741,0
1746981000000000,2.052,2.053,2.04,2.049,4134.7,1746981899999999,8461.5884,147,617.4,1264.0599,0
1746981900000000,2.048,2.048,2.028,2.038,7637.9,1746982799999999,15544.0902,196,2882.7,5869.2185,0
1746982800000000,2.037,2.046,2.029,2.043,33854.8,1746983699999999,68952.0551,372,21122.6,43050.842,0
1746983700000000,2.043,2.051,2.037,2.045,18785.0,1746984599999999,38401.8006,407,6090.1,12446.9022,0
1746984600000000,2.044,2.058,2.044,2.057,13441.1,1746985499999999,27569.1214,305,7422.9,15230.7165,0
1746985500000000,2.058,2.058,2.05,2.052,12198.9,1746986399999999,25053.5914,204,6520.1,13390.3411,0
1746986400000000,2.052,2.057,2.048,2.052,6815.2,1746987299999999,13988.8848,126,2974.5,6107.9719,0
1746987300000000,2.053,2.054,2.042,2.042,4553.3,1746988199999999,9338.6563,123,1326.8,2721.6669,0
1746988200000000,2.041,2.062,2.029,2.05,35760.5,1746989099999999,73425.4216,543,10117.4,20716.8706,0
1746989100000000,2.051,2.073,2.051,2.058,33630.6,1746989999999999,69414.5244,495,18185.5,37533.5322,0
1746990000000000,2.058,2.07,2.056,2.066,12030.7,1746990899999999,24844.6127,329,4968.0,10265.3609,0
1746990900000000,2.065,2.069,2.058,2.063,10187.2,1746991799999999,21033.2621,186,4336.9,8958.0825,0
1746991800000000,2.062,2.068,2.062,2.064,15987.5,1746992699999999,33023.1178,228,11932.0,24646.0828,0
1746992700000000,2.064,2.068,2.053,2.056,6251.7,1746993599999999,12888.8992,102,2581.4,5322.645,0
1746993600000000,2.056,2.058,2.043,2.058,8372.1,1746994499999999,17159.5138,158,3730.3,7646.1364,0
1746994500000000,2.058,2.059,2.052,2.052,8413.0,1746995399999999,17291.2641,166,4175.5,8583.0699,0
1746995400000000,2.051,2.054,2.048,2.049,3413.0,1746996299999999,6999.225,72,2679.8,5495.9456,0
1746996300000000,2.049,2.053,2.049,2.053,17802.0,1746997199999999,36511.7998,175,11134.8,22840.2857,0
1746997200000000,2.052,2.054,2.043,2.044,12299.5,1746998099999999,25183.0643,181,6387.3,13063.2165,0
1746998100000000,2.048,2.05,2.046,2.047,6351.9,1746998999999999,13012.7576,157,2208.8,4524.4926,0
1746999000000000,2.046,2.053,2.046,2.048,2914.9,1746999899999999,5977.4356,45,1181.5,2424.7023,0
1746999900000000,2.048,2.067,2.048,2.067,5434.4,1747000799999999,11170.4797,139,5276.0,10845.0901,0
1747000800000000,2.068,2.078,2.048,2.058,18128.5,1747001699999999,37355.5549,475,9779.4,20160.3172,0
1747001700000000,2.057,2.063,2.051,2.054,10621.7,1747002599999999,21837.8887,279,5137.1,10564.7821,0
1747002600000000,2.053,2.057,2.035,2.035,7359.9,1747003499999999,15043.4386,184,1504.8,3081.7832,0
1747003500000000,2.036,2.046,2.036,2.046,4859.8,1747004399999999,9908.2377,109,2399.5,4894.1916,0
1747004400000000,2.047,2.059,2.046,2.057,6624.8,1747005299999999,13613.3075,146,4559.3,9367.0406,0
1747005300000000,2.057,2.06,2.052,2.054,5173.0,1747006199999999,10634.0961,105,3545.7,7290.9003,0
1747006200000000,2.054,2.054,2.043,2.053,10748.9,1747007099999999,22016.4591,166,1613.0,3306.7348,0
1747007100000000,2.054,2.054,2.047,2.054,5499.9,1747007999999999,11284.8614,132,3369.1,6912.5457,0
1747008000000000,2.053,2.064,2.052,2.061,32346.0,1747008899999999,66572.16,630,19607.4,40343.5918,0
1747008900000000,2.06,2.071,2.059,2.065,27066.6,1747009799999999,55892.0466,440,15271.9,31535.3402,0
1747009800000000,2.065,2.087,2.065,2.074,18164.8,1747010699999999,37715.4501,282,7269.4,15074.8746,0
1747010700000000,2.074,2.086,2.067,2.084,18470.1,1747011599999999,38395.4312,291,9362.6,19459.9668,0
1747011600000000,2.085,2.102,2.082,2.098,31597.5,1747012499999999,66129.8448,453,16689.2,34925.8524,0
1747012500000000,2.1,2.1,2.062,2.069,25091.0,1747013399999999,52134.6079,377,5412.2,11231.2961,0
1747013400000000,2.067,2.067,2.031,2.042,28585.2,1747014299999999,58375.8266,611,15806.7,32254.7923,0
1747014300000000,2.042,2.06,2.038,2.058,13484.0,1747015199999999,27617.2495,261,7638.2,15649.3061,0
1747015200000000,2.059,2.083,2.059,2.071,22202.4,1747016099999999,46028.2757,378,13404.9,27783.9153,0
1747016100000000,2.069,2.09,2.064,2.076,21731.8,1747016999999999,45160.0668,391,9310.5,19350.2904,0
1747017000000000,2.075,2.092,2.068,2.07,20682.1,1747017899999999,42985.4807,372,6400.4,13323.7829,0
1747017900000000,2.07,2.075,2.057,2.069,32664.5,1747018799999999,67468.886,499,9609.7,19858.8294,0
1747018800000000,2.069,2.069,2.045,2.06,20123.7,1747019699999999,41323.7395,362,6226.8,12800.6948,0
1747019700000000,2.061,2.086,2.061,2.071,20141.0,1747020599999999,41807.9891,382,12156.6,25223.7715,0
1747020600000000,2.071,2.087,2.07,2.081,36145.3,1747021499999999,75210.0917,584,21425.8,44579.7792,0
1747021500000000,2.081,2.098,2.079,2.097,28344.6,1747022399999999,59173.576,484,14657.7,30599.1094,0
1747022400000000,2.096,2.108,2.093,2.105,25946.6,1747023299999999,54458.8005,523,14218.9,29842.4795,0
1747023300000000,2.105,2.11,2.084,2.094,45885.7,1747024199999999,96201.0372,754,10447.8,21924.507,0
1747024200000000,2.095,2.12,2.089,2.12,37114.3,1747025099999999,78246.1264,546,20274.7,42782.0942,0
1747025100000000,2.12,2.131,2.118,2.126,205791.1,1747025999999999,436819.2738,654,183248.3,388901.6391,0
1747026000000000,2.126,2.131,2.102,2.109,37330.8,1747026899999999,79154.5628,660,4200.4,8895.7328,0
1747026900000000,2.11,2.117,2.098,2.105,35385.2,1747027799999999,74558.7778,601,17887.3,37709.9647,0
1747027800000000,2.106,2.117,2.091,2.116,20595.6,1747028699999999,43412.7548,388,6994.4,14749.1953,0
1747028700000000,2.118,2.122,2.103,2.112,17412.9,1747029599999999,36796.6605,323,4763.4,10074.5171,0
1747029600000000,2.113,2.126,2.101,2.118,31789.4,1747030499999999,67328.7519,444,15462.0,32774.7029,0
1747030500000000,2.116,2.131,2.107,2.13,17078.4,1747031399999999,36227.6027,261,8929.6,18966.1385,0
1747031400000000,2.131,2.133,2.119,2.127,28109.4,1747032299999999,59800.9321,542,11366.7,24191.3322,0
1747032300000000,2.128,2.134,2.122,2.125,50302.2,1747033199999999,107180.0264,440,34989.8,74584.0735,0
1747033200000000,2.126,2.157,2.126,2.152,144211.6,1747034099999999,308490.051,2672,78866.8,168760.4977,0
1747034100000000,2.151,2.161,2.137,2.158,44734.1,1747034999999999,96134.1982,674,22834.1,49021.5518,0
1747035000000000,2.157,2.164,2.128,2.137,66367.2,1747035899999999,142814.5947,1090,32962.5,70988.3792,0
1747035900000000,2.137,2.138,2.094,2.128,75252.0,1747036799999999,158750.3981,1250,27025.4,57101.8705,0
1747036800000000,2.13,2.136,2.101,2.111,80142.1,1747037699999999,169831.6926,1468,23606.7,50059.4341,0
1747037700000000,2.112,2.128,2.108,2.121,43462.1,1747038599999999,92122.297,681,15546.0,32950.8537,0
1747038600000000,2.121,2.146,2.118,2.146,26784.8,1747039499999999,57258.1358,475,13205.1,28230.1326,0
1747039500000000,2.145,2.153,2.14,2.143,30973.7,1747040399999999,66545.4076,577,14174.8,30455.6188,0
1747040400000000,2.143,2.157,2.14,2.14,25567.1,1747041299999999,54931.9144,503,12565.8,27019.9224,0
1747041300000000,2.14,2.152,2.135,2.141,33564.6,1747042199999999,71914.3741,490,16251.9,34865.0262,0
1747042200000000,2.141,2.141,2.126,2.132,28811.2,1747043099999999,61456.0117,440,12681.4,27045.8492,0
1747043100000000,2.132,2.132,2.112,2.118,45026.9,1747043999999999,95372.5267,607,17959.2,38046.1011,0
1747044000000000,2.117,2.125,2.107,2.113,31590.2,1747044899999999,66792.9561,649,14244.5,30131.5844,0
1747044900000000,2.113,2.12,2.108,2.112,13747.3,1747045799999999,29035.3284,272,7292.1,15400.8921,0
1747045800000000,2.111,2.115,2.108,2.11,23690.5,1747046699999999,50042.0494,358,15370.0,32469.9933,0
1747046700000000,2.109,2.115,2.106,2.108,12446.9,1747047599999999,26259.2931,206,4739.5,10002.3626,0
1747047600000000,2.107,2.123,2.106,2.119,11314.9,1747048499999999,23937.1829,245,6328.4,13386.193,0
1747048500000000,2.118,2.129,2.111,2.123,34543.5,1747049399999999,73146.7535,613,21115.7,44707.5249,0
1747049400000000,2.124,2.134,2.115,2.115,8165.0,1747050299999999,17351.4728,192,2771.0,5885.8267,0
1747050300000000,2.115,2.118,2.084,2.087,46469.6,1747051199999999,97348.0217,700,18157.4,37981.9886,0
1747051200000000,2.088,2.11,2.087,2.106,25647.8,1747052099999999,53933.7026,386,17075.2,35930.2231,0
1747052100000000,2.104,2.115,2.096,2.102,25326.7,1747052999999999,53458.5288,318,13724.8,28971.5918,0
1747053000000000,2.101,2.122,2.091,2.122,20275.8,1747053899999999,42821.3481,345,10413.9,22005.4361,0
1747053900000000,2.122,2.137,2.113,2.12,20093.3,1747054799999999,42691.9133,465,9925.5,21085.9076,0
1747054800000000,2.121,2.139,2.119,2.135,16107.4,1747055699999999,34226.7592,329,11276.5,23960.7067,0
1747055700000000,2.138,2.146,2.128,2.128,27109.1,1747056599999999,58021.5015,510,17932.5,38396.4,0
1747056600000000,2.128,2.138,2.104,2.111,47978.3,1747057499999999,101750.8096,945,17841.0,37805.8304,0
1747057500000000,2.112,2.15,2.111,2.138,50275.1,1747058399999999,107266.3156,808,30208.3,64552.0212,0
1747058400000000,2.14,2.148,2.129,2.14,37243.1,1747059299999999,79731.4282,519,11939.8,25561.3057,0
1747059300000000,2.137,2.152,2.076,2.086,140616.1,1747060199999999,297767.8934,2215,60661.9,128650.7408,0
1747060200000000,2.086,2.107,2.058,2.103,128760.3,1747061099999999,267734.6107,2797,55281.7,114903.564,0
1747061100000000,2.102,2.106,2.081,2.083,51923.4,1747061999999999,108911.4267,902,22401.8,46986.1586,0
1747062000000000,2.082,2.097,2.046,2.079,110708.0,1747062899999999,228492.9931,2431,54531.0,112544.3193,0
1747062900000000,2.078,2.096,2.068,2.086,50778.7,1747063799999999,106003.4115,844,19918.4,41562.2655,0
1747063800000000,2.086,2.086,2.05,2.057,41851.5,1747064699999999,86625.9435,791,15407.6,31889.3508,0
1747064700000000,2.056,2.063,2.045,2.049,37228.1,1747065599999999,76480.3352,728,14955.5,30712.1522,0
1747065600000000,2.048,2.066,2.037,2.066,90425.9,1747066499999999,185433.3657,1361,46155.1,94621.7535,0
1747066500000000,2.066,2.083,2.066,2.076,57208.0,1747067399999999,118658.743,697,13951.3,28960.0248,0
1747067400000000,2.076,2.086,2.065,2.071,25760.5,1747068299999999,53469.9178,527,8794.5,18255.5119,0
1747068300000000,2.072,2.085,2.072,2.078,12892.4,1747069199999999,26797.4737,277,6840.8,14209.7332,0
1747069200000000,2.079,2.094,2.077,2.086,9246.4,1747070099999999,19312.3519,246,4227.3,8823.0048,0
1747070100000000,2.086,2.087,2.061,2.079,17345.5,1747070999999999,35912.0589,350,5270.2,10912.3775,0
1747071000000000,2.078,2.082,2.061,2.061,11488.6,1747071899999999,23836.1617,342,3468.9,7188.3941,0
1747071900000000,2.061,2.065,2.038,2.046,19386.3,1747072799999999,39667.3939,384,9731.1,19921.1065,0
1747072800000000,2.047,2.056,2.023,2.034,34061.4,1747073699999999,69384.3498,923,16012.1,32609.8555,0
1747073700000000,2.034,2.047,2.004,2.011,53082.2,1747074599999999,107182.9341,1023,26793.5,54139.2832,0
1747074600000000,2.011,2.017,1.986,1.988,70515.8,1747075499999999,141074.9123,1162,27766.3,55566.48,0
1747075500000000,1.989,1.995,1.938,1.967,231698.4,1747076399999999,454234.86,4633,107717.3,211051.7843,0
1747076400000000,1.968,2.014,1.965,2.006,92484.1,1747077299999999,184476.4,1431,46370.0,92343.5472,0
1747077300000000,2.007,2.025,2.003,2.006,36179.0,1747078199999999,73020.5281,595,16243.0,32796.2234,0
1747078200000000,2.007,2.022,2.006,2.01,10906.5,1747079099999999,21973.0102,261,5622.0,11328.5014,0
1747079100000000,2.009,2.023,2.009,2.023,10956.2,1747079999999999,22097.8869,231,4091.7,8258.4624,0
1747080000000000,2.022,2.025,2.01,2.013,5725.3,1747080899999999,11547.7642,180,2603.4,5250.899,0
1747080900000000,2.013,2.027,2.012,2.026,7772.3,1747081799999999,15694.0461,168,4672.9,9438.2356,0
1747081800000000,2.026,2.036,2.025,2.031,18657.7,1747082699999999,37924.2486,287,10157.7,20651.1363,0
1747082700000000,2.031,2.04,2.029,2.035,6716.2,1747083599999999,13672.2491,156,4218.1,8586.3396,0
1747083600000000,2.034,2.043,2.031,2.035,7338.0,1747084499999999,14966.6821,229,2357.3,4807.7496,0
1747084500000000,2.033,2.04,2.033,2.039,5311.8,1747085399999999,10821.9088,86,3558.7,7250.0716,0
1747085400000000,2.04,2.051,2.04,2.044,2928.8,1747086299999999,5997.3609,74,1843.0,3775.0976,0
1747086300000000,2.044,2.045,2.041,2.045,4068.1,1747087199999999,8310.9564,41,1321.9,2700.4631,0
1747087200000000,2.044,2.054,2.04,2.049,2463.5,1747088099999999,5047.732,99,1284.8,2632.413,0
1747088100000000,2.051,2.052,2.048,2.049,8666.4,1747088999999999,17765.6413,139,2975.5,6100.7327,0
1747089000000000,2.049,2.058,2.049,2.054,3685.9,1747089899999999,7575.9004,95,2288.2,4700.8681,0
1747089900000000,2.054,2.059,2.047,2.048,4681.0,1747090799999999,9621.5336,145,3019.8,6208.6966,0
1747090800000000,2.049,2.052,2.048,2.05,5274.6,1747091699999999,10811.199,122,1542.4,3163.0785,0
1747091700000000,2.052,2.058,2.046,2.056,18051.8,1747092599999999,37008.6812,236,4826.9,9907.7036,0
1747092600000000,2.056,2.056,2.045,2.046,5489.6,1747093499999999,11240.7772,110,1586.0,3246.3109,0
1747093500000000,2.047,2.05,2.041,2.041,4713.3,1747094399999999,9643.3591,90,1347.7,2758.9544,0
1747094400000000,2.042,2.053,2.022,2.025,20378.7,1747095299999999,41453.8117,398,8460.1,17223.7424,0
1747095300000000,2.023,2.029,2.016,2.022,11652.2,1747096199999999,23556.3201,316,5316.4,10748.8983,0
1747096200000000,2.023,2.023,2.004,2.004,12191.7,1747097099999999,24591.5155,245,8742.0,17634.7149,0
1747097100000000,2.006,2.012,2.001,2.002,9661.5,1747097999999999,19397.3875,202,3879.8,7788.0277,0
1747098000000000,2.002,2.01,1.982,1.989,24187.0,1747098899999999,48245.359,459,8372.8,16747.6055,0
1747098900000000,1.99,1.996,1.985,1.985,8169.7,1747099799999999,16269.9936,200,5248.7,10456.8691,0
1747099800000000,1.982,1.986,1.962,1.969,15789.5,1747100699999999,31135.5261,366,6704.8,13226.3513,0
1747100700000000,1.967,1.99,1.964,1.982,35431.7,1747101599999999,70193.1068,362,25262.2,50054.0347,0
1747101600000000,1.984,1.987,1.955,1.957,80435.5,1747102499999999,158569.8252,1567,36738.7,72474.0832,0
1747102500000000,1.956,1.961,1.935,1.961,34307.6,1747103399999999,66781.7335,640,11798.0,23015.005,0
1747103400000000,1.961,1.961,1.944,1.946,14204.7,1747104299999999,27719.6135,330,4942.9,9645.811,0
1747104300000000,1.947,1.957,1.946,1.951,11576.9,1747105199999999,22600.7537,233,6183.6,12076.44,0
1747105200000000,1.953,1.963,1.947,1.956,11939.4,1747106099999999,23334.7249,249,6425.9,12571.0903,0
1747106100000000,1.955,1.955,1.922,1.926,20607.3,1747106999999999,39870.5083,328,7018.9,13594.3536,0
1747107000000000,1.927,1.942,1.925,1.941,10635.9,1747107899999999,20566.3225,238,5303.8,10258.4037,0
1747107900000000,1.94,1.94,1.923,1.925,11455.4,1747108799999999,22102.9224,222,3884.7,7503.71,0
1747108800000000,1.925,1.936,1.921,1.927,17582.1,1747109699999999,33945.0694,321,10234.4,19767.2713,0
1747109700000000,1.926,1.956,1.925,1.953,15746.6,1747110599999999,30555.6611,276,10212.3,19807.7587,0
1747110600000000,1.954,1.966,1.952,1.964,14382.0,1747111499999999,28156.2137,195,5911.1,11569.4112,0
1747111500000000,1.965,1.974,1.963,1.973,30130.2,1747112399999999,59309.3554,195,7630.5,15020.2326,0
1747112400000000,1.971,1.984,1.97,1.981,24155.9,1747113299999999,47837.9004,382,16722.8,33129.5342,0
1747113300000000,1.981,1.981,1.963,1.967,4115.1,1747114199999999,8122.265,103,1019.0,2011.5958,0
1747114200000000,1.967,1.967,1.958,1.961,7263.1,1747115099999999,14250.9165,128,3600.3,7061.8186,0
1747115100000000,1.961,1.973,1.96,1.971,3858.9,1747115999999999,7580.1873,82,2600.2,5107.2248,0
1747116000000000,1.974,1.982,1.972,1.982,27831.4,1747116899999999,54945.6632,346,11516.5,22730.9086,0
1747116900000000,1.982,1.982,1.968,1.971,11129.1,1747117799999999,21969.8662,193,4339.6,8568.7987,0
1747117800000000,1.972,1.978,1.972,1.976,4876.7,1747118699999999,9631.1326,83,2690.1,5313.6807,0
1747118700000000,1.976,1.981,1.972,1.973,11478.6,1747119599999999,22694.5323,160,7991.7,15807.8383,0
1747119600000000,1.973,1.982,1.97,1.979,6340.6,1747120499999999,12546.9412,128,1730.3,3424.4626,0
1747120500000000,1.98,1.989,1.975,1.977,6083.7,1747121399999999,12053.5015,166,2591.5,5136.3946,0
1747121400000000,1.979,1.986,1.973,1.977,21416.1,1747122299999999,42313.1568,258,5478.2,10830.3248,0
1747122300000000,1.978,1.979,1.971,1.977,13423.3,1747123199999999,26527.8046,211,6921.1,13682.8196,0
1747123200000000,1.979,1.99,1.975,1.979,21540.2,1747124099999999,42717.4859,379,8000.1,15867.3038,0
1747124100000000,1.979,1.983,1.965,1.969,17007.0,1747124999999999,33545.848,249,6176.7,12195.0158,0
1747125000000000,1.969,1.981,1.967,1.978,4316.9,1747125899999999,8529.2427,129,1367.9,2704.6134,0
1747125900000000,1.978,1.981,1.972,1.976,30159.2,1747126799999999,59569.8224,308,8629.0,17039.0176,0
1747126800000000,1.977,1.986,1.975,1.986,15761.9,1747127699999999,31193.4807,233,4366.4,8647.0457,0
1747127700000000,1.986,2.008,1.986,2.008,19912.2,1747128599999999,39745.0971,288,9726.1,19408.0827,0
1747128600000000,2.007,2.02,2.004,2.015,16950.9,1747129499999999,34109.8563,210,5851.5,11777.0093,0
1747129500000000,2.016,2.027,2.015,2.018,20380.3,1747130399999999,41226.3051,245,8354.8,16902.3385,0
1747130400000000,2.019,2.02,2.006,2.009,10001.9,1747131299999999,20125.6851,148,5194.6,10464.8047,0
1747131300000000,2.009,2.015,2.005,2.01,11460.1,1747132199999999,23047.978,214,5610.5,11286.6113,0
1747132200000000,2.011,2.011,2.003,2.011,11757.7,1747133099999999,23599.339,242,4781.5,9596.2877,0
1747133100000000,2.011,2.014,2.007,2.008,5411.6,1747133999999999,10877.6078,149,1669.9,3357.4549,0
1747134000000000,2.008,2.011,1.992,1.995,23253.2,1747134899999999,46522.9639,369,8471.2,16931.8042,0
1747134900000000,1.995,2.008,1.992,2.0,4876.5,1747135799999999,9759.9544,90,2107.0,4219.0535,0
1747135800000000,1.999,2.016,1.997,2.011,30328.5,1747136699999999,60988.9008,371,17332.3,34851.3255,0
1747136700000000,2.012,2.012,1.998,1.998,18997.4,1747137599999999,38097.3782,276,6858.8,13757.8656,0
1747137600000000,2.0,2.003,1.978,1.982,25020.9,1747138499999999,49811.0165,499,11105.5,22101.6756,0
1747138500000000,1.982,1.989,1.97,1.98,26122.7,1747139399999999,51660.4726,399,11723.5,23186.8581,0
1747139400000000,1.98,2.014,1.975,2.005,140478.6,1747140299999999,280548.1637,2505,75902.4,151615.438,0
1747140300000000,2.004,2.009,1.995,2.002,18177.2,1747141199999999,36401.8181,454,11149.4,22334.4375,0
1747141200000000,2.003,2.008,1.995,2.0,15600.8,1747142099999999,31229.1171,362,10018.3,20050.0011,0
1747142100000000,2.001,2.01,2.0,2.004,15944.6,1747142999999999,31951.3346,332,10016.7,20065.5844,0
1747143000000000,2.005,2.014,2.0,2.0,10584.4,1747143899999999,21239.1474,359,6783.5,13612.4809,0
1747143900000000,2.0,2.0,1.969,1.97,78062.5,1747144799999999,154261.3262,1210,34837.2,68860.9676,0
1747144800000000,1.971,1.971,1.941,1.951,80212.8,1747145699999999,156386.089,959,47826.7,93186.5688,0
1747145700000000,1.951,1.986,1.949,1.981,56098.7,1747146599999999,110596.0104,676,32149.6,63351.7832,0
1747146600000000,1.98,1.986,1.971,1.972,15230.0,1747147499999999,30129.9258,242,7619.6,15090.9444,0
1747147500000000,1.973,1.981,1.955,1.977,53686.8,1747148399999999,105709.6706,606,33433.7,65929.5214,0
1747148400000000,1.975,2.002,1.973,1.996,34087.9,1747149299999999,67661.7834,333,17010.0,33759.5186,0
1747149300000000,1.998,2.006,1.991,2.005,12003.8,1747150199999999,23965.6989,179,6810.3,13617.3543,0
1747150200000000,2.007,2.012,1.999,2.007,9433.9,1747151099999999,18922.0049,156,4096.1,8214.7946,0
1747151100000000,2.007,2.02,2.006,2.016,22404.6,1747151999999999,45163.8182,305,5764.3,11612.385,0
1747152000000000,2.016,2.062,2.016,2.061,60233.5,1747152899999999,122977.7708,984,29263.9,59755.3009,0
1747152900000000,2.061,2.062,2.045,2.053,30325.1,1747153799999999,62172.4919,581,17194.9,35245.8598,0
1747153800000000,2.054,2.061,2.044,2.051,46997.9,1747154699999999,96418.2144,713,12090.2,24829.2346,0
1747154700000000,2.052,2.054,2.046,2.049,30858.3,1747155599999999,63301.1874,450,22296.2,45741.3127,0
1747155600000000,2.049,2.06,2.048,2.053,12735.2,1747156499999999,26169.5786,276,6118.8,12570.98,0
1747156500000000,2.054,2.063,2.051,2.057,22420.2,1747157399999999,46170.368,372,11259.0,23190.4356,0
1747157400000000,2.057,2.059,2.04,2.054,33089.4,1747158299999999,67805.5833,508,9740.7,19938.4799,0
1747158300000000,2.054,2.065,2.053,2.062,8593.4,1747159199999999,17705.5668,197,4251.9,8761.2705,0
1747159200000000,2.062,2.075,2.061,2.075,24068.0,1747160099999999,49798.5634,336,12303.8,25455.3302,0
1747160100000000,2.072,2.073,2.065,2.071,7508.5,1747160999999999,15545.3614,153,5692.6,11788.7935,0
1747161000000000,2.07,2.079,2.057,2.057,35697.7,1747161899999999,73828.5784,457,13857.1,28651.6049,0
1747161900000000,2.058,2.081,2.057,2.081,14680.3,1747162799999999,30396.0222,312,8157.0,16885.9777,0
1747162800000000,2.081,2.089,2.078,2.088,29346.6,1747163699999999,61110.7753,323,13148.7,27388.68,0
1747163700000000,2.087,2.106,2.085,2.105,32487.8,1747164599999999,68091.051,470,21107.0,44265.1627,0
1747164600000000,2.103,2.122,2.102,2.12,33151.6,1747165499999999,69962.3947,479,24926.1,52603.7514,0
1747165500000000,2.119,2.128,2.095,2.106,33467.8,1747166399999999,70659.3114,914,12649.2,26740.8093,0
1747166400000000,2.105,2.11,2.079,2.094,17679.0,1747167299999999,37019.2386,486,6874.4,14411.7056,0
1747167300000000,2.093,2.099,2.084,2.095,10419.4,1747168199999999,21784.4182,279,3112.3,6518.4916,0
1747168200000000,2.096,2.108,2.094,2.103,17762.0,1747169099999999,37362.833,345,12980.6,27303.0223,0
1747169100000000,2.104,2.113,2.102,2.106,10707.4,1747169999999999,22573.2346,233,7607.4,16038.4469,0
1747170000000000,2.106,2.108,2.081,2.082,18161.9,1747170899999999,38021.7487,259,9503.1,19885.6568,0
1747170900000000,2.085,2.1,2.085,2.099,6235.3,1747171799999999,13050.8181,103,1472.7,3082.3051,0
1747171800000000,2.099,2.106,2.093,2.093,7567.2,1747172699999999,15895.0988,127,1669.9,3504.837,0
1747172700000000,2.093,2.099,2.089,2.097,9484.7,1747173599999999,19834.6008,103,2766.3,5786.0458,0
1747173600000000,2.097,2.102,2.085,2.095,25035.4,1747174499999999,52434.7883,311,11822.4,24772.8191,0
1747174500000000,2.094,2.105,2.093,2.099,9618.3,1747175399999999,20190.2127,158,4557.1,9564.5576,0
1747175400000000,2.1,2.109,2.097,2.106,2615.3,1747176299999999,5499.9982,59,812.9,1710.0025,0
1747176300000000,2.106,2.109,2.102,2.105,13066.5,1747177199999999,27509.8501,178,10244.0,21569.3338,0
1747177200000000,2.105,2.111,2.091,2.111,13784.8,1747178099999999,28988.7146,267,9732.4,20471.1315,0
1747178100000000,2.111,2.131,2.111,2.113,71987.2,1747178999999999,152866.3893,543,41680.2,88529.8394,0
1747179000000000,2.115,2.124,2.115,2.118,7600.5,1747179899999999,16092.2498,134,3519.5,7451.2656,0
1747179900000000,2.12,2.124,2.108,2.11,8987.5,1747180799999999,19016.243,169,4939.4,10460.7335,0
1747180800000000,2.11,2.12,2.099,2.113,82743.3,1747181699999999,174321.7666,938,27544.2,57991.99,0
1747181700000000,2.113,2.12,2.103,2.106,19014.3,1747182599999999,40098.8476,289,8174.6,17250.3354,0
1747182600000000,2.106,2.119,2.096,2.113,49657.9,1747183499999999,104839.3263,505,28461.8,60068.8583,0
1747183500000000,2.113,2.126,2.107,2.113,30177.0,1747184399999999,63819.58,587,7324.5,15496.774,0
1747184400000000,2.112,2.13,2.108,2.13,22580.0,1747185299999999,47860.9969,595,10242.7,21731.4561,0
1747185300000000,2.13,2.143,2.13,2.143,30025.9,1747186199999999,64149.709,562,16172.6,34576.1591,0
1747186200000000,2.142,2.147,2.133,2.139,20474.3,1747187099999999,43847.525,355,5193.1,11122.0264,0
1747187100000000,2.137,2.137,2.111,2.119,25122.9,1747187999999999,53297.6692,473,12180.2,25839.0763,0
1747188000000000,2.118,2.121,2.101,2.112,39594.0,1747188899999999,83514.7897,700,19932.6,42043.2524,0
1747188900000000,2.112,2.123,2.105,2.109,29007.0,1747189799999999,61401.7597,524,12604.1,26696.7172,0
1747189800000000,2.11,2.131,2.101,2.129,26212.7,1747190699999999,55276.0833,382,7667.6,16187.2209,0
1747190700000000,2.129,2.129,2.111,2.117,8465.6,1747191599999999,17944.3567,198,2031.0,4305.0922,0
1747191600000000,2.116,2.117,2.105,2.115,11515.4,1747192499999999,24277.4931,293,3817.5,8054.9133,0
1747192500000000,2.118,2.119,2.106,2.116,6319.1,1747193399999999,13351.2848,156,2712.6,5737.4226,0
1747193400000000,2.116,2.121,2.112,2.121,7381.6,1747194299999999,15635.8609,193,4443.7,9415.2603,0
1747194300000000,2.12,2.123,2.112,2.117,28409.2,1747195199999999,60128.8424,266,4580.9,9690.7278,0
1747195200000000,2.117,2.118,2.11,2.115,7534.4,1747196099999999,15928.2744,189,3170.1,6699.8388,0
1747196100000000,2.117,2.122,2.109,2.119,20669.3,1747196999999999,43717.9477,244,5961.6,12618.8032,0
1747197000000000,2.12,2.143,2.117,2.141,9679.0,1747197899999999,20625.9588,224,5111.1,10883.3548,0
1747197900000000,2.141,2.142,2.132,2.14,14720.6,1747198799999999,31446.1912,198,10706.1,22867.9368,0
1747198800000000,2.14,2.148,2.135,2.136,13469.0,1747199699999999,28849.9886,259,5549.2,11894.2803,0
1747199700000000,2.135,2.149,2.135,2.146,10997.1,1747200599999999,23586.156,175,5306.0,11378.4888,0
1747200600000000,2.147,2.163,2.147,2.163,40862.2,1747201499999999,87978.6924,341,30729.2,66140.005,0
1747201500000000,2.162,2.187,2.162,2.181,49919.4,1747202399999999,108561.2348,722,25366.3,55160.2976,0
1747202400000000,2.18,2.186,2.161,2.177,66971.2,1747203299999999,145794.5224,887,20636.5,44921.388,0
1747203300000000,2.178,2.188,2.159,2.164,52798.2,1747204199999999,114647.8419,797,17366.9,37752.529,0
1747204200000000,2.165,2.183,2.161,2.183,14998.9,1747205099999999,32606.1235,347,7300.2,15869.2417,0
1747205100000000,2.182,2.193,2.175,2.188,21502.9,1747205999999999,47027.8077,357,10983.4,24031.4306,0
1747206000000000,2.189,2.191,2.175,2.183,23292.3,1747206899999999,50839.0641,364,12932.8,28225.6027,0
1747206900000000,2.181,2.181,2.147,2.151,22337.6,1747207799999999,48206.348,429,6352.2,13713.4395,0
1747207800000000,2.152,2.17,2.142,2.168,38101.6,1747208699999999,82194.5928,583,22038.8,47589.548,0
1747208700000000,2.167,2.169,2.15,2.152,21961.1,1747209599999999,47476.4131,360,9654.5,20892.0201,0
1747209600000000,2.15,2.161,2.119,2.131,113851.1,1747210499999999,243061.8205,1219,56775.8,121257.5716,0
1747210500000000,2.131,2.148,2.124,2.146,23151.7,1747211399999999,49533.6518,467,11439.4,24470.3706,0
1747211400000000,2.147,2.161,2.134,2.157,17451.6,1747212299999999,37510.2425,355,7384.6,15892.3537,0
1747212300000000,2.155,2.155,2.1,2.101,139978.5,1747213199999999,296849.406,2484,73418.2,155818.0722,0
1747213200000000,2.102,2.117,2.091,2.097,104279.1,1747214099999999,218894.5277,1274,48589.1,102049.9328,0
1747214100000000,2.098,2.107,2.091,2.105,20221.3,1747214999999999,42471.2162,419,8101.1,17017.8052,0
1747215000000000,2.104,2.108,2.091,2.101,16785.5,1747215899999999,35245.1659,296,4851.2,10200.6705,0
1747215900000000,2.102,2.114,2.098,2.107,6419.2,1747216799999999,13512.0751,177,2976.0,6267.3343,0
1747216800000000,2.107,2.117,2.104,2.117,6573.9,1747217699999999,13875.8585,154,2857.8,6030.2195,0
1747217700000000,2.117,2.141,2.111,2.135,46122.7,1747218599999999,98026.4009,523,22647.0,48239.1649,0
1747218600000000,2.135,2.141,2.135,2.138,16859.1,1747219499999999,36055.024,251,6917.1,14796.6663,0
1747219500000000,2.138,2.138,2.117,2.118,31750.6,1747220399999999,67607.6749,221,3219.7,6848.0433,0
1747220400000000,2.119,2.152,2.119,2.152,11879.0,1747221299999999,25456.0488,292,5577.1,11946.5588,0
1747221300000000,2.151,2.16,2.142,2.157,37979.9,1747222199999999,81844.9896,370,30748.5,66274.1507,0
1747222200000000,2.156,2.18,2.154,2.171,43285.4,1747223099999999,93741.1559,558,25295.4,54767.9738,0
1747223100000000,2.172,2.18,2.159,2.163,24952.2,1747223999999999,54162.6652,380,9295.2,20184.0752,0
1747224000000000,2.165,2.165,2.15,2.156,18377.2,1747224899999999,39630.7295,355,6998.5,15097.6622,0
1747224900000000,2.157,2.165,2.148,2.148,17446.8,1747225799999999,37634.2279,303,6672.0,14402.3247,0
1747225800000000,2.149,2.151,2.138,2.145,19589.9,1747226699999999,42062.4048,333,7705.5,16549.7776,0
1747226700000000,2.146,2.148,2.126,2.127,34028.9,1747227599999999,72614.9229,381,11804.1,25195.1474,0
1747227600000000,2.127,2.127,2.107,2.12,13264.9,1747228499999999,28076.3476,367,8291.9,17554.3972,0
1747228500000000,2.121,2.127,2.11,2.116,19630.2,1747229399999999,41527.9014,393,8060.8,17060.1219,0
1747229400000000,2.117,2.133,2.086,2.09,34843.6,1747230299999999,73444.7857,838,14078.3,29671.2456,0
1747230300000000,2.09,2.108,2.074,2.108,29489.5,1747231199999999,61645.4867,675,15179.2,31749.0079,0
1747231200000000,2.107,2.114,2.091,2.095,22980.5,1747232099999999,48341.3376,496,11475.6,24161.8136,0
1747232100000000,2.093,2.095,2.077,2.09,34276.8,1747232999999999,71526.4673,636,16753.7,34963.0898,0
1747233000000000,2.09,2.103,2.075,2.098,29083.5,1747233899999999,60832.5951,599,13494.3,28260.7745,0
1747233900000000,2.098,2.099,2.083,2.085,13137.8,1747234799999999,27469.9049,276,6511.4,13620.304,0
1747234800000000,2.084,2.094,2.066,2.092,14652.5,1747235699999999,30453.8882,378,7297.0,15179.1968,0
1747235700000000,2.093,2.1,2.069,2.081,22929.9,1747236599999999,47704.2065,356,11538.1,23995.7909,0
1747236600000000,2.082,2.097,2.07,2.09,18472.1,1747237499999999,38442.6887,340,5933.3,12363.4145,0
1747237500000000,2.091,2.101,2.081,2.101,11113.4,1747238399999999,23244.1428,230,7204.0,15071.6517,0
1747238400000000,2.101,2.118,2.097,2.117,36406.9,1747239299999999,76759.2907,698,16004.8,33751.8315,0
1747239300000000,2.116,2.116,2.088,2.09,17322.8,1747240199999999,36453.4079,436,5075.6,10659.9558,0
1747240200000000,2.089,2.101,2.082,2.087,16175.5,1747241099999999,33840.276,509,7602.2,15913.9889,0
1747241100000000,2.088,2.092,2.07,2.087,27207.0,1747241999999999,56622.8243,561,14376.3,29915.8976,0
1747242000000000,2.087,2.087,2.063,2.071,36823.2,1747242899999999,76404.5344,588,20588.4,42706.7254,0
1747242900000000,2.071,2.073,2.056,2.072,35009.4,1747243799999999,72298.2624,691,17358.4,35862.9364,0
1747243800000000,2.073,2.09,2.072,2.085,13348.8,1747244699999999,27787.5481,255,6632.9,13803.569,0
1747244700000000,2.084,2.087,2.077,2.086,3615.2,1747245599999999,7525.1996,114,2349.8,4892.243,0
1747245600000000,2.087,2.093,2.077,2.078,5068.6,1747246499999999,10567.3373,138,3018.8,6287.8813,0
1747246500000000,2.077,2.098,2.077,2.09,48351.9,1747247399999999,101121.9331,933,28826.1,60291.672,0
1747247400000000,2.089,2.094,2.083,2.087,14255.9,1747248299999999,29775.062,232,4571.8,9549.2626,0
1747248300000000,2.085,2.091,2.085,2.089,9226.9,1747249199999999,19261.9868,191,4833.7,10091.0373,0
1747249200000000,2.089,2.095,2.083,2.092,17385.7,1747250099999999,36346.3542,217,5174.9,10825.2208,0
1747250100000000,2.093,2.103,2.088,2.088,5090.6,1747250999999999,10671.1042,198,2425.4,5087.7606,0
1747251000000000,2.087,2.09,2.083,2.087,6435.0,1747251899999999,13427.7527,114,4258.7,8887.2481,0
1747251900000000,2.085,2.093,2.083,2.091,3178.5,1747252799999999,6646.7058,82,1537.8,3214.7904,0
1747252800000000,2.091,2.1,2.086,2.086,6506.5,1747253699999999,13627.0099,117,2412.8,5054.1448,0
1747253700000000,2.088,2.094,2.086,2.09,3419.7,1747254599999999,7151.5172,63,697.9,1459.2541,0
1747254600000000,2.089,2.09,2.081,2.084,2477.7,1747255499999999,5164.4869,80,1140.3,2378.4863,0
1747255500000000,2.083,2.086,2.081,2.081,4383.4,1747256399999999,9132.2054,123,3519.4,7332.2269,0
1747256400000000,2.081,2.081,2.058,2.06,14042.6,1747257299999999,28987.2732,327,6088.2,12566.9175,0
1747257300000000,2.06,2.067,2.06,2.064,7847.3,1747258199999999,16189.4362,147,3695.5,7624.3048,0
1747258200000000,2.065,2.07,2.063,2.07,7241.3,1747259099999999,14969.3914,103,4693.9,9702.9258,0
1747259100000000,2.07,2.085,2.07,2.085,1564.7,1747259999999999,3253.6221,45,666.9,1386.0195,0
1747260000000000,2.084,2.088,2.072,2.073,4629.4,1747260899999999,9640.6965,73,1649.8,3441.1938,0
1747260900000000,2.07,2.073,2.068,2.07,2298.6,1747261799999999,4755.8768,49,1389.1,2873.7066,0
1747261800000000,2.069,2.069,2.061,2.061,5440.6,1747262699999999,11230.181,57,2068.3,4268.6177,0
1747262700000000,2.062,2.062,2.051,2.054,8235.2,1747263599999999,16912.7238,112,5914.2,12143.2447,0
1747263600000000,2.054,2.055,2.047,2.055,10431.9,1747264499999999,21391.7865,110,2832.5,5811.7393,0
1747264500000000,2.054,2.054,2.037,2.049,14634.4,1747265399999999,29885.1698,289,5958.4,12166.4766,0
1747265400000000,2.049,2.057,2.047,2.055,5806.1,1747266299999999,11918.573,90,2820.3,5791.6569,0
1747266300000000,2.055,2.057,2.05,2.055,9352.0,1747267199999999,19205.3537,122,6179.2,12690.1561,0
1747267200000000,2.055,2.06,2.048,2.056,15876.1,1747268099999999,32594.4469,248,6335.9,13007.8722,0
1747268100000000,2.056,2.075,2.056,2.075,19016.9,1747268999999999,39375.1093,227,9399.0,19455.5954,0
1747269000000000,2.074,2.078,2.064,2.069,5783.9,1747269899999999,11972.5928,98,2050.2,4249.005,0
1747269900000000,2.068,2.071,2.065,2.068,3718.2,1747270799999999,7690.0665,51,1902.8,3935.0296,0
1747270800000000,2.067,2.073,2.054,2.056,9156.9,1747271699999999,18884.0681,119,4263.2,8795.0502,0
1747271700000000,2.052,2.062,2.047,2.049,6779.0,1747272599999999,13932.4679,113,3497.6,7190.7185,0
1747272600000000,2.048,2.049,2.021,2.025,15344.5,1747273499999999,31186.035,322,6750.1,13730.9479,0
1747273500000000,2.022,2.025,2.002,2.007,41068.4,1747274399999999,82520.6576,541,11334.9,22780.8587,0
1747274400000000,2.006,2.023,2.004,2.016,28649.4,1747275299999999,57718.1727,319,19865.1,40013.9203,0
1747275300000000,2.012,2.023,2.006,2.017,5862.5,1747276199999999,11808.7506,133,1838.7,3704.3064,0
1747276200000000,2.018,2.025,2.013,2.019,7567.9,1747277099999999,15289.22,95,5406.2,10924.0747,0
1747277100000000,2.019,2.035,2.019,2.026,5150.0,1747277999999999,10441.6396,72,1849.7,3752.7815,0
1747278000000000,2.028,2.03,2.018,2.023,4498.1,1747278899999999,9101.1346,59,2439.8,4941.1561,0
1747278900000000,2.018,2.023,2.01,2.021,7624.1,1747279799999999,15372.8337,110,3751.4,7573.7164,0
1747279800000000,2.024,2.027,2.019,2.021,4367.2,1747280699999999,8836.4252,63,2474.9,5007.9877,0
1747280700000000,2.02,2.02,2.007,2.011,27200.8,1747281599999999,54773.3799,223,15250.3,30725.5441,0
1747281600000000,2.012,2.018,2.005,2.012,8943.3,1747282499999999,17998.2612,120,5727.0,11521.8409,0
1747282500000000,2.012,2.021,2.012,2.012,12800.4,1747283399999999,25838.2195,128,2118.3,4274.8741,0
1747283400000000,2.013,2.02,2.008,2.011,5098.8,1747284299999999,10267.3211,91,3310.6,6666.17,0
1747284300000000,2.011,2.014,2.009,2.014,5830.0,1747285199999999,11722.3332,58,1028.4,2068.0392,0
1747285200000000,2.013,2.013,1.998,1.999,12465.4,1747286099999999,24992.3074,175,4442.2,8920.7668,0
1747286100000000,1.998,2.0,1.991,1.999,15947.7,1747286999999999,31825.4626,156,8131.2,16225.9472,0
1747287000000000,1.999,2.006,1.985,1.99,19945.5,1747287899999999,39813.5044,231,8124.2,16242.5832,0
1747287900000000,1.991,1.991,1.972,1.977,25392.2,1747288799999999,50270.6989,264,11933.1,23628.6474,0
1747288800000000,1.977,1.999,1.977,1.99,23012.1,1747289699999999,45786.7474,411,17443.0,34701.7119,0
1747289700000000,1.991,1.992,1.982,1.983,14809.5,1747290599999999,29421.3633,159,6622.5,13158.5936,0
1747290600000000,1.983,1.984,1.956,1.957,59319.4,1747291499999999,117048.4566,463,20845.6,41109.1481,0
1747291500000000,1.959,1.976,1.958,1.973,8316.8,1747292399999999,16362.908,109,4674.4,9203.6853,0
1747292400000000,1.972,1.978,1.959,1.959,18399.8,1747293299999999,36294.3009,139,11366.9,22446.9245,0
1747293300000000,1.959,1.962,1.942,1.944,24142.5,1747294199999999,47142.5919,323,8928.4,17460.5359,0
1747294200000000,1.942,1.948,1.938,1.945,13236.9,1747295099999999,25703.9763,153,5634.1,10944.6993,0
1747295100000000,1.943,1.946,1.93,1.931,30820.0,1747295999999999,59775.4782,317,17996.2,34907.136,0
1747296000000000,1.931,1.959,1.931,1.946,12651.5,1747296899999999,24629.1891,195,7907.5,15382.0135,0
1747296900000000,1.947,1.954,1.946,1.954,7163.9,1747297799999999,13964.6927,103,3390.3,6607.2854,0
1747297800000000,1.955,1.979,1.951,1.976,75288.4,1747298699999999,148063.1299,1234,43158.7,84832.6368,0
1747298700000000,1.976,1.98,1.97,1.979,23635.6,1747299599999999,46666.0837,242,8552.1,16886.1392,0
1747299600000000,1.979,2.001,1.965,1.965,164367.1,1747300499999999,325192.8325,1451,115675.2,229057.5033,0
1747300500000000,1.964,1.969,1.956,1.962,123503.2,1747301399999999,242041.4619,759,56784.6,111250.6669,0
1747301400000000,1.962,1.966,1.941,1.943,31424.9,1747302299999999,61274.1909,500,16039.7,31265.36,0
1747302300000000,1.941,1.959,1.935,1.95,10550.1,1747303199999999,20500.254,179,4866.9,9468.9412,0
1747303200000000,1.95,1.951,1.93,1.936,5861.8,1747304099999999,11344.3528,85,1205.0,2335.9494,0
1747304100000000,1.935,1.943,1.933,1.941,8246.5,1747304999999999,15990.8219,132,4699.3,9113.2013,0
1747305000000000,1.941,1.941,1.918,1.921,18390.4,1747305899999999,35395.4369,238,4483.4,8634.2984,0
1747305900000000,1.921,1.932,1.916,1.932,14192.5,1747306799999999,27309.1455,250,8680.8,16713.1615,0
1747306800000000,1.933,1.944,1.932,1.937,5735.4,1747307699999999,11115.343,100,3711.9,7194.0334,0
1747307700000000,1.935,1.947,1.935,1.944,4443.6,1747308599999999,8637.4735,83,2034.2,3953.5143,0
1747308600000000,1.945,1.956,1.937,1.95,74200.9,1747309499999999,144578.7025,755,46108.7,89806.5663,0
1747309500000000,1.95,1.973,1.945,1.97,156086.4,1747310399999999,305978.223,1774,72001.6,141102.7383,0
1747310400000000,1.97,1.97,1.954,1.955,19542.7,1747311299999999,38361.71,508,12319.9,24188.233,0
1747311300000000,1.956,1.965,1.948,1.956,7725.5,1747312199999999,15111.295,158,4137.5,8095.944,0
1747312200000000,1.955,1.99,1.952,1.981,136910.0,1747313099999999,269551.8012,2082,79445.5,156342.5357,0
1747313100000000,1.98,1.981,1.957,1.964,14289.7,1747313999999999,28129.29,264,7973.7,15711.1082,0
1747314000000000,1.964,1.981,1.955,1.977,13940.9,1747314899999999,27410.0902,264,5482.4,10792.7112,0
1747314900000000,1.977,1.979,1.96,1.962,5800.3,1747315799999999,11411.2543,108,2479.6,4887.7402,0
1747315800000000,1.963,1.97,1.933,1.941,72279.7,1747316699999999,141429.0916,1023,32834.1,64358.8242,0
1747316700000000,1.941,1.941,1.92,1.939,20090.2,1747317599999999,38725.6549,230,7434.4,14333.2088,0
1747317600000000,1.941,1.949,1.917,1.924,53977.9,1747318499999999,103978.3102,499,12717.3,24600.4531,0
1747318500000000,1.925,1.941,1.91,1.93,24378.5,1747319399999999,46910.164,355,13909.0,26798.3196,0
1747319400000000,1.933,1.935,1.909,1.917,18550.7,1747320299999999,35629.9431,314,9690.7,18611.87,0
1747320300000000,1.914,1.931,1.901,1.927,36673.0,1747321199999999,70371.2605,524,19505.4,37455.8101,0
1747321200000000,1.926,1.932,1.92,1.92,22948.1,1747322099999999,44181.4437,249,14757.0,28424.6484,0
1747322100000000,1.925,1.943,1.925,1.943,13039.2,1747322999999999,25239.7434,191,9539.6,18468.3129,0
1747323000000000,1.944,1.968,1.941,1.966,18058.0,1747323899999999,35271.9952,309,8588.1,16760.4514,0
1747323900000000,1.969,1.983,1.966,1.979,33863.2,1747324799999999,66966.4016,436,15989.9,31631.9027,0
1747324800000000,1.979,1.989,1.972,1.972,37855.0,1747325699999999,74978.4036,576,16619.5,32885.646,0
1747325700000000,1.972,1.985,1.968,1.972,14286.0,1747326599999999,28240.6959,235,5482.0,10826.2136,0
1747326600000000,1.972,1.996,1.967,1.995,23184.5,1747327499999999,45861.6663,226,7862.6,15583.8636,0
1747327500000000,1.998,2.008,1.995,2.007,24529.7,1747328399999999,49065.9093,351,14514.5,29034.6025,0
1747328400000000,2.008,2.008,1.99,1.992,14314.3,1747329299999999,28588.2652,185,6213.4,12398.5578,0
1747329300000000,1.992,2.014,1.992,2.006,13587.6,1747330199999999,27266.2529,197,7534.5,15116.9609,0
1747330200000000,2.006,2.008,1.996,2.007,9974.4,1747331099999999,19962.0186,170,4988.5,9986.7241,0
1747331100000000,2.004,2.009,1.986,1.99,8034.2,1747331999999999,16030.7889,182,885.1,1764.3745,0
1747332000000000,1.985,1.988,1.976,1.985,6471.5,1747332899999999,12830.1323,128,3491.9,6924.6485,0
1747332900000000,1.984,1.986,1.962,1.964,9587.0,1747333799999999,18875.0229,253,4018.6,7909.5489,0
1747333800000000,1.962,1.962,1.933,1.946,20137.8,1747334699999999,39231.0443,269,7553.5,14742.9099,0
1747334700000000,1.947,1.949,1.925,1.928,17687.7,1747335599999999,34147.6216,239,8291.8,16009.207,0
1747335600000000,1.93,1.953,1.929,1.95,22903.4,1747336499999999,44572.6824,226,9583.0,18630.6509,0
1747336500000000,1.95,1.956,1.92,1.934,15053.9,1747337399999999,29148.3587,262,6346.1,12279.483,0
1747337400000000,1.935,1.949,1.934,1.946,12926.9,1747338299999999,25084.3929,220,4888.7,9491.7471,0
1747338300000000,1.946,1.953,1.936,1.941,12986.0,1747339199999999,25278.3329,257,5602.4,10909.7238,0
1747339200000000,1.942,1.954,1.928,1.928,47183.1,1747340099999999,91778.3548,660,20921.4,40737.8763,0
1747340100000000,1.927,1.947,1.918,1.939,40607.9,1747340999999999,78451.4736,524,25784.8,49779.6073,0
1747341000000000,1.94,1.942,1.924,1.936,27083.5,1747341899999999,52361.1203,366,15193.3,29349.8389,0
1747341900000000,1.935,1.939,1.927,1.931,13379.6,1747342799999999,25866.2031,179,4884.6,9441.0759,0
1747342800000000,1.929,1.93,1.916,1.918,13016.0,1747343699999999,25040.688,192,7151.3,13761.6091,0
1747343700000000,1.917,1.918,1.894,1.906,49309.9,1747344599999999,93629.134,470,19059.1,36202.9013,0
1747344600000000,1.905,1.92,1.888,1.919,13865.1,1747345499999999,26439.2527,249,9466.1,18103.0563,0
1747345500000000,1.92,1.929,1.92,1.923,5471.7,1747346399999999,10525.5401,119,3490.7,6712.6786,0
1747346400000000,1.922,1.932,1.921,1.929,7303.1,1747347299999999,14077.2989,153,3028.7,5841.9817,0
1747347300000000,1.93,1.935,1.928,1.928,5240.6,1747348199999999,10124.9468,110,3055.6,5905.4093,0
1747348200000000,1.928,1.932,1.927,1.931,1747.8,1747349099999999,3372.4129,24,765.6,1477.0164,0
1747349100000000,1.929,1.93,1.897,1.897,44248.2,1747349999999999,84211.1051,256,11786.7,22428.274,0
1747350000000000,1.898,1.906,1.882,1.884,28858.8,1747350899999999,54615.1949,343,14537.2,27506.6374,0
1747350900000000,1.885,1.887,1.871,1.887,29356.3,1747351799999999,55130.61,408,14273.6,26817.9853,0
1747351800000000,1.887,1.92,1.887,1.917,14796.7,1747352699999999,28097.6678,190,7422.4,14086.5143,0
1747352700000000,1.918,1.922,1.908,1.912,4164.9,1747353599999999,7972.5609,73,616.9,1182.4675,0
1747353600000000,1.913,1.927,1.904,1.927,14476.8,1747354499999999,27730.8984,245,7861.1,15077.3437,0
1747354500000000,1.928,1.929,1.917,1.925,6607.0,1747355399999999,12709.748,111,4372.5,8409.6572,0
1747355400000000,1.923,1.942,1.923,1.939,7065.7,1747356299999999,13667.6347,118,3151.7,6093.8394,0
1747356300000000,1.942,1.944,1.924,1.931,14403.0,1747357199999999,27843.6956,182,9928.4,19210.6773,0
1747357200000000,1.929,1.932,1.911,1.918,22265.9,1747358099999999,42811.3815,211,16593.0,31913.7932,0
1747358100000000,1.917,1.93,1.906,1.927,14873.5,1747358999999999,28474.852,204,8410.3,16104.683,0
1747359000000000,1.928,1.948,1.924,1.947,11221.0,1747359899999999,21722.0366,166,7269.1,14055.6158,0
1747359900000000,1.948,1.951,1.936,1.946,25578.0,1747360799999999,49694.0216,253,19576.1,38031.8677,0
1747360800000000,1.947,1.965,1.947,1.964,51448.2,1747361699999999,100585.1782,875,28039.6,54827.6509,0
1747361700000000,1.965,1.97,1.946,1.962,98646.0,1747362599999999,193056.8817,1210,43532.7,85209.7901,0
1747362600000000,1.96,1.973,1.956,1.956,7472.1,1747363499999999,14680.4319,122,3312.5,6508.2726,0
1747363500000000,1.956,1.963,1.954,1.961,5566.0,1747364399999999,10905.633,82,4186.5,8206.1105,0
1747364400000000,1.963,1.964,1.954,1.961,5669.3,1747365299999999,11106.475,98,2575.8,5053.0866,0
1747365300000000,1.962,1.967,1.954,1.962,7020.3,1747366199999999,13767.1384,84,3137.3,6154.8917,0
1747366200000000,1.964,1.968,1.956,1.963,10261.2,1747367099999999,20135.053,140,6000.1,11774.7073,0
1747367100000000,1.964,1.969,1.963,1.965,16173.1,1747367999999999,31800.6671,223,8352.7,16428.7892,0
1747368000000000,1.964,1.973,1.963,1.965,9249.6,1747368899999999,18193.7883,151,3295.0,6481.5966,0
1747368900000000,1.965,1.965,1.951,1.953,4936.7,1747369799999999,9656.5821,93,1183.3,2313.9567,0
1747369800000000,1.952,1.953,1.942,1.945,31229.6,1747370699999999,60777.89,143,2698.2,5257.3859,0
1747370700000000,1.947,1.957,1.944,1.955,4810.9,1747371599999999,9382.8085,122,4375.0,8533.087,0
1747371600000000,1.956,1.965,1.956,1.96,4613.0,1747372499999999,9040.8395,83,3816.1,7478.9993,0
1747372500000000,1.962,1.972,1.962,1.971,9940.7,1747373399999999,19577.0628,152,8401.3,16545.0751,0
1747373400000000,1.97,1.975,1.964,1.968,11923.0,1747374299999999,23472.5209,117,5897.5,11607.5913,0
1747374300000000,1.972,1.972,1.964,1.964,4063.2,1747375199999999,7993.2967,61,1619.5,3186.2857,0
1747375200000000,1.965,1.967,1.958,1.958,5056.8,1747376099999999,9921.7701,77,1196.1,2345.4657,0
1747376100000000,1.959,1.971,1.959,1.96,4408.3,1747376999999999,8667.6575,54,2307.9,4543.3147,0
1747377000000000,1.96,1.972,1.96,1.972,7596.7,1747377899999999,14953.2686,86,4771.4,9391.3286,0
1747377900000000,1.969,1.976,1.958,1.963,52071.7,1747378799999999,102465.9478,419,12423.1,24464.0156,0
1747378800000000,1.961,1.962,1.954,1.958,11324.7,1747379699999999,22147.9713,72,2499.4,4891.4626,0
1747379700000000,1.955,1.972,1.952,1.968,20141.9,1747380599999999,39570.6175,411,9488.5,18632.1101,0
1747380600000000,1.969,1.969,1.951,1.954,6549.9,1747381499999999,12833.2915,80,1306.7,2561.086,0
1747381500000000,1.954,1.973,1.954,1.96,131738.1,1747382399999999,258764.044,1005,62399.5,122596.9918,0
1747382400000000,1.96,1.969,1.96,1.963,9897.1,1747383299999999,19451.8092,159,6735.9,13237.244,0
1747383300000000,1.963,1.963,1.94,1.947,16208.8,1747384199999999,31585.7644,266,5862.2,11416.1968,0
1747384200000000,1.945,1.945,1.923,1.93,24182.3,1747385099999999,46822.3292,251,7827.4,15140.1555,0
1747385100000000,1.932,1.945,1.928,1.944,4059.1,1747385999999999,7872.5069,49,2303.6,4465.1473,0
1747386000000000,1.944,1.956,1.943,1.955,13030.3,1747386899999999,25419.8218,204,7723.2,15057.1837,0
1747386900000000,1.954,1.966,1.954,1.963,10528.5,1747387799999999,20632.9454,127,5319.5,10419.8773,0
1747387800000000,1.962,1.965,1.954,1.965,13365.7,1747388699999999,26195.0168,178,5355.4,10498.4245,0
1747388700000000,1.963,1.977,1.963,1.976,12391.8,1747389599999999,24415.2067,126,7910.9,15587.4857,0
1747389600000000,1.974,1.982,1.97,1.98,19796.9,1747390499999999,39173.325,384,10132.4,20053.0297,0
1747390500000000,1.981,1.983,1.969,1.969,7393.2,1747391399999999,14623.573,167,1684.3,3330.3088,0
1747391400000000,1.969,1.98,1.969,1.973,5288.6,1747392299999999,10437.9211,84,3464.1,6840.1591,0
1747392300000000,1.977,1.98,1.973,1.98,6746.2,1747393199999999,13340.5736,137,5173.9,10233.5784,0
1747393200000000,1.978,1.985,1.975,1.978,12947.6,1747394099999999,25612.2022,266,6230.0,12326.4917,0
1747394100000000,1.974,1.988,1.967,1.967,11952.9,1747394999999999,23631.2944,152,5501.6,10884.2791,0
1747395000000000,1.968,1.979,1.961,1.969,12616.2,1747395899999999,24864.5731,187,7363.0,14509.6296,0
1747395900000000,1.968,1.978,1.968,1.974,2816.4,1747396799999999,5554.9076,49,1865.6,3677.0371,0
1747396800000000,1.975,1.978,1.965,1.965,31666.9,1747397699999999,62414.7024,284,9828.5,19369.7417,0
1747397700000000,1.965,1.965,1.95,1.955,15676.6,1747398599999999,30671.7693,213,7615.3,14905.401,0
1747398600000000,1.955,1.96,1.95,1.951,11949.2,1747399499999999,23362.2139,117,3794.4,7419.2235,0
1747399500000000,1.951,1.958,1.949,1.949,7103.4,1747400399999999,13862.5109,85,5088.3,9932.8745,0
1747400400000000,1.948,1.962,1.946,1.96,16385.0,1747401299999999,31961.0331,175,5793.6,11312.7695,0
1747401300000000,1.961,1.968,1.959,1.959,6530.7,1747402199999999,12817.6592,109,4562.5,8952.0872,0
1747402200000000,1.958,1.974,1.954,1.962,7447.6,1747403099999999,14597.007,97,3569.7,6994.412,0
1747403100000000,1.967,1.977,1.967,1.975,11164.0,1747403999999999,22012.5881,165,5753.1,11344.3607,0
1747404000000000,1.974,1.974,1.942,1.951,64557.4,1747404899999999,126853.7767,801,29086.1,57128.1568,0
1747404900000000,1.949,1.963,1.948,1.958,22630.7,1747405799999999,44166.4869,304,12194.2,23808.2679,0
1747405800000000,1.958,1.958,1.928,1.93,12753.2,1747406699999999,24730.579,226,5159.8,10019.1817,0
1747406700000000,1.929,1.944,1.927,1.942,6965.0,1747407599999999,13472.8,79,2980.4,5767.4352,0
1747407600000000,1.944,1.963,1.944,1.958,25310.8,1747408499999999,49413.8607,198,20991.7,40970.4816,0
1747408500000000,1.959,1.961,1.947,1.952,7311.3,1747409399999999,14263.4017,116,1162.6,2269.3284,0
1747409400000000,1.951,1.957,1.943,1.948,15651.3,1747410299999999,30568.4127,365,8827.3,17242.1044,0
1747410300000000,1.951,1.955,1.947,1.955,3630.9,1747411199999999,7081.6301,68,1269.3,2477.1306,0
1747411200000000,1.956,1.97,1.953,1.953,7911.4,1747412099999999,15537.9966,150,2969.1,5827.2791,0
1747412100000000,1.953,1.955,1.939,1.941,18092.9,1747412999999999,35204.0237,249,5843.9,11363.5024,0
1747413000000000,1.942,1.944,1.926,1.931,4580.8,1747413899999999,8860.561,108,1474.0,2851.0473,0
1747413900000000,1.933,1.952,1.93,1.951,4036.0,1747414799999999,7842.6877,73,2998.3,5832.6704,0
1747414800000000,1.95,1.953,1.942,1.944,1443.6,1747415699999999,2811.9482,29,467.7,910.2633,0
1747415700000000,1.949,1.959,1.949,1.954,2563.9,1747416599999999,5012.2587,40,1215.5,2377.0466,0
1747416600000000,1.953,1.954,1.936,1.942,1876.6,1747417499999999,3644.7945,36,588.4,1145.6629,0
1747417500000000,1.941,1.944,1.923,1.928,5036.5,1747418399999999,9732.0448,84,2130.8,4128.2133,0
1747418400000000,1.928,1.938,1.928,1.938,1642.6,1747419299999999,3174.1979,27,1138.9,2199.9776,0
1747419300000000,1.939,1.947,1.932,1.945,57594.4,1747420199999999,111834.0986,673,47374.5,91993.6766,0
1747420200000000,1.945,1.946,1.93,1.935,63691.4,1747421099999999,123307.1915,525,30669.3,59385.2669,0
1747421100000000,1.934,1.941,1.933,1.937,7775.1,1747421999999999,15053.3446,131,4381.5,8481.8251,0
1747422000000000,1.936,1.948,1.935,1.938,7758.8,1747422899999999,15072.4103,131,2883.9,5603.1299,0
1747422900000000,1.938,1.947,1.932,1.945,4580.8,1747423799999999,8872.3907,83,2142.1,4146.7751,0
1747423800000000,1.946,1.95,1.944,1.945,13615.1,1747424699999999,26517.5896,168,3575.2,6966.6534,0
1747424700000000,1.945,1.95,1.941,1.95,3232.3,1747425599999999,6291.0056,77,1825.2,3553.1827,0
1747425600000000,1.946,1.952,1.944,1.947,2080.3,1747426499999999,4051.1527,37,1098.8,2141.9088,0
1747426500000000,1.945,1.946,1.934,1.935,3339.5,1747427399999999,6473.8229,44,1664.5,3223.3254,0
1747427400000000,1.934,1.934,1.915,1.916,26524.8,1747428299999999,51012.8125,334,9385.8,18049.3613,0
1747428300000000,1.916,1.928,1.912,1.921,37575.1,1747429199999999,72168.7662,472,24149.6,46386.0678,0
1747429200000000,1.921,1.925,1.921,1.925,6289.9,1747430099999999,12096.5277,84,4525.0,8702.8718,0
1747430100000000,1.924,1.932,1.922,1.926,6717.1,1747430999999999,12953.3253,159,2247.1,4338.442,0
1747431000000000,1.925,1.933,1.915,1.93,10462.2,1747431899999999,20125.9584,356,3292.9,6330.4022,0
1747431900000000,1.929,1.93,1.916,1.92,4954.2,1747432799999999,9527.4266,128,1134.8,2178.6359,0
1747432800000000,1.919,1.92,1.9,1.904,7228.6,1747433699999999,13788.6915,187,1646.5,3139.239,0
1747433700000000,1.904,1.913,1.901,1.903,4765.7,1747434599999999,9079.3833,148,3449.2,6572.5325,0
1747434600000000,1.904,1.906,1.895,1.895,7563.5,1747435499999999,14373.458,136,1454.9,2767.6551,0
1747435500000000,1.896,1.898,1.88,1.89,38128.4,1747436399999999,71993.8933,608,22898.9,43253.3029,0
1747436400000000,1.891,1.908,1.891,1.908,5005.5,1747437299999999,9522.0821,187,2705.1,5145.9885,0
1747437300000000,1.909,1.911,1.899,1.911,5772.4,1747438199999999,10996.9656,197,661.0,1260.2113,0
1747438200000000,1.911,1.916,1.907,1.907,7266.8,1747439099999999,13895.753,196,2079.1,3974.5042,0
1747439100000000,1.906,1.907,1.894,1.896,10929.1,1747439999999999,20739.3321,164,5416.2,10274.1258,0
1747440000000000,1.896,1.904,1.893,1.903,19250.2,1747440899999999,36569.9578,347,8689.2,16508.0098,0
1747440900000000,1.903,1.905,1.881,1.882,28845.8,1747441799999999,54619.7566,445,13283.4,25170.7956,0
1747441800000000,1.881,1.886,1.866,1.879,23022.9,1747442699999999,43125.9871,570,9249.7,17331.901,0
1747442700000000,1.878,1.886,1.874,1.879,14391.9,1747443599999999,27062.9313,270,7116.8,13387.1941,0
1747443600000000,1.878,1.878,1.86,1.863,22107.8,1747444499999999,41304.1567,316,9479.6,17711.0207,0
1747444500000000,1.863,1.866,1.852,1.865,18697.6,1747445399999999,34726.8985,322,11203.2,20818.7827,0
1747445400000000,1.866,1.866,1.852,1.856,5777.9,1747446299999999,10730.751,142,3001.3,5577.5491,0
1747446300000000,1.856,1.856,1.835,1.852,49786.8,1747447199999999,91842.1187,641,25299.9,46709.1354,0
1747447200000000,1.852,1.856,1.829,1.832,41654.3,1747448099999999,76580.1837,462,14132.7,25992.7486,0
1747448100000000,1.833,1.857,1.83,1.857,19940.2,1747448999999999,36730.5597,286,12609.5,23253.744,0
1747449000000000,1.858,1.866,1.858,1.865,11856.2,1747449899999999,22078.7386,222,7980.7,14862.3904,0
1747449900000000,1.865,1.866,1.852,1.857,7136.3,1747450799999999,13263.8105,104,2459.8,4577.8192,0
1747450800000000,1.858,1.86,1.847,1.849,3320.3,1747451699999999,6159.4555,77,1867.9,3467.7662,0
1747451700000000,1.848,1.855,1.838,1.855,5712.1,1747452599999999,10526.2509,123,2775.0,5117.6601,0
1747452600000000,1.855,1.874,1.853,1.872,11940.6,1747453499999999,22304.6663,229,8232.5,15386.3296,0
1747453500000000,1.872,1.887,1.872,1.884,16833.3,1747454399999999,31611.1924,393,11080.7,20813.5156,0
1747454400000000,1.884,1.885,1.874,1.875,3101.4,1747455299999999,5830.8742,92,1286.6,2419.0489,0
1747455300000000,1.877,1.891,1.877,1.89,4140.4,1747456199999999,7806.0161,92,2965.1,5587.0155,0
1747456200000000,1.889,1.899,1.887,1.897,1741.9,1747457099999999,3294.2195,56,484.5,917.5914,0
1747457100000000,1.896,1.896,1.891,1.893,3207.2,1747457999999999,6073.8111,72,1266.4,2399.7225,0
1747458000000000,1.893,1.893,1.882,1.884,4586.1,1747458899999999,8661.4553,106,955.4,1804.2671,0
1747458900000000,1.883,1.884,1.874,1.88,908.8,1747459799999999,1705.6906,40,686.5,1288.765,0
1747459800000000,1.881,1.881,1.872,1.872,1687.0,1747460699999999,3163.2543,66,366.6,687.2222,0
1747460700000000,1.87,1.87,1.86,1.861,14096.8,1747461599999999,26270.9243,208,5368.0,10009.2469,0
1747461600000000,1.861,1.875,1.861,1.874,11653.0,1747462499999999,21804.4258,172,8088.8,15137.4972,0
1747462500000000,1.874,1.874,1.862,1.863,8516.3,1747463399999999,15888.7048,147,4917.6,9172.0068,0
1747463400000000,1.861,1.872,1.861,1.872,6008.5,1747464299999999,11191.3827,87,5080.2,9462.3531,0
1747464300000000,1.875,1.88,1.872,1.877,4950.3,1747465199999999,9289.5286,77,2255.6,4236.2095,0
1747465200000000,1.875,1.888,1.874,1.882,2358.3,1747466099999999,4437.3265,68,1635.9,3080.2273,0
1747466100000000,1.883,1.89,1.88,1.886,7252.6,1747466999999999,13689.231,126,3308.6,6244.5169,0
1747467000000000,1.886,1.886,1.866,1.866,2191.2,1747467899999999,4113.7688,49,227.3,425.0728,0
1747467900000000,1.867,1.867,1.859,1.867,8832.5,1747468799999999,16455.7727,160,3456.7,6445.3669,0
1747468800000000,1.867,1.879,1.865,1.868,9047.1,1747469699999999,16943.7189,204,2430.7,4547.8606,0
1747469700000000,1.868,1.877,1.863,1.875,19926.8,1747470599999999,37218.456,353,11606.9,21672.7331,0
1747470600000000,1.877,1.879,1.864,1.864,1921.1,1747471499999999,3593.3412,67,1265.9,2367.5696,0
1747471500000000,1.865,1.869,1.857,1.858,8397.0,1747472399999999,15632.6445,144,3033.3,5656.0779,0
1747472400000000,1.857,1.862,1.849,1.86,8055.8,1747473299999999,14953.9862,176,3383.6,6287.3977,0
1747473300000000,1.86,1.86,1.846,1.852,6398.9,1747474199999999,11846.4819,131,1935.8,3583.6861,0
1747474200000000,1.85,1.865,1.849,1.861,5233.6,1747475099999999,9725.4263,125,3240.8,6026.3443,0
1747475100000000,1.862,1.87,1.859,1.86,5432.3,1747475999999999,10127.2945,126,2100.3,3921.3961,0
1747476000000000,1.859,1.872,1.856,1.87,3968.4,1747476899999999,7402.2015,76,2326.5,4334.5581,0
1747476900000000,1.869,1.877,1.868,1.87,10560.6,1747477799999999,19780.3159,140,4417.6,8279.6601,0
1747477800000000,1.871,1.872,1.862,1.862,6189.0,1747478699999999,11560.3896,70,1858.4,3476.2717,0
1747478700000000,1.863,1.869,1.862,1.864,3560.5,1747479599999999,6638.4062,70,1269.5,2367.203,0
1747479600000000,1.866,1.87,1.862,1.862,1400.8,1747480499999999,2615.0381,39,687.5,1283.322,0
1747480500000000,1.861,1.865,1.852,1.852,6045.0,1747481399999999,11239.9202,124,4275.2,7950.5795,0
1747481400000000,1.854,1.865,1.854,1.863,6503.0,1747482299999999,12115.7538,117,2764.2,5150.188,0
1747482300000000,1.863,1.868,1.856,1.858,1949.8,1747483199999999,3631.1438,55,543.0,1011.6118,0
1747483200000000,1.856,1.862,1.855,1.857,3270.6,1747484099999999,6076.0437,76,594.8,1105.4305,0
1747484100000000,1.857,1.869,1.853,1.869,20720.2,1747484999999999,38588.4149,226,16895.3,31478.0058,0
1747485000000000,1.869,1.881,1.865,1.875,103063.9,1747485899999999,193157.8454,962,78889.3,147830.865,0
1747485900000000,1.874,1.887,1.871,1.885,127374.1,1747486799999999,239456.5833,1314,95548.7,179634.7847,0
1747486800000000,1.883,1.886,1.864,1.886,11010.9,1747487699999999,20617.7958,319,4929.5,9247.8433,0
1747487700000000,1.887,1.889,1.865,1.869,15874.0,1747488599999999,29871.2823,234,4121.2,7743.8011,0
1747488600000000,1.869,1.87,1.858,1.862,7620.9,1747489499999999,14187.1874,121,4907.6,9140.0295,0
1747489500000000,1.862,1.862,1.854,1.862,15986.9,1747490399999999,29704.9693,218,5873.3,10914.6757,0
1747490400000000,1.861,1.869,1.86,1.869,4453.3,1747491299999999,8300.7564,97,3267.6,6091.3617,0
1747491300000000,1.868,1.886,1.868,1.884,6738.6,1747492199999999,12650.7117,111,1289.1,2419.1597,0
1747492200000000,1.884,1.887,1.875,1.877,8562.3,1747493099999999,16138.7505,107,5039.1,9498.6292,0
1747493100000000,1.878,1.891,1.878,1.887,6229.6,1747493999999999,11758.2171,104,2605.0,4913.3121,0
1747494000000000,1.887,1.889,1.875,1.886,3526.5,1747494899999999,6637.1229,83,1485.5,2797.2221,0
1747494900000000,1.886,1.887,1.881,1.885,1563.2,1747495799999999,2945.9973,42,962.0,1812.662,0
1747495800000000,1.883,1.885,1.88,1.884,3301.7,1747496699999999,6217.444,63,1387.3,2613.601,0
1747496700000000,1.884,1.884,1.87,1.87,6103.8,1747497599999999,11435.6292,71,195.1,365.2476,0
1747497600000000,1.869,1.876,1.868,1.871,6420.8,1747498499999999,12014.4181,89,1994.1,3732.1412,0
1747498500000000,1.872,1.874,1.854,1.858,16224.2,1747499399999999,30186.8068,191,4471.7,8339.1084,0
1747499400000000,1.858,1.858,1.838,1.839,13597.6,1747500299999999,25086.3556,265,5060.1,9328.0164,0
1747500300000000,1.838,1.846,1.827,1.845,25324.9,1747501199999999,46445.9588,248,13874.6,25463.7237,0
1747501200000000,1.848,1.858,1.844,1.857,15730.0,1747502099999999,29111.7237,194,6927.2,12826.7059,0
1747502100000000,1.859,1.86,1.848,1.86,5413.1,1747502999999999,10037.8427,115,4248.8,7881.3658,0
1747503000000000,1.861,1.866,1.856,1.862,5455.9,1747503899999999,10155.059,115,2903.1,5404.0259,0
1747503900000000,1.862,1.862,1.849,1.849,3397.4,1747504799999999,6308.806,45,923.3,1712.4184,0
1747504800000000,1.846,1.862,1.846,1.856,69636.5,1747505699999999,129039.6261,1014,37081.0,68722.0291,0
1747505700000000,1.855,1.868,1.846,1.864,21296.1,1747506599999999,39584.9844,341,14742.6,27404.8374,0
1747506600000000,1.863,1.863,1.849,1.856,25056.5,1747507499999999,46428.7975,315,10908.9,20214.147,0
1747507500000000,1.854,1.854,1.84,1.84,3865.9,1747508399999999,7148.2597,61,1561.0,2884.7066,0
1747508400000000,1.839,1.853,1.835,1.852,4821.8,1747509299999999,8870.0244,96,2445.9,4501.8598,0
1747509300000000,1.853,1.86,1.85,1.85,4171.8,1747510199999999,7738.3821,72,613.6,1137.6179,0
1747510200000000,1.849,1.849,1.839,1.846,1697.0,1747511099999999,3126.117,71,964.1,1775.1305,0
1747511100000000,1.848,1.848,1.839,1.839,4086.4,1747511999999999,7530.0161,116,2745.5,5056.7041,0
1747512000000000,1.841,1.85,1.832,1.832,7851.2,1747512899999999,14445.929,165,3506.6,6451.0261,0
1747512900000000,1.833,1.844,1.833,1.84,5933.6,1747513799999999,10911.1585,135,2492.1,4580.2207,0
1747513800000000,1.841,1.847,1.839,1.843,4118.3,1747514699999999,7592.6766,69,3036.0,5597.7489,0
1747514700000000,1.845,1.874,1.841,1.87,33720.8,1747515599999999,62871.3365,533,23076.9,43007.2045,0
1747515600000000,1.87,1.872,1.856,1.863,7702.1,1747516499999999,14358.2988,124,3738.0,6969.8712,0
1747516500000000,1.864,1.864,1.853,1.855,2459.1,1747517399999999,4569.2378,30,331.0,615.5239,0
1747517400000000,1.858,1.867,1.858,1.865,1183.5,1747518299999999,2204.1772,34,394.2,733.8351,0
1747518300000000,1.863,1.866,1.858,1.861,3210.1,1747519199999999,5981.2316,73,1379.2,2569.3956,0
1747519200000000,1.859,1.859,1.837,1.839,8222.7,1747520099999999,15196.0856,241,3519.8,6498.5867,0
1747520100000000,1.838,1.838,1.83,1.832,4883.4,1747520999999999,8955.3925,105,3296.9,6048.4956,0
1747521000000000,1.83,1.848,1.83,1.848,3599.5,1747521899999999,6620.091,99,2233.7,4102.6262,0
1747521900000000,1.846,1.848,1.841,1.844,2619.8,1747522799999999,4828.5292,79,448.0,825.7815,0
1747522800000000,1.843,1.848,1.834,1.848,3589.1,1747523699999999,6608.3529,106,2279.2,4198.529,0
1747523700000000,1.846,1.852,1.841,1.851,2203.2,1747524599999999,4074.4448,77,1588.3,2938.1973,0
1747524600000000,1.85,1.851,1.843,1.846,2435.6,1747525499999999,4500.5614,50,1299.2,2400.798,0
1747525500000000,1.844,1.846,1.842,1.843,1605.1,1747526399999999,2958.5002,50,242.6,447.1907,0
1747526400000000,1.845,1.859,1.845,1.848,18933.4,1747527299999999,35139.4809,198,15074.2,27986.245,0
1747527300000000,1.85,1.856,1.843,1.852,13082.0,1747528199999999,24243.8314,179,8984.0,16655.2901,0
1747528200000000,1.851,1.854,1.846,1.848,4250.8,1747529099999999,7869.8587,113,1959.1,3625.1597,0
1747529100000000,1.847,1.864,1.846,1.859,4874.9,1747529999999999,9036.9496,135,3537.4,6557.4713,0
1747530000000000,1.859,1.859,1.852,1.855,2924.1,1747530899999999,5427.2837,54,1530.1,2839.6744,0
1747530900000000,1.856,1.87,1.856,1.86,8121.4,1747531799999999,15139.9257,149,4645.3,8658.7582,0
1747531800000000,1.858,1.867,1.855,1.861,3828.5,1747532699999999,7131.8686,71,1479.6,2754.3782,0
1747532700000000,1.863,1.879,1.86,1.872,6222.5,1747533599999999,11629.6123,175,1257.9,2355.7422,0
1747533600000000,1.872,1.874,1.867,1.873,1789.8,1747534499999999,3349.0971,32,1623.8,3038.3905,0
1747534500000000,1.874,1.874,1.87,1.872,2468.3,1747535399999999,4620.3679,44,990.4,1853.3263,0
1747535400000000,1.871,1.872,1.866,1.867,1838.7,1747536299999999,3436.8869,56,251.9,471.2158,0
1747536300000000,1.867,1.875,1.866,1.872,4237.3,1747537199999999,7932.6125,51,1754.3,3284.5007,0
1747537200000000,1.873,1.881,1.869,1.871,19089.2,1747538099999999,35785.3239,402,6825.8,12793.6572,0
1747538100000000,1.871,1.871,1.863,1.863,4925.1,1747538999999999,9178.5721,56,522.1,973.9563,0
1747539000000000,1.862,1.877,1.862,1.876,19599.0,1747539899999999,36668.3865,307,11653.6,21789.5002,0
1747539900000000,1.875,1.877,1.874,1.874,14942.9,1747540799999999,28020.0575,91,2825.3,5299.8383,0
1747540800000000,1.873,1.886,1.869,1.884,17241.4,1747541699999999,32400.355,330,8626.7,16206.6492,0
1747541700000000,1.886,1.889,1.882,1.887,34982.4,1747542599999999,65984.2912,391,24360.9,45948.7182,0
1747542600000000,1.887,1.893,1.882,1.892,5449.5,1747543499999999,10289.6404,91,2902.4,5484.9908,0
1747543500000000,1.892,1.9,1.892,1.896,10434.1,1747544399999999,19786.0138,142,4575.9,8673.0758,0
1747544400000000,1.896,1.91,1.896,1.905,12319.2,1747545299999999,23497.2034,148,9699.9,18504.4706,0
1747545300000000,1.907,1.918,1.907,1.916,9710.6,1747546199999999,18586.7308,102,1907.8,3650.4265,0
1747546200000000,1.917,1.917,1.907,1.915,5721.5,1747547099999999,10939.6629,80,3056.8,5843.7832,0
1747547100000000,1.916,1.928,1.916,1.928,10090.8,1747547999999999,19405.2297,159,3047.4,5855.8997,0
1747548000000000,1.928,1.928,1.919,1.92,7618.9,1747548899999999,14654.7954,131,4801.4,9237.3001,0
1747548900000000,1.92,1.923,1.914,1.917,3907.4,1747549799999999,7492.2463,56,1121.6,2152.1704,0
1747549800000000,1.917,1.917,1.911,1.916,5749.8,1747550699999999,11002.1489,99,2274.5,4355.5089,0
1747550700000000,1.917,1.917,1.906,1.909,5484.8,1747551599999999,10475.6839,77,2277.1,4347.0135,0
1747551600000000,1.908,1.915,1.906,1.915,3338.1,1747552499999999,6370.3281,68,1083.2,2067.318,0
1747552500000000,1.914,1.917,1.912,1.915,2470.3,1747553399999999,4731.3617,41,2192.5,4199.1811,0
1747553400000000,1.914,1.919,1.913,1.919,2073.5,1747554299999999,3970.0853,82,827.8,1585.4192,0
1747554300000000,1.917,1.927,1.913,1.925,4633.4,1747555199999999,8898.1553,110,2970.3,5700.884,0
1747555200000000,1.927,1.948,1.927,1.935,23784.6,1747556099999999,46104.3266,599,9332.1,18097.5218,0
1747556100000000,1.936,1.943,1.932,1.94,3745.7,1747556999999999,7259.1829,79,2295.4,4445.4339,0
1747557000000000,1.941,1.945,1.939,1.939,5845.9,1747557899999999,11351.3559,105,1484.0,2883.8951,0
1747557900000000,1.939,1.948,1.938,1.946,14374.3,1747558799999999,27964.9556,187,8307.8,16167.2822,0
1747558800000000,1.945,1.953,1.945,1.951,6642.1,1747559699999999,12953.2499,117,2390.5,4661.5954,0
1747559700000000,1.951,1.951,1.942,1.943,6069.6,1747560599999999,11808.1497,115,2918.2,5675.3369,0
1747560600000000,1.943,1.944,1.928,1.928,6068.4,1747561499999999,11752.2236,125,1058.7,2053.4603,0
1747561500000000,1.928,1.937,1.928,1.937,9656.6,1747562399999999,18663.6183,209,6897.4,13331.7779,0
1747562400000000,1.938,1.947,1.937,1.947,3825.4,1747563299999999,7431.6317,121,1155.1,2245.1014,0
1747563300000000,1.946,1.949,1.94,1.941,5322.5,1747564199999999,10362.8131,79,834.4,1623.3703,0
1747564200000000,1.941,1.947,1.939,1.946,5937.2,1747565099999999,11541.7852,77,958.1,1862.3871,0
1747565100000000,1.947,1.953,1.943,1.952,8545.5,1747565999999999,16652.4952,136,3672.7,7160.4294,0
1747566000000000,1.952,1.956,1.952,1.954,3669.3,1747566899999999,7172.8752,68,1214.7,2374.6603,0
1747566900000000,1.956,1.959,1.945,1.947,6026.0,1747567799999999,11768.4584,158,1091.1,2132.8893,0
1747567800000000,1.947,1.949,1.939,1.939,3330.0,1747568699999999,6473.0335,95,1205.3,2343.1326,0
1747568700000000,1.94,1.942,1.935,1.937,2486.1,1747569599999999,4818.6881,84,1071.3,2077.5481,0
1747569600000000,1.938,1.938,1.928,1.929,5254.9,1747570499999999,10147.5066,160,1629.8,3145.2912,0
1747570500000000,1.93,1.941,1.928,1.94,4394.9,1747571399999999,8517.9063,81,1196.1,2319.9418,0
1747571400000000,1.941,1.943,1.94,1.941,2368.0,1747572299999999,4597.612,42,1346.6,2614.3372,0
1747572300000000,1.941,1.95,1.939,1.949,9083.6,1747573199999999,17659.1844,147,7881.9,15320.957,0
1747573200000000,1.95,1.95,1.946,1.948,3306.8,1747574099999999,6443.6615,65,1079.6,2104.595,0
1747574100000000,1.947,1.953,1.947,1.949,3753.2,1747574999999999,7320.799,70,1744.2,3403.3782,0
1747575000000000,1.951,1.959,1.95,1.957,9144.9,1747575899999999,17886.5247,150,5600.5,10957.5739,0
1747575900000000,1.958,1.972,1.953,1.97,30211.3,1747576799999999,59196.411,300,23755.9,46538.13,0
1747576800000000,1.97,1.976,1.968,1.969,14270.1,1747577699999999,28150.4065,256,3609.9,7125.1117,0
1747577700000000,1.97,1.982,1.97,1.98,29572.3,1747578599999999,58409.3196,277,17075.8,33726.6131,0
1747578600000000,1.98,1.997,1.976,1.995,22960.1,1747579499999999,45653.6627,287,7793.4,15489.1706,0
1747579500000000,1.997,2.005,1.996,2.0,24680.0,1747580399999999,49374.3842,370,13025.5,26060.7559,0
1747580400000000,2.0,2.0,1.985,1.99,18481.2,1747581299999999,36788.6055,294,3440.7,6854.394,0
1747581300000000,1.989,1.996,1.985,1.992,5559.8,1747582199999999,11074.9548,112,2895.6,5767.3264,0
1747582200000000,1.991,2.003,1.989,1.999,23117.9,1747583099999999,46197.0108,412,11639.0,23263.3764,0
1747583100000000,2.0,2.014,1.999,2.005,29216.0,1747583999999999,58531.6495,396,16605.5,33263.7401,0
1747584000000000,2.005,2.009,1.997,2.0,5652.8,1747584899999999,11334.2503,108,2871.5,5763.2976,0
1747584900000000,2.001,2.001,1.989,1.999,11566.1,1747585799999999,23066.0915,310,4068.5,8119.6534,0
1747585800000000,2.0,2.011,1.996,2.002,24979.6,1747586699999999,50076.0006,395,13624.3,27322.747,0
1747586700000000,2.002,2.009,1.996,2.003,28307.2,1747587599999999,56636.7933,481,10823.8,21663.275,0
1747587600000000,2.002,2.003,1.988,1.991,8847.4,1747588499999999,17635.2516,155,3908.0,7796.3334,0
1747588500000000,1.991,1.991,1.972,1.979,15803.5,1747589399999999,31271.3057,354,4032.4,7977.3716,0
1747589400000000,1.979,1.983,1.962,1.967,28784.3,1747590299999999,56659.6546,579,13109.9,25811.6736,0
1747590300000000,1.966,1.966,1.937,1.94,28898.3,1747591199999999,56249.0382,568,9189.3,17881.8419,0
1747591200000000,1.937,1.941,1.904,1.913,62877.0,1747592099999999,120574.4645,1296,30067.2,57588.0984,0
1747592100000000,1.914,1.921,1.895,1.921,28417.7,1747592999999999,54202.5347,671,18658.6,35597.1054,0
1747593000000000,1.921,1.923,1.91,1.917,23265.0,1747593899999999,44563.054,358,8207.6,15727.6525,0
1747593900000000,1.915,1.92,1.903,1.919,12436.8,1747594799999999,23774.1957,321,6881.6,13157.0691,0
1747594800000000,1.918,1.923,1.91,1.918,5119.9,1747595699999999,9806.6699,172,2393.4,4585.8935,0
1747595700000000,1.917,1.925,1.912,1.914,9711.3,1747596599999999,18627.9737,162,3132.1,6010.1692,0
1747596600000000,1.913,1.913,1.886,1.893,36892.0,1747597499999999,69887.4307,687,17142.9,32467.7214,0
1747597500000000,1.892,1.893,1.873,1.873,11396.0,1747598399999999,21441.9151,298,4237.4,7970.6097,0
1747598400000000,1.872,1.872,1.84,1.858,80809.5,1747599299999999,149890.1795,2343,39662.6,73604.795,0
1747599300000000,1.858,1.869,1.858,1.868,20823.2,1747600199999999,38773.5811,337,12503.8,23278.4659,0
1747600200000000,1.867,1.882,1.862,1.882,4707.9,1747601099999999,8802.3149,149,2003.7,3745.8517,0
1747601100000000,1.882,1.89,1.88,1.889,17232.9,1747601999999999,32454.2336,295,8361.0,15747.0738,0
1747602000000000,1.89,1.902,1.89,1.898,15522.5,1747602899999999,29466.1377,220,6864.3,13029.1889,0
1747602900000000,1.899,1.912,1.898,1.912,13262.8,1747603799999999,25284.2584,168,6919.7,13197.2024,0
1747603800000000,1.912,1.918,1.899,1.909,7724.7,1747604699999999,14737.7258,154,3752.2,7159.5719,0
1747604700000000,1.909,1.91,1.893,1.896,3493.5,1747605599999999,6638.4974,75,784.6,1491.9482,0
1747605600000000,1.895,1.895,1.878,1.887,13307.3,1747606499999999,25122.2232,208,3985.2,7527.3096,0
1747606500000000,1.885,1.912,1.878,1.91,13040.4,1747607399999999,24746.2262,151,6112.5,11574.6121,0
1747607400000000,1.91,1.923,1.905,1.911,22773.0,1747608299999999,43630.5391,243,8514.5,16310.6318,0
1747608300000000,1.913,1.928,1.913,1.928,11600.2,1747609199999999,22280.6235,183,7404.2,14230.6673,0
1747609200000000,1.927,1.927,1.917,1.921,6876.1,1747610099999999,13217.4979,77,2189.9,4211.2349,0
1747610100000000,1.918,1.934,1.914,1.934,5515.8,1747610999999999,10624.8174,101,4454.2,8588.2942,0
1747611000000000,1.933,1.941,1.929,1.938,5413.1,1747611899999999,10478.1043,106,3003.1,5814.398,0
1747611900000000,1.942,1.974,1.937,1.967,13811.3,1747612799999999,27038.4815,311,6023.7,11766.2911,0
1747612800000000,1.968,1.993,1.962,1.975,69718.0,1747613699999999,137799.9217,703,24048.3,47558.7759,0
1747613700000000,1.975,1.975,1.94,1.94,36090.4,1747614599999999,70570.5896,422,7798.2,15253.0103,0
1747614600000000,1.942,1.945,1.927,1.934,26855.5,1747615499999999,51914.7586,290,8825.3,17074.4981,0
1747615500000000,1.933,1.933,1.918,1.923,14451.7,1747616399999999,27830.9891,216,7082.8,13651.0692,0
1747616400000000,1.922,1.933,1.915,1.922,14968.8,1747617299999999,28798.4311,247,8345.4,16055.1602,0
1747617300000000,1.921,1.921,1.907,1.909,46556.8,1747618199999999,89009.2216,356,39046.5,74651.8586,0
1747618200000000,1.909,1.919,1.898,1.902,32069.7,1747619099999999,61267.375,291,20089.8,38414.6072,0
1747619100000000,1.902,1.909,1.901,1.901,2731.1,1747619999999999,5200.2552,53,1616.1,3079.4793,0
1747620000000000,1.9,1.907,1.875,1.875,13641.4,1747620899999999,25793.8688,216,4303.1,8150.7969,0
1747620900000000,1.879,1.895,1.878,1.895,9171.9,1747621799999999,17265.1195,179,3671.4,6915.3909,0
1747621800000000,1.894,1.896,1.89,1.891,5179.3,1747622699999999,9809.0378,68,4124.4,7811.7609,0
1747622700000000,1.891,1.891,1.88,1.883,9350.2,1747623599999999,17630.5626,197,6122.6,11548.4449,0
1747623600000000,1.881,1.882,1.87,1.87,7924.5,1747624499999999,14853.5988,109,1603.3,3006.1207,0
1747624500000000,1.87,1.881,1.869,1.876,11941.1,1747625399999999,22357.581,124,3462.2,6491.2737,0
1747625400000000,1.876,1.878,1.864,1.864,7679.4,1747626299999999,14385.3435,162,3295.6,6177.3091,0
1747626300000000,1.864,1.869,1.861,1.865,6512.3,1747627199999999,12136.1225,73,2331.8,4347.4373,0
1747627200000000,1.864,1.875,1.857,1.872,12491.9,1747628099999999,23288.4898,153,6626.4,12360.39,0
1747628100000000,1.872,1.878,1.857,1.875,169052.5,1747628999999999,315864.3388,1578,116468.7,217569.9396,0
1747629000000000,1.874,1.875,1.823,1.836,210662.1,1747629899999999,389458.1467,1158,91225.0,168834.0148,0
1747629900000000,1.835,1.84,1.813,1.831,117818.9,1747630799999999,214755.3196,1088,47784.7,87187.2478,0
1747630800000000,1.83,1.838,1.817,1.834,21082.3,1747631699999999,38508.0773,255,7984.8,14582.6547,0
1747631700000000,1.832,1.838,1.828,1.831,7734.5,1747632599999999,14165.3535,119,4167.5,7635.6274,0
1747632600000000,1.829,1.844,1.824,1.84,64854.3,1747633499999999,118944.5064,924,31484.1,57763.7766,0
1747633500000000,1.84,1.843,1.834,1.838,11090.7,1747634399999999,20380.7858,125,4533.4,8332.744,0
1747634400000000,1.837,1.851,1.83,1.85,26647.6,1747635299999999,49106.1498,351,17440.6,32125.9147,0
1747635300000000,1.849,1.849,1.831,1.835,8575.4,1747636199999999,15758.2595,91,2126.5,3903.0296,0
1747636200000000,1.831,1.832,1.809,1.819,24042.4,1747637099999999,43696.222,364,8494.1,15447.0181,0
1747637100000000,1.819,1.822,1.798,1.798,24647.9,1747637999999999,44566.8089,261,5493.7,9964.0127,0
1747638000000000,1.797,1.831,1.797,1.829,12686.2,1747638899999999,23016.7749,207,10670.7,19346.7395,0
1747638900000000,1.828,1.844,1.828,1.839,29396.8,1747639799999999,54039.3363,556,14642.6,26917.0225,0
1747639800000000,1.838,1.85,1.838,1.85,17981.7,1747640699999999,33170.2234,238,8974.1,16563.6877,0
1747640700000000,1.851,1.853,1.84,1.84,12073.3,1747641599999999,22310.7421,152,4568.9,8445.7824,0
1747641600000000,1.84,1.841,1.822,1.832,11466.6,1747642499999999,20996.1552,133,5104.4,9339.1414,0
1747642500000000,1.832,1.851,1.831,1.833,25445.1,1747643399999999,46812.3711,227,14015.8,25823.357,0
1747643400000000,1.828,1.832,1.825,1.826,5849.5,1747644299999999,10701.8335,63,3658.6,6693.071,0
1747644300000000,1.826,1.834,1.826,1.828,3809.3,1747645199999999,6975.4926,42,1988.0,3639.0003,0
1747645200000000,1.83,1.841,1.82,1.828,48612.0,1747646099999999,89165.7379,678,24485.8,44934.7075,0
1747646100000000,1.829,1.839,1.829,1.838,9586.6,1747646999999999,17608.0445,71,6577.1,12080.6695,0
1747647000000000,1.838,1.843,1.836,1.838,3717.1,1747647899999999,6835.5791,61,510.9,939.5845,0
1747647900000000,1.838,1.838,1.827,1.828,4840.0,1747648799999999,8853.9148,54,3640.9,6658.3385,0
1747648800000000,1.828,1.828,1.813,1.813,9053.7,1747649699999999,16456.3919,100,2169.5,3940.2809,0
1747649700000000,1.813,1.824,1.813,1.823,13417.3,1747650599999999,24427.1081,139,9912.2,18052.8649,0
1747650600000000,1.823,1.837,1.82,1.837,29015.9,1747651499999999,53113.1916,263,20882.7,38225.5241,0
1747651500000000,1.838,1.842,1.834,1.834,9530.5,1747652399999999,17524.3009,109,3551.9,6534.7525,0
1747652400000000,1.832,1.834,1.825,1.827,3620.7,1747653299999999,6619.4291,49,2554.8,4671.9652,0
1747653300000000,1.828,1.835,1.828,1.832,5572.6,1747654199999999,10207.099,52,4326.3,7926.9941,0
1747654200000000,1.831,1.839,1.827,1.838,3441.8,1747655099999999,6314.6201,48,2682.3,4921.0026,0
1747655100000000,1.838,1.838,1.833,1.834,5560.1,1747655999999999,10203.6018,71,2976.7,5464.439,0
1747656000000000,1.835,1.835,1.821,1.825,9574.1,1747656899999999,17497.389,99,5213.6,9528.2995,0
1747656900000000,1.823,1.823,1.815,1.82,12168.3,1747657799999999,22118.3187,135,5671.9,10311.968,0
1747657800000000,1.82,1.82,1.808,1.813,10682.7,1747658699999999,19355.8257,123,2797.8,5071.8444,0
1747658700000000,1.812,1.812,1.799,1.805,16308.2,1747659599999999,29416.1086,155,6649.2,11993.5067,0
1747659600000000,1.806,1.816,1.806,1.809,12148.7,1747660499999999,22005.4526,94,7937.0,14380.1461,0
1747660500000000,1.809,1.818,1.807,1.817,12582.0,1747661399999999,22816.3977,126,5775.7,10467.3738,0
1747661400000000,1.817,1.846,1.815,1.843,33401.3,1747662299999999,61175.1363,359,17871.5,32679.4568,0
1747662300000000,1.847,1.855,1.839,1.842,34358.5,1747663199999999,63446.0348,353,16180.7,29868.9852,0
1747663200000000,1.842,1.848,1.835,1.839,10607.9,1747664099999999,19537.6629,174,6900.3,12707.2084,0
1747664100000000,1.838,1.852,1.835,1.838,13826.9,1747664999999999,25545.987,165,5373.5,9931.6399,0
1747665000000000,1.84,1.856,1.839,1.852,11111.2,1747665899999999,20565.202,165,5998.8,11102.1834,0
1747665900000000,1.854,1.861,1.853,1.856,5843.9,1747666799999999,10851.3747,96,3253.6,6040.7427,0
1747666800000000,1.855,1.868,1.854,1.861,16411.1,1747667699999999,30528.816,302,7475.8,13913.0651,0
1747667700000000,1.862,1.863,1.848,1.851,16062.6,1747668599999999,29793.4204,281,2957.6,5490.2764,0
1747668600000000,1.849,1.867,1.849,1.867,10430.4,1747669499999999,19399.9971,172,6633.3,12334.1152,0
1747669500000000,1.869,1.871,1.858,1.86,13432.1,1747670399999999,25033.4804,208,4036.3,7518.4819,0
1747670400000000,1.86,1.862,1.84,1.842,13961.5,1747671299999999,25864.2073,167,6840.0,12692.6739,0
1747671300000000,1.841,1.857,1.839,1.857,6840.7,1747672199999999,12643.0755,74,3473.7,6420.4899,0
1747672200000000,1.858,1.861,1.846,1.85,13274.7,1747673099999999,24587.338,188,9513.5,17621.7427,0
1747673100000000,1.853,1.878,1.852,1.876,21088.1,1747673999999999,39309.2576,463,15528.5,28916.0972,0
1747674000000000,1.877,1.888,1.869,1.869,100100.8,1747674899999999,187979.2874,1113,31688.6,59531.7583,0
1747674900000000,1.87,1.878,1.864,1.877,7027.0,1747675799999999,13144.867,109,4278.5,8007.5153,0
1747675800000000,1.874,1.874,1.865,1.867,8481.4,1747676699999999,15850.3474,217,3511.6,6562.0091,0
1747676700000000,1.866,1.869,1.86,1.863,10416.1,1747677599999999,19427.8102,130,3121.6,5824.5637,0
1747677600000000,1.864,1.875,1.864,1.866,4764.5,1747678499999999,8905.453,63,2824.6,5280.8353,0
1747678500000000,1.862,1.869,1.853,1.861,10035.4,1747679399999999,18683.366,133,3429.7,6381.4308,0
1747679400000000,1.859,1.864,1.845,1.862,21258.9,1747680299999999,39359.6969,513,8556.1,15834.6864,0
1747680300000000,1.862,1.866,1.856,1.86,10391.5,1747681199999999,19356.3596,174,7906.9,14732.3127,0
1747681200000000,1.86,1.86,1.855,1.855,12252.5,1747682099999999,22752.3487,199,7108.1,13198.8037,0
1747682100000000,1.854,1.864,1.853,1.855,5963.5,1747682999999999,11081.3907,88,2203.5,4099.0813,0
1747683000000000,1.858,1.879,1.858,1.873,34994.7,1747683899999999,65431.7807,521,24718.4,46202.916,0
1747683900000000,1.874,1.889,1.871,1.888,39748.6,1747684799999999,74746.7724,470,38347.1,72116.4733,0
1747684800000000,1.888,1.9,1.885,1.894,81214.2,1747685699999999,153723.4478,1080,50459.6,95504.3457,0
1747685700000000,1.894,1.915,1.892,1.911,61386.9,1747686599999999,116977.9006,943,51637.0,98390.5984,0
1747686600000000,1.91,1.91,1.894,1.9,22970.0,1747687499999999,43668.0725,441,18022.7,34255.8482,0
1747687500000000,1.9,1.905,1.896,1.9,40861.1,1747688399999999,77653.4104,602,26810.4,50954.9628,0
1747688400000000,1.9,1.903,1.893,1.903,27598.1,1747689299999999,52392.5272,499,17963.5,34120.2931,0
1747689300000000,1.904,1.904,1.887,1.888,23565.7,1747690199999999,44753.6015,532,18631.8,35396.0596,0
1747690200000000,1.888,1.904,1.888,1.902,26377.2,1747691099999999,50046.1031,425,24097.1,45724.0726,0
1747691100000000,1.903,1.918,1.903,1.918,26259.2,1747691999999999,50194.2567,332,19929.4,38096.8136,0
1747692000000000,1.917,1.917,1.9,1.903,28551.1,1747692899999999,54445.6093,428,18647.0,35548.9506,0
1747692900000000,1.903,1.908,1.901,1.903,26250.3,1747693799999999,49988.2172,365,19365.2,36880.0953,0
1747693800000000,1.902,1.914,1.902,1.913,26853.3,1747694699999999,51269.5807,416,18405.1,35136.6904,0
1747694700000000,1.913,1.922,1.913,1.92,40154.9,1747695599999999,77022.322,550,26444.7,50729.0694,0
1747695600000000,1.919,1.932,1.918,1.929,39091.1,1747696499999999,75301.746,537,26036.7,50159.8036,0
1747696500000000,1.929,1.931,1.922,1.925,14279.7,1747697399999999,27513.5356,110,8711.8,16780.1202,0
1747697400000000,1.925,1.935,1.925,1.935,19836.2,1747698299999999,38287.9053,182,13231.1,25543.6128,0
1747698300000000,1.936,1.939,1.935,1.937,17820.4,1747699199999999,34519.6094,202,9237.4,17897.6027,0
1747699200000000,1.938,1.954,1.933,1.953,44120.3,1747700099999999,85711.8317,713,21291.2,41384.7298,0
1747700100000000,1.954,1.973,1.95,1.95,54649.4,1747700999999999,107291.027,951,21544.8,42284.4582,0
1747701000000000,1.951,1.968,1.945,1.946,67504.0,1747701899999999,131951.0768,986,29237.9,57155.5302,0
1747701900000000,1.948,1.948,1.927,1.927,33719.5,1747702799999999,65209.9724,301,20328.0,39294.7346,0
1747702800000000,1.927,1.946,1.926,1.939,26991.1,1747703699999999,52350.4857,546,14056.3,27264.7297,0
1747703700000000,1.94,1.961,1.94,1.958,16600.8,1747704599999999,32405.5581,331,12130.7,23678.2746,0
1747704600000000,1.959,1.973,1.959,1.962,14139.2,1747705499999999,27808.4404,274,10699.3,21050.4119,0
1747705500000000,1.962,1.975,1.961,1.97,25535.3,1747706399999999,50236.7233,433,22308.8,43888.8085,0
1747706400000000,1.97,2.001,1.967,2.0,30646.1,1747707299999999,60945.9112,530,22461.1,44665.8662,0
1747707300000000,2.001,2.039,2.0,2.014,104079.5,1747708199999999,210306.7983,1335,37472.7,75750.0593,0
1747708200000000,2.014,2.019,2.002,2.004,28578.5,1747709099999999,57420.1556,404,13525.0,27198.4877,0
1747709100000000,2.002,2.009,1.997,2.008,24610.7,1747709999999999,49292.9346,277,14738.0,29532.6392,0
1747710000000000,2.006,2.016,2.0,2.0,40197.7,1747710899999999,80660.8562,443,20706.5,41557.1817,0
1747710900000000,2.0,2.006,1.99,1.991,21105.5,1747711799999999,42119.5337,181,8444.3,16857.4939,0
1747711800000000,1.991,1.991,1.978,1.979,19688.6,1747712699999999,39039.6253,233,8249.6,16362.4532,0
1747712700000000,1.981,1.985,1.972,1.982,31258.6,1747713599999999,61873.7968,301,14604.3,28923.5176,0
1747713600000000,1.983,1.989,1.981,1.989,34285.7,1747714499999999,68065.824,312,17523.8,34796.1998,0
1747714500000000,1.988,1.989,1.975,1.976,17224.6,1747715399999999,34120.3256,150,7690.1,15207.018,0
1747715400000000,1.975,1.999,1.973,1.994,26008.3,1747716299999999,51779.3289,232,14872.5,29607.5315,0
1747716300000000,1.998,2.007,1.996,1.999,26880.6,1747717199999999,53777.033,249,8626.1,17262.2276,0
1747717200000000,1.999,2.009,1.994,2.006,14274.7,1747718099999999,28578.727,237,8601.6,17229.266,0
1747718100000000,2.007,2.009,1.999,2.008,12974.7,1747718999999999,26018.3301,282,11131.1,22325.54,0
1747719000000000,2.007,2.01,2.003,2.007,30869.2,1747719899999999,61925.0131,272,16959.9,34006.9591,0
1747719900000000,2.006,2.006,1.993,1.993,7799.1,1747720799999999,15605.6232,111,963.5,1928.0083,0
1747720800000000,1.996,2.001,1.982,1.983,25494.7,1747721699999999,50750.6872,217,7998.2,15956.0961,0
1747721700000000,1.983,1.998,1.981,1.995,42694.6,1747722599999999,85096.7168,329,11090.9,22100.7317,0
1747722600000000,1.996,2.002,1.988,2.0,48279.8,1747723499999999,96407.911,272,25588.9,51140.9339,0
1747723500000000,2.0,2.014,2.0,2.01,33653.3,1747724399999999,67588.4887,616,12625.5,25374.3089,0
1747724400000000,2.011,2.014,1.992,2.004,31430.0,1747725299999999,62978.1613,727,10806.8,21658.9405,0
1747725300000000,2.005,2.016,1.988,1.995,150873.9,1747726199999999,301890.0024,1114,44904.2,89723.2324,0
1747726200000000,1.995,1.999,1.977,1.982,19283.0,1747727099999999,38250.4424,177,10149.7,20121.4013,0
1747727100000000,1.979,1.982,1.975,1.978,18026.0,1747727999999999,35658.0267,175,4787.7,9476.7066,0
1747728000000000,1.978,1.988,1.957,1.961,36817.6,1747728899999999,72651.9643,684,11850.7,23443.0256,0
1747728900000000,1.96,1.965,1.95,1.959,13844.3,1747729799999999,27097.9665,231,7193.8,14085.0929,0
1747729800000000,1.959,1.975,1.958,1.974,3986.7,1747730699999999,7842.3764,89,2656.1,5224.2397,0
1747730700000000,1.975,1.98,1.966,1.973,6973.1,1747731599999999,13757.2188,130,2766.5,5463.4135,0
1747731600000000,1.97,1.987,1.968,1.981,11508.3,1747732499999999,22782.1134,178,5398.0,10681.9997,0
1747732500000000,1.981,1.985,1.971,1.973,8925.7,1747733399999999,17645.409,200,1568.7,3100.1683,0
1747733400000000,1.975,1.989,1.975,1.985,16184.1,1747734299999999,32095.8947,226,11901.7,23602.2371,0
1747734300000000,1.986,1.989,1.979,1.985,17535.7,1747735199999999,34806.5312,234,12825.9,25455.1762,0
1747735200000000,1.983,1.988,1.969,1.972,17598.9,1747736099999999,34843.0248,272,7305.3,14471.452,0
1747736100000000,1.972,1.976,1.961,1.969,16852.6,1747736999999999,33130.0264,354,6881.9,13541.9953,0
1747737000000000,1.967,1.968,1.955,1.96,10316.6,1747737899999999,20224.0154,180,5945.7,11647.1218,0
1747737900000000,1.96,1.97,1.953,1.967,8926.7,1747738799999999,17518.8778,118,5285.3,10370.0644,0
1747738800000000,1.968,1.97,1.958,1.958,5642.6,1747739699999999,11075.6517,80,771.3,1513.263,0
1747739700000000,1.959,1.965,1.947,1.965,28378.3,1747740599999999,55457.5426,321,11623.3,22749.1071,0
1747740600000000,1.967,1.979,1.967,1.974,19529.7,1747741499999999,38543.8894,217,9223.3,18198.7506,0
1747741500000000,1.974,1.975,1.965,1.967,2469.2,1747742399999999,4858.9683,51,714.2,1404.931,0
1747742400000000,1.967,1.967,1.951,1.957,9263.9,1747743299999999,18138.0203,149,2329.1,4562.9196,0
1747743300000000,1.956,1.962,1.952,1.953,8702.6,1747744199999999,17019.3396,132,2965.9,5801.514,0
1747744200000000,1.955,1.958,1.943,1.947,8261.9,1747745099999999,16107.5373,132,4070.5,7930.9877,0
1747745100000000,1.946,1.958,1.944,1.954,12976.4,1747745999999999,25291.5002,233,7533.1,14679.6545,0
1747746000000000,1.956,1.964,1.952,1.959,4288.4,1747746899999999,8397.3314,63,1998.9,3915.8115,0
1747746900000000,1.953,1.96,1.95,1.952,9689.1,1747747799999999,18938.3517,118,4633.2,9057.5159,0
1747747800000000,1.952,1.96,1.945,1.952,18163.6,1747748699999999,35422.0683,325,7936.9,15481.9136,0
1747748700000000,1.95,1.957,1.941,1.947,20957.3,1747749599999999,40854.6749,262,8520.6,16627.2451,0
1747749600000000,1.947,1.953,1.941,1.941,21178.2,1747750499999999,41198.432,256,5804.3,11291.1141,0
1747750500000000,1.942,1.964,1.942,1.954,21975.9,1747751399999999,42944.2849,263,13416.6,26216.457,0
1747751400000000,1.954,1.967,1.954,1.967,47245.9,1747752299999999,92669.7549,846,20029.4,39285.1581,0
1747752300000000,1.966,1.975,1.956,1.957,12187.2,1747753199999999,23972.3037,205,5964.7,11727.1825,0
1747753200000000,1.955,1.965,1.955,1.965,9135.1,1747754099999999,17912.7287,179,5669.4,11117.1325,0
1747754100000000,1.965,1.97,1.952,1.97,8781.2,1747754999999999,17223.6969,145,3311.8,6496.8386,0
1747755000000000,1.968,1.973,1.964,1.964,11700.1,1747755899999999,23033.5579,164,3980.9,7841.5003,0
1747755900000000,1.965,1.97,1.963,1.965,3562.8,1747756799999999,7006.7283,61,1492.1,2933.1139,0
1747756800000000,1.965,1.983,1.965,1.973,15666.1,1747757699999999,30942.5255,235,8419.6,16629.5872,0
1747757700000000,1.973,1.989,1.973,1.978,19083.2,1747758599999999,37829.8628,273,7671.3,15213.668,0
1747758600000000,1.979,1.983,1.972,1.977,11924.0,1747759499999999,23596.1765,206,7822.8,15479.0399,0
1747759500000000,1.978,1.986,1.972,1.974,20729.2,1747760399999999,41009.6322,291,8573.6,16979.0316,0
1747760400000000,1.975,2.009,1.973,2.008,44093.9,1747761299999999,88162.4464,524,21646.4,43270.9112,0
1747761300000000,2.007,2.008,1.999,2.007,30697.9,1747762199999999,61492.6471,279,13090.6,26235.2298,0
1747762200000000,2.008,2.008,1.991,2.001,16572.0,1747763099999999,33099.6852,230,5062.8,10107.7398,0
1747763100000000,1.999,2.007,1.999,2.002,6875.0,1747763999999999,13760.7443,94,3213.3,6433.5033,0
1747764000000000,2.0,2.003,1.992,1.996,10266.4,1747764899999999,20492.8576,121,3340.5,6669.8053,0
1747764900000000,1.996,1.996,1.968,1.972,30215.5,1747765799999999,59757.9897,332,10017.0,19818.7569,0
1747765800000000,1.969,1.979,1.961,1.967,16751.8,1747766699999999,32951.2296,284,7013.9,13795.0623,0
1747766700000000,1.966,1.967,1.947,1.952,31011.5,1747767599999999,60741.4469,395,11677.3,22885.8057,0
1747767600000000,1.951,1.973,1.946,1.973,15177.7,1747768499999999,29774.1714,250,8844.7,17349.6375,0
1747768500000000,1.972,1.98,1.968,1.979,6976.4,1747769399999999,13777.9374,85,2890.7,5712.6277,0
1747769400000000,1.979,1.992,1.979,1.987,6219.1,1747770299999999,12362.3686,108,2426.6,4823.9888,0
1747770300000000,1.987,2.008,1.987,1.995,52223.8,1747771199999999,104482.8099,370,35283.8,70603.4523,0
1747771200000000,1.996,1.999,1.98,1.987,30747.2,1747772099999999,61156.6639,424,14389.2,28642.1417,0
1747772100000000,1.989,1.999,1.983,1.987,13443.2,1747772999999999,26760.9059,262,6453.8,12841.5221,0
1747773000000000,1.987,2.003,1.986,2.0,19754.9,1747773899999999,39460.6547,156,13130.8,26235.5889,0
1747773900000000,2.001,2.013,2.001,2.005,14432.1,1747774799999999,28950.3422,148,5857.2,11762.5054,0
1747774800000000,2.006,2.012,1.987,1.988,20628.4,1747775699999999,41256.0062,474,10047.0,20105.9528,0
1747775700000000,1.992,2.008,1.992,2.001,7067.3,1747776599999999,14144.355,110,1920.3,3843.0027,0
1747776600000000,1.998,2.008,1.992,2.007,8553.3,1747777499999999,17129.8959,204,2047.1,4105.758,0
1747777500000000,2.006,2.02,2.006,2.007,20348.9,1747778399999999,40979.3961,307,9225.6,18585.9763,0
1747778400000000,2.008,2.013,2.0,2.004,2815.6,1747779299999999,5648.9368,86,956.2,1918.4444,0
1747779300000000,2.005,2.005,1.984,1.994,14769.5,1747780199999999,29418.1436,238,6571.0,13078.0822,0
1747780200000000,1.995,2.003,1.989,2.003,3487.1,1747781099999999,6956.0144,113,1989.9,3969.2071,0
1747781100000000,2.004,2.009,2.001,2.009,9222.7,1747781999999999,18493.8782,193,5526.3,11083.3399,0
1747782000000000,2.009,2.017,2.002,2.017,11232.8,1747782899999999,22547.3851,204,2725.5,5475.5071,0
1747782900000000,2.018,2.026,2.015,2.018,20649.7,1747783799999999,41712.3156,397,9207.0,18596.2698,0
1747783800000000,2.017,2.017,2.0,2.001,8813.2,1747784699999999,17693.2627,141,1706.4,3421.7338,0
1747784700000000,2.002,2.011,1.996,2.007,6214.9,1747785599999999,12460.333,117,1168.2,2343.6088,0
1747785600000000,2.01,2.02,2.007,2.02,20202.2,1747786499999999,40686.5041,406,7946.4,16005.6337,0
1747786500000000,2.02,2.022,2.008,2.013,7279.2,1747787399999999,14657.5467,165,3511.8,7076.4067,0
1747787400000000,2.012,2.017,2.001,2.006,6952.4,1747788299999999,13967.1417,152,3749.8,7529.6162,0
1747788300000000,2.006,2.015,2.006,2.013,4736.8,1747789199999999,9526.7987,144,2999.7,6033.5925,0
1747789200000000,2.012,2.026,2.009,2.017,20184.3,1747790099999999,40794.9535,210,4217.2,8514.6205,0
1747790100000000,2.018,2.019,2.01,2.013,9519.5,1747790999999999,19171.5873,216,5592.1,11260.0966,0
1747791000000000,2.012,2.02,2.009,2.013,9082.4,1747791899999999,18295.5557,251,6176.6,12444.5426,0
1747791900000000,2.013,2.013,2.0,2.001,10132.0,1747792799999999,20347.663,196,3742.3,7522.9462,0
1747792800000000,2.002,2.002,1.981,1.986,15136.1,1747793699999999,30125.2063,258,7705.0,15326.0242,0
1747793700000000,1.987,1.993,1.982,1.991,4016.1,1747794599999999,7980.9328,122,1846.3,3670.4921,0
1747794600000000,1.992,2.001,1.991,1.997,5264.3,1747795499999999,10501.4752,66,2812.3,5616.339,0
1747795500000000,1.998,2.001,1.995,1.997,4107.1,1747796399999999,8203.8771,70,1898.9,3792.6598,0
1747796400000000,1.997,2.01,1.993,2.008,6632.8,1747797299999999,13259.4805,130,3930.6,7861.2784,0
1747797300000000,2.009,2.013,2.006,2.011,5611.4,1747798199999999,11282.1876,121,3105.3,6242.453,0
1747798200000000,2.011,2.014,2.008,2.011,6430.4,1747799099999999,12933.371,133,3258.1,6553.6441,0
1747799100000000,2.012,2.019,2.004,2.004,6064.8,1747799999999999,12199.7228,111,2512.9,5059.0389,0
1747800000000000,2.004,2.018,2.003,2.015,8287.7,1747800899999999,16666.7557,136,4835.5,9716.5446,0
1747800900000000,2.016,2.017,2.01,2.01,9896.5,1747801799999999,19924.6697,109,6641.9,13373.1784,0
1747801800000000,2.009,2.031,2.001,2.023,60705.5,1747802699999999,122809.5222,747,39083.3,79149.7029,0
1747802700000000,2.023,2.03,2.01,2.025,125651.4,1747803599999999,254119.0867,1434,76597.7,155007.8733,0
1747803600000000,2.025,2.028,1.982,2.005,200630.8,1747804499999999,403157.7005,1755,56863.1,114432.3652,0
1747804500000000,2.006,2.02,2.006,2.013,20973.1,1747805399999999,42278.3272,340,13532.0,27271.5147,0
1747805400000000,2.014,2.026,2.014,2.016,15673.9,1747806299999999,31696.9411,251,5833.0,11792.6489,0
1747806300000000,2.016,2.024,2.009,2.02,4959.6,1747807199999999,10005.9251,129,3858.7,7782.9286,0
1747807200000000,2.019,2.027,2.013,2.019,13582.6,1747808099999999,27413.9254,229,4908.1,9912.2713,0
1747808100000000,2.018,2.032,2.009,2.03,10799.4,1747808999999999,21854.3314,257,5325.9,10780.4807,0
1747809000000000,2.029,2.035,2.023,2.028,20277.4,1747809899999999,41154.0306,449,8414.7,17084.513,0
1747809900000000,2.028,2.029,2.018,2.023,4882.3,1747810799999999,9883.1248,142,3018.7,6111.4789,0
1747810800000000,2.024,2.027,2.011,2.011,9200.4,1747811699999999,18597.7178,208,1846.2,3732.8455,0
1747811700000000,2.011,2.014,1.992,1.998,231054.7,1747812599999999,462937.5535,2304,143545.2,287903.873,0
1747812600000000,1.998,2.006,1.99,1.997,26581.4,1747813499999999,53087.114,546,11593.8,23149.0023,0
1747813500000000,1.996,2.008,1.994,2.002,8710.0,1747814399999999,17433.4245,182,5560.0,11124.3163,0
1747814400000000,2.003,2.016,2.003,2.015,24737.6,1747815299999999,49715.3233,450,12410.4,24950.8351,0
1747815300000000,2.014,2.014,1.997,2.003,15758.3,1747816199999999,31583.6444,321,6788.9,13609.9104,0
1747816200000000,2.002,2.007,1.995,1.996,18066.9,1747817099999999,36152.1192,305,8133.2,16278.0457,0
1747817100000000,1.995,1.997,1.989,1.99,16258.7,1747817999999999,32444.1497,216,7936.7,15841.879,0
1747818000000000,1.991,1.993,1.976,1.991,19289.0,1747818899999999,38290.165,332,7797.8,15471.1806,0
1747818900000000,1.991,1.993,1.987,1.992,15431.0,1747819799999999,30711.0866,212,10435.6,20771.7322,0
1747819800000000,1.991,1.993,1.984,1.984,6081.8,1747820699999999,12099.0954,183,1494.0,2969.8501,0
1747820700000000,1.984,1.991,1.982,1.989,10367.6,1747821599999999,20601.5393,166,4608.7,9158.1908,0
1747821600000000,1.99,1.999,1.985,1.999,8402.7,1747822499999999,16732.6035,154,6875.7,13694.2872,0
1747822500000000,1.998,1.999,1.986,1.99,8997.8,1747823399999999,17915.6587,236,4370.4,8694.4433,0
1747823400000000,1.99,1.997,1.989,1.994,11551.5,1747824299999999,23029.9688,132,3957.0,7890.2406,0
1747824300000000,1.993,1.997,1.992,1.993,4102.1,1747825199999999,8180.0725,109,2090.7,4168.8333,0
1747825200000000,1.994,2.01,1.994,2.008,3266.8,1747826099999999,6543.8436,93,2724.4,5459.077,0
1747826100000000,2.009,2.019,2.009,2.018,25422.9,1747826999999999,51238.969,254,10420.2,21006.6887,0
1747827000000000,2.017,2.017,2.007,2.012,7374.1,1747827899999999,14823.4224,163,3744.8,7523.7863,0
1747827900000000,2.011,2.016,2.006,2.016,6383.1,1747828799999999,12843.4756,164,2416.4,4862.3139,0
1747828800000000,2.015,2.015,2.003,2.012,7955.0,1747829699999999,15981.9989,143,2245.7,4513.3976,0
1747829700000000,2.012,2.03,2.011,2.027,23423.4,1747830599999999,47408.8944,287,13609.5,27534.4086,0
1747830600000000,2.026,2.026,2.018,2.02,6751.8,1747831499999999,13643.3129,97,975.2,1970.7392,0
1747831500000000,2.02,2.02,2.013,2.017,5630.8,1747832399999999,11353.4797,92,4121.0,8309.7759,0
1747832400000000,2.018,2.019,2.002,2.003,7210.2,1747833299999999,14487.6277,109,882.7,1773.6798,0
1747833300000000,2.004,2.008,2.001,2.007,6902.6,1747834199999999,13830.0991,108,2228.8,4466.5468,0
1747834200000000,2.007,2.022,2.007,2.022,40640.2,1747835099999999,81986.524,451,28173.7,56836.8824,0
1747835100000000,2.023,2.032,2.017,2.02,29484.2,1747835999999999,59606.175,351,16205.9,32765.0112,0
1747836000000000,2.021,2.025,2.018,2.022,9188.3,1747836899999999,18579.228,289,4817.1,9741.1773,0
1747836900000000,2.02,2.031,2.013,2.014,11273.4,1747837799999999,22816.6224,187,6775.9,13720.616,0
1747837800000000,2.013,2.02,2.001,2.018,24071.4,1747838699999999,48476.4682,323,13811.7,27823.9053,0
1747838700000000,2.019,2.035,2.014,2.032,39758.6,1747839599999999,80667.478,444,27915.5,56626.2531,0
1747839600000000,2.033,2.033,2.014,2.022,43879.7,1747840499999999,88746.3832,876,18496.2,37421.5514,0
1747840500000000,2.023,2.032,2.023,2.03,18996.4,1747841399999999,38525.4088,415,9740.8,19758.9659,0
1747841400000000,2.03,2.035,2.016,2.029,47060.9,1747842299999999,95287.0954,1047,18772.8,38004.9544,0
1747842300000000,2.029,2.035,2.024,2.034,17698.8,1747843199999999,35933.5124,382,7062.1,14342.8133,0
1747843200000000,2.034,2.048,2.031,2.047,46111.2,1747844099999999,94043.4434,899,18581.9,37899.5939,0
1747844100000000,2.048,2.057,2.043,2.054,19165.1,1747844999999999,39273.9857,512,8103.6,16608.3951,0
1747845000000000,2.054,2.078,2.054,2.078,32606.9,1747845899999999,67439.5169,740,17343.9,35866.3117,0
1747845900000000,2.078,2.085,2.049,2.05,62141.1,1747846799999999,128526.6758,980,25317.9,52379.111,0
1747846800000000,2.05,2.068,2.046,2.058,51150.0,1747847699999999,105217.7786,1156,25927.5,53360.7791,0
1747847700000000,2.058,2.06,1.982,1.986,176733.0,1747848599999999,354980.5801,3967,74931.4,150592.0835,0
1747848600000000,1.986,2.008,1.974,1.991,215304.0,1747849499999999,429226.4599,4203,112463.3,224358.5643,0
1747849500000000,1.991,2.001,1.97,1.99,88244.9,1747850399999999,175201.8488,1889,44831.5,89025.3101,0
1747850400000000,1.991,2.017,1.987,2.01,74763.8,1747851299999999,149656.9393,1740,44686.9,89468.2884,0
1747851300000000,2.011,2.022,2.005,2.01,54558.4,1747852199999999,109869.9291,1292,29082.6,58573.0438,0
1747852200000000,2.009,2.021,2.007,2.021,33394.1,1747853099999999,67258.1607,762,22561.0,45444.3094,0
1747853100000000,2.021,2.026,2.005,2.005,56809.9,1747853999999999,114371.2206,987,19940.4,40153.4781,0
1747854000000000,2.005,2.018,1.995,2.002,21218.1,1747854899999999,42538.1004,534,8642.6,17335.4477,0
1747854900000000,2.002,2.006,1.994,2.006,12766.1,1747855799999999,25527.7215,382,6244.5,12488.974,0
1747855800000000,2.007,2.027,2.007,2.023,14089.3,1747856699999999,28442.0493,448,9659.8,19502.6992,0
1747856700000000,2.022,2.035,2.019,2.031,24992.2,1747857599999999,50645.0947,477,12946.9,26232.8979,0
1747857600000000,2.031,2.034,2.02,2.023,14159.5,1747858499999999,28726.4325,366,6565.1,13326.9694,0
1747858500000000,2.024,2.032,2.024,2.028,8669.1,1747859399999999,17582.9208,205,3878.6,7867.8835,0
1747859400000000,2.029,2.03,2.02,2.021,11577.3,1747860299999999,23457.2514,284,4230.7,8573.3913,0
1747860300000000,2.021,2.021,2.006,2.015,31552.0,1747861199999999,63496.1377,437,7499.6,15109.941,0
1747861200000000,2.015,2.019,2.006,2.013,21295.2,1747862099999999,42900.5171,381,6729.5,13562.5686,0
1747862100000000,2.012,2.012,1.999,2.0,8373.4,1747862999999999,16772.0764,260,3653.1,7316.7782,0
1747863000000000,2.0,2.009,1.996,2.0,22979.0,1747863899999999,45981.9504,521,3958.3,7920.008,0
1747863900000000,2.0,2.003,1.995,1.996,3212.0,1747864799999999,6424.5498,101,1099.4,2198.4053,0
1747864800000000,1.995,2.003,1.995,1.998,7046.7,1747865699999999,14085.5513,252,2891.2,5779.0209,0
1747865700000000,1.998,2.012,1.998,2.012,14168.4,1747866599999999,28376.0724,404,5954.7,11953.1707,0
1747866600000000,2.013,2.017,2.003,2.007,8685.3,1747867499999999,17467.8817,159,3002.0,6035.0089,0
1747867500000000,2.008,2.018,2.007,2.016,12163.8,1747868399999999,24481.7303,350,7002.7,14092.6279,0
1747868400000000,2.016,2.022,2.011,2.021,28352.5,1747869299999999,57177.7035,552,19113.4,38558.2972,0
1747869300000000,2.021,2.057,2.021,2.039,57199.4,1747870199999999,116727.7501,1738,28493.7,58132.8905,0
1747870200000000,2.04,2.05,2.035,2.036,21296.4,1747871099999999,43501.3098,1072,11163.2,22809.5188,0
1747871100000000,2.036,2.04,2.025,2.027,8392.4,1747871999999999,17055.769,356,2240.6,4550.0309,0
1747872000000000,2.028,2.046,2.028,2.041,39077.8,1747872899999999,79618.2757,652,28648.9,58390.3078,0
1747872900000000,2.041,2.051,2.033,2.046,30419.9,1747873799999999,62124.1096,586,17883.8,36522.2686,0
1747873800000000,2.045,2.054,2.038,2.04,50864.5,1747874699999999,104057.9708,1096,24939.5,51052.0115,0
1747874700000000,2.04,2.064,2.04,2.064,15299.0,1747875599999999,31398.5348,505,6688.8,13736.2403,0
1747875600000000,2.064,2.071,2.06,2.065,27776.0,1747876499999999,57403.597,677,15337.1,31705.3259,0
1747876500000000,2.066,2.069,2.05,2.056,10651.9,1747877399999999,21917.7146,374,3388.6,6971.6088,0
1747877400000000,2.056,2.064,2.045,2.046,17473.1,1747878299999999,35886.5802,564,5048.1,10373.3079,0
1747878300000000,2.046,2.053,2.039,2.041,13310.2,1747879199999999,27209.6206,573,3630.3,7421.3177,0
1747879200000000,2.042,2.048,2.038,2.047,12199.3,1747880099999999,24916.9459,535,4128.2,8433.9352,0
1747880100000000,2.048,2.057,2.042,2.054,17363.9,1747880999999999,35643.2364,439,13129.9,26959.8332,0
1747881000000000,2.053,2.063,2.048,2.05,6965.8,1747881899999999,14325.6955,329,3526.6,7255.1073,0
1747881900000000,2.051,2.061,2.051,2.059,6175.8,1747882799999999,12697.8489,208,3536.1,7269.5982,0
1747882800000000,2.059,2.059,2.047,2.055,13722.8,1747883699999999,28179.1408,336,4234.1,8692.4329,0
1747883700000000,2.056,2.068,2.055,2.068,11897.5,1747884599999999,24489.3435,261,7632.6,15705.2676,0
1747884600000000,2.068,2.079,2.068,2.079,21987.5,1747885499999999,45609.4344,561,12908.5,26777.2518,0
1747885500000000,2.08,2.09,2.078,2.08,37826.5,1747886399999999,78763.4568,843,24727.4,51487.3975,0
1747886400000000,2.08,2.082,2.069,2.071,30604.5,1747887299999999,63540.4527,956,12377.1,25701.3336,0
1747887300000000,2.072,2.079,2.069,2.076,9817.3,1747888199999999,20347.8403,403,4072.2,8440.7645,0
1747888200000000,2.076,2.088,2.075,2.088,12048.2,1747889099999999,25057.5208,463,4828.7,10046.2778,0
1747889100000000,2.088,2.089,2.077,2.081,16399.7,1747889999999999,34193.3911,320,9630.4,20081.1005,0
1747890000000000,2.081,2.088,2.075,2.083,12544.3,1747890899999999,26120.935,328,3989.1,8306.501,0
1747890900000000,2.083,2.091,2.082,2.091,21220.3,1747891799999999,44309.3268,361,7191.5,15011.3415,0
1747891800000000,2.091,2.091,2.08,2.088,10503.1,1747892699999999,21888.3186,249,7354.9,15326.7464,0
1747892700000000,2.087,2.088,2.071,2.072,13412.5,1747893599999999,27880.336,416,5785.6,12021.4638,0
1747893600000000,2.073,2.079,2.067,2.072,15019.2,1747894499999999,31129.9067,351,6723.7,13945.6956,0
1747894500000000,2.072,2.072,2.058,2.061,24584.8,1747895399999999,50705.0479,681,13408.6,27658.3826,0
1747895400000000,2.061,2.065,2.057,2.061,10700.7,1747896299999999,22056.2799,282,5887.3,12136.0363,0
1747896300000000,2.062,2.065,2.051,2.054,12231.1,1747897199999999,25154.2496,313,4621.5,9511.7338,0
1747897200000000,2.054,2.068,2.049,2.068,14074.5,1747898099999999,28977.9992,274,8691.1,17898.6345,0
1747898100000000,2.068,2.075,2.057,2.058,8909.1,1747898999999999,18414.2945,302,4698.8,9717.5387,0
1747899000000000,2.059,2.084,2.059,2.078,14727.1,1747899899999999,30500.3803,279,8833.9,18295.289,0
1747899900000000,2.079,2.084,2.077,2.08,7382.2,1747900799999999,15353.7997,242,3937.3,8188.0423,0
1747900800000000,2.08,2.091,2.08,2.089,28271.7,1747901699999999,59022.4495,563,15355.7,32062.6133,0
1747901700000000,2.09,2.099,2.086,2.087,18189.5,1747902599999999,38074.8339,551,7643.6,16003.5435,0
1747902600000000,2.087,2.092,2.082,2.091,28000.5,1747903499999999,58464.9667,675,11721.7,24469.013,0
1747903500000000,2.091,2.092,2.081,2.087,8279.5,1747904399999999,17280.2505,361,4639.6,9682.9088,0
1747904400000000,2.087,2.1,2.083,2.097,21015.6,1747905299999999,43959.4719,565,10663.9,22319.9385,0
1747905300000000,2.098,2.102,2.089,2.099,22863.6,1747906199999999,47940.3594,507,8985.4,18847.3067,0
1747906200000000,2.099,2.099,2.085,2.092,25421.9,1747907099999999,53128.9361,465,17410.3,36384.5502,0
1747907100000000,2.092,2.094,2.085,2.092,20869.1,1747907999999999,43603.3699,338,7474.5,15617.2793,0
1747908000000000,2.091,2.093,2.077,2.081,12373.2,1747908899999999,25786.6231,374,4695.0,9784.8354,0
1747908900000000,2.08,2.092,2.076,2.087,6662.8,1747909799999999,13896.8115,211,3027.5,6311.8754,0
1747909800000000,2.087,2.091,2.083,2.09,12454.0,1747910699999999,26001.2684,334,7349.0,15342.1792,0
1747910700000000,2.09,2.09,2.075,2.078,11302.9,1747911599999999,23521.5998,326,5318.4,11066.9581,0
1747911600000000,2.078,2.085,2.065,2.07,15088.8,1747912499999999,31293.642,408,6077.4,12611.2448,0
1747912500000000,2.07,2.075,2.061,2.063,9979.4,1747913399999999,20627.5068,321,2828.3,5848.5575,0
1747913400000000,2.063,2.074,2.063,2.074,6853.5,1747914299999999,14191.7047,221,3912.3,8098.2849,0
1747914300000000,2.074,2.084,2.072,2.073,11872.2,1747915199999999,24677.261,266,9481.8,19711.0785,0
1747915200000000,2.074,2.078,2.068,2.068,10805.3,1747916099999999,22409.4671,250,5869.9,12176.0088,0
1747916100000000,2.069,2.084,2.069,2.08,8223.6,1747916999999999,17088.263,290,4525.4,9406.8915,0
1747917000000000,2.079,2.088,2.076,2.082,9748.0,1747917899999999,20297.6706,232,5359.0,11155.9442,0
1747917900000000,2.082,2.085,2.08,2.083,7693.6,1747918799999999,16022.6987,199,2771.4,5774.0534,0
1747918800000000,2.084,2.084,2.062,2.065,14696.8,1747919699999999,30395.4531,481,3942.8,8170.7575,0
1747919700000000,2.065,2.084,2.065,2.084,7217.5,1747920599999999,14985.5309,216,2786.7,5783.5459,0
1747920600000000,2.084,2.086,2.061,2.072,27379.9,1747921499999999,56673.9866,798,13046.0,27043.3835,0
1747921500000000,2.071,2.078,2.062,2.067,8201.6,1747922399999999,16982.0766,341,4209.4,8715.8977,0
1747922400000000,2.068,2.082,2.066,2.076,5425.0,1747923299999999,11257.9848,170,1594.6,3311.0713,0
1747923300000000,2.077,2.086,2.075,2.084,6920.0,1747924199999999,14406.3607,244,5149.3,10722.1261,0
1747924200000000,2.085,2.096,2.084,2.087,73029.8,1747925099999999,152754.9038,985,53028.0,110952.9837,0
1747925100000000,2.087,2.092,2.065,2.073,97021.6,1747925999999999,201873.4516,2481,26322.3,54806.9216,0
1747926000000000,2.074,2.083,2.063,2.083,61750.2,1747926899999999,127797.736,1775,13320.0,27587.0991,0
1747926900000000,2.083,2.091,2.077,2.088,16105.6,1747927799999999,33548.9682,323,3423.6,7146.1388,0
1747927800000000,2.089,2.096,2.088,2.095,18997.2,1747928699999999,39739.0191,318,8168.7,17102.2608,0
1747928700000000,2.097,2.097,2.078,2.082,10260.8,1747929599999999,21401.7504,245,3600.6,7503.5607,0
1747929600000000,2.083,2.094,2.081,2.094,13498.8,1747930499999999,28163.2313,184,4294.4,8962.1924,0
1747930500000000,2.095,2.098,2.083,2.084,8046.5,1747931399999999,16836.5332,225,2719.9,5689.4385,0
1747931400000000,2.083,2.091,2.076,2.091,14800.9,1747932299999999,30823.0095,388,7078.1,14737.5841,0
1747932300000000,2.089,2.089,2.073,2.08,3605.0,1747933199999999,7492.4856,94,2401.1,4992.3483,0
1747933200000000,2.08,2.084,2.073,2.074,14215.9,1747934099999999,29522.6853,195,5193.9,10786.4735,0
1747934100000000,2.076,2.095,2.076,2.086,60848.6,1747934999999999,127009.3963,585,31960.9,66723.583,0
1747935000000000,2.085,2.086,2.079,2.086,14194.9,1747935899999999,29575.9845,178,7277.3,15164.9852,0
1747935900000000,2.085,2.085,2.077,2.083,2959.7,1747936799999999,6157.0245,98,1494.5,3107.9636,0
1747936800000000,2.083,2.085,2.079,2.084,13750.5,1747937699999999,28626.7048,237,8423.2,17537.3475,0
1747937700000000,2.083,2.09,2.082,2.086,5442.3,1747938599999999,11343.5259,165,2618.2,5458.3926,0
1747938600000000,2.085,2.091,2.083,2.084,24454.1,1747939499999999,51037.138,432,12249.2,25575.4345,0
1747939500000000,2.085,2.088,2.083,2.084,11382.7,1747940399999999,23746.0158,230,6462.9,13482.977,0
1747940400000000,2.084,2.086,2.073,2.08,5521.6,1747941299999999,11472.4851,228,1475.8,3066.6459,0
1747941300000000,2.08,2.08,2.073,2.077,3562.4,1747942199999999,7396.0393,140,1953.9,4058.1093,0
1747942200000000,2.077,2.078,2.067,2.068,7893.9,1747943099999999,16341.7562,225,1052.6,2183.8011,0
1747943100000000,2.068,2.07,2.061,2.07,11632.7,1747943999999999,24023.5401,285,3521.1,7279.891,0
1747944000000000,2.071,2.09,2.068,2.088,54399.1,1747944899999999,113334.7008,651,34102.3,71033.338,0
1747944900000000,2.088,2.09,2.077,2.081,5400.9,1747945799999999,11249.4006,185,2492.0,5188.4581,0
1747945800000000,2.08,2.083,2.075,2.082,2162.3,1747946699999999,4493.9072,82,1185.3,2464.5713,0
1747946700000000,2.082,2.088,2.078,2.079,6670.3,1747947599999999,13905.1162,138,2559.0,5334.0693,0
1747947600000000,2.078,2.079,2.072,2.072,10382.6,1747948499999999,21548.7774,223,4365.2,9063.7548,0
1747948500000000,2.076,2.08,2.071,2.071,2349.2,1747949399999999,4872.8579,62,497.5,1032.4767,0
1747949400000000,2.073,2.086,2.072,2.083,5481.7,1747950299999999,11414.0594,82,1843.4,3836.884,0
1747950300000000,2.085,2.085,2.08,2.082,1721.4,1747951199999999,3585.737,47,1024.4,2134.0151,0
1747951200000000,2.082,2.104,2.082,2.101,33567.8,1747952099999999,70431.6588,475,17489.8,36694.3091,0
1747952100000000,2.101,2.107,2.1,2.103,16870.5,1747952999999999,35512.1405,357,10085.3,21231.0683,0
1747953000000000,2.102,2.114,2.1,2.113,25396.6,1747953899999999,53595.9533,307,17236.8,36373.4772,0
1747953900000000,2.112,2.112,2.087,2.09,32824.8,1747954799999999,68853.5248,475,9879.5,20730.4505,0
1747954800000000,2.092,2.101,2.092,2.101,3887.4,1747955699999999,8154.8229,147,2199.5,4612.5546,0
1747955700000000,2.101,2.11,2.096,2.109,16580.9,1747956599999999,34955.8396,176,15072.6,31781.4361,0
1747956600000000,2.108,2.12,2.107,2.12,18082.6,1747957499999999,38265.8544,283,6258.4,13245.0058,0
1747957500000000,2.12,2.128,2.119,2.123,23379.1,1747958399999999,49609.5912,409,8701.1,18466.685,0
1747958400000000,2.125,2.152,2.125,2.152,95993.9,1747959299999999,205244.2419,1658,41481.0,88735.7683,0
1747959300000000,2.151,2.165,2.141,2.142,30818.3,1747960199999999,66418.9423,649,14066.5,30335.889,0
1747960200000000,2.141,2.154,2.134,2.149,29405.0,1747961099999999,63043.8222,357,16159.6,34619.9417,0
1747961100000000,2.147,2.164,2.144,2.146,25643.8,1747961999999999,55202.4537,482,9676.5,20842.8264,0
1747962000000000,2.148,2.166,2.145,2.154,50857.1,1747962899999999,109777.8737,739,32415.4,69978.7532,0
1747962900000000,2.153,2.176,2.145,2.175,57244.6,1747963799999999,123901.0286,717,26404.8,57084.6005,0
1747963800000000,2.176,2.182,2.165,2.169,24585.8,1747964699999999,53426.4592,503,9256.5,20127.2614,0
1747964700000000,2.17,2.177,2.166,2.176,11177.7,1747965599999999,24253.26,151,8109.2,17593.9256,0
1747965600000000,2.176,2.205,2.176,2.202,80368.7,1747966499999999,176391.0348,1037,49949.4,109616.4626,0
1747966500000000,2.202,2.212,2.196,2.202,61695.1,1747967399999999,135969.2698,1009,31274.0,68929.7892,0
1747967400000000,2.202,2.216,2.193,2.203,37459.4,1747968299999999,82510.522,933,14662.6,32318.7383,0
1747968300000000,2.203,2.207,2.19,2.197,37511.3,1747969199999999,82444.0357,709,13985.9,30765.8196,0
1747969200000000,2.198,2.2,2.19,2.195,14446.4,1747970099999999,31711.1001,260,6012.0,13200.7363,0
1747970100000000,2.196,2.203,2.192,2.198,12729.4,1747970999999999,27978.4659,305,6546.9,14392.8215,0
1747971000000000,2.197,2.204,2.191,2.202,11439.8,1747971899999999,25143.7043,276,6384.0,14036.6231,0
1747971900000000,2.202,2.206,2.196,2.2,10112.8,1747972799999999,22262.0728,257,4281.7,9424.5701,0
1747972800000000,2.201,2.205,2.188,2.189,16569.6,1747973699999999,36422.8267,247,4640.3,10196.1694,0
1747973700000000,2.19,2.19,2.165,2.171,58263.9,1747974599999999,126804.5423,739,18775.0,40817.317,0
1747974600000000,2.172,2.172,2.142,2.144,41546.3,1747975499999999,89345.0615,604,16633.9,35801.8448,0
1747975500000000,2.144,2.158,2.144,2.157,27894.7,1747976399999999,60054.9121,375,15564.1,33506.6942,0
1747976400000000,2.156,2.158,2.145,2.154,6981.9,1747977299999999,15022.4243,177,1606.8,3459.0076,0
1747977300000000,2.154,2.155,2.14,2.141,13405.3,1747978199999999,28782.7229,251,3730.2,8024.3448,0
1747978200000000,2.141,2.15,2.13,2.149,12171.0,1747979099999999,26078.9863,265,6912.6,14815.142,0
1747979100000000,2.149,2.156,2.146,2.154,6535.9,1747979999999999,14059.0506,138,3821.5,8225.9393,0
1747980000000000,2.154,2.154,2.133,2.136,43048.0,1747980899999999,92254.5662,668,26447.1,56697.407,0
1747980900000000,2.134,2.141,2.127,2.13,28320.0,1747981799999999,60391.4426,563,8688.4,18537.6074,0
1747981800000000,2.13,2.132,2.113,2.126,18668.4,1747982699999999,39645.5278,436,10421.7,22131.0173,0
1747982700000000,2.126,2.126,2.103,2.116,16342.1,1747983599999999,34497.2855,611,7675.8,16208.5374,0
1747983600000000,2.116,2.138,2.116,2.137,11524.2,1747984499999999,24523.1506,287,6986.5,14863.4603,0
1747984500000000,2.138,2.143,2.135,2.14,4808.5,1747985399999999,10290.1157,214,3057.7,6542.8871,0
1747985400000000,2.139,2.145,2.129,2.135,8452.3,1747986299999999,18057.7188,272,5059.3,10806.6381,0
1747986300000000,2.135,2.135,2.122,2.129,17600.4,1747987199999999,37463.3249,464,8975.6,19093.7243,0
1747987200000000,2.13,2.132,2.122,2.13,17465.6,1747988099999999,37132.5582,379,11842.0,25170.9706,0
1747988100000000,2.129,2.148,2.122,2.148,23373.4,1747988999999999,49807.737,502,14028.3,29931.92,0
1747989000000000,2.148,2.17,2.145,2.168,52611.2,1747989899999999,113665.1542,655,34888.7,75360.0228,0
1747989900000000,2.168,2.173,2.165,2.168,20741.7,1747990799999999,44973.1613,471,7585.9,16452.8455,0
1747990800000000,2.169,2.184,2.167,2.181,32324.6,1747991699999999,70280.4814,466,21261.4,46224.8799,0
1747991700000000,2.18,2.192,2.179,2.184,20173.4,1747992599999999,44102.4549,330,10053.6,21989.3943,0
1747992600000000,2.185,2.192,2.18,2.183,14775.3,1747993499999999,32303.8003,331,4759.0,10410.0573,0
1747993500000000,2.183,2.194,2.183,2.191,12822.0,1747994399999999,28077.3604,264,7799.7,17088.6981,0
1747994400000000,2.191,2.198,2.175,2.181,27600.8,1747995299999999,60445.2254,554,13168.9,28861.0949,0
1747995300000000,2.18,2.19,2.17,2.188,19189.0,1747996199999999,41839.8653,369,4819.2,10509.3917,0
1747996200000000,2.189,2.203,2.175,2.181,52309.2,1747997099999999,114580.7927,786,24301.2,53321.7009,0
1747997100000000,2.181,2.186,2.172,2.18,13420.8,1747997999999999,29260.4718,232,7433.9,16198.9164,0
1747998000000000,2.18,2.182,2.161,2.164,27673.4,1747998899999999,60016.9681,382,9380.8,20343.4329,0
1747998900000000,2.165,2.173,2.149,2.161,25797.9,1747999799999999,55688.8917,797,11999.2,25899.3835,0
1747999800000000,2.16,2.162,2.138,2.141,42623.3,1748000699999999,91623.8661,1283,16835.8,36187.9682,0
1748000700000000,2.142,2.144,2.067,2.083,342289.4,1748001599999999,715917.5667,10272,153808.5,321585.9823,0
1748001600000000,2.084,2.085,2.043,2.055,226351.7,1748002499999999,466294.6238,5993,105436.1,217249.1316,0
1748002500000000,2.056,2.066,2.021,2.065,116886.3,1748003399999999,238542.0908,2946,55431.3,113097.355,0
1748003400000000,2.066,2.08,2.056,2.066,59932.2,1748004299999999,123981.393,1114,25422.1,52622.4094,0
1748004300000000,2.065,2.073,2.06,2.067,59000.9,1748005199999999,121869.1594,1407,31453.3,64978.8871,0
1748005200000000,2.068,2.078,2.06,2.073,49165.9,1748006099999999,101764.1387,1323,16939.0,35064.0352,0
1748006100000000,2.072,2.09,2.069,2.084,39000.7,1748006999999999,81197.0692,826,15941.2,33167.6256,0
1748007000000000,2.084,2.117,2.082,2.103,88769.0,1748007899999999,186748.8223,1431,44597.9,93921.0914,0
1748007900000000,2.102,2.121,2.093,2.12,39905.7,1748008799999999,84290.2485,945,25096.5,53042.4678,0
1748008800000000,2.121,2.124,2.103,2.113,26783.1,1748009699999999,56648.3459,521,12677.3,26807.4953,0
1748009700000000,2.112,2.115,2.099,2.1,16034.4,1748010599999999,33758.7341,368,6040.5,12715.7965,0
1748010600000000,2.101,2.13,2.099,2.129,15566.2,1748011499999999,32928.989,403,10124.7,21413.5129,0
1748011500000000,2.13,2.154,2.126,2.126,45788.6,1748012399999999,98150.5432,896,24468.5,52466.7705,0
1748012400000000,2.125,2.139,2.109,2.117,34638.4,1748013299999999,73518.4886,642,21817.3,46325.9301,0
1748013300000000,2.116,2.128,2.114,2.122,11585.2,1748014199999999,24572.8403,330,5293.9,11227.7869,0
1748014200000000,2.123,2.133,2.121,2.124,12024.6,1748015099999999,25579.9877,276,5563.5,11832.4143,0
1748015100000000,2.124,2.124,2.096,2.098,13231.7,1748015999999999,27926.5523,291,5904.6,12465.1445,0
1748016000000000,2.099,2.122,2.098,2.101,63476.2,1748016899999999,133766.4818,586,48208.1,101567.1847,0
1748016900000000,2.101,2.134,2.09,2.129,73641.2,1748017799999999,154793.7653,990,38341.7,80563.5196,0
1748017800000000,2.13,2.133,2.102,2.105,20268.2,1748018699999999,42967.2796,438,9634.2,20447.838,0
1748018700000000,2.105,2.118,2.105,2.118,3669.1,1748019599999999,7742.6936,217,1544.0,3260.0713,0
1748019600000000,2.117,2.131,2.117,2.122,24674.6,1748020499999999,52394.9049,375,8526.1,18123.4611,0
1748020500000000,2.123,2.146,2.12,2.136,46315.1,1748021399999999,99212.6836,486,33152.3,71047.5698,0
1748021400000000,2.135,2.137,2.11,2.112,11731.5,1748022299999999,24902.0783,312,5075.9,10773.5797,0
1748022300000000,2.112,2.124,2.112,2.117,13308.9,1748023199999999,28189.6972,258,7902.4,16739.3341,0
1748023200000000,2.117,2.121,2.106,2.107,3136.5,1748024099999999,6629.0201,218,1249.1,2642.1258,0
1748024100000000,2.108,2.108,2.09,2.101,10311.8,1748024999999999,21630.7407,395,4858.9,10199.4076,0
1748025000000000,2.101,2.102,2.093,2.1,17161.2,1748025899999999,35980.412,395,13308.8,27906.2437,0
1748025900000000,2.1,2.1,2.083,2.089,34118.6,1748026799999999,71275.2085,583,13266.2,27705.4441,0
1748026800000000,2.089,2.104,2.082,2.093,66458.2,1748027699999999,139113.5825,909,37712.5,78904.1488,0
1748027700000000,2.094,2.097,2.085,2.089,17084.5,1748028599999999,35697.1045,266,13366.7,27935.3215,0
1748028600000000,2.09,2.091,2.084,2.089,4269.0,1748029499999999,8909.7764,152,1529.4,3192.417,0
1748029500000000,2.088,2.088,2.077,2.08,11683.3,1748030399999999,24300.3819,267,5353.2,11139.7426,0
1748030400000000,2.079,2.081,2.065,2.065,19324.8,1748031299999999,39989.6991,201,11019.2,22792.7104,0
1748031300000000,2.065,2.073,2.061,2.064,14831.6,1748032199999999,30638.3752,268,4130.3,8545.8591,0
1748032200000000,2.064,2.064,2.048,2.055,15683.3,1748033099999999,32227.8553,372,9042.4,18580.2299,0
1748033100000000,2.055,2.058,2.047,2.049,3884.3,1748033999999999,7973.6172,175,957.6,1964.8282,0
1748034000000000,2.048,2.048,2.033,2.039,33728.3,1748034899999999,68748.6244,489,17175.1,34993.3192,0
1748034900000000,2.04,2.056,2.04,2.047,25874.5,1748035799999999,52982.0244,514,12615.3,25825.3533,0
1748035800000000,2.046,2.047,2.038,2.043,6372.6,1748036699999999,13008.3783,177,2478.7,5062.5583,0
1748036700000000,2.044,2.052,2.03,2.036,23305.2,1748037599999999,47627.4627,320,9667.5,19780.0969,0
1748037600000000,2.037,2.053,2.033,2.053,10348.4,1748038499999999,21155.6083,460,4626.5,9446.4804,0
1748038500000000,2.052,2.055,2.047,2.047,6908.4,1748039399999999,14164.7142,268,4325.5,8871.7625,0
1748039400000000,2.047,2.051,2.034,2.035,6027.8,1748040299999999,12299.4141,259,2750.2,5611.0306,0
1748040300000000,2.035,2.035,2.027,2.027,26639.8,1748041199999999,54077.9803,348,13757.0,27926.0366,0
1748041200000000,2.025,2.029,2.015,2.026,20105.6,1748042099999999,40628.435,538,8648.0,17485.1476,0
1748042100000000,2.027,2.028,2.009,2.013,18813.6,1748042999999999,37910.5281,511,4007.1,8075.086,0
1748043000000000,2.013,2.018,1.985,1.993,46345.1,1748043899999999,92529.0903,1047,17626.4,35187.3424,0
1748043900000000,1.993,2.008,1.984,1.993,35918.9,1748044799999999,71580.6741,924,11513.7,22988.8751,0
1748044800000000,1.993,2.018,1.985,2.012,31331.2,1748045699999999,62793.4358,1016,18581.7,37248.6821,0
1748045700000000,2.013,2.018,2.001,2.005,13506.7,1748046599999999,27144.9093,525,5043.7,10138.7392,0
1748046600000000,2.005,2.024,2.005,2.015,6718.8,1748047499999999,13547.2846,382,3915.5,7901.2111,0
1748047500000000,2.015,2.016,1.994,1.995,13810.3,1748048399999999,27691.3234,350,3123.9,6262.5893,0
1748048400000000,1.994,2.009,1.992,1.998,7991.0,1748049299999999,15984.8622,357,3864.3,7732.6681,0
1748049300000000,1.998,2.018,1.998,2.009,5712.5,1748050199999999,11483.6297,265,2860.8,5750.9001,0
1748050200000000,2.009,2.011,2.002,2.004,4174.8,1748051099999999,8379.7226,211,1439.0,2887.44,0
1748051100000000,2.004,2.013,1.999,2.0,9430.6,1748051999999999,18898.8387,312,3966.2,7953.2412,0
1748052000000000,2.0,2.021,1.997,2.016,8403.1,1748052899999999,16904.7437,337,5017.6,10091.8292,0
1748052900000000,2.016,2.027,2.01,2.012,14219.7,1748053799999999,28645.7166,274,8754.2,17636.5227,0
1748053800000000,2.012,2.018,2.01,2.015,6748.4,1748054699999999,13580.2903,147,4552.0,9160.5894,0
1748054700000000,2.014,2.015,2.004,2.009,13828.6,1748055599999999,27763.3178,244,3834.7,7703.7115,0
1748055600000000,2.008,2.025,2.007,2.02,19882.0,1748056499999999,40097.8578,368,11773.3,23733.149,0
1748056500000000,2.021,2.031,2.02,2.029,6191.4,1748057399999999,12553.809,222,3654.7,7409.1029,0
1748057400000000,2.029,2.03,2.019,2.021,3215.8,1748058299999999,6503.4793,135,1410.2,2852.0972,0
1748058300000000,2.02,2.024,2.014,2.023,6060.6,1748059199999999,12231.8221,189,3007.8,6074.288,0
1748059200000000,2.023,2.025,2.014,2.018,5782.2,1748060099999999,11674.1791,205,2568.3,5184.7183,0
1748060100000000,2.017,2.025,2.016,2.018,8646.7,1748060999999999,17476.4388,290,5394.8,10902.9007,0
1748061000000000,2.016,2.023,2.012,2.018,7885.9,1748061899999999,15917.6461,240,4307.8,8701.9803,0
1748061900000000,2.018,2.02,2.015,2.016,4888.1,1748062799999999,9860.8185,169,1919.8,3873.2395,0
1748062800000000,2.017,2.033,2.006,2.012,74900.6,1748063699999999,151568.2902,1107,45234.9,91536.3429,0
1748063700000000,2.011,2.011,2.002,2.009,5079.5,1748064599999999,10198.5672,147,2057.4,4129.9419,0
1748064600000000,2.01,2.014,2.004,2.007,4473.9,1748065499999999,8986.518,178,1809.3,3633.7959,0
1748065500000000,2.007,2.01,2.003,2.007,3189.7,1748066399999999,6397.5309,143,2021.2,4053.4829,0
1748066400000000,2.007,2.016,2.006,2.009,7545.3,1748067299999999,15177.1642,180,3528.3,7091.5247,0
1748067300000000,2.009,2.018,1.998,2.007,37509.8,1748068199999999,75263.955,569,15441.7,30976.7801,0
1748068200000000,2.007,2.007,1.991,1.999,16559.5,1748069099999999,33052.869,375,9071.2,18107.8967,0
1748069100000000,1.999,2.01,1.995,2.01,3157.7,1748069999999999,6320.149,139,2204.1,4414.7989,0
1748070000000000,2.01,2.016,2.01,2.015,4274.0,1748070899999999,8604.5455,203,2907.5,5852.7372,0
1748070900000000,2.015,2.017,2.012,2.013,6360.3,1748071799999999,12814.2463,215,3083.1,6212.8965,0
1748071800000000,2.012,2.012,2.003,2.004,2268.7,1748072699999999,4555.9046,99,1124.5,2258.4455,0
1748072700000000,2.004,2.005,2.001,2.003,4529.7,1748073599999999,9073.9525,182,2699.2,5406.5878,0
1748073600000000,2.004,2.014,2.004,2.007,7397.1,1748074499999999,14869.2554,242,3692.1,7424.39,0
1748074500000000,2.007,2.007,1.992,1.995,13309.4,1748075399999999,26583.5198,271,6244.3,12464.4813,0
1748075400000000,1.996,2.001,1.994,1.998,19711.3,1748076299999999,39399.0835,269,3740.3,7470.8395,0
1748076300000000,1.999,2.008,1.999,2.007,4687.5,1748077199999999,9390.3182,190,2904.1,5814.3609,0
1748077200000000,2.007,2.011,2.001,2.001,6395.5,1748078099999999,12825.6262,225,4656.5,9338.7626,0
1748078100000000,2.002,2.015,2.002,2.01,3390.8,1748078999999999,6815.125,124,1532.8,3080.9933,0
1748079000000000,2.01,2.013,2.008,2.01,2571.8,1748079899999999,5170.3833,143,1322.0,2657.4799,0
1748079900000000,2.01,2.01,2.003,2.008,12682.2,1748080799999999,25446.2589,230,9278.6,18619.606,0
1748080800000000,2.009,2.01,2.003,2.005,4560.7,1748081699999999,9148.5001,158,1961.6,3934.9112,0
1748081700000000,2.006,2.016,2.006,2.016,4986.9,1748082599999999,10033.2841,239,2389.5,4806.7283,0
1748082600000000,2.017,2.035,2.017,2.033,17920.3,1748083499999999,36320.3297,533,11125.2,22546.3294,0
1748083500000000,2.034,2.053,2.031,2.045,56437.9,1748084399999999,115491.3894,828,34320.5,70282.8802,0
1748084400000000,2.045,2.049,2.039,2.04,12876.5,1748085299999999,26313.2595,340,3020.2,6172.2677,0
1748085300000000,2.04,2.043,2.031,2.036,5822.6,1748086199999999,11849.7744,230,3233.6,6581.0022,0
1748086200000000,2.036,2.042,2.031,2.031,4185.1,1748087099999999,8531.155,203,1704.8,3474.3835,0
1748087100000000,2.031,2.038,2.031,2.034,3967.8,1748087999999999,8073.4357,178,2046.0,4163.3427,0
1748088000000000,2.034,2.035,2.019,2.022,7915.4,1748088899999999,16036.5193,257,3706.2,7503.2913,0
1748088900000000,2.022,2.032,2.016,2.028,7080.9,1748089799999999,14313.6835,216,2367.3,4787.7467,0
1748089800000000,2.029,2.031,2.024,2.028,2501.4,1748090699999999,5071.4468,147,1197.3,2427.7541,0
1748090700000000,2.027,2.033,2.024,2.031,5494.0,1748091599999999,11151.4599,145,3527.7,7164.5997,0
1748091600000000,2.031,2.031,2.024,2.024,5339.9,1748092499999999,10826.6848,195,2620.4,5314.6229,0
1748092500000000,2.024,2.03,2.018,2.03,6803.9,1748093399999999,13767.8094,214,4449.8,9003.4561,0
1748093400000000,2.03,2.03,2.017,2.017,4113.7,1748094299999999,8321.7287,178,1251.1,2531.8815,0
1748094300000000,2.018,2.018,2.008,2.009,3262.8,1748095199999999,6569.6392,146,1660.0,3344.0777,0
1748095200000000,2.009,2.018,2.005,2.017,4338.2,1748096099999999,8728.9581,171,2850.3,5737.0322,0
1748096100000000,2.018,2.024,2.01,2.01,2851.6,1748096999999999,5749.1084,130,830.0,1675.7821,0
1748097000000000,2.011,2.019,2.01,2.016,6248.8,1748097899999999,12584.0264,172,3108.8,6262.2689,0
1748097900000000,2.016,2.029,2.016,2.025,11296.3,1748098799999999,22850.65,306,6893.5,13945.1115,0
1748098800000000,2.024,2.036,2.024,2.034,13606.8,1748099699999999,27631.6918,362,7837.3,15914.2394,0
1748099700000000,2.034,2.035,2.021,2.023,3264.5,1748100599999999,6621.737,182,1384.8,2807.8768,0
1748100600000000,2.024,2.027,2.019,2.022,5887.8,1748101499999999,11909.8395,220,2630.0,5319.8553,0
1748101500000000,2.022,2.029,2.019,2.029,4319.5,1748102399999999,8743.8412,159,2078.3,4209.3161,0
1748102400000000,2.029,2.034,2.02,2.022,6469.5,1748103299999999,13127.4733,233,2145.6,4351.1156,0
1748103300000000,2.022,2.028,2.015,2.018,9272.1,1748104199999999,18723.978,346,3866.0,7809.2928,0
1748104200000000,2.017,2.025,2.015,2.023,3811.8,1748105099999999,7698.0697,211,2188.7,4418.8156,0
1748105100000000,2.022,2.031,2.019,2.024,4986.4,1748105999999999,10098.9751,213,3046.6,6167.8942,0
1748106000000000,2.025,2.039,2.024,2.035,8900.1,1748106899999999,18091.763,299,6263.7,12734.2898,0
1748106900000000,2.035,2.035,2.021,2.024,4744.7,1748107799999999,9613.3238,198,2143.8,4342.1057,0
1748107800000000,2.024,2.031,2.019,2.027,3584.5,1748108699999999,7264.714,151,1923.7,3898.4852,0
1748108700000000,2.027,2.027,2.015,2.015,26004.5,1748109599999999,52570.1472,520,7083.6,14317.0478,0
1748109600000000,2.014,2.023,2.014,2.022,2146.3,1748110499999999,4330.9607,135,1259.1,2541.2785,0
1748110500000000,2.021,2.026,2.019,2.02,4564.9,1748111399999999,9236.1565,188,2399.2,4858.1854,0
1748111400000000,2.019,2.019,2.012,2.013,1967.0,1748112299999999,3961.2495,118,732.9,1475.8632,0
1748112300000000,2.012,2.012,2.004,2.005,7263.0,1748113199999999,14573.0715,195,5663.1,11361.0952,0
1748113200000000,2.004,2.009,2.001,2.002,10585.5,1748114099999999,21230.4386,267,8117.7,16282.3519,0
1748114100000000,2.002,2.007,2.002,2.006,6998.0,1748114999999999,14019.8908,198,5510.9,11040.7932,0
1748115000000000,2.007,2.013,2.005,2.007,3151.9,1748115899999999,6331.0281,146,1635.6,3286.8276,0
1748115900000000,2.006,2.007,2.001,2.005,3078.6,1748116799999999,6170.9735,126,718.5,1440.2257,0
1748116800000000,2.006,2.008,2.002,2.007,8039.9,1748117699999999,16117.235,253,4553.5,9130.2796,0
1748117700000000,2.008,2.009,2.004,2.008,4973.3,1748118599999999,9975.8564,160,3365.3,6748.9388,0
1748118600000000,2.008,2.012,2.006,2.006,1736.0,1748119499999999,3488.0261,100,553.4,1112.4624,0
1748119500000000,2.005,2.005,2.001,2.004,3811.2,1748120399999999,7636.8955,108,3251.0,6514.7557,0
1748120400000000,2.004,2.004,1.997,2.0,5687.7,1748121299999999,11381.3578,150,2865.7,5731.1957,0
1748121300000000,2.001,2.001,1.985,1.991,20317.6,1748122199999999,40419.9283,383,6902.5,13727.7242,0
1748122200000000,1.991,2.0,1.989,1.999,4749.6,1748123099999999,9463.7124,111,2588.4,5160.7495,0
1748123100000000,1.999,2.001,1.997,2.0,1624.5,1748123999999999,3248.4936,54,1192.1,2384.0613,0
1748124000000000,2.0,2.0,1.986,1.989,13126.3,1748124899999999,26121.0156,341,6900.3,13732.0715,0
1748124900000000,1.989,1.99,1.982,1.986,5833.3,1748125799999999,11584.8439,190,1488.3,2956.2268,0
1748125800000000,1.986,1.989,1.983,1.987,6592.1,1748126699999999,13096.1428,170,2152.0,4275.7764,0
1748126700000000,1.987,1.99,1.977,1.978,18217.1,1748127599999999,36048.0262,217,3256.1,6443.2998,0
1748127600000000,1.978,1.979,1.968,1.977,11745.4,1748128499999999,23167.9583,347,4898.1,9662.8893,0
1748128500000000,1.977,1.985,1.977,1.981,4610.6,1748129399999999,9132.2861,219,1951.4,3865.3054,0
1748129400000000,1.98,1.986,1.976,1.976,7920.4,1748130299999999,15711.3093,240,3484.4,6910.2224,0
1748130300000000,1.976,1.983,1.972,1.979,5997.4,1748131199999999,11865.6993,180,1625.8,3216.0888,0
1748131200000000,1.979,1.995,1.979,1.985,18914.8,1748132099999999,37628.4283,490,9872.0,19640.7774,0
1748132100000000,1.985,1.987,1.979,1.985,7408.5,1748132999999999,14688.8674,201,3869.5,7676.0635,0
1748133000000000,1.985,1.986,1.944,1.951,61233.0,1748133899999999,119722.0015,1152,18144.9,35422.3448,0
1748133900000000,1.952,1.957,1.935,1.941,33975.5,1748134799999999,66133.4141,776,13948.2,27130.8993,0
1748134800000000,1.94,1.947,1.933,1.935,20386.9,1748135699999999,39525.4061,624,10430.6,20217.687,0
1748135700000000,1.935,1.951,1.929,1.946,15652.0,1748136599999999,30348.0894,534,6804.1,13201.4558,0
1748136600000000,1.947,1.95,1.941,1.947,8285.4,1748137499999999,16126.5609,226,3926.5,7639.939,0
1748137500000000,1.947,1.947,1.938,1.938,5572.4,1748138399999999,10825.9126,178,3399.5,6606.9371,0
1748138400000000,1.938,1.942,1.929,1.933,8948.8,1748139299999999,17313.2814,254,4703.6,9097.2347,0
1748139300000000,1.932,1.942,1.923,1.941,26959.5,1748140199999999,52146.4022,455,19655.6,38039.7073,0
1748140200000000,1.941,1.948,1.936,1.936,13245.7,1748141099999999,25714.2206,220,4112.0,7991.1441,0
1748141100000000,1.936,1.955,1.935,1.953,14303.5,1748141999999999,27843.4019,303,10110.1,19683.5577,0
1748142000000000,1.952,1.962,1.952,1.96,13251.6,1748142899999999,25908.015,268,5004.8,9795.086,0
1748142900000000,1.96,1.963,1.957,1.961,6649.2,1748143799999999,13034.7703,177,5518.0,10817.9356,0
1748143800000000,1.962,1.966,1.962,1.964,6420.7,1748144699999999,12612.1578,156,2936.5,5767.6248,0
1748144700000000,1.964,1.97,1.962,1.962,3572.3,1748145599999999,7025.8762,162,1459.7,2870.5101,0
1748145600000000,1.962,1.962,1.954,1.954,6404.2,1748146499999999,12534.4734,200,3588.6,7025.2264,0
1748146500000000,1.953,1.958,1.946,1.947,10164.8,1748147399999999,19830.4676,210,5351.8,10439.9135,0
1748147400000000,1.948,1.957,1.947,1.955,3324.8,1748148299999999,6490.8731,127,1990.0,3884.6667,0
1748148300000000,1.955,1.96,1.952,1.959,2390.4,1748149199999999,4672.1453,102,1516.1,2963.4135,0
1748149200000000,1.958,1.959,1.952,1.952,2402.4,1748150099999999,4700.1394,127,1417.3,2773.1683,0
1748150100000000,1.953,1.957,1.952,1.954,8888.6,1748150999999999,17365.8032,262,5030.7,9830.5027,0
1748151000000000,1.955,1.96,1.953,1.955,12688.5,1748151899999999,24819.0043,232,8185.0,16017.5405,0
1748151900000000,1.956,1.963,1.955,1.96,3194.8,1748152799999999,6255.1949,82,2529.1,4951.4377,0
1748152800000000,1.961,1.962,1.956,1.956,1534.3,1748153699999999,3005.5489,83,582.2,1140.2074,0
1748153700000000,1.956,1.96,1.953,1.957,3358.8,1748154599999999,6568.6963,77,1854.4,3626.7557,0
1748154600000000,1.957,1.959,1.955,1.958,4646.5,1748155499999999,9094.8459,144,2938.5,5752.5606,0
1748155500000000,1.957,1.963,1.956,1.961,3072.5,1748156399999999,6021.6392,124,1524.2,2987.8969,0
1748156400000000,1.96,1.96,1.952,1.952,23026.0,1748157299999999,44982.8285,248,3741.1,7314.6092,0
1748157300000000,1.952,1.954,1.935,1.937,12238.9,1748158199999999,23771.8853,265,3942.4,7675.7234,0
1748158200000000,1.937,1.95,1.934,1.945,16042.9,1748159099999999,31182.3276,282,10420.6,20249.1815,0
1748159100000000,1.946,1.949,1.945,1.946,4854.3,1748159999999999,9453.0895,111,2334.8,4546.6969,0
1748160000000000,1.946,1.946,1.929,1.931,33951.5,1748160899999999,65918.1349,417,6000.4,11608.1395,0
1748160900000000,1.93,1.936,1.926,1.927,10373.1,1748161799999999,20016.6502,349,4546.8,8776.4037,0
1748161800000000,1.928,1.933,1.926,1.929,8900.0,1748162699999999,17172.6515,241,5703.3,11006.2871,0
1748162700000000,1.928,1.928,1.906,1.919,25641.3,1748163599999999,49070.8666,621,12021.7,23008.2545,0
1748163600000000,1.918,1.928,1.912,1.922,10291.2,1748164499999999,19756.181,321,6531.3,12542.3363,0
1748164500000000,1.921,1.927,1.914,1.925,9279.5,1748165399999999,17823.6954,236,3712.7,7128.0185,0
1748165400000000,1.926,1.926,1.899,1.906,197345.4,1748166299999999,376392.3864,1461,56022.8,106771.8561,0
1748166300000000,1.906,1.916,1.906,1.913,7438.7,1748167199999999,14223.1917,183,3237.4,6186.582,0
1748167200000000,1.914,1.918,1.909,1.914,9229.2,1748168099999999,17645.9939,233,2051.8,3924.465,0
1748168100000000,1.914,1.917,1.913,1.913,3272.4,1748168999999999,6264.3974,94,1807.3,3459.4777,0
1748169000000000,1.913,1.917,1.912,1.912,7056.8,1748169899999999,13511.4777,149,1425.5,2730.7295,0
1748169900000000,1.911,1.919,1.901,1.902,19000.5,1748170799999999,36214.1626,321,4565.7,8713.0123,0
1748170800000000,1.902,1.914,1.9,1.913,4179.0,1748171699999999,7960.7032,157,2683.1,5111.4206,0
1748171700000000,1.914,1.915,1.91,1.913,2985.0,1748172599999999,5709.7898,139,1664.3,3183.859,0
1748172600000000,1.913,1.917,1.908,1.908,5364.7,1748173499999999,10252.4191,227,2856.6,5461.1977,0
1748173500000000,1.908,1.914,1.907,1.913,2626.0,1748174399999999,5015.7281,169,804.3,1537.5166,0
1748174400000000,1.912,1.912,1.903,1.909,8034.9,1748175299999999,15333.2376,228,2846.5,5432.7009,0
1748175300000000,1.91,1.923,1.91,1.918,26354.5,1748176199999999,50603.2515,454,20122.7,38651.6443,0
1748176200000000,1.918,1.923,1.915,1.918,9977.5,1748177099999999,19145.1482,210,2660.1,5107.9936,0
1748177100000000,1.918,1.922,1.911,1.914,19154.3,1748177999999999,36660.1652,257,6191.2,11851.9671,0
1748178000000000,1.914,1.916,1.902,1.903,6890.5,1748178899999999,13155.8052,150,4544.6,8680.7012,0
1748178900000000,1.903,1.91,1.9,1.91,5105.7,1748179799999999,9717.0582,147,2700.4,5142.1841,0
1748179800000000,1.91,1.916,1.907,1.914,4708.2,1748180699999999,9003.2049,173,1707.0,3264.3042,0
1748180700000000,1.913,1.917,1.904,1.904,2944.3,1748181599999999,5630.7573,126,1184.1,2264.3958,0
1748181600000000,1.904,1.911,1.901,1.905,3942.5,1748182499999999,7515.0397,135,1777.6,3387.9731,0
1748182500000000,1.905,1.905,1.899,1.904,6367.1,1748183399999999,12110.8361,153,4594.6,8740.4668,0
1748183400000000,1.904,1.906,1.892,1.893,17024.8,1748184299999999,32301.2487,370,4669.5,8862.6449,0
1748184300000000,1.893,1.897,1.889,1.897,3413.5,1748185199999999,6465.1634,156,1445.0,2736.4202,0
1748185200000000,1.898,1.899,1.886,1.888,9306.5,1748186099999999,17608.7574,266,4688.0,8872.5206,0
1748186100000000,1.888,1.891,1.872,1.877,21798.9,1748186999999999,40950.0075,444,8623.3,16185.4514,0
1748187000000000,1.876,1.897,1.875,1.894,44124.4,1748187899999999,83329.4427,912,23029.9,43471.9477,0
1748187900000000,1.894,1.898,1.886,1.894,9225.1,1748188799999999,17457.251,263,4335.8,8207.1041,0
1748188800000000,1.894,1.895,1.882,1.882,8241.6,1748189699999999,15559.7414,248,4576.1,8643.1074,0
1748189700000000,1.883,1.883,1.874,1.876,11950.8,1748190599999999,22430.4093,272,5525.2,10374.6828,0
1748190600000000,1.876,1.891,1.874,1.888,9505.8,1748191499999999,17899.385,280,4860.4,9151.0749,0
1748191500000000,1.888,1.892,1.888,1.889,7673.7,1748192399999999,14508.1126,179,3614.7,6836.4652,0
1748192400000000,1.888,1.895,1.886,1.894,18578.5,1748193299999999,35143.4727,343,13801.5,26111.2287,0
1748193300000000,1.894,1.898,1.886,1.896,5213.7,1748194199999999,9859.8998,156,3053.1,5774.6642,0
1748194200000000,1.896,1.896,1.887,1.891,3248.2,1748195099999999,6141.4535,111,1485.8,2807.1114,0
1748195100000000,1.892,1.896,1.892,1.893,2123.8,1748195999999999,4021.3908,97,733.9,1389.4885,0
1748196000000000,1.894,1.897,1.891,1.894,2879.3,1748196899999999,5455.0069,109,1840.8,3488.0646,0
1748196900000000,1.895,1.907,1.892,1.904,6784.1,1748197799999999,12857.7058,197,5983.4,11337.9276,0
1748197800000000,1.904,1.904,1.896,1.898,2435.9,1748198699999999,4627.9939,125,1304.1,2476.5006,0
1748198700000000,1.897,1.901,1.897,1.899,1671.8,1748199599999999,3175.362,89,1223.1,2322.706,0
1748199600000000,1.898,1.901,1.897,1.899,5746.2,1748200499999999,10912.4126,122,3261.4,6193.6358,0
1748200500000000,1.9,1.906,1.9,1.905,1107.0,1748201399999999,2107.469,82,510.2,971.4279,0
1748201400000000,1.905,1.909,1.905,1.908,4816.2,1748202299999999,9189.4884,138,3618.2,6904.8633,0
1748202300000000,1.908,1.924,1.908,1.914,25477.9,1748203199999999,48863.6882,479,18926.3,36291.714,0
1748203200000000,1.914,1.916,1.907,1.908,2054.1,1748204099999999,3928.4524,113,774.7,1480.3345,0
1748204100000000,1.907,1.917,1.903,1.917,6265.3,1748204999999999,11950.8632,155,2109.8,4033.1633,0
1748205000000000,1.917,1.922,1.916,1.92,5358.4,1748205899999999,10280.7052,163,2738.5,5255.105,0
1748205900000000,1.919,1.921,1.915,1.915,5020.5,1748206799999999,9631.8057,140,2659.9,5105.6659,0
1748206800000000,1.916,1.924,1.916,1.923,4718.4,1748207699999999,9065.4801,76,1629.6,3128.4117,0
1748207700000000,1.923,1.925,1.911,1.912,6549.0,1748208599999999,12583.0529,188,2225.9,4279.3851,0
1748208600000000,1.911,1.911,1.9,1.907,12208.8,1748209499999999,23249.9637,119,8204.5,15623.574,0
1748209500000000,1.907,1.915,1.906,1.909,860.9,1748210399999999,1645.476,38,670.0,1280.7008,0
1748210400000000,1.91,1.944,1.908,1.933,22204.7,1748211299999999,42860.1233,375,12214.0,23542.2107,0
1748211300000000,1.934,1.943,1.934,1.939,6063.8,1748212199999999,11756.4353,161,2272.1,4402.8312,0
1748212200000000,1.94,1.951,1.935,1.95,36723.5,1748213099999999,71521.6503,529,32843.9,63984.4427,0
1748213100000000,1.949,1.963,1.945,1.962,27251.9,1748213999999999,53300.4738,384,19271.3,37712.4947,0
1748214000000000,1.963,1.965,1.959,1.959,5683.0,1748214899999999,11150.4932,125,2504.1,4914.8727,0
1748214900000000,1.961,1.961,1.949,1.952,7150.7,1748215799999999,13959.9693,149,2842.3,5549.4926,0
1748215800000000,1.951,1.972,1.951,1.971,5242.8,1748216699999999,10292.4737,119,3200.6,6285.4506,0
1748216700000000,1.971,1.971,1.963,1.963,13083.5,1748217599999999,25696.8316,148,1612.3,3169.1216,0
1748217600000000,1.964,1.968,1.958,1.959,16233.7,1748218499999999,31876.7869,271,5490.3,10787.1511,0
1748218500000000,1.958,1.966,1.952,1.957,2637.5,1748219399999999,5166.1946,150,842.1,1649.1383,0
1748219400000000,1.958,1.985,1.957,1.982,35707.3,1748220299999999,70669.6947,450,23438.3,46367.1538,0
1748220300000000,1.981,1.99,1.977,1.99,27711.2,1748221199999999,54925.9967,445,15990.8,31687.0951,0
1748221200000000,1.99,1.994,1.976,1.977,18546.4,1748222099999999,36761.2402,336,11999.4,23782.4346,0
1748222100000000,1.978,1.98,1.973,1.976,2022.6,1748222999999999,3995.3511,138,477.2,942.9882,0
1748223000000000,1.974,1.989,1.973,1.989,1938.9,1748223899999999,3842.9205,124,1344.3,2664.7526,0
1748223900000000,1.989,1.989,1.979,1.982,6466.0,1748224799999999,12837.1467,187,2417.9,4796.6251,0
1748224800000000,1.982,1.982,1.975,1.978,3205.2,1748225699999999,6343.1425,169,2093.5,4143.0038,0
1748225700000000,1.978,1.983,1.976,1.979,5229.4,1748226599999999,10351.0514,143,1076.3,2132.3802,0
1748226600000000,1.98,1.981,1.964,1.969,18201.4,1748227499999999,35794.483,201,8222.5,16166.9779,0
1748227500000000,1.969,1.972,1.964,1.97,14506.0,1748228399999999,28566.8743,219,3838.1,7558.0842,0
1748228400000000,1.969,1.97,1.966,1.969,2310.6,1748229299999999,4547.5366,117,1806.8,3556.0036,0
1748229300000000,1.968,1.983,1.967,1.983,8346.8,1748230199999999,16498.3079,265,6265.4,12383.563,0
1748230200000000,1.983,1.987,1.981,1.983,11162.1,1748231099999999,22138.8244,436,6799.2,13486.2307,0
1748231100000000,1.984,1.988,1.981,1.982,5467.7,1748231999999999,10856.6986,130,4306.5,8551.9903,0
1748232000000000,1.982,1.984,1.977,1.98,4961.1,1748232899999999,9830.8952,162,1305.8,2586.3099,0
1748232900000000,1.98,1.986,1.98,1.985,2933.9,1748233799999999,5819.3548,127,1944.1,3856.5032,0
1748233800000000,1.985,1.985,1.979,1.979,2945.6,1748234699999999,5842.8928,114,2286.3,4535.4631,0
1748234700000000,1.979,1.984,1.978,1.981,2630.1,1748235599999999,5211.2385,117,1143.2,2265.5724,0
1748235600000000,1.981,1.982,1.974,1.977,6416.6,1748236499999999,12694.2335,189,2586.6,5120.8307,0
1748236500000000,1.978,1.984,1.977,1.983,6967.7,1748237399999999,13802.6464,230,2886.3,5716.5957,0
1748237400000000,1.982,1.982,1.978,1.981,5715.1,1748238299999999,11315.9197,214,4176.8,8269.4468,0
1748238300000000,1.981,1.996,1.981,1.992,11996.2,1748239199999999,23876.1268,421,6315.6,12563.3548,0
1748239200000000,1.992,2.002,1.99,2.001,32310.4,1748240099999999,64510.5226,548,17596.3,35125.4063,0
1748240100000000,2.001,2.003,1.995,1.997,5759.4,1748240999999999,11515.1166,171,1999.7,3996.3903,0
1748241000000000,1.997,2.0,1.996,1.997,5035.9,1748241899999999,10063.031,249,1637.5,3272.8506,0
1748241900000000,1.998,2.008,1.997,2.007,11100.6,1748242799999999,22242.6627,448,8060.2,16152.4645,0
1748242800000000,2.008,2.012,1.998,1.999,21862.6,1748243699999999,43885.5908,650,7908.0,15876.4262,0
1748243700000000,1.999,2.005,1.993,2.0,15654.4,1748244599999999,31283.5113,385,10424.2,20833.3114,0
1748244600000000,2.0,2.005,1.993,2.005,7143.7,1748245499999999,14286.3554,201,2248.2,4496.3111,0
1748245500000000,2.006,2.008,1.999,2.008,12576.9,1748246399999999,25211.054,282,4966.6,9958.6271,0
1748246400000000,2.009,2.017,1.996,1.999,24586.6,1748247299999999,49289.974,369,6832.0,13683.1255,0
1748247300000000,2.0,2.004,1.995,1.996,38372.8,1748248199999999,76683.5785,378,8595.9,17181.9062,0
1748248200000000,1.995,1.996,1.983,1.986,12145.0,1748249099999999,24127.4184,261,6945.3,13793.5541,0
1748249100000000,1.985,1.989,1.98,1.985,10054.9,1748249999999999,19937.2999,133,4522.8,8975.1495,0
1748250000000000,1.986,2.003,1.983,1.999,8060.6,1748250899999999,16065.6678,176,5162.1,10287.9439,0
1748250900000000,1.998,2.002,1.995,1.997,5304.2,1748251799999999,10601.3104,93,1229.8,2456.3426,0
1748251800000000,1.996,2.001,1.989,1.992,5266.8,1748252699999999,10507.39,160,2801.3,5591.5335,0
1748252700000000,1.99,1.994,1.982,1.987,46637.2,1748253599999999,92659.154,448,14707.1,29231.9109,0
1748253600000000,1.991,1.997,1.988,1.992,10422.5,1748254499999999,20765.5519,165,7473.8,14887.7537,0
1748254500000000,1.991,1.999,1.988,1.999,6077.0,1748255399999999,12132.2616,111,3911.9,7811.9254,0
1748255400000000,1.997,1.998,1.992,1.995,15851.4,1748256299999999,31641.0263,164,10344.7,20649.986,0
1748256300000000,1.996,1.997,1.982,1.991,4253.4,1748257199999999,8459.2396,150,973.5,1936.2221,0
1748257200000000,1.991,1.995,1.985,1.992,6851.3,1748258099999999,13644.2094,223,2634.1,5244.1238,0
1748258100000000,1.993,1.996,1.991,1.995,3485.2,1748258999999999,6945.9328,146,971.1,1935.1857,0
1748259000000000,1.996,2.004,1.989,2.003,17117.5,1748259899999999,34206.4896,311,13540.8,27059.0022,0
1748259900000000,2.003,2.005,1.994,1.997,16474.3,1748260799999999,32931.6792,286,9913.5,19812.538,0
1748260800000000,1.998,1.999,1.991,1.993,3782.0,1748261699999999,7545.4419,216,888.9,1772.4,0
1748261700000000,1.994,1.996,1.988,1.993,10770.7,1748262599999999,21458.2031,464,4459.0,8884.0247,0
1748262600000000,1.994,2.001,1.994,2.0,3955.5,1748263499999999,7901.5968,190,1844.2,3682.8568,0
1748263500000000,2.001,2.014,2.001,2.009,11629.6,1748264399999999,23363.0923,279,5813.3,11686.1429,0
1748264400000000,2.009,2.015,2.0,2.0,13078.6,1748265299999999,26237.1911,320,4589.5,9212.6342,0
1748265300000000,2.001,2.003,1.991,1.996,36813.6,1748266199999999,73518.0422,867,17324.8,34605.3443,0
1748266200000000,1.997,2.004,1.997,2.002,5495.5,1748267099999999,10993.8714,218,2394.7,4789.2674,0
1748267100000000,2.003,2.003,1.975,1.979,19579.0,1748267999999999,38917.554,532,5269.6,10462.5637,0
1748268000000000,1.979,1.993,1.975,1.991,22364.8,1748268899999999,44351.6664,517,14173.6,28098.037,0
1748268900000000,1.991,1.991,1.976,1.984,10932.8,1748269799999999,21695.717,346,5902.3,11710.4456,0
1748269800000000,1.984,1.984,1.967,1.974,18780.5,1748270699999999,37071.9187,559,9104.6,17976.9173,0
1748270700000000,1.974,1.979,1.968,1.975,9929.1,1748271599999999,19584.8159,404,5950.3,11739.205,0
1748271600000000,1.976,1.982,1.971,1.977,40232.7,1748272499999999,79564.0899,562,27637.0,54665.8118,0
1748272500000000,1.977,1.992,1.976,1.991,9628.6,1748273399999999,19114.667,262,7754.2,15398.8839,0
1748273400000000,1.991,2.009,1.991,1.996,24711.1,1748274299999999,49509.4619,724,13401.7,26859.0776,0
1748274300000000,1.995,2.002,1.991,1.994,23955.1,1748275199999999,47800.4337,388,10472.5,20908.8955,0
1748275200000000,1.994,2.008,1.994,1.996,31339.3,1748276099999999,62773.1086,547,11819.4,23695.5531,0
1748276100000000,1.996,1.996,1.959,1.967,35994.4,1748276999999999,70908.6103,1031,20077.3,39531.3376,0
1748277000000000,1.965,1.98,1.958,1.977,21651.5,1748277899999999,42580.4692,616,14376.8,28270.811,0
1748277900000000,1.977,1.978,1.964,1.97,5614.5,1748278799999999,11062.4041,207,1714.2,3376.7508,0
1748278800000000,1.969,1.973,1.964,1.969,3932.2,1748279699999999,7741.0904,178,2302.6,4535.4591,0
1748279700000000,1.969,1.97,1.955,1.957,4747.3,1748280599999999,9295.0409,193,2243.0,4391.5113,0
1748280600000000,1.958,1.958,1.943,1.947,19096.1,1748281499999999,37248.5417,370,7113.0,13877.7155,0
1748281500000000,1.946,1.946,1.936,1.941,20614.8,1748282399999999,39987.1516,366,4451.6,8637.745,0
1748282400000000,1.94,1.953,1.937,1.953,5769.6,1748283299999999,11228.1359,274,3390.6,6601.3795,0
1748283300000000,1.952,1.953,1.944,1.953,9141.5,1748284199999999,17829.0468,173,8123.8,15847.8942,0
1748284200000000,1.954,1.956,1.948,1.949,4480.4,1748285099999999,8748.2615,128,2834.7,5534.1033,0
1748285100000000,1.948,1.948,1.94,1.942,2231.1,1748285999999999,4339.2834,82,602.7,1172.2019,0
1748286000000000,1.942,1.946,1.939,1.945,10086.9,1748286899999999,19584.3397,207,2771.9,5387.3556,0
1748286900000000,1.945,1.949,1.944,1.944,3405.9,1748287799999999,6629.1246,111,989.9,1927.5964,0
1748287800000000,1.944,1.944,1.934,1.937,1972.5,1748288699999999,3821.3527,96,1120.9,2169.9785,0
1748288700000000,1.937,1.94,1.935,1.938,1027.8,1748289599999999,1991.5996,75,734.1,1422.5394,0
1748289600000000,1.935,1.949,1.932,1.948,3434.4,1748290499999999,6651.271,167,1428.4,2769.8421,0
1748290500000000,1.948,1.95,1.94,1.945,2518.4,1748291399999999,4897.3719,122,1184.3,2303.3462,0
1748291400000000,1.945,1.957,1.944,1.952,10236.1,1748292299999999,19994.104,226,7713.4,15068.5112,0
1748292300000000,1.953,1.959,1.948,1.959,6308.9,1748293199999999,12320.2024,198,4529.6,8843.2795,0
1748293200000000,1.959,1.963,1.946,1.949,10946.1,1748294099999999,21370.5599,196,4754.1,9282.2913,0
1748294100000000,1.948,1.951,1.943,1.95,3907.3,1748294999999999,7608.2997,98,1248.8,2430.8256,0
1748295000000000,1.949,1.954,1.947,1.949,4073.3,1748295899999999,7949.2063,132,1886.7,3681.3966,0
1748295900000000,1.949,1.954,1.947,1.952,5984.5,1748296799999999,11676.6279,58,5374.0,10486.475,0
1748296800000000,1.951,1.96,1.944,1.955,11745.2,1748297699999999,22947.4519,206,8792.2,17178.6261,0
1748297700000000,1.956,1.958,1.949,1.95,9894.1,1748298599999999,19311.7963,146,5327.4,10396.5579,0
1748298600000000,1.949,1.952,1.942,1.943,2583.6,1748299499999999,5029.7402,73,765.6,1491.3331,0
1748299500000000,1.943,1.943,1.937,1.938,5503.8,1748300399999999,10668.3651,79,427.4,828.7315,0
1748300400000000,1.937,1.94,1.935,1.939,5425.4,1748301299999999,10512.2698,81,3157.2,6118.1623,0
1748301300000000,1.938,1.939,1.933,1.933,4683.0,1748302199999999,9063.118,119,2573.4,4978.6233,0
1748302200000000,1.934,1.939,1.932,1.937,6324.9,1748303099999999,12239.4399,144,3464.5,6705.6008,0
1748303100000000,1.938,1.947,1.937,1.946,6378.2,1748303999999999,12411.4229,122,5052.2,9832.927,0
1748304000000000,1.946,1.957,1.936,1.954,22706.3,1748304899999999,44218.9558,394,12467.9,24298.6592,0
1748304900000000,1.957,1.962,1.944,1.949,17667.5,1748305799999999,34476.5334,162,6862.6,13392.397,0
1748305800000000,1.95,1.95,1.938,1.938,11627.9,1748306699999999,22590.6268,259,6700.8,13026.9255,0
1748306700000000,1.938,1.942,1.933,1.935,5765.4,1748307599999999,11163.1195,125,2485.6,4811.1039,0
1748307600000000,1.935,1.935,1.914,1.914,22623.3,1748308499999999,43521.6295,332,4302.7,8280.5568,0
1748308500000000,1.914,1.915,1.898,1.913,27856.0,1748309399999999,53137.6116,740,13113.9,25011.7642,0
1748309400000000,1.913,1.919,1.912,1.915,6411.6,1748310299999999,12285.6771,131,3350.6,6420.6464,0
1748310300000000,1.913,1.918,1.912,1.917,3294.0,1748311199999999,6308.8871,46,1627.0,3117.9578,0
1748311200000000,1.916,1.926,1.916,1.926,8595.0,1748312099999999,16503.6193,71,8171.0,15688.1594,0
1748312100000000,1.925,1.934,1.921,1.934,3028.3,1748312999999999,5832.4524,76,1431.6,2760.1995,0
1748313000000000,1.935,1.937,1.93,1.934,9894.3,1748313899999999,19133.6745,195,5681.1,10986.5503,0
1748313900000000,1.934,1.934,1.921,1.927,7116.6,1748314799999999,13733.6331,142,1446.1,2791.6939,0
1748314800000000,1.926,1.948,1.926,1.946,8926.3,1748315699999999,17324.8564,212,3346.8,6497.0259,0
1748315700000000,1.947,1.954,1.943,1.944,7624.3,1748316599999999,14859.3384,160,3041.8,5929.4719,0
1748316600000000,1.945,1.948,1.942,1.947,2268.4,1748317499999999,4411.4448,98,1490.1,2897.6942,0
1748317500000000,1.944,1.944,1.939,1.939,847.2,1748318399999999,1646.3664,47,478.4,929.8473,0
1748318400000000,1.939,1.947,1.938,1.943,1997.3,1748319299999999,3879.5513,71,1377.4,2676.7859,0
1748319300000000,1.941,1.949,1.939,1.948,3190.1,1748320199999999,6201.7883,91,2220.7,4316.6916,0
1748320200000000,1.949,1.949,1.941,1.945,1211.2,1748321099999999,2356.04,77,649.2,1262.9767,0
1748321100000000,1.944,1.951,1.938,1.94,4091.4,1748321999999999,7954.1625,77,1789.0,3484.4372,0
1748322000000000,1.938,1.94,1.931,1.933,10255.8,1748322899999999,19826.4845,150,2029.8,3926.0873,0
1748322900000000,1.933,1.933,1.923,1.924,9494.7,1748323799999999,18280.826,140,3998.9,7702.0394,0
1748323800000000,1.924,1.939,1.924,1.938,4781.5,1748324699999999,9247.1166,149,1722.3,3330.4712,0
1748324700000000,1.938,1.952,1.936,1.949,2340.7,1748325599999999,4553.4092,89,1479.3,2876.313,0
1748325600000000,1.949,1.966,1.948,1.964,22917.1,1748326499999999,44904.3709,413,14877.2,29164.9441,0
1748326500000000,1.964,1.968,1.957,1.959,10350.0,1748327399999999,20330.8228,269,6420.5,12623.3811,0
1748327400000000,1.96,1.967,1.96,1.964,6763.6,1748328299999999,13280.9557,163,3778.1,7416.7587,0
1748328300000000,1.964,1.966,1.945,1.946,8283.0,1748329199999999,16197.5922,201,2553.5,4991.1038,0
1748329200000000,1.946,1.958,1.946,1.954,4796.7,1748330099999999,9365.8826,207,3045.0,5944.8215,0
1748330100000000,1.955,1.961,1.954,1.957,4961.8,1748330999999999,9712.6571,205,2249.5,4403.1792,0
1748331000000000,1.957,1.967,1.957,1.965,13151.8,1748331899999999,25841.1411,298,8191.7,16097.6493,0
1748331900000000,1.966,1.973,1.964,1.967,11242.2,1748332799999999,22135.328,362,2444.7,4816.0874,0
1748332800000000,1.968,1.988,1.968,1.984,28842.7,1748333699999999,57201.0206,609,15553.5,30827.7241,0
1748333700000000,1.983,1.992,1.983,1.991,15856.2,1748334599999999,31542.6864,321,10769.9,21427.0543,0
1748334600000000,1.991,1.992,1.982,1.986,8993.8,1748335499999999,17854.7557,222,2698.6,5360.0599,0
1748335500000000,1.987,1.99,1.985,1.99,8431.0,1748336399999999,16759.5727,139,2510.5,4991.0558,0
1748336400000000,1.991,1.992,1.985,1.987,7541.6,1748337299999999,14988.665,150,2000.5,3977.6369,0
1748337300000000,1.987,1.987,1.974,1.976,8103.6,1748338199999999,16035.9644,241,1864.0,3688.4933,0
1748338200000000,1.976,1.988,1.976,1.988,10160.0,1748339099999999,20148.1471,263,9142.3,18130.6352,0
1748339100000000,1.987,1.998,1.986,1.997,11320.5,1748339999999999,22552.2659,271,5392.2,10743.0656,0
1748340000000000,1.998,1.999,1.986,1.988,11423.6,1748340899999999,22756.025,137,2435.1,4845.467,0
1748340900000000,1.989,1.992,1.987,1.99,4173.1,1748341799999999,8306.62,134,1919.3,3820.325,0
1748341800000000,1.991,1.992,1.988,1.989,6686.0,1748342699999999,13303.3107,147,2512.3,4997.4458,0
1748342700000000,1.989,1.994,1.988,1.992,3372.7,1748343599999999,6714.307,93,2390.4,4758.7543,0
1748343600000000,1.992,2.013,1.989,2.004,112999.8,1748344499999999,226311.3974,1802,63575.9,127298.1003,0
1748344500000000,2.003,2.003,1.993,1.998,9332.9,1748345399999999,18653.6034,376,2889.4,5775.9838,0
1748345400000000,1.999,2.003,1.995,1.998,21267.3,1748346299999999,42501.025,484,8890.0,17771.7707,0
1748346300000000,1.999,2.002,1.994,2.001,16919.0,1748347199999999,33831.2892,332,6267.4,12535.0954,0
1748347200000000,2.0,2.003,1.998,2.001,15647.5,1748348099999999,31308.3507,312,4796.0,9598.3459,0
1748348100000000,2.002,2.009,1.998,2.007,8068.0,1748348999999999,16165.1657,211,5314.5,10652.0392,0
1748349000000000,2.008,2.008,1.999,1.999,9321.8,1748349899999999,18685.798,240,2442.7,4892.9778,0
1748349900000000,2.001,2.008,1.998,2.008,5824.1,1748350799999999,11656.0197,162,2088.5,4181.6111,0
1748350800000000,2.008,2.02,2.006,2.016,52604.2,1748351699999999,105986.2947,953,30643.1,61736.2604,0
1748351700000000,2.016,2.025,2.012,2.015,32874.7,1748352599999999,66417.0646,605,17871.1,36114.6447,0
1748352600000000,2.016,2.021,2.001,2.003,18109.7,1748353499999999,36428.9584,266,7379.0,14833.6774,0
1748353500000000,2.004,2.007,1.988,1.991,25719.1,1748354399999999,51309.9806,334,12729.1,25405.3731,0
1748354400000000,1.992,2.003,1.987,2.003,7530.7,1748355299999999,15027.6424,133,2624.0,5233.1137,0
1748355300000000,1.997,1.998,1.984,1.985,13460.7,1748356199999999,26789.8018,263,5375.6,10702.0803,0
1748356200000000,1.985,1.985,1.962,1.983,43474.4,1748357099999999,85798.8033,808,19650.1,38783.5012,0
1748357100000000,1.983,1.987,1.972,1.978,10385.8,1748357999999999,20565.7441,263,4704.1,9311.9952,0
1748358000000000,1.978,1.98,1.967,1.977,19151.6,1748358899999999,37783.6779,349,11753.6,23197.9212,0
1748358900000000,1.977,1.987,1.975,1.984,10941.4,1748359799999999,21684.0675,244,8412.5,16675.1966,0
1748359800000000,1.985,1.992,1.981,1.99,8019.8,1748360699999999,15937.9163,194,3927.2,7803.3904,0
1748360700000000,1.991,1.999,1.991,1.998,3463.4,1748361599999999,6910.7743,120,2471.6,4931.8135,0
1748361600000000,1.998,1.999,1.985,1.991,7911.8,1748362499999999,15758.3788,241,1405.7,2802.5999,0
1748362500000000,1.991,1.996,1.989,1.993,19698.3,1748363399999999,39264.3438,342,13354.8,26617.7675,0
1748363400000000,1.992,2.002,1.992,1.998,4797.5,1748364299999999,9583.1011,168,1956.9,3909.3346,0
1748364300000000,1.998,1.998,1.988,1.993,15108.1,1748365199999999,30142.6528,241,8702.7,17372.7844,0
1748365200000000,1.992,1.998,1.989,1.991,7513.5,1748366099999999,14976.6375,162,4414.7,8799.6613,0
1748366100000000,1.991,1.995,1.985,1.99,17360.2,1748366999999999,34530.2012,230,5849.9,11625.9273,0
1748367000000000,1.989,1.996,1.986,1.996,17310.4,1748367899999999,34468.0459,380,10848.2,21608.4178,0
1748367900000000,1.996,2.002,1.988,1.988,13766.4,1748368799999999,27487.9424,256,5288.3,10560.6116,0
1748368800000000,1.988,1.993,1.985,1.988,5316.8,1748369699999999,10572.5954,136,2894.3,5756.9719,0
1748369700000000,1.989,1.99,1.983,1.984,13226.3,1748370599999999,26282.9465,203,3836.4,7625.5061,0
1748370600000000,1.984,1.987,1.977,1.982,6435.2,1748371499999999,12748.9576,146,1603.0,3180.9703,0
1748371500000000,1.983,1.985,1.98,1.981,3886.1,1748372399999999,7704.362,101,2059.3,4084.0618,0
1748372400000000,1.98,1.985,1.974,1.982,14915.0,1748373299999999,29505.1943,284,8827.9,17469.7246,0
1748373300000000,1.982,1.982,1.977,1.979,1944.1,1748374199999999,3848.8506,72,928.7,1838.3745,0
1748374200000000,1.98,1.983,1.975,1.982,2285.4,1748375099999999,4526.2333,81,1485.2,2942.5261,0
1748375100000000,1.979,1.981,1.972,1.972,9886.5,1748375999999999,19529.4075,159,3534.5,6984.6753,0
1748376000000000,1.973,1.979,1.969,1.977,3177.3,1748376899999999,6265.8258,109,1836.5,3621.7449,0
1748376900000000,1.977,1.986,1.977,1.984,11492.4,1748377799999999,22772.2349,174,7288.6,14440.6199,0
1748377800000000,1.984,1.987,1.974,1.975,9920.2,1748378699999999,19630.7133,163,2526.5,4998.1001,0
1748378700000000,1.974,1.981,1.974,1.98,6987.3,1748379599999999,13823.7885,124,3611.9,7145.6671,0
1748379600000000,1.979,1.984,1.979,1.982,12032.2,1748380499999999,23841.1482,198,8392.2,16631.723,0
1748380500000000,1.982,1.982,1.967,1.967,3651.1,1748381399999999,7207.9037,85,1054.8,2079.626,0
1748381400000000,1.967,1.971,1.956,1.958,21526.4,1748382299999999,42298.4399,274,13940.0,27419.998,0
1748382300000000,1.958,1.967,1.957,1.961,21623.0,1748383199999999,42362.0366,199,14317.0,28052.486,0
1748383200000000,1.962,1.965,1.949,1.951,15469.6,1748384099999999,30319.7011,299,5971.6,11707.6323,0
1748384100000000,1.948,1.959,1.946,1.953,12582.1,1748384999999999,24542.8692,231,2252.6,4402.7847,0
1748385000000000,1.953,1.956,1.951,1.956,3266.2,1748385899999999,6381.1038,114,2429.3,4745.6594,0
1748385900000000,1.956,1.961,1.953,1.956,3415.3,1748386799999999,6684.5799,97,2214.7,4338.1171,0
1748386800000000,1.956,1.958,1.952,1.958,3621.3,1748387699999999,7079.7204,108,1198.3,2344.2849,0
1748387700000000,1.959,1.96,1.954,1.955,4416.3,1748388599999999,8642.2682,78,2186.2,4279.0074,0
1748388600000000,1.953,1.961,1.952,1.961,13507.4,1748389499999999,26441.9864,192,9247.4,18095.3493,0
1748389500000000,1.96,1.966,1.96,1.966,5584.7,1748390399999999,10970.9811,93,3907.3,7674.8159,0
1748390400000000,1.966,1.968,1.955,1.956,27957.3,1748391299999999,54830.0839,220,6233.3,12245.8392,0
1748391300000000,1.955,1.97,1.952,1.969,13415.7,1748392199999999,26281.2272,124,7968.9,15633.6804,0
1748392200000000,1.97,1.971,1.96,1.967,5555.5,1748393099999999,10917.1879,82,3655.1,7183.3395,0
1748393100000000,1.965,1.981,1.962,1.98,21523.5,1748393999999999,42426.6006,351,14720.9,29021.8539,0
1748394000000000,1.981,1.984,1.969,1.969,14608.7,1748394899999999,28839.1384,159,4126.7,8159.8535,0
1748394900000000,1.967,1.97,1.965,1.965,3457.0,1748395799999999,6799.5728,39,1879.3,3698.1816,0
1748395800000000,1.964,1.97,1.962,1.97,3218.5,1748396699999999,6327.6833,39,2949.0,5797.7555,0
1748396700000000,1.967,1.974,1.956,1.956,6724.3,1748397599999999,13227.5989,75,2716.4,5353.3887,0
1748397600000000,1.958,1.959,1.951,1.956,5800.1,1748398499999999,11340.501,122,3589.3,7021.3254,0
1748398500000000,1.956,1.956,1.946,1.95,10372.9,1748399399999999,20235.9663,157,4684.2,9143.8526,0
1748399400000000,1.948,1.962,1.948,1.962,9430.5,1748400299999999,18456.2114,137,3454.9,6763.3051,0
1748400300000000,1.96,1.961,1.957,1.957,3267.3,1748401199999999,6402.8601,34,2206.7,4324.4384,0
1748401200000000,1.956,1.96,1.95,1.96,10227.4,1748402099999999,19966.4531,58,1048.1,2050.6336,0
1748402100000000,1.96,1.96,1.948,1.951,8753.4,1748402999999999,17111.4752,98,2300.3,4500.4924,0
1748403000000000,1.949,1.959,1.949,1.956,1914.6,1748403899999999,3742.2459,65,1084.2,2121.2126,0
1748403900000000,1.956,1.961,1.956,1.957,4268.2,1748404799999999,8363.3599,70,2602.1,5099.9527,0
1748404800000000,1.957,1.957,1.95,1.956,5846.4,1748405699999999,11418.4136,136,2218.4,4330.8819,0
1748405700000000,1.955,1.96,1.948,1.951,2469.6,1748406599999999,4827.7355,116,1129.6,2207.8949,0
1748406600000000,1.948,1.959,1.948,1.958,4913.9,1748407499999999,9609.2317,128,3064.5,5992.4419,0
1748407500000000,1.96,1.965,1.958,1.958,12179.1,1748408399999999,23909.4002,129,4659.1,9143.9336,0
1748408400000000,1.957,1.957,1.945,1.949,3673.4,1748409299999999,7165.3052,66,2034.5,3966.0064,0
1748409300000000,1.947,1.954,1.947,1.95,7507.8,1748410199999999,14648.3395,99,4748.3,9263.7005,0
1748410200000000,1.95,1.958,1.95,1.952,2705.7,1748411099999999,5285.2891,74,1183.6,2313.7427,0
1748411100000000,1.953,1.957,1.949,1.95,5358.8,1748411999999999,10466.3488,91,4599.2,8982.848,0
1748412000000000,1.95,1.95,1.941,1.941,6640.2,1748412899999999,12914.1128,155,3026.0,5885.8356,0
1748412900000000,1.94,1.945,1.939,1.945,2411.6,1748413799999999,4684.7384,81,1329.1,2581.3021,0
1748413800000000,1.945,1.945,1.933,1.938,5549.5,1748414699999999,10744.993,123,1963.7,3804.2185,0
1748414700000000,1.938,1.944,1.936,1.938,4168.8,1748415599999999,8090.9476,82,1080.2,2096.4082,0
1748415600000000,1.937,1.949,1.936,1.945,4201.0,1748416499999999,8175.2856,116,1208.3,2348.4191,0
1748416500000000,1.946,1.947,1.939,1.942,7031.1,1748417399999999,13666.607,165,2640.3,5139.2155,0
1748417400000000,1.942,1.946,1.94,1.945,9979.1,1748418299999999,19406.7321,295,1421.2,2762.8667,0
1748418300000000,1.946,1.947,1.939,1.941,4793.2,1748419199999999,9313.4899,127,1993.9,3871.4703,0
1748419200000000,1.942,1.951,1.932,1.935,6830.2,1748420099999999,13272.5246,136,2660.2,5174.4066,0
1748420100000000,1.934,1.94,1.931,1.939,1656.9,1748420999999999,3206.0078,41,1266.6,2451.0095,0
1748421000000000,1.937,1.947,1.929,1.947,6392.3,1748421899999999,12362.1966,96,3054.1,5907.2826,0
1748421900000000,1.946,1.949,1.94,1.944,3187.3,1748422799999999,6195.9188,43,2241.2,4355.9252,0
1748422800000000,1.947,1.947,1.934,1.935,8448.6,1748423699999999,16382.4515,129,4252.7,8246.6068,0
1748423700000000,1.936,1.937,1.931,1.932,2183.1,1748424599999999,4221.2498,49,921.5,1781.8254,0
1748424600000000,1.93,1.934,1.926,1.933,6168.2,1748425499999999,11905.677,58,1561.0,3013.0003,0
1748425500000000,1.932,1.933,1.926,1.928,4382.0,1748426399999999,8454.9218,62,1981.2,3824.6438,0
1748426400000000,1.928,1.928,1.916,1.919,22216.8,1748427299999999,42697.076,272,8520.7,16386.2668,0
1748427300000000,1.918,1.922,1.908,1.918,23289.2,1748428199999999,44577.2022,420,13812.3,26449.6585,0
1748428200000000,1.92,1.936,1.92,1.935,14568.8,1748429099999999,28101.0144,263,8840.3,17062.0096,0
1748429100000000,1.934,1.941,1.934,1.939,19661.1,1748429999999999,38101.2083,162,5925.4,11487.2384,0
1748430000000000,1.939,1.946,1.939,1.94,4242.7,1748430899999999,8248.1734,56,3239.4,6299.0863,0
1748430900000000,1.941,1.944,1.937,1.94,5944.1,1748431799999999,11536.2583,85,3976.8,7718.9925,0
1748431800000000,1.94,1.949,1.94,1.947,11448.4,1748432699999999,22279.0331,164,2286.8,4449.7876,0
1748432700000000,1.946,1.953,1.946,1.95,5632.8,1748433599999999,10988.376,96,3483.1,6793.2784,0
1748433600000000,1.952,1.954,1.947,1.954,9959.8,1748434499999999,19419.824,101,2153.3,4201.2322,0
1748434500000000,1.954,1.965,1.954,1.963,16768.7,1748435399999999,32871.4277,203,10192.7,19983.5198,0
1748435400000000,1.962,1.968,1.96,1.968,13767.9,1748436299999999,27040.4341,162,8616.8,16928.8442,0
1748436300000000,1.968,1.97,1.953,1.953,13664.9,1748437199999999,26797.7903,178,3979.6,7809.8119,0
1748437200000000,1.953,1.954,1.945,1.95,8863.8,1748438099999999,17270.1229,138,2946.0,5740.3963,0
1748438100000000,1.95,1.95,1.944,1.949,5080.5,1748438999999999,9892.3022,146,2446.5,4764.4106,0
1748439000000000,1.949,1.959,1.94,1.944,31199.6,1748439899999999,60931.5851,340,14992.1,29264.2718,0
1748439900000000,1.942,1.943,1.93,1.93,27113.1,1748440799999999,52466.2312,456,8139.5,15753.5423,0
1748440800000000,1.932,1.934,1.917,1.918,19257.8,1748441699999999,37043.4144,257,4640.6,8938.2788,0
1748441700000000,1.917,1.927,1.91,1.926,20682.4,1748442599999999,39707.501,336,11319.0,21740.6186,0
1748442600000000,1.925,1.927,1.917,1.921,35779.3,1748443499999999,68821.7373,329,17261.3,33219.4735,0
1748443500000000,1.921,1.926,1.909,1.909,18312.4,1748444399999999,35081.1731,330,3635.8,6966.4354,0
1748444400000000,1.908,1.915,1.88,1.883,53884.4,1748445299999999,102063.2014,688,20382.5,38578.6371,0
1748445300000000,1.883,1.903,1.883,1.897,30801.9,1748446199999999,58415.4645,238,18782.2,35640.3118,0
1748446200000000,1.896,1.9,1.89,1.898,10007.9,1748447099999999,18967.1957,144,4178.6,7919.6888,0
1748447100000000,1.896,1.897,1.885,1.886,9056.0,1748447999999999,17121.1761,126,4574.2,8650.9256,0
1748448000000000,1.887,1.896,1.883,1.889,17996.8,1748448899999999,34020.3886,172,6883.4,13000.8568,0
1748448900000000,1.888,1.9,1.888,1.899,6165.4,1748449799999999,11691.99,76,4095.9,7764.4494,0
1748449800000000,1.898,1.898,1.89,1.898,3813.4,1748450699999999,7226.1287,44,721.9,1367.679,0
1748450700000000,1.9,1.905,1.898,1.904,6492.7,1748451599999999,12350.6668,86,2426.8,4615.8065,0
1748451600000000,1.905,1.92,1.905,1.914,24779.2,1748452499999999,47479.1414,289,17822.6,34146.3326,0
1748452500000000,1.914,1.921,1.902,1.905,18853.2,1748453399999999,36059.132,212,2892.1,5536.1597,0
1748453400000000,1.904,1.904,1.886,1.89,14683.0,1748454299999999,27820.918,160,8868.1,16805.8699,0
1748454300000000,1.889,1.897,1.889,1.896,3656.4,1748455199999999,6917.9128,47,2752.3,5209.1156,0
1748455200000000,1.894,1.898,1.892,1.898,6184.0,1748456099999999,11709.2586,74,2350.8,4453.045,0
1748456100000000,1.899,1.9,1.884,1.885,11014.8,1748456999999999,20805.0954,111,1540.0,2912.8803,0
1748457000000000,1.885,1.888,1.883,1.888,7387.4,1748457899999999,13924.0827,62,3812.4,7190.7502,0
1748457900000000,1.888,1.89,1.876,1.877,16147.1,1748458799999999,30378.7454,131,3465.6,6525.4922,0
1748458800000000,1.875,1.888,1.875,1.884,5259.6,1748459699999999,9910.2318,77,3124.2,5887.2813,0
1748459700000000,1.884,1.884,1.873,1.875,5693.4,1748460599999999,10683.8364,82,1957.7,3678.1644,0
1748460600000000,1.873,1.875,1.854,1.856,43012.0,1748461499999999,80166.1772,506,15434.3,28779.0682,0
1748461500000000,1.855,1.862,1.855,1.856,11069.6,1748462399999999,20569.1897,147,3028.3,5629.2597,0
1748462400000000,1.855,1.86,1.85,1.853,16909.4,1748463299999999,31338.145,157,5930.3,10990.3286,0
1748463300000000,1.852,1.86,1.852,1.86,10752.6,1748464199999999,19962.6994,125,7191.7,13353.6249,0
1748464200000000,1.859,1.866,1.854,1.864,4303.8,1748465099999999,8016.4412,81,1121.9,2089.0456,0
1748465100000000,1.866,1.871,1.864,1.869,3944.3,1748465999999999,7360.4264,89,2449.3,4571.3403,0
1748466000000000,1.87,1.87,1.858,1.86,12230.6,1748466899999999,22786.3557,152,7012.9,13067.9497,0
1748466900000000,1.862,1.876,1.862,1.868,6715.5,1748467799999999,12565.259,88,3061.3,5730.7483,0
1748467800000000,1.868,1.874,1.867,1.873,5525.9,1748468699999999,10335.7515,61,3389.2,6337.3705,0
1748468700000000,1.873,1.878,1.873,1.878,4340.3,1748469599999999,8139.2905,57,3630.3,6807.7587,0
1748469600000000,1.876,1.878,1.866,1.87,4755.3,1748470499999999,8906.2503,74,2270.3,4256.4654,0
1748470500000000,1.869,1.871,1.866,1.866,12150.7,1748471399999999,22719.4911,80,7192.6,13450.0635,0
1748471400000000,1.867,1.871,1.865,1.868,4441.1,1748472299999999,8297.1869,87,1075.0,2008.1677,0
1748472300000000,1.868,1.873,1.866,1.873,1444.4,1748473199999999,2700.0876,20,1335.6,2496.7845,0
1748473200000000,1.873,1.889,1.873,1.886,24819.0,1748474099999999,46771.5174,216,19386.3,36519.8328,0
1748474100000000,1.888,1.9,1.886,1.898,23544.1,1748474999999999,44624.9308,347,15022.6,28483.1743,0
1748475000000000,1.899,1.904,1.898,1.898,5590.3,1748475899999999,10623.9266,142,2289.3,4349.9379,0
1748475900000000,1.899,1.899,1.888,1.894,19875.4,1748476799999999,37566.2597,158,11216.1,21193.1993,0
1748476800000000,1.896,1.898,1.88,1.881,51536.4,1748477699999999,97094.2207,337,23406.4,44054.6331,0
1748477700000000,1.885,1.899,1.876,1.899,77612.1,1748478599999999,146102.6063,557,31972.8,60233.0863,0
1748478600000000,1.9,1.907,1.894,1.902,41056.4,1748479499999999,78112.8308,440,19999.2,38051.1592,0
1748479500000000,1.904,1.93,1.904,1.928,39134.8,1748480399999999,75161.105,531,27022.1,51924.86,0
1748480400000000,1.926,1.927,1.913,1.92,39249.6,1748481299999999,75259.9606,552,13041.1,24999.6489,0
1748481300000000,1.921,1.921,1.912,1.913,17867.0,1748482199999999,34244.1248,246,12985.2,24887.5691,0
1748482200000000,1.912,1.918,1.909,1.917,22837.3,1748483099999999,43672.6212,209,8744.8,16739.2953,0
1748483100000000,1.917,1.924,1.914,1.914,14483.4,1748483999999999,27799.6464,231,10128.1,19438.7244,0
1748484000000000,1.914,1.914,1.902,1.904,10391.2,1748484899999999,19823.8503,178,6364.7,12137.8867,0
1748484900000000,1.904,1.923,1.903,1.92,26321.6,1748485799999999,50331.3691,487,18395.1,35191.811,0
1748485800000000,1.924,1.933,1.923,1.932,37232.4,1748486699999999,71750.7881,450,17784.2,34286.9704,0
1748486700000000,1.933,1.938,1.931,1.936,14086.8,1748487599999999,27261.5772,264,6185.4,11972.5142,0
1748487600000000,1.937,1.939,1.924,1.924,13714.7,1748488499999999,26447.0239,304,4538.5,8758.3411,0
1748488500000000,1.925,1.932,1.923,1.927,9010.9,1748489399999999,17360.4828,194,4401.7,8480.4651,0
1748489400000000,1.927,1.93,1.912,1.914,17885.1,1748490299999999,34365.3837,386,7247.1,13943.8961,0
1748490300000000,1.915,1.918,1.91,1.915,9408.7,1748491199999999,18016.5541,173,6855.9,13129.1757,0
1748491200000000,1.915,1.919,1.908,1.91,11128.7,1748492099999999,21297.3906,206,5643.1,10803.5104,0
1748492100000000,1.909,1.912,1.901,1.912,13861.9,1748492999999999,26423.0596,299,7480.1,14263.883,0
1748493000000000,1.912,1.913,1.884,1.886,30529.8,1748493899999999,57822.3675,529,9139.9,17286.7274,0
1748493900000000,1.886,1.889,1.871,1.888,30878.5,1748494799999999,58043.5171,731,13956.1,26263.137,0
1748494800000000,1.887,1.89,1.883,1.884,20599.9,1748495699999999,38865.1441,206,15282.5,28840.5295,0
1748495700000000,1.884,1.89,1.884,1.89,11815.8,1748496599999999,22316.173,219,4473.4,8447.7125,0
1748496600000000,1.89,1.894,1.886,1.894,10533.2,1748497499999999,19903.4125,149,9040.2,17084.4295,0
1748497500000000,1.893,1.896,1.881,1.888,20108.1,1748498399999999,37918.3068,350,7764.6,14663.3106,0
1748498400000000,1.886,1.89,1.884,1.89,8042.7,1748499299999999,15174.6412,155,4041.3,7627.0342,0
1748499300000000,1.889,1.896,1.889,1.895,3605.5,1748500199999999,6822.4524,91,1941.3,3675.2452,0
1748500200000000,1.896,1.897,1.888,1.89,7821.1,1748501099999999,14792.498,129,4520.0,8552.7374,0
1748501100000000,1.891,1.894,1.889,1.889,6160.9,1748501999999999,11648.7989,92,3867.7,7314.4762,0
1748502000000000,1.89,1.89,1.883,1.888,7834.4,1748502899999999,14772.0415,190,4656.3,8778.4068,0
1748502900000000,1.887,1.897,1.887,1.897,7364.0,1748503799999999,13918.9319,110,4561.3,8620.4126,0
1748503800000000,1.896,1.896,1.889,1.895,6701.5,1748504699999999,12681.6976,113,3679.0,6962.4919,0
1748504700000000,1.895,1.895,1.89,1.891,4893.1,1748505599999999,9261.3267,83,3660.8,6929.6192,0
1748505600000000,1.891,1.9,1.884,1.899,33079.5,1748506499999999,62625.6629,404,16509.6,31266.4041,0
1748506500000000,1.898,1.904,1.892,1.896,33871.8,1748507399999999,64286.6772,408,21930.9,41633.5483,0
1748507400000000,1.894,1.901,1.892,1.897,10445.9,1748508299999999,19817.9111,196,5251.5,9965.0591,0
1748508300000000,1.896,1.908,1.893,1.906,18876.8,1748509199999999,35879.5024,293,12139.7,23068.877,0
1748509200000000,1.906,1.906,1.893,1.899,11179.8,1748510099999999,21226.1839,152,3603.8,6850.0182,0
1748510100000000,1.899,1.9,1.892,1.892,9123.6,1748510999999999,17287.5617,120,3347.6,6344.8581,0
1748511000000000,1.892,1.896,1.886,1.89,13311.9,1748511899999999,25186.5764,255,7541.9,14272.7144,0
1748511900000000,1.891,1.895,1.889,1.895,5142.7,1748512799999999,9730.1658,85,3267.0,6183.5069,0
1748512800000000,1.894,1.895,1.884,1.886,11165.0,1748513699999999,21080.5022,147,5817.1,10986.5899,0
1748513700000000,1.887,1.891,1.882,1.882,3098.0,1748514599999999,5846.6322,62,1973.7,3725.1859,0
1748514600000000,1.882,1.884,1.879,1.884,4854.3,1748515499999999,9135.2546,100,1625.8,3059.7235,0
1748515500000000,1.883,1.889,1.883,1.886,9746.1,1748516399999999,18384.9382,140,7572.6,14284.4433,0
1748516400000000,1.887,1.895,1.885,1.889,14847.2,1748517299999999,28060.4918,233,9765.8,18456.1744,0
1748517300000000,1.889,1.895,1.888,1.894,12218.1,1748518199999999,23122.721,157,6853.7,12970.4688,0
1748518200000000,1.895,1.897,1.888,1.89,8799.7,1748519099999999,16657.6447,135,2463.4,4665.9439,0
1748519100000000,1.889,1.894,1.888,1.894,8302.3,1748519999999999,15697.6269,136,3692.0,6981.973,0
1748520000000000,1.893,1.893,1.88,1.889,11293.3,1748520899999999,21277.8932,167,6615.0,12466.8314,0
1748520900000000,1.89,1.891,1.879,1.882,10634.5,1748521799999999,20023.9155,152,6011.9,11320.1952,0
1748521800000000,1.882,1.885,1.86,1.863,28337.3,1748522699999999,52971.1433,366,9782.2,18298.3343,0
1748522700000000,1.863,1.87,1.863,1.864,17218.2,1748523599999999,32121.6038,178,7002.4,13075.1281,0
1748523600000000,1.865,1.874,1.863,1.872,12202.3,1748524499999999,22797.5911,140,6262.0,11699.2529,0
1748524500000000,1.872,1.874,1.86,1.866,10865.7,1748525399999999,20273.2295,168,5951.4,11097.0767,0
1748525400000000,1.867,1.867,1.847,1.849,26562.6,1748526299999999,49237.9938,358,7903.9,14687.1363,0
1748526300000000,1.848,1.862,1.848,1.853,26212.1,1748527199999999,48607.6059,263,17084.5,31679.7658,0
1748527200000000,1.853,1.857,1.838,1.842,43128.1,1748528099999999,79702.1692,486,14659.4,27108.9297,0
1748528100000000,1.842,1.842,1.825,1.832,48799.6,1748528999999999,89342.9206,522,21350.9,39086.9131,0
1748529000000000,1.827,1.848,1.825,1.845,27418.1,1748529899999999,50366.65,304,14255.6,26240.4834,0
1748529900000000,1.846,1.863,1.845,1.86,11990.3,1748530799999999,22244.1959,179,9201.9,17072.0139,0
1748530800000000,1.859,1.86,1.852,1.853,6337.0,1748531699999999,11760.9748,131,3933.4,7299.6404,0
1748531700000000,1.852,1.856,1.851,1.853,13191.5,1748532599999999,24453.1188,196,5228.5,9689.4842,0
1748532600000000,1.852,1.854,1.845,1.849,8171.7,1748533499999999,15107.7875,158,4047.5,7487.6695,0
1748533500000000,1.844,1.847,1.84,1.841,12060.0,1748534399999999,22229.6904,196,5524.5,10187.0366,0
1748534400000000,1.842,1.848,1.837,1.848,22253.7,1748535299999999,41077.5485,300,13252.1,24466.0981,0
1748535300000000,1.847,1.853,1.84,1.842,8897.1,1748536199999999,16419.5152,143,4432.3,8179.621,0
1748536200000000,1.842,1.843,1.833,1.835,7839.0,1748537099999999,14391.1159,125,4311.3,7914.2077,0
1748537100000000,1.835,1.839,1.826,1.833,9261.2,1748537999999999,16979.1286,179,4504.9,8261.6855,0
1748538000000000,1.832,1.843,1.83,1.838,11708.8,1748538899999999,21499.9953,195,6140.3,11279.9504,0
1748538900000000,1.838,1.844,1.835,1.836,12373.8,1748539799999999,22742.1222,199,5285.6,9720.5718,0
1748539800000000,1.836,1.842,1.832,1.832,7412.5,1748540699999999,13616.4471,158,5134.7,9437.0448,0
1748540700000000,1.832,1.847,1.832,1.839,39486.3,1748541599999999,72760.2841,565,23422.0,43166.7586,0
1748541600000000,1.839,1.856,1.838,1.856,11467.8,1748542499999999,21171.1799,222,5318.2,9822.3115,0
1748542500000000,1.852,1.853,1.839,1.839,10475.3,1748543399999999,19321.1252,178,6463.0,11924.2451,0
1748543400000000,1.839,1.841,1.835,1.837,14433.6,1748544299999999,26521.9212,221,5349.7,9829.8797,0
1748544300000000,1.836,1.84,1.834,1.834,12203.4,1748545199999999,22423.1314,164,7164.0,13165.4811,0
1748545200000000,1.834,1.838,1.817,1.819,17882.9,1748546099999999,32669.7174,344,6460.6,11809.7688,0
1748546100000000,1.819,1.824,1.817,1.821,6140.7,1748546999999999,11180.091,147,4076.1,7422.5215,0
1748547000000000,1.819,1.827,1.818,1.819,8805.7,1748547899999999,16049.9473,168,5618.9,10243.5221,0
1748547900000000,1.82,1.826,1.82,1.822,9844.2,1748548799999999,17946.0604,217,6081.4,11087.7399,0
1748548800000000,1.822,1.833,1.821,1.823,53342.3,1748549699999999,97438.3674,823,33738.1,61636.2506,0
1748549700000000,1.824,1.83,1.824,1.825,9987.6,1748550599999999,18236.454,139,3442.5,6286.3312,0
1748550600000000,1.826,1.827,1.817,1.817,7140.5,1748551499999999,13026.9806,119,4591.1,8378.1628,0
1748551500000000,1.816,1.823,1.816,1.82,3491.7,1748552399999999,6351.4014,91,2807.7,5106.6977,0
1748552400000000,1.82,1.823,1.818,1.823,7235.9,1748553299999999,13177.1342,130,5746.5,10466.7735,0
1748553300000000,1.823,1.833,1.821,1.822,8070.5,1748554199999999,14744.6797,225,3823.9,6986.8708,0
1748554200000000,1.822,1.831,1.821,1.829,5678.7,1748555099999999,10370.9508,131,3883.8,7093.508,0
1748555100000000,1.83,1.844,1.829,1.842,11176.6,1748555999999999,20522.7636,295,7360.0,13521.2277,0
1748556000000000,1.842,1.842,1.834,1.835,12142.1,1748556899999999,22327.8802,203,5096.4,9369.4908,0
1748556900000000,1.834,1.837,1.831,1.832,4953.3,1748557799999999,9091.1964,116,3289.9,6037.8341,0
1748557800000000,1.831,1.834,1.826,1.826,4939.2,1748558699999999,9046.0969,162,2248.9,4123.1185,0
1748558700000000,1.827,1.827,1.815,1.816,8028.5,1748559599999999,14607.0599,164,3089.4,5626.3378,0
1748559600000000,1.815,1.826,1.815,1.822,6610.3,1748560499999999,12030.4567,147,3458.7,6295.6314,0
1748560500000000,1.823,1.823,1.811,1.814,9250.9,1748561399999999,16789.7124,196,2606.4,4729.2267,0
1748561400000000,1.813,1.819,1.809,1.809,5320.8,1748562299999999,9653.0114,131,3275.6,5945.318,0
1748562300000000,1.811,1.815,1.8,1.807,43100.6,1748563199999999,77741.9675,714,19533.2,35255.2044,0
1748563200000000,1.807,1.82,1.807,1.812,19860.5,1748564099999999,36016.9313,386,8152.3,14780.6871,0
1748564100000000,1.813,1.815,1.804,1.806,16530.7,1748564999999999,29903.2505,261,6800.6,12303.826,0
1748565000000000,1.805,1.806,1.79,1.796,59783.9,1748565899999999,107451.2681,493,12510.7,22469.7773,0
1748565900000000,1.797,1.797,1.701,1.722,435862.9,1748566799999999,755850.673,6580,203151.9,352095.2592,0
1748566800000000,1.723,1.759,1.72,1.758,39927.2,1748567699999999,69530.255,774,25699.6,44755.1344,0
1748567700000000,1.756,1.763,1.751,1.763,38238.2,1748568599999999,67273.4909,431,23243.5,40889.0641,0
1748568600000000,1.762,1.765,1.749,1.756,7092.4,1748569499999999,12463.2055,135,3640.6,6393.4586,0
1748569500000000,1.759,1.76,1.745,1.748,10373.9,1748570399999999,18131.8205,85,6852.5,11976.1757,0
1748570400000000,1.748,1.761,1.748,1.76,20455.1,1748571299999999,35850.0617,311,11735.6,20558.6091,0
1748571300000000,1.757,1.773,1.757,1.77,13215.4,1748572199999999,23350.4989,176,7616.1,13452.733,0
1748572200000000,1.77,1.775,1.768,1.772,7459.4,1748573099999999,13215.6433,126,4160.6,7374.6522,0
1748573100000000,1.771,1.771,1.765,1.767,4278.4,1748573999999999,7565.4257,46,1337.9,2365.6623,0
1748574000000000,1.767,1.767,1.757,1.761,10461.4,1748574899999999,18427.206,125,3431.6,6043.192,0
1748574900000000,1.763,1.768,1.759,1.768,6445.7,1748575799999999,11370.9989,77,3399.9,6000.6389,0
1748575800000000,1.768,1.768,1.756,1.758,5255.4,1748576699999999,9249.3025,72,1570.1,2764.0753,0
1748576700000000,1.756,1.757,1.752,1.755,8043.4,1748577599999999,14118.5916,84,3445.7,6049.9004,0
1748577600000000,1.755,1.756,1.749,1.75,5079.1,1748578499999999,8904.6348,66,2076.5,3641.572,0
1748578500000000,1.749,1.752,1.742,1.744,15677.0,1748579399999999,27381.8918,138,8017.5,13993.937,0
1748579400000000,1.745,1.747,1.742,1.747,7141.0,1748580299999999,12461.7601,134,5761.0,10054.363,0
1748580300000000,1.748,1.757,1.748,1.752,8070.2,1748581199999999,14146.2476,129,5410.7,9485.045,0
1748581200000000,1.752,1.764,1.752,1.752,10080.4,1748582099999999,17734.0747,162,6625.4,11658.7198,0
1748582100000000,1.752,1.757,1.748,1.754,5851.7,1748582999999999,10255.4142,86,2462.4,4318.0025,0
1748583000000000,1.755,1.758,1.751,1.752,9208.6,1748583899999999,16151.895,139,5112.9,8969.849,0
1748583900000000,1.752,1.752,1.739,1.745,5469.8,1748584799999999,9523.972,61,883.8,1539.9515,0
1748584800000000,1.746,1.746,1.735,1.738,3687.3,1748585699999999,6408.688,68,2056.1,3572.8247,0
1748585700000000,1.735,1.735,1.727,1.729,4496.1,1748586599999999,7784.9552,87,2214.5,3835.6876,0
1748586600000000,1.728,1.729,1.72,1.722,8677.7,1748587499999999,14953.4149,140,2537.8,4373.5499,0
1748587500000000,1.72,1.72,1.703,1.712,25983.3,1748588399999999,44487.1234,292,5569.2,9539.2816,0
1748588400000000,1.713,1.726,1.711,1.716,13003.4,1748589299999999,22355.0131,177,7911.4,13601.4383,0
1748589300000000,1.715,1.731,1.715,1.722,30999.4,1748590199999999,53374.5781,302,8989.6,15488.2371,0
1748590200000000,1.722,1.722,1.71,1.72,11546.2,1748591099999999,19821.0094,151,8772.1,15063.8237,0
1748591100000000,1.715,1.721,1.708,1.708,24758.5,1748591999999999,42423.7363,320,12650.9,21697.5016,0
1748592000000000,1.709,1.715,1.702,1.71,10231.3,1748592899999999,17470.9729,153,5407.5,9234.1781,0
1748592900000000,1.714,1.721,1.706,1.721,15466.3,1748593799999999,26487.4795,218,10631.5,18213.3931,0
1748593800000000,1.72,1.726,1.702,1.71,19812.6,1748594699999999,33875.914,236,13885.1,23743.2536,0
1748594700000000,1.709,1.715,1.703,1.703,10036.9,1748595599999999,17169.5787,174,2983.0,5106.5212,0
1748595600000000,1.703,1.712,1.701,1.706,17747.8,1748596499999999,30259.0834,281,6930.3,11818.4623,0
1748596500000000,1.707,1.712,1.7,1.7,24309.6,1748597399999999,41477.2175,253,4965.9,8481.7972,0
1748597400000000,1.701,1.702,1.684,1.693,33156.8,1748598299999999,56139.4186,345,9922.8,16789.3069,0
1748598300000000,1.694,1.716,1.691,1.714,27900.3,1748599199999999,47597.378,338,17696.4,30202.5166,0
1748599200000000,1.713,1.716,1.695,1.695,17496.1,1748600099999999,29872.1616,273,5400.8,9231.16,0
1748600100000000,1.695,1.708,1.695,1.708,19702.0,1748600999999999,33498.6196,183,7164.1,12186.9706,0
1748601000000000,1.708,1.713,1.706,1.712,13157.3,1748601899999999,22496.6234,422,4765.2,8147.3652,0
1748601900000000,1.711,1.72,1.711,1.716,11595.4,1748602799999999,19909.4016,310,4012.3,6894.1504,0
1748602800000000,1.717,1.722,1.713,1.713,10307.0,1748603699999999,17707.8626,279,4520.7,7765.6761,0
1748603700000000,1.712,1.719,1.707,1.708,15909.9,1748604599999999,27236.6807,331,3319.2,5689.7857,0
1748604600000000,1.708,1.716,1.706,1.706,10995.9,1748605499999999,18815.6644,281,4325.3,7404.845,0
1748605500000000,1.706,1.714,1.705,1.709,6655.7,1748606399999999,11375.1182,186,1916.9,3278.4754,0
1748606400000000,1.708,1.714,1.685,1.69,40044.4,1748607299999999,67821.2571,731,20056.5,33952.9935,0
1748607300000000,1.689,1.697,1.682,1.692,17728.2,1748608199999999,29964.0568,270,8328.3,14087.2219,0
1748608200000000,1.692,1.709,1.691,1.706,16602.4,1748609099999999,28290.2771,321,10650.9,18156.9941,0
1748609100000000,1.706,1.71,1.699,1.7,9677.9,1748609999999999,16507.0643,147,5075.3,8656.7645,0
1748610000000000,1.698,1.707,1.697,1.699,11697.1,1748610899999999,19904.7325,240,3257.0,5541.8889,0
1748610900000000,1.698,1.701,1.687,1.691,13980.6,1748611799999999,23675.1189,190,7055.5,11951.1316,0
1748611800000000,1.692,1.701,1.688,1.697,12882.5,1748612699999999,21831.4648,285,4386.2,7427.6577,0
1748612700000000,1.697,1.702,1.686,1.687,138840.9,1748613599999999,235743.2225,941,38534.5,65388.4595,0
1748613600000000,1.688,1.695,1.678,1.682,53649.4,1748614499999999,90470.0932,705,25741.6,43451.1816,0
1748614500000000,1.683,1.687,1.673,1.678,12143.0,1748615399999999,20396.8785,149,6970.4,11699.7262,0
1748615400000000,1.677,1.698,1.677,1.693,11152.5,1748616299999999,18872.8915,105,5925.0,10022.566,0
1748616300000000,1.692,1.696,1.685,1.691,6240.8,1748617199999999,10553.3901,71,3062.9,5181.0321,0
1748617200000000,1.691,1.697,1.688,1.693,8377.8,1748618099999999,14171.9628,126,3362.1,5690.9356,0
1748618100000000,1.693,1.705,1.688,1.701,20210.9,1748618999999999,34219.2411,324,11827.4,20027.0165,0
1748619000000000,1.7,1.701,1.689,1.695,13312.2,1748619899999999,22550.6572,190,7092.5,12022.4506,0
1748619900000000,1.696,1.696,1.684,1.684,32417.1,1748620799999999,54741.7169,312,7567.8,12778.928,0
1748620800000000,1.685,1.691,1.681,1.683,38838.1,1748621699999999,65461.661,262,9612.0,16197.7024,0
1748621700000000,1.683,1.683,1.656,1.656,52698.8,1748622599999999,87862.7288,450,18348.3,30593.8462,0
1748622600000000,1.656,1.656,1.619,1.646,222334.0,1748623499999999,362881.5583,3202,101936.6,166303.5338,0
1748623500000000,1.645,1.648,1.637,1.641,38004.8,1748624399999999,62339.8171,291,19772.1,32424.5774,0
1748624400000000,1.64,1.655,1.639,1.646,29311.4,1748625299999999,48277.5575,242,11777.9,19431.0734,0
1748625300000000,1.645,1.649,1.634,1.639,16157.2,1748626199999999,26543.3828,106,5165.5,8474.2526,0
1748626200000000,1.635,1.65,1.631,1.646,18272.8,1748627099999999,30012.7426,178,11435.3,18814.7014,0
1748627100000000,1.647,1.651,1.642,1.651,9783.8,1748627999999999,16086.3038,101,3032.9,4991.3719,0
1748628000000000,1.653,1.659,1.646,1.655,16790.1,1748628899999999,27741.0818,116,3296.6,5446.3013,0
1748628900000000,1.655,1.669,1.654,1.669,23458.6,1748629799999999,38971.1509,267,12075.5,20040.9376,0
1748629800000000,1.669,1.673,1.664,1.667,5925.2,1748630699999999,9891.4521,79,1387.5,2317.445,0
1748630700000000,1.667,1.675,1.663,1.663,45462.6,1748631599999999,75860.5231,650,14484.1,24179.6103,0
1748631600000000,1.663,1.664,1.642,1.644,182247.9,1748632499999999,301293.3394,1917,27547.6,45538.4029,0
1748632500000000,1.644,1.646,1.627,1.64,238433.8,1748633399999999,390434.4169,2242,50217.9,82194.9012,0
1748633400000000,1.64,1.644,1.634,1.64,45504.8,1748634299999999,74616.9029,459,12430.0,20377.1118,0
1748634300000000,1.639,1.643,1.636,1.637,34678.2,1748635199999999,56873.927,744,14744.2,24183.4063,0
1748635200000000,1.638,1.64,1.63,1.636,14073.5,1748636099999999,23008.6799,200,7919.4,12945.4588,0
1748636100000000,1.636,1.641,1.632,1.633,12941.2,1748636999999999,21174.7197,229,6668.0,10899.397,0
1748637000000000,1.634,1.646,1.632,1.646,10768.8,1748637899999999,17630.4331,125,8411.1,13775.8626,0
1748637900000000,1.644,1.647,1.614,1.616,82761.1,1748638799999999,134364.7072,659,13710.4,22348.1913,0
1748638800000000,1.617,1.621,1.599,1.6,365676.9,1748639699999999,587024.1201,2571,59463.8,95496.1508,0
1748639700000000,1.6,1.631,1.596,1.625,274096.6,1748640599999999,440312.6527,2824,107306.9,172760.7332,0
1748640600000000,1.625,1.634,1.62,1.62,59899.5,1748641499999999,97405.4611,1504,25410.5,41305.1388,0
1748641500000000,1.619,1.628,1.618,1.624,40666.3,1748642399999999,66023.8708,809,30052.5,48791.4009,0
1748642400000000,1.624,1.626,1.606,1.616,35441.2,1748643299999999,57240.854,678,24080.0,38906.2303,0
1748643300000000,1.617,1.617,1.598,1.599,76819.9,1748644199999999,123513.2822,1301,34483.3,55447.9238,0
1748644200000000,1.598,1.604,1.586,1.586,71038.4,1748645099999999,113240.9485,1429,31971.9,51012.0332,0
1748645100000000,1.586,1.605,1.584,1.585,36771.1,1748645999999999,58518.8123,535,28563.0,45459.0195,0
1748646000000000,1.586,1.595,1.582,1.587,34707.1,1748646899999999,55144.6215,555,23282.8,36999.5222,0
1748646900000000,1.586,1.596,1.573,1.583,43934.6,1748647799999999,69593.6156,684,20072.2,31815.0811,0
1748647800000000,1.583,1.587,1.575,1.583,41338.7,1748648699999999,65424.0357,486,25001.2,39575.9189,0
1748648700000000,1.583,1.594,1.58,1.583,38276.9,1748649599999999,60682.8961,409,24863.2,39422.5925,0
1748649600000000,1.582,1.588,1.566,1.566,44264.4,1748650499999999,69717.6348,622,21626.3,34136.9719,0
1748650500000000,1.566,1.579,1.553,1.565,56586.9,1748651399999999,88438.8757,889,32209.4,50334.09,0
1748651400000000,1.566,1.587,1.566,1.577,17935.6,1748652299999999,28335.574,264,13012.6,20559.3308,0
1748652300000000,1.577,1.581,1.56,1.562,31363.7,1748653199999999,49264.7267,347,16477.7,25893.8658,0
1748653200000000,1.562,1.573,1.553,1.568,26294.0,1748654099999999,41101.8187,548,15564.0,24334.6836,0
1748654100000000,1.569,1.577,1.551,1.553,23814.1,1748654999999999,37214.4435,290,15790.5,24654.0525,0
1748655000000000,1.553,1.558,1.531,1.555,91054.3,1748655899999999,140740.1177,988,38806.9,60019.7212,0
1748655900000000,1.554,1.554,1.54,1.548,22062.7,1748656799999999,34050.8731,299,10958.4,16909.5596,0
1748656800000000,1.547,1.569,1.541,1.565,30268.1,1748657699999999,47127.4054,385,21931.5,34159.0153,0
1748657700000000,1.566,1.571,1.561,1.564,16330.8,1748658599999999,25592.0904,183,12901.5,20224.7215,0
1748658600000000,1.565,1.566,1.555,1.561,7467.8,1748659499999999,11669.6235,136,5212.3,8145.5855,0
1748659500000000,1.563,1.563,1.555,1.557,9717.7,1748660399999999,15143.659,160,7044.0,10977.7483,0
1748660400000000,1.558,1.565,1.548,1.551,21620.0,1748661299999999,33604.432,273,14654.1,22783.8058,0
1748661300000000,1.551,1.561,1.544,1.559,6496.5,1748662199999999,10079.3632,141,3185.0,4936.0144,0
1748662200000000,1.56,1.564,1.554,1.564,7421.3,1748663099999999,11575.6357,144,3377.7,5270.7621,0
1748663100000000,1.565,1.57,1.562,1.567,7695.3,1748663999999999,12045.4322,102,2298.2,3603.466,0
1748664000000000,1.568,1.569,1.56,1.567,8946.4,1748664899999999,13999.2663,145,7040.7,11017.5306,0
1748664900000000,1.568,1.592,1.563,1.589,33828.2,1748665799999999,53583.2365,347,22167.4,35063.0841,0
1748665800000000,1.59,1.599,1.588,1.594,30083.1,1748666699999999,47970.86,509,22167.1,35344.4559,0
1748666700000000,1.595,1.612,1.595,1.61,32910.1,1748667599999999,52805.0963,346,13903.4,22307.7426,0
1748667600000000,1.61,1.614,1.602,1.605,17014.0,1748668499999999,27351.9475,229,10364.8,16665.375,0
1748668500000000,1.606,1.611,1.601,1.608,15887.9,1748669399999999,25541.0223,247,10474.8,16836.3248,0
1748669400000000,1.609,1.629,1.608,1.627,35853.4,1748670299999999,58143.793,396,30380.5,49273.6198,0
1748670300000000,1.628,1.629,1.612,1.613,64551.4,1748671199999999,104633.069,424,23306.2,37774.293,0
1748671200000000,1.61,1.635,1.61,1.634,38649.7,1748672099999999,62757.5092,383,33071.8,53705.771,0
1748672100000000,1.634,1.647,1.63,1.646,16541.2,1748672999999999,27151.9396,180,13148.4,21593.3999,0
1748673000000000,1.646,1.653,1.636,1.648,22008.7,1748673899999999,36259.9154,386,15877.9,26158.665,0
1748673900000000,1.647,1.647,1.639,1.643,13570.9,1748674799999999,22312.2174,209,8958.3,14728.5569,0
1748674800000000,1.643,1.648,1.639,1.647,20288.5,1748675699999999,33369.8098,297,14875.3,24467.2285,0
1748675700000000,1.646,1.656,1.643,1.655,34365.1,1748676599999999,56733.7639,398,21634.5,35717.7725,0
1748676600000000,1.654,1.657,1.651,1.656,12679.1,1748677499999999,20979.9321,209,9791.9,16203.9311,0
1748677500000000,1.656,1.662,1.636,1.636,112371.5,1748678399999999,185721.8579,1197,57229.6,94576.1829,0
1748678400000000,1.637,1.651,1.637,1.65,42891.1,1748679299999999,70560.1606,567,33112.6,54471.3757,0
1748679300000000,1.651,1.662,1.646,1.658,25378.8,1748680199999999,42014.0659,382,22548.2,37332.254,0
1748680200000000,1.658,1.666,1.647,1.655,38459.7,1748681099999999,63711.7148,597,23591.8,39040.8952,0
1748681100000000,1.656,1.673,1.656,1.664,26278.2,1748681999999999,43790.9511,389,19254.5,32076.52,0
1748682000000000,1.664,1.675,1.663,1.671,43772.0,1748682899999999,73118.2351,500,32274.4,53912.1914,0
1748682900000000,1.672,1.676,1.637,1.644,155255.8,1748683799999999,257146.6682,2176,98322.7,162790.5343,0
1748683800000000,1.643,1.652,1.639,1.651,30707.4,1748684699999999,50498.4908,427,19713.0,32420.9475,0
1748684700000000,1.651,1.657,1.648,1.656,13359.9,1748685599999999,22077.3641,254,7251.9,11986.0976,0
1748685600000000,1.655,1.669,1.647,1.667,20900.1,1748686499999999,34597.4456,374,12200.3,20203.2595,0
1748686500000000,1.664,1.67,1.652,1.653,19732.2,1748687399999999,32750.0782,327,7743.5,12853.2763,0
1748687400000000,1.653,1.658,1.643,1.644,16973.6,1748688299999999,28004.2626,424,13122.0,21641.723,0
1748688300000000,1.645,1.652,1.64,1.652,13078.0,1748689199999999,21550.1012,234,10188.6,16790.7428,0
1748689200000000,1.65,1.65,1.641,1.642,49652.3,1748690099999999,81659.5463,550,38539.5,63378.9816,0
1748690100000000,1.643,1.657,1.643,1.654,11296.0,1748690999999999,18662.3291,292,10470.0,17297.6963,0
1748691000000000,1.654,1.659,1.651,1.656,19251.5,1748691899999999,31892.3555,264,12784.2,21179.4818,0
1748691900000000,1.656,1.664,1.656,1.663,13846.8,1748692799999999,23012.038,298,9807.5,16298.6036,0
1748692800000000,1.664,1.665,1.65,1.657,53119.1,1748693699999999,87979.1376,572,16073.5,26612.2931,0
1748693700000000,1.658,1.659,1.642,1.644,20591.7,1748694599999999,33940.2104,327,11432.2,18852.7473,0
1748694600000000,1.645,1.666,1.644,1.664,22499.2,1748695499999999,37292.837,539,17774.5,29457.1642,0
1748695500000000,1.663,1.676,1.663,1.675,26323.6,1748696399999999,43949.9639,527,14863.7,24808.78,0
1748696400000000,1.675,1.68,1.67,1.67,29209.5,1748697299999999,48912.319,697,18572.3,31110.1306,0
1748697300000000,1.671,1.675,1.663,1.664,17243.2,1748698199999999,28784.1674,449,9422.9,15734.7267,0
1748698200000000,1.665,1.673,1.659,1.659,21359.8,1748699099999999,35548.3168,294,10621.0,17671.9593,0
1748699100000000,1.66,1.661,1.655,1.659,8638.0,1748699999999999,14324.5074,177,6403.9,10620.6384,0
1748700000000000,1.659,1.672,1.657,1.669,21789.1,1748700899999999,36295.8751,413,13988.9,23301.9293,0
1748700900000000,1.67,1.68,1.668,1.672,21412.9,1748701799999999,35822.2658,337,9570.3,16008.0184,0
1748701800000000,1.671,1.674,1.664,1.668,9174.6,1748702699999999,15308.5458,224,6629.7,11060.0472,0
1748702700000000,1.669,1.672,1.665,1.667,16286.9,1748703599999999,27187.9373,310,13273.2,22158.3722,0
1748703600000000,1.667,1.668,1.663,1.667,15008.8,1748704499999999,25002.0486,239,7811.2,13018.0997,0
1748704500000000,1.668,1.684,1.668,1.679,37763.2,1748705399999999,63382.8599,498,24882.7,41765.1934,0
1748705400000000,1.681,1.683,1.664,1.664,22863.0,1748706299999999,38202.2948,254,5947.4,9960.4426,0
1748706300000000,1.665,1.67,1.662,1.665,10417.9,1748707199999999,17353.2288,217,8555.8,14253.8081,0
1748707200000000,1.666,1.681,1.661,1.677,17310.0,1748708099999999,28912.182,343,12704.7,21223.1043,0
1748708100000000,1.677,1.685,1.677,1.681,12125.0,1748708999999999,20396.4634,228,8369.3,14078.7688,0
1748709000000000,1.682,1.685,1.672,1.674,31949.3,1748709899999999,53671.7214,469,17177.7,28866.493,0
1748709900000000,1.675,1.679,1.67,1.678,9067.7,1748710799999999,15194.7992,215,7217.4,12096.8803,0
1748710800000000,1.677,1.681,1.675,1.68,18202.7,1748711699999999,30536.0386,567,15939.7,26739.4104,0
1748711700000000,1.681,1.683,1.676,1.677,12785.7,1748712599999999,21490.3115,378,8872.3,14910.6723,0
1748712600000000,1.676,1.682,1.672,1.68,11867.6,1748713499999999,19899.1111,322,7672.1,12869.84,0
1748713500000000,1.68,1.68,1.668,1.67,33947.0,1748714399999999,56781.084,653,17676.1,29572.1685,0
1748714400000000,1.669,1.679,1.669,1.679,8539.6,1748715299999999,14305.4193,260,7063.0,11830.3641,0
1748715300000000,1.679,1.683,1.673,1.677,10197.7,1748716199999999,17106.2158,312,8353.3,14012.9142,0
1748716200000000,1.677,1.681,1.674,1.675,10092.5,1748717099999999,16941.5643,388,7159.6,12020.0239,0
1748717100000000,1.675,1.686,1.674,1.682,40786.9,1748717999999999,68599.6528,809,34019.4,57227.0663,0
1748718000000000,1.683,1.684,1.675,1.678,19237.1,1748718899999999,32287.1975,331,7138.0,11991.0092,0
1748718900000000,1.678,1.682,1.676,1.678,7862.2,1748719799999999,13192.3555,308,6071.5,10187.8956,0
1748719800000000,1.678,1.681,1.67,1.671,16092.3,1748720699999999,26969.4907,339,6943.4,11650.2795,0
1748720700000000,1.671,1.672,1.666,1.667,7660.6,1748721599999999,12785.4333,162,4154.2,6934.1338,0
1748721600000000,1.668,1.67,1.666,1.668,9365.8,1748722499999999,15624.303,231,6746.8,11256.4843,0
1748722500000000,1.669,1.678,1.669,1.677,8262.1,1748723399999999,13836.0345,270,6139.6,10281.9307,0
1748723400000000,1.678,1.684,1.676,1.683,10525.2,1748724299999999,17680.3725,349,8706.3,14627.4321,0
1748724300000000,1.682,1.702,1.682,1.682,208229.7,1748725199999999,352526.8697,2040,143581.6,243097.0438,0
1748725200000000,1.683,1.685,1.663,1.666,71569.4,1748726099999999,119646.0276,636,11358.7,19060.3874,0
1748726100000000,1.666,1.674,1.662,1.674,23080.9,1748726999999999,38467.8915,331,12299.5,20507.98,0
1748727000000000,1.675,1.679,1.671,1.671,13394.9,1748727899999999,22433.1709,367,9578.0,16043.5066,0
1748727900000000,1.671,1.675,1.67,1.674,6728.0,1748728799999999,11253.0885,227,4781.5,7998.4915,0
1748728800000000,1.675,1.675,1.658,1.663,20498.7,1748729699999999,34110.5825,582,10969.0,18252.684,0
1748729700000000,1.662,1.666,1.656,1.656,8795.3,1748730599999999,14617.4896,224,4164.2,6924.0492,0
1748730600000000,1.657,1.66,1.654,1.66,13037.7,1748731499999999,21601.5395,205,7052.2,11685.8688,0
1748731500000000,1.66,1.66,1.652,1.654,6854.7,1748732399999999,11361.4727,102,3872.1,6416.5194,0
1748732400000000,1.653,1.659,1.648,1.658,25557.0,1748733299999999,42281.5479,357,18198.1,30111.7115,0
1748733300000000,1.659,1.664,1.656,1.657,19471.8,1748734199999999,32302.3943,279,9296.9,15424.6778,0
1748734200000000,1.657,1.658,1.653,1.655,6788.7,1748735099999999,11238.3678,233,5840.7,9669.3275,0
1748735100000000,1.654,1.658,1.653,1.653,8245.5,1748735999999999,13654.0675,211,4313.6,7145.1857,0
