open_time,open,high,low,close,volume,close_time,quote_volume,trades,taker_buy_base,taker_buy_quote,ignore
1761955200000000,0.02208,0.02209,0.02207,0.02208,123849.0,1761956099999999,2734.3175,15,48950.0,1080.93262,0
1761956100000000,0.02208,0.02208,0.02207,0.02207,51442.0,1761956999999999,1135.83467,7,0.0,0.0,0
1761957000000000,0.02205,0.02205,0.02203,0.02204,98946.0,1761957899999999,2180.75945,9,10047.0,221.43588,0
1761957900000000,0.02205,0.02205,0.02204,0.02204,36473.0,1761958799999999,804.1258,7,26088.0,575.2404,0
1761958800000000,0.02204,0.02206,0.02204,0.02206,13511.0,1761959699999999,298.04722,4,12968.0,286.07408,0
1761959700000000,0.02206,0.02206,0.02206,0.02206,0.0,1761960599999999,0.0,0,0.0,0.0,0
1761960600000000,0.02209,0.02209,0.02207,0.02208,316606.0,1761961499999999,6991.3832,16,0.0,0.0,0
1761961500000000,0.02205,0.02205,0.02203,0.02203,27351.0,1761962399999999,602.81082,5,0.0,0.0,0
1761962400000000,0.02202,0.02205,0.02195,0.022,1971880.0,1761963299999999,43381.52095,150,1370077.0,30135.02039,0
1761963300000000,0.02203,0.02204,0.02203,0.02203,9275.0,1761964199999999,204.34036,9,1864.0,41.07603,0
1761964200000000,0.02203,0.02206,0.02203,0.02206,7571.0,1761965099999999,166.82821,5,2812.0,61.97187,0
1761965100000000,0.02207,0.02208,0.02205,0.02205,680303.0,1761965999999999,15017.96423,89,65020.0,1435.63041,0
1761966000000000,0.02205,0.02206,0.02205,0.02206,45919.0,1761966899999999,1012.74403,12,23008.0,507.55648,0
1761966900000000,0.02208,0.02208,0.02206,0.02206,228682.0,1761967799999999,5047.90804,14,2000.0,44.16,0
1761967800000000,0.02208,0.0221,0.02207,0.02207,584286.0,1761968699999999,12905.20885,47,124549.0,2751.94429,0
1761968700000000,0.02208,0.02211,0.02205,0.02207,654640.0,1761969599999999,14459.94899,46,273354.0,6039.24862,0
1761969600000000,0.02207,0.02207,0.02205,0.02206,30838.0,1761970499999999,680.36267,10,0.0,0.0,0
1761970500000000,0.02205,0.02205,0.02205,0.02205,7831.0,1761971399999999,172.67355,2,0.0,0.0,0
1761971400000000,0.02205,0.02207,0.02205,0.02206,228171.0,1761972299999999,5034.55096,14,189940.0,4191.21053,0
1761972300000000,0.02206,0.02206,0.02206,0.02206,14838.0,1761973199999999,327.32628,2,0.0,0.0,0
1761973200000000,0.02206,0.02206,0.02206,0.02206,43258.0,1761974099999999,954.27148,6,0.0,0.0,0
1761974100000000,0.02205,0.02207,0.02205,0.02207,31741.0,1761974999999999,700.1857,7,29318.0,646.75855,0
1761975000000000,0.02206,0.02207,0.02206,0.02206,15363.0,1761975899999999,338.92278,7,1500.0,33.105,0
1761975900000000,0.02206,0.02208,0.02206,0.02207,346140.0,1761976799999999,7638.4892,15,9386.0,207.24288,0
1761976800000000,0.02208,0.02208,0.02207,0.02207,71926.0,1761977699999999,1587.50552,12,9870.0,217.9296,0
1761977700000000,0.02207,0.02211,0.02207,0.02209,672001.0,1761978599999999,14844.65573,57,287760.0,6357.62642,0
1761978600000000,0.02208,0.02208,0.02208,0.02208,1112.0,1761979499999999,24.55296,2,0.0,0.0,0
1761979500000000,0.02208,0.02211,0.02208,0.02209,582982.0,1761980399999999,12878.50085,55,354350.0,7827.3921,0
1761980400000000,0.02209,0.02211,0.02208,0.02209,473757.0,1761981299999999,10466.57091,34,18887.0,417.59157,0
1761981300000000,0.02209,0.02224,0.02209,0.02219,19389028.0,1761982199999999,430051.70393,844,11475135.0,254551.56562,0
1761982200000000,0.02221,0.02227,0.0222,0.02226,10089502.0,1761983099999999,224386.46198,441,5815088.0,129355.49565,0
1761983100000000,0.02225,0.02228,0.02225,0.02225,2139729.0,1761983999999999,47626.08848,252,414815.0,9237.55766,0
1761984000000000,0.02225,0.0223,0.02223,0.02229,2901846.0,1761984899999999,64630.45921,300,1515149.0,33749.7381,0
1761984900000000,0.02229,0.02231,0.02227,0.02229,1539712.0,1761985799999999,34321.66987,165,381256.0,8502.23206,0
1761985800000000,0.0223,0.02234,0.02228,0.02231,3445879.0,1761986699999999,76883.59566,330,1798459.0,40134.28107,0
1761986700000000,0.02232,0.02235,0.02231,0.02234,2581059.0,1761987599999999,57622.8324,209,1356493.0,30291.041,0
1761987600000000,0.02233,0.02235,0.02232,0.02232,1253051.0,1761988499999999,27988.6356,225,343207.0,7669.39842,0
1761988500000000,0.02233,0.02233,0.02227,0.02229,374569.0,1761989399999999,8344.89698,35,217502.0,4845.57324,0
1761989400000000,0.02229,0.02231,0.02229,0.02231,191214.0,1761990299999999,4265.78366,25,131054.0,2923.61406,0
1761990300000000,0.0223,0.02232,0.0223,0.02231,190355.0,1761991199999999,4246.41908,30,115809.0,2584.04328,0
1761991200000000,0.02231,0.02234,0.02231,0.02233,770766.0,1761992099999999,17209.87155,80,387008.0,8639.46743,0
1761992100000000,0.02234,0.02236,0.02234,0.02234,131662.0,1761992999999999,2942.01191,24,130191.0,2909.14977,0
1761993000000000,0.02235,0.02235,0.02233,0.02233,263428.0,1761993899999999,5885.49309,26,0.0,0.0,0
1761993900000000,0.02234,0.02236,0.02233,0.02233,534085.0,1761994799999999,11934.11357,42,297789.0,6654.91106,0
1761994800000000,0.02235,0.02236,0.02234,0.02234,432688.0,1761995699999999,9670.99597,48,207843.0,4647.20784,0
1761995700000000,0.02234,0.02236,0.02234,0.02236,44121.0,1761996599999999,986.51872,6,42779.0,956.53844,0
1761996600000000,0.02236,0.02236,0.02233,0.02236,478163.0,1761997499999999,10686.02279,55,338703.0,7570.91877,0
1761997500000000,0.02235,0.02235,0.02233,0.02233,227396.0,1761998399999999,5081.7702,23,78315.0,1749.84985,0
1761998400000000,0.02234,0.02237,0.02234,0.02235,653630.0,1761999299999999,14609.73793,67,164160.0,3670.01391,0
1761999300000000,0.02234,0.02235,0.02233,0.02233,408659.0,1762000199999999,9127.73576,37,295934.0,6609.93181,0
1762000200000000,0.02235,0.02236,0.02233,0.02235,7866.0,1762001099999999,175.81947,6,5291.0,118.28634,0
1762001100000000,0.02235,0.02237,0.02235,0.02237,463205.0,1762001999999999,10361.42933,62,457741.0,10239.30893,0
1762002000000000,0.02237,0.02238,0.02235,0.02237,911001.0,1762002899999999,20372.05389,82,423523.0,9474.59696,0
1762002900000000,0.02237,0.0224,0.02235,0.02235,1587777.0,1762003799999999,35534.558,125,697523.0,15613.78634,0
1762003800000000,0.02235,0.02235,0.02228,0.02231,678902.0,1762004699999999,15143.28766,41,583681.0,13016.94812,0
1762004700000000,0.02234,0.02237,0.02234,0.02237,529823.0,1762005599999999,11844.89643,47,489823.0,10950.09643,0
1762005600000000,0.02237,0.0224,0.02232,0.02232,1732677.0,1762006499999999,38769.97779,166,464850.0,10407.81264,0
1762006500000000,0.0223,0.02234,0.02228,0.02233,763654.0,1762007399999999,17028.07314,70,629001.0,14022.8153,0
1762007400000000,0.02234,0.02237,0.02234,0.02237,42294.0,1762008299999999,945.38115,12,42045.0,939.81849,0
1762008300000000,0.02238,0.02239,0.02237,0.02237,175415.0,1762009199999999,3925.64687,17,110440.0,2472.15612,0
1762009200000000,0.02239,0.02241,0.02237,0.0224,2211729.0,1762010099999999,49520.3869,183,603902.0,13527.03231,0
1762010100000000,0.0224,0.02242,0.02239,0.02241,950499.0,1762010999999999,21295.51739,77,462167.0,10358.08462,0
1762011000000000,0.02241,0.02243,0.02239,0.02241,664726.0,1762011899999999,14894.78247,62,198701.0,4453.83804,0
1762011900000000,0.02242,0.02245,0.0224,0.02244,2793475.0,1762012799999999,62645.67991,212,714779.0,16033.51211,0
1762012800000000,0.02244,0.02247,0.02243,0.02245,2687992.0,1762013699999999,60339.16398,540,632053.0,14191.49019,0
1762013700000000,0.02246,0.02247,0.02246,0.02246,25614.0,1762014599999999,575.52064,8,23020.0,517.2594,0
1762014600000000,0.02246,0.02248,0.02245,0.02247,755295.0,1762015499999999,16966.69535,118,518375.0,11646.53246,0
1762015500000000,0.02246,0.02249,0.02246,0.02246,1035337.0,1762016399999999,23263.79774,96,812550.0,18258.01526,0
1762016400000000,0.02248,0.0225,0.02246,0.0225,1211613.0,1762017299999999,27228.61808,258,253708.0,5704.82501,0
1762017300000000,0.0225,0.0225,0.02239,0.0224,4880794.0,1762018199999999,109537.12384,431,1282184.0,28763.40262,0
1762018200000000,0.02241,0.02243,0.02241,0.02243,274762.0,1762019099999999,6160.26961,17,274762.0,6160.26961,0
1762019100000000,0.02242,0.02244,0.02242,0.02242,210947.0,1762019999999999,4730.82839,66,167335.0,3753.02553,0
1762020000000000,0.02243,0.02253,0.02243,0.02247,1515669.0,1762020899999999,34077.17654,144,1065240.0,23947.64105,0
1762020900000000,0.02249,0.02249,0.02248,0.02248,304893.0,1762021799999999,6854.55902,100,38765.0,871.82485,0
1762021800000000,0.02249,0.0225,0.02249,0.0225,103970.0,1762022699999999,2338.58027,25,102356.0,2302.28141,0
1762022700000000,0.0225,0.02251,0.02248,0.02248,355079.0,1762023599999999,7985.60388,87,109169.0,2456.47195,0
1762023600000000,0.02248,0.02248,0.02246,0.02246,9270.0,1762024499999999,208.26836,10,6166.0,138.55252,0
1762024500000000,0.02247,0.02248,0.02246,0.02246,69131.0,1762025399999999,1553.31856,57,50544.0,1135.85454,0
1762025400000000,0.02246,0.02249,0.02245,0.02248,583702.0,1762026299999999,13115.82123,122,570851.0,12827.14589,0
1762026300000000,0.02248,0.0225,0.02248,0.0225,48286.0,1762027199999999,1085.89741,11,22176.0,498.94461,0
1762027200000000,0.0225,0.02251,0.02247,0.02247,604565.0,1762028099999999,13597.35849,99,127401.0,2866.05464,0
1762028100000000,0.02247,0.02248,0.02246,0.02246,62572.0,1762028999999999,1405.94217,19,57135.0,1283.82715,0
1762029000000000,0.02248,0.02248,0.02242,0.02242,404686.0,1762029899999999,9080.07111,18,1122.0,25.22256,0
1762029900000000,0.02244,0.02244,0.02241,0.02241,122406.0,1762030799999999,2743.58693,11,6369.0,142.92036,0
1762030800000000,0.02241,0.02243,0.02241,0.02243,353302.0,1762031699999999,7922.95614,42,350996.0,7871.27868,0
1762031700000000,0.02243,0.02243,0.02243,0.02243,34458.0,1762032599999999,772.89294,8,34458.0,772.89294,0
1762032600000000,0.02243,0.02244,0.02242,0.02244,208868.0,1762033499999999,4686.16843,40,134872.0,3026.47122,0
1762033500000000,0.02242,0.02243,0.0224,0.0224,503203.0,1762034399999999,11280.29636,31,477384.0,10701.642,0
1762034400000000,0.02242,0.02246,0.02242,0.02246,461058.0,1762035299999999,10343.76741,57,234482.0,5262.09519,0
1762035300000000,0.02246,0.02248,0.02246,0.02247,102183.0,1762036199999999,2296.66317,14,84362.0,1896.2253,0
1762036200000000,0.02249,0.0225,0.02248,0.02248,247217.0,1762037099999999,5560.22832,44,24346.0,547.62381,0
1762037100000000,0.02249,0.02249,0.02248,0.02249,287116.0,1762037999999999,6455.56251,85,30055.0,675.76145,0
1762038000000000,0.02249,0.02251,0.02249,0.0225,826314.0,1762038899999999,18589.83074,212,138392.0,3114.54017,0
1762038900000000,0.0225,0.02251,0.0225,0.02251,55981.0,1762039799999999,1259.73646,20,55981.0,1259.73646,0
1762039800000000,0.02251,0.02252,0.02249,0.0225,376398.0,1762040699999999,8468.70892,48,150650.0,3390.24167,0
1762040700000000,0.0225,0.02252,0.02247,0.02249,758367.0,1762041599999999,17059.31281,143,171917.0,3869.71984,0
1762041600000000,0.02248,0.02249,0.02245,0.02249,453029.0,1762042499999999,10182.88606,46,223209.0,5018.28818,0
1762042500000000,0.02249,0.02249,0.02244,0.02244,45427.0,1762043399999999,1020.06151,8,4388.0,98.68612,0
1762043400000000,0.02243,0.02245,0.02243,0.02243,643984.0,1762044299999999,14449.18994,54,584451.0,13113.27252,0
1762044300000000,0.02244,0.02245,0.02244,0.02244,24222.0,1762045199999999,543.59036,10,21467.0,481.76816,0
1762045200000000,0.02246,0.02248,0.02244,0.02248,187292.0,1762046099999999,4207.39188,26,176229.0,3959.03185,0
1762046100000000,0.02251,0.02251,0.02249,0.02251,153267.0,1762046999999999,3449.92583,28,142649.0,3211.02899,0
1762047000000000,0.0225,0.0225,0.02248,0.02248,366391.0,1762047899999999,8243.40599,82,44789.0,1007.37059,0
1762047900000000,0.02249,0.02249,0.02247,0.02247,79054.0,1762048799999999,1776.78338,57,4451.0,100.10299,0
1762048800000000,0.02247,0.02251,0.02247,0.0225,1101662.0,1762049699999999,24784.26745,182,616023.0,13858.24982,0
1762049700000000,0.02251,0.02251,0.0225,0.0225,21302.0,1762050599999999,479.30944,15,1444.0,32.50444,0
1762050600000000,0.02251,0.02253,0.0225,0.02251,1943251.0,1762051499999999,43758.99211,337,840928.0,18938.20036,0
1762051500000000,0.0225,0.0225,0.02249,0.02249,13391.0,1762052399999999,301.2893,23,0.0,0.0,0
1762052400000000,0.0225,0.0225,0.0225,0.0225,8733.0,1762053299999999,196.4925,3,8733.0,196.4925,0
1762053300000000,0.02248,0.02248,0.02245,0.02246,113063.0,1762054199999999,2540.55409,65,965.0,21.6739,0
1762054200000000,0.02245,0.02245,0.02244,0.02245,583714.0,1762055099999999,13100.92771,40,505253.0,11340.24591,0
1762055100000000,0.02245,0.02246,0.02245,0.02246,14168.0,1762055999999999,318.19722,4,0.0,0.0,0
1762056000000000,0.02247,0.0225,0.02247,0.0225,70294.0,1762056899999999,1580.82501,29,68649.0,1543.84541,0
1762056900000000,0.0225,0.02252,0.0225,0.02252,236415.0,1762057799999999,5319.76511,21,234022.0,5265.92261,0
1762057800000000,0.02252,0.02252,0.0225,0.02251,154127.0,1762058699999999,3468.57629,26,50734.0,1141.60849,0
1762058700000000,0.02252,0.02252,0.02247,0.02248,669652.0,1762059599999999,15061.72228,70,25347.0,570.06307,0
1762059600000000,0.02246,0.02247,0.02245,0.02245,56760.0,1762060499999999,1274.47158,7,12307.0,276.49118,0
1762060500000000,0.02244,0.02246,0.02243,0.02244,704592.0,1762061399999999,15813.32578,40,627716.0,14088.23242,0
1762061400000000,0.02244,0.02245,0.02244,0.02245,125646.0,1762062299999999,2820.74999,29,76956.0,1727.6622,0
1762062300000000,0.02246,0.02251,0.02246,0.0225,528464.0,1762063199999999,11887.17061,31,306097.0,6882.57263,0
1762063200000000,0.0225,0.02251,0.0225,0.0225,6189.0,1762064099999999,139.26138,3,5888.0,132.48888,0
1762064100000000,0.02251,0.02251,0.02249,0.0225,381967.0,1762064999999999,8593.81343,78,10560.0,237.52557,0
1762065000000000,0.02249,0.02249,0.02247,0.02248,20705.0,1762065899999999,465.42642,10,13670.0,307.20927,0
1762065900000000,0.02249,0.0225,0.02249,0.0225,11337.0,1762066799999999,254.97535,4,11337.0,254.97535,0
1762066800000000,0.02248,0.02248,0.02246,0.02246,36671.0,1762067699999999,824.35268,5,600.0,13.482,0
1762067700000000,0.02246,0.02248,0.02246,0.02248,70275.0,1762068599999999,1578.90707,19,19514.0,438.63825,0
1762068600000000,0.02249,0.02249,0.02248,0.02249,62363.0,1762069499999999,1402.1098,13,18956.0,426.32044,0
1762069500000000,0.02249,0.02249,0.02248,0.02249,88379.0,1762070399999999,1987.19888,20,43896.0,987.22104,0
1762070400000000,0.02249,0.02249,0.02246,0.02246,24622.0,1762071299999999,553.20836,9,6115.0,137.46982,0
1762071300000000,0.02247,0.02247,0.02245,0.02245,17743.0,1762072199999999,398.55366,6,10891.0,244.72077,0
1762072200000000,0.02244,0.02246,0.02244,0.02245,274435.0,1762073099999999,6159.49511,18,228502.0,5128.75859,0
1762073100000000,0.02243,0.02244,0.02241,0.02244,838658.0,1762073999999999,18812.72697,57,741486.0,16633.46181,0
1762074000000000,0.02244,0.02244,0.02243,0.02244,76916.0,1762074899999999,1725.77063,15,35382.0,793.97208,0
1762074900000000,0.02243,0.02243,0.02243,0.02243,91848.0,1762075799999999,2060.15064,18,56617.0,1269.91931,0
1762075800000000,0.02243,0.02243,0.02239,0.02242,1523016.0,1762076699999999,34134.82403,138,1142522.0,25609.66766,0
1762076700000000,0.0224,0.02242,0.0224,0.02242,711963.0,1762077599999999,15956.54111,70,500156.0,11211.11379,0
1762077600000000,0.0224,0.02242,0.02238,0.0224,1129413.0,1762078499999999,25298.18704,83,678417.0,15199.42703,0
1762078500000000,0.0224,0.02241,0.02238,0.02239,1263613.0,1762079399999999,28295.69157,87,937047.0,20984.94686,0
1762079400000000,0.02239,0.0224,0.02236,0.02238,1457506.0,1762080299999999,32624.22781,114,1132748.0,25357.53719,0
1762080300000000,0.02239,0.0224,0.02238,0.02239,225408.0,1762081199999999,5048.91406,20,50603.0,1133.4976,0
1762081200000000,0.0224,0.02242,0.0224,0.02241,40275.0,1762082099999999,902.56351,6,39954.0,895.37311,0
1762082100000000,0.02241,0.02246,0.02241,0.02244,818788.0,1762082999999999,18377.67622,59,212894.0,4778.58212,0
1762083000000000,0.02244,0.02244,0.02242,0.02243,109992.0,1762083899999999,2467.96835,9,13354.0,299.43746,0
1762083900000000,0.02243,0.02243,0.02242,0.02242,28056.0,1762084799999999,629.17648,8,16096.0,361.03328,0
1762084800000000,0.02243,0.02244,0.02243,0.02244,8805.0,1762085699999999,197.57948,2,8805.0,197.57948,0
1762085700000000,0.02244,0.02244,0.02241,0.02241,176552.0,1762086599999999,3959.24303,9,0.0,0.0,0
1762086600000000,0.02241,0.02241,0.02237,0.02238,607203.0,1762087499999999,13590.72464,26,223513.0,5000.73755,0
1762087500000000,0.02237,0.02239,0.02237,0.02237,634899.0,1762088399999999,14206.50465,40,572878.0,12819.0922,0
1762088400000000,0.02237,0.02237,0.02236,0.02236,41122.0,1762089299999999,919.83324,14,12186.0,272.60082,0
1762089300000000,0.02236,0.02237,0.02235,0.02237,1223972.0,1762090199999999,27371.88759,94,985882.0,22049.35713,0
1762090200000000,0.02236,0.02236,0.02236,0.02236,1060.0,1762091099999999,23.7016,1,0.0,0.0,0
1762091100000000,0.02236,0.02238,0.02236,0.02236,97315.0,1762091999999999,2177.07052,27,51460.0,1151.40129,0
1762092000000000,0.02237,0.02237,0.02236,0.02236,78424.0,1762092899999999,1754.06995,26,44622.0,998.19414,0
1762092900000000,0.02235,0.02237,0.02232,0.02234,1793679.0,1762093799999999,40086.1151,147,1382848.0,30907.47061,0
1762093800000000,0.02234,0.02237,0.02234,0.02237,191548.0,1762094699999999,4284.56864,25,63013.0,1409.29182,0
1762094700000000,0.02234,0.02235,0.02231,0.02235,696498.0,1762095599999999,15556.67662,79,422700.0,9441.56976,0
1762095600000000,0.02235,0.02235,0.02231,0.02234,1698489.0,1762096499999999,37929.55126,139,559784.0,12501.49857,0
1762096500000000,0.02234,0.02235,0.02233,0.02235,175178.0,1762097399999999,3912.26809,19,7160.0,160.02178,0
1762097400000000,0.02234,0.02234,0.02232,0.02232,214493.0,1762098299999999,4789.6425,13,0.0,0.0,0
1762098300000000,0.02233,0.02233,0.02229,0.02232,2223119.0,1762099199999999,49600.6485,169,1374484.0,30670.82724,0
1762099200000000,0.0223,0.02235,0.02229,0.02234,1522402.0,1762100099999999,33970.9217,106,868448.0,19376.40617,0
1762100100000000,0.02234,0.02237,0.02233,0.02237,177149.0,1762100999999999,3956.04099,22,26120.0,583.45576,0
1762101000000000,0.02237,0.02238,0.02235,0.02237,623256.0,1762101899999999,13939.85021,34,71921.0,1608.94042,0
1762101900000000,0.02237,0.02237,0.0222,0.02228,11248643.0,1762102799999999,250413.82673,601,3841809.0,85483.94481,0
1762102800000000,0.02226,0.02228,0.02225,0.02227,853740.0,1762103699999999,19004.66574,57,453721.0,10101.33717,0
1762103700000000,0.02225,0.02226,0.02216,0.02223,5277108.0,1762104599999999,117232.84341,252,2091346.0,46469.61302,0
1762104600000000,0.02223,0.02225,0.02223,0.02224,293004.0,1762105499999999,6515.90076,19,225819.0,5022.37821,0
1762105500000000,0.02223,0.02224,0.02222,0.02224,348871.0,1762106399999999,7755.51666,26,224921.0,5000.90107,0
1762106400000000,0.02226,0.02229,0.02225,0.02225,581647.0,1762107299999999,12954.07439,54,17842.0,397.34134,0
1762107300000000,0.02226,0.02227,0.02226,0.02226,177349.0,1762108199999999,3948.09585,17,39486.0,879.26547,0
1762108200000000,0.02224,0.02224,0.02223,0.02223,592510.0,1762109099999999,13174.98907,66,174457.0,3879.92368,0
1762109100000000,0.02224,0.02224,0.02224,0.02224,39690.0,1762109999999999,882.7056,7,26414.0,587.44736,0
1762110000000000,0.02224,0.02225,0.0222,0.02222,1046905.0,1762110899999999,23271.93559,79,677364.0,15059.75508,0
1762110900000000,0.02222,0.02223,0.02222,0.02223,225307.0,1762111799999999,5008.48686,12,225022.0,5002.15131,0
1762111800000000,0.02223,0.02224,0.02223,0.02224,10232.0,1762112699999999,227.46812,3,9156.0,203.53788,0
1762112700000000,0.02225,0.02229,0.02225,0.02228,21800.0,1762113599999999,485.3499,10,21227.0,472.58346,0
1762113600000000,0.02229,0.02229,0.02229,0.02229,107857.0,1762114499999999,2404.13253,4,2401.0,53.51829,0
1762114500000000,0.0223,0.0223,0.0223,0.0223,6584.0,1762115399999999,146.8232,1,6584.0,146.8232,0
1762115400000000,0.02229,0.02231,0.02228,0.02228,501237.0,1762116299999999,11176.90498,40,138258.0,3084.08185,0
1762116300000000,0.0223,0.0223,0.0223,0.0223,1410.0,1762117199999999,31.443,1,1410.0,31.443,0
1762117200000000,0.0223,0.0223,0.02229,0.02229,263558.0,1762118099999999,5876.69956,13,38620.0,861.226,0
1762118100000000,0.02229,0.02229,0.02229,0.02229,450.0,1762118999999999,10.0305,2,0.0,0.0,0
1762119000000000,0.0223,0.02231,0.02229,0.02231,102314.0,1762119899999999,2282.10323,11,100778.0,2247.86579,0
1762119900000000,0.02231,0.02232,0.0223,0.0223,689411.0,1762120799999999,15381.1061,38,108826.0,2428.79878,0
1762120800000000,0.02229,0.02229,0.02227,0.02227,68410.0,1762121699999999,1524.2707,7,8775.0,195.41925,0
1762121700000000,0.02226,0.02226,0.02226,0.02226,3965.0,1762122599999999,88.2609,2,0.0,0.0,0
1762122600000000,0.02226,0.02226,0.02222,0.02222,230512.0,1762123499999999,5125.28286,20,0.0,0.0,0
1762123500000000,0.02223,0.02224,0.02223,0.02224,225195.0,1762124399999999,5006.89165,9,225195.0,5006.89165,0
1762124400000000,0.02224,0.02229,0.02224,0.02229,305655.0,1762125299999999,6801.71438,31,281203.0,6257.55802,0
1762125300000000,0.02228,0.0223,0.02228,0.02228,32857.0,1762126199999999,732.14362,5,4483.0,99.9709,0
1762126200000000,0.0223,0.02233,0.02229,0.02232,894954.0,1762127099999999,19963.90794,55,172472.0,3849.30053,0
1762127100000000,0.02231,0.02232,0.0223,0.0223,296984.0,1762127999999999,6627.14918,15,12577.0,280.71864,0
1762128000000000,0.0223,0.0223,0.0223,0.0223,32780.0,1762128899999999,730.994,4,0.0,0.0,0
1762128900000000,0.0223,0.0223,0.02223,0.02223,934757.0,1762129799999999,20799.269,53,679145.0,15108.9426,0
1762129800000000,0.02224,0.02224,0.02223,0.02224,155396.0,1762130699999999,3454.60288,11,0.0,0.0,0
1762130700000000,0.02225,0.02225,0.02222,0.02225,1778207.0,1762131599999999,39542.1964,88,1198391.0,26655.13342,0
1762131600000000,0.02224,0.02231,0.02224,0.02231,335495.0,1762132499999999,7471.61581,31,133364.0,2971.69729,0
1762132500000000,0.0223,0.0223,0.02227,0.02227,302092.0,1762133399999999,6735.13624,14,0.0,0.0,0
1762133400000000,0.02224,0.02225,0.02222,0.02225,586207.0,1762134299999999,13033.51754,36,491189.0,10921.2718,0
1762134300000000,0.02226,0.02226,0.02223,0.02223,36533.0,1762135199999999,812.884,8,3201.0,71.25426,0
1762135200000000,0.02223,0.02226,0.02221,0.02226,990183.0,1762136099999999,22010.14886,87,676942.0,15050.03086,0
1762136100000000,0.02224,0.02224,0.02222,0.02223,385158.0,1762136999999999,8562.15765,27,225022.0,5002.3011,0
1762137000000000,0.02223,0.02223,0.0222,0.02222,875359.0,1762137899999999,19447.95299,51,717779.0,15947.64724,0
1762137900000000,0.02221,0.02222,0.02219,0.02219,116905.0,1762138799999999,2595.42449,21,22471.0,499.09556,0
1762138800000000,0.02219,0.02221,0.02216,0.02219,5186408.0,1762139699999999,115070.44917,412,2542133.0,56415.08804,0
1762139700000000,0.02218,0.02218,0.02212,0.02217,2678181.0,1762140599999999,59358.5419,267,1267115.0,28088.92252,0
1762140600000000,0.02216,0.02216,0.02198,0.02205,17715307.0,1762141499999999,390959.12477,884,9241201.0,203991.73259,0
1762141500000000,0.02203,0.02206,0.022,0.02205,3640184.0,1762142399999999,80245.58444,201,2229136.0,49146.13234,0
1762142400000000,0.02203,0.02204,0.02201,0.02201,2692212.0,1762143299999999,59289.20668,127,1603948.0,35329.40239,0
1762143300000000,0.02201,0.02203,0.022,0.02202,1070447.0,1762144199999999,23564.11618,69,964293.0,21228.44679,0
1762144200000000,0.02202,0.02202,0.02199,0.022,346377.0,1762145099999999,7622.57042,283,312232.0,6870.96098,0
1762145100000000,0.022,0.02201,0.02199,0.022,66577.0,1762145999999999,1464.52918,37,24529.0,539.65602,0
1762146000000000,0.02199,0.02201,0.02199,0.02201,287250.0,1762146899999999,6319.01944,79,227376.0,5002.39018,0
1762146900000000,0.02199,0.02202,0.02199,0.02202,580552.0,1762147799999999,12777.61679,302,170186.0,3745.54185,0
1762147800000000,0.02202,0.02202,0.02199,0.022,921271.0,1762148699999999,20269.78063,164,653665.0,14382.73101,0
1762148700000000,0.02199,0.022,0.02198,0.02199,311780.0,1762149599999999,6857.57894,110,275123.0,6051.49151,0
1762149600000000,0.02199,0.02199,0.02198,0.02198,359591.0,1762150499999999,7906.88459,152,323798.0,7119.81158,0
1762150500000000,0.02198,0.02199,0.02196,0.02199,741283.0,1762151399999999,16289.988,144,266396.0,5855.12197,0
1762151400000000,0.02199,0.02199,0.02196,0.02197,1723482.0,1762152299999999,37869.34233,331,1400808.0,30781.15815,0
1762152300000000,0.02196,0.02197,0.02195,0.02197,141165.0,1762153199999999,3099.83374,140,89061.0,1956.01711,0
1762153200000000,0.02197,0.022,0.02197,0.02199,145751.0,1762154099999999,3203.55018,72,130376.0,2865.74515,0
1762154100000000,0.02199,0.02202,0.02199,0.02201,589006.0,1762154999999999,12965.50669,29,179107.0,3943.91804,0
1762155000000000,0.02201,0.02205,0.02201,0.02203,1256978.0,1762155899999999,27694.99781,89,262321.0,5780.16653,0
1762155900000000,0.02203,0.02204,0.02202,0.02202,442474.0,1762156799999999,9750.07062,25,174795.0,3852.4818,0
1762156800000000,0.02203,0.02206,0.02203,0.02204,433853.0,1762157699999999,9564.14875,69,162619.0,3585.33868,0
1762157700000000,0.02204,0.02204,0.02201,0.02201,298121.0,1762158599999999,6567.10692,32,3538.0,77.97752,0
1762158600000000,0.02197,0.02201,0.02195,0.022,1655683.0,1762159499999999,36375.83679,102,1436319.0,31557.51611,0
1762159500000000,0.022,0.02205,0.02199,0.02204,767908.0,1762160399999999,16917.28517,54,96174.0,2117.56007,0
1762160400000000,0.02205,0.02208,0.02205,0.02205,1645046.0,1762161299999999,36295.87347,66,603526.0,13315.02345,0
1762161300000000,0.02204,0.02204,0.02199,0.02199,1041000.0,1762162199999999,22908.87077,59,659867.0,14516.68976,0
1762162200000000,0.02199,0.02201,0.02199,0.02201,524818.0,1762163099999999,11542.15105,43,410124.0,9020.02999,0
1762163100000000,0.02199,0.02201,0.02198,0.022,530893.0,1762163999999999,11676.24513,36,489457.0,10765.2306,0
1762164000000000,0.02199,0.022,0.02199,0.022,62130.0,1762164899999999,1366.79284,14,39591.0,871.002,0
1762164900000000,0.022,0.022,0.02199,0.02199,2402.0,1762165799999999,52.8227,4,0.0,0.0,0
1762165800000000,0.02199,0.022,0.02198,0.02198,314051.0,1762166699999999,6905.83569,35,272591.0,5994.4506,0
1762166700000000,0.02198,0.022,0.02196,0.02198,1043821.0,1762167599999999,22943.74017,64,972051.0,21366.35027,0
1762167600000000,0.02198,0.02201,0.02194,0.022,1898253.0,1762168499999999,41689.35593,146,1509239.0,33148.90387,0
1762168500000000,0.022,0.02206,0.02199,0.02199,786908.0,1762169399999999,17340.02401,51,107202.0,2363.09967,0
1762169400000000,0.022,0.022,0.02198,0.022,138580.0,1762170299999999,3047.57384,21,48423.0,1065.306,0
1762170300000000,0.02201,0.02204,0.02201,0.02203,489113.0,1762171199999999,10776.87044,61,174886.0,3853.00448,0
1762171200000000,0.02202,0.02204,0.02201,0.02202,291138.0,1762172099999999,6412.34927,198,208888.0,4601.21881,0
1762172100000000,0.02203,0.02204,0.02202,0.02203,468663.0,1762172999999999,10326.99831,53,78750.0,1735.30707,0
1762173000000000,0.02203,0.02203,0.02197,0.02198,326562.0,1762173899999999,7186.42357,111,53812.0,1182.8122,0
1762173900000000,0.02199,0.02199,0.02195,0.02196,410160.0,1762174799999999,9007.73123,175,362687.0,7965.22269,0
1762174800000000,0.02195,0.02195,0.02193,0.02194,845494.0,1762175699999999,18552.93699,140,659187.0,14465.32608,0
1762175700000000,0.02194,0.02195,0.02193,0.02195,687192.0,1762176599999999,15076.69051,167,313826.0,6885.94283,0
1762176600000000,0.02195,0.02197,0.02195,0.02195,70052.0,1762177499999999,1538.09742,63,35986.0,790.12954,0
1762177500000000,0.02196,0.02197,0.02196,0.02196,114125.0,1762178399999999,2506.95271,63,75079.0,1649.48239,0
1762178400000000,0.02197,0.02199,0.02197,0.02198,176152.0,1762179299999999,3871.78097,48,42423.0,932.41755,0
1762179300000000,0.02198,0.02199,0.02197,0.02197,73085.0,1762180199999999,1606.19167,13,2273.0,49.98327,0
1762180200000000,0.02197,0.02198,0.02196,0.02198,36063.0,1762181099999999,792.30403,28,11818.0,259.64955,0
1762181100000000,0.02197,0.02197,0.02197,0.02197,110019.0,1762181999999999,2417.11743,4,0.0,0.0,0
1762182000000000,0.02197,0.02198,0.02189,0.02193,2299364.0,1762182899999999,50410.78978,157,1342940.0,29436.05369,0
1762182900000000,0.02192,0.02194,0.02186,0.0219,3892575.0,1762183799999999,85257.43726,236,2772971.0,60740.0711,0
1762183800000000,0.02188,0.02195,0.02155,0.02176,20418927.0,1762184699999999,444290.86365,1452,10889826.0,236912.62853,0
1762184700000000,0.02176,0.02178,0.02165,0.02167,11430843.0,1762185599999999,248180.40798,1435,10193973.0,221326.96762,0
1762185600000000,0.02166,0.02171,0.02161,0.0217,5660190.0,1762186499999999,122578.24228,1035,2747765.0,59503.85665,0
1762186500000000,0.02172,0.02172,0.02165,0.02167,1671896.0,1762187399999999,36236.19557,122,543281.0,11769.96424,0
1762187400000000,0.02168,0.02169,0.02163,0.02163,143885.0,1762188299999999,3117.6974,20,37202.0,806.8881,0
1762188300000000,0.02164,0.02165,0.02162,0.02165,624486.0,1762189199999999,13510.75712,97,520320.0,11257.65385,0
1762189200000000,0.02165,0.02165,0.02164,0.02164,98136.0,1762190099999999,2123.70665,10,22791.0,493.23531,0
1762190100000000,0.02166,0.02174,0.02165,0.02165,815581.0,1762190999999999,17694.78257,57,172770.0,3746.54306,0
1762191000000000,0.02164,0.02166,0.02164,0.02166,132074.0,1762191899999999,2859.42781,10,130466.0,2824.62238,0
1762191900000000,0.02168,0.02171,0.02168,0.02169,860541.0,1762192799999999,18676.61641,67,167384.0,3632.44392,0
1762192800000000,0.02169,0.02171,0.02167,0.02167,796207.0,1762193699999999,17271.37578,83,308788.0,6696.53179,0
1762193700000000,0.02167,0.02167,0.02167,0.02167,186389.0,1762194599999999,4039.04963,20,0.0,0.0,0
1762194600000000,0.02168,0.02168,0.02167,0.02167,294253.0,1762195499999999,6377.51671,37,105420.0,2285.5056,0
1762195500000000,0.02167,0.02168,0.02167,0.02168,364623.0,1762196399999999,7904.85936,54,19444.0,421.54592,0
1762196400000000,0.02167,0.02168,0.02162,0.02162,503316.0,1762197299999999,10894.95607,37,287373.0,6218.60937,0
1762197300000000,0.02164,0.02168,0.02162,0.02162,501705.0,1762198199999999,10863.84424,70,119213.0,2581.57884,0
1762198200000000,0.02163,0.02165,0.02163,0.02165,345313.0,1762199099999999,7471.35034,68,171660.0,3714.26096,0
1762199100000000,0.02164,0.02164,0.02163,0.02163,210955.0,1762199999999999,4564.38303,26,0.0,0.0,0
1762200000000000,0.02162,0.02164,0.02161,0.02163,666617.0,1762200899999999,14414.86503,45,518569.0,11214.16135,0
1762200900000000,0.02163,0.02165,0.0216,0.02163,407396.0,1762201799999999,8807.49276,34,401461.0,8679.15425,0
1762201800000000,0.02166,0.02167,0.02166,0.02166,94537.0,1762202699999999,2048.44602,16,45557.0,987.04942,0
1762202700000000,0.02165,0.02165,0.02159,0.0216,115484.0,1762203599999999,2499.57266,19,15388.0,332.8212,0
1762203600000000,0.0216,0.02164,0.0216,0.02163,319950.0,1762204499999999,6921.58788,31,213584.0,4620.93072,0
1762204500000000,0.0216,0.02166,0.02156,0.02165,1877229.0,1762205399999999,40533.02781,135,1412184.0,30480.94294,0
1762205400000000,0.02166,0.02166,0.02163,0.02163,614.0,1762206299999999,13.28955,2,291.0,6.30306,0
1762206300000000,0.02164,0.02166,0.02163,0.02165,317497.0,1762207199999999,6875.46115,21,57449.0,1244.29916,0
1762207200000000,0.02163,0.02163,0.02158,0.0216,490401.0,1762208099999999,10588.65074,33,435308.0,9397.10041,0
1762208100000000,0.02159,0.0216,0.02158,0.02158,331508.0,1762208999999999,7156.70862,24,272988.0,5893.14421,0
1762209000000000,0.02158,0.02161,0.02158,0.0216,404767.0,1762209899999999,8739.3169,30,298592.0,6446.9976,0
1762209900000000,0.0216,0.02164,0.0216,0.02162,47714.0,1762210799999999,1031.58586,6,40520.0,876.06024,0
1762210800000000,0.02162,0.02162,0.02157,0.02158,663907.0,1762211699999999,14332.73756,33,283373.0,6115.10922,0
1762211700000000,0.02159,0.02162,0.02158,0.02162,114274.0,1762212599999999,2467.92382,16,76622.0,1655.30591,0
1762212600000000,0.02161,0.02163,0.02157,0.02162,644944.0,1762213499999999,13922.77168,66,534777.0,11544.34329,0
1762213500000000,0.02163,0.02163,0.02162,0.02163,124258.0,1762214399999999,2687.55646,9,48850.0,1056.6255,0
1762214400000000,0.02164,0.02164,0.02156,0.02157,784458.0,1762215299999999,16934.37977,50,499369.0,10774.3286,0
1762215300000000,0.02157,0.02158,0.02155,0.02158,2288308.0,1762216199999999,49347.23002,206,1294981.0,27930.56126,0
1762216200000000,0.02157,0.02165,0.02157,0.0216,1279477.0,1762217099999999,27671.95933,88,248977.0,5383.38097,0
1762217100000000,0.02161,0.02161,0.02157,0.02158,278150.0,1762217999999999,6005.59699,36,177679.0,3836.01226,0
1762218000000000,0.02158,0.02158,0.02158,0.02158,1402.0,1762218899999999,30.25516,1,1402.0,30.25516,0
1762218900000000,0.02156,0.02159,0.02156,0.02156,480920.0,1762219799999999,10377.82539,64,95498.0,2060.34836,0
1762219800000000,0.02156,0.02159,0.02156,0.02159,203851.0,1762220699999999,4399.25947,47,76205.0,1645.0342,0
1762220700000000,0.02161,0.02162,0.02159,0.02162,759658.0,1762221599999999,16407.74086,37,267517.0,5778.14405,0
1762221600000000,0.02161,0.02161,0.0216,0.0216,104587.0,1762222499999999,2259.47289,13,0.0,0.0,0
1762222500000000,0.02161,0.02161,0.0216,0.0216,12560.0,1762223399999999,271.34287,5,0.0,0.0,0
1762223400000000,0.0216,0.0216,0.02157,0.02159,355210.0,1762224299999999,7663.93335,30,71981.0,1553.82745,0
1762224300000000,0.0216,0.0216,0.0216,0.0216,65191.0,1762225199999999,1408.1256,14,45047.0,973.0152,0
1762225200000000,0.0216,0.02163,0.02157,0.02162,1143035.0,1762226099999999,24687.63455,68,883758.0,19090.11952,0
1762226100000000,0.02162,0.02163,0.02162,0.02163,55994.0,1762226999999999,1211.00022,7,55994.0,1211.00022,0
1762227000000000,0.02163,0.02164,0.02162,0.02162,167967.0,1762227899999999,3632.60935,18,166243.0,3595.32749,0
1762227900000000,0.0216,0.0216,0.02157,0.02159,952446.0,1762228799999999,20556.24052,111,538654.0,11625.64639,0
1762228800000000,0.0216,0.02161,0.02159,0.0216,231105.0,1762229699999999,4990.87144,116,173450.0,3746.09483,0
1762229700000000,0.0216,0.0216,0.02157,0.02157,85922.0,1762230599999999,1854.91169,71,68758.0,1484.4825,0
1762230600000000,0.02157,0.02159,0.02156,0.02159,1045137.0,1762231499999999,22548.90469,327,835535.0,18027.84592,0
1762231500000000,0.02157,0.02158,0.02157,0.02158,197284.0,1762232399999999,4257.37191,121,154653.0,3337.41174,0
1762232400000000,0.02157,0.0216,0.02156,0.0216,724390.0,1762233299999999,15630.84644,223,669023.0,14436.53385,0
1762233300000000,0.0216,0.0216,0.02153,0.02155,2356345.0,1762234199999999,50797.10455,616,1627919.0,35091.5397,0
1762234200000000,0.02155,0.02156,0.02151,0.02151,2203119.0,1762235099999999,47446.53558,787,1697704.0,36562.49458,0
1762235100000000,0.02152,0.02153,0.02146,0.02147,4558780.0,1762235999999999,98010.97642,1100,3326063.0,71516.85235,0
1762236000000000,0.02147,0.02149,0.02145,0.02147,2723098.0,1762236899999999,58459.12044,746,2471822.0,53065.89202,0
1762236900000000,0.02147,0.02152,0.02144,0.02146,1559049.0,1762237799999999,33473.72036,512,863906.0,18548.21494,0
1762237800000000,0.02145,0.02145,0.02141,0.02143,3130932.0,1762238699999999,67114.13326,589,2017684.0,43260.07164,0
1762238700000000,0.02143,0.02145,0.02142,0.02143,879063.0,1762239599999999,18840.95947,279,745946.0,15988.0688,0
1762239600000000,0.02143,0.02144,0.0214,0.02142,1903378.0,1762240499999999,40771.44983,629,1678527.0,35957.00446,0
1762240500000000,0.02141,0.02143,0.02137,0.02139,2047709.0,1762241399999999,43824.82457,637,1487175.0,31830.01905,0
1762241400000000,0.02139,0.02141,0.02136,0.02138,1742904.0,1762242299999999,37270.51804,452,1394471.0,29823.78152,0
1762242300000000,0.02139,0.0214,0.02134,0.02138,2152627.0,1762243199999999,46009.28728,524,1535069.0,32814.82686,0
1762243200000000,0.02138,0.02141,0.02137,0.0214,844164.0,1762244099999999,18056.30976,254,686527.0,14684.87107,0
1762244100000000,0.02139,0.02141,0.02138,0.02138,504890.0,1762244999999999,10801.64926,166,144731.0,3096.67674,0
1762245000000000,0.02138,0.02143,0.02138,0.02142,871892.0,1762245899999999,18665.63555,453,583296.0,12487.19955,0
1762245900000000,0.02142,0.02143,0.02137,0.02143,1238027.0,1762246799999999,26483.86417,504,981153.0,20989.97127,0
1762246800000000,0.02144,0.02144,0.02142,0.02144,219734.0,1762247699999999,4709.53036,181,115985.0,2486.12505,0
1762247700000000,0.02144,0.02146,0.02141,0.02145,888165.0,1762248599999999,19042.04811,158,216062.0,4633.13158,0
1762248600000000,0.02145,0.02146,0.0214,0.02141,489218.0,1762249499999999,10487.6581,74,115894.0,2484.48479,0
1762249500000000,0.02142,0.02146,0.02142,0.02145,505655.0,1762250399999999,10843.00441,152,158246.0,3392.63875,0
1762250400000000,0.02146,0.02146,0.02144,0.02145,364521.0,1762251299999999,7819.14993,111,103074.0,2211.05869,0
1762251300000000,0.02146,0.02147,0.02144,0.02144,364259.0,1762252199999999,7816.35302,147,45717.0,981.07517,0
1762252200000000,0.02144,0.02145,0.02143,0.02145,14210.0,1762253099999999,304.67481,8,4354.0,93.38487,0
1762253100000000,0.02144,0.02144,0.02143,0.02143,39525.0,1762253999999999,847.247,67,2790.0,59.8176,0
1762254000000000,0.02142,0.02145,0.02142,0.02145,149939.0,1762254899999999,3214.84479,93,8416.0,180.5232,0
1762254900000000,0.02144,0.02147,0.02144,0.02145,172708.0,1762255799999999,3707.62415,70,3712.0,79.69664,0
1762255800000000,0.02145,0.02145,0.0214,0.02141,299786.0,1762256699999999,6420.22606,125,68378.0,1464.31335,0
1762256700000000,0.02141,0.02143,0.02141,0.02142,55985.0,1762257599999999,1198.84763,29,18539.0,397.12877,0
1762257600000000,0.02141,0.02143,0.02138,0.02139,228810.0,1762258499999999,4899.25615,35,109923.0,2354.92381,0
1762258500000000,0.02139,0.02142,0.02138,0.02142,1211776.0,1762259399999999,25932.13381,88,968944.0,20735.82434,0
1762259400000000,0.02142,0.02142,0.02137,0.02138,594980.0,1762260299999999,12727.35661,67,260902.0,5581.81985,0
1762260300000000,0.02139,0.0214,0.02137,0.02139,844025.0,1762261199999999,18051.3769,73,540206.0,11555.17716,0
1762261200000000,0.02138,0.02139,0.02134,0.02138,1758093.0,1762262099999999,37578.45407,211,923206.0,19736.57383,0
1762262100000000,0.02138,0.02139,0.02136,0.02138,423232.0,1762262999999999,9049.06106,90,288942.0,6178.74992,0
1762263000000000,0.02138,0.0214,0.02138,0.02139,199691.0,1762263899999999,4271.93614,89,95960.0,2053.21764,0
1762263900000000,0.02138,0.0214,0.02138,0.02139,44905.0,1762264799999999,960.44899,26,37639.0,805.10191,0
1762264800000000,0.02138,0.02139,0.02136,0.02138,632551.0,1762265699999999,13522.42955,242,514922.0,11007.92404,0
1762265700000000,0.02138,0.0214,0.02135,0.02135,1378087.0,1762266599999999,29453.37113,550,707463.0,15122.10365,0
1762266600000000,0.02135,0.02142,0.02133,0.02142,3843673.0,1762267499999999,82111.88253,1290,2110252.0,45084.12461,0
1762267500000000,0.02141,0.02144,0.02141,0.02142,1369067.0,1762268399999999,29334.99558,319,397493.0,8518.83571,0
1762268400000000,0.02143,0.02146,0.02143,0.02144,996708.0,1762269299999999,21377.88988,346,180734.0,3875.56649,0
1762269300000000,0.02143,0.02148,0.02143,0.02146,1057750.0,1762270199999999,22702.20684,400,179173.0,3845.73527,0
1762270200000000,0.02146,0.02149,0.02145,0.02147,608103.0,1762271099999999,13050.86278,112,349638.0,7503.34762,0
1762271100000000,0.02147,0.02147,0.02138,0.02139,797826.0,1762271999999999,17089.16705,89,350337.0,7496.77213,0
1762272000000000,0.02139,0.02145,0.02137,0.02145,952473.0,1762272899999999,20384.92991,93,809144.0,17317.54118,0
1762272900000000,0.02144,0.02147,0.02139,0.02143,865872.0,1762273799999999,18563.29461,175,379092.0,8121.95896,0
1762273800000000,0.02143,0.02144,0.02138,0.02139,2052523.0,1762274699999999,43925.1124,268,785440.0,16800.84639,0
1762274700000000,0.02139,0.02139,0.02137,0.02138,624935.0,1762275599999999,13359.54456,78,512336.0,10952.2045,0
1762275600000000,0.02136,0.02139,0.02134,0.02135,2500982.0,1762276499999999,53427.56609,366,1528342.0,32649.89813,0
1762276500000000,0.02135,0.0214,0.02131,0.02138,2245731.0,1762277399999999,47944.48601,266,1292767.0,27597.53713,0
1762277400000000,0.02138,0.02142,0.02133,0.02134,2128643.0,1762278299999999,45523.68097,247,727176.0,15532.82523,0
1762278300000000,0.02134,0.02137,0.02123,0.02131,6630171.0,1762279199999999,141226.1162,595,3340519.0,71177.68475,0
1762279200000000,0.02131,0.02136,0.0213,0.0213,1219524.0,1762280099999999,26006.12687,150,873948.0,18633.59567,0
1762280100000000,0.0213,0.02133,0.02129,0.0213,1636751.0,1762280999999999,34873.24958,156,1371777.0,29227.81751,0
1762281000000000,0.0213,0.02134,0.02127,0.02133,2427293.0,1762281899999999,51701.36364,252,1635148.0,34826.40613,0
1762281900000000,0.02133,0.02136,0.02129,0.02133,772005.0,1762282799999999,16467.57938,75,349053.0,7445.87226,0
1762282800000000,0.02131,0.02133,0.02128,0.0213,247216.0,1762283699999999,5267.32638,62,167689.0,3573.11897,0
1762283700000000,0.02131,0.02134,0.0213,0.02134,263238.0,1762284599999999,5612.84501,69,77513.0,1653.69336,0
1762284600000000,0.02133,0.02135,0.02128,0.0213,1949163.0,1762285499999999,41530.86086,219,649326.0,13828.20293,0
1762285500000000,0.0213,0.02131,0.02129,0.02129,68068.0,1762286399999999,1449.72223,57,2533.0,53.97823,0
1762286400000000,0.02129,0.02129,0.02125,0.02128,1614923.0,1762287299999999,34361.80825,208,1169109.0,24878.17762,0
1762287300000000,0.02127,0.02129,0.0211,0.02124,7226286.0,1762288199999999,153374.94266,1349,4048299.0,85980.04053,0
1762288200000000,0.02125,0.02132,0.02121,0.02129,2616655.0,1762289099999999,55669.53581,380,1103854.0,23474.13201,0
1762289100000000,0.02128,0.02128,0.02122,0.02128,1112703.0,1762289999999999,23645.0839,203,719313.0,15281.75357,0
1762290000000000,0.02128,0.02128,0.02122,0.02124,1268426.0,1762290899999999,26943.99642,220,909728.0,19326.10752,0
1762290900000000,0.02124,0.02126,0.02123,0.02126,471936.0,1762291799999999,10026.81057,146,328097.0,6971.88546,0
1762291800000000,0.02125,0.02126,0.02121,0.02123,2198139.0,1762292699999999,46668.44076,510,1510002.0,32059.78812,0
1762292700000000,0.02123,0.0213,0.02121,0.02129,1911378.0,1762293599999999,40652.3135,720,831013.0,17666.85463,0
1762293600000000,0.02129,0.02133,0.02128,0.02128,1931432.0,1762294499999999,41142.93589,391,522422.0,11130.25246,0
1762294500000000,0.02129,0.02135,0.02129,0.02134,1390373.0,1762295399999999,29659.99,357,254428.0,5425.88976,0
1762295400000000,0.02134,0.02135,0.02131,0.02133,1323095.0,1762296299999999,28225.89424,459,337761.0,7204.67908,0
1762296300000000,0.02135,0.02137,0.02134,0.02135,1030817.0,1762297199999999,22011.98586,285,252952.0,5403.20765,0
1762297200000000,0.02137,0.02137,0.02134,0.02134,971603.0,1762298099999999,20751.9995,256,111723.0,2387.11474,0
1762298100000000,0.02136,0.02136,0.02128,0.02131,1212355.0,1762298999999999,25826.59112,330,887201.0,18894.97205,0
1762299000000000,0.02131,0.02134,0.02129,0.02134,664208.0,1762299899999999,14151.69548,95,513310.0,10938.15291,0
1762299900000000,0.02135,0.02136,0.02135,0.02135,758078.0,1762300799999999,16189.29513,154,162190.0,3463.9966,0
1762300800000000,0.02136,0.02139,0.02133,0.02136,2446480.0,1762301699999999,52263.36761,252,929698.0,19862.35355,0
1762301700000000,0.02135,0.02137,0.02132,0.02132,242109.0,1762302599999999,5167.21495,64,147345.0,3144.30998,0
1762302600000000,0.02132,0.02133,0.02127,0.02129,3189083.0,1762303499999999,67904.05204,265,2346065.0,49959.37303,0
1762303500000000,0.02129,0.02129,0.02123,0.02127,3061236.0,1762304399999999,65086.12315,246,1690623.0,35950.94864,0
1762304400000000,0.02127,0.02128,0.02124,0.02128,2590416.0,1762305299999999,55062.2508,234,1549631.0,32940.43025,0
1762305300000000,0.02128,0.02128,0.02121,0.02122,1249344.0,1762306199999999,26528.94066,102,702448.0,14916.8125,0
1762306200000000,0.02123,0.02124,0.02115,0.02116,5024818.0,1762307099999999,106494.09294,375,3121756.0,66178.16592,0
1762307100000000,0.02116,0.02123,0.02116,0.02123,1212675.0,1762307999999999,25716.91959,106,658330.0,13961.57357,0
1762308000000000,0.02123,0.02126,0.02122,0.02124,1301123.0,1762308899999999,27635.3579,111,548446.0,11648.40977,0
1762308900000000,0.02124,0.02124,0.02118,0.02119,1245824.0,1762309799999999,26439.50476,157,273509.0,5805.69787,0
1762309800000000,0.02119,0.02122,0.02118,0.02122,258548.0,1762310699999999,5483.09815,34,165770.0,3515.34319,0
1762310700000000,0.02124,0.02127,0.02123,0.02127,980781.0,1762311599999999,20852.00762,145,197701.0,4203.16048,0
1762311600000000,0.02127,0.02127,0.02125,0.02125,366408.0,1762312499999999,7791.55139,66,34029.0,723.52142,0
1762312500000000,0.02126,0.0213,0.02125,0.02129,849663.0,1762313399999999,18077.22593,117,230853.0,4913.41595,0
1762313400000000,0.02128,0.02129,0.02128,0.02129,272763.0,1762314299999999,5806.27885,34,34062.0,725.17998,0
1762314300000000,0.02129,0.02131,0.02129,0.0213,1716462.0,1762315199999999,36558.39903,325,229676.0,4892.9153,0
1762315200000000,0.02129,0.02132,0.02129,0.02131,1026286.0,1762316099999999,21870.32668,196,116500.0,2482.54462,0
1762316100000000,0.02132,0.02133,0.02129,0.02129,826271.0,1762316999999999,17611.93204,155,217235.0,4632.53383,0
1762317000000000,0.02128,0.02132,0.02128,0.02129,874976.0,1762317899999999,18640.16651,93,327577.0,6979.53879,0
1762317900000000,0.0213,0.0213,0.02126,0.02127,913488.0,1762318799999999,19434.36869,95,449851.0,9568.03245,0
1762318800000000,0.02128,0.02132,0.02128,0.02132,209944.0,1762319699999999,4469.72567,20,209944.0,4469.72567,0
1762319700000000,0.02132,0.02132,0.0213,0.0213,380925.0,1762320599999999,8120.59962,46,486.0,10.35666,0
1762320600000000,0.02129,0.02132,0.02129,0.02131,380688.0,1762321499999999,8113.89745,54,102112.0,2175.51006,0
1762321500000000,0.0213,0.0213,0.02129,0.02129,129047.0,1762322399999999,2748.4746,34,2866.0,61.0458,0
1762322400000000,0.02129,0.0213,0.02129,0.02129,156948.0,1762323299999999,3341.85791,31,43499.0,926.5287,0
1762323300000000,0.02129,0.02133,0.02129,0.02132,659964.0,1762324199999999,14067.44171,63,332475.0,7085.01196,0
1762324200000000,0.02132,0.02133,0.02131,0.02132,352329.0,1762325099999999,7512.37283,37,42908.0,914.80563,0
1762325100000000,0.02133,0.02135,0.02132,0.02133,836189.0,1762325999999999,17840.06597,97,118986.0,2539.32908,0
1762326000000000,0.02133,0.02134,0.02133,0.02134,578400.0,1762326899999999,12341.85782,78,68648.0,1464.94832,0
1762326900000000,0.02134,0.02134,0.02131,0.02131,319667.0,1762327799999999,6818.97807,38,0.0,0.0,0
1762327800000000,0.02131,0.02132,0.02131,0.02132,201439.0,1762328699999999,4294.22737,9,156228.0,3330.78096,0
1762328700000000,0.02133,0.02135,0.02133,0.02134,483104.0,1762329599999999,10313.02497,56,2543.0,54.29305,0
1762329600000000,0.02134,0.02136,0.02132,0.02133,940703.0,1762330499999999,20074.55154,160,35506.0,757.42296,0
1762330500000000,0.02132,0.02132,0.02126,0.02128,1565688.0,1762331399999999,33321.98139,144,1139132.0,24241.64547,0
1762331400000000,0.02128,0.02131,0.02128,0.02131,325285.0,1762332299999999,6929.25677,36,167703.0,3572.05155,0
1762332300000000,0.02131,0.02132,0.0213,0.02131,306187.0,1762333199999999,6525.88407,43,53058.0,1130.55739,0
1762333200000000,0.02131,0.02134,0.02131,0.02133,1069287.0,1762334099999999,22801.32924,116,415772.0,8864.72549,0
1762334100000000,0.02133,0.02135,0.02133,0.02134,301209.0,1762334999999999,6429.77164,44,28078.0,599.43916,0
1762335000000000,0.02134,0.02135,0.02133,0.02133,746375.0,1762335899999999,15928.4605,92,177449.0,3786.63389,0
1762335900000000,0.02134,0.02134,0.02134,0.02134,905.0,1762336799999999,19.3127,3,343.0,7.31962,0
1762336800000000,0.02134,0.02136,0.02134,0.02134,642379.0,1762337699999999,13717.42101,103,84128.0,1796.70214,0
1762337700000000,0.02134,0.02134,0.02133,0.02133,76907.0,1762338599999999,1640.64001,22,10969.0,234.07846,0
1762338600000000,0.02134,0.02134,0.02132,0.02132,224117.0,1762339499999999,4781.7047,56,544.0,11.60352,0
1762339500000000,0.02132,0.02132,0.02128,0.02129,769818.0,1762340399999999,16387.44804,52,615564.0,13102.46896,0
1762340400000000,0.02128,0.02132,0.02128,0.02132,245952.0,1762341299999999,5238.80732,42,184456.0,3929.43724,0
1762341300000000,0.02135,0.02136,0.02134,0.02134,71554.0,1762342199999999,1527.09725,12,16417.0,350.36088,0
1762342200000000,0.02136,0.02136,0.02133,0.02135,306218.0,1762343099999999,6537.45414,26,10809.0,230.8732,0
1762343100000000,0.02135,0.02137,0.02134,0.02135,826745.0,1762343999999999,17654.78195,114,61024.0,1303.62103,0
1762344000000000,0.02135,0.02135,0.02131,0.02132,42563.0,1762344899999999,908.13868,14,13694.0,292.2336,0
1762344900000000,0.02133,0.02137,0.02133,0.02136,379810.0,1762345799999999,8114.93879,37,126780.0,2708.47235,0
1762345800000000,0.02137,0.02137,0.02135,0.02135,18506.0,1762346699999999,395.25554,3,7622.0,162.88214,0
1762346700000000,0.02134,0.02135,0.02134,0.02134,46826.0,1762347599999999,999.4999,9,23306.0,497.5831,0
1762347600000000,0.02134,0.02134,0.02132,0.02133,128812.0,1762348499999999,2746.5323,51,1478.0,31.52574,0
1762348500000000,0.02131,0.02131,0.0213,0.0213,107297.0,1762349399999999,2286.06089,23,0.0,0.0,0
1762349400000000,0.0213,0.02132,0.02127,0.02132,413348.0,1762350299999999,8800.27069,83,258174.0,5495.94801,0
1762350300000000,0.02133,0.02137,0.02133,0.02136,787638.0,1762351199999999,16824.71072,92,73960.0,1580.27087,0
1762351200000000,0.02136,0.02139,0.02136,0.02138,2139425.0,1762352099999999,45737.76699,384,191735.0,4099.20499,0
1762352100000000,0.02138,0.02138,0.02136,0.02136,67136.0,1762352999999999,1434.74988,12,5753.0,122.99914,0
1762353000000000,0.02137,0.02138,0.02136,0.02138,238542.0,1762353899999999,5098.19416,58,103692.0,2216.28099,0
1762353900000000,0.02139,0.0214,0.02138,0.0214,1012075.0,1762354799999999,21648.9343,211,202438.0,4331.97387,0
1762354800000000,0.02139,0.02139,0.02136,0.02136,613341.0,1762355699999999,13110.9485,74,284569.0,6084.8095,0
1762355700000000,0.02136,0.02143,0.02136,0.02142,2751093.0,1762356599999999,58883.38493,528,772583.0,16535.02004,0
1762356600000000,0.02142,0.02147,0.02141,0.02144,3299857.0,1762357499999999,70727.20504,740,895137.0,19193.22553,0
1762357500000000,0.02144,0.02145,0.02143,0.02144,552401.0,1762358399999999,11843.13838,79,175562.0,3764.48392,0
1762358400000000,0.02145,0.02146,0.02143,0.02143,649566.0,1762359299999999,13929.24195,141,82841.0,1776.74168,0
1762359300000000,0.02142,0.02143,0.0214,0.02143,356908.0,1762360199999999,7642.70885,63,174288.0,3732.18127,0
1762360200000000,0.02145,0.02147,0.02143,0.02143,805127.0,1762361099999999,17270.57563,227,192664.0,4134.35662,0
1762361100000000,0.02143,0.02147,0.02143,0.02147,708709.0,1762361999999999,15207.79641,164,227469.0,4882.96111,0
1762362000000000,0.02147,0.02149,0.02145,0.02148,1301210.0,1762362899999999,27933.16238,209,357482.0,7677.50056,0
1762362900000000,0.02148,0.02151,0.02146,0.02149,2254578.0,1762363799999999,48439.99409,569,639396.0,13743.55268,0
1762363800000000,0.02151,0.02153,0.02149,0.02152,2716388.0,1762364699999999,58420.47418,561,685448.0,14747.45376,0
1762364700000000,0.02152,0.02153,0.02151,0.02152,279802.0,1762365599999999,6020.65375,128,33249.0,715.67749,0
1762365600000000,0.02152,0.02155,0.02152,0.02153,2099089.0,1762366499999999,45194.55819,332,828978.0,17854.0642,0
1762366500000000,0.02153,0.02155,0.02152,0.02154,1000640.0,1762367399999999,21548.64019,263,292023.0,6289.65563,0
1762367400000000,0.02154,0.02156,0.02154,0.02154,345514.0,1762368299999999,7444.4508,110,99577.0,2146.14681,0
1762368300000000,0.02154,0.02156,0.02153,0.02154,765879.0,1762369199999999,16502.02954,194,54466.0,1174.27937,0
1762369200000000,0.02155,0.02156,0.02152,0.02153,490287.0,1762370099999999,10557.7345,122,198125.0,4266.23886,0
1762370100000000,0.02154,0.02166,0.02154,0.02157,5781161.0,1762370999999999,124804.66982,777,2160010.0,46642.88172,0
1762371000000000,0.02158,0.02159,0.02157,0.02157,1176971.0,1762371899999999,25400.29052,310,56183.0,1212.49492,0
1762371900000000,0.02157,0.02157,0.02154,0.02156,476313.0,1762372799999999,10264.92209,64,302713.0,6523.50092,0
1762372800000000,0.02155,0.02163,0.02155,0.02159,1482674.0,1762373699999999,32024.25802,335,404125.0,8728.16444,0
1762373700000000,0.0216,0.02162,0.02159,0.02159,243709.0,1762374599999999,5264.48445,78,104839.0,2265.14077,0
1762374600000000,0.02159,0.02159,0.02157,0.02159,217715.0,1762375499999999,4698.82767,65,113887.0,2457.68146,0
1762375500000000,0.02159,0.02159,0.02158,0.02159,134522.0,1762376399999999,2903.42858,57,47501.0,1025.5154,0
1762376400000000,0.02159,0.02162,0.02157,0.02157,782644.0,1762377299999999,16902.04647,215,82868.0,1790.16774,0
1762377300000000,0.02158,0.02159,0.02155,0.02155,265162.0,1762378199999999,5719.73832,127,36120.0,779.60866,0
1762378200000000,0.02156,0.02161,0.02156,0.02161,563438.0,1762379099999999,12162.65098,109,307443.0,6632.09837,0
1762379100000000,0.02162,0.02164,0.0216,0.02163,2342698.0,1762379999999999,50651.8931,487,722114.0,15616.30712,0
1762380000000000,0.02165,0.0218,0.02156,0.02162,15605140.0,1762380899999999,338206.62968,1731,7385290.0,160120.97673,0
1762380900000000,0.02163,0.02167,0.02162,0.02166,591268.0,1762381799999999,12796.88524,98,359332.0,7779.12077,0
1762381800000000,0.02166,0.0217,0.02165,0.02167,1758155.0,1762382699999999,38100.59251,343,555187.0,12031.93787,0
1762382700000000,0.02168,0.02168,0.02167,0.02167,338037.0,1762383599999999,7327.06194,87,106253.0,2303.56504,0
1762383600000000,0.02168,0.0217,0.02167,0.0217,1060650.0,1762384499999999,22999.50506,312,410156.0,8895.02777,0
1762384500000000,0.02169,0.02169,0.02167,0.02169,382919.0,1762385399999999,8302.5823,54,151871.0,3292.83216,0
1762385400000000,0.02169,0.02171,0.02168,0.02168,324054.0,1762386299999999,7028.60806,70,121581.0,2636.96141,0
1762386300000000,0.02167,0.02168,0.02166,0.02166,112266.0,1762387199999999,2432.15272,26,30801.0,667.49702,0
1762387200000000,0.02166,0.02167,0.02165,0.02167,508753.0,1762388099999999,11019.96147,56,407670.0,8831.0914,0
1762388100000000,0.02167,0.02168,0.02166,0.02168,228014.0,1762388999999999,4942.07586,54,117863.0,2554.86975,0
1762389000000000,0.02167,0.0217,0.02167,0.02169,192981.0,1762389899999999,4185.77886,50,138396.0,3002.27428,0
1762389900000000,0.0217,0.02171,0.02168,0.0217,955762.0,1762390799999999,20735.0155,190,408973.0,8875.55456,0
1762390800000000,0.02169,0.02171,0.02167,0.02171,629732.0,1762391699999999,13662.01554,205,248017.0,5381.87469,0
1762391700000000,0.02171,0.02171,0.02163,0.02164,979033.0,1762392599999999,21203.27011,242,405200.0,8768.22835,0
1762392600000000,0.02165,0.02167,0.02164,0.02164,81317.0,1762393499999999,1761.24635,22,45298.0,981.15468,0
1762393500000000,0.02164,0.02168,0.02164,0.02167,224515.0,1762394399999999,4859.63976,22,214951.0,4652.39896,0
1762394400000000,0.02166,0.02168,0.02165,0.02167,345367.0,1762395299999999,7483.94864,95,223857.0,4850.62695,0
1762395300000000,0.02167,0.02169,0.02167,0.02168,54180.0,1762396199999999,1174.61137,19,18834.0,408.32372,0
1762396200000000,0.02168,0.0217,0.02167,0.02169,816230.0,1762397099999999,17703.2944,84,283980.0,6161.8371,0
1762397100000000,0.02169,0.02172,0.02169,0.02171,856050.0,1762397999999999,18581.13535,183,145125.0,3150.64475,0
1762398000000000,0.02172,0.02174,0.02171,0.02173,2440988.0,1762398899999999,53029.03225,699,527611.0,11465.26963,0
1762398900000000,0.02173,0.02175,0.02171,0.02171,778613.0,1762399799999999,16923.4945,205,231524.0,5034.60536,0
1762399800000000,0.0217,0.0217,0.02165,0.02167,525723.0,1762400699999999,11392.36319,74,382878.0,8295.92681,0
1762400700000000,0.02167,0.02169,0.02167,0.02169,212017.0,1762401599999999,4595.02421,17,211571.0,4585.35939,0
1762401600000000,0.02169,0.02174,0.02169,0.02172,487430.0,1762402499999999,10583.37589,115,210305.0,4564.1321,0
1762402500000000,0.02172,0.02177,0.02172,0.02173,983477.0,1762403399999999,21385.3716,251,185591.0,4036.6782,0
1762403400000000,0.02173,0.02176,0.02171,0.02174,432720.0,1762404299999999,9407.06501,170,145654.0,3166.54847,0
1762404300000000,0.02175,0.02177,0.02174,0.02175,2226617.0,1762405199999999,48438.44298,346,918640.0,19988.84254,0
1762405200000000,0.02177,0.02179,0.02176,0.02177,2549031.0,1762406099999999,55500.10429,494,1026993.0,22365.30327,0
1762406100000000,0.02178,0.02178,0.02177,0.02177,173104.0,1762406999999999,3769.27278,36,79870.0,1739.5686,0
1762407000000000,0.02178,0.02178,0.02175,0.02175,579823.0,1762407899999999,12621.55381,162,125637.0,2735.47179,0
1762407900000000,0.02174,0.02174,0.0217,0.02173,721330.0,1762408799999999,15663.34135,208,549900.0,11939.87208,0
1762408800000000,0.02173,0.02184,0.02173,0.02179,4408190.0,1762409699999999,96095.53663,1031,2172491.0,47360.62494,0
1762409700000000,0.02178,0.02182,0.02178,0.0218,941268.0,1762410599999999,20515.88178,218,229060.0,4993.87438,0
1762410600000000,0.0218,0.02181,0.02176,0.02176,180508.0,1762411499999999,3931.1019,118,56124.0,1223.17907,0
1762411500000000,0.02177,0.02182,0.02177,0.02181,921769.0,1762412399999999,20094.68741,228,352870.0,7691.99523,0
1762412400000000,0.02181,0.02182,0.02179,0.02179,918981.0,1762413299999999,20039.44536,396,381940.0,8330.32624,0
1762413300000000,0.02178,0.02182,0.02172,0.0218,1929345.0,1762414199999999,41995.46249,454,1172676.0,25510.22846,0
1762414200000000,0.02181,0.02184,0.0218,0.02181,1452872.0,1762415099999999,31695.96673,375,320554.0,6994.94491,0
1762415100000000,0.0218,0.02183,0.0218,0.02183,220881.0,1762415999999999,4817.18475,96,121096.0,2641.87175,0
1762416000000000,0.02181,0.02185,0.02181,0.02183,1614058.0,1762416899999999,35236.68839,409,599951.0,13100.21893,0
1762416900000000,0.02182,0.02184,0.02181,0.02184,291432.0,1762417799999999,6360.11865,47,226442.0,4942.66855,0
1762417800000000,0.02184,0.02185,0.02183,0.02183,1030971.0,1762418699999999,22510.32335,338,213808.0,4669.64854,0
1762418700000000,0.02182,0.02182,0.02177,0.0218,376987.0,1762419599999999,8217.58699,180,269107.0,5865.58966,0
1762419600000000,0.0218,0.02204,0.0218,0.02197,27398920.0,1762420499999999,600943.94057,2215,15527858.0,340567.54414,0
1762420500000000,0.02198,0.02208,0.02198,0.02204,10779617.0,1762421399999999,237465.06176,948,5626360.0,123995.04744,0
1762421400000000,0.02205,0.02208,0.02204,0.02207,3018093.0,1762422299999999,66578.42383,386,861554.0,19010.31229,0
1762422300000000,0.02207,0.0221,0.02206,0.02209,863600.0,1762423199999999,19060.14282,282,76264.0,1683.74669,0
1762423200000000,0.02209,0.02209,0.02202,0.02206,1977246.0,1762424099999999,43607.18418,650,503517.0,11102.96941,0
1762424100000000,0.02205,0.02208,0.02204,0.02207,899273.0,1762424999999999,19842.8253,157,458839.0,10123.82173,0
1762425000000000,0.02206,0.02209,0.02206,0.02207,743765.0,1762425899999999,16415.37514,327,142448.0,3144.24658,0
1762425900000000,0.02207,0.02209,0.02207,0.02208,359729.0,1762426799999999,7942.31465,160,55749.0,1231.12932,0
1762426800000000,0.02208,0.02208,0.02201,0.02202,902277.0,1762427699999999,19897.79684,432,445035.0,9813.13636,0
1762427700000000,0.02201,0.02207,0.02198,0.02206,869754.0,1762428599999999,19140.36395,126,766703.0,16872.28521,0
1762428600000000,0.02208,0.02209,0.02207,0.02207,62650.0,1762429499999999,1383.10594,34,21659.0,478.35392,0
1762429500000000,0.02207,0.02209,0.02206,0.02207,872629.0,1762430399999999,19259.1115,150,100646.0,2222.49775,0
1762430400000000,0.02207,0.02208,0.02202,0.02205,1191613.0,1762431299999999,26271.53225,341,298432.0,6581.59488,0
1762431300000000,0.02205,0.0221,0.02203,0.0221,595714.0,1762432199999999,13138.90586,101,484869.0,10695.3922,0
1762432200000000,0.0221,0.0221,0.02202,0.02202,790875.0,1762433099999999,17456.97838,260,143049.0,3152.89488,0
1762433100000000,0.02201,0.02206,0.02201,0.02205,53177.0,1762433999999999,1171.69635,61,13663.0,301.14492,0
1762434000000000,0.02205,0.02206,0.02205,0.02205,81871.0,1762434899999999,1805.29757,27,60279.0,1329.19397,0
1762434900000000,0.02204,0.0221,0.02204,0.02208,1044582.0,1762435799999999,23070.58512,395,142568.0,3147.69128,0
1762435800000000,0.02209,0.02209,0.02208,0.02208,90602.0,1762436699999999,2000.81979,79,47507.0,1049.00229,0
1762436700000000,0.02208,0.02212,0.02208,0.02208,794680.0,1762437599999999,17559.35648,308,68635.0,1517.49046,0
1762437600000000,0.02209,0.0221,0.02203,0.02205,1071114.0,1762438499999999,23613.70394,222,811451.0,17887.61301,0
1762438500000000,0.02205,0.02206,0.02205,0.02205,343299.0,1762439399999999,7570.31527,100,50376.0,1111.27537,0
1762439400000000,0.02203,0.02207,0.02201,0.02204,1368738.0,1762440299999999,30158.81022,255,688373.0,15163.93455,0
1762440300000000,0.02204,0.0221,0.022,0.02202,1048869.0,1762441199999999,23127.76333,420,544534.0,12002.86093,0
1762441200000000,0.02202,0.02208,0.022,0.02204,1662122.0,1762442099999999,36640.4563,362,927326.0,20435.12809,0
1762442100000000,0.02205,0.0221,0.02205,0.02209,1174283.0,1762442999999999,25927.67092,310,286735.0,6329.72973,0
1762443000000000,0.02208,0.02209,0.02197,0.02201,3357314.0,1762443899999999,73930.95102,468,2633091.0,57986.81483,0
1762443900000000,0.022,0.02204,0.02198,0.02204,928705.0,1762444799999999,20430.55458,92,546655.0,12025.47958,0
1762444800000000,0.02204,0.02206,0.02201,0.02202,277816.0,1762445699999999,6122.77463,59,83639.0,1843.29488,0
1762445700000000,0.02201,0.02208,0.02199,0.02206,1114482.0,1762446599999999,24562.64438,189,456730.0,10057.05472,0
1762446600000000,0.02207,0.02207,0.02197,0.02199,2058703.0,1762447499999999,45299.82369,314,1403669.0,30874.99671,0
1762447500000000,0.02198,0.02206,0.02197,0.02198,2328218.0,1762448399999999,51248.39194,224,637325.0,14023.926,0
1762448400000000,0.02198,0.02201,0.02196,0.02198,1186872.0,1762449299999999,26086.82059,141,999059.0,21959.21694,0
1762449300000000,0.02198,0.022,0.02195,0.022,812411.0,1762450199999999,17855.0232,111,568318.0,12491.07201,0
1762450200000000,0.02199,0.022,0.02195,0.02196,354670.0,1762451099999999,7793.62761,72,245011.0,5383.4643,0
1762451100000000,0.02197,0.022,0.02197,0.022,117728.0,1762451999999999,2588.41686,30,81764.0,1797.24934,0
1762452000000000,0.02199,0.02199,0.02194,0.02196,461761.0,1762452899999999,10141.71793,101,244593.0,5371.54043,0
1762452900000000,0.02196,0.02197,0.02195,0.02195,396611.0,1762453799999999,8709.20895,75,245884.0,5400.26228,0
1762453800000000,0.02196,0.02202,0.02196,0.022,601845.0,1762454699999999,13230.71788,78,366676.0,8056.89917,0
1762454700000000,0.02199,0.02209,0.02199,0.02203,1663661.0,1762455599999999,36677.67882,164,693682.0,15297.97224,0
1762455600000000,0.02202,0.02202,0.02199,0.022,431073.0,1762456499999999,9487.39731,66,172355.0,3792.27574,0
1762456500000000,0.02201,0.02201,0.02197,0.02198,333738.0,1762457399999999,7339.09207,74,95200.0,2092.50536,0
1762457400000000,0.02197,0.02201,0.02195,0.02198,2339192.0,1762458299999999,51387.21265,292,1408880.0,30949.94454,0
1762458300000000,0.02199,0.02204,0.02198,0.02203,440556.0,1762459199999999,9700.59775,71,79586.0,1751.78107,0
1762459200000000,0.02201,0.02205,0.02199,0.022,485540.0,1762460099999999,10694.09798,60,78856.0,1737.62301,0
1762460100000000,0.022,0.022,0.02196,0.02196,198389.0,1762460999999999,4360.56535,56,76673.0,1685.72796,0
1762461000000000,0.02198,0.02198,0.02194,0.02195,907106.0,1762461899999999,19925.63835,121,546738.0,12009.68618,0
1762461900000000,0.02196,0.02199,0.02194,0.02198,568051.0,1762462799999999,12478.26862,126,326545.0,7173.11605,0
1762462800000000,0.02198,0.02199,0.02196,0.02197,71343.0,1762463699999999,1567.3475,32,1438.0,31.61175,0
1762463700000000,0.02197,0.022,0.02196,0.022,78361.0,1762464599999999,1722.40366,16,71546.0,1572.74626,0
1762464600000000,0.02199,0.022,0.02198,0.02199,111860.0,1762465499999999,2459.66519,12,44147.0,971.234,0
1762465500000000,0.02199,0.02203,0.02199,0.02201,514351.0,1762466399999999,11324.3456,89,104710.0,2304.68574,0
1762466400000000,0.02201,0.02201,0.02201,0.02201,51873.0,1762467299999999,1141.72473,7,5400.0,118.854,0
1762467300000000,0.022,0.02203,0.022,0.02203,387188.0,1762468199999999,8526.90355,64,111992.0,2465.97863,0
1762468200000000,0.02201,0.02202,0.022,0.02201,221463.0,1762469099999999,4875.24073,28,138504.0,3049.64559,0
1762469100000000,0.02201,0.02205,0.02201,0.02204,1370098.0,1762469999999999,30193.34376,263,173520.0,3824.42409,0
1762470000000000,0.02205,0.02209,0.02204,0.02207,2740026.0,1762470899999999,60446.68035,785,471745.0,10413.20447,0
1762470900000000,0.02209,0.02209,0.02204,0.02205,815456.0,1762471799999999,17993.35881,416,320863.0,7079.58976,0
1762471800000000,0.02205,0.02205,0.02199,0.02201,831706.0,1762472699999999,18311.80184,162,667287.0,14690.33966,0
1762472700000000,0.02203,0.02204,0.02201,0.02201,245988.0,1762473599999999,5418.64624,98,30409.0,669.81054,0
1762473600000000,0.02201,0.02205,0.022,0.02205,248273.0,1762474499999999,5468.87952,132,173779.0,3828.2062,0
1762474500000000,0.02205,0.02206,0.02198,0.02199,937680.0,1762475399999999,20629.77811,84,719020.0,15817.83124,0
1762475400000000,0.02199,0.02207,0.02199,0.02207,1073737.0,1762476299999999,23669.78377,252,344113.0,7572.05665,0
1762476300000000,0.02207,0.02208,0.02206,0.02206,716645.0,1762477199999999,15815.81359,220,206144.0,4550.51604,0
1762477200000000,0.02205,0.02205,0.02201,0.02201,280045.0,1762478099999999,6170.21846,95,933.0,20.56543,0
1762478100000000,0.022,0.02208,0.022,0.02207,1011741.0,1762478999999999,22308.22536,317,316235.0,6964.11093,0
1762479000000000,0.02207,0.02209,0.02202,0.02205,725199.0,1762479899999999,15982.27824,201,450611.0,9928.41025,0
1762479900000000,0.02204,0.02209,0.02201,0.02207,481409.0,1762480799999999,10615.78968,124,177466.0,3910.54718,0
1762480800000000,0.02207,0.02207,0.02205,0.02206,253116.0,1762481699999999,5585.15664,87,98054.0,2163.93503,0
1762481700000000,0.02205,0.02208,0.02205,0.02208,82953.0,1762482599999999,1829.43809,15,49890.0,1100.26344,0
1762482600000000,0.02208,0.0221,0.02208,0.02209,341770.0,1762483499999999,7547.53307,84,96572.0,2132.88566,0
1762483500000000,0.02209,0.02209,0.02207,0.02208,239177.0,1762484399999999,5281.91988,19,1663.0,36.70241,0
1762484400000000,0.02209,0.0221,0.02208,0.02208,752006.0,1762485299999999,16608.48891,197,29202.0,645.26373,0
1762485300000000,0.02209,0.02211,0.02208,0.02211,564399.0,1762486199999999,12470.59616,199,256066.0,5657.49792,0
1762486200000000,0.02211,0.02237,0.02209,0.02219,15037576.0,1762487099999999,334196.6191,3050,5995860.0,133312.24233,0
1762487100000000,0.02219,0.02219,0.02216,0.02216,246474.0,1762487999999999,5464.82342,89,187122.0,4148.54369,0
1762488000000000,0.02216,0.02225,0.02216,0.02223,2059931.0,1762488899999999,45776.3839,600,610379.0,13564.19733,0
1762488900000000,0.02224,0.02225,0.02222,0.02224,1273491.0,1762489799999999,28314.07745,387,288786.0,6421.99257,0
1762489800000000,0.02222,0.02226,0.0222,0.02224,1803401.0,1762490699999999,40107.82122,444,957832.0,21304.23993,0
1762490700000000,0.02224,0.02226,0.02224,0.02225,275234.0,1762491599999999,6122.02405,82,40694.0,905.5425,0
1762491600000000,0.02226,0.02227,0.02223,0.02225,883315.0,1762492499999999,19651.11515,260,306336.0,6815.7539,0
1762492500000000,0.02225,0.02227,0.02224,0.02227,684346.0,1762493399999999,15227.84003,200,233014.0,5186.73413,0
1762493400000000,0.02227,0.02228,0.02225,0.02228,996588.0,1762494299999999,22186.43009,305,278852.0,6210.48355,0
1762494300000000,0.02228,0.0223,0.02226,0.02228,1714356.0,1762495199999999,38189.04037,450,533152.0,11882.36736,0
1762495200000000,0.02228,0.0223,0.02227,0.02228,545425.0,1762496099999999,12154.20966,173,314261.0,7003.93851,0
1762496100000000,0.0223,0.0223,0.02225,0.02228,578092.0,1762496999999999,12878.21276,230,163311.0,3638.57076,0
1762497000000000,0.02228,0.02228,0.02225,0.02227,535563.0,1762497899999999,11925.387,287,368154.0,8198.11576,0
1762497900000000,0.02227,0.02229,0.02226,0.02228,223339.0,1762498799999999,4974.32933,133,165245.0,3680.257,0
1762498800000000,0.02227,0.02229,0.02227,0.02228,417367.0,1762499699999999,9299.63182,167,232109.0,5172.25479,0
1762499700000000,0.02228,0.02229,0.02227,0.02229,272983.0,1762500599999999,6081.60997,135,182012.0,4054.99801,0
1762500600000000,0.02229,0.02232,0.02228,0.0223,1776513.0,1762501499999999,39610.36821,600,640549.0,14286.05806,0
1762501500000000,0.0223,0.02232,0.02229,0.02231,679964.0,1762502399999999,15165.1836,175,199049.0,4439.62891,0
1762502400000000,0.02231,0.02235,0.02229,0.02233,2406874.0,1762503299999999,53717.93921,471,947147.0,21143.53827,0
1762503300000000,0.02233,0.02233,0.02231,0.02231,459212.0,1762504199999999,10248.08835,125,169835.0,3791.40148,0
1762504200000000,0.02232,0.02234,0.02231,0.02234,1211559.0,1762505099999999,27051.29044,278,396151.0,8846.37764,0
1762505100000000,0.02234,0.02234,0.02232,0.02233,146709.0,1762505999999999,3276.00498,53,83950.0,1874.90985,0
1762506000000000,0.02233,0.02234,0.02232,0.02234,189908.0,1762506899999999,4241.09247,163,132494.0,2959.06102,0
1762506900000000,0.02233,0.02235,0.02226,0.02227,1069048.0,1762507799999999,23851.48525,399,423663.0,9455.29204,0
1762507800000000,0.02226,0.02234,0.02225,0.02234,1370406.0,1762508699999999,30590.18283,469,888684.0,19838.09055,0
1762508700000000,0.02234,0.02235,0.0223,0.02232,758208.0,1762509599999999,16929.00404,277,246174.0,5497.60469,0
1762509600000000,0.02232,0.02236,0.02232,0.02233,1918327.0,1762510499999999,42862.75399,566,886170.0,19803.74377,0
1762510500000000,0.02232,0.02232,0.02228,0.02232,698295.0,1762511399999999,15572.38052,329,453584.0,10115.02232,0
1762511400000000,0.02232,0.02235,0.02231,0.02235,378229.0,1762512299999999,8448.51692,220,229530.0,5127.46079,0
1762512300000000,0.02235,0.02235,0.0223,0.02231,470629.0,1762513199999999,10511.66726,146,257504.0,5752.18082,0
1762513200000000,0.0223,0.02235,0.0223,0.02231,733695.0,1762514099999999,16386.98258,178,366457.0,8186.28357,0
1762514100000000,0.02229,0.02229,0.02221,0.02227,2672959.0,1762514999999999,59475.51437,321,1896593.0,42197.60826,0
1762515000000000,0.02227,0.0223,0.02226,0.02229,409210.0,1762515899999999,9119.11657,110,99457.0,2215.99548,0
1762515900000000,0.0223,0.02232,0.02229,0.02232,338990.0,1762516799999999,7561.74842,110,84634.0,1887.72221,0
1762516800000000,0.02232,0.02235,0.02229,0.02229,928508.0,1762517699999999,20730.35393,219,108474.0,2422.30016,0
1762517700000000,0.02229,0.02229,0.02225,0.02225,530309.0,1762518599999999,11804.52339,52,452789.0,10077.82068,0
1762518600000000,0.02225,0.02227,0.02223,0.02226,997231.0,1762519499999999,22189.99118,148,730551.0,16259.17964,0
1762519500000000,0.02225,0.02227,0.02223,0.02227,1330486.0,1762520399999999,29594.12,116,960992.0,21378.24477,0
1762520400000000,0.02226,0.0223,0.02225,0.02228,189044.0,1762521299999999,4210.50567,41,53637.0,1194.73305,0
1762521300000000,0.02228,0.02233,0.02228,0.02231,2352973.0,1762522199999999,52498.5056,420,636735.0,14207.78005,0
1762522200000000,0.02232,0.02234,0.02231,0.02231,624929.0,1762523099999999,13950.47638,199,104209.0,2326.66192,0
1762523100000000,0.02232,0.02236,0.02232,0.02236,414813.0,1762523999999999,9269.47202,110,145140.0,3243.09528,0
1762524000000000,0.02235,0.02237,0.02234,0.02235,720600.0,1762524899999999,16105.5953,213,194307.0,4344.22716,0
1762524900000000,0.02235,0.02236,0.02233,0.02236,409158.0,1762525799999999,9144.66182,208,346118.0,7735.71138,0
1762525800000000,0.02236,0.02238,0.02232,0.02238,2202268.0,1762526699999999,49227.4061,733,1155819.0,25840.34436,0
1762526700000000,0.02237,0.0224,0.02235,0.02238,2874600.0,1762527599999999,64308.09386,595,1033545.0,23129.08156,0
1762527600000000,0.02238,0.02241,0.02236,0.02238,2226724.0,1762528499999999,49846.12498,654,988299.0,22130.06726,0
1762528500000000,0.0224,0.02241,0.02235,0.02239,913976.0,1762529399999999,20461.5173,215,596163.0,13346.80673,0
1762529400000000,0.02239,0.02244,0.02236,0.0224,3069119.0,1762530299999999,68752.73541,659,1085165.0,24314.12151,0
1762530300000000,0.02238,0.02242,0.02235,0.02242,1456610.0,1762531199999999,32609.96555,452,717203.0,16063.4372,0
1762531200000000,0.02242,0.02243,0.02239,0.02243,659458.0,1762532099999999,14781.14522,206,261167.0,5855.16065,0
1762532100000000,0.02243,0.02249,0.02239,0.02247,7017115.0,1762532999999999,157432.04927,1054,2844305.0,63834.21298,0
1762533000000000,0.02248,0.02254,0.02244,0.02253,10677584.0,1762533899999999,240096.80118,1946,4662749.0,104896.98874,0
1762533900000000,0.02253,0.02256,0.0225,0.02256,4907369.0,1762534799999999,110585.69836,970,2367528.0,53367.15845,0
1762534800000000,0.02255,0.02263,0.0225,0.02262,9397605.0,1762535699999999,212204.10153,1868,4083475.0,92230.38686,0
1762535700000000,0.02262,0.0227,0.0226,0.02268,9384396.0,1762536599999999,212569.15931,1985,4146807.0,93963.08153,0
1762536600000000,0.02269,0.0228,0.02267,0.02275,11745122.0,1762537499999999,267005.82973,2756,5430073.0,123486.86738,0
1762537500000000,0.02276,0.02278,0.02275,0.02277,2080533.0,1762538399999999,47357.22321,668,1039040.0,23655.57197,0
1762538400000000,0.02277,0.02284,0.02276,0.02283,8124693.0,1762539299999999,185251.03781,1674,4044300.0,92242.35332,0
1762539300000000,0.02283,0.02292,0.0228,0.02292,11253060.0,1762540199999999,257328.84185,2985,4864164.0,111266.83949,0
1762540200000000,0.02292,0.02292,0.02283,0.02285,1013654.0,1762541099999999,23197.19438,343,555417.0,12711.64613,0
1762541100000000,0.02285,0.02287,0.02282,0.02287,1159700.0,1762541999999999,26485.01784,317,872090.0,19918.24712,0
1762542000000000,0.02287,0.02294,0.02286,0.02292,3031485.0,1762542899999999,69438.51238,643,1144459.0,26213.23748,0
1762542900000000,0.02293,0.02293,0.02288,0.02288,470507.0,1762543799999999,10774.50567,149,111680.0,2557.41209,0
1762543800000000,0.02287,0.02289,0.02286,0.02288,306733.0,1762544699999999,7013.68655,49,73952.0,1691.75978,0
1762544700000000,0.02287,0.02287,0.02283,0.02286,1402606.0,1762545599999999,32046.58953,287,696214.0,15907.61787,0
1762545600000000,0.02287,0.02308,0.02286,0.02291,9909625.0,1762546499999999,227539.58928,1312,5879921.0,135001.47738,0
1762546500000000,0.02291,0.02293,0.0229,0.02292,439602.0,1762547399999999,10073.45123,110,415506.0,9521.06205,0
1762547400000000,0.02293,0.02295,0.02293,0.02295,83330.0,1762548299999999,1911.40257,20,82305.0,1887.89932,0
1762548300000000,0.02295,0.02295,0.02292,0.02294,173943.0,1762549199999999,3989.25045,100,62979.0,1444.65506,0
1762549200000000,0.02294,0.02294,0.02286,0.02289,1341289.0,1762550099999999,30695.50482,167,468469.0,10719.87101,0
1762550100000000,0.02289,0.02292,0.02289,0.02291,366178.0,1762550999999999,8385.6567,71,313295.0,7174.32005,0
1762551000000000,0.02291,0.02291,0.02289,0.02291,173823.0,1762551899999999,3980.10788,62,63862.0,1462.64028,0
1762551900000000,0.02291,0.02294,0.02291,0.02294,222053.0,1762552799999999,5089.83979,66,208779.0,4785.53753,0
1762552800000000,0.02293,0.02296,0.02291,0.02291,214146.0,1762553699999999,4912.33145,70,115979.0,2660.67048,0
1762553700000000,0.02291,0.02292,0.0229,0.02291,185212.0,1762554599999999,4242.54275,23,62567.0,1433.48547,0
1762554600000000,0.02292,0.02294,0.02291,0.02293,283031.0,1762555499999999,6489.40774,59,61410.0,1407.64447,0
1762555500000000,0.02293,0.02294,0.02292,0.02293,37332.0,1762556399999999,856.08397,56,21594.0,495.22298,0
1762556400000000,0.02293,0.02293,0.02288,0.02288,590205.0,1762557299999999,13517.65546,66,232317.0,5322.28333,0
1762557300000000,0.02289,0.02289,0.02285,0.02287,910335.0,1762558199999999,20818.60312,117,704954.0,16122.62274,0
1762558200000000,0.02287,0.0229,0.02287,0.0229,158891.0,1762559099999999,3636.24184,31,86892.0,1988.21304,0
1762559100000000,0.02289,0.0229,0.02287,0.02287,359317.0,1762559999999999,8222.37173,61,153991.0,3523.07054,0
1762560000000000,0.02289,0.0229,0.02288,0.0229,130272.0,1762560899999999,2982.36379,22,128409.0,2939.73572,0
1762560900000000,0.0229,0.0229,0.02285,0.02287,650852.0,1762561799999999,14880.97898,82,502998.0,11498.53739,0
1762561800000000,0.02285,0.02291,0.02284,0.02291,526692.0,1762562699999999,12040.9297,60,373385.0,8536.27788,0
1762562700000000,0.02291,0.02292,0.02282,0.02283,1302585.0,1762563599999999,29771.73148,124,776146.0,17735.19998,0
1762563600000000,0.02283,0.02287,0.02283,0.02286,343322.0,1762564499999999,7842.67233,110,276842.0,6324.60115,0
1762564500000000,0.02285,0.02293,0.02285,0.02289,1142360.0,1762565399999999,26174.2917,75,433806.0,9943.29762,0
1762565400000000,0.02289,0.02292,0.02289,0.02291,960877.0,1762566299999999,22011.62707,70,301565.0,6908.42827,0
1762566300000000,0.02289,0.02289,0.02288,0.02288,159448.0,1762567199999999,3649.12409,23,111292.0,2547.30795,0
1762567200000000,0.02288,0.02296,0.02287,0.02293,2802335.0,1762568099999999,64256.2439,180,1109169.0,25425.04214,0
1762568100000000,0.02294,0.02294,0.0229,0.02291,278708.0,1762568999999999,6385.62907,14,70165.0,1609.11275,0
1762569000000000,0.02291,0.02291,0.02287,0.02288,380145.0,1762569899999999,8699.18427,64,121054.0,2770.96104,0
1762569900000000,0.02288,0.02288,0.02286,0.02286,833068.0,1762570799999999,19050.20446,37,795687.0,18195.35971,0
1762570800000000,0.02285,0.02288,0.02285,0.02288,294480.0,1762571699999999,6733.77425,18,272398.0,6229.07709,0
1762571700000000,0.02286,0.02287,0.02286,0.02286,86694.0,1762572599999999,1981.88076,5,5592.0,127.88904,0
1762572600000000,0.02286,0.02287,0.02283,0.02285,1667946.0,1762573499999999,38112.74494,165,1348983.0,30826.21569,0
1762573500000000,0.02283,0.02285,0.0228,0.0228,2570031.0,1762574399999999,58673.74054,456,2137937.0,48814.53239,0
1762574400000000,0.02281,0.02286,0.02281,0.02283,439176.0,1762575299999999,10025.10946,67,374840.0,8555.85165,0
1762575300000000,0.02283,0.02283,0.02279,0.02279,1598087.0,1762576199999999,36445.49711,210,981240.0,22378.77995,0
1762576200000000,0.02279,0.02282,0.02279,0.02281,162059.0,1762577099999999,3696.85571,51,15854.0,361.62974,0
1762577100000000,0.02283,0.02283,0.02279,0.0228,600761.0,1762577999999999,13700.16692,153,387595.0,8839.07006,0
1762578000000000,0.0228,0.02281,0.02277,0.02279,1022568.0,1762578899999999,23310.15712,185,746951.0,17029.56836,0
1762578900000000,0.02279,0.0228,0.02277,0.02278,521554.0,1762579799999999,11885.42919,53,456860.0,10411.7711,0
1762579800000000,0.02278,0.02279,0.02273,0.02277,2692258.0,1762580699999999,61299.89262,425,1800273.0,40997.66183,0
1762580700000000,0.02277,0.02277,0.02273,0.02274,1938937.0,1762581599999999,44119.8924,392,1261345.0,28703.89664,0
1762581600000000,0.02274,0.02275,0.0227,0.02272,4384426.0,1762582499999999,99646.55623,676,2621554.0,59596.36974,0
1762582500000000,0.02272,0.02273,0.02263,0.02269,3984790.0,1762583399999999,90400.97444,532,1784447.0,40503.73604,0
1762583400000000,0.02269,0.02273,0.02269,0.02273,205700.0,1762584299999999,4673.47692,18,93436.0,2121.80753,0
1762584300000000,0.02273,0.02278,0.02272,0.02276,464103.0,1762585199999999,10561.74462,149,54924.0,1249.71909,0
1762585200000000,0.02277,0.02277,0.02274,0.02275,409559.0,1762586099999999,9323.21306,55,99682.0,2269.42588,0
1762586100000000,0.02274,0.02274,0.02269,0.0227,396305.0,1762586999999999,9004.1043,83,75626.0,1719.65452,0
1762587000000000,0.02269,0.02271,0.02269,0.02269,691522.0,1762587899999999,15697.08019,98,551224.0,12512.31867,0
1762587900000000,0.02269,0.02274,0.02268,0.02274,182796.0,1762588799999999,4150.3781,69,112979.0,2566.2364,0
1762588800000000,0.02275,0.02278,0.02274,0.02277,1349403.0,1762589699999999,30718.57624,154,135924.0,3094.16905,0
1762589700000000,0.02276,0.02276,0.02271,0.02273,128917.0,1762590599999999,2930.34445,15,58055.0,1319.59015,0
1762590600000000,0.02273,0.02274,0.02271,0.02271,607027.0,1762591499999999,13791.09544,86,92205.0,2096.09137,0
1762591500000000,0.0227,0.02273,0.02269,0.02273,362127.0,1762592399999999,8223.71535,57,339568.0,7711.65969,0
1762592400000000,0.02273,0.02276,0.02273,0.02276,97166.0,1762593299999999,2210.2253,16,87147.0,1982.39324,0
1762593300000000,0.02278,0.0228,0.02276,0.02277,1264037.0,1762594199999999,28795.21275,190,156462.0,3565.88686,0
1762594200000000,0.02278,0.02278,0.02278,0.02278,6123.0,1762595099999999,139.48194,12,0.0,0.0,0
1762595100000000,0.02277,0.02279,0.02275,0.02278,416728.0,1762595999999999,9492.06685,101,133856.0,3047.61517,0
1762596000000000,0.02279,0.02279,0.02278,0.02279,25004.0,1762596899999999,569.80519,13,21645.0,493.28717,0
1762596900000000,0.02277,0.02279,0.02277,0.02277,91866.0,1762597799999999,2092.12695,53,3918.0,89.29122,0
1762597800000000,0.02277,0.02278,0.02275,0.02275,100938.0,1762598699999999,2298.13932,11,4783.0,108.83047,0
1762598700000000,0.02274,0.02277,0.0227,0.02277,988962.0,1762599599999999,22468.05277,119,485554.0,11032.60105,0
1762599600000000,0.02276,0.02279,0.02276,0.02279,98061.0,1762600499999999,2233.08286,62,53147.0,1210.82694,0
1762600500000000,0.02278,0.02279,0.02277,0.02278,105925.0,1762601399999999,2413.10256,110,29447.0,670.93697,0
1762601400000000,0.02278,0.02278,0.02274,0.02274,168236.0,1762602299999999,3829.89656,36,55598.0,1265.34734,0
1762602300000000,0.02274,0.02275,0.02273,0.02273,71765.0,1762603199999999,1631.26893,35,63289.0,1438.60945,0
1762603200000000,0.02272,0.02281,0.02272,0.02274,1612957.0,1762604099999999,36749.33804,342,506562.0,11534.34957,0
1762604100000000,0.02274,0.02279,0.02274,0.02279,169625.0,1762604999999999,3860.33875,64,143231.0,3260.13353,0
1762605000000000,0.02279,0.0228,0.02276,0.02278,380381.0,1762605899999999,8665.97078,102,101293.0,2308.10098,0
1762605900000000,0.02278,0.0228,0.02275,0.0228,252847.0,1762606799999999,5757.78553,83,185256.0,4218.99232,0
1762606800000000,0.02281,0.02281,0.02277,0.02281,258745.0,1762607699999999,5895.3753,114,194635.0,4434.844,0
1762607700000000,0.02279,0.02279,0.02276,0.02276,101741.0,1762608599999999,2317.96451,69,5339.0,121.67581,0
1762608600000000,0.02272,0.02274,0.02271,0.02272,1193125.0,1762609499999999,27116.10091,108,997334.0,22668.26446,0
1762609500000000,0.02271,0.02274,0.02269,0.02274,781713.0,1762610399999999,17756.77932,81,670014.0,15220.13033,0
1762610400000000,0.02272,0.02272,0.02265,0.0227,3489879.0,1762611299999999,79192.86178,503,2345288.0,53229.39594,0
1762611300000000,0.02268,0.0227,0.02267,0.02269,521013.0,1762612199999999,11818.48955,108,361297.0,8196.40645,0
1762612200000000,0.0227,0.02273,0.02267,0.02271,352088.0,1762613099999999,7992.23922,74,284274.0,6453.20098,0
1762613100000000,0.02272,0.02276,0.02272,0.02274,314359.0,1762613999999999,7151.06142,22,80434.0,1828.26482,0
1762614000000000,0.02275,0.02276,0.02271,0.02271,581583.0,1762614899999999,13227.46906,50,10346.0,235.3715,0
1762614900000000,0.02272,0.02273,0.02258,0.02261,8666634.0,1762615799999999,196201.60544,1776,5398914.0,122262.54957,0
1762615800000000,0.02261,0.02262,0.02259,0.02259,2118425.0,1762616699999999,47888.13919,461,1121993.0,25369.68409,0
1762616700000000,0.02259,0.02261,0.02258,0.02258,1309969.0,1762617599999999,29594.13008,261,874846.0,19766.84662,0
1762617600000000,0.02258,0.0226,0.02256,0.02259,1881381.0,1762618499999999,42489.61718,355,1306264.0,29503.38608,0
1762618500000000,0.02261,0.02261,0.02256,0.02259,1228661.0,1762619399999999,27753.21214,296,294347.0,6648.1992,0
1762619400000000,0.02257,0.02258,0.02257,0.02257,145072.0,1762620299999999,3274.75279,72,38709.0,874.04922,0
1762620300000000,0.02257,0.02259,0.02255,0.02259,880540.0,1762621199999999,19872.70399,237,502544.0,11343.2619,0
1762621200000000,0.02259,0.02262,0.02257,0.02262,399161.0,1762622099999999,9022.58748,99,77734.0,1756.31253,0
1762622100000000,0.0226,0.0226,0.02245,0.02253,11250837.0,1762622999999999,253500.64644,841,3709460.0,83515.35265,0
1762623000000000,0.02253,0.02254,0.02242,0.0225,5402212.0,1762623899999999,121446.08714,388,2307957.0,51896.43202,0
1762623900000000,0.02252,0.02253,0.02252,0.02252,56939.0,1762624799999999,1282.45796,40,49122.0,1106.41912,0
1762624800000000,0.02253,0.02256,0.02253,0.02256,258371.0,1762625699999999,5825.73553,25,40256.0,907.24998,0
1762625700000000,0.02255,0.02256,0.02249,0.0225,619600.0,1762626599999999,13950.99566,172,242350.0,5453.72622,0
1762626600000000,0.02251,0.02252,0.02249,0.0225,349597.0,1762627499999999,7866.7537,64,268338.0,6037.80595,0
1762627500000000,0.0225,0.02251,0.02248,0.0225,559637.0,1762628399999999,12590.41766,180,378652.0,8519.2287,0
1762628400000000,0.02248,0.0225,0.02248,0.0225,248199.0,1762629299999999,5582.7252,29,223845.0,5035.24728,0
1762629300000000,0.02248,0.0225,0.02246,0.02246,1517446.0,1762630199999999,34114.20006,232,1136194.0,25546.77112,0
1762630200000000,0.02247,0.02248,0.02246,0.02248,379260.0,1762631099999999,8523.11683,78,234388.0,5267.61108,0
1762631100000000,0.02248,0.02252,0.02248,0.02251,251930.0,1762631999999999,5669.011,61,42239.0,950.35082,0
1762632000000000,0.02252,0.02255,0.02251,0.02251,679882.0,1762632899999999,15320.12964,65,116864.0,2634.08991,0
1762632900000000,0.02251,0.02252,0.02247,0.02247,549984.0,1762633799999999,12376.08304,44,8945.0,201.0836,0
1762633800000000,0.02248,0.0225,0.02247,0.0225,107213.0,1762634699999999,2410.30959,11,101642.0,2285.09141,0
1762634700000000,0.0225,0.02251,0.02249,0.02251,139205.0,1762635599999999,3132.90956,36,130120.0,2928.58791,0
1762635600000000,0.0225,0.02251,0.02246,0.02249,824592.0,1762636499999999,18534.84615,134,338262.0,7602.04826,0
1762636500000000,0.02247,0.02249,0.02247,0.02249,337860.0,1762637399999999,7593.17076,47,284553.0,6395.36247,0
1762637400000000,0.0225,0.0225,0.0225,0.0225,1333.0,1762638299999999,29.9925,1,0.0,0.0,0
1762638300000000,0.02251,0.02253,0.02251,0.02253,65716.0,1762639199999999,1479.69959,37,58521.0,1317.74014,0
1762639200000000,0.02253,0.02253,0.02253,0.02253,0.0,1762640099999999,0.0,0,0.0,0.0,0
1762640100000000,0.02252,0.02253,0.02252,0.02253,15214.0,1762640999999999,342.62211,2,283.0,6.37599,0
1762641000000000,0.02252,0.02252,0.02247,0.02247,267380.0,1762641899999999,6013.93124,41,67784.0,1523.96036,0
1762641900000000,0.02247,0.02248,0.02246,0.02248,89143.0,1762642799999999,2003.25961,67,59745.0,1342.73503,0
1762642800000000,0.02248,0.02248,0.02248,0.02248,1820.0,1762643699999999,40.9136,6,1820.0,40.9136,0
1762643700000000,0.02248,0.02248,0.02246,0.02246,225762.0,1762644599999999,5072.65928,17,224226.0,5038.16072,0
1762644600000000,0.02246,0.02247,0.02246,0.02246,601315.0,1762645499999999,13507.96107,77,509150.0,11437.93517,0
1762645500000000,0.02247,0.02247,0.02245,0.02247,292427.0,1762646399999999,6568.11742,58,229875.0,5163.22968,0
1762646400000000,0.02246,0.02247,0.02246,0.02246,153229.0,1762647299999999,3441.55144,18,100472.0,2256.62922,0
1762647300000000,0.02246,0.02246,0.02244,0.02245,609996.0,1762648199999999,13694.40279,98,493541.0,11080.31242,0
1762648200000000,0.02245,0.02251,0.02245,0.02251,38030.0,1762649099999999,855.13358,20,28663.0,644.48835,0
1762649100000000,0.02251,0.02252,0.0225,0.02251,296324.0,1762649999999999,6671.63121,24,18272.0,411.41413,0
1762650000000000,0.02252,0.02253,0.0225,0.0225,589521.0,1762650899999999,13273.98617,59,139349.0,3136.47806,0
1762650900000000,0.0225,0.02254,0.0225,0.02252,865223.0,1762651799999999,19490.51064,52,370094.0,8335.79946,0
1762651800000000,0.02248,0.02248,0.02245,0.02245,234751.0,1762652699999999,5272.33207,45,222717.0,5002.07643,0
1762652700000000,0.02246,0.02247,0.02245,0.02246,160759.0,1762653599999999,3610.74632,19,76624.0,1721.09879,0
1762653600000000,0.02247,0.02247,0.02243,0.02245,813546.0,1762654499999999,18266.2824,156,689553.0,15482.26572,0
1762654500000000,0.02245,0.02247,0.02245,0.02247,89847.0,1762655399999999,2018.37271,61,75278.0,1691.23643,0
1762655400000000,0.02246,0.02246,0.02242,0.02243,2073883.0,1762656299999999,46543.49318,366,1540121.0,34565.20017,0
1762656300000000,0.02242,0.02244,0.02238,0.02241,3495315.0,1762657199999999,78339.79975,1054,2456746.0,55069.44927,0
1762657200000000,0.02239,0.02241,0.02237,0.02237,3034038.0,1762658099999999,67928.86685,791,1725410.0,38639.95309,0
1762658100000000,0.02237,0.02238,0.02234,0.02234,3592509.0,1762658999999999,80343.51276,838,2116794.0,47349.94425,0
1762659000000000,0.02235,0.02236,0.02232,0.02233,2887064.0,1762659899999999,64504.23606,723,1673197.0,37392.13233,0
1762659900000000,0.02233,0.02234,0.0223,0.02232,2180373.0,1762660799999999,48667.71263,595,1101936.0,24600.02712,0
1762660800000000,0.02231,0.02232,0.0223,0.02232,696925.0,1762661699999999,15552.3738,216,305460.0,6817.34596,0
1762661700000000,0.02233,0.02237,0.02233,0.02235,777962.0,1762662599999999,17393.05945,210,196281.0,4385.38409,0
1762662600000000,0.02235,0.02235,0.0223,0.02232,125124.0,1762663499999999,2793.88162,42,37411.0,834.65145,0
1762663500000000,0.02232,0.02235,0.02232,0.02235,106796.0,1762664399999999,2384.44635,13,80702.0,1801.57194,0
1762664400000000,0.02236,0.0224,0.02236,0.02239,585842.0,1762665299999999,13116.70027,42,52284.0,1169.64693,0
1762665300000000,0.02239,0.02239,0.02239,0.02239,4989.0,1762666199999999,111.70371,2,0.0,0.0,0
1762666200000000,0.02239,0.02239,0.02238,0.02239,101428.0,1762667099999999,2270.73272,19,0.0,0.0,0
1762667100000000,0.0224,0.02242,0.02238,0.02238,965568.0,1762667999999999,21626.98334,73,180968.0,4054.05342,0
1762668000000000,0.02238,0.02238,0.02238,0.02238,15966.0,1762668899999999,357.31908,2,0.0,0.0,0
1762668900000000,0.02239,0.02239,0.02238,0.02238,12729.0,1762669799999999,284.87725,6,223.0,4.99297,0
1762669800000000,0.02238,0.02241,0.02238,0.02241,129600.0,1762670699999999,2902.8101,11,127492.0,2855.63306,0
1762670700000000,0.0224,0.02242,0.02239,0.0224,491216.0,1762671599999999,11006.00882,45,32362.0,725.23469,0
1762671600000000,0.02239,0.02241,0.02239,0.0224,285541.0,1762672499999999,6397.78474,80,58016.0,1300.13856,0
1762672500000000,0.02241,0.02241,0.0224,0.0224,21988.0,1762673399999999,492.61212,25,8092.0,181.34172,0
1762673400000000,0.0224,0.02242,0.0224,0.02241,59255.0,1762674299999999,1327.98965,12,45310.0,1015.55233,0
1762674300000000,0.02242,0.02242,0.02241,0.02242,37556.0,1762675199999999,841.96375,25,33379.0,748.35718,0
1762675200000000,0.02242,0.02242,0.02234,0.02237,556686.0,1762676099999999,12455.56541,36,238499.0,5328.98946,0
1762676100000000,0.02236,0.02236,0.02234,0.02236,342264.0,1762676999999999,7648.47466,68,253468.0,5663.13684,0
1762677000000000,0.02236,0.02237,0.02236,0.02237,131215.0,1762677899999999,2934.7714,48,54581.0,1220.8124,0
1762677900000000,0.02237,0.02237,0.02236,0.02236,22769.0,1762678799999999,509.3049,8,409.0,9.14933,0
1762678800000000,0.02236,0.02237,0.02236,0.02236,55218.0,1762679699999999,1234.67758,8,41271.0,922.82266,0
1762679700000000,0.02236,0.02237,0.02234,0.02234,117915.0,1762680599999999,2636.44017,52,10226.0,228.75562,0
1762680600000000,0.02234,0.02234,0.02232,0.02233,240324.0,1762681499999999,5368.59881,19,223914.0,5002.15326,0
1762681500000000,0.02233,0.02234,0.02232,0.02232,696132.0,1762682399999999,15546.64135,185,548848.0,12258.14577,0
1762682400000000,0.02232,0.02234,0.02231,0.02232,611039.0,1762683299999999,13642.24965,92,479700.0,10710.79562,0
1762683300000000,0.02233,0.02234,0.02233,0.02233,74948.0,1762684199999999,1673.78082,11,72171.0,1611.77041,0
1762684200000000,0.02232,0.02232,0.02232,0.02232,1267.0,1762685099999999,28.27944,2,0.0,0.0,0
1762685100000000,0.02233,0.02237,0.02233,0.02236,204833.0,1762685999999999,4575.62517,23,183177.0,4091.40802,0
1762686000000000,0.02238,0.02241,0.02238,0.0224,493548.0,1762686899999999,11052.37814,53,112568.0,2520.78191,0
1762686900000000,0.0224,0.02241,0.02238,0.0224,1085435.0,1762687799999999,24315.79477,60,157974.0,3539.16324,0
1762687800000000,0.02241,0.02241,0.0224,0.0224,71802.0,1762688699999999,1608.53874,6,26620.0,596.46194,0
1762688700000000,0.0224,0.02241,0.02238,0.02239,87297.0,1762689599999999,1955.56174,33,58436.0,1309.08082,0
1762689600000000,0.02239,0.02241,0.02239,0.02239,427509.0,1762690499999999,9575.90855,41,67082.0,1502.24075,0
1762690500000000,0.0224,0.02241,0.02239,0.0224,243524.0,1762691399999999,5456.28837,78,36021.0,807.22056,0
1762691400000000,0.02239,0.02239,0.02239,0.02239,6209.0,1762692299999999,139.01951,4,0.0,0.0,0
1762692300000000,0.02241,0.02242,0.02241,0.02242,52622.0,1762693199999999,1179.76419,10,52622.0,1179.76419,0
1762693200000000,0.02242,0.02242,0.02241,0.02241,320399.0,1762694099999999,7181.75232,83,18322.0,410.77924,0
1762694100000000,0.02242,0.02242,0.02241,0.02242,33148.0,1762694999999999,742.97381,7,12713.0,285.02546,0
1762695000000000,0.02241,0.02242,0.0224,0.02242,317055.0,1762695899999999,7107.14927,104,66540.0,1491.8268,0
1762695900000000,0.02242,0.02244,0.02241,0.02243,308194.0,1762696799999999,6910.10952,63,80531.0,1805.7127,0
1762696800000000,0.02243,0.02243,0.02241,0.02241,126714.0,1762697699999999,2840.8687,23,39459.0,885.05117,0
1762697700000000,0.0224,0.02246,0.0224,0.02245,2595011.0,1762698599999999,58217.47984,557,735403.0,16499.13464,0
1762698600000000,0.02244,0.02245,0.02243,0.02244,137815.0,1762699499999999,3093.17333,112,45379.0,1018.67343,0
1762699500000000,0.02244,0.02244,0.02237,0.02239,873126.0,1762700399999999,19547.11717,190,710412.0,15902.46952,0
1762700400000000,0.02238,0.02243,0.02238,0.02243,176148.0,1762701299999999,3945.86791,32,129818.0,2908.40595,0
1762701300000000,0.02244,0.02245,0.02244,0.02244,9172.0,1762702199999999,205.85587,16,4683.0,105.12271,0
1762702200000000,0.02245,0.02245,0.02244,0.02245,267266.0,1762703099999999,5998.51113,90,44291.0,994.33295,0
1762703100000000,0.02244,0.02244,0.02239,0.0224,215513.0,1762703999999999,4829.88879,42,38110.0,853.95528,0
1762704000000000,0.0224,0.0224,0.02239,0.02239,53894.0,1762704899999999,1206.73115,10,4995.0,111.88254,0
1762704900000000,0.02238,0.02239,0.02238,0.02238,226781.0,1762705799999999,5075.65326,17,136075.0,3045.65298,0
1762705800000000,0.02237,0.02238,0.02237,0.02238,63060.0,1762706699999999,1411.27588,8,62368.0,1395.79584,0
1762706700000000,0.02238,0.02239,0.02238,0.02238,27888.0,1762707599999999,624.18162,18,6027.0,134.93244,0
1762707600000000,0.02238,0.02241,0.02236,0.02241,761780.0,1762708499999999,17046.10002,60,674090.0,15083.99973,0
1762708500000000,0.02241,0.02241,0.02237,0.02239,151105.0,1762709399999999,3384.00305,20,10670.0,238.88984,0
1762709400000000,0.02239,0.02239,0.02238,0.02238,60221.0,1762710299999999,1347.81532,21,6934.0,155.25226,0
1762710300000000,0.02239,0.0224,0.02239,0.02239,58180.0,1762711199999999,1302.67361,18,40969.0,917.31932,0
1762711200000000,0.02239,0.0224,0.02236,0.02236,381225.0,1762712099999999,8530.20882,115,262214.0,5867.18275,0
1762712100000000,0.02237,0.02238,0.02236,0.02236,79785.0,1762712999999999,1785.0952,22,67324.0,1506.46724,0
1762713000000000,0.02237,0.02239,0.02236,0.02239,77694.0,1762713899999999,1738.7495,13,69525.0,1556.02909,0
1762713900000000,0.02239,0.02245,0.02238,0.02243,587511.0,1762714799999999,13177.56717,143,203816.0,4569.96161,0
1762714800000000,0.02243,0.02244,0.02242,0.02243,77608.0,1762715699999999,1740.61098,64,2749.0,61.68756,0
1762715700000000,0.02244,0.02248,0.02243,0.02245,1001846.0,1762716599999999,22498.72,240,246463.0,5537.124,0
1762716600000000,0.02246,0.02246,0.02243,0.02243,333739.0,1762717499999999,7492.75591,108,6998.0,157.07324,0
1762717500000000,0.02246,0.02247,0.02245,0.02245,429839.0,1762718399999999,9652.41645,229,67183.0,1508.94889,0
1762718400000000,0.02245,0.02245,0.02239,0.02239,295738.0,1762719299999999,6631.03671,125,69500.0,1558.2755,0
1762719300000000,0.02239,0.0224,0.02239,0.0224,5553.0,1762720199999999,124.34302,4,1135.0,25.424,0
1762720200000000,0.0224,0.02241,0.02238,0.02238,341394.0,1762721099999999,7645.8214,132,62942.0,1409.84128,0
1762721100000000,0.02238,0.0224,0.02237,0.02238,643457.0,1762721999999999,14404.73871,134,523684.0,11723.52359,0
1762722000000000,0.02237,0.02239,0.02237,0.02238,342950.0,1762722899999999,7676.66123,98,233786.0,5233.72744,0
1762722900000000,0.02239,0.02241,0.02239,0.0224,114573.0,1762723799999999,2566.58024,60,59139.0,1324.86314,0
1762723800000000,0.0224,0.02246,0.0224,0.02244,506407.0,1762724699999999,11364.8264,122,168639.0,3784.63815,0
1762724700000000,0.02245,0.02245,0.02241,0.02241,109131.0,1762725599999999,2447.34039,115,13421.0,301.25685,0
1762725600000000,0.02242,0.02242,0.02237,0.02238,499346.0,1762726499999999,11178.78633,147,228428.0,5113.01355,0
1762726500000000,0.02237,0.0224,0.02237,0.0224,371647.0,1762727399999999,8321.59288,56,256913.0,5752.17683,0
1762727400000000,0.02239,0.0224,0.02237,0.02237,189538.0,1762728299999999,4241.72815,145,4403.0,98.58816,0
1762728300000000,0.02238,0.02239,0.02237,0.02237,76809.0,1762729199999999,1719.06032,67,15370.0,344.1343,0
1762729200000000,0.02239,0.02243,0.02239,0.0224,475337.0,1762730099999999,10650.93904,164,245085.0,5491.65245,0
1762730100000000,0.02239,0.02239,0.02235,0.02236,886156.0,1762730999999999,19825.90217,123,661565.0,14801.84912,0
1762731000000000,0.02236,0.02237,0.02236,0.02236,68432.0,1762731899999999,1530.61623,29,11437.0,255.84569,0
1762731900000000,0.02236,0.02238,0.02236,0.02237,344984.0,1762732799999999,7718.62887,81,255348.0,5713.51098,0
1762732800000000,0.02237,0.02243,0.02235,0.02243,1775872.0,1762733699999999,39760.82358,178,1394188.0,31213.09746,0
1762733700000000,0.02243,0.02246,0.02241,0.02242,1030039.0,1762734599999999,23112.99679,198,32373.0,726.2938,0
1762734600000000,0.02242,0.02246,0.02242,0.02243,642701.0,1762735499999999,14423.05799,121,94681.0,2125.13185,0
1762735500000000,0.02243,0.02247,0.02243,0.02243,1459705.0,1762736399999999,32769.48371,333,176984.0,3974.6768,0
1762736400000000,0.02243,0.02246,0.02241,0.02245,731477.0,1762737299999999,16413.71978,331,255265.0,5724.31845,0
1762737300000000,0.02245,0.02265,0.02244,0.02248,8183760.0,1762738199999999,184350.1391,950,4309008.0,97127.48215,0
1762738200000000,0.02248,0.0225,0.02241,0.02243,1537444.0,1762739099999999,34507.04506,172,412775.0,9264.82203,0
1762739100000000,0.02243,0.02247,0.02242,0.02243,856844.0,1762739999999999,19226.11108,120,769258.0,17260.93787,0
1762740000000000,0.02243,0.02243,0.02242,0.02243,129622.0,1762740899999999,2907.41258,10,118687.0,2662.14941,0
1762740900000000,0.02243,0.02243,0.02243,0.02243,514.0,1762741799999999,11.52902,1,514.0,11.52902,0
1762741800000000,0.02242,0.02244,0.02242,0.02243,825087.0,1762742699999999,18501.60174,66,778173.0,17449.78986,0
1762742700000000,0.02242,0.02244,0.02241,0.02244,373961.0,1762743599999999,8383.84788,83,316257.0,7090.68529,0
1762743600000000,0.02245,0.02246,0.02245,0.02245,167965.0,1762744499999999,3772.35619,16,50964.0,1144.65144,0
1762744500000000,0.02247,0.02249,0.02247,0.02247,81967.0,1762745399999999,1842.56607,12,81155.0,1824.32043,0
1762745400000000,0.02247,0.02249,0.02247,0.02248,57871.0,1762746299999999,1301.38739,7,45798.0,1029.98943,0
1762746300000000,0.02248,0.0225,0.02246,0.02247,732437.0,1762747199999999,16467.56003,61,111163.0,2499.50108,0
1762747200000000,0.02246,0.02251,0.02246,0.0225,508388.0,1762748099999999,11434.97675,38,260179.0,5851.7029,0
1762748100000000,0.02249,0.0225,0.02247,0.02249,283057.0,1762748999999999,6366.94964,59,4582.0,103.03286,0
1762749000000000,0.0225,0.02269,0.02248,0.02261,20115216.0,1762749899999999,454328.08963,1194,11878204.0,268289.56373,0
1762749900000000,0.0226,0.02261,0.02257,0.02257,463916.0,1762750799999999,10482.35455,80,5304.0,119.8962,0
1762750800000000,0.02257,0.02263,0.02257,0.0226,974744.0,1762751699999999,22032.64822,146,221974.0,5018.44539,0
1762751700000000,0.02261,0.02262,0.02261,0.02262,47667.0,1762752599999999,1077.78776,7,47667.0,1077.78776,0
1762752600000000,0.02262,0.02262,0.0226,0.0226,515973.0,1762753499999999,11667.07418,119,19830.0,448.5546,0
1762753500000000,0.02261,0.02262,0.02259,0.0226,317808.0,1762754399999999,7182.36636,155,37258.0,842.08571,0
1762754400000000,0.0226,0.02263,0.0226,0.02261,411694.0,1762755299999999,9310.37124,130,251961.0,5697.37421,0
1762755300000000,0.02262,0.02265,0.02262,0.02264,514075.0,1762756199999999,11633.98969,98,244805.0,5540.0365,0
1762756200000000,0.02263,0.02265,0.02262,0.02264,858829.0,1762757099999999,19436.54607,151,182830.0,4139.07011,0
1762757100000000,0.02264,0.02265,0.02262,0.02262,139859.0,1762757999999999,3165.64437,64,20689.0,468.58401,0
1762758000000000,0.02263,0.02263,0.0226,0.02261,203881.0,1762758899999999,4609.03301,21,170958.0,3864.32209,0
1762758900000000,0.0226,0.0226,0.02255,0.02256,922219.0,1762759799999999,20807.32264,152,717328.0,16184.36091,0
1762759800000000,0.02256,0.02256,0.02255,0.02256,1474734.0,1762760699999999,33266.94182,56,916174.0,20665.90308,0
1762760700000000,0.02256,0.02256,0.02254,0.02256,1605457.0,1762761599999999,36203.06437,49,1423369.0,32097.0836,0
1762761600000000,0.02256,0.02258,0.02254,0.02254,1090523.0,1762762499999999,24598.69256,148,237864.0,5364.0596,0
1762762500000000,0.02254,0.02255,0.02253,0.02253,1240066.0,1762763399999999,27945.73225,163,532000.0,11990.74504,0
1762763400000000,0.02254,0.02255,0.02252,0.02253,1010441.0,1762764299999999,22767.96195,106,671146.0,15125.45506,0
1762764300000000,0.02254,0.02259,0.02254,0.02257,398550.0,1762765199999999,8995.07996,171,195640.0,4414.89271,0
1762765200000000,0.02258,0.02264,0.02258,0.0226,1179764.0,1762766099999999,26671.73889,215,266359.0,6021.52979,0
1762766100000000,0.02261,0.02263,0.0226,0.02262,433727.0,1762766999999999,9806.74815,133,172803.0,3907.85616,0
1762767000000000,0.02261,0.02261,0.02243,0.0225,11199553.0,1762767899999999,252042.28915,874,3653566.0,82214.72903,0
1762767900000000,0.0225,0.02257,0.02248,0.02254,1929131.0,1762768799999999,43472.8961,232,975521.0,21969.16966,0
1762768800000000,0.02255,0.02256,0.0225,0.0225,2160618.0,1762769699999999,48641.53786,146,909853.0,20480.29763,0
1762769700000000,0.0225,0.0225,0.02247,0.02248,1104378.0,1762770599999999,24839.46389,82,728659.0,16390.14406,0
1762770600000000,0.0225,0.0225,0.02248,0.0225,428119.0,1762771499999999,9629.32334,35,350170.0,7876.38894,0
1762771500000000,0.0225,0.02251,0.02247,0.02248,388061.0,1762772399999999,8729.21134,98,224855.0,5057.50138,0
1762772400000000,0.02248,0.02249,0.02248,0.02249,18237.0,1762773299999999,410.0418,20,0.0,0.0,0
1762773300000000,0.0225,0.0225,0.02248,0.0225,27322.0,1762774199999999,614.49288,9,24858.0,559.0925,0
1762774200000000,0.02249,0.02249,0.02247,0.02248,383848.0,1762775099999999,8627.83123,41,223504.0,5024.58919,0
1762775100000000,0.0225,0.02251,0.02246,0.02246,261712.0,1762775999999999,5885.41885,114,10253.0,230.71978,0
1762776000000000,0.02248,0.02248,0.02246,0.02247,257967.0,1762776899999999,5798.47616,20,235608.0,5296.17624,0
1762776900000000,0.02247,0.02248,0.02247,0.02247,44901.0,1762777799999999,1009.27056,26,34509.0,775.76232,0
1762777800000000,0.02248,0.02248,0.02248,0.02248,173678.0,1762778699999999,3904.28144,17,122566.0,2755.28368,0
1762778700000000,0.02248,0.02248,0.02243,0.02246,1871383.0,1762779599999999,42032.25766,185,1308068.0,29383.49905,0
1762779600000000,0.02247,0.02253,0.02247,0.02252,341104.0,1762780499999999,7681.00773,111,55954.0,1257.98201,0
1762780500000000,0.02253,0.02254,0.02252,0.02252,315394.0,1762781399999999,7106.56192,84,47867.0,1078.92218,0
1762781400000000,0.02253,0.02254,0.02252,0.02252,128858.0,1762782299999999,2903.01826,61,6142.0,138.44068,0
1762782300000000,0.02252,0.02253,0.02248,0.02248,128670.0,1762783199999999,2896.54965,123,1231.0,27.72098,0
1762783200000000,0.02247,0.02248,0.02244,0.02245,1495121.0,1762784099999999,33567.86306,201,698286.0,15680.69597,0
1762784100000000,0.02245,0.02246,0.02243,0.02244,1511936.0,1762784999999999,33935.16951,227,926629.0,20801.20496,0
1762785000000000,0.02243,0.02262,0.02242,0.02255,15721499.0,1762785899999999,354369.95922,1170,10802702.0,243449.52307,0
1762785900000000,0.02256,0.02256,0.02244,0.02248,1257387.0,1762786799999999,28266.4755,365,877369.0,19713.5591,0
1762786800000000,0.02248,0.02255,0.02248,0.02254,558150.0,1762787699999999,12576.7485,114,136882.0,3081.65522,0
1762787700000000,0.02254,0.02256,0.02253,0.02254,578800.0,1762788599999999,13050.34046,43,81364.0,1834.81291,0
1762788600000000,0.02255,0.02255,0.02253,0.02254,75567.0,1762789499999999,1703.21991,16,15729.0,354.60087,0
1762789500000000,0.02255,0.02255,0.02243,0.0225,4124766.0,1762790399999999,92727.82535,382,1209288.0,27187.06935,0
1762790400000000,0.0225,0.02251,0.02247,0.02251,544410.0,1762791299999999,12240.96335,108,291957.0,6564.38122,0
1762791300000000,0.02251,0.02251,0.0225,0.02251,79037.0,1762792199999999,1778.87293,7,1248.0,28.09248,0
1762792200000000,0.02251,0.02251,0.02244,0.02247,1374212.0,1762793099999999,30892.84578,152,657420.0,14777.69097,0
1762793100000000,0.02247,0.02249,0.02243,0.02248,1634760.0,1762793999999999,36717.36383,296,1246054.0,27984.35753,0
1762794000000000,0.02248,0.02253,0.02248,0.02252,796313.0,1762794899999999,17930.09114,141,194747.0,4382.73179,0
1762794900000000,0.02252,0.02255,0.02252,0.02253,634740.0,1762795799999999,14300.52988,34,12170.0,274.42029,0
1762795800000000,0.02252,0.02252,0.02252,0.02252,674.0,1762796699999999,15.17848,2,0.0,0.0,0
1762796700000000,0.02254,0.02258,0.0225,0.02252,2108633.0,1762797599999999,47543.77995,505,394451.0,8894.5031,0
1762797600000000,0.02251,0.02251,0.02247,0.02248,232867.0,1762798499999999,5238.42801,95,24018.0,540.3069,0
1762798500000000,0.02248,0.02253,0.02248,0.02253,485375.0,1762799399999999,10919.36538,79,453632.0,10205.62431,0
1762799400000000,0.02252,0.02253,0.02252,0.02252,63264.0,1762800299999999,1424.87732,17,17204.0,387.60612,0
1762800300000000,0.02252,0.02252,0.02246,0.02247,1011679.0,1762801199999999,22743.08759,214,499977.0,11239.41179,0
1762801200000000,0.02247,0.0225,0.02247,0.02249,315651.0,1762802099999999,7097.28148,48,213483.0,4800.71782,0
1762802100000000,0.0225,0.02251,0.0225,0.0225,55751.0,1762802999999999,1254.44665,23,9438.0,212.40415,0
1762803000000000,0.0225,0.02253,0.02249,0.02251,635572.0,1762803899999999,14311.82034,126,545926.0,12293.96928,0
1762803900000000,0.02253,0.02254,0.0225,0.0225,265304.0,1762804799999999,5974.81893,205,51313.0,1156.33012,0
1762804800000000,0.0225,0.02252,0.02249,0.02252,186077.0,1762805699999999,4186.93549,55,100091.0,2252.56178,0
1762805700000000,0.02252,0.02252,0.02249,0.02251,161393.0,1762806599999999,3631.84369,107,12134.0,273.13634,0
1762806600000000,0.02249,0.0225,0.02248,0.0225,145975.0,1762807499999999,3282.80333,34,46730.0,1050.95992,0
1762807500000000,0.0225,0.0225,0.02246,0.02249,517439.0,1762808399999999,11630.30713,187,330762.0,7435.10753,0
1762808400000000,0.02249,0.02249,0.02245,0.02247,922259.0,1762809299999999,20730.17845,170,571804.0,12853.41298,0
1762809300000000,0.02247,0.02247,0.02246,0.02246,178460.0,1762810199999999,4009.04931,128,1755.0,39.43485,0
1762810200000000,0.02246,0.02249,0.02245,0.02249,411638.0,1762811099999999,9250.25307,152,298739.0,6712.05771,0
1762811100000000,0.02249,0.02252,0.02246,0.02248,790979.0,1762811999999999,17791.08342,426,466043.0,10482.98833,0
1762812000000000,0.02248,0.02248,0.02246,0.02246,115646.0,1762812899999999,2598.57819,74,15908.0,357.61184,0
1762812900000000,0.02246,0.02247,0.02245,0.02246,325234.0,1762813799999999,7306.56981,130,269258.0,6049.37792,0
1762813800000000,0.02246,0.02249,0.02245,0.02246,597137.0,1762814699999999,13417.51508,93,312926.0,7030.65378,0
1762814700000000,0.02245,0.02256,0.02245,0.02253,1436021.0,1762815599999999,32345.40212,430,635095.0,14305.07055,0
1762815600000000,0.02253,0.02253,0.02248,0.02248,404822.0,1762816499999999,9108.36187,245,106111.0,2388.50135,0
1762816500000000,0.02248,0.02248,0.02247,0.02247,193807.0,1762817399999999,4356.48134,33,11717.0,263.3958,0
1762817400000000,0.02246,0.02249,0.02245,0.02249,853776.0,1762818299999999,19179.00125,81,763332.0,17148.05953,0
1762818300000000,0.02249,0.02252,0.02249,0.02251,59116.0,1762819199999999,1330.23858,31,47400.0,1066.51142,0
1762819200000000,0.02251,0.02254,0.02251,0.02252,271712.0,1762820099999999,6121.00994,31,9790.0,220.5311,0
1762820100000000,0.02252,0.02255,0.02249,0.02249,628177.0,1762820999999999,14148.32848,89,144143.0,3247.7799,0
1762821000000000,0.02247,0.02247,0.02238,0.02243,6129358.0,1762821899999999,137541.3959,509,2690301.0,60384.73191,0
1762821900000000,0.02244,0.02247,0.02243,0.02244,601200.0,1762822799999999,13495.92036,213,318158.0,7142.2916,0
1762822800000000,0.02244,0.02246,0.02243,0.02244,268192.0,1762823699999999,6021.0892,35,137732.0,3092.37728,0
1762823700000000,0.02245,0.02252,0.02245,0.02247,921625.0,1762824599999999,20732.08882,126,282042.0,6339.12995,0
1762824600000000,0.02247,0.02247,0.02243,0.02243,459892.0,1762825499999999,10323.386,83,242987.0,5454.34785,0
1762825500000000,0.02244,0.02247,0.02244,0.02245,486692.0,1762826399999999,10929.93586,54,64551.0,1449.46576,0
1762826400000000,0.02244,0.0225,0.02242,0.02248,807628.0,1762827299999999,18128.69986,199,541088.0,12144.63813,0
1762827300000000,0.02247,0.02248,0.02247,0.02247,177863.0,1762828199999999,3996.58594,22,1548.0,34.78789,0
1762828200000000,0.02248,0.02254,0.02248,0.02251,1153156.0,1762829099999999,25963.34028,151,317011.0,7137.2994,0
1762829100000000,0.02251,0.02251,0.02248,0.02249,199617.0,1762829999999999,4492.07141,23,107928.0,2429.45928,0
1762830000000000,0.0225,0.02253,0.0225,0.02252,308589.0,1762830899999999,6948.82737,22,85581.0,1926.26984,0
1762830900000000,0.02253,0.02253,0.02251,0.02253,29587.0,1762831799999999,666.45787,4,22725.0,511.99425,0
1762831800000000,0.02252,0.02254,0.02251,0.02251,326490.0,1762832699999999,7354.07641,75,34811.0,784.28721,0
1762832700000000,0.02249,0.02249,0.02249,0.02249,34046.0,1762833599999999,765.69454,3,34046.0,765.69454,0
1762833600000000,0.02249,0.02254,0.02248,0.02248,666161.0,1762834499999999,15002.03858,122,158515.0,3568.46351,0
1762834500000000,0.0225,0.02252,0.0225,0.02251,149045.0,1762835399999999,3354.25904,62,58722.0,1321.53261,0
1762835400000000,0.02251,0.02251,0.02248,0.02248,90307.0,1762836299999999,2031.18043,12,1675.0,37.70425,0
1762836300000000,0.02248,0.02248,0.02245,0.02245,395466.0,1762837199999999,8884.80974,34,291941.0,6558.94672,0
1762837200000000,0.02245,0.02247,0.02244,0.02247,1174716.0,1762838099999999,26378.44347,153,1025352.0,23024.98615,0
1762838100000000,0.02245,0.02246,0.02244,0.02246,313998.0,1762838999999999,7049.87496,37,263484.0,5915.85945,0
1762839000000000,0.02246,0.02247,0.02246,0.02246,38025.0,1762839899999999,854.35318,6,31168.0,700.34496,0
1762839900000000,0.02248,0.02251,0.02247,0.02249,100427.0,1762840799999999,2258.96934,19,85742.0,1928.77823,0
1762840800000000,0.02248,0.02248,0.02242,0.02244,1132261.0,1762841699999999,25411.1265,180,702194.0,15757.00611,0
1762841700000000,0.02244,0.02245,0.02244,0.02245,96384.0,1762842599999999,2163.50724,11,30748.0,690.2926,0
1762842600000000,0.02245,0.02247,0.02245,0.02247,39694.0,1762843499999999,891.45412,8,31621.0,710.21527,0
1762843500000000,0.02247,0.02247,0.02243,0.02244,143955.0,1762844399999999,3231.19572,29,0.0,0.0,0
1762844400000000,0.02245,0.02248,0.02244,0.02247,184564.0,1762845299999999,4143.66089,19,73237.0,1644.8425,0
1762845300000000,0.02246,0.02246,0.0224,0.02243,1291684.0,1762846199999999,28969.12882,274,950276.0,21308.18206,0
1762846200000000,0.02245,0.02246,0.02245,0.02245,99521.0,1762847099999999,2234.55547,10,29538.0,663.1281,0
1762847100000000,0.02245,0.02245,0.02242,0.02244,372275.0,1762847999999999,8351.39272,109,274719.0,6162.86198,0
1762848000000000,0.02243,0.02245,0.02243,0.02244,101429.0,1762848899999999,2276.17975,17,85820.0,1926.02726,0
1762848900000000,0.02245,0.02245,0.02243,0.02243,113581.0,1762849799999999,2548.75098,14,28585.0,641.44962,0
1762849800000000,0.02243,0.02246,0.02242,0.02246,660366.0,1762850699999999,14811.63975,95,598949.0,13434.42887,0
1762850700000000,0.02247,0.0225,0.02247,0.02247,315870.0,1762851599999999,7104.56043,28,6656.0,149.59156,0
1762851600000000,0.02249,0.0225,0.02247,0.02247,677463.0,1762852499999999,15237.07867,92,48403.0,1088.55567,0
1762852500000000,0.02246,0.02247,0.02245,0.02246,131063.0,1762853399999999,2943.69362,21,17511.0,393.47217,0
1762853400000000,0.02247,0.02251,0.02247,0.0225,465007.0,1762854299999999,10462.14811,108,213255.0,4796.40104,0
1762854300000000,0.02249,0.02249,0.02247,0.02248,175874.0,1762855199999999,3953.16914,24,32386.0,727.9911,0
1762855200000000,0.02249,0.02252,0.02248,0.0225,361522.0,1762856099999999,8136.36225,43,65209.0,1466.98847,0
1762856100000000,0.02249,0.0225,0.02248,0.02249,101751.0,1762856999999999,2288.38894,16,69745.0,1568.58068,0
1762857000000000,0.02249,0.02251,0.02248,0.0225,308793.0,1762857899999999,6949.30986,97,67692.0,1523.07,0
1762857900000000,0.0225,0.0225,0.02248,0.0225,38361.0,1762858799999999,862.7089,14,222.0,4.995,0
1762858800000000,0.0225,0.0225,0.02249,0.02249,171769.0,1762859699999999,3863.45699,13,133545.0,3003.69922,0
1762859700000000,0.02249,0.02251,0.02249,0.02251,446205.0,1762860599999999,10040.81218,130,302820.0,6814.73835,0
1762860600000000,0.0225,0.0225,0.02248,0.02248,54930.0,1762861499999999,1235.53503,13,913.0,20.5425,0
1762861500000000,0.02249,0.0225,0.02246,0.02248,425929.0,1762862399999999,9573.50273,125,281548.0,6329.25089,0
1762862400000000,0.0225,0.02256,0.02248,0.02254,2401116.0,1762863299999999,54124.84396,218,1071501.0,24156.82232,0
1762863300000000,0.02254,0.02255,0.02248,0.02248,847690.0,1762864199999999,19089.93895,94,147639.0,3326.7507,0
1762864200000000,0.02248,0.02249,0.02243,0.02245,2077165.0,1762865099999999,46640.80944,204,1173730.0,26357.18164,0
1762865100000000,0.02245,0.02251,0.02245,0.02248,322920.0,1762865999999999,7263.30785,45,292224.0,6573.21916,0
1762866000000000,0.0225,0.02253,0.02246,0.02247,1400572.0,1762866899999999,31516.01057,162,451590.0,10159.6576,0
1762866900000000,0.02247,0.02247,0.02244,0.02245,837208.0,1762867799999999,18800.79728,111,541765.0,12167.29422,0
1762867800000000,0.02245,0.02247,0.02245,0.02247,28423.0,1762868699999999,638.53516,7,21807.0,490.00329,0
1762868700000000,0.02248,0.02249,0.02243,0.02248,431245.0,1762869599999999,9688.99925,73,268453.0,6032.0478,0
1762869600000000,0.02249,0.02249,0.02247,0.02247,193924.0,1762870499999999,4359.40786,44,6597.0,148.30726,0
1762870500000000,0.02249,0.02254,0.02248,0.02249,1142906.0,1762871399999999,25730.46547,213,115464.0,2599.83378,0
1762871400000000,0.02247,0.02248,0.02245,0.02247,505420.0,1762872299999999,11350.80089,73,283886.0,6375.31296,0
1762872300000000,0.02246,0.02253,0.02242,0.02252,1281606.0,1762873199999999,28784.56857,228,868635.0,19499.47017,0
1762873200000000,0.02252,0.02253,0.02245,0.02247,712218.0,1762874099999999,16017.11828,137,321503.0,7226.00644,0
1762874100000000,0.02246,0.02254,0.02246,0.02252,1567532.0,1762874999999999,35297.54718,195,707402.0,15925.09497,0
1762875000000000,0.02252,0.02252,0.02249,0.02249,326574.0,1762875899999999,7346.78468,122,824.0,18.55004,0
1762875900000000,0.02249,0.02251,0.02245,0.02251,1148060.0,1762876799999999,25792.22231,131,584660.0,13133.20481,0
1762876800000000,0.02251,0.02254,0.02251,0.02252,680504.0,1762877699999999,15328.12128,167,119839.0,2700.03556,0
1762877700000000,0.02253,0.02254,0.02242,0.02251,6234266.0,1762878599999999,140077.19482,636,2355628.0,52914.09482,0
1762878600000000,0.02249,0.0225,0.02247,0.02248,285333.0,1762879499999999,6415.72376,84,51811.0,1165.34609,0
1762879500000000,0.02248,0.02252,0.02248,0.02252,223848.0,1762880399999999,5034.99964,51,107639.0,2422.29531,0
1762880400000000,0.02253,0.02255,0.02251,0.02254,1032614.0,1762881299999999,23261.17543,170,95929.0,2161.81863,0
1762881300000000,0.02254,0.02255,0.02252,0.02254,731923.0,1762882199999999,16494.65988,93,255946.0,5769.26183,0
1762882200000000,0.02254,0.02254,0.02247,0.02248,345567.0,1762883099999999,7774.61727,176,58286.0,1310.13886,0
1762883100000000,0.02249,0.0225,0.02248,0.0225,41076.0,1762883999999999,923.92685,9,38333.0,862.2418,0
1762884000000000,0.0225,0.0225,0.02246,0.02248,383676.0,1762884899999999,8621.14513,65,265274.0,5959.43234,0
1762884900000000,0.02249,0.0225,0.02246,0.02247,364423.0,1762885799999999,8188.48692,65,250014.0,5617.86625,0
1762885800000000,0.02248,0.02257,0.02245,0.02254,3841725.0,1762886699999999,86517.88813,301,2940945.0,66229.51888,0
1762886700000000,0.02252,0.02257,0.02251,0.02251,4780151.0,1762887599999999,107803.05071,484,2864802.0,64618.48895,0
1762887600000000,0.02251,0.02251,0.02246,0.02249,548642.0,1762888499999999,12332.87938,98,330798.0,7435.17289,0
1762888500000000,0.02251,0.02255,0.0225,0.02253,344719.0,1762889399999999,7765.75352,87,282695.0,6369.07174,0
1762889400000000,0.02253,0.02253,0.02247,0.02247,710027.0,1762890299999999,15968.51047,105,277545.0,6241.02553,0
1762890300000000,0.02247,0.02249,0.02246,0.02247,353785.0,1762891199999999,7951.49922,57,235342.0,5290.14291,0
1762891200000000,0.02247,0.02249,0.02246,0.02247,582188.0,1762892099999999,13083.99935,104,477081.0,10722.48648,0
1762892100000000,0.02247,0.02248,0.02245,0.02246,627111.0,1762892999999999,14087.52337,77,230243.0,5173.89498,0
1762893000000000,0.02247,0.02247,0.02244,0.02244,1193659.0,1762893899999999,26804.87409,301,910984.0,20458.2073,0
1762893900000000,0.02244,0.02246,0.02243,0.02244,665836.0,1762894799999999,14947.15927,148,480510.0,10788.22332,0
1762894800000000,0.02244,0.02245,0.02242,0.02245,543005.0,1762895699999999,12183.78516,114,231742.0,5200.76947,0
1762895700000000,0.02246,0.02247,0.02243,0.02247,198881.0,1762896599999999,4465.73568,112,82163.0,1845.38858,0
1762896600000000,0.02248,0.02248,0.02241,0.02243,1014309.0,1762897499999999,22761.61121,127,446694.0,10022.56757,0
1762897500000000,0.02243,0.02245,0.02242,0.02244,178204.0,1762898399999999,3997.45944,82,55442.0,1243.58192,0
1762898400000000,0.02243,0.02244,0.02239,0.02243,2012912.0,1762899299999999,45130.60294,398,1184404.0,26562.25459,0
1762899300000000,0.02242,0.02245,0.0224,0.02245,786644.0,1762900199999999,17637.39713,282,480175.0,10768.77821,0
1762900200000000,0.02243,0.02243,0.0224,0.02241,863115.0,1762901099999999,19344.76895,252,516814.0,11584.64176,0
1762901100000000,0.02242,0.02244,0.0224,0.02242,366065.0,1762901999999999,8206.24236,123,81870.0,1836.34078,0
1762902000000000,0.02243,0.02245,0.02241,0.02241,360228.0,1762902899999999,8082.92193,83,127113.0,2852.61263,0
1762902900000000,0.02241,0.02246,0.02241,0.02246,124344.0,1762903799999999,2790.43366,44,123310.0,2767.24684,0
1762903800000000,0.02246,0.02246,0.02241,0.02242,156871.0,1762904699999999,3518.18248,56,6962.0,156.16544,0
1762904700000000,0.02243,0.02244,0.0224,0.02241,369786.0,1762905599999999,8292.02819,119,107425.0,2409.01978,0
1762905600000000,0.02241,0.02245,0.02238,0.02241,1138632.0,1762906499999999,25514.25452,259,691783.0,15498.10165,0
1762906500000000,0.0224,0.02241,0.02234,0.0224,2432300.0,1762907399999999,54424.97974,417,1514823.0,33899.92287,0
1762907400000000,0.02239,0.02239,0.02236,0.02239,1166474.0,1762908299999999,26100.47508,222,685015.0,15328.55476,0
1762908300000000,0.02239,0.02241,0.02238,0.02238,151217.0,1762909199999999,3386.41521,36,44547.0,998.01645,0
1762909200000000,0.02237,0.0224,0.02237,0.0224,33177.0,1762910099999999,742.83754,10,23205.0,519.75102,0
1762910100000000,0.02241,0.02246,0.02241,0.02244,751286.0,1762910999999999,16858.93181,53,69906.0,1567.9345,0
1762911000000000,0.02244,0.02246,0.02243,0.02246,474836.0,1762911899999999,10657.98058,93,197574.0,4434.29687,0
1762911900000000,0.02246,0.02246,0.02243,0.02244,570017.0,1762912799999999,12798.06996,95,10183.0,228.6614,0
1762912800000000,0.02243,0.02243,0.02242,0.02243,396266.0,1762913699999999,8885.18856,86,315505.0,7074.19485,0
1762913700000000,0.02243,0.02243,0.02242,0.02242,12263.0,1762914599999999,274.97637,4,0.0,0.0,0
1762914600000000,0.02242,0.02243,0.0224,0.0224,73704.0,1762915499999999,1652.07882,33,39500.0,885.65446,0
1762915500000000,0.02238,0.02241,0.02238,0.02241,577288.0,1762916399999999,12923.75932,141,513742.0,11501.12783,0
1762916400000000,0.02241,0.02241,0.0224,0.0224,80319.0,1762917299999999,1799.68777,43,0.0,0.0,0
1762917300000000,0.02241,0.02243,0.02241,0.02243,84104.0,1762918199999999,1885.69245,28,62392.0,1399.12405,0
1762918200000000,0.02245,0.02245,0.02244,0.02244,7125.0,1762919099999999,159.95181,2,6681.0,149.98845,0
1762919100000000,0.02245,0.02246,0.02245,0.02246,276941.0,1762919999999999,6219.11646,24,47372.0,1063.84374,0
1762920000000000,0.02246,0.02247,0.02245,0.02246,601532.0,1762920899999999,13510.65151,84,61430.0,1380.08355,0
1762920900000000,0.02247,0.02247,0.02246,0.02246,53239.0,1762921799999999,1195.94519,5,19725.0,443.22075,0
1762921800000000,0.02246,0.02246,0.02246,0.02246,57883.0,1762922699999999,1300.05218,26,25321.0,568.70966,0
1762922700000000,0.02246,0.02247,0.02245,0.02247,29511.0,1762923599999999,663.0369,6,28410.0,638.31945,0
1762923600000000,0.02247,0.02248,0.02246,0.02247,43566.0,1762924499999999,978.92419,29,11674.0,262.35364,0
1762924500000000,0.02246,0.02249,0.02246,0.02249,28376.0,1762925399999999,637.63598,34,23450.0,526.99528,0
1762925400000000,0.02248,0.02249,0.02246,0.02248,325968.0,1762926299999999,7325.26806,32,54164.0,1217.95103,0
1762926300000000,0.02247,0.02247,0.02245,0.02247,80259.0,1762927199999999,1802.89998,18,13939.0,313.18427,0
1762927200000000,0.02246,0.02247,0.02246,0.02247,55072.0,1762928099999999,1237.41029,9,20372.0,457.75884,0
1762928100000000,0.02248,0.02249,0.02233,0.02239,11079575.0,1762928999999999,247980.40056,594,4158768.0,93044.27272,0
1762929000000000,0.02237,0.02238,0.02231,0.02236,2944135.0,1762929899999999,65794.95656,196,1142959.0,25554.39381,0
1762929900000000,0.02234,0.02236,0.02231,0.02234,2363713.0,1762930799999999,52799.12688,132,1344309.0,30036.95446,0
1762930800000000,0.02233,0.02236,0.02233,0.02236,169031.0,1762931699999999,3776.93383,40,94589.0,2113.66581,0
1762931700000000,0.02235,0.02237,0.02235,0.02237,78240.0,1762932599999999,1749.74409,12,30769.0,688.30253,0
1762932600000000,0.02236,0.02237,0.02236,0.02236,149023.0,1762933499999999,3333.1456,13,110618.0,2474.4098,0
1762933500000000,0.02236,0.02236,0.02233,0.02233,598708.0,1762934399999999,13372.33487,78,482019.0,10765.56515,0
1762934400000000,0.02234,0.02234,0.02232,0.02234,253270.0,1762935299999999,5656.26589,39,233446.0,5213.70743,0
1762935300000000,0.02234,0.02236,0.02234,0.02236,43854.0,1762936199999999,980.35014,6,43452.0,971.36946,0
1762936200000000,0.02236,0.02239,0.02236,0.02237,193971.0,1762937099999999,4340.80966,26,95693.0,2141.26091,0
1762937100000000,0.02237,0.02238,0.02236,0.02236,251035.0,1762937999999999,5618.02418,85,72212.0,1616.10456,0
1762938000000000,0.02238,0.02242,0.02238,0.02242,450426.0,1762938899999999,10091.87958,100,105846.0,2371.44486,0
1762938900000000,0.02241,0.02242,0.0224,0.0224,583283.0,1762939799999999,13071.43187,81,108064.0,2422.79128,0
1762939800000000,0.0224,0.02241,0.0224,0.02241,473619.0,1762940699999999,10613.58907,135,12206.0,273.42445,0
1762940700000000,0.02241,0.02242,0.0224,0.02242,31042.0,1762941599999999,695.75404,8,30572.0,685.22604,0
1762941600000000,0.02242,0.02243,0.0224,0.02241,471927.0,1762942499999999,10579.82714,46,91017.0,2040.39038,0
1762942500000000,0.02241,0.02241,0.0224,0.0224,111985.0,1762943399999999,2508.79975,10,0.0,0.0,0
1762943400000000,0.02242,0.02243,0.02241,0.02242,329856.0,1762944299999999,7394.98315,68,65209.0,1462.21905,0
1762944300000000,0.02243,0.02243,0.02242,0.02243,244879.0,1762945199999999,5492.04393,10,21658.0,485.78894,0
1762945200000000,0.02243,0.02244,0.02242,0.02243,497822.0,1762946099999999,11162.20471,78,28769.0,645.2294,0
1762946100000000,0.02242,0.02243,0.02242,0.02242,57809.0,1762946999999999,1296.24589,13,16811.0,377.07073,0
1762947000000000,0.02242,0.02242,0.0224,0.02241,257351.0,1762947899999999,5768.51965,29,24819.0,556.19379,0
1762947900000000,0.02241,0.02241,0.02238,0.02238,243792.0,1762948799999999,5458.74056,22,17208.0,385.63128,0
1762948800000000,0.02236,0.02238,0.02235,0.02238,341480.0,1762949699999999,7634.5,47,309958.0,6929.66808,0
1762949700000000,0.02236,0.02238,0.02236,0.02238,69402.0,1762950599999999,1552.67336,33,31803.0,711.72359,0
1762950600000000,0.02237,0.02238,0.02236,0.02236,181744.0,1762951499999999,4063.98644,39,9384.0,210.00965,0
1762951500000000,0.02236,0.02237,0.02236,0.02236,64285.0,1762952399999999,1437.61976,47,11875.0,265.64375,0
1762952400000000,0.02236,0.02237,0.02236,0.02236,327626.0,1762953299999999,7325.82896,80,179569.0,4015.27444,0
1762953300000000,0.02236,0.02238,0.02234,0.02237,878423.0,1762954199999999,19640.79496,77,626257.0,14002.55443,0
1762954200000000,0.02237,0.02238,0.02237,0.02237,151606.0,1762955099999999,3392.58622,20,116000.0,2596.08,0
1762955100000000,0.02237,0.02239,0.02237,0.02239,47777.0,1762955999999999,1069.35436,13,22336.0,500.10304,0
1762956000000000,0.02238,0.02249,0.02237,0.02248,10741063.0,1762956899999999,241150.07352,632,6457675.0,144993.23685,0
1762956900000000,0.02248,0.02254,0.02247,0.02251,8893359.0,1762957799999999,200169.9367,423,4557916.0,102613.30437,0
1762957800000000,0.02251,0.02251,0.02245,0.02246,142789.0,1762958699999999,3211.43221,36,53215.0,1196.66343,0
1762958700000000,0.02246,0.02246,0.0224,0.02244,2884944.0,1762959599999999,64712.68435,319,2426782.0,54435.97766,0
1762959600000000,0.02245,0.0225,0.02244,0.02247,558640.0,1762960499999999,12557.56438,38,180909.0,4065.63681,0
1762960500000000,0.02246,0.02247,0.02244,0.02244,110296.0,1762961399999999,2475.88113,31,16461.0,369.59222,0
1762961400000000,0.02245,0.02247,0.02241,0.02242,331017.0,1762962299999999,7428.54976,43,144671.0,3247.88503,0
1762962300000000,0.02243,0.02243,0.02239,0.0224,1297947.0,1762963199999999,29081.1905,133,917728.0,20564.16023,0
1762963200000000,0.02241,0.02243,0.02236,0.02239,2040564.0,1762964099999999,45683.67482,324,1299847.0,29105.67889,0
1762964100000000,0.0224,0.02242,0.02237,0.02237,430731.0,1762964999999999,9645.28193,137,140585.0,3149.20595,0
1762965000000000,0.02239,0.02244,0.02239,0.02242,500868.0,1762965899999999,11228.87227,81,107915.0,2418.46637,0
1762965900000000,0.02241,0.02241,0.02227,0.02232,10851886.0,1762966799999999,242369.61329,1050,4847365.0,108246.37773,0
1762966800000000,0.02231,0.02234,0.02229,0.02234,2130588.0,1762967699999999,47534.7223,250,758672.0,16928.94958,0
1762967700000000,0.02233,0.02235,0.02233,0.02235,175286.0,1762968599999999,3915.26801,25,6851.0,153.05134,0
1762968600000000,0.02234,0.02239,0.02232,0.02232,480594.0,1762969499999999,10750.65888,55,83294.0,1863.61101,0
1762969500000000,0.02232,0.02235,0.02231,0.02235,137629.0,1762970399999999,3072.14842,42,62770.0,1401.61607,0
1762970400000000,0.02233,0.02233,0.02233,0.02233,80114.0,1762971299999999,1788.94562,31,0.0,0.0,0
1762971300000000,0.02233,0.02235,0.02229,0.02232,1908476.0,1762972199999999,42592.51194,200,508492.0,11350.75326,0
1762972200000000,0.02231,0.02232,0.02223,0.02227,5709586.0,1762973099999999,127223.4362,354,2227249.0,49639.27515,0
1762973100000000,0.02227,0.0223,0.02226,0.02228,376811.0,1762973999999999,8396.36799,85,260581.0,5807.48237,0
1762974000000000,0.02228,0.02229,0.02225,0.02227,1313439.0,1762974899999999,29257.41368,320,710029.0,15818.91252,0
1762974900000000,0.02228,0.02228,0.02201,0.02217,13002253.0,1762975799999999,288002.38259,2922,6892545.0,152668.00586,0
1762975800000000,0.02218,0.02222,0.02201,0.02214,11942815.0,1762976699999999,263948.71984,3306,7315074.0,161709.17879,0
1762976700000000,0.02214,0.02238,0.0221,0.02218,4911111.0,1762977599999999,109158.50763,591,1562785.0,34760.97241,0
1762977600000000,0.02218,0.02219,0.02214,0.02214,820182.0,1762978499999999,18183.9884,164,413366.0,9163.86714,0
1762978500000000,0.02214,0.02221,0.02214,0.02219,487294.0,1762979399999999,10812.03385,99,225983.0,5012.68949,0
1762979400000000,0.02219,0.02222,0.02219,0.0222,1308585.0,1762980299999999,29053.88175,104,71873.0,1596.10987,0
1762980300000000,0.02221,0.02221,0.02219,0.0222,226525.0,1762981199999999,5030.60687,25,900.0,19.989,0
1762981200000000,0.0222,0.02221,0.0222,0.02221,1293.0,1762982099999999,28.70783,3,323.0,7.17383,0
1762982100000000,0.02222,0.02222,0.0222,0.0222,287404.0,1762982999999999,6381.19076,117,75484.0,1675.7495,0
1762983000000000,0.02221,0.02222,0.02219,0.02219,259587.0,1762983899999999,5765.282,99,4889.0,108.63358,0
1762983900000000,0.02219,0.02219,0.02217,0.02218,47693.0,1762984799999999,1057.88607,32,0.0,0.0,0
1762984800000000,0.02216,0.02217,0.02215,0.02216,706317.0,1762985699999999,15651.54867,40,700204.0,15516.08459,0
1762985700000000,0.02215,0.02216,0.02214,0.02216,327632.0,1762986599999999,7256.28875,22,279836.0,6197.89193,0
1762986600000000,0.02215,0.02215,0.02214,0.02214,91693.0,1762987499999999,2030.0969,9,0.0,0.0,0
1762987500000000,0.02216,0.02216,0.02214,0.02215,135381.0,1762988399999999,2997.52473,12,1058.0,23.44528,0
1762988400000000,0.02215,0.02215,0.02214,0.02214,301877.0,1762989299999999,6686.31702,46,225733.0,4999.98595,0
1762989300000000,0.02215,0.02218,0.02215,0.02218,122519.0,1762990199999999,2715.19039,15,112982.0,2503.68112,0
1762990200000000,0.02218,0.02218,0.02216,0.02216,36711.0,1762991099999999,814.05737,14,0.0,0.0,0
1762991100000000,0.02215,0.02216,0.02215,0.02216,16713.0,1762991999999999,370.35772,3,16477.0,365.13032,0
1762992000000000,0.02216,0.02216,0.02213,0.02213,257921.0,1762992899999999,5710.60926,41,240413.0,5323.02986,0
1762992900000000,0.02214,0.02218,0.02214,0.02218,22311.0,1762993799999999,494.05151,7,22022.0,487.65016,0
1762993800000000,0.02216,0.02225,0.02216,0.0222,908458.0,1762994699999999,20181.59803,108,95921.0,2130.6759,0
1762994700000000,0.02219,0.0222,0.02218,0.02218,45050.0,1762995599999999,1000.08309,17,29921.0,664.2462,0
1762995600000000,0.02215,0.02222,0.02215,0.0222,370162.0,1762996499999999,8217.97335,45,130673.0,2899.93028,0
1762996500000000,0.02221,0.02221,0.02218,0.02218,295400.0,1762997399999999,6559.50233,81,0.0,0.0,0
1762997400000000,0.02219,0.02222,0.02219,0.02221,664052.0,1762998299999999,14751.2138,159,186789.0,4147.83344,0
1762998300000000,0.02221,0.02221,0.02219,0.02219,149380.0,1762999199999999,3314.90142,11,118977.0,2640.09963,0
1762999200000000,0.02218,0.0222,0.02218,0.0222,18175.0,1763000099999999,403.31242,6,17286.0,383.5944,0
1763000100000000,0.02222,0.02222,0.02221,0.02222,305045.0,1763000999999999,6778.09446,93,8078.0,179.49316,0
1763001000000000,0.02222,0.02223,0.02222,0.02223,347838.0,1763001899999999,7730.53426,104,28677.0,637.32767,0
1763001900000000,0.02222,0.02222,0.02221,0.02221,50003.0,1763002799999999,1110.92406,24,25575.0,568.2765,0
1763002800000000,0.0222,0.0222,0.02216,0.02216,538027.0,1763003699999999,11926.85809,60,457379.0,10138.87289,0
1763003700000000,0.02216,0.02223,0.02214,0.02223,1114675.0,1763004599999999,24719.56893,166,808004.0,17909.19048,0
1763004600000000,0.02223,0.02225,0.02221,0.02222,1453657.0,1763005499999999,32306.45468,357,141559.0,3146.7872,0
1763005500000000,0.02223,0.02223,0.0222,0.02223,371590.0,1763006399999999,8258.50769,130,7883.0,175.16026,0
1763006400000000,0.02223,0.02223,0.02219,0.02222,18796.0,1763007299999999,417.5892,25,1401.0,31.11896,0
1763007300000000,0.02222,0.02223,0.0222,0.02221,336385.0,1763008199999999,7473.57087,64,89940.0,1997.8665,0
1763008200000000,0.0222,0.0222,0.02218,0.02218,17224.0,1763009099999999,382.11516,21,252.0,5.5944,0
1763009100000000,0.02218,0.0222,0.02217,0.02218,310295.0,1763009999999999,6881.10135,77,226060.0,5012.76999,0
1763010000000000,0.02218,0.0222,0.02218,0.02218,71604.0,1763010899999999,1588.83474,7,9145.0,203.019,0
1763010900000000,0.02216,0.02218,0.02215,0.02218,332978.0,1763011799999999,7381.7353,65,225529.0,4999.97793,0
1763011800000000,0.02218,0.0222,0.02217,0.0222,276158.0,1763012699999999,6129.39409,48,230214.0,5110.37742,0
1763012700000000,0.0222,0.02224,0.0222,0.02224,549943.0,1763013599999999,12227.72591,228,9377.0,208.45071,0
1763013600000000,0.02223,0.02225,0.02222,0.02225,383611.0,1763014499999999,8530.04717,111,138238.0,3073.0704,0
1763014500000000,0.02225,0.02227,0.02224,0.02225,902722.0,1763015399999999,20086.50216,302,131979.0,2938.41902,0
1763015400000000,0.02226,0.02226,0.02224,0.02225,543098.0,1763016299999999,12088.28183,235,27354.0,608.6265,0
1763016300000000,0.02225,0.02225,0.02224,0.02224,32768.0,1763017199999999,728.93679,19,0.0,0.0,0
1763017200000000,0.02223,0.02224,0.02223,0.02224,10882.0,1763018099999999,241.98588,4,7902.0,175.74048,0
1763018100000000,0.02225,0.02226,0.02224,0.02225,223520.0,1763018999999999,4975.24971,59,28561.0,635.48225,0
1763019000000000,0.02225,0.02225,0.02223,0.02225,267927.0,1763019899999999,5960.87884,56,213091.0,4741.27475,0
1763019900000000,0.02224,0.02225,0.02221,0.02222,268041.0,1763020799999999,5958.68266,42,182989.0,4068.03394,0
1763020800000000,0.02223,0.02226,0.02223,0.02226,146419.0,1763021699999999,3255.39363,14,137093.0,3047.89825,0
1763021700000000,0.02227,0.02227,0.02226,0.02226,29893.0,1763022599999999,665.5405,8,12232.0,272.40664,0
1763022600000000,0.02227,0.02228,0.02226,0.02227,478700.0,1763023499999999,10665.33294,125,1086.0,24.19375,0
1763023500000000,0.02228,0.02228,0.02226,0.02226,292317.0,1763024399999999,6511.68627,69,52336.0,1164.99936,0
1763024400000000,0.02227,0.02228,0.0222,0.02224,1094782.0,1763025299999999,24325.79643,135,983847.0,21860.49727,0
1763025300000000,0.02222,0.02223,0.02219,0.02222,1413715.0,1763026199999999,31406.78513,58,619737.0,13765.59039,0
1763026200000000,0.02223,0.02223,0.02219,0.02219,46207.0,1763027099999999,1026.2354,8,34667.0,770.03707,0
1763027100000000,0.02219,0.02234,0.02217,0.02228,5312646.0,1763027999999999,118281.04709,388,4055460.0,90258.10023,0
1763028000000000,0.02227,0.02239,0.02225,0.02237,15998514.0,1763028899999999,357180.48101,1435,7951839.0,177563.54509,0
1763028900000000,0.02237,0.02239,0.02235,0.02235,1853731.0,1763029799999999,41469.25398,327,563124.0,12601.26215,0
1763029800000000,0.02235,0.02235,0.02232,0.02233,121477.0,1763030699999999,2712.86647,28,100246.0,2238.39066,0
1763030700000000,0.02232,0.02233,0.02231,0.02231,275096.0,1763031599999999,6137.86853,51,225178.0,5023.72716,0
1763031600000000,0.02233,0.02239,0.02233,0.02238,313135.0,1763032499999999,7009.26038,24,312270.0,6989.90798,0
1763032500000000,0.02238,0.02238,0.02237,0.02237,278042.0,1763033399999999,6221.9346,73,42569.0,952.69422,0
1763033400000000,0.02238,0.02239,0.02237,0.02237,406166.0,1763034299999999,9089.00239,112,144104.0,3225.14099,0
1763034300000000,0.02239,0.0224,0.02237,0.02239,604719.0,1763035199999999,13536.69499,113,147543.0,3303.6547,0
1763035200000000,0.02237,0.02238,0.02236,0.02237,289068.0,1763036099999999,6464.48347,78,34459.0,770.85609,0
1763036100000000,0.02237,0.0224,0.02236,0.02239,390699.0,1763036999999999,8745.29268,207,59669.0,1335.57997,0
1763037000000000,0.0224,0.0224,0.02238,0.0224,415004.0,1763037899999999,9293.44957,63,185800.0,4161.61672,0
1763037900000000,0.02239,0.02243,0.02239,0.0224,2264223.0,1763038799999999,50727.96271,404,1009294.0,22615.9849,0
1763038800000000,0.02241,0.02243,0.0224,0.02242,549275.0,1763039699999999,12309.73417,116,64649.0,1449.39984,0
1763039700000000,0.02242,0.02244,0.02237,0.02237,766910.0,1763040599999999,17193.19985,183,242741.0,5443.74078,0
1763040600000000,0.02238,0.02238,0.02233,0.02237,945787.0,1763041499999999,21132.42047,120,748872.0,16731.69769,0
1763041500000000,0.02238,0.02242,0.02238,0.02242,1479662.0,1763042399999999,33161.5492,267,520240.0,11662.91049,0
1763042400000000,0.02242,0.02244,0.02241,0.02243,855900.0,1763043299999999,19195.19421,236,283952.0,6371.03303,0
1763043300000000,0.02242,0.02244,0.0224,0.02241,508253.0,1763044199999999,11395.64482,69,243751.0,5466.87779,0
1763044200000000,0.02241,0.02244,0.02237,0.0224,469802.0,1763045099999999,10528.38326,153,69042.0,1547.28491,0
1763045100000000,0.0224,0.02246,0.0224,0.02243,1831212.0,1763045999999999,41084.71007,355,346446.0,7774.18217,0
1763046000000000,0.02243,0.02245,0.02241,0.02245,630672.0,1763046899999999,14149.1486,150,109688.0,2460.57263,0
1763046900000000,0.02245,0.02245,0.0224,0.0224,210009.0,1763047799999999,4709.70651,93,66202.0,1484.39888,0
1763047800000000,0.0224,0.02241,0.02236,0.02241,810510.0,1763048699999999,18132.63944,146,506010.0,11320.79154,0
1763048700000000,0.0224,0.0224,0.02237,0.02238,186914.0,1763049599999999,4184.26838,22,122030.0,2731.91013,0
1763049600000000,0.02239,0.02242,0.02237,0.02239,237565.0,1763050499999999,5319.31121,45,135824.0,3041.7759,0
1763050500000000,0.0224,0.0224,0.02236,0.02237,714769.0,1763051399999999,15991.32936,127,568280.0,12714.42179,0
1763051400000000,0.02238,0.02238,0.02233,0.02237,1071609.0,1763052299999999,23959.65462,106,756710.0,16920.86122,0
1763052300000000,0.02238,0.02238,0.02235,0.02236,269803.0,1763053199999999,6031.27227,24,228793.0,5114.10133,0
1763053200000000,0.02234,0.02236,0.02231,0.02233,1913960.0,1763054099999999,42750.04614,228,1634454.0,36508.10328,0
1763054100000000,0.02234,0.02235,0.02231,0.02231,579953.0,1763054999999999,12949.38383,69,458075.0,10228.58469,0
1763055000000000,0.02232,0.02233,0.0223,0.0223,1360650.0,1763055899999999,30367.13196,193,1112997.0,24842.21864,0
1763055900000000,0.0223,0.02232,0.02228,0.02229,913702.0,1763056799999999,20377.26107,201,673013.0,15012.01019,0
1763056800000000,0.02227,0.0223,0.02225,0.02226,1825646.0,1763057699999999,40671.78255,413,1210472.0,26972.14563,0
1763057700000000,0.02226,0.02231,0.02224,0.02228,1841193.0,1763058599999999,41010.03897,471,996763.0,22201.8146,0
1763058600000000,0.02228,0.02231,0.02223,0.02225,1769185.0,1763059499999999,39390.36762,380,1117404.0,24881.92949,0
1763059500000000,0.02225,0.02227,0.0222,0.02226,3999286.0,1763060399999999,88903.80221,518,2060074.0,45804.09,0
1763060400000000,0.02226,0.02229,0.02224,0.02229,453491.0,1763061299999999,10094.35751,101,23719.0,528.46396,0
1763061300000000,0.02227,0.02229,0.02223,0.02229,405787.0,1763062199999999,9032.511,114,175042.0,3896.13494,0
1763062200000000,0.02229,0.0223,0.02226,0.02229,749161.0,1763063099999999,16687.89977,79,137066.0,3053.1843,0
1763063100000000,0.02229,0.02229,0.02218,0.02221,3879097.0,1763063999999999,86160.44387,526,2383642.0,52953.00719,0
1763064000000000,0.0222,0.02221,0.02214,0.02219,3402501.0,1763064899999999,75457.734,825,2326125.0,51592.31217,0
1763064900000000,0.02219,0.02219,0.02216,0.02216,1017457.0,1763065799999999,22564.08314,268,492836.0,10929.25641,0
1763065800000000,0.02219,0.02224,0.02219,0.02223,702321.0,1763066699999999,15607.10819,65,188068.0,4178.98424,0
1763066700000000,0.02221,0.02221,0.02219,0.02221,137446.0,1763067599999999,3051.3993,43,104410.0,2318.00686,0
1763067600000000,0.0222,0.02223,0.0222,0.02222,48775.0,1763068499999999,1082.97065,16,19894.0,441.77731,0
1763068500000000,0.02223,0.02226,0.02222,0.02223,1956871.0,1763069399999999,43509.4267,189,419949.0,9339.86457,0
1763069400000000,0.02224,0.02229,0.02224,0.02227,3210128.0,1763070299999999,71465.75658,224,1456621.0,32433.48034,0
1763070300000000,0.02227,0.02229,0.02226,0.02227,1023850.0,1763071199999999,22800.58507,109,107406.0,2392.36701,0
1763071200000000,0.02227,0.0223,0.02227,0.0223,2251041.0,1763072099999999,50167.00562,242,892412.0,19892.56269,0
1763072100000000,0.02229,0.02232,0.02229,0.02232,1378196.0,1763072999999999,30735.62907,139,602293.0,13436.10715,0
1763073000000000,0.02231,0.02233,0.0223,0.02231,2739490.0,1763073899999999,61133.3582,330,706927.0,15782.67616,0
1763073900000000,0.02232,0.02235,0.02232,0.02235,1036686.0,1763074799999999,23153.31534,325,330548.0,7384.57631,0
1763074800000000,0.02235,0.02236,0.02233,0.02234,1787437.0,1763075699999999,39933.97684,315,830747.0,18560.97641,0
1763075700000000,0.02236,0.02236,0.02234,0.02236,796246.0,1763076599999999,17795.08079,156,124509.0,2783.96339,0
1763076600000000,0.02236,0.0224,0.02234,0.02238,3937487.0,1763077499999999,88101.66796,839,1627928.0,36436.77593,0
1763077500000000,0.0224,0.02248,0.02237,0.02244,5445316.0,1763078399999999,122070.07198,695,2678026.0,60059.37855,0
1763078400000000,0.02244,0.02246,0.02234,0.02236,1991960.0,1763079299999999,44606.49015,219,1002303.0,22435.94969,0
1763079300000000,0.02236,0.0224,0.02234,0.0224,572557.0,1763080199999999,12803.34993,50,519625.0,11620.36589,0
1763080200000000,0.0224,0.0224,0.02236,0.02236,418238.0,1763081099999999,9364.723,105,214677.0,4807.18572,0
1763081100000000,0.02236,0.02236,0.02232,0.02233,1985366.0,1763081999999999,44353.26503,140,1632687.0,36476.77742,0
1763082000000000,0.02233,0.02234,0.02231,0.02233,1482849.0,1763082899999999,33109.71046,119,1065285.0,23785.82672,0
1763082900000000,0.02233,0.02237,0.02232,0.02235,282841.0,1763083799999999,6322.12525,39,194310.0,4343.13086,0
1763083800000000,0.02235,0.02236,0.02232,0.02232,211402.0,1763084699999999,4721.8704,22,82243.0,1837.44807,0
1763084700000000,0.02231,0.02233,0.02229,0.02232,852707.0,1763085599999999,19027.03057,73,703965.0,15709.41083,0
1763085600000000,0.02232,0.02238,0.02232,0.02237,702171.0,1763086499999999,15708.00054,139,185360.0,4144.96284,0
1763086500000000,0.02238,0.02239,0.02237,0.02238,507316.0,1763087399999999,11353.53421,95,27729.0,620.57848,0
1763087400000000,0.02239,0.02239,0.02236,0.02237,205022.0,1763088299999999,4588.20481,41,17094.0,382.72271,0
1763088300000000,0.02238,0.02239,0.02238,0.02239,300433.0,1763089199999999,6723.74497,60,76874.0,1720.49455,0
1763089200000000,0.02238,0.02238,0.02233,0.02233,195871.0,1763090099999999,4378.20981,30,43063.0,962.88469,0
1763090100000000,0.02232,0.02233,0.02232,0.02233,314728.0,1763090999999999,7026.05982,53,311086.0,6944.77038,0
1763091000000000,0.02232,0.02233,0.02231,0.02231,403750.0,1763091899999999,9011.08045,35,232710.0,5194.39854,0
1763091900000000,0.02232,0.02233,0.02229,0.0223,1487055.0,1763092799999999,33176.32077,161,1186658.0,26477.22981,0
1763092800000000,0.02232,0.02232,0.0223,0.0223,420336.0,1763093699999999,9375.92107,76,311058.0,6938.27886,0
1763093700000000,0.02231,0.02233,0.02231,0.02231,67342.0,1763094599999999,1502.77572,19,51386.0,1146.79736,0
1763094600000000,0.02231,0.02231,0.02223,0.02226,5384176.0,1763095499999999,119898.14194,906,3649039.0,81270.48514,0
1763095500000000,0.02225,0.0223,0.02225,0.02225,828021.0,1763096399999999,18447.34036,143,170054.0,3788.11803,0
1763096400000000,0.02225,0.02227,0.02223,0.02223,586286.0,1763097299999999,13043.72992,192,422959.0,9409.84145,0
1763097300000000,0.02223,0.02228,0.02223,0.02228,250578.0,1763098199999999,5575.59487,116,181746.0,4044.65472,0
1763098200000000,0.02228,0.02231,0.02228,0.0223,561545.0,1763099099999999,12518.60681,141,116336.0,2593.24094,0
1763099100000000,0.02232,0.02232,0.0223,0.02231,430901.0,1763099999999999,9612.49213,64,96633.0,2155.88718,0
1763100000000000,0.02231,0.02231,0.02227,0.02227,357480.0,1763100899999999,7964.67856,34,112077.0,2496.02684,0
1763100900000000,0.02227,0.02227,0.02224,0.02225,354906.0,1763101799999999,7896.99442,59,264454.0,5884.66994,0
1763101800000000,0.02225,0.02226,0.02221,0.02221,2709349.0,1763102699999999,60231.42767,453,1694512.0,37677.62688,0
1763102700000000,0.02223,0.02229,0.02219,0.02229,2047635.0,1763103599999999,45542.89582,432,966154.0,21477.87871,0
1763103600000000,0.02229,0.02232,0.02224,0.02227,987552.0,1763104499999999,22012.98251,118,192928.0,4299.09633,0
1763104500000000,0.02228,0.02231,0.02227,0.02229,431690.0,1763105399999999,9625.73321,55,80074.0,1785.79841,0
1763105400000000,0.02229,0.02229,0.02224,0.02227,446683.0,1763106299999999,9939.24646,45,329719.0,7335.93278,0
1763106300000000,0.0223,0.02231,0.02227,0.02228,493292.0,1763107199999999,11001.87504,42,42381.0,945.03543,0
1763107200000000,0.02228,0.02228,0.02225,0.02225,107407.0,1763108099999999,2391.52863,19,42324.0,942.13916,0
1763108100000000,0.02226,0.02232,0.02226,0.02229,562248.0,1763108999999999,12539.63344,66,193756.0,4319.76654,0
1763109000000000,0.02229,0.02229,0.02225,0.02226,123563.0,1763109899999999,2751.15543,22,0.0,0.0,0
1763109900000000,0.02227,0.02235,0.02227,0.02233,497027.0,1763110799999999,11093.0913,97,145374.0,3243.86898,0
1763110800000000,0.02232,0.02233,0.02229,0.02231,664825.0,1763111699999999,14836.97997,175,68910.0,1537.96119,0
1763111700000000,0.0223,0.02231,0.02229,0.02231,418546.0,1763112599999999,9336.49461,49,363998.0,8120.4535,0
1763112600000000,0.02231,0.02231,0.02226,0.02229,369094.0,1763113499999999,8225.15079,97,215044.0,4791.40118,0
1763113500000000,0.0223,0.02231,0.02229,0.02229,55755.0,1763114399999999,1243.0421,14,227.0,5.06437,0
1763114400000000,0.0223,0.02234,0.0223,0.02233,483873.0,1763115299999999,10806.24471,136,28334.0,632.98156,0
1763115300000000,0.02234,0.02235,0.02232,0.02234,757850.0,1763116199999999,16928.80195,125,117235.0,2618.88767,0
1763116200000000,0.02234,0.02234,0.02231,0.02233,149775.0,1763117099999999,3343.29722,91,26349.0,588.1979,0
1763117100000000,0.02233,0.02234,0.02232,0.02233,67243.0,1763117999999999,1501.43218,17,54811.0,1223.93664,0
1763118000000000,0.02233,0.02234,0.02231,0.02233,155326.0,1763118899999999,3467.16425,21,113537.0,2534.31755,0
1763118900000000,0.02232,0.02232,0.02231,0.02231,2255.0,1763119799999999,50.3245,3,1545.0,34.4844,0
1763119800000000,0.0223,0.0223,0.02226,0.02227,540091.0,1763120699999999,12031.94557,62,513544.0,11440.51527,0
1763120700000000,0.02229,0.0223,0.02228,0.02229,63688.0,1763121599999999,1419.58597,18,14323.0,319.28627,0
1763121600000000,0.02229,0.0223,0.02227,0.02229,735226.0,1763122499999999,16382.00365,56,381674.0,8503.61068,0
1763122500000000,0.02229,0.0223,0.02225,0.02229,2056740.0,1763123399999999,45808.43257,156,1638491.0,36493.78246,0
1763123400000000,0.02228,0.02229,0.02221,0.02223,2978115.0,1763124299999999,66225.34101,561,2267691.0,50429.54619,0
1763124300000000,0.02223,0.02228,0.0222,0.02226,2320654.0,1763125199999999,51601.80916,299,725829.0,16130.53663,0
1763125200000000,0.02224,0.0223,0.02221,0.02224,1719550.0,1763126099999999,38260.4257,292,928227.0,20660.17595,0
1763126100000000,0.02222,0.02223,0.02219,0.02219,905834.0,1763126999999999,20112.03889,220,499195.0,11085.64086,0
1763127000000000,0.0222,0.02222,0.02215,0.02218,2899776.0,1763127899999999,64329.24132,585,1938254.0,42998.49709,0
1763127900000000,0.02218,0.02226,0.02218,0.02222,268025.0,1763128799999999,5956.83633,100,86838.0,1929.74045,0
1763128800000000,0.02222,0.02225,0.02221,0.02222,533789.0,1763129699999999,11866.67114,119,148896.0,3310.27658,0
1763129700000000,0.02224,0.02227,0.02224,0.02226,678242.0,1763130599999999,15097.07516,61,88653.0,1972.74398,0
1763130600000000,0.02226,0.02234,0.02219,0.02229,2067832.0,1763131499999999,46053.0594,288,623608.0,13873.01105,0
1763131500000000,0.0223,0.02233,0.0223,0.0223,1609539.0,1763132399999999,35912.74533,148,401331.0,8955.0029,0
1763132400000000,0.0223,0.02232,0.02227,0.0223,151994.0,1763133299999999,3389.05683,38,81844.0,1824.66364,0
1763133300000000,0.0223,0.02234,0.02229,0.02234,827303.0,1763134199999999,18472.54681,225,104083.0,2324.04624,0
1763134200000000,0.02234,0.02235,0.02232,0.02234,141622.0,1763135099999999,3163.47396,29,93355.0,2086.10576,0
1763135100000000,0.02234,0.02236,0.02231,0.02233,2301287.0,1763135999999999,51404.04197,464,428945.0,9582.16893,0
1763136000000000,0.02233,0.02236,0.02232,0.02235,318315.0,1763136899999999,7114.14481,98,83422.0,1864.83236,0
1763136900000000,0.02236,0.02238,0.02231,0.02234,2659135.0,1763137799999999,59403.53571,374,386904.0,8651.79746,0
1763137800000000,0.02234,0.02238,0.02234,0.02237,1082155.0,1763138699999999,24199.43183,260,398686.0,8916.9745,0
1763138700000000,0.02237,0.02238,0.02236,0.02238,768166.0,1763139599999999,17184.42262,152,229922.0,5143.88879,0
1763139600000000,0.02238,0.02238,0.02237,0.02237,257822.0,1763140499999999,5767.74327,63,26513.0,593.36094,0
1763140500000000,0.02237,0.02243,0.02236,0.02239,4276080.0,1763141399999999,95768.69326,403,2598958.0,58213.40484,0
1763141400000000,0.0224,0.0224,0.02239,0.02239,70136.0,1763142299999999,1570.46877,23,12373.0,277.1552,0
1763142300000000,0.02239,0.0224,0.02228,0.0223,1588558.0,1763143199999999,35458.4226,160,1295708.0,28922.14809,0
1763143200000000,0.0223,0.02233,0.02229,0.02233,364316.0,1763144099999999,8126.05955,41,257566.0,5745.69306,0
1763144100000000,0.02233,0.02234,0.0223,0.0223,151417.0,1763144999999999,3380.65614,21,120746.0,2696.12143,0
1763145000000000,0.0223,0.02231,0.02228,0.02228,995006.0,1763145899999999,22182.08129,185,823063.0,18348.7224,0
1763145900000000,0.02228,0.0223,0.02227,0.02229,323020.0,1763146799999999,7197.76863,108,238948.0,5324.80753,0
1763146800000000,0.02228,0.02237,0.02227,0.02236,964642.0,1763147699999999,21541.69371,201,396499.0,8843.67629,0
1763147700000000,0.02237,0.02238,0.02235,0.02237,992470.0,1763148599999999,22196.77871,82,275350.0,6159.64919,0
1763148600000000,0.02237,0.02237,0.02232,0.02232,176261.0,1763149499999999,3938.88135,25,13281.0,296.73921,0
1763149500000000,0.02232,0.02235,0.02232,0.02235,61716.0,1763150399999999,1378.38134,15,59172.0,1321.54739,0
1763150400000000,0.02234,0.02234,0.02233,0.02233,37189.0,1763151299999999,830.45277,4,0.0,0.0,0
1763151300000000,0.02232,0.02232,0.0223,0.0223,29128.0,1763152199999999,649.94054,6,19307.0,430.93224,0
1763152200000000,0.02232,0.02234,0.02224,0.02228,1994734.0,1763153099999999,44437.04885,223,1699298.0,37857.61595,0
1763153100000000,0.02226,0.02227,0.02225,0.02227,99322.0,1763153999999999,2211.26265,24,44490.0,990.7923,0
1763154000000000,0.02226,0.02229,0.02224,0.02226,395029.0,1763154899999999,8792.21276,117,273421.0,6085.65147,0
1763154900000000,0.02227,0.02231,0.02225,0.02227,106103.0,1763155799999999,2364.90903,48,101434.0,2260.86716,0
1763155800000000,0.02229,0.02229,0.02229,0.02229,48768.0,1763156699999999,1087.03872,22,48768.0,1087.03872,0
1763156700000000,0.02232,0.02233,0.02231,0.02232,429966.0,1763157599999999,9596.79135,40,118248.0,2639.34647,0
1763157600000000,0.02232,0.02234,0.02232,0.02232,367289.0,1763158499999999,8201.20982,37,53782.0,1200.9507,0
1763158500000000,0.02229,0.02229,0.02229,0.02229,8063.0,1763159399999999,179.72427,3,0.0,0.0,0
1763159400000000,0.02231,0.02232,0.0223,0.0223,102836.0,1763160299999999,2294.83799,10,77183.0,1722.72456,0
1763160300000000,0.02232,0.02232,0.02227,0.02227,50365.0,1763161199999999,1123.02619,13,746.0,16.65072,0
1763161200000000,0.02227,0.02227,0.02222,0.02227,2214284.0,1763162099999999,49274.97462,494,1673957.0,37256.95175,0
1763162100000000,0.02226,0.02226,0.02223,0.02225,466247.0,1763162999999999,10373.63646,99,399400.0,8886.37831,0
1763163000000000,0.02224,0.02225,0.02222,0.02222,1096708.0,1763163899999999,24386.13192,185,743228.0,16529.33977,0
1763163900000000,0.02223,0.02223,0.02216,0.02223,2052679.0,1763164799999999,45582.89044,442,1155642.0,25671.29574,0
1763164800000000,0.02224,0.0223,0.02224,0.02229,1714299.0,1763165699999999,38209.56399,162,336509.0,7500.10658,0
1763165700000000,0.0223,0.02233,0.02229,0.02231,709871.0,1763166599999999,15834.02015,65,107971.0,2409.26559,0
1763166600000000,0.0223,0.0223,0.02228,0.02229,10334.0,1763167499999999,230.34133,17,1825.0,40.67925,0
1763167500000000,0.0223,0.02231,0.02227,0.02231,170858.0,1763168399999999,3808.13721,21,33368.0,743.7788,0
1763168400000000,0.0223,0.0223,0.02225,0.02226,261128.0,1763169299999999,5814.6885,57,91698.0,2041.60956,0
1763169300000000,0.02228,0.02229,0.02227,0.02229,52046.0,1763170199999999,1159.36987,12,30251.0,673.99522,0
1763170200000000,0.02229,0.02231,0.02229,0.0223,232402.0,1763171099999999,5184.1029,25,6397.0,142.71707,0
1763171100000000,0.02231,0.02232,0.02229,0.02229,539453.0,1763171999999999,12035.4636,110,15212.0,339.53184,0
1763172000000000,0.02229,0.02229,0.02228,0.02228,5095.0,1763172899999999,113.51962,3,0.0,0.0,0
1763172900000000,0.02228,0.02229,0.02228,0.02229,32774.0,1763173799999999,730.42844,6,32774.0,730.42844,0
1763173800000000,0.02229,0.02231,0.02226,0.02231,112639.0,1763174699999999,2509.32641,29,78488.0,1748.38115,0
1763174700000000,0.02232,0.02232,0.0223,0.02231,263639.0,1763175599999999,5883.1353,58,17549.0,391.51819,0
1763175600000000,0.02231,0.02232,0.0223,0.0223,241132.0,1763176499999999,5379.79974,23,27175.0,606.45598,0
1763176500000000,0.02232,0.02234,0.02231,0.02232,722319.0,1763177399999999,16122.44642,62,31728.0,708.42779,0
1763177400000000,0.02234,0.02234,0.02232,0.02232,256397.0,1763178299999999,5724.77962,73,896.0,20.01664,0
1763178300000000,0.02233,0.02234,0.02231,0.02233,269987.0,1763179199999999,6028.2347,82,15620.0,348.73783,0
1763179200000000,0.02232,0.02232,0.0223,0.0223,4312.0,1763180099999999,96.20736,3,401.0,8.9423,0
1763180100000000,0.02231,0.02231,0.0223,0.0223,240450.0,1763180999999999,5363.55857,28,45671.0,1018.92001,0
1763181000000000,0.0223,0.0223,0.02227,0.02227,200889.0,1763181899999999,4476.30622,60,79735.0,1776.69182,0
1763181900000000,0.02228,0.02228,0.02228,0.02228,302.0,1763182799999999,6.72856,1,302.0,6.72856,0
1763182800000000,0.02227,0.02228,0.02225,0.02226,487431.0,1763183699999999,10854.32974,45,456006.0,10154.84879,0
1763183700000000,0.02228,0.02228,0.02226,0.02226,257111.0,1763184599999999,5724.60029,24,249869.0,5563.36825,0
1763184600000000,0.02226,0.02229,0.02226,0.02227,60162.0,1763185499999999,1340.18895,17,17180.0,382.78072,0
1763185500000000,0.02229,0.0223,0.02229,0.0223,53689.0,1763186399999999,1196.94862,7,53689.0,1196.94862,0
1763186400000000,0.0223,0.0223,0.0223,0.0223,37466.0,1763187299999999,835.4918,4,33875.0,755.4125,0
1763187300000000,0.02231,0.02231,0.02229,0.0223,72290.0,1763188199999999,1611.94128,19,1610.0,35.9191,0
1763188200000000,0.02232,0.02232,0.02231,0.02231,46481.0,1763189099999999,1037.05287,10,6176.0,137.84832,0
1763189100000000,0.02229,0.02229,0.02228,0.02228,106344.0,1763189999999999,2369.85805,19,49187.0,1096.37823,0
1763190000000000,0.02228,0.02228,0.02227,0.02227,73852.0,1763190899999999,1645.42032,38,0.0,0.0,0
1763190900000000,0.02226,0.02228,0.02225,0.02228,768800.0,1763191799999999,17112.66379,97,680785.0,15153.64416,0
1763191800000000,0.02227,0.02228,0.02227,0.02228,22877.0,1763192699999999,509.59779,7,12700.0,282.956,0
1763192700000000,0.02227,0.02227,0.02226,0.02227,26623.0,1763193599999999,592.78955,7,0.0,0.0,0
1763193600000000,0.02227,0.02227,0.02225,0.02225,349573.0,1763194499999999,7783.65116,32,168614.0,3754.53422,0
1763194500000000,0.02225,0.02226,0.02223,0.02223,841596.0,1763195399999999,18721.53473,142,698807.0,15546.29881,0
1763195400000000,0.02224,0.02226,0.02224,0.02224,28465.0,1763196299999999,633.30031,9,14755.0,328.33697,0
1763196300000000,0.02223,0.02225,0.02218,0.02222,2069161.0,1763197199999999,45986.32719,358,1580140.0,35125.99171,0
1763197200000000,0.02221,0.02223,0.0222,0.02223,875038.0,1763198099999999,19442.93722,215,722465.0,16053.78515,0
1763198100000000,0.02223,0.02223,0.02221,0.02223,119424.0,1763198999999999,2653.36432,14,405.0,9.00315,0
1763199000000000,0.02224,0.02225,0.02224,0.02225,109010.0,1763199899999999,2424.78737,13,109010.0,2424.78737,0
1763199900000000,0.02224,0.02224,0.02222,0.02222,43554.0,1763200799999999,968.45614,14,0.0,0.0,0
1763200800000000,0.02222,0.02223,0.0222,0.02222,695506.0,1763201699999999,15446.55525,136,679481.0,15090.67717,0
1763201700000000,0.0222,0.02221,0.0222,0.02221,4999.0,1763202599999999,110.99252,4,1472.0,32.69312,0
1763202600000000,0.0222,0.02221,0.02219,0.02219,775019.0,1763203499999999,17202.91338,173,687144.0,15252.94881,0
1763203500000000,0.02219,0.02219,0.02218,0.02218,35859.0,1763204399999999,795.45932,17,10670.0,236.7673,0
1763204400000000,0.02218,0.02221,0.02217,0.02219,693604.0,1763205299999999,15391.04856,228,620430.0,13768.07511,0
1763205300000000,0.02218,0.02218,0.02218,0.02218,9548.0,1763206199999999,211.77464,11,9548.0,211.77464,0
1763206200000000,0.02217,0.02219,0.02215,0.02218,1873158.0,1763207099999999,41532.41178,222,1091184.0,24198.42154,0
1763207100000000,0.02217,0.02219,0.02215,0.02216,1244135.0,1763207999999999,27577.38392,225,803104.0,17805.6822,0
1763208000000000,0.02216,0.02221,0.02216,0.02221,374389.0,1763208899999999,8309.66176,168,299945.0,6658.78954,0
1763208900000000,0.02222,0.02223,0.02222,0.02223,265110.0,1763209799999999,5892.305,19,23107.0,513.43754,0
1763209800000000,0.02222,0.02223,0.02221,0.02221,160802.0,1763210699999999,3572.20305,23,18446.0,409.87243,0
1763210700000000,0.02221,0.02223,0.02221,0.02222,250989.0,1763211599999999,5578.86557,14,45439.0,1010.10897,0
1763211600000000,0.02222,0.02223,0.02221,0.02223,129987.0,1763212499999999,2889.15143,29,91331.0,2030.08848,0
1763212500000000,0.02224,0.02225,0.02223,0.02224,725087.0,1763213399999999,16126.72573,47,22389.0,498.13083,0
1763213400000000,0.02223,0.02226,0.02223,0.02224,179809.0,1763214299999999,3999.2122,16,6425.0,143.00235,0
1763214300000000,0.02224,0.02227,0.02224,0.02226,1161403.0,1763215199999999,25842.43797,92,317797.0,7070.62987,0
1763215200000000,0.02226,0.02226,0.02223,0.02224,181521.0,1763216099999999,4039.25059,38,6941.0,154.36784,0
1763216100000000,0.02224,0.02224,0.02215,0.02217,5377038.0,1763216999999999,119286.47232,380,1604296.0,35587.13962,0
1763217000000000,0.02217,0.02217,0.02213,0.02215,3278058.0,1763217899999999,72610.00818,252,2119326.0,46955.06132,0
1763217900000000,0.02214,0.02215,0.02207,0.02213,3199207.0,1763218799999999,70759.26809,390,1599127.0,35383.5632,0
1763218800000000,0.02211,0.02213,0.02211,0.02211,584922.0,1763219699999999,12937.84571,129,479961.0,10617.11245,0
1763219700000000,0.02212,0.02213,0.02212,0.02213,322498.0,1763220599999999,7133.91776,50,311882.0,6899.09184,0
1763220600000000,0.0221,0.02212,0.0221,0.02212,238255.0,1763221499999999,5268.14027,68,226142.0,5000.44297,0
1763221500000000,0.02211,0.02212,0.02209,0.02211,1207493.0,1763222399999999,26686.72992,112,678980.0,15010.81383,0
1763222400000000,0.02211,0.02211,0.02198,0.02206,8862801.0,1763223299999999,195361.89171,707,3675557.0,81050.25424,0
1763223300000000,0.02205,0.02207,0.02203,0.02207,903956.0,1763224199999999,19930.50743,205,769970.0,16977.07602,0
1763224200000000,0.02206,0.02206,0.02206,0.02206,6688.0,1763225099999999,147.53728,2,0.0,0.0,0
1763225100000000,0.02205,0.02205,0.02199,0.02203,1798131.0,1763225999999999,39581.95025,165,681301.0,14999.12049,0
1763226000000000,0.02202,0.02202,0.02195,0.02201,4582034.0,1763226899999999,100774.5931,415,2255162.0,49619.15845,0
1763226900000000,0.02201,0.02201,0.0219,0.022,12733763.0,1763227799999999,279568.98848,1241,5416799.0,118953.21154,0
1763227800000000,0.02199,0.02203,0.02198,0.02203,456728.0,1763228699999999,10048.57813,44,82759.0,1820.76365,0
1763228700000000,0.02201,0.02202,0.02199,0.02201,328494.0,1763229599999999,7229.60902,29,4544.0,100.01344,0
1763229600000000,0.02201,0.02203,0.022,0.02203,1037846.0,1763230499999999,22851.77069,79,182642.0,4020.71277,0
1763230500000000,0.02203,0.02203,0.02203,0.02203,5860.0,1763231399999999,129.0958,1,0.0,0.0,0
1763231400000000,0.02201,0.02201,0.02201,0.02201,4282.0,1763232299999999,94.24682,3,1506.0,33.14706,0
1763232300000000,0.02201,0.02201,0.02198,0.02198,176794.0,1763233199999999,3888.63852,16,0.0,0.0,0
1763233200000000,0.02196,0.02198,0.02196,0.02197,41051.0,1763234099999999,902.18921,8,35200.0,773.696,0
1763234100000000,0.02197,0.02197,0.02196,0.02196,292910.0,1763234999999999,6434.7449,12,227583.0,4999.99851,0
1763235000000000,0.02196,0.02196,0.02196,0.02196,383788.0,1763235899999999,8427.98448,7,266770.0,5858.2692,0
1763235900000000,0.02196,0.02196,0.02196,0.02196,298383.0,1763236799999999,6552.49068,24,298383.0,6552.49068,0
1763236800000000,0.02197,0.02198,0.02197,0.02197,22595.0,1763237699999999,496.51071,10,9856.0,216.63488,0
1763237700000000,0.02197,0.02221,0.02196,0.02216,30102253.0,1763238599999999,665691.06493,1726,21004784.0,464510.58823,0
1763238600000000,0.02215,0.02216,0.02212,0.02212,184373.0,1763239499999999,4082.81737,46,13748.0,304.65568,0
1763239500000000,0.02212,0.02215,0.02212,0.02215,55651.0,1763240399999999,1232.28011,8,47076.0,1042.56507,0
1763240400000000,0.02214,0.02218,0.02214,0.02215,1071062.0,1763241299999999,23737.47575,82,334263.0,7410.66089,0
1763241300000000,0.02216,0.02218,0.02215,0.02216,343883.0,1763242199999999,7621.44623,29,115033.0,2550.16114,0
1763242200000000,0.02215,0.02216,0.02215,0.02216,1031.0,1763243099999999,22.84342,2,677.0,15.00232,0
1763243100000000,0.02215,0.02215,0.02214,0.02214,70156.0,1763243999999999,1553.52697,10,0.0,0.0,0
1763244000000000,0.02215,0.02217,0.02215,0.02217,197414.0,1763244899999999,4375.65513,32,22851.0,506.43695,0
1763244900000000,0.02217,0.02218,0.02216,0.02216,349907.0,1763245799999999,7758.15323,40,108667.0,2410.03275,0
1763245800000000,0.02217,0.02218,0.02217,0.02218,95595.0,1763246699999999,2120.03592,7,95595.0,2120.03592,0
1763246700000000,0.02218,0.02218,0.02216,0.02218,269360.0,1763247599999999,5973.13783,25,43675.0,968.7115,0
1763247600000000,0.02219,0.02219,0.02217,0.02218,623506.0,1763248499999999,13828.96966,193,78199.0,1735.23581,0
1763248500000000,0.02219,0.02219,0.02218,0.02218,2716.0,1763249399999999,60.24427,6,339.0,7.52241,0
1763249400000000,0.02219,0.02221,0.02218,0.02219,468297.0,1763250299999999,10392.08106,94,121988.0,2707.34157,0
1763250300000000,0.02219,0.02219,0.02218,0.02218,225765.0,1763251199999999,5009.38599,63,0.0,0.0,0
1763251200000000,0.02218,0.0222,0.02218,0.02219,745147.0,1763252099999999,16534.57054,268,111749.0,2480.46355,0
1763252100000000,0.02219,0.02219,0.02217,0.02217,55248.0,1763252999999999,1225.62107,57,6623.0,146.96437,0
1763253000000000,0.02217,0.02217,0.02215,0.02215,134736.0,1763253899999999,2985.22238,59,33676.0,746.26016,0
1763253900000000,0.02215,0.02217,0.02214,0.02216,200475.0,1763254799999999,4439.70649,35,164749.0,3648.36509,0
1763254800000000,0.02216,0.02216,0.02214,0.02216,21624.0,1763255699999999,478.98778,36,2067.0,45.80472,0
1763255700000000,0.02219,0.02219,0.02217,0.02219,73789.0,1763256599999999,1636.36234,20,865.0,19.18808,0
1763256600000000,0.02218,0.02219,0.02212,0.02217,1172721.0,1763257499999999,25964.7956,299,623535.0,13800.39477,0
1763257500000000,0.02215,0.02219,0.02215,0.02219,370004.0,1763258399999999,8207.79149,121,112796.0,2500.36656,0
1763258400000000,0.02219,0.02221,0.02218,0.02219,907751.0,1763259299999999,20147.58789,205,114969.0,2551.59452,0
1763259300000000,0.02221,0.02223,0.02219,0.02223,1223853.0,1763260199999999,27174.03024,224,291760.0,6480.81439,0
1763260200000000,0.02222,0.02224,0.02221,0.02221,578391.0,1763261099999999,12851.20435,177,124256.0,2762.06463,0
1763261100000000,0.02223,0.02224,0.02221,0.02223,455225.0,1763261999999999,10118.27084,136,169526.0,3769.22195,0
1763262000000000,0.02224,0.02224,0.02222,0.02223,309185.0,1763262899999999,6873.52547,98,46169.0,1026.79856,0
1763262900000000,0.02224,0.02225,0.02222,0.02224,632523.0,1763263799999999,14066.2715,157,166315.0,3700.27395,0
1763263800000000,0.02224,0.02225,0.02223,0.02223,81987.0,1763264699999999,1822.99832,36,22673.0,504.2865,0
1763264700000000,0.02224,0.02224,0.02223,0.02223,31538.0,1763265599999999,701.22045,14,31538.0,701.22045,0
1763265600000000,0.02224,0.02227,0.02222,0.02224,611541.0,1763266499999999,13601.92985,214,141061.0,3138.55276,0
1763266500000000,0.02225,0.02226,0.02224,0.02224,392166.0,1763267399999999,8724.62682,149,113255.0,2520.54821,0
1763267400000000,0.02224,0.02224,0.02221,0.02221,130164.0,1763268299999999,2892.713,48,0.0,0.0,0
1763268300000000,0.02222,0.02226,0.02222,0.02226,127991.0,1763269199999999,2846.27271,40,124541.0,2769.59921,0
1763269200000000,0.02226,0.02228,0.02225,0.02226,1106142.0,1763270099999999,24622.3022,320,432132.0,9622.38684,0
1763270100000000,0.02227,0.02227,0.02225,0.02225,285968.0,1763270999999999,6364.3256,104,7922.0,176.38332,0
1763271000000000,0.02225,0.02225,0.02224,0.02225,47032.0,1763271899999999,1046.36473,31,26307.0,585.33075,0
1763271900000000,0.02224,0.02224,0.02224,0.02224,25044.0,1763272799999999,556.97856,48,0.0,0.0,0
1763272800000000,0.02223,0.02223,0.02221,0.02222,150864.0,1763273699999999,3351.52867,70,68613.0,1524.61081,0
1763273700000000,0.02222,0.02222,0.02222,0.02222,9438.0,1763274599999999,209.71236,6,0.0,0.0,0
1763274600000000,0.02225,0.02225,0.02223,0.02225,22884.0,1763275499999999,509.14614,14,21741.0,483.73725,0
1763275500000000,0.02225,0.02226,0.02223,0.02224,215139.0,1763276399999999,4787.01327,158,44940.0,1000.02214,0
1763276400000000,0.02224,0.02229,0.02224,0.02226,751036.0,1763277299999999,16726.93789,184,352183.0,7845.42472,0
1763277300000000,0.02226,0.02226,0.02222,0.02224,197995.0,1763278199999999,4404.89093,80,44825.0,996.99672,0
1763278200000000,0.02224,0.02226,0.02223,0.02225,196493.0,1763279099999999,4370.9691,54,147417.0,3279.70375,0
1763279100000000,0.02226,0.0223,0.02226,0.02229,755144.0,1763279999999999,16822.78188,218,410851.0,9153.12969,0
1763280000000000,0.02229,0.02232,0.02227,0.02229,2044659.0,1763280899999999,45577.49296,456,576729.0,12858.56717,0
1763280900000000,0.02228,0.02229,0.02228,0.02229,70452.0,1763281799999999,1569.94752,65,45777.0,1020.18852,0
1763281800000000,0.02229,0.02229,0.02226,0.02226,43963.0,1763282699999999,979.60498,49,15824.0,352.71696,0
1763282700000000,0.02226,0.02226,0.02223,0.02224,450342.0,1763283599999999,10015.82134,114,388536.0,8640.68189,0
1763283600000000,0.02224,0.02224,0.02223,0.02223,301571.0,1763284499999999,6704.624,62,256098.0,5693.30448,0
1763284500000000,0.02224,0.02224,0.02222,0.02224,486254.0,1763285399999999,10809.44824,76,396569.0,8815.79741,0
1763285400000000,0.02224,0.02227,0.02224,0.02226,213681.0,1763286299999999,4756.21935,76,76252.0,1697.46233,0
1763286300000000,0.02227,0.02233,0.02227,0.0223,988033.0,1763287199999999,22033.27165,225,373452.0,8326.85056,0
1763287200000000,0.02229,0.02229,0.02224,0.02225,155408.0,1763288099999999,3460.53273,49,35732.0,795.96444,0
1763288100000000,0.02224,0.02226,0.02223,0.02226,192881.0,1763288999999999,4290.13775,41,171886.0,3823.11038,0
1763289000000000,0.02225,0.02225,0.02222,0.02223,379416.0,1763289899999999,8435.83385,57,236856.0,5265.97959,0
1763289900000000,0.02224,0.02225,0.02223,0.02224,348436.0,1763290799999999,7746.69741,36,235506.0,5235.89303,0
1763290800000000,0.02223,0.02223,0.02219,0.02221,1658422.0,1763291699999999,36840.13678,117,1351685.0,30030.60656,0
1763291700000000,0.0222,0.02222,0.02219,0.02221,763760.0,1763292599999999,16960.62664,57,677911.0,15054.91712,0
1763292600000000,0.02223,0.02224,0.0222,0.02221,127821.0,1763293499999999,2840.05824,26,6105.0,135.62528,0
1763293500000000,0.0222,0.02221,0.02219,0.02219,273308.0,1763294399999999,6067.11027,34,227471.0,5049.53566,0
1763294400000000,0.02219,0.02222,0.02219,0.02219,467895.0,1763295299999999,10386.80237,97,288729.0,6410.42373,0
1763295300000000,0.02219,0.02224,0.02219,0.02224,123790.0,1763296199999999,2751.17661,39,61243.0,1360.7568,0
1763296200000000,0.02225,0.02225,0.02219,0.02223,344394.0,1763297099999999,7648.62957,50,258335.0,5736.12456,0
1763297100000000,0.02224,0.02226,0.02223,0.02224,365830.0,1763297999999999,8136.71072,47,322503.0,7173.17081,0
1763298000000000,0.02223,0.02223,0.02219,0.0222,162379.0,1763298899999999,3606.19238,18,49457.0,1097.95887,0
1763298900000000,0.02219,0.02221,0.02218,0.02221,268967.0,1763299799999999,5969.43852,25,233686.0,5185.99282,0
1763299800000000,0.02218,0.02219,0.02217,0.02218,815851.0,1763300699999999,18095.27971,126,686331.0,15223.03721,0
1763300700000000,0.02217,0.0222,0.02217,0.0222,257551.0,1763301599999999,5711.3766,77,235129.0,5214.28086,0
1763301600000000,0.02218,0.02219,0.02214,0.02219,645775.0,1763302499999999,14313.79127,87,437160.0,9690.39378,0
1763302500000000,0.02218,0.02219,0.02218,0.02219,16483.0,1763303399999999,365.66673,9,6644.0,147.43036,0
1763303400000000,0.02219,0.02225,0.02219,0.02223,430587.0,1763304299999999,9570.73595,83,126375.0,2807.35342,0
1763304300000000,0.02223,0.02223,0.02223,0.02223,21435.0,1763305199999999,476.50005,5,0.0,0.0,0
1763305200000000,0.02222,0.02222,0.02217,0.02219,179724.0,1763306099999999,3988.22891,86,108176.0,2399.68312,0
1763306100000000,0.02218,0.02218,0.02216,0.02216,34231.0,1763306999999999,759.21288,10,2470.0,54.7599,0
1763307000000000,0.02216,0.02219,0.02216,0.02219,516459.0,1763307899999999,11451.37352,56,499986.0,11086.16711,0
1763307900000000,0.02217,0.02217,0.02209,0.02212,3803985.0,1763308799999999,84171.85921,661,2860160.0,63294.73635,0
1763308800000000,0.0221,0.02217,0.02209,0.02213,1254428.0,1763309699999999,27765.62452,275,486609.0,10767.31637,0
1763309700000000,0.02214,0.02214,0.02212,0.02213,145142.0,1763310599999999,3211.04544,88,88420.0,1956.29458,0
1763310600000000,0.02213,0.02217,0.02212,0.02217,545757.0,1763311499999999,12091.76618,100,154943.0,3432.76958,0
1763311500000000,0.02217,0.02217,0.0221,0.0221,244248.0,1763312399999999,5405.56485,54,160193.0,3543.41168,0
1763312400000000,0.02211,0.02212,0.02209,0.0221,462896.0,1763313299999999,10231.52785,108,282797.0,6251.43189,0
1763313300000000,0.02211,0.02214,0.02208,0.02212,685121.0,1763314199999999,15140.87886,324,482436.0,10660.15617,0
1763314200000000,0.02214,0.02214,0.0221,0.02211,278470.0,1763315099999999,6160.97475,141,99701.0,2205.71367,0
1763315100000000,0.02211,0.02217,0.0221,0.02216,1669833.0,1763315999999999,36965.59002,325,654184.0,14477.82569,0
1763316000000000,0.02217,0.02218,0.02211,0.02215,1412772.0,1763316899999999,31303.52882,192,500368.0,11083.46752,0
1763316900000000,0.02215,0.02215,0.02209,0.02212,488778.0,1763317799999999,10807.61122,63,372646.0,8237.57037,0
1763317800000000,0.02211,0.02211,0.02207,0.02209,1881585.0,1763318699999999,41566.63798,337,1414560.0,31253.71801,0
1763318700000000,0.02208,0.0221,0.02206,0.02209,885100.0,1763319599999999,19546.82313,218,415769.0,9182.96063,0
1763319600000000,0.02208,0.02213,0.02208,0.02211,430380.0,1763320499999999,9513.82261,102,180133.0,3980.94341,0
1763320500000000,0.02212,0.02212,0.02207,0.02208,422386.0,1763321399999999,9331.70773,52,102576.0,2267.07914,0
1763321400000000,0.02208,0.02209,0.02207,0.02208,414934.0,1763322299999999,9159.82384,185,341398.0,7536.12577,0
1763322300000000,0.02207,0.02207,0.02206,0.02206,92772.0,1763323199999999,2046.89127,37,7227.0,159.49989,0
1763323200000000,0.02206,0.02212,0.02206,0.0221,236559.0,1763324099999999,5225.3492,58,130949.0,2892.48388,0
1763324100000000,0.0221,0.02211,0.02208,0.02211,458128.0,1763324999999999,10123.76498,77,354835.0,7842.29069,0
1763325000000000,0.0221,0.0221,0.02208,0.02208,104942.0,1763325899999999,2318.57741,33,4775.0,105.48224,0
1763325900000000,0.02208,0.02208,0.02207,0.02208,63255.0,1763326799999999,1396.36962,40,0.0,0.0,0
1763326800000000,0.02208,0.0221,0.02204,0.02207,2012062.0,1763327699999999,44406.46266,395,1440122.0,31788.55249,0
1763327700000000,0.02206,0.02207,0.02204,0.02204,931040.0,1763328599999999,20536.56481,244,587500.0,12960.66628,0
1763328600000000,0.02205,0.02205,0.02203,0.02203,687935.0,1763329499999999,15165.9109,238,248599.0,5481.60795,0
1763329500000000,0.02205,0.02206,0.02203,0.02206,750807.0,1763330399999999,16553.90931,129,475053.0,10474.92455,0
1763330400000000,0.02205,0.02209,0.02203,0.02209,1115212.0,1763331299999999,24585.2587,344,728152.0,16055.02495,0
1763331300000000,0.02209,0.0221,0.02207,0.02209,380975.0,1763332199999999,8413.94351,40,23499.0,519.12965,0
1763332200000000,0.02209,0.02212,0.02209,0.02212,420992.0,1763333099999999,9305.50219,55,113019.0,2498.41554,0
1763333100000000,0.02211,0.02214,0.0221,0.02211,1024616.0,1763333999999999,22660.73118,71,118565.0,2623.93428,0
1763334000000000,0.0221,0.0221,0.022,0.02209,3801610.0,1763334899999999,83808.78884,569,2339109.0,51555.73698,0
1763334900000000,0.02208,0.02212,0.02208,0.02209,988252.0,1763335799999999,21842.20398,84,215733.0,4769.60988,0
1763335800000000,0.0221,0.0221,0.02207,0.02208,120524.0,1763336699999999,2660.99553,15,49414.0,1091.24361,0
1763336700000000,0.02208,0.02208,0.02206,0.02206,280425.0,1763337599999999,6190.52687,23,52281.0,1153.6779,0
1763337600000000,0.02207,0.02208,0.02206,0.02207,480215.0,1763338499999999,10596.23906,33,436749.0,9637.3791,0
1763338500000000,0.02209,0.02209,0.02203,0.02207,770648.0,1763339399999999,16995.10232,156,539480.0,11898.15243,0
1763339400000000,0.02208,0.02213,0.02205,0.0221,490604.0,1763340299999999,10838.81172,57,265241.0,5861.81027,0
1763340300000000,0.02209,0.02209,0.02205,0.02205,175268.0,1763341199999999,3866.53978,43,106975.0,2358.87807,0
1763341200000000,0.02206,0.02206,0.02204,0.02205,118756.0,1763342099999999,2619.17849,19,69949.0,1543.06418,0
1763342100000000,0.02204,0.02208,0.02203,0.02208,730818.0,1763342999999999,16109.41113,173,404792.0,8924.2057,0
1763343000000000,0.02208,0.0221,0.02208,0.02209,291452.0,1763343899999999,6440.73081,14,24340.0,537.55561,0
1763343900000000,0.02209,0.02209,0.02207,0.02207,3675.0,1763344799999999,81.16195,3,0.0,0.0,0
1763344800000000,0.02207,0.02217,0.02207,0.02213,2024990.0,1763345699999999,44809.82723,140,278205.0,6157.45793,0
1763345700000000,0.02213,0.02215,0.02212,0.02213,329317.0,1763346599999999,7287.86654,34,91297.0,2021.43227,0
1763346600000000,0.02213,0.02213,0.02212,0.02212,3390.0,1763347499999999,74.9968,3,1000.0,22.13,0
1763347500000000,0.02213,0.02213,0.02212,0.02212,16028.0,1763348399999999,354.55347,6,1411.0,31.22543,0
1763348400000000,0.02212,0.02215,0.0221,0.02213,411140.0,1763349299999999,9098.98583,65,172901.0,3825.79773,0
1763349300000000,0.02214,0.02214,0.02212,0.02212,304890.0,1763350199999999,6748.71322,119,0.0,0.0,0
1763350200000000,0.02212,0.02214,0.02212,0.02212,26978.0,1763351099999999,596.78677,6,23237.0,514.0109,0
1763351100000000,0.02211,0.02211,0.02211,0.02211,48354.0,1763351999999999,1069.10694,8,48354.0,1069.10694,0
1763352000000000,0.02212,0.02212,0.02211,0.02211,12746.0,1763352899999999,281.82536,22,1130.0,24.9956,0
1763352900000000,0.02212,0.02215,0.02212,0.02213,422988.0,1763353799999999,9361.14607,59,196961.0,4357.31875,0
1763353800000000,0.02214,0.02215,0.02213,0.02215,340960.0,1763354699999999,7549.03079,105,90645.0,2007.4833,0
1763354700000000,0.02215,0.02215,0.02214,0.02214,283048.0,1763355599999999,6269.0552,186,0.0,0.0,0
1763355600000000,0.02215,0.02216,0.02214,0.02215,115986.0,1763356499999999,2569.21927,83,72534.0,1606.84026,0
1763356500000000,0.02215,0.02217,0.02215,0.02215,655037.0,1763357399999999,14511.9282,196,171177.0,3793.0406,0
1763357400000000,0.02216,0.02217,0.02214,0.02215,442510.0,1763358299999999,9802.72662,156,122855.0,2721.31621,0
1763358300000000,0.02215,0.02218,0.02215,0.02216,833973.0,1763359199999999,18483.24895,238,251320.0,5570.88988,0
1763359200000000,0.02218,0.02219,0.02214,0.02215,717881.0,1763360099999999,15909.72363,229,207166.0,4594.80419,0
1763360100000000,0.02215,0.02216,0.02214,0.02214,86665.0,1763360999999999,1919.89199,82,47859.0,1060.07685,0
1763361000000000,0.02215,0.02215,0.02214,0.02215,105292.0,1763361899999999,2332.17745,43,92700.0,2053.305,0
1763361900000000,0.02216,0.02218,0.02215,0.02215,459009.0,1763362799999999,10171.4895,162,32364.0,717.46312,0
1763362800000000,0.02216,0.0222,0.02214,0.02218,1551504.0,1763363699999999,34408.97053,577,697980.0,15481.12043,0
1763363700000000,0.02217,0.02219,0.02216,0.02219,303376.0,1763364599999999,6726.97745,112,204799.0,4541.43191,0
1763364600000000,0.02218,0.02219,0.02216,0.02218,504135.0,1763365499999999,11181.9515,169,212566.0,4714.72289,0
1763365500000000,0.02219,0.02221,0.02217,0.02218,516696.0,1763366399999999,11464.04291,176,222788.0,4943.1315,0
1763366400000000,0.02218,0.02221,0.02218,0.02219,502114.0,1763367299999999,11140.19059,215,193334.0,4290.21633,0
1763367300000000,0.02219,0.02221,0.02217,0.0222,883319.0,1763368199999999,19604.19039,259,335662.0,7450.93308,0
1763368200000000,0.0222,0.02221,0.02219,0.02219,482464.0,1763369099999999,10710.00463,197,272064.0,6039.95179,0
1763369100000000,0.02219,0.02219,0.02218,0.02218,47682.0,1763369999999999,1058.01195,15,40767.0,904.61973,0
1763370000000000,0.02218,0.02218,0.02215,0.02217,551706.0,1763370899999999,12224.68968,210,395293.0,8758.65175,0
1763370900000000,0.02218,0.02222,0.02218,0.0222,380881.0,1763371799999999,8456.81854,225,203354.0,4514.68834,0
1763371800000000,0.02221,0.02221,0.02218,0.02218,44390.0,1763372699999999,985.33124,32,4504.0,99.9888,0
1763372700000000,0.02218,0.02218,0.02218,0.02218,3407.0,1763373599999999,75.56726,9,0.0,0.0,0
1763373600000000,0.02218,0.02218,0.02216,0.02218,311611.0,1763374499999999,6910.05719,70,266741.0,5915.27708,0
1763374500000000,0.02218,0.0222,0.02218,0.02219,75398.0,1763375399999999,1673.61498,62,41198.0,914.4406,0
1763375400000000,0.02218,0.02219,0.02217,0.02219,280400.0,1763376299999999,6217.99138,37,227204.0,5038.37793,0
1763376300000000,0.02219,0.02221,0.02219,0.0222,297907.0,1763377199999999,6613.29559,62,56850.0,1261.83019,0
1763377200000000,0.0222,0.0222,0.0222,0.0222,26423.0,1763378099999999,586.5906,20,0.0,0.0,0
1763378100000000,0.02221,0.02221,0.02219,0.02219,316334.0,1763378999999999,7023.42533,106,41511.0,921.9411,0
1763379000000000,0.0222,0.02223,0.0222,0.0222,791089.0,1763379899999999,17571.49495,300,294454.0,6540.78402,0
1763379900000000,0.0222,0.0222,0.02218,0.02218,210421.0,1763380799999999,4668.86679,80,125790.0,2791.29623,0
1763380800000000,0.02219,0.02222,0.02219,0.0222,273530.0,1763381699999999,6072.254,122,191853.0,4259.20889,0
1763381700000000,0.02219,0.02221,0.02219,0.02221,16642.0,1763382599999999,369.48889,19,12924.0,286.98647,0
1763382600000000,0.0222,0.02222,0.0222,0.02221,57582.0,1763383499999999,1278.70843,97,17912.0,397.84877,0
1763383500000000,0.02219,0.02219,0.02218,0.02219,36277.0,1763384399999999,804.95395,19,12542.0,278.30698,0
1763384400000000,0.02219,0.02219,0.02214,0.02215,1244296.0,1763385299999999,27560.98329,98,1005740.0,22276.13842,0
1763385300000000,0.02216,0.02217,0.02215,0.02216,194936.0,1763386199999999,4321.46984,110,16880.0,374.22282,0
1763386200000000,0.02215,0.02217,0.02213,0.02213,340036.0,1763387099999999,7529.57891,41,266920.0,5910.84748,0
1763387100000000,0.02214,0.02216,0.02211,0.02213,970855.0,1763387999999999,21485.50771,94,674113.0,14919.78354,0
1763388000000000,0.02213,0.02215,0.02211,0.02214,573152.0,1763388899999999,12680.85886,145,520205.0,11508.99474,0
1763388900000000,0.02217,0.02219,0.02214,0.02214,753315.0,1763389799999999,16699.63472,92,106836.0,2367.47551,0
1763389800000000,0.02213,0.02221,0.0221,0.02213,3112477.0,1763390699999999,68992.69339,323,1404468.0,31121.02499,0
1763390700000000,0.02215,0.02221,0.02214,0.02214,1308341.0,1763391599999999,29031.83768,277,218535.0,4845.85121,0
1763391600000000,0.02215,0.02218,0.02212,0.02216,806182.0,1763392499999999,17852.33289,98,450922.0,9985.40893,0
1763392500000000,0.02216,0.02217,0.02211,0.02215,797612.0,1763393399999999,17668.40241,101,514863.0,11404.67046,0
1763393400000000,0.02215,0.02215,0.02211,0.02214,921774.0,1763394299999999,20398.84932,93,823682.0,18227.86461,0
1763394300000000,0.02214,0.02214,0.02211,0.02213,315122.0,1763395199999999,6972.46202,35,229065.0,5067.82473,0
1763395200000000,0.02213,0.02213,0.02211,0.02212,1226093.0,1763396099999999,27116.18054,205,1030247.0,22785.20604,0
1763396100000000,0.02211,0.02214,0.02209,0.02212,989458.0,1763396999999999,21876.57151,227,822334.0,18181.11762,0
1763397000000000,0.02212,0.02215,0.02212,0.02215,537034.0,1763397899999999,11892.10527,67,446673.0,9891.33439,0
1763397900000000,0.02213,0.02218,0.02212,0.02215,608002.0,1763398799999999,13475.3677,59,117093.0,2594.52046,0
1763398800000000,0.02215,0.02216,0.02215,0.02216,44755.0,1763399699999999,991.53093,20,20439.0,452.92824,0
1763399700000000,0.02215,0.02216,0.02212,0.02213,269570.0,1763400599999999,5969.79875,73,226114.0,5007.62676,0
1763400600000000,0.02213,0.02213,0.02208,0.0221,796898.0,1763401499999999,17613.52301,104,585664.0,12944.48262,0
1763401500000000,0.02209,0.02212,0.02209,0.02211,475386.0,1763402399999999,10508.43298,75,259966.0,5746.00838,0
1763402400000000,0.02212,0.02217,0.02211,0.02212,682065.0,1763403299999999,15100.41007,91,175645.0,3887.9663,0
1763403300000000,0.02211,0.02212,0.02209,0.02209,402789.0,1763404199999999,8903.01396,107,300835.0,6649.40949,0
1763404200000000,0.02209,0.02211,0.02208,0.0221,415735.0,1763405099999999,9184.63454,144,309662.0,6841.15446,0
1763405100000000,0.02211,0.02213,0.02208,0.0221,820867.0,1763405999999999,18138.87555,147,658935.0,14561.47152,0
1763406000000000,0.02212,0.02212,0.02208,0.02208,127659.0,1763406899999999,2821.02109,31,20681.0,457.04196,0
1763406900000000,0.02208,0.0221,0.02207,0.02208,469531.0,1763407799999999,10368.54741,73,282753.0,6244.79712,0
1763407800000000,0.02208,0.02208,0.02204,0.02205,2998770.0,1763408699999999,66151.11058,199,2488397.0,54894.50847,0
1763408700000000,0.02204,0.02206,0.02203,0.02203,2321439.0,1763409599999999,51157.21984,261,1716789.0,37834.80032,0
1763409600000000,0.02202,0.02207,0.02201,0.02204,8913077.0,1763410499999999,196352.73652,314,8372129.0,184439.10816,0
1763410500000000,0.02205,0.02209,0.02205,0.02209,598293.0,1763411399999999,13203.38954,54,247006.0,5450.22947,0
1763411400000000,0.02207,0.02208,0.02206,0.02206,806721.0,1763412299999999,17810.67354,97,343862.0,7592.47296,0
1763412300000000,0.02208,0.02209,0.02206,0.02206,773917.0,1763413199999999,17090.73572,150,93584.0,2067.00101,0
1763413200000000,0.02208,0.02208,0.02206,0.02206,33379.0,1763414099999999,736.83195,8,33133.0,731.40273,0
1763414100000000,0.02206,0.02206,0.02201,0.02202,516588.0,1763414999999999,11376.29297,94,373191.0,8218.57468,0
1763415000000000,0.02203,0.02205,0.02203,0.02203,179084.0,1763415899999999,3946.14428,30,38408.0,846.51498,0
1763415900000000,0.02203,0.02204,0.02201,0.02204,355639.0,1763416799999999,7831.4968,32,302593.0,6663.55816,0
1763416800000000,0.02205,0.02209,0.02204,0.02208,512857.0,1763417699999999,11322.35726,29,145318.0,3209.88442,0
1763417700000000,0.02209,0.02209,0.02206,0.02206,229487.0,1763418599999999,5064.94173,20,81710.0,1804.25,0
1763418600000000,0.02208,0.02209,0.02208,0.02209,566716.0,1763419499999999,12516.2964,104,82192.0,1815.22784,0
1763419500000000,0.0221,0.0221,0.02208,0.02209,270124.0,1763420399999999,5966.95557,59,13132.0,290.13833,0
1763420400000000,0.02209,0.02209,0.02208,0.02208,375639.0,1763421299999999,8297.84813,91,73023.0,1613.07807,0
1763421300000000,0.02208,0.0221,0.02205,0.02209,598363.0,1763422199999999,13209.90774,89,186948.0,4126.71932,0
1763422200000000,0.02208,0.0221,0.02207,0.02207,210383.0,1763423099999999,4645.54558,108,89424.0,1974.18649,0
1763423100000000,0.02208,0.02209,0.02207,0.02209,141244.0,1763423999999999,3119.32159,23,138533.0,3059.48982,0
1763424000000000,0.02211,0.02211,0.02209,0.02209,203851.0,1763424899999999,4504.01768,25,49681.0,1098.40238,0
1763424900000000,0.02208,0.02212,0.02205,0.02206,504850.0,1763425799999999,11155.02526,157,134560.0,2975.05534,0
1763425800000000,0.02206,0.02207,0.02197,0.02202,2974029.0,1763426699999999,65472.79848,319,2040959.0,44940.8519,0
1763426700000000,0.02202,0.02208,0.022,0.02207,1965235.0,1763427599999999,43326.64439,142,934589.0,20592.80789,0
1763427600000000,0.02207,0.02209,0.02206,0.02207,465635.0,1763428499999999,10279.37827,126,44105.0,974.16217,0
1763428500000000,0.02208,0.02209,0.02205,0.02205,285563.0,1763429399999999,6304.87108,53,160287.0,3539.54796,0
1763429400000000,0.02205,0.0221,0.02205,0.02206,588096.0,1763430299999999,12989.00404,134,42028.0,927.213,0
1763430300000000,0.02207,0.02208,0.02206,0.02207,83920.0,1763431199999999,1851.85136,47,3074.0,67.86582,0
1763431200000000,0.02207,0.02207,0.02204,0.02205,104215.0,1763432099999999,2298.13767,38,19441.0,428.88121,0
1763432100000000,0.02206,0.02211,0.02203,0.02211,1448425.0,1763432999999999,31981.46475,227,581829.0,12838.1998,0
1763433000000000,0.02211,0.02212,0.02209,0.02211,743032.0,1763433899999999,16422.63628,127,117514.0,2598.21924,0
1763433900000000,0.02212,0.02212,0.02201,0.02204,1471047.0,1763434799999999,32449.14359,263,831483.0,18324.48648,0
1763434800000000,0.02203,0.02205,0.022,0.02204,2302159.0,1763435699999999,50707.58738,179,1665266.0,36684.55718,0
1763435700000000,0.02204,0.0221,0.02204,0.02207,886806.0,1763436599999999,19578.8439,106,443766.0,9799.56264,0
1763436600000000,0.02209,0.02212,0.02203,0.0221,1732470.0,1763437499999999,38268.70577,221,393804.0,8698.70444,0
1763437500000000,0.02209,0.0221,0.02207,0.02208,98138.0,1763438399999999,2167.32531,61,63689.0,1406.4171,0
1763438400000000,0.02208,0.02209,0.02203,0.02205,355441.0,1763439299999999,7837.38741,101,130673.0,2882.53236,0
1763439300000000,0.02203,0.02205,0.02202,0.02204,644699.0,1763440199999999,14204.99441,64,523791.0,11541.17662,0
1763440200000000,0.02202,0.02204,0.02201,0.02202,823390.0,1763441099999999,18136.19493,67,560348.0,12341.83399,0
1763441100000000,0.02201,0.02208,0.02199,0.02207,2001090.0,1763441999999999,44090.49196,240,1147713.0,25279.35139,0
1763442000000000,0.02206,0.02209,0.02205,0.02209,841247.0,1763442899999999,18573.30006,182,121369.0,2679.32455,0
1763442900000000,0.02208,0.0221,0.02208,0.02208,585834.0,1763443799999999,12940.43224,155,225478.0,4981.39506,0
1763443800000000,0.02208,0.0221,0.02207,0.02209,169375.0,1763444699999999,3741.09059,94,120425.0,2659.79257,0
1763444700000000,0.0221,0.02212,0.02208,0.02208,644148.0,1763445599999999,14235.34938,91,191066.0,4224.96884,0
1763445600000000,0.02207,0.02208,0.02206,0.02207,210260.0,1763446499999999,4640.40858,115,99473.0,2195.40905,0
1763446500000000,0.02207,0.02209,0.02206,0.02209,279037.0,1763447399999999,6159.47244,90,166774.0,3681.35125,0
1763447400000000,0.02208,0.02209,0.02203,0.02203,358581.0,1763448299999999,7906.9994,151,164806.0,3633.32546,0
1763448300000000,0.02204,0.02205,0.02202,0.02204,435799.0,1763449199999999,9602.05185,127,243856.0,5373.2544,0
1763449200000000,0.02202,0.02207,0.022,0.02205,526097.0,1763450099999999,11589.38695,89,354310.0,7802.11739,0
1763450100000000,0.02204,0.02204,0.02203,0.02204,89804.0,1763450999999999,1978.57956,63,45511.0,1002.67211,0
1763451000000000,0.02205,0.02208,0.02205,0.02205,464008.0,1763451899999999,10239.16501,236,102413.0,2259.94093,0
1763451900000000,0.02205,0.02205,0.02203,0.02204,24708.0,1763452799999999,544.63098,12,1695.0,37.3578,0
1763452800000000,0.02205,0.02207,0.02204,0.02204,280825.0,1763453699999999,6192.57773,82,116952.0,2579.08194,0
1763453700000000,0.02202,0.02204,0.02201,0.02202,377406.0,1763454599999999,8314.53896,38,319809.0,7045.79632,0
1763454600000000,0.02204,0.02206,0.02204,0.02204,239412.0,1763455499999999,5278.66682,30,159841.0,3524.00139,0
1763455500000000,0.02203,0.02203,0.02199,0.02201,376639.0,1763456399999999,8286.63681,33,290603.0,6393.77224,0
1763456400000000,0.02201,0.02202,0.022,0.02201,648242.0,1763457299999999,14264.27978,60,506657.0,11148.59277,0
1763457300000000,0.02201,0.02202,0.02199,0.02199,390789.0,1763458199999999,8596.54282,29,291064.0,6402.62212,0
1763458200000000,0.02199,0.02201,0.02199,0.02199,322787.0,1763459099999999,7099.67106,33,278936.0,6135.38757,0
1763459100000000,0.02199,0.02203,0.02198,0.02203,402971.0,1763459999999999,8863.58517,105,356315.0,7837.65621,0
1763460000000000,0.02202,0.02202,0.02197,0.02199,411844.0,1763460899999999,9055.56111,54,245708.0,5401.20991,0
1763460900000000,0.02199,0.02202,0.02199,0.02202,132015.0,1763461799999999,2904.64449,31,130058.0,2861.61006,0
1763461800000000,0.02203,0.02205,0.02202,0.02202,279350.0,1763462699999999,6157.29394,27,33344.0,734.59042,0
1763462700000000,0.02203,0.02204,0.02203,0.02204,133352.0,1763463599999999,2938.07085,14,107852.0,2376.30585,0
1763463600000000,0.02204,0.02204,0.02202,0.02202,356512.0,1763464499999999,7854.78925,34,41353.0,911.18807,0
1763464500000000,0.02202,0.02205,0.02201,0.02204,854711.0,1763465399999999,18832.41952,89,474707.0,10460.77447,0
1763465400000000,0.02202,0.02203,0.02202,0.02203,4377.0,1763466299999999,96.40219,9,2378.0,52.37452,0
1763466300000000,0.02203,0.02204,0.02203,0.02203,26089.0,1763467199999999,574.99302,5,25235.0,556.1794,0
1763467200000000,0.02203,0.02203,0.02198,0.02198,166587.0,1763468099999999,3665.28581,26,12032.0,264.96948,0
1763468100000000,0.02198,0.02202,0.02198,0.02202,160032.0,1763468999999999,3520.93757,33,98136.0,2160.01806,0
1763469000000000,0.02201,0.02204,0.02201,0.02204,184047.0,1763469899999999,4054.32409,17,152578.0,3361.29334,0
1763469900000000,0.02204,0.02205,0.02203,0.02204,117535.0,1763470799999999,2590.09097,16,43315.0,954.74981,0
1763470800000000,0.02205,0.02208,0.02205,0.02206,404019.0,1763471699999999,8915.17581,116,93495.0,2063.01162,0
1763471700000000,0.02206,0.02206,0.02205,0.02205,29278.0,1763472599999999,645.85808,17,326.0,7.1883,0
1763472600000000,0.02204,0.02207,0.02203,0.02203,207416.0,1763473499999999,4571.42924,63,96299.0,2123.22858,0
1763473500000000,0.02203,0.02206,0.02203,0.02206,91153.0,1763474399999999,2008.86949,17,88533.0,1951.12017,0
1763474400000000,0.02205,0.02207,0.02205,0.02205,183646.0,1763475299999999,4049.78461,46,35008.0,772.23335,0
1763475300000000,0.02205,0.02209,0.02204,0.02207,323996.0,1763476199999999,7151.71206,70,48327.0,1066.5577,0
1763476200000000,0.02207,0.02211,0.02204,0.02207,2343623.0,1763477099999999,51758.57547,441,707146.0,15619.37868,0
1763477100000000,0.02207,0.02208,0.02205,0.02205,502033.0,1763477999999999,11078.71635,177,211478.0,4667.43818,0
1763478000000000,0.02205,0.02212,0.02204,0.02209,1310611.0,1763478899999999,28949.10221,374,535238.0,11823.56804,0
1763478900000000,0.0221,0.02214,0.02208,0.02211,2736105.0,1763479799999999,60496.77215,563,903268.0,19978.68483,0
1763479800000000,0.02212,0.02214,0.0221,0.02212,1352085.0,1763480699999999,29903.2209,388,549633.0,12157.26274,0
1763480700000000,0.02212,0.02215,0.02211,0.02214,1529781.0,1763481599999999,33852.04071,271,648706.0,14357.58774,0
1763481600000000,0.02213,0.02217,0.02213,0.02215,1912564.0,1763482499999999,42351.57786,328,887122.0,19646.79253,0
1763482500000000,0.02214,0.0222,0.02214,0.02218,4208688.0,1763483399999999,93326.80229,771,1995609.0,44266.26879,0
1763483400000000,0.02218,0.02221,0.02216,0.02219,1449709.0,1763484299999999,32159.00698,426,711700.0,15789.84012,0
1763484300000000,0.02219,0.0222,0.02218,0.02218,561640.0,1763485199999999,12462.21578,142,275314.0,6110.03999,0
1763485200000000,0.02218,0.02221,0.02217,0.02217,723801.0,1763486099999999,16060.61618,192,265049.0,5882.40107,0
1763486100000000,0.02218,0.02219,0.02214,0.02214,323519.0,1763486999999999,7171.6224,138,121299.0,2689.80993,0
1763487000000000,0.02215,0.02219,0.02215,0.02219,283632.0,1763487899999999,6290.64722,106,232297.0,5151.52357,0
1763487900000000,0.02218,0.02219,0.02218,0.02219,4274.0,1763488799999999,94.83706,2,3974.0,88.18306,0
1763488800000000,0.02219,0.02222,0.02218,0.02222,773011.0,1763489699999999,17162.18642,151,172110.0,3822.2255,0
1763489700000000,0.02221,0.02221,0.02219,0.0222,276840.0,1763490599999999,6146.60792,55,8566.0,190.25086,0
1763490600000000,0.02221,0.02222,0.0222,0.0222,332366.0,1763491499999999,7381.60728,78,60510.0,1344.05372,0
1763491500000000,0.0222,0.02222,0.02219,0.02219,370478.0,1763492399999999,8225.64014,68,179411.0,3984.20352,0
1763492400000000,0.02221,0.02223,0.0222,0.0222,743325.0,1763493299999999,16511.66488,204,222308.0,4939.92281,0
1763493300000000,0.0222,0.02223,0.0222,0.02223,85945.0,1763494199999999,1909.68114,16,84761.0,1883.39634,0
1763494200000000,0.02223,0.02224,0.02221,0.02222,745078.0,1763495099999999,16557.26391,174,198714.0,4417.4623,0
1763495100000000,0.02223,0.02223,0.02219,0.02219,147874.0,1763495999999999,3284.14828,70,4078.0,90.61946,0
1763496000000000,0.02219,0.0222,0.02216,0.02216,417313.0,1763496899999999,9260.51788,163,271086.0,6015.45818,0
1763496900000000,0.02216,0.02217,0.02215,0.02217,314932.0,1763497799999999,6979.86587,56,294881.0,6535.56508,0
1763497800000000,0.02216,0.02217,0.02215,0.02217,324835.0,1763498699999999,7198.35527,65,243750.0,5401.65325,0
1763498700000000,0.02217,0.02218,0.02215,0.02217,173048.0,1763499599999999,3835.14586,42,56653.0,1255.56257,0
1763499600000000,0.02217,0.0222,0.02216,0.0222,393071.0,1763500499999999,8719.3617,84,286443.0,6355.41894,0
1763500500000000,0.02219,0.02221,0.02218,0.0222,256624.0,1763501399999999,5693.76411,82,149537.0,3317.63228,0
1763501400000000,0.02219,0.02219,0.02217,0.02219,210580.0,1763502299999999,4670.66979,84,135014.0,2994.67243,0
1763502300000000,0.02218,0.02218,0.02216,0.02216,277499.0,1763503199999999,6151.07732,72,67931.0,1506.03522,0
1763503200000000,0.02215,0.02217,0.02214,0.02217,434716.0,1763504099999999,9630.34477,82,393375.0,8714.77747,0
1763504100000000,0.02218,0.02221,0.02218,0.02221,35462.0,1763504999999999,786.93555,23,33245.0,737.74032,0
1763505000000000,0.02221,0.02223,0.0222,0.02222,792702.0,1763505899999999,17609.14757,148,204804.0,4550.67663,0
1763505900000000,0.02222,0.02223,0.02221,0.02221,368298.0,1763506799999999,8183.17463,110,70965.0,1577.09871,0
1763506800000000,0.02222,0.02225,0.02218,0.02218,1044096.0,1763507699999999,23206.46069,235,325627.0,7241.4861,0
1763507700000000,0.0222,0.02223,0.0222,0.02223,528603.0,1763508599999999,11741.90628,144,436575.0,9698.19986,0
1763508600000000,0.02223,0.02223,0.0222,0.0222,463539.0,1763509499999999,10299.16043,115,28978.0,644.12903,0
1763509500000000,0.02218,0.02218,0.02215,0.02217,862118.0,1763510399999999,19109.55482,118,617162.0,13679.76458,0
1763510400000000,0.02218,0.02219,0.02214,0.02218,720002.0,1763511299999999,15961.07849,177,462581.0,10255.47413,0
1763511300000000,0.02217,0.02222,0.02215,0.02221,1322233.0,1763512199999999,29333.85168,245,966372.0,21444.18215,0
1763512200000000,0.0222,0.02224,0.02219,0.02222,1048696.0,1763513099999999,23291.96663,239,138232.0,3070.6477,0
1763513100000000,0.02222,0.02223,0.0222,0.02221,107386.0,1763513999999999,2385.61608,119,23174.0,514.95963,0
1763514000000000,0.0222,0.02221,0.02218,0.02221,223020.0,1763514899999999,4949.86713,149,93193.0,2068.3979,0
1763514900000000,0.02221,0.02224,0.0222,0.02221,810762.0,1763515799999999,18013.26565,178,90367.0,2008.53683,0
1763515800000000,0.0222,0.0222,0.02216,0.02219,332265.0,1763516699999999,7365.64141,101,280331.0,6213.37463,0
1763516700000000,0.02218,0.02218,0.02213,0.02217,605893.0,1763517599999999,13426.17651,130,378661.0,8390.60831,0
1763517600000000,0.02217,0.02221,0.02217,0.02219,127006.0,1763518499999999,2818.10153,78,50239.0,1114.6466,0
1763518500000000,0.0222,0.02221,0.02218,0.02221,379397.0,1763519399999999,8421.65715,132,216812.0,4812.87151,0
1763519400000000,0.02222,0.02223,0.02221,0.02221,385928.0,1763520299999999,8574.34728,85,32725.0,727.23415,0
1763520300000000,0.02222,0.02222,0.02221,0.02221,42620.0,1763521199999999,946.86559,56,2867.0,63.70474,0
1763521200000000,0.02221,0.02223,0.02221,0.02222,112783.0,1763522099999999,2506.03559,103,55888.0,1241.98518,0
1763522100000000,0.02222,0.02222,0.02218,0.02218,21663.0,1763522999999999,481.01207,39,757.0,16.81297,0
1763523000000000,0.02218,0.02218,0.02215,0.02217,333824.0,1763523899999999,7399.37173,107,228668.0,5068.19549,0
1763523900000000,0.02216,0.02218,0.02215,0.02217,115627.0,1763524799999999,2563.11595,59,30161.0,668.4652,0
1763524800000000,0.02215,0.02218,0.02214,0.02215,1263521.0,1763525699999999,28000.33686,188,712591.0,15790.64654,0
1763525700000000,0.02215,0.02215,0.02213,0.02213,1010518.0,1763526599999999,22373.8993,207,770211.0,17054.31326,0
1763526600000000,0.02213,0.02215,0.02213,0.02214,79715.0,1763527499999999,1764.28432,52,16644.0,368.50719,0
1763527500000000,0.02214,0.02214,0.02212,0.02212,370932.0,1763528399999999,8210.01416,130,226219.0,5007.87969,0
1763528400000000,0.02212,0.02215,0.02212,0.02213,411350.0,1763529299999999,9104.82394,97,279449.0,6185.13053,0
1763529300000000,0.02213,0.02215,0.02204,0.0221,2607939.0,1763530199999999,57650.54913,300,1061716.0,23483.82125,0
1763530200000000,0.02211,0.02213,0.02209,0.02211,970944.0,1763531099999999,21470.76385,197,609975.0,13489.05371,0
1763531100000000,0.02211,0.02214,0.02209,0.02212,2403374.0,1763531999999999,53121.58072,155,2189569.0,48394.14929,0
1763532000000000,0.02212,0.02212,0.02208,0.02209,1174236.0,1763532899999999,25943.2301,209,416447.0,9200.4153,0
1763532900000000,0.02209,0.0221,0.02207,0.02208,1127861.0,1763533799999999,24907.3143,151,701990.0,15505.09644,0
1763533800000000,0.02208,0.0221,0.02208,0.02208,390202.0,1763534699999999,8620.20469,120,108773.0,2403.87264,0
1763534700000000,0.02208,0.02208,0.02207,0.02207,96234.0,1763535599999999,2124.38062,39,0.0,0.0,0
1763535600000000,0.02208,0.02211,0.02207,0.02211,120144.0,1763536499999999,2654.21236,21,82691.0,1827.60855,0
1763536500000000,0.02211,0.02211,0.0221,0.02211,13840.0,1763537399999999,305.99843,14,13443.0,297.22473,0
1763537400000000,0.0221,0.02215,0.0221,0.02214,137753.0,1763538299999999,3048.67166,47,56801.0,1256.74128,0
1763538300000000,0.02216,0.02217,0.02215,0.02216,1098631.0,1763539199999999,24337.81119,175,509167.0,11279.40584,0
1763539200000000,0.02216,0.02216,0.02212,0.02212,392590.0,1763540099999999,8693.77033,74,11621.0,257.52136,0
1763540100000000,0.02212,0.02217,0.02211,0.02217,147838.0,1763540999999999,3272.69724,27,90959.0,2014.01147,0
1763541000000000,0.02216,0.02216,0.02212,0.02212,455273.0,1763541899999999,10084.98273,82,124681.0,2760.43734,0
1763541900000000,0.02211,0.02212,0.0221,0.02212,165032.0,1763542799999999,3648.74778,25,145015.0,3206.31151,0
1763542800000000,0.02211,0.02211,0.02208,0.0221,587650.0,1763543699999999,12982.34124,102,326634.0,7215.70248,0
1763543700000000,0.02209,0.0221,0.02208,0.02209,263416.0,1763544599999999,5819.24941,24,261225.0,5770.85428,0
1763544600000000,0.0221,0.02211,0.0221,0.0221,104345.0,1763545499999999,2306.52297,16,48247.0,1066.74117,0
1763545500000000,0.02209,0.0221,0.02209,0.0221,181591.0,1763546399999999,4011.53443,20,105827.0,2337.71843,0
1763546400000000,0.02211,0.02211,0.02209,0.0221,88396.0,1763547299999999,1953.40424,33,7737.0,171.02242,0
1763547300000000,0.02209,0.0221,0.02208,0.02209,915063.0,1763548199999999,20212.77742,52,718746.0,15877.72278,0
1763548200000000,0.02208,0.02208,0.02208,0.02208,25469.0,1763549099999999,562.35552,6,0.0,0.0,0
1763549100000000,0.02208,0.02209,0.02207,0.02209,295890.0,1763549999999999,6533.43609,28,232684.0,5138.24375,0
1763550000000000,0.02208,0.02208,0.02208,0.02208,35191.0,1763550899999999,777.01728,7,15574.0,343.87392,0
1763550900000000,0.02208,0.02209,0.02205,0.02207,2123563.0,1763551799999999,46871.2221,190,1261769.0,27849.53129,0
1763551800000000,0.02206,0.02207,0.02205,0.02206,863104.0,1763552699999999,19045.5794,65,417461.0,9213.35894,0
1763552700000000,0.02205,0.02206,0.02204,0.02205,1173103.0,1763553599999999,25870.159,95,759646.0,16754.76804,0
1763553600000000,0.02205,0.02206,0.02204,0.02204,725417.0,1763554499999999,15994.81393,69,453060.0,9990.30776,0
1763554500000000,0.02205,0.02206,0.02205,0.02205,220296.0,1763555399999999,4859.35495,22,189476.0,4179.60343,0
1763555400000000,0.02206,0.02207,0.02206,0.02206,106480.0,1763556299999999,2349.43355,16,44174.0,974.81513,0
1763556300000000,0.02207,0.02209,0.02207,0.02208,218150.0,1763557199999999,4817.46522,22,46161.0,1018.77327,0
1763557200000000,0.02209,0.02209,0.02206,0.02207,95831.0,1763558099999999,2115.24725,19,38953.0,859.74437,0
1763558100000000,0.02208,0.02208,0.02208,0.02208,63446.0,1763558999999999,1400.88768,16,50266.0,1109.87328,0
1763559000000000,0.02209,0.02209,0.02206,0.02206,101984.0,1763559899999999,2250.85823,14,43057.0,950.0627,0
1763559900000000,0.02207,0.02208,0.02204,0.02205,613692.0,1763560799999999,13539.55752,101,395413.0,8726.47668,0
1763560800000000,0.02204,0.02206,0.02203,0.02205,1010098.0,1763561699999999,22269.84052,230,854610.0,18842.25036,0
1763561700000000,0.02204,0.02206,0.02199,0.02204,3776757.0,1763562599999999,83197.78504,562,2688898.0,59241.76824,0
1763562600000000,0.02204,0.02207,0.02202,0.02204,1322212.0,1763563499999999,29149.37038,140,572959.0,12627.22316,0
1763563500000000,0.02205,0.02206,0.02202,0.02202,842728.0,1763564399999999,18578.61518,43,71356.0,1573.38832,0
1763564400000000,0.02204,0.02208,0.02204,0.02206,1026329.0,1763565299999999,22637.12127,112,366592.0,8085.94634,0
1763565300000000,0.02206,0.02206,0.02199,0.022,1162999.0,1763566199999999,25601.00628,150,675651.0,14872.04871,0
1763566200000000,0.022,0.02201,0.02197,0.022,1159133.0,1763567099999999,25491.40802,193,567290.0,12478.16758,0
1763567100000000,0.02198,0.022,0.02197,0.02197,870093.0,1763567999999999,19127.54589,136,369876.0,8131.55891,0
1763568000000000,0.02199,0.02201,0.02198,0.022,531640.0,1763568899999999,11696.00667,58,272889.0,6003.12594,0
1763568900000000,0.022,0.022,0.02196,0.02196,558936.0,1763569799999999,12285.45495,95,317385.0,6975.76477,0
1763569800000000,0.02198,0.022,0.02196,0.02199,741756.0,1763570699999999,16301.07591,148,519686.0,11420.38732,0
1763570700000000,0.02199,0.022,0.02196,0.02197,803335.0,1763571599999999,17644.51983,196,393484.0,8641.32395,0
1763571600000000,0.02197,0.02198,0.02192,0.02192,3123759.0,1763572499999999,68535.85873,633,1927233.0,42293.57193,0
1763572500000000,0.02192,0.02196,0.02192,0.02196,609346.0,1763573399999999,13363.39098,217,373541.0,8192.72313,0
1763573400000000,0.02196,0.02197,0.02191,0.02196,1393991.0,1763574299999999,30578.88349,366,679638.0,14905.89281,0
1763574300000000,0.02197,0.02197,0.02193,0.02194,698534.0,1763575199999999,15337.64342,232,164840.0,3618.57568,0
1763575200000000,0.02194,0.02195,0.02191,0.02192,512508.0,1763576099999999,11239.06293,261,465443.0,10206.64166,0
1763576100000000,0.02192,0.02193,0.02188,0.0219,3579234.0,1763576999999999,78402.97018,739,1959229.0,42927.75607,0
1763577000000000,0.0219,0.02191,0.02189,0.02189,959794.0,1763577899999999,21020.2886,289,449564.0,9846.15819,0
1763577900000000,0.0219,0.02193,0.0219,0.02193,626436.0,1763578799999999,13730.63396,111,326883.0,7163.81541,0
1763578800000000,0.02192,0.02192,0.02188,0.02189,687373.0,1763579699999999,15052.05491,175,330950.0,7247.68052,0
1763579700000000,0.02188,0.02191,0.02186,0.02186,2736330.0,1763580599999999,59864.02585,565,1676885.0,36693.91272,0
1763580600000000,0.02186,0.02188,0.02185,0.02186,499190.0,1763581499999999,10915.31473,110,228499.0,4998.12645,0
1763581500000000,0.02186,0.02188,0.02186,0.02188,25056.0,1763582399999999,547.80485,15,6857.0,149.96716,0
1763582400000000,0.02187,0.02189,0.02178,0.02187,5575700.0,1763583299999999,121722.24439,755,3175845.0,69340.85978,0
1763583300000000,0.02187,0.02191,0.02187,0.0219,768133.0,1763584199999999,16814.81637,313,405626.0,8879.57506,0
1763584200000000,0.02191,0.02192,0.02189,0.02189,911083.0,1763585099999999,19960.1308,247,397928.0,8719.01385,0
1763585100000000,0.02189,0.02193,0.02187,0.02187,1061830.0,1763585999999999,23258.18507,209,323341.0,7082.89455,0
1763586000000000,0.02187,0.02188,0.02186,0.02186,202367.0,1763586899999999,4425.11717,63,67773.0,1482.29721,0
1763586900000000,0.02187,0.02195,0.02187,0.02188,1954685.0,1763587799999999,42856.59769,406,724232.0,15873.87086,0
1763587800000000,0.02188,0.02189,0.02187,0.02189,574988.0,1763588699999999,12577.82839,114,403553.0,8828.35494,0
1763588700000000,0.02189,0.02192,0.02189,0.02191,65718.0,1763589599999999,1440.30414,21,62764.0,1375.64108,0
1763589600000000,0.0219,0.0219,0.02188,0.0219,477953.0,1763590499999999,10464.50358,39,301264.0,6596.23882,0
1763590500000000,0.02188,0.02189,0.02186,0.02189,564412.0,1763591399999999,12345.81904,77,315159.0,6893.40951,0
1763591400000000,0.02189,0.02189,0.02186,0.02186,221627.0,1763592299999999,4846.58271,53,130883.0,2862.4148,0
1763592300000000,0.02186,0.02187,0.02186,0.02187,406018.0,1763593199999999,8876.29797,99,251090.0,5489.57189,0
1763593200000000,0.02187,0.02193,0.02187,0.02191,982983.0,1763594099999999,21525.28584,207,403032.0,8824.55995,0
1763594100000000,0.02192,0.02192,0.02191,0.02192,179871.0,1763594999999999,3941.41202,55,124566.0,2729.67947,0
1763595000000000,0.0219,0.02192,0.0219,0.02192,143509.0,1763595899999999,3144.83247,13,123310.0,2702.12591,0
1763595900000000,0.02192,0.02193,0.02191,0.02193,394228.0,1763596799999999,8642.41063,61,3906.0,85.65858,0
1763596800000000,0.02193,0.02193,0.02188,0.02189,585237.0,1763597699999999,12819.95388,148,470040.0,10296.86149,0
1763597700000000,0.0219,0.02193,0.0219,0.02192,97639.0,1763598599999999,2140.04244,13,2523.0,55.26135,0
1763598600000000,0.02192,0.02194,0.02191,0.02191,153066.0,1763599499999999,3356.80068,23,67351.0,1477.67754,0
1763599500000000,0.02193,0.02193,0.02189,0.02189,51805.0,1763600399999999,1135.58197,6,2756.0,60.43908,0
1763600400000000,0.0219,0.02192,0.02188,0.02191,891480.0,1763601299999999,19534.48,92,365569.0,8008.80036,0
1763601300000000,0.02191,0.02194,0.0219,0.02194,912136.0,1763602199999999,20003.00453,68,451096.0,9893.32661,0
1763602200000000,0.02193,0.02195,0.02193,0.02193,714233.0,1763603099999999,15668.92821,35,73533.0,1614.04935,0
1763603100000000,0.02194,0.02194,0.02193,0.02193,150050.0,1763603999999999,3290.63541,11,0.0,0.0,0
1763604000000000,0.02192,0.02195,0.02187,0.02191,1118833.0,1763604899999999,24521.708,158,432558.0,9475.00214,0
1763604900000000,0.02192,0.02195,0.02192,0.02194,418347.0,1763605799999999,9179.49268,59,91422.0,2005.24457,0
1763605800000000,0.02195,0.02195,0.02194,0.02195,124381.0,1763606699999999,2730.01106,39,30942.0,679.1769,0
1763606700000000,0.02196,0.02196,0.02194,0.02195,410465.0,1763607599999999,9011.10045,107,140160.0,3077.9136,0
1763607600000000,0.02195,0.02195,0.02193,0.02193,145225.0,1763608499999999,3185.67896,24,0.0,0.0,0
1763608500000000,0.02192,0.02193,0.02191,0.02192,29559.0,1763609399999999,647.87186,21,6074.0,133.20282,0
1763609400000000,0.02193,0.02193,0.02191,0.02191,302881.0,1763610299999999,6640.00516,48,143281.0,3141.92423,0
1763610300000000,0.02191,0.02192,0.02191,0.02192,40930.0,1763611199999999,896.78998,4,1368.0,29.98656,0
1763611200000000,0.02191,0.02191,0.02188,0.0219,1059842.0,1763612099999999,23196.50298,100,705574.0,15442.72127,0
1763612100000000,0.02189,0.02189,0.02188,0.02189,43559.0,1763612999999999,953.40844,5,31696.0,693.82544,0
1763613000000000,0.02188,0.02189,0.02188,0.02189,578942.0,1763613899999999,12670.17985,97,544157.0,11909.08405,0
1763613900000000,0.02189,0.02191,0.02189,0.02191,58750.0,1763614799999999,1287.19618,6,58391.0,1279.33767,0
1763614800000000,0.02193,0.02193,0.0219,0.0219,173294.0,1763615699999999,3797.65049,17,20671.0,452.90735,0
1763615700000000,0.02191,0.02192,0.02191,0.02192,172234.0,1763616599999999,3775.35918,11,123521.0,2707.58032,0
1763616600000000,0.02192,0.02192,0.02192,0.02192,55012.0,1763617499999999,1205.86304,9,0.0,0.0,0
1763617500000000,0.02191,0.02192,0.02191,0.02191,21978.0,1763618399999999,481.55593,7,1795.0,39.3464,0
1763618400000000,0.02192,0.02193,0.02191,0.02191,102034.0,1763619299999999,2236.80411,8,102034.0,2236.80411,0
1763619300000000,0.02192,0.02192,0.02189,0.02189,137432.0,1763620199999999,3008.4192,19,1424.0,31.20408,0
1763620200000000,0.02189,0.0219,0.02189,0.0219,128696.0,1763621099999999,2818.1395,12,39111.0,856.5309,0
1763621100000000,0.02188,0.02189,0.02187,0.02187,93501.0,1763621999999999,2045.76542,11,31684.0,693.24592,0
1763622000000000,0.02187,0.02188,0.02187,0.02188,293021.0,1763622899999999,6411.17933,36,106716.0,2334.94608,0
1763622900000000,0.02189,0.02189,0.02187,0.02188,282235.0,1763623799999999,6174.94468,19,279337.0,6111.56542,0
1763623800000000,0.02188,0.02188,0.02188,0.02188,18926.0,1763624699999999,414.10088,2,0.0,0.0,0
1763624700000000,0.02189,0.02191,0.02189,0.02191,547563.0,1763625599999999,11987.93282,32,297204.0,6505.89112,0
1763625600000000,0.02189,0.02192,0.02189,0.02192,197399.0,1763626499999999,4326.80257,21,83154.0,1822.58994,0
1763626500000000,0.02191,0.02191,0.02191,0.02191,32922.0,1763627399999999,721.32102,5,32490.0,711.8559,0
1763627400000000,0.02192,0.02196,0.02192,0.02193,1115108.0,1763628299999999,24465.52525,100,572255.0,12558.1429,0
1763628300000000,0.02193,0.02193,0.02193,0.02193,153414.0,1763629199999999,3364.36902,45,100026.0,2193.57018,0
1763629200000000,0.02192,0.02194,0.02192,0.02193,105520.0,1763630099999999,2313.92412,50,7266.0,159.40696,0
1763630100000000,0.02193,0.02193,0.0219,0.02191,155534.0,1763630999999999,3408.83575,48,48789.0,1069.54607,0
1763631000000000,0.02191,0.02194,0.02191,0.02193,311224.0,1763631899999999,6826.53758,101,110462.0,2422.69751,0
1763631900000000,0.02193,0.02193,0.02189,0.02189,350875.0,1763632799999999,7684.0965,40,167310.0,3662.53557,0
1763632800000000,0.02189,0.02189,0.02188,0.02188,61474.0,1763633699999999,1345.65643,13,28551.0,624.98139,0
1763633700000000,0.0219,0.02191,0.0219,0.02191,72832.0,1763634599999999,1595.43289,4,72832.0,1595.43289,0
1763634600000000,0.02192,0.02193,0.02192,0.02192,229492.0,1763635499999999,5032.22275,74,60277.0,1321.70799,0
1763635500000000,0.02194,0.02194,0.02193,0.02193,294428.0,1763636399999999,6459.35918,49,27930.0,612.62517,0
1763636400000000,0.02192,0.02192,0.02191,0.02191,10842.0,1763637299999999,237.64565,6,0.0,0.0,0
1763637300000000,0.02192,0.02193,0.02192,0.02192,8582.0,1763638199999999,188.137,6,1956.0,42.89508,0
1763638200000000,0.02193,0.02194,0.02193,0.02194,178566.0,1763639099999999,3917.57836,73,0.0,0.0,0
1763639100000000,0.02193,0.02193,0.02192,0.02193,80576.0,1763639999999999,1766.98131,13,31054.0,681.01422,0
1763640000000000,0.02192,0.02194,0.02192,0.02194,113005.0,1763640899999999,2478.95445,42,62275.0,1366.3135,0
1763640900000000,0.02193,0.02194,0.02193,0.02194,141358.0,1763641799999999,3100.7463,65,76536.0,1679.19984,0
1763641800000000,0.02194,0.02195,0.02193,0.02193,650239.0,1763642699999999,14267.75217,144,266414.0,5845.61981,0
1763642700000000,0.02193,0.02195,0.02191,0.02191,663959.0,1763643599999999,14556.08392,103,59301.0,1301.16282,0
1763643600000000,0.02191,0.02192,0.0219,0.02192,286354.0,1763644499999999,6273.5114,24,281686.0,6171.2822,0
1763644500000000,0.02189,0.02189,0.02187,0.02187,869463.0,1763645399999999,19018.73137,81,562641.0,12306.89918,0
1763645400000000,0.02187,0.02191,0.02187,0.02187,1125167.0,1763646299999999,24630.92058,159,707441.0,15483.49566,0
1763646300000000,0.02188,0.0219,0.02186,0.02189,510677.0,1763647199999999,11168.6695,60,296163.0,6477.81547,0
1763647200000000,0.02187,0.02188,0.02183,0.02186,1710697.0,1763648099999999,37388.8897,252,1253194.0,27388.46196,0
1763648100000000,0.02187,0.02191,0.02187,0.0219,1170994.0,1763648999999999,25644.21205,76,239034.0,5233.89129,0
1763649000000000,0.02191,0.02193,0.02185,0.02188,948832.0,1763649899999999,20761.37172,220,736431.0,16113.72137,0
1763649900000000,0.02189,0.0219,0.02188,0.02189,205240.0,1763650799999999,4492.44927,25,125312.0,2743.08037,0
1763650800000000,0.02186,0.02187,0.02181,0.02183,1942333.0,1763651699999999,42414.36326,465,1435114.0,31336.94365,0
1763651700000000,0.02183,0.02185,0.02183,0.02183,297553.0,1763652599999999,6497.86167,88,87481.0,1911.13541,0
1763652600000000,0.02183,0.02184,0.02182,0.02183,236679.0,1763653499999999,5165.6526,75,120803.0,2636.51043,0
1763653500000000,0.02182,0.02183,0.02169,0.02179,5398609.0,1763654399999999,117469.38895,470,2638762.0,57453.71119,0
1763654400000000,0.02178,0.0218,0.02174,0.02175,5011202.0,1763655299999999,109107.9231,1406,3730157.0,81216.23245,0
1763655300000000,0.02175,0.02177,0.02168,0.02171,8050745.0,1763656199999999,174857.67611,2512,4256594.0,92444.63009,0
1763656200000000,0.0217,0.02173,0.02162,0.02167,5562319.0,1763657099999999,120602.0652,1409,2778323.0,60247.69542,0
1763657100000000,0.02167,0.02169,0.02162,0.02166,2989571.0,1763657999999999,64740.0728,615,1320797.0,28607.97573,0
1763658000000000,0.02166,0.02167,0.02162,0.02163,2355957.0,1763658899999999,50970.07086,796,1664666.0,36013.19223,0
1763658900000000,0.02163,0.02168,0.02162,0.02166,1188572.0,1763659799999999,25727.35034,482,525372.0,11368.3704,0
1763659800000000,0.02166,0.0217,0.02165,0.02168,1406925.0,1763660699999999,30506.69211,406,598023.0,12967.23546,0
1763660700000000,0.02169,0.02173,0.02168,0.0217,1772730.0,1763661599999999,38472.44309,150,682954.0,14823.49911,0
1763661600000000,0.0217,0.02171,0.02165,0.02171,774440.0,1763662499999999,16779.89859,96,539414.0,11688.87389,0
1763662500000000,0.0217,0.0217,0.02168,0.02169,110628.0,1763663399999999,2399.38967,21,59057.0,1280.81147,0
1763663400000000,0.02169,0.02169,0.02165,0.02166,174917.0,1763664299999999,3789.32334,18,44091.0,955.01106,0
1763664300000000,0.02165,0.02167,0.02165,0.02167,571979.0,1763665199999999,12386.55559,121,525527.0,11380.71701,0
1763665200000000,0.02168,0.02168,0.02155,0.02163,5310411.0,1763666099999999,114735.84523,1084,3573102.0,77186.31243,0
1763666100000000,0.02165,0.02168,0.02165,0.02167,1293544.0,1763666999999999,28030.89177,99,123954.0,2686.37595,0
1763667000000000,0.02166,0.02166,0.02161,0.02163,531887.0,1763667899999999,11503.55976,186,374092.0,8089.82054,0
1763667900000000,0.02163,0.02167,0.02163,0.02167,317791.0,1763668799999999,6879.56567,65,190038.0,4116.21352,0
1763668800000000,0.02167,0.02167,0.02162,0.02162,170319.0,1763669699999999,3685.80545,87,64911.0,1403.71528,0
1763669700000000,0.02164,0.02168,0.02164,0.02166,462080.0,1763670599999999,10014.58391,69,66950.0,1449.56652,0
1763670600000000,0.02166,0.02166,0.02163,0.02165,247417.0,1763671499999999,5355.94245,114,150982.0,3268.61203,0
1763671500000000,0.02165,0.02167,0.02165,0.02165,336519.0,1763672399999999,7290.88844,101,148819.0,3223.62038,0
1763672400000000,0.02165,0.02169,0.02165,0.02166,404791.0,1763673299999999,8773.45825,126,143231.0,3104.1019,0
1763673300000000,0.02167,0.02169,0.02164,0.02164,863702.0,1763674199999999,18720.37743,152,339164.0,7353.9118,0
1763674200000000,0.02164,0.02166,0.02163,0.02166,368340.0,1763675099999999,7968.79296,128,346894.0,7504.85315,0
1763675100000000,0.02166,0.02166,0.02163,0.02163,297517.0,1763675999999999,6435.55538,79,151410.0,3275.03646,0
1763676000000000,0.02162,0.02167,0.02162,0.02167,502882.0,1763676899999999,10881.47782,105,368327.0,7970.45243,0
1763676900000000,0.02167,0.02167,0.02163,0.02167,290619.0,1763677799999999,6292.81065,93,75097.0,1626.60127,0
1763677800000000,0.02167,0.0217,0.02166,0.02168,492175.0,1763678699999999,10668.8262,92,150655.0,3265.40144,0
1763678700000000,0.02169,0.02171,0.02168,0.0217,495176.0,1763679599999999,10742.40726,48,132928.0,2884.75415,0
1763679600000000,0.02169,0.02169,0.02165,0.02167,732932.0,1763680499999999,15882.30018,116,269890.0,5848.12988,0
1763680500000000,0.02165,0.02165,0.02165,0.02165,33615.0,1763681399999999,727.76475,2,15879.0,343.78035,0
1763681400000000,0.02163,0.02164,0.02161,0.02163,966590.0,1763682299999999,20907.48735,113,854832.0,18491.34981,0
1763682300000000,0.02163,0.02163,0.02161,0.02162,359098.0,1763683199999999,7765.83563,33,249623.0,5398.28281,0
1763683200000000,0.02162,0.02168,0.02162,0.02168,683510.0,1763684099999999,14800.20527,75,283628.0,6142.76043,0
1763684100000000,0.02167,0.02168,0.02167,0.02167,21848.0,1763684999999999,473.55512,10,2310.0,50.0808,0
1763685000000000,0.02168,0.0217,0.02167,0.02169,544923.0,1763685899999999,11819.24743,40,55566.0,1205.76168,0
1763685900000000,0.02168,0.02169,0.02167,0.02168,107192.0,1763686799999999,2323.62761,12,40523.0,878.54109,0
1763686800000000,0.02167,0.02168,0.02166,0.02166,181512.0,1763687699999999,3933.6743,25,45851.0,993.60518,0
1763687700000000,0.02166,0.02168,0.02164,0.02168,270861.0,1763688599999999,5865.64835,30,145776.0,3156.06835,0
1763688600000000,0.02168,0.02168,0.02167,0.02167,237242.0,1763689499999999,5142.72599,19,0.0,0.0,0
1763689500000000,0.02165,0.02165,0.02164,0.02164,77435.0,1763690399999999,1676.08958,8,0.0,0.0,0
1763690400000000,0.02163,0.02165,0.02161,0.02163,1066156.0,1763691299999999,23062.05333,125,866967.0,18754.57087,0
1763691300000000,0.02162,0.02166,0.02161,0.02164,1103221.0,1763692199999999,23859.44015,173,819314.0,17718.35444,0
1763692200000000,0.02164,0.02165,0.02161,0.02163,559145.0,1763693099999999,12094.09219,129,404817.0,8756.18606,0
1763693100000000,0.02162,0.02163,0.02158,0.0216,1676049.0,1763693999999999,36208.2475,339,1448162.0,31287.05855,0
1763694000000000,0.0216,0.02168,0.02159,0.02162,745077.0,1763694899999999,16131.95511,83,208298.0,4509.50562,0
1763694900000000,0.02162,0.02163,0.0216,0.02162,503192.0,1763695799999999,10871.85126,202,369367.0,7980.0033,0
1763695800000000,0.02161,0.02164,0.02161,0.02163,174003.0,1763696699999999,3762.82491,49,148965.0,3221.70391,0
1763696700000000,0.02163,0.02163,0.02162,0.02162,25997.0,1763697599999999,562.19648,5,0.0,0.0,0
1763697600000000,0.02161,0.02163,0.0216,0.02162,87390.0,1763698499999999,1888.88861,28,77783.0,1681.34749,0
1763698500000000,0.02162,0.02163,0.02161,0.02161,225979.0,1763699399999999,4886.09371,33,149407.0,3230.74588,0
1763699400000000,0.02161,0.02163,0.02158,0.02162,954351.0,1763700299999999,20614.40838,190,602013.0,13005.36281,0
1763700300000000,0.02162,0.02163,0.02159,0.02159,169057.0,1763701199999999,3651.7118,89,77113.0,1665.8753,0
1763701200000000,0.02159,0.02162,0.02158,0.02162,622581.0,1763702099999999,13445.36626,258,457133.0,9873.38803,0
1763702100000000,0.02162,0.02166,0.02162,0.02165,688349.0,1763702999999999,14901.65326,80,193373.0,4186.0004,0
1763703000000000,0.02165,0.02171,0.02163,0.02163,1742183.0,1763703899999999,37759.46311,159,808192.0,17518.90525,0
1763703900000000,0.02163,0.02166,0.02163,0.02165,96268.0,1763704799999999,2084.325,42,48663.0,1053.77912,0
1763704800000000,0.02166,0.02166,0.02164,0.02165,134290.0,1763705699999999,2907.86363,38,54254.0,1174.62814,0
1763705700000000,0.02164,0.02164,0.02163,0.02163,2422.0,1763706599999999,52.40977,6,2191.0,47.41324,0
1763706600000000,0.02165,0.02167,0.02164,0.02167,104212.0,1763707499999999,2256.09929,13,49620.0,1074.18249,0
1763707500000000,0.02167,0.02168,0.02166,0.02168,618351.0,1763708399999999,13397.47676,36,252915.0,5480.96013,0
1763708400000000,0.02167,0.02167,0.02165,0.02165,79069.0,1763709299999999,1712.80643,6,230.0,4.9841,0
1763709300000000,0.02161,0.02163,0.0216,0.0216,682591.0,1763710199999999,14752.02815,160,584178.0,12625.7646,0
1763710200000000,0.0216,0.02161,0.02149,0.02158,7966862.0,1763711099999999,171745.50085,1604,5194276.0,111988.93375,0
1763711100000000,0.02157,0.02157,0.02152,0.02154,1687722.0,1763711999999999,36361.85695,657,1306839.0,28155.04066,0
1763712000000000,0.02154,0.02155,0.0214,0.02154,4861582.0,1763712899999999,104301.00582,704,2975516.0,63822.4373,0
1763712900000000,0.02154,0.02158,0.02154,0.02154,548864.0,1763713799999999,11834.14588,278,163990.0,3534.98189,0
1763713800000000,0.02155,0.02155,0.0215,0.0215,652301.0,1763714699999999,14037.49281,197,464795.0,10001.71258,0
1763714700000000,0.0215,0.02153,0.02149,0.02152,1435428.0,1763715599999999,30878.50887,560,1298164.0,27926.83028,0
1763715600000000,0.02152,0.02153,0.02149,0.02149,1431425.0,1763716499999999,30786.04188,377,1077903.0,23182.92595,0
1763716500000000,0.0215,0.0215,0.02147,0.02148,2009536.0,1763717399999999,43183.50818,328,1235635.0,26555.22747,0
1763717400000000,0.02147,0.02148,0.02143,0.02143,5091438.0,1763718299999999,109207.87537,534,3249395.0,69709.09146,0
1763718300000000,0.02142,0.02144,0.02142,0.02144,1838913.0,1763719199999999,39408.95128,273,1414823.0,30323.63652,0
1763719200000000,0.02142,0.02142,0.02137,0.02139,4478310.0,1763720099999999,95828.21375,622,3517024.0,75264.5225,0
1763720100000000,0.02137,0.0214,0.02132,0.02137,3742585.0,1763720999999999,79971.19164,397,2609803.0,55771.94278,0
1763721000000000,0.02137,0.02139,0.02137,0.02139,1377715.0,1763721899999999,29457.2273,185,656530.0,14037.22278,0
1763721900000000,0.02138,0.0214,0.02137,0.02138,704895.0,1763722799999999,15072.93185,94,377575.0,8073.87036,0
1763722800000000,0.02137,0.02141,0.02136,0.02138,1821078.0,1763723699999999,38930.54408,326,787546.0,16835.88775,0
1763723700000000,0.02139,0.02139,0.02136,0.02137,674997.0,1763724599999999,14424.91832,73,326608.0,6979.64922,0
1763724600000000,0.02135,0.02137,0.02133,0.02134,2024913.0,1763725499999999,43230.63089,187,1284869.0,27431.93383,0
1763725500000000,0.02134,0.02135,0.02131,0.02132,2538943.0,1763726399999999,54166.03741,273,1633161.0,34845.36823,0
1763726400000000,0.02132,0.02132,0.02126,0.02128,4684169.0,1763727299999999,99760.25709,472,3089307.0,65804.88466,0
1763727300000000,0.02127,0.02129,0.02121,0.02122,6243977.0,1763728199999999,132721.44655,792,4269130.0,90759.14587,0
1763728200000000,0.02123,0.02131,0.02123,0.02128,2061839.0,1763729099999999,43883.67769,294,1042475.0,22184.4555,0
1763729100000000,0.02128,0.02132,0.02126,0.02127,2342874.0,1763729999999999,49884.22485,361,1680440.0,35776.27121,0
1763730000000000,0.02127,0.02133,0.02125,0.0213,1771296.0,1763730899999999,37708.85781,276,1022397.0,21757.07978,0
1763730900000000,0.0213,0.02135,0.0213,0.02133,2533297.0,1763731799999999,54027.26297,262,926313.0,19756.00403,0
1763731800000000,0.02133,0.02139,0.02132,0.02136,2855643.0,1763732699999999,60976.79364,266,852826.0,18211.3758,0
1763732700000000,0.02136,0.02136,0.02133,0.02133,823983.0,1763733599999999,17594.12289,117,132707.0,2834.17761,0
1763733600000000,0.02132,0.02133,0.02129,0.02131,446959.0,1763734499999999,9522.49717,30,435822.0,9285.16886,0
1763734500000000,0.0213,0.0213,0.02129,0.02129,680531.0,1763735399999999,14494.0864,46,538001.0,11458.6052,0
1763735400000000,0.02128,0.02134,0.02128,0.0213,1790477.0,1763736299999999,38142.02957,173,1225989.0,26113.06613,0
1763736300000000,0.02129,0.02135,0.02128,0.02134,983790.0,1763737199999999,20971.13323,147,500366.0,10669.09897,0
1763737200000000,0.02132,0.02132,0.02127,0.02131,1078885.0,1763738099999999,22966.44665,90,860602.0,18318.40392,0
1763738100000000,0.02132,0.02132,0.02126,0.02127,1303829.0,1763738999999999,27750.22285,88,793981.0,16897.96366,0
1763739000000000,0.02126,0.02128,0.02122,0.02125,3055156.0,1763739899999999,64942.20982,223,2367765.0,50336.13889,0
1763739900000000,0.02126,0.02128,0.02111,0.02114,16878284.0,1763740799999999,357378.28688,1281,7676342.0,162630.2636,0
1763740800000000,0.02113,0.02116,0.02094,0.02099,28276742.0,1763741699999999,594655.91192,1805,13966628.0,293781.0181,0
1763741700000000,0.02099,0.02105,0.02097,0.02104,1488320.0,1763742599999999,31273.73999,156,804289.0,16891.69113,0
1763742600000000,0.02105,0.02106,0.02098,0.02098,2340854.0,1763743499999999,49203.89287,215,838969.0,17628.45312,0
1763743500000000,0.02098,0.02106,0.02096,0.02104,1596444.0,1763744399999999,33543.17848,271,728547.0,15296.56541,0
1763744400000000,0.02104,0.02108,0.02102,0.02107,1690927.0,1763745299999999,35603.32824,150,757000.0,15937.53196,0
1763745300000000,0.02106,0.02133,0.02106,0.02118,18687956.0,1763746199999999,395763.27494,913,11384407.0,241171.51302,0
1763746200000000,0.02119,0.02121,0.02117,0.02119,4136245.0,1763747099999999,87655.90338,218,1657675.0,35138.13232,0
1763747100000000,0.0212,0.02122,0.02117,0.02117,1269931.0,1763747999999999,26931.63435,185,609140.0,12921.26522,0
1763748000000000,0.02116,0.02116,0.0211,0.02113,3315373.0,1763748899999999,70072.84776,201,2797930.0,59138.51399,0
1763748900000000,0.02112,0.02112,0.02082,0.021,26601987.0,1763749799999999,558782.19707,1492,12649496.0,265765.63455,0
1763749800000000,0.021,0.02104,0.02099,0.02099,978218.0,1763750699999999,20560.4878,74,304615.0,6401.24619,0
1763750700000000,0.02099,0.02104,0.02098,0.02098,1716614.0,1763751599999999,36065.7571,270,876757.0,18411.98717,0
1763751600000000,0.02099,0.02101,0.02095,0.02099,1148459.0,1763752499999999,24099.14123,99,722071.0,15154.68939,0
1763752500000000,0.021,0.02103,0.021,0.02101,467245.0,1763753399999999,9821.9147,35,79504.0,1670.59347,0
1763753400000000,0.02102,0.02102,0.02097,0.02098,577369.0,1763754299999999,12116.67105,53,481087.0,10094.79599,0
1763754300000000,0.02099,0.02101,0.02097,0.021,434613.0,1763755199999999,9124.60616,41,155772.0,3270.47364,0
1763755200000000,0.02101,0.02101,0.02096,0.021,518415.0,1763756099999999,10876.3733,65,375465.0,7875.84022,0
1763756100000000,0.021,0.021,0.02096,0.02096,510674.0,1763756999999999,10707.59775,37,267501.0,5607.62778,0
1763757000000000,0.02096,0.02102,0.02096,0.02101,1145904.0,1763757899999999,24045.37388,73,655695.0,13749.61836,0
1763757900000000,0.02101,0.02101,0.02097,0.02099,719916.0,1763758799999999,15114.39171,75,390718.0,8200.74385,0
1763758800000000,0.021,0.02101,0.02096,0.02098,600211.0,1763759699999999,12590.66436,40,401744.0,8426.08189,0
1763759700000000,0.021,0.02105,0.021,0.02103,2067504.0,1763760599999999,43475.78996,135,677904.0,14259.35996,0
1763760600000000,0.02103,0.02107,0.02103,0.02106,1262713.0,1763761499999999,26581.52995,72,502038.0,10571.34357,0
1763761500000000,0.02104,0.02105,0.02104,0.02104,459189.0,1763762399999999,9663.29287,29,98383.0,2070.02583,0
1763762400000000,0.02106,0.02106,0.02104,0.02106,450273.0,1763763299999999,9480.39754,33,75832.0,1597.02192,0
1763763300000000,0.02106,0.02108,0.02103,0.02104,1054385.0,1763764199999999,22207.01374,130,284771.0,5998.47959,0
1763764200000000,0.02104,0.02104,0.02099,0.02101,1563775.0,1763765099999999,32845.93048,110,1117344.0,23467.41083,0
1763765100000000,0.021,0.02101,0.02097,0.02099,1488811.0,1763765999999999,31249.83594,92,1132847.0,23778.83193,0
1763766000000000,0.02098,0.021,0.02097,0.02099,1336784.0,1763766899999999,28043.69619,93,1125006.0,23601.11529,0
1763766900000000,0.02098,0.02105,0.02098,0.02103,1242454.0,1763767799999999,26135.39292,90,354996.0,7469.11023,0
1763767800000000,0.02104,0.02105,0.02103,0.02104,433287.0,1763768699999999,9115.61939,35,74374.0,1564.84396,0
1763768700000000,0.02105,0.02105,0.02104,0.02105,330601.0,1763769599999999,6956.47713,27,83509.0,1757.02936,0
1763769600000000,0.02104,0.02105,0.02103,0.02104,713710.0,1763770499999999,15018.83634,52,128017.0,2693.3944,0
1763770500000000,0.02105,0.02105,0.02101,0.02101,105025.0,1763771399999999,2208.5236,18,37512.0,788.35395,0
1763771400000000,0.021,0.02101,0.02099,0.021,543464.0,1763772299999999,11413.78028,51,320147.0,6724.91748,0
1763772300000000,0.02099,0.021,0.02097,0.02097,2104406.0,1763773199999999,44154.58806,142,1525289.0,32006.63803,0
1763773200000000,0.02098,0.02101,0.02098,0.02098,448609.0,1763774099999999,9415.22888,36,213704.0,4484.61773,0
1763774100000000,0.02099,0.021,0.02099,0.021,70328.0,1763774999999999,1476.27036,8,65816.0,1381.56348,0
1763775000000000,0.02102,0.02104,0.02102,0.02103,320762.0,1763775899999999,6745.43879,22,83089.0,1747.20698,0
1763775900000000,0.02103,0.02103,0.02101,0.02101,742541.0,1763776799999999,15614.13738,32,92465.0,1944.53895,0
1763776800000000,0.02102,0.02105,0.02102,0.02104,1045130.0,1763777699999999,21989.73261,67,184728.0,3884.72972,0
1763777700000000,0.02104,0.02104,0.02102,0.02104,167206.0,1763778599999999,3516.00194,32,160244.0,3369.59108,0
1763778600000000,0.02103,0.02103,0.02099,0.02101,152791.0,1763779499999999,3209.96098,14,46112.0,968.81312,0
1763779500000000,0.02101,0.02101,0.02101,0.02101,0.0,1763780399999999,0.0,0,0.0,0.0,0
1763780400000000,0.021,0.02103,0.02099,0.02103,275587.0,1763781299999999,5787.6069,21,258510.0,5428.9334,0
1763781300000000,0.02103,0.02104,0.02103,0.02104,61909.0,1763782199999999,1301.94887,10,260.0,5.4704,0
1763782200000000,0.02103,0.02103,0.02102,0.02102,54364.0,1763783099999999,1143.17555,11,41038.0,863.02914,0
1763783100000000,0.02104,0.02105,0.02104,0.02105,542747.0,1763783999999999,11423.9951,32,11524.0,242.55238,0
1763784000000000,0.02104,0.02104,0.021,0.021,390826.0,1763784899999999,8214.9512,43,142657.0,2997.42796,0
1763784900000000,0.021,0.021,0.02098,0.021,513017.0,1763785799999999,10769.89603,49,287715.0,6039.46239,0
1763785800000000,0.021,0.021,0.02098,0.02098,316383.0,1763786699999999,6640.63079,23,238351.0,5002.92938,0
1763786700000000,0.02099,0.02104,0.02099,0.02103,210776.0,1763787599999999,4425.73,31,202131.0,4244.10153,0
1763787600000000,0.02104,0.02104,0.02098,0.021,371720.0,1763788499999999,7816.25731,26,96190.0,2020.91728,0
1763788500000000,0.02099,0.02099,0.02097,0.02099,866527.0,1763789399999999,18179.6418,65,779356.0,16351.66334,0
1763789400000000,0.02098,0.02101,0.02097,0.02101,686620.0,1763790299999999,14408.42842,51,529647.0,11113.16987,0
1763790300000000,0.02103,0.02103,0.021,0.02101,212753.0,1763791199999999,4473.14275,20,24312.0,511.07476,0
1763791200000000,0.02102,0.02102,0.02099,0.02099,96422.0,1763792099999999,2025.10993,12,41299.0,866.9985,0
1763792100000000,0.021,0.02101,0.021,0.02101,167407.0,1763792999999999,3515.58308,20,135647.0,2848.62308,0
1763793000000000,0.02102,0.02104,0.02102,0.02102,794546.0,1763793899999999,16709.65581,62,186846.0,3930.72834,0
1763793900000000,0.02103,0.02105,0.02103,0.02103,739519.0,1763794799999999,15559.8581,55,168324.0,3541.55112,0
1763794800000000,0.02104,0.02104,0.02103,0.02103,200190.0,1763795699999999,4211.95356,21,56866.0,1196.46064,0
1763795700000000,0.02102,0.02102,0.021,0.02101,268143.0,1763796599999999,5632.72133,24,159589.0,3351.95279,0
1763796600000000,0.02102,0.02102,0.02098,0.02099,379801.0,1763797499999999,7971.47285,24,375323.0,7877.47704,0
1763797500000000,0.02099,0.02101,0.02099,0.02101,30329.0,1763798399999999,636.86095,7,21128.0,443.688,0
1763798400000000,0.02102,0.02103,0.02101,0.02101,82301.0,1763799299999999,1729.91321,10,40758.0,856.73716,0
1763799300000000,0.021,0.021,0.02097,0.02099,384135.0,1763800199999999,8063.16327,25,340156.0,7139.98704,0
1763800200000000,0.02099,0.02101,0.02097,0.021,1044429.0,1763801099999999,21919.91291,83,721848.0,15151.5576,0
1763801100000000,0.021,0.02102,0.021,0.021,368433.0,1763801999999999,7740.41908,32,95324.0,2003.03062,0
1763802000000000,0.021,0.02101,0.021,0.02101,195531.0,1763802899999999,4106.49712,16,29544.0,620.64373,0
1763802900000000,0.02102,0.02103,0.02099,0.02102,422789.0,1763803799999999,8883.5307,39,345699.0,7263.61237,0
1763803800000000,0.02102,0.02104,0.021,0.021,595406.0,1763804699999999,12515.23466,53,166345.0,3495.12274,0
1763804700000000,0.02101,0.02101,0.02098,0.02098,221793.0,1763805599999999,4655.33325,23,33017.0,693.38369,0
1763805600000000,0.02099,0.02101,0.02098,0.02099,156112.0,1763806499999999,3277.16264,25,122554.0,2572.49484,0
1763806500000000,0.02098,0.02099,0.02094,0.02096,1189386.0,1763807399999999,24938.89684,66,967687.0,20291.34535,0
1763807400000000,0.02095,0.02097,0.02092,0.02096,578485.0,1763808299999999,12116.60516,54,266218.0,5578.02617,0
1763808300000000,0.02095,0.02096,0.02094,0.02096,520729.0,1763809199999999,10912.2,32,518337.0,10862.11152,0
1763809200000000,0.02096,0.02098,0.02096,0.02098,84832.0,1763810099999999,1779.37034,7,83984.0,1761.58834,0
1763810100000000,0.021,0.02102,0.02098,0.021,733426.0,1763810999999999,15402.25283,57,435248.0,9140.38861,0
1763811000000000,0.02099,0.02099,0.02098,0.02098,58343.0,1763811899999999,1224.55382,6,3881.0,81.42338,0
1763811900000000,0.021,0.02101,0.021,0.02101,526198.0,1763812799999999,11054.99654,36,72167.0,1515.97111,0
1763812800000000,0.021,0.021,0.02097,0.02097,199961.0,1763813699999999,4197.88368,22,72154.0,1515.234,0
1763813700000000,0.02097,0.02098,0.02097,0.02098,109677.0,1763814599999999,2300.00533,9,108844.0,2282.53732,0
1763814600000000,0.02097,0.02097,0.02096,0.02096,276601.0,1763815499999999,5797.93986,20,276601.0,5797.93986,0
1763815500000000,0.02095,0.02097,0.02095,0.02097,26883.0,1763816399999999,563.51112,8,10324.0,216.40799,0
1763816400000000,0.02096,0.02098,0.02094,0.02098,46147.0,1763817299999999,966.85511,8,45317.0,949.47491,0
1763817300000000,0.02096,0.02097,0.02096,0.02097,9150.0,1763818199999999,191.85126,7,6726.0,141.04422,0
1763818200000000,0.02097,0.02097,0.02095,0.02097,54117.0,1763819099999999,1134.51353,14,31268.0,655.58233,0
1763819100000000,0.02098,0.021,0.02098,0.021,178404.0,1763819999999999,3743.29664,18,138021.0,2896.05188,0
1763820000000000,0.02099,0.02102,0.02099,0.02099,490624.0,1763820899999999,10305.772,37,193213.0,4059.11544,0
1763820900000000,0.021,0.02103,0.02099,0.02099,473442.0,1763821799999999,9943.6743,37,121012.0,2541.11406,0
1763821800000000,0.02099,0.021,0.02097,0.02099,255775.0,1763822699999999,5369.15271,22,56733.0,1190.50992,0
1763822700000000,0.02099,0.02103,0.02099,0.02101,733810.0,1763823599999999,15424.36676,56,176007.0,3699.53816,0
1763823600000000,0.02101,0.02101,0.02099,0.02099,256174.0,1763824499999999,5379.31385,37,49995.0,1049.895,0
1763824500000000,0.02099,0.02099,0.02099,0.02099,0.0,1763825399999999,0.0,0,0.0,0.0,0
1763825400000000,0.02098,0.02099,0.02095,0.02096,165622.0,1763826299999999,3471.81261,23,112199.0,2351.70434,0
1763826300000000,0.02096,0.02098,0.02096,0.02098,130901.0,1763827199999999,2744.97983,9,95093.0,1994.10021,0
1763827200000000,0.02097,0.02102,0.02093,0.021,807849.0,1763828099999999,16942.42571,71,523813.0,10987.13455,0
1763828100000000,0.02102,0.02102,0.02101,0.02101,470121.0,1763828999999999,9878.62603,28,27511.0,578.19687,0
1763829000000000,0.02101,0.02102,0.02101,0.02102,369741.0,1763829899999999,7770.0852,28,93274.0,1959.99614,0
1763829900000000,0.02102,0.02104,0.02102,0.02102,677181.0,1763830799999999,14237.28441,40,301104.0,6329.878,0
1763830800000000,0.02102,0.02103,0.02101,0.02103,127898.0,1763831699999999,2688.46431,15,100915.0,2121.28968,0
1763831700000000,0.02102,0.02103,0.02102,0.02102,330687.0,1763832599999999,6951.09387,67,92918.0,1953.18949,0
1763832600000000,0.02102,0.02102,0.02101,0.02102,72443.0,1763833499999999,1522.52406,8,9279.0,195.04458,0
1763833500000000,0.02101,0.02101,0.02101,0.02101,18741.0,1763834399999999,393.74841,2,0.0,0.0,0
1763834400000000,0.02101,0.02102,0.02099,0.02102,206256.0,1763835299999999,4333.00854,43,190806.0,4008.70275,0
1763835300000000,0.02102,0.02102,0.02101,0.02101,8276.0,1763836199999999,173.90816,2,2940.0,61.7988,0
1763836200000000,0.02101,0.02101,0.02099,0.02099,181812.0,1763837099999999,3819.742,14,238.0,4.998,0
1763837100000000,0.02101,0.02102,0.02101,0.02102,88391.0,1763837999999999,1857.50516,11,88391.0,1857.50516,0
1763838000000000,0.02103,0.02104,0.02101,0.02101,677332.0,1763838899999999,14241.20973,75,130517.0,2744.92762,0
1763838900000000,0.021,0.021,0.021,0.021,18186.0,1763839799999999,381.906,5,0.0,0.0,0
1763839800000000,0.02102,0.02102,0.02102,0.02102,525.0,1763840699999999,11.0355,1,525.0,11.0355,0
1763840700000000,0.02102,0.02104,0.02102,0.02103,361522.0,1763841599999999,7603.50627,34,121928.0,2564.84445,0
1763841600000000,0.02103,0.02104,0.02103,0.02104,75688.0,1763842499999999,1591.72249,13,0.0,0.0,0
1763842500000000,0.02104,0.02104,0.02104,0.02104,128913.0,1763843399999999,2712.32952,40,0.0,0.0,0
1763843400000000,0.02104,0.02105,0.02102,0.02102,27458.0,1763844299999999,577.50269,20,10389.0,218.55287,0
1763844300000000,0.02103,0.02103,0.02099,0.02099,126186.0,1763845199999999,2650.24581,13,19539.0,410.22675,0
1763845200000000,0.021,0.02101,0.02099,0.02101,52838.0,1763846099999999,1109.64419,14,52038.0,1092.85219,0
1763846100000000,0.02101,0.02103,0.02101,0.02102,222141.0,1763846999999999,4669.47605,127,146965.0,3089.29913,0
1763847000000000,0.02102,0.02104,0.02102,0.02104,54842.0,1763847899999999,1153.21887,35,30365.0,638.71233,0
1763847900000000,0.02104,0.02105,0.02102,0.02102,544282.0,1763848799999999,11448.74216,143,46352.0,975.45847,0
1763848800000000,0.02102,0.02102,0.021,0.02102,151759.0,1763849699999999,3189.13259,50,56204.0,1181.22255,0
1763849700000000,0.02103,0.02104,0.02102,0.02103,521191.0,1763850599999999,10961.88811,146,93012.0,1956.45658,0
1763850600000000,0.02102,0.02102,0.021,0.021,216032.0,1763851499999999,4539.23532,51,72446.0,1522.09046,0
1763851500000000,0.02099,0.02107,0.02099,0.02103,1136191.0,1763852399999999,23910.08037,221,456482.0,9600.0799,0
1763852400000000,0.02103,0.02103,0.021,0.02102,36962.0,1763853299999999,776.60321,36,20685.0,434.6129,0
1763853300000000,0.021,0.021,0.02098,0.02099,347343.0,1763854199999999,7291.40776,25,289376.0,6074.1263,0
1763854200000000,0.02098,0.021,0.02098,0.02098,275245.0,1763855099999999,5778.17906,20,274337.0,5759.12922,0
1763855100000000,0.02099,0.021,0.02098,0.02099,446203.0,1763855999999999,9365.91915,22,268352.0,5633.32039,0
1763856000000000,0.02099,0.02106,0.02099,0.02104,878044.0,1763856899999999,18474.19079,59,311635.0,6552.22274,0
1763856900000000,0.02105,0.02107,0.02104,0.02105,1091332.0,1763857799999999,22977.80321,101,269321.0,5671.36561,0
1763857800000000,0.02105,0.02105,0.02101,0.02101,451204.0,1763858699999999,9488.07724,76,254931.0,5360.5457,0
1763858700000000,0.02101,0.02102,0.02101,0.02102,193610.0,1763859599999999,4068.53245,25,54706.0,1149.79193,0
1763859600000000,0.02102,0.02105,0.02101,0.02105,217424.0,1763860499999999,4573.51471,106,178123.0,3746.78523,0
1763860500000000,0.02106,0.02108,0.02103,0.02105,999508.0,1763861399999999,21049.78394,327,93329.0,1966.22126,0
1763861400000000,0.02104,0.02107,0.02104,0.02107,173791.0,1763862299999999,3658.88546,89,137815.0,2901.59089,0
1763862300000000,0.02107,0.02109,0.02106,0.02106,1220323.0,1763863199999999,25718.89917,250,618746.0,13043.92048,0
1763863200000000,0.02107,0.02108,0.02107,0.02108,140453.0,1763864099999999,2959.35869,87,29329.0,617.97601,0
1763864100000000,0.02108,0.02108,0.02105,0.02105,362172.0,1763864999999999,7629.77697,170,62786.0,1323.52888,0
1763865000000000,0.02107,0.02108,0.02106,0.02108,497130.0,1763865899999999,10475.62342,166,283915.0,5982.91304,0
1763865900000000,0.02108,0.02108,0.02106,0.02106,180409.0,1763866799999999,3799.71831,180,9791.0,206.30201,0
1763866800000000,0.02105,0.02105,0.02104,0.02104,89741.0,1763867699999999,1888.57393,30,0.0,0.0,0
1763867700000000,0.02104,0.02104,0.02102,0.02102,624662.0,1763868599999999,13136.60579,102,508982.0,10703.90133,0
1763868600000000,0.02102,0.02103,0.02101,0.02103,96353.0,1763869499999999,2025.33991,16,27447.0,576.9388,0
1763869500000000,0.02103,0.02103,0.02103,0.02103,91238.0,1763870399999999,1918.73514,8,91238.0,1918.73514,0
1763870400000000,0.02104,0.02107,0.02104,0.02107,447389.0,1763871299999999,9416.42004,67,407671.0,8580.75332,0
1763871300000000,0.02108,0.02109,0.02105,0.02106,843041.0,1763872199999999,17763.74292,245,277167.0,5842.50659,0
1763872200000000,0.02105,0.02105,0.02103,0.02104,289064.0,1763873099999999,6082.11581,149,163051.0,3431.05016,0
1763873100000000,0.02103,0.02109,0.02103,0.02107,1012199.0,1763873999999999,21322.09548,128,611104.0,12868.66476,0
1763874000000000,0.02106,0.02107,0.02105,0.02106,145737.0,1763874899999999,3069.15972,21,82498.0,1737.66638,0
1763874900000000,0.02107,0.0211,0.02107,0.02109,464552.0,1763875799999999,9795.63937,148,154751.0,3262.71449,0
1763875800000000,0.02108,0.02108,0.02103,0.02103,353222.0,1763876699999999,7435.16294,75,135939.0,2858.80953,0
1763876700000000,0.02103,0.02107,0.02103,0.02106,277337.0,1763877599999999,5835.50922,31,275657.0,5800.14043,0
1763877600000000,0.02107,0.02109,0.02106,0.02109,573253.0,1763878499999999,12084.96452,199,211835.0,4465.30343,0
1763878500000000,0.02108,0.02108,0.02108,0.02108,60627.0,1763879399999999,1278.01716,31,0.0,0.0,0
1763879400000000,0.0211,0.0211,0.02107,0.02109,468864.0,1763880299999999,9886.10834,171,119125.0,2511.70675,0
1763880300000000,0.02108,0.02108,0.02107,0.02107,64604.0,1763881199999999,1361.76752,82,2729.0,57.52732,0
1763881200000000,0.02108,0.02108,0.02106,0.02106,157374.0,1763882099999999,3315.60081,81,3640.0,76.7312,0
1763882100000000,0.02106,0.02106,0.02103,0.02104,910365.0,1763882999999999,19154.45832,192,721602.0,15182.50835,0
1763883000000000,0.02104,0.02109,0.02104,0.02109,239506.0,1763883899999999,5046.23526,63,197613.0,4163.68113,0
1763883900000000,0.02109,0.02114,0.02109,0.0211,1554076.0,1763884799999999,32806.74093,306,970397.0,20484.08646,0
1763884800000000,0.0211,0.02112,0.0211,0.02111,508003.0,1763885699999999,10726.26924,149,172233.0,3636.41746,0
1763885700000000,0.02111,0.02112,0.02111,0.02112,53007.0,1763886599999999,1119.13579,66,15802.0,333.73824,0
1763886600000000,0.02112,0.02113,0.0211,0.02113,901734.0,1763887499999999,19042.49572,431,430802.0,9099.71327,0
1763887500000000,0.02112,0.02114,0.02112,0.02112,696001.0,1763888399999999,14702.23653,256,143568.0,3033.83485,0
1763888400000000,0.02113,0.02113,0.02113,0.02113,11113.0,1763889299999999,234.81769,8,11113.0,234.81769,0
1763889300000000,0.02113,0.02116,0.02112,0.02115,1728880.0,1763890199999999,36545.07617,425,924890.0,19553.36175,0
1763890200000000,0.02115,0.02117,0.02113,0.02116,1593591.0,1763891099999999,33705.76705,450,542044.0,11466.98168,0
1763891100000000,0.02116,0.02118,0.02116,0.02117,956654.0,1763891999999999,20245.72936,290,394084.0,8340.89826,0
1763892000000000,0.02117,0.02117,0.02114,0.02115,192801.0,1763892899999999,4077.2047,164,32935.0,696.70625,0
1763892900000000,0.02114,0.02115,0.02112,0.02115,232550.0,1763893799999999,4915.50038,145,131879.0,2787.95973,0
1763893800000000,0.02115,0.02143,0.02115,0.0213,14738942.0,1763894699999999,314120.10164,1875,10189120.0,217097.6956,0
1763894700000000,0.02129,0.02134,0.02111,0.02127,19571793.0,1763895599999999,416200.10097,1826,10628430.0,226157.13776,0
1763895600000000,0.02129,0.02129,0.02126,0.02127,38344.0,1763896499999999,815.28557,7,446.0,9.49534,0
1763896500000000,0.02129,0.02132,0.02127,0.0213,496459.0,1763897399999999,10577.24919,101,156628.0,3337.10214,0
1763897400000000,0.02131,0.02131,0.0213,0.0213,90403.0,1763898299999999,1926.48159,21,34374.0,732.50994,0
1763898300000000,0.02131,0.02132,0.02127,0.02129,1248296.0,1763899199999999,26590.63774,259,565123.0,12037.76511,0
1763899200000000,0.02129,0.02133,0.02128,0.02133,962851.0,1763900099999999,20527.46289,273,308248.0,6572.1477,0
1763900100000000,0.02133,0.02136,0.02132,0.02135,2624683.0,1763900999999999,56004.82786,633,1136917.0,24261.65351,0
1763901000000000,0.02135,0.02137,0.02134,0.02135,779503.0,1763901899999999,16644.63868,209,462268.0,9871.11722,0
1763901900000000,0.02137,0.02137,0.02128,0.0213,2078026.0,1763902799999999,44288.7067,299,169902.0,3620.18628,0
1763902800000000,0.02129,0.02131,0.02122,0.02124,9218598.0,1763903699999999,195989.47165,932,3664256.0,77937.50358,0
1763903700000000,0.02125,0.02131,0.02125,0.0213,332170.0,1763904599999999,7068.9669,162,268632.0,5717.62334,0
1763904600000000,0.0213,0.02132,0.0213,0.02132,7213.0,1763905499999999,153.72064,4,6916.0,147.39454,0
1763905500000000,0.02131,0.02131,0.02129,0.0213,398656.0,1763906399999999,8493.78361,129,0.0,0.0,0
1763906400000000,0.0213,0.02133,0.02129,0.0213,460378.0,1763907299999999,9808.84962,156,127485.0,2716.22644,0
1763907300000000,0.02131,0.02133,0.02131,0.02132,225263.0,1763908199999999,4801.92465,122,161712.0,3447.01733,0
1763908200000000,0.02132,0.02133,0.02131,0.02133,492707.0,1763909099999999,10504.47469,96,226307.0,4824.94673,0
1763909100000000,0.02131,0.02131,0.02129,0.02129,82404.0,1763909999999999,1755.45609,59,4652.0,99.12899,0
1763910000000000,0.02128,0.02128,0.02114,0.0212,17533472.0,1763910899999999,371788.66763,1273,6543901.0,138792.19445,0
1763910900000000,0.0212,0.02122,0.0212,0.02122,29290.0,1763911799999999,621.27142,27,19841.0,420.85813,0
1763911800000000,0.02122,0.02125,0.02122,0.02125,138419.0,1763912699999999,2938.792,13,138419.0,2938.792,0
1763912700000000,0.02124,0.02125,0.02124,0.02125,109331.0,1763913599999999,2322.64089,64,4467.0,94.92375,0
1763913600000000,0.02126,0.02126,0.02125,0.02126,193937.0,1763914499999999,4122.23375,143,65607.0,1394.80482,0
1763914500000000,0.02126,0.02126,0.02124,0.02124,158088.0,1763915399999999,3359.93659,63,57326.0,1218.75076,0
1763915400000000,0.02126,0.02128,0.02126,0.02126,477969.0,1763916299999999,10161.98182,100,7680.0,163.37199,0
1763916300000000,0.02128,0.02129,0.02121,0.02122,911282.0,1763917199999999,19362.85706,306,265466.0,5633.08284,0
1763917200000000,0.02121,0.02122,0.0212,0.02122,313105.0,1763918099999999,6639.77769,66,252248.0,5349.09503,0
1763918100000000,0.02122,0.02123,0.02121,0.02123,125384.0,1763918999999999,2660.80951,28,94695.0,2009.877,0
1763919000000000,0.02124,0.02124,0.02121,0.02122,87898.0,1763919899999999,1865.43834,22,3894.0,82.70856,0
1763919900000000,0.02122,0.02137,0.02122,0.02135,23956542.0,1763920799999999,510729.71186,1836,14156467.0,301755.99482,0
1763920800000000,0.02136,0.02137,0.02134,0.02134,81571.0,1763921699999999,1741.88137,21,23354.0,498.9033,0
1763921700000000,0.02134,0.02135,0.02131,0.02131,34565.0,1763922599999999,737.53063,17,2659.0,56.74719,0
1763922600000000,0.02131,0.02132,0.02131,0.02132,33886.0,1763923499999999,722.12948,8,1882.0,40.12424,0
1763923500000000,0.02131,0.02132,0.0213,0.02132,252189.0,1763924399999999,5374.96734,36,247136.0,5267.33844,0
1763924400000000,0.0213,0.02135,0.0213,0.02135,142695.0,1763925299999999,3043.91132,15,141687.0,3022.41737,0
1763925300000000,0.02136,0.02136,0.02135,0.02135,154251.0,1763926199999999,3293.72357,57,119615.0,2553.93229,0
1763926200000000,0.02135,0.02137,0.02134,0.02137,54726.0,1763927099999999,1168.84267,14,41758.0,892.02103,0
1763927100000000,0.02137,0.02138,0.02136,0.02136,384849.0,1763927999999999,8223.10882,97,38197.0,816.35394,0
1763928000000000,0.02136,0.02138,0.02136,0.02137,44191.0,1763928899999999,944.6206,6,44191.0,944.6206,0
1763928900000000,0.02138,0.02139,0.02137,0.02137,330943.0,1763929799999999,7073.40393,84,74362.0,1589.89565,0
1763929800000000,0.02137,0.02137,0.02135,0.02136,60389.0,1763930699999999,1289.92276,15,324.0,6.92064,0
1763930700000000,0.02137,0.02139,0.02136,0.02138,326735.0,1763931599999999,6982.94266,82,91937.0,1965.31882,0
1763931600000000,0.02136,0.02136,0.02134,0.02136,212126.0,1763932499999999,4528.56809,27,18166.0,387.98842,0
1763932500000000,0.02136,0.02136,0.02135,0.02135,7791.0,1763933399999999,166.35177,8,1392.0,29.73312,0
1763933400000000,0.02135,0.02135,0.02134,0.02135,197767.0,1763934299999999,4220.4416,38,9453.0,201.73405,0
1763934300000000,0.02134,0.02135,0.02134,0.02135,46016.0,1763935199999999,982.4166,5,43516.0,929.0666,0
1763935200000000,0.02135,0.02135,0.02132,0.02132,437149.0,1763936099999999,9323.68106,165,8545.0,182.27035,0
1763936100000000,0.02132,0.02136,0.02132,0.02136,143539.0,1763936999999999,3063.34791,51,143099.0,3053.96711,0
1763937000000000,0.02135,0.02135,0.02135,0.02135,75931.0,1763937899999999,1621.12685,53,0.0,0.0,0
1763937900000000,0.02134,0.02137,0.02134,0.02136,62922.0,1763938799999999,1343.90085,16,39453.0,842.63239,0
1763938800000000,0.02137,0.02137,0.02131,0.02132,694316.0,1763939699999999,14812.36367,166,179116.0,3820.61456,0
1763939700000000,0.02132,0.02132,0.02131,0.02132,416646.0,1763940599999999,8882.14928,72,288500.0,6150.82,0
1763940600000000,0.02132,0.02135,0.0213,0.02134,672214.0,1763941499999999,14331.00211,127,474361.0,10110.52787,0
1763941500000000,0.02135,0.02137,0.02135,0.02137,42163.0,1763942399999999,900.58036,10,42163.0,900.58036,0
1763942400000000,0.02137,0.02138,0.02131,0.02132,526299.0,1763943299999999,11241.95336,82,93918.0,2007.2826,0
1763943300000000,0.02131,0.02134,0.02131,0.02133,828570.0,1763944199999999,17661.7492,59,741189.0,15799.30313,0
1763944200000000,0.02134,0.02136,0.02133,0.02135,272723.0,1763945099999999,5821.83419,35,163156.0,3483.39416,0
1763945100000000,0.02135,0.02136,0.02134,0.02136,224693.0,1763945999999999,4797.54864,18,47931.0,1023.7194,0
1763946000000000,0.02136,0.02137,0.02136,0.02137,194489.0,1763946899999999,4154.97224,63,50411.0,1077.00078,0
1763946900000000,0.02138,0.02138,0.02135,0.02135,93496.0,1763947799999999,1996.73711,28,5752.0,122.92884,0
1763947800000000,0.02135,0.02135,0.02133,0.02133,101204.0,1763948699999999,2159.40246,24,2362.0,50.41531,0
1763948700000000,0.02133,0.02134,0.02129,0.02131,639386.0,1763949599999999,13627.67601,71,429394.0,9152.22055,0
1763949600000000,0.0213,0.0214,0.0213,0.02136,2195434.0,1763950499999999,46888.42961,337,937825.0,20018.07197,0
1763950500000000,0.02138,0.02139,0.02137,0.02137,370493.0,1763951399999999,7920.95392,143,38928.0,832.42369,0
1763951400000000,0.02137,0.02138,0.02135,0.02136,184616.0,1763952299999999,3942.96801,22,46940.0,1002.18518,0
1763952300000000,0.02135,0.02135,0.02135,0.02135,16762.0,1763953199999999,357.8687,26,0.0,0.0,0
1763953200000000,0.02134,0.02135,0.02134,0.02135,5987.0,1763954099999999,127.77092,4,834.0,17.8059,0
1763954100000000,0.02135,0.02137,0.02135,0.02136,235507.0,1763954999999999,5031.34094,51,178352.0,3809.96774,0
1763955000000000,0.02137,0.02137,0.02134,0.02135,304714.0,1763955899999999,6506.44847,35,124339.0,2654.63765,0
1763955900000000,0.02135,0.02135,0.02135,0.02135,67908.0,1763956799999999,1449.8358,14,51542.0,1100.4217,0
1763956800000000,0.02136,0.02139,0.02136,0.02138,307648.0,1763957699999999,6576.1528,71,156798.0,3350.98834,0
1763957700000000,0.02137,0.02137,0.02131,0.02134,1596280.0,1763958599999999,34043.25679,199,1204516.0,25686.25733,0
1763958600000000,0.02135,0.02137,0.02134,0.02134,369062.0,1763959499999999,7883.89871,53,75937.0,1621.964,0
1763959500000000,0.02134,0.02134,0.02133,0.02133,75760.0,1763960399999999,1616.32064,9,245.0,5.22585,0
1763960400000000,0.02132,0.02138,0.02131,0.02138,858970.0,1763961299999999,18343.41683,150,561979.0,11997.0725,0
1763961300000000,0.02137,0.02138,0.02136,0.02137,414866.0,1763962199999999,8866.65759,61,140754.0,3008.19033,0
1763962200000000,0.02136,0.02136,0.02135,0.02135,255205.0,1763963099999999,5449.09169,32,154714.0,3303.14687,0
1763963100000000,0.02135,0.02135,0.02133,0.02133,54425.0,1763963999999999,1161.39012,11,0.0,0.0,0
1763964000000000,0.02133,0.02134,0.02129,0.02131,1364137.0,1763964899999999,29073.75119,99,1048834.0,22354.04449,0
1763964900000000,0.02132,0.02134,0.02132,0.02134,727377.0,1763965799999999,15516.27222,53,243333.0,5191.41493,0
1763965800000000,0.02133,0.02134,0.02133,0.02134,97550.0,1763966699999999,2081.53931,10,81605.0,1741.43246,0
1763966700000000,0.02135,0.02135,0.02134,0.02135,178747.0,1763967599999999,3815.35782,21,89684.0,1914.7534,0
1763967600000000,0.02135,0.02135,0.02134,0.02135,35817.0,1763968499999999,764.35789,5,1604.0,34.2454,0
1763968500000000,0.02135,0.02136,0.02133,0.02133,418131.0,1763969399999999,8926.63141,46,46888.0,1001.52768,0
1763969400000000,0.02135,0.02139,0.02135,0.02137,747599.0,1763970299999999,15976.12971,153,251499.0,5373.66878,0
1763970300000000,0.02138,0.02138,0.02136,0.02136,304354.0,1763971199999999,6505.05147,80,1513.0,32.34794,0
1763971200000000,0.02136,0.02136,0.02134,0.02134,153607.0,1763972099999999,3278.54661,15,84113.0,1795.1316,0
1763972100000000,0.02134,0.02134,0.02134,0.02134,16241.0,1763972999999999,346.58294,2,16241.0,346.58294,0
1763973000000000,0.02135,0.02135,0.02134,0.02134,47265.0,1763973899999999,1009.0495,6,41440.0,884.744,0
1763973900000000,0.02134,0.02136,0.02134,0.02136,36034.0,1763974799999999,769.41246,8,23772.0,507.74138,0
1763974800000000,0.02137,0.02138,0.02136,0.02137,453407.0,1763975699999999,9691.59086,92,61423.0,1312.45762,0
1763975700000000,0.02136,0.02136,0.02131,0.02132,1055955.0,1763976599999999,22512.25372,132,609253.0,12989.17036,0
1763976600000000,0.02133,0.02134,0.02132,0.02132,141438.0,1763977499999999,3017.21805,17,104807.0,2235.88743,0
1763977500000000,0.02132,0.02133,0.02131,0.02133,207128.0,1763978399999999,4415.70186,18,110961.0,2365.73946,0
1763978400000000,0.02132,0.02133,0.02131,0.02131,12526.0,1763979299999999,267.163,10,5532.0,117.99756,0
1763979300000000,0.02131,0.02132,0.02131,0.02132,6814.0,1763980199999999,145.21986,4,1352.0,28.82464,0
1763980200000000,0.02131,0.02132,0.02131,0.02132,481596.0,1763981099999999,10263.60977,47,289207.0,6163.80018,0
1763981100000000,0.02133,0.02133,0.02133,0.02133,24906.0,1763981999999999,531.24498,4,24401.0,520.47333,0
1763982000000000,0.02133,0.02134,0.02132,0.02134,53674.0,1763982899999999,1144.86359,7,3334.0,71.14756,0
1763982900000000,0.02133,0.02134,0.02132,0.02132,97751.0,1763983799999999,2084.67807,14,496.0,10.58464,0
1763983800000000,0.02132,0.02132,0.0213,0.0213,73146.0,1763984699999999,1559.03221,17,69489.0,1481.08571,0
1763984700000000,0.0213,0.02131,0.0213,0.02131,181918.0,1763985599999999,3876.65386,11,173132.0,3689.44292,0
1763985600000000,0.02131,0.02131,0.0213,0.02131,86070.0,1763986499999999,1834.02975,26,18677.0,398.00687,0
1763986500000000,0.0213,0.02131,0.0213,0.02131,32291.0,1763987399999999,688.10948,9,31118.0,663.12458,0
1763987400000000,0.02129,0.02132,0.02129,0.0213,909948.0,1763988299999999,19385.33403,101,401505.0,8555.61241,0
1763988300000000,0.0213,0.02131,0.02129,0.02129,94220.0,1763989199999999,2006.22202,15,3041.0,64.80371,0
1763989200000000,0.02129,0.02132,0.02129,0.02131,883125.0,1763990099999999,18815.88087,93,336998.0,7177.65679,0
1763990100000000,0.02129,0.02129,0.02125,0.02127,4945067.0,1763990999999999,105198.44751,398,2419104.0,51471.83906,0
1763991000000000,0.02127,0.02129,0.02127,0.02129,468184.0,1763991899999999,9960.14055,93,294291.0,6261.43644,0
1763991900000000,0.02129,0.02129,0.02127,0.02127,186283.0,1763992799999999,3963.57009,47,0.0,0.0,0
1763992800000000,0.02127,0.02127,0.02124,0.02127,1623446.0,1763993699999999,34511.63987,345,702462.0,14934.95595,0
1763993700000000,0.02128,0.02129,0.02125,0.02125,322700.0,1763994599999999,6863.86726,98,100355.0,2135.52585,0
1763994600000000,0.02125,0.02131,0.02122,0.02124,2736858.0,1763995499999999,58176.58764,672,1574605.0,33476.66266,0
1763995500000000,0.02123,0.02124,0.02115,0.02118,11676737.0,1763996399999999,247519.29466,1321,4562313.0,96730.32783,0
1763996400000000,0.02119,0.02123,0.021,0.02113,14861509.0,1763997299999999,313628.87621,1225,5707760.0,120438.56078,0
1763997300000000,0.02112,0.02112,0.02109,0.02112,1986924.0,1763998199999999,41937.79217,408,1148093.0,24234.7912,0
1763998200000000,0.02112,0.02116,0.02112,0.02116,345411.0,1763999099999999,7300.99754,117,239511.0,5063.2384,0
1763999100000000,0.02115,0.02115,0.02111,0.02111,165905.0,1763999999999999,3506.40445,24,0.0,0.0,0
1764000000000000,0.02113,0.02116,0.02112,0.02114,429828.0,1764000899999999,9084.4025,72,262390.0,5546.80643,0
1764000900000000,0.02116,0.02116,0.02115,0.02116,883900.0,1764001799999999,18701.39917,52,239892.0,5076.11472,0
1764001800000000,0.02114,0.02116,0.02114,0.02116,30929.0,1764002699999999,654.17716,5,30512.0,645.36178,0
1764002700000000,0.02116,0.02116,0.02111,0.02112,474976.0,1764003599999999,10034.1961,88,345808.0,7305.49313,0
1764003600000000,0.02112,0.02112,0.02109,0.02111,808685.0,1764004499999999,17067.60905,176,505493.0,10669.78529,0
1764004500000000,0.0211,0.02114,0.0211,0.02113,275029.0,1764005399999999,5808.81846,182,218562.0,4616.14606,0
1764005400000000,0.02112,0.02116,0.02108,0.0211,2023088.0,1764006299999999,42715.3646,402,1225218.0,25860.1243,0
1764006300000000,0.0211,0.02111,0.02109,0.02111,638744.0,1764007199999999,13478.11899,245,563619.0,11893.32973,0
1764007200000000,0.0211,0.02114,0.02108,0.02108,2286198.0,1764008099999999,48253.9351,605,1020168.0,21527.40473,0
1764008100000000,0.02109,0.0211,0.02106,0.02108,1399167.0,1764008999999999,29496.15229,369,922370.0,19448.28861,0
1764009000000000,0.02108,0.0211,0.02105,0.02106,1311898.0,1764009899999999,27649.94592,325,676094.0,14250.80152,0
1764009900000000,0.02106,0.02108,0.02104,0.02106,1903781.0,1764010799999999,40104.49436,509,1377425.0,29018.95883,0
1764010800000000,0.02105,0.02106,0.02104,0.02104,901590.0,1764011699999999,18980.02352,264,737012.0,15516.71806,0
1764011700000000,0.02104,0.02106,0.02103,0.02104,960535.0,1764012599999999,20216.36597,199,819262.0,17244.31763,0
1764012600000000,0.02104,0.02105,0.02102,0.02102,1363649.0,1764013499999999,28683.73205,507,1225084.0,25770.07818,0
1764013500000000,0.02102,0.02103,0.02101,0.02101,861726.0,1764014399999999,18115.39532,242,480377.0,10100.42396,0
1764014400000000,0.02102,0.02104,0.021,0.02103,409397.0,1764015299999999,8608.46791,312,395241.0,8310.96547,0
1764015300000000,0.02103,0.02103,0.02102,0.02102,85113.0,1764016199999999,1789.78493,25,0.0,0.0,0
1764016200000000,0.02103,0.02104,0.02101,0.02101,345395.0,1764017099999999,7263.50695,322,310422.0,6528.23372,0
1764017100000000,0.02102,0.02103,0.02101,0.02101,199276.0,1764017999999999,4189.02495,190,185727.0,3904.33216,0
1764018000000000,0.02102,0.02103,0.021,0.02101,889796.0,1764018899999999,18700.73362,331,759769.0,15969.28361,0
1764018900000000,0.02101,0.02102,0.02099,0.021,656881.0,1764019799999999,13797.63246,166,333223.0,7000.88624,0
1764019800000000,0.021,0.02102,0.02099,0.02102,1019088.0,1764020699999999,21407.66034,296,869356.0,18263.61278,0
1764020700000000,0.021,0.02102,0.02099,0.02102,714296.0,1764021599999999,15002.37505,427,602494.0,12654.5692,0
1764021600000000,0.02102,0.02106,0.02102,0.02104,346312.0,1764022499999999,7287.09732,270,174409.0,3669.41063,0
1764022500000000,0.02104,0.02107,0.02104,0.02106,774138.0,1764023399999999,16302.49922,188,279901.0,5894.3141,0
1764023400000000,0.02106,0.02108,0.02106,0.02108,743525.0,1764024299999999,15661.96382,181,233664.0,4922.3895,0
1764024300000000,0.02107,0.02108,0.02106,0.02108,275455.0,1764025199999999,5803.28266,30,37365.0,787.4296,0
1764025200000000,0.02107,0.02107,0.02105,0.02106,330053.0,1764026099999999,6950.29778,83,92470.0,1947.11077,0
1764026100000000,0.02105,0.02105,0.02104,0.02104,72935.0,1764026999999999,1535.13459,8,7876.0,165.71104,0
1764027000000000,0.02104,0.02106,0.02104,0.02106,200849.0,1764027899999999,4226.42204,117,191565.0,4031.08668,0
1764027900000000,0.02105,0.02105,0.02103,0.02103,99346.0,1764028799999999,2090.13338,21,290.0,6.0987,0
1764028800000000,0.02104,0.02105,0.021,0.02102,776814.0,1764029699999999,16329.33904,200,657051.0,13811.06658,0
1764029700000000,0.02101,0.02101,0.021,0.021,128285.0,1764030599999999,2694.18728,65,35973.0,755.5705,0
1764030600000000,0.02099,0.02105,0.02099,0.02105,795071.0,1764031499999999,16704.55668,154,443584.0,9317.16728,0
1764031500000000,0.02105,0.02106,0.02104,0.02105,566471.0,1764032399999999,11923.82383,61,202667.0,4266.10531,0
1764032400000000,0.02103,0.02105,0.02103,0.02105,228448.0,1764033299999999,4806.95849,82,55026.0,1157.84562,0
1764033300000000,0.02105,0.02105,0.02104,0.02105,84853.0,1764034199999999,1785.33596,51,26346.0,554.34868,0
1764034200000000,0.02104,0.02106,0.02104,0.02106,360311.0,1764035099999999,7586.34833,32,255657.0,5382.34155,0
1764035100000000,0.02105,0.02105,0.02102,0.02102,358453.0,1764035999999999,7542.11112,28,9160.0,192.71452,0
1764036000000000,0.02102,0.02103,0.021,0.02102,719404.0,1764036899999999,15114.34323,212,508222.0,10676.35416,0
1764036900000000,0.02102,0.02103,0.02099,0.021,566976.0,1764037799999999,11906.12892,162,348392.0,7317.28713,0
1764037800000000,0.021,0.02101,0.02099,0.02101,242162.0,1764038699999999,5086.29621,46,181823.0,3819.71007,0
1764038700000000,0.02101,0.02102,0.02101,0.02102,37935.0,1764039599999999,797.38933,10,10103.0,212.36506,0
1764039600000000,0.02102,0.02102,0.02098,0.02099,515440.0,1764040499999999,10823.25644,102,264492.0,5551.58927,0
1764040500000000,0.02098,0.02099,0.02098,0.02098,311195.0,1764041399999999,6530.22305,111,85416.0,1792.32963,0
1764041400000000,0.02099,0.02099,0.02098,0.02098,240667.0,1764042299999999,5051.58942,47,239576.0,5028.70024,0
1764042300000000,0.02098,0.02099,0.02098,0.02099,582740.0,1764043199999999,12227.56815,117,312889.0,6565.72987,0
1764043200000000,0.02099,0.02101,0.02099,0.02101,179841.0,1764044099999999,3776.43444,50,168519.0,3538.67244,0
1764044100000000,0.021,0.02101,0.021,0.021,50638.0,1764044999999999,1063.4145,40,21871.0,459.3075,0
1764045000000000,0.02101,0.02103,0.02101,0.02103,178354.0,1764045899999999,3750.52796,37,56803.0,1194.33665,0
1764045900000000,0.02102,0.02103,0.02102,0.02103,115750.0,1764046799999999,2434.21837,24,115750.0,2434.21837,0
1764046800000000,0.02103,0.02103,0.02101,0.02101,223537.0,1764047699999999,4700.17095,13,682.0,14.34246,0
1764047700000000,0.02099,0.02099,0.02098,0.02098,7370.0,1764048599999999,154.68202,5,0.0,0.0,0
1764048600000000,0.02098,0.02101,0.02098,0.021,59697.0,1764049499999999,1253.70724,8,28903.0,607.03912,0
1764049500000000,0.021,0.021,0.02098,0.02099,188962.0,1764050399999999,3965.60015,17,11969.0,251.33948,0
1764050400000000,0.02098,0.02099,0.02097,0.02097,721678.0,1764051299999999,15141.56192,156,557760.0,11703.36518,0
1764051300000000,0.02097,0.02099,0.02097,0.02097,42149.0,1764052199999999,884.28679,10,844.0,17.71556,0
1764052200000000,0.02097,0.02099,0.02097,0.02097,528759.0,1764053099999999,11088.94589,110,300368.0,6299.58662,0
1764053100000000,0.02098,0.02099,0.02097,0.02099,78604.0,1764053999999999,1649.55116,42,78086.0,1638.6887,0
1764054000000000,0.02098,0.02098,0.02098,0.02098,49112.0,1764054899999999,1030.36976,32,15467.0,324.49766,0
1764054900000000,0.02098,0.02098,0.02097,0.02097,60316.0,1764055799999999,1264.83128,5,476.0,9.98648,0
1764055800000000,0.02097,0.02097,0.02094,0.02097,846164.0,1764056699999999,17734.47341,117,326088.0,6833.85998,0
1764056700000000,0.02096,0.02097,0.02095,0.02095,885349.0,1764057599999999,18556.02658,168,751032.0,15740.98438,0
1764057600000000,0.02095,0.02095,0.02093,0.02094,1164638.0,1764058499999999,24396.63186,186,620885.0,13007.27395,0
1764058500000000,0.02095,0.02097,0.02095,0.02097,486683.0,1764059399999999,10199.09502,161,367002.0,7689.94326,0
1764059400000000,0.02097,0.02098,0.02097,0.02098,240640.0,1764060299999999,5047.40013,55,46844.0,982.72592,0
1764060300000000,0.02098,0.02098,0.02095,0.02097,733336.0,1764061199999999,15377.86969,153,169680.0,3557.87018,0
1764061200000000,0.02095,0.02097,0.02095,0.02095,269766.0,1764062099999999,5652.05547,71,120100.0,2516.55277,0
1764062100000000,0.02095,0.02095,0.02095,0.02095,47269.0,1764062999999999,990.28555,26,44250.0,927.0375,0
1764063000000000,0.02095,0.02098,0.02094,0.02097,750789.0,1764063899999999,15743.48225,192,500267.0,10490.0541,0
1764063900000000,0.02098,0.02098,0.02098,0.02098,32851.0,1764064799999999,689.21398,25,32851.0,689.21398,0
1764064800000000,0.02098,0.02098,0.02095,0.02096,292160.0,1764065699999999,6124.17668,102,70195.0,1471.46435,0
1764065700000000,0.02096,0.02096,0.02094,0.02094,88214.0,1764066599999999,1847.68747,39,11939.0,250.12205,0
1764066600000000,0.02095,0.02095,0.02094,0.02095,77539.0,1764067499999999,1624.4243,49,75764.0,1587.2558,0
1764067500000000,0.02095,0.02097,0.02095,0.02095,152532.0,1764068399999999,3196.7358,9,118031.0,2473.93985,0
1764068400000000,0.02095,0.02095,0.02095,0.02095,83852.0,1764069299999999,1756.6994,34,58658.0,1228.8851,0
1764069300000000,0.02096,0.02096,0.02095,0.02095,47962.0,1764070199999999,1005.28092,19,47702.0,999.83392,0
1764070200000000,0.02095,0.02096,0.02095,0.02096,79280.0,1764071099999999,1661.54325,33,26210.0,549.3616,0
1764071100000000,0.02095,0.02095,0.02095,0.02095,12589.0,1764071999999999,263.73955,3,0.0,0.0,0
1764072000000000,0.02094,0.02096,0.02094,0.02096,393037.0,1764072899999999,8232.98068,89,376718.0,7891.26082,0
1764072900000000,0.02097,0.02099,0.02095,0.02095,901981.0,1764073799999999,18916.85886,87,408409.0,8568.08632,0
1764073800000000,0.02095,0.02096,0.02094,0.02096,421873.0,1764074699999999,8834.3603,75,327014.0,6847.98898,0
1764074700000000,0.02095,0.02096,0.02095,0.02095,21365.0,1764075599999999,447.64446,31,20450.0,428.47521,0
1764075600000000,0.02094,0.02094,0.02093,0.02093,326390.0,1764076499999999,6832.19224,57,245215.0,5132.87015,0
1764076500000000,0.02094,0.02095,0.02091,0.02093,800153.0,1764077399999999,16746.5973,184,595842.0,12471.45679,0
1764077400000000,0.02093,0.02102,0.02084,0.02091,3978030.0,1764078299999999,83246.13408,472,1717444.0,35966.8172,0
1764078300000000,0.02091,0.02093,0.02091,0.02091,945342.0,1764079199999999,19776.92565,101,554695.0,11604.8585,0
1764079200000000,0.02091,0.02093,0.0209,0.02091,772936.0,1764080099999999,16163.39419,99,424685.0,8880.90763,0
1764080100000000,0.02091,0.02093,0.02091,0.02092,52112.0,1764080999999999,1090.20889,60,51640.0,1080.33937,0
1764081000000000,0.02091,0.02093,0.02088,0.0209,785060.0,1764081899999999,16411.87343,176,589002.0,12312.93793,0
1764081900000000,0.02089,0.02094,0.02086,0.02094,2178525.0,1764082799999999,45518.33794,413,1444593.0,30188.30626,0
1764082800000000,0.02094,0.02095,0.02091,0.02093,1657434.0,1764083699999999,34703.75319,152,290879.0,6091.87582,0
1764083700000000,0.02093,0.02093,0.02093,0.02093,28069.0,1764084599999999,587.48417,9,27531.0,576.22383,0
1764084600000000,0.02093,0.02096,0.02093,0.02094,697722.0,1764085499999999,14617.75085,47,210447.0,4408.58524,0
1764085500000000,0.02094,0.02094,0.02093,0.02093,9059.0,1764086399999999,189.64546,4,0.0,0.0,0
1764086400000000,0.02093,0.02093,0.02091,0.02091,121545.0,1764087299999999,2541.98203,21,82271.0,1720.28661,0
1764087300000000,0.0209,0.02095,0.0209,0.02092,533576.0,1764088199999999,11169.78193,61,92188.0,1929.78934,0
1764088200000000,0.02093,0.02094,0.0209,0.0209,131154.0,1764089099999999,2743.54742,39,18439.0,385.99967,0
1764089100000000,0.0209,0.02092,0.02089,0.02092,150869.0,1764089999999999,3154.31836,49,113511.0,2373.53636,0
1764090000000000,0.02092,0.02093,0.0209,0.02093,236947.0,1764090899999999,4957.38912,47,173641.0,3633.63887,0
1764090900000000,0.02094,0.02094,0.02092,0.02092,304452.0,1764091799999999,6372.93361,32,111275.0,2328.98575,0
1764091800000000,0.02092,0.02097,0.02091,0.02096,461234.0,1764092699999999,9665.55424,33,124596.0,2610.22837,0
1764092700000000,0.02097,0.02097,0.02093,0.02093,138344.0,1764093599999999,2897.85513,31,35177.0,737.34838,0
1764093600000000,0.02093,0.02093,0.02089,0.02091,467967.0,1764094499999999,9785.81227,56,297327.0,6217.16674,0
1764094500000000,0.02091,0.02091,0.02091,0.02091,0.0,1764095399999999,0.0,0,0.0,0.0,0
1764095400000000,0.02089,0.02089,0.02087,0.02087,130041.0,1764096299999999,2715.16624,16,95830.0,2000.9304,0
1764096300000000,0.02087,0.02087,0.02082,0.02084,1656990.0,1764097199999999,34542.28864,151,1133736.0,23637.6539,0
1764097200000000,0.02084,0.02085,0.02081,0.02082,1823389.0,1764098099999999,37986.67122,158,1255094.0,26150.8267,0
1764098100000000,0.02082,0.02083,0.0208,0.0208,1861847.0,1764098999999999,38746.42233,180,1287017.0,26788.57497,0
1764099000000000,0.0208,0.02081,0.0208,0.0208,634330.0,1764099899999999,13199.20006,43,310761.0,6466.93641,0
1764099900000000,0.0208,0.02084,0.0208,0.02084,690248.0,1764100799999999,14366.11721,76,565073.0,11762.43175,0
1764100800000000,0.02084,0.02084,0.02078,0.02079,1356797.0,1764101699999999,28218.38568,124,728638.0,15152.72797,0
1764101700000000,0.02079,0.02083,0.02078,0.02083,513912.0,1764102599999999,10688.80318,63,385084.0,8010.90985,0
1764102600000000,0.02084,0.02086,0.02084,0.02085,855524.0,1764103499999999,17837.52154,78,135314.0,2821.51452,0
1764103500000000,0.02085,0.02085,0.02084,0.02084,35327.0,1764104399999999,736.50055,6,0.0,0.0,0
1764104400000000,0.02083,0.02084,0.02083,0.02083,7520.0,1764105299999999,156.64667,3,507.0,10.56588,0
1764105300000000,0.02084,0.02086,0.02084,0.02084,477358.0,1764106199999999,9953.80874,43,155764.0,3247.89723,0
1764106200000000,0.02085,0.02087,0.02085,0.02087,89425.0,1764107099999999,1864.86198,12,89425.0,1864.86198,0
1764107100000000,0.02086,0.02086,0.02086,0.02086,120167.0,1764107999999999,2506.68362,8,0.0,0.0,0
1764108000000000,0.02084,0.02084,0.0208,0.0208,517724.0,1764108899999999,10775.50579,71,297085.0,6180.8864,0
1764108900000000,0.0208,0.02086,0.02079,0.02084,324243.0,1764109799999999,6756.22047,47,173826.0,3620.56917,0
1764109800000000,0.02083,0.02087,0.02083,0.02086,643544.0,1764110699999999,13425.686,56,121676.0,2538.43516,0
1764110700000000,0.02087,0.02088,0.02086,0.02086,1196332.0,1764111599999999,24972.85565,86,238126.0,4971.75214,0
1764111600000000,0.02088,0.02089,0.02086,0.02089,307536.0,1764112499999999,6420.84131,30,62496.0,1305.22443,0
1764112500000000,0.02088,0.02088,0.02086,0.02088,90663.0,1764113399999999,1892.12687,13,5073.0,105.92424,0
1764113400000000,0.02088,0.02089,0.02088,0.02088,239717.0,1764114299999999,5006.49045,11,299.0,6.24312,0
1764114300000000,0.02088,0.02089,0.02088,0.02088,110202.0,1764115199999999,2301.04169,9,2393.0,49.98977,0
1764115200000000,0.02088,0.02088,0.02087,0.02087,108387.0,1764116099999999,2262.62168,17,35413.0,739.06931,0
1764116100000000,0.02087,0.02089,0.02087,0.02088,29561.0,1764116999999999,617.24532,10,27804.0,580.57384,0
1764117000000000,0.02088,0.02088,0.02088,0.02088,5081.0,1764117899999999,106.09128,2,0.0,0.0,0
1764117900000000,0.02088,0.02088,0.02087,0.02087,278222.0,1764118799999999,5808.88633,61,0.0,0.0,0
1764118800000000,0.02086,0.02097,0.02084,0.02093,12329338.0,1764119699999999,258038.23993,600,5530180.0,115698.29825,0
1764119700000000,0.02095,0.02103,0.02095,0.02102,12053134.0,1764120599999999,253049.40659,494,4694487.0,98556.81502,0
1764120600000000,0.02102,0.02109,0.02102,0.02103,3011988.0,1764121499999999,63377.15734,168,887749.0,18687.24157,0
1764121500000000,0.02103,0.02103,0.02103,0.02103,0.0,1764122399999999,0.0,0,0.0,0.0,0
1764122400000000,0.02103,0.02103,0.02103,0.02103,27532.0,1764123299999999,578.99796,13,0.0,0.0,0
1764123300000000,0.02104,0.02105,0.02103,0.02103,308548.0,1764124199999999,6493.09521,25,55472.0,1167.13088,0
1764124200000000,0.02103,0.02103,0.02103,0.02103,0.0,1764125099999999,0.0,0,0.0,0.0,0
1764125100000000,0.02102,0.02102,0.021,0.021,37269.0,1764125999999999,783.02188,2,18644.0,391.89688,0
1764126000000000,0.021,0.02104,0.021,0.02104,399965.0,1764126899999999,8410.67264,45,312320.0,6567.52641,0
1764126900000000,0.02105,0.02106,0.02104,0.02104,56983.0,1764127799999999,1199.46467,6,53988.0,1136.44987,0
1764127800000000,0.02104,0.02104,0.02102,0.02102,86223.0,1764128699999999,1813.55747,9,0.0,0.0,0
1764128700000000,0.02102,0.02102,0.02099,0.02099,172233.0,1764129599999999,3617.32063,13,9604.0,201.87608,0
1764129600000000,0.02099,0.021,0.02098,0.02099,781308.0,1764130499999999,16397.72266,49,379988.0,7976.42535,0
1764130500000000,0.02101,0.02105,0.02101,0.02105,297648.0,1764131399999999,6258.13146,23,268648.0,5648.55146,0
1764131400000000,0.02103,0.02105,0.02103,0.02103,352657.0,1764132299999999,7419.23079,16,712.0,14.9876,0
1764132300000000,0.02104,0.02104,0.02104,0.02104,409973.0,1764133199999999,8625.83192,15,409973.0,8625.83192,0
1764133200000000,0.02105,0.02106,0.02104,0.02105,1073608.0,1764134099999999,22597.13524,82,277513.0,5841.77637,0
1764134100000000,0.02105,0.02107,0.02105,0.02105,967670.0,1764134999999999,20378.61601,106,212681.0,4480.02754,0
1764135000000000,0.02105,0.02105,0.02104,0.02104,35805.0,1764135899999999,753.68997,7,0.0,0.0,0
1764135900000000,0.02104,0.02104,0.02104,0.02104,0.0,1764136799999999,0.0,0,0.0,0.0,0
1764136800000000,0.02104,0.02104,0.02104,0.02104,1922.0,1764137699999999,40.43888,1,0.0,0.0,0
1764137700000000,0.02104,0.02104,0.02104,0.02104,57199.0,1764138599999999,1203.46696,5,641.0,13.48664,0
1764138600000000,0.02103,0.02103,0.02102,0.02102,65927.0,1764139499999999,1386.11866,5,869.0,18.27113,0
1764139500000000,0.02102,0.02105,0.02102,0.02105,497805.0,1764140399999999,10470.04221,39,497805.0,10470.04221,0
1764140400000000,0.02104,0.02104,0.02104,0.02104,15331.0,1764141299999999,322.56424,3,15331.0,322.56424,0
1764141300000000,0.02104,0.02107,0.02104,0.02106,267774.0,1764142199999999,5638.88745,26,21736.0,457.50151,0
1764142200000000,0.02106,0.02158,0.02105,0.02123,35231726.0,1764143099999999,751322.19418,2628,19435490.0,414715.26931,0
1764143100000000,0.02123,0.02131,0.02113,0.02117,25078214.0,1764143999999999,532222.28151,1906,15204631.0,322676.93267,0
1764144000000000,0.02118,0.02124,0.02111,0.02116,5180572.0,1764144899999999,109695.85875,382,2274621.0,48148.77922,0
1764144900000000,0.02116,0.02118,0.02109,0.02111,6017721.0,1764145799999999,127137.00996,400,2863195.0,60497.53077,0
1764145800000000,0.02111,0.02113,0.02104,0.0211,3193534.0,1764146699999999,67355.44525,223,1562370.0,32951.82744,0
1764146700000000,0.0211,0.0211,0.02106,0.02106,2782790.0,1764147599999999,58664.15943,180,1484660.0,31303.96414,0
1764147600000000,0.02107,0.02108,0.02104,0.02106,3092603.0,1764148499999999,65137.45934,134,638754.0,13455.83446,0
1764148500000000,0.02105,0.02108,0.02104,0.02104,2222379.0,1764149399999999,46797.1812,123,954128.0,20093.02265,0
1764149400000000,0.02105,0.02106,0.02103,0.02103,2074077.0,1764150299999999,43637.12701,148,1203279.0,25318.47596,0
1764150300000000,0.02105,0.02105,0.02101,0.02102,1176736.0,1764151199999999,24742.84027,85,697199.0,14662.42956,0
1764151200000000,0.02102,0.02103,0.02101,0.02101,596065.0,1764152099999999,12528.94331,64,263263.0,5534.5314,0
1764152100000000,0.02101,0.02102,0.02099,0.02101,3408592.0,1764152999999999,71593.46485,689,2162781.0,45427.7569,0
1764153000000000,0.02099,0.02099,0.02098,0.02098,1150318.0,1764153899999999,24142.35982,296,643318.0,13503.24482,0
1764153900000000,0.02098,0.02099,0.02095,0.02095,4432414.0,1764154799999999,92936.08798,796,3446737.0,72271.01779,0
1764154800000000,0.02095,0.02096,0.02095,0.02095,250771.0,1764155699999999,5254.7728,59,112035.0,2348.2536,0
1764155700000000,0.02095,0.02097,0.02093,0.02095,2943394.0,1764156599999999,61661.44642,516,2065137.0,43266.67959,0
1764156600000000,0.02094,0.02095,0.02093,0.02095,1614931.0,1764157499999999,33818.54488,217,969517.0,20304.73828,0
1764157500000000,0.02095,0.02099,0.02094,0.02099,537386.0,1764158399999999,11264.88848,141,423994.0,8888.65392,0
1764158400000000,0.02099,0.021,0.02093,0.02093,1102569.0,1764159299999999,23123.13707,186,496356.0,10405.2214,0
1764159300000000,0.02094,0.02099,0.02094,0.02098,275503.0,1764160199999999,5773.66121,71,253222.0,5306.81942,0
1764160200000000,0.02097,0.02097,0.02094,0.02095,154052.0,1764161099999999,3227.14909,23,6405.0,134.19693,0
1764161100000000,0.02094,0.02095,0.02094,0.02094,23212.0,1764161999999999,486.06406,3,478.0,10.0141,0
1764162000000000,0.02094,0.02096,0.02094,0.02096,435519.0,1764162899999999,9124.88541,24,312628.0,6551.05287,0
1764162900000000,0.02097,0.02101,0.02097,0.02099,697377.0,1764163799999999,14640.65278,143,173209.0,3634.9867,0
1764163800000000,0.02101,0.02105,0.02098,0.02103,3038279.0,1764164699999999,63856.49976,321,243641.0,5121.04266,0
1764164700000000,0.02104,0.02105,0.02103,0.02104,776512.0,1764165599999999,16336.29037,135,55862.0,1175.35997,0
1764165600000000,0.02103,0.02105,0.02102,0.02105,872421.0,1764166499999999,18355.29484,125,312201.0,6571.41443,0
1764166500000000,0.02105,0.02106,0.02105,0.02105,695873.0,1764167399999999,14648.13156,139,180561.0,3800.81396,0
1764167400000000,0.02106,0.02106,0.02105,0.02106,132950.0,1764168299999999,2799.45391,22,50521.0,1063.9621,0
1764168300000000,0.02105,0.02105,0.02091,0.02095,22708302.0,1764169199999999,476379.39904,1098,12437484.0,260955.65393,0
1764169200000000,0.02094,0.02099,0.02094,0.02099,273668.0,1764170099999999,5738.77202,145,88276.0,1852.4274,0
1764170100000000,0.02098,0.021,0.02096,0.02097,1420686.0,1764170999999999,29805.58097,232,165367.0,3471.22439,0
1764171000000000,0.02097,0.02097,0.02093,0.02095,2682976.0,1764171899999999,56193.19579,698,536369.0,11235.1474,0
1764171900000000,0.02095,0.02095,0.02093,0.02093,47443.0,1764172799999999,993.69306,21,24164.0,506.2358,0
1764172800000000,0.02095,0.02099,0.02095,0.02097,1195880.0,1764173699999999,25080.81981,146,581474.0,12192.50802,0
1764173700000000,0.02098,0.02098,0.02094,0.02094,271897.0,1764174599999999,5699.73489,27,50293.0,1055.14714,0
1764174600000000,0.02094,0.02094,0.02093,0.02093,1030895.0,1764175499999999,21583.34736,81,584929.0,12246.93103,0
1764175500000000,0.02095,0.02095,0.02093,0.02094,436326.0,1764176399999999,9136.16203,28,356691.0,7469.25973,0
1764176400000000,0.02095,0.02095,0.02093,0.02095,287104.0,1764177299999999,6014.25432,24,158589.0,3322.42746,0
1764177300000000,0.02095,0.021,0.02094,0.02098,750014.0,1764178199999999,15730.33518,55,639075.0,13403.04617,0
1764178200000000,0.02098,0.02105,0.02095,0.02105,3095649.0,1764179099999999,65030.88305,216,2188641.0,45980.72094,0
1764179100000000,0.02104,0.02107,0.02096,0.02097,5395263.0,1764179999999999,113414.72475,304,2709550.0,56950.69571,0
1764180000000000,0.02098,0.02102,0.02097,0.02098,1087688.0,1764180899999999,22830.98648,87,593817.0,12465.2566,0
1764180900000000,0.02098,0.02098,0.02095,0.02097,724772.0,1764181799999999,15194.72232,68,447656.0,9384.65505,0
1764181800000000,0.02095,0.02096,0.02094,0.02096,585034.0,1764182699999999,12261.19524,45,504760.0,10579.7696,0
1764182700000000,0.02096,0.02097,0.02096,0.02096,168052.0,1764183599999999,3523.19679,22,135990.0,2850.93074,0
1764183600000000,0.02097,0.02098,0.02096,0.02097,523727.0,1764184499999999,10984.71898,50,293661.0,6160.24163,0
1764184500000000,0.02097,0.02098,0.02096,0.02096,73966.0,1764185399999999,1551.27839,14,39042.0,819.06472,0
1764185400000000,0.02096,0.02096,0.02095,0.02095,200375.0,1764186299999999,4199.66431,19,0.0,0.0,0
1764186300000000,0.02096,0.02098,0.02095,0.02097,116137.0,1764187199999999,2435.01212,12,115428.0,2420.15119,0
1764187200000000,0.02098,0.02099,0.02097,0.02098,336940.0,1764188099999999,7069.127,42,232924.0,4887.45452,0
1764188100000000,0.02098,0.02099,0.02098,0.02099,50746.0,1764188999999999,1064.94722,13,29614.0,621.59786,0
1764189000000000,0.02099,0.02099,0.02096,0.02096,243872.0,1764189899999999,5115.04363,20,32940.0,691.26784,0
1764189900000000,0.02096,0.02097,0.02096,0.02097,5443.0,1764190799999999,114.13271,3,4743.0,99.46071,0
1764190800000000,0.02096,0.02097,0.02096,0.02096,28287.0,1764191699999999,592.91222,5,1670.0,35.0199,0
1764191700000000,0.02096,0.02099,0.02096,0.02099,145828.0,1764192599999999,3059.83337,21,132322.0,2776.74761,0
1764192600000000,0.02098,0.02098,0.02097,0.02098,205652.0,1764193499999999,4313.86707,16,715.0,15.0007,0
1764193500000000,0.02098,0.02098,0.02095,0.02096,1120966.0,1764194399999999,23489.15527,47,776338.0,16268.4733,0
1764194400000000,0.02096,0.02096,0.02096,0.02096,57740.0,1764195299999999,1210.2304,6,57740.0,1210.2304,0
1764195300000000,0.02095,0.02096,0.02095,0.02096,349993.0,1764196199999999,7332.84809,15,238424.0,4995.47754,0
1764196200000000,0.02096,0.02096,0.02094,0.02094,111189.0,1764197099999999,2329.16888,6,43561.0,913.03856,0
1764197100000000,0.02096,0.02096,0.02096,0.02096,76354.0,1764197999999999,1600.37984,8,76354.0,1600.37984,0
1764198000000000,0.02095,0.02097,0.02095,0.02096,3710.0,1764198899999999,77.75074,5,1670.0,35.01274,0
1764198900000000,0.02096,0.02096,0.02094,0.02094,389807.0,1764199799999999,8165.16269,30,276894.0,5800.71422,0
1764199800000000,0.02094,0.02094,0.02094,0.02094,0.0,1764200699999999,0.0,0,0.0,0.0,0
1764200700000000,0.02096,0.02098,0.02096,0.02098,158210.0,1764201599999999,3317.04507,10,157503.0,3302.22635,0
1764201600000000,0.02098,0.02098,0.02095,0.02096,742664.0,1764202499999999,15575.69807,59,131133.0,2749.74256,0
1764202500000000,0.02095,0.02096,0.02094,0.02094,173254.0,1764203399999999,3630.49236,32,0.0,0.0,0
1764203400000000,0.02095,0.02095,0.02094,0.02095,302375.0,1764204299999999,6334.75186,25,301936.0,6325.5592,0
1764204300000000,0.02096,0.02101,0.02096,0.02096,980572.0,1764205199999999,20577.57517,55,441981.0,9274.78338,0
1764205200000000,0.02095,0.02098,0.02093,0.02095,1227941.0,1764206099999999,25721.39402,67,717252.0,15026.93214,0
1764206100000000,0.02095,0.02095,0.02095,0.02095,251.0,1764206999999999,5.25845,1,251.0,5.25845,0
1764207000000000,0.02093,0.02096,0.02093,0.02096,577284.0,1764207899999999,12089.05651,38,576943.0,12081.91938,0
1764207900000000,0.02095,0.02099,0.02095,0.02097,380265.0,1764208799999999,7975.24563,28,195400.0,4097.30406,0
1764208800000000,0.02097,0.02097,0.02096,0.02097,194787.0,1764209699999999,4084.20566,13,80851.0,1695.44547,0
1764209700000000,0.02097,0.02098,0.02097,0.02098,176190.0,1764210599999999,3695.30001,14,176190.0,3695.30001,0
1764210600000000,0.02098,0.02098,0.02095,0.02096,289187.0,1764211499999999,6062.00718,16,6106.0,127.99064,0
1764211500000000,0.02095,0.02095,0.02091,0.02093,2262956.0,1764212399999999,47358.49187,130,1670981.0,34970.77754,0
1764212400000000,0.02092,0.02095,0.02092,0.02095,109516.0,1764213299999999,2292.84527,6,109098.0,2284.10071,0
1764213300000000,0.02094,0.02094,0.02094,0.02094,2522.0,1764214199999999,52.81068,2,0.0,0.0,0
1764214200000000,0.02094,0.02096,0.02092,0.02095,440970.0,1764215099999999,9234.20098,46,237634.0,4977.28111,0
1764215100000000,0.02095,0.02096,0.02095,0.02096,59640.0,1764215999999999,1249.4686,19,1060.0,22.2176,0
1764216000000000,0.02095,0.02096,0.02094,0.02096,493301.0,1764216899999999,10332.97313,34,121167.0,2539.09046,0
1764216900000000,0.02095,0.02095,0.02092,0.02092,193880.0,1764217799999999,4060.39267,12,0.0,0.0,0
1764217800000000,0.02092,0.02093,0.02092,0.02092,156654.0,1764218699999999,3278.12526,10,92358.0,1933.05294,0
1764218700000000,0.02092,0.02092,0.02092,0.02092,3400.0,1764219599999999,71.128,1,0.0,0.0,0
1764219600000000,0.02092,0.02092,0.02092,0.02092,212960.0,1764220499999999,4455.1232,31,80515.0,1684.3738,0
1764220500000000,0.02093,0.02107,0.02092,0.02107,13808853.0,1764221399999999,290058.56757,339,4373855.0,91854.20779,0
1764221400000000,0.02108,0.02109,0.02103,0.02104,6176859.0,1764222299999999,130160.20189,181,1063354.0,22412.3326,0
1764222300000000,0.02104,0.02104,0.02102,0.02104,751162.0,1764223199999999,15801.06898,45,344212.0,7241.06712,0
1764223200000000,0.02103,0.02108,0.02103,0.02108,369136.0,1764224099999999,7770.76818,45,298417.0,6283.39124,0
1764224100000000,0.02108,0.02108,0.02107,0.02107,131774.0,1764224999999999,2777.73592,17,68111.0,1435.77988,0
1764225000000000,0.02107,0.02109,0.02107,0.02108,608628.0,1764225899999999,12834.5149,36,349327.0,7366.73657,0
1764225900000000,0.02108,0.02108,0.02107,0.02107,90854.0,1764226799999999,1914.63277,6,0.0,0.0,0
1764226800000000,0.02108,0.02109,0.02108,0.02109,146996.0,1764227699999999,3100.14179,9,142405.0,3003.32145,0
1764227700000000,0.02109,0.0211,0.02109,0.02109,672234.0,1764228599999999,14179.18597,32,161553.0,3408.7683,0
1764228600000000,0.02109,0.02109,0.02109,0.02109,229306.0,1764229499999999,4836.06354,12,81614.0,1721.23926,0
1764229500000000,0.02108,0.0211,0.02108,0.0211,168784.0,1764230399999999,3559.74857,21,76932.0,1622.59388,0
1764230400000000,0.0211,0.02111,0.02109,0.0211,963622.0,1764231299999999,20331.16579,84,379784.0,8014.64851,0
1764231300000000,0.0211,0.0211,0.02108,0.02109,250615.0,1764232199999999,5285.20522,21,75039.0,1582.57251,0
1764232200000000,0.02108,0.02117,0.02107,0.02111,2030094.0,1764233099999999,42883.02502,141,941412.0,19874.89258,0
1764233100000000,0.02112,0.02115,0.02112,0.02113,2983490.0,1764233999999999,63069.30554,200,1606302.0,33961.77375,0
1764234000000000,0.02113,0.02113,0.02104,0.0211,2703076.0,1764234899999999,56979.11807,137,883326.0,18624.64892,0
1764234900000000,0.02109,0.02112,0.02109,0.02112,253916.0,1764235799999999,5359.62986,18,249963.0,5276.26109,0
1764235800000000,0.02112,0.02115,0.02112,0.02114,718121.0,1764236699999999,15181.51269,50,149843.0,3167.19606,0
1764236700000000,0.02115,0.02115,0.02113,0.02113,481424.0,1764237599999999,10177.46472,47,248.0,5.2452,0
1764237600000000,0.02114,0.02114,0.02113,0.02113,72185.0,1764238499999999,1525.93321,20,66416.0,1404.03424,0
1764238500000000,0.02113,0.02114,0.02112,0.02112,211985.0,1764239399999999,4479.10891,65,2769.0,58.53666,0
1764239400000000,0.02112,0.02118,0.02109,0.02115,2660318.0,1764240299999999,56253.48398,222,1087861.0,22991.95837,0
1764240300000000,0.02116,0.02117,0.02114,0.02117,378457.0,1764241199999999,8007.11849,35,159660.0,3378.64206,0
1764241200000000,0.02117,0.02119,0.02117,0.02118,1658644.0,1764242099999999,35128.21803,270,411564.0,8716.89018,0
1764242100000000,0.02118,0.0212,0.02118,0.0212,307484.0,1764242999999999,6513.25663,57,70500.0,1493.93551,0
1764243000000000,0.02119,0.02134,0.02118,0.02123,11470644.0,1764243899999999,243889.43293,794,6468327.0,137537.3412,0
1764243900000000,0.02122,0.02124,0.02122,0.02123,268499.0,1764244799999999,5701.01542,35,205331.0,4360.02574,0
1764244800000000,0.02124,0.02126,0.02124,0.02125,999125.0,1764245699999999,21226.95671,201,566574.0,12037.60093,0
1764245700000000,0.02124,0.02125,0.02124,0.02125,79945.0,1764246599999999,1698.47805,11,44625.0,948.28125,0
1764246600000000,0.02124,0.02126,0.02121,0.02121,1518921.0,1764247499999999,32260.20928,250,599997.0,12748.59317,0
1764247500000000,0.02121,0.02124,0.0212,0.0212,1342850.0,1764248399999999,28494.61011,117,827052.0,17551.79964,0
1764248400000000,0.02121,0.02124,0.0212,0.02123,536740.0,1764249299999999,11391.7395,57,480749.0,10202.98963,0
1764249300000000,0.02123,0.02123,0.02119,0.0212,1172162.0,1764250199999999,24863.66424,77,541547.0,11485.70297,0
1764250200000000,0.0212,0.02121,0.02119,0.02121,85200.0,1764251099999999,1806.86017,12,67690.0,1435.65875,0
1764251100000000,0.02122,0.02123,0.02122,0.02123,144910.0,1764251999999999,3076.37627,17,144437.0,3066.33921,0
1764252000000000,0.02123,0.02125,0.02123,0.02124,665879.0,1764252899999999,14147.67681,126,191951.0,4077.8465,0
1764252900000000,0.02124,0.02125,0.02124,0.02125,48985.0,1764253799999999,1040.92545,6,48405.0,1028.60625,0
1764253800000000,0.02125,0.0213,0.02121,0.02126,2808207.0,1764254699999999,59686.26413,275,1448707.0,30795.05281,0
1764254700000000,0.02124,0.02124,0.02123,0.02123,208057.0,1764255599999999,4417.74148,19,3579.0,76.01796,0
1764255600000000,0.02122,0.02124,0.02122,0.02124,97665.0,1764256499999999,2074.11835,8,75947.0,1613.10785,0
1764256500000000,0.02125,0.02125,0.02123,0.02125,816693.0,1764257399999999,17347.84143,65,354493.0,7532.26249,0
1764257400000000,0.02125,0.02127,0.02125,0.02126,538338.0,1764258299999999,11441.4389,58,456658.0,9705.61825,0
1764258300000000,0.02126,0.02129,0.02126,0.02126,1374899.0,1764259199999999,29243.46806,240,689490.0,14666.9256,0
1764259200000000,0.02126,0.02129,0.02126,0.02128,1241700.0,1764260099999999,26414.73327,204,804380.0,17111.57895,0
1764260100000000,0.02128,0.02129,0.02127,0.02127,628803.0,1764260999999999,13382.12685,99,351180.0,7474.21855,0
1764261000000000,0.02129,0.02129,0.02128,0.02129,111026.0,1764261899999999,2363.18415,65,55087.0,1172.80223,0
1764261900000000,0.02128,0.02132,0.02128,0.02129,1267002.0,1764262799999999,26990.304,127,562288.0,11981.32414,0
1764262800000000,0.0213,0.02131,0.02129,0.02131,649760.0,1764263699999999,13840.10323,188,180342.0,3842.51292,0
1764263700000000,0.0213,0.0213,0.0213,0.0213,7549.0,1764264599999999,160.7937,8,0.0,0.0,0
1764264600000000,0.02129,0.02131,0.02129,0.02129,44049.0,1764265499999999,938.16498,21,18676.0,397.87981,0
1764265500000000,0.02129,0.02129,0.02128,0.02128,73282.0,1764266399999999,1560.05356,8,0.0,0.0,0
1764266400000000,0.02128,0.02128,0.02128,0.02128,0.0,1764267299999999,0.0,0,0.0,0.0,0
1764267300000000,0.0213,0.0213,0.02129,0.02129,20276.0,1764268199999999,431.76445,4,8841.0,188.3133,0
1764268200000000,0.02128,0.02131,0.02128,0.02131,97339.0,1764269099999999,2073.39217,8,97101.0,2068.32753,0
1764269100000000,0.02131,0.02132,0.0213,0.0213,704428.0,1764269999999999,15012.28205,145,196032.0,4178.03738,0
1764270000000000,0.0213,0.02131,0.02128,0.02128,554171.0,1764270899999999,11800.15088,102,119310.0,2541.50944,0
1764270900000000,0.02128,0.02128,0.02127,0.02127,317976.0,1764271799999999,6764.71581,29,177615.0,3779.13159,0
1764271800000000,0.02127,0.02128,0.02127,0.02127,147063.0,1764272699999999,3129.29679,22,107258.0,2282.45024,0
1764272700000000,0.02128,0.02128,0.02127,0.02127,17435.0,1764273599999999,370.96678,6,0.0,0.0,0
1764273600000000,0.02129,0.02129,0.02128,0.02128,2413.0,1764274499999999,51.35346,3,482.0,10.26178,0
1764274500000000,0.02129,0.02132,0.02129,0.02131,1119666.0,1764275399999999,23855.25765,293,313621.0,6680.33054,0
1764275400000000,0.02132,0.02132,0.0213,0.0213,292841.0,1764276299999999,6239.87906,36,1030.0,21.9596,0
1764276300000000,0.02131,0.02131,0.0213,0.0213,23241.0,1764277199999999,495.24507,22,378.0,8.05518,0
1764277200000000,0.02131,0.02131,0.02131,0.02131,69874.0,1764278099999999,1489.01494,64,1679.0,35.77949,0
1764278100000000,0.02131,0.02131,0.02128,0.02129,660109.0,1764278999999999,14056.68474,49,104108.0,2217.40643,0
1764279000000000,0.02131,0.02131,0.02129,0.0213,48607.0,1764279899999999,1035.79669,5,48270.0,1028.62196,0
1764279900000000,0.02129,0.0213,0.02129,0.02129,99751.0,1764280799999999,2123.77596,6,7717.0,164.3721,0
1764280800000000,0.02128,0.02131,0.02128,0.02131,620892.0,1764281699999999,13218.37608,62,486261.0,10353.4284,0
1764281700000000,0.02131,0.02133,0.02129,0.02129,1157021.0,1764282599999999,24668.65823,162,419975.0,8955.34713,0
1764282600000000,0.02129,0.02129,0.02126,0.02127,493594.0,1764283499999999,10501.17447,122,258461.0,5497.47955,0
1764283500000000,0.02126,0.02127,0.02125,0.02127,471176.0,1764284399999999,10018.96048,27,469785.0,9989.40173,0
1764284400000000,0.02127,0.02131,0.02127,0.0213,330152.0,1764285299999999,7028.22296,42,325161.0,6921.91466,0
1764285300000000,0.0213,0.02133,0.0213,0.02132,381275.0,1764286199999999,8128.1667,80,137563.0,2932.45671,0
1764286200000000,0.02133,0.02134,0.02131,0.02132,655027.0,1764287099999999,13969.37109,104,131113.0,2797.1824,0
1764287100000000,0.02132,0.02132,0.02126,0.02129,1492700.0,1764287999999999,31766.96274,268,813940.0,17318.75428,0
1764288000000000,0.02129,0.02134,0.02129,0.02131,2092651.0,1764288899999999,44603.7127,161,1378414.0,29379.45106,0
1764288900000000,0.0213,0.0213,0.0213,0.0213,105730.0,1764289799999999,2252.049,4,0.0,0.0,0
1764289800000000,0.02129,0.02129,0.02127,0.02127,124219.0,1764290699999999,2643.99055,15,0.0,0.0,0
1764290700000000,0.02127,0.02128,0.02125,0.02128,916773.0,1764291599999999,19500.56389,50,686556.0,14604.4997,0
1764291600000000,0.02128,0.02128,0.02127,0.02127,443353.0,1764292499999999,9431.17361,35,278080.0,5914.7616,0
1764292500000000,0.02128,0.02131,0.02128,0.0213,496056.0,1764293399999999,10565.86986,30,288351.0,6140.83587,0
1764293400000000,0.0213,0.02132,0.02129,0.02132,75638.0,1764294299999999,1611.52116,16,39493.0,841.6416,0
1764294300000000,0.02132,0.02136,0.02132,0.02133,2122343.0,1764295199999999,45274.31745,200,852535.0,18189.48748,0
1764295200000000,0.02132,0.02135,0.02132,0.02133,1569130.0,1764296099999999,33479.74737,228,556162.0,11867.60789,0
1764296100000000,0.02133,0.02133,0.02128,0.02129,816812.0,1764296999999999,17395.84078,69,374660.0,7976.22471,0
1764297000000000,0.02128,0.02129,0.02127,0.02129,320662.0,1764297899999999,6824.11872,27,253767.0,5400.74509,0
1764297900000000,0.02129,0.02133,0.02129,0.02131,452213.0,1764298799999999,9635.73934,58,263114.0,5606.03739,0
1764298800000000,0.02131,0.02133,0.02131,0.02133,79501.0,1764299699999999,1695.04352,19,78334.0,1670.17168,0
1764299700000000,0.02132,0.02135,0.02132,0.02134,502294.0,1764300599999999,10717.67191,68,216724.0,4624.27877,0
1764300600000000,0.02134,0.02134,0.02134,0.02134,272835.0,1764301499999999,5822.2989,108,116992.0,2496.60928,0
1764301500000000,0.02134,0.02134,0.02132,0.02134,469260.0,1764302399999999,10011.02081,109,64117.0,1367.79267,0
1764302400000000,0.02133,0.02134,0.0213,0.02132,1144736.0,1764303299999999,24407.28981,220,297028.0,6334.31203,0
1764303300000000,0.02131,0.02131,0.02129,0.02129,236246.0,1764304199999999,5030.12578,18,150414.0,3202.31406,0
1764304200000000,0.02129,0.02129,0.02129,0.02129,215149.0,1764305099999999,4580.52221,19,47958.0,1021.02582,0
1764305100000000,0.02128,0.02129,0.02128,0.02128,432435.0,1764305999999999,9205.2831,53,306630.0,6528.09983,0
1764306000000000,0.02129,0.0213,0.02129,0.0213,258552.0,1764306899999999,5506.18699,58,66572.0,1417.91376,0
1764306900000000,0.02131,0.02131,0.02131,0.02131,73905.0,1764307799999999,1574.91555,13,65265.0,1390.79715,0
1764307800000000,0.02131,0.02131,0.02128,0.02128,967455.0,1764308699999999,20600.20078,157,230323.0,4905.79442,0
1764308700000000,0.02129,0.02133,0.02128,0.02133,323174.0,1764309599999999,6885.14714,23,293205.0,6247.34066,0
1764309600000000,0.02133,0.02133,0.02132,0.02132,227738.0,1764310499999999,4856.10208,19,116120.0,2476.37164,0
1764310500000000,0.02132,0.02135,0.02132,0.02133,501533.0,1764311399999999,10701.13854,48,245764.0,5244.73299,0
1764311400000000,0.02133,0.02133,0.02131,0.02132,141977.0,1764312299999999,3026.35283,13,3216.0,68.57312,0
1764312300000000,0.02131,0.02132,0.0213,0.02132,145864.0,1764313199999999,3109.56447,18,136606.0,2912.3162,0
1764313200000000,0.02132,0.02132,0.02131,0.02132,156439.0,1764314099999999,3334.38219,60,11229.0,239.29697,0
1764314100000000,0.02131,0.02133,0.0213,0.02133,343203.0,1764314999999999,7314.31428,37,274507.0,5850.98705,0
1764315000000000,0.02133,0.02133,0.02129,0.02129,646168.0,1764315899999999,13765.97275,57,306004.0,6518.56375,0
1764315900000000,0.0213,0.02131,0.02129,0.02131,229310.0,1764316799999999,4884.50615,24,178648.0,3805.85802,0
1764316800000000,0.02131,0.02132,0.02131,0.02132,174112.0,1764317699999999,3711.88185,80,79498.0,1694.73607,0
1764317700000000,0.02131,0.02131,0.0213,0.0213,139274.0,1764318599999999,2967.68739,22,34015.0,724.85965,0
1764318600000000,0.0213,0.02132,0.0213,0.02131,271478.0,1764319499999999,5785.73473,23,204911.0,4367.29391,0
1764319500000000,0.0213,0.02137,0.02128,0.02131,2143154.0,1764320399999999,45690.0161,367,731384.0,15588.97818,0
1764320400000000,0.02128,0.02132,0.02128,0.02132,797348.0,1764321299999999,16979.0678,110,554368.0,11804.58616,0
1764321300000000,0.0213,0.0213,0.02129,0.02129,237591.0,1764322199999999,5058.84014,26,0.0,0.0,0
1764322200000000,0.02128,0.0213,0.02128,0.0213,276211.0,1764323099999999,5880.1604,45,234617.0,4995.04008,0
1764323100000000,0.02128,0.02129,0.02128,0.02128,289955.0,1764323999999999,6171.27988,21,234727.0,4996.02804,0
1764324000000000,0.02128,0.0213,0.02128,0.0213,54516.0,1764324899999999,1160.65699,6,54216.0,1154.27299,0
1764324900000000,0.02129,0.02129,0.02126,0.02128,938458.0,1764325799999999,19967.55301,83,704525.0,14990.4376,0
1764325800000000,0.02128,0.02128,0.02126,0.02126,63484.0,1764326699999999,1350.02093,7,10109.0,215.11952,0
1764326700000000,0.02127,0.02128,0.02127,0.02128,317168.0,1764327599999999,6746.78506,46,251876.0,5357.98236,0
1764327600000000,0.02128,0.02128,0.02126,0.02126,531096.0,1764328499999999,11297.43828,58,286954.0,6104.5598,0
1764328500000000,0.02126,0.02133,0.02124,0.02132,2034618.0,1764329399999999,43306.68618,233,1229229.0,26146.39166,0
1764329400000000,0.02133,0.02133,0.02132,0.02133,549480.0,1764330299999999,11719.70062,77,152335.0,3249.30555,0
1764330300000000,0.02133,0.02133,0.02132,0.02132,81816.0,1764331199999999,1744.60921,8,29209.0,623.02797,0
1764331200000000,0.02131,0.02131,0.0213,0.0213,90945.0,1764332099999999,1937.96413,8,0.0,0.0,0
1764332100000000,0.0213,0.0213,0.0213,0.0213,5281.0,1764332999999999,112.4853,1,0.0,0.0,0
1764333000000000,0.02129,0.02129,0.02129,0.02129,3677.0,1764333899999999,78.28333,1,0.0,0.0,0
1764333900000000,0.0213,0.0213,0.02127,0.02128,649072.0,1764334799999999,13810.42607,103,452148.0,9620.21551,0
1764334800000000,0.02128,0.02128,0.02125,0.02127,511175.0,1764335699999999,10871.5046,53,333858.0,7100.60142,0
1764335700000000,0.02127,0.02127,0.02127,0.02127,8071.0,1764336599999999,171.67017,13,6798.0,144.59346,0
1764336600000000,0.02126,0.02128,0.02126,0.02128,288448.0,1764337499999999,6135.03657,71,253536.0,5392.80745,0
1764337500000000,0.02129,0.02132,0.02128,0.02129,636350.0,1764338399999999,13553.16865,92,335507.0,7145.58756,0
1764338400000000,0.0213,0.0213,0.02129,0.02129,9555.0,1764339299999999,203.50278,6,0.0,0.0,0
1764339300000000,0.02129,0.02132,0.02128,0.02129,755329.0,1764340199999999,16085.47743,46,160769.0,3425.21169,0
1764340200000000,0.0213,0.02131,0.02121,0.02125,4598536.0,1764341099999999,97750.69944,375,2233199.0,47485.66784,0
1764341100000000,0.02125,0.02125,0.02122,0.02123,1418191.0,1764341999999999,30122.22284,76,336533.0,7148.17636,0
1764342000000000,0.02124,0.02125,0.02123,0.02123,831244.0,1764342899999999,17652.30878,52,122654.0,2605.22474,0
1764342900000000,0.02125,0.02128,0.02124,0.02127,274881.0,1764343799999999,5844.4255,46,242714.0,5160.95989,0
1764343800000000,0.02126,0.02126,0.02123,0.02123,710819.0,1764344699999999,15098.72264,106,442569.0,9399.32866,0
1764344700000000,0.02123,0.02124,0.02122,0.02123,287540.0,1764345599999999,6104.83281,14,151125.0,3208.84585,0
1764345600000000,0.02123,0.02124,0.02118,0.02121,3803997.0,1764346499999999,80655.97239,260,2542092.0,53900.3321,0
1764346500000000,0.02121,0.02122,0.02119,0.02122,820865.0,1764347399999999,17406.25727,67,565615.0,11993.5366,0
1764347400000000,0.02122,0.02126,0.02122,0.02124,411012.0,1764348299999999,8733.81968,33,53717.0,1141.07719,0
1764348300000000,0.02123,0.02124,0.02122,0.02124,275142.0,1764349199999999,5841.9185,25,118738.0,2521.56559,0
1764349200000000,0.02123,0.02123,0.02118,0.02121,1684701.0,1764350099999999,35724.20599,146,524060.0,11111.23831,0
1764350100000000,0.0212,0.02122,0.02119,0.02121,674889.0,1764350999999999,14313.24726,106,109978.0,2332.49788,0
1764351000000000,0.0212,0.02122,0.02119,0.0212,539833.0,1764351899999999,11446.26833,57,388939.0,8247.10073,0
1764351900000000,0.02122,0.02122,0.0212,0.02121,324757.0,1764352799999999,6888.81049,29,120160.0,2549.00221,0
1764352800000000,0.0212,0.02121,0.02118,0.02121,452394.0,1764353699999999,9588.42576,63,364212.0,7719.29643,0
1764353700000000,0.02122,0.02123,0.0212,0.0212,477120.0,1764354599999999,10119.70706,50,91924.0,1951.11553,0
1764354600000000,0.0212,0.02121,0.02119,0.02121,2854596.0,1764355499999999,60515.05789,2038,382715.0,8117.30195,0
1764355500000000,0.02121,0.02121,0.02118,0.02119,398920.0,1764356399999999,8453.34343,67,290472.0,6155.58291,0
1764356400000000,0.02119,0.02121,0.02119,0.02121,77683.0,1764357299999999,1646.92104,10,77287.0,1638.5298,0
1764357300000000,0.02119,0.02122,0.02119,0.02121,89911.0,1764358199999999,1907.30673,38,73186.0,1552.57418,0
1764358200000000,0.02121,0.02122,0.02121,0.02121,20839.0,1764359099999999,442.00408,27,10344.0,219.40513,0
1764359100000000,0.02121,0.02121,0.02119,0.0212,618837.0,1764359999999999,13121.17135,358,29179.0,618.88659,0
1764360000000000,0.0212,0.0212,0.02119,0.0212,318578.0,1764360899999999,6753.39668,45,265202.0,5622.2824,0
1764360900000000,0.0212,0.02123,0.0212,0.02123,101187.0,1764361799999999,2146.80384,32,98095.0,2081.25344,0
1764361800000000,0.02123,0.02126,0.02123,0.02123,320234.0,1764362699999999,6803.02007,121,28270.0,600.31133,0
1764362700000000,0.02123,0.02124,0.02122,0.02124,72439.0,1764363599999999,1537.88491,22,23142.0,491.47441,0
1764363600000000,0.02123,0.02123,0.02121,0.02121,220820.0,1764364499999999,4685.35063,35,40594.0,860.99874,0
1764364500000000,0.0212,0.0212,0.0212,0.0212,6812.0,1764365399999999,144.4144,1,0.0,0.0,0
1764365400000000,0.02121,0.02121,0.0212,0.02121,130899.0,1764366299999999,2776.25669,11,119789.0,2540.72469,0
1764366300000000,0.0212,0.02121,0.02119,0.02119,759974.0,1764367199999999,16110.32011,54,712237.0,15098.47452,0
1764367200000000,0.0212,0.02123,0.02119,0.02122,108479.0,1764368099999999,2300.89219,16,54456.0,1154.73155,0
1764368100000000,0.02121,0.02121,0.02119,0.02119,295542.0,1764368999999999,6266.02086,21,10061.0,213.19259,0
1764369000000000,0.0212,0.02123,0.02119,0.02121,218295.0,1764369899999999,4630.45894,69,126239.0,2677.55404,0
1764369900000000,0.02121,0.02121,0.02121,0.02121,0.0,1764370799999999,0.0,0,0.0,0.0,0
1764370800000000,0.02123,0.02125,0.02122,0.02122,498668.0,1764371699999999,10591.3941,99,108997.0,2314.34804,0
1764371700000000,0.02122,0.02122,0.02122,0.02122,0.0,1764372599999999,0.0,0,0.0,0.0,0
1764372600000000,0.02122,0.02122,0.02122,0.02122,60459.0,1764373499999999,1282.93998,6,25725.0,545.8845,0
1764373500000000,0.02121,0.02121,0.0212,0.0212,60683.0,1764374399999999,1286.62631,11,0.0,0.0,0
1764374400000000,0.02119,0.02121,0.02117,0.02119,1218890.0,1764375299999999,25822.11636,82,716635.0,15186.15234,0
1764375300000000,0.02118,0.02119,0.02115,0.02119,1303743.0,1764376199999999,27599.07581,124,830235.0,17577.45807,0
1764376200000000,0.02119,0.02125,0.02118,0.02124,880667.0,1764377099999999,18696.37193,72,572372.0,12151.90484,0
1764377100000000,0.02123,0.02123,0.02121,0.02121,201921.0,1764377999999999,4283.45077,9,0.0,0.0,0
1764378000000000,0.02121,0.02123,0.02121,0.02123,408604.0,1764378899999999,8674.13861,48,135677.0,2880.03982,0
1764378900000000,0.02123,0.02124,0.02122,0.02124,269823.0,1764379799999999,5728.17977,58,16005.0,339.94241,0
1764379800000000,0.02122,0.02122,0.0212,0.0212,265298.0,1764380699999999,5626.89083,41,86952.0,1844.25192,0
1764380700000000,0.02121,0.02121,0.0212,0.0212,148488.0,1764381599999999,3149.00704,49,83255.0,1765.83855,0
1764381600000000,0.02121,0.02123,0.02121,0.02123,40048.0,1764382499999999,849.85498,12,32927.0,698.81857,0
1764382500000000,0.02122,0.02123,0.02122,0.02122,10395.0,1764383399999999,220.66501,5,8311.0,176.44253,0
1764383400000000,0.02122,0.02122,0.02116,0.02119,1195118.0,1764384299999999,25321.86094,150,325095.0,6887.84589,0
1764384300000000,0.02117,0.02119,0.021,0.02118,8395312.0,1764385199999999,177198.65332,554,3798472.0,80234.78284,0
1764385200000000,0.02118,0.0212,0.02118,0.0212,84149.0,1764386099999999,1783.13243,13,81069.0,1717.86863,0
1764386100000000,0.02121,0.02122,0.0212,0.0212,100933.0,1764386999999999,2141.00991,30,49225.0,1044.34026,0
1764387000000000,0.0212,0.02122,0.0212,0.02122,242971.0,1764387899999999,5152.49048,32,168647.0,3576.82168,0
1764387900000000,0.02121,0.02121,0.02119,0.02119,186793.0,1764388799999999,3959.06794,18,0.0,0.0,0
1764388800000000,0.02119,0.02119,0.02114,0.02116,775218.0,1764389699999999,16410.97722,55,236170.0,4997.0035,0
1764389700000000,0.02116,0.02117,0.02115,0.02117,452494.0,1764390599999999,9575.88783,24,446414.0,9447.18373,0
1764390600000000,0.02118,0.02121,0.02117,0.02119,238684.0,1764391499999999,5058.57472,34,158389.0,3357.46127,0
1764391500000000,0.02119,0.0212,0.02118,0.0212,465531.0,1764392399999999,9865.34851,94,142177.0,3013.67776,0
1764392400000000,0.0212,0.0212,0.02119,0.02119,13368.0,1764393299999999,283.36255,2,0.0,0.0,0
1764393300000000,0.0212,0.0212,0.02119,0.02119,9501.0,1764394199999999,201.34314,4,1695.0,35.934,0
1764394200000000,0.0212,0.0212,0.0212,0.0212,11672.0,1764395099999999,247.4464,5,11672.0,247.4464,0
1764395100000000,0.02119,0.02119,0.02119,0.02119,30595.0,1764395999999999,648.30805,1,0.0,0.0,0
1764396000000000,0.02119,0.02119,0.02118,0.02118,73589.0,1764396899999999,1558.98999,8,27372.0,580.01268,0
1764396900000000,0.02119,0.02119,0.02112,0.02115,2116356.0,1764397799999999,44751.22974,227,1543025.0,32622.77638,0
1764397800000000,0.02115,0.02115,0.02112,0.02115,1584097.0,1764398699999999,33473.55154,208,1007810.0,21295.03649,0
1764398700000000,0.02115,0.02116,0.02115,0.02115,52345.0,1764399599999999,1107.31638,6,21963.0,464.73708,0
1764399600000000,0.02115,0.02115,0.02115,0.02115,44380.0,1764400499999999,938.637,7,12462.0,263.5713,0
1764400500000000,0.02116,0.02116,0.02116,0.02116,45053.0,1764401399999999,953.32148,6,0.0,0.0,0
1764401400000000,0.02116,0.02116,0.02115,0.02115,12880.0,1764402299999999,272.52977,3,11777.0,249.20132,0
1764402300000000,0.02116,0.02117,0.02116,0.02117,35723.0,1764403199999999,755.99025,15,35723.0,755.99025,0
1764403200000000,0.02116,0.02116,0.02111,0.02114,2078805.0,1764404099999999,43939.96298,215,983967.0,20796.20028,0
1764404100000000,0.02114,0.02114,0.02114,0.02114,76183.0,1764404999999999,1610.50862,7,0.0,0.0,0
1764405000000000,0.02114,0.02114,0.02114,0.02114,23020.0,1764405899999999,486.6428,4,0.0,0.0,0
1764405900000000,0.02113,0.02113,0.02111,0.02112,206218.0,1764406799999999,4355.61807,107,66180.0,1397.7216,0
1764406800000000,0.02112,0.02113,0.02112,0.02112,165336.0,1764407699999999,3491.94627,55,38130.0,805.35555,0
1764407700000000,0.02112,0.02113,0.02112,0.02112,143057.0,1764408599999999,3021.84811,47,48427.0,1023.26251,0
1764408600000000,0.02112,0.02112,0.0211,0.02111,770008.0,1764409499999999,16256.82113,207,316870.0,6691.12505,0
1764409500000000,0.02111,0.02111,0.021,0.02105,12613268.0,1764410399999999,265377.05653,894,6440166.0,135460.90473,0
1764410400000000,0.02105,0.02105,0.02093,0.02095,15386827.0,1764411299999999,322913.79383,826,8142696.0,170885.3444,0
1764411300000000,0.02095,0.02098,0.02093,0.02098,1054857.0,1764412199999999,22101.35766,174,670884.0,14059.12714,0
1764412200000000,0.02099,0.02099,0.02098,0.02098,66658.0,1764413099999999,1398.96255,8,6424.0,134.83976,0
1764413100000000,0.02098,0.02099,0.02098,0.02099,6459.0,1764413999999999,135.51748,5,766.0,16.07834,0
1764414000000000,0.02098,0.02099,0.02098,0.02098,159184.0,1764414899999999,3340.82961,35,29129.0,611.26844,0
1764414900000000,0.021,0.02101,0.021,0.021,351728.0,1764415799999999,7388.35044,21,113712.0,2388.42792,0
1764415800000000,0.02099,0.02101,0.02099,0.02101,99736.0,1764416699999999,2095.3618,39,66996.0,1407.55838,0
1764416700000000,0.02101,0.02102,0.021,0.021,678351.0,1764417599999999,14253.69599,83,157174.0,3302.32699,0
1764417600000000,0.021,0.021,0.02096,0.02096,168610.0,1764418499999999,3537.79277,20,3015.0,63.2547,0
1764418500000000,0.02096,0.02097,0.02096,0.02097,96134.0,1764419399999999,2014.97579,4,67631.0,1417.55291,0
1764419400000000,0.02096,0.02096,0.02096,0.02096,409706.0,1764420299999999,8587.43776,66,238311.0,4994.99856,0
1764420300000000,0.02095,0.02096,0.02095,0.02096,7399.0,1764421199999999,155.07993,2,7088.0,148.56448,0
1764421200000000,0.02095,0.02096,0.02095,0.02095,720112.0,1764422099999999,15086.83252,147,306148.0,6414.28672,0
1764422100000000,0.02095,0.02096,0.02095,0.02095,125893.0,1764422999999999,2638.70344,17,111999.0,2347.49904,0
1764423000000000,0.02096,0.02096,0.02094,0.02095,1163891.0,1764423899999999,24379.55606,44,753774.0,15789.65242,0
1764423900000000,0.02094,0.02095,0.02093,0.02093,1065443.0,1764424799999999,22307.92615,49,418059.0,8754.27927,0
1764424800000000,0.02093,0.02094,0.02093,0.02093,760543.0,1764425699999999,15919.17822,136,322692.0,6754.95679,0
1764425700000000,0.02093,0.02094,0.02093,0.02094,31290.0,1764426599999999,655.06341,13,16371.0,342.80874,0
1764426600000000,0.02094,0.02094,0.02094,0.02094,47418.0,1764427499999999,992.93292,20,43255.0,905.7597,0
1764427500000000,0.02095,0.02097,0.02095,0.02096,310536.0,1764428399999999,6510.28095,25,209277.0,4386.88772,0
1764428400000000,0.02097,0.02098,0.02097,0.02098,3042.0,1764429299999999,63.79698,4,624.0,13.09152,0
1764429300000000,0.02097,0.021,0.02097,0.02099,331048.0,1764430199999999,6946.36706,87,282885.0,5936.20608,0
1764430200000000,0.02099,0.02099,0.02098,0.02098,58614.0,1764431099999999,1230.28352,31,56180.0,1179.2182,0
1764431100000000,0.02099,0.02099,0.02099,0.02099,274369.0,1764431999999999,5759.00531,25,254424.0,5340.35976,0
1764432000000000,0.02098,0.02098,0.02098,0.02098,36352.0,1764432899999999,762.66496,5,0.0,0.0,0
1764432900000000,0.02098,0.02099,0.02097,0.02098,266566.0,1764433799999999,5595.07448,15,126782.0,2661.02453,0
1764433800000000,0.02098,0.02098,0.02096,0.02096,139130.0,1764434699999999,2917.60548,16,596.0,12.49812,0
1764434700000000,0.02096,0.02098,0.02096,0.02097,89217.0,1764435599999999,1871.01715,12,55308.0,1160.18934,0
1764435600000000,0.02096,0.02096,0.02094,0.02094,533030.0,1764436499999999,11165.29709,78,249098.0,5216.11785,0
1764436500000000,0.02094,0.02094,0.02093,0.02093,12744.0,1764437399999999,266.83317,2,0.0,0.0,0
1764437400000000,0.02093,0.02094,0.02088,0.02094,1592076.0,1764438299999999,33296.34982,170,917174.0,19181.85301,0
1764438300000000,0.02093,0.02093,0.02091,0.02092,684781.0,1764439199999999,14325.92311,90,272682.0,5703.56633,0
1764439200000000,0.02092,0.02093,0.02089,0.0209,492184.0,1764440099999999,10288.76025,103,64617.0,1351.97884,0
1764440100000000,0.02091,0.02094,0.02091,0.02094,451390.0,1764440999999999,9442.14632,60,250423.0,5239.25098,0
1764441000000000,0.02094,0.02095,0.02093,0.02094,251158.0,1764441899999999,5260.44818,65,70962.0,1486.41082,0
1764441900000000,0.02094,0.02095,0.02093,0.02093,217879.0,1764442799999999,4562.27783,45,42843.0,897.44548,0
1764442800000000,0.02093,0.02094,0.02093,0.02094,19249.0,1764443699999999,403.07065,2,18908.0,395.93352,0
1764443700000000,0.02094,0.02094,0.02092,0.02092,81292.0,1764444599999999,1701.4659,21,0.0,0.0,0
1764444600000000,0.02092,0.02092,0.02089,0.02089,469656.0,1764445499999999,9818.03107,72,240000.0,5018.0732,0
1764445500000000,0.02089,0.02091,0.02088,0.02088,449718.0,1764446399999999,9399.4061,90,238995.0,4996.77971,0
1764446400000000,0.02089,0.0209,0.02086,0.02087,1291310.0,1764447299999999,26966.88249,189,733416.0,15321.08167,0
1764447300000000,0.02087,0.02089,0.02085,0.02087,1306361.0,1764448199999999,27264.45251,182,760532.0,15877.43213,0
1764448200000000,0.02086,0.02087,0.02085,0.02085,496504.0,1764449099999999,10357.40261,82,239453.0,4996.76287,0
1764449100000000,0.02087,0.02087,0.02085,0.02085,146500.0,1764449999999999,3056.26197,35,40042.0,835.67654,0
1764450000000000,0.02085,0.02087,0.02084,0.02084,1021791.0,1764450899999999,21310.28172,151,442371.0,9229.30837,0
1764450900000000,0.02084,0.02086,0.02084,0.02084,395909.0,1764451799999999,8254.12325,53,260189.0,5425.62253,0
1764451800000000,0.02085,0.02085,0.02084,0.02085,55506.0,1764452699999999,1156.95474,15,10845.0,226.11825,0
1764452700000000,0.02084,0.02085,0.02083,0.02085,426468.0,1764453599999999,8890.0473,34,279004.0,5817.2334,0
1764453600000000,0.02084,0.02085,0.02082,0.02083,1083082.0,1764454499999999,22563.79557,128,519622.0,10828.60182,0
1764454500000000,0.02083,0.02084,0.02082,0.02084,362595.0,1764455399999999,7552.82411,75,299931.0,6247.95713,0
1764455400000000,0.02084,0.02092,0.02084,0.0209,1087753.0,1764456299999999,22726.53817,69,286068.0,5972.50658,0
1764456300000000,0.02091,0.02091,0.02091,0.02091,1207.0,1764457199999999,25.23837,1,1207.0,25.23837,0
1764457200000000,0.02089,0.02092,0.02089,0.02089,195225.0,1764458099999999,4078.93577,29,289.0,6.04588,0
1764458100000000,0.02089,0.02092,0.02089,0.02091,498255.0,1764458999999999,10418.68252,30,224355.0,4691.33889,0
1764459000000000,0.0209,0.0209,0.02087,0.02088,175478.0,1764459899999999,3664.91847,42,10124.0,211.38912,0
1764459900000000,0.02088,0.02089,0.02088,0.02089,142718.0,1764460799999999,2979.9828,21,142718.0,2979.9828,0
1764460800000000,0.02089,0.02089,0.02088,0.02088,76469.0,1764461699999999,1597.05878,12,38173.0,797.43397,0
1764461700000000,0.02089,0.02097,0.02089,0.02092,5346846.0,1764462599999999,111979.86905,527,2674686.0,56018.96409,0
1764462600000000,0.02092,0.02093,0.02091,0.02093,289675.0,1764463499999999,6060.3804,32,71500.0,1496.495,0
1764463500000000,0.02092,0.02093,0.02091,0.02092,384187.0,1764464399999999,8037.79806,40,201553.0,4217.10252,0
1764464400000000,0.02093,0.02095,0.02093,0.02094,335223.0,1764465299999999,7019.4309,23,321012.0,6721.85256,0
1764465300000000,0.02094,0.02094,0.02092,0.02092,292528.0,1764466199999999,6123.62148,23,0.0,0.0,0
1764466200000000,0.02091,0.02091,0.02079,0.02086,2050681.0,1764467099999999,42746.92566,226,1211001.0,25236.98694,0
1764467100000000,0.02086,0.02087,0.02086,0.02087,819651.0,1764467999999999,17098.44289,47,697720.0,14554.96223,0
1764468000000000,0.02087,0.02087,0.02084,0.02087,596949.0,1764468899999999,12450.80475,63,346808.0,7234.37026,0
1764468900000000,0.02086,0.02087,0.02085,0.02087,43344.0,1764469799999999,903.91812,12,9786.0,204.1832,0
1764469800000000,0.02086,0.02086,0.02084,0.02085,877004.0,1764470699999999,18286.49142,112,491771.0,10255.2198,0
1764470700000000,0.02085,0.02089,0.02085,0.02089,277450.0,1764471599999999,5790.96412,50,222232.0,4638.01228,0
1764471600000000,0.02089,0.02089,0.02087,0.02087,135165.0,1764472499999999,2821.67046,9,335.0,6.99815,0
1764472500000000,0.02087,0.02087,0.02083,0.02084,658780.0,1764473399999999,13734.36711,43,316262.0,6591.98559,0
1764473400000000,0.02083,0.02088,0.02083,0.02088,466181.0,1764474299999999,9719.72227,50,390932.0,8151.3178,0
1764474300000000,0.02088,0.02089,0.02087,0.02088,52292.0,1764475199999999,1091.86176,6,4391.0,91.69366,0
1764475200000000,0.02088,0.02088,0.02085,0.02085,449342.0,1764476099999999,9373.71866,39,5948.0,124.19424,0
1764476100000000,0.02085,0.02085,0.02082,0.02085,728954.0,1764476999999999,15189.74003,114,371560.0,7743.96479,0
1764477000000000,0.02085,0.02085,0.02084,0.02084,44041.0,1764477899999999,917.96568,15,0.0,0.0,0
1764477900000000,0.02085,0.02087,0.02085,0.02087,161698.0,1764478799999999,3373.91298,49,117479.0,2451.39392,0
1764478800000000,0.02087,0.02087,0.02086,0.02086,108222.0,1764479699999999,2257.52607,17,2362.0,49.27745,0
1764479700000000,0.02085,0.02091,0.01998,0.02074,33375217.0,1764480599999999,689154.77554,2198,14650024.0,302044.48622,0
1764480600000000,0.02075,0.02078,0.02075,0.02078,348213.0,1764481499999999,7230.08237,172,85346.0,1772.41268,0
1764481500000000,0.02078,0.02078,0.02077,0.02077,308810.0,1764482399999999,6416.03862,92,210554.0,4375.2615,0
1764482400000000,0.02076,0.02076,0.02076,0.02076,47593.0,1764483299999999,988.03068,23,5062.0,105.08712,0
1764483300000000,0.02075,0.02076,0.02075,0.02076,55378.0,1764484199999999,1149.20782,15,11432.0,237.32832,0
1764484200000000,0.02076,0.02077,0.02076,0.02077,137396.0,1764485099999999,2852.55684,24,90300.0,1874.84388,0
1764485100000000,0.02077,0.02078,0.02077,0.02077,123898.0,1764485999999999,2573.3655,61,57528.0,1194.8606,0
1764486000000000,0.02076,0.02076,0.02073,0.02074,554244.0,1764486899999999,11496.04456,64,281727.0,5843.61309,0
1764486900000000,0.02074,0.02074,0.02,0.02069,26199346.0,1764487799999999,537528.86289,1748,10980953.0,225481.05443,0
1764487800000000,0.02068,0.02068,0.02066,0.02066,1349354.0,1764488699999999,27892.28708,94,912356.0,18858.41625,0
1764488700000000,0.02066,0.02066,0.0206,0.02065,2437281.0,1764489599999999,50301.72055,184,1349061.0,27841.5732,0
1764489600000000,0.02064,0.02065,0.02062,0.02064,1421262.0,1764490499999999,29325.50786,93,1249512.0,25781.62266,0
1764490500000000,0.02063,0.0207,0.02063,0.02068,1512640.0,1764491399999999,31271.38248,144,730483.0,15097.37675,0
1764491400000000,0.02067,0.02067,0.02063,0.02065,2027760.0,1764492299999999,41860.95897,681,883584.0,18239.62787,0
1764492300000000,0.02063,0.02064,0.02062,0.02062,550896.0,1764493199999999,11363.12474,42,158446.0,3268.72538,0
1764493200000000,0.02062,0.02063,0.0206,0.02062,1010936.0,1764494099999999,20846.54251,119,545417.0,11249.41124,0
1764494100000000,0.02064,0.02064,0.02064,0.02064,71133.0,1764494999999999,1468.18512,15,10197.0,210.46608,0
1764495000000000,0.02064,0.02064,0.02062,0.02062,46804.0,1764495899999999,965.52255,12,40418.0,833.83432,0
1764495900000000,0.02062,0.02064,0.02062,0.02063,107289.0,1764496799999999,2213.34961,17,102074.0,2105.81631,0
1764496800000000,0.02062,0.02062,0.02058,0.02058,1751197.0,1764497699999999,36063.821,241,634155.0,13058.29797,0
1764497700000000,0.02058,0.02061,0.02057,0.02059,291368.0,1764498599999999,5998.49778,62,176724.0,3639.3267,0
1764498600000000,0.02059,0.02059,0.02057,0.02057,305360.0,1764499499999999,6285.05596,63,5062.0,104.17596,0
1764499500000000,0.02058,0.02059,0.02058,0.02058,270353.0,1764500399999999,5564.03956,14,260193.0,5354.94676,0
1764500400000000,0.02058,0.02059,0.02057,0.02059,213898.0,1764501299999999,4401.59086,41,72000.0,1481.88915,0
1764501300000000,0.02059,0.02059,0.02058,0.02058,67878.0,1764502199999999,1397.16246,19,15386.0,316.79774,0
1764502200000000,0.02058,0.02058,0.02057,0.02057,287182.0,1764503099999999,5908.90967,28,71310.0,1467.5598,0
1764503100000000,0.02057,0.02061,0.02057,0.0206,2006119.0,1764503999999999,41306.88164,172,1335371.0,27499.48074,0
1764504000000000,0.02059,0.02059,0.02058,0.02059,78078.0,1764504899999999,1607.35627,20,14227.0,292.93393,0
1764504900000000,0.02059,0.0206,0.02059,0.02059,219327.0,1764505799999999,4517.2212,46,72429.0,1491.8374,0
1764505800000000,0.02058,0.02059,0.02056,0.02059,566559.0,1764506699999999,11656.73572,71,242207.0,4985.06338,0
1764506700000000,0.02058,0.02058,0.02057,0.02057,145322.0,1764507599999999,2989.48661,32,1010.0,20.7858,0
1764507600000000,0.02056,0.02057,0.02053,0.02054,2159245.0,1764508499999999,44370.81778,292,428123.0,8799.44184,0
1764508500000000,0.02054,0.02056,0.02053,0.02055,247396.0,1764509399999999,5084.5671,33,160001.0,3288.87325,0
1764509400000000,0.02054,0.02055,0.02053,0.02055,123092.0,1764510299999999,2527.70015,27,41508.0,852.58587,0
1764510300000000,0.02054,0.02056,0.02054,0.02056,196182.0,1764511199999999,4031.33141,21,184937.0,3800.35911,0
1764511200000000,0.02055,0.02055,0.02054,0.02055,402822.0,1764512099999999,8277.73659,63,359411.0,7385.89605,0
1764512100000000,0.02054,0.02054,0.02053,0.02054,917087.0,1764512999999999,18836.30256,80,515529.0,10588.96566,0
1764513000000000,0.02055,0.0206,0.02055,0.02056,1023176.0,1764513899999999,21055.33211,99,406283.0,8357.77706,0
1764513900000000,0.02056,0.0206,0.02055,0.0206,420479.0,1764514799999999,8652.42421,74,313340.0,6446.21576,0
1764514800000000,0.0206,0.02061,0.0206,0.0206,218806.0,1764515699999999,4507.8768,15,218806.0,4507.8768,0
1764515700000000,0.02061,0.02061,0.0206,0.0206,182254.0,1764516599999999,3755.923,16,9978.0,205.59756,0
1764516600000000,0.0206,0.02061,0.0206,0.02061,160234.0,1764517499999999,3302.40806,12,160234.0,3302.40806,0
1764517500000000,0.02062,0.02062,0.02061,0.02061,72797.0,1764518399999999,1500.43844,48,9227.0,190.26074,0
1764518400000000,0.02062,0.02062,0.02059,0.0206,489556.0,1764519299999999,10087.9333,95,32512.0,670.2962,0
1764519300000000,0.0206,0.02061,0.0206,0.02061,28048.0,1764520199999999,577.96534,8,20582.0,424.16574,0
1764520200000000,0.02062,0.02063,0.02062,0.02063,698473.0,1764521099999999,14403.00125,41,456073.0,9404.71325,0
1764521100000000,0.02063,0.02064,0.02061,0.02061,390959.0,1764521999999999,8064.83867,62,2908.0,60.00646,0
1764522000000000,0.02061,0.02061,0.02058,0.0206,98744.0,1764522899999999,2033.38206,21,17920.0,368.97614,0
1764522900000000,0.02059,0.02059,0.02059,0.02059,2673.0,1764523799999999,55.03707,3,0.0,0.0,0
1764523800000000,0.02058,0.02059,0.02057,0.02059,240949.0,1764524699999999,4959.9282,38,195773.0,4030.23426,0
1764524700000000,0.02059,0.02059,0.02058,0.02058,22344.0,1764525599999999,459.89014,2,0.0,0.0,0
1764525600000000,0.02057,0.02059,0.02056,0.02056,372031.0,1764526499999999,7655.60574,54,172208.0,3544.73678,0
1764526500000000,0.02056,0.02056,0.02055,0.02056,133619.0,1764527399999999,2747.15602,8,123495.0,2539.0572,0
1764527400000000,0.02056,0.02057,0.02056,0.02056,15995.0,1764528299999999,328.88723,5,5263.0,108.23731,0
1764528300000000,0.02057,0.02058,0.02057,0.02058,66841.0,1764529199999999,1375.41205,10,66841.0,1375.41205,0
1764529200000000,0.02058,0.02058,0.02058,0.02058,14525.0,1764530099999999,298.9245,2,14525.0,298.9245,0
1764530100000000,0.02058,0.0206,0.02058,0.0206,21138.0,1764530999999999,435.23836,7,19676.0,405.1504,0
1764531000000000,0.0206,0.02064,0.02059,0.02064,403788.0,1764531899999999,8321.55979,85,167777.0,3460.06672,0
1764531900000000,0.02063,0.02064,0.0206,0.02063,975906.0,1764532799999999,20125.11846,151,323812.0,6680.36688,0
1764532800000000,0.02063,0.02063,0.02061,0.02062,260468.0,1764533699999999,5371.74221,44,4941.0,101.88342,0
1764533700000000,0.02062,0.02062,0.02062,0.02062,0.0,1764534599999999,0.0,0,0.0,0.0,0
1764534600000000,0.02061,0.02064,0.02061,0.02064,238201.0,1764535499999999,4913.14484,46,81055.0,1672.19046,0
1764535500000000,0.02064,0.02067,0.02063,0.02064,877234.0,1764536399999999,18108.91962,122,560393.0,11569.61734,0
1764536400000000,0.02063,0.02063,0.02058,0.02059,476313.0,1764537299999999,9808.61169,59,299383.0,6163.66753,0
1764537300000000,0.0206,0.02062,0.0206,0.0206,183949.0,1764538199999999,3791.16717,27,125134.0,2579.2521,0
1764538200000000,0.02059,0.0206,0.02057,0.02058,587930.0,1764539099999999,12106.15578,71,451376.0,9295.08548,0
1764539100000000,0.02058,0.0206,0.02058,0.02059,225510.0,1764539999999999,4641.80972,43,212791.0,4379.93409,0
1764540000000000,0.02059,0.0206,0.02059,0.02059,32043.0,1764540899999999,659.81391,4,4854.0,99.9924,0
1764540900000000,0.02059,0.02059,0.02059,0.02059,9206.0,1764541799999999,189.55154,5,9206.0,189.55154,0
1764541800000000,0.02058,0.0206,0.02056,0.0206,583139.0,1764542699999999,12000.35462,87,436880.0,8990.92814,0
1764542700000000,0.02058,0.0206,0.02058,0.0206,15251.0,1764543599999999,314.15432,7,12899.0,265.7194,0
1764543600000000,0.02059,0.02059,0.02058,0.02058,45292.0,1764544499999999,932.30623,8,5698.0,117.26484,0
1764544500000000,0.02058,0.0206,0.02055,0.02058,822537.0,1764545399999999,16918.81924,80,545740.0,11224.3801,0
1764545400000000,0.02057,0.02058,0.02055,0.02055,371835.0,1764546299999999,7644.61695,54,115663.0,2379.39812,0
1764546300000000,0.02056,0.02056,0.02048,0.02053,2806409.0,1764547199999999,57607.88274,254,1497272.0,30741.1594,0
