open_time,open,high,low,close,volume,close_time,quote_volume,trades,taker_buy_base,taker_buy_quote,ignore
1730419200000,1.296,1.31,1.294,1.305,262128.5,1730420099999,341788.1548,2083,133724.5,174245.2187,0
1730420100000,1.305,1.307,1.3,1.306,93387.4,1730420999999,121715.5977,768,44026.6,57385.2723,0
1730421000000,1.306,1.306,1.294,1.295,175446.9,1730421899999,227704.578,1193,62772.0,81503.6929,0
1730421900000,1.295,1.3,1.29,1.291,228352.5,1730422799999,295522.1235,1464,120954.5,156556.2991,0
1730422800000,1.291,1.295,1.286,1.293,194702.7,1730423699999,251258.6372,1632,103295.4,133352.4082,0
1730423700000,1.293,1.295,1.282,1.283,129474.7,1730424599999,166443.7109,1328,66043.7,84892.6475,0
1730424600000,1.283,1.295,1.274,1.29,464743.6,1730425499999,596272.2465,3482,189573.9,243203.1155,0
1730425500000,1.29,1.291,1.275,1.275,256611.8,1730426399999,328887.4047,1941,102585.2,131529.5085,0
1730426400000,1.275,1.279,1.25,1.258,1187947.6,1730427299999,1496329.2208,5159,365779.2,460861.9022,0
1730427300000,1.258,1.288,1.258,1.287,906259.5,1730428199999,1156535.9073,3500,500880.0,639004.1498,0
1730428200000,1.287,1.287,1.272,1.276,524189.4,1730429099999,670443.0974,2350,412248.4,527233.1639,0
1730429100000,1.276,1.292,1.271,1.29,213670.6,1730429999999,273847.9256,1169,122408.6,156793.037,0
1730430000000,1.291,1.301,1.285,1.3,320008.3,1730430899999,414071.5733,1527,177646.8,229942.5663,0
1730430900000,1.3,1.317,1.298,1.312,601440.7,1730431799999,787594.726,3068,264591.0,346560.0065,0
1730431800000,1.311,1.312,1.296,1.299,522241.0,1730432699999,680841.686,1861,173247.7,225654.7646,0
1730432700000,1.3,1.301,1.294,1.296,179575.1,1730433599999,232751.4152,1065,96398.9,124934.0562,0
1730433600000,1.296,1.3,1.291,1.297,223903.8,1730434499999,289955.9885,1161,118114.0,152949.9849,0
1730434500000,1.298,1.298,1.287,1.291,189728.2,1730435399999,245179.1846,1001,79752.6,103087.6904,0
1730435400000,1.292,1.295,1.287,1.294,116031.1,1730436299999,149880.9865,653,52884.7,68313.648,0
1730436300000,1.293,1.294,1.283,1.285,145438.9,1730437199999,187180.0529,783,54297.2,69923.5609,0
1730437200000,1.285,1.287,1.277,1.278,198842.6,1730438099999,255000.1975,1122,89370.2,114632.3987,0
1730438100000,1.278,1.291,1.277,1.288,324373.7,1730438999999,417046.4388,1371,241841.0,310987.4401,0
1730439000000,1.288,1.29,1.281,1.285,151117.0,1730439899999,194279.1535,767,82883.8,106637.5247,0
1730439900000,1.285,1.288,1.276,1.276,221154.9,1730440799999,283137.2902,975,49749.7,63726.328,0
1730440800000,1.277,1.281,1.26,1.261,422358.4,1730441699999,534817.5364,1820,103307.8,130960.7311,0
1730441700000,1.262,1.267,1.258,1.262,413449.7,1730442599999,521704.6696,1647,179510.9,226645.2334,0
1730442600000,1.262,1.269,1.259,1.264,169811.4,1730443499999,214641.3459,968,88247.6,111592.4791,0
1730443500000,1.263,1.275,1.256,1.257,632300.1,1730444399999,799782.0421,1962,385573.8,488369.5728,0
1730444400000,1.257,1.263,1.245,1.247,670851.7,1730445299999,840791.1433,3024,279414.2,350510.9497,0
1730445300000,1.247,1.256,1.246,1.254,393575.6,1730446199999,492210.2813,2033,168535.0,210803.9035,0
1730446200000,1.254,1.26,1.245,1.249,434788.4,1730447099999,543916.7237,1871,137819.4,172687.4984,0
1730447100000,1.249,1.255,1.242,1.253,389030.5,1730447999999,485919.5173,1555,217899.6,272373.9023,0
1730448000000,1.253,1.254,1.239,1.254,331031.2,1730448899999,412794.8521,1777,141993.4,177138.5894,0
1730448900000,1.254,1.261,1.249,1.254,252442.3,1730449799999,316919.1182,1406,121647.4,152789.1952,0
1730449800000,1.255,1.257,1.251,1.255,253515.7,1730450699999,317978.941,1436,133225.5,167131.7222,0
1730450700000,1.256,1.256,1.246,1.248,134875.2,1730451599999,168588.1262,1237,58205.9,72805.8728,0
1730451600000,1.248,1.255,1.245,1.254,131505.6,1730452499999,164646.888,1160,84142.5,105385.0896,0
1730452500000,1.254,1.258,1.25,1.256,172278.3,1730453399999,215924.326,1058,62830.7,78802.527,0
1730453400000,1.256,1.26,1.252,1.259,141636.8,1730454299999,178075.8321,757,92114.8,115834.3181,0
1730454300000,1.259,1.268,1.256,1.267,184909.5,1730455199999,233443.2075,951,114873.0,145019.6067,0
1730455200000,1.267,1.273,1.263,1.27,244542.4,1730456099999,310194.2392,1363,139940.8,177487.1184,0
1730456100000,1.271,1.272,1.262,1.268,389658.4,1730456999999,493369.8074,1967,178859.3,226606.797,0
1730457000000,1.269,1.281,1.269,1.271,406027.8,1730457899999,518009.4635,2591,189432.9,241746.146,0
1730457900000,1.27,1.281,1.265,1.276,233796.7,1730458799999,297995.8647,1535,117644.6,149864.9337,0
1730458800000,1.276,1.286,1.275,1.285,266338.9,1730459699999,341791.5194,1454,136923.4,175745.8913,0
1730459700000,1.285,1.286,1.279,1.283,203719.2,1730460599999,260978.5229,982,99302.5,127239.7217,0
1730460600000,1.283,1.286,1.278,1.28,179705.9,1730461499999,230213.6572,1149,71837.7,92064.8249,0
1730461500000,1.28,1.28,1.274,1.276,183673.0,1730462399999,234417.0689,975,49369.5,63011.8946,0
1730462400000,1.276,1.281,1.272,1.278,182528.5,1730463299999,233009.4266,1203,104055.2,132879.033,0
1730463300000,1.278,1.28,1.271,1.273,244745.2,1730464199999,311906.9924,1246,86528.6,110298.9151,0
1730464200000,1.273,1.281,1.27,1.276,926272.0,1730465099999,1184779.9639,4246,656147.7,839790.4719,0
1730465100000,1.275,1.278,1.27,1.272,269050.1,1730465999999,342605.2435,1717,87693.2,111698.508,0
1730466000000,1.272,1.273,1.263,1.27,476658.5,1730466899999,604002.5257,1860,208932.3,264936.5218,0
1730466900000,1.269,1.273,1.267,1.27,265558.0,1730467799999,337425.3784,1123,135657.8,172399.5053,0
1730467800000,1.27,1.297,1.269,1.286,664008.1,1730468699999,855323.0382,3213,404943.5,521679.3714,0
1730468700000,1.287,1.297,1.28,1.297,665898.3,1730469599999,858590.8613,3646,382848.8,493845.8569,0
1730469600000,1.296,1.298,1.282,1.293,518461.2,1730470499999,669218.5917,3180,192514.7,248724.3427,0
1730470500000,1.293,1.294,1.286,1.292,343931.7,1730471399999,443870.1247,1725,177473.9,229123.3126,0
1730471400000,1.292,1.294,1.28,1.283,436848.6,1730472299999,562201.8593,1986,197045.1,253745.8551,0
1730472300000,1.284,1.289,1.274,1.282,410600.4,1730473199999,526068.1799,2227,174341.0,223424.9055,0
1730473200000,1.282,1.284,1.271,1.276,296120.5,1730474099999,378036.5111,1686,145934.3,186399.9953,0
1730474100000,1.275,1.275,1.265,1.267,391037.8,1730474999999,495889.872,1858,154032.7,195457.1985,0
1730475000000,1.268,1.268,1.245,1.256,1598180.5,1730475899999,2007527.0635,7061,822719.7,1032894.1297,0
1730475900000,1.257,1.257,1.228,1.234,2196369.9,1730476799999,2726797.718,10354,983995.2,1221884.7551,0
1730476800000,1.234,1.261,1.231,1.261,1461681.4,1730477699999,1820105.4116,6212,736713.3,917853.7425,0
1730477700000,1.261,1.265,1.244,1.251,716770.1,1730478599999,899545.9037,3683,383449.7,481257.4609,0
1730478600000,1.252,1.257,1.245,1.252,404944.7,1730479499999,506291.5274,1924,189529.6,237022.4221,0
1730479500000,1.252,1.265,1.25,1.263,557211.0,1730480399999,700810.0933,2460,289589.2,364168.0996,0
1730480400000,1.263,1.268,1.252,1.261,829939.8,1730481299999,1045754.2131,3641,365540.0,460239.1572,0
1730481300000,1.261,1.267,1.258,1.259,381642.0,1730482199999,482049.36,1725,167536.1,211634.1755,0
1730482200000,1.26,1.26,1.249,1.254,431094.5,1730483099999,540274.7321,1900,256049.6,321031.0884,0
1730483100000,1.254,1.259,1.247,1.248,521021.6,1730483999999,652042.1689,2382,139726.7,175165.2445,0
1730484000000,1.249,1.249,1.238,1.243,442509.8,1730484899999,549992.5277,2011,199273.6,247738.7289,0
1730484900000,1.242,1.247,1.241,1.243,232076.2,1730485799999,288585.5542,1405,108318.4,134725.5559,0
1730485800000,1.242,1.245,1.238,1.24,217615.5,1730486699999,270063.3399,1191,78601.5,97548.3796,0
1730486700000,1.24,1.244,1.235,1.235,335643.1,1730487599999,415595.6053,1172,106907.8,132514.619,0
1730487600000,1.236,1.243,1.227,1.233,504149.2,1730488499999,622259.4993,2997,229958.9,283907.671,0
1730488500000,1.232,1.236,1.228,1.23,349206.0,1730489399999,430555.3325,1691,138058.2,170264.6977,0
1730489400000,1.229,1.24,1.228,1.237,298953.1,1730490299999,369585.7167,1405,191938.4,237359.81,0
1730490300000,1.237,1.238,1.23,1.234,257615.4,1730491199999,317705.4945,1282,92818.5,114477.5494,0
1730491200000,1.234,1.239,1.233,1.238,163680.7,1730492099999,202275.3981,742,50723.9,62695.9198,0
1730492100000,1.238,1.24,1.234,1.239,180965.0,1730492999999,223734.7198,786,61797.2,76441.9769,0
1730493000000,1.24,1.244,1.239,1.242,172973.0,1730493899999,214780.7445,906,86545.8,107482.1823,0
1730493900000,1.241,1.242,1.233,1.235,282205.8,1730494799999,348797.3081,1168,157549.1,194732.2284,0
1730494800000,1.236,1.236,1.229,1.233,253091.5,1730495699999,312084.7369,1282,148016.2,182564.2255,0
1730495700000,1.233,1.236,1.221,1.222,306451.0,1730496599999,375733.156,1574,118048.7,144781.9888,0
1730496600000,1.221,1.225,1.211,1.223,508402.8,1730497499999,619186.3884,2346,241898.5,294681.3963,0
1730497500000,1.223,1.232,1.222,1.231,158469.2,1730498399999,194343.8059,1024,98137.1,120377.2956,0
1730498400000,1.231,1.237,1.229,1.236,222820.9,1730499299999,274734.2471,1492,133655.3,164811.3035,0
1730499300000,1.236,1.239,1.224,1.225,214234.9,1730500199999,263939.8557,1480,93934.7,115758.4377,0
1730500200000,1.225,1.233,1.225,1.23,158883.1,1730501099999,195369.1039,1293,70077.5,86196.3219,0
1730501100000,1.23,1.233,1.229,1.23,121029.5,1730501999999,148961.8217,802,35157.0,43288.8554,0
1730502000000,1.23,1.235,1.229,1.232,110235.1,1730502899999,135799.1287,936,52927.8,65213.2955,0
1730502900000,1.233,1.236,1.229,1.236,114429.1,1730503799999,140950.6511,889,53750.2,66189.5798,0
1730503800000,1.236,1.237,1.232,1.233,127182.6,1730504699999,156891.5025,741,20910.5,25810.325,0
1730504700000,1.233,1.233,1.229,1.231,164906.2,1730505599999,202922.7154,894,62805.0,77282.9598,0
1730505600000,1.231,1.236,1.229,1.235,147339.5,1730506499999,181674.9003,836,73580.3,90714.4385,0
1730506500000,1.235,1.241,1.232,1.236,178356.1,1730507399999,220522.6939,1059,89365.7,110528.8379,0
1730507400000,1.236,1.237,1.234,1.236,130054.9,1730508299999,160652.7485,751,44522.7,55008.5025,0
1730508300000,1.236,1.241,1.235,1.235,97893.1,1730509199999,121121.6537,569,30198.6,37380.0457,0
1730509200000,1.235,1.24,1.234,1.236,114187.0,1730510099999,141229.1061,880,48506.9,60025.994,0
1730510100000,1.236,1.24,1.234,1.239,92260.5,1730510999999,114130.6118,666,39387.9,48732.2152,0
1730511000000,1.239,1.24,1.234,1.238,60998.5,1730511899999,75443.4014,453,20121.9,24895.7474,0
1730511900000,1.238,1.24,1.236,1.236,97941.4,1730512799999,121204.8161,624,40423.1,50043.9005,0
1730512800000,1.236,1.24,1.235,1.237,96121.3,1730513699999,118980.9631,613,45544.3,56397.0089,0
1730513700000,1.236,1.244,1.235,1.242,137560.1,1730514599999,170565.9628,952,81077.0,100586.7914,0
1730514600000,1.242,1.242,1.236,1.238,101385.7,1730515499999,125549.48,663,30158.2,37361.9877,0
1730515500000,1.238,1.239,1.23,1.232,84929.9,1730516399999,104844.5483,647,16936.1,20916.1939,0
1730516400000,1.231,1.234,1.23,1.231,62204.7,1730517299999,76633.066,555,18539.5,22847.995,0
1730517300000,1.232,1.232,1.225,1.227,74106.5,1730518199999,91032.6017,547,20510.4,25213.7827,0
1730518200000,1.226,1.23,1.225,1.228,106332.0,1730519099999,130502.3436,679,43734.5,53677.406,0
1730519100000,1.227,1.229,1.221,1.224,152066.7,1730519999999,186171.1353,818,43981.4,53837.5928,0
1730520000000,1.223,1.228,1.222,1.227,76956.4,1730520899999,94305.65,656,26496.5,32474.9577,0
1730520900000,1.227,1.228,1.222,1.223,74588.4,1730521799999,91357.6989,656,21429.8,26259.2918,0
1730521800000,1.223,1.224,1.22,1.22,99208.3,1730522699999,121180.0911,710,19831.7,24227.7653,0
1730522700000,1.22,1.222,1.217,1.218,114026.6,1730523599999,139064.6441,803,38675.9,47179.5693,0
1730523600000,1.218,1.218,1.21,1.213,431540.4,1730524499999,523175.8737,1696,104150.8,126257.3769,0
1730524500000,1.212,1.218,1.212,1.214,192983.6,1730525399999,234488.793,956,114941.3,139691.7484,0
1730525400000,1.213,1.224,1.213,1.222,134567.3,1730526299999,163819.4845,864,68601.6,83502.0655,0
1730526300000,1.222,1.225,1.219,1.221,122531.1,1730527199999,149587.8752,892,58806.4,71802.5399,0
1730527200000,1.221,1.225,1.219,1.219,213033.7,1730528099999,260472.2628,809,74678.9,91332.4139,0
1730528100000,1.219,1.22,1.216,1.219,83591.5,1730528999999,101823.7447,670,32980.3,40188.8372,0
1730529000000,1.219,1.222,1.216,1.221,139725.0,1730529899999,170401.6167,774,80506.7,98161.1745,0
1730529900000,1.22,1.226,1.22,1.225,168470.1,1730530799999,206166.3056,934,107113.5,131082.0205,0
1730530800000,1.225,1.226,1.22,1.222,74169.5,1730531699999,90641.3712,417,25497.0,31168.8439,0
1730531700000,1.221,1.222,1.218,1.222,85863.2,1730532599999,104716.11,664,31138.5,37988.5709,0
1730532600000,1.222,1.226,1.22,1.22,122162.1,1730533499999,149341.6293,802,45339.9,55434.4769,0
1730533500000,1.22,1.224,1.219,1.222,81341.5,1730534399999,99422.6741,677,25593.9,31287.9786,0
1730534400000,1.223,1.227,1.219,1.22,115871.2,1730535299999,141688.1834,732,40433.3,49467.5128,0
1730535300000,1.22,1.221,1.217,1.218,110261.8,1730536199999,134383.278,897,41413.4,50485.5019,0
1730536200000,1.218,1.219,1.215,1.218,130803.6,1730537099999,159241.3486,787,65851.0,80181.1653,0
1730537100000,1.218,1.219,1.214,1.214,128718.7,1730537999999,156674.8154,768,57969.1,70586.3414,0
1730538000000,1.214,1.217,1.212,1.216,95163.6,1730538899999,115584.2068,895,27456.5,33363.9123,0
1730538900000,1.215,1.216,1.211,1.215,138290.3,1730539799999,167764.4052,1009,61784.3,74962.1314,0
1730539800000,1.216,1.217,1.212,1.213,176852.8,1730540699999,214741.1336,865,52003.3,63170.184,0
1730540700000,1.213,1.215,1.209,1.212,330124.0,1730541599999,399808.0646,933,138744.6,168177.6417,0
1730541600000,1.211,1.214,1.208,1.212,129195.5,1730542499999,156345.6963,825,37342.8,45225.1948,0
1730542500000,1.212,1.213,1.204,1.206,221284.5,1730543399999,267123.7644,1241,90892.5,109715.979,0
1730543400000,1.207,1.211,1.204,1.209,133167.1,1730544299999,160788.6043,764,72467.0,87498.7438,0
1730544300000,1.21,1.21,1.2,1.204,608878.1,1730545199999,732770.1889,2432,201752.4,242745.8566,0
1730545200000,1.203,1.21,1.202,1.207,194130.8,1730546099999,234225.8229,982,97805.3,118003.238,0
1730546100000,1.207,1.208,1.2,1.203,190414.4,1730546999999,229047.9447,1059,76963.4,92553.3113,0
1730547000000,1.204,1.207,1.203,1.206,107793.3,1730547899999,129838.3626,838,47831.8,57625.2453,0
1730547900000,1.205,1.207,1.197,1.2,390622.3,1730548799999,468897.1828,1343,107162.4,128685.8764,0
1730548800000,1.2,1.204,1.198,1.198,244711.1,1730549699999,293853.0073,1075,132845.1,159569.2559,0
1730549700000,1.198,1.2,1.19,1.191,404141.6,1730550599999,482869.9147,2103,161735.7,193312.7434,0
1730550600000,1.192,1.199,1.189,1.195,494951.1,1730551499999,590234.7267,3364,278982.3,332661.0145,0
1730551500000,1.194,1.195,1.187,1.19,530928.6,1730552399999,632045.8475,3068,313167.7,372768.7214,0
1730552400000,1.19,1.194,1.186,1.19,272654.6,1730553299999,324655.5668,1656,112864.6,134421.0353,0
1730553300000,1.19,1.197,1.19,1.196,278167.5,1730554199999,332377.9478,1145,142838.1,170716.2817,0
1730554200000,1.196,1.196,1.184,1.194,553509.6,1730555099999,658630.0459,3854,353161.5,420356.6958,0
1730555100000,1.193,1.194,1.176,1.177,923291.9,1730555999999,1091402.9027,3557,330414.6,391049.6421,0
1730556000000,1.178,1.183,1.177,1.182,528279.4,1730556899999,623284.8525,3472,266597.2,314553.5867,0
1730556900000,1.181,1.189,1.179,1.185,300467.4,1730557799999,355962.0869,1518,153255.6,181560.9452,0
1730557800000,1.184,1.187,1.171,1.175,681088.6,1730558699999,801436.8247,2890,210498.2,247908.5733,0
1730558700000,1.175,1.18,1.169,1.178,954802.4,1730559599999,1119935.2895,3396,487799.8,572042.0926,0
1730559600000,1.178,1.18,1.165,1.17,528854.9,1730560499999,619228.6128,2313,202323.4,236783.6428,0
1730560500000,1.17,1.182,1.17,1.178,272802.1,1730561399999,320818.8827,1674,140082.5,164798.6534,0
1730561400000,1.178,1.185,1.174,1.175,352869.2,1730562299999,416441.6178,1761,188758.9,222820.5125,0
1730562300000,1.176,1.181,1.173,1.18,249157.5,1730563199999,292921.6193,1430,92853.3,109221.5356,0
1730563200000,1.18,1.183,1.175,1.176,423710.4,1730564099999,500140.9276,1825,176188.8,208111.3333,0
1730564100000,1.177,1.181,1.173,1.179,249998.5,1730564999999,294395.6695,1255,131537.5,154925.4871,0
1730565000000,1.18,1.188,1.179,1.186,207405.0,1730565899999,245723.3377,1139,126519.0,149910.0419,0
1730565900000,1.186,1.192,1.186,1.19,238096.9,1730566799999,283184.9589,1150,143102.2,170228.7293,0
1730566800000,1.189,1.19,1.185,1.187,182835.0,1730567699999,217167.5878,1107,86872.2,103221.2484,0
1730567700000,1.187,1.189,1.184,1.185,148146.4,1730568599999,175758.2558,829,54545.2,64733.7469,0
1730568600000,1.185,1.189,1.176,1.177,249258.3,1730569499999,294467.8173,1280,84968.1,100487.7178,0
1730569500000,1.177,1.182,1.177,1.18,130752.3,1730570399999,154298.3754,956,44185.0,52138.2002,0
1730570400000,1.181,1.185,1.176,1.18,330112.8,1730571299999,389800.2772,1381,204505.2,241478.8273,0
1730571300000,1.18,1.184,1.176,1.179,168567.1,1730572199999,198889.9349,1282,70197.5,82852.7029,0
1730572200000,1.179,1.188,1.178,1.185,165138.0,1730573099999,195417.5721,1138,96062.4,113708.7436,0
1730573100000,1.185,1.186,1.181,1.183,65361.2,1730573999999,77339.4353,782,33848.1,40055.545,0
1730574000000,1.183,1.189,1.182,1.187,107721.6,1730574899999,127739.5776,803,63538.0,75362.5537,0
1730574900000,1.187,1.188,1.184,1.187,93957.3,1730575799999,111460.3593,695,53112.4,63023.665,0
1730575800000,1.186,1.19,1.185,1.19,106704.2,1730576699999,126703.3072,612,58359.4,69288.9505,0
1730576700000,1.191,1.192,1.187,1.189,169731.6,1730577599999,201872.4048,683,82016.4,97549.7445,0
1730577600000,1.19,1.193,1.187,1.192,97130.8,1730578499999,115598.7173,569,60247.9,71728.631,0
1730578500000,1.192,1.194,1.19,1.192,90422.6,1730579399999,107782.7501,584,52680.2,62804.9154,0
1730579400000,1.192,1.195,1.191,1.194,84772.2,1730580299999,101132.2022,492,44059.7,52569.3414,0
1730580300000,1.194,1.195,1.191,1.195,116889.8,1730581199999,139431.8864,541,51051.7,60915.5129,0
1730581200000,1.195,1.197,1.192,1.194,82429.9,1730582099999,98432.3603,630,41739.9,49848.0009,0
1730582100000,1.194,1.196,1.193,1.194,66478.7,1730582999999,79399.5542,493,25050.5,29923.9429,0
1730583000000,1.194,1.199,1.194,1.197,77501.9,1730583899999,92760.671,518,55264.3,66147.7661,0
1730583900000,1.197,1.197,1.195,1.196,52198.7,1730584799999,62407.0713,421,33503.0,40064.7256,0
1730584800000,1.195,1.199,1.192,1.196,98228.5,1730585699999,117446.9954,762,47685.9,57034.7404,0
1730585700000,1.195,1.197,1.191,1.194,79864.1,1730586599999,95327.4949,550,35926.8,42899.8357,0
1730586600000,1.193,1.194,1.191,1.192,84138.2,1730587499999,100362.1595,568,38704.7,46183.1595,0
1730587500000,1.192,1.193,1.188,1.19,138595.9,1730588399999,165025.1114,681,39038.4,46495.0989,0
1730588400000,1.189,1.19,1.184,1.188,79611.9,1730589299999,94504.4207,665,44371.6,52682.8087,0
1730589300000,1.187,1.189,1.185,1.185,42915.9,1730590199999,50895.9058,319,12754.0,15133.846,0
1730590200000,1.184,1.185,1.182,1.184,35062.2,1730591099999,41506.2054,224,18465.1,21858.2217,0
1730591100000,1.184,1.191,1.184,1.19,110776.6,1730591999999,131716.5773,566,74905.8,89075.0554,0
1730592000000,1.189,1.194,1.188,1.192,127541.8,1730592899999,151837.9816,879,63889.5,76040.5466,0
1730592900000,1.192,1.193,1.189,1.191,96040.2,1730593799999,114331.4303,778,57657.0,68631.7595,0
1730593800000,1.192,1.195,1.186,1.188,123086.9,1730594699999,146344.7379,903,53791.7,63945.3305,0
1730594700000,1.188,1.19,1.185,1.185,66500.2,1730595599999,78982.2459,587,22893.8,27199.5326,0
1730595600000,1.185,1.187,1.182,1.184,135116.0,1730596499999,160066.1643,925,54903.3,65042.7422,0
1730596500000,1.184,1.19,1.183,1.187,90263.0,1730597399999,107065.765,711,55258.5,65549.6735,0
1730597400000,1.188,1.188,1.181,1.182,59714.0,1730598299999,70690.7617,507,27053.5,32025.6513,0
1730598300000,1.183,1.186,1.178,1.178,157244.1,1730599199999,185775.0429,1253,75092.3,88738.4754,0
1730599200000,1.177,1.183,1.176,1.18,296989.6,1730600099999,350197.602,1986,130578.8,153992.9069,0
1730600100000,1.18,1.186,1.174,1.174,227578.5,1730600999999,268646.6303,1769,109441.4,129213.8725,0
1730601000000,1.174,1.176,1.153,1.162,1183418.2,1730601899999,1374852.3623,7843,474903.9,551575.9503,0
1730601900000,1.163,1.17,1.15,1.156,1195059.1,1730602799999,1385337.6316,8372,581647.4,674403.4986,0
1730602800000,1.156,1.17,1.147,1.168,956555.7,1730603699999,1106433.8179,5923,493906.8,571519.9106,0
1730603700000,1.167,1.17,1.158,1.159,384079.3,1730604599999,447185.5018,2934,199318.2,232105.7831,0
1730604600000,1.158,1.17,1.157,1.169,210504.2,1730605499999,245155.7292,1512,107546.7,125236.9234,0
1730605500000,1.169,1.173,1.167,1.168,208441.2,1730606399999,243769.9733,1145,81703.9,95536.4887,0
1730606400000,1.168,1.172,1.166,1.171,269649.8,1730607299999,315187.8113,1414,112308.7,131283.9345,0
1730607300000,1.171,1.174,1.167,1.172,178789.7,1730608199999,209329.49,977,52692.5,61700.4728,0
1730608200000,1.173,1.178,1.172,1.174,335669.6,1730609099999,394487.0837,1314,196605.3,231094.9111,0
1730609100000,1.174,1.183,1.174,1.182,186073.0,1730609999999,219444.298,844,122806.6,144773.5394,0
1730610000000,1.183,1.185,1.179,1.183,143974.5,1730610899999,170216.1928,807,64272.4,76005.2086,0
1730610900000,1.183,1.183,1.175,1.177,135226.9,1730611799999,159287.6606,684,45630.1,53724.8751,0
1730611800000,1.176,1.179,1.173,1.175,209611.3,1730612699999,246689.8149,1040,137412.2,161757.2556,0
1730612700000,1.175,1.176,1.169,1.171,90066.8,1730613599999,105595.3103,863,40417.7,47418.7634,0
1730613600000,1.171,1.176,1.171,1.174,183884.6,1730614499999,215807.7815,1195,86416.2,101423.857,0
1730614500000,1.175,1.184,1.173,1.18,264139.1,1730615399999,311500.7295,1157,133785.0,157913.0519,0
1730615400000,1.181,1.188,1.181,1.186,348357.5,1730616299999,413047.6967,1280,240771.2,285521.2282,0
1730616300000,1.186,1.193,1.184,1.184,156472.1,1730617199999,186064.1812,867,88098.1,104774.2531,0
1730617200000,1.184,1.187,1.18,1.185,206235.5,1730618099999,244153.3314,1123,110264.3,130576.1922,0
1730618100000,1.185,1.186,1.179,1.18,103323.9,1730618999999,122080.2162,635,45108.5,53312.2648,0
1730619000000,1.181,1.184,1.18,1.182,127777.8,1730619899999,150985.0184,697,54038.2,63864.8365,0
1730619900000,1.182,1.187,1.181,1.183,135562.8,1730620799999,160419.6047,775,78419.7,92799.0261,0
1730620800000,1.182,1.186,1.181,1.184,119133.6,1730621699999,141019.1911,880,51490.9,60958.6059,0
1730621700000,1.185,1.186,1.179,1.184,164917.3,1730622599999,194957.2851,973,85869.6,101529.5109,0
1730622600000,1.184,1.184,1.176,1.18,132689.9,1730623499999,156573.4074,856,62213.0,73412.7011,0
1730623500000,1.181,1.186,1.18,1.184,162680.8,1730624399999,192585.6824,1080,83941.0,99352.6217,0
1730624400000,1.184,1.185,1.181,1.181,133027.9,1730625299999,157326.9267,703,45631.7,53980.2219,0
1730625300000,1.181,1.183,1.176,1.178,154866.6,1730626199999,182576.0972,734,51993.2,61342.8502,0
1730626200000,1.179,1.179,1.168,1.169,421500.9,1730627099999,494172.6676,1788,109483.0,128401.5619,0
1730627100000,1.169,1.171,1.166,1.169,183316.9,1730627999999,214262.7327,1128,89208.5,104303.7364,0
1730628000000,1.169,1.174,1.169,1.174,166518.5,1730628899999,195088.889,995,95060.4,111398.1624,0
1730628900000,1.173,1.178,1.17,1.176,176438.7,1730629799999,207047.8917,1111,93404.6,109641.9592,0
1730629800000,1.177,1.177,1.172,1.175,122070.4,1730630699999,143344.4256,755,76567.8,89913.3023,0
1730630700000,1.175,1.176,1.168,1.168,68288.9,1730631599999,79970.3179,601,33487.5,39233.4547,0
1730631600000,1.169,1.173,1.165,1.171,146748.6,1730632499999,171579.2307,1026,78166.0,91417.1675,0
1730632500000,1.172,1.172,1.162,1.163,129276.4,1730633399999,150700.5936,1003,43984.7,51270.9849,0
1730633400000,1.162,1.163,1.158,1.16,193439.2,1730634299999,224372.4508,1330,97873.9,113542.9347,0
1730634300000,1.16,1.163,1.156,1.158,216911.1,1730635199999,251309.0419,1295,89851.8,104103.2063,0
1730635200000,1.157,1.163,1.156,1.162,169625.2,1730636099999,196705.617,1110,102430.6,118809.1009,0
1730636100000,1.161,1.167,1.159,1.167,73857.0,1730636999999,85886.2556,806,46669.1,54287.5681,0
1730637000000,1.166,1.167,1.161,1.164,146445.5,1730637899999,170297.726,919,69056.7,80313.0475,0
1730637900000,1.164,1.164,1.155,1.156,181142.5,1730638799999,209869.6415,1277,49351.4,57153.566,0
1730638800000,1.157,1.158,1.149,1.152,296580.7,1730639699999,341805.8622,1551,116470.8,134220.9733,0
1730639700000,1.151,1.151,1.144,1.144,440918.8,1730640599999,505409.2846,1849,164160.6,188256.9713,0
1730640600000,1.144,1.146,1.136,1.14,747644.8,1730641499999,851912.5488,3270,338740.9,386154.0494,0
1730641500000,1.14,1.141,1.121,1.125,1694327.7,1730642399999,1911008.253,5252,895568.8,1009802.6603,0
1730642400000,1.125,1.136,1.117,1.134,1016458.2,1730643299999,1142351.7545,4456,446816.7,502620.38,0
1730643300000,1.134,1.134,1.111,1.116,1101445.5,1730644199999,1232976.7454,5196,398453.8,446491.5853,0
1730644200000,1.117,1.126,1.096,1.102,3190583.3,1730645099999,3531171.7017,10226,1496702.9,1657280.6195,0
1730645100000,1.102,1.104,1.089,1.101,1796345.6,1730645999999,1971355.2501,7345,876404.9,962144.0956,0
1730646000000,1.101,1.11,1.093,1.109,1211133.7,1730646899999,1334011.1276,7172,664345.7,731897.3682,0
1730646900000,1.109,1.112,1.1,1.105,544681.0,1730647799999,601364.1243,3118,270151.2,298325.8486,0
1730647800000,1.104,1.112,1.1,1.1,464940.3,1730648699999,514207.7528,3066,254008.1,280981.7223,0
1730648700000,1.101,1.125,1.096,1.122,804778.7,1730649599999,897250.3024,5051,466139.9,519943.5683,0
1730649600000,1.122,1.135,1.116,1.128,796303.7,1730650499999,897442.135,4776,444825.4,501495.0325,0
1730650500000,1.128,1.129,1.121,1.126,499066.4,1730651399999,561529.3761,2842,273605.9,307863.1375,0
1730651400000,1.125,1.125,1.108,1.112,491032.1,1730652299999,547298.2552,3191,194308.9,216477.6778,0
1730652300000,1.113,1.119,1.111,1.113,446263.9,1730653199999,497322.6596,3844,156792.9,174746.1513,0
1730653200000,1.112,1.125,1.111,1.123,714498.9,1730654099999,800177.5822,3713,486047.6,544685.6046,0
1730654100000,1.122,1.126,1.113,1.121,401930.4,1730654999999,449716.1592,2094,207722.5,232389.8076,0
1730655000000,1.12,1.123,1.116,1.118,307412.0,1730655899999,343966.4254,2320,132042.7,147741.9996,0
1730655900000,1.118,1.118,1.113,1.115,198689.0,1730656799999,221569.1464,1143,106163.2,118397.0734,0
1730656800000,1.116,1.119,1.115,1.117,261802.2,1730657699999,292340.4469,1261,140253.3,156618.1451,0
1730657700000,1.116,1.118,1.111,1.112,294091.9,1730658599999,327513.6923,1395,96957.2,108025.6333,0
1730658600000,1.111,1.112,1.095,1.097,983763.6,1730659499999,1083582.5788,4504,377362.5,415689.4853,0
1730659500000,1.096,1.101,1.089,1.098,720339.9,1730660399999,788713.6288,3073,316247.1,346485.5999,0
1730660400000,1.097,1.115,1.094,1.113,964765.9,1730661299999,1068562.5914,4212,680148.7,753555.5059,0
1730661300000,1.113,1.121,1.108,1.117,356148.3,1730662199999,397131.6309,1666,170257.6,189868.8124,0
1730662200000,1.117,1.127,1.115,1.123,563727.3,1730663099999,631748.1141,2074,302028.5,338437.4087,0
1730663100000,1.124,1.13,1.119,1.13,548429.7,1730663999999,617015.2343,2285,360300.9,405263.6191,0
1730664000000,1.129,1.133,1.125,1.125,430250.8,1730664899999,485563.7944,1988,245127.1,276677.3759,0
1730664900000,1.125,1.133,1.123,1.131,184972.2,1730665799999,208574.9247,1405,105237.4,118722.4136,0
1730665800000,1.131,1.143,1.129,1.136,681754.3,1730666699999,775373.1806,3232,419742.2,477444.116,0
1730666700000,1.136,1.142,1.133,1.142,521149.9,1730667599999,592915.8777,2419,300643.9,342000.3451,0
1730667600000,1.142,1.15,1.141,1.146,578021.8,1730668499999,662646.8257,3672,434636.0,498233.0086,0
1730668500000,1.146,1.156,1.146,1.155,325316.1,1730669399999,374493.3381,2223,203941.7,234763.8444,0
1730669400000,1.154,1.155,1.141,1.144,299841.9,1730670299999,343802.0054,1840,104118.1,119342.5043,0
1730670300000,1.144,1.147,1.141,1.147,157600.5,1730671199999,180278.5043,671,79665.9,91147.573,0
1730671200000,1.147,1.15,1.144,1.147,202889.6,1730672099999,232666.808,863,81634.2,93672.3801,0
1730672100000,1.147,1.149,1.142,1.144,193065.4,1730672999999,220969.1507,624,75791.0,86744.672,0
1730673000000,1.144,1.146,1.14,1.142,254130.9,1730673899999,290532.1979,705,123908.0,141657.7378,0
1730673900000,1.142,1.148,1.141,1.147,110200.4,1730674799999,126071.1071,541,74221.2,84937.55,0
1730674800000,1.146,1.149,1.137,1.145,567657.6,1730675699999,648898.1338,2117,263619.7,301304.3816,0
1730675700000,1.145,1.147,1.138,1.145,312510.5,1730676599999,356797.8934,1365,122890.5,140331.4297,0
1730676600000,1.144,1.147,1.139,1.146,168850.1,1730677499999,193049.0953,1028,102824.6,117584.4568,0
1730677500000,1.146,1.152,1.139,1.143,602929.7,1730678399999,689623.9515,2356,179251.1,205329.6831,0
1730678400000,1.142,1.145,1.135,1.138,502363.4,1730679299999,572556.603,1706,197428.5,225239.6325,0
1730679300000,1.138,1.143,1.131,1.132,353299.7,1730680199999,400800.914,1371,126596.7,143640.0713,0
1730680200000,1.133,1.135,1.124,1.128,249708.5,1730681099999,281657.6567,1624,105580.9,119057.5155,0
1730681100000,1.127,1.141,1.127,1.138,308458.5,1730681999999,349700.3909,1803,177814.7,201515.2051,0
1730682000000,1.138,1.144,1.131,1.134,561136.9,1730682899999,638241.5154,2045,260229.6,295958.4306,0
1730682900000,1.134,1.158,1.133,1.147,653272.6,1730683799999,749647.1199,4267,336020.5,385377.8297,0
1730683800000,1.147,1.153,1.139,1.142,565692.6,1730684699999,647068.5354,3243,258868.4,296209.4312,0
1730684700000,1.141,1.147,1.138,1.144,249454.7,1730685599999,285437.0297,1552,150144.6,171829.8526,0
1730685600000,1.145,1.15,1.142,1.143,305297.4,1730686499999,349911.2517,1291,149163.6,171003.1507,0
1730686500000,1.142,1.157,1.141,1.155,279414.4,1730687399999,320952.8967,922,173370.7,199219.7274,0
1730687400000,1.156,1.158,1.153,1.153,315783.7,1730688299999,364753.0427,1337,168685.9,194883.2868,0
1730688300000,1.153,1.16,1.153,1.157,164851.5,1730689199999,190639.6423,884,87514.9,101221.6179,0
1730689200000,1.158,1.164,1.154,1.156,261862.5,1730690099999,303654.8092,1287,151865.2,176050.3085,0
1730690100000,1.155,1.157,1.152,1.154,152259.8,1730690999999,175757.6432,789,79066.4,91254.1953,0
1730691000000,1.154,1.155,1.15,1.151,109859.0,1730691899999,126616.2569,586,54649.8,62988.5927,0
1730691900000,1.151,1.153,1.147,1.148,163105.5,1730692799999,187634.6047,514,37997.0,43741.0473,0
1730692800000,1.148,1.153,1.148,1.151,107714.2,1730693699999,123832.3072,654,63427.7,72931.9021,0
1730693700000,1.151,1.155,1.148,1.155,164940.0,1730694599999,189733.5756,622,99233.5,114170.4735,0
1730694600000,1.155,1.157,1.147,1.147,187031.5,1730695499999,215443.9729,832,81687.3,94064.7118,0
1730695500000,1.148,1.151,1.145,1.148,284427.4,1730696399999,326659.2545,1219,159359.8,183090.514,0
1730696400000,1.148,1.148,1.142,1.142,80326.7,1730697299999,91955.0404,497,40222.4,46053.2185,0
1730697300000,1.142,1.143,1.135,1.136,126583.6,1730698199999,144147.6186,744,77684.9,88501.0023,0
1730698200000,1.136,1.14,1.134,1.134,186314.5,1730699099999,211864.7129,953,91846.7,104485.524,0
1730699100000,1.134,1.135,1.13,1.132,134643.5,1730699999999,152483.5313,690,48074.4,54465.1112,0
1730700000000,1.131,1.14,1.131,1.136,140083.5,1730700899999,159000.7736,787,74891.3,85025.5334,0
1730700900000,1.137,1.141,1.135,1.14,147718.3,1730701799999,168005.54,624,79096.5,89986.4752,0
1730701800000,1.139,1.139,1.135,1.135,142754.3,1730702699999,162251.7752,660,61452.4,69851.1853,0
1730702700000,1.136,1.144,1.134,1.142,123187.5,1730703599999,140324.7486,649,65236.3,74344.5339,0
1730703600000,1.141,1.144,1.138,1.141,236443.3,1730704499999,269694.4354,880,131966.6,150459.9619,0
1730704500000,1.141,1.145,1.138,1.14,223767.6,1730705399999,255276.0522,768,121225.4,138295.9638,0
1730705400000,1.141,1.142,1.131,1.133,180998.9,1730706299999,205344.7444,1072,74889.0,84934.4133,0
1730706300000,1.132,1.134,1.13,1.131,142548.1,1730707199999,161313.9195,695,59374.4,67205.0456,0
1730707200000,1.132,1.142,1.131,1.141,347948.7,1730708099999,395310.7618,1213,225350.5,256134.9567,0
1730708100000,1.14,1.143,1.136,1.139,203098.8,1730708999999,231422.7189,1020,85344.3,97261.2368,0
1730709000000,1.138,1.138,1.13,1.131,171168.2,1730709899999,193976.5314,923,71678.8,81239.687,0
1730709900000,1.131,1.133,1.126,1.129,424701.3,1730710799999,479668.04,2392,213070.4,240597.2925,0
1730710800000,1.13,1.143,1.129,1.14,301961.9,1730711699999,343018.8162,1852,179223.3,203626.293,0
1730711700000,1.141,1.143,1.136,1.137,292021.0,1730712599999,332785.2698,1440,134803.1,153667.7414,0
1730712600000,1.136,1.136,1.126,1.13,380575.9,1730713499999,430326.7014,2128,166276.3,187951.7999,0
1730713500000,1.131,1.136,1.13,1.135,302375.8,1730714399999,342665.0005,1763,179669.3,203591.9393,0
1730714400000,1.136,1.15,1.133,1.149,559383.6,1730715299999,640153.598,2814,271428.7,310604.0996,0
1730715300000,1.148,1.154,1.146,1.146,681665.0,1730716199999,783911.1751,2833,313414.5,360284.4428,0
1730716200000,1.145,1.151,1.143,1.149,389852.6,1730717099999,447478.6338,2122,201758.4,231525.0881,0
1730717100000,1.148,1.148,1.141,1.145,189380.1,1730717999999,216821.6962,1358,103504.3,118490.9655,0
1730718000000,1.145,1.152,1.141,1.15,309251.7,1730718899999,354682.0136,1994,146205.9,167749.9722,0
1730718900000,1.15,1.157,1.145,1.146,349850.8,1730719799999,403274.8574,2274,189575.6,218569.7222,0
1730719800000,1.145,1.149,1.142,1.144,380413.9,1730720699999,436154.4841,2050,170721.2,195691.2646,0
1730720700000,1.144,1.149,1.142,1.145,326445.5,1730721599999,373733.9262,2137,165080.8,188991.4111,0
1730721600000,1.145,1.156,1.14,1.152,466966.0,1730722499999,536456.3942,2329,261220.3,300184.1732,0
1730722500000,1.152,1.154,1.147,1.148,402508.1,1730723399999,463273.326,2217,176910.3,203634.2879,0
1730723400000,1.149,1.152,1.141,1.141,354482.1,1730724299999,406257.6792,1666,162848.6,186715.3953,0
1730724300000,1.141,1.147,1.14,1.147,234622.2,1730725199999,268530.9127,1797,113291.4,129657.6661,0
1730725200000,1.147,1.161,1.146,1.156,434422.8,1730726099999,501788.8241,2456,193535.3,223457.0771,0
1730726100000,1.156,1.158,1.147,1.15,327449.7,1730726999999,377621.6326,1494,170137.6,196311.9494,0
1730727000000,1.15,1.154,1.142,1.147,291331.4,1730727899999,334292.8747,2076,158171.4,181462.8911,0
1730727900000,1.147,1.151,1.14,1.14,557705.7,1730728799999,638604.0317,3005,272639.9,312262.1512,0
1730728800000,1.14,1.145,1.137,1.142,584013.2,1730729699999,666380.8139,3164,299178.3,341318.2411,0
1730729700000,1.142,1.148,1.141,1.144,249965.0,1730730599999,285920.0887,1397,119950.6,137197.1279,0
1730730600000,1.144,1.146,1.131,1.136,661428.1,1730731499999,751907.8713,3706,310022.6,352453.609,0
1730731500000,1.136,1.144,1.134,1.143,551694.7,1730732399999,628833.1109,3309,327192.0,372959.2204,0
1730732400000,1.143,1.15,1.138,1.139,579232.7,1730733299999,662319.9444,3596,284841.2,325759.5944,0
1730733300000,1.139,1.145,1.138,1.144,386670.6,1730734199999,441775.2262,3382,219788.2,251127.9359,0
1730734200000,1.143,1.144,1.136,1.14,291203.7,1730735099999,332153.672,1873,148888.6,169803.0987,0
1730735100000,1.14,1.143,1.136,1.139,253107.9,1730735999999,288538.6478,1362,171320.2,195330.7175,0
1730736000000,1.14,1.141,1.132,1.14,316766.1,1730736899999,360095.927,1802,158101.1,179693.0704,0
1730736900000,1.139,1.139,1.124,1.129,412129.6,1730737799999,465512.9317,2028,200942.9,226865.9373,0
1730737800000,1.128,1.134,1.119,1.121,706701.5,1730738699999,795357.0052,3592,281990.8,317642.5652,0
1730738700000,1.12,1.124,1.117,1.124,452584.7,1730739599999,507196.5478,3475,206698.6,231710.4406,0
1730739600000,1.123,1.126,1.12,1.122,366511.4,1730740499999,411505.3323,2213,131625.5,147790.7162,0
1730740500000,1.122,1.133,1.121,1.13,312796.6,1730741399999,352602.3252,2230,159783.2,180138.7279,0
1730741400000,1.129,1.137,1.129,1.131,443317.7,1730742299999,501938.7855,1978,248740.9,281578.1625,0
1730742300000,1.131,1.132,1.126,1.129,173180.4,1730743199999,195581.3778,1013,75961.2,85778.2777,0
1730743200000,1.129,1.134,1.124,1.131,251259.9,1730744099999,283884.4281,1709,126288.7,142680.0292,0
1730744100000,1.131,1.141,1.129,1.136,321580.2,1730744999999,365187.8081,1917,186712.1,212127.0115,0
1730745000000,1.135,1.137,1.131,1.131,217075.7,1730745899999,246262.1076,1293,89300.2,101331.5314,0
1730745900000,1.131,1.132,1.126,1.128,269608.6,1730746799999,304356.6102,1231,123676.7,139580.3273,0
1730746800000,1.128,1.136,1.128,1.135,192441.3,1730747699999,217897.2064,1444,97776.7,110732.0812,0
1730747700000,1.136,1.136,1.127,1.132,169982.5,1730748599999,192229.7268,1116,76962.1,87010.5408,0
1730748600000,1.132,1.133,1.126,1.128,166199.8,1730749499999,187761.8616,1116,55646.6,62906.0597,0
1730749500000,1.128,1.131,1.126,1.127,94113.0,1730750399999,106189.7454,1090,47156.1,53202.1329,0
1730750400000,1.126,1.128,1.122,1.125,305505.3,1730751299999,343501.8539,1699,79916.9,89933.9633,0
1730751300000,1.125,1.128,1.119,1.127,241834.5,1730752199999,271706.4485,1703,114552.9,128699.2152,0
1730752200000,1.127,1.128,1.119,1.12,315732.5,1730753099999,354472.262,1563,116123.7,130370.2545,0
1730753100000,1.12,1.121,1.112,1.114,433424.8,1730753999999,483315.0776,2660,157977.8,176230.434,0
1730754000000,1.114,1.127,1.113,1.119,305891.7,1730754899999,343068.999,2210,138775.6,155622.9196,0
1730754900000,1.119,1.121,1.106,1.117,472964.2,1730755799999,526562.4137,3393,223854.9,249263.7109,0
1730755800000,1.118,1.119,1.096,1.098,574599.0,1730756699999,635467.5393,5815,269484.2,298066.632,0
1730756700000,1.098,1.11,1.09,1.095,1043891.5,1730757599999,1146931.6683,5746,358821.4,394568.1471,0
1730757600000,1.094,1.116,1.091,1.114,625332.1,1730758499999,693276.6522,5248,354723.2,393299.7871,0
1730758500000,1.114,1.116,1.107,1.108,526534.8,1730759399999,585376.9685,3041,256099.4,284806.3189,0
1730759400000,1.109,1.118,1.106,1.117,207698.7,1730760299999,230881.3377,1193,119290.4,132505.0068,0
1730760300000,1.116,1.132,1.116,1.123,639725.2,1730761199999,719585.3127,2181,456223.4,513450.9879,0
1730761200000,1.123,1.129,1.119,1.127,393021.9,1730762099999,441952.4931,2953,185252.2,208262.6235,0
1730762100000,1.127,1.132,1.121,1.125,337326.5,1730762999999,380092.7675,2052,165433.0,186395.4538,0
1730763000000,1.126,1.136,1.124,1.133,568608.3,1730763899999,643758.4776,3060,387086.4,438218.1532,0
1730763900000,1.132,1.135,1.127,1.132,274035.0,1730764799999,309814.35,1752,153860.7,173945.9468,0
1730764800000,1.131,1.142,1.13,1.138,534524.9,1730765699999,607250.2612,3095,259348.2,294794.7034,0
1730765700000,1.138,1.14,1.131,1.136,298312.2,1730766599999,338855.8916,2264,161440.0,183377.945,0
1730766600000,1.135,1.139,1.131,1.134,206331.6,1730767499999,234208.2969,1890,109785.9,124631.7633,0
1730767500000,1.133,1.14,1.132,1.135,255491.6,1730768399999,290574.684,1728,125436.0,142627.3725,0
1730768400000,1.135,1.138,1.131,1.135,209989.9,1730769299999,238308.4227,1396,103664.9,117649.877,0
1730769300000,1.135,1.137,1.125,1.126,361629.8,1730770199999,408964.3449,1964,158814.0,179578.6908,0
1730770200000,1.126,1.13,1.119,1.13,266960.9,1730771099999,300001.3364,1669,105400.2,118468.82,0
1730771100000,1.13,1.138,1.13,1.134,350750.6,1730771999999,397869.6177,1935,164342.2,186393.1873,0
1730772000000,1.134,1.137,1.131,1.136,239600.3,1730772899999,271761.9403,1493,139329.6,158015.4397,0
1730772900000,1.137,1.138,1.129,1.133,220667.7,1730773799999,249878.8216,1334,124208.5,140634.1345,0
1730773800000,1.133,1.135,1.128,1.128,122580.9,1730774699999,138756.4097,794,57862.7,65524.9155,0
1730774700000,1.128,1.13,1.126,1.129,93057.9,1730775599999,105046.6433,724,47043.9,53106.5903,0
1730775600000,1.13,1.137,1.129,1.134,227597.3,1730776499999,257988.1894,1637,113079.3,128165.0648,0
1730776500000,1.134,1.135,1.129,1.135,194279.8,1730777399999,219936.4369,1147,104980.6,118838.6974,0
1730777400000,1.135,1.136,1.13,1.134,206632.4,1730778299999,234107.235,1230,122278.4,138513.1113,0
1730778300000,1.135,1.137,1.132,1.137,139713.1,1730779199999,158575.5043,876,67700.6,76838.2049,0
1730779200000,1.137,1.142,1.135,1.141,210956.6,1730780099999,240255.4864,1071,132786.4,151259.7106,0
1730780100000,1.142,1.147,1.141,1.146,304837.0,1730780999999,348933.4028,1702,191477.8,219144.1863,0
1730781000000,1.146,1.146,1.141,1.144,177134.2,1730781899999,202643.9064,1292,68634.9,78517.5463,0
1730781900000,1.145,1.149,1.141,1.142,251047.1,1730782799999,287419.6015,1472,100514.4,115120.7271,0
1730782800000,1.142,1.144,1.136,1.139,455553.7,1730783699999,519446.9382,1681,233236.7,265954.1636,0
1730783700000,1.138,1.143,1.137,1.141,115326.3,1730784599999,131434.8235,686,62869.1,71652.2882,0
1730784600000,1.141,1.145,1.139,1.142,171749.2,1730785499999,196109.4699,1150,75958.0,86732.1488,0
1730785500000,1.141,1.148,1.141,1.147,196451.7,1730786399999,225001.2766,1374,105449.7,120762.5048,0
1730786400000,1.147,1.148,1.141,1.142,141519.1,1730787299999,162078.1824,963,77120.7,88353.9519,0
1730787300000,1.142,1.146,1.141,1.145,101908.6,1730788199999,116611.4858,886,59197.8,67743.9986,0
1730788200000,1.145,1.151,1.145,1.151,228151.4,1730789099999,262133.7783,1369,146429.7,168268.7864,0
1730789100000,1.151,1.153,1.148,1.15,121233.3,1730789999999,139399.0539,1013,70648.4,81249.0804,0
1730790000000,1.15,1.153,1.149,1.151,155906.2,1730790899999,179367.3404,1202,78373.6,90181.9727,0
1730790900000,1.15,1.15,1.143,1.144,160025.2,1730791799999,183512.7218,930,66937.6,76745.3786,0
1730791800000,1.145,1.158,1.145,1.157,264707.2,1730792699999,305365.2908,1525,204606.6,236077.9348,0
1730792700000,1.158,1.16,1.152,1.158,270933.2,1730793599999,313345.595,1604,117620.6,136020.8564,0
1730793600000,1.157,1.16,1.154,1.156,266858.4,1730794499999,308835.7332,1720,163296.4,189008.6178,0
1730794500000,1.156,1.159,1.155,1.158,198242.0,1730795399999,229344.6829,1266,108990.1,126101.5706,0
1730795400000,1.158,1.163,1.156,1.156,284341.6,1730796299999,329636.8432,1442,132462.7,153599.0487,0
1730796300000,1.156,1.168,1.156,1.166,207560.5,1730797199999,241330.1173,1480,125105.5,145458.5483,0
1730797200000,1.166,1.176,1.164,1.176,649111.6,1730798099999,758948.9227,2997,382376.0,447296.7551,0
1730798100000,1.175,1.177,1.165,1.165,274048.2,1730798999999,320954.5209,1868,147635.5,172936.0416,0
1730799000000,1.166,1.169,1.16,1.165,368357.5,1730799899999,429227.4297,2170,169422.7,197333.7444,0
1730799900000,1.165,1.167,1.162,1.164,151091.1,1730800799999,175985.9086,907,69332.4,80760.6758,0
1730800800000,1.164,1.165,1.158,1.162,235576.8,1730801699999,273763.4179,1586,110134.3,128007.3983,0
1730801700000,1.161,1.163,1.158,1.162,205262.2,1730802599999,238206.3706,1102,105611.3,122599.2408,0
1730802600000,1.162,1.163,1.158,1.16,159177.9,1730803499999,184695.627,947,71528.5,83007.3549,0
1730803500000,1.16,1.163,1.159,1.162,154607.4,1730804399999,179491.006,679,102925.4,119524.9318,0
1730804400000,1.162,1.167,1.162,1.167,120001.3,1730805299999,139711.1116,759,87821.7,102239.7452,0
1730805300000,1.167,1.17,1.166,1.169,131894.6,1730806199999,153958.5028,1275,71409.7,83362.9277,0
1730806200000,1.169,1.177,1.167,1.171,369554.1,1730807099999,433135.5956,2156,162381.4,190363.2992,0
1730807100000,1.172,1.182,1.171,1.181,333819.7,1730807999999,392690.8803,1915,247319.4,290938.4157,0
1730808000000,1.181,1.183,1.176,1.179,506777.3,1730808899999,597690.8667,2918,289687.6,341681.2327,0
1730808900000,1.179,1.182,1.176,1.179,338189.0,1730809799999,398466.2097,1901,166143.4,195753.3904,0
1730809800000,1.179,1.19,1.176,1.189,311085.5,1730810699999,367979.0369,2065,178835.6,211539.0567,0
1730810700000,1.189,1.198,1.185,1.193,531752.4,1730811599999,633833.1669,2886,314094.1,374432.8802,0
1730811600000,1.194,1.195,1.183,1.184,619711.4,1730812499999,736245.1715,3682,321731.6,382363.2189,0
1730812500000,1.184,1.197,1.178,1.193,995721.3,1730813399999,1183397.1928,3403,506994.3,602431.1007,0
1730813400000,1.194,1.208,1.194,1.202,993786.4,1730814299999,1193969.7054,4789,572847.7,688331.2236,0
1730814300000,1.202,1.209,1.2,1.206,448646.3,1730815199999,540531.7964,2660,242167.3,291751.3814,0
1730815200000,1.205,1.226,1.205,1.224,1420285.9,1730816099999,1727934.8017,6443,829613.5,1008919.5348,0
1730816100000,1.225,1.241,1.219,1.236,993890.0,1730816999999,1222138.6375,5727,490863.1,603913.7841,0
1730817000000,1.235,1.266,1.235,1.265,2210185.6,1730817899999,2768753.6728,12831,1325052.6,1659639.2178,0
1730817900000,1.264,1.277,1.246,1.26,2396246.6,1730818799999,3023031.2588,12371,1195484.5,1509118.0058,0
1730818800000,1.26,1.263,1.246,1.254,1364484.3,1730819699999,1710517.0989,9786,665023.5,833767.7288,0
1730819700000,1.253,1.255,1.235,1.236,796987.6,1730820599999,992023.8662,6959,298691.3,371850.2342,0
1730820600000,1.236,1.252,1.233,1.25,994122.4,1730821499999,1234771.2219,6956,538932.8,669515.2144,0
1730821500000,1.249,1.254,1.235,1.239,399275.9,1730822399999,496104.9947,4043,170351.5,211761.6884,0
1730822400000,1.24,1.248,1.238,1.243,425999.9,1730823299999,529435.149,3673,228980.5,284628.7032,0
1730823300000,1.244,1.248,1.241,1.245,265879.6,1730824199999,330939.7411,2145,142966.9,177965.7323,0
1730824200000,1.244,1.256,1.244,1.248,575081.7,1730825099999,719163.5598,4904,292048.0,365299.5355,0
1730825100000,1.249,1.26,1.245,1.26,412266.7,1730825999999,516877.9255,3460,244620.6,306819.4129,0
1730826000000,1.26,1.264,1.256,1.262,358858.8,1730826899999,452128.5177,2591,193181.7,243470.9365,0
1730826900000,1.262,1.266,1.258,1.26,480539.8,1730827799999,606561.5497,3066,263154.8,332347.7942,0
1730827800000,1.259,1.26,1.251,1.256,497297.0,1730828699999,624521.8361,2929,215168.0,270167.7922,0
1730828700000,1.257,1.257,1.245,1.247,551276.5,1730829599999,689734.4843,2871,182270.0,228179.9836,0
1730829600000,1.247,1.252,1.245,1.247,294386.8,1730830499999,367692.8998,2011,170653.3,213130.9269,0
1730830500000,1.247,1.255,1.247,1.255,200634.9,1730831399999,251057.1195,1988,89289.2,111694.6369,0
1730831400000,1.255,1.257,1.25,1.256,202068.5,1730832299999,253306.8795,1487,111523.7,139836.3271,0
1730832300000,1.255,1.257,1.247,1.247,215856.5,1730833199999,269925.6182,1589,106234.6,132873.7369,0
1730833200000,1.248,1.256,1.247,1.251,362502.1,1730834099999,453652.5748,1670,140128.7,175159.3597,0
1730834100000,1.251,1.253,1.235,1.244,1102268.5,1730834999999,1369409.3381,4706,406189.1,505087.9403,0
1730835000000,1.244,1.245,1.238,1.245,328550.0,1730835899999,407581.8302,2479,151528.9,188021.7061,0
1730835900000,1.244,1.247,1.222,1.228,1388893.5,1730836799999,1710881.4026,10269,607161.0,748093.9987,0
1730836800000,1.228,1.243,1.224,1.24,819156.6,1730837699999,1011838.7729,7990,395383.5,488312.8276,0
1730837700000,1.239,1.24,1.229,1.235,320196.5,1730838599999,394791.0227,4160,150440.4,185496.298,0
1730838600000,1.235,1.24,1.233,1.236,267937.9,1730839499999,331168.6749,2503,120111.8,148491.6255,0
1730839500000,1.236,1.24,1.232,1.235,202099.9,1730840399999,249708.9091,1663,79855.2,98689.4904,0
1730840400000,1.236,1.242,1.232,1.241,249902.1,1730841299999,309062.7177,1499,176162.0,217976.8468,0
1730841300000,1.24,1.246,1.237,1.244,300542.0,1730842199999,373169.4183,2153,145338.3,180416.1727,0
1730842200000,1.245,1.249,1.244,1.244,244691.7,1730843099999,305001.6656,1167,149704.4,186607.657,0
1730843100000,1.244,1.245,1.234,1.237,186925.3,1730843999999,231655.5292,1148,73608.3,91255.2354,0
1730844000000,1.236,1.244,1.235,1.239,179502.1,1730844899999,222447.7971,1111,94192.6,116765.3284,0
1730844900000,1.24,1.242,1.231,1.242,286891.0,1730845799999,354495.2856,1252,163958.2,202547.5442,0
1730845800000,1.243,1.248,1.239,1.241,195870.5,1730846699999,243488.1656,1129,101688.9,126435.4799,0
1730846700000,1.241,1.247,1.24,1.246,121467.0,1730847599999,151055.3269,597,88626.1,110218.6833,0
1730847600000,1.246,1.249,1.241,1.245,282670.8,1730848499999,352268.7358,1857,145058.8,180796.511,0
1730848500000,1.246,1.256,1.243,1.255,278974.5,1730849399999,348460.1684,1233,162066.4,202476.6071,0
1730849400000,1.255,1.259,1.25,1.253,374359.0,1730850299999,469761.96,1824,229711.8,288355.5047,0
1730850300000,1.252,1.257,1.249,1.254,232552.1,1730851199999,291461.382,1229,138243.2,173261.8652,0
1730851200000,1.254,1.262,1.254,1.258,292776.3,1730852099999,368441.1024,2213,190807.8,240177.26,0
1730852100000,1.258,1.268,1.254,1.267,325398.1,1730852999999,410137.8629,3018,175354.1,221124.0978,0
1730853000000,1.267,1.283,1.266,1.275,906644.9,1730853899999,1155297.2048,6578,404967.1,516053.8729,0
1730853900000,1.276,1.292,1.271,1.284,825337.0,1730854799999,1058233.8648,6065,471861.9,604833.3273,0
1730854800000,1.285,1.301,1.284,1.3,636248.4,1730855699999,823131.2979,3955,352078.0,455929.8332,0
1730855700000,1.299,1.299,1.272,1.295,1096458.0,1730856599999,1407934.2986,6571,525600.1,674791.9702,0
1730856600000,1.295,1.302,1.286,1.29,759411.6,1730857499999,982389.2589,4915,367986.2,476152.3291,0
1730857500000,1.29,1.297,1.285,1.287,277203.8,1730858399999,357796.6027,1951,131877.7,170240.5111,0
1730858400000,1.288,1.3,1.283,1.297,234331.9,1730859299999,302598.8464,1930,129500.8,167342.3974,0
1730859300000,1.296,1.311,1.296,1.309,818032.3,1730860199999,1067332.7376,5423,474675.7,619579.4664,0
1730860200000,1.309,1.315,1.296,1.308,972385.7,1730861099999,1270953.5046,4826,511980.1,669123.0794,0
1730861100000,1.309,1.316,1.303,1.308,582714.0,1730861999999,762963.7805,3579,340613.4,445947.5274,0
1730862000000,1.307,1.351,1.305,1.337,4105726.6,1730862899999,5460504.8951,18151,2403785.4,3197441.7312,0
1730862900000,1.337,1.346,1.317,1.327,1478201.8,1730863799999,1969663.6626,9589,726455.5,968383.1551,0
1730863800000,1.327,1.341,1.322,1.337,1224228.1,1730864699999,1632074.8586,7213,644541.6,858898.8741,0
1730864700000,1.337,1.338,1.324,1.332,630343.4,1730865599999,838987.3412,3266,261500.8,348150.8366,0
1730865600000,1.333,1.341,1.321,1.333,889586.2,1730866499999,1182838.1843,5651,403868.8,537292.661,0
1730866500000,1.333,1.345,1.328,1.336,1312614.8,1730867399999,1755756.0609,5355,752522.4,1006976.5059,0
1730867400000,1.336,1.344,1.327,1.338,1255552.2,1730868299999,1679413.4667,5285,636181.6,850761.3023,0
1730868300000,1.339,1.352,1.336,1.339,2587070.4,1730869199999,3480429.2385,6067,1191898.1,1603499.059,0
1730869200000,1.34,1.345,1.326,1.329,1382232.3,1730870099999,1844962.6266,7104,616894.7,823653.1619,0
1730870100000,1.329,1.344,1.326,1.342,818904.3,1730870999999,1092110.5735,4349,402539.5,537060.0616,0
1730871000000,1.341,1.357,1.338,1.356,1014039.7,1730871899999,1366218.0686,3679,694593.0,935826.2461,0
1730871900000,1.355,1.384,1.35,1.382,1895129.4,1730872799999,2593345.4187,6298,1236416.6,1691987.8172,0
1730872800000,1.382,1.398,1.372,1.392,1652690.5,1730873699999,2284900.6413,6738,1036927.3,1433936.2866,0
1730873700000,1.392,1.407,1.386,1.398,2196616.1,1730874599999,3067189.3226,8472,1312682.2,1833755.7871,0
1730874600000,1.399,1.405,1.384,1.393,1826137.0,1730875499999,2546199.5144,9003,907695.5,1266656.9568,0
1730875500000,1.393,1.399,1.376,1.38,1880521.1,1730876399999,2607638.4713,8967,1006351.0,1396600.7443,0
1730876400000,1.379,1.411,1.378,1.407,1513128.2,1730877299999,2117715.1077,7573,947222.0,1325933.7932,0
1730877300000,1.408,1.414,1.39,1.403,1430438.3,1730878199999,2009721.0757,6740,717649.3,1009293.9149,0
1730878200000,1.403,1.412,1.376,1.393,1819624.9,1730879099999,2542051.9355,10063,943756.0,1318702.6405,0
1730879100000,1.393,1.398,1.37,1.372,1829662.1,1730879999999,2528650.9003,10781,884441.7,1223325.2565,0
1730880000000,1.373,1.382,1.341,1.362,3284963.3,1730880899999,4460118.1362,17371,1239133.9,1683145.9557,0
1730880900000,1.363,1.366,1.333,1.348,2149073.8,1730881799999,2901344.5413,9890,884508.9,1194684.357,0
1730881800000,1.348,1.37,1.335,1.369,2146873.7,1730882699999,2902407.0687,9678,1035208.5,1401533.9001,0
1730882700000,1.369,1.37,1.356,1.363,804770.2,1730883599999,1095609.3738,4413,366919.8,499503.517,0
1730883600000,1.363,1.379,1.363,1.368,978281.9,1730884499999,1340432.4157,4886,544340.6,745893.3759,0
1730884500000,1.368,1.378,1.367,1.376,393174.3,1730885399999,539753.2124,2177,257413.8,353449.0788,0
1730885400000,1.376,1.386,1.375,1.383,727197.1,1730886299999,1003677.6387,3285,418953.1,578192.499,0
1730886300000,1.382,1.39,1.381,1.385,471188.4,1730887199999,653045.3458,2396,260148.9,360659.1798,0
1730887200000,1.385,1.386,1.367,1.381,874046.8,1730888099999,1202742.5773,4824,416433.8,573337.7054,0
1730888100000,1.381,1.389,1.38,1.388,439703.0,1730888999999,608826.5896,2178,249144.0,345081.2193,0
1730889000000,1.389,1.409,1.384,1.405,1071049.8,1730889899999,1500132.909,5154,796150.7,1115409.5176,0
1730889900000,1.405,1.406,1.389,1.397,868295.5,1730890799999,1212747.6741,3870,362938.1,506569.8856,0
1730890800000,1.396,1.4,1.39,1.398,720777.4,1730891699999,1005076.1908,3127,380944.7,531365.5745,0
1730891700000,1.398,1.405,1.393,1.404,570803.5,1730892599999,798428.7914,2487,390832.7,546766.5243,0
1730892600000,1.404,1.404,1.394,1.396,604416.8,1730893499999,845131.4053,2877,325463.2,455200.02,0
1730893500000,1.396,1.399,1.393,1.397,469374.6,1730894399999,655356.8229,3900,276837.8,386593.5809,0
1730894400000,1.398,1.4,1.387,1.389,819647.9,1730895299999,1142711.6268,3720,263697.0,368008.6483,0
1730895300000,1.388,1.394,1.387,1.388,607205.6,1730896199999,844399.8587,2332,268501.5,373640.6164,0
1730896200000,1.388,1.391,1.381,1.385,463017.7,1730897099999,641595.4603,1987,215295.2,298359.6065,0
1730897100000,1.385,1.389,1.381,1.382,356771.7,1730897999999,494125.39,1942,174571.7,241854.7681,0
1730898000000,1.382,1.384,1.376,1.382,465314.0,1730898899999,641813.9143,2243,179858.0,248076.4334,0
1730898900000,1.382,1.387,1.367,1.374,825329.1,1730899799999,1133871.6888,3365,210507.8,289260.7118,0
1730899800000,1.373,1.389,1.369,1.376,550678.9,1730900699999,759984.7004,2961,278644.4,384630.5907,0
1730900700000,1.377,1.395,1.376,1.394,695667.4,1730901599999,964816.3949,4225,506290.5,701899.3725,0
1730901600000,1.393,1.401,1.376,1.385,659213.0,1730902499999,915937.2942,4067,345452.9,480488.6983,0
1730902500000,1.385,1.39,1.378,1.387,462803.8,1730903399999,640721.1705,2803,257050.6,356004.9962,0
1730903400000,1.388,1.399,1.384,1.384,962051.1,1730904299999,1340684.4733,5411,544896.3,759500.9901,0
1730904300000,1.383,1.384,1.363,1.366,836894.7,1730905199999,1148510.9008,5069,335969.2,460994.9354,0
1730905200000,1.366,1.387,1.364,1.386,631570.4,1730906099999,869408.6514,4422,308350.0,424738.9795,0
1730906100000,1.386,1.388,1.378,1.382,549609.5,1730906999999,759647.4876,3414,254645.5,352047.6399,0
1730907000000,1.382,1.386,1.372,1.377,603378.8,1730907899999,831451.3226,3749,280835.1,387206.2528,0
1730907900000,1.377,1.391,1.376,1.379,467549.6,1730908799999,647215.4649,2529,237110.9,328314.541,0
1730908800000,1.38,1.388,1.377,1.384,380940.8,1730909699999,526376.5126,2141,164080.1,226705.2511,0
1730909700000,1.384,1.388,1.371,1.38,582085.2,1730910599999,802979.0885,2832,300172.1,414384.4318,0
1730910600000,1.38,1.389,1.378,1.388,300104.8,1730911499999,415358.3537,1780,159530.8,220824.0395,0
1730911500000,1.388,1.403,1.385,1.403,428868.3,1730912399999,598338.0496,2373,285840.1,398933.83,0
1730912400000,1.402,1.405,1.392,1.403,828191.5,1730913299999,1157660.6842,4368,434162.6,607089.1158,0
1730913300000,1.403,1.408,1.4,1.403,728743.6,1730914199999,1023762.0375,4028,516436.8,725551.2147,0
1730914200000,1.404,1.413,1.401,1.41,716475.6,1730915099999,1009319.1576,2612,333977.6,470583.0303,0
1730915100000,1.411,1.415,1.402,1.414,722785.7,1730915999999,1018238.1678,2922,317878.4,447670.6543,0
1730916000000,1.414,1.424,1.411,1.412,906156.6,1730916899999,1285167.7566,4459,526068.0,746324.5769,0
1730916900000,1.412,1.421,1.407,1.42,514332.6,1730917799999,727329.6671,2632,329694.1,466284.9689,0
1730917800000,1.421,1.422,1.414,1.421,336624.9,1730918699999,477216.4333,1776,198321.5,281199.4528,0
1730918700000,1.422,1.422,1.415,1.418,258569.1,1730919599999,366552.1966,1261,93091.2,131987.1376,0
1730919600000,1.419,1.428,1.416,1.419,456776.7,1730920499999,649333.3673,2393,277192.2,394171.4693,0
1730920500000,1.418,1.425,1.416,1.421,417854.4,1730921399999,593727.162,1746,203060.9,288588.9062,0
1730921400000,1.421,1.424,1.412,1.421,418054.5,1730922299999,592645.5343,1935,264347.4,374802.2651,0
1730922300000,1.421,1.434,1.42,1.433,593364.6,1730923199999,848326.0464,2809,340876.7,487244.4538,0
1730923200000,1.432,1.433,1.423,1.427,599430.3,1730924099999,856310.0192,2863,265141.2,378668.7453,0
1730924100000,1.426,1.428,1.417,1.418,426918.6,1730924999999,607047.5594,2379,168605.9,239799.0563,0
1730925000000,1.418,1.419,1.402,1.409,576758.1,1730925899999,812886.3037,3803,262234.0,369528.1427,0
1730925900000,1.408,1.417,1.401,1.412,647751.6,1730926799999,913192.1162,3768,390777.9,550898.6634,0
1730926800000,1.411,1.419,1.406,1.416,384400.3,1730927699999,543734.8324,2708,228939.6,323863.6088,0
1730927700000,1.417,1.419,1.407,1.407,522561.0,1730928599999,737351.1446,2021,198819.3,280572.4865,0
1730928600000,1.407,1.416,1.407,1.413,347490.4,1730929499999,490413.783,1715,159248.2,224693.2647,0
1730929500000,1.413,1.414,1.407,1.41,647110.4,1730930399999,913204.9273,1696,417363.0,589017.8403,0
1730930400000,1.411,1.418,1.409,1.41,368909.5,1730931299999,521413.8792,1590,151834.1,214678.8137,0
1730931300000,1.41,1.423,1.407,1.417,282695.4,1730932199999,400193.8891,1430,197195.2,279306.7842,0
1730932200000,1.418,1.42,1.412,1.415,188042.1,1730933099999,266341.633,931,80254.9,113749.7007,0
1730933100000,1.414,1.431,1.414,1.425,382596.2,1730933999999,545835.853,2470,185129.5,264000.4425,0
1730934000000,1.425,1.43,1.414,1.418,559629.0,1730934899999,795011.061,3040,269037.0,382143.9524,0
1730934900000,1.419,1.424,1.416,1.422,350009.4,1730935799999,496829.2173,1772,171367.5,243236.2137,0
1730935800000,1.421,1.423,1.407,1.416,319321.9,1730936699999,450753.5547,2015,141127.6,199338.4806,0
1730936700000,1.417,1.418,1.412,1.413,196844.5,1730937599999,278491.2124,1457,87079.3,123198.9236,0
1730937600000,1.414,1.419,1.406,1.412,305491.9,1730938499999,431365.6778,1885,128989.1,182263.6847,0
1730938500000,1.412,1.417,1.405,1.406,285195.0,1730939399999,402341.4273,1364,108156.5,152633.4249,0
1730939400000,1.406,1.412,1.403,1.404,363259.8,1730940299999,511361.125,1773,131011.7,184466.3874,0
1730940300000,1.405,1.409,1.396,1.408,481079.5,1730941199999,673759.3926,2576,174421.9,244297.7167,0
1730941200000,1.408,1.425,1.404,1.425,594648.2,1730942099999,842111.3949,2819,383810.0,544037.8113,0
1730942100000,1.425,1.436,1.417,1.435,606071.1,1730942999999,864295.6032,3098,301702.7,430491.3784,0
1730943000000,1.435,1.448,1.426,1.427,912766.2,1730943899999,1313025.7089,5238,534162.5,768750.5297,0
1730943900000,1.426,1.436,1.417,1.421,667850.8,1730944799999,951407.2624,4471,343577.9,489989.3302,0
1730944800000,1.422,1.441,1.42,1.437,479791.9,1730945699999,687735.2384,2786,257871.7,369578.7859,0
1730945700000,1.438,1.45,1.435,1.435,805844.2,1730946599999,1163551.8678,3356,468619.2,676985.0884,0
1730946600000,1.435,1.443,1.431,1.436,273385.7,1730947499999,392509.2787,1686,139452.6,200162.2277,0
1730947500000,1.437,1.451,1.435,1.448,381533.7,1730948399999,551375.1248,2272,267622.5,387008.6507,0
1730948400000,1.448,1.45,1.434,1.438,545829.8,1730949299999,786157.9084,2835,246303.4,355054.7926,0
1730949300000,1.438,1.446,1.436,1.439,633502.0,1730950199999,912764.9695,2932,254919.8,367322.1092,0
1730950200000,1.439,1.44,1.422,1.426,605669.7,1730951099999,865758.2002,2643,173359.3,247517.2388,0
1730951100000,1.425,1.431,1.413,1.415,463617.3,1730951999999,658808.9698,2240,127779.2,181860.7212,0
1730952000000,1.415,1.418,1.405,1.408,475185.5,1730952899999,669695.3457,2174,203625.0,287084.8563,0
1730952900000,1.408,1.41,1.4,1.401,277821.8,1730953799999,390420.9153,1736,97569.5,137236.5758,0
1730953800000,1.401,1.406,1.396,1.398,234282.4,1730954699999,328229.8384,1585,106844.8,149794.2402,0
1730954700000,1.397,1.412,1.397,1.407,273278.9,1730955599999,384548.7875,2133,169114.1,237973.1166,0
1730955600000,1.407,1.412,1.402,1.404,151694.8,1730956499999,213060.777,1069,62170.6,87368.2381,0
1730956500000,1.404,1.41,1.399,1.408,222144.3,1730957399999,312040.8507,1164,137933.8,193724.8457,0
1730957400000,1.408,1.409,1.401,1.402,196866.6,1730958299999,276582.0071,719,59093.0,83073.5724,0
1730958300000,1.402,1.406,1.4,1.404,386441.4,1730959199999,541688.5132,865,256605.4,359640.2442,0
1730959200000,1.404,1.405,1.383,1.385,460321.7,1730960099999,640799.256,2300,108286.0,150667.7353,0
1730960100000,1.385,1.398,1.385,1.389,478362.6,1730960999999,666032.1598,2543,231828.7,322785.4973,0
1730961000000,1.389,1.392,1.373,1.375,522647.3,1730961899999,721806.8734,2637,182521.8,252150.448,0
1730961900000,1.376,1.384,1.37,1.38,455567.8,1730962799999,626476.0807,2375,193121.9,265775.2842,0
1730962800000,1.381,1.384,1.374,1.38,345575.4,1730963699999,476424.1786,2443,150140.0,207128.2722,0
1730963700000,1.38,1.383,1.377,1.38,228337.6,1730964599999,315057.8246,1487,93721.1,129324.1977,0
1730964600000,1.379,1.389,1.378,1.388,190772.5,1730965499999,263969.5621,1460,111313.5,154013.6561,0
1730965500000,1.387,1.388,1.38,1.381,180683.5,1730966399999,250044.8423,1235,70161.5,97110.8134,0
1730966400000,1.382,1.389,1.378,1.387,192403.6,1730967299999,266306.2551,1642,94311.3,130578.496,0
1730967300000,1.388,1.393,1.386,1.387,231125.9,1730968199999,321103.811,1175,97804.0,135944.6317,0
1730968200000,1.388,1.393,1.387,1.391,165566.1,1730969099999,230136.1896,1148,97109.1,134978.977,0
1730969100000,1.391,1.394,1.387,1.394,121050.2,1730969999999,168300.3082,1003,62428.1,86830.3964,0
1730970000000,1.394,1.394,1.384,1.387,182072.4,1730970899999,252794.9299,1186,65613.9,91128.4759,0
1730970900000,1.388,1.389,1.38,1.385,279909.9,1730971799999,387438.0265,1859,106385.0,147315.9723,0
1730971800000,1.384,1.391,1.382,1.389,205580.6,1730972699999,285255.0111,1348,123651.6,171610.5416,0
1730972700000,1.388,1.414,1.386,1.412,1194219.4,1730973599999,1671741.8123,4034,852782.9,1193578.3587,0
1730973600000,1.413,1.413,1.39,1.398,527200.2,1730974499999,738024.3956,2553,287087.7,402168.6968,0
1730974500000,1.397,1.404,1.396,1.396,195757.7,1730975399999,274150.6746,1097,83318.2,116713.5213,0
1730975400000,1.396,1.396,1.384,1.387,331660.9,1730976299999,460548.8034,2055,98540.8,136851.4153,0
1730976300000,1.388,1.399,1.387,1.398,190306.3,1730977199999,265165.2313,1543,99187.8,138264.8603,0
1730977200000,1.398,1.399,1.388,1.389,366139.9,1730978099999,509380.4663,1257,186537.5,259447.3253,0
1730978100000,1.388,1.393,1.387,1.393,163199.8,1730978999999,226799.8974,859,83157.5,115591.348,0
1730979000000,1.393,1.396,1.387,1.388,191346.1,1730979899999,266272.6158,1122,86685.0,120650.1936,0
1730979900000,1.388,1.391,1.38,1.381,465500.4,1730980799999,644458.3313,1849,159222.8,220617.3484,0
1730980800000,1.38,1.397,1.38,1.396,355533.0,1730981699999,494184.4249,2551,188730.9,262191.7516,0
1730981700000,1.395,1.397,1.391,1.393,182974.1,1730982599999,255076.2513,1006,76318.9,106404.3253,0
1730982600000,1.393,1.394,1.385,1.391,213719.4,1730983499999,296915.1376,1308,83953.9,116646.9761,0
1730983500000,1.392,1.396,1.389,1.391,251459.3,1730984399999,350089.65,1444,122399.7,170461.6149,0
1730984400000,1.392,1.398,1.39,1.393,176073.8,1730985299999,245439.5712,1306,80742.7,112578.1296,0
1730985300000,1.394,1.398,1.385,1.394,289211.0,1730986199999,402043.0317,1525,142789.4,198609.4135,0
1730986200000,1.394,1.397,1.383,1.389,269261.3,1730987099999,374354.4891,2410,107465.0,149501.6214,0
1730987100000,1.39,1.394,1.38,1.382,252369.2,1730987999999,349500.676,3119,109355.9,151489.1641,0
1730988000000,1.382,1.39,1.382,1.385,227473.0,1730988899999,315162.3656,2559,120785.6,167354.5428,0
1730988900000,1.385,1.392,1.382,1.391,161694.3,1730989799999,224117.4859,1825,83364.5,115606.1515,0
1730989800000,1.391,1.396,1.382,1.382,236646.6,1730990699999,328604.508,3791,112809.9,156697.2337,0
1730990700000,1.382,1.387,1.369,1.383,1081374.5,1730991599999,1487258.6195,4913,458260.4,630038.7038,0
1730991600000,1.383,1.393,1.377,1.392,264547.8,1730992499999,366401.124,2488,127206.0,176153.3882,0
1730992500000,1.392,1.402,1.392,1.4,394506.1,1730993399999,551853.7965,3405,228179.2,319168.7544,0
1730993400000,1.401,1.415,1.395,1.412,889714.0,1730994299999,1252509.8821,3620,554377.9,780816.9615,0
1730994300000,1.411,1.429,1.408,1.427,1135773.3,1730995199999,1612483.1412,7395,742512.2,1054475.4753,0
1730995200000,1.427,1.43,1.414,1.42,1176967.1,1730996099999,1672328.9546,7493,557035.9,791759.4726,0
1730996100000,1.42,1.44,1.418,1.435,960709.8,1730996999999,1375169.454,6043,606318.4,868311.829,0
1730997000000,1.436,1.439,1.427,1.432,565567.4,1730997899999,810296.1411,3356,305873.5,438432.8833,0
1730997900000,1.432,1.439,1.429,1.435,644667.4,1730998799999,923659.2595,2994,332612.5,476811.764,0
1730998800000,1.434,1.435,1.413,1.423,756091.7,1730999699999,1075911.8836,4210,264820.0,377116.9544,0
1730999700000,1.423,1.424,1.417,1.418,500633.9,1731000599999,711435.7712,3861,245928.9,349602.7795,0
1731000600000,1.418,1.425,1.414,1.417,378274.2,1731001499999,536353.1981,3264,139193.6,197421.9608,0
1731001500000,1.417,1.424,1.413,1.42,253509.1,1731002399999,359593.5422,2409,140883.2,199872.8271,0
1731002400000,1.42,1.431,1.406,1.409,582388.4,1731003299999,823772.8199,4527,231645.0,328474.9304,0
1731003300000,1.409,1.422,1.408,1.416,390381.3,1731004199999,552862.0769,2734,179298.6,253756.6772,0
1731004200000,1.416,1.421,1.41,1.41,411860.2,1731005099999,582669.5512,3507,166586.4,235814.3325,0
1731005100000,1.411,1.42,1.41,1.414,395007.7,1731005999999,558744.4211,2925,175246.8,247948.5908,0
1731006000000,1.413,1.414,1.392,1.407,1476650.7,1731006899999,2071917.1159,8233,585005.0,820657.6439,0
1731006900000,1.408,1.411,1.394,1.405,488702.5,1731007799999,684185.4118,3898,217286.6,304438.1116,0
1731007800000,1.405,1.41,1.396,1.401,365202.8,1731008699999,512721.6637,2753,186242.0,261628.2803,0
1731008700000,1.401,1.414,1.399,1.413,368431.7,1731009599999,518012.6196,2422,212330.9,298570.7427,0
1731009600000,1.413,1.427,1.411,1.425,626844.0,1731010499999,888085.4885,3522,409828.6,580726.2761,0
1731010500000,1.425,1.43,1.416,1.418,469327.9,1731011399999,668310.8202,3954,219982.3,313454.5089,0
1731011400000,1.418,1.424,1.416,1.416,217790.1,1731012299999,309205.808,2085,95051.5,134988.8443,0
1731012300000,1.416,1.421,1.413,1.418,184268.7,1731013199999,260916.8588,1816,83497.5,118278.6463,0
1731013200000,1.419,1.429,1.418,1.427,342650.9,1731014099999,488590.4952,2489,209852.5,299252.1228,0
1731014100000,1.427,1.428,1.417,1.422,510778.7,1731014999999,726268.5311,3549,162339.4,230940.3532,0
1731015000000,1.423,1.425,1.415,1.416,495126.3,1731015899999,703379.3714,2693,276485.1,393003.6927,0
1731015900000,1.416,1.418,1.409,1.41,256301.7,1731016799999,362365.3834,2013,87822.8,124204.3578,0
1731016800000,1.41,1.415,1.395,1.398,381148.9,1731017699999,535018.1323,2885,119924.8,168524.5883,0
1731017700000,1.399,1.402,1.391,1.396,372435.3,1731018599999,520196.4126,2825,204194.4,285372.506,0
1731018600000,1.396,1.401,1.396,1.398,121422.0,1731019499999,169774.0113,1001,62065.3,86797.5374,0
1731019500000,1.398,1.401,1.396,1.401,120184.0,1731020399999,168058.0302,1337,58431.7,81735.2467,0
1731020400000,1.401,1.408,1.39,1.393,379898.7,1731021299999,531018.7657,3707,176301.3,246650.7503,0
1731021300000,1.394,1.405,1.393,1.403,265239.2,1731022199999,371129.9082,2091,155618.2,217931.8478,0
1731022200000,1.403,1.416,1.401,1.416,194099.6,1731023099999,273809.9071,1423,102095.8,144036.6524,0
1731023100000,1.416,1.417,1.405,1.41,343361.6,1731023999999,484166.1829,1543,147554.3,208040.9073,0
1731024000000,1.411,1.429,1.408,1.424,972606.9,1731024899999,1379824.3967,6510,570968.1,810633.8521,0
1731024900000,1.425,1.434,1.424,1.432,647575.1,1731025799999,925829.4523,4552,356451.6,509784.3222,0
1731025800000,1.432,1.433,1.417,1.424,470732.8,1731026699999,671283.5492,3596,239110.6,341065.3423,0
1731026700000,1.424,1.427,1.419,1.42,316577.1,1731027599999,450627.2003,2083,151895.1,216181.9172,0
1731027600000,1.42,1.433,1.416,1.43,297440.5,1731028499999,424532.5061,2343,175045.8,249802.2596,0
1731028500000,1.43,1.435,1.426,1.43,283777.2,1731029399999,405915.3978,2604,146885.6,210153.3586,0
1731029400000,1.43,1.432,1.412,1.417,405232.8,1731030299999,575014.2325,2859,138992.6,197494.8233,0
1731030300000,1.417,1.424,1.415,1.419,195660.6,1731031199999,277609.2688,1748,109879.5,155902.4592,0
1731031200000,1.418,1.419,1.404,1.406,198716.0,1731032099999,280487.0479,1926,75563.2,106717.2311,0
1731032100000,1.406,1.409,1.393,1.394,215808.6,1731032999999,302279.827,2199,92562.1,129647.1558,0
1731033000000,1.394,1.402,1.392,1.395,208541.6,1731033899999,291444.411,2570,104049.4,145459.5106,0
1731033900000,1.395,1.397,1.387,1.389,236070.2,1731034799999,328401.1823,2065,78971.7,109984.1829,0
1731034800000,1.389,1.402,1.385,1.398,315022.8,1731035699999,438977.5891,3010,176107.7,245499.2125,0
1731035700000,1.397,1.4,1.385,1.388,198012.8,1731036599999,275464.9905,2057,66703.6,92812.973,0
1731036600000,1.388,1.393,1.385,1.393,167599.0,1731037499999,232723.394,1264,109077.8,151503.9117,0
1731037500000,1.392,1.394,1.39,1.39,90785.6,1731038399999,126366.856,734,41743.7,58115.0851,0
1731038400000,1.39,1.406,1.389,1.401,233135.4,1731039299999,326009.3276,1712,153290.8,214370.9114,0
1731039300000,1.402,1.409,1.401,1.406,289619.5,1731040199999,407282.9502,1676,159291.4,224027.6876,0
1731040200000,1.407,1.409,1.394,1.397,210579.5,1731041099999,294873.3145,2012,81039.4,113372.4102,0
1731041100000,1.396,1.399,1.393,1.396,298782.0,1731041999999,417279.8944,2065,172713.1,241247.5928,0
1731042000000,1.396,1.419,1.395,1.412,263549.3,1731042899999,371518.0852,2195,147362.6,207678.9732,0
1731042900000,1.412,1.417,1.409,1.413,132503.6,1731043799999,187090.7243,1488,73441.2,103714.1117,0
1731043800000,1.413,1.416,1.402,1.408,328575.1,1731044699999,462639.8584,2332,165398.0,232744.1756,0
1731044700000,1.408,1.411,1.407,1.41,102189.5,1731045599999,143964.4134,1077,55622.2,78366.4272,0
1731045600000,1.41,1.415,1.404,1.415,273029.5,1731046499999,384891.4087,2201,155124.2,218658.7154,0
1731046500000,1.415,1.428,1.413,1.427,518109.2,1731047399999,737593.6433,2798,346038.6,492686.3287,0
1731047400000,1.428,1.428,1.416,1.418,239274.1,1731048299999,340222.0062,2259,94922.0,135011.0463,0
1731048300000,1.418,1.423,1.415,1.417,229290.3,1731049199999,325493.0214,2385,109139.9,154961.2812,0
1731049200000,1.417,1.42,1.4,1.401,317072.1,1731050099999,446681.6956,2631,137323.9,193463.3186,0
1731050100000,1.401,1.411,1.4,1.41,288792.4,1731050999999,405848.3112,2709,144511.1,203160.3182,0
1731051000000,1.409,1.411,1.405,1.406,306417.2,1731051899999,431751.7773,2094,199318.5,280985.4077,0
1731051900000,1.407,1.411,1.403,1.406,243758.2,1731052799999,343147.319,2028,143919.2,202644.6782,0
1731052800000,1.406,1.408,1.391,1.401,566259.6,1731053699999,792220.2835,3831,265289.1,371345.7147,0
1731053700000,1.4,1.403,1.394,1.4,169674.5,1731054599999,237287.2531,2274,90359.3,126356.1571,0
1731054600000,1.4,1.403,1.394,1.395,111430.5,1731055499999,155821.406,1358,49015.3,68557.1619,0
1731055500000,1.396,1.4,1.395,1.397,203600.5,1731056399999,284545.9183,1692,96483.0,134868.69,0
1731056400000,1.397,1.406,1.395,1.403,226268.5,1731057299999,316970.0025,1849,104585.0,146489.6748,0
1731057300000,1.402,1.41,1.401,1.405,315464.3,1731058199999,443302.1278,2596,130880.5,183884.5175,0
1731058200000,1.405,1.406,1.4,1.402,179598.3,1731059099999,251966.9845,1619,74478.7,104543.0724,0
1731059100000,1.402,1.403,1.397,1.4,195417.0,1731059999999,273570.81,1606,64811.5,90722.7582,0
1731060000000,1.4,1.4,1.394,1.398,289685.7,1731060899999,404626.8292,1529,120220.5,167940.3905,0
1731060900000,1.399,1.402,1.396,1.401,209973.1,1731061799999,293767.7333,1379,99092.3,138598.0387,0
1731061800000,1.402,1.402,1.398,1.401,162358.4,1731062699999,227373.5491,1198,69876.2,97867.8493,0
1731062700000,1.402,1.413,1.399,1.409,365402.1,1731063599999,514386.4708,1935,191582.7,269759.8612,0
1731063600000,1.41,1.417,1.409,1.415,409702.5,1731064499999,579514.058,2948,289518.8,409541.7951,0
1731064500000,1.415,1.416,1.407,1.41,191381.8,1731065399999,270192.4637,1543,100474.5,141894.1956,0
1731065400000,1.41,1.412,1.403,1.407,250439.1,1731066299999,352272.0501,1919,107211.9,150887.5455,0
1731066300000,1.407,1.408,1.398,1.399,402290.5,1731067199999,564121.7143,1879,130495.2,183240.1913,0
1731067200000,1.4,1.401,1.394,1.395,630402.6,1731068099999,881092.4708,2290,174691.9,244316.4643,0
1731068100000,1.394,1.4,1.389,1.392,417960.7,1731068999999,582815.8703,2476,136719.7,190733.3567,0
1731069000000,1.391,1.405,1.391,1.4,450101.1,1731069899999,630309.1074,3193,226646.0,317458.3966,0
1731069900000,1.4,1.403,1.399,1.401,395742.8,1731070799999,554372.844,2693,190237.8,266546.311,0
1731070800000,1.401,1.404,1.392,1.397,347519.7,1731071699999,485396.9144,2851,124728.7,174427.0137,0
1731071700000,1.397,1.4,1.391,1.394,317005.0,1731072599999,442083.5846,2543,127140.7,177297.8607,0
1731072600000,1.394,1.394,1.386,1.391,381081.9,1731073499999,529062.7495,2784,120436.2,167209.4465,0
1731073500000,1.391,1.4,1.389,1.399,352965.8,1731074399999,492409.9033,3222,211071.2,294634.9396,0
1731074400000,1.399,1.408,1.396,1.401,713407.7,1731075299999,999158.4443,4521,478177.1,669856.7011,0
1731075300000,1.4,1.405,1.395,1.404,460837.7,1731076199999,645245.3821,3486,234323.1,328155.705,0
1731076200000,1.404,1.405,1.381,1.381,605121.6,1731077099999,842486.2291,5263,261107.2,363717.3787,0
1731077100000,1.382,1.386,1.37,1.372,718306.2,1731077999999,989060.8174,7108,314345.5,432809.5007,0
1731078000000,1.372,1.382,1.36,1.368,1407711.3,1731078899999,1923479.7594,8378,510377.2,698125.6037,0
1731078900000,1.368,1.389,1.364,1.383,770003.1,1731079799999,1062765.7224,6513,456232.8,629765.3645,0
1731079800000,1.382,1.39,1.375,1.38,650983.6,1731080699999,900012.566,5318,270090.4,373783.7954,0
1731080700000,1.38,1.386,1.368,1.384,471841.7,1731081599999,649929.2037,5005,227698.9,313607.1057,0
1731081600000,1.384,1.398,1.381,1.382,609314.8,1731082499999,845998.6656,5388,305809.9,424774.169,0
1731082500000,1.382,1.385,1.375,1.377,265260.1,1731083399999,365774.801,3162,130911.2,180484.9899,0
1731083400000,1.378,1.378,1.362,1.365,639097.7,1731084299999,875448.3394,6142,229261.5,314106.5298,0
1731084300000,1.365,1.38,1.362,1.363,675826.4,1731085199999,925719.6761,6604,236118.6,323763.2639,0
1731085200000,1.363,1.37,1.343,1.349,1314918.8,1731086099999,1780484.9109,8583,416392.9,564115.3425,0
1731086100000,1.35,1.353,1.341,1.345,467172.0,1731086999999,629046.657,4882,192392.6,259211.1707,0
1731087000000,1.345,1.36,1.341,1.359,461357.0,1731087899999,624208.9365,4448,285707.8,386632.8086,0
1731087900000,1.358,1.375,1.358,1.37,529483.8,1731088799999,723862.7495,4853,302567.5,413720.0601,0
1731088800000,1.371,1.374,1.363,1.367,181983.8,1731089699999,248986.2738,2753,88817.9,121515.4426,0
1731089700000,1.368,1.372,1.366,1.369,192209.6,1731090599999,263153.2513,2495,100880.1,138132.7201,0
1731090600000,1.37,1.379,1.367,1.375,572175.8,1731091499999,785572.8903,5002,304659.9,418444.6345,0
1731091500000,1.376,1.378,1.371,1.375,385118.2,1731092399999,529215.8259,3807,207057.8,284650.5619,0
1731092400000,1.375,1.382,1.373,1.381,195404.8,1731093299999,269252.9884,2657,102921.6,141861.3068,0
1731093300000,1.38,1.387,1.38,1.385,256419.5,1731094199999,354858.7592,2865,177367.3,245534.8796,0
1731094200000,1.386,1.387,1.379,1.382,187353.9,1731095099999,258915.4266,1715,96874.2,133882.8698,0
1731095100000,1.382,1.391,1.382,1.384,280974.0,1731095999999,390129.0384,3028,135071.1,187539.844,0
1731096000000,1.383,1.387,1.379,1.381,249176.0,1731096899999,344572.4799,2676,104480.3,144517.8474,0
1731096900000,1.381,1.384,1.368,1.37,348742.4,1731097799999,479407.8876,3146,115699.8,159036.3518,0
1731097800000,1.37,1.373,1.366,1.368,164033.4,1731098699999,224554.3486,2296,66196.9,90641.9161,0
1731098700000,1.368,1.375,1.365,1.371,203774.8,1731099599999,279055.3192,1891,113193.4,155046.9942,0
1731099600000,1.371,1.377,1.368,1.37,177163.0,1731100499999,243220.1811,1603,55294.2,75919.785,0
1731100500000,1.369,1.369,1.361,1.367,277032.7,1731101399999,378103.5565,2084,104849.1,143137.8444,0
1731101400000,1.368,1.375,1.367,1.372,172904.4,1731102299999,237078.0969,1708,107961.2,148077.1447,0
1731102300000,1.372,1.374,1.368,1.373,115971.6,1731103199999,158998.9863,1472,49395.1,67746.5375,0
1731103200000,1.373,1.38,1.372,1.378,181037.5,1731104099999,249283.1486,1508,101708.9,140118.6757,0
1731104100000,1.377,1.383,1.373,1.381,212451.4,1731104999999,292496.1436,2115,56677.1,78128.6712,0
1731105000000,1.381,1.383,1.377,1.382,161977.0,1731105899999,223678.2213,1138,71631.0,98931.251,0
1731105900000,1.381,1.382,1.376,1.38,125823.7,1731106799999,173477.8182,1039,70490.7,97202.7632,0
1731106800000,1.38,1.384,1.375,1.384,165372.8,1731107699999,228051.4866,1831,83461.4,115101.7713,0
1731107700000,1.383,1.392,1.38,1.391,513734.8,1731108599999,712686.3225,2533,321516.8,445933.1232,0
1731108600000,1.391,1.394,1.388,1.392,149153.5,1731109499999,207531.1813,1406,67724.8,94267.0507,0
1731109500000,1.392,1.398,1.392,1.396,181765.0,1731110399999,253684.932,1331,98286.8,137150.9864,0
1731110400000,1.397,1.408,1.391,1.407,569323.4,1731111299999,796562.0087,2985,303139.0,424437.3912,0
1731111300000,1.407,1.407,1.396,1.398,270786.5,1731112199999,379092.1075,2067,121783.7,170498.5945,0
1731112200000,1.398,1.404,1.393,1.403,178672.0,1731113099999,249965.0959,2204,90298.6,126394.7878,0
1731113100000,1.402,1.406,1.4,1.403,286548.8,1731113999999,402074.1721,2513,103915.7,145809.3183,0
1731114000000,1.402,1.405,1.399,1.403,160182.2,1731114899999,224624.2807,1457,103666.5,145379.8786,0
1731114900000,1.402,1.403,1.387,1.388,330045.6,1731115799999,459705.0302,2603,111584.1,155393.9784,0
1731115800000,1.388,1.396,1.386,1.392,192022.6,1731116699999,267271.4292,2238,105323.5,146631.8994,0
1731116700000,1.392,1.393,1.385,1.39,191368.3,1731117599999,265616.2141,1758,74394.4,103342.6598,0
1731117600000,1.391,1.394,1.383,1.385,158014.7,1731118499999,219583.651,1741,77804.6,108170.4291,0
1731118500000,1.385,1.386,1.375,1.381,234877.2,1731119399999,324096.2503,1761,114021.6,157331.6886,0
1731119400000,1.381,1.385,1.378,1.38,114512.4,1731120299999,158146.2426,1434,32501.4,44899.2135,0
1731120300000,1.379,1.392,1.378,1.391,112157.2,1731121199999,155547.0446,1369,65823.2,91330.7263,0
1731121200000,1.391,1.397,1.388,1.395,154302.6,1731122099999,214981.9264,1712,96139.0,133941.1112,0
1731122100000,1.395,1.396,1.383,1.385,191020.0,1731122999999,264755.9983,1393,45908.0,63716.9271,0
1731123000000,1.384,1.385,1.379,1.384,144065.1,1731123899999,199085.7667,1600,60609.4,83754.4538,0
1731123900000,1.383,1.383,1.375,1.381,84259.9,1731124799999,116164.9191,1163,44039.8,60718.2137,0
1731124800000,1.38,1.384,1.377,1.379,154544.3,1731125699999,213319.6305,1584,36957.3,51039.2569,0
1731125700000,1.378,1.385,1.378,1.383,38129.9,1731126599999,52715.2643,603,13456.2,18596.8601,0
1731126600000,1.383,1.384,1.378,1.382,129923.7,1731127499999,179412.2702,1274,59153.9,81698.4578,0
1731127500000,1.382,1.383,1.377,1.377,133838.1,1731128399999,184601.4581,822,27730.7,38268.352,0
1731128400000,1.378,1.389,1.378,1.388,172937.2,1731129299999,239424.4389,1434,102420.0,141753.8167,0
1731129300000,1.387,1.39,1.38,1.383,303102.7,1731130199999,419534.0204,2306,212506.2,294152.8209,0
1731130200000,1.384,1.4,1.381,1.399,262247.4,1731131099999,364170.6597,2417,159013.3,220862.7991,0
1731131100000,1.398,1.406,1.397,1.402,455847.0,1731131999999,639356.3729,3296,214217.1,300544.6997,0
1731132000000,1.401,1.409,1.399,1.409,380628.6,1731132899999,534705.7846,3189,259354.2,364355.805,0
1731132900000,1.409,1.413,1.406,1.413,748208.9,1731133799999,1055470.494,2315,607218.6,856682.4808,0
1731133800000,1.412,1.412,1.39,1.4,668281.9,1731134699999,934582.3331,4027,207167.6,289379.2401,0
1731134700000,1.399,1.41,1.397,1.403,303175.0,1731135599999,425535.4981,2916,132524.1,186046.7808,0
1731135600000,1.403,1.413,1.4,1.413,368802.1,1731136499999,519029.4051,2496,232292.9,327182.5953,0
1731136500000,1.412,1.415,1.397,1.403,432652.6,1731137399999,609023.3671,2540,235583.4,332076.8893,0
1731137400000,1.402,1.408,1.4,1.4,155192.5,1731138299999,217851.6383,1909,73496.2,103210.2011,0
1731138300000,1.4,1.412,1.4,1.412,385013.0,1731139199999,542102.1576,2569,207022.6,291477.7484,0
1731139200000,1.412,1.419,1.408,1.419,382564.6,1731140099999,540385.8526,2449,205752.5,290750.7886,0
1731140100000,1.419,1.43,1.419,1.429,741034.7,1731140999999,1055690.5019,4280,436431.3,621824.6793,0
1731141000000,1.429,1.438,1.425,1.431,476764.4,1731141899999,682620.1098,3780,282866.1,405025.296,0
1731141900000,1.431,1.432,1.42,1.421,411909.4,1731142799999,586527.2575,2464,153141.0,218013.6951,0
1731142800000,1.421,1.431,1.421,1.428,327554.3,1731143699999,467303.7991,2406,204310.2,291464.7037,0
1731143700000,1.428,1.43,1.417,1.421,386556.1,1731144599999,549687.4076,2765,151644.1,215737.839,0
1731144600000,1.421,1.427,1.419,1.419,378125.1,1731145499999,537893.3725,2566,211305.6,300713.5988,0
1731145500000,1.419,1.424,1.417,1.422,320917.4,1731146399999,456176.6349,1794,144780.2,205868.7994,0
1731146400000,1.422,1.43,1.417,1.429,260597.3,1731147299999,370884.2616,2193,131769.6,187549.9953,0
1731147300000,1.43,1.432,1.418,1.418,290871.2,1731148199999,414593.7885,2415,113012.9,161172.9977,0
1731148200000,1.418,1.424,1.413,1.42,337570.9,1731149099999,479025.1483,3046,133606.5,189681.7113,0
1731149100000,1.421,1.426,1.418,1.421,301712.6,1731149999999,429281.1441,2051,153003.3,217701.7029,0
1731150000000,1.421,1.423,1.417,1.419,206271.0,1731150899999,292796.9922,1680,67793.4,96276.469,0
1731150900000,1.418,1.421,1.414,1.415,216763.1,1731151799999,307404.5129,1419,82346.5,116792.4434,0
1731151800000,1.415,1.426,1.415,1.426,181398.4,1731152699999,258052.908,1436,116234.0,165341.8924,0
1731152700000,1.426,1.429,1.42,1.427,372826.6,1731153599999,530981.2615,2133,253044.0,360467.9551,0
1731153600000,1.427,1.431,1.416,1.417,433317.1,1731154499999,617125.191,2702,210332.6,299731.201,0
1731154500000,1.418,1.418,1.407,1.415,350105.6,1731155399999,494710.0725,3099,143570.9,203014.3297,0
1731155400000,1.415,1.415,1.404,1.406,413516.5,1731156299999,581610.5057,2847,125669.1,176809.7514,0
1731156300000,1.406,1.408,1.397,1.397,306573.9,1731157199999,429344.6546,2154,109257.6,153067.0391,0
1731157200000,1.398,1.405,1.398,1.404,150692.7,1731158099999,211306.2857,1769,73083.0,102485.0682,0
1731158100000,1.403,1.405,1.396,1.403,375928.5,1731158999999,526342.0109,2176,124249.7,174065.8241,0
1731159000000,1.402,1.41,1.398,1.405,246180.4,1731159899999,345544.2123,2021,114383.5,160625.7997,0
1731159900000,1.406,1.409,1.402,1.403,139839.2,1731160799999,196539.31,1279,56094.3,78870.1737,0
1731160800000,1.402,1.407,1.393,1.396,274408.7,1731161699999,383809.4314,2406,96901.5,135669.1311,0
1731161700000,1.396,1.4,1.392,1.397,209275.5,1731162599999,292010.7751,2264,95427.9,133179.6555,0
1731162600000,1.397,1.398,1.384,1.385,296050.1,1731163499999,411394.7715,3115,126705.9,176021.6787,0
1731163500000,1.385,1.394,1.384,1.392,247945.2,1731164399999,344611.6482,2552,108733.3,151086.6194,0
1731164400000,1.391,1.391,1.38,1.383,507760.0,1731165299999,702761.9288,3017,192412.9,266294.9545,0
1731165300000,1.382,1.391,1.382,1.389,222515.2,1731166199999,308747.6659,1732,138365.5,191943.286,0
1731166200000,1.389,1.398,1.389,1.395,249997.7,1731167099999,348718.413,1770,116601.5,162685.6832,0
1731167100000,1.395,1.395,1.39,1.392,164277.8,1731167999999,228740.1358,1416,91464.7,127351.7237,0
1731168000000,1.391,1.392,1.382,1.384,342937.9,1731168899999,475289.3272,2655,188974.7,261888.4643,0
1731168900000,1.383,1.387,1.376,1.382,404764.7,1731169799999,558636.1393,3972,189110.9,261022.5994,0
1731169800000,1.381,1.389,1.379,1.385,294529.3,1731170699999,408102.196,2056,130643.9,180919.2426,0
1731170700000,1.385,1.39,1.383,1.387,164030.8,1731171599999,227500.588,1722,55187.8,76535.2524,0
1731171600000,1.386,1.39,1.371,1.371,395245.2,1731172499999,545003.4612,3838,132701.3,183188.4442,0
1731172500000,1.371,1.385,1.365,1.382,534925.3,1731173399999,734605.2473,5087,264797.4,364018.7392,0
1731173400000,1.381,1.384,1.377,1.379,162077.0,1731174299999,223783.5624,1936,94431.9,130417.4269,0
1731174300000,1.379,1.388,1.378,1.386,287965.7,1731175199999,398644.0418,2020,139384.3,192930.9507,0
1731175200000,1.386,1.396,1.384,1.392,333855.6,1731176099999,464486.3107,2106,207522.2,288793.9731,0
1731176100000,1.391,1.398,1.391,1.397,163007.1,1731176999999,227495.2613,1744,88355.5,123298.4475,0
1731177000000,1.398,1.399,1.394,1.397,119840.6,1731177899999,167396.3855,1159,75286.3,105179.8987,0
1731177900000,1.396,1.397,1.392,1.392,165093.7,1731178799999,230106.9962,1176,64508.5,89922.2716,0
1731178800000,1.392,1.405,1.392,1.401,511985.0,1731179699999,716411.2747,4205,275166.3,385041.291,0
1731179700000,1.401,1.414,1.395,1.411,549695.9,1731180599999,771980.2095,4464,289203.4,406259.9931,0
1731180600000,1.41,1.412,1.403,1.409,525627.3,1731181499999,740170.448,3431,231220.4,325643.5656,0
1731181500000,1.409,1.421,1.409,1.413,558477.0,1731182399999,790545.6306,3513,332650.8,470940.7513,0
1731182400000,1.413,1.414,1.407,1.411,313255.8,1731183299999,441886.2663,2655,156527.5,220813.8434,0
1731183300000,1.411,1.422,1.411,1.419,708767.8,1731184199999,1005388.738,2688,524008.8,743402.2243,0
1731184200000,1.419,1.43,1.416,1.43,1013236.6,1731185099999,1442743.4793,4643,578511.9,823570.2209,0
1731185100000,1.429,1.433,1.421,1.43,534897.5,1731185999999,763604.022,3050,357810.2,510973.6731,0
1731186000000,1.431,1.438,1.43,1.43,745001.1,1731186899999,1068558.1888,4057,369673.4,530433.7846,0
1731186900000,1.43,1.435,1.428,1.435,383342.4,1731187799999,548766.5385,2620,160932.4,230417.6422,0
1731187800000,1.434,1.434,1.418,1.425,280972.7,1731188699999,399922.3992,2396,81024.5,115370.1249,0
1731188700000,1.425,1.427,1.421,1.422,192318.1,1731189599999,273729.3765,1557,86018.5,122479.3877,0
1731189600000,1.422,1.438,1.421,1.435,487854.2,1731190499999,698260.6067,2964,315823.9,451909.932,0
1731190500000,1.435,1.449,1.434,1.446,637271.6,1731191399999,918698.4536,3112,350349.9,505180.0146,0
1731191400000,1.446,1.45,1.445,1.449,565910.3,1731192299999,819358.9222,2389,354389.4,513201.8884,0
1731192300000,1.449,1.465,1.449,1.46,970424.5,1731193199999,1413768.5872,4920,590495.7,860076.775,0
1731193200000,1.459,1.464,1.451,1.454,751280.9,1731194099999,1095744.8088,5071,353369.5,515318.3177,0
1731194100000,1.454,1.466,1.449,1.464,536699.3,1731194999999,781697.1241,3887,325294.1,473889.6163,0
1731195000000,1.464,1.47,1.456,1.468,581727.2,1731195899999,851575.4862,3924,375600.1,549943.8085,0
1731195900000,1.468,1.472,1.462,1.467,814823.4,1731196799999,1195547.9009,4879,393841.7,577908.3145,0
1731196800000,1.467,1.467,1.447,1.449,767745.5,1731197699999,1115029.292,5806,236021.2,342951.486,0
1731197700000,1.45,1.475,1.449,1.468,918969.0,1731198599999,1347091.3198,5633,415376.8,607987.5686,0
1731198600000,1.469,1.47,1.449,1.462,714412.0,1731199499999,1040346.2505,5560,324736.5,473278.1169,0
1731199500000,1.462,1.465,1.443,1.448,705099.6,1731200399999,1023710.0782,5017,251369.3,365206.8149,0
1731200400000,1.448,1.458,1.443,1.449,615236.8,1731201299999,892010.966,5240,336915.3,488729.1462,0
1731201300000,1.449,1.454,1.443,1.451,393200.2,1731202199999,569524.0177,3635,183505.6,265848.4655,0
1731202200000,1.451,1.455,1.444,1.446,349592.7,1731203099999,506834.7016,3759,142353.9,206524.7548,0
1731203100000,1.445,1.454,1.443,1.452,397082.2,1731203999999,575007.5843,2857,230254.7,333466.7486,0
1731204000000,1.453,1.465,1.447,1.459,751467.4,1731204899999,1094299.7101,4116,399497.9,581978.8693,0
1731204900000,1.459,1.47,1.456,1.466,462994.8,1731205799999,677551.7737,4179,251964.1,368835.4292,0
1731205800000,1.465,1.466,1.453,1.464,462267.8,1731206699999,674434.9512,3722,222144.2,324262.9768,0
1731206700000,1.464,1.467,1.453,1.454,508683.5,1731207599999,742600.6489,3634,198284.2,289540.7254,0
1731207600000,1.454,1.468,1.448,1.466,485497.0,1731208499999,707709.2246,4063,287034.7,418925.3582,0
1731208500000,1.467,1.482,1.467,1.48,1071546.1,1731209399999,1579702.4145,4773,762862.4,1125187.5967,0
1731209400000,1.48,1.489,1.472,1.488,618547.9,1731210299999,916110.3134,4624,358492.6,531201.4695,0
1731210300000,1.488,1.489,1.48,1.48,475707.6,1731211199999,706321.1381,2964,216723.1,321907.1535,0
1731211200000,1.481,1.486,1.478,1.485,290235.3,1731212099999,429977.9905,2427,164163.7,243246.6784,0
1731212100000,1.484,1.487,1.472,1.474,399434.2,1731212999999,591659.3377,2625,206422.5,305970.9968,0
1731213000000,1.475,1.49,1.473,1.483,785104.5,1731213899999,1163601.9258,7147,349531.9,517918.43,0
1731213900000,1.483,1.497,1.479,1.49,948819.5,1731214799999,1411388.2581,8063,502440.7,747714.6552,0
1731214800000,1.489,1.489,1.467,1.478,2214607.7,1731215699999,3265664.5669,10562,730440.2,1077739.3297,0
1731215700000,1.477,1.492,1.474,1.489,853581.9,1731216599999,1265182.2596,5949,466647.1,692129.2934,0
1731216600000,1.489,1.489,1.466,1.478,1714730.8,1731217499999,2526667.5999,6238,947150.5,1394927.2651,0
1731217500000,1.477,1.479,1.455,1.459,697511.6,1731218399999,1023084.263,4769,242998.0,356507.2905,0
1731218400000,1.459,1.479,1.448,1.472,1785897.1,1731219299999,2610413.9244,8687,1199238.2,1753650.3577,0
1731219300000,1.473,1.475,1.459,1.46,476462.9,1731220199999,698018.7889,4480,202435.4,296712.1078,0
1731220200000,1.46,1.468,1.456,1.46,424012.6,1731221099999,619975.3717,3736,248779.8,363741.1966,0
1731221100000,1.46,1.476,1.458,1.467,633457.0,1731221999999,930370.8194,5438,310572.4,456135.2913,0
1731222000000,1.467,1.479,1.467,1.473,265347.5,1731222899999,391241.0512,2704,124305.1,183275.1772,0
1731222900000,1.474,1.479,1.466,1.467,451604.6,1731223799999,664716.7705,3335,177262.8,261047.2381,0
1731223800000,1.467,1.472,1.465,1.471,250358.5,1731224699999,367719.0285,2236,138187.9,203002.2954,0
1731224700000,1.472,1.479,1.47,1.472,377433.7,1731225599999,556523.6667,2440,238046.1,351128.8548,0
1731225600000,1.472,1.482,1.471,1.474,250238.2,1731226499999,369465.2545,2411,160614.6,237166.1694,0
1731226500000,1.474,1.487,1.47,1.482,689211.4,1731227399999,1019571.8616,3998,454591.7,672427.7839,0
1731227400000,1.483,1.484,1.467,1.471,418331.8,1731228299999,617341.1693,3702,191977.1,283290.3835,0
1731228300000,1.471,1.491,1.469,1.49,460883.6,1731229199999,684059.81,3423,263022.9,390602.9763,0
1731229200000,1.491,1.492,1.484,1.489,432137.3,1731230099999,643057.8123,3223,213836.7,318167.0159,0
1731230100000,1.489,1.5,1.489,1.493,1018975.7,1731230999999,1524641.4118,4892,461822.1,690966.5404,0
1731231000000,1.493,1.499,1.488,1.492,916858.2,1731231899999,1368978.169,6293,348904.6,521279.1573,0
1731231900000,1.491,1.495,1.467,1.476,1763703.2,1731232799999,2608473.6837,7097,498394.1,737576.4262,0
1731232800000,1.477,1.487,1.475,1.48,384962.0,1731233699999,570608.0701,3882,215780.9,319832.1349,0
1731233700000,1.48,1.488,1.475,1.477,397967.9,1731234599999,589798.973,3137,187562.1,278112.1621,0
1731234600000,1.478,1.498,1.477,1.485,1251026.8,1731235499999,1862632.8204,9302,745445.0,1110491.2633,0
1731235500000,1.484,1.505,1.482,1.5,1628189.5,1731236399999,2438453.063,8558,930158.0,1392860.6558,0
1731236400000,1.499,1.505,1.488,1.492,862910.0,1731237299999,1292325.1503,5670,399295.0,598175.2448,0
1731237300000,1.493,1.499,1.486,1.489,718894.3,1731238199999,1072201.2565,5699,311594.3,464971.9076,0
1731238200000,1.49,1.499,1.486,1.498,429910.4,1731239099999,641442.5177,2962,280302.2,418289.0161,0
1731239100000,1.498,1.506,1.496,1.5,887174.2,1731239999999,1333260.9066,4892,546295.0,820955.8063,0
1731240000000,1.501,1.505,1.472,1.475,1854711.5,1731240899999,2759377.3546,11647,593525.6,883714.7828,0
1731240900000,1.475,1.483,1.462,1.463,1560836.9,1731241799999,2295238.879,10429,648963.4,954663.0221,0
1731241800000,1.464,1.48,1.461,1.475,713981.9,1731242699999,1051714.6359,5381,322991.6,475836.0014,0
1731242700000,1.474,1.49,1.47,1.489,757977.7,1731243599999,1122964.8149,4932,392747.2,582008.7825,0
1731243600000,1.488,1.491,1.483,1.487,736624.2,1731244499999,1095796.2829,4279,389835.8,579974.4708,0
1731244500000,1.488,1.497,1.48,1.49,728974.5,1731245399999,1084909.1902,5657,345330.0,514068.0767,0
1731245400000,1.49,1.498,1.485,1.492,604446.6,1731246299999,902100.0601,4207,375248.2,560199.7854,0
1731246300000,1.492,1.525,1.486,1.525,2154214.9,1731247199999,3247374.0371,12082,1469289.2,2213920.0165,0
1731247200000,1.525,1.542,1.517,1.537,2399979.9,1731248099999,3668275.335,12379,1448427.2,2213378.557,0
1731248100000,1.537,1.56,1.531,1.554,2578606.4,1731248999999,3990611.3974,12386,1633203.6,2528869.2903,0
1731249000000,1.553,1.568,1.522,1.528,4277506.2,1731249899999,6615347.6059,27552,2338908.4,3622581.7823,0
1731249900000,1.527,1.538,1.505,1.519,2333067.6,1731250799999,3547398.8673,16899,1108420.2,1686677.1911,0
1731250800000,1.52,1.535,1.509,1.532,1178736.2,1731251699999,1795609.643,8727,522162.2,795814.0525,0
1731251700000,1.531,1.536,1.516,1.517,772463.3,1731252599999,1177860.4555,7147,350786.1,535168.2479,0
1731252600000,1.517,1.537,1.515,1.526,749124.6,1731253499999,1146171.476,5261,363995.8,556530.6959,0
1731253500000,1.527,1.539,1.527,1.531,483059.8,1731254399999,740797.7826,3282,254437.9,390171.2345,0
1731254400000,1.531,1.541,1.516,1.519,783716.3,1731255299999,1196556.1878,6019,359582.3,549834.2064,0
1731255300000,1.519,1.525,1.515,1.524,599940.8,1731256199999,911764.4072,4419,302905.6,460507.089,0
1731256200000,1.525,1.537,1.522,1.526,510587.6,1731257099999,780161.5475,4004,226264.5,345884.2914,0
1731257100000,1.525,1.531,1.516,1.529,507858.8,1731257999999,773779.3027,3534,305778.4,466063.8284,0
1731258000000,1.529,1.537,1.522,1.531,574943.8,1731258899999,878647.7054,4921,301624.0,461115.9367,0
1731258900000,1.531,1.535,1.526,1.531,498590.2,1731259799999,762682.2035,4014,269469.2,412397.3949,0
1731259800000,1.531,1.548,1.527,1.534,2169863.2,1731260699999,3340871.1632,8784,1223083.2,1885044.8173,0
1731260700000,1.534,1.555,1.528,1.534,1143817.2,1731261599999,1764374.009,7710,622627.1,961168.2434,0
1731261600000,1.533,1.548,1.5,1.537,2098924.5,1731262499999,3215416.6655,10130,667866.1,1025560.916,0
1731262500000,1.537,1.542,1.527,1.535,688768.3,1731263399999,1057077.2977,6192,343158.7,526729.8307,0
1731263400000,1.535,1.542,1.527,1.532,1216187.3,1731264299999,1864167.7521,6405,719991.7,1103161.2546,0
1731264300000,1.531,1.54,1.51,1.514,1017684.2,1731265199999,1553931.3933,7319,434265.2,663457.185,0
1731265200000,1.515,1.53,1.508,1.528,699196.5,1731266099999,1063074.2754,6123,371682.9,565320.0658,0
1731266100000,1.528,1.528,1.494,1.503,1363541.9,1731266999999,2052440.6783,10381,455065.3,685149.9447,0
1731267000000,1.502,1.514,1.49,1.49,934910.2,1731267899999,1407487.3117,7057,459472.5,692420.4213,0
1731267900000,1.491,1.491,1.47,1.484,2010077.6,1731268799999,2975599.9734,16078,864875.9,1280282.1622,0
1731268800000,1.485,1.494,1.463,1.466,976903.2,1731269699999,1443477.3209,9152,448261.7,662641.0827,0
1731269700000,1.465,1.48,1.456,1.471,1131169.6,1731270599999,1658835.3765,9409,449448.4,659479.6221,0
1731270600000,1.471,1.482,1.457,1.462,894707.8,1731271499999,1317634.1677,6271,586437.5,864494.7501,0
1731271500000,1.461,1.466,1.444,1.444,1066038.8,1731272399999,1549841.4882,7987,398352.3,579753.7205,0
1731272400000,1.445,1.45,1.392,1.424,3598627.2,1731273299999,5102377.9869,20702,1356254.4,1924377.3357,0
1731273300000,1.424,1.453,1.423,1.452,2313231.1,1731274199999,3342055.4031,16970,1174981.9,1698135.8849,0
1731274200000,1.451,1.462,1.448,1.457,801004.9,1731275099999,1166161.9242,6937,407283.0,593140.8174,0
1731275100000,1.458,1.47,1.457,1.465,857799.1,1731275999999,1255825.1395,5553,473856.2,694129.1752,0
1731276000000,1.464,1.475,1.457,1.472,755073.8,1731276899999,1107748.0909,5939,358476.4,526065.4394,0
1731276900000,1.472,1.497,1.471,1.476,1475367.6,1731277799999,2192505.1808,10306,745214.9,1108025.1978,0
1731277800000,1.475,1.482,1.448,1.448,1136468.4,1731278699999,1662635.1397,8079,332960.2,488420.1943,0
1731278700000,1.449,1.464,1.446,1.461,903937.7,1731279599999,1315027.8603,5334,235679.7,343069.3896,0
1731279600000,1.462,1.464,1.443,1.447,1230448.1,1731280499999,1786140.2593,7685,320803.7,465691.2588,0
1731280500000,1.447,1.455,1.443,1.447,1081637.5,1731281399999,1566875.2457,7953,419181.5,607354.5046,0
1731281400000,1.447,1.456,1.435,1.444,941683.1,1731282299999,1362318.7421,7643,341422.6,493855.569,0
1731282300000,1.444,1.45,1.441,1.443,713152.8,1731283199999,1030225.8292,5621,301984.2,436360.2936,0
1731283200000,1.443,1.451,1.431,1.44,1568901.4,1731284099999,2260339.4627,11017,779216.0,1122521.0915,0
1731284100000,1.439,1.458,1.438,1.458,1231894.5,1731284999999,1782993.4962,10614,558082.2,808063.5424,0
1731285000000,1.457,1.471,1.45,1.468,808413.2,1731285899999,1180888.1617,6940,429151.1,627084.3938,0
1731285900000,1.467,1.477,1.46,1.469,652569.7,1731286799999,957740.0258,5796,404094.5,593197.076,0
1731286800000,1.469,1.47,1.456,1.47,406074.3,1731287699999,594626.2137,4237,204070.5,298913.2234,0
1731287700000,1.471,1.485,1.467,1.484,465592.9,1731288599999,688029.1942,5052,260590.8,385167.4265,0
1731288600000,1.484,1.496,1.481,1.485,678589.9,1731289499999,1009471.4292,5757,416927.2,620374.1596,0
1731289500000,1.485,1.49,1.47,1.475,737764.0,1731290399999,1092432.5312,5018,354726.8,525409.3425,0
1731290400000,1.475,1.496,1.47,1.494,566184.0,1731291299999,838982.1589,4504,395780.5,586505.172,0
1731291300000,1.494,1.51,1.493,1.509,805492.3,1731292199999,1208142.3819,5111,502844.8,754518.4756,0
1731292200000,1.51,1.535,1.505,1.53,1294215.8,1731293099999,1966704.6103,9045,751510.4,1141406.1216,0
1731293100000,1.529,1.538,1.52,1.536,735763.7,1731293999999,1124608.5463,5927,372506.7,569991.596,0
1731294000000,1.536,1.539,1.519,1.528,723702.6,1731294899999,1105288.6141,6221,362863.0,554763.3077,0
1731294900000,1.527,1.529,1.501,1.504,585128.7,1731295799999,884217.182,5405,260791.4,393743.3855,0
1731295800000,1.503,1.531,1.502,1.522,718560.7,1731296699999,1094058.1816,7307,397037.8,604440.5053,0
1731296700000,1.522,1.529,1.514,1.515,476292.6,1731297599999,724269.9711,4511,201510.7,306779.0899,0
1731297600000,1.515,1.529,1.513,1.524,932408.8,1731298499999,1419249.0118,6892,624573.3,950556.795,0
1731298500000,1.525,1.525,1.496,1.496,654069.4,1731299399999,985969.4847,5263,272086.3,410494.7621,0
1731299400000,1.495,1.517,1.495,1.516,372250.2,1731300299999,561920.1762,4643,203220.8,306557.8565,0
1731300300000,1.516,1.53,1.516,1.529,414307.1,1731301199999,630716.8373,3784,250214.9,380858.4233,0
1731301200000,1.529,1.533,1.511,1.513,570643.8,1731302099999,868330.0484,4336,303917.2,462420.738,0
1731302100000,1.513,1.517,1.472,1.485,984307.0,1731302999999,1467195.9948,8047,436366.2,650653.24,0
1731303000000,1.485,1.493,1.463,1.468,869660.5,1731303899999,1283771.5883,8842,341634.8,504569.8587,0
1731303900000,1.467,1.478,1.439,1.456,1399060.9,1731304799999,2034135.7291,10933,670575.3,973946.7247,0
1731304800000,1.455,1.477,1.443,1.469,1497699.8,1731305699999,2195551.0615,9801,700114.6,1026788.7722,0
1731305700000,1.469,1.476,1.45,1.474,659360.5,1731306599999,962397.1833,8098,359685.9,525062.7318,0
1731306600000,1.473,1.478,1.453,1.454,525146.2,1731307499999,770774.1498,5723,242647.9,356357.923,0
1731307500000,1.454,1.469,1.454,1.465,311245.2,1731308399999,455019.3365,4510,167113.3,244291.5565,0
1731308400000,1.466,1.473,1.459,1.468,512146.9,1731309299999,751347.0513,4144,217002.1,318516.8503,0
1731309300000,1.468,1.469,1.448,1.45,787673.1,1731310199999,1148640.9269,5562,265280.8,386435.3965,0
1731310200000,1.45,1.47,1.448,1.469,401160.8,1731311099999,585008.9653,4427,221699.2,323355.3037,0
1731311100000,1.468,1.475,1.465,1.473,388007.8,1731311999999,570396.5901,4334,224116.6,329556.9515,0
1731312000000,1.472,1.49,1.471,1.49,512622.1,1731312899999,758824.6415,4060,273570.8,405255.5129,0
1731312900000,1.489,1.506,1.488,1.493,707453.8,1731313799999,1059431.0615,6056,355869.7,533167.3829,0
1731313800000,1.493,1.5,1.488,1.498,493927.3,1731314699999,737378.8042,4807,258287.9,385627.7861,0
1731314700000,1.498,1.504,1.492,1.5,386308.5,1731315599999,578344.9237,3655,209307.4,313326.8878,0
1731315600000,1.501,1.507,1.493,1.507,313426.4,1731316499999,470481.3597,3711,178157.7,267461.7294,0
1731316500000,1.507,1.508,1.493,1.498,385797.8,1731317399999,578641.3781,4803,234326.3,351462.4644,0
1731317400000,1.498,1.5,1.489,1.49,457326.6,1731318299999,683353.8541,4341,252639.7,377738.7229,0
1731318300000,1.49,1.512,1.487,1.5,805351.0,1731319199999,1210764.758,5102,493776.9,742962.405,0
1731319200000,1.5,1.507,1.491,1.503,616139.6,1731320099999,924055.2961,6035,298352.7,447364.3911,0
1731320100000,1.503,1.506,1.484,1.491,768447.7,1731320999999,1149954.5139,7876,371071.3,555746.0993,0
1731321000000,1.491,1.511,1.484,1.507,909766.0,1731321899999,1364760.7145,6940,580274.7,871460.2811,0
1731321900000,1.507,1.516,1.502,1.506,591196.6,1731322799999,892145.8526,5077,312961.8,472331.296,0
1731322800000,1.507,1.517,1.507,1.513,510135.8,1731323699999,771402.5311,4516,290709.8,439691.0155,0
1731323700000,1.512,1.523,1.511,1.522,1074555.5,1731324599999,1628899.6459,5407,535598.0,812607.126,0
1731324600000,1.523,1.526,1.509,1.52,784277.7,1731325499999,1190870.8598,5735,411842.5,625540.8402,0
1731325500000,1.521,1.53,1.519,1.527,618193.6,1731326399999,943223.7219,4535,394481.7,602044.1816,0
1731326400000,1.527,1.531,1.518,1.52,547239.1,1731327299999,834545.848,4457,305819.5,466479.5602,0
1731327300000,1.52,1.523,1.485,1.501,1247343.5,1731328199999,1872963.2487,11440,546262.6,820705.253,0
1731328200000,1.501,1.515,1.495,1.513,792362.1,1731329099999,1193638.4141,7585,462892.1,697567.1372,0
1731329100000,1.513,1.515,1.497,1.498,377499.8,1731329999999,568710.4177,3196,122605.4,184888.2818,0
1731330000000,1.498,1.503,1.479,1.485,776848.0,1731330899999,1156387.6297,6996,335155.9,499477.1385,0
1731330900000,1.485,1.497,1.476,1.495,644262.9,1731331799999,959172.527,5522,372077.3,554244.1344,0
1731331800000,1.494,1.496,1.47,1.475,716888.2,1731332699999,1060666.2902,4557,195968.3,289717.3235,0
1731332700000,1.475,1.489,1.469,1.479,486585.6,1731333599999,718960.6002,3722,190738.2,282230.4869,0
1731333600000,1.479,1.49,1.475,1.476,503553.0,1731334499999,746526.4519,4410,254740.3,377763.7261,0
1731334500000,1.476,1.483,1.461,1.471,716861.1,1731335399999,1053675.6574,5917,298004.2,438208.3271,0
1731335400000,1.47,1.493,1.464,1.475,1202362.9,1731336299999,1781596.2833,10820,629192.2,932899.5593,0
1731336300000,1.476,1.499,1.472,1.496,587768.5,1731337199999,874908.4264,6019,296812.9,441618.2327,0
1731337200000,1.495,1.499,1.483,1.497,860552.2,1731338099999,1284003.3142,6983,437335.2,652937.7039,0
1731338100000,1.498,1.508,1.488,1.501,1760204.0,1731338999999,2637641.3385,11997,857310.7,1285769.2465,0
1731339000000,1.5,1.504,1.475,1.485,1249910.3,1731339899999,1868019.4925,11034,554910.2,829194.5926,0
1731339900000,1.486,1.498,1.477,1.493,1037729.2,1731340799999,1542798.7428,9073,575328.2,855573.6008,0
1731340800000,1.493,1.502,1.485,1.491,1263988.9,1731341699999,1887599.033,11288,630575.7,942046.1113,0
1731341700000,1.491,1.511,1.483,1.497,2004330.6,1731342599999,2995728.2344,12364,1185164.8,1772914.2996,0
1731342600000,1.496,1.512,1.484,1.51,839457.4,1731343499999,1259098.8166,8169,422969.1,634943.2692,0
1731343500000,1.51,1.52,1.504,1.519,999928.7,1731344399999,1511420.9384,7289,454579.0,687643.8113,0
1731344400000,1.519,1.567,1.513,1.562,2549528.4,1731345299999,3917580.9513,15250,1668693.4,2565713.2356,0
1731345300000,1.561,1.586,1.547,1.57,4037949.2,1731346199999,6343918.533,29991,2359139.7,3707804.7407,0
1731346200000,1.569,1.6,1.563,1.597,2272793.2,1731347099999,3607612.7392,17154,1343722.0,2133887.811,0
1731347100000,1.597,1.6,1.57,1.578,1865462.2,1731347999999,2954751.2754,12993,944324.7,1497263.2489,0
1731348000000,1.577,1.58,1.555,1.561,1661686.3,1731348899999,2603475.5518,12605,759859.8,1190866.0366,0
1731348900000,1.562,1.576,1.541,1.573,1128995.8,1731349799999,1758445.8732,10193,632532.8,985647.8812,0
1731349800000,1.573,1.579,1.546,1.556,2094275.1,1731350699999,3263334.5196,11623,726929.3,1134239.4257,0
1731350700000,1.556,1.561,1.551,1.561,851447.4,1731351599999,1324690.6487,6390,451630.8,702678.7062,0
1731351600000,1.561,1.563,1.536,1.543,1458352.9,1731352499999,2261948.2076,11993,588665.5,913626.6965,0
1731352500000,1.542,1.549,1.536,1.542,858991.9,1731353399999,1325179.875,7020,435348.1,671792.1038,0
1731353400000,1.543,1.553,1.535,1.538,784027.5,1731354299999,1210549.7093,6740,328616.1,507836.7169,0
1731354300000,1.538,1.547,1.535,1.547,406188.2,1731355199999,626521.3858,4110,199118.3,307168.7751,0
1731355200000,1.547,1.559,1.545,1.558,570031.5,1731356099999,885709.0555,4693,362078.0,562837.943,0
1731356100000,1.558,1.561,1.552,1.555,1045498.5,1731356999999,1628491.3197,6125,648054.1,1009929.1141,0
1731357000000,1.555,1.574,1.549,1.573,849590.6,1731357899999,1327436.3542,8587,456168.3,713158.8901,0
1731357900000,1.573,1.58,1.556,1.564,906101.7,1731358799999,1423291.4568,7894,507129.5,796864.1413,0
1731358800000,1.564,1.565,1.55,1.556,1002749.9,1731359699999,1559898.9684,7399,363183.4,565287.3101,0
1731359700000,1.557,1.574,1.548,1.567,907069.9,1731360599999,1416830.1295,7995,406382.0,635189.7735,0
1731360600000,1.568,1.568,1.549,1.551,919570.1,1731361499999,1431919.1868,7969,535359.2,833909.9038,0
1731361500000,1.551,1.552,1.536,1.542,968792.7,1731362399999,1494672.0064,8140,401197.2,619261.5166,0
1731362400000,1.543,1.544,1.521,1.524,1082009.3,1731363299999,1657226.4097,8118,409125.9,626409.7369,0
1731363300000,1.524,1.527,1.503,1.512,1149341.2,1731364199999,1737756.9021,9067,408958.1,618254.7445,0
1731364200000,1.512,1.529,1.51,1.528,525234.5,1731365099999,797977.3351,4408,300478.6,456707.5247,0
1731365100000,1.528,1.543,1.524,1.542,642907.5,1731365999999,986661.2971,4617,293371.7,450080.9396,0
1731366000000,1.541,1.56,1.531,1.554,2273962.3,1731366899999,3517778.6949,15633,1485825.5,2299168.7412,0
1731366900000,1.554,1.565,1.546,1.553,847180.3,1731367799999,1317731.1088,10255,424359.5,660306.493,0
1731367800000,1.553,1.568,1.546,1.566,1257541.2,1731368699999,1954565.1631,9590,508168.8,790318.2208,0
1731368700000,1.566,1.584,1.566,1.58,1526866.2,1731369599999,2409996.6149,7103,823238.6,1299416.1342,0
1731369600000,1.581,1.586,1.551,1.56,3318416.0,1731370499999,5195164.4142,19577,1583880.1,2477555.1147,0
1731370500000,1.56,1.583,1.534,1.578,2515516.7,1731371399999,3921303.7991,23678,1368626.3,2133919.9944,0
1731371400000,1.578,1.582,1.553,1.567,999619.9,1731372299999,1564489.39,12920,471390.6,738057.1175,0
1731372300000,1.568,1.633,1.566,1.627,4888479.5,1731373199999,7796340.2432,24313,2456403.5,3929837.353,0
1731373200000,1.628,1.631,1.602,1.614,3469921.7,1731374099999,5605717.5729,23906,1633404.7,2639203.0946,0
1731374100000,1.614,1.62,1.589,1.595,2143226.6,1731374999999,3443500.4288,17360,1192802.1,1917598.5042,0
1731375000000,1.594,1.621,1.592,1.616,952481.7,1731375899999,1531485.7134,9103,559972.4,900147.2474,0
1731375900000,1.616,1.619,1.592,1.599,1185061.1,1731376799999,1900588.3543,9303,596027.5,955460.1111,0
1731376800000,1.599,1.62,1.597,1.616,1052146.3,1731377699999,1697067.4918,7206,480604.3,775071.5388,0
1731377700000,1.616,1.618,1.596,1.606,1001017.5,1731378599999,1608054.2247,7840,373885.9,600655.5085,0
1731378600000,1.606,1.63,1.593,1.62,1562004.5,1731379499999,2514267.1129,11901,686248.3,1104957.5915,0
1731379500000,1.62,1.625,1.585,1.621,2423273.6,1731380399999,3886163.6447,17048,1462717.7,2345661.2551,0
1731380400000,1.621,1.625,1.596,1.609,893202.0,1731381299999,1439204.2377,12146,448128.8,722116.2703,0
1731381300000,1.61,1.626,1.609,1.625,662496.5,1731382199999,1071263.3611,7168,312246.8,504988.5202,0
1731382200000,1.624,1.628,1.612,1.62,647046.6,1731383099999,1047892.2423,5464,324064.3,524970.8037,0
1731383100000,1.62,1.636,1.612,1.627,1297529.4,1731383999999,2111527.9581,7802,505855.3,823456.7035,0
1731384000000,1.627,1.631,1.602,1.63,2051403.0,1731384899999,3318034.8465,11987,1104692.2,1786600.4059,0
1731384900000,1.63,1.647,1.61,1.621,1613398.9,1731385799999,2631057.562,13079,940354.9,1534328.9634,0
1731385800000,1.622,1.624,1.61,1.615,769950.1,1731386699999,1245227.7961,7837,369801.0,598244.5125,0
1731386700000,1.615,1.62,1.605,1.609,752229.6,1731387599999,1213216.9653,7987,357288.1,576279.7783,0
1731387600000,1.609,1.629,1.6,1.625,805334.5,1731388499999,1300153.6709,7739,389300.7,629002.0021,0
1731388500000,1.626,1.632,1.608,1.611,745340.3,1731389399999,1207523.3977,9299,309664.4,501674.8717,0
1731389400000,1.612,1.613,1.586,1.595,1351089.3,1731390299999,2156971.6108,11368,528487.3,843589.1085,0
1731390300000,1.596,1.602,1.584,1.6,875621.0,1731391199999,1394470.0651,7468,397443.7,633084.2131,0
1731391200000,1.599,1.614,1.595,1.599,797994.1,1731392099999,1279973.7755,7197,374854.6,601527.8076,0
1731392100000,1.6,1.602,1.59,1.593,936450.9,1731392999999,1494286.5368,7625,294673.3,470310.184,0
1731393000000,1.592,1.601,1.587,1.598,808180.2,1731393899999,1287902.0453,9204,381804.9,608653.9325,0
1731393900000,1.598,1.606,1.592,1.597,923082.4,1731394799999,1477175.5011,8874,444824.8,712112.7675,0
1731394800000,1.597,1.599,1.588,1.598,759486.1,1731395699999,1209422.7718,7230,382404.8,608934.9786,0
1731395700000,1.597,1.6,1.588,1.589,779004.5,1731396599999,1240285.5057,7084,301955.6,480870.781,0
1731396600000,1.589,1.589,1.563,1.576,1245071.0,1731397499999,1961699.4337,9011,494165.8,777961.7475,0
1731397500000,1.577,1.588,1.571,1.581,822618.7,1731398399999,1299799.1374,5896,429189.9,677792.45,0
1731398400000,1.581,1.588,1.564,1.568,895517.4,1731399299999,1412066.0485,7571,407754.6,643279.0742,0
1731399300000,1.568,1.575,1.565,1.566,824005.7,1731400199999,1293430.5129,6483,377253.2,592285.8569,0
1731400200000,1.566,1.575,1.564,1.575,786715.2,1731401099999,1234581.8323,5369,432415.1,678708.7556,0
1731401100000,1.575,1.577,1.561,1.565,1076788.4,1731401999999,1689112.4828,7273,510227.6,800758.273,0
1731402000000,1.565,1.579,1.547,1.549,2076086.9,1731402899999,3240987.0113,15187,849388.5,1327998.116,0
1731402900000,1.548,1.571,1.544,1.561,1347937.4,1731403799999,2100162.9764,11509,716556.9,1117001.9854,0
1731403800000,1.56,1.563,1.537,1.541,1316389.6,1731404699999,2037369.4625,9877,599189.4,927576.867,0
1731404700000,1.54,1.541,1.504,1.504,2638844.3,1731405599999,4017280.4686,18032,1043329.7,1589324.8255,0
1731405600000,1.504,1.527,1.459,1.503,4464363.3,1731406499999,6660511.1655,29813,1793803.8,2680409.4953,0
1731406500000,1.504,1.51,1.468,1.481,2419729.4,1731407399999,3600728.6416,20372,1305917.7,1942732.5941,0
1731407400000,1.481,1.492,1.435,1.439,3871903.0,1731408299999,5655602.2628,29058,1578558.0,2310587.5945,0
1731408300000,1.439,1.46,1.392,1.452,4808971.2,1731409199999,6874416.6333,36539,2162343.8,3098818.2793,0
1731409200000,1.451,1.466,1.439,1.446,3146023.4,1731410099999,4574688.5059,24334,1566757.4,2279003.357,0
1731410100000,1.446,1.478,1.442,1.467,1958195.6,1731410999999,2865666.0301,14572,1112171.2,1628804.3548,0
1731411000000,1.467,1.478,1.456,1.458,1418106.6,1731411899999,2083048.3787,9874,611445.2,899166.1847,0
1731411900000,1.458,1.469,1.44,1.448,1424238.7,1731412799999,2069937.4357,11216,640914.6,932496.1005,0
1731412800000,1.447,1.46,1.432,1.456,1572993.1,1731413699999,2280429.4304,15042,753760.8,1092743.2182,0
1731413700000,1.455,1.463,1.428,1.429,1131601.7,1731414599999,1636467.9501,11299,499097.3,722516.2733,0
1731414600000,1.43,1.44,1.414,1.415,1426983.5,1731415499999,2035189.4057,13613,631619.9,901175.1,0
1731415500000,1.415,1.429,1.398,1.415,1882553.7,1731416399999,2654532.4786,17424,1003194.7,1413997.3609,0
1731416400000,1.416,1.422,1.393,1.414,1905229.3,1731417299999,2679256.2728,22983,859069.7,1208488.6515,0
1731417300000,1.414,1.423,1.403,1.416,1022894.2,1731418199999,1446169.3943,11615,485449.0,686335.8302,0
1731418200000,1.416,1.422,1.399,1.406,1137619.7,1731419099999,1601677.5533,13110,507613.3,715304.0544,0
1731419100000,1.407,1.428,1.388,1.426,1792802.6,1731419999999,2518511.724,15765,778229.8,1095122.2933,0
1731420000000,1.426,1.432,1.408,1.412,1211539.6,1731420899999,1724210.7961,12658,570365.0,812085.2794,0
1731420900000,1.412,1.417,1.405,1.408,862075.8,1731421799999,1215716.83,8539,368175.4,519439.5955,0
1731421800000,1.408,1.426,1.397,1.424,1488005.7,1731422699999,2099315.4439,13549,682690.1,964174.01,0
1731422700000,1.424,1.439,1.419,1.436,1245926.8,1731423599999,1782473.7949,9393,691557.6,989744.7954,0
1731423600000,1.437,1.442,1.426,1.436,1305736.6,1731424499999,1872062.4371,9898,599263.2,859638.0154,0
1731424500000,1.436,1.44,1.413,1.419,986459.9,1731425399999,1404566.156,8053,404117.3,575707.7973,0
1731425400000,1.42,1.437,1.415,1.419,1049875.9,1731426299999,1498396.6345,8650,460312.5,657061.8609,0
1731426300000,1.419,1.425,1.405,1.408,1091539.2,1731427199999,1542508.2782,7841,372603.1,527224.6714,0
1731427200000,1.408,1.408,1.37,1.373,2797173.4,1731428099999,3874741.1156,16397,856885.8,1188007.5444,0
1731428100000,1.373,1.385,1.365,1.383,1745660.0,1731428999999,2396758.3398,12576,831036.8,1141877.2383,0
1731429000000,1.383,1.397,1.38,1.395,1439229.6,1731429899999,1998850.5758,12474,746177.5,1036963.6056,0
1731429900000,1.396,1.397,1.382,1.386,1802007.4,1731430799999,2502502.6684,10373,727240.0,1010505.5026,0
1731430800000,1.387,1.391,1.379,1.386,1242681.8,1731431699999,1721767.5732,7553,419949.7,582346.3254,0
1731431700000,1.385,1.391,1.374,1.382,1408106.4,1731432599999,1946415.7336,8535,593674.2,820970.38,0
1731432600000,1.382,1.403,1.38,1.394,1280306.7,1731433499999,1785279.7748,8325,670201.9,934989.5895,0
1731433500000,1.395,1.396,1.38,1.382,1376866.4,1731434399999,1911512.8961,7927,652849.5,906426.1272,0
1731434400000,1.381,1.391,1.377,1.391,994903.7,1731435299999,1375492.5706,6692,523888.9,724508.1368,0
1731435300000,1.39,1.406,1.39,1.404,1454245.9,1731436199999,2033798.3878,9129,653250.2,913822.5381,0
1731436200000,1.403,1.413,1.4,1.404,1911819.6,1731437099999,2685433.9756,9914,865688.3,1216104.826,0
1731437100000,1.404,1.406,1.395,1.402,1600133.2,1731437999999,2243194.2846,7348,824740.2,1156631.1666,0
1731438000000,1.402,1.409,1.393,1.408,1928326.1,1731438899999,2699151.7216,9973,835944.9,1170744.1866,0
1731438900000,1.407,1.41,1.397,1.401,1341350.1,1731439799999,1880626.7987,7576,600235.7,841753.4122,0
1731439800000,1.401,1.405,1.395,1.397,1649128.7,1731440699999,2308086.8489,7947,715410.9,1001728.892,0
1731440700000,1.397,1.4,1.381,1.383,1990734.6,1731441599999,2771370.3608,9013,613635.8,854172.1943,0
1731441600000,1.382,1.389,1.377,1.384,1658722.0,1731442499999,2295383.6063,9195,763539.3,1057308.0197,0
1731442500000,1.384,1.384,1.369,1.373,1521955.4,1731443399999,2091515.5707,8938,687952.4,945763.4013,0
1731443400000,1.372,1.388,1.364,1.385,2124982.3,1731444299999,2920593.4585,12615,975699.2,1341522.8378,0
1731444300000,1.385,1.393,1.378,1.381,1453212.6,1731445199999,2016883.6735,7173,664997.9,923159.0703,0
1731445200000,1.38,1.386,1.359,1.36,1803503.1,1731446099999,2470512.9588,10562,702372.6,963384.5034,0
1731446100000,1.361,1.381,1.358,1.379,1767484.1,1731446999999,2416390.8611,11638,912800.4,1248254.7751,0
1731447000000,1.378,1.386,1.369,1.386,1377511.2,1731447899999,1894016.0869,8331,654899.8,900803.4985,0
1731447900000,1.386,1.389,1.379,1.379,1552654.9,1731448799999,2149318.1887,7414,753952.1,1043943.1538,0
1731448800000,1.379,1.388,1.369,1.375,1575001.6,1731449699999,2170760.5952,8946,832303.4,1147279.2629,0
1731449700000,1.375,1.381,1.371,1.376,1270545.4,1731450599999,1747333.6702,6648,626546.9,861664.6536,0
1731450600000,1.377,1.398,1.376,1.396,1617788.4,1731451499999,2244464.873,7006,964472.6,1338928.4826,0
1731451500000,1.396,1.414,1.396,1.409,1197688.8,1731452399999,1684481.6666,6105,585019.1,822820.1822,0
1731452400000,1.409,1.409,1.388,1.398,1391596.6,1731453299999,1941822.8803,7430,578508.0,806857.2594,0
1731453300000,1.398,1.398,1.38,1.392,1320147.9,1731454199999,1831565.4626,7644,575845.0,798929.0745,0
1731454200000,1.392,1.396,1.383,1.384,1097154.0,1731455099999,1522608.2615,5717,422082.8,586033.6506,0
1731455100000,1.384,1.39,1.374,1.377,1142718.0,1731455999999,1581968.7589,6944,571911.3,791974.6559,0
1731456000000,1.378,1.387,1.366,1.369,1962656.6,1731456899999,2700558.856,13155,906327.4,1247592.8335,0
1731456900000,1.368,1.386,1.363,1.382,1715073.4,1731457799999,2352508.6556,13620,765134.4,1049807.827,0
1731457800000,1.382,1.392,1.373,1.382,1868322.8,1731458699999,2582904.5439,14577,791381.2,1094187.4458,0
1731458700000,1.382,1.383,1.356,1.357,2044089.8,1731459599999,2795724.7874,11053,851576.0,1165521.9193,0
1731459600000,1.356,1.367,1.345,1.359,2497960.4,1731460499999,3388783.5571,16916,1026764.5,1393897.2173,0
1731460500000,1.359,1.363,1.306,1.32,4177247.4,1731461399999,5550905.8801,27800,1681998.8,2236943.2472,0
1731461400000,1.32,1.332,1.307,1.325,2800372.0,1731462299999,3686059.6014,21580,1270310.0,1672766.5191,0
1731462300000,1.325,1.333,1.312,1.314,1599791.7,1731463199999,2114923.2233,11433,679985.5,899345.9338,0
1731463200000,1.313,1.325,1.31,1.312,1498783.5,1731464099999,1972553.5164,10445,635485.0,836736.7564,0
1731464100000,1.312,1.315,1.268,1.289,4183207.7,1731464999999,5394038.0852,21679,1753100.2,2258013.7363,0
1731465000000,1.288,1.29,1.268,1.282,2137089.4,1731465899999,2729601.0525,14643,988848.4,1263654.956,0
1731465900000,1.282,1.303,1.274,1.299,1582262.1,1731466799999,2039864.2515,11496,804612.3,1037997.4264,0
1731466800000,1.299,1.307,1.29,1.302,1458715.8,1731467699999,1896207.6119,10485,764819.9,994428.2691,0
1731467700000,1.302,1.309,1.276,1.277,2013490.0,1731468599999,2603022.7018,13523,867895.7,1123210.8336,0
1731468600000,1.277,1.29,1.272,1.275,1898623.4,1731469499999,2434035.515,12373,925294.8,1187025.5289,0
1731469500000,1.276,1.29,1.269,1.27,1314932.5,1731470399999,1682203.9325,10744,642566.0,822393.648,0
1731470400000,1.27,1.29,1.27,1.286,1509825.8,1731471299999,1933619.214,9901,774521.1,991877.9545,0
1731471300000,1.286,1.301,1.279,1.28,1258376.9,1731472199999,1625843.7524,8814,744887.9,963246.2323,0
1731472200000,1.28,1.282,1.253,1.256,2803855.9,1731473099999,3539973.4365,19127,1161709.9,1468038.8602,0
1731473100000,1.256,1.273,1.23,1.269,2918387.4,1731473999999,3648338.0645,22724,1467835.0,1836212.9592,0
1731474000000,1.269,1.274,1.25,1.267,1762992.3,1731474899999,2226144.3904,14804,826934.4,1044316.6125,0
1731474900000,1.266,1.286,1.265,1.284,1342880.0,1731475799999,1716814.9824,8296,708496.8,906506.7657,0
1731475800000,1.283,1.285,1.267,1.271,1042448.2,1731476699999,1329877.4927,7317,402652.4,513769.582,0
1731476700000,1.272,1.273,1.251,1.26,1237261.9,1731477599999,1559051.3595,8521,547114.8,689824.558,0
1731477600000,1.261,1.274,1.252,1.272,1096801.1,1731478499999,1387483.4316,6799,506942.6,642161.1026,0
1731478500000,1.272,1.277,1.259,1.261,816283.2,1731479399999,1037407.6621,6349,470691.6,598492.4175,0
1731479400000,1.26,1.27,1.246,1.269,1333876.7,1731480299999,1674285.2099,8729,615389.9,773219.1108,0
1731480300000,1.269,1.284,1.259,1.274,1711530.2,1731481199999,2177034.9505,11596,808764.0,1029201.4344,0
1731481200000,1.275,1.293,1.267,1.291,1575286.6,1731482099999,2017240.742,11974,892825.2,1143470.8645,0
1731482100000,1.29,1.296,1.28,1.29,1118814.3,1731482999999,1442303.3418,7679,582372.8,751037.3,0
1731483000000,1.291,1.298,1.285,1.297,1160054.1,1731483899999,1497469.5023,6104,604244.3,780168.7853,0
1731483900000,1.297,1.309,1.296,1.302,1178387.1,1731484799999,1534389.4563,6477,553756.6,721028.3251,0
1731484800000,1.303,1.303,1.288,1.295,1069856.9,1731485699999,1384935.8488,8276,512842.0,664088.9834,0
1731485700000,1.295,1.302,1.291,1.301,1184064.5,1731486599999,1535798.1721,6487,633956.2,822929.0731,0
1731486600000,1.301,1.305,1.291,1.292,774337.4,1731487499999,1005981.8646,4435,407745.4,529991.2642,0
1731487500000,1.293,1.294,1.28,1.285,751762.8,1731488399999,968248.7879,5938,362053.5,466489.1614,0
1731488400000,1.285,1.291,1.278,1.29,677398.5,1731489299999,869685.2708,5052,374369.4,480639.8268,0
1731489300000,1.29,1.291,1.281,1.285,931450.8,1731490199999,1198020.9349,6176,426177.6,548264.0705,0
1731490200000,1.285,1.289,1.273,1.288,926752.3,1731491099999,1186215.3088,6189,475316.1,608731.8272,0
1731491100000,1.288,1.296,1.285,1.288,761259.8,1731491999999,982281.4638,5873,389064.6,502001.479,0
1731492000000,1.288,1.29,1.277,1.281,970072.4,1731492899999,1244882.5836,5516,526884.7,676252.9706,0
1731492900000,1.281,1.291,1.278,1.289,630170.6,1731493799999,809554.5596,3831,266421.7,342371.369,0
1731493800000,1.288,1.306,1.288,1.295,1517791.8,1731494699999,1969214.6532,7611,765707.7,994079.3975,0
1731494700000,1.295,1.32,1.292,1.318,1451020.0,1731495599999,1897604.6347,8034,948346.5,1241013.9513,0
1731495600000,1.318,1.329,1.316,1.327,1242133.6,1731496499999,1642563.4077,9065,728679.6,963713.2674,0
1731496500000,1.328,1.339,1.32,1.325,1313417.6,1731497399999,1747070.1825,10272,602356.9,801417.0815,0
1731497400000,1.325,1.333,1.321,1.324,1144624.5,1731498299999,1517644.3497,6507,628506.8,833680.9253,0
1731498300000,1.324,1.338,1.323,1.325,1098014.3,1731499199999,1461036.6141,6187,465252.4,619897.1669,0
1731499200000,1.326,1.333,1.319,1.331,847865.8,1731500099999,1123404.6845,6185,373753.0,495525.1104,0
1731500100000,1.332,1.333,1.31,1.31,788074.5,1731500999999,1040425.4499,4827,214216.4,283145.6912,0
1731501000000,1.311,1.328,1.302,1.318,1103322.5,1731501899999,1450611.9018,7278,471681.7,620645.2262,0
1731501900000,1.319,1.329,1.313,1.314,745601.1,1731502799999,985919.7258,5436,272443.0,360262.3066,0
1731502800000,1.314,1.321,1.31,1.311,828188.0,1731503699999,1089039.638,5286,372742.4,490268.4503,0
1731503700000,1.312,1.33,1.31,1.326,1384844.5,1731504599999,1831526.3318,8658,670287.0,886633.4694,0
1731504600000,1.326,1.343,1.311,1.341,2482635.3,1731505499999,3293908.8352,15362,1138153.8,1510834.3071,0
1731505500000,1.341,1.349,1.321,1.331,2799377.8,1731506399999,3743576.6537,15549,1544571.2,2066919.8052,0
1731506400000,1.331,1.347,1.314,1.339,2906032.2,1731507299999,3880249.5854,19143,1268488.1,1693866.6426,0
1731507300000,1.339,1.347,1.331,1.342,2354584.7,1731508199999,3154531.9816,14418,1388885.5,1861285.3062,0
1731508200000,1.341,1.382,1.34,1.374,4263793.2,1731509099999,5819395.1742,27905,2423441.4,3309408.0541,0
1731509100000,1.375,1.387,1.357,1.379,2649849.1,1731509999999,3646242.7006,20929,1325463.0,1824805.8854,0
1731510000000,1.379,1.379,1.331,1.355,3382182.9,1731510899999,4563618.0263,23787,1562159.5,2108071.6718,0
1731510900000,1.354,1.36,1.346,1.354,1490445.0,1731511799999,2018203.868,11006,660225.1,894308.358,0
1731511800000,1.353,1.354,1.332,1.341,1648995.1,1731512699999,2212236.0342,10368,742557.3,996083.1875,0
1731512700000,1.342,1.355,1.341,1.355,1312103.2,1731513599999,1767028.4157,9466,733097.7,987635.4068,0
1731513600000,1.355,1.356,1.321,1.345,2502752.2,1731514499999,3361245.818,13986,853466.2,1147315.2659,0
1731514500000,1.344,1.345,1.308,1.322,3745776.8,1731515399999,4949058.0689,22370,1502780.3,1987327.1056,0
1731515400000,1.322,1.326,1.281,1.287,6011650.9,1731516299999,7804511.5733,31903,2117813.1,2747236.675,0
1731516300000,1.287,1.301,1.282,1.285,3634899.7,1731517199999,4690256.1629,20406,1673009.5,2159728.3304,0
1731517200000,1.286,1.317,1.272,1.279,8955532.7,1731518099999,11588333.9579,29986,2996955.8,3882773.2932,0
1731518100000,1.279,1.284,1.266,1.278,3177239.5,1731518999999,4056758.7261,17337,1585535.6,2025624.0267,0
1731519000000,1.278,1.285,1.274,1.279,2037883.6,1731519899999,2606217.6647,9568,1021616.7,1306918.7389,0
1731519900000,1.279,1.292,1.278,1.288,994955.8,1731520799999,1279151.2282,5680,501411.1,644782.9434,0
1731520800000,1.289,1.297,1.283,1.291,1318538.7,1731521699999,1700527.6383,7055,583886.5,753330.0515,0
1731521700000,1.292,1.296,1.286,1.29,1212274.7,1731522599999,1563546.7653,6066,619772.1,799487.2915,0
1731522600000,1.29,1.292,1.268,1.277,2252164.3,1731523499999,2880357.2544,10722,937721.8,1200473.7604,0
1731523500000,1.277,1.288,1.272,1.281,2005632.2,1731524399999,2570952.051,9949,927058.2,1189068.8823,0
1731524400000,1.281,1.287,1.258,1.26,4030998.8,1731525299999,5118466.5405,23259,1743632.1,2214225.0353,0
1731525300000,1.259,1.266,1.228,1.25,5443688.6,1731526199999,6779841.0835,30936,2419867.8,3017135.2289,0
1731526200000,1.25,1.25,1.229,1.247,3043961.6,1731527099999,3771312.2849,21489,1513265.6,1874634.784,0
1731527100000,1.246,1.251,1.229,1.233,2288102.7,1731527999999,2838218.2392,15138,1052421.6,1305952.2622,0
1731528000000,1.232,1.251,1.207,1.248,4079381.1,1731528899999,5003240.5046,28506,2094238.1,2570651.7584,0
1731528900000,1.249,1.251,1.236,1.242,1485793.3,1731529799999,1846203.5201,10775,779221.7,968373.2254,0
1731529800000,1.242,1.265,1.239,1.265,1654518.4,1731530699999,2076912.9691,9550,889704.3,1117747.4309,0
1731530700000,1.264,1.27,1.252,1.255,1229059.1,1731531599999,1551130.9136,8135,620375.0,783310.1031,0
1731531600000,1.255,1.258,1.227,1.245,2083440.4,1731532499999,2583194.653,16197,1123849.1,1393608.7226,0
1731532500000,1.244,1.259,1.227,1.254,1914853.7,1731533399999,2379033.2556,16203,1102330.7,1370395.8971,0
1731533400000,1.254,1.268,1.251,1.266,819980.0,1731534299999,1032058.2001,7256,436551.9,549503.615,0
1731534300000,1.266,1.268,1.254,1.256,848402.8,1731535199999,1069579.1474,6458,394335.2,497212.4002,0
1731535200000,1.256,1.27,1.25,1.266,727139.6,1731536099999,916827.4112,6717,366791.6,462738.7859,0
1731536100000,1.267,1.274,1.264,1.268,528209.5,1731536999999,670387.8982,3204,320051.5,406215.8408,0
1731537000000,1.269,1.277,1.264,1.266,343161.2,1731537899999,435802.9571,2668,185864.8,236255.5874,0
1731537900000,1.267,1.273,1.264,1.273,411039.6,1731538799999,521644.4283,2211,281668.9,357571.4679,0
1731538800000,1.273,1.273,1.26,1.265,507093.7,1731539699999,641283.4667,3422,217131.4,274599.7755,0
1731539700000,1.265,1.277,1.264,1.276,611864.0,1731540599999,778517.5361,3868,353516.8,449892.567,0
1731540600000,1.275,1.278,1.27,1.272,686547.9,1731541499999,874765.6674,4211,410985.4,523765.9002,0
1731541500000,1.271,1.273,1.263,1.267,694341.0,1731542399999,879858.7671,3790,332947.8,422003.6927,0
1731542400000,1.267,1.267,1.253,1.256,906544.9,1731543299999,1141454.3739,6822,382284.1,481489.6703,0
1731543300000,1.255,1.265,1.251,1.261,1029685.5,1731544199999,1295431.5526,6717,509577.3,641328.1241,0
1731544200000,1.262,1.268,1.247,1.247,717934.1,1731545099999,902191.4058,5506,269689.8,339167.2415,0
1731545100000,1.246,1.249,1.241,1.243,664917.0,1731545999999,828146.7719,5523,290902.2,362424.1621,0
1731546000000,1.242,1.264,1.241,1.252,874355.7,1731546899999,1096206.6656,7769,494384.3,619841.4788,0
1731546900000,1.253,1.253,1.235,1.241,767811.2,1731547799999,954653.0984,6582,348781.8,433567.4752,0
1731547800000,1.24,1.251,1.236,1.248,568834.9,1731548699999,707657.0746,5635,267360.7,332624.2343,0
1731548700000,1.247,1.254,1.245,1.251,779223.3,1731549599999,974150.716,5898,370717.6,463549.0091,0
1731549600000,1.251,1.262,1.25,1.256,1124237.8,1731550499999,1411050.6534,7585,511246.5,641849.4038,0
1731550500000,1.256,1.264,1.251,1.253,666106.6,1731551399999,837350.6384,5274,328194.9,412843.3025,0
1731551400000,1.254,1.262,1.247,1.257,650713.9,1731552299999,816752.1118,6853,325226.3,408332.8695,0
1731552300000,1.257,1.269,1.257,1.264,590706.7,1731553199999,747076.4694,4691,392180.0,496060.7058,0
1731553200000,1.264,1.269,1.251,1.253,574881.9,1731554099999,724700.3412,4702,290275.6,366338.5627,0
1731554100000,1.254,1.269,1.246,1.267,810790.8,1731554999999,1019383.7777,4648,386026.3,486359.3904,0
1731555000000,1.268,1.271,1.262,1.269,698664.3,1731555899999,885188.7101,4115,515597.3,653326.8861,0
1731555900000,1.269,1.292,1.268,1.291,1163530.3,1731556799999,1491507.5959,7839,792557.2,1015490.5973,0
1731556800000,1.291,1.292,1.277,1.283,878840.1,1731557699999,1127791.3527,7580,417052.0,535404.8815,0
1731557700000,1.284,1.301,1.283,1.289,807907.5,1731558599999,1046529.399,6117,458716.8,594320.2859,0
1731558600000,1.29,1.307,1.286,1.306,1137703.4,1731559499999,1478236.4981,7886,570823.2,741464.8913,0
1731559500000,1.305,1.308,1.297,1.303,601264.4,1731560399999,782780.8619,5162,296903.6,386828.2338,0
1731560400000,1.303,1.308,1.297,1.299,741892.1,1731561299999,965897.3542,4674,362331.5,471769.8743,0
1731561300000,1.299,1.317,1.297,1.31,651164.7,1731562199999,851862.0811,4718,340918.6,446528.9026,0
1731562200000,1.31,1.318,1.308,1.313,659714.5,1731563099999,866211.289,4223,374788.8,492252.4295,0
1731563100000,1.313,1.329,1.31,1.327,776169.2,1731563999999,1026620.5191,5880,528854.8,699825.12,0
1731564000000,1.327,1.37,1.325,1.353,2654178.1,1731564899999,3582081.7939,14046,1428393.8,1925849.9652,0
1731564900000,1.352,1.367,1.352,1.363,1369447.0,1731565799999,1861937.182,9564,767036.7,1042904.4175,0
1731565800000,1.362,1.364,1.333,1.337,1460033.4,1731566699999,1962295.9837,9245,555360.8,745985.529,0
1731566700000,1.337,1.339,1.309,1.31,964489.8,1731567599999,1277059.7499,7258,332606.9,440242.256,0
1731567600000,1.309,1.318,1.3,1.311,1510663.2,1731568499999,1976686.1472,13973,672654.0,880688.7571,0
1731568500000,1.311,1.319,1.303,1.318,925242.9,1731569399999,1212502.946,8472,415935.6,545370.7117,0
1731569400000,1.318,1.322,1.309,1.32,701328.5,1731570299999,922238.5556,7256,375250.3,493437.8011,0
1731570300000,1.32,1.324,1.313,1.314,944188.1,1731571199999,1244433.5179,5322,305925.2,403467.7896,0
1731571200000,1.313,1.323,1.307,1.315,613842.0,1731572099999,807426.9885,5744,345031.1,453876.5483,0
1731572100000,1.314,1.318,1.302,1.311,753272.3,1731572999999,985841.6283,6169,381066.6,498800.9516,0
1731573000000,1.311,1.311,1.3,1.303,699549.6,1731573899999,912451.4096,5577,343337.3,447841.2118,0
1731573900000,1.303,1.307,1.294,1.297,890267.8,1731574799999,1156163.0705,6946,339793.3,441527.6087,0
1731574800000,1.297,1.31,1.297,1.303,829053.0,1731575699999,1081330.0624,5656,378973.4,494340.028,0
1731575700000,1.303,1.31,1.293,1.307,474861.0,1731576599999,618497.6082,4574,230374.8,300013.9139,0
1731576600000,1.308,1.309,1.287,1.299,701524.6,1731577499999,908068.1297,6334,308468.8,399635.8812,0
1731577500000,1.298,1.311,1.295,1.308,581325.8,1731578399999,757153.9389,5897,344139.0,448314.7239,0
1731578400000,1.308,1.309,1.301,1.302,562568.0,1731579299999,734137.3417,5149,282980.1,369432.7704,0
1731579300000,1.303,1.314,1.297,1.304,1272530.8,1731580199999,1661174.2424,5738,680434.5,889426.7885,0
1731580200000,1.304,1.308,1.285,1.292,614275.0,1731581099999,795061.0532,6841,266964.2,345398.4292,0
1731581100000,1.292,1.299,1.281,1.283,652278.9,1731581999999,841034.4238,6236,339064.8,437686.9428,0
1731582000000,1.284,1.288,1.259,1.272,1391218.2,1731582899999,1766418.1774,13995,601578.9,764178.7964,0
1731582900000,1.271,1.297,1.261,1.287,1075033.3,1731583799999,1375352.9049,8366,670781.2,858412.2291,0
1731583800000,1.287,1.287,1.268,1.275,413684.4,1731584699999,527167.9634,4867,221236.4,281881.2702,0
1731584700000,1.274,1.292,1.272,1.291,561532.4,1731585599999,721812.8749,5764,342532.1,440394.4069,0
1731585600000,1.291,1.291,1.276,1.286,602956.2,1731586499999,772740.8139,5383,299167.9,383591.2221,0
1731586500000,1.286,1.307,1.281,1.296,841763.4,1731587399999,1088956.8998,6680,511047.4,661286.3342,0
1731587400000,1.296,1.302,1.291,1.295,681035.1,1731588299999,882958.6275,6275,456338.6,591666.4101,0
1731588300000,1.296,1.303,1.294,1.3,666766.9,1731589199999,866592.9598,5512,447411.3,581570.7916,0
1731589200000,1.3,1.306,1.294,1.298,609643.6,1731590099999,793088.9537,4196,337527.6,439214.3947,0
1731590100000,1.298,1.298,1.286,1.288,506648.2,1731590999999,653842.5322,3195,190712.9,246244.4066,0
1731591000000,1.288,1.293,1.275,1.28,1698292.9,1731591899999,2175334.1852,7592,702976.7,900321.407,0
1731591900000,1.28,1.282,1.262,1.266,743414.5,1731592799999,945570.7226,6420,304205.9,387114.9789,0
1731592800000,1.266,1.298,1.263,1.285,1059293.2,1731593699999,1357641.1793,7320,627607.5,805023.4219,0
1731593700000,1.285,1.285,1.274,1.282,567298.0,1731594599999,725291.3049,4794,260672.9,333267.4911,0
1731594600000,1.282,1.292,1.244,1.254,2396979.0,1731595499999,3028272.028,16572,917690.2,1160857.1424,0
1731595500000,1.254,1.262,1.24,1.247,1682593.7,1731596399999,2105577.7896,15391,905604.4,1133782.4848,0
1731596400000,1.247,1.264,1.232,1.26,1239937.2,1731597299999,1550351.9939,11832,608173.2,761133.0346,0
1731597300000,1.259,1.261,1.228,1.248,1331389.9,1731598199999,1651447.3783,10026,550770.0,683839.0356,0
1731598200000,1.247,1.25,1.235,1.244,906796.7,1731599099999,1126229.3886,9018,478547.5,594508.0476,0
1731599100000,1.244,1.264,1.24,1.256,1182555.8,1731599999999,1482720.7833,8817,646447.0,810906.0366,0
1731600000000,1.255,1.26,1.242,1.259,797656.5,1731600899999,998751.0144,8667,442668.6,554624.7722,0
1731600900000,1.259,1.275,1.257,1.273,893585.2,1731601799999,1130703.8278,5823,585617.8,741263.88,0
1731601800000,1.272,1.297,1.271,1.294,1316691.8,1731602699999,1693427.9771,8362,831818.6,1069402.414,0
1731602700000,1.293,1.332,1.289,1.311,2951155.0,1731603599999,3876901.4314,16428,1456336.9,1911872.7167,0
1731603600000,1.312,1.316,1.296,1.3,924447.6,1731604499999,1205618.3416,6716,432851.6,564534.6238,0
1731604500000,1.3,1.314,1.292,1.293,1136104.9,1731605399999,1480705.3071,5759,376263.9,491118.3638,0
1731605400000,1.293,1.3,1.292,1.294,353994.3,1731606299999,458906.6502,3283,172895.1,224137.8365,0
1731606300000,1.294,1.313,1.292,1.298,854850.7,1731607199999,1113604.9561,5009,477148.6,622113.2626,0
1731607200000,1.297,1.306,1.293,1.299,468859.8,1731608099999,609811.8467,3719,262640.2,341728.7921,0
1731608100000,1.298,1.3,1.283,1.286,914988.3,1731608999999,1180377.2616,4733,291734.9,376185.7108,0
1731609000000,1.286,1.294,1.275,1.276,427980.7,1731609899999,549457.6127,3591,225805.3,290209.504,0
1731609900000,1.275,1.283,1.274,1.282,248423.2,1731610799999,317338.2152,2916,137776.6,176091.4651,0
1731610800000,1.281,1.288,1.278,1.282,233511.0,1731611699999,299393.2817,2549,123604.9,158535.8471,0
1731611700000,1.282,1.288,1.276,1.288,472043.0,1731612599999,605499.3073,3066,284727.0,365327.2476,0
1731612600000,1.288,1.288,1.274,1.279,375694.3,1731613499999,481549.6866,2727,167237.9,214347.8855,0
1731613500000,1.28,1.287,1.274,1.283,357197.8,1731614399999,457235.5494,2594,217082.0,277825.9306,0
1731614400000,1.282,1.282,1.262,1.265,867765.7,1731615299999,1102002.9227,7359,345053.6,438594.6226,0
1731615300000,1.265,1.275,1.261,1.27,901337.8,1731616199999,1142464.3558,4961,407702.9,516551.2762,0
1731616200000,1.27,1.273,1.257,1.264,593519.5,1731617099999,750610.8728,4269,245800.8,310842.241,0
1731617100000,1.265,1.268,1.26,1.264,353248.0,1731617999999,446135.4443,3117,167723.1,211910.2498,0
1731618000000,1.263,1.269,1.257,1.263,468910.0,1731618899999,592110.2577,3940,257989.9,325992.1007,0
1731618900000,1.263,1.283,1.263,1.279,491952.9,1731619799999,626277.8982,3222,344881.0,439109.6225,0
1731619800000,1.279,1.284,1.267,1.277,281200.2,1731620699999,359098.4703,2790,141577.9,180936.8656,0
1731620700000,1.276,1.283,1.274,1.283,445483.9,1731621599999,569748.7104,3187,230993.3,295558.5439,0
1731621600000,1.283,1.284,1.264,1.271,437170.7,1731622499999,557279.849,2682,166577.9,212425.5565,0
1731622500000,1.271,1.276,1.26,1.26,400498.7,1731623399999,507982.707,2795,156335.1,198363.2609,0
1731623400000,1.26,1.263,1.244,1.257,716601.7,1731624299999,898140.9108,4113,315849.8,396343.5047,0
1731624300000,1.258,1.266,1.248,1.25,294634.9,1731625199999,370525.7099,2628,124284.4,156428.3162,0
1731625200000,1.25,1.253,1.225,1.227,1091329.6,1731626099999,1350557.405,7570,382330.5,473195.7603,0
1731626100000,1.228,1.247,1.226,1.237,1083852.0,1731626999999,1337451.8311,8818,516489.4,638275.367,0
1731627000000,1.237,1.238,1.212,1.228,1316849.0,1731627899999,1608801.6287,12186,550727.7,673048.782,0
1731627900000,1.228,1.234,1.221,1.23,569434.6,1731628799999,698985.6254,6341,311546.1,382488.9535,0
1731628800000,1.231,1.245,1.223,1.241,1272867.4,1731629699999,1572972.0258,7596,665155.1,823009.8396,0
1731629700000,1.242,1.247,1.237,1.244,418904.2,1731630599999,519986.0498,3324,141609.2,175915.057,0
1731630600000,1.243,1.257,1.243,1.244,411820.1,1731631499999,515302.8832,3395,241730.2,302631.0908,0
1731631500000,1.244,1.248,1.227,1.23,344569.3,1731632399999,425790.8583,3816,157146.2,194297.4297,0
1731632400000,1.23,1.24,1.219,1.219,702019.1,1731633299999,862532.4256,6055,346140.7,425500.8317,0
1731633300000,1.219,1.227,1.209,1.216,969196.8,1731634199999,1179978.1465,7831,453964.0,553002.25,0
1731634200000,1.215,1.236,1.214,1.234,595796.5,1731635099999,731637.3903,5693,345757.5,424567.544,0
1731635100000,1.234,1.24,1.228,1.234,573344.9,1731635999999,708094.645,3523,367636.9,454342.3317,0
1731636000000,1.235,1.237,1.226,1.229,402028.2,1731636899999,495286.3873,3447,213438.4,263008.6042,0
1731636900000,1.229,1.234,1.214,1.226,437587.5,1731637799999,534296.9344,3238,114677.4,140333.5285,0
1731637800000,1.227,1.238,1.226,1.238,281701.3,1731638699999,347515.734,2366,138992.2,171500.3007,0
1731638700000,1.237,1.242,1.235,1.238,447523.3,1731639599999,554570.4064,2062,282231.8,349843.0388,0
1731639600000,1.238,1.239,1.221,1.23,440294.8,1731640499999,542239.059,2868,235127.6,289533.0911,0
1731640500000,1.231,1.234,1.226,1.23,252043.2,1731641399999,309818.5456,1535,175335.3,215520.5483,0
1731641400000,1.23,1.235,1.228,1.231,136472.6,1731642299999,168033.9377,1526,67690.7,83366.5182,0
1731642300000,1.232,1.232,1.226,1.228,176954.4,1731643199999,217502.6908,1258,66477.6,81737.6837,0
1731643200000,1.229,1.229,1.216,1.217,383823.5,1731644099999,469265.1774,2627,181017.7,221436.007,0
1731644100000,1.218,1.22,1.21,1.217,727436.8,1731644999999,883863.8152,3201,407070.7,494861.5749,0
1731645000000,1.217,1.217,1.194,1.203,1403743.9,1731645899999,1689129.0638,6978,545991.1,658536.5752,0
1731645900000,1.202,1.204,1.19,1.2,518721.7,1731646799999,619814.3576,3934,262332.0,313545.1512,0
1731646800000,1.2,1.217,1.198,1.208,770256.5,1731647699999,930824.5349,5667,429127.3,518771.643,0
1731647700000,1.207,1.216,1.196,1.216,453999.1,1731648599999,547302.9905,3621,265729.6,320431.2509,0
1731648600000,1.216,1.221,1.214,1.215,313824.1,1731649499999,381872.4798,2608,177681.5,216219.6438,0
1731649500000,1.215,1.222,1.211,1.221,295474.6,1731650399999,359627.211,2382,156517.7,190497.1809,0
1731650400000,1.22,1.242,1.22,1.235,449888.4,1731651299999,555219.8483,3288,251381.9,310315.898,0
1731651300000,1.236,1.245,1.235,1.241,398450.4,1731652199999,494787.0894,1964,196210.6,243763.1338,0
1731652200000,1.241,1.242,1.232,1.236,406290.9,1731653099999,502388.7293,2576,163426.9,202136.9524,0
1731653100000,1.236,1.243,1.223,1.235,1830150.4,1731653999999,2253116.9079,3864,610728.1,751276.1659,0
1731654000000,1.235,1.239,1.228,1.233,456142.7,1731654899999,562565.1518,2503,145718.7,180009.2258,0
1731654900000,1.232,1.244,1.232,1.238,346869.2,1731655799999,429374.2533,2191,187027.8,231431.9188,0
1731655800000,1.238,1.239,1.228,1.234,273095.3,1731656699999,336866.2398,2124,99899.0,123196.279,0
1731656700000,1.234,1.234,1.226,1.227,168237.2,1731657599999,206996.0175,1380,70399.7,86675.3237,0
1731657600000,1.227,1.228,1.212,1.221,362112.6,1731658499999,441640.2379,2748,120249.3,146706.8873,0
1731658500000,1.221,1.233,1.219,1.23,455609.4,1731659399999,559352.2962,2907,217180.5,266921.5046,0
1731659400000,1.231,1.24,1.23,1.239,302812.4,1731660299999,374302.6337,2323,166843.9,206236.1781,0
1731660300000,1.239,1.245,1.237,1.243,396516.5,1731661199999,492223.229,2082,257735.3,320018.179,0
1731661200000,1.244,1.263,1.242,1.258,653190.3,1731662099999,818679.6669,4817,415605.4,520843.1533,0
1731662100000,1.258,1.266,1.254,1.262,685147.7,1731662999999,863567.9378,4776,425378.5,536222.1418,0
1731663000000,1.262,1.266,1.252,1.254,591809.9,1731663899999,744747.5573,4451,331748.8,417703.0721,0
1731663900000,1.254,1.258,1.25,1.256,313304.7,1731664799999,392765.502,2343,171819.1,215463.7235,0
1731664800000,1.255,1.255,1.247,1.25,321809.3,1731665699999,402403.5807,2949,142548.3,178313.0028,0
1731665700000,1.251,1.257,1.249,1.255,350015.4,1731666599999,438424.3378,2785,156373.6,195977.396,0
1731666600000,1.255,1.256,1.247,1.249,377168.6,1731667499999,472187.6212,2288,243516.7,304909.1784,0
1731667500000,1.249,1.257,1.249,1.254,265187.6,1731668399999,332458.1053,2345,186135.8,233374.2459,0
1731668400000,1.255,1.264,1.254,1.255,433183.4,1731669299999,544980.8085,3202,271598.3,341848.0546,0
1731669300000,1.256,1.258,1.252,1.257,277718.4,1731670199999,348366.3529,2472,156397.2,196247.8515,0
1731670200000,1.257,1.266,1.256,1.261,281482.5,1731671099999,355097.0487,2212,170611.8,215189.5394,0
1731671100000,1.261,1.265,1.257,1.263,384627.9,1731671999999,484779.7469,2522,295022.7,371818.4417,0
1731672000000,1.263,1.274,1.255,1.273,459976.2,1731672899999,581892.2025,3703,310131.8,392501.7763,0
1731672900000,1.273,1.274,1.253,1.255,829526.4,1731673799999,1046010.5759,5432,272827.9,344206.7397,0
1731673800000,1.255,1.255,1.246,1.253,599003.7,1731674699999,749201.6574,3661,215066.2,269122.1792,0
1731674700000,1.253,1.254,1.242,1.247,646934.1,1731675599999,807271.1591,4293,276668.5,345376.6206,0
1731675600000,1.247,1.259,1.243,1.257,388466.4,1731676499999,485968.1054,3097,252478.8,315838.2599,0
1731676500000,1.258,1.259,1.24,1.247,662346.0,1731677399999,827523.1061,4333,240430.4,300660.0579,0
1731677400000,1.247,1.253,1.241,1.253,469035.3,1731678299999,585320.1014,3907,264188.9,329863.6291,0
1731678300000,1.253,1.261,1.25,1.253,740286.6,1731679199999,929759.8234,4528,472957.8,594000.5961,0
1731679200000,1.253,1.256,1.24,1.246,716825.4,1731680099999,894141.8829,5317,339801.4,424235.9777,0
1731680100000,1.246,1.248,1.236,1.238,571738.4,1731680999999,710244.9868,3503,194861.0,242194.3293,0
1731681000000,1.238,1.243,1.224,1.238,822804.1,1731681899999,1014429.1296,6674,355466.6,438435.5281,0
1731681900000,1.239,1.246,1.231,1.234,793878.9,1731682799999,983402.5438,5728,401464.1,497476.4188,0
1731682800000,1.234,1.234,1.214,1.224,962511.4,1731683699999,1177159.3519,6622,422430.9,516444.3454,0
1731683700000,1.224,1.226,1.214,1.224,560832.9,1731684599999,684333.7937,5339,257602.3,314535.9048,0
1731684600000,1.225,1.226,1.21,1.218,677009.1,1731685499999,825278.4897,5163,251558.9,306849.881,0
1731685500000,1.218,1.226,1.216,1.222,411109.5,1731686399999,501919.6788,3484,251278.5,306783.4135,0
1731686400000,1.222,1.231,1.216,1.23,810363.1,1731687299999,991201.2995,5806,437083.0,535125.08,0
1731687300000,1.229,1.235,1.223,1.235,543450.7,1731688199999,668189.1111,3975,306693.1,377362.9637,0
1731688200000,1.235,1.236,1.208,1.211,950593.1,1731689099999,1162229.08,5738,289836.9,354361.0418,0
1731689100000,1.211,1.226,1.208,1.224,445319.8,1731689999999,542892.7123,3432,256342.9,312357.0947,0
1731690000000,1.225,1.235,1.222,1.231,394514.5,1731690899999,485093.4976,2592,144952.2,178268.5447,0
1731690900000,1.232,1.239,1.228,1.231,463389.7,1731691799999,571957.206,2527,199041.6,245737.3962,0
1731691800000,1.232,1.245,1.229,1.245,410377.9,1731692699999,507052.7329,2993,244628.0,302479.4343,0
1731692700000,1.244,1.248,1.234,1.24,577059.7,1731693599999,716257.7375,3434,331397.4,411300.1188,0
1731693600000,1.239,1.248,1.235,1.243,332429.3,1731694499999,412887.1558,2585,156837.1,194821.432,0
1731694500000,1.242,1.243,1.231,1.24,422613.3,1731695399999,523177.343,3781,208280.8,257880.918,0
1731695400000,1.24,1.245,1.236,1.241,484334.3,1731696299999,600753.1977,3504,215349.8,267097.3285,0
1731696300000,1.241,1.243,1.233,1.238,560851.2,1731697199999,694696.7473,2887,349492.1,433210.0052,0
1731697200000,1.237,1.243,1.235,1.24,336552.5,1731698099999,417063.9929,2496,175074.6,217012.7233,0
1731698100000,1.24,1.246,1.234,1.245,464348.2,1731698999999,575551.8022,2551,306068.5,379442.4296,0
1731699000000,1.244,1.255,1.242,1.252,375990.6,1731699899999,469377.8202,2846,187091.9,233650.3728,0
1731699900000,1.253,1.257,1.242,1.247,434468.6,1731700799999,543177.5788,3147,232685.9,290953.1526,0
1731700800000,1.247,1.259,1.246,1.258,832801.4,1731701699999,1041448.0864,3855,398963.5,498814.6796,0
1731701700000,1.257,1.263,1.254,1.26,679762.0,1731702599999,855924.9553,3958,282100.4,355379.941,0
1731702600000,1.261,1.264,1.254,1.258,691645.1,1731703499999,870488.5518,2676,193861.7,244155.9272,0
1731703500000,1.259,1.268,1.258,1.266,495419.0,1731704399999,625848.7627,2790,247329.4,312551.8963,0
1731704400000,1.267,1.269,1.262,1.268,362121.6,1731705299999,458255.8873,2450,141905.5,179627.0962,0
1731705300000,1.267,1.278,1.266,1.271,604790.4,1731706199999,769777.4562,4012,349999.0,445563.7007,0
1731706200000,1.271,1.281,1.269,1.278,608226.6,1731707099999,775235.0447,3659,343204.6,437864.8018,0
1731707100000,1.278,1.284,1.275,1.28,619755.7,1731707999999,792789.1292,3561,251717.8,322206.6934,0
1731708000000,1.279,1.286,1.277,1.284,714570.1,1731708899999,916442.4432,3770,394251.1,505795.8203,0
1731708900000,1.284,1.289,1.278,1.288,372531.4,1731709799999,478290.3578,2839,229221.0,294453.7292,0
1731709800000,1.287,1.297,1.286,1.294,510253.3,1731710699999,660284.0301,3167,309728.9,400939.0198,0
1731710700000,1.295,1.295,1.283,1.289,554651.8,1731711599999,714351.4753,3308,240679.8,310021.1603,0
1731711600000,1.289,1.295,1.286,1.29,466031.3,1731712499999,601325.6574,3031,218225.7,281730.3568,0
1731712500000,1.291,1.298,1.287,1.291,445913.7,1731713399999,576618.1158,2589,211642.8,273775.128,0
1731713400000,1.29,1.291,1.28,1.283,434961.0,1731714299999,558481.9152,2929,160776.4,206480.6043,0
1731714300000,1.283,1.29,1.279,1.283,483860.5,1731715199999,621830.008,2883,196777.5,252974.8351,0
1731715200000,1.283,1.286,1.272,1.279,764137.1,1731716099999,977073.3601,4910,358792.0,459223.8174,0
1731716100000,1.279,1.29,1.278,1.28,382009.5,1731716999999,490539.5973,2530,182501.2,234399.9447,0
1731717000000,1.28,1.289,1.279,1.281,298841.4,1731717899999,383840.3568,2027,183400.3,235644.7434,0
1731717900000,1.281,1.289,1.277,1.284,226014.4,1731718799999,290480.455,1828,115413.1,148392.8913,0
1731718800000,1.285,1.29,1.284,1.29,302639.6,1731719699999,389863.0965,1449,133615.2,172145.9788,0
1731719700000,1.29,1.291,1.285,1.288,392196.9,1731720599999,504839.1693,1590,243868.3,313942.6124,0
1731720600000,1.289,1.29,1.285,1.29,418746.8,1731721499999,539177.5936,1914,195875.9,252332.6196,0
1731721500000,1.289,1.293,1.283,1.29,328793.2,1731722399999,423946.3764,1632,204736.4,264103.0184,0
1731722400000,1.291,1.294,1.288,1.291,190173.5,1731723299999,245394.2774,1031,93544.9,120758.5415,0
1731723300000,1.291,1.297,1.289,1.296,361755.8,1731724199999,468247.7032,2021,252472.0,326874.2659,0
1731724200000,1.296,1.302,1.29,1.29,535479.2,1731725099999,694510.2469,2455,291088.2,377942.5892,0
1731725100000,1.291,1.298,1.287,1.297,331484.7,1731725999999,428109.5946,1819,205134.0,264884.8527,0
1731726000000,1.296,1.305,1.295,1.302,387872.8,1731726899999,504384.2028,1611,285515.2,371349.7502,0
1731726900000,1.303,1.31,1.3,1.309,571706.8,1731727799999,747093.1414,2516,429955.9,562001.4624,0
1731727800000,1.31,1.319,1.304,1.314,572489.8,1731728699999,750675.9831,3528,347226.2,455432.3742,0
1731728700000,1.313,1.328,1.306,1.318,1645775.5,1731729599999,2168627.452,7674,910259.8,1201156.987,0
1731729600000,1.318,1.331,1.316,1.326,687565.2,1731730499999,910687.9677,4750,353863.1,468844.4553,0
1731730500000,1.326,1.328,1.316,1.319,443174.2,1731731399999,585560.0575,2855,200827.9,265437.6078,0
1731731400000,1.319,1.324,1.306,1.307,561460.3,1731732299999,737336.2119,3816,259317.7,340627.5503,0
1731732300000,1.306,1.313,1.304,1.307,372194.4,1731733199999,486675.1682,2133,185284.7,242279.3293,0
1731733200000,1.306,1.308,1.299,1.304,590275.2,1731734099999,769453.9409,2726,179310.5,233824.925,0
1731734100000,1.305,1.308,1.3,1.303,374313.0,1731734999999,487709.8264,1941,122990.7,160347.4795,0
1731735000000,1.302,1.305,1.29,1.293,618294.3,1731735899999,800355.8869,3229,318780.7,412690.1432,0
1731735900000,1.293,1.298,1.291,1.293,496561.5,1731736799999,642778.5381,2579,116423.2,150780.7272,0
1731736800000,1.293,1.294,1.275,1.279,993784.7,1731737699999,1276127.3698,4861,271496.8,349152.5178,0
1731737700000,1.279,1.288,1.279,1.287,358683.7,1731738599999,460643.4424,2325,188526.8,242146.396,0
1731738600000,1.287,1.287,1.272,1.277,509610.3,1731739499999,650323.7936,2724,205700.7,262605.7852,0
1731739500000,1.276,1.281,1.266,1.269,829943.8,1731740399999,1054946.1318,4083,349389.8,444051.6577,0
1731740400000,1.269,1.277,1.268,1.274,341931.4,1731741299999,434976.3666,2461,142854.5,181753.0744,0
1731741300000,1.275,1.28,1.274,1.277,507840.5,1731742199999,648683.9419,2190,276391.0,353094.0596,0
1731742200000,1.278,1.284,1.276,1.282,340704.5,1731743099999,435985.2261,2171,153421.4,196428.924,0
1731743100000,1.282,1.288,1.28,1.282,326748.7,1731743999999,419360.5024,1996,143379.7,184126.8099,0
1731744000000,1.282,1.294,1.281,1.286,555514.0,1731744899999,715598.5591,2986,368518.3,474973.2284,0
1731744900000,1.286,1.294,1.282,1.292,658559.0,1731745799999,848807.1415,3713,354660.9,457291.3425,0
1731745800000,1.293,1.309,1.292,1.296,1074161.2,1731746699999,1398270.069,6580,633354.2,824487.3464,0
1731746700000,1.297,1.306,1.294,1.306,367428.0,1731747599999,477919.6133,2271,213312.3,277535.4434,0
1731747600000,1.305,1.319,1.304,1.312,792510.3,1731748499999,1040605.3499,6286,426292.1,559874.3213,0
1731748500000,1.313,1.313,1.294,1.296,589779.2,1731749399999,768565.3767,3803,185553.9,241595.632,0
1731749400000,1.297,1.312,1.294,1.308,615812.3,1731750299999,801304.2734,4868,354779.6,461835.0192,0
1731750300000,1.309,1.309,1.289,1.292,650815.7,1731751199999,845170.4351,4627,342143.1,444640.3139,0
1731751200000,1.291,1.298,1.288,1.296,748702.3,1731752099999,968634.8836,5789,395119.3,511347.2242,0
1731752100000,1.296,1.307,1.291,1.302,524336.5,1731752999999,682260.4054,4921,334997.3,436025.6017,0
1731753000000,1.303,1.308,1.3,1.301,385843.1,1731753899999,503036.3505,2978,192698.5,251333.2888,0
1731753900000,1.302,1.307,1.301,1.307,382297.1,1731754799999,498267.143,2464,210113.5,273896.9207,0
1731754800000,1.307,1.314,1.302,1.313,554404.8,1731755699999,725823.633,3417,308840.8,404543.1494,0
1731755700000,1.314,1.315,1.3,1.314,769713.8,1731756599999,1007121.0144,4870,344560.1,450786.0597,0
1731756600000,1.315,1.317,1.305,1.308,794265.1,1731757499999,1041238.2694,4842,351847.6,461650.9671,0
1731757500000,1.308,1.325,1.303,1.322,972427.1,1731758399999,1282391.4177,4863,493247.8,650420.9083,0
1731758400000,1.321,1.33,1.295,1.296,2036544.5,1731759299999,2676916.7582,10237,922388.8,1214534.7398,0
1731759300000,1.296,1.309,1.289,1.303,1187284.1,1731760199999,1543635.3548,8185,520987.3,677891.9189,0
1731760200000,1.303,1.306,1.295,1.304,540080.2,1731761099999,702102.2663,3578,197370.1,256685.4424,0
1731761100000,1.305,1.31,1.304,1.307,654278.9,1731761999999,855264.5718,3651,335186.4,438285.0043,0
1731762000000,1.308,1.324,1.304,1.323,458953.0,1731762899999,603396.1444,3279,297923.3,391958.5996,0
1731762900000,1.324,1.326,1.318,1.319,486388.5,1731763799999,643185.8481,2645,240935.3,318723.7611,0
1731763800000,1.318,1.322,1.307,1.311,706351.0,1731764699999,928905.482,4050,346092.3,455061.5126,0
1731764700000,1.311,1.311,1.301,1.305,482583.0,1731765599999,630276.0572,4348,213204.3,278465.4733,0
1731765600000,1.304,1.311,1.301,1.301,403803.1,1731766499999,527477.2345,3376,180054.7,235319.5543,0
1731766500000,1.3,1.309,1.291,1.308,893196.6,1731767399999,1161574.4241,5059,460395.8,598798.0592,0
1731767400000,1.308,1.31,1.296,1.306,610249.7,1731768299999,795277.8114,4217,232846.0,303481.2286,0
1731768300000,1.307,1.312,1.299,1.301,609265.5,1731769199999,794722.067,4385,281183.7,367063.1303,0
1731769200000,1.302,1.306,1.28,1.282,1802404.8,1731770099999,2324412.1535,13939,867213.1,1118442.8026,0
1731770100000,1.281,1.288,1.28,1.28,1268036.8,1731770999999,1626376.6303,5567,419861.9,538953.3996,0
1731771000000,1.28,1.285,1.261,1.269,1878011.3,1731771899999,2394111.9028,9479,474127.6,604214.7977,0
1731771900000,1.269,1.27,1.252,1.268,1252887.6,1731772799999,1578967.1933,9279,593351.2,748511.3736,0
1731772800000,1.268,1.269,1.26,1.266,618650.4,1731773699999,782155.0946,4964,319393.1,403862.4036,0
1731773700000,1.267,1.282,1.266,1.281,721969.5,1731774599999,921393.5369,5538,409883.0,523038.4379,0
1731774600000,1.28,1.284,1.277,1.281,411656.8,1731775499999,527189.7056,3636,218310.3,279662.4799,0
1731775500000,1.281,1.288,1.271,1.286,377792.1,1731776399999,483515.7471,3926,220302.3,282090.3013,0
1731776400000,1.287,1.298,1.282,1.295,839130.0,1731777299999,1082926.1085,4539,554370.6,715382.8143,0
1731777300000,1.295,1.314,1.295,1.312,1002212.2,1731778199999,1305790.2445,4873,740522.1,964751.0145,0
1731778200000,1.311,1.315,1.303,1.312,1197554.1,1731779099999,1568295.9937,6908,603812.7,790227.281,0
1731779100000,1.312,1.314,1.309,1.314,442144.8,1731779999999,579799.8211,3557,203940.6,267553.7963,0
1731780000000,1.313,1.316,1.31,1.312,637264.2,1731780899999,836529.7318,3357,335514.0,440579.3255,0
1731780900000,1.313,1.32,1.312,1.318,517446.6,1731781799999,681473.4441,4506,290397.7,382524.5485,0
1731781800000,1.318,1.323,1.316,1.317,696461.9,1731782699999,919569.2778,5016,312925.3,413250.6626,0
1731782700000,1.316,1.322,1.315,1.316,499300.1,1731783599999,658526.9469,3857,293203.3,386888.671,0
1731783600000,1.317,1.317,1.307,1.315,539086.9,1731784499999,707251.7664,5420,254218.5,333624.7099,0
1731784500000,1.315,1.318,1.309,1.311,788603.3,1731785399999,1036293.2061,3592,282536.7,371470.1787,0
1731785400000,1.311,1.317,1.305,1.31,730027.4,1731786299999,956812.0621,5389,277993.8,364431.9045,0
1731786300000,1.31,1.312,1.304,1.304,359785.2,1731787199999,470240.6903,3244,160094.6,209332.0086,0
1731787200000,1.304,1.317,1.304,1.315,631672.2,1731788099999,829060.1721,6718,411420.7,539968.2198,0
1731788100000,1.314,1.316,1.294,1.296,654135.3,1731788999999,853158.0511,7056,278525.6,363390.2718,0
1731789000000,1.296,1.313,1.296,1.31,524651.6,1731789899999,684223.7134,5890,350046.5,456398.3425,0
1731789900000,1.31,1.314,1.297,1.302,657848.5,1731790799999,859673.7882,5676,345712.4,451284.1516,0
1731790800000,1.303,1.313,1.301,1.312,529543.8,1731791699999,691354.0862,6173,301817.7,394037.745,0
1731791700000,1.312,1.323,1.312,1.322,690623.3,1731792599999,910484.8197,6846,395905.9,522069.523,0
1731792600000,1.322,1.329,1.321,1.323,1215156.7,1731793499999,1610451.3299,7185,721609.8,956355.1149,0
1731793500000,1.324,1.339,1.315,1.339,924054.0,1731794399999,1226485.8791,6744,576055.5,765419.1665,0
1731794400000,1.339,1.347,1.33,1.332,1001485.3,1731795299999,1341862.7078,7086,613827.0,822762.756,0
1731795300000,1.332,1.342,1.329,1.333,869625.3,1731796199999,1159867.7132,3181,380338.6,507072.524,0
1731796200000,1.333,1.347,1.329,1.346,630651.6,1731797099999,843264.223,4878,387218.3,518084.5384,0
1731797100000,1.346,1.353,1.314,1.315,1276183.0,1731797999999,1701856.9648,9221,614075.8,822938.5762,0
1731798000000,1.315,1.333,1.31,1.326,669114.7,1731798899999,883938.3009,6176,346625.3,458181.0004,0
1731798900000,1.327,1.329,1.316,1.321,562604.0,1731799799999,744050.3843,4163,296527.5,392219.2907,0
1731799800000,1.32,1.331,1.317,1.319,374901.9,1731800699999,497068.9393,2496,221501.8,293859.2574,0
1731800700000,1.318,1.324,1.316,1.322,279829.4,1731801599999,369487.9887,2038,152516.3,201406.511,0
1731801600000,1.322,1.328,1.316,1.318,474735.0,1731802499999,627578.8002,3980,232197.1,307107.2447,0
1731802500000,1.319,1.332,1.319,1.326,771587.6,1731803399999,1023993.1369,4007,418793.5,555752.8536,0
1731803400000,1.327,1.327,1.313,1.316,444090.6,1731804299999,585694.3978,3766,198543.7,261887.2035,0
1731804300000,1.315,1.325,1.315,1.321,287214.7,1731805199999,379095.5955,2150,147470.1,194637.2055,0
1731805200000,1.32,1.321,1.311,1.314,369911.1,1731806099999,486670.7041,2316,118127.8,155382.8004,0
1731806100000,1.315,1.319,1.307,1.308,576486.1,1731806999999,757470.2828,3299,197413.6,259470.6504,0
1731807000000,1.309,1.309,1.283,1.284,1773191.6,1731807899999,2294203.1304,8133,496191.9,641573.8489,0
1731807900000,1.283,1.294,1.271,1.281,1131187.3,1731808799999,1449312.1512,7460,450564.9,577928.1465,0
1731808800000,1.28,1.286,1.244,1.245,2417464.5,1731809699999,3046315.7975,17286,1046547.9,1320062.0993,0
1731809700000,1.244,1.273,1.242,1.263,999194.8,1731810599999,1259853.2824,9783,531548.0,669866.8304,0
1731810600000,1.263,1.27,1.249,1.27,981790.0,1731811499999,1235319.2934,7343,399766.0,503377.995,0
1731811500000,1.269,1.278,1.263,1.276,546433.5,1731812399999,693741.4822,4145,235443.6,299156.939,0
1731812400000,1.276,1.28,1.262,1.263,507817.7,1731813299999,646896.3559,3503,186212.6,237258.3703,0
1731813300000,1.263,1.274,1.263,1.272,388245.3,1731814199999,492267.8289,3286,157826.3,200129.691,0
1731814200000,1.272,1.279,1.272,1.278,218343.6,1731815099999,278738.6742,2080,104850.0,133827.4578,0
1731815100000,1.277,1.296,1.274,1.295,386804.1,1731815999999,498024.0436,4157,172900.5,222696.7306,0
1731816000000,1.296,1.296,1.281,1.286,813131.5,1731816899999,1048360.5356,4615,269866.3,347709.033,0
1731816900000,1.286,1.307,1.285,1.307,511179.9,1731817799999,661836.5068,5080,211765.2,274422.0791,0
1731817800000,1.307,1.316,1.297,1.315,439039.7,1731818699999,574066.4661,4092,254947.0,333613.4028,0
1731818700000,1.316,1.317,1.304,1.31,647365.3,1731819599999,849121.908,4797,340967.7,447357.5143,0
1731819600000,1.309,1.318,1.305,1.309,332110.3,1731820499999,435453.2615,2992,169851.5,222830.7318,0
1731820500000,1.309,1.312,1.305,1.311,276859.3,1731821399999,362172.4454,2501,135612.2,177446.7221,0
1731821400000,1.311,1.313,1.3,1.306,509572.2,1731822299999,664757.8095,2612,208043.3,271362.3138,0
1731822300000,1.305,1.318,1.305,1.311,373881.1,1731823199999,491235.8284,2371,195334.5,256547.547,0
1731823200000,1.311,1.312,1.305,1.31,204941.3,1731824099999,268191.7371,1478,73151.3,95729.0532,0
1731824100000,1.31,1.317,1.309,1.314,402711.9,1731824999999,529268.0312,2154,242395.5,318571.8465,0
1731825000000,1.314,1.325,1.31,1.324,504685.1,1731825899999,664748.1307,2533,368295.8,485445.0036,0
1731825900000,1.324,1.327,1.317,1.319,579551.6,1731826799999,765901.1919,3018,307015.9,405655.6079,0
1731826800000,1.319,1.321,1.308,1.309,607454.5,1731827699999,798753.7733,3305,203408.0,267553.123,0
1731827700000,1.309,1.319,1.305,1.316,376374.4,1731828599999,493565.9366,2541,185114.4,242709.9238,0
1731828600000,1.315,1.321,1.314,1.321,342340.1,1731829499999,451355.8606,2231,169929.1,224053.6905,0
1731829500000,1.321,1.323,1.309,1.31,239165.1,1731830399999,314563.0338,1892,88774.5,116754.3563,0
1731830400000,1.309,1.314,1.299,1.312,497442.2,1731831299999,650038.2516,3666,200446.5,262195.3217,0
1731831300000,1.312,1.315,1.306,1.31,339559.2,1731832199999,444689.7079,2836,153783.9,201431.7393,0
1731832200000,1.31,1.319,1.307,1.311,431407.4,1731833099999,566302.9911,3543,254424.4,333973.2625,0
1731833100000,1.311,1.315,1.306,1.31,552301.3,1731833999999,724240.9223,3792,270011.1,354172.9816,0
1731834000000,1.31,1.32,1.309,1.316,405863.8,1731834899999,534168.3809,2478,225559.7,296912.2033,0
1731834900000,1.317,1.319,1.313,1.316,286278.4,1731835799999,376784.7761,2014,117907.5,155235.2144,0
1731835800000,1.315,1.317,1.302,1.303,511703.6,1731836699999,668997.2457,3168,180461.6,235921.995,0
1731836700000,1.304,1.307,1.299,1.305,486222.9,1731837599999,633701.5868,2929,194861.8,254050.2863,0
1731837600000,1.306,1.307,1.297,1.3,439666.5,1731838499999,571844.9955,2793,162955.6,212071.8126,0
1731838500000,1.299,1.308,1.298,1.305,340599.3,1731839399999,443432.2551,1808,201316.5,262170.7096,0
1731839400000,1.305,1.307,1.3,1.302,240466.8,1731840299999,313444.9144,1796,93780.0,122309.4517,0
1731840300000,1.302,1.306,1.293,1.298,572797.0,1731841199999,743859.4858,3364,222094.0,288594.1906,0
1731841200000,1.297,1.301,1.276,1.28,1129763.3,1731842099999,1453559.5381,6816,479292.0,616890.1594,0
1731842100000,1.28,1.292,1.275,1.29,595518.6,1731842999999,764270.9186,5193,317663.7,407749.7764,0
1731843000000,1.29,1.29,1.279,1.28,384527.7,1731843899999,493528.3506,3694,123048.4,158069.9537,0
1731843900000,1.281,1.281,1.27,1.271,684012.0,1731844799999,872126.3856,4880,235330.6,300178.2577,0
1731844800000,1.271,1.284,1.271,1.277,678500.5,1731845699999,866601.3578,5661,412430.3,527214.6458,0
1731845700000,1.277,1.291,1.273,1.286,540926.2,1731846599999,694889.9434,4461,283620.3,364489.6169,0
1731846600000,1.286,1.291,1.282,1.291,281542.6,1731847499999,362337.6238,2372,148434.9,191130.9913,0
1731847500000,1.291,1.297,1.29,1.294,360618.7,1731848399999,466459.4137,2999,185786.3,240378.7636,0
1731848400000,1.294,1.295,1.288,1.291,249073.6,1731849299999,321529.1018,3077,82997.8,107206.7983,0
1731849300000,1.29,1.29,1.276,1.284,516204.3,1731850199999,662013.7816,6374,242556.5,311194.6384,0
1731850200000,1.284,1.288,1.273,1.281,599149.7,1731851099999,766749.4292,6822,323875.8,414511.0795,0
1731851100000,1.281,1.286,1.276,1.283,310635.6,1731851999999,398246.3949,2964,132153.3,169515.2872,0
1731852000000,1.283,1.29,1.28,1.284,339656.7,1731852899999,436242.7343,3081,136095.8,174851.3299,0
1731852900000,1.283,1.285,1.27,1.273,495399.1,1731853799999,632317.3271,4166,196770.1,251557.583,0
1731853800000,1.273,1.28,1.266,1.279,671254.0,1731854699999,855477.1969,5167,296123.5,377575.6088,0
1731854700000,1.279,1.284,1.277,1.283,309863.2,1731855599999,396581.7696,2933,177194.2,226852.7978,0
1731855600000,1.283,1.284,1.272,1.281,378036.0,1731856499999,482920.7557,3641,223625.0,285696.9499,0
1731856500000,1.28,1.286,1.278,1.283,212675.5,1731857399999,272660.9352,2255,132938.7,170485.045,0
1731857400000,1.283,1.295,1.279,1.29,520887.1,1731858299999,670428.6143,3632,272268.5,350588.7839,0
1731858300000,1.29,1.296,1.282,1.285,226803.2,1731859199999,292489.0596,2121,106030.6,136812.7491,0
1731859200000,1.285,1.288,1.275,1.28,352029.0,1731860099999,450512.0939,3002,137033.2,175576.2766,0
1731860100000,1.28,1.289,1.279,1.287,215412.8,1731860999999,276908.4453,2300,117938.1,151618.0955,0
1731861000000,1.287,1.292,1.279,1.28,246197.8,1731861899999,316597.0768,2248,101519.1,130622.4237,0
1731861900000,1.28,1.285,1.277,1.28,405025.3,1731862799999,518665.8117,2279,133404.1,170843.2989,0
1731862800000,1.28,1.285,1.276,1.277,302274.0,1731863699999,387169.9862,2823,131185.9,168053.4761,0
1731863700000,1.276,1.285,1.27,1.28,564627.4,1731864599999,721907.8715,3647,203359.1,260046.4714,0
1731864600000,1.281,1.29,1.279,1.287,287609.9,1731865499999,369897.0111,2557,127241.7,163648.9067,0
1731865500000,1.287,1.291,1.284,1.287,217266.9,1731866399999,279866.2196,1630,99570.3,128294.1873,0
1731866400000,1.287,1.288,1.271,1.276,338973.7,1731867299999,434003.1365,2619,165844.4,212286.9063,0
1731867300000,1.276,1.277,1.261,1.263,799051.4,1731868199999,1013851.0013,5448,370052.8,469653.7142,0
1731868200000,1.263,1.27,1.26,1.267,455947.0,1731869099999,576525.4406,3651,257072.1,325206.8115,0
1731869100000,1.267,1.268,1.253,1.256,506591.6,1731869999999,637345.2907,3865,204035.4,256837.4357,0
1731870000000,1.255,1.259,1.251,1.257,731133.4,1731870899999,917029.1973,3535,260920.6,327518.7054,0
1731870900000,1.257,1.258,1.248,1.254,638155.2,1731871799999,798400.1551,3384,183700.9,229850.3462,0
1731871800000,1.254,1.266,1.251,1.264,355827.2,1731872699999,448060.5372,2722,232726.8,293080.0037,0
1731872700000,1.265,1.268,1.262,1.264,266448.7,1731873599999,336998.4241,1869,165293.6,209068.6907,0
1731873600000,1.264,1.272,1.263,1.268,247068.3,1731874499999,313280.1957,2149,136111.4,172621.02,0
1731874500000,1.268,1.27,1.25,1.256,494829.0,1731875399999,621968.2941,3675,200039.2,251495.6768,0
1731875400000,1.255,1.265,1.252,1.262,278616.9,1731876299999,350993.0542,2646,147612.9,186006.6205,0
1731876300000,1.262,1.262,1.255,1.258,287331.1,1731877199999,361475.7818,2081,110496.1,139015.8569,0
1731877200000,1.259,1.261,1.251,1.253,324350.3,1731878099999,407023.1396,2254,106609.1,133876.904,0
1731878100000,1.253,1.263,1.247,1.26,744366.0,1731878999999,933041.5966,3691,344234.7,431852.2533,0
1731879000000,1.26,1.262,1.249,1.252,298739.2,1731879899999,374718.0598,2299,125485.9,157302.1739,0
1731879900000,1.251,1.252,1.24,1.243,541099.0,1731880799999,673457.4573,2960,169169.7,210776.8323,0
1731880800000,1.242,1.25,1.234,1.25,1211427.0,1731881699999,1502618.7998,7148,511207.9,634594.9616,0
1731881700000,1.25,1.255,1.247,1.248,422133.1,1731882599999,528022.7168,3491,212447.6,265858.6944,0
1731882600000,1.248,1.25,1.241,1.242,238084.5,1731883499999,296372.7271,1864,132993.9,165599.8551,0
1731883500000,1.242,1.246,1.24,1.242,167863.8,1731884399999,208644.5001,1276,55819.4,69386.7803,0
1731884400000,1.242,1.244,1.235,1.238,324858.9,1731885299999,402738.6907,3241,168060.9,208444.0255,0
1731885300000,1.238,1.252,1.236,1.25,316362.5,1731886199999,393590.4254,2510,172435.9,214733.8068,0
1731886200000,1.252,1.255,1.244,1.252,255718.5,1731887099999,319749.7407,2271,138694.6,173464.7639,0
1731887100000,1.251,1.259,1.25,1.259,290273.7,1731887999999,364442.0669,2277,152000.2,190918.3649,0
1731888000000,1.259,1.268,1.255,1.258,513725.2,1731888899999,647629.3277,4642,275700.9,347722.6755,0
1731888900000,1.258,1.265,1.251,1.265,430961.0,1731889799999,542601.221,3196,233629.2,294250.0235,0
1731889800000,1.265,1.273,1.261,1.272,489079.4,1731890699999,619653.7611,4099,248986.2,315579.9382,0
1731890700000,1.271,1.278,1.263,1.264,372599.4,1731891599999,473102.2036,4172,169065.8,214834.3226,0
1731891600000,1.265,1.271,1.262,1.269,350217.6,1731892499999,443585.1116,2791,178773.1,226465.4621,0
1731892500000,1.269,1.278,1.268,1.277,621326.6,1731893399999,790499.3807,3922,317546.2,404226.5778,0
1731893400000,1.277,1.284,1.276,1.281,428115.3,1731894299999,548193.6511,4172,211457.0,270851.0181,0
1731894300000,1.281,1.289,1.277,1.287,557505.9,1731895199999,714773.0327,3825,303979.6,389634.7748,0
1731895200000,1.288,1.292,1.282,1.283,352058.5,1731896099999,452970.8417,3688,161455.7,207821.519,0
1731896100000,1.282,1.294,1.278,1.283,1224434.0,1731896999999,1574873.7627,6153,568272.5,732310.8558,0
1731897000000,1.283,1.292,1.283,1.291,224328.7,1731897899999,288739.7719,2181,130658.2,168212.9302,0
1731897900000,1.291,1.296,1.288,1.289,432418.2,1731898799999,558989.2059,2999,167321.1,216343.9784,0
1731898800000,1.29,1.292,1.282,1.283,285362.3,1731899699999,367359.8101,2492,119917.1,154382.3698,0
1731899700000,1.282,1.289,1.28,1.287,288910.9,1731900599999,371126.6048,2279,105889.5,136048.5118,0
1731900600000,1.287,1.299,1.286,1.299,476643.6,1731901499999,616687.5484,3250,318130.1,411844.5763,0
1731901500000,1.298,1.314,1.298,1.313,890100.5,1731902399999,1164615.7674,5263,491269.2,642272.3957,0
1731902400000,1.312,1.314,1.299,1.301,770535.0,1731903299999,1007176.9675,4727,306974.2,401358.6192,0
1731903300000,1.301,1.303,1.295,1.296,333063.5,1731904199999,432670.259,2428,136450.6,177408.4842,0
1731904200000,1.297,1.299,1.288,1.291,284822.3,1731905099999,368463.1372,2933,144854.5,187410.7626,0
1731905100000,1.292,1.292,1.285,1.288,226527.1,1731905999999,291917.771,2628,96263.2,124050.5815,0
1731906000000,1.289,1.299,1.283,1.283,425098.6,1731906899999,549248.4955,3127,238357.1,308283.9987,0
1731906900000,1.284,1.299,1.283,1.297,275866.3,1731907799999,356340.0023,2368,173974.4,224740.5777,0
1731907800000,1.297,1.297,1.289,1.295,207585.1,1731908699999,268437.7216,1881,111901.4,144744.3294,0
1731908700000,1.294,1.295,1.287,1.292,231684.1,1731909599999,298940.2072,2256,79255.6,102282.1342,0
1731909600000,1.293,1.3,1.292,1.298,465399.8,1731910499999,603475.9022,3182,270471.2,350780.522,0
1731910500000,1.297,1.305,1.296,1.303,729786.8,1731911399999,949815.6176,5137,374425.0,487341.9029,0
1731911400000,1.304,1.321,1.302,1.31,1293079.6,1731912299999,1699217.9312,7837,779465.7,1024591.7802,0
1731912300000,1.309,1.319,1.305,1.318,761556.2,1731913199999,997977.2748,4803,391914.8,513720.3366,0
1731913200000,1.318,1.32,1.309,1.314,859012.3,1731914099999,1129292.957,5400,445386.9,585552.838,0
1731914100000,1.313,1.313,1.305,1.307,770073.9,1731914999999,1007439.1782,3629,285998.9,374366.8284,0
1731915000000,1.306,1.314,1.303,1.312,293361.1,1731915899999,383819.7596,1945,142212.9,186167.0899,0
1731915900000,1.312,1.314,1.307,1.311,359169.0,1731916799999,470750.3253,1960,143226.0,187807.0687,0
1731916800000,1.311,1.313,1.301,1.306,407569.6,1731917699999,531867.0261,3245,207906.3,271316.3889,0
1731917700000,1.306,1.31,1.301,1.302,401860.1,1731918599999,524376.6235,2888,180275.8,235284.4192,0
1731918600000,1.301,1.302,1.291,1.297,443684.6,1731919499999,574946.654,3371,168167.4,217965.3427,0
1731919500000,1.298,1.303,1.294,1.3,368980.3,1731920399999,479366.778,2579,213356.8,277250.9248,0
1731920400000,1.301,1.301,1.29,1.293,361018.0,1731921299999,467332.5938,2819,143226.1,185419.7295,0
1731921300000,1.293,1.304,1.286,1.29,1244119.5,1731922199999,1609859.4209,8190,598947.0,775174.0568,0
1731922200000,1.29,1.292,1.276,1.283,741329.1,1731923099999,951153.2081,5396,333379.4,427846.5713,0
1731923100000,1.283,1.324,1.28,1.323,2712970.4,1731923999999,3555598.2484,10839,1674818.5,2196747.5238,0
1731924000000,1.322,1.323,1.301,1.304,1077191.1,1731924899999,1410976.4453,7139,448896.5,588076.3183,0
1731924900000,1.305,1.305,1.292,1.3,498151.4,1731925799999,646334.7679,4091,261295.5,339138.4694,0
1731925800000,1.299,1.309,1.297,1.306,482899.2,1731926699999,629551.5612,5045,280498.5,365716.617,0
1731926700000,1.307,1.312,1.304,1.306,501238.3,1731927599999,655719.1754,4032,241042.9,315546.0532,0
1731927600000,1.306,1.309,1.291,1.294,723495.0,1731928499999,940251.3581,7170,309716.1,402907.9367,0
1731928500000,1.293,1.306,1.288,1.299,791435.2,1731929399999,1027719.199,7278,465125.3,604142.8791,0
1731929400000,1.299,1.299,1.276,1.281,1002500.9,1731930299999,1288516.8873,7335,406251.6,522121.5857,0
1731930300000,1.28,1.286,1.276,1.284,851727.8,1731931199999,1091064.5447,7536,474102.5,607381.176,0
1731931200000,1.285,1.293,1.27,1.271,717698.4,1731932099999,919185.3772,6815,353889.1,453458.537,0
1731932100000,1.271,1.275,1.267,1.273,804146.0,1731932999999,1022669.584,6412,348477.6,443369.6873,0
1731933000000,1.274,1.287,1.269,1.286,533697.6,1731933899999,679571.802,4721,240432.1,306492.8313,0
1731933900000,1.287,1.291,1.279,1.287,413660.4,1731934799999,531502.7768,3704,225741.6,289965.364,0
1731934800000,1.286,1.288,1.26,1.266,866100.7,1731935699999,1099955.0152,7680,398159.8,505440.294,0
1731935700000,1.266,1.273,1.261,1.27,753015.2,1731936599999,953345.1702,4207,395136.9,500506.7067,0
1731936600000,1.27,1.277,1.269,1.275,393409.7,1731937499999,500721.9231,2825,169548.2,215813.2953,0
1731937500000,1.274,1.278,1.261,1.265,470913.3,1731938399999,597554.6047,3229,170763.8,216837.7911,0
1731938400000,1.265,1.29,1.26,1.289,929004.4,1731939299999,1184214.436,5550,531934.9,678247.642,0
1731939300000,1.288,1.308,1.288,1.304,1213612.1,1731940199999,1578678.7749,7807,686839.6,893694.3602,0
1731940200000,1.305,1.308,1.291,1.293,1253726.6,1731941099999,1630004.2127,6515,458306.6,596626.3853,0
1731941100000,1.293,1.294,1.282,1.29,963251.2,1731941999999,1241008.4157,6631,499346.9,643549.975,0
1731942000000,1.288,1.304,1.288,1.302,602601.3,1731942899999,781516.5314,4730,269605.1,349667.0897,0
1731942900000,1.302,1.305,1.297,1.305,367142.9,1731943799999,477364.1856,2953,166013.3,215930.314,0
1731943800000,1.304,1.317,1.303,1.312,981662.2,1731944699999,1287702.9242,7066,570676.2,748663.94,0
1731944700000,1.311,1.323,1.31,1.313,2089365.8,1731945599999,2752174.7304,9141,1135014.2,1495669.3478,0
1731945600000,1.313,1.318,1.3,1.316,1341112.9,1731946499999,1754060.6989,11402,610025.8,798212.7384,0
1731946500000,1.316,1.329,1.311,1.328,1230993.5,1731947399999,1625338.1238,9816,723674.9,956170.5559,0
1731947400000,1.328,1.363,1.323,1.355,4160568.2,1731948299999,5609362.2634,20193,2759754.7,3720748.4593,0
1731948300000,1.355,1.358,1.334,1.346,2580955.4,1731949199999,3471423.9908,15553,1313011.5,1766669.3171,0
1731949200000,1.346,1.347,1.327,1.336,935155.9,1731950099999,1250253.1793,7316,387702.8,518335.6117,0
1731950100000,1.336,1.351,1.332,1.347,821715.5,1731950999999,1104513.0151,6755,461157.7,620055.4509,0
1731951000000,1.347,1.366,1.346,1.361,2639487.8,1731951899999,3588784.8862,10370,1444532.4,1964492.4854,0
1731951900000,1.36,1.384,1.351,1.38,2609766.3,1731952799999,3566005.847,16898,1472288.6,2013756.2113,0
1731952800000,1.381,1.399,1.367,1.377,4434947.3,1731953699999,6133941.5301,24952,2383288.8,3297442.7863,0
1731953700000,1.378,1.38,1.359,1.368,1860702.5,1731954599999,2551566.4501,9818,872674.6,1198077.4169,0
1731954600000,1.368,1.373,1.353,1.357,942992.8,1731955499999,1284299.789,7422,388213.8,529207.7712,0
1731955500000,1.357,1.367,1.344,1.35,1077026.2,1731956399999,1458918.8392,7274,489531.7,663489.2041,0
1731956400000,1.35,1.359,1.33,1.339,931792.3,1731957299999,1253055.6914,6601,437059.5,588383.9405,0
1731957300000,1.34,1.342,1.307,1.325,1938525.7,1731958199999,2562639.2448,12835,631397.5,835066.3413,0
1731958200000,1.324,1.353,1.315,1.349,980249.3,1731959099999,1309003.6993,7602,530738.2,709857.2945,0
1731959100000,1.348,1.348,1.333,1.343,822492.0,1731959999999,1102603.7374,5732,407786.1,546977.3149,0
1731960000000,1.343,1.355,1.336,1.338,1487830.6,1731960899999,2005284.5331,8371,717960.9,968020.9017,0
1731960900000,1.338,1.37,1.33,1.363,1201412.8,1731961799999,1626015.7553,9590,759222.4,1028943.0543,0
1731961800000,1.363,1.37,1.346,1.348,1358631.1,1731962699999,1843480.653,11077,676431.2,918821.1407,0
1731962700000,1.348,1.355,1.339,1.353,611717.7,1731963599999,824943.6925,4826,372715.8,503074.6224,0
1731963600000,1.353,1.371,1.351,1.367,644459.9,1731964499999,878620.922,5230,344497.8,469799.4271,0
1731964500000,1.367,1.368,1.356,1.36,506868.9,1731965399999,690556.2599,2983,247244.2,336926.9743,0
1731965400000,1.36,1.368,1.359,1.362,435926.1,1731966299999,595138.9771,2229,133201.9,181697.4359,0
1731966300000,1.364,1.367,1.347,1.352,790104.1,1731967199999,1069407.7717,4778,378385.5,512230.6114,0
1731967200000,1.352,1.363,1.352,1.361,332550.5,1731968099999,451589.3873,2222,202881.1,275596.5978,0
1731968100000,1.361,1.364,1.357,1.363,305326.3,1731968999999,415354.7104,1982,155528.8,211615.3243,0
1731969000000,1.364,1.367,1.359,1.36,316206.9,1731969899999,430862.7593,2165,172194.8,234759.5929,0
1731969900000,1.361,1.361,1.347,1.352,576729.7,1731970799999,780125.1878,2309,242118.1,327312.3707,0
1731970800000,1.351,1.353,1.332,1.34,398665.4,1731971699999,534823.1407,3928,124249.4,166634.7064,0
1731971700000,1.339,1.341,1.322,1.326,489655.5,1731972599999,651601.7788,3509,197273.8,262518.545,0
1731972600000,1.326,1.349,1.326,1.346,608863.5,1731973499999,816376.3138,4487,423494.3,567617.4881,0
1731973500000,1.346,1.367,1.345,1.362,941789.7,1731974399999,1275106.8483,4166,694168.7,939989.472,0
1731974400000,1.362,1.366,1.345,1.35,830197.5,1731975299999,1125372.6032,4570,305144.0,414387.1828,0
1731975300000,1.351,1.353,1.341,1.342,634119.8,1731976199999,853974.9985,3607,271750.3,365930.573,0
1731976200000,1.342,1.35,1.336,1.348,319952.1,1731977099999,430159.8096,3159,134623.5,181105.2916,0
1731977100000,1.348,1.353,1.342,1.352,292120.4,1731977999999,394111.6472,2295,174068.0,234921.2258,0
1731978000000,1.352,1.357,1.348,1.351,213335.1,1731978899999,288447.0144,1660,114715.2,155137.2922,0
1731978900000,1.351,1.356,1.346,1.354,245119.8,1731979799999,331248.0166,2122,105292.7,142348.5297,0
1731979800000,1.353,1.356,1.344,1.349,266942.0,1731980699999,360069.1481,1840,101879.3,137567.82,0
1731980700000,1.349,1.35,1.334,1.336,274540.4,1731981599999,367997.4402,1811,127425.7,170775.366,0
1731981600000,1.336,1.341,1.334,1.335,324289.4,1731982499999,433611.6298,1875,214440.2,286773.5932,0
1731982500000,1.336,1.34,1.333,1.336,292300.3,1731983399999,390753.5066,1812,167494.2,223910.9421,0
1731983400000,1.335,1.337,1.327,1.333,294624.5,1731984299999,392371.5252,2230,112913.0,150429.5967,0
1731984300000,1.333,1.333,1.329,1.333,170368.7,1731985199999,226821.5886,1553,92396.4,123054.1382,0
1731985200000,1.333,1.337,1.33,1.333,250297.2,1731986099999,333616.883,1120,84705.9,112952.5016,0
1731986100000,1.333,1.333,1.327,1.329,203349.4,1731986999999,270281.2293,1398,89887.2,119521.5241,0
1731987000000,1.329,1.33,1.325,1.327,192544.2,1731987899999,255472.7869,1722,84338.6,111947.5525,0
1731987900000,1.328,1.332,1.326,1.327,235214.2,1731988799999,312582.4949,1485,169838.9,225732.0182,0
1731988800000,1.327,1.33,1.322,1.325,297639.3,1731989699999,394559.227,1888,91542.9,121397.7217,0
1731989700000,1.324,1.329,1.317,1.32,336868.6,1731990599999,445167.2596,2706,182220.9,240859.0952,0
1731990600000,1.319,1.325,1.319,1.325,256504.6,1731991499999,339210.9587,1800,150321.3,198858.3647,0
1731991500000,1.325,1.325,1.308,1.315,457080.4,1731992399999,600814.8122,3217,281773.4,370393.3764,0
1731992400000,1.315,1.32,1.309,1.32,370432.9,1731993299999,486976.396,2609,155285.4,204301.9647,0
1731993300000,1.32,1.321,1.309,1.314,349794.0,1731994199999,459870.9493,2489,151031.9,198398.1139,0
1731994200000,1.313,1.319,1.31,1.312,230016.9,1731995099999,302388.3411,1823,107846.9,141871.7565,0
1731995100000,1.313,1.319,1.312,1.317,172876.3,1731995999999,227498.5024,1753,90005.5,118475.0308,0
1731996000000,1.316,1.321,1.313,1.318,239438.0,1731996899999,315594.0808,2083,146375.8,193027.9878,0
1731996900000,1.319,1.321,1.312,1.317,264491.9,1731997799999,347953.919,1975,89957.2,118363.6767,0
1731997800000,1.317,1.326,1.317,1.324,396776.5,1731998699999,524192.0859,2693,208636.8,275683.9291,0
1731998700000,1.325,1.326,1.316,1.319,221578.6,1731999599999,292561.0371,2295,109431.1,144543.8088,0
1731999600000,1.319,1.325,1.315,1.315,338961.5,1732000499999,447370.0871,3488,189220.0,249759.4969,0
1732000500000,1.315,1.32,1.312,1.319,286284.1,1732001399999,376838.3232,2800,151721.4,199780.0128,0
1732001400000,1.319,1.322,1.315,1.317,270982.4,1732002299999,357355.5707,2720,141959.0,187257.7084,0
1732002300000,1.317,1.318,1.31,1.311,311984.4,1732003199999,409695.2436,2388,136240.0,178910.2764,0
1732003200000,1.311,1.312,1.304,1.306,600550.5,1732004099999,785614.135,4178,195219.9,255350.7131,0
1732004100000,1.306,1.306,1.293,1.296,835287.2,1732004999999,1085577.5782,5984,304408.3,395667.2574,0
1732005000000,1.296,1.306,1.295,1.299,365013.7,1732005899999,474492.1281,3658,180004.1,234121.0678,0
1732005900000,1.299,1.309,1.297,1.307,255089.7,1732006799999,332991.6012,2294,155250.5,202683.3592,0
1732006800000,1.307,1.312,1.304,1.308,348025.6,1732007699999,455305.7269,3119,196234.9,256753.0835,0
1732007700000,1.308,1.309,1.293,1.294,578354.6,1732008599999,752386.4201,4579,212830.8,276931.3121,0
1732008600000,1.294,1.299,1.291,1.294,605189.3,1732009499999,783710.0513,5186,244723.2,317018.0498,0
1732009500000,1.295,1.304,1.29,1.298,508070.7,1732010399999,658821.2767,4163,263687.9,342081.0916,0
1732010400000,1.299,1.303,1.295,1.303,295644.5,1732011299999,384092.7107,3044,161724.9,210188.0045,0
1732011300000,1.303,1.31,1.302,1.307,399327.3,1732012199999,521891.0971,3266,234206.0,306189.0511,0
1732012200000,1.306,1.308,1.301,1.307,283870.0,1732013099999,370459.576,2989,124838.7,162985.6307,0
1732013100000,1.307,1.312,1.306,1.312,246652.4,1732013999999,323111.4557,1784,154372.7,202259.0752,0
1732014000000,1.311,1.314,1.307,1.311,349823.5,1732014899999,458200.1226,1987,170325.7,223153.142,0
1732014900000,1.31,1.313,1.3,1.301,436218.1,1732015799999,569407.2126,3059,121483.8,158742.1274,0
1732015800000,1.301,1.309,1.3,1.306,212251.5,1732016699999,276896.0783,2204,96064.4,125360.1295,0
1732016700000,1.307,1.311,1.306,1.309,294365.0,1732017599999,385046.4961,2481,137940.8,180503.4346,0
1732017600000,1.309,1.321,1.308,1.32,483302.6,1732018499999,636166.359,4866,273820.2,360631.6061,0
1732018500000,1.319,1.331,1.318,1.331,918753.6,1732019399999,1217186.8207,5899,614062.8,813815.7642,0
1732019400000,1.33,1.335,1.323,1.327,666922.8,1732020299999,885902.1769,6497,392146.4,521076.0156,0
1732020300000,1.326,1.33,1.321,1.326,479260.4,1732021199999,635529.8173,4117,230107.3,305203.9445,0
1732021200000,1.326,1.332,1.322,1.325,535383.0,1732022099999,710478.0746,5019,263339.8,349581.642,0
1732022100000,1.326,1.326,1.306,1.313,1034398.3,1732022999999,1358630.4089,7227,396181.1,520324.401,0
1732023000000,1.313,1.313,1.301,1.301,704308.7,1732023899999,921099.0311,7696,323346.5,422974.7607,0
1732023900000,1.302,1.31,1.291,1.293,880191.9,1732024799999,1143842.019,6517,268932.0,349733.6456,0
1732024800000,1.294,1.307,1.287,1.306,865878.3,1732025699999,1121896.1164,10299,438112.1,568276.7687,0
1732025700000,1.306,1.308,1.293,1.299,527840.4,1732026599999,685492.948,5395,224330.9,291507.8111,0
1732026600000,1.298,1.309,1.287,1.308,485596.4,1732027499999,630334.9093,5203,262189.5,340668.2503,0
1732027500000,1.308,1.313,1.297,1.301,446694.7,1732028399999,583422.5853,4084,217883.1,284651.0133,0
1732028400000,1.301,1.31,1.298,1.305,420041.4,1732029299999,548480.4565,3231,239179.1,312351.909,0
1732029300000,1.305,1.305,1.292,1.295,375025.3,1732030199999,486860.7621,3434,155587.6,201963.4149,0
1732030200000,1.295,1.305,1.293,1.304,474026.0,1732031099999,616552.6146,3527,244004.6,317453.0836,0
1732031100000,1.304,1.307,1.3,1.304,626762.4,1732031999999,817247.7556,3591,292902.6,382025.6074,0
1732032000000,1.305,1.307,1.3,1.302,309041.1,1732032899999,403045.8651,2643,208688.1,272210.4024,0
1732032900000,1.302,1.317,1.299,1.316,414636.2,1732033799999,542282.2653,3278,275965.5,360891.1388,0
1732033800000,1.316,1.318,1.308,1.314,543639.7,1732034699999,714100.9454,2715,185973.8,244289.9871,0
1732034700000,1.313,1.316,1.31,1.312,310744.0,1732035599999,407721.929,2063,128157.1,168221.0039,0
1732035600000,1.311,1.317,1.306,1.315,497475.3,1732036499999,652758.033,2939,275227.2,361254.4692,0
1732036500000,1.315,1.318,1.309,1.312,317804.6,1732037399999,417167.014,2737,131205.1,172335.1868,0
1732037400000,1.311,1.32,1.308,1.314,349463.5,1732038299999,459389.9968,2585,150366.2,197690.1151,0
1732038300000,1.315,1.318,1.31,1.313,376358.7,1732039199999,494283.3223,2787,193253.8,253855.6615,0
1732039200000,1.313,1.319,1.308,1.318,411340.8,1732040099999,539965.9303,2743,208393.7,273684.5355,0
1732040100000,1.318,1.325,1.302,1.315,768511.5,1732040999999,1009114.3528,5192,304140.6,399409.0666,0
1732041000000,1.315,1.316,1.303,1.306,532705.3,1732041899999,697934.0385,3591,240412.7,315030.9119,0
1732041900000,1.306,1.321,1.304,1.32,524779.9,1732042799999,688682.2126,3222,287785.7,377906.2808,0
1732042800000,1.32,1.321,1.306,1.317,571907.9,1732043699999,751934.3821,3705,332635.2,437341.2914,0
1732043700000,1.318,1.32,1.313,1.317,349929.8,1732044599999,460534.4526,2478,125326.6,164977.5458,0
1732044600000,1.317,1.318,1.311,1.314,319658.5,1732045499999,420077.2165,1870,141627.1,186178.5897,0
1732045500000,1.315,1.316,1.3,1.304,654029.4,1732046399999,855761.8819,2605,195047.4,255437.3275,0
1732046400000,1.305,1.313,1.3,1.309,434448.6,1732047299999,567461.9028,2634,254909.5,333247.6184,0
1732047300000,1.31,1.311,1.294,1.298,377054.1,1732048199999,490510.4532,2925,167165.4,217476.4051,0
1732048200000,1.299,1.301,1.271,1.288,1141095.3,1732049099999,1466300.7635,5897,432701.1,556877.3258,0
1732049100000,1.287,1.289,1.275,1.283,901165.8,1732049999999,1154593.9507,5204,403072.3,516538.6994,0
1732050000000,1.284,1.29,1.272,1.276,630389.4,1732050899999,807470.6457,3460,283567.9,363713.3461,0
1732050900000,1.275,1.283,1.268,1.282,761426.4,1732051799999,969226.8643,4662,392351.5,499818.7426,0
1732051800000,1.282,1.286,1.277,1.283,561550.9,1732052699999,720018.8321,3972,263122.8,337618.4367,0
1732052700000,1.283,1.294,1.281,1.292,451658.6,1732053599999,582082.6146,2362,231373.0,298315.7376,0
1732053600000,1.291,1.297,1.289,1.292,413239.9,1732054499999,534095.9207,1962,214875.7,277666.9272,0
1732054500000,1.292,1.292,1.275,1.276,292840.0,1732055399999,375731.9317,1766,132094.5,169555.7183,0
1732055400000,1.275,1.28,1.269,1.279,340966.8,1732056299999,434679.8891,2211,210765.2,268784.8266,0
1732056300000,1.28,1.284,1.279,1.282,201576.6,1732057199999,258339.265,1347,98002.2,125648.0743,0
1732057200000,1.281,1.291,1.278,1.288,182360.3,1732058099999,234442.1729,2096,99863.9,128396.3374,0
1732058100000,1.289,1.293,1.286,1.291,289883.3,1732058999999,373641.4409,1694,155949.8,201133.207,0
1732059000000,1.29,1.297,1.289,1.294,109395.6,1732059899999,141377.5272,1216,76984.6,99520.9754,0
1732059900000,1.294,1.295,1.292,1.293,106155.4,1732060799999,137333.2872,846,51374.2,66489.783,0
1732060800000,1.292,1.293,1.283,1.284,274127.3,1732061699999,352878.3981,2275,105079.1,135348.1507,0
1732061700000,1.283,1.29,1.276,1.276,320842.7,1732062599999,411578.2995,2012,137261.5,176418.7498,0
1732062600000,1.277,1.286,1.273,1.283,323979.0,1732063499999,414575.2136,2127,171846.7,219831.9711,0
1732063500000,1.284,1.285,1.28,1.28,187795.7,1732064399999,240725.7017,1460,56693.2,72714.7381,0
1732064400000,1.28,1.288,1.279,1.282,144391.6,1732065299999,185342.6934,1675,79468.4,102032.6933,0
1732065300000,1.282,1.282,1.265,1.269,450279.6,1732066199999,571796.9871,3286,132212.7,167894.8777,0
1732066200000,1.268,1.279,1.264,1.271,380799.9,1732067099999,483347.0202,2357,218838.0,277414.4396,0
1732067100000,1.271,1.276,1.268,1.271,248795.7,1732067999999,316092.4335,2218,103410.2,131415.8778,0
1732068000000,1.271,1.272,1.263,1.267,364338.3,1732068899999,461787.9269,2634,120236.4,152358.605,0
1732068900000,1.268,1.276,1.261,1.273,300358.1,1732069799999,380799.7982,2234,136731.8,173417.8261,0
1732069800000,1.272,1.272,1.259,1.262,511594.9,1732070699999,646200.4839,2409,216311.5,273496.2719,0
1732070700000,1.261,1.266,1.259,1.26,226667.5,1732071599999,286242.7956,1530,100561.7,127011.3161,0
1732071600000,1.261,1.262,1.251,1.259,740283.1,1732072499999,929367.8766,4140,349598.8,439178.3506,0
1732072500000,1.258,1.26,1.25,1.254,419628.7,1732073399999,525887.1273,2779,172966.6,216853.4686,0
1732073400000,1.253,1.263,1.246,1.262,605662.1,1732074299999,758710.8289,3245,270285.1,339147.957,0
1732074300000,1.263,1.269,1.262,1.268,221523.6,1732075199999,280313.93,1846,139433.5,176490.1553,0
1732075200000,1.268,1.268,1.257,1.259,225277.7,1732076099999,283985.6008,2082,77302.5,97511.1889,0
1732076100000,1.259,1.268,1.257,1.267,205562.3,1732076999999,259773.8604,1372,91701.0,115921.1452,0
1732077000000,1.267,1.269,1.265,1.267,147541.6,1732077899999,186966.4504,1250,60055.2,76132.7604,0
1732077900000,1.268,1.272,1.266,1.267,225540.2,1732078799999,286294.8693,1695,128180.3,162749.1663,0
1732078800000,1.268,1.27,1.258,1.268,300300.1,1732079699999,379677.9318,2495,185183.5,234206.1515,0
1732079700000,1.268,1.278,1.264,1.276,248929.9,1732080599999,316754.9856,1655,150629.7,191691.874,0
1732080600000,1.276,1.28,1.271,1.276,241541.8,1732081499999,308230.3752,1738,128694.2,164328.0075,0
1732081500000,1.275,1.281,1.272,1.28,144724.5,1732082399999,184926.8818,1359,95773.9,122404.1049,0
1732082400000,1.279,1.286,1.277,1.28,338581.8,1732083299999,434113.487,2530,147966.1,189751.0217,0
1732083300000,1.28,1.281,1.275,1.278,207022.1,1732084199999,264369.4926,1663,77510.4,99013.4437,0
1732084200000,1.277,1.282,1.275,1.275,309117.5,1732085099999,395283.1509,2199,119592.1,152903.1053,0
1732085100000,1.275,1.28,1.272,1.274,239072.9,1732085999999,305286.0,1494,105323.1,134510.2468,0
1732086000000,1.275,1.28,1.271,1.28,288892.5,1732086899999,368402.4671,2083,184262.1,234977.832,0
1732086900000,1.28,1.285,1.278,1.284,246491.6,1732087799999,316051.9587,2047,159140.0,204061.6868,0
1732087800000,1.284,1.289,1.281,1.285,167437.2,1732088699999,215165.8822,1234,84872.1,109082.9535,0
1732088700000,1.285,1.292,1.283,1.287,351240.4,1732089599999,452766.4453,2282,222217.4,286533.1897,0
1732089600000,1.287,1.293,1.285,1.288,317205.4,1732090499999,409040.6694,2528,141836.3,182926.5417,0
1732090500000,1.287,1.296,1.287,1.296,432316.4,1732091399999,558617.6912,2759,282019.8,364436.6008,0
1732091400000,1.295,1.3,1.29,1.297,497921.6,1732092299999,644890.2696,3275,275893.0,357493.2044,0
1732092300000,1.297,1.3,1.294,1.295,269067.1,1732093199999,349162.3321,2014,156829.8,203520.454,0
1732093200000,1.296,1.307,1.293,1.306,475180.5,1732094099999,617299.3342,2144,301254.9,391594.774,0
1732094100000,1.306,1.31,1.297,1.299,498573.5,1732094999999,649630.7163,3744,237259.9,309244.5586,0
1732095000000,1.299,1.304,1.295,1.303,341836.4,1732095899999,443987.1144,2624,163602.3,212588.3813,0
1732095900000,1.304,1.307,1.298,1.3,317738.7,1732096799999,413810.8534,2209,166207.7,216542.7167,0
1732096800000,1.3,1.31,1.297,1.309,369463.2,1732097699999,482270.8787,2969,218485.1,285304.2404,0
1732097700000,1.309,1.311,1.303,1.304,322847.3,1732098599999,422314.7634,2236,186235.2,243674.0217,0
1732098600000,1.304,1.306,1.3,1.305,238770.1,1732099499999,311158.8328,2276,95590.6,124603.226,0
1732099500000,1.304,1.306,1.292,1.294,278036.7,1732100399999,360944.6912,2058,76298.6,99094.3364,0
1732100400000,1.294,1.296,1.275,1.275,587669.6,1732101299999,754113.074,4377,214746.3,275630.141,0
1732101300000,1.276,1.29,1.275,1.288,543311.7,1732102199999,697218.313,2578,356192.5,456815.4825,0
1732102200000,1.287,1.29,1.277,1.28,281825.2,1732103099999,361315.9872,1992,104747.7,134372.2269,0
1732103100000,1.28,1.289,1.278,1.284,369407.7,1732103999999,474265.6383,2269,214848.2,276010.5518,0
1732104000000,1.284,1.287,1.271,1.277,545970.4,1732104899999,697533.139,3791,161677.3,206665.9876,0
1732104900000,1.277,1.279,1.272,1.276,401281.2,1732105799999,511773.2274,2932,118248.5,150847.0671,0
1732105800000,1.276,1.281,1.269,1.276,711661.9,1732106699999,907731.7943,2664,308391.3,393202.317,0
1732106700000,1.275,1.283,1.265,1.28,575653.4,1732107599999,733910.3727,3142,362374.7,462695.5359,0
1732107600000,1.28,1.285,1.272,1.282,421325.9,1732108499999,539048.9509,3240,214727.4,274936.0637,0
1732108500000,1.283,1.291,1.281,1.29,633531.0,1732109399999,815612.1164,5659,297907.3,383729.1192,0
1732109400000,1.29,1.291,1.274,1.279,645059.2,1732110299999,826907.0737,3594,243938.3,313118.9472,0
1732110300000,1.28,1.291,1.277,1.291,380381.8,1732111199999,488624.1108,2657,153251.9,196887.4286,0
1732111200000,1.291,1.312,1.289,1.302,1045869.7,1732112099999,1360727.9457,5235,670915.6,872971.918,0
1732112100000,1.302,1.307,1.29,1.291,834327.1,1732112999999,1082271.6482,5022,344763.1,447604.3257,0
1732113000000,1.292,1.297,1.275,1.282,753884.0,1732113899999,968618.1021,6610,314351.9,403904.6952,0
1732113900000,1.282,1.291,1.28,1.284,384552.6,1732114799999,494589.6365,2564,177445.0,228193.0534,0
1732114800000,1.285,1.29,1.278,1.286,962580.4,1732115699999,1235644.3432,4933,449744.9,577662.121,0
1732115700000,1.286,1.298,1.285,1.291,938267.6,1732116599999,1210307.3034,3733,513497.9,662866.8582,0
1732116600000,1.29,1.292,1.284,1.29,376089.9,1732117499999,484595.3614,3105,156769.2,202037.4319,0
1732117500000,1.29,1.313,1.288,1.31,1011971.2,1732118399999,1320469.4036,4577,639202.2,834204.3151,0
1732118400000,1.31,1.319,1.287,1.294,1428143.2,1732119299999,1865742.8481,7967,660347.9,864754.064,0
1732119300000,1.294,1.295,1.272,1.273,1145488.6,1732120199999,1464930.1717,7288,514625.8,657904.5692,0
1732120200000,1.272,1.281,1.257,1.28,1384933.4,1732121099999,1758464.6978,9708,577349.9,734148.509,0
1732121100000,1.28,1.284,1.272,1.275,435963.2,1732121999999,556607.9461,3609,217789.0,278222.6783,0
1732122000000,1.275,1.282,1.266,1.27,339489.1,1732122899999,433378.9594,3067,115135.7,146957.3481,0
1732122900000,1.27,1.272,1.254,1.265,866381.1,1732123799999,1091386.0187,4963,370127.0,466468.3371,0
1732123800000,1.266,1.269,1.253,1.264,636154.2,1732124699999,802625.5661,3953,308292.4,389264.9078,0
1732124700000,1.264,1.266,1.241,1.243,1044349.7,1732125599999,1307608.5449,4931,328819.8,411851.9771,0
1732125600000,1.243,1.247,1.221,1.245,2064964.7,1732126499999,2551343.1391,14400,846174.1,1046085.8827,0
1732126500000,1.244,1.245,1.217,1.233,1460751.7,1732127399999,1795723.0705,11802,539080.8,662662.6803,0
1732127400000,1.233,1.239,1.223,1.239,1508326.2,1732128299999,1854350.75,11805,734784.5,903938.5305,0
1732128300000,1.238,1.241,1.228,1.23,815223.1,1732129199999,1007725.6857,5857,397225.3,491415.8278,0
1732129200000,1.231,1.233,1.22,1.223,618825.7,1732130099999,758110.1919,5919,282170.3,345839.3649,0
1732130100000,1.223,1.223,1.21,1.22,944578.2,1732130999999,1148160.5765,8399,446028.9,542248.3677,0
1732131000000,1.22,1.229,1.219,1.229,557981.3,1732131899999,683110.3152,4361,329872.5,403899.8812,0
1732131900000,1.229,1.233,1.226,1.227,292320.4,1732132799999,359237.0137,2796,127318.3,156523.4006,0
1732132800000,1.226,1.231,1.218,1.231,605793.6,1732133699999,742169.7989,5937,273358.1,335014.8243,0
1732133700000,1.231,1.25,1.23,1.249,704038.7,1732134599999,873400.8249,4775,418992.5,519713.9903,0
1732134600000,1.249,1.259,1.247,1.255,740027.2,1732135499999,927215.7678,5663,432172.9,541588.5158,0
1732135500000,1.254,1.261,1.253,1.26,517865.8,1732136399999,651156.4875,3779,244138.1,307020.9279,0
1732136400000,1.26,1.275,1.258,1.261,651287.3,1732137299999,824715.1398,4431,258683.2,327873.2205,0
1732137300000,1.261,1.284,1.253,1.275,1515050.7,1732138199999,1926420.4264,9473,779757.5,992379.8118,0
1732138200000,1.275,1.276,1.258,1.268,702471.5,1732139099999,887837.6289,4940,320162.3,404630.479,0
1732139100000,1.268,1.27,1.262,1.265,345159.8,1732139999999,436768.8068,2228,134481.1,170217.2262,0
1732140000000,1.265,1.273,1.261,1.261,368377.2,1732140899999,466057.1204,2394,148340.6,187842.9733,0
1732140900000,1.26,1.265,1.25,1.253,501914.8,1732141799999,630616.7323,2738,210634.9,264928.6468,0
1732141800000,1.252,1.252,1.24,1.248,653314.2,1732142699999,814006.2772,2798,249172.4,310511.5291,0
1732142700000,1.248,1.253,1.246,1.249,262122.1,1732143599999,327612.5312,1350,157559.0,196980.7306,0
1732143600000,1.249,1.252,1.241,1.242,345351.0,1732144499999,430862.8479,2356,115007.0,143535.2735,0
1732144500000,1.242,1.243,1.235,1.24,263688.8,1732145399999,326297.5138,1640,112715.3,139550.0643,0
1732145400000,1.24,1.247,1.239,1.246,488449.1,1732146299999,607943.5695,1665,351666.6,437735.1283,0
1732146300000,1.246,1.246,1.232,1.236,221732.5,1732147199999,274531.3519,1870,112543.0,139371.4979,0
1732147200000,1.237,1.242,1.223,1.239,466088.8,1732148099999,573859.7066,4598,201165.4,247922.6258,0
1732148100000,1.238,1.247,1.238,1.246,311056.2,1732148999999,386870.1258,1880,148692.9,184909.324,0
1732149000000,1.245,1.247,1.241,1.244,186873.3,1732149899999,232429.0894,1489,100594.7,125149.9966,0
1732149900000,1.244,1.249,1.239,1.242,312545.4,1732150799999,388669.6108,1676,75219.9,93584.0445,0
1732150800000,1.242,1.247,1.235,1.236,324331.2,1732151699999,402066.8498,2076,110629.5,137263.3179,0
1732151700000,1.236,1.25,1.236,1.248,353741.3,1732152599999,440608.5352,2114,231439.3,288257.5599,0
1732152600000,1.248,1.248,1.237,1.24,354068.2,1732153499999,440085.3777,1617,85454.1,106182.3973,0
1732153500000,1.24,1.24,1.23,1.233,396011.3,1732154399999,488874.6614,1939,117118.1,144660.4013,0
1732154400000,1.233,1.234,1.212,1.214,996771.7,1732155299999,1216380.5631,4639,310017.9,378198.0518,0
1732155300000,1.214,1.216,1.196,1.197,1680709.4,1732156199999,2025101.0561,8876,670691.5,808638.5119,0
1732156200000,1.197,1.199,1.177,1.184,1766765.2,1732157099999,2099020.0506,9280,762242.4,906216.1817,0
1732157100000,1.184,1.199,1.184,1.198,429254.9,1732157999999,512284.5934,2719,273154.7,325975.8995,0
1732158000000,1.198,1.212,1.195,1.211,550623.2,1732158899999,663228.6398,3779,282689.9,340600.7796,0
1732158900000,1.211,1.22,1.203,1.22,678030.4,1732159799999,822088.2277,4869,445719.4,540561.8909,0
1732159800000,1.219,1.22,1.206,1.207,809989.6,1732160699999,983462.661,4018,367345.2,446004.0111,0
1732160700000,1.207,1.214,1.206,1.209,336762.6,1732161599999,407710.609,2749,196890.4,238390.2249,0
1732161600000,1.21,1.22,1.208,1.215,525959.3,1732162499999,639106.923,4526,253422.5,307920.0549,0
1732162500000,1.214,1.218,1.2,1.218,468520.4,1732163399999,565520.9971,3419,219092.0,264603.4824,0
1732163400000,1.218,1.248,1.217,1.246,1048318.4,1732164299999,1296508.484,7427,606465.0,749960.0328,0
1732164300000,1.246,1.253,1.232,1.242,926461.6,1732165199999,1149676.2588,6326,483461.0,599924.9179,0
1732165200000,1.242,1.255,1.24,1.249,701098.0,1732166099999,876235.6256,4990,329149.0,411449.117,0
1732166100000,1.249,1.255,1.245,1.245,457945.5,1732166999999,572252.7942,2384,219285.7,274225.1964,0
1732167000000,1.245,1.252,1.24,1.251,936279.3,1732167899999,1165838.1223,3729,658378.0,819644.6057,0
1732167900000,1.252,1.253,1.237,1.242,550374.6,1732168799999,684960.8579,2924,314406.1,391211.479,0
1732168800000,1.243,1.243,1.235,1.241,229577.0,1732169699999,284413.7093,2290,88763.9,109997.1314,0
1732169700000,1.241,1.244,1.236,1.238,311577.3,1732170599999,386464.1993,2514,149548.5,185555.0891,0
1732170600000,1.238,1.239,1.225,1.228,490999.1,1732171499999,603547.5167,3028,139128.6,171149.3249,0
1732171500000,1.228,1.23,1.225,1.228,322792.3,1732172399999,396103.9126,2655,139984.0,171798.2808,0
1732172400000,1.229,1.243,1.229,1.232,590944.6,1732173299999,729277.1437,2709,375780.5,463720.838,0
1732173300000,1.231,1.232,1.22,1.228,543707.7,1732174199999,666779.3877,3852,198758.0,243816.4535,0
1732174200000,1.228,1.229,1.22,1.224,514277.4,1732175099999,629440.2413,2464,257941.8,315787.0195,0
1732175100000,1.224,1.23,1.221,1.23,277220.0,1732175999999,339851.2422,1614,133592.6,163832.6702,0
1732176000000,1.23,1.23,1.223,1.225,358497.2,1732176899999,439592.2859,2247,115586.9,141768.1793,0
1732176900000,1.224,1.229,1.22,1.225,264856.0,1732177799999,324290.5594,2159,130307.8,159567.621,0
1732177800000,1.224,1.231,1.223,1.231,232517.1,1732178699999,285265.9885,1647,121543.6,149190.6673,0
1732178700000,1.231,1.24,1.227,1.228,550316.8,1732179599999,679573.1894,3347,276213.5,341331.8638,0
1732179600000,1.228,1.232,1.225,1.226,399096.5,1732180499999,490484.6182,2040,151239.9,185905.2727,0
1732180500000,1.225,1.228,1.221,1.223,304139.4,1732181399999,372526.6724,1739,175440.4,214946.4173,0
1732181400000,1.223,1.226,1.215,1.217,314779.8,1732182299999,384259.7552,2496,150816.4,184195.8474,0
1732182300000,1.216,1.217,1.207,1.209,535658.8,1732183199999,648928.5608,2529,242508.1,293936.8611,0
1732183200000,1.21,1.217,1.207,1.211,688186.8,1732184099999,834367.1821,2783,168883.1,204830.7283,0
1732184100000,1.211,1.212,1.199,1.2,578788.6,1732184999999,697281.1365,3301,241337.3,290883.9745,0
1732185000000,1.2,1.213,1.199,1.212,334898.8,1732185899999,404221.128,2006,182787.2,220700.103,0
1732185900000,1.212,1.213,1.204,1.205,313500.1,1732186799999,378918.0915,1715,124973.3,151079.0509,0
1732186800000,1.206,1.213,1.202,1.203,563474.2,1732187699999,680269.5496,3545,288717.7,348747.5569,0
1732187700000,1.204,1.213,1.202,1.213,336735.7,1732188599999,406520.2931,2394,179569.0,216866.355,0
1732188600000,1.213,1.217,1.209,1.216,298898.1,1732189499999,362693.3463,2204,166813.3,202493.1698,0
1732189500000,1.217,1.218,1.21,1.215,253225.6,1732190399999,307417.1686,1818,98009.3,119011.55,0
1732190400000,1.215,1.235,1.21,1.231,627279.9,1732191299999,767098.003,4369,370834.1,453802.5418,0
1732191300000,1.232,1.256,1.231,1.255,1740154.3,1732192199999,2165733.4407,7651,1063887.7,1324044.6895,0
1732192200000,1.255,1.271,1.246,1.269,1949651.0,1732193099999,2451074.9774,12896,1038541.3,1306654.1179,0
1732193100000,1.269,1.27,1.251,1.253,1200346.0,1732193999999,1516494.1762,7353,462464.1,584803.1169,0
1732194000000,1.252,1.288,1.252,1.288,1437807.6,1732194899999,1832586.1168,10287,845108.8,1076830.2368,0
1732194900000,1.287,1.293,1.275,1.282,1809813.8,1732195799999,2323758.2408,9876,688818.0,885361.1838,0
1732195800000,1.282,1.289,1.274,1.289,820164.7,1732196699999,1050713.4535,7868,409252.8,524602.5464,0
1732196700000,1.289,1.294,1.28,1.283,783474.6,1732197599999,1008745.3085,6997,361453.8,465602.0337,0
1732197600000,1.283,1.305,1.282,1.301,1495836.3,1732198499999,1938643.6653,8023,919709.2,1192443.5304,0
1732198500000,1.301,1.302,1.282,1.285,1795950.3,1732199399999,2316781.2397,7998,860461.5,1109234.0089,0
1732199400000,1.286,1.286,1.255,1.275,1832225.1,1732200299999,2327656.6386,15405,842246.3,1070704.4182,0
1732200300000,1.276,1.283,1.264,1.273,2141160.3,1732201199999,2724058.2272,14906,1007808.7,1282348.8542,0
1732201200000,1.272,1.276,1.257,1.268,1318069.1,1732202099999,1671867.1464,15190,657666.9,834667.9645,0
1732202100000,1.269,1.279,1.246,1.249,906937.5,1732202999999,1143708.0032,10117,421006.9,531867.0685,0
1732203000000,1.249,1.26,1.233,1.258,1885354.1,1732203899999,2347795.8891,17770,760375.3,947503.1615,0
1732203900000,1.258,1.268,1.254,1.259,692315.1,1732204799999,873434.8875,6821,425108.0,536483.4704,0
1732204800000,1.259,1.272,1.254,1.271,766920.4,1732205699999,968678.6549,5613,362473.1,458472.0808,0
1732205700000,1.27,1.287,1.268,1.284,834982.6,1732206599999,1067200.61,4722,453331.1,579314.183,0
1732206600000,1.284,1.295,1.28,1.287,960456.8,1732207499999,1236310.9944,5551,468979.6,603677.299,0
1732207500000,1.287,1.287,1.274,1.278,788041.2,1732208399999,1007055.7875,4366,403120.5,515030.2098,0
1732208400000,1.278,1.281,1.269,1.27,725049.9,1732209299999,923787.0051,4903,333019.6,424459.2959,0
1732209300000,1.27,1.281,1.268,1.275,675119.5,1732210199999,860433.0355,3982,346176.6,441219.7761,0
1732210200000,1.276,1.28,1.27,1.277,516395.6,1732211099999,658086.6761,3445,268942.3,342704.3893,0
1732211100000,1.277,1.278,1.268,1.276,1085183.8,1732211999999,1381658.1777,3320,383174.0,488288.0064,0
1732212000000,1.277,1.28,1.267,1.27,981605.5,1732212899999,1249687.7771,6012,449508.0,572595.0318,0
1732212900000,1.271,1.273,1.264,1.27,701539.5,1732213799999,889707.4666,4547,347212.4,440386.0533,0
1732213800000,1.269,1.272,1.256,1.259,794549.8,1732214699999,1003491.6394,4873,379063.6,478905.4847,0
1732214700000,1.26,1.269,1.256,1.267,668858.7,1732215599999,843618.9938,3494,357840.0,451457.4451,0
1732215600000,1.267,1.27,1.262,1.266,757381.2,1732216499999,958852.9975,4900,385816.0,488545.2167,0
1732216500000,1.266,1.269,1.25,1.254,1197906.9,1732217399999,1507375.2442,6991,571243.0,718782.9247,0
1732217400000,1.253,1.262,1.253,1.259,655498.5,1732218299999,824446.4436,3639,296047.3,372371.0506,0
1732218300000,1.259,1.263,1.252,1.257,643314.8,1732219199999,809036.9801,4033,273358.5,343894.8151,0
1732219200000,1.256,1.266,1.256,1.261,455387.0,1732220099999,574064.0741,2900,220730.4,278334.8883,0
1732220100000,1.262,1.272,1.261,1.27,516103.4,1732220999999,653286.7192,2883,282288.0,357430.9304,0
1732221000000,1.269,1.27,1.255,1.256,477544.7,1732221899999,602681.6045,2569,159988.4,201971.9767,0
1732221900000,1.256,1.263,1.254,1.26,484137.3,1732222799999,609193.174,2294,219090.8,275724.2444,0
1732222800000,1.26,1.26,1.251,1.256,380334.2,1732223699999,477546.0508,3001,188391.4,236571.7769,0
1732223700000,1.255,1.262,1.251,1.26,318784.3,1732224599999,400745.5102,2803,175447.0,220617.066,0
1732224600000,1.261,1.266,1.256,1.259,455573.0,1732225499999,574518.6945,3138,235207.6,296612.6262,0
1732225500000,1.259,1.263,1.255,1.261,361737.5,1732226399999,455603.2139,1995,189370.3,238543.6879,0
1732226400000,1.26,1.266,1.259,1.264,231925.1,1732227299999,292819.3827,1892,104171.7,131569.2797,0
1732227300000,1.264,1.273,1.263,1.267,661191.5,1732228199999,838754.1102,2563,376342.0,477454.7014,0
1732228200000,1.267,1.273,1.264,1.272,430742.5,1732229099999,546231.7221,2156,228522.0,289931.0222,0
1732229100000,1.272,1.281,1.27,1.276,621237.4,1732229999999,792973.3389,2903,449777.2,574361.7684,0
1732230000000,1.277,1.285,1.269,1.272,740649.2,1732230899999,946137.8645,3848,412641.9,527637.7436,0
1732230900000,1.272,1.277,1.27,1.275,206901.7,1732231799999,263405.5436,1931,106161.9,135192.6014,0
1732231800000,1.275,1.277,1.272,1.277,248705.7,1732232699999,317025.937,1749,112014.9,142847.7431,0
1732232700000,1.276,1.278,1.273,1.274,234912.0,1732233599999,299815.7315,1467,110383.6,140923.234,0
1732233600000,1.275,1.279,1.269,1.276,455658.1,1732234499999,580820.7967,3575,255288.8,325521.2425,0
1732234500000,1.276,1.277,1.266,1.271,366573.1,1732235399999,465833.6991,3158,129665.9,164915.1764,0
1732235400000,1.271,1.272,1.253,1.256,396092.8,1732236299999,499467.6474,3638,186408.6,235046.3365,0
1732236300000,1.256,1.259,1.25,1.256,309310.8,1732237199999,387950.8116,2833,165601.0,207774.2094,0
1732237200000,1.257,1.264,1.245,1.264,525382.5,1732238099999,657655.7434,4009,274211.1,343560.7493,0
1732238100000,1.263,1.265,1.254,1.261,266171.0,1732238999999,335472.8869,2121,145426.3,183337.3321,0
1732239000000,1.262,1.263,1.254,1.258,184502.5,1732239899999,232244.0434,1752,108887.8,137056.7819,0
1732239900000,1.257,1.266,1.256,1.262,283194.3,1732240799999,357333.6792,1898,154449.9,194892.6127,0
1732240800000,1.262,1.27,1.26,1.267,223965.8,1732241699999,283543.9122,1763,108128.3,136908.0964,0
1732241700000,1.267,1.281,1.265,1.278,487094.1,1732242599999,620821.0607,2379,264229.1,336945.4425,0
1732242600000,1.278,1.28,1.266,1.273,576312.7,1732243499999,733921.2187,3969,303693.3,386745.1824,0
1732243500000,1.272,1.282,1.266,1.274,318182.7,1732244399999,405481.2375,2843,152202.6,194036.9338,0
1732244400000,1.275,1.281,1.271,1.279,327199.1,1732245299999,417569.5524,2326,188682.7,240815.5007,0
1732245300000,1.28,1.288,1.274,1.282,475832.2,1732246199999,609672.0025,3972,248084.1,317913.0694,0
1732246200000,1.281,1.285,1.27,1.274,366728.2,1732247099999,467735.581,2277,123096.0,157105.8696,0
1732247100000,1.273,1.284,1.273,1.281,429753.6,1732247999999,549641.3771,1831,200432.1,256341.9383,0
1732248000000,1.282,1.284,1.277,1.279,473418.2,1732248899999,606060.8055,2181,204165.8,261448.4687,0
1732248900000,1.28,1.294,1.278,1.293,652773.4,1732249799999,840280.4557,3018,465057.8,598631.457,0
1732249800000,1.293,1.295,1.286,1.289,519460.9,1732250699999,670327.4944,3027,279194.2,360394.2195,0
1732250700000,1.289,1.29,1.278,1.28,526278.0,1732251599999,675629.0015,3523,161222.6,207022.7106,0
1732251600000,1.281,1.287,1.272,1.28,464290.3,1732252499999,594171.8521,3456,239831.1,307091.3723,0
1732252500000,1.28,1.282,1.274,1.276,291881.2,1732253399999,372749.7883,2126,134688.8,172057.9663,0
1732253400000,1.275,1.288,1.274,1.285,311335.3,1732254299999,398830.2231,1980,188373.6,241232.2587,0
1732254300000,1.286,1.287,1.278,1.281,829581.2,1732255199999,1063126.4471,2772,411958.7,528064.1629,0
1732255200000,1.281,1.287,1.277,1.279,376740.2,1732256099999,483170.6326,2507,178802.7,229358.0201,0
1732256100000,1.279,1.281,1.272,1.276,299704.0,1732256999999,382635.2757,2145,158650.7,202605.9582,0
1732257000000,1.276,1.279,1.263,1.268,571149.5,1732257899999,725541.1071,3665,249998.4,317805.832,0
1732257900000,1.269,1.274,1.265,1.274,242883.5,1732258799999,308255.6415,2724,137854.0,175013.8868,0
1732258800000,1.274,1.276,1.269,1.273,277059.5,1732259699999,352599.3564,2076,160984.1,204933.2513,0
1732259700000,1.272,1.278,1.268,1.274,279954.0,1732260599999,356308.8234,2222,153700.6,195674.1367,0
1732260600000,1.274,1.277,1.263,1.268,730929.1,1732261499999,927641.4412,4731,425849.1,540504.146,0
1732261500000,1.268,1.27,1.253,1.255,922666.3,1732262399999,1161323.9242,4002,265797.8,334882.1605,0
1732262400000,1.255,1.268,1.255,1.265,548039.1,1732263299999,692528.6016,2783,338281.2,427657.0041,0
1732263300000,1.265,1.268,1.261,1.267,274465.1,1732264199999,346975.7387,2128,132626.2,167714.8873,0
1732264200000,1.267,1.27,1.262,1.269,341058.8,1732265099999,431947.3985,2388,193414.6,244959.5621,0
1732265100000,1.269,1.272,1.261,1.269,444673.7,1732265999999,563535.6365,2829,212526.7,269439.8613,0
1732266000000,1.27,1.272,1.265,1.268,324504.6,1732266899999,411502.605,2373,149299.5,189306.4458,0
1732266900000,1.268,1.273,1.262,1.262,349553.6,1732267799999,443095.5721,2385,160933.1,204110.5638,0
1732267800000,1.261,1.269,1.257,1.264,698609.4,1732268699999,882921.632,3826,242181.0,306253.1163,0
1732268700000,1.263,1.274,1.262,1.272,730182.0,1732269599999,926236.0636,4771,393900.7,499691.9726,0
1732269600000,1.271,1.272,1.258,1.26,316426.1,1732270499999,400573.612,2714,158503.5,200704.1203,0
1732270500000,1.26,1.262,1.251,1.257,590912.1,1732271399999,741922.173,3249,278734.4,350049.3238,0
1732271400000,1.258,1.261,1.256,1.258,380039.2,1732272299999,478304.8055,1639,168488.1,212104.099,0
1732272300000,1.257,1.257,1.251,1.251,417194.1,1732273199999,523231.8797,1849,194007.7,243382.0664,0
1732273200000,1.251,1.255,1.245,1.255,588945.4,1732274099999,736001.2526,3117,217378.5,271800.7645,0
1732274100000,1.255,1.261,1.252,1.258,423889.7,1732274999999,532932.4,2283,232270.7,292064.8877,0
1732275000000,1.258,1.263,1.256,1.261,286485.4,1732275899999,360888.6667,1896,144967.8,182659.8399,0
1732275900000,1.26,1.265,1.259,1.263,656142.8,1732276799999,828062.7467,2644,331163.1,418023.6733,0
1732276800000,1.263,1.264,1.256,1.262,572856.7,1732277699999,722286.6445,2931,297640.3,375414.1906,0
1732277700000,1.263,1.274,1.253,1.272,1534476.7,1732278599999,1934701.6473,4066,921493.7,1162733.8456,0
1732278600000,1.272,1.279,1.265,1.265,936488.8,1732279499999,1191997.631,4975,454902.0,579145.3431,0
1732279500000,1.266,1.271,1.259,1.269,640343.8,1732280399999,810692.0483,5019,304136.3,385187.5096,0
1732280400000,1.269,1.271,1.256,1.259,763925.0,1732281299999,965840.7496,7352,391300.9,494921.9805,0
1732281300000,1.26,1.261,1.215,1.218,2640699.5,1732282199999,3258306.8788,15044,1071358.7,1321598.4414,0
1732282200000,1.217,1.241,1.217,1.228,2746825.2,1732283099999,3378355.0058,18557,1415845.6,1741672.1688,0
1732283100000,1.229,1.242,1.221,1.235,1443793.5,1732283999999,1781485.094,11210,874414.4,1079188.6907,0
1732284000000,1.235,1.249,1.229,1.24,1173152.1,1732284899999,1455025.6519,8453,548880.7,681488.1266,0
1732284900000,1.239,1.242,1.224,1.23,864761.4,1732285799999,1064664.3579,7758,416672.6,513069.2807,0
1732285800000,1.23,1.238,1.225,1.234,807724.6,1732286699999,995514.5641,8406,403995.5,497911.7167,0
1732286700000,1.234,1.236,1.223,1.228,943959.0,1732287599999,1160108.8125,7791,431580.8,530513.5067,0
1732287600000,1.228,1.238,1.224,1.236,794007.0,1732288499999,978971.108,6494,448064.4,552662.935,0
1732288500000,1.236,1.242,1.228,1.232,825727.8,1732289399999,1019460.1597,6981,429939.6,531097.8168,0
1732289400000,1.233,1.242,1.23,1.241,828359.6,1732290299999,1022766.1392,5796,379217.4,468448.1693,0
1732290300000,1.24,1.245,1.24,1.241,619432.8,1732291199999,769522.5584,5333,277670.4,345062.9225,0
1732291200000,1.241,1.241,1.23,1.231,519990.0,1732292099999,642240.1546,6171,250707.4,309715.5768,0
1732292100000,1.232,1.238,1.23,1.233,437191.2,1732292999999,539545.7082,5648,201234.9,248381.7199,0
1732293000000,1.233,1.235,1.226,1.229,423207.9,1732293899999,520644.6231,4634,216687.3,266693.2542,0
1732293900000,1.23,1.241,1.227,1.238,610496.2,1732294799999,754048.7165,4986,325031.0,401407.493,0
1732294800000,1.238,1.242,1.235,1.237,763187.5,1732295699999,944133.0763,6153,343095.0,424506.7372,0
1732295700000,1.236,1.24,1.231,1.236,631763.6,1732296599999,780363.5225,3980,229600.8,283786.2551,0
1732296600000,1.235,1.238,1.226,1.229,516226.1,1732297499999,635442.0987,4231,232357.8,286084.5473,0
1732297500000,1.228,1.233,1.225,1.226,515333.6,1732298399999,633722.2774,4987,278544.4,342553.2169,0
1732298400000,1.227,1.232,1.225,1.231,410889.3,1732299299999,505255.6362,3565,200571.7,246612.3128,0
1732299300000,1.231,1.235,1.227,1.228,415202.4,1732300199999,511219.5715,4803,235745.5,290391.9168,0
1732300200000,1.228,1.235,1.228,1.233,460583.5,1732301099999,567654.6928,3377,245679.7,302812.1332,0
1732301100000,1.232,1.235,1.22,1.225,944422.2,1732301999999,1157108.6368,6744,523961.5,641866.1254,0
1732302000000,1.225,1.234,1.221,1.222,758119.8,1732302899999,930298.6849,5855,472211.3,579632.298,0
1732302900000,1.223,1.234,1.217,1.234,485331.8,1732303799999,594119.8392,6102,214013.3,262040.7336,0
1732303800000,1.233,1.233,1.217,1.223,674592.8,1732304699999,826058.0986,5946,303419.5,371492.4633,0
1732304700000,1.224,1.227,1.22,1.225,379509.3,1732305599999,464110.1421,3110,161085.6,197062.0959,0
1732305600000,1.226,1.233,1.222,1.23,512039.0,1732306499999,629063.6928,4212,247186.0,303740.6519,0
1732306500000,1.23,1.238,1.229,1.236,554343.4,1732307399999,683715.3446,3791,380702.2,469507.0464,0
1732307400000,1.237,1.24,1.234,1.239,349760.3,1732308299999,432654.9406,3739,188796.3,233614.5978,0
1732308300000,1.238,1.24,1.235,1.238,330511.9,1732309199999,408958.8053,2583,146276.0,181032.5345,0
1732309200000,1.238,1.241,1.233,1.236,600115.4,1732310099999,742531.2047,3975,269883.9,334004.6531,0
1732310100000,1.237,1.245,1.237,1.242,380649.2,1732310999999,472690.3037,3325,221769.8,275420.3634,0
1732311000000,1.242,1.249,1.24,1.247,507300.7,1732311899999,631537.1592,3764,251256.4,312717.1157,0
1732311900000,1.247,1.263,1.246,1.259,862826.7,1732312799999,1083411.7308,6174,471141.2,591701.0679,0
1732312800000,1.259,1.268,1.256,1.262,711201.5,1732313699999,897864.2328,5233,365702.4,461832.3696,0
1732313700000,1.261,1.264,1.255,1.257,463484.1,1732314599999,583365.6358,3474,220004.1,277090.2083,0
1732314600000,1.257,1.258,1.253,1.255,354680.3,1732315499999,445269.8192,3335,137733.9,172985.3503,0
1732315500000,1.255,1.256,1.249,1.25,440485.6,1732316399999,551652.1955,2922,213475.2,267500.011,0
1732316400000,1.249,1.259,1.249,1.258,398322.0,1732317299999,499027.0771,3124,184170.7,230854.9145,0
1732317300000,1.258,1.269,1.257,1.268,426030.4,1732318199999,537789.0834,4176,191920.9,242443.354,0
1732318200000,1.268,1.279,1.265,1.276,620042.9,1732319099999,789326.9088,4520,334765.0,426234.542,0
1732319100000,1.275,1.284,1.271,1.284,660561.1,1732319999999,844807.8799,3657,397796.7,509029.8343,0
1732320000000,1.284,1.285,1.275,1.279,986734.0,1732320899999,1263837.8278,6972,438629.0,561893.6153,0
1732320900000,1.279,1.294,1.277,1.293,1178994.5,1732321799999,1516964.6375,7540,785419.4,1010578.6321,0
1732321800000,1.294,1.31,1.286,1.31,2269165.1,1732322699999,2945098.7299,13574,1261116.5,1637707.4178,0
1732322700000,1.309,1.322,1.304,1.316,2693839.8,1732323599999,3543966.4601,13292,1472997.0,1938225.3326,0
1732323600000,1.316,1.339,1.311,1.328,2047176.8,1732324499999,2719029.8445,13576,1160122.2,1540774.5084,0
1732324500000,1.328,1.331,1.311,1.327,1714176.7,1732325399999,2264111.7871,12679,745322.6,985181.4623,0
1732325400000,1.327,1.346,1.315,1.342,1799868.6,1732326299999,2404123.7675,13280,931612.5,1244849.3777,0
1732326300000,1.341,1.342,1.317,1.319,2179531.9,1732327199999,2897117.7216,11348,1032078.9,1372092.5003,0
1732327200000,1.319,1.328,1.316,1.322,808669.6,1732328099999,1068486.2836,6942,386867.3,511248.4841,0
1732328100000,1.322,1.33,1.309,1.315,985328.6,1732328999999,1297998.2898,9616,393063.8,518196.9822,0
1732329000000,1.315,1.318,1.293,1.304,1093157.9,1732329899999,1425189.5456,11359,438712.8,572053.357,0
1732329900000,1.304,1.304,1.28,1.295,1613626.4,1732330799999,2082959.3074,9995,728249.7,939737.6568,0
1732330800000,1.295,1.299,1.28,1.295,1082928.3,1732331699999,1395680.1165,6866,511764.9,660434.5338,0
1732331700000,1.294,1.304,1.29,1.303,675083.4,1732332599999,876669.6186,5004,420174.9,545909.9466,0
1732332600000,1.303,1.313,1.3,1.307,757583.6,1732333499999,989731.4627,4995,465335.4,607942.3247,0
1732333500000,1.306,1.317,1.305,1.316,421788.2,1732334399999,553003.4189,3754,226124.9,296482.6927,0
1732334400000,1.317,1.333,1.313,1.324,1321658.6,1732335299999,1750692.9571,9636,762061.7,1009349.6801,0
1732335300000,1.324,1.328,1.313,1.321,1228333.0,1732336199999,1621592.5208,10678,638467.7,842890.4123,0
1732336200000,1.321,1.327,1.314,1.315,828746.5,1732337099999,1093331.4654,7958,321394.0,424108.8248,0
1732337100000,1.314,1.321,1.304,1.318,706510.5,1732337999999,928074.6496,8848,289420.3,379935.5823,0
1732338000000,1.318,1.325,1.31,1.314,675674.1,1732338899999,890180.826,6236,289831.5,382036.0637,0
1732338900000,1.314,1.315,1.304,1.307,549611.7,1732339799999,718930.8866,4000,180805.7,236620.9728,0
1732339800000,1.308,1.324,1.302,1.32,528230.3,1732340699999,693882.5773,6660,294071.5,386162.33,0
1732340700000,1.32,1.324,1.318,1.322,353587.9,1732341599999,467131.6411,4099,195999.0,258987.5019,0
1732341600000,1.323,1.33,1.32,1.329,526055.8,1732342499999,696469.4062,4044,312556.7,414034.539,0
1732342500000,1.329,1.33,1.311,1.311,537903.3,1732343399999,710281.2196,4576,199960.2,264154.4493,0
1732343400000,1.311,1.326,1.311,1.32,645193.2,1732344299999,850005.2811,7622,403466.0,531588.304,0
1732344300000,1.321,1.329,1.318,1.329,454581.8,1732345199999,601909.8839,3555,235372.4,311923.649,0
1732345200000,1.328,1.33,1.323,1.325,753955.9,1732346099999,999688.1977,4310,478011.3,633883.2615,0
1732346100000,1.325,1.332,1.322,1.332,691127.2,1732346999999,917305.199,3696,283070.4,376107.979,0
1732347000000,1.331,1.338,1.321,1.337,1287427.1,1732347899999,1710984.6385,6771,698499.0,928255.9195,0
1732347900000,1.337,1.355,1.337,1.35,1861971.2,1732348799999,2507038.4789,9770,1286012.6,1731429.8076,0
1732348800000,1.351,1.364,1.341,1.344,1928320.9,1732349699999,2610767.4536,11823,865538.3,1173166.2267,0
1732349700000,1.344,1.359,1.339,1.352,1320046.2,1732350599999,1780313.7865,9584,524617.9,707505.4406,0
1732350600000,1.351,1.353,1.329,1.344,1533984.3,1732351499999,2054887.8967,9288,581129.4,778716.3224,0
1732351500000,1.344,1.345,1.334,1.339,709713.7,1732352399999,950476.242,7076,332766.8,445645.4322,0
1732352400000,1.34,1.356,1.339,1.353,1311576.5,1732353299999,1770748.7839,7701,615425.9,830340.1124,0
1732353300000,1.353,1.353,1.342,1.348,602727.6,1732354199999,811098.3409,5996,273256.8,367838.1981,0
1732354200000,1.348,1.36,1.347,1.356,776780.4,1732355099999,1052665.5638,6820,390483.4,529271.9721,0
1732355100000,1.356,1.357,1.341,1.345,575326.8,1732355999999,775436.8151,7416,255427.8,344205.1016,0
1732356000000,1.344,1.348,1.334,1.34,768426.9,1732356899999,1030689.6262,7267,295416.2,396413.0003,0
1732356900000,1.339,1.343,1.333,1.334,651391.7,1732357799999,871469.4164,5659,260657.6,348737.1536,0
1732357800000,1.334,1.335,1.324,1.329,819060.4,1732358699999,1087989.2655,7861,304765.0,404939.1788,0
1732358700000,1.33,1.338,1.325,1.332,445550.0,1732359599999,593312.8375,5327,244199.3,325250.1251,0
1732359600000,1.332,1.339,1.331,1.339,447724.0,1732360499999,598092.6225,3867,242697.5,324259.8765,0
1732360500000,1.339,1.342,1.333,1.334,421731.6,1732361399999,564093.9507,3228,177746.1,237783.8507,0
1732361400000,1.335,1.34,1.331,1.334,473240.9,1732362299999,632060.8567,4182,255769.9,341739.645,0
1732362300000,1.335,1.339,1.331,1.337,412675.1,1732363199999,551162.4039,4138,217028.1,289896.8544,0
1732363200000,1.337,1.339,1.324,1.334,1057107.4,1732364099999,1406891.6808,4954,401233.8,533706.4361,0
1732364100000,1.333,1.344,1.331,1.343,538598.3,1732364999999,721055.0844,4469,218287.8,292257.4084,0
1732365000000,1.344,1.358,1.343,1.354,1105041.8,1732365899999,1493748.9854,7795,675655.4,913383.3772,0
1732365900000,1.354,1.361,1.349,1.35,1158553.4,1732366799999,1570584.5662,10579,561059.2,761004.5323,0
1732366800000,1.351,1.363,1.35,1.358,758906.6,1732367699999,1029982.292,6521,408532.5,554585.4542,0
1732367700000,1.359,1.403,1.355,1.403,3494301.3,1732368599999,4830673.9267,16282,2326291.9,3221360.2012,0
1732368600000,1.403,1.446,1.394,1.424,8391499.3,1732369499999,11948826.5024,42125,4288260.7,6111371.8685,0
1732369500000,1.425,1.435,1.409,1.411,2877593.7,1732370399999,4094833.048,18763,1353294.7,1926245.9033,0
1732370400000,1.412,1.436,1.401,1.432,2732886.8,1732371299999,3887547.5059,17967,1523993.0,2168668.7405,0
1732371300000,1.433,1.444,1.423,1.439,1994014.1,1732372199999,2855927.3415,13384,1097227.1,1571151.8823,0
1732372200000,1.438,1.447,1.426,1.429,1759827.6,1732373099999,2530593.8431,13764,948569.8,1364591.9729,0
1732373100000,1.429,1.436,1.419,1.434,1622353.3,1732373999999,2315312.6709,10383,815400.6,1164245.5011,0
1732374000000,1.435,1.443,1.413,1.424,2071064.9,1732374899999,2956343.3965,14623,773530.7,1105114.4408,0
1732374900000,1.424,1.434,1.416,1.433,1230969.8,1732375799999,1757518.7816,9062,516606.3,737532.3314,0
1732375800000,1.433,1.443,1.423,1.424,2575286.3,1732376699999,3691587.2468,11228,1330958.3,1909254.432,0
1732376700000,1.423,1.435,1.411,1.433,2125015.5,1732377599999,3027835.9231,14645,939700.0,1340588.5618,0
1732377600000,1.434,1.457,1.426,1.442,3520551.6,1732378499999,5083804.943,19520,1866726.3,2697739.7418,0
1732378500000,1.441,1.443,1.35,1.373,9979640.0,1732379399999,13893575.3086,36659,4244767.9,5908293.4918,0
1732379400000,1.372,1.405,1.369,1.387,5276084.9,1732380299999,7317660.0121,37152,2441659.9,3387662.7411,0
1732380300000,1.387,1.393,1.375,1.387,2495154.3,1732381199999,3454600.047,26854,1267075.2,1754402.0007,0
1732381200000,1.387,1.388,1.351,1.381,3453609.2,1732382099999,4719780.9982,33533,1695851.8,2318783.0084,0
1732382100000,1.381,1.407,1.371,1.407,1823007.5,1732382999999,2533054.4892,16811,1104929.6,1535502.1142,0
1732383000000,1.406,1.416,1.402,1.412,1712880.4,1732383899999,2414708.1432,15624,877559.5,1236977.1216,0
1732383900000,1.413,1.423,1.403,1.418,1488588.6,1732384799999,2103848.7923,12265,698096.7,987129.1808,0
1732384800000,1.417,1.419,1.395,1.414,1201332.7,1732385699999,1688603.5101,14118,584115.4,820624.4196,0
1732385700000,1.414,1.418,1.4,1.417,955184.3,1732386599999,1346671.2288,10714,492582.2,694408.3734,0
1732386600000,1.417,1.431,1.406,1.43,1320520.4,1732387499999,1875327.0282,10629,870504.7,1237231.548,0
1732387500000,1.429,1.434,1.42,1.423,555207.3,1732388399999,792376.3429,6429,277311.3,395779.8978,0
1732388400000,1.423,1.431,1.417,1.421,1132850.2,1732389299999,1613499.0419,8644,529698.8,754829.691,0
1732389300000,1.42,1.442,1.42,1.424,1731759.4,1732390199999,2483972.0911,10838,803958.2,1152075.3675,0
1732390200000,1.425,1.428,1.401,1.406,1405074.1,1732391099999,1984438.4403,15687,641203.6,905750.3327,0
1732391100000,1.406,1.419,1.404,1.412,962115.0,1732391999999,1358815.9212,11908,464456.8,655970.0343,0
1732392000000,1.412,1.412,1.383,1.384,1557200.5,1732392899999,2175819.3764,14731,629905.8,880409.7428,0
1732392900000,1.384,1.4,1.37,1.373,1636583.2,1732393799999,2267503.3821,17428,718446.3,996225.3027,0
1732393800000,1.373,1.402,1.37,1.401,1738920.1,1732394699999,2412408.99,22702,941763.1,1306931.1061,0
1732394700000,1.401,1.404,1.391,1.398,756966.5,1732395599999,1058062.2901,10378,363496.4,507994.4127,0
1732395600000,1.398,1.416,1.394,1.414,728988.9,1732396499999,1024315.7076,9518,389703.9,547554.375,0
1732396500000,1.414,1.436,1.413,1.434,1020530.7,1732397399999,1453542.42,7902,664562.3,946786.1939,0
1732397400000,1.433,1.443,1.427,1.442,1033079.2,1732398299999,1483062.3383,6952,521717.6,749221.532,0
1732398300000,1.443,1.445,1.432,1.442,1132689.9,1732399199999,1631427.4833,7649,513995.9,740594.9812,0
1732399200000,1.442,1.453,1.434,1.446,1167924.3,1732400099999,1687648.5037,10270,570999.7,825711.5633,0
1732400100000,1.447,1.451,1.435,1.439,1052762.8,1732400999999,1518295.5815,6727,477138.5,687751.2879,0
1732401000000,1.438,1.443,1.418,1.425,1250903.5,1732401899999,1787063.8153,7302,447297.2,639569.5404,0
1732401900000,1.426,1.435,1.418,1.43,523242.3,1732402799999,746745.7211,4274,256612.7,366668.8631,0
1732402800000,1.43,1.433,1.414,1.431,606385.6,1732403699999,862884.2834,7918,278756.9,396869.1301,0
1732403700000,1.431,1.434,1.403,1.413,889575.9,1732404599999,1257417.3661,10060,479818.6,678099.9767,0
1732404600000,1.413,1.433,1.413,1.425,484288.3,1732405499999,689508.4454,7687,260240.5,370406.7845,0
1732405500000,1.426,1.428,1.412,1.426,617518.0,1732406399999,877590.764,8087,351540.5,499576.2468,0
1732406400000,1.426,1.455,1.413,1.453,1651948.6,1732407299999,2375697.4987,22072,933221.0,1342445.3127,0
1732407300000,1.454,1.478,1.452,1.475,2031388.8,1732408199999,2981237.5655,16407,1143859.9,1678451.6811,0
1732408200000,1.475,1.475,1.458,1.466,1290885.8,1732409099999,1890843.5839,13986,611605.6,895824.1944,0
1732409100000,1.466,1.479,1.461,1.466,1125017.2,1732409999999,1656552.6279,9702,626657.8,923079.4301,0
1732410000000,1.466,1.484,1.463,1.476,1142931.2,1732410899999,1685787.8793,9760,658079.1,971396.3275,0
1732410900000,1.476,1.487,1.467,1.481,769668.7,1732411799999,1136496.5455,7719,375129.0,554233.6337,0
1732411800000,1.481,1.487,1.474,1.486,869303.9,1732412699999,1287971.4393,8742,465087.0,689241.2883,0
1732412700000,1.486,1.497,1.483,1.49,1090205.3,1732413599999,1624608.392,7302,612798.8,913241.7608,0
1732413600000,1.491,1.491,1.474,1.485,1036520.5,1732414499999,1536483.1054,9881,484531.2,718602.5144,0
1732414500000,1.485,1.486,1.47,1.472,625065.8,1732415399999,923894.9218,6388,263316.3,389515.3362,0
1732415400000,1.472,1.478,1.465,1.472,1176232.4,1732416299999,1729882.5796,6107,534183.4,785887.7866,0
1732416300000,1.472,1.477,1.462,1.465,701404.4,1732417199999,1029689.0561,6374,297998.8,437619.9287,0
1732417200000,1.464,1.472,1.46,1.462,524246.4,1732418099999,768122.0968,3889,242189.0,354993.9247,0
1732418100000,1.462,1.484,1.452,1.481,1236312.5,1732418999999,1814143.2646,9255,717748.2,1053569.8839,0
1732419000000,1.481,1.487,1.464,1.468,945231.4,1732419899999,1392400.321,10265,440836.3,649590.7563,0
1732419900000,1.468,1.47,1.458,1.464,535145.0,1732420799999,783543.0705,5267,269121.7,394155.2869,0
1732420800000,1.464,1.487,1.464,1.486,688989.5,1732421699999,1016894.4975,7147,422487.2,623693.2331,0
1732421700000,1.485,1.486,1.467,1.484,754698.0,1732422599999,1115390.0316,8712,310400.6,459056.2726,0
1732422600000,1.484,1.485,1.448,1.469,1585570.3,1732423499999,2323677.5921,13001,593032.3,868347.2352,0
1732423500000,1.469,1.487,1.467,1.482,1127290.7,1732424399999,1666257.4936,14221,558500.8,825676.0994,0
1732424400000,1.481,1.516,1.476,1.513,2513930.8,1732425299999,3772093.8258,15074,1618076.4,2428364.631,0
1732425300000,1.513,1.536,1.507,1.53,2882677.9,1732426199999,4391221.3841,21313,1781602.4,2714331.3435,0
1732426200000,1.531,1.535,1.494,1.496,2046458.9,1732427099999,3108693.9005,23375,957604.0,1455195.0224,0
1732427100000,1.495,1.531,1.495,1.524,1526671.1,1732427999999,2319456.9515,21649,839118.4,1274740.8536,0
1732428000000,1.524,1.539,1.516,1.519,1622865.7,1732428899999,2478235.4921,19720,784369.9,1198240.4811,0
1732428900000,1.519,1.526,1.5,1.516,1144402.2,1732429799999,1726521.5292,14802,517597.6,781584.9581,0
1732429800000,1.517,1.547,1.508,1.547,1650597.3,1732430699999,2530776.0111,13213,1056265.4,1619712.198,0
1732430700000,1.546,1.555,1.53,1.549,2099026.3,1732431599999,3242507.4419,13745,1275412.5,1972084.131,0
1732431600000,1.55,1.55,1.531,1.534,1084233.3,1732432499999,1668433.0844,6808,550492.8,847272.7538,0
1732432500000,1.534,1.541,1.515,1.515,1240273.6,1732433399999,1896409.621,7441,510497.8,781425.4455,0
1732433400000,1.516,1.522,1.511,1.512,1048413.9,1732434299999,1588195.6785,6537,433443.8,656993.2231,0
1732434300000,1.512,1.527,1.512,1.521,1071729.8,1732435199999,1628389.1053,7249,436200.0,663056.1533,0
1732435200000,1.522,1.527,1.515,1.523,659560.6,1732436099999,1003008.7098,5077,386547.7,587866.8651,0
1732436100000,1.523,1.56,1.519,1.558,1784293.3,1732436999999,2746504.4691,11044,1106463.7,1702287.1254,0
1732437000000,1.558,1.571,1.532,1.534,3071897.8,1732437899999,4781086.497,24452,1509701.7,2351031.9439,0
1732437900000,1.534,1.543,1.495,1.507,2414635.3,1732438799999,3650809.8372,18597,951671.7,1440559.5362,0
1732438800000,1.508,1.543,1.506,1.537,1516297.6,1732439699999,2314053.3989,11577,893066.9,1362193.2628,0
1732439700000,1.537,1.538,1.494,1.51,1628861.0,1732440599999,2458540.8703,11162,669148.5,1010506.6855,0
1732440600000,1.51,1.514,1.496,1.511,941897.9,1732441499999,1416981.8375,7061,410834.3,618316.1086,0
1732441500000,1.511,1.531,1.502,1.525,958099.0,1732442399999,1454382.0903,6693,475791.8,722489.6306,0
1732442400000,1.524,1.535,1.5,1.505,1242576.3,1732443299999,1890702.1245,6758,589189.5,898034.6569,0
1732443300000,1.505,1.513,1.498,1.509,601894.3,1732444199999,906561.4294,4190,306411.5,461697.5145,0
1732444200000,1.509,1.514,1.488,1.49,1094174.9,1732445099999,1641613.3378,6974,531738.5,798341.4531,0
1732445100000,1.491,1.5,1.476,1.488,1524858.7,1732445999999,2270274.9798,10181,626019.0,932573.4126,0
1732446000000,1.487,1.494,1.45,1.467,2763235.4,1732446899999,4055511.8838,14361,939451.7,1379051.3302,0
1732446900000,1.468,1.491,1.461,1.47,2435128.2,1732447799999,3590712.564,12654,1109564.9,1636486.9599,0
1732447800000,1.47,1.48,1.456,1.479,1510575.4,1732448699999,2215780.8644,9676,779161.1,1143563.1516,0
1732448700000,1.478,1.478,1.435,1.443,2209229.6,1732449599999,3201637.567,11776,701075.8,1015466.9757,0
1732449600000,1.442,1.465,1.437,1.461,1732656.9,1732450499999,2515961.0415,9658,933607.7,1355626.2707,0
1732450500000,1.46,1.46,1.431,1.443,1137972.4,1732451399999,1643663.6515,8794,431530.5,623389.7145,0
1732451400000,1.443,1.443,1.367,1.381,7366980.5,1732452299999,10323712.3038,30883,3153611.9,4419722.157,0
1732452300000,1.382,1.418,1.382,1.404,4904522.5,1732453199999,6862311.786,20123,2497538.3,3494714.0421,0
1732453200000,1.403,1.43,1.394,1.427,2484045.0,1732454099999,3519597.2808,13685,1286820.5,1823224.487,0
1732454100000,1.425,1.446,1.42,1.445,2447927.3,1732454999999,3505613.2999,9966,1104493.7,1583402.5747,0
1732455000000,1.445,1.446,1.424,1.433,1654891.1,1732455899999,2373618.3349,9583,823278.4,1181062.8761,0
1732455900000,1.434,1.479,1.429,1.449,2399550.3,1732456799999,3503365.7546,14434,1215082.0,1773310.3581,0
1732456800000,1.449,1.455,1.415,1.415,2309280.3,1732457699999,3321341.6544,14067,1060735.4,1527378.9012,0
1732457700000,1.416,1.447,1.415,1.441,2898784.5,1732458599999,4146150.5133,17656,1409134.6,2016615.9925,0
1732458600000,1.442,1.473,1.431,1.46,2092581.3,1732459499999,3038819.186,16050,1125728.5,1635326.6349,0
1732459500000,1.461,1.476,1.449,1.47,1471735.5,1732460399999,2152998.9266,8914,882975.5,1291625.8128,0
1732460400000,1.47,1.472,1.448,1.467,1756772.2,1732461299999,2563076.4081,12954,876825.2,1279033.8357,0
1732461300000,1.467,1.473,1.447,1.453,2041984.9,1732462199999,2976014.558,12826,886813.8,1293054.629,0
1732462200000,1.453,1.457,1.431,1.447,1956732.6,1732463099999,2819203.7658,14218,876830.7,1263531.0624,0
1732463100000,1.447,1.447,1.419,1.425,1650166.5,1732463999999,2362838.5663,12126,814673.0,1167260.1552,0
1732464000000,1.424,1.46,1.4,1.448,3535989.1,1732464899999,5068249.8644,22607,1721961.7,2474099.3959,0
1732464900000,1.447,1.479,1.445,1.475,2002564.2,1732465799999,2935159.4949,12284,1139761.7,1671685.1656,0
1732465800000,1.476,1.518,1.47,1.494,4137985.5,1732466699999,6184461.1725,19227,2313995.8,3461739.1867,0
1732466700000,1.493,1.508,1.491,1.497,2607853.8,1732467599999,3909844.5674,11867,1419546.6,2128326.7507,0
1732467600000,1.496,1.496,1.464,1.473,1779644.4,1732468499999,2627528.2747,10578,827634.0,1221379.5909,0
1732468500000,1.473,1.481,1.466,1.476,1017775.9,1732469399999,1498837.0516,7331,546281.8,804603.9134,0
1732469400000,1.477,1.482,1.455,1.456,989664.3,1732470299999,1450742.8556,7830,382396.9,560933.0151,0
1732470300000,1.456,1.476,1.456,1.469,568191.3,1732471199999,833071.4573,4837,297009.6,435416.3466,0
1732471200000,1.468,1.472,1.459,1.461,818206.9,1732472099999,1199075.8805,5385,286316.0,419823.7568,0
1732472100000,1.462,1.484,1.461,1.477,1097437.1,1732472999999,1620211.0627,6184,677705.5,1000719.5296,0
1732473000000,1.476,1.487,1.47,1.485,1110378.9,1732473899999,1643447.1515,5907,454906.6,673621.0848,0
1732473900000,1.485,1.487,1.466,1.47,979915.0,1732474799999,1446562.5713,5636,326342.5,481487.4011,0
1732474800000,1.469,1.473,1.446,1.45,832000.0,1732475699999,1212580.796,5952,333572.5,486654.219,0
1732475700000,1.451,1.464,1.45,1.457,739938.7,1732476599999,1078843.9169,4791,313085.9,456596.4895,0
1732476600000,1.457,1.463,1.449,1.456,600123.9,1732477499999,873414.4868,4470,282058.3,410486.915,0
1732477500000,1.457,1.463,1.454,1.457,472201.3,1732478399999,689183.0392,3699,242265.9,353614.0932,0
1732478400000,1.456,1.476,1.452,1.474,644688.4,1732479299999,943378.8318,4324,294347.6,430631.5232,0
1732479300000,1.475,1.494,1.47,1.492,958207.2,1732480199999,1422447.9961,4987,644563.5,957085.0111,0
1732480200000,1.491,1.492,1.476,1.477,1016827.6,1732481099999,1508591.7883,4675,367366.1,545242.1545,0
1732481100000,1.477,1.494,1.475,1.492,484031.6,1732481999999,718785.1746,3650,335133.6,497917.65,0
1732482000000,1.492,1.511,1.483,1.497,1945184.0,1732482899999,2914181.8529,8764,1228215.0,1840333.3305,0
1732482900000,1.497,1.509,1.497,1.501,982766.0,1732483799999,1476176.7409,4569,477419.1,717282.5201,0
1732483800000,1.501,1.511,1.495,1.505,984386.9,1732484699999,1482079.3643,4601,702184.2,1057404.7575,0
1732484700000,1.504,1.508,1.498,1.5,608041.2,1732485599999,913234.046,3036,214630.5,322435.473,0
1732485600000,1.501,1.525,1.496,1.523,1550083.5,1732486499999,2350677.7708,6377,972273.9,1474703.4867,0
1732486500000,1.523,1.531,1.502,1.503,1743082.5,1732487399999,2645129.5747,6121,756949.3,1150008.1191,0
1732487400000,1.504,1.505,1.487,1.497,952957.9,1732488299999,1424981.7737,3373,433974.7,648679.6241,0
1732488300000,1.497,1.513,1.496,1.512,330266.9,1732489199999,497705.909,2519,220621.1,332408.1312,0
1732489200000,1.512,1.531,1.507,1.522,1125835.6,1732490099999,1712288.6823,6148,600279.7,912811.3724,0
1732490100000,1.523,1.532,1.518,1.525,822034.5,1732490999999,1253787.8082,3590,553935.1,845105.7224,0
1732491000000,1.524,1.535,1.51,1.531,1162790.2,1732491899999,1769778.9091,5766,543203.1,827770.8532,0
1732491900000,1.53,1.538,1.521,1.532,1316884.3,1732492799999,2014684.407,6278,706787.2,1081730.7167,0
1732492800000,1.533,1.538,1.512,1.522,1852615.1,1732493699999,2823112.6619,10367,906503.2,1381671.7059,0
1732493700000,1.522,1.552,1.518,1.55,1400453.1,1732494599999,2148589.4138,8901,778947.3,1196497.2081,0
1732494600000,1.551,1.553,1.514,1.521,1367363.0,1732495499999,2095630.7299,9995,622147.2,953967.6613,0
1732495500000,1.52,1.568,1.518,1.562,2303232.4,1732496399999,3576487.5743,11795,1289195.6,2001845.8961,0
1732496400000,1.562,1.571,1.525,1.538,2769933.0,1732497299999,4293694.6205,18430,1434115.9,2226073.1658,0
1732497300000,1.538,1.545,1.491,1.516,2406223.7,1732498199999,3641120.6037,15797,984308.1,1490344.7927,0
1732498200000,1.516,1.531,1.502,1.52,1848122.4,1732499099999,2798944.7244,13979,890332.7,1348797.3704,0
1732499100000,1.519,1.526,1.504,1.509,705610.7,1732499999999,1068855.863,6921,369634.1,560389.6906,0
1732500000000,1.508,1.528,1.506,1.51,684448.4,1732500899999,1037605.7665,6482,350553.1,531566.0166,0
1732500900000,1.511,1.529,1.51,1.521,522930.3,1732501799999,796176.9791,4825,306147.9,466097.1007,0
1732501800000,1.521,1.527,1.5,1.508,564867.5,1732502699999,852978.3893,4905,314734.0,475117.7129,0
1732502700000,1.507,1.512,1.49,1.497,676995.6,1732503599999,1016518.2654,4573,247531.6,372205.789,0
1732503600000,1.497,1.514,1.497,1.502,544252.5,1732504499999,819504.8613,4567,239343.5,360272.3633,0
1732504500000,1.501,1.52,1.501,1.507,456854.1,1732505399999,690876.5719,4441,187333.2,283117.9586,0
1732505400000,1.507,1.507,1.496,1.502,625831.5,1732506299999,938902.1166,4996,253569.4,380584.2581,0
1732506300000,1.502,1.515,1.502,1.511,380955.1,1732507199999,574903.7116,3412,205525.4,310090.0624,0
1732507200000,1.51,1.531,1.509,1.53,923974.5,1732508099999,1404058.8922,5742,409268.8,621438.2349,0
1732508100000,1.529,1.53,1.508,1.509,873423.4,1732508999999,1327542.8485,8175,361517.9,549445.6215,0
1732509000000,1.51,1.51,1.499,1.505,608165.4,1732509899999,914048.1622,4071,314516.4,472811.6681,0
1732509900000,1.505,1.505,1.486,1.489,834331.6,1732510799999,1244383.6845,7560,372194.9,555175.069,0
1732510800000,1.489,1.505,1.487,1.497,458191.9,1732511699999,685766.2486,4480,211287.9,316384.5048,0
1732511700000,1.496,1.507,1.496,1.506,350268.4,1732512599999,526558.5388,3051,152475.9,229152.3338,0
1732512600000,1.506,1.517,1.498,1.504,471675.6,1732513499999,710891.5184,4444,204856.3,308814.8849,0
1732513500000,1.504,1.513,1.498,1.505,872318.2,1732514399999,1312757.7037,6586,296816.0,446603.7524,0
1732514400000,1.504,1.515,1.499,1.502,1161115.9,1732515299999,1749548.6547,5751,544543.0,820415.0907,0
1732515300000,1.501,1.507,1.488,1.489,1048887.3,1732516199999,1568543.0802,6362,382383.8,572227.6997,0
1732516200000,1.489,1.49,1.468,1.473,1232591.0,1732517099999,1821910.7577,7015,452461.4,669398.6612,0
1732517100000,1.472,1.477,1.469,1.472,561913.0,1732517999999,827559.3463,4401,262600.9,386803.7629,0
1732518000000,1.472,1.484,1.471,1.481,625605.2,1732518899999,925050.3569,4972,333344.6,492894.7729,0
1732518900000,1.482,1.489,1.476,1.479,528226.3,1732519799999,782534.9117,4647,226065.2,334886.235,0
1732519800000,1.479,1.495,1.478,1.494,438720.5,1732520699999,651356.5123,3648,197303.0,293195.1318,0
1732520700000,1.494,1.497,1.488,1.49,838151.7,1732521599999,1251540.8921,3706,379101.1,566421.1408,0
1732521600000,1.49,1.5,1.487,1.497,613125.5,1732522499999,916503.8901,3199,311424.9,465775.7464,0
1732522500000,1.496,1.507,1.492,1.495,544933.5,1732523399999,816426.0011,3328,269284.6,403704.9,0
1732523400000,1.495,1.498,1.483,1.493,899520.6,1732524299999,1340196.7369,5172,399395.4,595672.0286,0
1732524300000,1.493,1.503,1.492,1.498,714529.7,1732525199999,1070733.6745,4400,289550.0,434004.9257,0
1732525200000,1.498,1.521,1.497,1.518,1103403.9,1732526099999,1667110.0999,6483,630754.9,953390.6484,0
1732526100000,1.519,1.543,1.514,1.54,1792679.4,1732526999999,2748655.0158,6782,850356.4,1304339.2893,0
1732527000000,1.541,1.548,1.529,1.534,1620205.2,1732527899999,2497449.5369,7142,729885.7,1125047.1905,0
1732527900000,1.534,1.539,1.526,1.532,969085.9,1732528799999,1486546.5753,4640,496464.5,761732.5176,0
1732528800000,1.531,1.533,1.515,1.528,722929.2,1732529699999,1103082.6789,4799,364554.5,556543.4978,0
1732529700000,1.529,1.54,1.521,1.525,864103.9,1732530599999,1319585.1888,5110,431217.1,658746.1011,0
1732530600000,1.524,1.546,1.518,1.538,932891.9,1732531499999,1431512.3888,5871,502369.9,770754.26,0
1732531500000,1.538,1.545,1.527,1.532,1392347.6,1732532399999,2135179.0136,5200,493161.2,756703.0742,0
1732532400000,1.532,1.535,1.521,1.532,1264766.8,1732533299999,1931409.3682,5081,595806.4,909869.9741,0
1732533300000,1.532,1.542,1.526,1.534,979835.1,1732534199999,1506094.8571,4372,574596.5,883690.9618,0
1732534200000,1.533,1.534,1.486,1.488,2817267.9,1732535099999,4252820.5062,11020,837720.0,1263206.3862,0
1732535100000,1.488,1.505,1.487,1.503,1037696.6,1732535999999,1553060.2179,6036,609232.0,912165.8164,0
1732536000000,1.502,1.506,1.486,1.494,1159204.1,1732536899999,1732855.9857,7963,588776.2,880500.9457,0
1732536900000,1.494,1.504,1.488,1.499,646480.8,1732537799999,967335.5152,4982,335065.4,501397.2339,0
1732537800000,1.498,1.498,1.482,1.485,653111.9,1732538699999,972252.9865,5189,319197.0,475389.9368,0
1732538700000,1.484,1.507,1.482,1.498,907305.0,1732539599999,1357310.3381,5732,479589.0,717602.4802,0
1732539600000,1.497,1.507,1.472,1.488,1892031.3,1732540499999,2811593.4255,10179,993302.7,1476343.0963,0
1732540500000,1.488,1.488,1.453,1.479,1947639.1,1732541399999,2860526.0258,11652,896672.5,1317931.8055,0
1732541400000,1.48,1.48,1.464,1.476,847267.6,1732542299999,1248010.5247,7085,390482.0,575180.6359,0
1732542300000,1.476,1.488,1.47,1.471,809484.4,1732543199999,1197790.1088,5568,436284.8,645637.2539,0
1732543200000,1.472,1.496,1.471,1.494,630019.1,1732544099999,934023.4086,5786,359501.7,533060.9762,0
1732544100000,1.495,1.497,1.474,1.479,1117833.5,1732544999999,1659985.8468,8462,458853.4,681550.9064,0
1732545000000,1.479,1.493,1.47,1.476,1132741.7,1732545899999,1677936.5058,9657,580974.9,860356.4879,0
1732545900000,1.477,1.478,1.437,1.444,3010610.9,1732546799999,4375632.6679,18161,1356337.6,1970721.5432,0
1732546800000,1.445,1.461,1.414,1.451,4997575.7,1732547699999,7187351.1562,21015,2330496.9,3353740.0784,0
1732547700000,1.451,1.47,1.446,1.47,2356073.6,1732548599999,3431016.1721,13282,1253264.6,1825595.0921,0
1732548600000,1.469,1.476,1.453,1.47,1477439.6,1732549499999,2162253.1316,8405,724664.2,1060925.8529,0
1732549500000,1.47,1.504,1.465,1.482,1607682.1,1732550399999,2391209.6074,8986,781392.8,1161159.6065,0
1732550400000,1.483,1.51,1.475,1.501,2132750.7,1732551299999,3186152.4342,12915,1037316.2,1549679.8491,0
1732551300000,1.501,1.514,1.487,1.49,2300557.4,1732552199999,3451891.276,10522,857239.1,1286662.1382,0
1732552200000,1.491,1.496,1.453,1.459,2191469.0,1732553099999,3217543.0393,10223,1171999.3,1719160.4776,0
1732553100000,1.459,1.47,1.452,1.464,1409855.2,1732553999999,2058652.6358,7633,706296.3,1031491.7649,0
1732554000000,1.463,1.465,1.432,1.434,1389434.8,1732554899999,2010442.5937,9867,607330.1,878519.9952,0
1732554900000,1.434,1.451,1.431,1.435,1369839.1,1732555799999,1971063.146,10204,654852.9,942852.9344,0
1732555800000,1.434,1.45,1.427,1.427,1448538.2,1732556699999,2082276.5905,8464,806546.2,1160092.7735,0
1732556700000,1.428,1.444,1.425,1.443,725107.8,1732557599999,1040609.7476,5794,437422.4,627768.5255,0
1732557600000,1.444,1.453,1.435,1.453,1353414.5,1732558499999,1950772.1724,6293,762039.9,1098351.8686,0
1732558500000,1.453,1.455,1.439,1.444,549634.2,1732559399999,796234.228,3954,253589.1,367401.1932,0
1732559400000,1.443,1.446,1.433,1.436,646674.0,1732560299999,931828.7754,3759,277410.9,399850.9707,0
1732560300000,1.435,1.442,1.429,1.438,517915.8,1732561199999,743317.4049,3376,227275.9,326343.8945,0
1732561200000,1.438,1.444,1.43,1.441,845215.0,1732562099999,1215245.6882,3553,431827.5,621121.2501,0
1732562100000,1.441,1.451,1.43,1.451,670573.4,1732562999999,963751.5802,4223,302821.9,435615.3455,0
1732563000000,1.45,1.456,1.443,1.455,574268.1,1732563899999,832714.7817,3821,315148.4,457170.2151,0
1732563900000,1.454,1.463,1.449,1.451,875496.9,1732564799999,1275449.2604,4959,468008.4,681873.7779,0
1732564800000,1.45,1.465,1.442,1.462,932576.5,1732565699999,1356407.5528,6537,505026.1,734609.6408,0
1732565700000,1.462,1.474,1.455,1.471,781743.5,1732566599999,1144822.7344,5170,449054.3,657370.5602,0
1732566600000,1.471,1.481,1.464,1.465,1180422.8,1732567499999,1740759.3593,4972,534993.4,788738.2627,0
1732567500000,1.465,1.47,1.458,1.469,1049339.0,1732568399999,1535732.7471,5732,497284.0,727784.1284,0
1732568400000,1.469,1.471,1.456,1.464,624855.1,1732569299999,914545.161,3790,306718.6,449089.5087,0
1732569300000,1.465,1.468,1.45,1.451,605061.7,1732570199999,882206.7322,3664,258887.5,377386.0404,0
1732570200000,1.451,1.453,1.427,1.427,802365.2,1732571099999,1155979.0669,5780,331005.0,476829.8871,0
1732571100000,1.427,1.445,1.423,1.443,1541589.5,1732571999999,2209621.8237,9051,680977.8,975686.1154,0
1732572000000,1.443,1.452,1.436,1.447,712054.3,1732572899999,1028321.1827,4131,363034.1,524259.0756,0
1732572900000,1.447,1.447,1.416,1.425,1248883.6,1732573799999,1782567.3487,5764,547926.9,781961.1252,0
1732573800000,1.425,1.427,1.398,1.419,1768398.9,1732574699999,2493521.6582,8534,704229.4,994469.9126,0
1732574700000,1.419,1.451,1.417,1.444,645127.1,1732575599999,928210.1191,4779,351176.8,505411.816,0
1732575600000,1.444,1.449,1.43,1.449,643537.4,1732576499999,927089.9755,6140,326127.5,469915.753,0
1732576500000,1.448,1.449,1.435,1.439,367376.9,1732577399999,529359.2316,3929,173526.6,250118.4521,0
1732577400000,1.439,1.443,1.43,1.438,339468.6,1732578299999,488171.7291,3703,156911.2,225729.4934,0
1732578300000,1.438,1.439,1.419,1.431,572920.9,1732579199999,818315.3437,5368,259910.8,371549.3137,0
1732579200000,1.431,1.442,1.41,1.436,1368292.3,1732580099999,1949477.7771,11739,612437.7,873311.2934,0
1732580100000,1.436,1.458,1.429,1.456,1464664.6,1732580999999,2121339.4972,8686,845831.4,1225628.6844,0
1732581000000,1.457,1.461,1.449,1.456,613460.3,1732581899999,892995.5033,5600,248692.1,362110.791,0
1732581900000,1.455,1.457,1.436,1.437,399539.0,1732582799999,578204.4819,3489,149583.0,216625.4593,0
1732582800000,1.437,1.451,1.394,1.439,1526640.9,1732583699999,2194449.1734,9526,451963.0,651002.9161,0
1732583700000,1.44,1.453,1.438,1.45,609410.5,1732584599999,880852.3828,3863,306926.0,443680.9092,0
1732584600000,1.45,1.457,1.442,1.448,436939.2,1732585499999,633769.258,3168,242451.3,351594.3809,0
1732585500000,1.448,1.46,1.444,1.458,367191.7,1732586399999,534131.2814,2887,205031.5,298221.0307,0
1732586400000,1.457,1.462,1.453,1.456,276250.2,1732587299999,402451.2955,2790,105568.2,153845.4989,0
1732587300000,1.456,1.462,1.454,1.455,388082.1,1732588199999,565988.7125,1903,152525.2,222394.8784,0
1732588200000,1.456,1.464,1.453,1.461,274381.4,1732589099999,400230.8368,1883,147864.7,215746.0997,0
1732589100000,1.462,1.467,1.456,1.456,207905.3,1732589999999,303703.1635,2050,120211.7,175652.9681,0
1732590000000,1.456,1.462,1.442,1.448,358811.1,1732590899999,521052.7265,3070,217863.0,316566.9762,0
1732590900000,1.448,1.448,1.437,1.442,411240.6,1732591799999,593034.8097,2224,245064.0,353428.1273,0
1732591800000,1.442,1.452,1.439,1.449,326631.9,1732592699999,471896.3385,2868,148864.9,215276.6686,0
1732592700000,1.449,1.452,1.443,1.446,274065.0,1732593599999,396976.106,2253,123771.2,179297.1815,0
1732593600000,1.445,1.448,1.43,1.438,392133.9,1732594499999,563668.6278,2893,230792.0,331712.6747,0
1732594500000,1.438,1.452,1.434,1.449,657693.6,1732595399999,947314.9692,3530,252076.5,363382.7394,0
1732595400000,1.449,1.459,1.447,1.453,280495.0,1732596299999,407581.5685,2321,146826.9,213309.9658,0
1732596300000,1.452,1.457,1.448,1.452,177585.3,1732597199999,257844.7023,1726,70482.8,102339.6422,0
1732597200000,1.452,1.46,1.449,1.451,241766.6,1732598099999,351713.5495,2067,122935.4,178819.9044,0
1732598100000,1.451,1.463,1.449,1.46,287073.0,1732598999999,418239.2253,2695,174953.8,254959.3846,0
1732599000000,1.46,1.465,1.458,1.459,197008.3,1732599899999,287838.1504,1829,92671.1,135385.6835,0
1732599900000,1.46,1.467,1.456,1.466,267519.6,1732600799999,391136.4925,2535,139255.2,203602.4224,0
1732600800000,1.467,1.469,1.459,1.461,232950.4,1732601699999,340969.6174,1920,111507.5,163254.3449,0
1732601700000,1.46,1.471,1.458,1.47,304738.3,1732602599999,446079.5752,1784,206810.2,302707.5018,0
1732602600000,1.47,1.47,1.458,1.46,360861.5,1732603499999,527836.2986,2724,98747.7,144454.6363,0
1732603500000,1.46,1.462,1.441,1.442,359029.5,1732604399999,520587.6633,2795,107325.5,155796.2593,0
1732604400000,1.442,1.445,1.43,1.431,398827.9,1732605299999,572685.4056,3471,182510.6,262138.8096,0
1732605300000,1.431,1.441,1.43,1.44,1189620.9,1732606199999,1704824.3072,6589,452859.2,649723.7934,0
1732606200000,1.44,1.441,1.425,1.426,691031.6,1732607099999,989092.4659,3700,178201.6,255178.5654,0
1732607100000,1.427,1.431,1.416,1.424,528581.8,1732607999999,751851.1931,3997,240980.7,342917.8273,0
1732608000000,1.423,1.428,1.41,1.41,689815.9,1732608899999,979544.5828,6390,312221.3,443604.7279,0
1732608900000,1.41,1.414,1.39,1.391,1544446.7,1732609799999,2163553.7433,13430,664317.4,930688.4899,0
1732609800000,1.39,1.399,1.383,1.395,1339930.8,1732610699999,1861619.9797,10595,569799.0,791685.6055,0
1732610700000,1.395,1.398,1.382,1.395,1169664.5,1732611599999,1624658.5602,8843,574119.1,797705.0199,0
1732611600000,1.395,1.409,1.389,1.408,857613.0,1732612499999,1200904.2014,6931,495548.0,694118.6452,0
1732612500000,1.408,1.411,1.399,1.402,580039.7,1732613399999,814968.6373,4308,338500.6,475784.8994,0
1732613400000,1.402,1.409,1.389,1.395,463177.2,1732614299999,646593.5664,4504,198192.7,276834.2943,0
1732614300000,1.394,1.405,1.38,1.399,1007943.9,1732615199999,1400420.0973,6461,434561.6,604601.4783,0
1732615200000,1.4,1.405,1.389,1.392,826279.8,1732616099999,1154528.7745,5046,442131.3,617853.4655,0
1732616100000,1.392,1.393,1.38,1.389,1033334.4,1732616999999,1430294.8937,5424,488031.5,675711.8195,0
1732617000000,1.389,1.392,1.371,1.374,1022471.8,1732617899999,1412489.1677,6022,334156.9,461988.1589,0
1732617900000,1.375,1.379,1.36,1.362,1633635.2,1732618799999,2233438.8026,10482,675916.4,924225.4696,0
1732618800000,1.361,1.375,1.35,1.368,2018255.5,1732619699999,2744526.4697,11721,843113.9,1148096.5661,0
1732619700000,1.369,1.372,1.334,1.336,1734806.8,1732620599999,2341450.1629,10586,616016.6,832572.4118,0
1732620600000,1.335,1.345,1.321,1.323,3678357.8,1732621499999,4903179.2172,19440,1667616.7,2223287.3302,0
1732621500000,1.323,1.373,1.319,1.356,2638188.6,1732622399999,3551038.3576,15911,1546200.8,2083269.1012,0
1732622400000,1.355,1.363,1.337,1.362,1723306.0,1732623299999,2321938.5478,14881,908780.0,1225090.9332,0
1732623300000,1.363,1.367,1.347,1.35,1520445.5,1732624199999,2062185.039,12204,651717.2,884433.4379,0
1732624200000,1.35,1.354,1.331,1.333,1333248.8,1732625099999,1790369.4135,8969,614590.1,825553.0427,0
1732625100000,1.334,1.336,1.312,1.328,1707142.5,1732625999999,2257804.7585,10842,724869.7,958627.7921,0
1732626000000,1.328,1.339,1.317,1.337,1387597.8,1732626899999,1845205.0555,12097,679660.6,904563.4259,0
1732626900000,1.336,1.35,1.336,1.339,935968.3,1732627799999,1255770.5828,7629,535925.6,719084.4281,0
1732627800000,1.338,1.343,1.332,1.34,732107.3,1732628699999,979029.8089,7204,389681.3,521227.2585,0
1732628700000,1.34,1.346,1.335,1.335,671392.4,1732629599999,900404.4752,5664,296636.4,397950.6106,0
1732629600000,1.335,1.337,1.312,1.326,1902693.9,1732630499999,2513434.8844,11319,830484.1,1097746.5226,0
1732630500000,1.326,1.342,1.323,1.334,1432158.8,1732631399999,1910099.2127,11710,693157.1,924729.7689,0
1732631400000,1.333,1.365,1.322,1.356,3222677.1,1732632299999,4351986.0021,15643,1394028.3,1880070.6683,0
1732632300000,1.356,1.367,1.354,1.358,2012814.3,1732633199999,2741300.7551,11776,1002265.6,1365378.6399,0
1732633200000,1.358,1.361,1.344,1.353,1109438.8,1732634099999,1502051.801,8774,499868.7,676820.7937,0
1732634100000,1.353,1.354,1.33,1.345,1242838.9,1732634999999,1667470.8374,8580,588557.1,790528.9966,0
1732635000000,1.344,1.351,1.336,1.351,817519.3,1732635899999,1098952.9842,6509,473863.4,637420.7309,0
1732635900000,1.35,1.352,1.333,1.333,517490.1,1732636799999,695238.5683,4913,203253.1,273094.1668,0
1732636800000,1.333,1.346,1.323,1.346,1196334.7,1732637699999,1599129.0547,7488,661398.0,884672.1933,0
1732637700000,1.346,1.37,1.344,1.365,1237087.8,1732638599999,1684038.1941,6251,642681.9,874916.8652,0
1732638600000,1.365,1.376,1.358,1.375,1369724.8,1732639499999,1873463.4173,8222,732323.8,1002153.5808,0
1732639500000,1.375,1.379,1.359,1.366,1075298.5,1732640399999,1471330.2804,4950,550570.1,753442.8555,0
1732640400000,1.366,1.367,1.346,1.349,815014.1,1732641299999,1106568.8251,5810,352666.3,478664.756,0
1732641300000,1.348,1.366,1.345,1.366,608262.0,1732642199999,825768.7774,4169,340877.4,463135.3524,0
1732642200000,1.365,1.366,1.353,1.357,692804.8,1732643099999,941762.3597,3823,276966.5,376621.1941,0
1732643100000,1.356,1.363,1.355,1.36,451974.1,1732643999999,614812.4705,2895,231541.9,314965.3159,0
1732644000000,1.36,1.364,1.343,1.344,834305.4,1732644899999,1128812.2181,5331,303649.0,410917.7322,0
1732644900000,1.345,1.346,1.328,1.328,1213248.8,1732645799999,1620301.8269,8074,464000.0,619836.0362,0
1732645800000,1.328,1.333,1.312,1.331,2373215.7,1732646699999,3134092.5,13132,1076926.0,1421707.5692,0
1732646700000,1.332,1.344,1.33,1.33,1253445.7,1732647599999,1674111.9985,7819,504838.9,674208.3865,0
1732647600000,1.331,1.346,1.326,1.343,1424218.9,1732648499999,1903317.3355,9116,719288.7,961521.9966,0
1732648500000,1.343,1.343,1.326,1.335,1111920.4,1732649399999,1482297.6502,7213,515902.2,687761.1548,0
1732649400000,1.335,1.346,1.327,1.341,682261.8,1732650299999,912833.4289,4173,364808.8,488179.605,0
1732650300000,1.341,1.347,1.337,1.347,689398.9,1732651199999,924787.0538,3569,345916.9,464073.763,0
1732651200000,1.346,1.36,1.341,1.357,1111427.9,1732652099999,1500907.8494,5846,487388.6,658955.2858,0
1732652100000,1.358,1.36,1.346,1.353,606274.7,1732652999999,819318.2594,4729,294852.8,398543.3794,0
1732653000000,1.354,1.36,1.34,1.36,1957512.3,1732653899999,2640562.9137,9878,615599.4,830330.6753,0
1732653900000,1.36,1.37,1.359,1.364,897131.8,1732654799999,1224738.9635,5643,508458.0,694173.6316,0
1732654800000,1.362,1.368,1.351,1.359,757547.8,1732655699999,1029316.8265,5163,389491.2,529247.5437,0
1732655700000,1.36,1.372,1.358,1.365,479276.9,1732656599999,653846.0154,3426,272877.6,372374.7587,0
1732656600000,1.364,1.367,1.354,1.36,950340.1,1732657499999,1291935.5058,4251,452916.8,615984.7571,0
1732657500000,1.36,1.365,1.353,1.359,594335.7,1732658399999,808160.4911,3731,281358.2,382564.0489,0
1732658400000,1.36,1.374,1.355,1.365,633666.9,1732659299999,865163.7944,4301,319022.4,435723.8388,0
1732659300000,1.365,1.371,1.363,1.37,388783.0,1732660199999,531185.6448,2785,179762.8,245633.2923,0
1732660200000,1.369,1.372,1.365,1.369,434248.5,1732661099999,594686.6864,2142,258785.2,354483.8636,0
1732661100000,1.368,1.372,1.36,1.362,269804.7,1732661999999,368901.2161,3048,138397.1,189259.4325,0
1732662000000,1.361,1.37,1.357,1.368,417691.1,1732662899999,569707.4132,3942,217888.6,297323.4925,0
1732662900000,1.369,1.372,1.365,1.367,328893.6,1732663799999,449844.1413,5403,191761.4,262260.5588,0
1732663800000,1.366,1.377,1.366,1.374,262186.5,1732664699999,360035.8124,2617,158047.4,217106.4035,0
1732664700000,1.374,1.379,1.368,1.378,279798.1,1732665599999,384332.9907,1744,142019.8,195148.8184,0
1732665600000,1.378,1.386,1.368,1.385,659735.5,1732666499999,908546.4438,4974,336860.8,464126.6637,0
1732666500000,1.385,1.392,1.378,1.38,573008.7,1732667399999,793250.807,4861,286317.8,396673.2915,0
1732667400000,1.38,1.382,1.357,1.359,467929.5,1732668299999,640407.711,4665,170862.6,234279.3622,0
1732668300000,1.36,1.368,1.356,1.359,352660.6,1732669199999,480165.148,3343,185805.2,253060.0352,0
1732669200000,1.36,1.368,1.35,1.368,443489.2,1732670099999,602546.3595,4027,200429.8,272307.966,0
1732670100000,1.368,1.379,1.363,1.37,630225.6,1732670999999,865021.1067,5394,327398.2,449323.4818,0
1732671000000,1.37,1.377,1.363,1.374,345979.2,1732671899999,474572.1164,3344,148772.6,204113.7697,0
1732671900000,1.375,1.383,1.374,1.379,416289.7,1732672799999,574212.9672,3411,215592.8,297402.7458,0
1732672800000,1.38,1.385,1.366,1.366,450010.2,1732673699999,619259.0839,2812,165390.9,228032.0004,0
1732673700000,1.365,1.382,1.362,1.379,730703.2,1732674599999,1003408.9058,4318,381976.1,524514.8363,0
1732674600000,1.379,1.384,1.374,1.38,492312.8,1732675499999,678591.7755,3544,216691.2,298740.0981,0
1732675500000,1.38,1.387,1.379,1.386,263339.9,1732676399999,364540.4346,2059,144271.9,199759.0143,0
1732676400000,1.386,1.387,1.379,1.385,416476.4,1732677299999,576229.0034,2791,163526.7,226305.8781,0
1732677300000,1.384,1.387,1.372,1.378,326911.8,1732678199999,450736.1719,2697,198054.8,273113.2078,0
1732678200000,1.378,1.38,1.37,1.379,358095.7,1732679099999,492050.4132,2875,205961.1,283153.5223,0
1732679100000,1.379,1.382,1.37,1.37,206824.0,1732679999999,284360.0304,1869,78086.0,107362.0217,0
1732680000000,1.37,1.384,1.368,1.383,256561.6,1732680899999,353253.743,2224,131832.6,181576.5605,0
1732680900000,1.383,1.397,1.38,1.393,618019.3,1732681799999,859394.6261,3401,405530.8,564111.1684,0
1732681800000,1.393,1.396,1.381,1.387,513352.4,1732682699999,712364.0646,3484,251514.4,349061.5488,0
1732682700000,1.387,1.391,1.377,1.381,343017.0,1732683599999,474069.2866,1961,202220.5,279505.4523,0
1732683600000,1.382,1.385,1.374,1.376,344618.7,1732684499999,475326.1588,2195,155776.6,214870.9423,0
1732684500000,1.376,1.385,1.369,1.384,326284.2,1732685399999,449085.4906,2741,166270.1,229029.7872,0
1732685400000,1.384,1.393,1.383,1.389,246510.5,1732686299999,342406.6824,1767,138226.5,191989.8861,0
1732686300000,1.389,1.389,1.378,1.38,298167.5,1732687199999,412527.5002,1592,126025.4,174338.1632,0
1732687200000,1.38,1.396,1.379,1.396,566109.9,1732688099999,785930.1431,2492,384462.5,533941.3948,0
1732688100000,1.396,1.414,1.394,1.406,832123.6,1732688999999,1169908.2542,5285,528538.0,743026.2511,0
1732689000000,1.406,1.412,1.401,1.404,455133.9,1732689899999,640060.4739,3478,193496.4,272190.6061,0
1732689900000,1.404,1.405,1.394,1.399,538326.6,1732690799999,753382.4168,2589,177960.5,249034.9743,0
1732690800000,1.399,1.414,1.396,1.412,426889.8,1732691699999,600569.9782,3030,268413.8,377580.0935,0
1732691700000,1.411,1.418,1.403,1.403,533188.8,1732692599999,752718.2996,3248,250428.4,353893.0542,0
1732692600000,1.404,1.414,1.403,1.413,472920.5,1732693499999,666628.0142,2763,261801.7,369055.5735,0
1732693500000,1.413,1.413,1.399,1.401,557095.2,1732694399999,782677.5703,3028,267185.3,375412.9465,0
1732694400000,1.402,1.418,1.4,1.409,690697.0,1732695299999,973962.1418,4748,364910.0,514593.3718,0
1732695300000,1.409,1.42,1.402,1.415,1511113.9,1732696199999,2135384.7123,7437,772229.7,1090314.5004,0
1732696200000,1.415,1.422,1.41,1.417,444616.0,1732697099999,629869.4213,3940,259749.4,368029.9852,0
1732697100000,1.417,1.421,1.411,1.416,492297.4,1732697999999,696864.0609,3571,260795.9,369171.3477,0
1732698000000,1.416,1.417,1.402,1.403,497793.4,1732698899999,700239.2798,3500,226168.9,318181.048,0
1732698900000,1.403,1.407,1.4,1.405,451871.0,1732699799999,634171.2094,3686,257549.7,361531.7435,0
1732699800000,1.405,1.406,1.394,1.404,459553.5,1732700699999,643381.3161,4660,223994.5,313679.4799,0
1732700700000,1.404,1.413,1.4,1.409,666568.6,1732701599999,938303.7444,3805,445472.7,627029.0803,0
1732701600000,1.41,1.417,1.407,1.415,717416.1,1732702499999,1012953.9882,3606,423640.9,598298.238,0
1732702500000,1.415,1.426,1.415,1.419,1277009.0,1732703399999,1815514.5264,5622,761193.4,1082179.1262,0
1732703400000,1.42,1.433,1.416,1.432,859827.8,1732704299999,1225316.7341,4904,547239.7,779889.6939,0
1732704300000,1.431,1.435,1.418,1.43,1216346.3,1732705199999,1735565.0477,5407,588148.5,839320.6873,0
1732705200000,1.431,1.44,1.426,1.439,1814630.1,1732706099999,2600326.0764,7592,827476.6,1186063.0835,0
1732706100000,1.439,1.441,1.423,1.433,1266656.3,1732706999999,1815567.5569,6757,688582.9,987270.9721,0
1732707000000,1.433,1.444,1.432,1.435,947216.1,1732707899999,1362543.5562,6710,521273.3,749982.8563,0
1732707900000,1.435,1.453,1.432,1.451,1512293.9,1732708799999,2182626.0548,7522,1008414.7,1455375.3697,0
1732708800000,1.452,1.453,1.436,1.44,1529299.1,1732709699999,2205567.2073,9220,754374.8,1087690.9629,0
1732709700000,1.441,1.449,1.426,1.426,1524552.4,1732710599999,2195261.4555,7729,510156.7,735145.7841,0
1732710600000,1.427,1.444,1.425,1.43,1708811.9,1732711499999,2450118.9319,6890,935807.2,1341188.8605,0
1732711500000,1.43,1.439,1.427,1.431,673204.4,1732712399999,964004.619,4107,316976.1,454059.353,0
1732712400000,1.431,1.447,1.43,1.439,740760.7,1732713299999,1066639.5958,5559,309735.3,446013.9156,0
1732713300000,1.44,1.45,1.431,1.446,736478.3,1732714199999,1060086.7193,4171,438997.6,632247.6078,0
1732714200000,1.445,1.449,1.434,1.436,1134955.1,1732715099999,1636822.4787,4544,550655.6,794290.0335,0
1732715100000,1.436,1.455,1.431,1.454,634616.9,1732715999999,915054.0883,3567,384741.5,555386.1272,0
1732716000000,1.454,1.461,1.442,1.447,1271401.9,1732716899999,1847115.5819,7282,628428.7,914448.3535,0
1732716900000,1.448,1.45,1.435,1.443,517967.1,1732717799999,747496.6698,4040,195746.8,282719.5034,0
1732717800000,1.443,1.456,1.437,1.452,795677.4,1732718699999,1152189.313,5619,404357.3,585257.3157,0
1732718700000,1.451,1.455,1.446,1.453,927930.0,1732719599999,1346045.9645,5045,448363.9,650602.3034,0
1732719600000,1.453,1.455,1.441,1.446,757365.6,1732720499999,1096951.124,3991,369513.6,535304.4598,0
1732720500000,1.447,1.451,1.436,1.45,905806.6,1732721399999,1308586.6038,5406,493255.4,712812.3411,0
1732721400000,1.45,1.46,1.448,1.458,810314.2,1732722299999,1179155.9507,4137,375273.1,546275.7562,0
1732722300000,1.459,1.462,1.439,1.445,1485992.4,1732723199999,2157142.4992,6759,653508.2,949446.7136,0
1732723200000,1.444,1.454,1.438,1.451,1095711.3,1732724099999,1584248.6361,5838,553874.5,800620.5693,0
1732724100000,1.451,1.46,1.451,1.459,1231535.1,1732724999999,1792425.5256,4837,771686.1,1123409.1393,0
1732725000000,1.46,1.464,1.453,1.457,874508.0,1732725899999,1275598.6062,4908,417288.3,608769.2535,0
1732725900000,1.456,1.459,1.446,1.457,1015039.9,1732726799999,1472973.9472,3704,365861.4,531196.3296,0
1732726800000,1.458,1.459,1.443,1.456,637360.6,1732727699999,924256.2884,3927,314024.4,455317.0222,0
1732727700000,1.456,1.503,1.453,1.495,5661485.4,1732728599999,8388475.6588,22986,3355538.1,4969864.484,0
1732728600000,1.496,1.501,1.482,1.49,1160084.9,1732729499999,1729196.094,5883,672259.3,1002555.7837,0
1732729500000,1.49,1.512,1.489,1.508,1829818.4,1732730399999,2751825.021,7497,1084470.6,1630917.1987,0
1732730400000,1.509,1.513,1.49,1.491,1590274.8,1732731299999,2384615.1167,6829,657574.9,986869.8167,0
1732731300000,1.491,1.501,1.488,1.49,686793.0,1732732199999,1026634.1503,3472,285348.8,426906.9303,0
1732732200000,1.489,1.496,1.486,1.494,433222.6,1732733099999,645927.6246,2999,236794.7,353110.7134,0
1732733100000,1.494,1.495,1.485,1.485,419013.6,1732733999999,624396.9469,2461,152893.2,227965.8374,0
1732734000000,1.485,1.493,1.485,1.488,570092.6,1732734899999,849120.6488,3069,249299.7,371324.3198,0
1732734900000,1.488,1.494,1.485,1.493,500659.9,1732735799999,746254.0758,2782,289485.1,431620.3797,0
1732735800000,1.494,1.5,1.491,1.495,736762.5,1732736699999,1102663.8116,3278,395635.5,592189.3222,0
1732736700000,1.495,1.497,1.487,1.489,507048.9,1732737599999,756057.0958,2661,239991.9,357980.112,0
1732737600000,1.488,1.498,1.487,1.496,454929.0,1732738499999,679405.7703,2745,287371.2,429308.1307,0
1732738500000,1.496,1.499,1.492,1.495,439673.3,1732739399999,657512.8773,2762,216432.7,323784.1562,0
1732739400000,1.495,1.496,1.48,1.486,874366.7,1732740299999,1299762.7468,4614,474564.9,705593.1249,0
1732740300000,1.485,1.487,1.476,1.479,734051.2,1732741199999,1086904.6767,4788,361729.1,535776.0097,0
1732741200000,1.48,1.485,1.475,1.483,548061.9,1732742099999,811068.4299,3614,271937.2,402584.139,0
1732742100000,1.483,1.483,1.47,1.475,501295.1,1732742999999,739331.2343,3181,207307.5,305857.6881,0
1732743000000,1.474,1.483,1.471,1.479,533032.2,1732743899999,787192.0545,3792,310052.4,458124.4264,0
1732743900000,1.48,1.481,1.472,1.477,318377.6,1732744799999,470117.199,2625,116796.5,172467.7251,0
1732744800000,1.477,1.482,1.472,1.473,678029.6,1732745699999,1000509.096,4087,310944.3,459207.29,0
1732745700000,1.474,1.491,1.471,1.489,565328.9,1732746599999,838330.5165,3541,375573.0,557087.9251,0
1732746600000,1.489,1.498,1.489,1.496,442607.9,1732747499999,661993.3915,1851,296993.3,444261.1102,0
1732747500000,1.497,1.508,1.49,1.503,723790.4,1732748399999,1085161.1946,3212,329177.7,493510.9964,0
1732748400000,1.504,1.512,1.495,1.5,807152.2,1732749299999,1213775.0016,5185,422189.3,635084.8334,0
1732749300000,1.502,1.508,1.496,1.498,761356.1,1732750199999,1142692.3885,4421,455907.8,684394.1837,0
1732750200000,1.499,1.513,1.495,1.511,755920.2,1732751099999,1137537.3564,4369,438760.7,660324.9757,0
1732751100000,1.511,1.513,1.504,1.507,505966.5,1732751999999,763220.995,2715,284541.1,429195.9077,0
1732752000000,1.507,1.517,1.497,1.515,886880.6,1732752899999,1334373.5489,6406,408842.3,615453.414,0
1732752900000,1.516,1.524,1.504,1.505,1296451.5,1732753799999,1962986.3144,7474,697882.3,1056916.0883,0
1732753800000,1.505,1.517,1.5,1.507,756143.1,1732754699999,1140477.1323,3988,388576.2,586029.1855,0
1732754700000,1.506,1.512,1.493,1.496,1178207.7,1732755599999,1768810.5714,5248,590339.2,886359.0815,0
1732755600000,1.495,1.505,1.493,1.499,742985.0,1732756499999,1113325.7524,5328,408143.7,611640.9592,0
1732756500000,1.499,1.503,1.493,1.493,465072.8,1732757399999,696868.0265,2998,252834.4,378812.6729,0
1732757400000,1.494,1.494,1.479,1.486,982248.6,1732758299999,1457989.0924,5286,388509.8,576746.4503,0
1732758300000,1.487,1.499,1.487,1.496,242542.6,1732759199999,362494.9178,1941,167581.6,250473.4083,0
1732759200000,1.497,1.498,1.481,1.484,612958.8,1732760099999,911241.3414,3000,201463.7,299447.2535,0
1732760100000,1.485,1.495,1.484,1.489,270821.7,1732760999999,403283.4361,1754,160105.7,238359.9169,0
1732761000000,1.489,1.491,1.479,1.484,481519.3,1732761899999,714387.7374,2723,201604.7,299225.9915,0
1732761900000,1.485,1.485,1.47,1.474,503423.7,1732762799999,744024.4008,3100,217134.1,321279.8058,0
1732762800000,1.475,1.478,1.465,1.474,750867.6,1732763699999,1104080.6894,5353,225417.3,331604.5238,0
1732763700000,1.475,1.478,1.453,1.458,594835.2,1732764599999,869289.9376,5292,198601.0,290291.779,0
1732764600000,1.457,1.465,1.449,1.462,574211.2,1732765499999,835688.5116,6325,255371.1,371868.3535,0
1732765500000,1.463,1.473,1.462,1.466,421840.4,1732766399999,618875.4508,3592,274320.8,402535.6922,0
1732766400000,1.467,1.469,1.458,1.463,328580.4,1732767299999,481129.8884,3584,124231.5,181944.1364,0
1732767300000,1.462,1.467,1.46,1.465,306296.6,1732768199999,448457.1756,2538,187820.6,275052.204,0
1732768200000,1.466,1.536,1.464,1.536,4637239.9,1732769099999,6989826.2154,22845,2387460.5,3594054.5784,0
1732769100000,1.536,1.542,1.505,1.51,2199575.8,1732769999999,3348990.0655,20025,1078699.6,1641384.9913,0
1732770000000,1.511,1.521,1.505,1.506,852326.7,1732770899999,1290263.7191,8849,461095.1,698215.8139,0
1732770900000,1.507,1.508,1.488,1.503,836369.6,1732771799999,1252851.484,5240,333733.2,500033.4491,0
1732771800000,1.502,1.503,1.487,1.487,462337.4,1732772699999,690353.1127,3080,233530.2,348721.905,0
1732772700000,1.488,1.492,1.479,1.482,461012.7,1732773599999,683840.4601,4075,222355.1,329860.698,0
1732773600000,1.482,1.493,1.476,1.48,1568554.0,1732774499999,2329759.6837,10319,791181.5,1175434.7855,0
1732774500000,1.48,1.49,1.476,1.487,802799.9,1732775399999,1192792.295,4795,349711.1,519524.3355,0
1732775400000,1.486,1.496,1.483,1.492,353295.3,1732776299999,527053.3301,2664,233683.0,348775.9186,0
1732776300000,1.493,1.494,1.481,1.483,834721.6,1732777199999,1242607.4983,3848,577453.4,860128.1103,0
1732777200000,1.483,1.493,1.478,1.487,496644.2,1732778099999,737691.2919,4147,168630.6,250703.6592,0
1732778100000,1.488,1.494,1.486,1.488,343002.6,1732778999999,510849.495,2390,192311.1,286442.9645,0
1732779000000,1.487,1.491,1.48,1.484,376296.0,1732779899999,558842.5864,2893,219507.8,326065.8224,0
1732779900000,1.484,1.486,1.47,1.476,594857.4,1732780799999,879331.3796,4399,246414.3,364166.1312,0
1732780800000,1.475,1.477,1.464,1.47,691741.2,1732781699999,1017908.4612,4472,334746.8,492623.0774,0
1732781700000,1.471,1.484,1.47,1.475,676814.1,1732782599999,1000226.7591,3894,455051.5,672525.8067,0
1732782600000,1.475,1.479,1.467,1.472,748075.6,1732783499999,1101641.7075,4679,284423.4,418936.0229,0
1732783500000,1.472,1.485,1.472,1.484,473918.6,1732784399999,701618.3793,3068,307582.3,455476.5236,0
1732784400000,1.483,1.485,1.468,1.473,438365.9,1732785299999,647193.6627,3706,221856.5,327535.1796,0
1732785300000,1.473,1.482,1.47,1.482,235822.8,1732786199999,348038.2907,1812,151148.3,223077.3807,0
1732786200000,1.481,1.488,1.477,1.478,315691.0,1732787099999,467701.6984,2539,142238.4,210803.3549,0
1732787100000,1.479,1.483,1.466,1.468,325388.1,1732787999999,480113.8316,2828,159219.7,235031.1936,0
1732788000000,1.468,1.473,1.457,1.473,854879.1,1732788899999,1251498.4914,5224,338505.7,495839.0023,0
1732788900000,1.472,1.478,1.464,1.474,639097.9,1732789799999,941192.7815,4434,304781.2,448987.1295,0
1732789800000,1.474,1.481,1.469,1.47,357700.2,1732790699999,527164.3035,2662,152425.2,224556.77,0
1732790700000,1.47,1.472,1.457,1.461,508366.2,1732791599999,743342.6672,3513,252823.4,369757.2623,0
1732791600000,1.46,1.468,1.453,1.457,731837.5,1732792499999,1068613.4711,3692,270151.4,394621.1298,0
1732792500000,1.458,1.465,1.45,1.46,567048.3,1732793399999,826761.4848,3204,238508.3,347813.3851,0
1732793400000,1.461,1.464,1.454,1.463,410453.3,1732794299999,599102.6443,2386,193986.4,283173.7736,0
1732794300000,1.463,1.474,1.462,1.472,697284.7,1732795199999,1024236.8224,3754,318759.3,468340.7751,0
1732795200000,1.471,1.473,1.462,1.468,399761.3,1732796099999,586665.2546,2894,189610.4,278384.9928,0
1732796100000,1.469,1.478,1.466,1.472,576976.3,1732796999999,849042.2833,2759,334432.8,492052.4414,0
1732797000000,1.472,1.476,1.466,1.467,481718.6,1732797899999,708250.2472,2599,275208.0,404638.5368,0
1732797900000,1.467,1.481,1.461,1.478,682312.1,1732798799999,1003770.1668,3337,407519.1,599965.9964,0
1732798800000,1.478,1.479,1.458,1.461,551440.4,1732799699999,808191.166,4173,219479.5,321721.9391,0
1732799700000,1.461,1.474,1.457,1.47,633618.3,1732800599999,930300.8598,4473,344570.9,505909.3478,0
1732800600000,1.471,1.472,1.456,1.47,538142.1,1732801499999,787794.7067,3639,255864.1,374750.5238,0
1732801500000,1.47,1.478,1.465,1.474,582516.1,1732802399999,856894.3958,3833,365424.5,537676.02,0
1732802400000,1.474,1.488,1.47,1.48,740773.5,1732803299999,1096288.0743,5516,416570.5,616581.0931,0
1732803300000,1.48,1.486,1.462,1.47,1111679.0,1732804199999,1636282.054,7018,596968.1,879056.7007,0
1732804200000,1.47,1.481,1.468,1.475,624676.5,1732805099999,921470.3652,4274,315262.2,464993.0329,0
1732805100000,1.476,1.513,1.475,1.497,1898102.1,1732805999999,2841575.8702,8117,1106133.6,1656781.7901,0
1732806000000,1.497,1.512,1.487,1.509,1592465.9,1732806899999,2394538.6533,9032,946231.7,1423126.5034,0
1732806900000,1.51,1.515,1.486,1.509,1979328.1,1732807799999,2968965.5379,12148,1064593.0,1597426.3895,0
1732807800000,1.509,1.512,1.488,1.497,1469086.9,1732808699999,2207165.1638,8971,754544.3,1133921.5083,0
1732808700000,1.498,1.5,1.475,1.491,1394714.1,1732809599999,2073460.089,6568,615923.4,915545.2924,0
1732809600000,1.491,1.526,1.489,1.525,2109321.3,1732810499999,3189967.5343,10060,1265880.1,1915663.4002,0
1732810500000,1.525,1.557,1.514,1.554,6765423.8,1732811399999,10411663.867,28633,3742338.3,5761581.4163,0
1732811400000,1.554,1.586,1.547,1.576,5430641.4,1732812299999,8503127.3765,26889,2903101.3,4547725.6619,0
1732812300000,1.576,1.585,1.555,1.571,4473196.2,1732813199999,7030344.5182,23364,2031957.5,3194836.8696,0
1732813200000,1.57,1.585,1.555,1.579,2597338.8,1732814099999,4074323.2858,17762,1270471.8,1993220.9786,0
1732814100000,1.579,1.6,1.576,1.585,3141635.3,1732814999999,4997451.4489,19180,1684511.0,2679949.5923,0
1732815000000,1.585,1.607,1.58,1.601,2455456.3,1732815899999,3916656.8651,14218,1440965.8,2300246.4204,0
1732815900000,1.601,1.626,1.598,1.614,4013645.7,1732816799999,6478683.6166,34547,1988715.3,3210583.6948,0
1732816800000,1.615,1.634,1.598,1.634,2979506.5,1732817699999,4808576.9541,18608,1577080.8,2546419.8289,0
1732817700000,1.634,1.64,1.623,1.629,3124533.7,1732818599999,5094434.0642,43407,1686218.3,2750402.4574,0
1732818600000,1.629,1.678,1.614,1.675,5389875.6,1732819499999,8893552.0489,22431,3097937.6,5112184.3383,0
1732819500000,1.674,1.698,1.658,1.697,5909952.3,1732820399999,9928139.0024,24600,3470176.9,5831154.2906,0
1732820400000,1.696,1.715,1.676,1.677,5340731.7,1732821299999,9043815.6162,27797,2738597.8,4642319.8134,0
1732821300000,1.678,1.703,1.674,1.679,2595860.5,1732822199999,4377222.443,17300,1350495.4,2277992.5398,0
1732822200000,1.679,1.693,1.674,1.679,1776317.7,1732823099999,2989956.3125,12526,861205.7,1449911.4214,0
1732823100000,1.679,1.689,1.653,1.678,2562824.1,1732823999999,4273966.4045,17027,1137110.2,1897198.779,0
1732824000000,1.677,1.681,1.656,1.662,1964244.6,1732824899999,3272191.4318,14620,859145.1,1431895.5442,0
1732824900000,1.662,1.669,1.652,1.658,1710798.5,1732825799999,2841916.6138,11781,757056.1,1257679.4666,0
1732825800000,1.658,1.688,1.654,1.679,2919409.0,1732826699999,4887271.0379,16226,1531803.3,2564477.2873,0
1732826700000,1.679,1.711,1.676,1.706,2686774.5,1732827599999,4562309.5711,18510,1617511.6,2746374.5444,0
1732827600000,1.706,1.72,1.688,1.714,2322773.1,1732828499999,3954997.3511,16859,1207117.3,2057666.6001,0
1732828500000,1.715,1.753,1.714,1.73,5248256.5,1732829399999,9125885.7264,33202,2822361.6,4908686.3111,0
1732829400000,1.73,1.743,1.715,1.728,2349233.1,1732830299999,4056323.7095,16128,1152262.9,1990919.6062,0
1732830300000,1.728,1.74,1.708,1.723,2776295.8,1732831199999,4780891.8964,13473,1191554.7,2052486.542,0
1732831200000,1.723,1.743,1.718,1.719,2051480.3,1732832099999,3549031.2198,10739,1189400.4,2057810.3883,0
1732832100000,1.719,1.723,1.701,1.713,2351365.3,1732832999999,4023499.0582,13193,1065410.9,1823178.3403,0
1732833000000,1.712,1.734,1.709,1.726,1364326.7,1732833899999,2349028.43,9630,807135.0,1389594.117,0
1732833900000,1.726,1.726,1.711,1.722,1113253.5,1732834799999,1912542.8127,6862,559955.3,962509.1559,0
1732834800000,1.722,1.726,1.701,1.714,1410145.6,1732835699999,2411599.2932,10369,705649.4,1207178.0135,0
1732835700000,1.714,1.719,1.701,1.716,969720.4,1732836599999,1657297.4012,7347,497542.6,850675.3645,0
1732836600000,1.716,1.717,1.692,1.696,1880053.9,1732837499999,3198320.3509,9442,717356.9,1220436.6925,0
1732837500000,1.696,1.698,1.676,1.677,1997318.6,1732838399999,3364715.4577,10303,754650.4,1271853.788,0
1732838400000,1.677,1.689,1.665,1.67,2053152.2,1732839299999,3439662.2235,12511,921589.0,1544713.0723,0
1732839300000,1.67,1.673,1.649,1.652,2003557.5,1732840199999,3323659.5201,12639,670870.4,1113576.3866,0
1732840200000,1.652,1.653,1.619,1.62,3450878.7,1732841099999,5632324.8838,18642,1108427.8,1808714.3699,0
1732841100000,1.62,1.63,1.595,1.595,2068760.1,1732841999999,3331586.8498,13510,806715.2,1300921.5378,0
1732842000000,1.596,1.631,1.595,1.62,2548985.1,1732842899999,4126028.6328,23785,1594863.7,2581174.4246,0
1732842900000,1.62,1.625,1.61,1.615,962359.9,1732843799999,1556572.6102,8923,461146.0,746475.2107,0
1732843800000,1.615,1.615,1.601,1.604,651288.8,1732844699999,1046230.2044,4586,255111.5,410012.0218,0
1732844700000,1.605,1.608,1.593,1.596,745239.7,1732845599999,1193431.3955,4082,309847.2,496648.5907,0
1732845600000,1.595,1.611,1.595,1.604,1113443.9,1732846499999,1786318.9809,6288,610748.2,980016.1182,0
1732846500000,1.605,1.613,1.599,1.609,813059.4,1732847399999,1306461.8741,5468,459575.8,738616.3015,0
1732847400000,1.61,1.613,1.601,1.605,465561.1,1732848299999,747827.28,4371,242508.9,389634.5364,0
1732848300000,1.605,1.611,1.595,1.598,915441.7,1732849199999,1465917.5441,4673,323378.2,517870.6401,0
1732849200000,1.598,1.6,1.589,1.596,940077.2,1732850099999,1499597.6095,5082,396953.2,633533.169,0
1732850100000,1.597,1.616,1.591,1.614,772731.3,1732850999999,1239583.4185,4827,484923.1,778570.8285,0
1732851000000,1.614,1.618,1.607,1.614,1501035.4,1732851899999,2421498.9413,5577,605178.2,976375.2797,0
1732851900000,1.613,1.613,1.594,1.597,1280301.6,1732852799999,2049012.8157,4854,534520.4,854868.8073,0
1732852800000,1.597,1.602,1.594,1.598,394621.0,1732853699999,630732.8622,2508,186665.6,298412.9581,0
1732853700000,1.598,1.601,1.593,1.601,563362.1,1732854599999,899627.6117,2860,310127.8,495256.3389,0
1732854600000,1.601,1.61,1.591,1.61,589358.6,1732855499999,942271.8675,4054,312945.8,500647.6812,0
1732855500000,1.61,1.621,1.605,1.62,1113259.2,1732856399999,1795349.1305,5717,600983.1,969284.2086,0
1732856400000,1.62,1.653,1.617,1.652,2442347.3,1732857299999,4000362.0713,12123,1448572.9,2372746.4854,0
1732857300000,1.652,1.654,1.621,1.621,1500082.0,1732858199999,2450638.7751,8251,614240.2,1004031.742,0
1732858200000,1.622,1.64,1.61,1.632,1701024.5,1732859099999,2758874.8528,8500,933130.7,1513023.063,0
1732859100000,1.632,1.633,1.619,1.627,675385.6,1732859999999,1096818.5624,3725,208619.1,338897.4171,0
1732860000000,1.627,1.629,1.61,1.61,960308.6,1732860899999,1556186.2447,4183,474986.9,769966.2524,0
1732860900000,1.611,1.627,1.608,1.624,582943.3,1732861799999,941726.7494,3942,255811.3,413544.4709,0
1732861800000,1.624,1.625,1.616,1.618,402675.3,1732862699999,652471.5334,2561,167292.5,271106.0833,0
1732862700000,1.618,1.623,1.607,1.615,770346.2,1732863599999,1244158.8555,4150,341652.1,552167.9063,0
1732863600000,1.615,1.615,1.596,1.602,1609124.0,1732864499999,2581851.1037,7105,575378.9,923175.8012,0
1732864500000,1.603,1.603,1.59,1.597,638542.8,1732865399999,1019178.5165,4281,270867.4,432323.1035,0
1732865400000,1.598,1.608,1.592,1.606,650735.4,1732866299999,1040925.3535,3726,399377.2,638861.4642,0
1732866300000,1.606,1.607,1.592,1.606,670975.7,1732867199999,1073572.0336,3844,317547.6,508022.1218,0
1732867200000,1.606,1.624,1.605,1.613,1151482.5,1732868099999,1856470.7497,7246,590820.9,952613.9233,0
1732868100000,1.614,1.628,1.611,1.626,991532.0,1732868999999,1607349.5774,5139,588744.4,954571.2765,0
1732869000000,1.625,1.629,1.615,1.619,691037.3,1732869899999,1119205.6697,4280,317224.6,513736.0766,0
1732869900000,1.619,1.627,1.618,1.626,630945.3,1732870799999,1024368.4587,4350,388351.2,630599.5605,0
1732870800000,1.626,1.639,1.622,1.637,1237332.0,1732871699999,2020302.0514,7370,819198.2,1337735.0277,0
1732871700000,1.637,1.646,1.63,1.64,1253748.8,1732872599999,2053277.0205,7598,706022.6,1156394.6027,0
1732872600000,1.639,1.649,1.63,1.649,1685213.5,1732873499999,2756171.0467,7335,1068234.9,1746731.9233,0
1732873500000,1.649,1.658,1.641,1.641,1526241.6,1732874399999,2518877.6655,7700,841329.0,1388796.5173,0
1732874400000,1.641,1.652,1.634,1.641,1267643.7,1732875299999,2082798.1002,7426,582071.5,956748.2711,0
1732875300000,1.641,1.643,1.629,1.643,1024389.5,1732876199999,1673703.2636,7657,449798.0,735122.6215,0
1732876200000,1.643,1.647,1.635,1.638,584243.6,1732877099999,958352.9438,5022,314531.2,516157.0476,0
1732877100000,1.638,1.649,1.633,1.648,739110.2,1732877999999,1212897.7852,3919,425113.1,697676.0488,0
1732878000000,1.648,1.649,1.635,1.636,700946.1,1732878899999,1150751.3495,4423,342066.2,561697.5698,0
1732878900000,1.636,1.647,1.633,1.641,707512.9,1732879799999,1160399.6657,4015,414958.3,680799.9583,0
1732879800000,1.641,1.65,1.639,1.641,768425.8,1732880699999,1264198.5365,4781,483889.4,796233.1626,0
1732880700000,1.641,1.644,1.635,1.637,609297.3,1732881599999,998595.746,4350,315301.8,516749.0911,0
1732881600000,1.636,1.644,1.629,1.631,1228247.0,1732882499999,2007794.3124,5563,505288.8,826059.7635,0
1732882500000,1.631,1.64,1.624,1.63,1563601.5,1732883399999,2551189.7985,7144,833412.7,1360061.9877,0
1732883400000,1.629,1.632,1.606,1.614,2279861.6,1732884299999,3684464.797,8546,1103065.5,1780224.7143,0
1732884300000,1.614,1.62,1.609,1.62,1416997.7,1732885199999,2286462.9495,6562,704916.8,1137286.4523,0
1732885200000,1.62,1.635,1.618,1.633,842517.0,1732886099999,1370043.0153,4928,480044.6,780616.196,0
1732886100000,1.633,1.634,1.615,1.619,1261086.9,1732886999999,2048927.5419,4770,513717.8,834850.4718,0
1732887000000,1.619,1.634,1.618,1.629,594731.2,1732887899999,968516.288,3754,327508.3,533517.3129,0
1732887900000,1.628,1.635,1.626,1.633,778975.8,1732888799999,1270721.6157,3048,486737.7,794167.0728,0
1732888800000,1.634,1.635,1.619,1.619,1239445.2,1732889699999,2014641.3133,4354,469514.7,763210.1831,0
1732889700000,1.62,1.629,1.61,1.628,874838.4,1732890599999,1417653.6887,4643,416031.8,674556.5303,0
1732890600000,1.629,1.631,1.624,1.63,660082.2,1732891499999,1073910.4221,4565,326338.5,530950.4887,0
1732891500000,1.63,1.639,1.629,1.634,698594.9,1732892399999,1141239.4714,4929,356160.3,581891.3687,0
1732892400000,1.634,1.661,1.631,1.651,2556017.2,1732893299999,4214805.6375,9255,1443967.9,2379927.8385,0
1732893300000,1.651,1.652,1.638,1.638,1063162.2,1732894199999,1749266.8854,6834,508228.3,836391.9826,0
1732894200000,1.638,1.641,1.623,1.64,1541923.8,1732895099999,2515803.8948,7933,723850.7,1181640.3944,0
1732895100000,1.64,1.643,1.627,1.631,1030210.0,1732895999999,1684537.0829,5197,388097.9,634852.1078,0
1732896000000,1.632,1.66,1.63,1.656,1799633.7,1732896899999,2970626.9707,7891,1210806.2,1998123.4935,0
1732896900000,1.656,1.662,1.643,1.652,1575662.1,1732897799999,2603703.2235,9153,780567.4,1290255.1647,0
1732897800000,1.651,1.657,1.636,1.644,1269960.4,1732898699999,2086430.2837,7524,506966.0,833264.5931,0
1732898700000,1.645,1.646,1.631,1.633,717113.9,1732899599999,1174617.3273,5574,297191.3,487038.0312,0
1732899600000,1.633,1.64,1.623,1.631,1001821.9,1732900499999,1631994.4838,8372,439533.4,716357.9394,0
1732900500000,1.63,1.642,1.628,1.632,897012.9,1732901399999,1467763.6818,5192,349187.4,571498.4746,0
1732901400000,1.632,1.648,1.63,1.645,637526.7,1732902299999,1043652.4126,3929,369698.6,605104.9358,0
1732902300000,1.645,1.656,1.643,1.65,654410.2,1732903199999,1080756.3372,3836,308036.0,508887.1584,0
1732903200000,1.65,1.656,1.649,1.651,352930.1,1732904099999,583094.0627,2484,184480.4,304778.0814,0
1732904100000,1.651,1.657,1.649,1.655,322230.1,1732904999999,532612.9759,1934,172396.9,285032.8626,0
1732905000000,1.654,1.662,1.652,1.657,579733.4,1732905899999,960715.8909,3176,280793.5,465494.9926,0
1732905900000,1.657,1.661,1.642,1.645,420010.4,1732906799999,692947.5542,2513,108340.3,178955.1833,0
1732906800000,1.644,1.645,1.634,1.635,574408.7,1732907699999,941622.0262,3800,220760.6,361924.7607,0
1732907700000,1.635,1.649,1.631,1.645,708797.6,1732908599999,1162970.8834,3762,309450.2,507946.5803,0
1732908600000,1.645,1.647,1.637,1.642,303730.2,1732909499999,498714.4197,2444,139809.4,229604.2014,0
1732909500000,1.642,1.648,1.635,1.637,514312.8,1732910399999,844550.3805,2845,189097.9,310525.5299,0
1732910400000,1.636,1.643,1.631,1.638,739935.1,1732911299999,1211235.9768,3805,323441.5,529649.1416,0
1732911300000,1.638,1.649,1.636,1.648,510382.5,1732912199999,837755.3522,3983,253649.0,416622.3439,0
1732912200000,1.648,1.648,1.64,1.643,392493.5,1732913099999,645203.1615,3289,199704.1,328295.8412,0
1732913100000,1.642,1.645,1.638,1.64,367457.8,1732913999999,602913.3599,2602,178340.2,292640.3583,0
1732914000000,1.64,1.645,1.634,1.643,638832.8,1732914899999,1047500.5833,3574,290250.8,475960.1298,0
1732914900000,1.643,1.646,1.636,1.644,430117.6,1732915799999,705474.1791,3183,221888.5,364028.6496,0
1732915800000,1.644,1.646,1.634,1.642,507385.6,1732916699999,832125.9562,3436,166597.3,273319.2827,0
1732916700000,1.642,1.653,1.639,1.651,875900.5,1732917599999,1441198.6221,7127,380494.9,626341.5407,0
1732917600000,1.651,1.663,1.65,1.661,1045734.7,1732918499999,1734010.536,5211,687797.8,1140189.3313,0
1732918500000,1.661,1.682,1.66,1.679,1314603.5,1732919399999,2200289.4585,7276,787587.9,1318707.312,0
1732919400000,1.68,1.701,1.679,1.69,1251360.9,1732920299999,2114677.4453,8364,677086.8,1144354.8716,0
1732920300000,1.691,1.698,1.686,1.687,690539.5,1732921199999,1167334.5242,4821,231248.0,391161.9583,0
1732921200000,1.687,1.696,1.68,1.695,923611.6,1732922099999,1556717.3143,6922,351282.1,592828.4142,0
1732922100000,1.696,1.718,1.694,1.707,1998696.5,1732922999999,3409805.2617,12696,1004772.5,1714711.8205,0
1732923000000,1.707,1.724,1.707,1.719,1473286.2,1732923899999,2531688.9476,11628,833147.6,1431396.5243,0
1732923900000,1.72,1.728,1.717,1.723,960991.1,1732924799999,1655942.8331,7819,566425.1,976244.5657,0
1732924800000,1.723,1.732,1.706,1.715,1672834.9,1732925699999,2872883.5281,13052,688304.5,1183090.7532,0
1732925700000,1.715,1.727,1.7,1.706,1442541.5,1732926599999,2469315.0849,11086,573453.5,983352.2695,0
1732926600000,1.706,1.716,1.694,1.706,1173343.7,1732927499999,2000105.3541,7487,490241.7,836063.8236,0
1732927500000,1.706,1.736,1.703,1.734,1415356.1,1732928399999,2437505.1129,8293,870388.1,1499846.8814,0
1732928400000,1.733,1.739,1.712,1.734,1209151.1,1732929299999,2085852.3829,6996,595835.8,1028965.8477,0
1732929300000,1.735,1.736,1.716,1.723,765741.1,1732930199999,1323072.1198,4776,392275.9,677761.5246,0
1732930200000,1.723,1.753,1.721,1.743,1768540.9,1732931099999,3082776.4478,9777,1044015.4,1820674.9885,0
1732931100000,1.743,1.747,1.732,1.733,716086.6,1732931999999,1245357.2322,4772,338849.5,589455.266,0
1732932000000,1.734,1.74,1.701,1.713,1381862.8,1732932899999,2372548.7001,7041,496916.1,853920.2672,0
1732932900000,1.713,1.734,1.711,1.725,876336.4,1732933799999,1508630.5524,5735,548562.5,944728.5814,0
1732933800000,1.724,1.731,1.699,1.714,819546.1,1732934699999,1403391.4921,6755,397265.6,680073.3439,0
1732934700000,1.715,1.721,1.714,1.715,508102.2,1732935599999,872306.0387,4720,219946.1,377614.5929,0
1732935600000,1.715,1.737,1.708,1.721,1235097.5,1732936499999,2131096.4017,7210,593337.4,1023223.4348,0
1732936500000,1.722,1.724,1.702,1.706,1031276.5,1732937399999,1765760.1397,6411,344619.7,589794.9634,0
1732937400000,1.706,1.732,1.706,1.73,544908.1,1732938299999,938246.2213,3721,303340.4,522497.0165,0
1732938300000,1.731,1.737,1.718,1.72,484211.9,1732939199999,836109.8621,4240,256443.2,442899.0918,0
1732939200000,1.72,1.748,1.718,1.747,862618.5,1732940099999,1499590.4097,5330,456223.3,793285.2924,0
1732940100000,1.748,1.794,1.747,1.769,2961287.8,1732940999999,5250782.8951,16208,1618684.4,2868615.1457,0
1732941000000,1.769,1.773,1.754,1.766,1263840.0,1732941899999,2228754.5948,6379,611205.3,1078166.4147,0
1732941900000,1.765,1.766,1.751,1.757,1039364.9,1732942799999,1826313.3196,4318,456293.3,801751.3569,0
1732942800000,1.757,1.761,1.751,1.754,499471.5,1732943699999,876707.8371,3582,195952.3,344051.9106,0
1732943700000,1.754,1.763,1.737,1.739,697127.6,1732944599999,1219545.253,4122,310174.9,543633.5041,0
1732944600000,1.74,1.752,1.734,1.75,366787.3,1732945499999,640144.1908,3567,198188.3,346002.7439,0
1732945500000,1.75,1.753,1.744,1.747,326407.4,1732946399999,571038.5594,3300,144229.5,252408.149,0
1732946400000,1.746,1.746,1.734,1.734,774964.1,1732947299999,1346482.0539,4507,240127.3,417320.9612,0
1732947300000,1.734,1.737,1.726,1.73,660849.2,1732948199999,1144527.0979,4982,288183.4,499152.6818,0
1732948200000,1.73,1.733,1.717,1.726,849004.9,1732949099999,1464983.3575,4165,322872.1,556888.2973,0
1732949100000,1.725,1.732,1.716,1.731,655425.1,1732949999999,1128859.2225,4718,260814.5,449599.955,0
1732950000000,1.73,1.745,1.724,1.744,688705.7,1732950899999,1196251.0767,5410,445098.7,773315.7721,0
1732950900000,1.745,1.753,1.744,1.751,629139.3,1732951799999,1100411.828,4925,320418.6,560470.6459,0
1732951800000,1.75,1.755,1.746,1.747,483964.8,1732952699999,847118.4323,3331,265972.3,465652.0776,0
1732952700000,1.748,1.753,1.742,1.751,401716.0,1732953599999,701590.6019,3832,173911.6,303920.2025,0
1732953600000,1.751,1.753,1.737,1.743,521545.6,1732954499999,910189.7901,4115,156798.6,273774.9537,0
1732954500000,1.744,1.746,1.734,1.738,410078.4,1732955399999,713114.8456,3349,171085.3,297593.6199,0
1732955400000,1.737,1.749,1.734,1.744,553943.6,1732956299999,964671.5557,4790,241056.4,420118.1526,0
1732956300000,1.744,1.749,1.736,1.749,461399.2,1732957199999,804103.9593,3414,197424.5,344168.463,0
1732957200000,1.748,1.752,1.743,1.748,337908.9,1732958099999,590742.2845,3708,167677.5,293158.2219,0
1732958100000,1.748,1.779,1.744,1.77,1958069.6,1732958999999,3449627.799,9970,1149338.2,2024843.8471,0
1732959000000,1.77,1.846,1.767,1.841,5897132.9,1732959899999,10677123.3113,35671,3718630.4,6733606.4993,0
1732959900000,1.841,1.847,1.812,1.835,4181449.0,1732960799999,7654640.3835,23589,2126404.3,3892969.2765,0
1732960800000,1.835,1.864,1.824,1.857,2979148.2,1732961699999,5511948.6272,16997,1883595.2,3484816.2239,0
1732961700000,1.856,1.857,1.804,1.819,2640217.3,1732962599999,4818672.1296,18075,995231.7,1814982.0028,0
1732962600000,1.819,1.823,1.807,1.816,1444068.8,1732963499999,2619882.81,12000,664477.9,1205794.2181,0
1732963500000,1.816,1.827,1.802,1.809,1861716.4,1732964399999,3373299.3849,16008,828397.6,1501792.1917,0
1732964400000,1.808,1.841,1.794,1.832,2497998.5,1732965299999,4536606.6023,15820,1251646.0,2277668.8634,0
1732965300000,1.831,1.841,1.82,1.829,1184680.4,1732966199999,2168124.8602,7051,532951.3,976107.9415,0
1732966200000,1.829,1.842,1.818,1.833,1042899.6,1732967099999,1909237.4937,5598,466621.0,854413.4153,0
1732967100000,1.832,1.838,1.815,1.824,1287386.8,1732967999999,2351654.8721,6618,648177.5,1185134.9683,0
1732968000000,1.823,1.853,1.82,1.848,1103744.3,1732968899999,2031407.4063,8090,582191.6,1071853.3503,0
1732968900000,1.848,1.855,1.836,1.846,1704486.3,1732969799999,3147015.4382,7180,848349.2,1566775.093,0
1732969800000,1.846,1.848,1.828,1.835,1398178.3,1732970699999,2569440.997,7055,495126.0,909842.9069,0
1732970700000,1.835,1.858,1.824,1.858,1454786.8,1732971599999,2674680.0556,8814,730207.7,1344368.0114,0
1732971600000,1.858,1.876,1.85,1.862,2580329.9,1732972499999,4806941.2543,16543,1426131.0,2657074.6404,0
1732972500000,1.863,1.865,1.844,1.85,891509.9,1732973399999,1650280.0131,5808,392057.6,726041.672,0
1732973400000,1.851,1.893,1.849,1.888,1929541.7,1732974299999,3619986.7173,10578,1326549.2,2489642.3207,0
1732974300000,1.888,1.922,1.886,1.909,4419085.6,1732975199999,8417181.8933,28746,2647003.5,5041050.0085,0
1732975200000,1.909,1.961,1.902,1.916,5464589.3,1732976099999,10552976.816,37030,2939684.7,5679245.0201,0
1732976100000,1.917,1.932,1.899,1.911,2649036.7,1732976999999,5068608.3641,19145,1078975.5,2065202.8437,0
1732977000000,1.911,1.913,1.876,1.889,2980806.4,1732977899999,5630576.1873,20732,1181492.4,2231068.9905,0
1732977900000,1.89,1.892,1.859,1.87,1551174.3,1732978799999,2903505.5317,11724,654007.6,1224172.6057,0
1732978800000,1.87,1.903,1.862,1.896,1880697.9,1732979699999,3552497.3429,15930,1086620.6,2052887.9703,0
1732979700000,1.895,1.901,1.885,1.888,1041413.2,1732980599999,1969280.6229,7327,530706.1,1003686.8096,0
1732980600000,1.889,1.915,1.884,1.911,1398388.4,1732981499999,2661190.1797,8506,938365.1,1786379.5088,0
1732981500000,1.911,1.911,1.891,1.895,825954.2,1732982399999,1569223.9841,5618,354161.4,672802.423,0
1732982400000,1.895,1.941,1.888,1.939,2019835.2,1732983299999,3877212.0231,12949,1045450.2,2006459.9033,0
1732983300000,1.939,1.955,1.917,1.927,2360363.8,1732984199999,4567037.051,18408,1108426.5,2146104.2796,0
1732984200000,1.927,1.937,1.908,1.936,1310139.1,1732985099999,2519424.3405,11724,593762.8,1142189.1115,0
1732985100000,1.936,1.938,1.912,1.914,1080323.0,1732985999999,2078224.2276,8599,463845.8,892406.5432,0
1732986000000,1.914,1.929,1.898,1.899,1231900.6,1732986899999,2356674.9078,9653,576476.4,1103310.1788,0
1732986900000,1.899,1.921,1.896,1.916,859949.7,1732987799999,1638273.8705,8450,398488.2,759403.3006,0
1732987800000,1.917,1.934,1.91,1.911,846580.3,1732988699999,1627420.7105,7853,351518.7,675845.2491,0
1732988700000,1.911,1.935,1.91,1.921,697643.0,1732989599999,1341272.7375,5843,384467.6,739224.9988,0
1732989600000,1.92,1.922,1.897,1.901,842574.5,1732990499999,1604632.9601,6640,241729.4,460436.5288,0
1732990500000,1.901,1.906,1.878,1.894,1004528.8,1732991399999,1899167.5641,9350,401046.6,757406.2039,0
1732991400000,1.894,1.902,1.89,1.895,678445.7,1732992299999,1286674.004,7225,308875.4,585880.1234,0
1732992300000,1.895,1.899,1.881,1.884,703811.5,1732993199999,1330634.9578,6996,314659.3,595013.4435,0
1732993200000,1.884,1.901,1.884,1.892,518961.6,1732994099999,983097.5486,4916,301423.6,570951.9303,0
1732994100000,1.892,1.901,1.889,1.897,430616.4,1732994999999,816094.0764,3896,224415.7,425430.9563,0
1732995000000,1.896,1.907,1.889,1.894,508667.9,1732995899999,965371.6082,4477,206738.8,392393.7376,0
1732995900000,1.893,1.896,1.882,1.886,507558.3,1732996799999,958924.5695,3200,188232.8,355694.0346,0
1732996800000,1.886,1.894,1.879,1.883,737141.9,1732997699999,1390291.3577,5499,303998.8,573967.0124,0
1732997700000,1.883,1.883,1.871,1.876,595606.6,1732998599999,1117129.4057,5170,271022.2,508445.1961,0
1732998600000,1.876,1.883,1.866,1.874,865697.2,1732999499999,1620318.6181,6549,377050.6,706173.0915,0
1732999500000,1.874,1.891,1.87,1.889,575648.8,1733000399999,1082969.4579,6284,246434.2,464010.35,0
1733000400000,1.889,1.899,1.886,1.895,399293.2,1733001299999,755220.8478,4361,204505.8,386877.8967,0
1733001300000,1.895,1.901,1.887,1.888,568911.6,1733002199999,1078404.7463,4443,250676.8,475168.3279,0
1733002200000,1.888,1.89,1.877,1.883,699687.0,1733003099999,1316618.6377,5259,244821.6,460794.912,0
1733003100000,1.883,1.897,1.877,1.89,676246.2,1733003999999,1276636.3102,5608,427308.9,807035.9808,0
1733004000000,1.891,1.894,1.883,1.892,384754.9,1733004899999,726999.4515,3402,209730.9,396396.8059,0
1733004900000,1.891,1.898,1.883,1.892,449267.6,1733005799999,850128.6631,4573,254750.3,482369.4861,0
1733005800000,1.892,1.896,1.881,1.885,375436.7,1733006699999,708433.2323,4251,151103.8,285199.8941,0
1733006700000,1.885,1.897,1.884,1.892,365744.3,1733007599999,691785.3767,3620,206635.1,390935.8717,0
1733007600000,1.892,1.902,1.885,1.898,619150.2,1733008499999,1172249.8006,5229,376371.1,712955.1016,0
1733008500000,1.897,1.907,1.883,1.884,496012.3,1733009399999,941066.6082,4602,224523.5,426195.26,0
1733009400000,1.885,1.909,1.884,1.901,589459.4,1733010299999,1120577.3378,5142,304992.5,580039.5303,0
1733010300000,1.901,1.915,1.891,1.914,640130.8,1733011199999,1217843.4143,6703,368135.5,700754.9265,0
