open_time,open,high,low,close,volume,close_time,quote_volume,trades,taker_buy_base,taker_buy_quote,ignore
1767225600000000,0.029,0.0292,0.029,0.029,194398.1,1767226499999999,5650.26269,61,75214.4,2189.22237,0
1767226500000000,0.029,0.0291,0.0289,0.029,204633.7,1767227399999999,5929.8372,61,79822.6,2315.03192,0
1767227400000000,0.029,0.0292,0.029,0.0292,388202.5,1767228299999999,11302.54705,89,221110.9,6443.82926,0
1767228300000000,0.0292,0.0292,0.029,0.029,169249.3,1767229199999999,4915.42463,96,19935.7,580.73347,0
1767229200000000,0.029,0.0292,0.029,0.0292,128184.9,1767230099999999,3729.26379,91,77384.3,2252.07547,0
1767230100000000,0.0292,0.0292,0.0291,0.0292,92471.6,1767230999999999,2697.666,61,67424.4,1968.79248,0
1767231000000000,0.0291,0.0292,0.0291,0.0291,176193.4,1767231899999999,5141.99152,69,85908.0,2508.5136,0
1767231900000000,0.0291,0.0292,0.029,0.029,46861.0,1767232799999999,1363.80993,42,6228.6,181.83983,0
1767232800000000,0.029,0.0292,0.029,0.0291,248537.1,1767233699999999,7229.5766,92,173882.2,5060.65636,0
1767233700000000,0.0291,0.0292,0.0289,0.0289,549573.7,1767234599999999,15976.76441,83,12237.0,355.31776,0
1767234600000000,0.0289,0.029,0.0288,0.0288,117543.9,1767235499999999,3395.77059,76,47362.3,1369.02285,0
1767235500000000,0.0288,0.0289,0.0288,0.0288,44559.9,1767236399999999,1284.0732,51,7480.8,216.19512,0
1767236400000000,0.0289,0.029,0.0289,0.0289,111433.1,1767237299999999,3224.72029,60,94253.8,2728.23852,0
1767237300000000,0.0289,0.029,0.0289,0.0289,63048.5,1767238199999999,1824.44886,46,23472.1,680.6909,0
1767238200000000,0.0289,0.029,0.0289,0.0289,13897.1,1767239099999999,401.97539,30,3492.0,101.268,0
1767239100000000,0.0289,0.029,0.0289,0.0289,26984.7,1767239999999999,780.91449,40,10566.6,306.4314,0
1767240000000000,0.0289,0.029,0.0289,0.029,142653.5,1767240899999999,4134.661,55,66215.6,1920.2524,0
1767240900000000,0.0289,0.029,0.0289,0.029,27408.4,1767241799999999,793.03503,32,9322.7,270.3583,0
1767241800000000,0.0289,0.029,0.0289,0.0289,52059.4,1767242699999999,1508.63288,38,41162.2,1193.7038,0
1767242700000000,0.0289,0.029,0.0289,0.0289,12934.0,1767243599999999,373.96377,30,1711.7,49.6393,0
1767243600000000,0.0289,0.029,0.0288,0.0288,377107.1,1767244499999999,10905.17288,96,167588.8,4850.46091,0
1767244500000000,0.0289,0.029,0.0288,0.0289,63922.6,1767245399999999,1847.04649,45,47021.2,1359.00989,0
1767245400000000,0.029,0.029,0.0289,0.0289,31618.8,1767246299999999,914.63604,45,8527.2,247.2888,0
1767246300000000,0.0289,0.029,0.0289,0.0289,28828.0,1767247199999999,835.49462,34,23654.2,685.9718,0
1767247200000000,0.0289,0.029,0.0289,0.029,34721.2,1767248099999999,1003.97053,35,5278.5,153.0765,0
1767248100000000,0.0289,0.029,0.0289,0.0289,26962.8,1767248999999999,779.38087,26,1559.5,45.2255,0
1767249000000000,0.0289,0.029,0.0289,0.0289,166031.6,1767249899999999,4813.07079,67,77899.5,2259.0855,0
1767249900000000,0.0289,0.029,0.0289,0.0289,203166.5,1767250799999999,5889.87733,57,95019.5,2755.5655,0
1767250800000000,0.0289,0.029,0.0288,0.0289,116261.0,1767251699999999,3359.27524,47,30795.7,891.00684,0
1767251700000000,0.0289,0.029,0.0288,0.0289,283767.3,1767252599999999,8196.11582,70,117615.7,3400.06322,0
1767252600000000,0.029,0.029,0.0289,0.029,22139.2,1767253499999999,640.86728,36,10444.0,302.876,0
1767253500000000,0.0289,0.029,0.0289,0.029,32515.2,1767254399999999,942.19851,34,25092.3,727.6767,0
1767254400000000,0.0289,0.0291,0.0289,0.0291,91083.3,1767255299999999,2640.2155,50,75610.4,2192.75839,0
1767255300000000,0.0291,0.0292,0.029,0.0292,164608.2,1767256199999999,4785.43311,88,88868.8,2588.62434,0
1767256200000000,0.0292,0.0292,0.0291,0.0291,52539.3,1767257099999999,1530.54329,52,16496.6,481.70072,0
1767257100000000,0.0291,0.03,0.0291,0.0296,1879466.0,1767257999999999,55690.61157,411,1067357.6,31636.78899,0
1767258000000000,0.0296,0.0297,0.0291,0.0293,1150042.6,1767258899999999,33749.25057,308,358706.0,10533.3438,0
1767258900000000,0.0292,0.0293,0.0291,0.0292,343199.5,1767259799999999,10023.86643,92,179001.9,5230.04541,0
1767259800000000,0.0292,0.0293,0.0291,0.0292,24304.2,1767260699999999,710.50829,39,15871.7,464.35704,0
1767260700000000,0.0292,0.0293,0.0292,0.0292,54409.6,1767261599999999,1591.69435,52,29340.3,859.67079,0
1767261600000000,0.0293,0.0293,0.029,0.0292,291341.0,1767262499999999,8484.29325,82,99282.5,2896.64007,0
1767262500000000,0.0291,0.0292,0.0291,0.0291,14113.2,1767263399999999,411.07444,33,3803.2,111.05344,0
1767263400000000,0.0291,0.0292,0.0291,0.0291,132311.7,1767264299999999,3851.10061,53,84139.6,2449.2925,0
1767264300000000,0.0291,0.0293,0.0291,0.0292,176817.0,1767265199999999,5154.05714,69,132379.1,3860.1958,0
1767265200000000,0.0292,0.0294,0.0291,0.0293,348478.0,1767266099999999,10186.53298,88,134531.0,3936.94948,0
1767266100000000,0.0293,0.0294,0.0292,0.0292,277194.3,1767266999999999,8120.35392,48,18773.0,550.18503,0
1767267000000000,0.0292,0.0293,0.0292,0.0292,139520.5,1767267899999999,4074.5772,57,57622.0,1683.141,0
1767267900000000,0.0292,0.0293,0.0292,0.0292,33608.6,1767268799999999,983.99724,32,26261.2,769.45316,0
1767268800000000,0.0292,0.0293,0.0291,0.0291,132117.1,1767269699999999,3851.86135,76,20929.4,611.94278,0
1767269700000000,0.0291,0.0294,0.0291,0.0293,289212.4,1767270599999999,8463.93103,102,208850.2,6115.40121,0
1767270600000000,0.0293,0.0297,0.0292,0.0293,979749.5,1767271499999999,28795.23255,244,540056.7,15879.13752,0
1767271500000000,0.0292,0.0295,0.0292,0.0293,804553.2,1767272399999999,23606.97492,133,344271.1,10091.42889,0
1767272400000000,0.0293,0.0294,0.0291,0.0292,305525.7,1767273299999999,8940.50908,117,97412.3,2856.29743,0
1767273300000000,0.0291,0.0293,0.0291,0.0292,114278.7,1767274199999999,3336.62013,58,100919.4,2947.36264,0
1767274200000000,0.0292,0.0294,0.0292,0.0293,58293.1,1767275099999999,1708.3766,33,46716.7,1369.29003,0
1767275100000000,0.0293,0.0294,0.0293,0.0293,245374.8,1767275999999999,7190.88474,63,62567.2,1834.62206,0
1767276000000000,0.0293,0.0294,0.0293,0.0294,154362.6,1767276899999999,4524.26631,82,62209.5,1824.18048,0
1767276900000000,0.0293,0.0294,0.0292,0.0292,75980.5,1767277799999999,2224.6253,41,4417.2,129.62976,0
1767277800000000,0.0292,0.0293,0.0292,0.0292,14717.1,1767278699999999,430.1604,34,4210.8,123.37644,0
1767278700000000,0.0292,0.0294,0.0292,0.0294,367861.8,1767279599999999,10780.44116,48,261237.5,7656.47417,0
1767279600000000,0.0293,0.0294,0.0292,0.0292,445122.3,1767280499999999,13020.20889,136,111655.9,3272.16429,0
1767280500000000,0.0293,0.0295,0.0293,0.0294,531689.6,1767281399999999,15617.893,109,350381.4,10292.92823,0
1767281400000000,0.0295,0.0295,0.0293,0.0293,316146.8,1767282299999999,9278.5917,90,165295.3,4854.79909,0
1767282300000000,0.0293,0.0295,0.0293,0.0294,190384.5,1767283199999999,5593.20438,67,62867.7,1848.68274,0
1767283200000000,0.0294,0.0294,0.0293,0.0294,82566.5,1767284099999999,2424.419,52,52205.5,1534.8417,0
1767284100000000,0.0294,0.0295,0.0293,0.0294,977808.1,1767284999999999,28765.98056,120,581398.0,17112.61019,0
1767285000000000,0.0295,0.0298,0.0295,0.0296,761270.8,1767285899999999,22583.32853,126,414234.6,12298.65392,0
1767285900000000,0.0296,0.0297,0.0294,0.0294,263270.8,1767286799999999,7774.78391,77,68958.7,2035.09509,0
1767286800000000,0.0294,0.0295,0.0294,0.0294,35022.3,1767287699999999,1030.00744,41,3518.2,103.7869,0
1767287700000000,0.0295,0.0295,0.0293,0.0294,522392.6,1767288599999999,15354.74366,99,282457.4,8305.56181,0
1767288600000000,0.0294,0.0295,0.0294,0.0294,54805.9,1767289499999999,1614.19031,42,28968.5,854.57075,0
1767289500000000,0.0294,0.0295,0.0292,0.0293,401362.4,1767290399999999,11762.59587,105,132416.8,3887.8783,0
1767290400000000,0.0293,0.0295,0.0293,0.0293,361029.0,1767291299999999,10613.94122,99,214360.8,6306.47118,0
1767291300000000,0.0294,0.0295,0.0293,0.0294,110031.6,1767292199999999,3241.4254,45,103901.6,3061.3534,0
1767292200000000,0.0294,0.0295,0.0294,0.0294,71507.2,1767293099999999,2107.38804,42,50763.6,1497.5262,0
1767293100000000,0.0295,0.0295,0.0293,0.0293,227315.0,1767293999999999,6674.48742,63,75928.5,2229.52324,0
1767294000000000,0.0294,0.0295,0.0293,0.0294,207924.3,1767294899999999,6114.36718,53,159694.7,4697.18117,0
1767294900000000,0.0294,0.0295,0.0294,0.0294,10491.6,1767295799999999,308.65264,24,1996.0,58.882,0
1767295800000000,0.0295,0.0295,0.0293,0.0293,960051.2,1767296699999999,28162.13419,70,261797.1,7679.07012,0
1767296700000000,0.0293,0.0294,0.0293,0.0293,22039.8,1767297599999999,646.06344,28,2973.0,87.4062,0
1767297600000000,0.0293,0.0295,0.0293,0.0294,271416.1,1767298499999999,7996.39758,59,254285.6,7492.78588,0
1767298500000000,0.0294,0.0295,0.0293,0.0294,674891.1,1767299399999999,19841.90361,78,483313.9,14209.63393,0
1767299400000000,0.0294,0.0295,0.0293,0.0293,113384.4,1767300299999999,3334.38349,59,15710.5,462.79583,0
1767300300000000,0.0293,0.0296,0.0293,0.0294,671750.9,1767301199999999,19785.26449,87,334661.4,9868.8515,0
1767301200000000,0.0294,0.0296,0.0294,0.0296,105221.8,1767302099999999,3105.47703,71,79543.9,2349.06436,0
1767302100000000,0.0296,0.0296,0.0295,0.0295,45103.7,1767302999999999,1334.36846,42,38093.1,1127.55576,0
1767303000000000,0.0296,0.0297,0.0295,0.0295,86357.1,1767303899999999,2555.09092,36,17746.1,526.10464,0
1767303900000000,0.0295,0.0296,0.0294,0.0294,42198.8,1767304799999999,1244.88989,26,1002.9,29.68584,0
1767304800000000,0.0295,0.0299,0.0295,0.0297,650579.2,1767305699999999,19334.30396,214,412645.6,12248.75372,0
1767305700000000,0.0297,0.0297,0.0296,0.0296,43752.5,1767306599999999,1298.35964,38,3551.4,105.47658,0
1767306600000000,0.0296,0.0297,0.0295,0.0296,104928.7,1767307499999999,3104.07482,48,59321.2,1756.05935,0
1767307500000000,0.0296,0.0297,0.0295,0.0295,49099.1,1767308399999999,1453.23157,30,3430.5,101.65751,0
1767308400000000,0.0295,0.0296,0.0295,0.0296,58445.1,1767309299999999,1729.11212,43,49816.7,1474.57432,0
1767309300000000,0.0295,0.0296,0.0295,0.0296,42859.7,1767310199999999,1268.14413,40,37829.8,1119.76208,0
1767310200000000,0.0295,0.0298,0.0295,0.0297,67151.4,1767311099999999,1992.62131,34,61530.3,1825.94964,0
1767311100000000,0.0297,0.0298,0.0296,0.0296,149752.0,1767311999999999,4446.04861,36,17790.8,528.44591,0
1767312000000000,0.0296,0.0297,0.0296,0.0296,23372.2,1767312899999999,692.20791,34,3907.9,116.06463,0
1767312900000000,0.0296,0.0297,0.0296,0.0296,19507.2,1767313799999999,577.54405,25,1309.3,38.88621,0
1767313800000000,0.0296,0.0298,0.0296,0.0296,139150.9,1767314699999999,4137.65218,42,112560.7,3348.49708,0
1767314700000000,0.0296,0.0297,0.0295,0.0295,92917.7,1767315599999999,2750.72227,31,8622.8,255.94001,0
1767315600000000,0.0295,0.0296,0.0295,0.0296,65195.8,1767316499999999,1929.54412,34,28176.0,834.0096,0
1767316500000000,0.0296,0.0297,0.0296,0.0296,6612.5,1767317399999999,196.01625,21,2862.5,85.01625,0
1767317400000000,0.0296,0.0296,0.0295,0.0295,32160.9,1767318299999999,951.45185,22,2066.0,61.1536,0
1767318300000000,0.0295,0.0296,0.0295,0.0295,5382.9,1767319199999999,158.89752,18,1019.7,30.18312,0
1767319200000000,0.0295,0.0295,0.0294,0.0294,42315.3,1767320099999999,1247.52019,29,3030.1,89.38795,0
1767320100000000,0.0295,0.0295,0.0294,0.0294,16062.5,1767320999999999,472.50657,26,2690.7,79.37565,0
1767321000000000,0.0294,0.0295,0.0294,0.0294,4149.0,1767321899999999,122.14624,13,1656.4,48.8638,0
1767321900000000,0.0294,0.0296,0.0294,0.0296,80868.3,1767322799999999,2385.57347,19,73449.6,2166.78239,0
1767322800000000,0.0295,0.0296,0.0295,0.0296,10682.0,1767323699999999,315.85149,11,7324.9,216.81704,0
1767323700000000,0.0295,0.0296,0.0295,0.0295,2570.8,1767324599999999,75.96326,7,1246.6,36.89936,0
1767324600000000,0.0296,0.0297,0.0295,0.0297,60416.5,1767325499999999,1788.45485,16,59204.5,1752.66619,0
1767325500000000,0.0297,0.0297,0.0296,0.0297,54414.1,1767326399999999,1613.99298,18,33356.2,990.67914,0
1767326400000000,0.0297,0.0297,0.0296,0.0296,28484.6,1767327299999999,845.50737,16,23632.1,701.87337,0
1767327300000000,0.0297,0.0297,0.0296,0.0296,10382.9,1767328199999999,307.74899,16,4151.5,123.29955,0
1767328200000000,0.0297,0.0297,0.0296,0.0296,4137.4,1767329099999999,122.75217,6,2851.3,84.68361,0
1767329100000000,0.0296,0.0297,0.0296,0.0297,5646.8,1767329999999999,167.51981,7,3745.3,111.23541,0
1767330000000000,0.0297,0.0297,0.0296,0.0297,3893.5,1767330899999999,115.47878,7,2311.8,68.66046,0
1767330900000000,0.0296,0.0297,0.0296,0.0296,10384.0,1767331799999999,307.67096,13,3045.6,90.45432,0
1767331800000000,0.0296,0.0297,0.0296,0.0297,7826.2,1767332699999999,231.99561,8,3400.9,101.00673,0
1767332700000000,0.0296,0.0297,0.0296,0.0297,95686.7,1767333599999999,2832.35276,14,264.4,7.85268,0
1767333600000000,0.0297,0.0298,0.0296,0.0296,244060.2,1767334499999999,7248.723,36,52319.1,1555.37156,0
1767334500000000,0.0295,0.0296,0.0295,0.0296,140687.0,1767335399999999,4154.28545,50,57365.5,1696.3012,0
1767335400000000,0.0295,0.0298,0.0295,0.0297,92414.6,1767336299999999,2740.84112,27,87306.7,2589.67045,0
1767336300000000,0.0297,0.0297,0.0296,0.0296,277620.5,1767337199999999,8242.9777,23,18745.3,556.70878,0
1767337200000000,0.0295,0.0296,0.0295,0.0295,42244.5,1767338099999999,1246.37943,15,1666.8,49.33728,0
1767338100000000,0.0296,0.0296,0.0295,0.0295,3788.6,1767338999999999,112.03569,8,2719.9,80.50904,0
1767339000000000,0.0296,0.0296,0.0295,0.0295,4899.4,1767339899999999,144.78638,11,2540.8,75.20768,0
1767339900000000,0.0295,0.0295,0.0293,0.0295,259057.8,1767340799999999,7620.11239,42,87527.8,2573.9511,0
1767340800000000,0.0295,0.0295,0.0294,0.0295,83022.9,1767341699999999,2441.89225,17,10189.9,300.60205,0
1767341700000000,0.0294,0.0295,0.0294,0.0295,42506.5,1767342599999999,1249.83779,8,1466.9,43.27355,0
1767342600000000,0.0294,0.0295,0.0294,0.0294,103536.7,1767343499999999,3044.88987,34,83236.2,2448.05517,0
1767343500000000,0.0294,0.0296,0.0294,0.0295,69180.1,1767344399999999,2039.43091,11,50709.5,1495.97237,0
1767344400000000,0.0295,0.0295,0.0294,0.0295,156444.5,1767345299999999,4608.6657,29,69517.9,2050.77805,0
1767345300000000,0.0296,0.0297,0.0296,0.0296,72290.5,1767346199999999,2140.94287,23,48610.3,1440.00895,0
1767346200000000,0.0296,0.0296,0.0295,0.0295,10550.5,1767347099999999,311.98499,7,7452.4,220.59104,0
1767347100000000,0.0296,0.0299,0.0296,0.0296,546068.1,1767347999999999,16238.27171,93,271658.8,8075.30415,0
1767348000000000,0.0297,0.0298,0.0296,0.0297,206031.4,1767348899999999,6111.76176,43,134304.6,3987.23825,0
1767348900000000,0.0297,0.0298,0.0297,0.0298,9612.2,1767349799999999,285.72446,9,2421.2,72.15176,0
1767349800000000,0.0297,0.0297,0.0296,0.0296,80183.9,1767350699999999,2378.12449,24,7518.4,223.29648,0
1767350700000000,0.0296,0.0297,0.0296,0.0297,17004.5,1767351599999999,503.57149,11,2382.9,70.77213,0
1767351600000000,0.0296,0.0297,0.0296,0.0297,5763.6,1767352499999999,170.71743,10,1148.7,34.11639,0
1767352500000000,0.0296,0.0297,0.0295,0.0295,377321.7,1767353399999999,11192.8811,59,235850.1,6997.8148,0
1767353400000000,0.0296,0.0296,0.0294,0.0294,145369.6,1767354299999999,4280.28964,26,1269.0,37.52844,0
1767354300000000,0.0295,0.0296,0.0294,0.0296,196801.3,1767355199999999,5805.96755,31,170467.7,5029.23572,0
1767355200000000,0.0295,0.0296,0.0295,0.0295,55956.5,1767356099999999,1650.90208,24,6384.3,188.52218,0
1767356100000000,0.0295,0.0295,0.0294,0.0295,108790.9,1767356999999999,3198.84402,14,3915.6,115.5102,0
1767357000000000,0.0295,0.0296,0.0294,0.0295,287706.6,1767357899999999,8488.21822,44,113412.6,3346.85535,0
1767357900000000,0.0296,0.0298,0.0296,0.0298,287245.8,1767358799999999,8520.05703,38,276330.4,8196.96119,0
1767358800000000,0.0297,0.0298,0.0296,0.0297,318043.1,1767359699999999,9446.82822,40,198731.1,5903.42463,0
1767359700000000,0.0297,0.0299,0.0297,0.0297,221350.6,1767360599999999,6587.32381,51,143706.2,4276.70375,0
1767360600000000,0.0297,0.0299,0.0297,0.0297,185210.5,1767361499999999,5518.90087,42,87765.9,2616.5319,0
1767361500000000,0.0298,0.0299,0.0297,0.0298,117929.5,1767362399999999,3515.36706,43,77578.0,2312.93196,0
1767362400000000,0.0298,0.0298,0.0297,0.0298,11304.4,1767363299999999,336.44794,9,7072.6,210.76348,0
1767363300000000,0.0298,0.0298,0.0296,0.0297,67165.2,1767364199999999,1993.54822,17,9166.8,272.55289,0
1767364200000000,0.0296,0.0296,0.0292,0.0296,920908.6,1767365099999999,27036.15073,164,408884.7,11993.75609,0
1767365100000000,0.0295,0.0298,0.0295,0.0297,514914.9,1767365999999999,15310.326,64,303533.9,9024.72827,0
1767366000000000,0.0297,0.0298,0.0297,0.0297,407609.7,1767366899999999,12116.73703,57,102373.0,3047.67625,0
1767366900000000,0.0297,0.0298,0.0296,0.0297,466408.9,1767367799999999,13852.48922,58,362449.0,10765.00904,0
1767367800000000,0.0298,0.0299,0.0297,0.0299,146294.9,1767368699999999,4364.58346,37,64191.3,1915.45887,0
1767368700000000,0.0299,0.0299,0.0297,0.0299,149501.1,1767369599999999,4460.56946,28,98224.5,2932.60134,0
1767369600000000,0.0299,0.0299,0.0298,0.0299,49074.1,1767370499999999,1463.45251,25,16518.3,493.28967,0
1767370500000000,0.0299,0.03,0.0298,0.03,131287.2,1767371399999999,3924.82993,29,81513.2,2437.77466,0
1767371400000000,0.0299,0.0303,0.0299,0.03,722581.0,1767372299999999,21753.17747,69,279456.8,8395.88015,0
1767372300000000,0.03,0.0301,0.03,0.0301,100976.1,1767373199999999,3030.51936,33,52453.5,1574.84136,0
1767373200000000,0.0301,0.0303,0.03,0.0303,630648.1,1767374099999999,19007.99477,102,278683.4,8405.78084,0
1767374100000000,0.0302,0.0303,0.0301,0.0301,112352.5,1767374999999999,3391.32715,29,9090.8,274.54216,0
1767375000000000,0.0301,0.0302,0.0301,0.0301,39668.3,1767375899999999,1197.50533,18,34895.0,1053.829,0
1767375900000000,0.0301,0.0302,0.03,0.0301,40270.8,1767376799999999,1212.8864,48,13862.5,418.04,0
1767376800000000,0.0301,0.0302,0.0301,0.0301,19081.1,1767377699999999,574.43989,40,987.8,29.83156,0
1767377700000000,0.0301,0.0303,0.0301,0.0301,125015.8,1767378599999999,3776.21084,61,80929.3,2446.81144,0
1767378600000000,0.0301,0.0308,0.0301,0.0303,852729.4,1767379499999999,26005.05466,236,487413.3,14849.94128,0
1767379500000000,0.0304,0.0304,0.03,0.03,226786.3,1767380399999999,6847.71748,66,70484.0,2128.23483,0
1767380400000000,0.03,0.0301,0.03,0.0301,267496.2,1767381299999999,8031.30516,36,45966.6,1383.59466,0
1767381300000000,0.0301,0.0301,0.0299,0.0301,225993.1,1767382199999999,6789.77578,68,140231.5,4216.31478,0
1767382200000000,0.03,0.0301,0.0299,0.03,75778.9,1767383099999999,2272.11605,34,18557.3,556.73622,0
1767383100000000,0.03,0.03,0.0299,0.03,128930.4,1767383999999999,3864.92219,45,86329.4,2589.882,0
1767384000000000,0.03,0.03,0.0299,0.03,28567.8,1767384899999999,857.00699,31,28297.7,848.931,0
1767384900000000,0.03,0.03,0.0299,0.03,35464.3,1767385799999999,1063.60533,28,32227.6,966.828,0
1767385800000000,0.03,0.0301,0.0299,0.0301,40153.9,1767386699999999,1205.46269,18,39838.7,1196.03821,0
1767386700000000,0.0301,0.0301,0.0299,0.0299,144529.9,1767387599999999,4324.43294,33,77207.6,2311.41357,0
1767387600000000,0.0299,0.03,0.0299,0.03,13507.9,1767388499999999,404.238,8,3517.9,105.537,0
1767388500000000,0.0299,0.0301,0.0299,0.0301,82933.5,1767389399999999,2487.982,16,72452.9,2173.72599,0
1767389400000000,0.03,0.0301,0.03,0.0301,29301.9,1767390299999999,881.69554,14,26385.4,794.20054,0
1767390300000000,0.03,0.0302,0.03,0.0302,54546.2,1767391199999999,1642.20382,14,49664.7,1495.29187,0
1767391200000000,0.0302,0.0302,0.0301,0.0301,18237.2,1767392099999999,549.21831,16,2785.9,84.13418,0
1767392100000000,0.0301,0.0302,0.03,0.0302,40043.1,1767392999999999,1206.15386,15,21594.6,651.55692,0
1767393000000000,0.0301,0.0302,0.0301,0.0301,11483.5,1767393899999999,346.05987,17,4065.2,122.76904,0
1767393900000000,0.0302,0.0302,0.0301,0.0302,36979.3,1767394799999999,1116.68829,12,36113.6,1090.63072,0
1767394800000000,0.0302,0.0302,0.0301,0.0302,5076.9,1767395699999999,153.18853,12,3738.4,112.89968,0
1767395700000000,0.0302,0.0303,0.0301,0.0302,727697.3,1767396599999999,21977.81405,180,407370.8,12309.01205,0
1767396600000000,0.0302,0.0306,0.0302,0.0305,374636.1,1767397499999999,11384.49929,87,292473.4,8891.22601,0
1767397500000000,0.0305,0.0307,0.0304,0.0304,111933.4,1767398399999999,3413.68001,23,19918.1,609.3535,0
1767398400000000,0.0305,0.0305,0.0304,0.0305,15570.9,1767399299999999,474.66193,18,13065.7,398.50385,0
1767399300000000,0.0305,0.0305,0.0304,0.0304,9591.9,1767400199999999,292.23334,8,6395.8,195.0719,0
1767400200000000,0.0305,0.0305,0.0304,0.0305,6570.2,1767401099999999,200.21615,10,4820.7,147.03135,0
1767401100000000,0.0305,0.0305,0.0304,0.0304,8926.3,1767401999999999,272.11085,13,7513.3,229.15565,0
1767402000000000,0.0304,0.0304,0.0303,0.0304,45853.7,1767402899999999,1393.75009,18,30600.8,930.26432,0
1767402900000000,0.0304,0.0305,0.0303,0.0304,116873.5,1767403799999999,3556.46913,55,106591.7,3243.97677,0
1767403800000000,0.0305,0.031,0.0305,0.0307,377804.1,1767404699999999,11605.12463,152,168170.8,5155.94409,0
1767404700000000,0.0307,0.0307,0.0303,0.0305,412119.5,1767405599999999,12562.21895,113,189079.3,5767.64045,0
1767405600000000,0.0306,0.0309,0.0304,0.0308,552533.1,1767406499999999,16971.87509,230,384689.0,11819.85515,0
1767406500000000,0.0308,0.0308,0.0306,0.0308,210387.7,1767407399999999,6457.219,69,135452.1,4158.42188,0
1767407400000000,0.0307,0.0308,0.0307,0.0308,23567.7,1767408299999999,725.52363,23,19952.4,614.53392,0
1767408300000000,0.0307,0.0308,0.0307,0.0307,9413.7,1767409199999999,289.5772,13,5766.1,177.59588,0
1767409200000000,0.0307,0.031,0.0307,0.0308,401984.6,1767410099999999,12396.18331,101,249091.1,7690.5288,0
1767410100000000,0.0307,0.0309,0.0307,0.0308,95125.2,1767410999999999,2929.93444,29,57817.7,1780.89744,0
1767411000000000,0.0308,0.0309,0.0308,0.0308,18449.9,1767411899999999,568.40199,22,1450.7,44.82663,0
1767411900000000,0.0308,0.0309,0.0308,0.0308,21932.1,1767412799999999,675.56995,16,612.7,18.93243,0
1767412800000000,0.0308,0.0309,0.0308,0.0309,14017.9,1767413699999999,432.02175,24,2704.3,83.56287,0
1767413700000000,0.0308,0.0308,0.0308,0.0308,9802.0,1767414599999999,301.9016,8,0.0,0.0,0
1767414600000000,0.0309,0.0309,0.0307,0.0307,24929.1,1767415499999999,768.15592,17,4503.1,139.14579,0
1767415500000000,0.0307,0.0308,0.0307,0.0307,40409.2,1767416399999999,1240.58314,18,7181.6,220.49582,0
1767416400000000,0.0307,0.0307,0.0306,0.0307,14870.3,1767417299999999,456.03297,20,10017.9,307.54953,0
1767417300000000,0.0307,0.0307,0.0305,0.0307,81826.5,1767418199999999,2503.13643,44,54976.2,1683.29077,0
1767418200000000,0.0306,0.0307,0.0305,0.0306,77106.3,1767419099999999,2358.77944,58,16733.9,512.54935,0
1767419100000000,0.0305,0.0306,0.0305,0.0306,5452.7,1767419999999999,166.83524,26,5278.9,161.53434,0
1767420000000000,0.0305,0.0306,0.0305,0.0306,72650.9,1767420899999999,2218.27087,52,18109.2,554.14152,0
1767420900000000,0.0306,0.0306,0.0305,0.0306,43723.0,1767421799999999,1335.09528,34,15437.8,472.39668,0
1767421800000000,0.0306,0.0306,0.0304,0.0305,52338.6,1767422699999999,1597.15253,21,21194.7,647.50625,0
1767422700000000,0.0304,0.0304,0.0302,0.0303,163182.3,1767423599999999,4949.94438,48,119346.9,3620.6148,0
1767423600000000,0.0304,0.0304,0.0303,0.0304,40283.5,1767424499999999,1223.41546,34,28254.1,858.92464,0
1767424500000000,0.0304,0.0304,0.03,0.0301,196382.0,1767425399999999,5924.56859,67,45084.4,1361.15727,0
1767425400000000,0.03,0.0301,0.0299,0.03,176892.0,1767426299999999,5305.731,63,61996.6,1860.27837,0
1767426300000000,0.03,0.0301,0.0298,0.03,199305.5,1767427199999999,5973.08892,63,78583.0,2358.05058,0
1767427200000000,0.0299,0.0301,0.0299,0.0301,238961.8,1767428099999999,7169.41791,54,120806.1,3625.97391,0
1767428100000000,0.0301,0.0301,0.03,0.0301,30836.3,1767428999999999,928.12798,15,26349.2,793.11092,0
1767429000000000,0.0302,0.0303,0.0302,0.0302,40092.4,1767429899999999,1210.87498,19,30599.0,924.1743,0
1767429900000000,0.0302,0.0304,0.0302,0.0302,362717.2,1767430799999999,10992.11498,52,67874.2,2060.37587,0
1767430800000000,0.0304,0.0304,0.0301,0.0301,215128.9,1767431699999999,6503.41163,50,41786.6,1266.92574,0
1767431700000000,0.03,0.0301,0.0299,0.03,84253.4,1767432599999999,2527.88604,32,13771.0,413.8996,0
1767432600000000,0.0301,0.0302,0.03,0.0301,108634.2,1767433499999999,3270.11416,40,56680.2,1706.95034,0
1767433500000000,0.03,0.0301,0.03,0.03,7443.6,1767434399999999,223.68443,16,3764.3,113.30543,0
1767434400000000,0.03,0.0302,0.03,0.03,63268.0,1767435299999999,1902.29053,34,41010.9,1234.57753,0
1767435300000000,0.03,0.0301,0.03,0.0301,13017.9,1767436199999999,391.5176,17,9806.0,295.1606,0
1767436200000000,0.03,0.0301,0.03,0.0301,22517.7,1767437099999999,677.36756,21,18365.6,552.80456,0
1767437100000000,0.03,0.0301,0.03,0.0301,109507.2,1767437999999999,3285.96357,23,63971.3,1919.88657,0
1767438000000000,0.03,0.0301,0.03,0.03,29754.1,1767438899999999,893.25109,17,6280.9,189.05509,0
1767438900000000,0.03,0.0301,0.03,0.03,35575.9,1767439799999999,1069.66891,18,23919.1,719.96491,0
1767439800000000,0.0301,0.0301,0.03,0.03,18527.5,1767440699999999,556.733,21,9080.0,273.308,0
1767440700000000,0.0301,0.0301,0.03,0.0301,10239.4,1767441599999999,308.1379,18,9559.0,287.7259,0
1767441600000000,0.0301,0.0301,0.0299,0.03,166133.9,1767442499999999,4984.52274,33,129907.3,3897.76923,0
1767442500000000,0.03,0.0301,0.03,0.0301,13134.5,1767443399999999,394.327,13,2920.0,87.892,0
1767443400000000,0.0301,0.0301,0.0299,0.0301,215477.6,1767444299999999,6462.17929,81,72569.1,2179.36702,0
1767444300000000,0.03,0.0301,0.03,0.0301,13903.0,1767445199999999,418.05159,19,9615.9,289.43859,0
1767445200000000,0.0301,0.0302,0.03,0.0302,126921.7,1767446099999999,3823.09391,69,97450.5,2937.71906,0
1767446100000000,0.0302,0.0302,0.0301,0.0302,5290.5,1767446999999999,159.66506,10,4210.1,127.14502,0
1767447000000000,0.0302,0.0302,0.0301,0.0302,26027.0,1767447899999999,785.74413,16,23314.3,704.09186,0
1767447900000000,0.0301,0.0302,0.0301,0.0302,8697.9,1767448799999999,262.17068,12,3638.9,109.89478,0
1767448800000000,0.0301,0.0302,0.0301,0.0302,9696.4,1767449699999999,292.09836,10,2367.2,71.48944,0
1767449700000000,0.0301,0.0302,0.03,0.0301,62497.4,1767450599999999,1881.35955,35,4600.5,138.86407,0
1767450600000000,0.0301,0.0301,0.03,0.03,48142.9,1767451499999999,1448.9519,18,12589.7,378.94997,0
1767451500000000,0.0301,0.0301,0.03,0.0301,6722.6,1767452399999999,202.05271,11,3747.1,112.78771,0
1767452400000000,0.0301,0.0301,0.03,0.03,24967.5,1767453299999999,749.96692,19,9419.2,283.51792,0
1767453300000000,0.03,0.0301,0.03,0.0301,6398.7,1767454199999999,192.10837,10,1473.7,44.35837,0
1767454200000000,0.0301,0.0302,0.03,0.0301,77955.9,1767455099999999,2346.16228,38,71271.5,2145.63028,0
1767455100000000,0.0301,0.0302,0.03,0.0301,48547.4,1767455999999999,1461.47458,44,37300.4,1123.39902,0
1767456000000000,0.03,0.0302,0.03,0.0302,65421.0,1767456899999999,1967.74247,27,6239.2,187.83339,0
1767456900000000,0.03,0.0301,0.03,0.0301,9041.4,1767457799999999,271.8112,9,5692.0,171.3292,0
1767457800000000,0.03,0.0301,0.03,0.0301,42205.9,1767458699999999,1268.92165,25,27446.5,826.13965,0
1767458700000000,0.03,0.0302,0.03,0.0301,281557.0,1767459599999999,8454.75111,59,134262.9,4034.52086,0
1767459600000000,0.0301,0.0302,0.0301,0.0302,252023.3,1767460499999999,7602.90209,38,192890.9,5823.01685,0
1767460500000000,0.0302,0.0302,0.0301,0.0301,11056.6,1767461399999999,333.26362,17,4599.6,138.90792,0
1767461400000000,0.0302,0.0302,0.0301,0.0301,36101.0,1767462299999999,1088.29183,58,16517.3,498.82246,0
1767462300000000,0.0302,0.0302,0.03,0.0302,276108.0,1767463199999999,8315.09819,61,105019.9,3168.78012,0
1767463200000000,0.0302,0.0303,0.0301,0.0302,80508.5,1767464099999999,2433.69629,36,37776.4,1143.33214,0
1767464100000000,0.0301,0.0302,0.0301,0.0301,6350.3,1767464999999999,191.54982,9,4057.9,122.54858,0
1767465000000000,0.0302,0.0303,0.0302,0.0302,32110.3,1767465899999999,970.65166,22,15281.0,462.4068,0
1767465900000000,0.0302,0.0303,0.0302,0.0303,16972.0,1767466799999999,512.80623,16,2518.3,76.30449,0
1767466800000000,0.0303,0.0303,0.0302,0.0302,12288.4,1767467699999999,371.34042,15,2307.4,69.91422,0
1767467700000000,0.0303,0.0304,0.0302,0.0303,77358.8,1767468599999999,2343.85432,26,73059.2,2213.71339,0
1767468600000000,0.0303,0.0304,0.0303,0.0304,17800.8,1767469499999999,539.58671,21,2224.7,67.63088,0
1767469500000000,0.0304,0.0304,0.0303,0.0303,63892.2,1767470399999999,1937.24137,19,13077.1,397.54384,0
1767470400000000,0.0303,0.0304,0.0301,0.0301,125531.9,1767471299999999,3797.60059,41,3146.0,95.21162,0
1767471300000000,0.0301,0.0302,0.0301,0.0302,25421.3,1767472199999999,765.58364,16,4025.1,121.55802,0
1767472200000000,0.0301,0.0303,0.0301,0.0302,45493.2,1767473099999999,1373.73097,11,36992.3,1117.20651,0
1767473100000000,0.0303,0.0303,0.0302,0.0302,7624.1,1767473999999999,230.75944,11,5116.2,155.02086,0
1767474000000000,0.0303,0.0303,0.0302,0.0303,15900.7,1767474899999999,481.49197,16,12908.3,391.12149,0
1767474900000000,0.0303,0.0303,0.0302,0.0303,11701.2,1767475799999999,354.40928,16,10330.4,313.01112,0
1767475800000000,0.0302,0.0303,0.0302,0.0302,4483.1,1767476699999999,135.56814,10,1785.2,54.09156,0
1767476700000000,0.0302,0.0303,0.0301,0.0302,58757.7,1767477599999999,1773.25654,20,9616.1,290.76033,0
1767477600000000,0.0302,0.0303,0.0302,0.0302,50312.7,1767478499999999,1523.88778,29,44442.4,1346.60472,0
1767478500000000,0.0302,0.0303,0.0302,0.0303,7670.4,1767479399999999,232.12644,16,4803.6,145.54908,0
1767479400000000,0.0302,0.0304,0.0302,0.0304,31219.2,1767480299999999,944.99363,24,16000.0,485.37379,0
1767480300000000,0.0302,0.0304,0.0302,0.0304,146392.9,1767481199999999,4432.95774,41,31576.1,957.14153,0
1767481200000000,0.0304,0.0304,0.0302,0.0303,33617.4,1767482099999999,1017.24481,52,6858.7,208.38677,0
1767482100000000,0.0302,0.0304,0.0302,0.0303,105076.5,1767482999999999,3183.9361,86,57592.7,1745.71908,0
1767483000000000,0.0302,0.0303,0.0302,0.0303,17169.7,1767483899999999,519.54601,56,10210.7,309.38421,0
1767483900000000,0.0302,0.0304,0.0302,0.0303,207161.5,1767484799999999,6275.79929,103,75044.9,2278.24223,0
1767484800000000,0.0303,0.0304,0.0302,0.0304,448925.7,1767485699999999,13594.11763,217,303219.5,9186.46175,0
1767485700000000,0.0303,0.0304,0.0303,0.0304,42771.4,1767486599999999,1298.45435,107,24809.3,754.20272,0
1767486600000000,0.0303,0.0304,0.0302,0.0303,170768.4,1767487499999999,5176.10111,125,31022.7,942.09492,0
1767487500000000,0.0303,0.0303,0.0302,0.0303,45486.7,1767488399999999,1377.13005,106,34317.1,1039.80813,0
1767488400000000,0.0302,0.0303,0.0302,0.0303,31505.2,1767489299999999,953.30842,86,18513.8,560.96814,0
1767489300000000,0.0302,0.0303,0.0302,0.0303,20833.9,1767490199999999,630.40494,80,12211.6,370.01148,0
1767490200000000,0.0302,0.0303,0.0302,0.0303,35955.8,1767491099999999,1088.54082,86,26756.6,810.72498,0
1767491100000000,0.0302,0.0303,0.0302,0.0302,21610.6,1767491999999999,653.31733,58,6772.1,205.19463,0
1767492000000000,0.0303,0.0304,0.0302,0.0304,80076.2,1767492899999999,2426.20408,42,46320.9,1403.77248,0
1767492900000000,0.0303,0.0305,0.0302,0.0304,169589.9,1767493799999999,5150.11874,57,93510.7,2841.74068,0
1767493800000000,0.0305,0.0305,0.0304,0.0304,63285.5,1767494699999999,1928.00167,39,41224.7,1257.35335,0
1767494700000000,0.0304,0.0305,0.0304,0.0304,15566.0,1767495599999999,473.2904,11,840.0,25.62,0
1767495600000000,0.0304,0.0305,0.0304,0.0305,21959.8,1767496499999999,668.43241,20,8544.9,260.61945,0
1767496500000000,0.0305,0.0305,0.0304,0.0305,20549.4,1767497399999999,626.54585,17,18440.9,562.44745,0
1767497400000000,0.0305,0.0305,0.0304,0.0304,5795.8,1767498299999999,176.66634,10,4740.2,144.5761,0
1767498300000000,0.0305,0.0305,0.0304,0.0305,6798.5,1767499199999999,207.0324,10,3580.0,109.19,0
1767499200000000,0.0305,0.0305,0.0304,0.0304,40761.1,1767500099999999,1239.64539,24,5079.5,154.92475,0
1767500100000000,0.0305,0.0305,0.0304,0.0305,33360.7,1767500999999999,1016.13708,16,19718.0,601.399,0
1767501000000000,0.0305,0.0305,0.0304,0.0305,33512.7,1767501899999999,1022.06036,20,16684.6,508.8803,0
1767501900000000,0.0305,0.0305,0.0304,0.0304,63725.1,1767502799999999,1938.0334,23,7903.6,241.0598,0
1767502800000000,0.0304,0.0305,0.0304,0.0304,38138.7,1767503699999999,1162.66898,22,32525.0,992.0125,0
1767503700000000,0.0304,0.0307,0.0304,0.0306,144788.3,1767504599999999,4427.87921,39,79283.9,2423.97511,0
1767504600000000,0.0306,0.0307,0.0305,0.0305,357942.3,1767505499999999,10951.60743,29,2789.8,85.43839,0
1767505500000000,0.0305,0.0306,0.0304,0.0305,162156.3,1767506399999999,4940.31857,40,18608.0,567.77983,0
1767506400000000,0.0305,0.0305,0.0304,0.0304,54364.3,1767507299999999,1655.7787,28,18233.0,556.1065,0
1767507300000000,0.0305,0.0307,0.0304,0.0305,141824.4,1767508199999999,4329.19101,44,75835.1,2316.41448,0
1767508200000000,0.0306,0.0306,0.0304,0.0304,197142.2,1767509099999999,6002.96139,39,47640.8,1448.97808,0
1767509100000000,0.0304,0.0304,0.0303,0.0303,10619.3,1767509999999999,322.26669,10,5019.0,152.5776,0
1767510000000000,0.0304,0.0305,0.0303,0.0305,88911.6,1767510899999999,2706.53669,45,80014.3,2436.52356,0
1767510900000000,0.0304,0.0306,0.0304,0.0306,72847.7,1767511799999999,2222.01759,32,24922.1,760.35508,0
1767511800000000,0.0305,0.0305,0.0303,0.0305,258463.3,1767512699999999,7857.64843,49,117431.4,3570.01314,0
1767512700000000,0.0305,0.0305,0.0304,0.0304,28379.6,1767513599999999,862.93136,12,1915.2,58.4136,0
1767513600000000,0.0305,0.0305,0.0303,0.0304,62122.0,1767514499999999,1887.87983,23,9028.5,274.5944,0
1767514500000000,0.0304,0.0304,0.0303,0.0304,6715.9,1767515399999999,203.8638,13,3720.3,113.09712,0
1767515400000000,0.0304,0.0306,0.0304,0.0305,151336.0,1767516299999999,4609.79495,45,120005.7,3654.92534,0
1767516300000000,0.0306,0.0306,0.0305,0.0306,11440.7,1767517199999999,349.78097,10,8396.2,256.92372,0
1767517200000000,0.0305,0.0306,0.0304,0.0305,205568.2,1767518099999999,6273.54986,63,57535.3,1758.80224,0
1767518100000000,0.0304,0.0305,0.0304,0.0304,76125.7,1767518999999999,2316.09271,21,25075.9,764.17879,0
1767519000000000,0.0304,0.0305,0.0304,0.0305,126564.3,1767519899999999,3855.74545,32,81907.3,2498.17265,0
1767519900000000,0.0305,0.0307,0.0305,0.0306,433680.9,1767520799999999,13282.86883,50,265479.1,8121.97766,0
1767520800000000,0.0306,0.0307,0.0306,0.0307,118245.8,1767521699999999,3627.53906,42,60243.1,1849.46317,0
1767521700000000,0.0306,0.0307,0.0305,0.0305,117912.8,1767522599999999,3609.72934,56,23785.2,729.46218,0
1767522600000000,0.0305,0.0307,0.0305,0.0305,82274.7,1767523499999999,2516.20892,30,10928.8,334.72529,0
1767523500000000,0.0305,0.0306,0.0304,0.0306,403078.0,1767524399999999,12267.75407,70,99269.7,3026.63426,0
1767524400000000,0.0306,0.0306,0.0305,0.0306,110744.6,1767525299999999,3384.95346,39,72431.6,2216.40696,0
1767525300000000,0.0306,0.0306,0.0305,0.0306,3594.2,1767526199999999,109.84027,9,2171.7,66.45402,0
1767526200000000,0.0305,0.0306,0.0305,0.0306,54539.2,1767527099999999,1668.34475,23,47557.2,1455.25032,0
1767527100000000,0.0306,0.0307,0.0306,0.0307,5625.5,1767527999999999,172.58756,6,4472.6,137.30882,0
1767528000000000,0.0306,0.0307,0.0306,0.0306,73741.6,1767528899999999,2260.41069,42,39177.3,1202.74311,0
1767528900000000,0.0306,0.0307,0.0305,0.0306,227992.8,1767529799999999,6976.2013,48,127922.6,3914.9147,0
1767529800000000,0.0306,0.0307,0.0305,0.0305,40785.4,1767530699999999,1248.3543,25,3718.9,114.17023,0
1767530700000000,0.0306,0.0306,0.0305,0.0305,11615.7,1767531599999999,355.36988,11,10910.3,333.85518,0
1767531600000000,0.0306,0.0307,0.0305,0.0307,38944.1,1767532499999999,1193.92465,25,35980.6,1103.36682,0
1767532500000000,0.0307,0.0307,0.0305,0.0306,38784.5,1767533399999999,1185.62998,18,10477.8,320.77343,0
1767533400000000,0.0306,0.0306,0.0304,0.0305,185210.1,1767534299999999,5645.01394,51,56826.4,1734.31577,0
1767534300000000,0.0306,0.0306,0.0304,0.0305,59742.4,1767535199999999,1822.86377,28,42883.1,1308.96761,0
1767535200000000,0.0306,0.0306,0.0305,0.0305,18154.3,1767536099999999,554.75725,14,10511.0,321.6366,0
1767536100000000,0.0305,0.0306,0.0305,0.0306,63711.2,1767536999999999,1945.32243,25,21308.3,652.03398,0
1767537000000000,0.0306,0.0308,0.0306,0.0307,1061823.2,1767537899999999,32644.90742,122,417434.3,12827.41237,0
1767537900000000,0.0306,0.0307,0.0306,0.0306,12255.4,1767538799999999,375.24296,14,2277.2,69.91004,0
1767538800000000,0.0307,0.0314,0.0306,0.0307,1555808.5,1767539699999999,48196.88134,378,894350.1,27744.98441,0
1767539700000000,0.0307,0.0309,0.0306,0.0306,306130.0,1767540599999999,9394.77783,69,76404.7,2353.92658,0
1767540600000000,0.0306,0.0307,0.0306,0.0307,27602.3,1767541499999999,845.14685,22,5164.7,158.55629,0
1767541500000000,0.0307,0.0308,0.0306,0.0307,117144.2,1767542399999999,3599.36402,51,72829.5,2239.32604,0
1767542400000000,0.0307,0.0309,0.0306,0.0307,493770.9,1767543299999999,15151.15583,104,93465.7,2877.6043,0
1767543300000000,0.0307,0.0309,0.0307,0.0308,158458.4,1767544199999999,4876.26784,48,121029.0,3727.08967,0
1767544200000000,0.0308,0.031,0.0308,0.0308,260532.2,1767545099999999,8054.44129,96,89388.8,2766.44517,0
1767545100000000,0.0309,0.031,0.0308,0.0309,107861.4,1767545999999999,3333.85926,78,50246.0,1555.9202,0
1767546000000000,0.031,0.031,0.0308,0.0308,133246.3,1767546899999999,4111.3026,75,33453.7,1034.53582,0
1767546900000000,0.0308,0.0309,0.0307,0.0308,67115.5,1767547799999999,2069.4283,77,42082.8,1298.57262,0
1767547800000000,0.0308,0.031,0.0307,0.0309,241973.9,1767548699999999,7462.80531,100,115076.2,3558.18221,0
1767548700000000,0.0309,0.031,0.0307,0.0308,156207.4,1767549599999999,4821.9945,67,86528.5,2674.71611,0
1767549600000000,0.0309,0.0309,0.0308,0.0309,46455.1,1767550499999999,1435.08166,24,42645.8,1317.75522,0
1767550500000000,0.0308,0.031,0.0308,0.0309,108595.2,1767551399999999,3358.19458,50,61037.6,1890.6221,0
1767551400000000,0.0309,0.031,0.0309,0.0309,35735.6,1767552299999999,1105.02967,22,7996.3,247.8853,0
1767552300000000,0.0309,0.031,0.0308,0.0309,146640.7,1767553199999999,4531.06184,72,29971.8,928.40697,0
1767553200000000,0.0309,0.031,0.0309,0.0309,251198.0,1767554099999999,7763.34501,84,130648.3,4038.35928,0
1767554100000000,0.0309,0.0309,0.0308,0.0308,15575.6,1767554999999999,480.56501,28,4707.6,145.46484,0
1767555000000000,0.0308,0.0309,0.0306,0.0306,181201.8,1767555899999999,5566.12785,77,21948.8,677.98381,0
1767555900000000,0.0307,0.0307,0.0305,0.0306,335292.2,1767556799999999,10250.21515,93,187213.7,5729.20868,0
1767556800000000,0.0306,0.0307,0.0305,0.0307,230696.6,1767557699999999,7054.18784,54,114570.0,3510.84006,0
1767557700000000,0.0306,0.0307,0.0306,0.0307,62836.0,1767558599999999,1924.51836,31,54558.9,1671.2391,0
1767558600000000,0.0306,0.0307,0.0305,0.0307,312253.5,1767559499999999,9535.88583,51,142562.7,4359.06924,0
1767559500000000,0.0306,0.0307,0.0306,0.0307,30243.4,1767560399999999,928.17123,26,27231.9,836.01933,0
1767560400000000,0.0306,0.0308,0.0306,0.0307,65473.1,1767561299999999,2009.26392,27,54681.7,1678.76046,0
1767561300000000,0.0308,0.0308,0.0307,0.0307,16219.1,1767562199999999,498.97346,24,10470.9,322.50372,0
1767562200000000,0.0307,0.0308,0.0306,0.0306,36013.1,1767563099999999,1105.05989,32,1265.8,38.94604,0
1767563100000000,0.0307,0.0307,0.0306,0.0306,52249.8,1767563999999999,1602.38734,25,35434.6,1087.84222,0
1767564000000000,0.0306,0.0308,0.0306,0.0308,32056.2,1767564899999999,983.64004,16,22113.5,679.08829,0
1767564900000000,0.0307,0.0307,0.0305,0.0307,266650.9,1767565799999999,8148.91927,54,28470.4,872.39633,0
1767565800000000,0.0307,0.0307,0.0305,0.0305,11444.3,1767566699999999,350.50997,16,8700.9,266.83627,0
1767566700000000,0.0307,0.0307,0.0305,0.0306,52310.2,1767567599999999,1602.32793,33,37539.9,1150.81143,0
1767567600000000,0.0306,0.0307,0.0306,0.0307,49233.2,1767568499999999,1511.36347,18,48275.5,1482.05785,0
1767568500000000,0.0307,0.0307,0.0306,0.0306,24283.7,1767569399999999,744.37982,22,12986.0,398.6702,0
1767569400000000,0.0307,0.0307,0.0306,0.0307,46388.1,1767570299999999,1421.02598,31,15501.2,475.88684,0
1767570300000000,0.0307,0.0307,0.0305,0.0305,38098.5,1767571199999999,1164.11622,29,8726.5,267.46228,0
1767571200000000,0.0306,0.0308,0.0306,0.0306,63757.1,1767572099999999,1956.22196,41,25619.7,786.59248,0
1767572100000000,0.0307,0.0307,0.0306,0.0306,52842.4,1767572999999999,1621.59055,37,46131.1,1416.22477,0
1767573000000000,0.0307,0.0307,0.0306,0.0307,9962.5,1767573899999999,305.55921,15,7067.1,216.95997,0
1767573900000000,0.0306,0.0308,0.0306,0.0307,147154.4,1767574799999999,4517.97087,51,118299.1,3632.46263,0
1767574800000000,0.0308,0.0309,0.0307,0.0309,118627.0,1767575699999999,3653.74472,27,107113.1,3299.28642,0
1767575700000000,0.0308,0.0309,0.0308,0.0308,29449.1,1767576599999999,907.67398,31,6417.0,198.2853,0
1767576600000000,0.0308,0.0312,0.0308,0.0311,125274.8,1767577499999999,3895.98492,49,95477.2,2969.89608,0
1767577500000000,0.0311,0.0311,0.031,0.031,47913.9,1767578399999999,1489.60807,31,12281.4,381.95154,0
1767578400000000,0.031,0.0311,0.0309,0.0309,108924.8,1767579299999999,3372.47042,39,8555.7,265.68913,0
1767579300000000,0.0309,0.0309,0.0307,0.0309,159544.7,1767580199999999,4916.23738,53,28477.4,878.46187,0
1767580200000000,0.0308,0.0309,0.0308,0.0309,10787.7,1767581099999999,332.79913,15,5379.7,166.23273,0
1767581100000000,0.0308,0.0309,0.0308,0.0308,31439.2,1767581999999999,970.11964,19,17922.8,553.81452,0
1767582000000000,0.0308,0.0309,0.0308,0.0309,31391.1,1767582899999999,968.75553,21,19096.5,590.08185,0
1767582900000000,0.0308,0.0309,0.0308,0.0308,12791.8,1767583799999999,394.81421,19,8267.7,255.47193,0
1767583800000000,0.0308,0.0309,0.0308,0.0308,6818.7,1767584699999999,210.13839,13,1224.3,37.83087,0
1767584700000000,0.0308,0.0315,0.0307,0.031,1036419.9,1767585599999999,32339.04109,238,596215.6,18581.27255,0
1767585600000000,0.031,0.0311,0.0309,0.0309,60123.3,1767586499999999,1864.01784,32,7792.9,241.81002,0
1767586500000000,0.0309,0.031,0.0307,0.0308,176391.1,1767587399999999,5441.91231,49,19519.5,604.62793,0
1767587400000000,0.0307,0.0308,0.0306,0.0307,29215.0,1767588299999999,896.21579,25,10781.8,331.09025,0
1767588300000000,0.0306,0.0308,0.0306,0.0308,53239.9,1767589199999999,1634.51439,30,37380.4,1147.68903,0
1767589200000000,0.0307,0.0308,0.0307,0.0308,56861.2,1767590099999999,1749.05411,38,34152.7,1051.90316,0
1767590100000000,0.0307,0.0309,0.0307,0.0308,25333.5,1767590999999999,779.96531,30,18426.4,567.59724,0
1767591000000000,0.0308,0.0309,0.0308,0.0308,19442.8,1767591899999999,599.42828,19,12200.4,376.36236,0
1767591900000000,0.0308,0.0308,0.0307,0.0308,37766.4,1767592799999999,1162.25501,22,5737.1,176.70268,0
1767592800000000,0.0307,0.0308,0.0307,0.0307,23545.0,1767593699999999,723.05752,19,2260.2,69.61416,0
1767593700000000,0.0307,0.0308,0.0307,0.0307,87307.4,1767594599999999,2680.43813,34,44437.0,1364.31685,0
1767594600000000,0.0307,0.0307,0.0306,0.0307,192156.3,1767595499999999,5898.53358,33,3877.7,119.04539,0
1767595500000000,0.0306,0.0308,0.0306,0.0307,88693.5,1767596399999999,2722.45242,33,16278.8,499.76405,0
1767596400000000,0.0307,0.0308,0.0307,0.0308,7099.5,1767597299999999,218.16076,16,2061.1,63.48188,0
1767597300000000,0.0307,0.0308,0.0307,0.0307,29020.0,1767598199999999,892.98932,23,20753.2,639.19856,0
1767598200000000,0.0308,0.0314,0.0308,0.0309,826943.3,1767599099999999,25735.29747,168,542577.6,16913.99037,0
1767599100000000,0.0308,0.0309,0.0308,0.0308,22147.8,1767599999999999,683.0401,21,8878.6,274.34874,0
1767600000000000,0.0308,0.0309,0.0308,0.0308,15051.2,1767600899999999,463.65757,14,806.1,24.90849,0
1767600900000000,0.0308,0.0309,0.0307,0.0308,80547.0,1767601799999999,2480.64305,25,36107.4,1113.33083,0
1767601800000000,0.0308,0.031,0.0308,0.0308,242555.9,1767602699999999,7494.63028,48,178776.7,5525.47471,0
1767602700000000,0.0308,0.0309,0.0308,0.0308,50382.7,1767603599999999,1551.83367,22,465.1,14.37159,0
1767603600000000,0.0309,0.0309,0.0304,0.0305,554129.4,1767604499999999,16925.58326,78,81692.2,2494.44833,0
1767604500000000,0.0305,0.0307,0.0304,0.0305,180065.9,1767605399999999,5500.6361,45,152966.6,4673.54554,0
1767605400000000,0.0306,0.0307,0.0305,0.0307,22825.4,1767606299999999,698.19179,17,1452.0,44.5764,0
1767606300000000,0.0306,0.0307,0.0305,0.0306,122367.3,1767607199999999,3746.5222,36,101601.5,3111.32629,0
1767607200000000,0.0306,0.0307,0.0306,0.0307,35903.8,1767608099999999,1099.11218,17,4559.0,139.9613,0
1767608100000000,0.0306,0.0307,0.0306,0.0307,13239.1,1767608999999999,405.71148,20,5950.2,182.67114,0
1767609000000000,0.0306,0.0307,0.0305,0.0305,53153.3,1767609899999999,1625.22728,29,9877.1,302.33582,0
1767609900000000,0.0305,0.0306,0.0305,0.0306,224391.7,1767610799999999,6851.43195,59,85557.3,2615.92031,0
1767610800000000,0.0305,0.0306,0.0304,0.0305,159897.6,1767611699999999,4883.85295,60,93470.1,2858.29135,0
1767611700000000,0.0306,0.0308,0.0305,0.0306,116842.7,1767612599999999,3583.07642,47,112581.9,3452.76217,0
1767612600000000,0.0306,0.0307,0.0306,0.0306,24154.2,1767613499999999,739.97323,27,8547.1,262.39597,0
1767613500000000,0.0306,0.0308,0.0306,0.0308,50301.2,1767614399999999,1544.14661,25,38047.5,1168.8406,0
1767614400000000,0.0307,0.031,0.0307,0.0309,267064.0,1767615299999999,8242.63668,72,168009.5,5187.69576,0
1767615300000000,0.0308,0.031,0.0308,0.0309,203486.4,1767616199999999,6282.62985,51,69087.6,2136.52774,0
1767616200000000,0.0308,0.031,0.0308,0.0308,80154.6,1767617099999999,2471.199,54,32077.3,990.29454,0
1767617100000000,0.0308,0.0316,0.0308,0.0313,1357096.0,1767617999999999,42506.17569,316,707783.4,22169.07752,0
1767618000000000,0.0314,0.0315,0.0307,0.0309,1002526.4,1767618899999999,31152.26949,237,458868.4,14286.05797,0
1767618900000000,0.0309,0.0311,0.0307,0.0311,350514.2,1767619799999999,10832.09283,88,197520.2,6117.43115,0
1767619800000000,0.031,0.031,0.0308,0.0309,90697.7,1767620699999999,2802.49564,36,18789.5,580.67654,0
1767620700000000,0.0308,0.0309,0.0308,0.0309,18447.4,1767621599999999,569.1563,16,9763.8,301.70142,0
1767621600000000,0.0308,0.031,0.0308,0.0308,74486.4,1767622499999999,2303.1813,39,27193.2,842.10337,0
1767622500000000,0.0309,0.031,0.0308,0.0309,181616.3,1767623399999999,5607.6049,65,74580.9,2308.39734,0
1767623400000000,0.031,0.031,0.0307,0.031,305774.4,1767624299999999,9443.77515,60,103313.4,3193.0978,0
1767624300000000,0.031,0.0311,0.0309,0.031,81989.4,1767625199999999,2544.3241,38,32129.9,998.90714,0
1767625200000000,0.031,0.0312,0.0309,0.0309,228005.9,1767626099999999,7061.60425,60,98754.0,3061.13335,0
1767626100000000,0.031,0.0312,0.031,0.031,161543.7,1767626999999999,5019.7349,46,101109.2,3140.69181,0
1767627000000000,0.031,0.0312,0.031,0.0312,96561.1,1767627899999999,3001.24837,28,72736.9,2262.65222,0
1767627900000000,0.0311,0.0312,0.0311,0.0312,16822.5,1767628799999999,524.37474,18,11949.9,372.83688,0
1767628800000000,0.0311,0.0314,0.0311,0.0313,497424.5,1767629699999999,15590.38036,65,434051.6,13607.66695,0
1767629700000000,0.0312,0.0313,0.0311,0.0312,102488.3,1767630599999999,3196.74048,42,5429.2,169.6986,0
1767630600000000,0.0312,0.0312,0.0311,0.0311,31694.6,1767631499999999,987.50906,22,18070.0,563.784,0
1767631500000000,0.0311,0.0318,0.0311,0.0312,1303684.3,1767632399999999,40934.06128,403,549391.8,17246.53245,0
1767632400000000,0.0313,0.0313,0.031,0.0311,264076.2,1767633299999999,8216.44157,76,152526.9,4748.33823,0
1767633300000000,0.0312,0.0312,0.031,0.0311,163298.5,1767634199999999,5080.45127,55,97438.5,3034.05651,0
1767634200000000,0.0311,0.0312,0.031,0.0312,264242.0,1767635099999999,8211.27428,34,112466.9,3504.02082,0
1767635100000000,0.0312,0.0315,0.0311,0.0314,221557.5,1767635999999999,6931.33807,56,206775.0,6467.70847,0
1767636000000000,0.0315,0.0315,0.0313,0.0314,112593.7,1767636899999999,3531.41149,34,13307.8,418.51209,0
1767636900000000,0.0313,0.0314,0.0312,0.0314,82387.3,1767637799999999,2578.1946,34,17794.2,557.24231,0
1767637800000000,0.0313,0.0314,0.0312,0.0314,165806.8,1767638699999999,5186.12647,44,52690.6,1650.92864,0
1767638700000000,0.0313,0.0314,0.0313,0.0314,20893.2,1767639599999999,655.52137,21,15642.1,491.16194,0
1767639600000000,0.0313,0.0316,0.0313,0.0316,163380.9,1767640499999999,5139.18855,47,129508.7,4078.40631,0
1767640500000000,0.0315,0.0318,0.0315,0.0316,573955.5,1767641399999999,18108.79543,84,378766.6,11948.32081,0
1767641400000000,0.0315,0.0316,0.0315,0.0315,37549.6,1767642299999999,1185.00406,24,21916.6,692.56456,0
1767642300000000,0.0315,0.0315,0.0314,0.0314,21498.8,1767643199999999,677.08792,11,5027.2,158.3568,0
1767643200000000,0.0314,0.0315,0.0314,0.0315,159520.5,1767644099999999,5011.23927,43,22955.7,723.10455,0
1767644100000000,0.0315,0.0316,0.0313,0.0316,249404.4,1767644999999999,7842.51723,52,137975.1,4343.75821,0
1767645000000000,0.0315,0.0316,0.0314,0.0314,55245.1,1767645899999999,1742.03357,29,38432.1,1212.56149,0
1767645900000000,0.0315,0.0315,0.0313,0.0315,278977.8,1767646799999999,8750.8396,68,107432.5,3375.96841,0
1767646800000000,0.0315,0.0315,0.0313,0.0314,47727.6,1767647699999999,1500.32188,63,17894.8,563.60831,0
1767647700000000,0.0314,0.0314,0.0313,0.0313,98865.6,1767648599999999,3097.53027,69,49773.9,1560.96006,0
1767648600000000,0.0313,0.0313,0.0312,0.0312,32504.8,1767649499999999,1015.61667,29,14669.1,459.14283,0
1767649500000000,0.0313,0.0314,0.0312,0.0312,99967.6,1767650399999999,3128.31341,31,85984.7,2691.36902,0
1767650400000000,0.0313,0.0313,0.0312,0.0313,92131.5,1767651299999999,2880.51052,46,60077.2,1880.41636,0
1767651300000000,0.0313,0.0315,0.0313,0.0315,138193.2,1767652199999999,4335.00093,53,101234.5,3178.19362,0
1767652200000000,0.0315,0.0315,0.0313,0.0314,21339.3,1767653099999999,671.03681,27,20079.5,631.51443,0
1767653100000000,0.0313,0.0316,0.0313,0.0315,93720.4,1767653999999999,2951.59151,114,68784.5,2166.73234,0
1767654000000000,0.0316,0.0316,0.0314,0.0314,87369.3,1767654899999999,2754.50333,99,37490.8,1183.49303,0
1767654900000000,0.0315,0.0316,0.0314,0.0315,58183.8,1767655799999999,1831.52741,60,25440.2,801.69165,0
1767655800000000,0.0314,0.0316,0.0314,0.0315,80961.3,1767656699999999,2549.42794,53,53989.6,1700.85527,0
1767656700000000,0.0316,0.0316,0.0315,0.0315,52972.7,1767657599999999,1672.514,27,38739.5,1224.1682,0
1767657600000000,0.0315,0.0316,0.0315,0.0316,95016.8,1767658499999999,2997.93502,47,49058.2,1550.23912,0
1767658500000000,0.0315,0.0318,0.0315,0.0316,157218.4,1767659399999999,4978.49168,50,46476.8,1471.97575,0
1767659400000000,0.0316,0.0316,0.0315,0.0315,49978.9,1767660299999999,1578.5202,23,1232.4,38.94384,0
1767660300000000,0.0316,0.0317,0.0315,0.0316,75139.9,1767661199999999,2376.10436,22,57463.5,1818.42573,0
1767661200000000,0.0317,0.0317,0.0316,0.0316,15821.3,1767662099999999,500.21589,16,2628.1,83.31077,0
1767662100000000,0.0317,0.0318,0.0316,0.0317,38300.4,1767662999999999,1213.8552,26,33502.4,1062.12276,0
1767663000000000,0.0317,0.0318,0.0317,0.0317,4973.5,1767663899999999,157.75736,11,974.1,30.97638,0
1767663900000000,0.0318,0.0318,0.0316,0.0316,37233.4,1767664799999999,1181.1229,17,8572.9,272.61822,0
1767664800000000,0.0317,0.0317,0.0316,0.0316,61099.0,1767665699999999,1932.49919,25,11632.9,368.76293,0
1767665700000000,0.0316,0.0317,0.0316,0.0317,15782.8,1767666599999999,500.14179,17,14053.1,445.48327,0
1767666600000000,0.0316,0.0318,0.0316,0.0318,115306.2,1767667499999999,3654.16587,35,91576.1,2904.29471,0
1767667500000000,0.0317,0.0319,0.0317,0.0317,192271.5,1767668399999999,6107.66079,63,49034.9,1559.4811,0
1767668400000000,0.0317,0.0318,0.0317,0.0317,18405.5,1767669299999999,584.03481,27,5804.6,184.58628,0
1767669300000000,0.0317,0.0319,0.0317,0.0317,47286.9,1767670199999999,1505.82234,22,39160.6,1247.61113,0
1767670200000000,0.0317,0.0318,0.0317,0.0317,9769.2,1767671099999999,310.23259,14,5489.5,174.5661,0
1767671100000000,0.0318,0.0318,0.0316,0.0317,58948.4,1767671999999999,1868.86409,23,25301.5,802.2925,0
1767672000000000,0.0318,0.0318,0.0317,0.0318,23150.3,1767672899999999,735.3725,21,15079.9,479.54082,0
1767672900000000,0.0318,0.0319,0.0317,0.0318,43977.4,1767673799999999,1400.16877,36,33778.2,1075.96337,0
1767673800000000,0.0318,0.0319,0.0317,0.0317,29279.1,1767674699999999,931.31232,14,18150.4,578.10036,0
1767674700000000,0.0317,0.0318,0.0317,0.0318,21986.8,1767675599999999,697.22275,19,2411.9,76.69842,0
1767675600000000,0.0318,0.0318,0.0317,0.0318,34692.5,1767676499999999,1102.74258,19,29903.3,950.92494,0
1767676500000000,0.0318,0.0318,0.0317,0.0318,27511.2,1767677399999999,873.51352,19,14084.8,447.89664,0
1767677400000000,0.0317,0.0318,0.0317,0.0318,61346.0,1767678299999999,1945.63071,15,9625.1,306.07818,0
1767678300000000,0.0318,0.0319,0.0317,0.0317,23947.2,1767679199999999,759.88416,18,7037.0,223.83082,0
1767679200000000,0.0318,0.0319,0.0317,0.0318,30190.4,1767680099999999,959.04577,29,12604.7,400.97158,0
1767680100000000,0.0318,0.0319,0.0317,0.0318,137922.5,1767680999999999,4387.80909,50,86671.5,2758.08992,0
1767681000000000,0.0319,0.0319,0.0318,0.0319,26433.8,1767681899999999,841.65479,29,10599.5,338.12405,0
1767681900000000,0.0318,0.0319,0.0318,0.0318,36722.6,1767682799999999,1169.27648,118,14978.0,477.7982,0
1767682800000000,0.0318,0.0319,0.0318,0.0319,40609.1,1767683699999999,1293.02036,29,16509.8,526.66262,0
1767683700000000,0.0319,0.0319,0.0317,0.0318,28719.6,1767684599999999,913.45308,20,3161.0,100.78378,0
1767684600000000,0.0317,0.0318,0.0316,0.0316,114778.3,1767685499999999,3643.71591,40,56499.3,1795.91503,0
1767685500000000,0.0316,0.0316,0.0314,0.0314,142291.8,1767686399999999,4484.26198,52,32743.4,1032.56943,0
1767686400000000,0.0315,0.0317,0.0315,0.0317,109845.7,1767687299999999,3469.61776,47,85614.4,2703.9359,0
1767687300000000,0.0317,0.0317,0.0316,0.0316,75191.0,1767688199999999,2383.0427,32,53058.6,1681.95762,0
1767688200000000,0.0317,0.0318,0.0316,0.0317,94171.9,1767689099999999,2985.0078,34,56842.9,1804.45459,0
1767689100000000,0.0317,0.0318,0.0316,0.0316,238841.4,1767689999999999,7569.63669,33,42062.7,1333.4364,0
1767690000000000,0.0317,0.0317,0.0315,0.0315,187078.6,1767690899999999,5905.40964,49,72664.7,2296.27851,0
1767690900000000,0.0316,0.0318,0.0316,0.0316,108924.7,1767691799999999,3451.4132,31,96110.1,3045.81841,0
1767691800000000,0.0317,0.0317,0.0316,0.0317,16377.8,1767692699999999,518.31492,13,7764.4,246.13148,0
1767692700000000,0.0316,0.0317,0.0316,0.0317,32046.6,1767693599999999,1013.38529,17,7127.3,225.93541,0
1767693600000000,0.0317,0.0317,0.0315,0.0316,114942.8,1767694499999999,3635.93002,38,66744.0,2115.71799,0
1767694500000000,0.0316,0.0317,0.0316,0.0317,27623.5,1767695399999999,874.34188,21,14392.8,456.25176,0
1767695400000000,0.0317,0.0317,0.0316,0.0316,36362.7,1767696299999999,1150.34355,21,12822.3,406.46691,0
1767696300000000,0.0316,0.0317,0.0316,0.0316,29848.2,1767697199999999,944.47775,16,12746.3,404.05771,0
1767697200000000,0.0316,0.0317,0.0316,0.0317,41802.0,1767698099999999,1322.36531,21,14221.1,450.80887,0
1767698100000000,0.0316,0.0317,0.0316,0.0317,20051.0,1767698999999999,634.83748,20,12258.8,388.60396,0
1767699000000000,0.0317,0.0317,0.0316,0.0317,102376.0,1767699899999999,3236.06715,37,44752.9,1415.17719,0
1767699900000000,0.0316,0.0317,0.0316,0.0317,46357.5,1767700799999999,1467.37997,18,24829.7,787.10149,0
1767700800000000,0.0317,0.0318,0.0316,0.0318,199028.7,1767701699999999,6312.72935,56,190376.8,6039.19534,0
1767701700000000,0.0318,0.0318,0.0317,0.0318,13572.6,1767702599999999,431.31423,23,10628.1,337.97358,0
1767702600000000,0.0317,0.0318,0.0317,0.0318,42270.4,1767703499999999,1342.31902,22,23473.4,746.45412,0
1767703500000000,0.0317,0.0319,0.0317,0.0318,100005.4,1767704399999999,3180.35932,37,83092.3,2643.82596,0
1767704400000000,0.0319,0.032,0.0318,0.032,286508.5,1767705299999999,9158.42272,83,185647.8,5937.25388,0
1767705300000000,0.032,0.032,0.0318,0.0319,108232.7,1767706199999999,3452.86943,48,20604.9,658.98866,0
1767706200000000,0.0319,0.0321,0.0318,0.032,145276.8,1767707099999999,4643.77011,48,142720.2,4562.19239,0
1767707100000000,0.032,0.032,0.0319,0.0319,149199.3,1767707999999999,4766.99835,48,11478.3,367.3056,0
1767708000000000,0.032,0.0323,0.0319,0.0323,287862.6,1767708899999999,9254.65854,95,205602.6,6613.31508,0
1767708900000000,0.0322,0.0323,0.0321,0.0322,131573.7,1767709799999999,4239.42166,49,76118.0,2454.0513,0
1767709800000000,0.0322,0.0326,0.0321,0.0323,505892.2,1767710699999999,16376.05263,175,331714.0,10745.97079,0
1767710700000000,0.0322,0.0322,0.0319,0.0319,414657.8,1767711599999999,13255.48113,71,235867.2,7531.2618,0
1767711600000000,0.032,0.0321,0.0319,0.0321,123051.5,1767712499999999,3942.13228,48,108650.8,3482.21606,0
1767712500000000,0.0321,0.0327,0.0321,0.0325,491556.4,1767713399999999,15946.19823,129,332138.3,10766.49973,0
1767713400000000,0.0324,0.0325,0.0321,0.0322,321007.0,1767714299999999,10355.95178,84,144812.3,4667.80358,0
1767714300000000,0.0322,0.0322,0.0321,0.0322,47965.4,1767715199999999,1542.80821,29,30792.0,991.5024,0
1767715200000000,0.0322,0.0322,0.0321,0.0321,72016.0,1767716099999999,2316.16998,41,13402.2,431.55084,0
1767716100000000,0.0321,0.0322,0.0316,0.0317,855616.8,1767716999999999,27407.78915,201,424697.6,13610.38725,0
1767717000000000,0.0318,0.0319,0.0317,0.0317,193180.7,1767717899999999,6141.53381,66,145110.7,4613.36761,0
1767717900000000,0.0316,0.0317,0.0314,0.0315,548008.2,1767718799999999,17254.34103,96,369768.6,11639.61355,0
1767718800000000,0.0316,0.0317,0.0315,0.0317,89894.2,1767719699999999,2839.61794,42,59851.1,1892.31328,0
1767719700000000,0.0316,0.0317,0.0316,0.0317,31946.1,1767720599999999,1012.57803,20,30812.7,976.76259,0
1767720600000000,0.0317,0.0317,0.0316,0.0316,57066.9,1767721499999999,1808.67527,26,11718.3,371.47011,0
1767721500000000,0.0317,0.0317,0.0312,0.0312,418158.1,1767722399999999,13123.87241,124,88302.7,2772.09401,0
1767722400000000,0.0312,0.0313,0.0309,0.0311,931112.8,1767723299999999,28989.13584,212,430075.5,13397.80681,0
1767723300000000,0.0311,0.0313,0.0311,0.0312,46380.4,1767724199999999,1446.59138,34,37638.5,1174.66566,0
1767724200000000,0.0313,0.0313,0.0311,0.0312,203645.1,1767725099999999,6348.53117,77,82156.6,2564.76073,0
1767725100000000,0.0313,0.0314,0.0312,0.0314,74021.6,1767725999999999,2318.77268,36,64558.5,2022.7184,0
1767726000000000,0.0314,0.0314,0.0313,0.0314,52839.7,1767726899999999,1658.39616,32,45135.5,1417.2547,0
1767726900000000,0.0313,0.0314,0.0313,0.0314,17691.9,1767727799999999,554.16115,18,4046.8,127.06952,0
1767727800000000,0.0314,0.0314,0.0313,0.0313,51864.3,1767728699999999,1628.09647,29,47438.8,1489.57832,0
1767728700000000,0.0314,0.0315,0.0313,0.0314,123612.6,1767729599999999,3877.3634,39,68520.0,2151.64666,0
1767729600000000,0.0314,0.0315,0.0313,0.0315,138458.7,1767730499999999,4341.57189,62,47768.8,1500.84995,0
1767730500000000,0.0314,0.0317,0.0314,0.0316,262293.2,1767731399999999,8280.71232,73,234113.8,7394.94266,0
1767731400000000,0.0316,0.0317,0.0315,0.0317,64297.2,1767732299999999,2034.13342,41,25023.6,793.24812,0
1767732300000000,0.0317,0.0317,0.0315,0.0315,48438.3,1767733199999999,1531.57854,27,22868.5,724.00118,0
1767733200000000,0.0316,0.0316,0.0315,0.0315,61987.9,1767734099999999,1955.61756,42,29987.1,947.59236,0
1767734100000000,0.0315,0.0318,0.0315,0.0318,276642.1,1767734999999999,8777.58184,69,215691.1,6841.35435,0
1767735000000000,0.0318,0.0319,0.0318,0.0319,49631.1,1767735899999999,1578.86323,18,48732.5,1550.28775,0
1767735900000000,0.0319,0.0319,0.0317,0.0318,28605.5,1767736799999999,909.89034,33,14109.9,449.25428,0
1767736800000000,0.0318,0.0318,0.0317,0.0318,21358.7,1767737699999999,677.91058,16,8397.9,267.05322,0
1767737700000000,0.0318,0.0318,0.0316,0.0317,47176.2,1767738599999999,1495.54107,25,4559.9,144.63346,0
1767738600000000,0.0317,0.0317,0.0316,0.0317,15057.2,1767739499999999,477.27085,14,14633.3,463.87561,0
1767739500000000,0.0317,0.0317,0.0316,0.0316,118473.1,1767740399999999,3745.25127,30,29807.7,943.42463,0
1767740400000000,0.0316,0.0317,0.0315,0.0317,237362.5,1767741299999999,7488.161,59,202187.4,6379.33696,0
1767741300000000,0.0316,0.0317,0.0316,0.0317,19773.2,1767742199999999,625.09172,15,8431.4,266.69084,0
1767742200000000,0.0316,0.0317,0.0316,0.0317,24575.1,1767743099999999,777.26113,21,6879.7,218.08649,0
1767743100000000,0.0317,0.0318,0.0317,0.0317,164002.7,1767743999999999,5199.40728,53,156803.4,4971.18947,0
1767744000000000,0.0318,0.0319,0.0317,0.0318,351157.1,1767744899999999,11176.43395,78,116799.0,3719.39945,0
1767744900000000,0.0318,0.0318,0.0316,0.0317,15460.2,1767745799999999,490.2041,17,3430.1,108.93862,0
1767745800000000,0.0317,0.0317,0.0315,0.0316,40702.5,1767746699999999,1286.74549,27,19496.9,616.7163,0
1767746700000000,0.0316,0.0316,0.0315,0.0315,27341.2,1767747599999999,862.32105,28,18865.4,595.33335,0
1767747600000000,0.0315,0.0315,0.0314,0.0315,36085.8,1767748499999999,1135.73823,28,26441.1,832.89465,0
1767748500000000,0.0314,0.0315,0.0313,0.0315,65862.8,1767749399999999,2068.41325,34,47672.8,1497.50038,0
1767749400000000,0.0315,0.0315,0.0314,0.0315,19037.9,1767750299999999,599.64271,18,18526.5,583.58475,0
1767750300000000,0.0315,0.0315,0.0314,0.0315,16399.3,1767751199999999,516.36413,28,14261.1,449.22465,0
1767751200000000,0.0315,0.0315,0.0314,0.0315,50787.3,1767752099999999,1595.97703,52,12558.1,395.58015,0
1767752100000000,0.0314,0.0315,0.0314,0.0314,2451.7,1767752999999999,77.07032,5,869.4,27.3861,0
1767753000000000,0.0314,0.0316,0.0314,0.0316,61490.9,1767753899999999,1937.39406,22,53639.5,1690.12415,0
1767753900000000,0.0315,0.0316,0.0315,0.0315,18686.1,1767754799999999,589.41087,21,7987.2,252.39552,0
1767754800000000,0.0315,0.0316,0.0315,0.0316,7253.3,1767755699999999,228.75772,13,2787.7,88.09132,0
1767755700000000,0.0316,0.0316,0.0315,0.0316,8385.6,1767756599999999,264.82597,16,6795.7,214.74412,0
1767756600000000,0.0316,0.0316,0.0315,0.0316,17339.6,1767757499999999,546.75347,15,5560.7,175.71812,0
1767757500000000,0.0316,0.0316,0.0315,0.0316,17508.9,1767758399999999,553.16729,16,16369.4,517.27304,0
1767758400000000,0.0315,0.0316,0.0315,0.0316,7322.2,1767759299999999,231.18949,11,5401.9,170.70004,0
1767759300000000,0.0315,0.0316,0.0315,0.0316,12411.2,1767760199999999,391.28416,18,3313.6,104.70976,0
1767760200000000,0.0316,0.0316,0.0315,0.0316,14311.4,1767761099999999,451.68861,22,8795.1,277.92516,0
1767761100000000,0.0315,0.0316,0.0314,0.0314,47595.5,1767761999999999,1499.24777,30,8731.5,275.9154,0
1767762000000000,0.0315,0.0315,0.0314,0.0315,17811.1,1767762899999999,560.90898,18,16404.4,516.7386,0
1767762900000000,0.0314,0.0315,0.0314,0.0315,24707.8,1767763799999999,777.34722,20,15223.0,479.5245,0
1767763800000000,0.0314,0.0316,0.0314,0.0316,67583.4,1767764699999999,2129.3906,33,47834.2,1507.90672,0
1767764700000000,0.0315,0.0316,0.0314,0.0315,30284.0,1767765599999999,953.81059,23,22573.5,711.08691,0
1767765600000000,0.0315,0.0315,0.0314,0.0314,103608.1,1767766499999999,3259.55431,32,41903.8,1319.9697,0
1767766500000000,0.0315,0.0315,0.0314,0.0315,14523.6,1767767399999999,456.78611,22,7450.7,234.69705,0
1767767400000000,0.0315,0.0315,0.0314,0.0315,19938.4,1767768299999999,627.39335,25,13275.9,418.19085,0
1767768300000000,0.0315,0.0315,0.0313,0.0313,223593.7,1767769199999999,7011.47458,53,62666.3,1968.8917,0
1767769200000000,0.0313,0.0315,0.0313,0.0314,127237.7,1767770099999999,3994.33123,66,42826.7,1344.76329,0
1767770100000000,0.0313,0.0315,0.0313,0.0314,250268.2,1767770999999999,7858.32172,78,109503.6,3438.79384,0
1767771000000000,0.0313,0.0315,0.0313,0.0315,40235.5,1767771899999999,1262.51694,41,26393.4,829.25921,0
1767771900000000,0.0315,0.0315,0.0314,0.0315,10667.0,1767772799999999,335.51168,18,5678.8,178.8822,0
1767772800000000,0.0315,0.0315,0.0314,0.0315,69123.9,1767773699999999,2176.99533,32,65048.7,2049.03405,0
1767773700000000,0.0314,0.0315,0.0314,0.0315,44355.1,1767774599999999,1393.53982,34,19384.3,609.4567,0
1767774600000000,0.0315,0.0315,0.0314,0.0315,15241.4,1767775499999999,479.25966,19,6797.0,214.1055,0
1767775500000000,0.0315,0.0315,0.0314,0.0315,33245.4,1767776399999999,1046.70438,27,27988.2,881.6283,0
1767776400000000,0.0315,0.0315,0.0314,0.0315,156363.2,1767777299999999,4919.86687,61,108721.5,3423.91749,0
1767777300000000,0.0315,0.0318,0.0315,0.0317,797997.0,1767778199999999,25265.63085,134,571153.2,18074.02217,0
1767778200000000,0.0316,0.0319,0.0316,0.0318,344699.8,1767779099999999,10944.03234,83,212159.3,6739.64104,0
1767779100000000,0.0318,0.032,0.0316,0.0316,662954.9,1767779999999999,21060.71338,94,153077.1,4880.78555,0
1767780000000000,0.0316,0.0326,0.0316,0.0323,2767665.5,1767780899999999,88935.51276,483,1646191.0,52927.38691,0
1767780900000000,0.0323,0.0323,0.032,0.0322,1095666.8,1767781799999999,35197.94467,226,453642.9,14579.89028,0
1767781800000000,0.0324,0.0324,0.0317,0.0318,671876.1,1767782699999999,21443.96236,164,189935.7,6050.54848,0
1767782700000000,0.0318,0.0318,0.0316,0.0318,253020.6,1767783599999999,8020.83166,80,149202.1,4733.12494,0
1767783600000000,0.0318,0.0318,0.0316,0.0317,180764.5,1767784499999999,5729.90722,57,75894.7,2406.20343,0
1767784500000000,0.0318,0.0318,0.0317,0.0317,160140.3,1767785399999999,5077.42747,32,9799.6,311.62728,0
1767785400000000,0.0317,0.0317,0.0316,0.0317,26417.2,1767786299999999,836.10786,24,13243.4,419.81578,0
1767786300000000,0.0316,0.0317,0.0316,0.0317,21147.1,1767787199999999,668.80283,16,5544.7,175.76699,0
1767787200000000,0.0317,0.0317,0.0316,0.0316,129442.5,1767788099999999,4091.49488,34,11118.8,352.46596,0
1767788100000000,0.0317,0.0317,0.0316,0.0316,16342.6,1767788999999999,517.67999,21,12538.3,397.46411,0
1767789000000000,0.0317,0.0318,0.0316,0.0317,177575.2,1767789899999999,5627.57945,53,129412.3,4104.79181,0
1767789900000000,0.0316,0.0317,0.0315,0.0316,98247.7,1767790799999999,3103.55932,54,17868.9,565.36842,0
1767790800000000,0.0316,0.0316,0.0315,0.0315,193584.6,1767791699999999,6102.52867,57,46137.7,1457.95132,0
1767791700000000,0.0316,0.0317,0.0315,0.0317,126302.2,1767792599999999,3990.53488,44,81155.0,2568.08411,0
1767792600000000,0.0316,0.0322,0.0315,0.0322,1006596.2,1767793499999999,32107.6188,171,576261.4,18390.95555,0
1767793500000000,0.0322,0.034,0.032,0.0334,13992898.6,1767794399999999,464504.18689,2683,7929778.7,263127.72195,0
1767794400000000,0.0334,0.0343,0.0327,0.0327,5941276.6,1767795299999999,199503.53,1255,2962013.6,99775.5381,0
1767795300000000,0.0327,0.0329,0.0321,0.0322,2310623.0,1767796199999999,74956.35307,578,962275.5,31302.07131,0
1767796200000000,0.0321,0.0322,0.0317,0.0321,1776105.8,1767797099999999,56726.89833,542,806932.0,25821.98315,0
1767797100000000,0.032,0.0325,0.0319,0.0324,908162.6,1767797999999999,29324.20851,212,668660.8,21605.42178,0
1767798000000000,0.0324,0.0324,0.0321,0.0321,259063.7,1767798899999999,8354.43682,121,132175.6,4267.61912,0
1767798900000000,0.0322,0.0322,0.0319,0.032,271406.3,1767799799999999,8682.37445,120,148817.5,4766.04726,0
1767799800000000,0.0321,0.0321,0.0317,0.0318,1008450.3,1767800699999999,32134.21357,261,558599.7,17810.70578,0
1767800700000000,0.0319,0.0322,0.0317,0.0318,992818.3,1767801599999999,31627.29551,237,486405.4,15525.27413,0
1767801600000000,0.0318,0.0319,0.0317,0.0317,371091.6,1767802499999999,11784.83423,170,192027.8,6106.80579,0
1767802500000000,0.0317,0.0319,0.0316,0.0317,403970.5,1767803399999999,12802.66169,140,165768.8,5263.35306,0
1767803400000000,0.0317,0.0318,0.0316,0.0317,223521.3,1767804299999999,7074.55688,58,70109.7,2222.86494,0
1767804300000000,0.0317,0.0318,0.0317,0.0318,152463.1,1767805199999999,4834.19137,45,11111.0,353.3298,0
1767805200000000,0.0318,0.0318,0.0316,0.0317,269918.5,1767806099999999,8552.83585,86,94669.1,3008.27186,0
1767806100000000,0.0317,0.0318,0.0317,0.0318,61289.6,1767806999999999,1943.7383,42,55176.0,1749.93718,0
1767807000000000,0.0317,0.0318,0.0317,0.0317,115063.1,1767807899999999,3652.2131,43,47128.3,1498.67994,0
1767807900000000,0.0318,0.0319,0.0317,0.0317,175663.1,1767808799999999,5577.60575,69,40108.8,1275.49391,0
1767808800000000,0.0318,0.032,0.0317,0.032,324828.5,1767809699999999,10331.9873,169,194883.5,6209.17216,0
1767809700000000,0.032,0.032,0.0318,0.0319,209686.5,1767810599999999,6677.36148,157,60849.2,1941.36502,0
1767810600000000,0.0319,0.032,0.0318,0.0319,172500.0,1767811499999999,5500.63652,135,77682.1,2478.97369,0
1767811500000000,0.032,0.032,0.0318,0.0319,226556.9,1767812399999999,7228.15634,175,16839.2,538.3048,0
1767812400000000,0.0319,0.0319,0.0318,0.0319,39622.4,1767813299999999,1263.32381,71,33314.9,1062.74531,0
1767813300000000,0.0319,0.032,0.0317,0.0319,304303.5,1767814199999999,9692.03344,224,111328.6,3551.62121,0
1767814200000000,0.0318,0.0319,0.0316,0.0318,513504.9,1767815099999999,16289.63932,237,251794.9,7992.46336,0
1767815100000000,0.0318,0.0318,0.0316,0.0318,188365.7,1767815999999999,5974.93128,88,72097.0,2290.76545,0
1767816000000000,0.0318,0.0318,0.0316,0.0316,71315.2,1767816899999999,2261.66037,73,26844.7,853.43516,0
1767816900000000,0.0317,0.0317,0.0315,0.0315,177522.1,1767817799999999,5607.56165,60,8306.0,262.94004,0
1767817800000000,0.0316,0.0316,0.0315,0.0315,40429.6,1767818699999999,1275.0512,31,15188.0,479.9408,0
1767818700000000,0.0316,0.0316,0.0315,0.0316,52497.2,1767819599999999,1654.29383,33,6320.3,199.72148,0
1767819600000000,0.0316,0.0316,0.0315,0.0315,468726.1,1767820499999999,14766.63598,42,17638.3,557.37028,0
1767820500000000,0.0315,0.0316,0.0315,0.0315,49545.9,1767821399999999,1560.85024,27,1543.9,48.78724,0
1767821400000000,0.0316,0.0316,0.0315,0.0315,90694.6,1767822299999999,2863.4874,27,66075.0,2087.97,0
1767822300000000,0.0315,0.0316,0.0315,0.0315,130507.8,1767823199999999,4111.55775,27,5620.5,177.6078,0
1767823200000000,0.0315,0.0316,0.0313,0.0315,1200932.3,1767824099999999,37789.28731,215,224483.0,7053.46192,0
1767824100000000,0.0314,0.0317,0.0314,0.0316,104824.0,1767824999999999,3308.04502,41,75600.3,2385.59833,0
1767825000000000,0.0315,0.0317,0.0315,0.0315,12436.2,1767825899999999,393.32367,20,7292.8,231.18176,0
1767825900000000,0.0315,0.0316,0.0315,0.0316,12237.6,1767826799999999,386.02584,20,5414.4,171.09504,0
1767826800000000,0.0316,0.0316,0.0314,0.0314,28275.3,1767827699999999,890.85575,26,5738.9,181.23556,0
1767827700000000,0.0315,0.0317,0.0315,0.0316,221099.8,1767828599999999,6974.93143,46,210294.1,6633.51808,0
1767828600000000,0.0316,0.0317,0.0315,0.0316,90326.2,1767829499999999,2854.1237,36,42322.2,1337.45822,0
1767829500000000,0.0315,0.0316,0.0315,0.0316,34689.1,1767830399999999,1094.15517,25,14485.2,457.73232,0
1767830400000000,0.0316,0.0317,0.0315,0.0317,99232.4,1767831299999999,3138.91906,56,75054.6,2375.15381,0
1767831300000000,0.0317,0.0322,0.0316,0.0318,647361.8,1767832199999999,20627.98821,215,404895.6,12902.22783,0
1767832200000000,0.0319,0.0319,0.0317,0.0318,125690.9,1767833099999999,3999.86335,69,82061.3,2613.73875,0
1767833100000000,0.0318,0.0319,0.0318,0.0319,30888.4,1767833999999999,983.60773,31,13566.1,432.75859,0
1767834000000000,0.0319,0.0319,0.0318,0.0318,109537.0,1767834899999999,3484.65823,57,44633.0,1420.71103,0
1767834900000000,0.0318,0.032,0.0317,0.0319,241688.7,1767835799999999,7688.85043,119,130110.6,4148.16783,0
1767835800000000,0.032,0.032,0.0318,0.0318,41586.0,1767836699999999,1325.485,30,3922.7,125.17138,0
1767836700000000,0.0319,0.032,0.0318,0.032,40790.6,1767837599999999,1303.98406,23,30893.1,988.32672,0
1767837600000000,0.0319,0.032,0.0318,0.0319,50939.0,1767838499999999,1625.42425,32,11541.2,368.66466,0
1767838500000000,0.032,0.032,0.0317,0.0317,25564.3,1767839399999999,813.58805,21,12675.1,403.40114,0
1767839400000000,0.0318,0.0319,0.0317,0.0318,51362.2,1767840299999999,1633.40825,25,39696.0,1262.54347,0
1767840300000000,0.0319,0.0319,0.0317,0.0319,98739.5,1767841199999999,3139.80244,28,66662.2,2120.03394,0
1767841200000000,0.0318,0.0319,0.0318,0.0318,18376.9,1767842099999999,584.9844,23,5989.8,191.07462,0
1767842100000000,0.0318,0.0319,0.0318,0.0318,29205.8,1767842999999999,930.0487,23,13042.6,416.05894,0
1767843000000000,0.0319,0.0319,0.0317,0.0317,84579.1,1767843899999999,2689.79272,25,4491.7,143.28523,0
1767843900000000,0.0317,0.0318,0.0317,0.0318,58813.7,1767844799999999,1868.51247,36,41181.8,1309.58124,0
1767844800000000,0.0318,0.0319,0.0317,0.0318,238635.1,1767845699999999,7591.8695,99,189050.9,6016.45233,0
1767845700000000,0.0318,0.0323,0.0318,0.0318,429765.3,1767846599999999,13762.01139,141,222873.0,7142.93397,0
1767846600000000,0.0318,0.0318,0.0316,0.0318,130913.1,1767847499999999,4150.29728,49,42879.2,1359.51594,0
1767847500000000,0.0317,0.032,0.0317,0.0319,108291.5,1767848399999999,3449.1134,47,85072.2,2709.90805,0
1767848400000000,0.0319,0.032,0.0318,0.0318,75504.4,1767849299999999,2405.03065,41,32321.6,1031.21011,0
1767849300000000,0.0318,0.0319,0.0318,0.0318,3959.2,1767850199999999,125.97756,11,750.0,23.925,0
1767850200000000,0.0318,0.032,0.0318,0.032,219474.4,1767851099999999,6987.7314,58,132073.0,4207.94306,0
1767851100000000,0.032,0.032,0.0318,0.0318,162435.8,1767851999999999,5180.26677,63,58332.0,1861.98625,0
1767852000000000,0.0318,0.0319,0.0317,0.0317,46434.8,1767852899999999,1474.52897,29,3762.5,119.78762,0
1767852900000000,0.0317,0.0318,0.0316,0.0317,336390.9,1767853799999999,10668.61454,116,173618.9,5510.47387,0
1767853800000000,0.0317,0.0319,0.0317,0.0317,51196.2,1767854699999999,1627.40654,33,28770.1,915.19434,0
1767854700000000,0.0317,0.0318,0.0316,0.0317,85827.0,1767855599999999,2715.86956,27,9254.1,293.41029,0
1767855600000000,0.0316,0.0317,0.0315,0.0316,252883.4,1767856499999999,7986.91461,81,38336.6,1212.0587,0
1767856500000000,0.0316,0.0318,0.0315,0.0317,101821.5,1767857399999999,3225.75055,58,59866.8,1898.57428,0
1767857400000000,0.0317,0.0318,0.0316,0.0316,107073.9,1767858299999999,3391.09542,38,2218.4,70.34279,0
1767858300000000,0.0316,0.0317,0.0315,0.0316,169725.9,1767859199999999,5353.34562,45,23099.2,730.3045,0
1767859200000000,0.0317,0.0319,0.0317,0.0318,198121.5,1767860099999999,6294.25994,77,154878.8,4922.74884,0
1767860100000000,0.0318,0.0322,0.0318,0.0321,495022.3,1767860999999999,15849.09399,88,428892.6,13733.1095,0
1767861000000000,0.0321,0.0341,0.032,0.034,11914500.6,1767861899999999,397569.45117,2184,7273912.4,242915.56483,0
1767861900000000,0.0341,0.0354,0.0321,0.0321,13778338.3,1767862799999999,469758.78388,2839,6920456.2,236938.45507,0
1767862800000000,0.0322,0.0328,0.032,0.0326,2658077.4,1767863699999999,86052.00759,718,1255626.9,40756.35371,0
1767863700000000,0.0325,0.0326,0.0319,0.032,1785067.0,1767864599999999,57571.82051,308,368128.8,11891.5182,0
1767864600000000,0.032,0.0322,0.0318,0.0318,1138353.3,1767865499999999,36344.98512,265,392369.1,12549.38284,0
1767865500000000,0.0319,0.032,0.0314,0.0314,2681173.3,1767866399999999,84760.59766,609,970059.4,30710.85413,0
1767866400000000,0.0315,0.0317,0.0313,0.0316,547826.8,1767867299999999,17262.59918,162,377621.7,11904.97148,0
1767867300000000,0.0317,0.0317,0.0315,0.0316,420075.3,1767868199999999,13266.65456,174,152935.0,4843.6554,0
1767868200000000,0.0316,0.0317,0.0312,0.0314,532133.7,1767869099999999,16725.94,183,150911.5,4741.39891,0
1767869100000000,0.0314,0.0316,0.0313,0.0315,300256.1,1767869999999999,9451.24139,135,207235.1,6525.07396,0
1767870000000000,0.0315,0.0318,0.0312,0.0315,1094762.0,1767870899999999,34493.70057,222,700088.2,22074.18962,0
1767870900000000,0.0315,0.0315,0.0311,0.0313,1037490.6,1767871799999999,32331.35924,168,252146.7,7881.9139,0
1767871800000000,0.0313,0.0316,0.0312,0.0314,499923.1,1767872699999999,15686.79886,106,253009.8,7947.75346,0
1767872700000000,0.0314,0.0316,0.0314,0.0315,145574.4,1767873599999999,4585.05007,47,60087.3,1892.79952,0
1767873600000000,0.0315,0.0315,0.0311,0.0313,200730.1,1767874499999999,6277.2944,74,55440.1,1731.18438,0
1767874500000000,0.0313,0.0313,0.0311,0.0313,86828.7,1767875399999999,2711.13606,39,51691.2,1614.90342,0
1767875400000000,0.0313,0.0313,0.0311,0.0311,87900.1,1767876299999999,2741.96155,43,15596.7,487.35814,0
1767876300000000,0.0313,0.0314,0.0311,0.0314,144818.6,1767877199999999,4535.90544,70,77201.4,2418.69949,0
1767877200000000,0.0314,0.0314,0.0313,0.0313,170271.8,1767878099999999,5333.62231,122,41149.7,1292.10058,0
1767878100000000,0.0313,0.0314,0.0312,0.0312,269363.5,1767878999999999,8425.99651,182,9642.6,302.64786,0
1767879000000000,0.0312,0.0313,0.031,0.031,354256.8,1767879899999999,11014.84913,169,16358.5,509.37835,0
1767879900000000,0.0311,0.0311,0.0309,0.031,288013.3,1767880799999999,8921.48419,114,33677.6,1044.72772,0
1767880800000000,0.031,0.0312,0.0309,0.0311,417072.2,1767881699999999,12936.75717,231,251812.8,7814.28528,0
1767881700000000,0.0311,0.0311,0.0307,0.0308,782046.7,1767882599999999,24151.62472,209,409924.7,12676.50112,0
1767882600000000,0.0309,0.0309,0.0307,0.0308,109556.6,1767883499999999,3376.25679,62,43594.8,1344.9034,0
1767883500000000,0.0308,0.031,0.0307,0.0309,172358.5,1767884399999999,5321.53365,62,58779.2,1814.84208,0
1767884400000000,0.0309,0.031,0.0308,0.031,255234.3,1767885299999999,7902.64368,92,103241.3,3197.42803,0
1767885300000000,0.031,0.0311,0.0309,0.031,754747.8,1767886199999999,23378.34261,220,340638.1,10560.00734,0
1767886200000000,0.031,0.0312,0.0309,0.0309,1196185.2,1767887099999999,37090.15007,375,550113.1,17085.27191,0
1767887100000000,0.0309,0.0315,0.0308,0.0313,1364128.9,1767887999999999,42528.06831,148,282992.7,8813.24545,0
1767888000000000,0.0313,0.0315,0.0312,0.0313,366897.9,1767888899999999,11494.878,105,154581.5,4849.64317,0
1767888900000000,0.0313,0.0313,0.0312,0.0313,45615.7,1767889799999999,1426.98887,44,37790.3,1182.83639,0
1767889800000000,0.0312,0.0314,0.031,0.0311,114787.0,1767890699999999,3578.35277,55,43159.5,1350.48333,0
1767890700000000,0.0311,0.0312,0.031,0.0311,47119.5,1767891599999999,1465.87996,31,30036.7,934.90039,0
1767891600000000,0.0312,0.0313,0.0311,0.0313,81235.7,1767892499999999,2534.08106,28,61356.5,1914.62639,0
1767892500000000,0.0312,0.0313,0.0311,0.0312,26078.5,1767893399999999,813.4942,35,13082.1,408.22486,0
1767893400000000,0.0312,0.0312,0.031,0.0311,218257.0,1767894299999999,6778.56904,67,111626.4,3467.96543,0
1767894300000000,0.0311,0.0312,0.031,0.0311,254883.1,1767895199999999,7915.79536,65,165170.8,5131.88927,0
1767895200000000,0.0312,0.0313,0.0311,0.0312,102909.0,1767896099999999,3210.30384,44,85590.8,2670.85711,0
1767896100000000,0.0312,0.0312,0.0311,0.0312,65394.1,1767896999999999,2039.11031,28,39285.5,1225.7076,0
1767897000000000,0.0312,0.0312,0.0311,0.0312,50612.6,1767897899999999,1578.37394,36,43220.8,1348.48896,0
1767897900000000,0.0311,0.0312,0.031,0.0311,91321.8,1767898799999999,2840.78191,36,62930.6,1957.86792,0
1767898800000000,0.0312,0.0313,0.0311,0.0312,79900.7,1767899699999999,2493.89527,29,72897.7,2275.77807,0
1767899700000000,0.0313,0.0313,0.0311,0.0312,77197.1,1767900599999999,2405.22709,30,10692.1,333.62559,0
1767900600000000,0.0311,0.0313,0.0311,0.0313,93455.8,1767901499999999,2917.36745,32,70347.9,2196.54099,0
1767901500000000,0.0312,0.0313,0.0311,0.0312,95635.5,1767902399999999,2977.97569,44,64469.6,2007.19251,0
1767902400000000,0.0311,0.0311,0.0309,0.031,421321.0,1767903299999999,13044.91034,61,84428.0,2618.77176,0
1767903300000000,0.0309,0.0312,0.0309,0.0309,239238.6,1767904199999999,7425.14487,53,170426.6,5291.77576,0
1767904200000000,0.031,0.0311,0.0309,0.031,124915.0,1767905099999999,3871.06683,56,77986.4,2418.18245,0
1767905100000000,0.031,0.0311,0.0309,0.031,88909.0,1767905999999999,2754.07132,41,22438.1,696.31683,0
1767906000000000,0.0311,0.0312,0.031,0.0311,58142.8,1767906899999999,1808.46359,27,21703.3,675.27844,0
1767906900000000,0.0312,0.0312,0.0311,0.0311,9435.9,1767907799999999,293.78415,15,3276.6,102.22992,0
1767907800000000,0.0312,0.0312,0.0311,0.0312,144720.2,1767908699999999,4507.73445,61,32106.1,1001.71032,0
1767908700000000,0.0312,0.0312,0.0311,0.0312,13634.5,1767909599999999,425.07571,23,10427.6,325.34112,0
1767909600000000,0.0311,0.0313,0.0311,0.0313,24715.6,1767910499999999,772.22951,22,22113.7,691.13005,0
1767910500000000,0.0313,0.0313,0.0311,0.0312,76594.8,1767911399999999,2393.861,39,28369.9,886.00901,0
1767911400000000,0.0312,0.0313,0.0311,0.0312,88231.8,1767912299999999,2752.05077,98,71292.9,2224.63807,0
1767912300000000,0.0312,0.0315,0.0311,0.0314,105532.4,1767913199999999,3308.10375,141,54787.8,1718.16455,0
1767913200000000,0.0314,0.0314,0.0312,0.0314,27464.8,1767914099999999,861.99562,73,25469.3,799.73602,0
1767914100000000,0.0312,0.0314,0.0312,0.0314,24810.8,1767914999999999,776.40974,57,11563.9,363.10646,0
1767915000000000,0.0312,0.0314,0.0312,0.0314,14726.7,1767915899999999,460.65264,28,5898.0,185.1972,0
1767915900000000,0.0312,0.0314,0.0312,0.0312,128125.3,1767916799999999,3997.993,40,13349.9,417.00052,0
1767916800000000,0.0313,0.0313,0.0311,0.0311,99118.5,1767917699999999,3095.73326,78,44530.9,1392.58021,0
1767917700000000,0.0313,0.0313,0.0312,0.0312,18281.8,1767918599999999,571.84111,20,14489.5,453.52135,0
1767918600000000,0.0313,0.0314,0.0312,0.0313,30966.9,1767919499999999,969.00921,25,9795.3,306.69128,0
1767919500000000,0.0313,0.0313,0.0312,0.0313,16814.3,1767920399999999,525.89143,25,12852.7,402.28951,0
1767920400000000,0.0312,0.0313,0.0311,0.0312,75755.1,1767921299999999,2363.83219,57,36341.1,1134.38217,0
1767921300000000,0.0312,0.0314,0.0311,0.0313,107223.3,1767922199999999,3352.82528,72,61153.1,1913.8936,0
1767922200000000,0.0314,0.0314,0.031,0.031,105623.0,1767923099999999,3292.47775,72,38559.3,1205.84334,0
1767923100000000,0.031,0.0311,0.0309,0.0311,108405.9,1767923999999999,3360.85589,41,18984.2,589.01702,0
1767924000000000,0.031,0.0312,0.031,0.0311,9229.9,1767924899999999,286.95799,17,4526.5,140.86047,0
1767924900000000,0.0312,0.0313,0.0312,0.0313,32559.1,1767925799999999,1017.52488,27,24525.7,766.8828,0
1767925800000000,0.0312,0.0312,0.0311,0.0312,20921.9,1767926699999999,651.71801,17,3240.4,101.10048,0
1767926700000000,0.0312,0.0312,0.0311,0.0312,9863.5,1767927599999999,306.94888,14,1940.3,60.53736,0
1767927600000000,0.0311,0.0313,0.0311,0.0313,11329.2,1767928499999999,353.33379,14,5802.9,181.08288,0
1767928500000000,0.0312,0.0313,0.0311,0.0311,29379.0,1767929399999999,916.7588,18,3821.2,119.4546,0
1767929400000000,0.0312,0.0313,0.0312,0.0312,39822.6,1767930299999999,1242.68535,31,29743.1,928.20495,0
1767930300000000,0.0312,0.0313,0.0312,0.0312,57036.5,1767931199999999,1780.15504,28,9767.9,305.37472,0
1767931200000000,0.0313,0.0313,0.0312,0.0312,12297.8,1767932099999999,383.87197,12,4564.3,142.58677,0
1767932100000000,0.0311,0.0312,0.031,0.0311,328011.4,1767932999999999,10177.58303,38,109066.6,3381.90966,0
1767933000000000,0.0311,0.0311,0.031,0.031,7002.2,1767933899999999,217.41293,16,3447.3,107.21103,0
1767933900000000,0.0311,0.0311,0.0309,0.0309,22051.2,1767934799999999,683.79991,18,9245.1,286.95363,0
1767934800000000,0.031,0.0311,0.031,0.0311,22714.1,1767935699999999,704.34299,18,20073.1,622.47199,0
1767935700000000,0.0311,0.0311,0.031,0.0311,41645.1,1767936599999999,1291.67737,21,6792.7,211.25297,0
1767936600000000,0.0311,0.0311,0.031,0.031,26219.1,1767937499999999,815.10149,25,23093.9,718.22029,0
1767937500000000,0.0311,0.0312,0.031,0.0312,99671.3,1767938399999999,3098.10946,32,54384.0,1693.30241,0
1767938400000000,0.0311,0.0313,0.0311,0.0313,35363.4,1767939299999999,1103.56827,24,18857.3,588.64449,0
1767939300000000,0.0312,0.0313,0.0311,0.0311,228888.0,1767940199999999,7141.05925,53,63620.6,1986.9039,0
1767940200000000,0.0311,0.0313,0.0311,0.0313,92638.5,1767941099999999,2897.30497,36,44284.9,1384.68213,0
1767941100000000,0.0312,0.0313,0.0312,0.0312,22887.9,1767941999999999,715.27094,20,11684.6,365.72798,0
1767942000000000,0.0313,0.0313,0.0311,0.0313,54557.8,1767942899999999,1702.46313,22,30257.2,944.56441,0
1767942900000000,0.0313,0.0313,0.0312,0.0313,25323.2,1767943799999999,790.7939,18,7100.6,222.24878,0
1767943800000000,0.0312,0.0314,0.0312,0.0313,174348.1,1767944699999999,5456.59145,71,62804.9,1966.04939,0
1767944700000000,0.0313,0.0313,0.0311,0.0312,118768.3,1767945599999999,3698.63314,47,6616.9,206.85945,0
1767945600000000,0.0312,0.0313,0.0311,0.0313,154550.1,1767946499999999,4817.66104,86,121933.5,3801.07216,0
1767946500000000,0.0312,0.0314,0.0312,0.0314,96816.5,1767947399999999,3034.61519,37,80666.0,2529.75539,0
1767947400000000,0.0314,0.0314,0.0312,0.0313,90666.7,1767948299999999,2836.47061,50,39752.1,1244.4113,0
1767948300000000,0.0312,0.0312,0.0308,0.0311,934139.1,1767949199999999,28994.87942,203,314284.8,9779.75599,0
1767949200000000,0.0311,0.0313,0.031,0.0313,265215.4,1767950099999999,8281.0869,69,169475.3,5299.83052,0
1767950100000000,0.0313,0.0313,0.0311,0.0313,130463.3,1767950999999999,4074.06182,56,46863.0,1466.43763,0
1767951000000000,0.0313,0.0314,0.0312,0.0313,91041.7,1767951899999999,2848.81945,46,22675.4,711.53539,0
1767951900000000,0.0313,0.0314,0.0312,0.0313,63159.3,1767952799999999,1976.11785,38,49017.1,1534.3451,0
1767952800000000,0.0312,0.0315,0.0312,0.0315,150061.3,1767953699999999,4698.48682,58,125427.4,3927.96994,0
1767953700000000,0.0313,0.0314,0.0313,0.0314,64317.3,1767954599999999,2016.7782,43,36467.1,1145.06694,0
1767954600000000,0.0314,0.0314,0.0311,0.0311,152405.1,1767955499999999,4768.21165,52,3205.7,100.48235,0
1767955500000000,0.0311,0.0312,0.031,0.0312,522483.9,1767956399999999,16209.97155,66,312746.0,9703.16747,0
1767956400000000,0.0311,0.0313,0.0311,0.0312,79164.5,1767957299999999,2469.03069,23,47462.4,1480.84788,0
1767957300000000,0.0312,0.0312,0.0311,0.0312,70450.3,1767958199999999,2193.17665,30,21723.2,677.76384,0
1767958200000000,0.0312,0.0313,0.0311,0.0312,131890.7,1767959099999999,4115.19841,54,84547.8,2639.77041,0
1767959100000000,0.0311,0.0312,0.0311,0.0312,5064.0,1767959999999999,157.86978,13,3793.8,118.36656,0
1767960000000000,0.0312,0.0312,0.0311,0.0312,72815.4,1767960899999999,2270.90736,20,63484.2,1980.70704,0
1767960900000000,0.0311,0.0312,0.031,0.0311,132795.7,1767961799999999,4127.03727,45,52682.6,1639.12926,0
1767961800000000,0.0311,0.0312,0.031,0.0311,65805.6,1767962699999999,2046.89099,36,49820.5,1549.88324,0
1767962700000000,0.0311,0.0311,0.031,0.0311,245540.4,1767963599999999,7613.27505,25,214637.4,6655.28205,0
1767963600000000,0.0311,0.0312,0.031,0.0312,59682.3,1767964499999999,1855.75271,31,50753.1,1578.94751,0
1767964500000000,0.0312,0.0313,0.0311,0.0312,102131.4,1767965399999999,3194.92544,37,69372.9,2170.46582,0
1767965400000000,0.0313,0.0314,0.0312,0.0313,67379.4,1767966299999999,2109.10279,31,38924.7,1218.64898,0
1767966300000000,0.0313,0.0313,0.0313,0.0313,18767.8,1767967199999999,587.43214,17,18767.8,587.43214,0
1767967200000000,0.0313,0.0313,0.0311,0.0312,63016.0,1767968099999999,1966.37845,29,5951.3,186.15857,0
1767968100000000,0.0312,0.0312,0.0311,0.0312,14427.0,1767968999999999,449.82449,19,11447.9,357.17448,0
1767969000000000,0.0311,0.0312,0.0311,0.0312,22950.7,1767969899999999,715.58679,24,11633.7,362.97144,0
1767969900000000,0.0311,0.0312,0.031,0.031,47246.5,1767970799999999,1469.19472,21,9790.2,304.51141,0
1767970800000000,0.031,0.0311,0.031,0.031,280221.3,1767971699999999,8687.16018,48,192528.5,5968.68338,0
1767971700000000,0.031,0.0315,0.031,0.0315,309086.9,1767972599999999,9695.6689,62,223428.9,7006.74895,0
1767972600000000,0.0315,0.0317,0.0312,0.0313,408050.4,1767973499999999,12840.79626,85,162050.1,5103.0979,0
1767973500000000,0.0313,0.0314,0.0311,0.0312,222484.0,1767974399999999,6951.05103,35,120704.1,3771.2728,0
1767974400000000,0.0312,0.0315,0.0312,0.0315,141038.2,1767975299999999,4421.37644,29,139093.7,4360.57967,0
1767975300000000,0.0314,0.0314,0.0312,0.0313,573283.3,1767976199999999,17953.596,61,386823.4,12110.50189,0
1767976200000000,0.0312,0.0313,0.0311,0.0313,154982.3,1767977099999999,4834.74805,64,80707.1,2518.93245,0
1767977100000000,0.0313,0.0313,0.0312,0.0313,47079.2,1767977999999999,1472.61986,17,34451.0,1078.3163,0
1767978000000000,0.0314,0.0314,0.0312,0.0313,207899.3,1767978899999999,6501.95142,22,5372.0,168.57989,0
1767978900000000,0.0312,0.0312,0.0311,0.0312,62582.9,1767979799999999,1948.17792,21,22543.2,701.42338,0
1767979800000000,0.0311,0.0313,0.0311,0.0312,313743.7,1767980699999999,9782.17128,57,235550.2,7344.28394,0
1767980700000000,0.0312,0.0313,0.0311,0.0311,79158.4,1767981599999999,2467.61255,29,22838.5,712.61311,0
1767981600000000,0.0312,0.0312,0.0311,0.0311,9872.4,1767982499999999,307.96419,11,9325.5,290.9556,0
1767982500000000,0.0311,0.0312,0.0309,0.031,175257.2,1767983399999999,5436.29514,49,66409.4,2060.68163,0
1767983400000000,0.0309,0.031,0.0308,0.031,209380.7,1767984299999999,6480.32688,59,155102.5,4803.07137,0
1767984300000000,0.0311,0.0311,0.031,0.031,60940.2,1767985199999999,1889.24911,32,18675.4,579.04031,0
1767985200000000,0.031,0.031,0.0309,0.0309,60328.5,1767986099999999,1869.49045,16,2846.4,88.2384,0
1767986100000000,0.0309,0.031,0.0308,0.0309,149115.9,1767986999999999,4602.30574,38,65711.6,2029.78475,0
1767987000000000,0.0309,0.0309,0.0308,0.0308,69374.2,1767987899999999,2139.60607,32,28807.1,890.13939,0
1767987900000000,0.0309,0.0311,0.0308,0.0309,118108.9,1767988799999999,3655.6562,54,83162.5,2573.7439,0
1767988800000000,0.0309,0.0311,0.0309,0.0309,120190.2,1767989699999999,3723.28743,87,56627.8,1755.64146,0
1767989700000000,0.0309,0.0311,0.0308,0.031,297549.8,1767990599999999,9195.09453,82,242013.3,7479.73588,0
1767990600000000,0.031,0.0315,0.031,0.0311,563881.8,1767991499999999,17593.63344,168,386202.5,12053.34904,0
1767991500000000,0.0311,0.0311,0.031,0.031,29755.7,1767992399999999,923.70324,15,12765.4,397.00394,0
1767992400000000,0.031,0.0311,0.031,0.031,29888.8,1767993299999999,926.81209,26,14448.4,448.15969,0
1767993300000000,0.031,0.0311,0.0309,0.031,46336.1,1767994199999999,1435.94038,23,30150.9,935.03499,0
1767994200000000,0.031,0.0311,0.031,0.0311,17148.6,1767995099999999,532.21098,22,6043.8,187.96218,0
1767995100000000,0.031,0.0311,0.031,0.031,7175.3,1767995999999999,222.95548,11,5211.8,162.08698,0
1767996000000000,0.031,0.0311,0.031,0.031,4927.5,1767996899999999,152.87138,10,1188.8,36.97168,0
1767996900000000,0.031,0.0311,0.031,0.031,30989.3,1767997799999999,961.12924,20,4609.4,143.35234,0
1767997800000000,0.031,0.0311,0.031,0.031,28425.7,1767998699999999,881.581,17,3843.0,119.5173,0
1767998700000000,0.0311,0.0311,0.031,0.0311,2741.8,1767999599999999,85.25327,7,2574.7,80.07317,0
1767999600000000,0.031,0.0311,0.031,0.031,5083.4,1768000499999999,157.86835,11,2829.5,87.99745,0
1768000500000000,0.0311,0.0311,0.031,0.0311,9251.1,1768001399999999,287.46617,16,6820.7,212.12377,0
1768001400000000,0.031,0.0311,0.031,0.031,16553.7,1768002299999999,513.86822,13,7035.2,218.79472,0
1768002300000000,0.0311,0.0311,0.031,0.0311,10594.8,1768003199999999,328.65505,10,2162.5,67.25375,0
1768003200000000,0.0311,0.0311,0.031,0.0311,49448.7,1768004099999999,1535.59994,22,26902.4,836.66464,0
1768004100000000,0.031,0.031,0.0309,0.031,80960.4,1768004999999999,2509.2865,20,5075.5,157.3405,0
1768005000000000,0.0309,0.031,0.0308,0.0309,63044.4,1768005899999999,1945.86551,21,1071.1,33.17141,0
1768005900000000,0.0309,0.0309,0.0308,0.0308,19128.6,1768006799999999,590.73279,16,15719.1,485.72019,0
1768006800000000,0.0308,0.031,0.0308,0.0309,55889.6,1768007699999999,1727.75325,28,41358.6,1278.78896,0
1768007700000000,0.0309,0.031,0.0309,0.031,7282.2,1768008599999999,225.59739,9,5774.1,178.9971,0
1768008600000000,0.031,0.031,0.0309,0.031,25553.0,1768009499999999,791.66335,21,20756.5,643.4515,0
1768009500000000,0.031,0.031,0.0309,0.031,7834.0,1768010399999999,242.71407,12,6434.7,199.4757,0
1768010400000000,0.0309,0.031,0.0309,0.031,14215.2,1768011299999999,439.57531,18,3256.3,100.9453,0
1768011300000000,0.031,0.031,0.0309,0.031,11793.9,1768012199999999,365.20242,11,7709.1,238.9821,0
1768012200000000,0.0309,0.031,0.0308,0.0308,31632.2,1768013099999999,976.96675,24,9180.6,283.87051,0
1768013100000000,0.0309,0.0309,0.0308,0.0309,11992.5,1768013999999999,369.63778,14,2687.8,83.05302,0
1768014000000000,0.0308,0.0309,0.0308,0.0309,14238.2,1768014899999999,439.01007,13,4735.1,146.31459,0
1768014900000000,0.0308,0.0309,0.0308,0.0309,9712.9,1768015799999999,299.80252,11,6452.0,199.3668,0
1768015800000000,0.0309,0.0309,0.0308,0.0308,8051.6,1768016699999999,248.10761,9,1183.3,36.56397,0
1768016700000000,0.0309,0.0309,0.0307,0.0309,62666.5,1768017599999999,1927.57464,33,11195.1,345.28238,0
1768017600000000,0.0308,0.0309,0.0307,0.0307,63927.5,1768018499999999,1969.21424,50,28586.5,880.95337,0
1768018500000000,0.0307,0.0308,0.0306,0.0306,87527.8,1768019399999999,2686.68446,39,29933.9,919.82211,0
1768019400000000,0.0307,0.0308,0.0307,0.0307,74374.6,1768020299999999,2284.09173,28,38269.6,1175.66823,0
1768020300000000,0.0308,0.0308,0.0307,0.0307,19098.8,1768021199999999,587.67056,16,13374.0,411.9192,0
1768021200000000,0.0308,0.0308,0.0307,0.0307,65781.1,1768022099999999,2023.06018,36,32585.8,1003.64264,0
1768022100000000,0.0307,0.0308,0.0307,0.0307,5392.3,1768022999999999,165.6291,9,854.9,26.33092,0
1768023000000000,0.0307,0.0308,0.0307,0.0308,25926.2,1768023899999999,797.77279,23,18384.5,566.2426,0
1768023900000000,0.0307,0.0308,0.0307,0.0307,14836.0,1768024799999999,455.66114,21,1959.4,60.34952,0
1768024800000000,0.0307,0.0308,0.0307,0.0308,29242.3,1768025699999999,898.04067,29,3020.6,93.03448,0
1768025700000000,0.0307,0.0308,0.0306,0.0307,187235.8,1768026599999999,5751.40732,74,81121.1,2493.72586,0
1768026600000000,0.0307,0.0308,0.0307,0.0307,23346.1,1768027499999999,717.74161,25,10163.4,313.03272,0
1768027500000000,0.0307,0.031,0.0307,0.0308,74805.8,1768028399999999,2308.32648,38,49173.8,1517.28609,0
1768028400000000,0.0309,0.031,0.0308,0.0308,36473.2,1768029299999999,1125.85308,27,13352.8,412.72379,0
1768029300000000,0.0308,0.031,0.0308,0.0308,15898.6,1768030199999999,490.83678,14,11578.7,357.78386,0
1768030200000000,0.0308,0.031,0.0308,0.031,32385.3,1768031099999999,1002.18036,19,15347.4,475.75524,0
1768031100000000,0.031,0.031,0.0309,0.0309,32236.8,1768031999999999,996.88037,17,7632.5,236.6075,0
1768032000000000,0.031,0.031,0.0309,0.031,23117.2,1768032899999999,716.08752,18,17660.4,547.4724,0
1768032900000000,0.0309,0.031,0.0309,0.0309,16589.3,1768033799999999,513.3586,22,7492.3,232.2613,0
1768033800000000,0.0309,0.031,0.0309,0.031,18713.7,1768034699999999,579.8149,16,15615.7,484.0867,0
1768034700000000,0.031,0.0311,0.0309,0.031,53805.1,1768035599999999,1668.81974,39,40132.3,1245.22511,0
1768035600000000,0.0311,0.0312,0.031,0.0312,105338.7,1768036499999999,3280.8485,41,94731.3,2951.10445,0
1768036500000000,0.0312,0.0312,0.031,0.0312,80078.0,1768037399999999,2490.85677,51,13968.7,435.71555,0
1768037400000000,0.0311,0.0312,0.0311,0.0312,27816.6,1768038299999999,866.30251,23,12062.5,376.35,0
1768038300000000,0.0312,0.0312,0.031,0.0311,107876.1,1768039199999999,3356.36909,36,21970.2,685.47024,0
1768039200000000,0.0311,0.0312,0.0311,0.0312,67093.2,1768040099999999,2092.18593,48,55874.1,1743.27192,0
1768040100000000,0.0311,0.0312,0.0311,0.0312,10997.4,1768040999999999,342.40277,17,3836.3,119.69256,0
1768041000000000,0.0311,0.0312,0.0311,0.0312,52380.0,1768041899999999,1630.39247,40,13744.7,428.83464,0
1768041900000000,0.0312,0.0313,0.0311,0.0313,59822.5,1768042799999999,1866.35468,27,46394.5,1447.65102,0
1768042800000000,0.0312,0.0313,0.0311,0.0312,66121.5,1768043699999999,2061.29954,36,25175.4,785.53492,0
1768043700000000,0.0312,0.0312,0.0311,0.0312,27883.5,1768044599999999,869.92323,42,27463.8,856.87056,0
1768044600000000,0.0312,0.0312,0.0311,0.0312,17375.8,1768045499999999,541.35664,37,9692.6,302.40912,0
1768045500000000,0.0312,0.0312,0.0311,0.0312,119396.2,1768046399999999,3714.31805,42,67543.3,2101.69286,0
1768046400000000,0.0311,0.0312,0.031,0.0312,129340.5,1768047299999999,4027.0772,55,89867.7,2800.31509,0
1768047300000000,0.0312,0.0312,0.0311,0.0312,21070.2,1768048199999999,657.1953,19,19120.8,596.56896,0
1768048200000000,0.0312,0.0312,0.0311,0.0312,19910.4,1768049099999999,621.01262,20,17991.8,561.34416,0
1768049100000000,0.0312,0.0312,0.0311,0.0311,113019.7,1768049999999999,3526.06666,41,105225.6,3283.03872,0
1768050000000000,0.0311,0.0313,0.0311,0.0312,176946.8,1768050899999999,5530.82387,55,146351.8,4576.8164,0
1768050900000000,0.0312,0.0313,0.0312,0.0313,15155.1,1768051799999999,473.1351,20,2959.8,92.64174,0
1768051800000000,0.0312,0.0313,0.0312,0.0313,14963.2,1768052699999999,467.65356,20,8017.2,250.93836,0
1768052700000000,0.0313,0.0313,0.0312,0.0313,54215.8,1768053599999999,1695.15835,32,30403.9,951.64207,0
1768053600000000,0.0312,0.0313,0.0311,0.0312,60984.7,1768054499999999,1903.02028,29,6821.1,213.14697,0
1768054500000000,0.0311,0.0312,0.0311,0.0312,14612.5,1768055399999999,455.5928,16,11440.5,356.9436,0
1768055400000000,0.0311,0.0312,0.0311,0.0312,18499.8,1768056299999999,576.18605,22,8422.7,262.78824,0
1768056300000000,0.0312,0.0312,0.0311,0.0312,12757.8,1768057199999999,397.13723,17,3696.5,115.3308,0
1768057200000000,0.0312,0.0312,0.0309,0.0309,229793.4,1768058099999999,7129.58615,50,21656.2,672.5344,0
1768058100000000,0.0309,0.0311,0.0309,0.031,50327.5,1768058999999999,1556.65408,27,9001.0,279.08023,0
1768059000000000,0.031,0.031,0.0309,0.031,32131.8,1768059899999999,994.1359,23,12632.8,391.6168,0
1768059900000000,0.031,0.031,0.0309,0.031,12597.1,1768060799999999,389.68765,17,4372.6,135.5506,0
1768060800000000,0.031,0.031,0.0309,0.031,62564.9,1768061699999999,1934.80354,33,15481.3,479.9203,0
1768061700000000,0.0309,0.0309,0.0308,0.0309,70805.5,1768062599999999,2182.31645,25,6175.6,190.82604,0
1768062600000000,0.0309,0.0309,0.0308,0.0309,15020.1,1768063499999999,463.86402,16,12449.4,384.68646,0
1768063500000000,0.0309,0.0309,0.0308,0.0308,28438.4,1768064399999999,878.13582,28,22331.0,690.0279,0
1768064400000000,0.0309,0.031,0.0308,0.031,52306.5,1768065299999999,1616.54841,27,16478.9,509.54956,0
1768065300000000,0.031,0.031,0.0308,0.031,67794.5,1768066199999999,2092.59735,24,3794.1,117.5539,0
1768066200000000,0.031,0.031,0.0309,0.031,10254.5,1768067099999999,317.23138,17,3673.3,113.8723,0
1768067100000000,0.031,0.031,0.0308,0.0309,32216.7,1768067999999999,996.02024,27,7490.8,232.10957,0
1768068000000000,0.0308,0.0309,0.0308,0.0309,17694.0,1768068899999999,545.29784,14,3226.4,99.69576,0
1768068900000000,0.0309,0.0309,0.0308,0.0309,58269.6,1768069799999999,1796.60111,22,18974.3,586.30587,0
1768069800000000,0.0308,0.0309,0.0308,0.0309,23473.7,1768070699999999,723.4923,14,5023.4,155.22306,0
1768070700000000,0.0309,0.0309,0.0308,0.0308,3888.7,1768071599999999,120.02733,11,2553.7,78.90933,0
1768071600000000,0.0309,0.0309,0.0308,0.0308,26462.2,1768072499999999,816.65482,20,16190.6,500.28954,0
1768072500000000,0.0309,0.0309,0.0308,0.0309,18618.1,1768073399999999,574.75679,20,13193.1,407.66679,0
1768073400000000,0.0308,0.0309,0.0308,0.0309,14825.0,1768074299999999,457.55456,22,9445.6,291.86904,0
1768074300000000,0.0308,0.0309,0.0308,0.0309,30548.4,1768075199999999,942.97457,26,20838.5,643.90965,0
1768075200000000,0.0308,0.0309,0.0308,0.0309,36359.9,1768076099999999,1123.13931,29,32543.9,1005.60651,0
1768076100000000,0.0309,0.0309,0.0307,0.0309,53889.2,1768076999999999,1660.02323,24,30971.5,954.3077,0
1768077000000000,0.0309,0.0309,0.0308,0.0308,17728.7,1768077899999999,546.73197,24,6880.1,212.59509,0
1768077900000000,0.0309,0.0309,0.0307,0.0308,342256.4,1768078799999999,10539.38244,50,211021.7,6503.79213,0
1768078800000000,0.0307,0.0308,0.0307,0.0308,9562.5,1768079699999999,294.30116,22,7324.1,225.58228,0
1768079700000000,0.0308,0.0308,0.0306,0.0308,122585.5,1768080599999999,3765.03777,32,68859.6,2120.4136,0
1768080600000000,0.0308,0.0308,0.0306,0.0306,34189.1,1768081499999999,1051.79629,29,31649.5,974.08453,0
1768081500000000,0.0306,0.0308,0.0306,0.0306,18222.4,1768082399999999,559.36022,19,8392.2,257.89476,0
1768082400000000,0.0306,0.0309,0.0306,0.0308,133065.5,1768083299999999,4092.50837,47,118669.3,3650.8173,0
1768083300000000,0.0308,0.0308,0.0307,0.0307,11021.6,1768084199999999,338.64991,15,2867.9,88.33132,0
1768084200000000,0.0307,0.0308,0.0307,0.0308,15055.7,1768085099999999,462.5986,24,3886.1,119.69188,0
1768085100000000,0.0306,0.0308,0.0306,0.0306,41276.5,1768085999999999,1265.27805,25,13675.8,420.69663,0
1768086000000000,0.0306,0.0308,0.0306,0.0308,30787.9,1768086899999999,943.08836,26,4893.1,150.70748,0
1768086900000000,0.0306,0.0308,0.0306,0.0306,21779.4,1768087799999999,668.19712,20,8737.4,269.11192,0
1768087800000000,0.0306,0.0308,0.0306,0.0306,13207.6,1768088699999999,404.50896,22,1782.0,54.8856,0
1768088700000000,0.0306,0.0308,0.0306,0.0306,18934.7,1768089599999999,579.86804,17,2331.1,71.79788,0
1768089600000000,0.0306,0.0308,0.0306,0.0308,36191.8,1768090499999999,1111.0368,29,17838.6,549.42888,0
1768090500000000,0.0308,0.0308,0.0306,0.0308,16013.1,1768091399999999,490.91902,18,4590.8,141.39664,0
1768091400000000,0.0306,0.0308,0.0306,0.0308,11294.5,1768092299999999,346.78582,18,5870.6,180.81448,0
1768092300000000,0.0308,0.0308,0.0306,0.0306,39195.2,1768093199999999,1202.2316,18,14292.4,440.20592,0
1768093200000000,0.0308,0.0308,0.0306,0.0306,39412.6,1768094099999999,1207.47653,34,6929.1,213.41628,0
1768094100000000,0.0308,0.0308,0.0306,0.0306,21321.8,1768094999999999,652.65738,17,1051.5,32.3862,0
1768095000000000,0.0308,0.0308,0.0306,0.0306,40459.9,1768095899999999,1239.52202,30,7245.4,223.15832,0
1768095900000000,0.0306,0.0308,0.0306,0.0306,17694.2,1768096799999999,542.28388,16,4206.8,129.56944,0
1768096800000000,0.0306,0.0308,0.0306,0.0306,20759.3,1768097699999999,635.94726,22,3563.4,109.75272,0
1768097700000000,0.0308,0.0308,0.0306,0.0306,10933.6,1768098599999999,335.79138,18,6116.1,188.37588,0
1768098600000000,0.0306,0.0308,0.0306,0.0308,15273.1,1768099499999999,469.1774,20,9102.7,280.36316,0
1768099500000000,0.0306,0.0308,0.0306,0.0306,13165.4,1768100399999999,403.45606,15,2974.1,91.60228,0
1768100400000000,0.0306,0.0308,0.0306,0.0307,104659.6,1768101299999999,3213.57602,51,90655.4,2785.0475,0
1768101300000000,0.0306,0.0308,0.0306,0.0307,223359.4,1768102199999999,6856.71648,63,194008.2,5956.46818,0
1768102200000000,0.0307,0.0308,0.0307,0.0308,9091.2,1768103099999999,279.29004,21,1902.0,58.5816,0
1768103100000000,0.0307,0.0308,0.0307,0.0307,12171.3,1768103999999999,373.8803,30,2213.9,68.18812,0
1768104000000000,0.0307,0.0308,0.0307,0.0307,18092.2,1768104899999999,556.46621,36,10356.7,318.98636,0
1768104900000000,0.0307,0.0308,0.0306,0.0307,39291.5,1768105799999999,1206.53937,51,17156.3,527.05694,0
1768105800000000,0.0307,0.0308,0.0307,0.0307,39398.6,1768106699999999,1212.66951,42,31324.9,964.80692,0
1768106700000000,0.0308,0.0309,0.0306,0.0307,55839.6,1768107599999999,1718.01525,57,37234.3,1146.87741,0
1768107600000000,0.0307,0.0309,0.0307,0.0308,33484.5,1768108499999999,1031.40414,44,25129.1,774.89336,0
1768108500000000,0.0308,0.031,0.0307,0.0308,148476.4,1768109399999999,4584.60412,49,64782.9,2001.76517,0
1768109400000000,0.0309,0.031,0.0308,0.0308,21821.3,1768110299999999,674.2903,28,14234.1,440.60454,0
1768110300000000,0.0308,0.0309,0.0308,0.0308,86540.4,1768111199999999,2667.75794,21,23136.2,714.90858,0
1768111200000000,0.0308,0.031,0.0308,0.031,10797.0,1768112099999999,333.06992,18,3935.0,121.72032,0
1768112100000000,0.0308,0.0309,0.0308,0.0309,7300.5,1768112999999999,224.97237,11,1169.7,36.14373,0
1768113000000000,0.0309,0.0309,0.0307,0.0308,25661.7,1768113899999999,791.09471,30,9582.9,296.09028,0
1768113900000000,0.0308,0.0309,0.0307,0.0309,14349.8,1768114799999999,442.13369,16,13110.0,404.07183,0
1768114800000000,0.0309,0.0309,0.0308,0.0308,23634.7,1768115699999999,728.91044,21,9616.8,297.15912,0
1768115700000000,0.0308,0.0309,0.0308,0.0309,16796.3,1768116599999999,518.8521,13,15260.6,471.55254,0
1768116600000000,0.0308,0.031,0.0308,0.0308,30304.3,1768117499999999,935.40306,23,20008.6,618.2955,0
1768117500000000,0.0309,0.0309,0.0308,0.0308,9546.3,1768118399999999,294.69918,11,6731.4,208.00026,0
1768118400000000,0.0308,0.031,0.0308,0.0309,44577.1,1768119299999999,1379.46962,31,35921.2,1112.52038,0
1768119300000000,0.031,0.031,0.0309,0.0309,14235.5,1768120199999999,440.3095,23,4325.5,134.0905,0
1768120200000000,0.0309,0.031,0.0309,0.031,15711.5,1768121099999999,486.2819,22,7965.5,246.9305,0
1768121100000000,0.031,0.031,0.0309,0.0309,31031.5,1768121999999999,960.21923,24,13458.8,417.2228,0
1768122000000000,0.0309,0.031,0.0309,0.0309,31007.2,1768122899999999,960.66013,23,25376.5,786.6715,0
1768122900000000,0.0309,0.031,0.0309,0.031,20938.2,1768123799999999,647.90166,25,9112.8,282.4968,0
1768123800000000,0.0309,0.0312,0.0309,0.031,248113.3,1768124699999999,7707.90354,52,147283.3,4583.76739,0
1768124700000000,0.0309,0.031,0.0309,0.0309,24548.5,1768125599999999,758.96597,22,4173.2,129.3692,0
1768125600000000,0.031,0.031,0.0308,0.031,160840.8,1768126499999999,4980.37599,54,114156.1,3538.42792,0
1768126500000000,0.0309,0.031,0.0309,0.031,19843.9,1768127399999999,614.05903,14,8825.2,273.5812,0
1768127400000000,0.031,0.031,0.0309,0.0309,14891.2,1768128299999999,461.21942,18,10813.4,335.2154,0
1768128300000000,0.0309,0.031,0.0309,0.0309,12400.5,1768129199999999,383.98109,15,8056.4,249.7484,0
1768129200000000,0.0309,0.0312,0.0309,0.0312,249535.5,1768130099999999,7750.62021,94,207123.9,6436.69951,0
1768130100000000,0.0311,0.0312,0.031,0.0311,60023.5,1768130999999999,1866.2995,28,6404.7,199.4448,0
1768131000000000,0.031,0.0311,0.031,0.0311,19729.6,1768131899999999,612.75037,29,11327.7,352.29147,0
1768131900000000,0.0311,0.0311,0.0309,0.0309,53076.8,1768132799999999,1645.34582,39,34301.4,1063.7697,0
1768132800000000,0.0309,0.0313,0.0309,0.0311,165145.6,1768133699999999,5141.38975,74,116842.5,3641.59218,0
1768133700000000,0.0312,0.0312,0.031,0.031,50588.3,1768134599999999,1572.7943,28,8855.5,275.60766,0
1768134600000000,0.0311,0.0311,0.031,0.0311,16346.3,1768135499999999,508.02779,19,12924.9,401.96439,0
1768135500000000,0.031,0.0312,0.031,0.031,81590.3,1768136399999999,2537.00176,57,33552.6,1043.61285,0
1768136400000000,0.031,0.0312,0.031,0.0312,55068.6,1768137299999999,1714.16204,31,38759.3,1208.53568,0
1768137300000000,0.0312,0.0312,0.0311,0.0311,28087.2,1768138199999999,874.6016,23,10896.8,339.98016,0
1768138200000000,0.0312,0.0312,0.031,0.0311,100169.1,1768139099999999,3116.02107,47,19350.3,602.83474,0
1768139100000000,0.0311,0.0312,0.031,0.031,192791.0,1768139999999999,5987.79137,43,59176.1,1839.10089,0
1768140000000000,0.031,0.0311,0.0309,0.031,13357.9,1768140899999999,414.10324,18,7195.7,223.41568,0
1768140900000000,0.031,0.031,0.0309,0.031,24526.3,1768141799999999,758.45082,24,5881.5,182.3265,0
1768141800000000,0.031,0.0311,0.0309,0.031,36619.6,1768142699999999,1135.27853,18,33571.3,1040.81327,0
1768142700000000,0.031,0.0311,0.031,0.0311,14865.5,1768143599999999,461.19196,14,3614.6,112.41406,0
1768143600000000,0.031,0.031,0.0309,0.031,63266.1,1768144499999999,1956.67824,28,6267.2,194.2832,0
1768144500000000,0.0309,0.031,0.0309,0.0309,37704.4,1768145399999999,1165.11413,19,12398.6,383.16491,0
1768145400000000,0.0309,0.0309,0.0308,0.0308,34394.0,1768146299999999,1062.41754,17,14569.4,450.19446,0
1768146300000000,0.0308,0.031,0.0307,0.031,172614.6,1768147199999999,5335.03079,44,127799.1,3954.90279,0
1768147200000000,0.031,0.0314,0.0308,0.031,666584.8,1768148099999999,20753.00314,194,251129.9,7817.43058,0
1768148100000000,0.031,0.0314,0.0309,0.0314,841022.8,1768148999999999,26246.85145,180,440172.2,13744.10674,0
1768149000000000,0.0313,0.0315,0.0311,0.0312,171677.6,1768149899999999,5365.36667,62,31325.1,980.67902,0
1768149900000000,0.0312,0.0313,0.0311,0.0313,70541.3,1768150799999999,2205.085,34,61242.4,1915.16604,0
1768150800000000,0.0312,0.0313,0.0312,0.0312,26783.6,1768151699999999,836.97469,26,6900.8,215.99504,0
1768151700000000,0.0312,0.0312,0.031,0.031,110249.4,1768152599999999,3426.24526,38,8846.8,276.02016,0
1768152600000000,0.0311,0.0311,0.031,0.031,57823.5,1768153499999999,1795.95579,39,30517.8,949.10358,0
1768153500000000,0.031,0.0312,0.031,0.0311,36464.0,1768154399999999,1134.00022,23,32703.9,1017.29814,0
1768154400000000,0.0312,0.0312,0.0311,0.0312,39337.6,1768155299999999,1224.34548,29,9461.2,295.18944,0
1768155300000000,0.0311,0.0312,0.0311,0.0311,18658.4,1768156199999999,581.55944,20,12832.0,400.3584,0
1768156200000000,0.0311,0.0313,0.0311,0.0312,63574.7,1768157099999999,1984.27571,29,52483.1,1638.97327,0
1768157100000000,0.0311,0.0313,0.0311,0.0311,27959.6,1768157999999999,873.36084,22,19086.4,597.08932,0
1768158000000000,0.0311,0.0324,0.0311,0.0317,6156093.6,1768158899999999,196564.06042,1345,3863877.2,123502.96781,0
1768158900000000,0.0317,0.0317,0.031,0.031,2097054.8,1768159799999999,65602.21128,429,797920.3,24984.56555,0
1768159800000000,0.0311,0.0312,0.0309,0.031,934187.7,1768160699999999,28965.9985,218,127746.1,3971.7172,0
1768160700000000,0.0312,0.0312,0.031,0.0311,99329.7,1768161599999999,3090.40776,55,40652.6,1267.50841,0
1768161600000000,0.0311,0.0311,0.0309,0.0311,326935.4,1768162499999999,10131.74734,121,185161.1,5742.30578,0
1768162500000000,0.0311,0.0311,0.0308,0.0309,272927.8,1768163399999999,8435.40337,53,9870.0,305.51761,0
1768163400000000,0.0309,0.031,0.0308,0.0308,53980.1,1768164299999999,1668.1538,55,8952.3,277.221,0
1768164300000000,0.0308,0.031,0.0307,0.0308,106223.5,1768165199999999,3273.72309,86,26703.2,824.72395,0
1768165200000000,0.0309,0.0309,0.0307,0.0307,119264.1,1768166099999999,3672.76992,145,42814.2,1320.71982,0
1768166100000000,0.0308,0.0309,0.0306,0.0308,171644.9,1768166999999999,5277.54295,77,116405.5,3580.8101,0
1768167000000000,0.0309,0.0309,0.0307,0.0308,47019.5,1768167899999999,1446.15144,40,6470.1,199.86408,0
1768167900000000,0.0308,0.0309,0.0307,0.0308,389143.3,1768168799999999,11984.96328,43,360263.4,11096.28177,0
1768168800000000,0.0308,0.031,0.0307,0.0307,212878.7,1768169699999999,6569.97208,78,138770.3,4288.3544,0
1768169700000000,0.0307,0.0309,0.0307,0.0308,26059.2,1768170599999999,801.46506,44,6865.3,211.47033,0
1768170600000000,0.0309,0.0309,0.0307,0.0307,27214.0,1768171499999999,838.13473,31,12001.8,370.85562,0
1768171500000000,0.0307,0.031,0.0307,0.031,58186.1,1768172399999999,1793.2295,41,8519.9,263.53767,0
1768172400000000,0.0308,0.031,0.0308,0.0309,115140.4,1768173299999999,3557.06185,68,8704.3,269.8333,0
1768173300000000,0.0309,0.031,0.0308,0.0309,113194.7,1768174199999999,3497.94398,42,42523.2,1314.29364,0
1768174200000000,0.0309,0.031,0.0309,0.0309,5781.5,1768175099999999,178.78926,15,1409.1,43.6821,0
1768175100000000,0.0309,0.031,0.0308,0.0308,45897.5,1768175999999999,1417.31982,18,6324.7,195.6818,0
1768176000000000,0.0308,0.0309,0.0308,0.0308,22260.9,1768176899999999,686.09304,25,4573.2,141.31188,0
1768176900000000,0.0308,0.0309,0.0308,0.0308,15790.3,1768177799999999,486.81444,16,4732.0,146.2188,0
1768177800000000,0.0309,0.0309,0.0307,0.0307,55256.4,1768178699999999,1701.62838,43,10385.7,320.04169,0
1768178700000000,0.0308,0.0308,0.0307,0.0307,82506.7,1768179599999999,2534.76098,51,35602.9,1094.81432,0
1768179600000000,0.0308,0.031,0.0307,0.0309,106650.8,1768180499999999,3289.71268,82,60476.0,1866.90573,0
1768180500000000,0.031,0.031,0.0309,0.0309,19350.3,1768181399999999,598.28582,17,3615.5,112.0805,0
1768181400000000,0.0309,0.031,0.0309,0.031,25850.0,1768182299999999,800.84779,37,20827.9,645.6649,0
1768182300000000,0.0309,0.0311,0.0309,0.031,8459.5,1768183199999999,262.68282,14,6308.0,196.03405,0
1768183200000000,0.031,0.0311,0.031,0.031,9550.6,1768184099999999,296.18721,15,1186.1,36.88771,0
1768184100000000,0.0311,0.0312,0.0311,0.0311,43135.5,1768184999999999,1342.20952,27,25327.7,788.38694,0
1768185000000000,0.0311,0.0313,0.0311,0.0312,59042.2,1768185899999999,1843.69884,36,30044.1,939.39759,0
1768185900000000,0.0312,0.0313,0.0312,0.0313,148348.1,1768186799999999,4640.48194,43,20219.8,632.87974,0
1768186800000000,0.0312,0.0313,0.031,0.0311,348983.5,1768187699999999,10883.72587,75,41588.1,1298.07934,0
1768187700000000,0.0312,0.0314,0.0312,0.0313,59878.3,1768188599999999,1872.05686,39,39444.5,1233.8823,0
1768188600000000,0.0312,0.0313,0.0311,0.0311,84815.9,1768189499999999,2646.04247,32,6324.7,197.46882,0
1768189500000000,0.0312,0.0312,0.031,0.0311,42152.0,1768190399999999,1309.66375,34,10455.2,325.60391,0
1768190400000000,0.0311,0.0311,0.0309,0.031,102513.4,1768191299999999,3179.01627,54,38744.1,1202.55074,0
1768191300000000,0.031,0.0311,0.031,0.031,7900.3,1768192199999999,245.36489,16,4555.9,141.68849,0
1768192200000000,0.031,0.0312,0.031,0.0312,41782.9,1768193099999999,1299.56871,33,33132.8,1030.83026,0
1768193100000000,0.0312,0.0313,0.0311,0.0313,69781.2,1768193999999999,2176.70335,27,43113.0,1345.22054,0
1768194000000000,0.0311,0.0313,0.031,0.031,170637.9,1768194899999999,5307.00222,53,40947.0,1279.69039,0
1768194900000000,0.031,0.0311,0.031,0.0311,10183.5,1768195799999999,315.93443,16,2459.3,76.48423,0
1768195800000000,0.0311,0.0311,0.031,0.031,30760.4,1768196699999999,954.36751,46,7951.1,247.27921,0
1768196700000000,0.031,0.0311,0.0309,0.0309,108542.0,1768197599999999,3356.68746,52,86315.0,2669.30865,0
1768197600000000,0.0309,0.031,0.0308,0.0309,57014.9,1768198499999999,1764.92542,69,45394.9,1405.9315,0
1768198500000000,0.0309,0.031,0.0307,0.0308,80777.3,1768199399999999,2488.4672,65,28946.8,892.25788,0
1768199400000000,0.0308,0.0309,0.0307,0.0308,161972.7,1768200299999999,4990.04305,81,130546.2,4022.14327,0
1768200300000000,0.0308,0.0309,0.0307,0.0307,77438.8,1768201199999999,2383.39724,64,58919.6,1814.78305,0
1768201200000000,0.0307,0.0309,0.0307,0.0308,56252.9,1768202099999999,1733.00682,62,37691.2,1162.18386,0
1768202100000000,0.0308,0.0308,0.0306,0.0308,199355.0,1768202999999999,6117.0296,77,23186.8,712.00685,0
1768203000000000,0.0307,0.0308,0.0305,0.0306,191740.7,1768203899999999,5873.78919,93,100815.0,3091.56377,0
1768203900000000,0.0305,0.0306,0.0305,0.0305,80108.5,1768204799999999,2449.20851,29,58992.6,1805.17356,0
1768204800000000,0.0305,0.0307,0.0305,0.0307,130474.4,1768205699999999,3992.53667,42,116952.3,3579.65123,0
1768205700000000,0.0306,0.0307,0.0305,0.0305,254979.1,1768206599999999,7804.34895,60,214331.7,6560.98404,0
1768206600000000,0.0306,0.0311,0.0305,0.0305,538781.4,1768207499999999,16572.9887,144,421084.4,12952.15806,0
1768207500000000,0.0305,0.0307,0.0304,0.0306,474569.1,1768208399999999,14489.19663,75,151394.5,4631.97327,0
1768208400000000,0.0306,0.0307,0.0305,0.0305,125783.6,1768209299999999,3843.49969,40,16778.3,513.90655,0
1768209300000000,0.0306,0.0307,0.0305,0.0305,29416.5,1768210199999999,900.28163,29,22897.1,700.80986,0
1768210200000000,0.0306,0.0307,0.0305,0.0305,31353.7,1768211099999999,958.38008,32,14436.9,441.83268,0
1768211100000000,0.0306,0.0307,0.0305,0.0305,20073.7,1768211999999999,614.25998,15,6505.7,199.1757,0
1768212000000000,0.0306,0.0306,0.0303,0.0305,432216.2,1768212899999999,13138.90861,127,96586.6,2945.41082,0
1768212900000000,0.0304,0.0305,0.0303,0.0304,49472.6,1768213799999999,1505.25406,42,20865.4,635.8097,0
1768213800000000,0.0305,0.0305,0.0303,0.0304,264504.9,1768214699999999,8038.19303,123,151340.0,4604.14983,0
1768214700000000,0.0304,0.0305,0.0304,0.0304,73931.1,1768215599999999,2248.84788,56,35033.1,1066.34868,0
1768215600000000,0.0304,0.0305,0.0303,0.0304,308989.8,1768216499999999,9396.00629,152,128125.7,3903.36754,0
1768216500000000,0.0304,0.0305,0.0303,0.0305,105981.4,1768217399999999,3229.76432,65,76062.4,2318.48289,0
1768217400000000,0.0306,0.0306,0.0305,0.0306,137980.1,1768218299999999,4221.50945,36,71358.9,2183.58234,0
1768218300000000,0.0305,0.0306,0.0305,0.0305,25587.6,1768219199999999,782.22959,15,18077.9,553.18374,0
1768219200000000,0.0306,0.0306,0.0304,0.0306,269187.3,1768220099999999,8213.94378,90,98528.3,3011.86101,0
1768220100000000,0.0305,0.0306,0.0304,0.0305,133503.2,1768220999999999,4069.68261,29,79211.3,2418.80191,0
1768221000000000,0.0305,0.0306,0.0305,0.0305,28883.8,1768221899999999,881.56779,26,6118.9,187.23834,0
1768221900000000,0.0305,0.0306,0.0304,0.0305,43943.9,1768222799999999,1342.26437,51,31707.9,969.13174,0
1768222800000000,0.0305,0.0306,0.0303,0.0304,353288.3,1768223699999999,10772.63869,105,164530.8,5023.75549,0
1768223700000000,0.0304,0.0304,0.0303,0.0304,81756.1,1768224599999999,2479.98356,58,27737.3,843.21392,0
1768224600000000,0.0304,0.0304,0.0303,0.0303,17052.5,1768225499999999,517.28313,27,5923.8,180.08352,0
1768225500000000,0.0303,0.0303,0.0302,0.0303,142022.7,1768226399999999,4298.01754,36,76880.1,2325.75047,0
1768226400000000,0.0302,0.0305,0.0302,0.0303,715843.5,1768227299999999,21680.82372,106,450293.2,13644.82506,0
1768227300000000,0.0303,0.0303,0.03,0.0301,344225.9,1768228199999999,10375.46626,122,233309.7,7035.93249,0
1768228200000000,0.0302,0.0304,0.0301,0.0304,255501.6,1768229099999999,7721.56868,79,151460.4,4578.87284,0
1768229100000000,0.0303,0.0304,0.0302,0.0303,138450.8,1768229999999999,4202.72156,34,41946.0,1273.44205,0
1768230000000000,0.0304,0.0304,0.0303,0.0303,20922.1,1768230899999999,634.70714,38,7675.1,233.32304,0
1768230900000000,0.0303,0.0305,0.0303,0.0304,146424.2,1768231799999999,4462.99928,31,60289.6,1836.7066,0
1768231800000000,0.0305,0.0305,0.0304,0.0304,18958.5,1768232699999999,577.45367,15,5302.7,161.73235,0
1768232700000000,0.0305,0.0305,0.0304,0.0305,9214.4,1768233599999999,280.77049,17,6527.3,199.08265,0
1768233600000000,0.0305,0.0305,0.0304,0.0304,61482.6,1768234499999999,1870.33272,28,12616.8,384.8124,0
1768234500000000,0.0304,0.0307,0.0304,0.0307,126612.0,1768235399999999,3861.72062,40,80867.1,2470.9229,0
1768235400000000,0.0307,0.0307,0.0305,0.0305,96892.8,1768236299999999,2962.17948,36,9708.9,297.36087,0
1768236300000000,0.0305,0.0306,0.0305,0.0306,20382.7,1768237199999999,621.96606,27,7479.9,228.43066,0
1768237200000000,0.0306,0.0307,0.0305,0.0306,154799.0,1768238099999999,4736.99499,36,25974.1,795.09281,0
1768238100000000,0.0306,0.0308,0.0305,0.0306,133747.9,1768238999999999,4098.96678,52,84031.6,2577.66901,0
1768239000000000,0.0306,0.0306,0.0304,0.0304,183483.8,1768239899999999,5606.47003,42,6191.1,188.95795,0
1768239900000000,0.0305,0.0305,0.0304,0.0305,11134.0,1768240799999999,339.03477,12,5611.7,171.15685,0
1768240800000000,0.0304,0.0306,0.0304,0.0306,82384.2,1768241699999999,2512.02756,29,68343.1,2084.68765,0
1768241700000000,0.0305,0.0308,0.0305,0.0307,256112.7,1768242599999999,7870.51589,56,117274.2,3601.8589,0
1768242600000000,0.0308,0.0308,0.0305,0.0305,156933.9,1768243499999999,4810.68148,29,7881.0,241.60092,0
1768243500000000,0.0306,0.0308,0.0305,0.0308,187329.9,1768244399999999,5754.91604,43,140665.8,4323.59196,0
1768244400000000,0.0307,0.0307,0.0305,0.0307,175641.8,1768245299999999,5378.60723,43,62914.4,1925.72912,0
1768245300000000,0.0307,0.0307,0.0306,0.0307,90068.4,1768246199999999,2758.61683,72,25237.9,774.80353,0
1768246200000000,0.0307,0.0307,0.0306,0.0307,28655.8,1768247099999999,879.30837,61,24408.9,749.35323,0
1768247100000000,0.0307,0.0307,0.0306,0.0307,22737.7,1768247999999999,697.8306,56,20569.8,631.49286,0
1768248000000000,0.0307,0.0308,0.0306,0.0307,57866.0,1768248899999999,1778.33364,67,26843.3,826.01739,0
1768248900000000,0.0307,0.0307,0.0306,0.0307,118815.5,1768249799999999,3638.22758,70,49672.1,1522.43954,0
1768249800000000,0.0306,0.0307,0.0305,0.0306,55741.3,1768250699999999,1705.20542,73,24460.5,748.72045,0
1768250700000000,0.0306,0.0306,0.0305,0.0306,52441.8,1768251599999999,1601.57793,28,21030.3,643.52718,0
1768251600000000,0.0305,0.0306,0.0305,0.0306,77612.5,1768252499999999,2367.37336,23,10112.8,308.63251,0
1768252500000000,0.0306,0.0306,0.0304,0.0305,125115.8,1768253399999999,3812.82352,17,59517.2,1816.13173,0
1768253400000000,0.0304,0.0305,0.0304,0.0304,352624.8,1768254299999999,10719.9951,32,256778.8,7806.2767,0
1768254300000000,0.0303,0.0304,0.0301,0.0302,888628.0,1768255199999999,26853.40223,96,764555.1,23101.46567,0
1768255200000000,0.0302,0.0305,0.0302,0.0304,109352.8,1768256099999999,3317.62017,55,64797.9,1964.87212,0
1768256100000000,0.0304,0.0305,0.0303,0.0304,74635.4,1768256999999999,2268.74961,28,58417.3,1775.9042,0
1768257000000000,0.0304,0.0304,0.0303,0.0304,8758.1,1768257899999999,266.03351,9,6630.8,201.57632,0
1768257900000000,0.0303,0.0305,0.0303,0.0303,107504.8,1768258799999999,3265.70769,29,59655.1,1814.36569,0
1768258800000000,0.0303,0.0305,0.0303,0.0303,79855.3,1768259699999999,2421.18989,25,7871.5,240.08075,0
1768259700000000,0.0303,0.0303,0.0302,0.0303,90163.0,1768260599999999,2731.82772,22,10417.5,315.65025,0
1768260600000000,0.0302,0.0303,0.0302,0.0302,85161.3,1768261499999999,2572.26578,25,3945.2,119.53956,0
1768261500000000,0.0303,0.0303,0.0301,0.0301,132865.9,1768262399999999,4015.84382,52,97602.6,2950.99009,0
1768262400000000,0.0301,0.0303,0.0301,0.0302,28414.0,1768263299999999,857.94388,30,17930.5,541.80553,0
1768263300000000,0.0301,0.0302,0.0301,0.0302,5362.6,1768264199999999,161.57581,13,1615.5,48.7881,0
1768264200000000,0.0301,0.0302,0.0301,0.0301,17548.5,1768265099999999,529.25608,14,10462.3,315.96146,0
1768265100000000,0.0301,0.0302,0.0301,0.0301,5473.3,1768265999999999,164.89551,11,1491.8,45.05236,0
1768266000000000,0.0301,0.0303,0.0301,0.0303,24586.9,1768266899999999,741.92671,20,13643.8,412.11393,0
1768266900000000,0.0302,0.0303,0.0302,0.0303,74634.0,1768267799999999,2254.08044,17,1336.4,40.49292,0
1768267800000000,0.0303,0.0303,0.0302,0.0303,48792.3,1768268699999999,1474.18629,18,24138.3,729.63549,0
1768268700000000,0.0303,0.0303,0.0301,0.0303,35032.4,1768269599999999,1058.53725,16,8683.1,262.82319,0
1768269600000000,0.0303,0.0303,0.0302,0.0303,7817.5,1768270499999999,236.59434,12,5058.4,153.26952,0
1768270500000000,0.0303,0.0304,0.0303,0.0303,67901.3,1768271399999999,2062.04821,24,61060.4,1854.76894,0
1768271400000000,0.0304,0.0305,0.0303,0.0304,65516.9,1768272299999999,1989.00589,26,8037.0,244.33233,0
1768272300000000,0.0303,0.0304,0.0303,0.0304,8228.7,1768273199999999,249.56526,10,2356.5,71.6376,0
1768273200000000,0.0304,0.0304,0.0303,0.0303,5501.8,1768274099999999,166.9495,11,2449.6,74.46784,0
1768274100000000,0.0304,0.0304,0.0303,0.0304,4835.1,1768274999999999,146.93323,11,4297.0,130.6288,0
1768275000000000,0.0304,0.0304,0.0303,0.0304,7800.6,1768275899999999,236.88674,17,5285.6,160.68224,0
1768275900000000,0.0303,0.0304,0.0303,0.0304,38404.2,1768276799999999,1163.82114,12,1738.8,52.85952,0
1768276800000000,0.0303,0.0304,0.0303,0.0304,12922.6,1768277699999999,391.97467,20,4198.9,127.64656,0
1768277700000000,0.0303,0.0304,0.0303,0.0303,7994.0,1768278599999999,242.78514,12,5669.4,172.34976,0
1768278600000000,0.0304,0.0304,0.0301,0.0302,228638.0,1768279499999999,6908.61468,60,61940.2,1873.60755,0
1768279500000000,0.0303,0.0303,0.0302,0.0303,23732.0,1768280399999999,718.91421,24,22078.1,668.96643,0
1768280400000000,0.0303,0.0304,0.0303,0.0303,16799.8,1768281299999999,509.64765,17,12311.9,373.66428,0
1768281300000000,0.0304,0.0305,0.0303,0.0305,151982.2,1768282199999999,4628.26894,82,67451.9,2054.81803,0
1768282200000000,0.0305,0.0305,0.0304,0.0305,34176.5,1768283099999999,1039.75643,34,7908.3,241.20315,0
1768283100000000,0.0304,0.0305,0.0304,0.0305,19701.6,1768283999999999,599.60791,26,6792.7,207.17735,0
1768284000000000,0.0305,0.0305,0.0304,0.0305,16533.8,1768284899999999,503.08147,18,4539.5,138.45475,0
1768284900000000,0.0304,0.0305,0.0304,0.0304,6772.5,1768285799999999,206.07656,9,1925.6,58.7308,0
1768285800000000,0.0305,0.0305,0.0304,0.0304,10118.4,1768286699999999,308.06329,18,4639.3,141.49865,0
1768286700000000,0.0304,0.0305,0.0304,0.0305,30246.8,1768287599999999,922.12835,24,26256.3,800.81715,0
1768287600000000,0.0305,0.0306,0.0304,0.0306,73496.7,1768288499999999,2242.23006,58,46430.5,1417.2596,0
1768288500000000,0.0306,0.0306,0.0305,0.0306,29126.1,1768289399999999,891.0933,69,27472.5,840.6585,0
1768289400000000,0.0306,0.0306,0.0304,0.0305,114304.8,1768290299999999,3482.60631,74,22318.7,682.44392,0
1768290300000000,0.0305,0.0305,0.0304,0.0305,123101.3,1768291199999999,3746.98447,80,84010.2,2558.61503,0
1768291200000000,0.0305,0.0305,0.0304,0.0304,149446.5,1768292099999999,4543.84555,38,6719.5,204.94475,0
1768292100000000,0.0305,0.0305,0.0304,0.0304,49013.3,1768292999999999,1490.44385,17,4395.3,134.05665,0
1768293000000000,0.0305,0.0305,0.0304,0.0304,17033.9,1768293899999999,518.95129,18,11207.3,341.82265,0
1768293900000000,0.0304,0.0305,0.0304,0.0305,130976.8,1768294799999999,3982.9995,42,13047.8,397.9579,0
1768294800000000,0.0304,0.0306,0.0304,0.0306,336158.9,1768295699999999,10272.63842,89,308544.6,9432.41243,0
1768295700000000,0.0305,0.0307,0.0305,0.0306,95701.0,1768296599999999,2927.08541,39,71452.4,2186.67877,0
1768296600000000,0.0307,0.0308,0.0306,0.0307,73372.5,1768297499999999,2251.3958,45,45781.5,1405.61329,0
1768297500000000,0.0307,0.0308,0.0306,0.0307,21625.6,1768298399999999,663.29165,21,14934.3,458.53787,0
1768298400000000,0.0307,0.0308,0.0306,0.0308,200001.4,1768299299999999,6138.99729,51,169756.8,5212.57754,0
1768299300000000,0.0307,0.0308,0.0306,0.0307,12818.0,1768300199999999,393.406,9,9341.7,287.03122,0
1768300200000000,0.0307,0.0308,0.0306,0.0307,20792.5,1768301099999999,637.57723,20,12343.3,379.03171,0
1768301100000000,0.0306,0.0307,0.0306,0.0307,13293.7,1768301999999999,406.87303,12,858.1,26.34367,0
1768302000000000,0.0306,0.0308,0.0306,0.0306,156049.1,1768302899999999,4791.89445,61,121878.9,3744.30257,0
1768302900000000,0.0306,0.0307,0.0306,0.0307,9821.2,1768303799999999,301.04373,21,5150.1,158.10807,0
1768303800000000,0.0307,0.0307,0.0306,0.0306,182888.5,1768304699999999,5607.01943,63,82514.6,2533.19822,0
1768304700000000,0.0306,0.0307,0.0305,0.0307,87234.2,1768305599999999,2670.0609,50,42359.0,1297.03164,0
1768305600000000,0.0306,0.0308,0.0306,0.0308,174858.6,1768306499999999,5369.90244,69,154198.8,4736.12194,0
1768306500000000,0.0307,0.0309,0.0307,0.0309,324935.7,1768307399999999,10004.98012,59,222986.5,6872.09056,0
1768307400000000,0.0307,0.0309,0.0307,0.0308,194106.8,1768308299999999,5978.85007,41,34888.7,1075.13583,0
1768308300000000,0.0308,0.0309,0.0308,0.0309,20015.1,1768309199999999,616.62729,20,1622.1,50.12289,0
1768309200000000,0.0308,0.0309,0.0308,0.0309,47407.3,1768310099999999,1463.55369,31,34088.5,1053.33465,0
1768310100000000,0.0309,0.0309,0.0306,0.0308,244386.3,1768310999999999,7512.50507,39,12962.9,398.88123,0
1768311000000000,0.0308,0.031,0.0308,0.0309,50112.1,1768311899999999,1547.65632,42,37789.0,1167.74757,0
1768311900000000,0.0309,0.0309,0.0308,0.0308,10949.4,1768312799999999,338.03131,12,7897.9,244.04511,0
1768312800000000,0.0308,0.031,0.0308,0.031,151101.5,1768313699999999,4660.99784,57,36566.0,1130.93617,0
1768313700000000,0.0309,0.031,0.0309,0.031,9796.9,1768314599999999,303.46878,16,7445.7,230.8167,0
1768314600000000,0.031,0.031,0.0307,0.0309,457599.2,1768315499999999,14121.98802,111,201829.3,6231.73679,0
1768315500000000,0.0309,0.0309,0.0308,0.0309,35953.1,1768316399999999,1110.16629,25,28108.1,868.54029,0
1768316400000000,0.0308,0.0309,0.0307,0.0309,300680.6,1768317299999999,9263.16099,64,92044.1,2837.95937,0
1768317300000000,0.0309,0.0309,0.0308,0.0309,57173.2,1768318199999999,1763.16743,57,22328.7,689.95683,0
1768318200000000,0.0309,0.031,0.0309,0.031,121955.1,1768319099999999,3771.12539,54,120062.0,3712.6286,0
1768319100000000,0.031,0.0311,0.0309,0.0309,117300.8,1768319999999999,3634.36099,48,77293.6,2396.28334,0
1768320000000000,0.0311,0.0311,0.031,0.0311,38839.3,1768320899999999,1207.39184,37,33735.4,1049.17094,0
1768320900000000,0.0311,0.0311,0.0309,0.031,227273.5,1768321799999999,7041.45455,62,122206.1,3789.21464,0
1768321800000000,0.031,0.0311,0.0309,0.031,179580.7,1768322699999999,5558.30736,75,64282.6,1993.25718,0
1768322700000000,0.031,0.0311,0.031,0.031,77157.3,1768323599999999,2395.14499,38,44386.9,1379.26259,0
1768323600000000,0.0311,0.0312,0.031,0.0312,149956.4,1768324499999999,4658.67503,81,83726.4,2604.06865,0
1768324500000000,0.0312,0.0312,0.0309,0.031,207766.6,1768325399999999,6445.16679,66,93906.5,2917.00844,0
1768325400000000,0.0311,0.0311,0.0308,0.0309,254255.3,1768326299999999,7863.12805,68,27837.8,863.21106,0
1768326300000000,0.031,0.0311,0.0309,0.0309,145617.6,1768327199999999,4514.22403,71,121630.7,3770.89723,0
1768327200000000,0.031,0.0311,0.0309,0.0311,106141.9,1768328099999999,3291.12537,66,77187.1,2393.81747,0
1768328100000000,0.0311,0.0311,0.0309,0.031,19883.4,1768328999999999,617.14051,25,8803.2,273.69582,0
1768329000000000,0.031,0.0311,0.0309,0.031,41959.6,1768329899999999,1303.78198,25,37087.2,1152.77092,0
1768329900000000,0.0311,0.0311,0.0309,0.031,52180.5,1768330799999999,1620.32296,25,39049.0,1213.26635,0
1768330800000000,0.0311,0.0311,0.031,0.0311,62156.5,1768331699999999,1928.71748,29,53210.2,1651.38218,0
1768331700000000,0.0311,0.0311,0.031,0.0311,44015.3,1768332599999999,1366.76522,24,22909.2,712.47612,0
1768332600000000,0.031,0.0311,0.031,0.0311,28108.5,1768333499999999,871.99893,20,6354.3,197.61873,0
1768333500000000,0.0311,0.0312,0.0311,0.0312,35056.5,1768334399999999,1091.3186,27,27274.7,849.30462,0
1768334400000000,0.0311,0.0315,0.0311,0.0314,416791.4,1768335299999999,13067.4025,98,170856.6,5349.88667,0
1768335300000000,0.0313,0.0314,0.0313,0.0313,52219.1,1768336199999999,1635.03293,35,5751.0,180.5814,0
1768336200000000,0.0313,0.0314,0.0312,0.0313,142003.4,1768337099999999,4443.94358,78,26958.7,844.44782,0
1768337100000000,0.0313,0.0314,0.0312,0.0312,107865.4,1768337999999999,3379.96506,49,67849.1,2128.86658,0
1768338000000000,0.0312,0.0314,0.0312,0.0314,80958.5,1768338899999999,2529.69299,44,35707.3,1117.75005,0
1768338900000000,0.0313,0.0314,0.0312,0.0312,46800.4,1768339799999999,1462.40316,23,9058.7,283.65106,0
1768339800000000,0.0312,0.0313,0.0312,0.0313,14736.8,1768340699999999,460.48859,16,7004.3,219.23459,0
1768340700000000,0.0313,0.0313,0.0312,0.0313,9064.0,1768341599999999,283.24504,18,4482.4,140.29912,0
1768341600000000,0.0312,0.032,0.0312,0.0315,1698668.4,1768342499999999,53754.24142,351,1118525.1,35389.32476,0
1768342500000000,0.0315,0.0316,0.0313,0.0316,377096.9,1768343399999999,11851.20095,93,206258.9,6492.36759,0
1768343400000000,0.0316,0.0316,0.0314,0.0316,119836.6,1768344299999999,3777.12723,48,39970.7,1261.42184,0
1768344300000000,0.0316,0.0316,0.0315,0.0316,21030.9,1768345199999999,664.16795,23,16946.0,535.4936,0
1768345200000000,0.0315,0.0318,0.0315,0.0318,219468.2,1768346099999999,6939.99094,67,127233.4,4024.9168,0
1768346100000000,0.0317,0.0318,0.0316,0.0316,51681.6,1768346999999999,1635.26862,20,17625.2,558.77443,0
1768347000000000,0.0316,0.0317,0.0315,0.0316,106297.5,1768347899999999,3358.25775,45,39011.6,1233.12446,0
1768347900000000,0.0315,0.0316,0.0315,0.0315,22975.5,1768348799999999,725.06088,27,13326.3,421.11108,0
1768348800000000,0.0316,0.0317,0.0316,0.0317,73151.8,1768349699999999,2315.43284,44,49302.8,1561.80444,0
1768349700000000,0.0317,0.0317,0.0316,0.0316,30694.7,1768350599999999,972.21637,33,22638.5,717.64045,0
1768350600000000,0.0316,0.0317,0.0315,0.0317,184726.9,1768351499999999,5824.06165,54,16152.2,511.21818,0
1768351500000000,0.0317,0.0317,0.0316,0.0316,14845.4,1768352399999999,469.91723,26,8025.9,254.42103,0
1768352400000000,0.0317,0.0319,0.0316,0.0318,343166.2,1768353299999999,10903.69626,91,129796.6,4126.75485,0
1768353300000000,0.0317,0.0319,0.0317,0.0317,41483.3,1768354199999999,1317.06227,30,12081.4,384.4388,0
1768354200000000,0.0317,0.0318,0.0317,0.0318,52865.3,1768355099999999,1678.81445,39,29844.4,949.05192,0
1768355100000000,0.0317,0.0318,0.0317,0.0317,15312.7,1768355999999999,485.69853,19,2859.4,90.92892,0
1768356000000000,0.0317,0.0318,0.0317,0.0317,22699.7,1768356899999999,721.52353,27,19430.4,617.88672,0
1768356900000000,0.0318,0.0318,0.0317,0.0317,7660.7,1768357799999999,243.43513,13,5909.4,187.91892,0
1768357800000000,0.0318,0.0318,0.0317,0.0317,28303.8,1768358699999999,898.91014,45,16796.8,534.13824,0
1768358700000000,0.0318,0.0318,0.0316,0.0317,121353.9,1768359599999999,3843.29939,70,10739.1,340.72015,0
1768359600000000,0.0316,0.0317,0.0316,0.0317,22637.6,1768360499999999,716.33855,36,9903.9,313.95363,0
1768360500000000,0.0316,0.0317,0.0316,0.0316,134783.1,1768361399999999,4261.79019,54,59702.9,1889.25587,0
1768361400000000,0.0316,0.0317,0.0316,0.0317,16682.9,1768362299999999,527.74879,23,5691.5,180.42055,0
1768362300000000,0.0317,0.0318,0.0316,0.0317,34598.6,1768363199999999,1096.02981,28,22607.4,716.65691,0
1768363200000000,0.0317,0.0317,0.0316,0.0317,20831.1,1768364099999999,658.80682,23,5440.6,172.46702,0
1768364100000000,0.0316,0.0317,0.0316,0.0316,14420.1,1768364999999999,456.39093,18,7157.7,226.89909,0
1768365000000000,0.0316,0.0317,0.0316,0.0317,15539.7,1768365899999999,491.96297,16,9084.5,287.97865,0
1768365900000000,0.0317,0.0317,0.0316,0.0316,3468.3,1768366799999999,109.78501,10,1867.3,59.19341,0
1768366800000000,0.0317,0.0317,0.0316,0.0316,16146.3,1768367699999999,510.97209,18,7490.1,237.43617,0
1768367700000000,0.0316,0.0317,0.0315,0.0316,30695.4,1768368599999999,969.93968,28,4125.9,130.53631,0
1768368600000000,0.0315,0.0316,0.0315,0.0316,9177.8,1768369499999999,289.26955,15,1688.5,53.3566,0
1768369500000000,0.0316,0.0316,0.0314,0.0316,40709.1,1768370399999999,1282.24751,29,6887.4,217.64184,0
1768370400000000,0.0315,0.0316,0.0315,0.0316,27085.8,1768371299999999,854.46434,25,12616.4,398.67824,0
1768371300000000,0.0316,0.0316,0.0315,0.0315,13931.5,1768372199999999,439.17273,20,3304.8,104.43168,0
1768372200000000,0.0316,0.0316,0.0315,0.0316,11983.5,1768373099999999,377.66782,15,1875.7,59.27212,0
1768373100000000,0.0316,0.0317,0.0315,0.0316,63708.6,1768373999999999,2013.12664,21,42954.1,1357.3817,0
1768374000000000,0.0317,0.0318,0.0316,0.0317,104754.2,1768374899999999,3319.964,48,37538.7,1190.07996,0
1768374900000000,0.0317,0.0318,0.0316,0.0316,53376.3,1768375799999999,1693.38422,22,16630.5,528.81141,0
1768375800000000,0.0316,0.0317,0.0316,0.0317,7089.5,1768376699999999,224.44086,15,4126.6,130.81322,0
1768376700000000,0.0317,0.0317,0.0316,0.0316,3413.3,1768377599999999,107.96272,11,1024.4,32.47348,0
1768377600000000,0.0316,0.0317,0.0316,0.0317,20528.0,1768378499999999,649.46436,28,7795.6,247.12052,0
1768378500000000,0.0317,0.0317,0.0316,0.0316,6554.0,1768379399999999,207.29799,14,1915.9,60.73403,0
1768379400000000,0.0316,0.0317,0.0316,0.0317,21753.0,1768380299999999,689.01915,20,16243.5,514.91895,0
1768380300000000,0.0317,0.0317,0.0316,0.0316,13096.4,1768381199999999,414.46631,16,6200.7,196.56219,0
1768381200000000,0.0316,0.0317,0.0316,0.0316,81802.0,1768382099999999,2586.06832,41,11251.2,356.66304,0
1768382100000000,0.0317,0.0317,0.0316,0.0317,62085.5,1768382999999999,1963.49788,32,15960.8,505.95736,0
1768383000000000,0.0316,0.0318,0.0316,0.0317,156836.2,1768383899999999,4972.17285,32,97848.0,3102.30627,0
1768383900000000,0.0318,0.0319,0.0317,0.0317,312950.7,1768384799999999,9945.27594,43,171142.1,5448.082,0
1768384800000000,0.0318,0.0318,0.0317,0.0318,87751.3,1768385699999999,2787.65856,34,59423.5,1889.6673,0
1768385700000000,0.0318,0.0318,0.0316,0.0316,247380.0,1768386599999999,7842.2231,27,11050.9,350.63362,0
1768386600000000,0.0316,0.0317,0.0316,0.0317,16463.5,1768387499999999,520.84249,25,5958.9,188.89713,0
1768387500000000,0.0317,0.0318,0.0316,0.0318,53102.5,1768388399999999,1683.62135,27,32872.3,1042.41323,0
1768388400000000,0.0317,0.0318,0.0316,0.0317,107064.6,1768389299999999,3389.40932,50,14624.2,463.94752,0
1768389300000000,0.0317,0.0317,0.0316,0.0317,19666.3,1768390199999999,621.66828,20,2132.0,67.5844,0
1768390200000000,0.0316,0.0317,0.0316,0.0316,40603.6,1768391099999999,1283.22577,28,4763.0,150.66281,0
1768391100000000,0.0316,0.0316,0.0314,0.0314,46397.9,1768391999999999,1461.42386,37,13478.2,424.78664,0
1768392000000000,0.0315,0.0317,0.0315,0.0317,183447.5,1768392899999999,5801.53937,61,149835.1,4739.96604,0
1768392900000000,0.0317,0.0318,0.0316,0.0316,69632.5,1768393799999999,2210.4665,32,58373.7,1854.68842,0
1768393800000000,0.0316,0.0317,0.0315,0.0316,31247.5,1768394699999999,987.27622,28,23357.3,738.24459,0
1768394700000000,0.0316,0.0316,0.0315,0.0315,66482.4,1768395599999999,2094.56148,21,3658.8,115.61808,0
1768395600000000,0.0316,0.0317,0.0315,0.0317,158720.4,1768396499999999,5019.40368,62,152166.6,4812.95898,0
1768396500000000,0.0315,0.0317,0.0315,0.0317,51803.9,1768397399999999,1638.86833,20,26057.6,825.44092,0
1768397400000000,0.0317,0.0317,0.0316,0.0316,18786.8,1768398299999999,594.0167,14,3538.2,112.16094,0
1768398300000000,0.0316,0.0316,0.0315,0.0316,20872.7,1768399199999999,659.09182,20,5208.4,164.58544,0
1768399200000000,0.0315,0.0316,0.0314,0.0315,75089.2,1768400099999999,2364.03067,55,7191.1,227.01415,0
1768400100000000,0.0314,0.0315,0.0313,0.0315,346252.3,1768400999999999,10883.14947,108,247215.7,7771.13031,0
1768401000000000,0.0315,0.0316,0.0315,0.0316,229724.6,1768401899999999,7237.67785,25,225175.5,7094.3812,0
1768401900000000,0.0316,0.0317,0.0316,0.0317,45965.3,1768402799999999,1453.95243,28,37756.8,1194.56383,0
1768402800000000,0.0317,0.0317,0.0315,0.0316,200124.4,1768403699999999,6322.65439,40,39911.9,1261.97874,0
1768403700000000,0.0317,0.0317,0.0316,0.0317,68084.9,1768404599999999,2156.90369,26,54208.5,1718.40945,0
1768404600000000,0.0317,0.0317,0.0315,0.0317,99100.0,1768405499999999,3129.99914,37,71223.9,2251.14477,0
1768405500000000,0.0316,0.0317,0.0316,0.0317,11584.9,1768406399999999,366.59066,18,5078.2,160.97894,0
1768406400000000,0.0316,0.0317,0.0316,0.0317,219233.4,1768407299999999,6949.10202,34,213265.8,6760.52586,0
1768407300000000,0.0317,0.0317,0.0316,0.0316,33165.8,1768408199999999,1050.14562,22,21063.4,667.70978,0
1768408200000000,0.0317,0.0318,0.0317,0.0318,444127.6,1768409099999999,14079.62968,50,348133.3,11036.61037,0
1768409100000000,0.0317,0.0318,0.0316,0.0316,55740.3,1768409999999999,1767.38182,23,5900.5,187.6359,0
1768410000000000,0.0317,0.0318,0.0316,0.0317,41273.3,1768410899999999,1308.82743,29,17782.7,564.33065,0
1768410900000000,0.0316,0.0317,0.0316,0.0317,59868.7,1768411799999999,1896.61866,35,26867.2,851.69024,0
1768411800000000,0.0316,0.0317,0.0315,0.0316,143782.9,1768412699999999,4541.50701,42,5053.0,159.84759,0
1768412700000000,0.0316,0.0316,0.0315,0.0316,10010.7,1768413599999999,316.10287,15,7658.2,241.99912,0
1768413600000000,0.0315,0.0316,0.0315,0.0315,17376.2,1768414499999999,548.5147,16,11644.0,367.9504,0
1768414500000000,0.0315,0.0316,0.0314,0.0315,98493.8,1768415399999999,3103.92661,39,20006.2,631.61092,0
1768415400000000,0.0316,0.0316,0.0314,0.0315,70665.7,1768416299999999,2226.38041,45,25296.5,798.36822,0
1768416300000000,0.0314,0.0315,0.0313,0.0314,128045.2,1768417199999999,4016.75422,40,33702.9,1059.25031,0
1768417200000000,0.0314,0.0315,0.0314,0.0314,104595.3,1768418099999999,3286.38751,64,82232.5,2584.19559,0
1768418100000000,0.0314,0.0315,0.0314,0.0315,136375.2,1768418999999999,4292.19851,54,94322.3,2971.15245,0
1768419000000000,0.0315,0.0316,0.0315,0.0315,28531.1,1768419899999999,899.43993,20,18802.8,592.99848,0
1768419900000000,0.0315,0.0316,0.0314,0.0315,10328.2,1768420799999999,325.512,16,5177.7,163.27373,0
1768420800000000,0.0316,0.0317,0.0315,0.0317,79108.0,1768421699999999,2500.19705,44,63607.7,2010.45488,0
1768421700000000,0.0316,0.0316,0.0315,0.0316,56854.8,1768422599999999,1792.12537,24,4811.8,152.05288,0
1768422600000000,0.0316,0.0316,0.0314,0.0316,208431.3,1768423499999999,6576.83898,48,81158.2,2563.63196,0
1768423500000000,0.0316,0.0316,0.0314,0.0315,124356.3,1768424399999999,3906.97656,32,69289.1,2177.58258,0
1768424400000000,0.0315,0.0315,0.0313,0.0315,49035.3,1768425299999999,1542.15394,33,24542.3,773.08245,0
1768425300000000,0.0315,0.0315,0.0314,0.0315,10031.4,1768426199999999,315.77596,17,7900.0,248.85,0
1768426200000000,0.0314,0.0316,0.0314,0.0315,38800.0,1768427099999999,1222.87786,24,33148.7,1044.93594,0
1768427100000000,0.0315,0.0316,0.0315,0.0315,32589.2,1768427999999999,1028.99649,24,24366.9,769.99404,0
1768428000000000,0.0316,0.0316,0.0315,0.0315,16858.0,1768428899999999,532.15116,17,11241.6,355.23456,0
1768428900000000,0.0315,0.0316,0.0314,0.0314,91037.0,1768429799999999,2867.98404,26,3602.3,113.80754,0
1768429800000000,0.0315,0.0315,0.0314,0.0314,10314.5,1768430699999999,323.94471,9,694.1,21.86415,0
1768430700000000,0.0315,0.0315,0.0314,0.0315,4322.9,1768431599999999,136.03346,9,2944.0,92.736,0
1768431600000000,0.0314,0.0315,0.0314,0.0315,19495.1,1768432499999999,612.57743,20,4312.9,135.85635,0
1768432500000000,0.0315,0.0315,0.0314,0.0315,14843.1,1768433399999999,466.72984,13,6565.0,206.7975,0
1768433400000000,0.0314,0.0315,0.0314,0.0314,6235.1,1768434299999999,196.10596,15,3238.2,102.0033,0
1768434300000000,0.0314,0.0315,0.0314,0.0315,3922.2,1768435199999999,123.40461,9,2475.3,77.97195,0
1768435200000000,0.0314,0.0315,0.0313,0.0314,63628.9,1768436099999999,1998.82392,45,32962.4,1036.40823,0
1768436100000000,0.0315,0.0315,0.0313,0.0314,52205.4,1768436999999999,1640.52698,19,34119.1,1072.94561,0
1768437000000000,0.0314,0.0315,0.0314,0.0314,5288.5,1768437899999999,166.37352,14,3146.2,99.1053,0
1768437900000000,0.0315,0.0315,0.0314,0.0315,7498.2,1768438799999999,236.09446,9,6509.8,205.0587,0
1768438800000000,0.0314,0.0316,0.0314,0.0315,78314.2,1768439699999999,2464.72979,26,45745.4,1441.02013,0
1768439700000000,0.0315,0.0316,0.0314,0.0314,14853.1,1768440599999999,467.39016,17,1067.6,33.68542,0
1768440600000000,0.0315,0.0316,0.0314,0.0315,47934.2,1768441499999999,1508.08207,22,13818.6,435.29421,0
1768441500000000,0.0314,0.0315,0.0314,0.0315,6317.3,1768442399999999,198.64504,13,2818.2,88.7733,0
1768442400000000,0.0314,0.0315,0.0314,0.0314,29080.0,1768443299999999,913.59411,33,10682.5,335.91261,0
1768443300000000,0.0314,0.0314,0.0313,0.0314,24694.5,1768444199999999,773.73817,16,8003.2,251.30048,0
1768444200000000,0.0314,0.0314,0.0313,0.0314,10478.0,1768445099999999,328.7226,17,7612.0,239.0168,0
1768445100000000,0.0313,0.0314,0.0312,0.0313,54593.0,1768445999999999,1706.61512,22,1217.1,38.11498,0
1768446000000000,0.0313,0.0313,0.0311,0.0312,237702.1,1768446899999999,7396.69682,35,11032.0,344.32165,0
1768446900000000,0.0312,0.0312,0.0311,0.0311,9536.0,1768447799999999,296.80545,10,2358.5,73.5852,0
1768447800000000,0.0311,0.0312,0.0308,0.0309,1386913.6,1768448699999999,42998.99168,80,38134.4,1179.00572,0
1768448700000000,0.0308,0.0309,0.0308,0.0309,94216.7,1768449599999999,2905.99282,43,84450.6,2605.19694,0
1768449600000000,0.0309,0.0309,0.0306,0.0309,156022.2,1768450499999999,4795.61076,71,80604.6,2480.37324,0
1768450500000000,0.0308,0.031,0.0308,0.031,23376.5,1768451399999999,722.08223,20,12426.4,384.24975,0
1768451400000000,0.0309,0.031,0.0308,0.031,12074.4,1768452299999999,373.22287,16,1625.1,50.3781,0
1768452300000000,0.031,0.0311,0.0309,0.031,50236.5,1768453199999999,1557.5496,25,43329.0,1343.47412,0
1768453200000000,0.0311,0.0311,0.0309,0.031,67654.7,1768454099999999,2093.62117,28,10949.6,340.13252,0
1768454100000000,0.031,0.0311,0.031,0.0311,16037.9,1768454999999999,497.93843,18,7635.3,237.45783,0
1768455000000000,0.0311,0.0312,0.031,0.0311,180170.3,1768455899999999,5602.77835,23,12616.6,392.50215,0
1768455900000000,0.031,0.0311,0.031,0.031,6141.9,1768456799999999,190.67131,13,2724.1,84.71951,0
1768456800000000,0.0311,0.0311,0.031,0.0311,15876.8,1768457699999999,493.57221,19,13914.1,432.72851,0
1768457700000000,0.0311,0.0311,0.031,0.0311,14065.5,1768458599999999,436.91888,14,8883.8,276.28618,0
1768458600000000,0.031,0.0311,0.031,0.031,20474.8,1768459499999999,634.93739,13,2185.9,67.98149,0
1768459500000000,0.031,0.0311,0.0309,0.0311,76376.2,1768460399999999,2367.68036,26,49120.1,1522.77938,0
1768460400000000,0.0311,0.0311,0.0309,0.0309,34476.4,1768461299999999,1068.47536,35,16963.6,526.36614,0
1768461300000000,0.031,0.0312,0.031,0.0312,103873.8,1768462199999999,3227.65712,40,65800.2,2047.03471,0
1768462200000000,0.0311,0.0313,0.0311,0.0313,29741.5,1768463099999999,928.01962,17,27449.8,856.72578,0
1768463100000000,0.0313,0.0313,0.0312,0.0313,10387.8,1768463999999999,324.9249,18,8255.4,258.39402,0
1768464000000000,0.0313,0.0313,0.0311,0.0311,70983.8,1768464899999999,2215.82643,36,18721.5,585.44943,0
1768464900000000,0.0312,0.0312,0.0311,0.0311,38881.8,1768465799999999,1209.91414,20,6901.6,215.32992,0
1768465800000000,0.0312,0.0312,0.031,0.031,15396.8,1768466699999999,478.87853,26,14219.6,442.38533,0
1768466700000000,0.0311,0.0311,0.031,0.0311,14251.3,1768467599999999,442.17748,16,3871.8,120.41298,0
1768467600000000,0.031,0.0312,0.031,0.0312,91663.4,1768468499999999,2853.30372,47,79982.9,2490.61194,0
1768468500000000,0.0312,0.0312,0.0311,0.0312,9999.8,1768469399999999,311.41673,17,4229.5,131.9604,0
1768469400000000,0.0312,0.0314,0.0311,0.0313,119676.8,1768470299999999,3738.80252,53,104647.4,3270.30033,0
1768470300000000,0.0314,0.0314,0.0312,0.0314,21509.5,1768471199999999,674.19099,20,17145.2,537.71722,0
1768471200000000,0.0313,0.0314,0.0312,0.0312,110713.1,1768472099999999,3459.6574,63,33357.5,1044.7504,0
1768472100000000,0.0313,0.0314,0.0312,0.0313,93775.7,1768472999999999,2934.95385,29,56137.9,1760.09035,0
1768473000000000,0.0312,0.0314,0.0312,0.0312,47059.4,1768473899999999,1474.80479,27,33227.0,1042.65539,0
1768473900000000,0.0312,0.0313,0.0312,0.0313,5163.2,1768474799999999,161.49644,11,4046.0,126.6398,0
1768474800000000,0.0312,0.0314,0.0312,0.0313,80551.1,1768475699999999,2523.36991,46,64377.1,2018.70693,0
1768475700000000,0.0313,0.0314,0.0313,0.0313,32043.0,1768476599999999,1003.80876,24,25635.9,803.26653,0
1768476600000000,0.0313,0.0314,0.0312,0.0312,14321.2,1768477499999999,447.77675,20,4468.6,139.92203,0
1768477500000000,0.0312,0.0313,0.0312,0.0312,4877.3,1768478399999999,152.31216,13,1404.0,43.9452,0
1768478400000000,0.0312,0.0313,0.0311,0.0311,135637.9,1768479299999999,4229.19674,53,44793.3,1397.74418,0
1768479300000000,0.0311,0.0313,0.0311,0.0313,14082.2,1768480199999999,439.4845,19,12447.3,388.63911,0
1768480200000000,0.0312,0.0313,0.0312,0.0312,20435.7,1768481099999999,637.85465,26,2608.1,81.63353,0
1768481100000000,0.0312,0.0313,0.0312,0.0313,6830.7,1768481999999999,213.36933,17,2514.9,78.71637,0
1768482000000000,0.0313,0.0313,0.0312,0.0313,45083.3,1768482899999999,1408.58746,21,19885.0,622.4005,0
1768482900000000,0.0313,0.0313,0.0312,0.0313,19080.6,1768483799999999,596.12192,20,8072.0,252.6536,0
1768483800000000,0.0313,0.0313,0.0312,0.0312,14469.3,1768484699999999,452.32915,15,8869.9,277.62787,0
1768484700000000,0.0312,0.0314,0.0312,0.0313,90447.9,1768485599999999,2830.71296,26,75861.0,2374.50112,0
1768485600000000,0.0313,0.0314,0.0312,0.0313,35660.6,1768486499999999,1116.34698,28,19392.2,607.29709,0
1768486500000000,0.0313,0.0313,0.0312,0.0313,141051.9,1768487399999999,4414.21714,30,26420.7,826.96791,0
1768487400000000,0.0312,0.0313,0.031,0.0311,92075.8,1768488299999999,2869.13102,35,3340.2,104.14258,0
1768488300000000,0.031,0.0311,0.0309,0.031,117062.7,1768489199999999,3632.73019,29,41871.3,1301.6986,0
1768489200000000,0.031,0.0312,0.0309,0.031,75133.0,1768490099999999,2333.67953,40,66497.4,2065.988,0
1768490100000000,0.031,0.0311,0.0309,0.0309,146263.3,1768490999999999,4529.4818,43,46110.3,1429.19592,0
1768491000000000,0.031,0.031,0.0308,0.0308,67845.5,1768491899999999,2096.23329,33,3809.5,118.05838,0
1768491900000000,0.0308,0.0309,0.0305,0.0309,208845.2,1768492799999999,6429.82762,63,109740.0,3381.69234,0
1768492800000000,0.0309,0.031,0.0308,0.0309,40278.1,1768493699999999,1243.98735,39,13847.8,428.7621,0
1768493700000000,0.0308,0.0309,0.0308,0.0309,27121.6,1768494599999999,836.6041,31,10228.8,316.06992,0
1768494600000000,0.0308,0.031,0.0308,0.031,54143.5,1768495499999999,1672.29769,22,43669.1,1349.44618,0
1768495500000000,0.0309,0.031,0.0308,0.031,110482.8,1768496399999999,3408.303,36,23429.2,724.84532,0
1768496400000000,0.0309,0.031,0.0308,0.0308,77313.6,1768497299999999,2387.38432,42,34697.0,1072.55352,0
1768497300000000,0.0309,0.0309,0.0307,0.0307,152161.8,1768498199999999,4676.1191,59,75831.9,2331.51471,0
1768498200000000,0.0307,0.0307,0.0304,0.0306,1296535.0,1768499099999999,39534.05026,165,979560.3,29869.88137,0
1768499100000000,0.0307,0.0307,0.0305,0.0305,130211.9,1768499999999999,3981.41412,33,22593.3,690.75582,0
1768500000000000,0.0305,0.0305,0.0304,0.0304,222176.1,1768500899999999,6759.01335,79,145950.9,4441.76727,0
1768500900000000,0.0304,0.0305,0.0303,0.0305,86875.8,1768501799999999,2645.13621,41,67368.3,2052.33758,0
1768501800000000,0.0305,0.0305,0.0303,0.0304,86445.1,1768502699999999,2630.86619,47,58453.1,1780.2798,0
1768502700000000,0.0304,0.0304,0.0303,0.0303,33310.1,1768503599999999,1009.8304,22,5343.7,162.44848,0
1768503600000000,0.0303,0.0303,0.0302,0.0303,181954.1,1768504499999999,5512.06303,57,41567.7,1259.50131,0
1768504500000000,0.0302,0.0304,0.0302,0.0302,94992.3,1768505399999999,2880.80509,45,85799.1,2602.71828,0
1768505400000000,0.0303,0.0304,0.0302,0.0303,98390.6,1768506299999999,2981.81542,50,68959.3,2090.85947,0
1768506300000000,0.0303,0.0304,0.0303,0.0303,4966.9,1768507199999999,150.71941,11,2223.4,67.59136,0
1768507200000000,0.0303,0.0304,0.0303,0.0303,40116.8,1768508099999999,1218.64965,24,31106.1,945.62544,0
1768508100000000,0.0303,0.0304,0.0303,0.0303,15435.4,1768508999999999,468.03809,20,3454.7,105.02288,0
1768509000000000,0.0304,0.0304,0.0302,0.0303,61620.7,1768509899999999,1869.08691,28,23476.8,713.34414,0
1768509900000000,0.0303,0.0303,0.0302,0.0302,64699.7,1768510799999999,1958.81001,24,48790.7,1478.35821,0
1768510800000000,0.0302,0.0304,0.0302,0.0303,584865.7,1768511699999999,17723.77659,127,278812.6,8465.05759,0
1768511700000000,0.0303,0.0311,0.0303,0.0306,1782943.1,1768512599999999,54956.55201,350,798933.7,24690.85378,0
1768512600000000,0.0307,0.0309,0.0305,0.0306,770806.8,1768513499999999,23606.41172,107,388325.5,11892.34379,0
1768513500000000,0.0306,0.0307,0.0305,0.0305,136366.6,1768514399999999,4166.7876,49,70099.5,2144.55037,0
1768514400000000,0.0306,0.0306,0.0304,0.0305,158992.4,1768515299999999,4851.85825,69,63877.3,1952.35707,0
1768515300000000,0.0305,0.0306,0.0303,0.0305,410657.0,1768516199999999,12502.14681,239,196669.1,5995.14277,0
1768516200000000,0.0305,0.0305,0.0304,0.0305,28081.7,1768517099999999,855.67511,28,19914.3,607.38615,0
1768517100000000,0.0305,0.0306,0.0304,0.0305,91517.5,1768517999999999,2784.85693,32,8150.2,248.75584,0
1768518000000000,0.0305,0.0305,0.0303,0.0305,15584.5,1768518899999999,474.67311,23,9461.2,288.5666,0
1768518900000000,0.0304,0.0305,0.0304,0.0304,5792.5,1768519799999999,176.33167,15,2396.7,73.09935,0
1768519800000000,0.0305,0.0305,0.0304,0.0304,10827.5,1768520699999999,329.54179,14,3857.9,117.66595,0
1768520700000000,0.0305,0.0305,0.0304,0.0304,16365.2,1768521599999999,498.46917,17,9670.9,294.96245,0
1768521600000000,0.0305,0.0305,0.0304,0.0304,66833.4,1768522499999999,2037.25991,48,48906.6,1491.6513,0
1768522500000000,0.0305,0.0307,0.0305,0.0306,161800.8,1768523399999999,4953.4254,88,119899.1,3672.32022,0
1768523400000000,0.0306,0.0307,0.0305,0.0306,25137.1,1768524299999999,768.45356,19,9627.1,294.78278,0
1768524300000000,0.0306,0.0307,0.0305,0.0307,16622.8,1768525199999999,509.12365,24,10976.2,336.38685,0
1768525200000000,0.0306,0.0306,0.0305,0.0306,32472.7,1768526099999999,990.97457,26,3029.1,92.69046,0
1768526100000000,0.0305,0.0306,0.0305,0.0306,12390.4,1768526999999999,378.64114,17,7339.4,224.58564,0
1768527000000000,0.0305,0.0306,0.0305,0.0306,22424.1,1768527899999999,684.41543,33,4803.8,146.99628,0
1768527900000000,0.0305,0.0307,0.0305,0.0307,14749.7,1768528799999999,451.55918,17,10590.6,324.37693,0
1768528800000000,0.0306,0.0306,0.0305,0.0306,22989.2,1768529699999999,702.42139,22,4770.6,145.98036,0
1768529700000000,0.0305,0.0306,0.0305,0.0306,29101.0,1768530599999999,888.89767,20,13171.7,403.05402,0
1768530600000000,0.0307,0.0307,0.0306,0.0306,21052.0,1768531499999999,644.55437,21,9319.0,285.52457,0
1768531500000000,0.0305,0.0307,0.0305,0.0307,18473.0,1768532399999999,565.59369,21,15565.3,476.8027,0
1768532400000000,0.0306,0.0308,0.0306,0.0308,49955.8,1768533299999999,1533.09816,42,42412.8,1302.2304,0
1768533300000000,0.0307,0.0308,0.0307,0.0308,15160.4,1768534199999999,466.67716,21,12528.8,385.88704,0
1768534200000000,0.0307,0.0307,0.0306,0.0307,10461.3,1768535099999999,320.98774,17,7411.1,227.52077,0
1768535100000000,0.0307,0.0307,0.0306,0.0307,3302.7,1768535999999999,101.30853,8,2459.1,75.49437,0
1768536000000000,0.0306,0.0307,0.0306,0.0306,23351.4,1768536899999999,715.00809,18,4552.5,139.76175,0
1768536900000000,0.0306,0.0308,0.0306,0.0308,28981.7,1768537799999999,890.01823,23,22048.0,677.30783,0
1768537800000000,0.0307,0.0308,0.0306,0.0307,78496.4,1768538699999999,2407.58428,24,4020.4,123.64431,0
1768538700000000,0.0307,0.0307,0.0305,0.0305,25646.5,1768539599999999,785.15895,20,6687.3,205.0392,0
1768539600000000,0.0305,0.0307,0.0305,0.0307,51211.7,1768540499999999,1567.48091,32,30593.0,937.10475,0
1768540500000000,0.0306,0.031,0.0306,0.0309,442008.8,1768541399999999,13640.43355,131,319955.9,9873.29207,0
1768541400000000,0.0309,0.031,0.0309,0.031,123146.4,1768542299999999,3814.69869,62,88664.4,2748.5964,0
1768542300000000,0.031,0.031,0.0309,0.031,102848.6,1768543199999999,3185.98381,47,39720.0,1231.32,0
1768543200000000,0.0309,0.031,0.0308,0.0309,100243.4,1768544099999999,3093.58683,36,11227.6,347.56542,0
1768544100000000,0.0308,0.031,0.0308,0.0309,83042.2,1768544999999999,2566.11545,25,78307.6,2420.28977,0
1768545000000000,0.0309,0.0309,0.0308,0.0309,6309.5,1768545899999999,194.92099,13,5883.9,181.81251,0
1768545900000000,0.0309,0.031,0.0309,0.031,68084.9,1768546799999999,2109.05911,26,66690.8,2065.98142,0
1768546800000000,0.031,0.031,0.0308,0.0309,137066.3,1768547699999999,4226.80826,50,11630.3,359.89573,0
1768547700000000,0.0308,0.031,0.0308,0.0309,173352.7,1768548599999999,5362.48098,44,123366.9,3817.97611,0
1768548600000000,0.0309,0.031,0.0308,0.0309,26997.4,1768549499999999,834.21345,32,15254.9,472.06812,0
1768549500000000,0.0309,0.0309,0.0308,0.0309,104028.1,1768550399999999,3205.4182,32,46634.4,1437.69224,0
1768550400000000,0.0308,0.0312,0.0308,0.0312,378964.0,1768551299999999,11771.08755,78,305413.3,9489.54132,0
1768551300000000,0.031,0.0313,0.0309,0.031,461877.9,1768552199999999,14355.53461,83,161364.5,5035.42975,0
1768552200000000,0.031,0.0311,0.0309,0.031,26446.6,1768553099999999,818.53625,27,12772.8,396.01583,0
1768553100000000,0.0309,0.0311,0.0309,0.031,82769.6,1768553999999999,2564.52401,41,16161.6,501.16024,0
1768554000000000,0.031,0.0314,0.0309,0.0309,695840.3,1768554899999999,21688.14779,159,391038.4,12221.70013,0
1768554900000000,0.031,0.031,0.0308,0.0309,18999.3,1768555799999999,587.67107,24,8404.2,260.5302,0
1768555800000000,0.031,0.031,0.0309,0.031,20087.2,1768556699999999,621.4312,21,7367.2,228.3832,0
1768556700000000,0.031,0.0311,0.0309,0.031,210480.2,1768557599999999,6523.56606,35,191479.2,5936.09981,0
1768557600000000,0.0311,0.0311,0.0307,0.0308,360131.8,1768558499999999,11114.5521,94,72673.3,2246.38044,0
1768558500000000,0.0309,0.0309,0.0308,0.0309,29680.6,1768559399999999,916.74991,28,25874.3,799.51587,0
1768559400000000,0.0309,0.0309,0.0308,0.0309,75100.0,1768560299999999,2315.08635,23,71266.4,2197.01147,0
1768560300000000,0.0309,0.0309,0.0307,0.0308,183637.8,1768561199999999,5641.0044,33,8725.6,268.994,0
1768561200000000,0.0308,0.0308,0.0306,0.0308,72674.8,1768562099999999,2231.35407,49,24940.4,766.7867,0
1768562100000000,0.0307,0.0308,0.0306,0.0308,92539.8,1768562999999999,2841.88852,35,66269.1,2035.43804,0
1768563000000000,0.0307,0.0308,0.0307,0.0308,39554.7,1768563899999999,1217.6783,32,33490.1,1031.49508,0
1768563900000000,0.0308,0.0309,0.0307,0.0308,85915.4,1768564799999999,2647.35422,37,61428.2,1893.29121,0
1768564800000000,0.0308,0.0309,0.0307,0.0309,82007.3,1768565699999999,2528.25447,44,59384.5,1832.37392,0
1768565700000000,0.0308,0.0309,0.0308,0.0309,12304.6,1768566599999999,379.32411,21,3424.3,105.81087,0
1768566600000000,0.0308,0.0309,0.0307,0.0308,121682.8,1768567499999999,3738.44332,43,28238.7,868.13625,0
1768567500000000,0.0308,0.0308,0.0307,0.0308,22123.3,1768568399999999,681.21268,11,20273.7,624.42996,0
1768568400000000,0.0307,0.0308,0.0306,0.0307,93886.3,1768569299999999,2878.12615,56,28194.9,865.99493,0
1768569300000000,0.0306,0.0307,0.0306,0.0307,26820.1,1768570199999999,822.2574,29,15623.4,479.63838,0
1768570200000000,0.0306,0.0307,0.0305,0.0307,37553.4,1768571099999999,1149.1713,34,26165.5,801.08502,0
1768571100000000,0.0307,0.0307,0.0305,0.0306,17988.5,1768571999999999,550.27252,21,6107.5,186.94252,0
1768572000000000,0.0305,0.0307,0.0305,0.0306,73084.0,1768572899999999,2237.73349,39,54833.2,1679.49977,0
1768572900000000,0.0305,0.0307,0.0305,0.0306,25132.9,1768573799999999,769.01885,31,11414.2,349.70302,0
1768573800000000,0.0307,0.0307,0.0305,0.0306,42823.5,1768574699999999,1308.26968,28,19307.0,590.97085,0
1768574700000000,0.0306,0.0307,0.0305,0.0306,30334.3,1768575599999999,926.0482,23,4138.8,126.8572,0
1768575600000000,0.0306,0.0306,0.0305,0.0306,66683.0,1768576499999999,2036.21719,41,34656.9,1059.42114,0
1768576500000000,0.0305,0.0306,0.0304,0.0304,17453.4,1768577399999999,531.66641,22,5959.2,181.80541,0
1768577400000000,0.0305,0.0305,0.0301,0.0302,498613.6,1768578299999999,15134.42434,100,112187.2,3401.83297,0
1768578300000000,0.0302,0.0303,0.0301,0.0303,73719.7,1768579199999999,2224.86301,42,58339.2,1761.90996,0
1768579200000000,0.0302,0.0304,0.0302,0.0303,101587.3,1768580099999999,3077.7139,34,92799.4,2811.99255,0
1768580100000000,0.0303,0.0304,0.0302,0.0304,139066.8,1768580999999999,4214.21705,29,122542.5,3713.81441,0
1768581000000000,0.0304,0.0304,0.0301,0.0303,344533.8,1768581899999999,10416.54969,43,53390.5,1618.06914,0
1768581900000000,0.0302,0.0304,0.0302,0.0304,127173.7,1768582799999999,3856.39107,38,115597.0,3506.47361,0
1768582800000000,0.0304,0.0304,0.0302,0.0303,52736.2,1768583699999999,1599.95762,38,35032.8,1064.50243,0
1768583700000000,0.0303,0.0303,0.0302,0.0303,34683.4,1768584599999999,1047.81044,23,3717.6,112.64328,0
1768584600000000,0.0303,0.0304,0.0302,0.0304,33813.2,1768585499999999,1024.54835,23,24581.8,745.30155,0
1768585500000000,0.0303,0.0304,0.0303,0.0303,12271.3,1768586399999999,372.56848,19,7480.9,227.41936,0
1768586400000000,0.0303,0.0305,0.0303,0.0305,210583.1,1768587299999999,6413.50902,42,116567.0,3549.29212,0
1768587300000000,0.0305,0.0305,0.0304,0.0305,23127.2,1768588199999999,703.46872,21,4018.4,122.5612,0
1768588200000000,0.0304,0.0305,0.0304,0.0305,14667.0,1768589099999999,446.85069,24,9738.9,297.03645,0
1768589100000000,0.0305,0.0305,0.0303,0.0303,93171.6,1768589999999999,2833.8051,30,22227.5,677.48023,0
1768590000000000,0.0303,0.0304,0.0303,0.0304,37311.3,1768590899999999,1131.51589,26,9835.0,298.984,0
1768590900000000,0.0303,0.0304,0.0302,0.0303,98207.6,1768591799999999,2974.66771,32,62184.7,1884.23401,0
1768591800000000,0.0302,0.0304,0.0302,0.0304,71000.0,1768592699999999,2151.81896,23,59908.1,1815.94231,0
1768592700000000,0.0304,0.0305,0.0303,0.0304,140643.5,1768593599999999,4282.11548,30,123302.2,3754.97888,0
1768593600000000,0.0305,0.0307,0.0304,0.0305,133260.0,1768594499999999,4076.0067,53,124847.9,3819.56303,0
1768594500000000,0.0306,0.0307,0.0306,0.0307,40168.7,1768595399999999,1231.93245,33,36332.8,1114.55391,0
1768595400000000,0.0306,0.0308,0.0306,0.0308,119251.9,1768596299999999,3656.17678,30,14315.4,439.93154,0
1768596300000000,0.0307,0.0309,0.0307,0.0309,29604.0,1768597199999999,911.72762,24,11056.3,340.71431,0
1768597200000000,0.0308,0.0309,0.0307,0.0308,237656.9,1768598099999999,7318.88618,42,22114.2,681.22614,0
1768598100000000,0.0308,0.0309,0.0307,0.0307,38037.3,1768598999999999,1169.1937,28,13149.2,405.12903,0
1768599000000000,0.0308,0.0309,0.0307,0.0309,29556.9,1768599899999999,911.18203,33,18126.3,559.27222,0
1768599900000000,0.0309,0.0309,0.0308,0.0308,13070.5,1768600799999999,403.47713,18,9057.3,279.87057,0
1768600800000000,0.0309,0.0309,0.0307,0.0308,69163.4,1768601699999999,2129.63656,43,21115.9,651.05484,0
1768601700000000,0.0308,0.0309,0.0308,0.0309,33647.7,1768602599999999,1036.98037,26,15602.8,481.19745,0
1768602600000000,0.0309,0.0309,0.0308,0.0309,16716.3,1768603499999999,516.16642,19,13043.8,403.05342,0
1768603500000000,0.0309,0.0309,0.0308,0.0309,8714.0,1768604399999999,269.24426,14,8530.6,263.59554,0
1768604400000000,0.0309,0.0309,0.0308,0.0309,34833.6,1768605299999999,1074.87715,33,20022.7,618.70143,0
1768605300000000,0.0308,0.031,0.0308,0.0309,104945.2,1768606199999999,3242.61884,34,92825.5,2868.53461,0
1768606200000000,0.031,0.031,0.031,0.031,16322.6,1768607099999999,506.0006,20,16322.6,506.0006,0
1768607100000000,0.031,0.031,0.0309,0.031,5721.9,1768607999999999,177.34097,11,5342.6,165.6206,0
1768608000000000,0.031,0.031,0.0308,0.031,73002.3,1768608899999999,2254.94861,52,38483.2,1190.67508,0
1768608900000000,0.0309,0.031,0.0308,0.0309,120962.8,1768609799999999,3730.33375,49,12057.2,373.08865,0
1768609800000000,0.0309,0.0309,0.0308,0.0309,31770.7,1768610699999999,981.50211,30,29645.5,916.04595,0
1768610700000000,0.0309,0.0309,0.0308,0.0309,11002.9,1768611599999999,339.94961,15,10602.9,327.62961,0
1768611600000000,0.0309,0.031,0.0309,0.031,27466.6,1768612499999999,850.5141,27,18132.0,562.07496,0
1768612500000000,0.0309,0.031,0.0309,0.031,39147.2,1768613399999999,1209.91902,23,2705.4,83.8674,0
1768613400000000,0.031,0.031,0.0309,0.0309,46816.6,1768614299999999,1449.34023,20,27072.9,839.2599,0
1768614300000000,0.031,0.031,0.0309,0.031,3409.1,1768615199999999,105.59528,9,2540.9,78.7679,0
1768615200000000,0.031,0.031,0.0309,0.031,144012.8,1768616099999999,4463.01929,50,130237.7,4037.3687,0
1768616100000000,0.0309,0.031,0.0309,0.0309,50288.0,1768616999999999,1554.99133,30,10921.3,338.5603,0
1768617000000000,0.0309,0.0309,0.0308,0.0308,38278.3,1768617899999999,1182.35641,16,3952.2,122.12298,0
1768617900000000,0.0309,0.031,0.0308,0.0309,14226.6,1768618799999999,438.95202,12,3688.9,114.0942,0
1768618800000000,0.0309,0.031,0.0308,0.0309,93494.6,1768619699999999,2892.93563,43,79271.9,2453.64646,0
1768619700000000,0.0309,0.031,0.0309,0.0309,2928.2,1768620599999999,90.53459,9,2185.2,67.57589,0
1768620600000000,0.031,0.031,0.0308,0.0308,64362.9,1768621499999999,1987.7427,21,9124.3,282.8533,0
1768621500000000,0.0308,0.0309,0.0308,0.0309,2966.8,1768622399999999,91.60304,5,2256.0,69.7104,0
1768622400000000,0.0309,0.031,0.0308,0.0309,48251.9,1768623299999999,1491.41137,33,35908.9,1110.19889,0
1768623300000000,0.0309,0.0309,0.0308,0.0308,4650.8,1768624199999999,143.45458,11,2099.4,64.87146,0
1768624200000000,0.0309,0.0309,0.0308,0.0308,17812.8,1768625099999999,549.28753,20,5296.7,163.66803,0
1768625100000000,0.0308,0.031,0.0308,0.031,12546.8,1768625999999999,387.695,13,11394.1,352.17267,0
1768626000000000,0.031,0.031,0.0309,0.0309,64836.7,1768626899999999,2008.93632,23,54822.9,1699.5099,0
1768626900000000,0.0309,0.031,0.0309,0.031,3135.2,1768627799999999,96.98663,6,1089.5,33.7745,0
1768627800000000,0.031,0.031,0.0308,0.031,65856.8,1768628699999999,2030.57002,24,11714.9,362.22952,0
1768628700000000,0.0309,0.031,0.0308,0.0309,131258.4,1768629599999999,4056.24457,35,77769.7,2407.6417,0
1768629600000000,0.0309,0.031,0.0309,0.0309,26619.3,1768630499999999,824.99201,25,24556.4,761.2484,0
1768630500000000,0.0309,0.0311,0.0309,0.0309,110082.3,1768631399999999,3409.41954,32,71130.4,2205.06504,0
1768631400000000,0.031,0.0311,0.0309,0.031,128919.7,1768632299999999,4003.8599,23,105298.4,3272.88727,0
1768632300000000,0.0309,0.0311,0.0309,0.031,114341.9,1768633199999999,3544.27349,20,49897.3,1547.03105,0
1768633200000000,0.031,0.031,0.0309,0.031,41239.2,1768634099999999,1276.48204,29,21907.6,679.1356,0
1768634100000000,0.0309,0.031,0.0309,0.0309,8685.5,1768634999999999,268.4617,13,797.5,24.7225,0
1768635000000000,0.0309,0.031,0.0309,0.0309,44417.2,1768635899999999,1372.63136,21,1398.8,43.3628,0
1768635900000000,0.031,0.031,0.0309,0.031,42002.1,1768636799999999,1298.2832,18,4183.1,129.6761,0
1768636800000000,0.031,0.031,0.0309,0.031,82354.7,1768637699999999,2545.74641,38,9861.8,305.7158,0
1768637700000000,0.031,0.031,0.0309,0.031,40752.1,1768638599999999,1262.87947,16,36395.8,1128.2698,0
1768638600000000,0.0309,0.031,0.0309,0.031,84961.9,1768639499999999,2633.15425,28,49040.4,1520.2524,0
1768639500000000,0.0311,0.0311,0.0309,0.0311,155452.3,1768640399999999,4830.53596,25,131429.3,4086.15881,0
1768640400000000,0.031,0.0312,0.0309,0.0312,280641.9,1768641299999999,8708.98694,77,219653.9,6821.25878,0
1768641300000000,0.0311,0.0312,0.031,0.0311,60878.0,1768642199999999,1891.82195,32,35209.5,1095.1556,0
1768642200000000,0.0311,0.0312,0.031,0.031,293992.4,1768643099999999,9141.77369,66,175332.5,5456.49176,0
1768643100000000,0.0311,0.0311,0.031,0.0311,18922.6,1768643999999999,588.42494,17,18243.4,567.36974,0
1768644000000000,0.0311,0.0312,0.031,0.0311,155493.9,1768644899999999,4838.21641,46,143637.2,4470.57788,0
1768644900000000,0.0312,0.0312,0.0311,0.0311,44447.2,1768645799999999,1385.74426,24,34363.4,1072.13808,0
1768645800000000,0.0311,0.0312,0.0311,0.0311,12837.2,1768646699999999,400.11626,19,8793.4,274.35408,0
1768646700000000,0.0311,0.0312,0.0311,0.0311,9501.0,1768647599999999,296.05007,19,5689.7,177.51864,0
1768647600000000,0.0312,0.0312,0.031,0.0312,185662.4,1768648499999999,5783.12204,64,119950.3,3739.99003,0
1768648500000000,0.0312,0.0312,0.0311,0.0311,10898.4,1768649399999999,339.73933,16,7990.9,249.31608,0
1768649400000000,0.0312,0.0312,0.031,0.0311,135640.5,1768650299999999,4214.13942,49,33912.6,1056.58752,0
1768650300000000,0.0311,0.0311,0.031,0.0311,5748.3,1768651199999999,178.59043,12,3931.3,122.26343,0
1768651200000000,0.0311,0.0311,0.031,0.0311,57928.5,1768652099999999,1797.69531,29,19118.1,594.57291,0
1768652100000000,0.0311,0.0312,0.031,0.0312,27508.8,1768652999999999,855.5289,15,26706.1,830.6452,0
1768653000000000,0.0311,0.0313,0.0311,0.0312,26474.7,1768653899999999,825.61427,24,14463.8,451.29221,0
1768653900000000,0.0312,0.0313,0.0311,0.0313,37621.9,1768654799999999,1173.23856,21,11320.9,353.78227,0
1768654800000000,0.0313,0.0313,0.0312,0.0313,68495.2,1768655699999999,2143.50504,26,64548.0,2020.3524,0
1768655700000000,0.0312,0.0313,0.0312,0.0312,12146.1,1768656599999999,379.34605,20,3877.3,121.35949,0
1768656600000000,0.0313,0.0313,0.0312,0.0313,11006.5,1768657499999999,344.32203,30,9192.3,287.71899,0
1768657500000000,0.0313,0.0314,0.0312,0.0312,94925.4,1768658399999999,2969.05098,42,24896.3,779.29783,0
1768658400000000,0.0313,0.0314,0.0312,0.0312,21461.2,1768659299999999,670.99745,23,13169.8,412.30577,0
1768659300000000,0.0313,0.0314,0.0312,0.0312,116658.5,1768660199999999,3651.94768,37,25149.9,787.95899,0
1768660200000000,0.0312,0.0314,0.0312,0.0313,880142.1,1768661099999999,27609.30742,80,381438.3,11963.48166,0
1768661100000000,0.0314,0.0315,0.0313,0.0313,90736.0,1768661999999999,2851.76222,39,50616.3,1592.02211,0
1768662000000000,0.0314,0.032,0.0313,0.0315,1695347.6,1768662899999999,53619.82467,409,900672.2,28511.7754,0
1768662900000000,0.0315,0.0315,0.0313,0.0314,442110.8,1768663799999999,13879.06422,110,238778.8,7501.64111,0
1768663800000000,0.0315,0.0315,0.0313,0.0314,136637.4,1768664699999999,4299.58119,52,99762.9,3142.39125,0
1768664700000000,0.0314,0.0315,0.0314,0.0314,59983.6,1768665599999999,1886.12104,22,26360.0,830.34,0
1768665600000000,0.0314,0.0316,0.0314,0.0315,331052.8,1768666499999999,10439.70836,88,238617.1,7526.36621,0
1768666500000000,0.0315,0.0316,0.0313,0.0314,224158.1,1768667399999999,7052.92697,57,30483.6,962.42474,0
1768667400000000,0.0314,0.0314,0.0313,0.0314,86861.7,1768668299999999,2722.80523,52,40340.2,1266.68228,0
1768668300000000,0.0313,0.0314,0.0311,0.0312,999954.4,1768669199999999,31270.11432,143,629804.4,19712.65371,0
1768669200000000,0.0313,0.0313,0.0311,0.0313,498854.7,1768670099999999,15599.18422,84,284896.2,8917.25106,0
1768670100000000,0.0313,0.0313,0.0312,0.0312,31678.4,1768670999999999,990.39666,22,20305.8,635.57154,0
1768671000000000,0.0312,0.0312,0.031,0.0311,971396.4,1768671899999999,30161.91189,110,244584.4,7601.93128,0
1768671900000000,0.0311,0.0311,0.031,0.031,8972.3,1768672799999999,278.41184,13,2705.4,84.13794,0
1768672800000000,0.0311,0.0311,0.031,0.031,44288.0,1768673699999999,1375.20549,32,22774.9,708.29939,0
1768673700000000,0.0311,0.0311,0.031,0.0311,24455.4,1768674599999999,758.80766,26,6902.6,214.67086,0
1768674600000000,0.0311,0.0311,0.0309,0.0311,146372.7,1768675499999999,4537.84237,66,109294.8,3388.97591,0
1768675500000000,0.0309,0.0311,0.0309,0.0311,74993.5,1768676399999999,2325.24488,29,67332.4,2088.3185,0
1768676400000000,0.031,0.0311,0.031,0.0311,19021.8,1768677299999999,590.83825,27,11624.5,361.52195,0
1768677300000000,0.031,0.0311,0.031,0.031,24625.6,1768678199999999,765.29639,22,19027.9,591.76769,0
1768678200000000,0.031,0.0311,0.031,0.031,34951.3,1768679099999999,1083.79241,15,3021.1,93.95621,0
1768679100000000,0.0311,0.0311,0.031,0.031,9696.1,1768679999999999,301.13828,18,5591.8,173.90498,0
1768680000000000,0.031,0.0311,0.031,0.0311,203596.4,1768680899999999,6313.63394,44,34827.8,1081.80734,0
1768680900000000,0.031,0.0316,0.031,0.0316,1069873.5,1768681799999999,33518.02113,207,652947.4,20413.37255,0
1768681800000000,0.0314,0.0319,0.0313,0.0317,4007901.5,1768682699999999,126676.91259,643,2299763.2,72684.2138,0
1768682700000000,0.0317,0.032,0.0313,0.0318,3067670.4,1768683599999999,97188.30183,400,1354624.5,42949.62047,0
1768683600000000,0.0318,0.0319,0.0313,0.0314,1641576.3,1768684499999999,51938.86127,236,581846.5,18405.65043,0
1768684500000000,0.0314,0.0316,0.0313,0.0315,414657.8,1768685399999999,13047.90778,91,242621.0,7641.76836,0
1768685400000000,0.0315,0.0316,0.0313,0.0315,314756.2,1768686299999999,9884.84936,70,94019.5,2953.65844,0
1768686300000000,0.0315,0.0316,0.0313,0.0316,389946.3,1768687199999999,12280.91633,118,240615.5,7588.1911,0
1768687200000000,0.0315,0.0316,0.0314,0.0315,283235.6,1768688099999999,8923.50563,81,144757.9,4564.03109,0
1768688100000000,0.0316,0.0316,0.0311,0.0312,479433.5,1768688999999999,15014.37596,82,117390.7,3672.63427,0
1768689000000000,0.0312,0.0312,0.0309,0.031,232859.8,1768689899999999,7236.22501,71,170516.2,5301.27232,0
1768689900000000,0.0311,0.0311,0.0309,0.031,99164.1,1768690799999999,3075.09665,30,42773.5,1327.05327,0
1768690800000000,0.0311,0.0312,0.031,0.0311,112787.9,1768691699999999,3515.52604,48,91050.2,2839.97638,0
1768691700000000,0.0312,0.0313,0.0311,0.0311,242895.1,1768692599999999,7577.34052,46,156814.5,4892.687,0
1768692600000000,0.0312,0.0312,0.031,0.0311,175302.1,1768693499999999,5460.7006,49,92523.8,2886.74256,0
1768693500000000,0.0312,0.0312,0.0311,0.0312,95705.4,1768694399999999,2985.10939,32,83282.5,2598.414,0
1768694400000000,0.0313,0.0313,0.0312,0.0313,35427.2,1768695299999999,1106.77109,34,14424.5,451.48685,0
1768695300000000,0.0312,0.0313,0.031,0.0312,306714.6,1768696199999999,9561.15028,79,132152.0,4131.06948,0
1768696200000000,0.0311,0.0312,0.0311,0.0312,49436.3,1768697099999999,1538.35645,30,8875.2,276.90624,0
1768697100000000,0.0312,0.0312,0.031,0.031,23114.8,1768697999999999,718.69499,23,7280.2,227.14224,0
1768698000000000,0.0311,0.0311,0.0309,0.031,208815.0,1768698899999999,6475.61653,56,72440.5,2249.53054,0
1768698900000000,0.0309,0.031,0.0308,0.031,129419.4,1768699799999999,4004.28122,37,52540.1,1628.7431,0
1768699800000000,0.031,0.031,0.0308,0.0309,330644.9,1768700699999999,10219.86979,66,233950.3,7232.47422,0
1768700700000000,0.031,0.031,0.0308,0.031,64391.3,1768701599999999,1993.64887,39,40745.2,1263.1012,0
1768701600000000,0.031,0.031,0.0308,0.031,93254.1,1768702499999999,2881.29624,40,67520.1,2086.80882,0
1768702500000000,0.0309,0.031,0.0308,0.0308,17606.4,1768703399999999,543.748,24,3580.6,110.9986,0
1768703400000000,0.0308,0.0309,0.0308,0.0309,44331.5,1768704299999999,1367.87466,36,24644.6,761.51814,0
1768704300000000,0.0308,0.0309,0.0308,0.0309,10220.3,1768705199999999,314.99233,16,2070.9,63.99081,0
1768705200000000,0.0308,0.0309,0.0307,0.0309,203570.0,1768706099999999,6263.69922,60,39837.5,1228.85611,0
1768706100000000,0.0308,0.0309,0.0307,0.0308,24016.1,1768706999999999,741.1822,19,20444.0,631.1796,0
1768707000000000,0.0308,0.031,0.0308,0.031,100283.4,1768707899999999,3100.28686,34,89519.7,2767.75472,0
1768707900000000,0.0309,0.031,0.0309,0.031,17724.2,1768708799999999,548.34584,22,6680.6,207.0986,0
1768708800000000,0.0309,0.0309,0.0307,0.0307,38227.8,1768709699999999,1180.05741,28,29518.8,912.13092,0
1768709700000000,0.0309,0.0309,0.0307,0.0308,146105.0,1768710599999999,4510.519,35,137674.8,4251.10152,0
1768710600000000,0.0308,0.0309,0.0308,0.0309,17058.9,1768711499999999,526.45154,31,10374.2,320.56278,0
1768711500000000,0.0308,0.0309,0.0307,0.0309,81828.7,1768712399999999,2518.75384,33,6625.8,204.73722,0
1768712400000000,0.0308,0.0309,0.0308,0.0309,18840.2,1768713299999999,580.9686,26,6904.4,213.34596,0
1768713300000000,0.0308,0.0309,0.0308,0.0309,25076.5,1768714199999999,774.12002,17,17638.2,545.02038,0
1768714200000000,0.0309,0.0309,0.0308,0.0309,27963.3,1768715099999999,863.72017,22,24505.3,757.21377,0
1768715100000000,0.0308,0.0309,0.0308,0.0308,8393.7,1768715999999999,259.00842,15,4824.6,149.08014,0
1768716000000000,0.0309,0.0309,0.0308,0.0309,66195.9,1768716899999999,2044.78299,50,59492.7,1838.32443,0
1768716900000000,0.0308,0.0309,0.0307,0.0309,46446.1,1768717799999999,1433.82367,36,35633.0,1101.0597,0
1768717800000000,0.0308,0.0309,0.0308,0.0308,9730.8,1768718699999999,300.06503,19,3563.9,110.12451,0
1768718700000000,0.0309,0.031,0.0308,0.0309,157909.0,1768719599999999,4890.08066,51,125402.2,3885.51032,0
1768719600000000,0.0309,0.031,0.0308,0.0308,79644.9,1768720499999999,2460.70281,46,3512.2,108.74611,0
1768720500000000,0.0308,0.0309,0.0308,0.0309,16307.5,1768721399999999,502.82048,23,5494.8,169.78932,0
1768721400000000,0.0308,0.0309,0.0308,0.0308,46570.4,1768722299999999,1434.78053,22,4122.1,127.37289,0
1768722300000000,0.0309,0.0309,0.0308,0.0309,161677.0,1768723199999999,4980.42863,36,99779.8,3073.99487,0
1768723200000000,0.0308,0.0309,0.0308,0.0308,26246.9,1768724099999999,809.10903,25,7045.1,217.69359,0
1768724100000000,0.0309,0.0309,0.0308,0.0309,13936.0,1768724999999999,430.12488,17,8960.8,276.88872,0
1768725000000000,0.0308,0.031,0.0308,0.031,44817.4,1768725899999999,1386.16468,32,32322.2,1001.02944,0
1768725900000000,0.0309,0.031,0.0309,0.031,14347.7,1768726799999999,444.42261,20,10786.8,334.3908,0
1768726800000000,0.0309,0.031,0.0309,0.0309,101081.1,1768727699999999,3123.86281,35,4568.2,141.6142,0
1768727700000000,0.0309,0.0311,0.0309,0.031,59773.5,1768728599999999,1853.10039,37,46535.8,1443.302,0
1768728600000000,0.031,0.0311,0.031,0.031,56530.0,1768729499999999,1754.7753,43,23453.0,729.3883,0
1768729500000000,0.0311,0.0316,0.0311,0.0312,1648266.1,1768730399999999,51789.77885,304,742062.2,23354.87531,0
1768730400000000,0.0312,0.0313,0.0309,0.0311,648520.5,1768731299999999,20135.75767,171,186187.9,5791.93159,0
1768731300000000,0.0311,0.0312,0.0309,0.031,156445.7,1768732199999999,4860.70499,57,96102.4,2989.59111,0
1768732200000000,0.0311,0.0311,0.0309,0.0311,239689.6,1768733099999999,7428.73789,81,149397.0,4632.7431,0
1768733100000000,0.031,0.0311,0.0309,0.0311,256226.4,1768733999999999,7945.55679,51,229982.9,7132.0982,0
1768734000000000,0.0311,0.0315,0.031,0.0312,972629.5,1768734899999999,30414.63302,154,592285.1,18503.78464,0
1768734900000000,0.0312,0.0316,0.0312,0.0315,727181.0,1768735799999999,22888.53719,141,558909.7,17598.2871,0
1768735800000000,0.0316,0.032,0.0312,0.0312,3424616.8,1768736699999999,108610.8223,429,1802265.9,57330.03979,0
1768736700000000,0.0312,0.0313,0.0311,0.0313,97851.4,1768737599999999,3054.08556,43,39999.6,1249.31981,0
1768737600000000,0.0313,0.0313,0.0311,0.0313,306895.7,1768738499999999,9585.18975,96,138820.2,4341.47376,0
1768738500000000,0.0313,0.0314,0.0312,0.0313,264608.7,1768739399999999,8280.38237,98,230088.9,7202.58923,0
1768739400000000,0.0314,0.0314,0.0312,0.0313,594201.6,1768740299999999,18558.8506,92,236383.5,7390.30405,0
1768740300000000,0.0313,0.0314,0.0312,0.0314,435393.4,1768741199999999,13626.58888,69,418242.6,13090.55605,0
1768741200000000,0.0314,0.0316,0.0311,0.0312,661280.1,1768742099999999,20720.83309,136,323495.4,10149.85643,0
1768742100000000,0.0312,0.0313,0.0311,0.0312,82845.9,1768742999999999,2587.08555,41,53528.5,1672.66826,0
1768743000000000,0.0311,0.0314,0.0311,0.0314,165048.8,1768743899999999,5166.83078,60,140672.0,4405.87698,0
1768743900000000,0.0313,0.0314,0.0312,0.0313,54785.7,1768744799999999,1713.29144,47,19972.6,625.55037,0
1768744800000000,0.0312,0.0314,0.0311,0.0313,346706.2,1768745699999999,10833.2317,87,280108.4,8754.75471,0
1768745700000000,0.0313,0.0314,0.0312,0.0313,270837.9,1768746599999999,8466.42802,62,146834.3,4596.25118,0
1768746600000000,0.0313,0.0313,0.0311,0.0312,251101.3,1768747499999999,7836.63946,55,102159.5,3190.02706,0
1768747500000000,0.0312,0.0314,0.0312,0.0313,334226.2,1768748399999999,10459.91795,87,300871.3,9416.41738,0
1768748400000000,0.0313,0.0313,0.0312,0.0312,235537.4,1768749299999999,7354.63797,64,107529.8,3360.80085,0
1768749300000000,0.0312,0.0313,0.0311,0.0312,233376.0,1768750199999999,7283.06356,53,178941.5,5585.17423,0
1768750200000000,0.0312,0.0313,0.0311,0.0313,82780.4,1768751099999999,2582.79008,34,52858.8,1649.58496,0
1768751100000000,0.0312,0.0313,0.0312,0.0313,10390.0,1768751999999999,324.62705,25,4590.5,143.68265,0
1768752000000000,0.0312,0.0313,0.0312,0.0313,49828.2,1768752899999999,1556.04563,32,14057.9,440.01227,0
1768752900000000,0.0312,0.0313,0.0312,0.0313,55481.7,1768753799999999,1734.5429,35,35138.6,1099.83818,0
1768753800000000,0.0312,0.0313,0.0312,0.0312,33624.9,1768754699999999,1049.54752,36,4506.4,141.05032,0
1768754700000000,0.0312,0.0313,0.0311,0.0311,121127.7,1768755599999999,3780.9176,55,17596.5,550.77045,0
1768755600000000,0.0311,0.0312,0.0311,0.0311,100235.6,1768756499999999,3121.46398,64,41368.2,1290.68784,0
1768756500000000,0.0311,0.0312,0.0311,0.0311,276436.1,1768757399999999,8600.34164,81,76812.0,2392.03213,0
1768757400000000,0.0311,0.0312,0.0311,0.0311,68243.7,1768758299999999,2126.68825,66,43091.8,1344.46416,0
1768758300000000,0.0311,0.0312,0.0311,0.0311,96367.8,1768759199999999,3005.13422,70,80956.4,2525.83968,0
1768759200000000,0.0311,0.0312,0.031,0.0312,79883.5,1768760099999999,2485.31429,69,12062.1,376.33752,0
1768760100000000,0.0311,0.0313,0.0311,0.0313,162975.8,1768760999999999,5087.29198,46,157438.9,4914.9179,0
1768761000000000,0.0312,0.0319,0.0312,0.0316,3147641.1,1768761899999999,99684.36065,335,1615242.9,51159.07807,0
1768761900000000,0.0316,0.0316,0.0313,0.0314,633690.9,1768762799999999,19913.05188,107,253939.1,7973.80489,0
1768762800000000,0.0314,0.0315,0.0313,0.0314,398117.6,1768763699999999,12494.85873,68,254522.2,7992.61041,0
1768763700000000,0.0314,0.0316,0.0313,0.0315,296462.3,1768764599999999,9335.78357,82,221438.3,6973.94708,0
1768764600000000,0.0315,0.0316,0.0314,0.0315,341904.8,1768765499999999,10772.78382,87,204832.5,6455.25034,0
1768765500000000,0.0315,0.0317,0.0314,0.0316,374253.5,1768766399999999,11804.32764,58,250778.9,7915.19545,0
1768766400000000,0.0316,0.0316,0.0313,0.0313,723769.0,1768767299999999,22777.51258,122,273642.6,8619.71599,0
1768767300000000,0.0313,0.0315,0.0313,0.0314,289918.6,1768768199999999,9103.55622,78,163415.3,5132.48063,0
1768768200000000,0.0313,0.0314,0.0312,0.0314,604697.3,1768769099999999,18901.44686,75,259099.9,8112.73673,0
1768769100000000,0.0314,0.0315,0.0313,0.0313,330301.2,1768769999999999,10361.60432,47,172681.5,5422.85623,0
1768770000000000,0.0313,0.0313,0.0312,0.0312,37701.1,1768770899999999,1177.15461,25,8802.9,275.53077,0
1768770900000000,0.0313,0.0313,0.0312,0.0313,54184.1,1768771799999999,1691.51186,20,9679.4,302.96522,0
1768771800000000,0.0313,0.0313,0.0312,0.0313,10000.9,1768772699999999,312.41368,18,3856.0,120.6928,0
1768772700000000,0.0312,0.0313,0.0312,0.0313,22710.0,1768773599999999,709.33679,23,7847.9,245.63927,0
1768773600000000,0.0313,0.0313,0.0312,0.0313,211966.0,1768774499999999,6633.46008,41,196906.5,6163.17345,0
1768774500000000,0.0312,0.0313,0.0312,0.0313,26491.0,1768775399999999,827.95881,20,14396.1,450.59793,0
1768775400000000,0.0312,0.0313,0.0312,0.0312,21332.8,1768776299999999,667.18196,14,15986.0,500.3618,0
1768776300000000,0.0312,0.0313,0.0312,0.0313,7852.0,1768777199999999,245.32825,17,3458.5,108.25105,0
1768777200000000,0.0312,0.0313,0.0311,0.0311,252275.2,1768778099999999,7856.98222,60,34487.5,1073.4949,0
1768778100000000,0.0311,0.0312,0.031,0.0311,233091.2,1768778999999999,7235.80017,47,6411.1,199.56583,0
1768779000000000,0.031,0.031,0.0308,0.0308,499547.1,1768779899999999,15445.56098,99,92697.4,2865.7629,0
1768779900000000,0.0308,0.0309,0.0306,0.0308,474796.4,1768780799999999,14587.97329,115,220138.7,6779.52431,0
1768780800000000,0.0306,0.0308,0.03,0.0302,2458308.6,1768781699999999,74654.53153,494,973198.7,29577.29025,0
1768781700000000,0.0302,0.0303,0.03,0.0301,669852.1,1768782599999999,20151.3078,151,333597.3,10046.98589,0
1768782600000000,0.03,0.0301,0.0298,0.0299,277884.0,1768783499999999,8317.49242,117,177384.1,5309.59483,0
1768783500000000,0.03,0.03,0.0299,0.0299,112669.6,1768784399999999,3373.88918,69,50681.4,1520.442,0
1768784400000000,0.0299,0.03,0.0299,0.03,121640.9,1768785299999999,3640.56781,60,35049.0,1051.47,0
1768785300000000,0.03,0.03,0.0299,0.0299,132017.5,1768786199999999,3957.58935,52,102661.0,3079.83,0
1768786200000000,0.03,0.03,0.0299,0.0299,48560.9,1768787099999999,1454.75272,42,27818.1,834.543,0
1768787100000000,0.0299,0.03,0.0298,0.0298,57964.6,1768787999999999,1731.78533,38,4970.3,148.79155,0
1768788000000000,0.0298,0.0299,0.0298,0.0298,39585.5,1768788899999999,1179.95775,37,3098.5,92.64515,0
1768788900000000,0.0298,0.0299,0.0298,0.0298,167255.7,1768789799999999,4987.68935,66,126151.5,3762.78419,0
1768789800000000,0.0299,0.03,0.0298,0.0299,238638.4,1768790699999999,7126.42499,51,132057.7,3949.55592,0
1768790700000000,0.03,0.03,0.0299,0.0299,30294.3,1768791599999999,906.09214,30,2925.7,87.771,0
1768791600000000,0.0299,0.03,0.0298,0.0298,223987.0,1768792499999999,6679.07649,92,64653.4,1929.76142,0
1768792500000000,0.0298,0.0299,0.0298,0.0298,17109.9,1768793399999999,510.38328,28,5082.6,151.96974,0
1768793400000000,0.0299,0.0299,0.0298,0.0298,24351.4,1768794299999999,726.71367,30,10419.5,311.54305,0
1768794300000000,0.0299,0.0299,0.0298,0.0298,20271.0,1768795199999999,604.3857,23,3099.0,92.6601,0
1768795200000000,0.0298,0.03,0.0297,0.03,347112.0,1768796099999999,10354.42739,82,192433.0,5747.44014,0
1768796100000000,0.0299,0.03,0.0299,0.0299,21615.7,1768796999999999,646.93777,28,6283.4,188.502,0
1768797000000000,0.0299,0.0301,0.0299,0.03,140916.7,1768797899999999,4226.89771,60,104923.6,3149.89244,0
1768797900000000,0.03,0.0301,0.03,0.03,8912.3,1768798799999999,267.71591,16,3469.1,104.41991,0
1768798800000000,0.03,0.0301,0.0299,0.0299,142090.7,1768799699999999,4263.80388,49,33223.4,999.09659,0
1768799700000000,0.0299,0.0299,0.0295,0.0297,1009061.2,1768800599999999,29953.37031,176,526190.1,15613.6822,0
1768800600000000,0.0298,0.0299,0.0298,0.0298,154473.5,1768801499999999,4604.32304,42,99841.6,2976.29242,0
1768801500000000,0.0298,0.0299,0.0298,0.0299,21054.4,1768802399999999,627.69926,16,2781.4,83.16386,0
1768802400000000,0.0298,0.0299,0.0298,0.0298,26764.6,1768803299999999,799.07582,31,14907.4,445.73126,0
1768803300000000,0.0299,0.0299,0.0298,0.0299,27469.6,1768804199999999,819.85404,24,12599.6,376.72804,0
1768804200000000,0.0299,0.03,0.0298,0.0299,57252.4,1768805099999999,1713.38933,40,41952.9,1256.17447,0
1768805100000000,0.03,0.03,0.0298,0.0299,158259.4,1768805999999999,4732.43385,47,22976.8,687.96447,0
1768806000000000,0.0299,0.03,0.0299,0.0299,35933.9,1768806899999999,1076.39835,29,30135.1,903.01423,0
1768806900000000,0.03,0.0301,0.0299,0.03,107548.3,1768807799999999,3226.9011,33,93181.9,2796.07632,0
1768807800000000,0.03,0.0301,0.03,0.03,219313.7,1768808699999999,6583.10193,48,59776.6,1796.98893,0
1768808700000000,0.03,0.0301,0.0299,0.0299,135104.7,1768809599999999,4050.10078,31,1907.9,57.27244,0
1768809600000000,0.0299,0.03,0.0299,0.03,155010.5,1768810499999999,4649.41591,38,145510.8,4365.324,0
1768810500000000,0.0301,0.0301,0.03,0.03,13215.4,1768811399999999,396.73265,19,2706.5,81.46565,0
1768811400000000,0.03,0.0301,0.03,0.03,20285.5,1768812299999999,609.56515,23,10001.5,301.04515,0
1768812300000000,0.0301,0.0301,0.03,0.03,15985.3,1768813199999999,480.51632,20,9573.2,288.15332,0
1768813200000000,0.03,0.0301,0.0299,0.03,132991.3,1768814099999999,3982.34579,42,5400.6,162.05751,0
1768814100000000,0.03,0.03,0.0299,0.03,263751.7,1768814999999999,7886.75994,50,133720.7,3998.83304,0
1768815000000000,0.03,0.03,0.0299,0.0299,12958.0,1768815899999999,388.34581,19,9016.1,270.483,0
1768815900000000,0.0299,0.03,0.0299,0.0299,87504.6,1768816799999999,2619.70225,34,33147.1,994.413,0
1768816800000000,0.0299,0.0301,0.0299,0.03,230188.0,1768817699999999,6919.91326,53,74608.4,2243.02328,0
1768817700000000,0.0301,0.0304,0.0301,0.0303,863798.7,1768818599999999,26139.37387,99,367914.6,11125.03866,0
1768818600000000,0.0302,0.0302,0.0301,0.0301,29965.0,1768819499999999,903.06054,39,3934.1,118.80982,0
1768819500000000,0.0301,0.0302,0.0301,0.0301,174195.1,1768820399999999,5246.98216,34,153652.8,4628.65893,0
1768820400000000,0.0301,0.0302,0.03,0.0302,207705.6,1768821299999999,6250.41936,60,80068.6,2414.02259,0
1768821300000000,0.0302,0.0302,0.03,0.0302,44874.6,1768822199999999,1352.2164,25,18132.6,547.37338,0
1768822200000000,0.0301,0.0302,0.03,0.03,20599.6,1768823099999999,618.8352,24,2505.1,75.48818,0
1768823100000000,0.03,0.0301,0.0299,0.03,188170.9,1768823999999999,5636.05613,31,10999.3,330.38546,0
1768824000000000,0.0299,0.03,0.0298,0.0298,184921.6,1768824899999999,5531.2526,66,98349.4,2943.88514,0
1768824900000000,0.0299,0.03,0.0298,0.0299,330492.5,1768825799999999,9876.78435,97,151526.5,4536.35432,0
1768825800000000,0.0299,0.0302,0.0298,0.0299,389858.3,1768826699999999,11688.23239,90,213298.3,6393.07356,0
1768826700000000,0.03,0.03,0.0298,0.0299,80898.5,1768827599999999,2418.63862,31,51898.3,1552.24487,0
1768827600000000,0.03,0.0301,0.0298,0.0301,207226.1,1768828499999999,6216.27181,55,195112.4,5853.51541,0
1768828500000000,0.03,0.0301,0.03,0.0301,68246.2,1768829399999999,2048.07715,28,60499.3,1815.67015,0
1768829400000000,0.0301,0.0309,0.0301,0.0309,2546353.4,1768830299999999,77807.34353,302,1342468.0,41024.29583,0
1768830300000000,0.0308,0.0318,0.0307,0.0308,5706654.2,1768831199999999,178589.35897,848,3674311.2,115082.16084,0
1768831200000000,0.0307,0.0308,0.0305,0.0307,295852.4,1768832099999999,9067.08904,134,81715.1,2510.24053,0
1768832100000000,0.0306,0.0307,0.0305,0.0306,298295.2,1768832999999999,9110.8473,115,32269.3,988.05881,0
1768833000000000,0.0305,0.0306,0.0302,0.0303,1430756.9,1768833899999999,43373.5833,279,526438.5,16000.11216,0
1768833900000000,0.0303,0.0303,0.03,0.0303,863460.7,1768834799999999,26013.5159,117,487149.1,14698.75219,0
1768834800000000,0.0303,0.0303,0.0301,0.0303,360614.0,1768835699999999,10887.38602,94,252621.9,7629.9452,0
1768835700000000,0.0302,0.0303,0.0301,0.0302,133875.4,1768836599999999,4040.70823,49,78777.9,2379.04515,0
1768836600000000,0.0302,0.0303,0.03,0.0302,123469.9,1768837499999999,3724.58097,64,99713.1,3009.1486,0
1768837500000000,0.0302,0.0303,0.03,0.0303,99014.6,1768838399999999,2987.46304,54,88275.3,2664.10313,0
1768838400000000,0.0303,0.0303,0.0302,0.0303,37803.1,1768839299999999,1144.50358,34,28499.6,863.53788,0
1768839300000000,0.0302,0.0307,0.0302,0.0305,535653.9,1768840199999999,16346.25256,151,340166.5,10366.76073,0
1768840200000000,0.0305,0.0306,0.0304,0.0304,42870.6,1768841099999999,1307.11765,45,27675.5,844.3219,0
1768841100000000,0.0304,0.0304,0.0303,0.0304,430471.9,1768841999999999,13055.12307,74,140874.4,4279.10653,0
1768842000000000,0.0304,0.0304,0.0303,0.0303,23762.5,1768842899999999,720.98952,31,9857.7,299.67408,0
1768842900000000,0.0304,0.0305,0.0303,0.0305,208456.0,1768843799999999,6344.65432,58,190036.0,5783.89503,0
1768843800000000,0.0304,0.0304,0.0303,0.0304,69050.8,1768844699999999,2098.33537,40,59243.5,1801.0024,0
1768844700000000,0.0303,0.0304,0.0303,0.0303,14547.0,1768845599999999,441.31935,26,5452.5,165.756,0
1768845600000000,0.0303,0.0304,0.0303,0.0304,19721.7,1768846499999999,598.55264,29,9851.3,299.47952,0
1768846500000000,0.0303,0.0304,0.0302,0.0303,46163.1,1768847399999999,1401.26583,48,39661.9,1204.31336,0
1768847400000000,0.0304,0.0304,0.0303,0.0303,16411.8,1768848299999999,498.10132,28,8237.8,250.42912,0
1768848300000000,0.0304,0.0304,0.0302,0.0303,133564.7,1768849199999999,4047.34087,31,5449.2,165.63863,0
1768849200000000,0.0303,0.0303,0.0302,0.0303,97543.2,1768850099999999,2953.10768,39,68117.0,2063.9451,0
1768850100000000,0.0303,0.0303,0.0301,0.0303,1051349.6,1768850999999999,31743.43133,133,306135.9,9255.30994,0
1768851000000000,0.0301,0.0302,0.03,0.0301,317160.1,1768851899999999,9539.74487,79,156706.8,4718.10078,0
1768851900000000,0.0301,0.0301,0.03,0.0301,42785.2,1768852799999999,1285.83381,41,22778.1,685.62081,0
1768852800000000,0.0301,0.0301,0.03,0.0301,34891.6,1768853699999999,1048.20422,35,14562.2,438.32222,0
1768853700000000,0.0301,0.0301,0.03,0.03,71450.8,1768854599999999,2148.3925,33,48685.0,1465.4185,0
1768854600000000,0.0301,0.0301,0.0298,0.0299,234795.2,1768855499999999,7027.72015,81,97316.5,2915.50982,0
1768855500000000,0.0299,0.0299,0.0298,0.0299,73005.4,1768856399999999,2177.78245,24,22215.3,664.23747,0
1768856400000000,0.0299,0.0299,0.0298,0.0299,32124.8,1768857299999999,959.41215,32,20931.1,625.83989,0
1768857300000000,0.0299,0.0299,0.0298,0.0299,59425.1,1768858199999999,1773.55929,38,26913.1,804.70169,0
1768858200000000,0.0299,0.0299,0.0298,0.0298,13858.3,1768859099999999,413.78774,22,8104.0,242.3096,0
1768859100000000,0.0299,0.0299,0.0298,0.0298,52848.3,1768859999999999,1575.2251,28,16322.5,486.75626,0
1768860000000000,0.0298,0.0299,0.0296,0.0297,163012.4,1768860899999999,4854.05295,62,149075.6,4439.64764,0
1768860900000000,0.0297,0.0299,0.0297,0.0298,130297.8,1768861799999999,3879.12291,46,109683.5,3266.8782,0
1768861800000000,0.0298,0.0298,0.0297,0.0298,20480.1,1768862699999999,610.0686,27,18096.3,539.26974,0
1768862700000000,0.0298,0.0298,0.0296,0.0298,72014.8,1768863599999999,2138.66172,54,50334.5,1496.07427,0
1768863600000000,0.0298,0.0298,0.0296,0.0296,129873.1,1768864499999999,3857.41505,40,107760.3,3202.87617,0
1768864500000000,0.0297,0.0297,0.0296,0.0297,13765.1,1768865399999999,407.89446,22,4475.0,132.9075,0
1768865400000000,0.0297,0.0298,0.0297,0.0297,152855.7,1768866299999999,4544.05807,45,147791.4,4393.64836,0
1768866300000000,0.0298,0.0298,0.0297,0.0298,26689.8,1768867199999999,794.95979,30,22727.3,677.27354,0
1768867200000000,0.0297,0.0298,0.0297,0.0298,68886.3,1768868099999999,2049.00419,46,45595.9,1357.27931,0
1768868100000000,0.0297,0.0298,0.0296,0.0297,65774.3,1768868999999999,1953.17869,34,52056.2,1546.22522,0
1768869000000000,0.0297,0.0298,0.0296,0.0298,180923.9,1768869899999999,5367.30344,52,82315.8,2444.96341,0
1768869900000000,0.0298,0.0298,0.0296,0.0297,48452.6,1768870799999999,1437.38743,30,20155.0,599.21597,0
1768870800000000,0.0297,0.0298,0.0296,0.0297,34330.0,1768871699999999,1019.34449,35,26008.9,772.57439,0
1768871700000000,0.0296,0.0298,0.0296,0.0297,26922.6,1768872599999999,800.52925,31,18404.7,547.64294,0
1768872600000000,0.0298,0.0298,0.0297,0.0298,39919.9,1768873499999999,1188.46945,32,28484.2,848.82916,0
1768873500000000,0.0298,0.0299,0.0298,0.0299,18598.2,1768874399999999,555.07836,19,15431.9,460.72262,0
1768874400000000,0.0298,0.0299,0.0296,0.0298,50359.9,1768875299999999,1498.67278,34,27981.7,833.40012,0
1768875300000000,0.0298,0.0298,0.0297,0.0297,54404.5,1768876199999999,1617.9203,26,35705.9,1062.57188,0
1768876200000000,0.0298,0.0298,0.0296,0.0298,45659.3,1768877099999999,1356.98389,30,15723.2,468.55136,0
1768877100000000,0.0299,0.0299,0.0298,0.0299,6452.5,1768877999999999,192.73624,14,4517.4,135.07026,0
1768878000000000,0.0299,0.0299,0.0297,0.0298,14807.2,1768878899999999,441.08921,26,6784.6,202.40419,0
1768878900000000,0.0298,0.0299,0.0297,0.0298,57656.9,1768879799999999,1717.79878,26,17840.4,532.30694,0
1768879800000000,0.0298,0.0298,0.0297,0.0297,9491.8,1768880699999999,282.49705,16,5905.9,175.99582,0
1768880700000000,0.0298,0.0298,0.0297,0.0297,10416.6,1768881599999999,310.17882,13,8058.0,240.1284,0
1768881600000000,0.0297,0.0298,0.0297,0.0298,20767.0,1768882499999999,618.0493,24,12694.0,378.2812,0
1768882500000000,0.0298,0.0299,0.0297,0.0298,110083.8,1768883399999999,3288.31487,34,76125.7,2274.00136,0
1768883400000000,0.0298,0.0299,0.0298,0.0298,25434.1,1768884299999999,758.61232,23,6761.4,202.16586,0
1768884300000000,0.0299,0.0299,0.0298,0.0298,16328.9,1768885199999999,487.23199,20,6307.7,188.60023,0
1768885200000000,0.0298,0.0298,0.0297,0.0298,120408.3,1768886099999999,3583.89741,41,6705.8,199.83284,0
1768886100000000,0.0297,0.0298,0.0296,0.0297,161080.7,1768886999999999,4784.17705,42,33339.3,991.82364,0
1768887000000000,0.0298,0.0298,0.0296,0.0297,14414.0,1768887899999999,428.34844,18,4840.5,144.2469,0
1768887900000000,0.0298,0.0299,0.0297,0.0299,26524.1,1768888799999999,790.42885,23,10929.8,325.97989,0
1768888800000000,0.0298,0.0299,0.0297,0.0298,39688.6,1768889699999999,1182.41174,37,17927.5,534.50166,0
1768889700000000,0.0297,0.0298,0.0296,0.0298,147811.0,1768890599999999,4392.60446,71,94209.0,2802.642,0
1768890600000000,0.0297,0.0299,0.0297,0.0297,164648.6,1768891499999999,4915.1526,52,124176.3,3711.71669,0
1768891500000000,0.0298,0.0298,0.0295,0.0296,336774.1,1768892399999999,9961.8215,59,68368.4,2026.38919,0
1768892400000000,0.0295,0.0297,0.0295,0.0297,134191.3,1768893299999999,3971.44876,85,102124.0,3023.56516,0
1768893300000000,0.0296,0.0297,0.0295,0.0297,20512.6,1768894199999999,607.69197,21,10901.6,323.21502,0
1768894200000000,0.0297,0.0297,0.0296,0.0296,14357.1,1768895099999999,425.4845,19,5143.4,152.75898,0
1768895100000000,0.0297,0.0297,0.0295,0.0296,100895.1,1768895999999999,2986.86534,19,8120.8,240.94171,0
1768896000000000,0.0295,0.0297,0.0294,0.0295,124417.4,1768896899999999,3673.85491,50,37222.9,1102.89623,0
1768896900000000,0.0294,0.0295,0.0293,0.0295,173019.2,1768897799999999,5081.10164,40,58352.2,1717.20351,0
1768897800000000,0.0294,0.0295,0.0293,0.0294,41581.9,1768898699999999,1220.40744,33,11438.2,336.38836,0
1768898700000000,0.0294,0.0294,0.0292,0.0294,134481.1,1768899599999999,3941.51092,51,81337.0,2384.92123,0
1768899600000000,0.0293,0.0294,0.0293,0.0293,142011.9,1768900499999999,4167.74905,42,68003.8,1999.31172,0
1768900500000000,0.0293,0.0294,0.0291,0.0292,609196.7,1768901399999999,17770.97382,121,148264.8,4333.01241,0
1768901400000000,0.0292,0.0293,0.0291,0.0292,48820.2,1768902299999999,1425.76323,28,19997.3,584.25637,0
1768902300000000,0.0292,0.0292,0.029,0.0292,351266.1,1768903199999999,10209.54881,66,101477.9,2955.12142,0
1768903200000000,0.0291,0.0294,0.0291,0.0294,246380.5,1768904099999999,7203.79057,67,215991.8,6316.64242,0
1768904100000000,0.0293,0.0294,0.0293,0.0294,9206.1,1768904999999999,270.20669,18,4679.6,137.58024,0
1768905000000000,0.0293,0.0294,0.0293,0.0293,160663.1,1768905899999999,4722.83498,25,103136.1,3032.20134,0
1768905900000000,0.0293,0.0294,0.0293,0.0294,138578.0,1768906799999999,4073.97374,29,25869.6,760.56624,0
1768906800000000,0.0293,0.0294,0.0293,0.0294,69913.9,1768907699999999,2052.75531,38,37155.4,1092.36876,0
1768907700000000,0.0294,0.0295,0.0293,0.0295,173258.7,1768908599999999,5098.79475,58,117060.2,3447.30214,0
1768908600000000,0.0294,0.0295,0.0294,0.0294,40528.6,1768909499999999,1194.33853,22,27976.9,825.31855,0
1768909500000000,0.0295,0.0295,0.0294,0.0295,102804.0,1768910399999999,3032.40809,21,27350.0,806.825,0
1768910400000000,0.0295,0.0296,0.0294,0.0296,52780.3,1768911299999999,1557.80477,66,41448.4,1223.89051,0
1768911300000000,0.0296,0.0296,0.0295,0.0296,56045.7,1768912199999999,1654.52648,49,11783.3,348.78568,0
1768912200000000,0.0296,0.0296,0.0295,0.0296,24629.7,1768913099999999,728.5186,48,19424.5,574.9652,0
1768913100000000,0.0296,0.0296,0.0295,0.0296,43592.6,1768913999999999,1288.78498,45,28032.8,829.77088,0
1768914000000000,0.0296,0.0296,0.0293,0.0294,177958.2,1768914899999999,5246.93146,87,66779.2,1969.5402,0
1768914900000000,0.0294,0.0295,0.0293,0.0294,33650.4,1768915799999999,989.16855,49,31127.7,915.25344,0
1768915800000000,0.0294,0.0295,0.0294,0.0295,14977.9,1768916699999999,441.43228,36,14352.8,423.05434,0
1768916700000000,0.0295,0.0296,0.0294,0.0295,20375.6,1768917599999999,600.35538,30,11684.1,344.82528,0
1768917600000000,0.0294,0.0296,0.0293,0.0295,238932.8,1768918499999999,7040.07025,84,75733.0,2231.13895,0
1768918500000000,0.0295,0.0295,0.0293,0.0294,101082.4,1768919399999999,2971.76968,72,51148.4,1504.84815,0
1768919400000000,0.0294,0.0296,0.0293,0.0295,305253.3,1768920299999999,8982.91301,62,107483.2,3159.36872,0
1768920300000000,0.0295,0.0295,0.0293,0.0294,215493.6,1768921199999999,6340.10917,43,61100.3,1800.99376,0
1768921200000000,0.0293,0.0294,0.0289,0.0292,986037.4,1768922099999999,28725.01955,132,319429.4,9266.98917,0
1768922100000000,0.0291,0.0292,0.029,0.0292,233742.8,1768922999999999,6796.09215,68,111594.2,3243.94485,0
1768923000000000,0.0291,0.0292,0.0291,0.0292,74296.8,1768923899999999,2164.26353,26,22266.5,650.1818,0
1768923900000000,0.0292,0.0292,0.029,0.0292,203825.8,1768924799999999,5930.94913,37,132027.8,3842.83199,0
1768924800000000,0.0291,0.0292,0.0291,0.0292,40076.7,1768925699999999,1168.81167,26,25797.0,753.2724,0
1768925700000000,0.0292,0.0292,0.029,0.0292,215322.9,1768926599999999,6269.60854,32,187999.3,5476.56877,0
1768926600000000,0.0292,0.0292,0.0289,0.029,325936.4,1768927499999999,9472.8141,49,166364.2,4835.42236,0
1768927500000000,0.029,0.029,0.0288,0.029,386349.5,1768928399999999,11169.91318,45,206338.4,5967.70848,0
1768928400000000,0.029,0.0291,0.0289,0.0291,180471.3,1768929299999999,5234.88423,37,151967.9,4409.79857,0
1768929300000000,0.0291,0.0291,0.029,0.0291,17638.5,1768930199999999,513.15084,17,16343.4,475.59294,0
1768930200000000,0.0291,0.0291,0.0289,0.0289,66535.0,1768931099999999,1929.27232,30,22798.7,661.55455,0
1768931100000000,0.029,0.029,0.0287,0.0289,332132.3,1768931999999999,9569.6782,67,107888.2,3108.94269,0
1768932000000000,0.0289,0.0289,0.0288,0.0289,19457.4,1768932899999999,562.00835,23,16352.3,472.58147,0
1768932900000000,0.0289,0.0289,0.0288,0.0289,14804.3,1768933799999999,427.34689,21,9830.5,284.10145,0
1768933800000000,0.0289,0.0289,0.0287,0.0288,228370.1,1768934699999999,6588.18103,47,140802.7,4067.00087,0
1768934700000000,0.0288,0.0288,0.0285,0.0286,139781.3,1768935599999999,4006.35124,48,68341.0,1961.07564,0
1768935600000000,0.0286,0.0287,0.0285,0.0286,426088.7,1768936499999999,12186.18863,76,354046.6,10126.47784,0
1768936500000000,0.0285,0.0287,0.0285,0.0286,156822.9,1768937399999999,4483.22168,78,72001.7,2059.28418,0
1768937400000000,0.0286,0.0286,0.0285,0.0286,39480.2,1768938299999999,1128.64235,31,34566.5,988.6019,0
1768938300000000,0.0286,0.0287,0.0285,0.0287,51523.6,1768939199999999,1474.20275,30,46111.5,1319.83553,0
1768939200000000,0.0287,0.0287,0.0285,0.0287,185743.5,1768940099999999,5313.54315,59,90863.6,2600.10931,0
1768940100000000,0.0286,0.0287,0.0286,0.0286,70133.3,1768940999999999,2010.7842,25,49718.2,1426.91234,0
1768941000000000,0.0287,0.0287,0.0285,0.0287,1405462.5,1768941899999999,40178.98353,92,1075677.9,30749.64449,0
1768941900000000,0.0286,0.0287,0.0285,0.0285,57919.4,1768942799999999,1656.49412,54,8155.6,233.71504,0
1768942800000000,0.0286,0.0286,0.0285,0.0285,50214.4,1768943699999999,1432.64515,64,15347.5,438.9385,0
1768943700000000,0.0285,0.0286,0.0284,0.0286,54465.9,1768944599999999,1551.27325,47,11672.2,333.12439,0
1768944600000000,0.0286,0.0286,0.0285,0.0286,36522.1,1768945499999999,1041.1717,26,34461.3,982.4389,0
1768945500000000,0.0286,0.0286,0.0285,0.0285,39877.9,1768946399999999,1137.32823,21,8080.8,231.11088,0
1768946400000000,0.0286,0.0286,0.0285,0.0286,50958.4,1768947299999999,1454.85575,24,25413.5,726.8261,0
1768947300000000,0.0285,0.0286,0.0284,0.0285,61892.4,1768948199999999,1764.55226,27,36121.5,1029.93206,0
1768948200000000,0.0284,0.0286,0.0282,0.0283,434082.8,1768949099999999,12303.30692,79,216095.3,6118.49692,0
1768949100000000,0.0283,0.0283,0.0282,0.0283,25691.0,1768949999999999,725.96731,25,14811.1,419.15413,0
1768950000000000,0.0283,0.0283,0.0282,0.0283,185405.9,1768950899999999,5230.05287,41,80231.9,2264.14607,0
1768950900000000,0.0283,0.0283,0.028,0.028,88501.7,1768951799999999,2489.69159,44,24483.7,690.3717,0
1768951800000000,0.0281,0.0282,0.028,0.0281,51251.5,1768952699999999,1439.73133,46,42544.7,1195.7592,0
1768952700000000,0.0282,0.0282,0.0281,0.0282,8789.0,1768953599999999,247.63448,14,6635.8,187.12956,0
1768953600000000,0.0282,0.0282,0.0281,0.0282,43077.3,1768954499999999,1214.62536,38,41532.3,1171.21086,0
1768954500000000,0.0282,0.0282,0.0281,0.0281,33951.0,1768955399999999,957.01469,25,29915.9,843.62838,0
1768955400000000,0.0282,0.0283,0.0281,0.0282,56460.4,1768956299999999,1593.52731,26,50843.4,1435.16922,0
1768956300000000,0.0283,0.0284,0.0282,0.0284,46585.7,1768957199999999,1318.79209,25,40140.8,1136.45951,0
1768957200000000,0.0283,0.0285,0.0283,0.0285,77529.7,1768958099999999,2201.49683,34,73586.3,2089.89861,0
1768958100000000,0.0285,0.0285,0.0284,0.0284,38649.4,1768958999999999,1098.39088,27,7479.2,213.1572,0
1768959000000000,0.0284,0.0285,0.0284,0.0285,13881.9,1768959899999999,395.00507,21,7591.1,216.34635,0
1768959900000000,0.0285,0.0285,0.0284,0.0284,9748.1,1768960799999999,277.27368,10,4276.4,121.8774,0
1768960800000000,0.0285,0.0286,0.0284,0.0286,46828.0,1768961699999999,1334.58618,20,40866.2,1165.0252,0
1768961700000000,0.0285,0.0288,0.0285,0.0288,238617.7,1768962599999999,6845.97237,44,230628.4,6618.20566,0
1768962600000000,0.0287,0.0288,0.0287,0.0287,29708.5,1768963499999999,854.20923,32,15752.8,453.68064,0
1768963500000000,0.0288,0.0288,0.0287,0.0287,158768.1,1768964399999999,4557.83706,39,11925.9,343.46592,0
1768964400000000,0.0287,0.0288,0.0287,0.0287,323383.6,1768965299999999,9282.3283,59,34962.3,1004.63699,0
1768965300000000,0.0287,0.0288,0.0287,0.0288,26885.1,1768966199999999,774.09957,18,24972.0,719.1936,0
1768966200000000,0.0287,0.0288,0.0287,0.0288,73972.5,1768967099999999,2129.49816,22,64874.1,1868.37408,0
1768967100000000,0.0289,0.0289,0.0288,0.0289,8644.3,1768967999999999,249.55919,16,6033.5,174.36815,0
1768968000000000,0.0288,0.0289,0.0288,0.0288,72235.7,1768968899999999,2084.10533,40,37171.7,1074.26213,0
1768968900000000,0.0289,0.0289,0.0288,0.0288,28679.4,1768969799999999,826.5998,14,6330.8,182.96012,0
1768969800000000,0.0288,0.0289,0.0288,0.0288,14894.4,1768970699999999,429.65525,17,6965.3,201.29717,0
1768970700000000,0.0289,0.029,0.0288,0.0289,56745.2,1768971599999999,1639.57366,32,15622.0,451.77265,0
1768971600000000,0.0288,0.029,0.0288,0.0288,326089.3,1768972499999999,9424.14449,40,103168.8,2982.96441,0
1768972500000000,0.0288,0.0289,0.0288,0.0288,28167.7,1768973399999999,813.73091,17,25011.5,722.83235,0
1768973400000000,0.0289,0.0289,0.0288,0.0289,22757.8,1768974299999999,656.22839,19,8037.5,232.28375,0
1768974300000000,0.0289,0.029,0.0289,0.0289,19866.7,1768975199999999,574.55092,17,17560.1,507.89018,0
1768975200000000,0.029,0.0291,0.0289,0.029,350857.5,1768976099999999,10173.12152,74,169260.3,4911.50585,0
1768976100000000,0.0289,0.0291,0.0289,0.029,178457.1,1768976999999999,5175.00609,33,172033.3,4989.20822,0
1768977000000000,0.0291,0.0292,0.0289,0.0292,442461.9,1768977899999999,12856.526,80,268262.4,7798.41207,0
1768977900000000,0.0292,0.0292,0.029,0.029,138525.9,1768978799999999,4037.23083,57,14747.0,429.62584,0
1768978800000000,0.029,0.0291,0.0289,0.029,162943.6,1768979699999999,4730.06314,62,101517.4,2949.28644,0
1768979700000000,0.029,0.0291,0.029,0.0291,10796.9,1768980599999999,313.37748,14,2673.8,77.80758,0
1768980600000000,0.029,0.0291,0.029,0.029,147443.1,1768981499999999,4275.90839,28,129146.2,3745.29829,0
1768981500000000,0.029,0.0291,0.029,0.029,14787.3,1768982399999999,429.49076,19,6590.6,191.78646,0
1768982400000000,0.029,0.0291,0.029,0.0291,11314.6,1768983299999999,328.55658,18,4331.8,126.05538,0
1768983300000000,0.029,0.0292,0.029,0.0291,86714.2,1768984199999999,2519.76746,25,26977.4,785.0603,0
1768984200000000,0.0291,0.0292,0.029,0.029,458093.1,1768985099999999,13329.59689,50,19035.6,554.00288,0
1768985100000000,0.029,0.0291,0.029,0.0291,9844.8,1768985999999999,286.08001,20,5808.1,169.01571,0
1768986000000000,0.029,0.0292,0.029,0.0292,145684.6,1768986899999999,4239.89023,40,139576.9,4062.72095,0
1768986900000000,0.0292,0.0293,0.0292,0.0292,148619.0,1768987799999999,4341.00582,35,108629.0,3173.29782,0
1768987800000000,0.0292,0.0293,0.0292,0.0292,28626.1,1768988699999999,837.15781,21,12756.9,373.77717,0
1768988700000000,0.0292,0.0293,0.0292,0.0292,64800.7,1768989599999999,1892.42542,29,2449.8,71.77914,0
1768989600000000,0.0292,0.0293,0.0291,0.0291,239960.3,1768990499999999,7001.8438,56,46862.0,1368.60614,0
1768990500000000,0.0291,0.0292,0.0291,0.0291,92788.0,1768991399999999,2700.33007,21,78378.8,2281.02235,0
1768991400000000,0.0291,0.0292,0.0291,0.0291,15534.4,1768992299999999,452.26542,17,2143.8,62.59896,0
1768992300000000,0.0292,0.0292,0.0291,0.0291,11485.9,1768993199999999,334.5383,21,2986.1,87.19412,0
1768993200000000,0.0291,0.0291,0.029,0.0291,76462.8,1768994099999999,2224.53867,27,58283.7,1696.05567,0
1768994100000000,0.0291,0.0292,0.0291,0.0292,23070.2,1768994999999999,673.11439,44,17715.7,517.29844,0
1768995000000000,0.0291,0.0293,0.0291,0.0292,44025.3,1768995899999999,1284.35255,71,10888.8,318.07864,0
1768995900000000,0.0292,0.0293,0.0291,0.0291,151340.2,1768996799999999,4416.23962,75,9581.1,280.49607,0
1768996800000000,0.0291,0.0292,0.0289,0.029,268224.2,1768997699999999,7788.64474,126,37723.3,1096.25756,0
1768997700000000,0.0289,0.029,0.0287,0.0288,51541.7,1768998599999999,1488.16051,44,10003.9,288.89717,0
1768998600000000,0.0287,0.0288,0.0286,0.0288,331980.6,1768999499999999,9526.74519,49,301255.6,8646.33641,0
1768999500000000,0.0287,0.0288,0.0287,0.0287,11473.8,1769000399999999,329.79731,20,4992.5,143.784,0
1769000400000000,0.0288,0.029,0.0288,0.0289,182986.8,1769001299999999,5291.66392,63,139312.6,4029.55215,0
1769001300000000,0.029,0.029,0.0289,0.0289,11507.7,1769002199999999,333.08555,18,5130.2,148.7758,0
1769002200000000,0.0289,0.0289,0.0288,0.0288,49022.8,1769003099999999,1415.54119,28,17437.8,503.95242,0
1769003100000000,0.0289,0.0289,0.0287,0.0288,50953.8,1769003999999999,1466.4297,26,2941.7,84.7585,0
1769004000000000,0.0287,0.0291,0.0287,0.0291,295888.9,1769004899999999,8550.67832,79,239026.4,6903.47134,0
1769004900000000,0.029,0.0291,0.0289,0.0289,940629.0,1769005799999999,27219.45871,85,159046.6,4613.67422,0
1769005800000000,0.029,0.0292,0.0289,0.029,501926.5,1769006699999999,14590.899,54,257113.1,7471.40933,0
1769006700000000,0.029,0.0291,0.0289,0.029,114899.9,1769007599999999,3335.50968,48,87204.8,2531.89036,0
1769007600000000,0.029,0.0292,0.029,0.0291,181402.1,1769008499999999,5278.63941,41,61789.1,1798.61501,0
1769008500000000,0.0291,0.0293,0.0291,0.0292,175734.3,1769009399999999,5125.80067,36,41762.8,1216.49762,0
1769009400000000,0.0291,0.0292,0.0289,0.029,165461.7,1769010299999999,4808.8777,43,55102.6,1600.97274,0
1769010300000000,0.029,0.0292,0.029,0.0292,40513.0,1769011199999999,1179.53337,17,39106.8,1138.65647,0
1769011200000000,0.0291,0.0292,0.029,0.029,52551.6,1769012099999999,1529.0127,20,2537.3,73.93212,0
1769012100000000,0.029,0.0291,0.0288,0.0289,216632.6,1769012999999999,6272.67478,82,100790.6,2917.97302,0
1769013000000000,0.029,0.029,0.0284,0.0285,235241.9,1769013899999999,6741.81961,71,83028.8,2376.07914,0
1769013900000000,0.0284,0.0286,0.0284,0.0285,235355.1,1769014799999999,6710.19638,57,204446.4,5829.33063,0
1769014800000000,0.0285,0.0287,0.0284,0.0284,425129.4,1769015699999999,12130.70829,72,223647.6,6385.90066,0
1769015700000000,0.0285,0.0286,0.0283,0.0286,518254.9,1769016599999999,14750.85597,66,486218.2,13841.67952,0
1769016600000000,0.0286,0.0287,0.0285,0.0285,243101.0,1769017499999999,6940.15373,53,97249.9,2772.62278,0
1769017500000000,0.0285,0.0286,0.0284,0.0285,46371.8,1769018399999999,1322.56881,19,32435.7,925.5035,0
1769018400000000,0.0285,0.0286,0.0285,0.0286,48249.4,1769019299999999,1378.95782,24,38499.2,1101.07712,0
1769019300000000,0.0287,0.0287,0.0286,0.0286,6851.9,1769020199999999,196.22564,14,2613.0,74.9931,0
1769020200000000,0.0286,0.0287,0.0285,0.0286,91389.1,1769021099999999,2613.09516,29,57932.9,1656.96552,0
1769021100000000,0.0286,0.0289,0.0286,0.0288,172120.9,1769021999999999,4954.58041,64,138492.9,3986.4499,0
1769022000000000,0.0288,0.0288,0.0286,0.0287,186468.7,1769022899999999,5362.62098,38,61728.9,1772.05084,0
1769022900000000,0.0287,0.0292,0.0286,0.0291,385830.5,1769023799999999,11165.399,74,331088.6,9570.06284,0
1769023800000000,0.0291,0.0293,0.0291,0.0292,505287.2,1769024699999999,14755.76835,74,297925.8,8701.94346,0
1769024700000000,0.0292,0.0293,0.0292,0.0292,148226.4,1769025599999999,4333.83747,34,56265.9,1648.59087,0
1769025600000000,0.0293,0.0294,0.0292,0.0293,238922.7,1769026499999999,7018.45304,68,136664.1,4014.90059,0
1769026500000000,0.0293,0.0293,0.0292,0.0293,181019.3,1769027399999999,5301.31216,47,49944.4,1463.37092,0
1769027400000000,0.0292,0.0293,0.0291,0.0292,88159.2,1769028299999999,2576.02131,70,40334.9,1179.9285,0
1769028300000000,0.0293,0.0295,0.0292,0.0295,127401.5,1769029199999999,3735.57314,58,121367.4,3558.79116,0
1769029200000000,0.0294,0.0296,0.0293,0.0294,323445.1,1769030099999999,9537.00843,53,44811.3,1319.39358,0
1769030100000000,0.0295,0.0296,0.0294,0.0294,131008.0,1769030999999999,3864.87034,28,82779.5,2442.20677,0
1769031000000000,0.0294,0.0295,0.0294,0.0294,11975.2,1769031899999999,352.9831,19,9122.2,269.1049,0
1769031900000000,0.0294,0.0295,0.0294,0.0294,25725.0,1769032799999999,757.31959,21,10045.9,296.35405,0
1769032800000000,0.0295,0.0296,0.0294,0.0294,70063.0,1769033699999999,2068.0941,33,42140.8,1244.75798,0
1769033700000000,0.0295,0.0295,0.0294,0.0294,15802.7,1769034599999999,466.01117,18,14117.9,416.47805,0
1769034600000000,0.0294,0.0296,0.0293,0.0295,252557.9,1769035499999999,7449.75576,76,114415.2,3377.10866,0
1769035500000000,0.0295,0.0296,0.0294,0.0294,32608.9,1769036399999999,961.10682,21,6813.3,201.05451,0
1769036400000000,0.0294,0.0295,0.0293,0.0293,67250.6,1769037299999999,1977.86389,41,43413.2,1277.06761,0
1769037300000000,0.0294,0.0295,0.0294,0.0294,15455.9,1769038199999999,455.62806,18,12246.0,361.257,0
1769038200000000,0.0295,0.0295,0.0292,0.0292,147892.5,1769039099999999,4344.62536,36,21088.0,620.00184,0
1769039100000000,0.0293,0.0293,0.0292,0.0292,8786.6,1769039999999999,257.14162,16,5729.0,167.8597,0
1769040000000000,0.0293,0.0294,0.0292,0.0293,59512.5,1769040899999999,1743.65569,29,41813.8,1225.44605,0
1769040900000000,0.0293,0.0294,0.0293,0.0293,47024.8,1769041799999999,1378.67544,34,28703.0,841.8467,0
1769041800000000,0.0293,0.0295,0.0293,0.0294,211537.2,1769042699999999,6221.32769,73,138703.6,4080.17114,0
1769042700000000,0.0294,0.0295,0.0294,0.0294,14997.1,1769043599999999,441.76237,15,8476.3,250.05085,0
1769043600000000,0.0294,0.0295,0.0293,0.0294,65454.2,1769044499999999,1924.66035,33,34381.7,1011.9516,0
1769044500000000,0.0294,0.0295,0.0294,0.0294,10782.5,1769045399999999,317.15241,16,1469.1,43.33845,0
1769045400000000,0.0294,0.0295,0.0294,0.0294,13725.0,1769046299999999,404.13354,25,6185.4,182.4693,0
1769046300000000,0.0294,0.0296,0.0294,0.0296,32517.3,1769047199999999,959.54941,19,28461.3,839.94111,0
1769047200000000,0.0295,0.0296,0.0295,0.0295,11731.4,1769048099999999,346.50715,18,4308.5,127.5316,0
1769048100000000,0.0295,0.0296,0.0295,0.0296,7537.8,1769048999999999,222.71211,13,3470.1,102.71496,0
1769049000000000,0.0295,0.0296,0.0295,0.0296,11372.6,1769049899999999,336.16443,20,6727.3,199.12808,0
1769049900000000,0.0295,0.0296,0.0295,0.0296,6277.2,1769050799999999,185.45389,11,2764.9,81.84104,0
1769050800000000,0.0295,0.0296,0.0295,0.0295,8563.1,1769051699999999,252.9482,21,3367.5,99.678,0
1769051700000000,0.0295,0.0296,0.0294,0.0294,75990.7,1769052599999999,2241.45345,28,22617.9,667.50883,0
1769052600000000,0.0294,0.0295,0.0293,0.0294,15695.5,1769053499999999,461.08325,19,3765.2,110.83816,0
1769053500000000,0.0293,0.0294,0.0293,0.0294,19217.2,1769054399999999,563.83827,14,7743.1,227.64714,0
1769054400000000,0.0294,0.0294,0.0293,0.0293,6469.7,1769055299999999,189.94701,16,3848.0,113.1312,0
1769055300000000,0.0293,0.0294,0.0293,0.0293,11558.7,1769056199999999,339.31152,16,6416.1,188.63334,0
1769056200000000,0.0293,0.0294,0.0293,0.0293,18072.3,1769057099999999,529.82435,22,3059.6,89.95224,0
1769057100000000,0.0293,0.0294,0.0293,0.0293,9171.4,1769057999999999,268.88981,13,1677.9,49.33026,0
1769058000000000,0.0293,0.0294,0.0293,0.0293,17033.3,1769058899999999,499.81986,18,7441.7,218.78598,0
1769058900000000,0.0293,0.0295,0.0293,0.0293,164211.8,1769059799999999,4827.69175,44,20451.8,601.75292,0
1769059800000000,0.0293,0.0294,0.0293,0.0293,11949.2,1769060699999999,350.85643,25,7448.7,218.99178,0
1769060700000000,0.0293,0.0295,0.0293,0.0293,141444.2,1769061599999999,4157.33925,49,109967.9,3233.26371,0
1769061600000000,0.0293,0.0294,0.0291,0.0292,176417.9,1769062499999999,5163.04232,55,55518.9,1622.71413,0
1769062500000000,0.0293,0.0293,0.0291,0.0292,18321.0,1769063399999999,535.05487,23,9091.5,265.89142,0
1769063400000000,0.0292,0.0293,0.0291,0.0291,11343.8,1769064299999999,331.36703,14,4292.4,125.58629,0
1769064300000000,0.0291,0.0293,0.0291,0.0293,186096.1,1769065199999999,5434.41187,26,181515.9,5300.70334,0
1769065200000000,0.0293,0.0293,0.0292,0.0292,287084.9,1769066099999999,8410.24824,51,115569.3,3385.74397,0
1769066100000000,0.0292,0.0294,0.0292,0.0292,21747.6,1769066999999999,636.12856,22,4158.5,121.8454,0
1769067000000000,0.0293,0.0293,0.0292,0.0292,16595.8,1769067899999999,485.65737,21,10600.1,310.58293,0
1769067900000000,0.0292,0.0292,0.0291,0.0292,106584.8,1769068799999999,3110.46206,33,20957.7,611.96484,0
1769068800000000,0.0292,0.0292,0.0291,0.0292,20202.4,1769069699999999,588.37241,20,4825.7,140.91044,0
1769069700000000,0.0292,0.0292,0.0291,0.0291,30751.3,1769070599999999,895.29543,17,6562.8,191.41008,0
1769070600000000,0.0291,0.0291,0.0289,0.029,30541.9,1769071499999999,885.2723,29,12262.3,355.69745,0
1769071500000000,0.029,0.0291,0.029,0.029,36526.6,1769072399999999,1059.66771,21,30055.6,872.00871,0
1769072400000000,0.029,0.0291,0.029,0.029,80801.2,1769073299999999,2349.36874,38,61339.4,1784.97654,0
1769073300000000,0.0291,0.0291,0.029,0.0291,9674.8,1769074199999999,281.35999,11,7907.9,230.11989,0
1769074200000000,0.029,0.0291,0.029,0.0291,18074.9,1769075099999999,525.71458,16,15424.8,448.86168,0
1769075100000000,0.0291,0.0293,0.0291,0.0293,150083.7,1769075999999999,4382.78291,36,147185.4,4298.15255,0
1769076000000000,0.0292,0.0293,0.0292,0.0293,37697.1,1769076899999999,1103.86188,28,31065.6,910.22208,0
1769076900000000,0.0292,0.0293,0.0292,0.0293,17177.3,1769077799999999,502.11932,18,5421.6,158.85288,0
1769077800000000,0.0292,0.0294,0.0292,0.0292,117156.7,1769078699999999,3431.84871,45,21929.1,642.61481,0
1769078700000000,0.0292,0.0294,0.0292,0.0294,190009.4,1769079599999999,5575.61532,29,183119.0,5373.97933,0
1769079600000000,0.0293,0.0294,0.0292,0.0292,110824.4,1769080499999999,3245.99516,30,8805.0,258.102,0
1769080500000000,0.0292,0.0292,0.0291,0.0292,10744.6,1769081399999999,313.38869,17,7208.3,210.48236,0
1769081400000000,0.0291,0.0292,0.0291,0.0292,5012.5,1769082299999999,146.26861,10,4048.6,118.21912,0
1769082300000000,0.0291,0.0292,0.029,0.0291,162056.1,1769083199999999,4709.62649,33,19040.4,554.13175,0
1769083200000000,0.0291,0.0292,0.029,0.029,71782.6,1769084099999999,2091.90885,30,37804.5,1103.25996,0
1769084100000000,0.0291,0.0292,0.029,0.0291,20635.8,1769084999999999,599.96687,24,9580.4,278.95414,0
1769085000000000,0.0291,0.0293,0.029,0.0292,133749.0,1769085899999999,3903.94274,38,102949.6,3004.96653,0
1769085900000000,0.0292,0.0292,0.0291,0.0292,101908.3,1769086799999999,2973.94807,48,65938.6,1925.40712,0
1769086800000000,0.0291,0.0292,0.029,0.029,95298.1,1769087699999999,2770.9857,31,5802.4,168.90838,0
1769087700000000,0.0291,0.0291,0.0289,0.0291,90227.5,1769088599999999,2616.79719,37,28912.6,838.82705,0
1769088600000000,0.0291,0.0292,0.0289,0.029,119346.0,1769089499999999,3462.90132,39,26846.3,780.12518,0
1769089500000000,0.0289,0.029,0.0288,0.0289,117449.2,1769090399999999,3394.62547,32,12248.7,355.09668,0
1769090400000000,0.0289,0.029,0.0288,0.0289,134930.4,1769091299999999,3898.48889,43,121564.4,3513.34119,0
1769091300000000,0.029,0.029,0.0288,0.0288,41718.2,1769092199999999,1204.23931,23,13607.9,393.35947,0
1769092200000000,0.0289,0.0289,0.0287,0.0287,86846.9,1769093099999999,2501.18302,29,10265.3,295.78344,0
1769093100000000,0.0288,0.0288,0.0286,0.0286,57905.2,1769093999999999,1661.62884,40,33464.8,960.80195,0
1769094000000000,0.0287,0.0288,0.0286,0.0287,31521.3,1769094899999999,905.43499,27,19224.9,552.98781,0
1769094900000000,0.0288,0.0288,0.0287,0.0287,45579.3,1769095799999999,1311.19803,30,30721.2,884.77056,0
1769095800000000,0.0288,0.0288,0.0283,0.0286,602965.1,1769096699999999,17212.21425,125,268931.7,7664.01226,0
1769096700000000,0.0287,0.0288,0.0285,0.0287,393520.4,1769097599999999,11285.1976,91,251313.3,7208.51913,0
1769097600000000,0.0287,0.0288,0.0286,0.0288,269782.7,1769098499999999,7743.41094,38,14272.0,410.27481,0
1769098500000000,0.0288,0.0288,0.0286,0.0288,103481.1,1769099399999999,2975.7636,33,60348.0,1737.92167,0
1769099400000000,0.0287,0.0288,0.0287,0.0288,41134.0,1769100299999999,1181.36103,22,8152.3,234.78624,0
1769100300000000,0.0288,0.0289,0.0288,0.0289,93209.8,1769101199999999,2684.81479,28,48298.9,1391.38087,0
1769101200000000,0.0288,0.0289,0.0288,0.0288,37310.1,1769102099999999,1076.40456,28,18736.8,541.49352,0
1769102100000000,0.0288,0.0289,0.0287,0.0287,27739.9,1769102999999999,798.88989,23,9066.1,261.46229,0
1769103000000000,0.0288,0.0288,0.0286,0.0286,145976.5,1769103899999999,4187.22533,41,9346.0,269.1648,0
1769103900000000,0.0287,0.0289,0.0287,0.0288,168576.2,1769104799999999,4847.17784,44,137669.4,3957.062,0
1769104800000000,0.0288,0.0288,0.0287,0.0287,115598.1,1769105699999999,3328.3515,31,22993.8,662.22144,0
1769105700000000,0.0288,0.0289,0.0287,0.0287,166595.1,1769106599999999,4796.90805,34,155278.0,4472.04097,0
1769106600000000,0.0288,0.0288,0.0287,0.0287,12488.0,1769107499999999,358.90187,22,4962.7,142.92576,0
1769107500000000,0.0287,0.0287,0.0285,0.0286,69585.8,1769108399999999,1993.34005,38,16632.1,476.57431,0
1769108400000000,0.0286,0.0287,0.0285,0.0286,29303.9,1769109299999999,839.40959,28,19985.9,573.01033,0
1769109300000000,0.0286,0.0289,0.0286,0.0288,111405.6,1769110199999999,3208.42036,47,107100.3,3085.02709,0
1769110200000000,0.0289,0.029,0.0289,0.0289,48472.1,1769111099999999,1402.99437,37,28856.9,836.11509,0
1769111100000000,0.0289,0.029,0.0288,0.029,290207.2,1769111999999999,8387.65826,55,64448.8,1863.82204,0
1769112000000000,0.0289,0.0292,0.0288,0.029,432528.8,1769112899999999,12571.52417,148,133742.3,3891.22732,0
1769112900000000,0.0289,0.029,0.0288,0.0288,22873.3,1769113799999999,660.66369,22,2532.2,73.24654,0
1769113800000000,0.0289,0.0289,0.0288,0.0289,9327.2,1769114699999999,268.90953,14,2861.7,82.70313,0
1769114700000000,0.0288,0.0289,0.0288,0.0288,14144.2,1769115599999999,407.93031,26,5773.5,166.85415,0
1769115600000000,0.0289,0.0289,0.0288,0.0289,17911.7,1769116499999999,516.57121,23,7142.5,206.41825,0
1769116500000000,0.0289,0.0289,0.0288,0.0289,18274.4,1769117399999999,527.51066,24,12079.4,349.09466,0
1769117400000000,0.0289,0.0289,0.0288,0.0289,126752.4,1769118299999999,3651.91267,42,87108.0,2510.15395,0
1769118300000000,0.0288,0.0289,0.0288,0.0288,30922.4,1769119199999999,890.87488,28,14619.9,421.36288,0
1769119200000000,0.0288,0.0289,0.0287,0.0289,62540.1,1769120099999999,1801.07141,32,38500.3,1110.11997,0
1769120100000000,0.0288,0.0289,0.0287,0.0289,37305.4,1769120999999999,1074.97698,23,12833.3,370.29737,0
1769121000000000,0.0287,0.0289,0.0287,0.0288,8017.0,1769121899999999,230.74713,15,4700.2,135.55497,0
1769121900000000,0.0287,0.0289,0.0287,0.0288,11473.5,1769122799999999,329.92795,25,6189.4,178.27428,0
1769122800000000,0.0288,0.0289,0.0287,0.0288,50460.3,1769123699999999,1452.82145,25,5912.4,170.46266,0
1769123700000000,0.0287,0.0288,0.0287,0.0288,26771.5,1769124599999999,769.74759,22,14055.4,404.79552,0
1769124600000000,0.0287,0.0289,0.0287,0.0288,101669.0,1769125499999999,2928.25084,26,93062.8,2680.42676,0
1769125500000000,0.0288,0.0289,0.0287,0.0287,7869.1,1769126399999999,226.70371,21,2795.6,80.74913,0
1769126400000000,0.0287,0.0288,0.0287,0.0288,34380.5,1769127299999999,987.27452,24,5541.7,159.60096,0
1769127300000000,0.0287,0.0288,0.0287,0.0287,12061.1,1769128199999999,346.65385,22,5002.8,144.08064,0
1769128200000000,0.0287,0.0288,0.0287,0.0288,18406.1,1769129099999999,529.13395,26,8788.8,253.11744,0
1769129100000000,0.0288,0.0289,0.0287,0.0289,17224.5,1769129999999999,495.99532,23,11898.0,342.86459,0
1769130000000000,0.0288,0.0288,0.0287,0.0288,34128.4,1769130899999999,982.28788,20,13377.6,385.27488,0
1769130900000000,0.0287,0.0288,0.0284,0.0286,1148371.8,1769131799999999,32822.15172,138,593701.6,16960.59592,0
1769131800000000,0.0287,0.0287,0.0286,0.0286,49368.7,1769132699999999,1416.37964,31,44348.2,1272.79334,0
1769132700000000,0.0287,0.0287,0.0286,0.0287,36248.6,1769133599999999,1039.61381,29,29038.5,833.40495,0
1769133600000000,0.0287,0.0288,0.0287,0.0288,99324.0,1769134499999999,2852.10891,37,88189.3,2532.54302,0
1769134500000000,0.0287,0.0288,0.0287,0.0287,8460.9,1769135399999999,243.46154,18,6337.1,182.50848,0
1769135400000000,0.0288,0.0288,0.0287,0.0288,7336.3,1769136299999999,211.18582,13,6340.1,182.59488,0
1769136300000000,0.0287,0.0288,0.0286,0.0287,132209.8,1769137199999999,3782.0351,37,14140.1,405.0467,0
1769137200000000,0.0286,0.0287,0.0286,0.0287,20752.5,1769138099999999,594.24689,24,7253.9,208.18693,0
1769138100000000,0.0287,0.0288,0.0286,0.0288,25982.1,1769138999999999,745.71214,27,23114.6,663.64474,0
1769139000000000,0.0287,0.0288,0.0287,0.0288,17585.7,1769139899999999,506.07082,21,13612.3,392.03424,0
1769139900000000,0.0288,0.0288,0.0286,0.0287,41528.7,1769140799999999,1191.48893,30,12918.2,371.15998,0
1769140800000000,0.0286,0.0288,0.0286,0.0287,172914.7,1769141699999999,4961.65171,46,110443.7,3169.93097,0
1769141700000000,0.0287,0.0288,0.0286,0.0288,138478.9,1769142599999999,3971.01738,52,94417.8,2707.11176,0
1769142600000000,0.0288,0.0288,0.0287,0.0288,6587.3,1769143499999999,189.59095,13,5354.4,154.20672,0
1769143500000000,0.0288,0.0288,0.0287,0.0288,33084.7,1769144399999999,951.4421,24,19112.1,550.42848,0
1769144400000000,0.0287,0.0288,0.0287,0.0287,12973.0,1769145299999999,372.88992,19,5648.2,162.66816,0
1769145300000000,0.0287,0.0288,0.0286,0.0287,225305.2,1769146199999999,6467.90974,57,26073.5,750.04272,0
1769146200000000,0.0287,0.0288,0.0287,0.0287,98368.5,1769147099999999,2827.17087,35,64701.3,1860.92223,0
1769147100000000,0.0287,0.0287,0.0286,0.0287,65404.3,1769147999999999,1875.62059,28,23040.3,661.25661,0
1769148000000000,0.0287,0.0289,0.0287,0.0288,93944.1,1769148899999999,2702.4001,42,88768.1,2553.67124,0
1769148900000000,0.0288,0.0289,0.0286,0.0286,124648.5,1769149799999999,3587.60809,40,22991.9,662.9467,0
1769149800000000,0.0286,0.0288,0.0286,0.0287,41262.7,1769150699999999,1184.3232,18,36971.1,1061.19622,0
1769150700000000,0.0288,0.0288,0.0286,0.0288,66995.2,1769151599999999,1923.08708,37,35742.8,1026.25804,0
1769151600000000,0.0287,0.0288,0.0287,0.0288,47789.7,1769152499999999,1372.41457,28,39720.1,1140.81705,0
1769152500000000,0.0287,0.0288,0.0287,0.0288,23142.0,1769153399999999,666.23648,18,20610.8,593.59104,0
1769153400000000,0.0287,0.0288,0.0287,0.0288,14702.9,1769154299999999,423.17033,18,11971.0,344.7648,0
1769154300000000,0.0288,0.0288,0.0286,0.0288,143485.8,1769155199999999,4131.12288,29,35958.1,1035.59328,0
1769155200000000,0.0287,0.0288,0.0287,0.0287,17479.2,1769156099999999,502.94665,16,12936.1,372.55968,0
1769156100000000,0.0287,0.0288,0.0287,0.0288,17847.9,1769156999999999,513.27228,17,10375.5,298.8144,0
1769157000000000,0.0287,0.0287,0.0285,0.0287,184171.7,1769157899999999,5278.01146,33,49670.7,1420.80631,0
1769157900000000,0.0287,0.0287,0.0285,0.0286,49542.6,1769158799999999,1415.65193,30,10852.3,310.72277,0
1769158800000000,0.0285,0.0287,0.0285,0.0285,101036.8,1769159699999999,2891.41582,33,89774.1,2569.87092,0
1769159700000000,0.0286,0.0287,0.0285,0.0286,32383.9,1769160599999999,926.15953,14,9543.6,272.98322,0
1769160600000000,0.0286,0.0286,0.0283,0.0285,383886.2,1769161499999999,10920.74247,94,161244.3,4586.77824,0
1769161500000000,0.0284,0.0285,0.0284,0.0285,59663.8,1769162399999999,1695.91534,40,14634.2,417.0747,0
1769162400000000,0.0285,0.0286,0.0284,0.0285,123985.8,1769163299999999,3531.56433,53,93946.5,2677.81939,0
1769163300000000,0.0285,0.0286,0.0285,0.0286,24635.5,1769164199999999,702.60586,24,4941.1,141.31546,0
1769164200000000,0.0286,0.0286,0.0284,0.0286,72639.2,1769165099999999,2070.6009,29,46715.8,1331.89454,0
1769165100000000,0.0286,0.0286,0.0285,0.0286,8676.0,1769165999999999,247.8491,17,5831.0,166.7666,0
1769166000000000,0.0286,0.0286,0.0285,0.0286,41081.5,1769166899999999,1173.94347,22,31207.2,892.52592,0
1769166900000000,0.0286,0.0287,0.0285,0.0287,152507.1,1769167799999999,4367.67968,46,123890.1,3549.27309,0
1769167800000000,0.0287,0.0288,0.0286,0.0286,33874.4,1769168699999999,971.12557,28,22897.8,657.19481,0
1769168700000000,0.0286,0.0287,0.0286,0.0287,5141.6,1769169599999999,147.36415,9,3143.9,90.22993,0
1769169600000000,0.0286,0.0288,0.0286,0.0287,252267.6,1769170499999999,7238.58793,44,118229.7,3393.47983,0
1769170500000000,0.0287,0.0288,0.0286,0.0287,161928.5,1769171399999999,4646.05823,52,99658.7,2860.47669,0
1769171400000000,0.0287,0.0288,0.0286,0.0287,60262.4,1769172299999999,1729.91633,24,14985.2,430.55686,0
1769172300000000,0.0287,0.0287,0.0286,0.0287,35180.6,1769173199999999,1007.79087,16,16257.1,466.57877,0
1769173200000000,0.0286,0.0287,0.0286,0.0287,17520.6,1769174099999999,502.36107,15,12719.1,365.03817,0
1769174100000000,0.0287,0.0288,0.0286,0.0288,98280.2,1769174999999999,2824.58538,38,86733.5,2493.26925,0
1769175000000000,0.0287,0.0289,0.0287,0.0287,238551.5,1769175899999999,6863.03536,49,54682.7,1574.87969,0
1769175900000000,0.0288,0.0288,0.0287,0.0288,72673.0,1769176799999999,2090.88285,28,51677.5,1488.312,0
1769176800000000,0.0287,0.0288,0.0287,0.0287,37651.8,1769177699999999,1080.85954,22,22962.5,659.27663,0
1769177700000000,0.0287,0.0287,0.0286,0.0286,146089.3,1769178599999999,4185.37725,27,2549.1,73.15917,0
1769178600000000,0.0287,0.0287,0.0284,0.0285,239616.3,1769179499999999,6822.07056,52,131802.3,3756.40089,0
1769179500000000,0.0285,0.0285,0.0283,0.0285,25933.9,1769180399999999,736.6614,31,16720.3,475.2393,0
1769180400000000,0.0285,0.0286,0.0284,0.0285,177865.0,1769181299999999,5069.20135,33,78437.1,2235.70106,0
1769181300000000,0.0285,0.0287,0.0284,0.0286,134150.6,1769182199999999,3835.26609,29,110087.8,3147.28501,0
1769182200000000,0.0286,0.0288,0.0286,0.0287,88649.9,1769183099999999,2547.29715,20,71257.1,2048.19456,0
1769183100000000,0.0288,0.0289,0.0287,0.0289,151309.6,1769183999999999,4371.06299,42,111059.4,3208.68087,0
1769184000000000,0.0288,0.029,0.0288,0.0289,176221.6,1769184899999999,5092.13304,53,129491.2,3742.60504,0
1769184900000000,0.0289,0.0289,0.0287,0.0288,248166.8,1769185799999999,7149.47455,44,74257.9,2139.42988,0
1769185800000000,0.0287,0.029,0.0287,0.0289,104909.4,1769186699999999,3024.62852,31,92316.5,2661.08648,0
1769186700000000,0.0289,0.0291,0.0289,0.0289,132583.1,1769187599999999,3845.14163,46,42531.6,1234.00297,0
1769187600000000,0.029,0.029,0.0289,0.0289,221253.8,1769188499999999,6395.49555,44,122886.8,3552.68925,0
1769188500000000,0.0289,0.0291,0.0289,0.0291,106958.6,1769189399999999,3107.17417,37,51483.0,1494.73748,0
1769189400000000,0.0291,0.0292,0.0291,0.0291,184536.9,1769190299999999,5386.00584,51,104565.7,3053.31844,0
1769190300000000,0.0292,0.0292,0.029,0.0291,42633.2,1769191199999999,1240.43229,24,16984.3,494.31185,0
1769191200000000,0.029,0.0291,0.0289,0.0291,121314.2,1769192099999999,3520.73125,50,92684.1,2690.73808,0
1769192100000000,0.029,0.0291,0.029,0.0291,18360.7,1769192999999999,532.93223,18,4719.3,137.33163,0
1769193000000000,0.029,0.0291,0.029,0.0291,72004.0,1769193899999999,2091.31887,22,18682.5,543.66075,0
1769193900000000,0.0291,0.0291,0.0289,0.029,18808.3,1769194799999999,545.23751,22,8506.9,246.74236,0
1769194800000000,0.0289,0.029,0.0288,0.0289,142418.9,1769195699999999,4116.91786,31,123351.5,3565.90639,0
1769195700000000,0.0289,0.0289,0.0287,0.0288,388323.1,1769196599999999,11174.34626,101,218602.0,6284.9085,0
1769196600000000,0.0287,0.0288,0.0287,0.0288,71201.6,1769197499999999,2044.23377,30,59955.9,1721.48218,0
1769197500000000,0.0288,0.0288,0.0287,0.0287,50732.0,1769198399999999,1456.27319,23,2647.9,76.25952,0
1769198400000000,0.0288,0.0288,0.0286,0.0287,63892.3,1769199299999999,1828.74809,31,9529.2,273.52276,0
1769199300000000,0.0286,0.0287,0.0285,0.0286,48982.2,1769200199999999,1402.78103,20,26048.7,746.93047,0
1769200200000000,0.0286,0.0286,0.0284,0.0285,215230.7,1769201099999999,6134.29885,46,122588.1,3494.05738,0
1769201100000000,0.0286,0.0286,0.0284,0.0285,134005.9,1769201999999999,3820.46575,39,120540.3,3436.74714,0
1769202000000000,0.0286,0.0287,0.0285,0.0286,43382.0,1769202899999999,1240.36859,31,37800.6,1081.23631,0
1769202900000000,0.0287,0.0287,0.0286,0.0287,10937.0,1769203799999999,313.34209,14,5438.9,156.09643,0
1769203800000000,0.0286,0.0287,0.0285,0.0286,23799.3,1769204699999999,679.50893,18,9523.7,272.41635,0
1769204700000000,0.0285,0.0286,0.0285,0.0286,14345.9,1769205599999999,409.76612,15,9079.7,259.67942,0
1769205600000000,0.0286,0.0288,0.0285,0.0287,327355.0,1769206499999999,9395.48824,55,248388.7,7130.3793,0
1769206500000000,0.0288,0.0288,0.0287,0.0288,29388.5,1769207399999999,845.16997,24,17200.2,495.36576,0
1769207400000000,0.0287,0.0289,0.0287,0.0288,53661.1,1769208299999999,1544.84589,16,17129.3,493.33976,0
1769208300000000,0.0288,0.0288,0.0286,0.0287,30763.5,1769209199999999,883.38931,20,22808.4,655.23463,0
1769209200000000,0.0287,0.0288,0.0286,0.0287,14678.9,1769210099999999,420.46732,18,4741.2,136.19787,0
1769210100000000,0.0287,0.0287,0.0286,0.0287,8406.1,1769210999999999,240.70928,13,2948.2,84.61334,0
1769211000000000,0.0287,0.0287,0.0286,0.0287,9787.7,1769211899999999,280.59178,15,6635.6,190.44172,0
1769211900000000,0.0286,0.0287,0.0285,0.0287,19904.0,1769212799999999,569.68072,18,10747.5,307.83951,0
1769212800000000,0.0287,0.0288,0.0286,0.0288,37717.0,1769213699999999,1083.8283,26,27339.3,786.26082,0
1769213700000000,0.0288,0.0288,0.0287,0.0287,73848.7,1769214599999999,2119.68513,20,5497.4,158.00282,0
1769214600000000,0.0287,0.0288,0.0286,0.0287,33795.4,1769215499999999,971.35517,33,26969.7,775.50191,0
1769215500000000,0.0288,0.0288,0.0286,0.0287,14418.0,1769216399999999,412.89755,19,4686.6,134.53983,0
1769216400000000,0.0287,0.0287,0.0286,0.0286,44885.3,1769217299999999,1284.82643,23,11068.5,317.66595,0
1769217300000000,0.0286,0.0287,0.0286,0.0286,15667.2,1769218199999999,448.20062,11,1187.0,34.0669,0
1769218200000000,0.0286,0.0286,0.0285,0.0286,28309.3,1769219099999999,808.74927,25,6854.5,196.0387,0
1769219100000000,0.0285,0.0287,0.0285,0.0287,24217.2,1769219999999999,693.2393,22,12644.4,362.45673,0
1769220000000000,0.0286,0.0287,0.0286,0.0287,8070.6,1769220899999999,231.13203,17,3128.7,89.79369,0
1769220900000000,0.0286,0.0287,0.0286,0.0287,21916.2,1769221799999999,628.47762,28,16743.0,480.5241,0
1769221800000000,0.0286,0.0288,0.0286,0.0287,10566.0,1769222699999999,303.60704,12,9778.8,281.05722,0
1769222700000000,0.0288,0.0288,0.0287,0.0288,6827.2,1769223599999999,196.475,14,5343.6,153.89568,0
1769223600000000,0.0287,0.0288,0.0287,0.0287,12223.4,1769224499999999,351.16555,14,3539.7,101.94336,0
1769224500000000,0.0288,0.0288,0.0287,0.0287,3357.2,1769225399999999,96.52761,7,1759.7,50.67936,0
1769225400000000,0.0287,0.0288,0.0286,0.0288,56830.2,1769226299999999,1629.44438,19,21959.1,630.32801,0
1769226300000000,0.0288,0.0289,0.0287,0.0288,115888.1,1769227199999999,3337.22439,29,93539.5,2694.0427,0
1769227200000000,0.0287,0.0288,0.0287,0.0287,15247.2,1769228099999999,438.57596,20,9813.2,282.62016,0
1769228100000000,0.0288,0.0288,0.0287,0.0287,3601.2,1769228999999999,103.58459,10,2301.5,66.2832,0
1769229000000000,0.0288,0.0288,0.0287,0.0288,3339.0,1769229899999999,96.12498,9,2956.8,85.15584,0
1769229900000000,0.0288,0.0288,0.0287,0.0287,27861.8,1769230799999999,800.14345,18,5097.9,146.81952,0
1769230800000000,0.0287,0.0288,0.0287,0.0287,36136.5,1769231699999999,1037.80268,25,6851.3,197.31744,0
1769231700000000,0.0287,0.0288,0.0286,0.0287,21820.5,1769232599999999,626.21767,16,13222.5,379.55179,0
1769232600000000,0.0288,0.0288,0.0286,0.0287,43394.2,1769233499999999,1245.41746,18,13039.4,374.27888,0
1769233500000000,0.0287,0.0287,0.0286,0.0287,9553.0,1769234399999999,273.45906,13,2432.6,69.81562,0
1769234400000000,0.0286,0.0288,0.0286,0.0287,42847.8,1769235299999999,1231.62035,30,31638.1,910.16958,0
1769235300000000,0.0286,0.0288,0.0286,0.0287,35845.3,1769236199999999,1028.6269,22,13974.7,401.18198,0
1769236200000000,0.0286,0.0287,0.0286,0.0287,7572.2,1769237099999999,217.11163,12,5467.1,156.90577,0
1769237100000000,0.0287,0.0287,0.0286,0.0286,33197.8,1769237999999999,950.21593,21,7588.5,217.78995,0
1769238000000000,0.0286,0.0287,0.0286,0.0287,74283.2,1769238899999999,2126.19867,27,16991.5,487.65605,0
1769238900000000,0.0287,0.0287,0.0286,0.0286,3723.2,1769239799999999,106.59278,6,1092.6,31.35762,0
1769239800000000,0.0287,0.0287,0.0286,0.0286,9143.9,1769240699999999,261.83349,14,3179.5,91.25165,0
1769240700000000,0.0287,0.0288,0.0286,0.0287,92885.3,1769241599999999,2662.86538,45,30182.1,866.86379,0
1769241600000000,0.0287,0.0287,0.0286,0.0287,13455.1,1769242499999999,385.94828,17,11324.2,325.00454,0
1769242500000000,0.0286,0.0288,0.0286,0.0288,59583.9,1769243399999999,1713.88614,22,51179.2,1473.25079,0
1769243400000000,0.0288,0.0288,0.0287,0.0288,67324.4,1769244299999999,1938.81475,15,66044.7,1902.08736,0
1769244300000000,0.0287,0.0289,0.0287,0.0289,16886.8,1769245199999999,486.3203,27,14375.3,414.24025,0
1769245200000000,0.0288,0.0289,0.0288,0.0289,76212.0,1769246099999999,2199.79786,30,48922.6,1413.86314,0
1769246100000000,0.0288,0.029,0.0288,0.0288,242834.1,1769246999999999,7012.60192,78,110162.1,3184.01911,0
1769247000000000,0.0289,0.0289,0.0287,0.0288,34001.6,1769247899999999,978.8641,24,7933.3,229.19411,0
1769247900000000,0.0287,0.0288,0.0287,0.0287,7575.1,1769248799999999,217.86537,17,4600.0,132.48,0
1769248800000000,0.0287,0.0288,0.0287,0.0288,39214.6,1769249699999999,1128.57898,26,31199.6,898.54848,0
1769249700000000,0.0288,0.029,0.0288,0.0289,131514.3,1769250599999999,3802.34348,54,97453.7,2818.62961,0
1769250600000000,0.0289,0.0289,0.0288,0.0288,25979.7,1769251499999999,748.58436,22,3690.0,106.641,0
1769251500000000,0.0289,0.0289,0.0288,0.0289,20109.7,1769252399999999,579.69242,20,5330.6,154.05434,0
1769252400000000,0.0288,0.029,0.0288,0.029,73903.0,1769253299999999,2133.43584,39,40165.0,1161.36493,0
1769253300000000,0.0289,0.029,0.0288,0.0289,73573.9,1769254199999999,2126.41508,20,3367.2,97.47046,0
1769254200000000,0.0289,0.029,0.0288,0.0289,34477.7,1769255099999999,995.82804,26,15522.8,449.12454,0
1769255100000000,0.029,0.029,0.0289,0.029,42540.8,1769255999999999,1231.93756,26,25084.4,727.4476,0
1769256000000000,0.0289,0.029,0.0289,0.029,48990.6,1769256899999999,1417.98547,31,21571.3,625.5677,0
1769256900000000,0.0289,0.0291,0.0289,0.029,70343.5,1769257799999999,2038.03876,28,20749.9,602.17616,0
1769257800000000,0.0289,0.029,0.0289,0.029,14299.7,1769258699999999,413.85251,20,5911.8,171.4422,0
1769258700000000,0.029,0.029,0.0288,0.0289,101511.7,1769259599999999,2932.4671,44,44064.3,1274.01103,0
1769259600000000,0.0289,0.029,0.0288,0.0289,72255.1,1769260499999999,2087.78554,30,22344.0,646.3306,0
1769260500000000,0.0289,0.029,0.0288,0.0289,62720.6,1769261399999999,1812.80753,28,42181.2,1219.38878,0
1769261400000000,0.0288,0.0289,0.0288,0.0289,9806.5,1769262299999999,282.99825,15,5710.5,165.03345,0
1769262300000000,0.0288,0.0289,0.0288,0.0288,12835.4,1769263199999999,369.98204,15,3225.2,93.20828,0
1769263200000000,0.0288,0.0289,0.0287,0.0288,64619.7,1769264099999999,1859.66762,35,29528.3,850.54915,0
1769264100000000,0.0288,0.029,0.0288,0.0289,251454.0,1769264999999999,7277.57514,44,156108.0,4519.81758,0
1769265000000000,0.0289,0.029,0.0288,0.0289,28655.6,1769265899999999,827.58735,20,17630.4,509.53963,0
1769265900000000,0.0288,0.0289,0.0288,0.0289,17336.9,1769266799999999,499.73554,23,4328.2,125.08498,0
1769266800000000,0.0289,0.029,0.0288,0.0288,183944.4,1769267699999999,5315.17248,64,105080.8,3036.92945,0
1769267700000000,0.0288,0.0289,0.0288,0.0289,96285.8,1769268599999999,2781.79123,25,87601.9,2531.69491,0
1769268600000000,0.0289,0.029,0.0288,0.0289,86220.4,1769269499999999,2491.97788,26,14111.0,408.14181,0
1769269500000000,0.0289,0.0289,0.0287,0.0287,53149.1,1769270399999999,1530.41151,25,3727.8,107.44513,0
1769270400000000,0.0287,0.0289,0.0287,0.0288,41064.9,1769271299999999,1181.64943,33,20315.5,585.15065,0
1769271300000000,0.0288,0.0288,0.0286,0.0286,82002.7,1769272199999999,2357.75616,40,11911.5,341.97099,0
1769272200000000,0.0287,0.0287,0.0286,0.0287,35727.8,1769273099999999,1022.06447,18,2493.9,71.57493,0
1769273100000000,0.0287,0.0288,0.0286,0.0287,173007.3,1769273999999999,4966.9754,45,124749.3,3582.81884,0
1769274000000000,0.0287,0.0288,0.0286,0.0287,31034.3,1769274899999999,889.3828,25,11851.6,340.16435,0
1769274900000000,0.0287,0.0288,0.0286,0.0288,96758.9,1769275799999999,2777.50887,37,53640.7,1540.12061,0
1769275800000000,0.0287,0.0288,0.0286,0.0287,49558.1,1769276699999999,1423.54827,21,40756.1,1170.98264,0
1769276700000000,0.0288,0.0288,0.0287,0.0288,7446.7,1769277599999999,213.93108,13,2107.9,60.70752,0
1769277600000000,0.0288,0.0288,0.0287,0.0287,24344.4,1769278499999999,699.46302,22,7787.4,224.27712,0
1769278500000000,0.0288,0.0288,0.0287,0.0287,15313.3,1769279399999999,440.29364,15,8019.3,230.95584,0
1769279400000000,0.0287,0.0288,0.0287,0.0287,19062.9,1769280299999999,548.3427,24,12374.7,356.39136,0
1769280300000000,0.0288,0.0288,0.0287,0.0287,49207.0,1769281199999999,1412.51283,26,2719.3,78.31584,0
1769281200000000,0.0287,0.0288,0.0286,0.0287,146243.9,1769282099999999,4197.62759,33,12908.2,371.08296,0
1769282100000000,0.0287,0.0287,0.0285,0.0285,65344.3,1769282999999999,1868.46466,28,9057.6,259.25307,0
1769283000000000,0.0286,0.0287,0.0285,0.0286,23543.2,1769283899999999,673.5854,18,17460.1,499.73941,0
1769283900000000,0.0287,0.0287,0.0285,0.0285,44075.0,1769284799999999,1261.37212,28,27766.4,795.0695,0
1769284800000000,0.0286,0.0287,0.0285,0.0286,151967.6,1769285699999999,4337.46716,35,36585.9,1048.48121,0
1769285700000000,0.0285,0.0287,0.0285,0.0286,163517.8,1769286599999999,4676.17106,36,126162.8,3608.54717,0
1769286600000000,0.0285,0.0286,0.0285,0.0286,12903.6,1769287499999999,368.20362,19,4510.2,128.99172,0
1769287500000000,0.0285,0.0287,0.0285,0.0286,31688.8,1769288399999999,905.70622,30,13260.7,379.27908,0
1769288400000000,0.0285,0.0286,0.0285,0.0286,52831.9,1769289299999999,1506.43071,27,7215.6,206.36616,0
1769289300000000,0.0285,0.0286,0.0285,0.0285,6874.7,1769290199999999,196.16874,15,2397.9,68.57994,0
1769290200000000,0.0285,0.0287,0.0285,0.0287,8081.5,1769291099999999,230.75291,20,3218.0,92.10295,0
1769291100000000,0.0286,0.0286,0.0285,0.0286,62761.7,1769291999999999,1794.53455,23,4719.9,134.98914,0
1769292000000000,0.0286,0.0287,0.0284,0.0285,171099.7,1769292899999999,4876.12224,43,35551.4,1013.73839,0
1769292900000000,0.0286,0.0286,0.0285,0.0286,21279.9,1769293799999999,608.34812,21,18709.7,535.09742,0
1769293800000000,0.0285,0.0286,0.0284,0.0286,20581.1,1769294699999999,586.7186,18,6538.6,187.00396,0
1769294700000000,0.0286,0.0286,0.0284,0.0284,10076.7,1769295599999999,286.90742,15,3645.7,104.26702,0
1769295600000000,0.0286,0.0287,0.0285,0.0285,123071.9,1769296499999999,3516.86711,53,55187.7,1579.49774,0
1769296500000000,0.0286,0.0287,0.0285,0.0287,60977.2,1769297399999999,1744.61749,27,39724.9,1136.9749,0
1769297400000000,0.0286,0.0287,0.0286,0.0287,13368.3,1769298299999999,383.29558,16,9622.0,276.1514,0
1769298300000000,0.0287,0.0287,0.0286,0.0287,11962.0,1769299199999999,342.65203,21,5977.5,171.49533,0
1769299200000000,0.0286,0.0287,0.0286,0.0286,12365.0,1769300099999999,354.02722,19,3882.2,111.41914,0
1769300100000000,0.0287,0.0288,0.0286,0.0286,28854.1,1769300999999999,827.67336,32,9574.4,274.7961,0
1769301000000000,0.0287,0.0287,0.0286,0.0287,34894.0,1769301899999999,998.88098,38,9125.8,261.91046,0
1769301900000000,0.0286,0.0287,0.0286,0.0287,15478.7,1769302799999999,443.70047,17,10096.5,289.76955,0
1769302800000000,0.0287,0.0289,0.0286,0.0288,66481.3,1769303699999999,1914.00454,42,24521.4,706.96094,0
1769303700000000,0.0288,0.0288,0.0287,0.0287,11176.3,1769304599999999,321.40354,17,6437.3,185.39424,0
1769304600000000,0.0287,0.0288,0.0285,0.0287,86014.9,1769305499999999,2468.14766,36,48350.9,1387.76488,0
1769305500000000,0.0287,0.0287,0.0286,0.0287,17475.3,1769306399999999,500.94279,21,11492.1,329.82327,0
1769306400000000,0.0286,0.0288,0.0286,0.0288,16306.0,1769307299999999,468.1405,24,8672.5,249.3705,0
1769307300000000,0.0287,0.0288,0.0287,0.0288,10205.2,1769308199999999,293.26954,14,3803.0,109.5264,0
1769308200000000,0.0287,0.0288,0.0286,0.0287,18498.3,1769309099999999,531.24918,25,7062.3,203.05697,0
1769309100000000,0.0287,0.0288,0.0287,0.0288,16805.9,1769309999999999,483.00414,26,6748.1,194.34528,0
1769310000000000,0.0287,0.0288,0.0286,0.0288,34316.2,1769310899999999,986.25027,24,13996.5,403.0992,0
1769310900000000,0.0287,0.0288,0.0287,0.0287,95016.0,1769311799999999,2727.45514,41,70054.5,2011.06009,0
1769311800000000,0.0288,0.0288,0.0286,0.0287,32962.4,1769312699999999,945.42232,19,6930.3,198.9472,0
1769312700000000,0.0286,0.0287,0.0286,0.0287,9252.5,1769313599999999,265.31608,19,6945.8,199.34446,0
1769313600000000,0.0286,0.0287,0.0285,0.0287,47928.1,1769314499999999,1373.08147,30,33611.7,963.9577,0
1769314500000000,0.0286,0.0287,0.0286,0.0286,16354.6,1769315399999999,467.98378,20,2422.2,69.51714,0
1769315400000000,0.0286,0.0287,0.0286,0.0286,39322.3,1769316299999999,1126.99351,37,17007.3,488.10951,0
1769316300000000,0.0287,0.0287,0.0285,0.0286,31891.5,1769317199999999,911.85032,31,7913.7,226.69493,0
1769317200000000,0.0286,0.0286,0.0285,0.0285,51509.8,1769318099999999,1468.9891,36,9598.0,274.5028,0
1769318100000000,0.0286,0.0286,0.0285,0.0285,49786.2,1769318999999999,1420.39701,37,14903.1,426.22866,0
1769319000000000,0.0286,0.0287,0.0285,0.0285,87846.4,1769319899999999,2511.0225,30,5914.1,169.35069,0
1769319900000000,0.0286,0.0287,0.0284,0.0287,101619.5,1769320799999999,2903.74227,36,76391.7,2184.25785,0
1769320800000000,0.0286,0.0286,0.0285,0.0286,55847.2,1769321699999999,1596.01396,26,6540.4,187.05544,0
1769321700000000,0.0286,0.0286,0.0285,0.0285,5169.5,1769322599999999,147.45404,10,1232.9,35.26094,0
1769322600000000,0.0285,0.0287,0.0285,0.0286,27659.7,1769323499999999,790.88584,30,19797.0,566.58468,0
1769323500000000,0.0286,0.0287,0.0286,0.0286,15056.6,1769324399999999,431.2437,24,6249.4,179.35778,0
1769324400000000,0.0286,0.0286,0.0285,0.0286,62367.6,1769325299999999,1783.291,21,11669.4,333.74484,0
1769325300000000,0.0286,0.0286,0.0285,0.0285,6470.7,1769326199999999,184.52668,11,1117.3,31.95478,0
1769326200000000,0.0285,0.0287,0.0285,0.0286,70602.7,1769327099999999,2018.41943,26,60210.8,1722.0476,0
1769327100000000,0.0286,0.0287,0.0286,0.0287,12690.9,1769327999999999,363.90246,16,9427.2,270.56064,0
1769328000000000,0.0286,0.0287,0.0286,0.0286,15616.8,1769328899999999,447.11982,19,4793.4,137.57058,0
1769328900000000,0.0287,0.0287,0.0286,0.0286,26073.9,1769329799999999,747.98337,26,22698.3,651.44121,0
1769329800000000,0.0286,0.0287,0.0285,0.0285,75442.7,1769330699999999,2157.82346,32,8083.2,231.71896,0
1769330700000000,0.0285,0.0286,0.0285,0.0285,22106.5,1769331599999999,631.61988,18,15846.3,453.20418,0
1769331600000000,0.0285,0.0286,0.0283,0.0285,274413.7,1769332499999999,7804.96978,78,29352.8,834.94217,0
1769332500000000,0.0285,0.0285,0.0284,0.0284,4148.7,1769333399999999,117.97752,6,1544.4,44.0154,0
1769333400000000,0.0285,0.0285,0.0284,0.0285,101962.8,1769334299999999,2905.91188,19,94627.2,2696.8752,0
1769334300000000,0.0285,0.0286,0.0285,0.0286,5968.4,1769335199999999,170.39941,14,3000.1,85.80286,0
1769335200000000,0.0285,0.0286,0.0285,0.0286,34613.8,1769336099999999,987.92835,21,14350.5,410.4243,0
1769336100000000,0.0285,0.0286,0.0285,0.0285,42864.6,1769336999999999,1225.35983,25,37187.3,1063.55678,0
1769337000000000,0.0285,0.0286,0.0285,0.0286,27260.1,1769337899999999,779.01759,25,21047.4,601.95564,0
1769337900000000,0.0285,0.0287,0.0285,0.0285,86272.0,1769338799999999,2465.8311,36,22274.7,637.09005,0
1769338800000000,0.0285,0.0286,0.0284,0.0286,57933.8,1769339699999999,1653.96754,23,41362.2,1182.25839,0
1769339700000000,0.0286,0.0286,0.0285,0.0285,20391.3,1769340599999999,582.71526,22,15632.1,447.07806,0
1769340600000000,0.0286,0.0286,0.0285,0.0285,16050.2,1769341499999999,458.3334,14,9027.0,258.1722,0
1769341500000000,0.0285,0.0286,0.0285,0.0286,7842.2,1769342399999999,223.79222,21,2895.2,82.80272,0
1769342400000000,0.0285,0.0286,0.0284,0.0285,162803.2,1769343299999999,4639.79649,37,101645.6,2897.36825,0
1769343300000000,0.0286,0.0286,0.0285,0.0285,32042.0,1769344199999999,914.67597,33,14789.7,422.98542,0
1769344200000000,0.0285,0.0286,0.0285,0.0285,69589.9,1769345099999999,1984.96685,58,16547.0,473.2442,0
1769345100000000,0.0285,0.0286,0.0284,0.0285,38952.9,1769345999999999,1112.16433,54,20830.3,595.74658,0
1769346000000000,0.0285,0.0286,0.0285,0.0285,25211.1,1769346899999999,720.46464,29,19482.9,557.21094,0
1769346900000000,0.0285,0.0286,0.0284,0.0284,20464.7,1769347799999999,583.11921,32,2106.0,60.15428,0
1769347800000000,0.0284,0.0285,0.0284,0.0284,20183.6,1769348699999999,573.42497,46,2107.3,60.05805,0
1769348700000000,0.0284,0.0285,0.0284,0.0284,34810.3,1769349599999999,991.3235,32,27109.8,772.6293,0
1769349600000000,0.0284,0.0285,0.0284,0.0285,72743.2,1769350499999999,2069.39058,49,34837.0,992.8545,0
1769350500000000,0.0284,0.0285,0.0283,0.0283,156489.1,1769351399999999,4448.83655,69,27511.8,782.9115,0
1769351400000000,0.0283,0.0285,0.0283,0.0283,28517.6,1769352299999999,808.1464,47,6560.3,186.46643,0
1769352300000000,0.0283,0.0284,0.0283,0.0283,37604.9,1769353199999999,1066.50676,42,22880.9,649.81756,0
1769353200000000,0.0283,0.0285,0.0283,0.0284,144603.9,1769354099999999,4110.07116,67,59710.4,1697.87991,0
1769354100000000,0.0284,0.0285,0.0284,0.0284,110387.9,1769354999999999,3144.13305,60,72620.0,2069.67,0
1769355000000000,0.0284,0.0286,0.0284,0.0286,401927.7,1769355899999999,11481.3961,76,278918.3,7968.44949,0
1769355900000000,0.0287,0.0288,0.0283,0.0284,327934.8,1769356799999999,9355.85798,124,109983.6,3139.10846,0
1769356800000000,0.0284,0.0285,0.0281,0.0281,205422.6,1769357699999999,5802.72636,96,35658.4,1008.43676,0
1769357700000000,0.0281,0.0282,0.0278,0.028,409923.8,1769358599999999,11479.36802,116,182189.9,5100.93266,0
1769358600000000,0.028,0.0281,0.0279,0.0279,158300.4,1769359499999999,4427.98497,49,2862.7,80.22771,0
1769359500000000,0.0279,0.0281,0.0279,0.028,34527.7,1769360399999999,966.21304,51,23985.9,671.90769,0
1769360400000000,0.0281,0.0281,0.0279,0.0279,81722.1,1769361299999999,2289.41152,74,42105.9,1181.23578,0
1769361300000000,0.028,0.0281,0.0279,0.0279,36887.6,1769362199999999,1032.48919,46,25960.5,727.2856,0
1769362200000000,0.0279,0.0281,0.0278,0.0279,71311.7,1769363099999999,1994.28453,71,49000.0,1371.83655,0
1769363100000000,0.028,0.028,0.0279,0.0279,22898.4,1769363999999999,639.29374,35,4283.8,119.9464,0
1769364000000000,0.028,0.028,0.0277,0.0279,598022.8,1769364899999999,16613.4672,153,380425.5,10570.02212,0
1769364900000000,0.0278,0.0279,0.0277,0.0277,95427.0,1769365799999999,2653.03912,45,8980.2,250.04522,0
1769365800000000,0.0277,0.0278,0.0276,0.0276,140234.1,1769366699999999,3883.9457,77,70659.6,1957.96249,0
1769366700000000,0.0276,0.0278,0.0276,0.0277,34317.1,1769367599999999,950.32254,40,17585.8,487.31132,0
1769367600000000,0.0277,0.0278,0.0276,0.0276,170935.6,1769368499999999,4733.22033,90,41646.2,1153.87998,0
1769368500000000,0.0276,0.0277,0.0273,0.0274,281185.3,1769369399999999,7723.23811,120,72804.0,2003.31426,0
1769369400000000,0.0273,0.0275,0.0272,0.0274,246693.6,1769370299999999,6735.76495,87,114139.9,3124.84059,0
1769370300000000,0.0275,0.0275,0.0271,0.0273,346315.4,1769371199999999,9433.45729,87,110931.5,3021.64032,0
1769371200000000,0.0272,0.0275,0.0272,0.0273,172570.6,1769372099999999,4713.73973,75,99884.8,2730.05621,0
1769372100000000,0.0273,0.0273,0.0271,0.0272,166637.9,1769372999999999,4534.99637,95,87511.7,2382.96706,0
1769373000000000,0.0272,0.0272,0.0268,0.0269,1162224.5,1769373899999999,31314.61703,227,687547.0,18522.33244,0
1769373900000000,0.027,0.0271,0.0269,0.027,150905.4,1769374799999999,4080.66686,77,99772.0,2699.29658,0
1769374800000000,0.0271,0.0273,0.027,0.0271,150757.9,1769375699999999,4089.69754,74,59278.3,1611.33879,0
1769375700000000,0.0272,0.0272,0.0271,0.0272,53787.5,1769376599999999,1462.22121,40,45799.6,1245.74912,0
1769376600000000,0.0272,0.0272,0.027,0.027,111863.0,1769377499999999,3030.86418,47,13983.3,379.25965,0
1769377500000000,0.027,0.0272,0.027,0.0271,86189.1,1769378399999999,2335.97326,37,78683.2,2132.72548,0
1769378400000000,0.0271,0.0272,0.027,0.027,36691.9,1769379299999999,994.4071,42,15661.5,424.85504,0
1769379300000000,0.027,0.0271,0.0269,0.0269,96341.4,1769380199999999,2599.58151,50,60171.7,1624.77513,0
1769380200000000,0.0269,0.0271,0.0269,0.0269,139988.7,1769381099999999,3778.85958,50,116743.8,3152.39244,0
1769381100000000,0.0269,0.027,0.0269,0.0269,93413.9,1769381999999999,2519.43584,51,69561.4,1877.80359,0
1769382000000000,0.027,0.0271,0.0269,0.027,100463.4,1769382899999999,2712.78755,50,58872.1,1590.45795,0
1769382900000000,0.0271,0.0271,0.027,0.027,13653.4,1769383799999999,369.16855,35,5267.5,142.74925,0
1769383800000000,0.027,0.0271,0.027,0.027,11377.8,1769384699999999,307.45053,28,2499.3,67.73103,0
1769384700000000,0.027,0.0272,0.027,0.0271,18044.3,1769385599999999,489.19691,27,10823.4,293.77505,0
1769385600000000,0.0271,0.0272,0.0271,0.0271,130851.4,1769386499999999,3552.76476,66,47882.6,1300.3696,0
1769386500000000,0.0271,0.0273,0.0271,0.0271,98577.7,1769387399999999,2681.24411,45,30154.0,820.53537,0
1769387400000000,0.0271,0.0272,0.027,0.0271,118142.0,1769388299999999,3202.01959,44,69448.1,1882.4909,0
1769388300000000,0.0271,0.0273,0.0271,0.0272,61780.3,1769389199999999,1679.32341,49,40602.4,1104.57436,0
1769389200000000,0.0272,0.0276,0.0272,0.0275,130725.8,1769390099999999,3586.10526,60,82110.0,2251.14464,0
1769390100000000,0.0274,0.0276,0.0274,0.0274,115493.9,1769390999999999,3175.8724,54,41890.4,1152.19258,0
1769391000000000,0.0274,0.0276,0.0274,0.0275,102636.9,1769391899999999,2823.35749,56,78074.4,2148.04615,0
1769391900000000,0.0275,0.0276,0.0275,0.0275,17591.0,1769392799999999,484.54646,37,7939.6,219.13296,0
1769392800000000,0.0275,0.0276,0.0274,0.0274,91573.1,1769393699999999,2518.22057,45,11351.6,312.75498,0
1769393700000000,0.0274,0.0276,0.0274,0.0275,98318.5,1769394599999999,2703.24394,38,88053.4,2421.62726,0
1769394600000000,0.0275,0.0276,0.0275,0.0275,12179.5,1769395499999999,335.44471,27,5084.6,140.33496,0
1769395500000000,0.0275,0.0276,0.0275,0.0275,36235.3,1769396399999999,997.56129,32,10905.4,300.98904,0
1769396400000000,0.0275,0.0276,0.0275,0.0275,17306.6,1769397299999999,476.40296,32,4714.6,130.12296,0
1769397300000000,0.0276,0.0276,0.0274,0.0274,20783.7,1769398199999999,571.686,27,4736.7,130.5835,0
1769398200000000,0.0274,0.0275,0.0274,0.0274,43413.7,1769399099999999,1192.7422,42,32068.2,881.8755,0
1769399100000000,0.0274,0.0275,0.0274,0.0274,27919.1,1769399999999999,767.10366,30,21203.2,583.088,0
1769400000000000,0.0274,0.0276,0.0274,0.0275,54016.1,1769400899999999,1485.08617,49,43978.3,1209.68258,0
1769400900000000,0.0275,0.0276,0.0275,0.0275,10781.1,1769401799999999,296.8118,26,3315.5,91.5078,0
1769401800000000,0.0275,0.0276,0.0275,0.0275,16190.5,1769402699999999,446.10935,37,8706.0,240.2856,0
1769402700000000,0.0275,0.0276,0.0272,0.0275,524079.4,1769403599999999,14338.67361,87,42456.5,1164.65766,0
1769403600000000,0.0274,0.0275,0.0274,0.0274,77225.1,1769404499999999,2122.91145,61,69437.1,1909.52025,0
1769404500000000,0.0275,0.0276,0.0274,0.0274,146251.7,1769405399999999,4021.94133,79,121063.9,3329.7588,0
1769405400000000,0.0275,0.0275,0.0274,0.0274,20041.0,1769406299999999,549.93973,36,8163.3,224.49075,0
1769406300000000,0.0275,0.0277,0.0273,0.0276,425997.7,1769407199999999,11757.08552,91,374245.5,10330.4789,0
1769407200000000,0.0276,0.0277,0.0276,0.0277,189444.0,1769408099999999,5245.99565,72,71396.6,1977.68582,0
1769408100000000,0.0277,0.0278,0.0277,0.0277,34386.0,1769408999999999,954.043,46,15508.0,431.1224,0
1769409000000000,0.0277,0.0279,0.0277,0.0278,132404.1,1769409899999999,3679.95838,94,51609.7,1436.06146,0
1769409900000000,0.0278,0.0279,0.0278,0.0278,51829.5,1769410799999999,1441.56276,30,7026.6,196.04214,0
1769410800000000,0.0278,0.028,0.0278,0.0279,229397.6,1769411699999999,6401.06792,83,133444.5,3726.7255,0
1769411700000000,0.028,0.0281,0.0279,0.0279,106160.2,1769412599999999,2971.31038,55,34502.8,966.114,0
1769412600000000,0.0279,0.0281,0.0279,0.028,125284.6,1769413499999999,3511.02273,105,84331.5,2365.46679,0
1769413500000000,0.028,0.028,0.0279,0.0279,35491.8,1769414399999999,992.85433,36,15046.4,421.2992,0
1769414400000000,0.0279,0.0281,0.0279,0.0279,59142.4,1769415299999999,1656.06401,62,32643.3,915.4636,0
1769415300000000,0.028,0.0281,0.0279,0.028,99651.0,1769416199999999,2790.4838,83,52757.9,1478.7914,0
1769416200000000,0.028,0.0281,0.0279,0.0279,45805.8,1769417099999999,1282.91897,39,5016.1,140.95241,0
1769417100000000,0.0279,0.028,0.0279,0.0279,17959.6,1769417999999999,501.86641,50,7935.7,222.1996,0
1769418000000000,0.028,0.0281,0.0278,0.0278,240035.5,1769418899999999,6688.75327,115,129463.8,3610.44192,0
1769418900000000,0.0278,0.0279,0.0278,0.0279,31601.9,1769419799999999,879.94127,66,14084.5,392.95755,0
1769419800000000,0.0279,0.0279,0.0277,0.0278,81100.4,1769420699999999,2257.47587,98,43476.1,1211.92731,0
1769420700000000,0.0278,0.0279,0.0278,0.0279,27470.9,1769421599999999,765.09204,50,15554.0,433.80222,0
1769421600000000,0.0278,0.0279,0.0277,0.0278,62953.5,1769422499999999,1750.27464,53,17310.8,481.67156,0
1769422500000000,0.0278,0.0279,0.0277,0.0278,133980.1,1769423399999999,3723.83029,39,51954.3,1444.39345,0
1769423400000000,0.0278,0.0279,0.0278,0.0278,28749.1,1769424299999999,800.32113,35,10961.5,305.82585,0
1769424300000000,0.0278,0.0279,0.0277,0.0278,97967.9,1769425199999999,2726.31094,70,28605.8,798.10182,0
1769425200000000,0.0278,0.0279,0.0278,0.0279,92491.0,1769426099999999,2573.81233,51,25625.3,714.94587,0
1769426100000000,0.0278,0.028,0.0278,0.0278,17860.2,1769426999999999,497.45579,31,8474.1,236.52221,0
1769427000000000,0.0278,0.0279,0.0278,0.0278,40442.3,1769427899999999,1125.82994,42,15340.0,427.986,0
1769427900000000,0.0278,0.0279,0.0278,0.0278,10903.3,1769428799999999,303.41814,26,3064.0,85.4856,0
1769428800000000,0.0278,0.028,0.0278,0.0278,84704.1,1769429699999999,2362.24401,45,25242.0,704.85704,0
1769429700000000,0.0278,0.0279,0.0278,0.0278,87956.6,1769430599999999,2449.47325,47,42797.7,1194.05583,0
1769430600000000,0.0278,0.0279,0.0278,0.0278,33157.5,1769431499999999,923.75489,37,19763.9,551.41281,0
1769431500000000,0.0278,0.0278,0.0277,0.0277,40143.5,1769432399999999,1115.36889,29,29471.0,819.2938,0
1769432400000000,0.0277,0.0279,0.0277,0.0279,115052.5,1769433299999999,3197.28117,38,102339.5,2845.09307,0
1769433300000000,0.0278,0.0279,0.0278,0.0278,26238.3,1769434199999999,730.51041,38,10856.7,302.90193,0
1769434200000000,0.0278,0.0279,0.0278,0.0278,26729.0,1769435099999999,744.33143,37,12652.3,352.99917,0
1769435100000000,0.0278,0.0279,0.0278,0.0278,21369.7,1769435999999999,595.08873,36,10110.7,282.08853,0
1769436000000000,0.0278,0.0279,0.0277,0.0277,78724.5,1769436899999999,2189.1819,39,11420.2,318.27349,0
1769436900000000,0.0277,0.0278,0.0276,0.0277,17361.9,1769437799999999,481.37732,29,4680.0,130.104,0
1769437800000000,0.0277,0.028,0.0277,0.0278,291790.0,1769438699999999,8131.97232,65,119826.0,3335.3378,0
1769438700000000,0.0278,0.0279,0.0278,0.0279,86164.3,1769439599999999,2403.09211,37,76485.7,2133.95103,0
1769439600000000,0.0279,0.0281,0.0278,0.028,126121.0,1769440499999999,3528.14227,57,100947.1,2825.05571,0
1769440500000000,0.028,0.0281,0.0279,0.0279,223772.3,1769441399999999,6265.60206,68,50502.8,1414.35473,0
1769441400000000,0.0279,0.0281,0.0278,0.0278,321213.7,1769442299999999,8995.50754,59,151356.1,4248.87995,0
1769442300000000,0.0278,0.028,0.0278,0.0278,84509.7,1769443199999999,2359.23173,43,46579.4,1302.44783,0
1769443200000000,0.0278,0.028,0.0278,0.0278,110994.5,1769444099999999,3097.20625,51,32342.7,903.12122,0
1769444100000000,0.0278,0.028,0.0278,0.028,27434.5,1769444999999999,765.42307,28,20850.3,581.98989,0
1769445000000000,0.028,0.028,0.0279,0.028,48927.2,1769445899999999,1368.50792,35,34390.4,962.9312,0
1769445900000000,0.0279,0.028,0.0279,0.0279,28045.2,1769446799999999,784.01319,36,15521.1,434.5908,0
1769446800000000,0.0279,0.028,0.0278,0.0279,66955.8,1769447699999999,1870.38054,47,40427.2,1130.28237,0
1769447700000000,0.0279,0.028,0.0279,0.0279,14584.0,1769448599999999,407.73605,25,8424.5,235.886,0
1769448600000000,0.0279,0.0279,0.0278,0.0278,91763.4,1769449499999999,2559.34353,37,19006.6,530.28414,0
1769449500000000,0.0278,0.0279,0.0278,0.0278,13579.2,1769450399999999,377.74158,27,2398.2,66.90978,0
1769450400000000,0.0278,0.0279,0.0278,0.0278,25357.9,1769451299999999,706.46743,40,15178.1,423.46899,0
1769451300000000,0.0278,0.028,0.0278,0.0279,103517.5,1769452199999999,2887.45953,44,92392.3,2577.91241,0
1769452200000000,0.0279,0.028,0.0279,0.0279,12458.2,1769453099999999,348.15375,28,5699.7,159.5916,0
1769453100000000,0.0279,0.028,0.0279,0.0279,29114.1,1769453999999999,814.14346,35,18600.7,520.8196,0
1769454000000000,0.0279,0.028,0.0279,0.0279,24234.6,1769454899999999,677.02972,29,8843.8,247.6264,0
1769454900000000,0.0279,0.028,0.0279,0.028,43871.6,1769455799999999,1227.70331,38,36856.7,1031.9876,0
1769455800000000,0.0279,0.0281,0.0279,0.028,117517.4,1769456699999999,3291.48234,146,44208.5,1239.33629,0
1769456700000000,0.028,0.0281,0.0279,0.028,127985.5,1769457599999999,3583.82721,232,86268.2,2416.9992,0
1769457600000000,0.028,0.028,0.0279,0.028,70970.9,1769458499999999,1985.47572,231,53876.1,1508.5308,0
1769458500000000,0.028,0.028,0.0279,0.028,60937.5,1769459399999999,1705.55607,213,53998.2,1511.9496,0
1769459400000000,0.028,0.028,0.0279,0.0279,91043.1,1769460299999999,2548.0108,220,79083.1,2214.3268,0
1769460300000000,0.028,0.028,0.0278,0.0279,107564.7,1769461199999999,3002.50747,234,70586.6,1972.66653,0
1769461200000000,0.0279,0.0281,0.0277,0.0281,193854.9,1769462099999999,5400.05108,263,159164.0,4435.60993,0
1769462100000000,0.0281,0.0282,0.028,0.028,157040.9,1769462999999999,4404.33086,239,102408.5,2874.62366,0
1769463000000000,0.0281,0.0283,0.0281,0.0282,264340.0,1769463899999999,7449.54552,280,177998.3,5018.50708,0
1769463900000000,0.0283,0.0284,0.0282,0.0282,120195.9,1769464799999999,3398.41824,254,88617.3,2507.90172,0
1769464800000000,0.0283,0.0283,0.0282,0.0283,101755.1,1769465699999999,2877.40911,239,79152.9,2240.02707,0
1769465700000000,0.0283,0.0284,0.0282,0.0284,303882.0,1769466599999999,8597.8951,264,103297.8,2927.10679,0
1769466600000000,0.0283,0.0285,0.0283,0.0283,119172.0,1769467499999999,3381.42824,203,75882.7,2155.09385,0
1769467500000000,0.0283,0.0284,0.0281,0.0281,137359.8,1769468399999999,3882.28983,58,37948.3,1071.87869,0
1769468400000000,0.0281,0.0283,0.0281,0.0282,20115.1,1769469299999999,568.2748,32,10669.8,301.95534,0
1769469300000000,0.0282,0.0283,0.0281,0.0282,23447.9,1769470199999999,661.10617,30,2399.5,67.90585,0
1769470200000000,0.0283,0.0283,0.0281,0.0282,28704.5,1769471099999999,810.45333,36,16999.3,480.37222,0
1769471100000000,0.0282,0.0283,0.0282,0.0282,10126.1,1769471999999999,285.73415,22,1781.3,50.41079,0
1769472000000000,0.0282,0.0283,0.0281,0.0282,28978.1,1769472899999999,818.43923,45,12697.2,359.33076,0
1769472900000000,0.0282,0.0283,0.0282,0.0282,18530.7,1769473799999999,523.55336,34,9876.2,279.49646,0
1769473800000000,0.0282,0.0283,0.0282,0.0282,123756.6,1769474699999999,3497.54467,72,57336.3,1622.61729,0
1769474700000000,0.0282,0.0284,0.0282,0.0282,90639.7,1769475599999999,2562.91634,69,35910.2,1016.36961,0
1769475600000000,0.0282,0.0283,0.0282,0.0282,25193.6,1769476499999999,710.93302,50,4735.0,134.0005,0
1769476500000000,0.0282,0.0283,0.0282,0.0283,19698.4,1769477399999999,556.09786,48,6029.8,170.64334,0
1769477400000000,0.0282,0.0284,0.0282,0.0283,57769.1,1769478299999999,1634.87403,60,41347.9,1170.46024,0
1769478300000000,0.0283,0.0284,0.0283,0.0283,26786.4,1769479199999999,758.6153,51,5601.8,159.09112,0
1769479200000000,0.0283,0.0284,0.0283,0.0283,37758.5,1769480099999999,1069.24939,44,21273.7,602.72955,0
1769480100000000,0.0283,0.0284,0.0283,0.0283,10665.4,1769480999999999,302.01177,31,1809.5,51.3898,0
1769481000000000,0.0283,0.0284,0.0282,0.0282,22808.1,1769481899999999,645.49461,31,9748.4,276.14909,0
1769481900000000,0.0282,0.0283,0.0282,0.0282,44734.8,1769482799999999,1264.44825,40,23643.9,669.12237,0
1769482800000000,0.0282,0.0284,0.0282,0.0283,30444.4,1769483699999999,862.70459,38,19938.1,565.4143,0
1769483700000000,0.0283,0.0284,0.0283,0.0284,14152.9,1769484599999999,401.0338,28,5067.3,143.91132,0
1769484600000000,0.0283,0.0284,0.0282,0.0282,35537.0,1769485499999999,1005.00703,33,6527.1,184.96888,0
1769485500000000,0.0282,0.0283,0.0281,0.0282,77834.5,1769486399999999,2198.15123,40,68086.6,1923.28175,0
1769486400000000,0.0282,0.0283,0.0282,0.0282,14645.8,1769487299999999,413.34282,29,3312.6,93.74658,0
1769487300000000,0.0282,0.0283,0.0282,0.0282,43868.5,1769488199999999,1237.22734,37,23088.9,651.24262,0
1769488200000000,0.0282,0.0282,0.0281,0.0282,12420.2,1769489099999999,350.21164,25,3777.5,106.5255,0
1769489100000000,0.0281,0.0282,0.0281,0.0281,24427.6,1769489999999999,686.55959,28,1440.3,40.61646,0
1769490000000000,0.0281,0.0283,0.0281,0.0282,45020.4,1769490899999999,1269.25478,42,28786.5,812.48729,0
1769490900000000,0.0282,0.0283,0.0282,0.0282,55124.3,1769491799999999,1555.71213,42,28057.5,792.42837,0
1769491800000000,0.0282,0.0283,0.0282,0.0282,13677.0,1769492699999999,385.99916,33,3077.6,87.09608,0
1769492700000000,0.0282,0.0283,0.0281,0.0282,85290.6,1769493599999999,2405.12036,42,69216.2,1952.03427,0
1769493600000000,0.0282,0.0284,0.0282,0.0283,562030.9,1769494499999999,15907.21427,97,225036.8,6374.12684,0
1769494500000000,0.0283,0.0284,0.0283,0.0283,17645.1,1769495399999999,500.09084,34,7345.1,208.60084,0
1769495400000000,0.0283,0.0284,0.0283,0.0283,82988.6,1769496299999999,2349.91179,57,18969.1,538.15994,0
1769496300000000,0.0283,0.0283,0.0281,0.0282,371731.8,1769497199999999,10485.36973,95,105086.5,2964.2813,0
1769497200000000,0.0281,0.0282,0.028,0.0281,211084.0,1769498099999999,5932.92681,72,186263.2,5235.51011,0
1769498100000000,0.0281,0.0283,0.0281,0.0283,154642.7,1769498999999999,4366.62748,58,87136.1,2458.85322,0
1769499000000000,0.0282,0.0282,0.0281,0.0281,147276.5,1769499899999999,4139.6682,39,45066.1,1267.08976,0
1769499900000000,0.0281,0.0282,0.0281,0.0281,21667.8,1769500799999999,609.01063,30,1454.5,41.0169,0
1769500800000000,0.0281,0.0282,0.0281,0.0281,34594.2,1769501699999999,973.48738,38,13903.6,392.08152,0
1769501700000000,0.0281,0.0282,0.028,0.028,126894.7,1769502599999999,3565.13816,51,25751.2,723.83045,0
1769502600000000,0.0281,0.0281,0.028,0.028,72189.4,1769503499999999,2027.56037,42,23344.1,655.96921,0
1769503500000000,0.0281,0.0281,0.028,0.028,13015.0,1769504399999999,364.70327,30,2832.7,79.59887,0
1769504400000000,0.0281,0.0284,0.028,0.0282,506403.6,1769505299999999,14274.50167,124,375812.3,10593.47413,0
1769505300000000,0.0282,0.0283,0.0281,0.0282,73617.3,1769506199999999,2078.15859,64,33678.5,951.90847,0
1769506200000000,0.0282,0.0283,0.0282,0.0282,70878.7,1769507099999999,2003.38579,56,46064.5,1303.62535,0
1769507100000000,0.0282,0.0284,0.0282,0.0283,113138.9,1769507999999999,3199.90268,64,26853.1,760.13309,0
1769508000000000,0.0283,0.0287,0.028,0.0281,1314690.3,1769508899999999,37280.13655,383,644145.3,18276.32681,0
1769508900000000,0.0281,0.0282,0.0281,0.0281,30568.5,1769509799999999,859.2572,28,20366.8,572.58943,0
1769509800000000,0.0281,0.0282,0.028,0.0281,42698.2,1769510699999999,1199.78483,33,9070.4,255.22278,0
1769510700000000,0.0281,0.0282,0.0281,0.0281,9989.9,1769511599999999,281.03381,24,3253.1,91.72973,0
1769511600000000,0.0281,0.0282,0.028,0.0281,147385.3,1769512499999999,4138.67692,70,21807.8,614.97996,0
1769512500000000,0.0281,0.0282,0.0281,0.0281,152274.2,1769513399999999,4293.13181,52,28653.4,807.99285,0
1769513400000000,0.0281,0.0282,0.0281,0.0281,35755.8,1769514299999999,1005.13165,32,3936.7,111.01494,0
1769514300000000,0.0281,0.0283,0.0281,0.0282,27684.2,1769515199999999,780.36035,34,19853.0,559.8876,0
1769515200000000,0.0282,0.0283,0.0279,0.028,217132.7,1769516099999999,6099.79846,100,63580.0,1787.62128,0
1769516100000000,0.028,0.0281,0.028,0.0281,50517.9,1769516999999999,1414.754,40,8532.9,239.174,0
1769517000000000,0.028,0.0281,0.0279,0.028,39221.0,1769517899999999,1099.18123,38,10215.5,287.05555,0
1769517900000000,0.028,0.0281,0.0278,0.0278,277608.0,1769518799999999,7742.11749,89,198679.1,5543.93908,0
1769518800000000,0.0279,0.0279,0.0278,0.0278,36080.6,1769519699999999,1003.73053,31,6898.5,192.46815,0
1769519700000000,0.0279,0.0279,0.0277,0.0279,53716.3,1769520599999999,1494.2101,43,15012.5,418.28246,0
1769520600000000,0.0278,0.0279,0.0277,0.0278,521795.3,1769521499999999,14475.18439,104,163780.2,4554.17032,0
1769521500000000,0.0278,0.0279,0.0278,0.0278,80977.3,1769522399999999,2252.69449,40,52391.5,1458.00925,0
1769522400000000,0.0278,0.0281,0.0278,0.028,223067.4,1769523299999999,6240.56178,64,196958.7,5511.56654,0
1769523300000000,0.028,0.0281,0.028,0.028,29094.2,1769524199999999,815.95476,33,13171.6,370.12196,0
1769524200000000,0.028,0.0282,0.0279,0.028,316276.7,1769525099999999,8868.68629,91,228873.6,6418.94711,0
1769525100000000,0.028,0.0281,0.0277,0.0279,331532.8,1769525999999999,9240.61715,98,219933.5,6133.93072,0
1769526000000000,0.0279,0.0281,0.0277,0.028,295537.8,1769526899999999,8260.75493,77,144816.6,4042.65854,0
1769526900000000,0.028,0.028,0.0279,0.0279,151245.8,1769527799999999,4233.61345,47,54884.8,1536.7744,0
1769527800000000,0.0279,0.028,0.0278,0.0278,87175.1,1769528699999999,2431.38098,37,6256.8,174.58142,0
1769528700000000,0.0279,0.0281,0.0278,0.028,209912.9,1769529599999999,5867.90923,60,197307.0,5515.95133,0
1769529600000000,0.028,0.0283,0.028,0.0282,153313.2,1769530499999999,4316.55377,81,92405.5,2603.34041,0
1769530500000000,0.0282,0.0283,0.0281,0.0281,42531.3,1769531399999999,1199.43747,40,32251.7,909.77221,0
1769531400000000,0.0281,0.0283,0.0281,0.0282,117474.5,1769532299999999,3312.94491,51,102493.2,2890.92749,0
1769532300000000,0.0282,0.0283,0.0281,0.0281,38231.6,1769533199999999,1077.83082,32,9408.4,265.42975,0
1769533200000000,0.0281,0.0282,0.0279,0.028,186490.9,1769534099999999,5230.61493,64,48037.7,1349.75754,0
1769534100000000,0.0279,0.0279,0.0278,0.0279,31394.0,1769534999999999,875.23063,48,20985.4,585.49266,0
1769535000000000,0.0278,0.028,0.0278,0.0278,264685.9,1769535899999999,7382.60423,60,139159.1,3882.57465,0
1769535900000000,0.0278,0.0278,0.0277,0.0277,220694.1,1769536799999999,6129.25386,51,57033.3,1585.52574,0
1769536800000000,0.0278,0.0279,0.0277,0.0279,189543.6,1769537699999999,5266.80313,59,52589.9,1463.63608,0
1769537700000000,0.0278,0.0279,0.0278,0.0278,41344.0,1769538599999999,1150.36253,32,9993.3,278.81307,0
1769538600000000,0.0279,0.028,0.0278,0.0278,130145.1,1769539499999999,3630.46903,45,90320.1,2520.2373,0
1769539500000000,0.0279,0.0281,0.0278,0.028,433712.2,1769540399999999,12115.02524,90,154784.0,4323.21257,0
1769540400000000,0.028,0.028,0.0279,0.0279,25070.1,1769541299999999,700.92914,30,14733.5,412.538,0
1769541300000000,0.0279,0.0281,0.0279,0.028,62283.5,1769542199999999,1746.17007,48,28091.6,788.89077,0
1769542200000000,0.028,0.0281,0.0279,0.028,36170.6,1769543099999999,1012.53053,41,16477.1,461.83437,0
1769543100000000,0.028,0.0281,0.028,0.028,12753.6,1769543999999999,357.80616,23,7053.6,198.20616,0
1769544000000000,0.028,0.0281,0.028,0.0281,35244.7,1769544899999999,989.52127,37,26696.7,750.17727,0
1769544900000000,0.028,0.0282,0.028,0.0282,121072.6,1769545799999999,3409.29721,59,100148.6,2820.66813,0
1769545800000000,0.0281,0.0282,0.0281,0.0281,36497.4,1769546699999999,1027.26419,40,16872.5,475.8045,0
1769546700000000,0.0281,0.0282,0.0281,0.0282,167710.4,1769547599999999,4726.83743,76,123099.0,3471.3918,0
1769547600000000,0.0282,0.0283,0.0281,0.0283,71954.1,1769548499999999,2028.64551,55,41026.9,1157.66719,0
1769548500000000,0.0282,0.0283,0.0281,0.0281,26675.6,1769549399999999,751.28783,35,8087.5,228.22038,0
1769549400000000,0.0282,0.0282,0.028,0.0281,205987.2,1769550299999999,5788.34609,55,113660.0,3194.25577,0
1769550300000000,0.0281,0.0281,0.028,0.0281,39130.7,1769551199999999,1098.83011,37,16068.1,451.51361,0
1769551200000000,0.028,0.0282,0.028,0.028,28292.5,1769552099999999,793.4111,42,11134.1,312.9759,0
1769552100000000,0.028,0.0281,0.028,0.028,31370.1,1769552999999999,878.89913,40,5363.3,150.70873,0
1769553000000000,0.0282,0.0282,0.028,0.028,14263.8,1769553899999999,400.63181,30,6458.6,182.08621,0
1769553900000000,0.0282,0.0282,0.028,0.028,28347.1,1769554799999999,796.97774,39,16294.7,459.51054,0
1769554800000000,0.028,0.0282,0.028,0.0281,76644.9,1769555699999999,2154.39762,47,57103.7,1606.62802,0
1769555700000000,0.0281,0.0282,0.028,0.0281,20303.3,1769556599999999,569.61994,35,9848.0,276.7582,0
1769556600000000,0.0281,0.0282,0.0281,0.0281,14217.3,1769557499999999,399.96296,30,4568.3,128.82606,0
1769557500000000,0.0281,0.0282,0.0281,0.0281,34754.3,1769558399999999,977.1184,30,10625.7,299.10474,0
1769558400000000,0.028,0.0282,0.028,0.028,69874.4,1769559299999999,1962.54379,62,26106.9,735.83058,0
1769559300000000,0.028,0.0281,0.028,0.028,24276.5,1769560199999999,680.15854,32,4165.4,117.04774,0
1769560200000000,0.0281,0.0281,0.028,0.028,39117.8,1769561099999999,1096.631,44,13326.0,374.4606,0
1769561100000000,0.028,0.0281,0.028,0.028,27640.1,1769561999999999,775.76164,39,18388.4,516.71404,0
1769562000000000,0.0281,0.0282,0.0279,0.0279,54609.6,1769562899999999,1535.41352,42,37580.9,1057.53645,0
1769562900000000,0.0279,0.0281,0.0279,0.0281,43407.2,1769563799999999,1216.72189,39,34930.6,979.41509,0
1769563800000000,0.028,0.0281,0.0279,0.0279,80878.8,1769564699999999,2263.63122,36,4876.8,136.58776,0
1769564700000000,0.028,0.0281,0.0279,0.028,90476.0,1769565599999999,2531.95518,46,75375.4,2110.53444,0
1769565600000000,0.0281,0.0281,0.0279,0.0279,146083.8,1769566499999999,4090.07833,59,32051.8,897.72913,0
1769566500000000,0.028,0.0281,0.0279,0.0279,59339.1,1769567399999999,1660.12106,47,25297.4,708.45263,0
1769567400000000,0.0279,0.0281,0.0279,0.0279,18958.7,1769568299999999,530.32755,34,7776.9,217.95893,0
1769568300000000,0.0279,0.028,0.0279,0.0279,35042.5,1769569199999999,979.3964,36,17106.5,478.982,0
1769569200000000,0.0279,0.028,0.0279,0.0279,118951.9,1769570099999999,3327.62004,53,76534.9,2142.9772,0
1769570100000000,0.0279,0.028,0.0279,0.0279,22689.6,1769570999999999,634.6484,28,16085.6,450.3968,0
1769571000000000,0.0279,0.028,0.0279,0.0279,17708.7,1769571899999999,494.72346,36,6507.3,182.2044,0
1769571900000000,0.0279,0.028,0.0279,0.0279,22727.1,1769572799999999,635.52748,33,14413.9,403.5892,0
1769572800000000,0.0279,0.028,0.0279,0.0279,163748.1,1769573699999999,4570.73559,50,56009.0,1564.8147,0
1769573700000000,0.0278,0.0279,0.0277,0.0278,39639.2,1769574599999999,1102.25139,44,21345.1,593.86423,0
1769574600000000,0.0278,0.0279,0.0278,0.0278,22537.5,1769575499999999,627.618,30,10755.0,300.0645,0
1769575500000000,0.0278,0.0279,0.0278,0.0278,178812.9,1769576399999999,4987.08971,51,89725.7,2503.34703,0
1769576400000000,0.0278,0.028,0.0277,0.0278,195465.3,1769577299999999,5448.48424,68,119056.1,3321.41972,0
1769577300000000,0.0278,0.0279,0.0278,0.0278,43213.8,1769578199999999,1204.33492,37,29912.8,834.56712,0
1769578200000000,0.0278,0.0279,0.0277,0.0277,263797.1,1769579099999999,7335.55421,59,90702.5,2523.56233,0
1769579100000000,0.0278,0.0279,0.0277,0.0277,84058.1,1769579999999999,2335.37733,39,49789.4,1385.59434,0
1769580000000000,0.0278,0.0279,0.0278,0.0278,272403.4,1769580899999999,7584.07006,45,170037.4,4729.02826,0
1769580900000000,0.0278,0.028,0.0278,0.0279,30606.7,1769581799999999,854.8821,40,13596.8,380.38189,0
1769581800000000,0.0279,0.028,0.0278,0.0278,106434.6,1769582699999999,2969.45934,44,3280.5,91.854,0
1769582700000000,0.0278,0.028,0.0278,0.0279,99948.8,1769583599999999,2787.87795,34,84619.8,2361.03975,0
1769583600000000,0.0279,0.028,0.0278,0.0278,54110.5,1769584499999999,1509.05012,40,24148.7,673.88434,0
1769584500000000,0.0278,0.0279,0.0278,0.0279,65095.0,1769585399999999,1814.84464,37,36978.7,1031.70573,0
1769585400000000,0.0278,0.0279,0.0278,0.0278,12873.4,1769586299999999,358.3357,29,4551.8,126.99522,0
1769586300000000,0.0278,0.028,0.0277,0.0277,269005.8,1769587199999999,7487.7997,70,108980.6,3032.11084,0
1769587200000000,0.0277,0.0278,0.0277,0.0277,46789.6,1769588099999999,1298.70581,42,26338.9,732.22142,0
1769588100000000,0.0277,0.0278,0.0277,0.0277,11215.7,1769588999999999,310.81585,22,1409.6,39.18688,0
1769589000000000,0.0277,0.0278,0.0274,0.0276,1418610.5,1769589899999999,39119.51697,208,408000.8,11255.69814,0
1769589900000000,0.0275,0.0277,0.0275,0.0275,123835.3,1769590799999999,3418.78319,45,109048.3,3010.87996,0
1769590800000000,0.0276,0.0276,0.0275,0.0275,27966.0,1769591699999999,770.43434,23,13693.4,377.93784,0
1769591700000000,0.0276,0.0276,0.0275,0.0276,110112.1,1769592599999999,3038.58271,46,60811.9,1678.40844,0
1769592600000000,0.0275,0.0277,0.0275,0.0277,56577.0,1769593499999999,1563.92671,29,45120.6,1246.99656,0
1769593500000000,0.0277,0.0278,0.0276,0.0277,91465.8,1769594399999999,2533.52867,52,36828.5,1020.40508,0
1769594400000000,0.0277,0.0278,0.0277,0.0278,81177.2,1769595299999999,2251.13338,55,46078.1,1278.88831,0
1769595300000000,0.0277,0.0278,0.0277,0.0277,115536.3,1769596199999999,3210.74053,54,103850.2,2887.03556,0
1769596200000000,0.0278,0.0278,0.0277,0.0277,57612.6,1769597099999999,1600.75555,37,48865.3,1358.45534,0
1769597100000000,0.0277,0.0278,0.0277,0.0278,87002.6,1769597999999999,2417.4184,51,74463.8,2070.09364,0
1769598000000000,0.0277,0.0278,0.0277,0.0278,90587.8,1769598899999999,2513.05586,57,57163.2,1587.19444,0
1769598900000000,0.0278,0.0278,0.0277,0.0277,48156.1,1769599799999999,1337.5574,37,36334.3,1010.09354,0
1769599800000000,0.0277,0.0279,0.0277,0.0278,157336.1,1769600699999999,4373.77123,48,132294.3,3678.01114,0
1769600700000000,0.0278,0.0279,0.0278,0.0278,109191.7,1769601599999999,3045.65322,37,101239.6,2824.58484,0
1769601600000000,0.0279,0.028,0.0277,0.0278,656679.5,1769602499999999,18216.73405,142,223686.5,6210.24893,0
1769602500000000,0.0277,0.0278,0.0277,0.0277,79743.0,1769603399999999,2212.64794,47,43068.4,1196.76152,0
1769603400000000,0.0277,0.0278,0.0276,0.0276,184494.8,1769604299999999,5110.28355,49,54292.4,1504.47263,0
1769604300000000,0.0276,0.0277,0.0276,0.0276,131582.2,1769605199999999,3635.88786,57,36791.4,1019.12178,0
1769605200000000,0.0276,0.0277,0.0276,0.0277,144632.2,1769606099999999,4000.8944,66,60605.9,1678.78343,0
1769606100000000,0.0277,0.0278,0.0276,0.0276,49791.1,1769606999999999,1377.92287,54,31261.7,866.11363,0
1769607000000000,0.0276,0.0277,0.0276,0.0277,61618.5,1769607899999999,1705.59391,49,43833.1,1214.17687,0
1769607900000000,0.0276,0.0277,0.0276,0.0276,246803.3,1769608799999999,6812.59455,50,91917.0,2537.73267,0
1769608800000000,0.0276,0.0277,0.0276,0.0276,35432.2,1769609699999999,978.69769,35,20007.1,552.96493,0
1769609700000000,0.0276,0.0276,0.0275,0.0275,97167.1,1769610599999999,2680.94467,33,14609.0,403.2084,0
1769610600000000,0.0276,0.0276,0.0275,0.0276,15047.8,1769611499999999,414.94847,27,11339.7,312.97572,0
1769611500000000,0.0276,0.0276,0.0275,0.0275,62937.6,1769612399999999,1736.34483,33,55608.3,1534.78908,0
1769612400000000,0.0276,0.0276,0.0275,0.0276,68444.5,1769613299999999,1883.11439,41,8906.4,245.81664,0
1769613300000000,0.0275,0.0276,0.0274,0.0274,138748.5,1769614199999999,3815.37004,44,51498.2,1417.01528,0
1769614200000000,0.0274,0.0276,0.0274,0.0276,160225.7,1769615099999999,4409.30878,32,61086.8,1683.26416,0
1769615100000000,0.0275,0.0276,0.0275,0.0275,15200.4,1769615999999999,418.65397,14,6429.7,177.45972,0
1769616000000000,0.0275,0.0277,0.0275,0.0276,40122.6,1769616899999999,1107.29709,29,33030.2,912.25609,0
1769616900000000,0.0275,0.0276,0.0275,0.0275,18179.9,1769617799999999,500.86078,23,9135.3,252.13428,0
1769617800000000,0.0276,0.0276,0.0275,0.0275,24122.1,1769618699999999,665.08294,14,17251.9,476.15244,0
1769618700000000,0.0275,0.0276,0.0275,0.0276,19451.9,1769619599999999,535.1753,20,2480.5,68.4618,0
1769619600000000,0.0276,0.0277,0.0275,0.0275,63563.2,1769620499999999,1748.4488,35,4462.3,123.17405,0
1769620500000000,0.0276,0.0276,0.0274,0.0275,88834.0,1769621399999999,2447.93599,29,71947.6,1983.83479,0
1769621400000000,0.0276,0.0276,0.0275,0.0276,21040.1,1769622299999999,580.2531,27,16503.5,455.4966,0
1769622300000000,0.0275,0.0277,0.0275,0.0276,18147.0,1769623199999999,500.83704,31,8038.1,222.0445,0
1769623200000000,0.0276,0.0277,0.0275,0.0275,38253.0,1769624099999999,1055.01013,38,6106.6,168.60894,0
1769624100000000,0.0275,0.0276,0.0274,0.0274,21700.2,1769624999999999,596.75741,34,2480.3,68.4059,0
1769625000000000,0.0274,0.0276,0.0274,0.0274,42186.1,1769625899999999,1160.15985,40,20416.2,561.72382,0
1769625900000000,0.0274,0.0275,0.0274,0.0274,11580.8,1769626799999999,317.46566,27,1517.4,41.7285,0
1769626800000000,0.0274,0.0275,0.0274,0.0274,452259.0,1769627699999999,12413.89418,100,156840.0,4310.405,0
1769627700000000,0.0274,0.0275,0.0273,0.0273,123411.1,1769628599999999,3381.17023,58,52078.8,1427.19109,0
1769628600000000,0.0274,0.0274,0.0273,0.0274,3120.1,1769629499999999,85.3275,11,1487.7,40.76298,0
1769629500000000,0.0274,0.0275,0.0274,0.0275,102084.1,1769630399999999,2797.33823,16,88405.0,2422.53089,0
1769630400000000,0.0275,0.0275,0.0274,0.0275,132618.0,1769631299999999,3645.75624,35,120230.4,3306.336,0
1769631300000000,0.0275,0.0276,0.0275,0.0275,123532.9,1769632199999999,3402.80243,24,116003.2,3195.73568,0
1769632200000000,0.0276,0.0276,0.0273,0.0274,210732.1,1769633099999999,5784.04213,37,7736.9,213.39532,0
1769633100000000,0.0273,0.0274,0.0273,0.0274,32446.0,1769633999999999,887.69812,28,19223.2,526.71568,0
1769634000000000,0.0274,0.0274,0.0273,0.0273,5413.4,1769634899999999,148.19197,8,4061.5,111.2851,0
1769634900000000,0.0273,0.0275,0.0273,0.0275,68751.2,1769635799999999,1885.90893,30,43891.3,1204.80313,0
1769635800000000,0.0274,0.0276,0.0274,0.0275,167842.0,1769636699999999,4615.85689,34,116356.6,3200.31397,0
1769636700000000,0.0275,0.0275,0.0274,0.0275,15486.0,1769637599999999,425.11234,13,7959.4,218.8835,0
1769637600000000,0.0274,0.0275,0.0274,0.0275,28744.7,1769638499999999,788.13367,21,5288.9,145.44475,0
1769638500000000,0.0275,0.0275,0.0274,0.0274,12357.4,1769639399999999,339.45528,10,8625.2,237.193,0
1769639400000000,0.0274,0.0276,0.0274,0.0276,125136.3,1769640299999999,3441.94352,20,10467.9,288.8045,0
1769640300000000,0.0275,0.0277,0.0275,0.0276,123186.0,1769641199999999,3401.15093,42,108270.6,2989.83516,0
1769641200000000,0.0276,0.0277,0.0274,0.0274,37681.9,1769642099999999,1037.82326,26,10498.8,289.83055,0
1769642100000000,0.0275,0.0275,0.0274,0.0275,9738.3,1769642999999999,267.63017,17,8007.5,220.20625,0
1769643000000000,0.0275,0.0275,0.0274,0.0274,11018.2,1769643899999999,302.48448,9,5858.0,161.095,0
1769643900000000,0.0275,0.0275,0.0274,0.0275,15811.6,1769644799999999,434.66004,13,14222.0,391.105,0
1769644800000000,0.0275,0.0275,0.0274,0.0274,90638.5,1769645699999999,2484.35048,32,52732.9,1445.73704,0
1769645700000000,0.0274,0.0275,0.0274,0.0274,173083.4,1769646599999999,4743.34781,26,60815.8,1667.21557,0
1769646600000000,0.0273,0.0275,0.0273,0.0273,227717.5,1769647499999999,6237.77915,33,124410.7,3408.98365,0
1769647500000000,0.0273,0.0274,0.0273,0.0273,31650.4,1769648399999999,864.13648,11,805.6,22.07344,0
1769648400000000,0.0273,0.0274,0.0273,0.0273,24332.4,1769649299999999,665.28613,25,10116.1,277.18114,0
1769649300000000,0.0273,0.0274,0.0272,0.0274,196530.9,1769650199999999,5365.89449,40,158476.4,4327.23928,0
1769650200000000,0.0274,0.0274,0.0273,0.0273,13773.3,1769651099999999,376.06199,14,509.0,13.9466,0
1769651100000000,0.0274,0.0274,0.0273,0.0274,14581.7,1769651999999999,398.24652,14,1661.1,45.51414,0
1769652000000000,0.0273,0.0274,0.0273,0.0273,14431.1,1769652899999999,394.04422,16,751.9,20.60206,0
1769652900000000,0.0274,0.0274,0.0273,0.0273,9102.8,1769653799999999,249.12843,7,6219.9,170.42526,0
1769653800000000,0.0273,0.0274,0.0272,0.0272,188891.6,1769654699999999,5156.87022,52,59305.2,1619.57486,0
1769654700000000,0.0272,0.0273,0.0271,0.0271,102872.6,1769655599999999,2797.2846,21,1820.1,49.57964,0
1769655600000000,0.0272,0.0272,0.0271,0.0272,16238.8,1769656499999999,441.15456,15,10830.8,294.59776,0
1769656500000000,0.0271,0.0271,0.027,0.0271,208739.2,1769657399999999,5652.21836,56,42626.9,1155.18899,0
1769657400000000,0.027,0.0271,0.027,0.0271,89923.7,1769658299999999,2436.34227,18,84023.7,2277.04227,0
1769658300000000,0.0271,0.0272,0.027,0.0271,171846.2,1769659199999999,4656.96201,25,144649.7,3920.07155,0
1769659200000000,0.0272,0.0272,0.027,0.0272,41146.6,1769660099999999,1115.29658,33,12500.9,339.04268,0
1769660100000000,0.0271,0.0272,0.027,0.0272,33361.3,1769660999999999,904.15435,27,16834.1,456.48129,0
1769661000000000,0.0271,0.0273,0.0271,0.0272,43038.0,1769661899999999,1170.86878,33,12733.9,346.64446,0
1769661900000000,0.0272,0.0273,0.0272,0.0272,12647.9,1769662799999999,344.24783,14,2249.5,61.41135,0
1769662800000000,0.0272,0.0275,0.0272,0.0272,148056.2,1769663699999999,4041.90335,65,20071.1,550.36948,0
1769663700000000,0.0272,0.0273,0.0272,0.0272,12417.9,1769664599999999,337.86202,15,951.4,25.97322,0
1769664600000000,0.0272,0.0274,0.0272,0.0272,164563.5,1769665499999999,4505.72025,37,146948.9,4025.01995,0
1769665500000000,0.0273,0.0273,0.0271,0.0273,25565.5,1769666399999999,695.91625,21,17308.5,471.36085,0
1769666400000000,0.0273,0.0273,0.0272,0.0273,201990.3,1769667299999999,5495.45562,29,13194.6,360.21258,0
1769667300000000,0.0272,0.0272,0.0272,0.0272,10661.3,1769668199999999,289.98736,12,0.0,0.0,0
1769668200000000,0.0273,0.0273,0.0272,0.0272,5167.1,1769669099999999,140.69288,9,1477.6,40.33848,0
1769669100000000,0.0272,0.0273,0.0271,0.0272,72106.5,1769669999999999,1961.55508,49,24899.7,677.60965,0
1769670000000000,0.0272,0.0273,0.0272,0.0273,63417.7,1769670899999999,1726.46302,40,15015.8,409.93134,0
1769670900000000,0.0273,0.0273,0.0272,0.0273,16412.1,1769671799999999,447.63071,27,12215.9,333.49407,0
1769671800000000,0.0272,0.0273,0.0272,0.0273,11290.3,1769672699999999,307.78766,25,6915.0,188.7795,0
1769672700000000,0.0273,0.0273,0.0272,0.0272,27528.7,1769673599999999,750.33034,23,15497.0,423.0681,0
1769673600000000,0.0273,0.0273,0.0271,0.0272,115782.3,1769674499999999,3147.11668,27,3262.5,88.84857,0
1769674500000000,0.0271,0.0272,0.0271,0.0272,18685.5,1769675399999999,507.35633,22,9792.8,266.36416,0
1769675400000000,0.0272,0.0273,0.0272,0.0272,47463.3,1769676299999999,1291.46884,27,4670.8,127.51284,0
1769676300000000,0.0271,0.0272,0.0271,0.0271,9772.2,1769677199999999,264.99085,15,1642.3,44.67056,0
1769677200000000,0.0272,0.0272,0.0271,0.0272,83002.1,1769678099999999,2254.49203,21,51351.2,1396.75264,0
1769678100000000,0.0271,0.0272,0.0271,0.0271,20735.8,1769678999999999,563.07441,14,11342.3,308.51056,0
1769679000000000,0.0271,0.0272,0.0271,0.0271,71650.1,1769679899999999,1943.81134,57,20936.3,569.46736,0
1769679900000000,0.0272,0.0272,0.0271,0.0271,91809.3,1769680799999999,2488.10507,20,58205.5,1577.44209,0
1769680800000000,0.027,0.0271,0.027,0.0271,34613.6,1769681699999999,937.45731,17,28901.1,783.21981,0
1769681700000000,0.0271,0.0272,0.027,0.027,194829.9,1769682599999999,5276.77086,29,29070.5,789.04238,0
1769682600000000,0.027,0.0271,0.027,0.027,52597.7,1769683499999999,1423.36708,21,32291.8,875.10778,0
1769683500000000,0.027,0.0271,0.0268,0.027,442624.9,1769684399999999,11909.63418,54,280989.7,7559.78665,0
1769684400000000,0.027,0.027,0.0268,0.0269,165133.8,1769685299999999,4435.23823,59,52918.1,1423.61009,0
1769685300000000,0.0269,0.0269,0.0268,0.0268,51583.0,1769686199999999,1386.04961,59,33440.0,899.536,0
1769686200000000,0.0268,0.0269,0.0268,0.0269,39612.3,1769687099999999,1064.39015,56,27805.1,747.95719,0
1769687100000000,0.0268,0.0269,0.0267,0.0268,152642.7,1769687999999999,4091.76832,77,109589.1,2937.94597,0
1769688000000000,0.0268,0.0269,0.0268,0.0269,36014.9,1769688899999999,968.09001,26,28906.9,777.59561,0
1769688900000000,0.0269,0.0269,0.0268,0.0269,65017.9,1769689799999999,1745.23705,28,27573.3,741.72177,0
1769689800000000,0.0269,0.0269,0.0268,0.0269,65101.7,1769690699999999,1747.09721,34,46459.3,1247.48089,0
1769690700000000,0.0269,0.0269,0.0267,0.0268,79604.5,1769691599999999,2134.63902,75,12657.7,340.49213,0
1769691600000000,0.0268,0.0269,0.0267,0.0269,46393.0,1769692499999999,1244.11244,23,26838.9,721.01253,0
1769692500000000,0.0268,0.0269,0.0268,0.0268,103654.7,1769693399999999,2787.62239,19,96764.3,2602.95967,0
1769693400000000,0.0268,0.0269,0.0268,0.0268,108957.4,1769694299999999,2920.65568,31,65518.4,1756.49048,0
1769694300000000,0.0268,0.0281,0.0268,0.0279,4193143.2,1769695199999999,115960.04392,812,2635055.3,72780.32378,0
1769695200000000,0.0279,0.03,0.0277,0.028,21909370.2,1769696099999999,632863.19584,2970,11854806.6,343015.77996,0
1769696100000000,0.0281,0.0287,0.0271,0.0272,6295202.9,1769696999999999,174182.91484,1306,3049465.2,84345.90619,0
1769697000000000,0.0271,0.0273,0.0266,0.0267,3557095.8,1769697899999999,95863.41932,716,1619000.0,43696.11132,0
1769697900000000,0.0268,0.0271,0.0264,0.0266,1031851.9,1769698799999999,27594.4075,306,580544.9,15526.65352,0
1769698800000000,0.0265,0.0266,0.0261,0.0263,2062025.0,1769699699999999,54332.68286,410,1195395.8,31519.46152,0
1769699700000000,0.0263,0.0268,0.0263,0.0265,915451.6,1769700599999999,24231.65768,271,294436.1,7814.589,0
1769700600000000,0.0265,0.0267,0.0265,0.0265,434613.4,1769701499999999,11548.16847,91,100479.3,2670.46541,0
1769701500000000,0.0266,0.0266,0.0263,0.0265,364690.9,1769702399999999,9632.51981,141,214354.7,5663.69611,0
1769702400000000,0.0264,0.0265,0.0261,0.0264,792994.0,1769703299999999,20864.12385,237,405713.7,10675.99365,0
1769703300000000,0.0263,0.0265,0.0263,0.0265,301498.2,1769704199999999,7959.68309,76,260128.9,6868.80004,0
1769704200000000,0.0264,0.0265,0.0262,0.0263,227533.3,1769705099999999,5998.56851,68,32546.0,858.69067,0
1769705100000000,0.0264,0.0265,0.0262,0.0265,492872.2,1769705999999999,13008.67304,114,325623.9,8597.76587,0
1769706000000000,0.0265,0.0266,0.0265,0.0266,233974.3,1769706899999999,6214.65221,62,66771.6,1773.05408,0
1769706900000000,0.0266,0.0267,0.0265,0.0265,106064.2,1769707799999999,2821.24334,35,16429.2,437.36537,0
1769707800000000,0.0266,0.0266,0.0264,0.0265,389519.3,1769708699999999,10301.9473,68,291434.5,7709.25064,0
1769708700000000,0.0264,0.0265,0.0263,0.0263,218653.7,1769709599999999,5764.15645,65,18283.5,482.88205,0
1769709600000000,0.0263,0.0265,0.0262,0.0264,262520.0,1769710499999999,6917.67341,63,210738.2,5550.77381,0
1769710500000000,0.0265,0.0265,0.0263,0.0264,445619.2,1769711399999999,11764.43333,275,15995.2,423.05318,0
1769711400000000,0.0264,0.0264,0.0263,0.0263,69940.2,1769712299999999,1842.87883,65,34515.7,911.21448,0
1769712300000000,0.0263,0.0264,0.0261,0.0262,242009.6,1769713199999999,6363.38855,144,44757.9,1181.09887,0
1769713200000000,0.0262,0.0262,0.0261,0.0262,173233.2,1769714099999999,4524.37976,47,153166.4,4000.63628,0
1769714100000000,0.0262,0.0262,0.026,0.0262,208841.8,1769714999999999,5450.94587,102,56305.4,1471.55032,0
1769715000000000,0.0262,0.0263,0.0262,0.0263,119815.7,1769715899999999,3140.66527,61,106499.5,2791.78083,0
1769715900000000,0.0262,0.0263,0.0262,0.0263,71506.6,1769716799999999,1879.84719,48,53815.6,1415.35028,0
1769716800000000,0.0263,0.0263,0.0261,0.0262,191072.5,1769717699999999,5003.57798,84,42762.4,1121.20799,0
1769717700000000,0.0262,0.0262,0.0261,0.0262,86661.9,1769718599999999,2263.05064,40,11750.5,307.8631,0
1769718600000000,0.0262,0.0262,0.0261,0.0262,36188.8,1769719499999999,947.24575,41,27180.7,712.13434,0
1769719500000000,0.0261,0.0263,0.0261,0.0262,111102.4,1769720399999999,2910.42547,51,64443.9,1688.45822,0
1769720400000000,0.0262,0.0264,0.0262,0.0263,124198.8,1769721299999999,3263.84603,64,65770.3,1729.2374,0
1769721300000000,0.0263,0.0263,0.0261,0.0262,131615.5,1769722199999999,3451.42915,87,48830.2,1283.12782,0
1769722200000000,0.0262,0.0262,0.0261,0.0261,153906.8,1769723099999999,4020.33777,88,70868.6,1853.04075,0
1769723100000000,0.0262,0.0262,0.0261,0.0261,45484.2,1769723999999999,1190.22637,58,30887.5,809.2525,0
1769724000000000,0.0261,0.0263,0.0261,0.0262,242674.8,1769724899999999,6357.9297,72,159849.7,4188.75626,0
1769724900000000,0.0262,0.0262,0.0261,0.0262,20922.0,1769725799999999,547.62218,22,15579.8,408.19076,0
1769725800000000,0.0262,0.0263,0.0262,0.0262,38994.3,1769726699999999,1022.5037,34,23184.6,608.28956,0
1769726700000000,0.0262,0.0263,0.0261,0.0263,95101.7,1769727599999999,2492.54136,36,42419.1,1112.29025,0
1769727600000000,0.0261,0.0262,0.0261,0.0262,36060.7,1769728499999999,942.62994,17,14456.7,378.76554,0
1769728500000000,0.0262,0.0262,0.0261,0.0262,13572.2,1769729399999999,354.73224,21,4978.2,130.42884,0
1769729400000000,0.0261,0.0263,0.0261,0.0261,174512.1,1769730299999999,4572.21818,44,26630.1,698.16512,0
1769730300000000,0.0261,0.0263,0.0261,0.0263,60259.8,1769731199999999,1578.47463,39,50349.3,1319.3675,0
1769731200000000,0.0263,0.0263,0.0262,0.0263,66620.6,1769732099999999,1747.64495,48,21852.3,574.71549,0
1769732100000000,0.0263,0.0263,0.0261,0.0262,39820.7,1769732999999999,1042.65085,34,12488.4,327.85261,0
1769733000000000,0.0261,0.0262,0.0261,0.0261,27124.7,1769733899999999,709.15193,35,11972.6,313.68212,0
1769733900000000,0.0261,0.0262,0.026,0.0261,413764.0,1769734799999999,10800.75931,144,186541.2,4870.34531,0
1769734800000000,0.0261,0.0262,0.026,0.0262,167600.1,1769735699999999,4374.15389,62,44271.3,1157.12307,0
1769735700000000,0.0262,0.0262,0.0261,0.0262,50634.7,1769736599999999,1323.38311,36,23799.4,622.98178,0
1769736600000000,0.0262,0.0262,0.0255,0.0257,834542.4,1769737499999999,21556.1926,151,312651.9,8075.52536,0
1769737500000000,0.0257,0.0259,0.0257,0.0259,96822.6,1769738399999999,2494.29547,48,49950.7,1287.81459,0
1769738400000000,0.0259,0.0259,0.0258,0.0259,31639.3,1769739299999999,818.85737,45,25634.3,663.92837,0
1769739300000000,0.0259,0.0259,0.0256,0.0256,200111.7,1769740199999999,5146.11212,71,55984.2,1439.24858,0
1769740200000000,0.0256,0.0258,0.0256,0.0258,271666.6,1769741099999999,6978.13914,72,219073.8,5630.44979,0
1769741100000000,0.0257,0.0258,0.0256,0.0257,27405.8,1769741999999999,704.5272,21,6184.7,159.2836,0
1769742000000000,0.0256,0.0258,0.0256,0.0258,54190.3,1769742899999999,1392.35387,42,24072.2,620.03033,0
1769742900000000,0.0258,0.0258,0.0257,0.0257,57161.1,1769743799999999,1470.15629,30,17865.6,460.26194,0
1769743800000000,0.0256,0.0257,0.0256,0.0256,9668.6,1769744699999999,247.90673,13,3905.7,100.37649,0
1769744700000000,0.0257,0.0257,0.0256,0.0257,84459.5,1769745599999999,2166.42688,24,42636.8,1095.76576,0
1769745600000000,0.0257,0.0258,0.0257,0.0258,83454.8,1769746499999999,2147.44655,39,39729.6,1023.70891,0
1769746500000000,0.0258,0.0259,0.0257,0.0259,162986.4,1769747399999999,4205.41294,65,112407.6,2901.40476,0
1769747400000000,0.0259,0.0259,0.0258,0.0258,9407.6,1769748299999999,243.35374,20,6376.6,165.15394,0
1769748300000000,0.0258,0.0259,0.0258,0.0258,30989.0,1769749199999999,800.38895,34,8727.5,226.04225,0
1769749200000000,0.0258,0.0259,0.0257,0.0258,245983.5,1769750099999999,6348.60462,76,30686.3,794.36548,0
1769750100000000,0.0257,0.0259,0.0257,0.0258,158033.3,1769750999999999,4076.96211,67,143530.3,3703.71886,0
1769751000000000,0.0259,0.0259,0.0258,0.0258,22863.2,1769751899999999,591.68634,20,18157.8,470.28702,0
1769751900000000,0.0258,0.0259,0.0258,0.0259,42340.5,1769752799999999,1094.22989,38,18449.9,477.85241,0
1769752800000000,0.0258,0.0259,0.0257,0.0258,32827.3,1769753699999999,846.05342,31,12040.6,310.81081,0
1769753700000000,0.0258,0.0258,0.0256,0.0257,84074.7,1769754599999999,2155.30656,40,36724.0,942.86739,0
1769754600000000,0.0256,0.0257,0.0256,0.0257,10517.4,1769755499999999,269.85153,19,6060.9,155.76513,0
1769755500000000,0.0256,0.0257,0.0256,0.0257,84868.2,1769756399999999,2172.86917,33,55610.3,1423.86693,0
1769756400000000,0.0256,0.026,0.0256,0.026,153482.0,1769757299999999,3967.858,76,110810.2,2865.47405,0
1769757300000000,0.0259,0.0261,0.0258,0.026,327225.7,1769758199999999,8483.25137,81,163799.1,4245.85495,0
1769758200000000,0.0259,0.0261,0.0258,0.0259,175926.4,1769759099999999,4557.93066,79,25871.6,671.74548,0
1769759100000000,0.0259,0.026,0.0258,0.026,238206.3,1769759999999999,6174.44333,85,176371.6,4572.95002,0
1769760000000000,0.0259,0.0261,0.0259,0.026,43397.1,1769760899999999,1127.56902,43,13725.8,357.03875,0
1769760900000000,0.026,0.0261,0.0259,0.026,35628.4,1769761799999999,923.6682,24,8741.1,227.28713,0
1769761800000000,0.0259,0.026,0.0258,0.0259,141835.0,1769762699999999,3673.13657,38,23880.1,618.89529,0
1769762700000000,0.0258,0.026,0.0258,0.0259,38855.2,1769763599999999,1005.39047,21,23194.3,601.33925,0
1769763600000000,0.0259,0.026,0.0257,0.0257,225279.3,1769764499999999,5825.94378,44,13402.4,347.62193,0
1769764500000000,0.0258,0.0259,0.0257,0.0258,58611.1,1769765399999999,1512.43128,43,46371.8,1196.86377,0
1769765400000000,0.0258,0.0259,0.0257,0.0258,140210.9,1769766299999999,3621.90547,105,98354.9,2542.11033,0
1769766300000000,0.0259,0.0259,0.0258,0.0258,59989.5,1769767199999999,1550.69468,89,29655.8,768.08522,0
1769767200000000,0.0258,0.0259,0.0256,0.0258,123085.4,1769768099999999,3167.06998,115,50080.2,1290.0495,0
1769768100000000,0.0257,0.0259,0.0257,0.0257,248872.0,1769768999999999,6412.63791,133,113030.0,2916.8382,0
1769769000000000,0.0258,0.0259,0.0257,0.0259,260669.6,1769769899999999,6726.24514,122,214627.2,5539.98275,0
1769769900000000,0.0258,0.0259,0.0257,0.0258,159366.4,1769770799999999,4100.01465,25,22028.9,568.43041,0
1769770800000000,0.0257,0.0258,0.0257,0.0258,81144.6,1769771699999999,2089.52295,44,41067.3,1059.53634,0
1769771700000000,0.0258,0.0258,0.0257,0.0258,30208.0,1769772599999999,778.97749,26,26318.9,679.02762,0
1769772600000000,0.0257,0.0258,0.0257,0.0257,49421.7,1769773499999999,1271.89402,33,17563.3,453.13314,0
1769773500000000,0.0258,0.0261,0.0258,0.026,179571.7,1769774399999999,4655.61088,72,116305.8,3013.35399,0
1769774400000000,0.0259,0.026,0.0258,0.0258,66385.0,1769775299999999,1719.86692,29,16608.6,431.8236,0
1769775300000000,0.0259,0.0259,0.0258,0.0259,40304.0,1769776199999999,1042.20962,31,23664.2,612.90278,0
1769776200000000,0.0258,0.0259,0.0258,0.0258,57652.8,1769777099999999,1488.10099,35,6587.5,170.61625,0
1769777100000000,0.0258,0.0258,0.0257,0.0258,75673.0,1769777999999999,1951.69347,22,25405.6,655.46448,0
1769778000000000,0.0257,0.0258,0.0257,0.0258,54656.7,1769778899999999,1405.27475,34,30108.5,774.38601,0
1769778900000000,0.0258,0.0258,0.0257,0.0258,13144.4,1769779799999999,338.72195,27,9358.0,241.41147,0
1769779800000000,0.0257,0.0258,0.0256,0.0257,45251.3,1769780699999999,1162.43257,37,21331.1,548.74782,0
1769780700000000,0.0256,0.0257,0.0256,0.0257,24825.2,1769781599999999,637.55224,22,20271.2,520.96984,0
1769781600000000,0.0257,0.0258,0.0255,0.0257,65011.4,1769782499999999,1667.61041,43,39044.5,1004.03921,0
1769782500000000,0.0258,0.0259,0.0257,0.0258,45765.3,1769783399999999,1179.04951,36,28341.8,731.26556,0
1769783400000000,0.0258,0.026,0.0257,0.026,169408.7,1769784299999999,4374.45742,57,69163.1,1788.06305,0
1769784300000000,0.0259,0.026,0.0257,0.0258,139682.7,1769785199999999,3611.9508,40,48836.6,1263.89612,0
1769785200000000,0.0258,0.026,0.0258,0.0259,193271.9,1769786099999999,5004.02829,60,99055.9,2563.95823,0
1769786100000000,0.026,0.026,0.0258,0.0258,291925.8,1769786999999999,7536.46564,77,197177.1,5089.25265,0
1769787000000000,0.0257,0.0261,0.0256,0.026,431674.3,1769787899999999,11147.03762,90,190171.9,4901.00459,0
1769787900000000,0.026,0.026,0.0259,0.0259,43519.6,1769788799999999,1127.68843,19,6253.5,162.49644,0
1769788800000000,0.0258,0.0259,0.0258,0.0259,97617.3,1769789699999999,2522.55927,48,43842.8,1134.67107,0
1769789700000000,0.0259,0.0259,0.0258,0.0258,68526.7,1769790599999999,1771.49839,37,33488.5,866.48429,0
1769790600000000,0.0259,0.026,0.0258,0.0259,92373.7,1769791499999999,2391.2157,54,49365.4,1278.69986,0
1769791500000000,0.0259,0.026,0.0259,0.0259,74035.0,1769792399999999,1917.56421,24,26627.7,689.71514,0
1769792400000000,0.0259,0.0259,0.0257,0.0258,93215.6,1769793299999999,2407.2166,25,60027.7,1551.00692,0
1769793300000000,0.0258,0.026,0.0258,0.0259,50423.3,1769794199999999,1305.13411,23,36656.7,949.91349,0
1769794200000000,0.0259,0.026,0.0258,0.026,442797.2,1769795099999999,11468.83414,58,283244.4,7336.50206,0
1769795100000000,0.026,0.026,0.0259,0.026,143740.4,1769795999999999,3733.359,29,104826.4,2725.4864,0
1769796000000000,0.0259,0.026,0.0258,0.0259,67564.8,1769796899999999,1749.21843,23,1429.7,37.09517,0
1769796900000000,0.0258,0.0258,0.0255,0.0257,688352.0,1769797799999999,17662.0951,111,252684.1,6474.87108,0
1769797800000000,0.0257,0.0258,0.0256,0.0258,181373.5,1769798699999999,4669.43134,53,133844.1,3449.93264,0
1769798700000000,0.0259,0.0262,0.0258,0.0262,353218.6,1769799599999999,9164.9962,61,327006.1,8485.41322,0
1769799600000000,0.0261,0.0263,0.026,0.0262,755622.6,1769800499999999,19760.54001,103,189199.3,4952.7055,0
1769800500000000,0.0262,0.0263,0.0261,0.0261,143240.7,1769801399999999,3747.53938,43,59835.4,1567.70787,0
1769801400000000,0.0261,0.0262,0.026,0.0261,84264.1,1769802299999999,2199.39972,38,56511.9,1475.35377,0
1769802300000000,0.0262,0.0262,0.0261,0.0262,89250.4,1769803199999999,2331.64026,27,57040.6,1490.96448,0
1769803200000000,0.0262,0.0262,0.0259,0.0259,460952.6,1769804099999999,11981.59783,84,208548.3,5420.71348,0
1769804100000000,0.0259,0.026,0.0258,0.0258,142905.5,1769804999999999,3699.39537,47,7733.2,200.52844,0
1769805000000000,0.0258,0.0258,0.0256,0.0257,141219.4,1769805899999999,3633.92681,52,94526.3,2432.98967,0
1769805900000000,0.0258,0.0258,0.0257,0.0258,111733.3,1769806799999999,2873.61074,34,88774.0,2283.55673,0
1769806800000000,0.0258,0.0259,0.0257,0.0258,25953.7,1769807699999999,669.58131,23,23938.0,617.73149,0
1769807700000000,0.0258,0.026,0.0258,0.0259,130848.6,1769808599999999,3389.02249,30,19388.2,502.3801,0
1769808600000000,0.0259,0.0259,0.0258,0.0259,18204.0,1769809499999999,471.42412,16,17609.2,456.07828,0
1769809500000000,0.0259,0.026,0.0259,0.026,77942.7,1769810399999999,2019.61938,29,56250.9,1457.80176,0
1769810400000000,0.0259,0.026,0.0258,0.0259,45015.6,1769811299999999,1165.68649,25,28674.7,742.93092,0
1769811300000000,0.0259,0.0259,0.0257,0.0258,47008.7,1769812199999999,1212.69005,31,24918.5,643.45644,0
1769812200000000,0.0257,0.0259,0.0257,0.0259,10903.7,1769813099999999,282.14855,13,10433.4,270.03835,0
1769813100000000,0.0259,0.0259,0.0258,0.0259,36133.4,1769813999999999,932.66359,19,20049.0,517.68607,0
1769814000000000,0.0259,0.0259,0.0258,0.0258,27964.3,1769814899999999,721.84081,10,5542.0,143.34547,0
1769814900000000,0.0258,0.0262,0.0258,0.026,1202869.9,1769815799999999,31266.58261,232,693494.6,17997.1878,0
1769815800000000,0.026,0.0262,0.026,0.026,60045.3,1769816699999999,1565.19831,49,26634.2,695.24699,0
1769816700000000,0.0261,0.0262,0.026,0.0262,30556.4,1769817599999999,797.52419,8,29077.9,759.03051,0
1769817600000000,0.0261,0.0262,0.026,0.026,36315.6,1769818499999999,947.81178,19,4317.6,112.98816,0
1769818500000000,0.0261,0.0261,0.026,0.0261,19291.3,1769819399999999,502.3577,17,7839.0,204.5979,0
1769819400000000,0.0261,0.0262,0.026,0.0261,51789.2,1769820299999999,1352.16118,29,31910.7,833.581,0
1769820300000000,0.026,0.0261,0.026,0.026,6151.4,1769821199999999,160.38081,7,4444.1,115.99101,0
1769821200000000,0.026,0.026,0.0255,0.0259,1463585.8,1769822099999999,37729.53187,245,631098.3,16228.86693,0
1769822100000000,0.0259,0.026,0.0258,0.0258,64270.3,1769822999999999,1667.34944,25,28367.8,737.51703,0
1769823000000000,0.0259,0.0259,0.0257,0.0258,93492.2,1769823899999999,2412.0948,26,12725.4,328.55851,0
1769823900000000,0.0258,0.0258,0.0257,0.0258,131432.1,1769824799999999,3390.89238,41,130874.1,3376.55178,0
1769824800000000,0.0258,0.0258,0.0257,0.0258,61945.2,1769825699999999,1597.60075,37,56091.1,1447.15038,0
1769825700000000,0.0258,0.0258,0.0257,0.0258,127821.8,1769826599999999,3287.60711,65,58612.6,1508.93067,0
1769826600000000,0.0258,0.0259,0.0258,0.0259,80567.1,1769827499999999,2079.52511,28,47048.8,1214.75297,0
1769827500000000,0.0259,0.0259,0.0258,0.0259,33414.1,1769828399999999,864.39282,20,23090.4,598.04136,0
1769828400000000,0.0259,0.0259,0.0258,0.0259,11507.1,1769829299999999,297.18641,15,3032.3,78.53657,0
1769829300000000,0.0259,0.0259,0.0258,0.0259,5160.3,1769830199999999,133.3338,9,1980.6,51.29754,0
1769830200000000,0.0259,0.0259,0.0258,0.0259,7909.3,1769831099999999,204.70212,14,6421.8,166.32462,0
1769831100000000,0.0259,0.0259,0.0259,0.0259,2131.5,1769831999999999,55.20585,4,2131.5,55.20585,0
1769832000000000,0.0258,0.0259,0.0258,0.0258,35008.9,1769832899999999,904.11718,30,8875.6,229.87804,0
1769832900000000,0.0259,0.0259,0.0257,0.0258,49805.7,1769833799999999,1284.00016,34,10218.7,264.39381,0
1769833800000000,0.0257,0.0258,0.0257,0.0258,4601.6,1769834699999999,118.53595,8,2748.3,70.90614,0
1769834700000000,0.0258,0.0258,0.0258,0.0258,21298.2,1769835599999999,549.49356,12,21298.2,549.49356,0
1769835600000000,0.0258,0.0258,0.0257,0.0258,52737.4,1769836499999999,1358.04012,32,26889.4,693.74652,0
1769836500000000,0.0257,0.0258,0.0257,0.0257,42123.2,1769837399999999,1084.26079,37,16945.5,437.1939,0
1769837400000000,0.0257,0.0258,0.0257,0.0258,32600.0,1769838299999999,840.68551,25,13843.1,357.15198,0
1769838300000000,0.0258,0.0258,0.0257,0.0258,6758.9,1769839199999999,174.27765,14,5739.2,148.07136,0
1769839200000000,0.0258,0.0258,0.0257,0.0257,21055.4,1769840099999999,542.88508,13,17613.0,454.4154,0
1769840100000000,0.0258,0.0258,0.0255,0.0256,65980.5,1769840999999999,1693.41224,30,10720.4,275.31359,0
1769841000000000,0.0256,0.0256,0.0255,0.0256,30628.1,1769841899999999,783.83347,79,28169.2,721.13152,0
1769841900000000,0.0256,0.0256,0.0255,0.0256,58583.8,1769842799999999,1499.70589,96,44858.5,1148.3776,0
1769842800000000,0.0256,0.0256,0.0255,0.0255,69263.1,1769843699999999,1770.29646,125,40874.1,1046.37696,0
1769843700000000,0.0256,0.0257,0.0255,0.0255,79193.1,1769844599999999,2024.78931,148,42521.7,1088.74271,0
1769844600000000,0.0256,0.0256,0.0253,0.0254,250081.2,1769845499999999,6363.30155,163,105948.8,2699.6277,0
1769845500000000,0.0254,0.0255,0.0253,0.0255,548018.6,1769846399999999,13935.9465,127,533481.6,13566.86597,0
1769846400000000,0.0255,0.0255,0.0254,0.0255,38425.4,1769847299999999,978.75146,55,29629.0,755.3229,0
1769847300000000,0.0255,0.0255,0.0253,0.0254,60528.2,1769848199999999,1533.99142,55,17977.8,457.07593,0
1769848200000000,0.0254,0.0254,0.025,0.0252,628171.9,1769849099999999,15794.97402,187,225359.8,5672.03374,0
1769849100000000,0.0252,0.0254,0.0252,0.0254,324885.3,1769849999999999,8203.83821,287,276519.4,6982.21034,0
1769850000000000,0.0254,0.0255,0.0252,0.0255,109898.6,1769850899999999,2790.92432,110,104287.6,2648.97904,0
1769850900000000,0.0255,0.0255,0.0254,0.0255,142626.2,1769851799999999,3624.98464,41,53223.0,1354.14336,0
1769851800000000,0.0254,0.0255,0.0254,0.0255,29695.7,1769852699999999,756.67378,17,24030.0,612.765,0
1769852700000000,0.0255,0.0255,0.0254,0.0255,21627.4,1769853599999999,550.47063,11,11346.7,289.34085,0
1769853600000000,0.0255,0.0255,0.0253,0.0254,249791.9,1769854499999999,6344.01137,36,41851.4,1063.31848,0
1769854500000000,0.0254,0.0254,0.0252,0.0254,36821.5,1769855399999999,931.95989,22,11480.4,291.60216,0
1769855400000000,0.0254,0.0254,0.0253,0.0253,21303.4,1769856299999999,540.09532,17,11193.0,284.3022,0
1769856300000000,0.0254,0.0254,0.0253,0.0253,28131.2,1769857199999999,713.59725,17,18778.9,476.98406,0
1769857200000000,0.0254,0.0255,0.0253,0.0254,79986.0,1769858099999999,2035.63401,30,49032.2,1249.59468,0
1769858100000000,0.0255,0.0266,0.0254,0.0264,5474830.2,1769858999999999,142883.93845,1149,3356097.7,87608.79124,0
1769859000000000,0.0265,0.0276,0.0262,0.0262,7319510.5,1769859899999999,197186.91011,1702,3981061.7,107268.83849,0
1769859900000000,0.0262,0.0265,0.0256,0.0258,3422198.3,1769860799999999,89010.25894,701,1784380.6,46548.35111,0
1769860800000000,0.0259,0.0261,0.0254,0.0255,1999580.3,1769861699999999,51533.34552,400,879680.1,22690.80762,0
1769861700000000,0.0255,0.0256,0.0252,0.0256,1642000.8,1769862599999999,41657.16845,399,611489.3,15559.43732,0
1769862600000000,0.0255,0.0256,0.0252,0.0254,606474.5,1769863499999999,15371.71776,189,225736.0,5731.651,0
1769863500000000,0.0254,0.0255,0.0253,0.0254,533843.8,1769864399999999,13565.64116,125,394812.5,10035.01677,0
1769864400000000,0.0253,0.0256,0.0253,0.0253,828079.5,1769865299999999,21116.62869,168,503769.8,12853.15325,0
1769865300000000,0.0255,0.0276,0.0253,0.0271,8023559.0,1769866199999999,212532.13463,1566,4423657.7,117328.22225,0
1769866200000000,0.027,0.0283,0.0265,0.0273,11029040.5,1769867099999999,301652.34706,2398,6180169.3,169153.82407,0
1769867100000000,0.0274,0.0289,0.0272,0.0277,16571568.7,1769867999999999,467352.75852,3686,8998975.0,254206.28896,0
1769868000000000,0.0278,0.0288,0.0273,0.0273,6491446.8,1769868899999999,181165.77559,1294,2890967.6,81024.55869,0
1769868900000000,0.0273,0.0281,0.0265,0.0267,4141305.5,1769869799999999,113293.51405,882,2161676.5,59305.18791,0
1769869800000000,0.0268,0.028,0.0267,0.0277,4919014.6,1769870699999999,135469.68556,1127,2721993.2,75023.60918,0
1769870700000000,0.0277,0.0285,0.0272,0.0278,5891251.8,1769871599999999,164381.32436,1189,2779646.4,77449.11913,0
1769871600000000,0.0278,0.028,0.0269,0.027,2607722.4,1769872499999999,71358.53716,811,1298685.5,35525.74013,0
1769872500000000,0.027,0.0271,0.0262,0.0264,1978639.4,1769873399999999,52648.61453,551,844766.0,22457.11639,0
1769873400000000,0.0263,0.0265,0.0262,0.0262,1411519.7,1769874299999999,37103.37228,387,598163.1,15757.57111,0
1769874300000000,0.0263,0.0267,0.026,0.0262,1503530.4,1769875199999999,39571.34329,359,535487.1,14149.5366,0
1769875200000000,0.0262,0.027,0.0261,0.0262,1970909.8,1769876099999999,52320.25276,509,1027478.8,27307.06259,0
1769876100000000,0.0263,0.027,0.0262,0.0268,1650705.3,1769876999999999,44032.33325,490,1183632.9,31554.66864,0
1769877000000000,0.0267,0.027,0.0265,0.0267,919903.6,1769877899999999,24597.76896,253,522932.9,13973.89547,0
1769877900000000,0.0268,0.0268,0.026,0.0261,678006.3,1769878799999999,17842.33818,278,364289.9,9598.73101,0
1769878800000000,0.0262,0.0263,0.0248,0.0248,3817553.6,1769879699999999,96991.41793,1076,1728190.0,44012.63453,0
1769879700000000,0.0249,0.0255,0.0248,0.0249,2561643.3,1769880599999999,64377.72655,586,1218848.4,30741.19949,0
1769880600000000,0.025,0.0251,0.0247,0.0248,1858529.5,1769881499999999,46340.82957,518,969927.3,24225.60468,0
1769881500000000,0.0248,0.0252,0.0248,0.0251,1087182.1,1769882399999999,27107.10899,323,735283.2,18344.26373,0
1769882400000000,0.025,0.0252,0.0247,0.025,1288150.1,1769883299999999,32134.55527,377,736061.4,18390.80389,0
1769883300000000,0.0251,0.0251,0.0247,0.0249,1397857.6,1769884199999999,34803.14015,365,811410.5,20218.64898,0
1769884200000000,0.0249,0.0249,0.0236,0.024,1713929.9,1769885099999999,41429.32521,466,593269.3,14281.4578,0
1769885100000000,0.024,0.0244,0.024,0.0243,1258263.6,1769885999999999,30518.12006,511,692076.1,16801.06277,0
1769886000000000,0.0243,0.0244,0.024,0.0241,1320468.6,1769886899999999,31884.11147,358,738087.1,17842.03926,0
1769886900000000,0.0242,0.0245,0.0241,0.0244,841422.6,1769887799999999,20445.2597,222,604576.8,14688.19353,0
1769887800000000,0.0245,0.0245,0.0241,0.0242,213389.3,1769888699999999,5193.89591,103,57387.2,1398.65087,0
1769888700000000,0.0242,0.0244,0.0242,0.0243,127086.0,1769889599999999,3083.58511,38,46141.3,1122.31182,0
1769889600000000,0.0242,0.0243,0.0236,0.0238,714583.8,1769890499999999,17110.08044,216,250119.5,5965.59587,0
1769890500000000,0.0239,0.0242,0.0236,0.024,1179395.3,1769891399999999,28208.74004,363,791021.2,18914.99811,0
1769891400000000,0.0239,0.0242,0.0239,0.0241,433645.4,1769892299999999,10439.25805,148,286709.7,6906.37733,0
1769892300000000,0.0242,0.0248,0.0242,0.0247,775285.6,1769893199999999,18997.37153,255,479578.7,11756.57812,0
1769893200000000,0.0246,0.0248,0.0244,0.0244,468413.9,1769894099999999,11519.21078,161,68042.9,1673.28933,0
1769894100000000,0.0244,0.0246,0.0243,0.0246,236517.3,1769894999999999,5786.08302,123,140492.0,3441.4039,0
1769895000000000,0.0246,0.0248,0.0245,0.0246,703604.9,1769895899999999,17307.3716,187,163415.6,4031.9514,0
1769895900000000,0.0245,0.0247,0.0244,0.0246,290078.7,1769896799999999,7132.00318,75,233418.2,5738.8043,0
1769896800000000,0.0245,0.0246,0.0244,0.0245,136390.8,1769897699999999,3343.01779,81,56304.1,1382.40749,0
1769897700000000,0.0244,0.0245,0.0243,0.0244,221434.5,1769898599999999,5412.17698,113,155646.8,3808.61717,0
1769898600000000,0.0245,0.0246,0.0244,0.0244,47147.7,1769899499999999,1152.39052,33,18401.5,450.90529,0
1769899500000000,0.0243,0.0245,0.0242,0.0243,357326.7,1769900399999999,8664.37851,109,113074.9,2747.38168,0
1769900400000000,0.0243,0.0249,0.0242,0.0247,787329.5,1769901299999999,19350.93189,221,448998.2,11028.83041,0
1769901300000000,0.0247,0.025,0.0245,0.0248,341912.2,1769902199999999,8444.96917,133,235470.2,5824.32012,0
1769902200000000,0.0249,0.025,0.0248,0.0248,63539.9,1769903099999999,1579.98607,56,15518.8,386.53127,0
1769903100000000,0.0247,0.0248,0.0246,0.0247,102573.1,1769903999999999,2534.79961,52,28476.9,704.90214,0
