open_time,open,high,low,close,volume,close_time,quote_volume,trades,taker_buy_base,taker_buy_quote,ignore
1682899200000,0.2919,0.2935,0.2918,0.2927,104284.7,1682900099999,30514.35551,161,51280.8,15003.97103,0
1682900100000,0.2929,0.2932,0.2919,0.2928,172543.4,1682900999999,50467.67069,164,50195.6,14679.88833,0
1682901000000,0.2926,0.2937,0.2926,0.2932,60021.1,1682901899999,17594.42983,98,32393.9,9493.72992,0
1682901900000,0.293,0.2932,0.2917,0.2924,84290.3,1682902799999,24650.22068,114,34841.4,10176.18176,0
1682902800000,0.2923,0.2927,0.2915,0.2916,105262.2,1682903699999,30755.14536,128,46039.4,13452.64713,0
1682903700000,0.2919,0.2922,0.2902,0.2907,296494.2,1682904599999,86281.05812,303,181196.4,52710.36464,0
1682904600000,0.2907,0.2907,0.2824,0.2837,1336525.7,1682905499999,381352.68799,1786,735406.5,209793.50227,0
1682905500000,0.2837,0.2852,0.2814,0.2852,460240.0,1682906399999,130359.05984,767,219486.5,62173.54302,0
1682906400000,0.2851,0.2881,0.2844,0.2881,298816.7,1682907299999,85472.61243,514,145380.8,41613.4202,0
1682907300000,0.288,0.2882,0.2873,0.2874,50963.4,1682908199999,14664.63906,94,17931.3,5157.61155,0
1682908200000,0.2875,0.2884,0.2875,0.2881,62218.1,1682909099999,17918.56087,144,35695.8,10280.26844,0
1682909100000,0.2881,0.2885,0.288,0.2884,67339.1,1682909999999,19416.78715,112,28757.0,8291.87299,0
1682910000000,0.2884,0.2887,0.2882,0.2882,55287.2,1682910899999,15949.93677,95,18213.3,5255.40978,0
1682910900000,0.2881,0.2888,0.2875,0.2887,139180.4,1682911799999,40114.97773,196,91691.7,26429.48993,0
1682911800000,0.2886,0.2892,0.2883,0.2889,70137.4,1682912699999,20262.73888,110,48417.6,13989.82513,0
1682912700000,0.289,0.289,0.2886,0.2889,34234.4,1682913599999,9887.4092,48,19507.4,5634.19543,0
1682913600000,0.2888,0.2891,0.2887,0.2889,50057.0,1682914499999,14464.52854,73,39508.8,11417.79722,0
1682914500000,0.2886,0.2887,0.2877,0.2885,59269.8,1682915399999,17079.81416,62,17160.9,4947.07144,0
1682915400000,0.2886,0.2886,0.2881,0.2884,39882.9,1682916299999,11500.93876,52,14214.6,4099.36049,0
1682916300000,0.2886,0.2889,0.2884,0.2887,21679.4,1682917199999,6258.11539,43,15891.0,4587.60029,0
1682917200000,0.2888,0.2894,0.2886,0.2893,79593.7,1682918099999,23013.0791,141,55672.4,16097.67333,0
1682918100000,0.2893,0.2894,0.2884,0.2884,47212.7,1682918999999,13646.06846,59,9115.8,2634.85111,0
1682919000000,0.2883,0.2883,0.2854,0.2875,191522.2,1682919899999,54916.09578,292,66583.3,19092.8267,0
1682919900000,0.2874,0.2888,0.287,0.2887,75083.1,1682920799999,21621.48039,121,49872.7,14362.45525,0
1682920800000,0.2886,0.2896,0.2884,0.2895,79093.0,1682921699999,22862.39194,141,52833.6,15270.43698,0
1682921700000,0.2894,0.2896,0.2886,0.2893,59474.4,1682922599999,17197.55672,82,26212.4,7579.09877,0
1682922600000,0.2891,0.2897,0.2887,0.2896,42859.1,1682923499999,12392.06349,54,17457.8,5049.12393,0
1682923500000,0.2896,0.2901,0.2895,0.2901,47875.4,1682924399999,13866.57764,71,24907.6,7215.17324,0
1682924400000,0.29,0.2911,0.2899,0.2907,56351.5,1682925299999,16382.5339,135,29937.6,8702.20558,0
1682925300000,0.2906,0.2913,0.2903,0.2911,68416.8,1682926199999,19893.38753,109,51824.5,15069.88532,0
1682926200000,0.291,0.2912,0.2905,0.2905,35593.5,1682927099999,10357.14783,64,10702.0,3115.85058,0
1682927100000,0.2906,0.2911,0.2904,0.2908,30266.8,1682927999999,8798.72157,76,21473.6,6243.01341,0
1682928000000,0.2908,0.2911,0.29,0.2906,67983.7,1682928899999,19760.89824,119,30061.1,8738.32619,0
1682928900000,0.2904,0.291,0.2902,0.2908,31041.1,1682929799999,9015.42185,49,17050.1,4952.9855,0
1682929800000,0.2907,0.2916,0.2906,0.2916,84436.2,1682930699999,24594.51339,108,56090.7,16337.93239,0
1682930700000,0.2916,0.2917,0.2912,0.2917,27110.0,1682931599999,7901.87262,63,19525.6,5692.45976,0
1682931600000,0.2916,0.2916,0.291,0.2913,148673.3,1682932499999,43311.71656,211,58138.3,16935.86069,0
1682932500000,0.2913,0.292,0.2912,0.2918,39579.6,1682933399999,11539.58575,74,16899.2,4929.64823,0
1682933400000,0.2917,0.2919,0.2907,0.2907,73169.7,1682934299999,21316.65651,73,35079.2,10224.50654,0
1682934300000,0.2905,0.2906,0.29,0.29,94210.1,1682935199999,27348.20677,79,39694.8,11522.23682,0
1682935200000,0.2901,0.2905,0.2897,0.2904,94027.4,1682936099999,27271.259,102,41802.3,12130.67719,0
1682936100000,0.2905,0.2906,0.2895,0.2897,85392.9,1682936999999,24744.53068,98,41172.9,11931.02521,0
1682937000000,0.29,0.29,0.2892,0.2894,62891.4,1682937899999,18211.34778,77,29564.1,8559.14541,0
1682937900000,0.2895,0.2895,0.2891,0.2894,15850.8,1682938799999,4585.29769,28,8308.7,2403.76084,0
1682938800000,0.2892,0.2894,0.2887,0.2887,87081.0,1682939699999,25172.99067,121,28555.1,8256.8307,0
1682939700000,0.2886,0.2894,0.2883,0.2894,75584.5,1682940599999,21844.61506,88,33943.9,9810.30018,0
1682940600000,0.2896,0.2896,0.2888,0.2891,65647.0,1682941499999,18976.27798,67,29631.5,8567.43783,0
1682941500000,0.2891,0.2893,0.2883,0.2883,72813.4,1682942399999,21037.34631,70,20178.2,5832.75949,0
1682942400000,0.2885,0.2898,0.2878,0.2891,142276.8,1682943299999,41123.27012,200,65711.1,18977.90016,0
1682943300000,0.2891,0.29,0.289,0.29,46081.7,1682944199999,13333.93554,69,27908.9,8075.24353,0
1682944200000,0.2899,0.2908,0.2898,0.29,52408.2,1682945099999,15214.2458,56,17389.6,5048.45313,0
1682945100000,0.2899,0.2904,0.2893,0.2896,58401.0,1682945999999,16929.61984,96,26559.0,7702.80133,0
1682946000000,0.2895,0.2896,0.289,0.2896,35921.5,1682946899999,10393.24281,60,5149.5,1490.1156,0
1682946900000,0.2895,0.2903,0.2893,0.2902,36363.0,1682947799999,10535.94112,50,26351.5,7636.90593,0
1682947800000,0.2901,0.2905,0.2889,0.2891,75822.7,1682948699999,21975.9452,141,25956.1,7524.06902,0
1682948700000,0.2891,0.2895,0.2888,0.2888,47640.9,1682949599999,13781.33614,108,19100.6,5526.76716,0
1682949600000,0.2888,0.2894,0.2863,0.2886,277116.0,1682950499999,79777.40651,504,130334.1,37524.81405,0
1682950500000,0.2886,0.2898,0.2878,0.2886,84139.1,1682951399999,24297.81725,200,33617.1,9706.73238,0
1682951400000,0.2888,0.2889,0.2883,0.2884,49503.2,1682952299999,14285.8594,108,14278.8,4121.26499,0
1682952300000,0.2887,0.289,0.2884,0.2888,55038.8,1682953199999,15894.07036,94,27267.5,7876.02318,0
1682953200000,0.289,0.2892,0.2878,0.288,113730.6,1682954099999,32806.91829,227,43164.9,12459.40854,0
1682954100000,0.2881,0.2881,0.2854,0.2864,348287.1,1682954999999,99789.86892,558,137630.2,39446.51091,0
1682955000000,0.2859,0.2875,0.2859,0.2865,109017.7,1682955899999,31264.65516,171,40450.7,11601.62141,0
1682955900000,0.2864,0.2874,0.2864,0.2868,37733.9,1682956799999,10827.61162,82,16419.8,4710.63614,0
1682956800000,0.2867,0.2876,0.2838,0.2847,173777.1,1682957699999,49574.07022,299,72995.3,20782.83401,0
1682957700000,0.2846,0.2854,0.2837,0.2848,136357.4,1682958599999,38787.20398,260,55040.5,15664.43282,0
1682958600000,0.2847,0.2862,0.2847,0.2862,46983.4,1682959499999,13424.40446,77,38727.6,11067.49283,0
1682959500000,0.2863,0.2881,0.2863,0.2876,104150.1,1682960399999,29927.25293,136,53577.5,15398.85385,0
1682960400000,0.2875,0.2883,0.2869,0.2872,150875.0,1682961299999,43413.17999,199,74882.9,21553.60153,0
1682961300000,0.2873,0.2873,0.2861,0.2861,36963.8,1682962199999,10598.3937,121,7098.3,2037.36588,0
1682962200000,0.2862,0.2875,0.2857,0.2868,78292.2,1682963099999,22412.08092,119,33141.0,9491.04743,0
1682963100000,0.2867,0.2871,0.286,0.2863,44370.6,1682963999999,12713.91795,70,8558.3,2452.56329,0
1682964000000,0.2862,0.2867,0.2862,0.2864,63654.9,1682964899999,18234.5763,90,26347.3,7547.36145,0
1682964900000,0.2862,0.2862,0.2856,0.2861,28119.4,1682965799999,8042.35038,37,7960.5,2276.85543,0
1682965800000,0.286,0.2862,0.2846,0.2846,73521.9,1682966699999,20965.20782,110,27468.3,7832.61088,0
1682966700000,0.2845,0.2846,0.2839,0.2843,92490.2,1682967599999,26287.83346,135,29717.2,8448.17263,0
1682967600000,0.2843,0.2845,0.2821,0.2821,111443.0,1682968499999,31529.68526,176,26952.5,7622.93565,0
1682968500000,0.2823,0.2827,0.2792,0.2826,438615.5,1682969399999,123028.3794,737,196072.3,55011.48931,0
1682969400000,0.2826,0.2827,0.2811,0.2814,131790.6,1682970299999,37174.81559,188,45009.0,12693.80509,0
1682970300000,0.2818,0.2821,0.281,0.2817,101382.6,1682971199999,28540.7376,149,50603.5,14245.87454,0
1682971200000,0.2816,0.2837,0.2816,0.2828,160330.7,1682972099999,45328.56917,203,73659.8,20822.96241,0
1682972100000,0.2828,0.2836,0.2817,0.2826,78005.5,1682972999999,22047.12317,130,31885.0,9018.45061,0
1682973000000,0.2827,0.283,0.2823,0.2825,25463.3,1682973899999,7195.70407,44,11895.6,3362.27696,0
1682973900000,0.2825,0.2825,0.2809,0.2811,118989.1,1682974799999,33470.53844,146,32182.1,9056.44341,0
1682974800000,0.2808,0.2826,0.2808,0.2824,58219.6,1682975699999,16412.11904,97,33392.3,9419.2358,0
1682975700000,0.2822,0.2836,0.2822,0.2835,65864.4,1682976599999,18640.45554,82,53065.2,15017.18029,0
1682976600000,0.2835,0.2842,0.2832,0.2836,56053.9,1682977499999,15899.89435,76,32579.1,9237.71159,0
1682977500000,0.2832,0.2834,0.2832,0.2833,9854.8,1682978399999,2791.19949,17,2195.5,621.99515,0
1682978400000,0.2831,0.2831,0.2827,0.2829,12814.7,1682979299999,3625.07693,23,2880.8,815.47103,0
1682979300000,0.2833,0.284,0.2832,0.2832,19789.4,1682980199999,5611.25078,27,11033.8,3129.34199,0
1682980200000,0.2833,0.2848,0.2829,0.2841,44727.7,1682981099999,12687.87197,69,22362.4,6344.68746,0
1682981100000,0.284,0.284,0.2833,0.2834,23949.1,1682981999999,6793.16146,33,3392.8,962.88445,0
1682982000000,0.2837,0.2845,0.2837,0.2844,22660.7,1682982899999,6438.91322,35,20737.3,5892.4622,0
1682982900000,0.2843,0.2847,0.2843,0.2846,34242.5,1682983799999,9743.97399,33,27060.1,7701.23828,0
1682983800000,0.2846,0.285,0.2841,0.2841,19174.0,1682984699999,5457.3586,34,7695.3,2191.12503,0
1682984700000,0.2841,0.2847,0.2841,0.2842,29593.6,1682985599999,8416.00262,34,19221.5,5465.58818,0
1682985600000,0.2842,0.2844,0.2832,0.2836,37365.4,1682986499999,10611.43042,56,3220.3,913.36744,0
1682986500000,0.2831,0.284,0.2826,0.284,41719.4,1682987399999,11816.58297,55,25553.5,7242.61447,0
1682987400000,0.2838,0.2843,0.2832,0.2843,34740.0,1682988299999,9860.45507,36,28872.9,8195.0884,0
1682988300000,0.2843,0.2843,0.2834,0.2834,17284.8,1682989199999,4908.12813,22,3004.1,853.75992,0
1682989200000,0.2833,0.2834,0.2828,0.2832,13844.8,1682990099999,3919.61545,23,11452.1,3242.20813,0
1682990100000,0.2833,0.2835,0.283,0.2832,7620.2,1682990999999,2158.3888,14,6942.1,1966.30155,0
1682991000000,0.2833,0.2836,0.2831,0.2834,23559.9,1682991899999,6675.36371,29,20877.7,5915.31508,0
1682991900000,0.2834,0.2836,0.2812,0.2819,58433.2,1682992799999,16489.09098,84,21457.8,6050.09634,0
1682992800000,0.2817,0.2821,0.2817,0.282,17718.5,1682993699999,4995.43249,32,13041.8,3676.13542,0
1682993700000,0.2821,0.2829,0.2821,0.2821,27956.1,1682994599999,7892.65554,38,19235.5,5430.29453,0
1682994600000,0.282,0.2825,0.2816,0.2824,21803.4,1682995499999,6146.93245,36,9190.0,2591.63152,0
1682995500000,0.2824,0.2828,0.2824,0.2826,7399.4,1682996399999,2091.44849,15,7032.7,1987.78417,0
1682996400000,0.2826,0.2828,0.2825,0.2825,9462.3,1682997299999,2674.20613,18,1174.1,332.00011,0
1682997300000,0.2824,0.2824,0.2814,0.2815,49027.3,1682998199999,13815.51534,76,20699.8,5832.98109,0
1682998200000,0.2815,0.2826,0.2815,0.2823,30172.4,1682999099999,8512.15768,76,19227.5,5422.85985,0
1682999100000,0.2822,0.2832,0.2822,0.2832,12376.8,1682999999999,3500.1138,20,12287.9,3474.93732,0
1683000000000,0.2833,0.2836,0.2833,0.2833,23667.8,1683000899999,6708.14243,38,3254.9,922.85962,0
1683000900000,0.2833,0.2833,0.2829,0.2831,11883.6,1683001799999,3363.33367,21,6187.0,1750.75689,0
1683001800000,0.283,0.2832,0.2828,0.2828,11178.2,1683002699999,3164.65463,19,6712.2,1900.28814,0
1683002700000,0.2828,0.2828,0.2813,0.2813,12109.1,1683003599999,3411.81679,30,4722.8,1331.3566,0
1683003600000,0.2813,0.2818,0.281,0.2815,89100.5,1683004499999,25074.24556,134,45352.3,12765.61914,0
1683004500000,0.2815,0.2818,0.2813,0.2815,35400.9,1683005399999,9967.70731,41,11156.2,3142.35927,0
1683005400000,0.2814,0.2817,0.2813,0.2816,9140.3,1683006299999,2572.78473,17,3891.0,1095.43939,0
1683006300000,0.2816,0.282,0.2814,0.2818,75515.3,1683007199999,21266.57432,75,22877.2,6445.79287,0
1683007200000,0.2818,0.2827,0.2817,0.2827,25913.6,1683008099999,7309.45491,29,19118.1,5394.41379,0
1683008100000,0.2827,0.2829,0.2819,0.2819,24449.9,1683008999999,6906.94084,41,9145.4,2585.0196,0
1683009000000,0.2818,0.2823,0.2818,0.2823,29880.4,1683009899999,8424.99538,39,22293.3,6286.56846,0
1683009900000,0.2821,0.2827,0.282,0.2827,35130.4,1683010799999,9915.46935,48,24496.6,6916.10998,0
1683010800000,0.2825,0.2839,0.2825,0.2836,42908.2,1683011699999,12154.8376,63,19903.2,5636.24498,0
1683011700000,0.284,0.2854,0.2837,0.2841,105110.1,1683012599999,29917.19838,148,59733.6,17006.02238,0
1683012600000,0.2841,0.2845,0.2838,0.2845,43875.9,1683013499999,12462.37779,65,25623.3,7278.20901,0
1683013500000,0.2844,0.2854,0.2843,0.2854,49870.0,1683014399999,14205.78809,95,29953.2,8535.13155,0
1683014400000,0.2852,0.2855,0.2848,0.2849,64677.4,1683015299999,18442.01844,91,30051.6,8567.45991,0
1683015300000,0.285,0.2853,0.2842,0.2842,59011.9,1683016199999,16797.37206,93,22239.9,6331.45406,0
1683016200000,0.2843,0.2847,0.2839,0.2842,38461.0,1683017099999,10934.26053,94,22515.7,6401.93102,0
1683017100000,0.2841,0.2843,0.2837,0.284,68947.8,1683017999999,19585.60932,106,30281.9,8603.84189,0
1683018000000,0.2839,0.284,0.2829,0.2829,44698.5,1683018899999,12676.59976,57,22384.9,6347.7375,0
1683018900000,0.283,0.2837,0.2819,0.2821,58431.5,1683019799999,16510.782,86,28692.0,8107.57615,0
1683019800000,0.2821,0.283,0.2819,0.2826,27210.1,1683020699999,7686.54148,50,17636.0,4982.6904,0
1683020700000,0.2826,0.2827,0.2825,0.2827,18371.6,1683021599999,5191.95423,31,9648.0,2726.62695,0
1683021600000,0.2827,0.2827,0.2823,0.2826,36921.6,1683022499999,10430.40993,57,21734.7,6141.21664,0
1683022500000,0.2826,0.2826,0.2821,0.2824,84040.1,1683023399999,23726.30941,117,23010.9,6497.20962,0
1683023400000,0.2824,0.2833,0.2819,0.2833,72712.8,1683024299999,20528.75256,118,37571.9,10611.49799,0
1683024300000,0.2831,0.2837,0.2827,0.2827,44971.1,1683025199999,12744.75565,76,20546.5,5824.97214,0
1683025200000,0.2827,0.2832,0.2825,0.2832,52740.2,1683026099999,14920.3376,73,34405.2,9736.01332,0
1683026100000,0.2831,0.2842,0.2827,0.2835,55535.4,1683026999999,15746.79752,119,34192.4,9696.75526,0
1683027000000,0.2835,0.2836,0.283,0.283,28828.4,1683027899999,8165.96225,61,6606.8,1871.15116,0
1683027900000,0.2831,0.2832,0.2825,0.283,26879.2,1683028799999,7603.17566,52,15009.3,4246.10737,0
1683028800000,0.2832,0.2832,0.2825,0.2826,51213.4,1683029699999,14484.32789,74,21988.0,6220.08205,0
1683029700000,0.2826,0.2826,0.2819,0.2822,45995.8,1683030599999,12977.63616,59,27664.6,7805.17666,0
1683030600000,0.2823,0.2842,0.2819,0.2839,100331.0,1683031499999,28399.48051,129,46947.1,13294.66397,0
1683031500000,0.2838,0.2838,0.2824,0.2832,57602.4,1683032399999,16305.90352,107,16005.1,4532.14899,0
1683032400000,0.2832,0.2838,0.2822,0.2824,62973.5,1683033299999,17832.57204,77,41028.2,11624.75244,0
1683033300000,0.2823,0.2828,0.2819,0.2819,26094.4,1683034199999,7368.55132,37,9459.6,2672.00671,0
1683034200000,0.2821,0.2825,0.2806,0.2812,144275.7,1683035099999,40599.35247,173,59751.9,16828.85408,0
1683035100000,0.2811,0.2816,0.2807,0.2808,28267.9,1683035999999,7945.50403,61,8752.8,2461.11088,0
1683036000000,0.2808,0.2813,0.2795,0.2807,156703.1,1683036899999,43919.70037,227,73811.6,20698.66,0
1683036900000,0.2807,0.2846,0.2807,0.2842,136364.5,1683037799999,38579.51284,218,77459.5,21906.96457,0
1683037800000,0.2843,0.2855,0.283,0.2846,278209.7,1683038699999,79105.34619,347,144588.6,41114.32432,0
1683038700000,0.2847,0.2847,0.2824,0.2834,129691.0,1683039599999,36774.69241,170,52165.6,14785.6601,0
1683039600000,0.2836,0.2842,0.2821,0.2842,91930.0,1683040499999,26014.55907,158,56402.7,15968.96596,0
1683040500000,0.2841,0.2852,0.2841,0.2845,111323.8,1683041399999,31678.19749,131,49001.4,13944.00629,0
1683041400000,0.2846,0.286,0.283,0.2848,173876.2,1683042299999,49533.84818,222,77023.3,21942.8676,0
1683042300000,0.2853,0.2854,0.2833,0.2838,110126.5,1683043199999,31277.1222,127,44358.3,12592.85876,0
1683043200000,0.284,0.2844,0.2835,0.2835,36838.7,1683044099999,10461.19477,64,24976.9,7093.46629,0
1683044100000,0.2834,0.2843,0.2833,0.2839,40488.3,1683044999999,11487.10028,45,20565.8,5837.43808,0
1683045000000,0.2839,0.2843,0.2827,0.2828,190460.7,1683045899999,53915.97113,131,78731.1,22285.11556,0
1683045900000,0.2831,0.2831,0.2824,0.2824,25216.5,1683046799999,7130.45249,38,17880.3,5057.09614,0
1683046800000,0.2826,0.2838,0.2821,0.2831,80582.9,1683047699999,22814.92591,94,41195.9,11664.56997,0
1683047700000,0.2829,0.2833,0.2819,0.2826,66224.6,1683048599999,18716.78715,82,20450.6,5777.94736,0
1683048600000,0.2825,0.2831,0.2823,0.283,35817.7,1683049499999,10127.02773,42,24576.0,6949.65848,0
1683049500000,0.283,0.2835,0.2829,0.283,57115.1,1683050399999,16172.66734,61,27988.4,7925.73265,0
1683050400000,0.283,0.2836,0.2821,0.283,99198.8,1683051299999,28063.87234,85,39505.1,11183.5828,0
1683051300000,0.2831,0.2834,0.2819,0.2823,189696.2,1683052199999,53588.24712,189,54776.6,15475.81786,0
1683052200000,0.2825,0.2843,0.2823,0.2837,84554.7,1683053099999,23947.80839,95,44265.5,12543.25691,0
1683053100000,0.2837,0.2844,0.2832,0.2835,60278.8,1683053999999,17106.09433,85,30340.3,8613.58136,0
1683054000000,0.2837,0.2864,0.2829,0.2854,762089.5,1683054899999,217331.76276,1093,548040.3,156331.65464,0
1683054900000,0.2853,0.2853,0.2819,0.2835,1008300.6,1683055799999,285567.81526,1038,488359.5,138325.24147,0
1683055800000,0.2835,0.2842,0.2826,0.2837,122615.4,1683056699999,34768.45336,167,77726.3,22052.70888,0
1683056700000,0.2836,0.2837,0.2825,0.283,95959.1,1683057599999,27167.73354,156,50589.0,14318.45971,0
1683057600000,0.2832,0.2833,0.2825,0.2829,105220.0,1683058499999,29771.4891,150,65240.9,18464.17099,0
1683058500000,0.2828,0.2834,0.2824,0.2831,45195.8,1683059399999,12785.79347,92,30332.0,8582.91047,0
1683059400000,0.2831,0.2842,0.283,0.284,82571.2,1683060299999,23412.2191,114,40524.0,11490.05786,0
1683060300000,0.2838,0.2838,0.2831,0.2831,32241.3,1683061199999,9133.05055,50,11209.0,3175.87093,0
1683061200000,0.2832,0.2832,0.2826,0.2832,64769.7,1683062099999,18327.71446,93,26163.6,7404.01455,0
1683062100000,0.2833,0.2833,0.2825,0.2825,29178.2,1683062999999,8251.61925,36,12591.4,3559.82143,0
1683063000000,0.2828,0.2831,0.2822,0.2831,37336.5,1683063899999,10553.37465,55,16734.5,4730.96651,0
1683063900000,0.2827,0.2831,0.2827,0.283,30848.5,1683064799999,8726.17443,39,23142.9,6546.718,0
1683064800000,0.283,0.284,0.283,0.2839,42608.6,1683065699999,12078.70018,60,18280.4,5183.887,0
1683065700000,0.2837,0.2844,0.2835,0.2844,51712.4,1683066599999,14675.53967,57,35858.5,10179.10144,0
1683066600000,0.2843,0.2844,0.2834,0.2839,72421.6,1683067499999,20559.61145,99,13273.9,3767.57338,0
1683067500000,0.2838,0.2841,0.2837,0.284,16902.8,1683068399999,4799.14778,24,11317.6,3213.8362,0
1683068400000,0.284,0.2846,0.284,0.2842,88335.3,1683069299999,25120.08865,76,52120.5,14821.05102,0
1683069300000,0.2842,0.2843,0.2836,0.2836,13595.3,1683070199999,3858.61292,35,6122.5,1737.31783,0
1683070200000,0.2837,0.2837,0.283,0.2833,8970.9,1683071099999,2540.08677,16,903.1,255.96637,0
1683071100000,0.2833,0.2838,0.2832,0.2838,16170.3,1683071999999,4584.20734,31,12012.9,3406.05318,0
1683072000000,0.2837,0.2837,0.282,0.2822,74294.1,1683072899999,21032.36549,141,23806.9,6733.90691,0
1683072900000,0.2824,0.2828,0.282,0.2824,25275.9,1683073799999,7136.43214,48,16305.2,4603.13097,0
1683073800000,0.2824,0.2824,0.2808,0.2813,116203.1,1683074699999,32717.4783,177,40149.9,11300.12388,0
1683074700000,0.2807,0.2814,0.2804,0.2806,56398.3,1683075599999,15833.11831,86,28413.9,7980.83872,0
1683075600000,0.2803,0.2814,0.2797,0.2814,61506.1,1683076499999,17244.15745,135,38802.4,10884.60006,0
1683076500000,0.2814,0.2814,0.281,0.2812,9229.6,1683077399999,2594.1347,42,9052.0,2544.21134,0
1683077400000,0.2812,0.2814,0.2806,0.2812,36369.3,1683078299999,10221.52662,69,27351.7,7688.90947,0
1683078300000,0.2812,0.2815,0.2808,0.2809,26051.4,1683079199999,7319.7501,69,11007.7,3092.29617,0
1683079200000,0.2806,0.2806,0.2782,0.2798,230972.9,1683080099999,64570.30397,428,148971.4,41669.77301,0
1683080100000,0.2799,0.2799,0.2793,0.2798,85182.4,1683080999999,23818.17492,128,44015.4,12307.40946,0
1683081000000,0.2799,0.2806,0.2799,0.2805,36441.8,1683081899999,10211.34741,43,21785.9,6102.32007,0
1683081900000,0.2805,0.2806,0.2801,0.2804,24737.1,1683082799999,6936.89813,32,13750.6,3856.18605,0
1683082800000,0.2803,0.2803,0.2792,0.2792,34202.3,1683083699999,9567.49136,55,2984.9,836.27829,0
1683083700000,0.279,0.2795,0.278,0.2791,100477.0,1683084599999,27990.98428,130,33704.5,9393.40804,0
1683084600000,0.2793,0.2793,0.2785,0.2792,56621.9,1683085499999,15796.24682,61,12935.2,3610.3613,0
1683085500000,0.2792,0.2793,0.2789,0.2793,27897.8,1683086399999,7787.81282,34,12316.2,3437.94359,0
1683086400000,0.2792,0.2792,0.2788,0.2792,30696.2,1683087299999,8563.87025,40,6275.8,1751.04199,0
1683087300000,0.2792,0.2797,0.2792,0.2795,25456.2,1683088199999,7113.285,41,16490.1,4608.51849,0
1683088200000,0.2795,0.2797,0.2787,0.2789,100405.6,1683089099999,28027.67007,103,35410.1,9880.32242,0
1683089100000,0.2788,0.2791,0.2783,0.2791,30448.6,1683089999999,8487.07069,49,18586.3,5181.83354,0
1683090000000,0.2792,0.2795,0.2792,0.2792,19350.6,1683090899999,5405.2392,23,14431.7,4031.56807,0
1683090900000,0.2793,0.2795,0.2789,0.2791,6941.4,1683091799999,1938.46522,15,1872.0,523.14768,0
1683091800000,0.2792,0.2793,0.2781,0.2783,24605.9,1683092699999,6859.67493,41,14354.6,4003.53831,0
1683092700000,0.278,0.2783,0.2762,0.2763,156722.0,1683093599999,43437.54676,234,75083.5,20819.02413,0
1683093600000,0.2764,0.2771,0.2763,0.2769,47670.8,1683094499999,13193.19629,75,18176.5,5031.05332,0
1683094500000,0.2769,0.2784,0.2766,0.2784,30901.9,1683095399999,8566.09464,58,19446.3,5392.74186,0
1683095400000,0.2782,0.279,0.278,0.2786,73138.5,1683096299999,20377.37759,112,50202.9,13987.48266,0
1683096300000,0.2786,0.2787,0.2773,0.2774,82345.8,1683097199999,22896.86406,104,55288.9,15371.29311,0
1683097200000,0.2775,0.2778,0.2773,0.2774,26107.8,1683098099999,7247.66798,39,15338.0,4258.81209,0
1683098100000,0.2774,0.2775,0.2772,0.2774,50256.8,1683098999999,13942.12262,72,28594.7,7933.58824,0
1683099000000,0.2773,0.2774,0.2753,0.2755,120692.5,1683099899999,33323.27512,225,45588.8,12591.86655,0
1683099900000,0.2755,0.2755,0.2747,0.2752,178365.6,1683100799999,49061.17893,246,45704.8,12574.25054,0
1683100800000,0.2754,0.276,0.2751,0.2758,62708.5,1683101699999,17289.75641,121,35974.3,9917.77601,0
1683101700000,0.2759,0.2775,0.2759,0.2772,105524.3,1683102599999,29188.16031,200,71518.5,19780.73121,0
1683102600000,0.2772,0.2772,0.2764,0.277,26180.0,1683103499999,7246.91795,62,17888.7,4952.30488,0
1683103500000,0.2772,0.2774,0.2768,0.277,47183.8,1683104399999,13073.98969,78,21081.7,5842.48503,0
1683104400000,0.2769,0.2775,0.2766,0.2773,62173.2,1683105299999,17230.70925,96,17205.3,4768.69281,0
1683105300000,0.2773,0.2775,0.2768,0.2772,65901.0,1683106199999,18268.23173,73,29171.1,8089.1027,0
1683106200000,0.2773,0.2775,0.277,0.2775,29107.2,1683107099999,8070.84381,48,13284.6,3684.07007,0
1683107100000,0.2775,0.2782,0.2775,0.2782,59656.1,1683107999999,16575.55105,73,51278.0,14247.73164,0
1683108000000,0.2781,0.2788,0.2776,0.2786,97038.7,1683108899999,26997.33135,105,74658.7,20780.43329,0
1683108900000,0.2788,0.2789,0.2782,0.2784,57569.8,1683109799999,16037.59143,89,25000.6,6966.06209,0
1683109800000,0.2783,0.279,0.2781,0.2789,62357.5,1683110699999,17368.04275,67,18876.6,5261.00921,0
1683110700000,0.279,0.2793,0.2786,0.2789,42483.8,1683111599999,11856.54087,73,19810.7,5529.35435,0
1683111600000,0.2788,0.2792,0.2784,0.2791,21026.7,1683112499999,5862.16717,39,10302.3,2872.54332,0
1683112500000,0.2791,0.2801,0.2788,0.2799,101135.6,1683113399999,28263.63654,147,69335.9,19380.79638,0
1683113400000,0.2799,0.2802,0.2789,0.2789,83197.7,1683114299999,23268.18462,91,37964.8,10627.98478,0
1683114300000,0.2787,0.279,0.2772,0.2775,182014.5,1683115199999,50630.3754,243,97953.8,27257.44048,0
1683115200000,0.2774,0.2774,0.2753,0.2755,102369.7,1683116099999,28304.96125,150,40953.0,11324.45613,0
1683116100000,0.2755,0.2761,0.2752,0.2756,147481.8,1683116999999,40664.50187,216,68883.7,18997.21019,0
1683117000000,0.2757,0.2757,0.2736,0.274,158574.8,1683117899999,43514.16205,297,62765.4,17228.81957,0
1683117900000,0.2741,0.2746,0.2728,0.2731,120319.0,1683118799999,32935.73709,232,51094.1,13992.29705,0
1683118800000,0.2728,0.2751,0.2726,0.275,182558.7,1683119699999,49946.24937,411,101963.3,27917.44338,0
1683119700000,0.2749,0.2749,0.2737,0.2739,44150.6,1683120599999,12105.66927,75,15598.0,4277.01932,0
1683120600000,0.274,0.2755,0.2738,0.2754,70468.0,1683121499999,19362.3502,182,35129.4,9652.07347,0
1683121500000,0.2754,0.2754,0.274,0.274,136446.5,1683122399999,37471.70846,204,56432.6,15497.15423,0
1683122400000,0.2742,0.2742,0.2718,0.2724,149861.1,1683123299999,40858.4216,200,32533.2,8878.09308,0
1683123300000,0.2722,0.2728,0.2716,0.2725,217930.6,1683124199999,59283.84745,302,109058.2,29655.89869,0
1683124200000,0.2726,0.2732,0.2718,0.2724,187824.4,1683125099999,51186.82183,249,69186.9,18863.52551,0
1683125100000,0.2726,0.2729,0.2718,0.2724,195636.8,1683125999999,53281.40857,217,114208.3,31096.19006,0
1683126000000,0.2722,0.2724,0.2707,0.2722,114850.0,1683126899999,31188.26137,204,42258.7,11472.25761,0
1683126900000,0.2722,0.2727,0.2709,0.2709,176402.9,1683127799999,48037.842,172,102478.8,27912.53488,0
1683127800000,0.2709,0.2714,0.2707,0.2712,26010.2,1683128699999,7051.26932,53,14883.6,4034.4279,0
1683128700000,0.2713,0.2714,0.2708,0.2712,45692.8,1683129599999,12390.28654,80,19598.3,5315.53823,0
1683129600000,0.2711,0.2717,0.2708,0.2712,42367.5,1683130499999,11492.84157,72,19554.6,5304.29706,0
1683130500000,0.2713,0.2726,0.2704,0.2725,162554.2,1683131399999,44206.29388,248,84011.0,22845.09706,0
1683131400000,0.2725,0.2725,0.2717,0.2721,64528.2,1683132299999,17564.72762,146,9037.7,2459.0009,0
1683132300000,0.2721,0.2729,0.272,0.2728,39042.8,1683133199999,10642.5784,93,20249.9,5520.35418,0
1683133200000,0.2728,0.2732,0.2721,0.2724,52186.7,1683134099999,14230.99086,113,27868.8,7600.04153,0
1683134100000,0.2725,0.2725,0.2697,0.2719,267508.5,1683134999999,72453.80202,453,125466.3,33963.19782,0
1683135000000,0.2721,0.273,0.2703,0.2729,496768.1,1683135899999,134669.76241,510,275862.1,74733.74231,0
1683135900000,0.2729,0.2735,0.2697,0.2712,263064.7,1683136799999,71508.35271,414,120147.5,32681.75656,0
1683136800000,0.2713,0.2748,0.2708,0.2735,539718.0,1683137699999,147090.03963,998,264579.5,72114.40611,0
1683137700000,0.2735,0.2752,0.2735,0.2739,267855.6,1683138599999,73501.94442,442,90649.5,24881.72656,0
1683138600000,0.2741,0.2761,0.2719,0.2751,342064.4,1683139499999,93736.88659,481,169488.4,46441.08534,0
1683139500000,0.2753,0.2769,0.2753,0.2768,163241.1,1683140399999,45069.70693,246,83938.6,23181.45252,0
1683140400000,0.2767,0.2783,0.2749,0.2758,174855.0,1683141299999,48351.64207,245,69118.8,19135.42242,0
1683141300000,0.2758,0.277,0.2758,0.2761,90096.3,1683142199999,24904.39146,113,32813.3,9074.09077,0
1683142200000,0.2762,0.2773,0.2755,0.2762,100588.5,1683143099999,27780.34553,103,62641.2,17301.53618,0
1683143100000,0.2762,0.2764,0.2756,0.2758,101562.9,1683143999999,28042.66566,92,76320.9,21077.29515,0
1683144000000,0.2753,0.2787,0.2753,0.2778,131744.1,1683144899999,36522.79325,156,90573.1,25117.76449,0
1683144900000,0.2778,0.2784,0.2776,0.278,38446.1,1683145799999,10694.76421,54,10900.8,3032.5736,0
1683145800000,0.2782,0.2782,0.2757,0.2766,65970.3,1683146699999,18257.14333,87,27630.9,7647.01193,0
1683146700000,0.2765,0.2784,0.2763,0.2777,125096.7,1683147599999,34674.80436,140,47759.1,13235.23185,0
1683147600000,0.2778,0.2798,0.2777,0.2796,104493.4,1683148499999,29127.02604,123,50482.6,14079.33415,0
1683148500000,0.2796,0.2822,0.2791,0.281,277261.3,1683149399999,77814.19538,429,112910.7,31690.17847,0
1683149400000,0.2814,0.2848,0.2814,0.2846,155803.7,1683150299999,44202.5489,248,87242.8,24745.45545,0
1683150300000,0.2846,0.2868,0.2839,0.2864,167207.6,1683151199999,47785.82227,263,74178.7,21189.49176,0
1683151200000,0.2863,0.2883,0.2855,0.2873,280290.0,1683152099999,80424.26267,350,128525.3,36870.85085,0
1683152100000,0.2879,0.2887,0.2871,0.2871,145292.3,1683152999999,41856.04881,196,49493.3,14259.39579,0
1683153000000,0.2873,0.2925,0.2872,0.2924,269054.7,1683153899999,78048.09159,485,147516.0,42776.60676,0
1683153900000,0.2924,0.2942,0.2919,0.2935,234783.4,1683154799999,68803.44989,326,144817.5,42436.8077,0
1683154800000,0.2935,0.2935,0.2897,0.2909,251120.2,1683155699999,73191.84605,350,99677.2,29046.04263,0
1683155700000,0.2908,0.2916,0.2905,0.2907,83715.3,1683156599999,24369.45485,126,50079.4,14578.54899,0
1683156600000,0.2906,0.2913,0.2889,0.2891,141928.3,1683157499999,41183.19093,195,78617.5,22815.25922,0
1683157500000,0.2891,0.2903,0.2891,0.29,101199.9,1683158399999,29335.80008,138,61498.3,17823.2783,0
1683158400000,0.29,0.2902,0.2879,0.2894,123989.8,1683159299999,35858.71934,160,55659.1,16103.87845,0
1683159300000,0.2893,0.2893,0.2875,0.2878,81078.2,1683160199999,23366.89056,89,27954.9,8055.78916,0
1683160200000,0.2879,0.288,0.2859,0.2867,125577.2,1683161099999,36004.03399,192,40413.4,11586.12161,0
1683161100000,0.2867,0.2885,0.2867,0.288,61486.1,1683161999999,17697.50726,81,34149.8,9825.3351,0
1683162000000,0.2882,0.2886,0.2879,0.2885,49917.1,1683162899999,14388.9277,71,26555.9,7656.07588,0
1683162900000,0.2885,0.2887,0.2873,0.2873,31706.9,1683163799999,9137.64888,50,18004.4,5194.1612,0
1683163800000,0.2875,0.2879,0.2875,0.2875,16457.6,1683164699999,4733.87697,25,6932.9,1994.33268,0
1683164700000,0.2875,0.2881,0.287,0.2879,40496.6,1683165599999,11648.08583,54,20995.2,6037.92543,0
1683165600000,0.2879,0.2896,0.2877,0.2877,68968.2,1683166499999,19917.39963,92,41955.1,12117.87103,0
1683166500000,0.2876,0.2881,0.2876,0.2877,27244.9,1683167399999,7840.18702,43,18642.1,5365.08147,0
1683167400000,0.2877,0.2878,0.2868,0.2868,22557.2,1683168299999,6478.82395,39,12209.5,3506.48628,0
1683168300000,0.2868,0.2877,0.2868,0.2877,36839.5,1683169199999,10587.79371,52,25683.2,7381.00336,0
1683169200000,0.2878,0.288,0.2875,0.2876,23332.2,1683170099999,6712.52225,34,13348.2,3840.05053,0
1683170100000,0.2876,0.2876,0.2864,0.2867,82418.1,1683170999999,23634.41923,97,51242.7,14691.98275,0
1683171000000,0.2867,0.2872,0.2855,0.2859,77453.1,1683171899999,22167.80605,111,27120.4,7762.72645,0
1683171900000,0.2858,0.287,0.2858,0.2869,48960.9,1683172799999,14009.01368,71,30160.9,8629.35828,0
1683172800000,0.2872,0.2879,0.2872,0.2874,29950.8,1683173699999,8612.9095,48,12672.8,3643.001,0
1683173700000,0.2874,0.2876,0.2871,0.2874,21551.5,1683174599999,6193.15231,37,9532.0,2739.60036,0
1683174600000,0.2874,0.2877,0.2873,0.2873,45004.1,1683175499999,12936.51619,57,15489.5,4452.76005,0
1683175500000,0.2871,0.2875,0.2868,0.2873,35246.0,1683176399999,10123.8587,48,22409.3,6437.47523,0
1683176400000,0.2872,0.2875,0.2865,0.2872,53226.3,1683177299999,15281.58957,80,34156.9,9807.88557,0
1683177300000,0.2873,0.2874,0.2868,0.287,26929.4,1683178199999,7730.13524,37,11292.1,3239.51346,0
1683178200000,0.287,0.2882,0.287,0.2874,69804.1,1683179099999,20077.19584,101,31743.6,9129.69148,0
1683179100000,0.2875,0.2882,0.2875,0.2881,74791.1,1683179999999,21527.21134,80,47265.4,13605.43265,0
1683180000000,0.288,0.2882,0.2868,0.2868,65828.5,1683180899999,18934.05084,72,14169.1,4080.40475,0
1683180900000,0.2869,0.2869,0.286,0.286,21684.9,1683181799999,6211.61342,60,3664.5,1048.9852,0
1683181800000,0.286,0.2866,0.2857,0.2865,41198.2,1683182699999,11784.48903,78,14745.7,4218.22736,0
1683182700000,0.2865,0.2877,0.2863,0.2877,49591.8,1683183599999,14229.48723,66,30991.7,8897.13927,0
1683183600000,0.2876,0.2876,0.2866,0.2866,33595.9,1683184499999,9648.70565,55,5384.5,1546.37248,0
1683184500000,0.2865,0.2865,0.2856,0.2857,23882.8,1683185399999,6829.25178,67,5746.5,1641.84864,0
1683185400000,0.2856,0.2865,0.2852,0.2861,71475.4,1683186299999,20422.41034,124,30221.0,8638.0413,0
1683186300000,0.2863,0.2864,0.2856,0.2862,43595.6,1683187199999,12468.08126,75,19654.8,5624.27583,0
1683187200000,0.2862,0.2874,0.2855,0.2855,585472.4,1683188099999,167724.59981,569,395874.8,113443.5385,0
1683188100000,0.2854,0.2854,0.2834,0.2848,471431.7,1683188999999,133968.77716,582,170836.6,48539.95546,0
1683189000000,0.2846,0.2855,0.2846,0.2854,181135.3,1683189899999,51617.90666,120,100167.6,28529.57496,0
1683189900000,0.2853,0.2856,0.2853,0.2855,21430.3,1683190799999,6116.94692,29,11813.0,3371.59071,0
1683190800000,0.2856,0.286,0.2853,0.2853,63030.2,1683191699999,18007.69395,81,23422.3,6691.71977,0
1683191700000,0.2854,0.2854,0.2843,0.2845,111301.7,1683192599999,31685.11999,168,23733.3,6753.92214,0
1683192600000,0.2846,0.2852,0.2846,0.2849,37199.9,1683193499999,10595.34706,80,18410.7,5243.47595,0
1683193500000,0.285,0.2851,0.2847,0.285,46908.7,1683194399999,13365.09434,66,22114.9,6299.98159,0
1683194400000,0.2852,0.2854,0.2847,0.2848,55178.9,1683195299999,15726.21358,55,7574.6,2158.31715,0
1683195300000,0.2848,0.2858,0.2845,0.2857,51701.1,1683196199999,14740.66773,76,40522.9,11556.4354,0
1683196200000,0.2857,0.2871,0.2855,0.2863,161209.3,1683197099999,46170.7771,201,90440.6,25897.15062,0
1683197100000,0.2865,0.2867,0.2855,0.2861,57134.9,1683197999999,16350.6146,79,20927.3,5990.29103,0
1683198000000,0.2863,0.287,0.2863,0.287,81911.3,1683198899999,23461.58544,92,34673.4,9933.70149,0
1683198900000,0.287,0.287,0.2854,0.2856,100930.1,1683199799999,28889.40755,100,25024.7,7152.0669,0
1683199800000,0.2856,0.2859,0.285,0.2851,105573.3,1683200699999,30110.73706,120,35834.1,10227.01344,0
1683200700000,0.2851,0.2857,0.2848,0.2852,126868.7,1683201599999,36185.31257,177,62517.5,17829.21953,0
1683201600000,0.2853,0.2856,0.285,0.2852,38645.2,1683202499999,11025.92769,66,18961.3,5410.69323,0
1683202500000,0.2853,0.2855,0.2847,0.2853,16838.9,1683203399999,4800.4638,32,9369.8,2671.76716,0
1683203400000,0.2852,0.2856,0.2836,0.2839,249868.6,1683204299999,71125.76417,261,30052.2,8555.65467,0
1683204300000,0.2839,0.2839,0.2832,0.2835,71330.0,1683205199999,20221.827,116,23565.4,6683.57965,0
1683205200000,0.2835,0.2843,0.2835,0.284,69624.8,1683206099999,19781.96366,75,26837.8,7623.64714,0
1683206100000,0.2841,0.2841,0.2819,0.2824,127038.0,1683206999999,35909.39286,271,46093.5,13024.25845,0
1683207000000,0.2823,0.2824,0.2804,0.2813,111099.3,1683207899999,31267.49068,235,36904.9,10383.75885,0
1683207900000,0.281,0.2826,0.2809,0.2816,63532.0,1683208799999,17901.34304,100,34126.4,9613.76636,0
1683208800000,0.2814,0.2819,0.2811,0.2814,120631.9,1683209699999,33958.83834,161,84845.0,23883.70256,0
1683209700000,0.2813,0.2816,0.2805,0.2814,109341.8,1683210599999,30724.46147,143,61998.8,17414.40864,0
1683210600000,0.2811,0.2816,0.2808,0.2815,34968.9,1683211499999,9829.31305,54,14802.6,4162.85405,0
1683211500000,0.2814,0.2817,0.2805,0.2805,29419.8,1683212399999,8269.77935,57,5583.4,1571.48498,0
1683212400000,0.2804,0.2824,0.2804,0.2824,39587.5,1683213299999,11147.08123,60,18276.2,5151.227,0
1683213300000,0.2822,0.2822,0.2813,0.2813,44166.8,1683214199999,12445.29799,47,7743.5,2181.64635,0
1683214200000,0.2813,0.2814,0.2797,0.2797,91002.4,1683215099999,25523.08894,172,36931.1,10364.82447,0
1683215100000,0.2796,0.2797,0.278,0.2781,120972.5,1683215999999,33732.82571,226,37802.5,10544.18895,0
1683216000000,0.2781,0.2793,0.2781,0.2793,57274.5,1683216899999,15958.51197,83,32091.1,8941.5871,0
1683216900000,0.2793,0.2803,0.2792,0.2802,20083.2,1683217799999,5618.27224,37,9896.2,2770.0561,0
1683217800000,0.2802,0.2802,0.2785,0.2789,29070.5,1683218699999,8112.56894,44,9663.9,2695.89826,0
1683218700000,0.2785,0.2788,0.2774,0.2774,74219.6,1683219599999,20641.82195,148,33386.3,9290.16975,0
1683219600000,0.2774,0.2785,0.2774,0.2781,57083.9,1683220499999,15872.51438,100,15434.3,4291.19295,0
1683220500000,0.278,0.279,0.2778,0.2779,56101.0,1683221399999,15626.09448,102,25444.9,7088.67661,0
1683221400000,0.2777,0.2777,0.2763,0.2763,61223.5,1683222299999,16954.33375,129,36041.1,9981.49171,0
1683222300000,0.2763,0.2765,0.275,0.2757,74110.3,1683223199999,20433.12076,142,24327.9,6705.22946,0
1683223200000,0.2758,0.2777,0.2758,0.2775,101269.2,1683224099999,28032.54073,135,71032.9,19663.09307,0
1683224100000,0.2774,0.2774,0.2757,0.2766,91285.1,1683224999999,25227.82634,187,43474.4,12013.0554,0
1683225000000,0.2765,0.2769,0.2761,0.2763,42404.5,1683225899999,11719.67829,90,29907.1,8264.9237,0
1683225900000,0.2763,0.2769,0.2763,0.2768,24961.2,1683226799999,6902.35826,85,17879.1,4943.96798,0
1683226800000,0.2766,0.2768,0.2755,0.2755,60331.0,1683227699999,16675.40102,121,33977.6,9392.39483,0
1683227700000,0.2754,0.2765,0.2748,0.2765,60877.7,1683228599999,16777.92521,123,39933.4,11005.53266,0
1683228600000,0.2764,0.2772,0.2764,0.277,65391.3,1683229499999,18099.54582,130,39097.8,10823.45708,0
1683229500000,0.2768,0.2773,0.2764,0.277,26202.3,1683230399999,7254.48995,54,18666.4,5168.3989,0
1683230400000,0.277,0.277,0.276,0.2763,48415.8,1683231299999,13380.90144,58,20647.5,5704.59268,0
1683231300000,0.2762,0.2768,0.2762,0.2767,16133.4,1683232199999,4461.58383,23,10721.0,2964.77187,0
1683232200000,0.2769,0.2776,0.2769,0.2773,36703.8,1683233099999,10176.25179,53,23631.7,6551.02702,0
1683233100000,0.2771,0.2775,0.2768,0.2775,14980.7,1683233999999,4149.40844,26,5499.6,1523.01865,0
1683234000000,0.2774,0.2781,0.2773,0.2773,25187.4,1683234899999,6996.06883,54,14865.1,4129.71237,0
1683234900000,0.2772,0.2772,0.2766,0.277,32507.1,1683235799999,9001.13534,53,23212.8,6427.15017,0
1683235800000,0.2769,0.2772,0.2765,0.277,39519.6,1683236699999,10942.12387,44,10190.2,2822.56791,0
1683236700000,0.2771,0.2773,0.2771,0.2773,16378.6,1683237599999,4540.31847,23,6098.1,1690.26395,0
1683237600000,0.2774,0.2776,0.277,0.277,28185.4,1683238499999,7816.14762,37,9819.7,2723.51666,0
1683238500000,0.2772,0.2772,0.2766,0.2766,59717.4,1683239399999,16535.73958,61,31519.3,8726.8464,0
1683239400000,0.2767,0.2772,0.2767,0.2768,34376.3,1683240299999,9519.88372,36,10391.7,2878.5177,0
1683240300000,0.2764,0.277,0.2763,0.2768,12944.6,1683241199999,3581.87064,20,3465.3,958.82812,0
1683241200000,0.2766,0.2778,0.2766,0.2775,22191.5,1683242099999,6154.57844,45,16388.3,4545.64023,0
1683242100000,0.2777,0.2777,0.2773,0.2775,6390.1,1683242999999,1772.75633,19,1908.3,529.56405,0
1683243000000,0.2775,0.2776,0.2772,0.2772,10798.1,1683243899999,2996.34768,20,3360.1,932.28472,0
1683243900000,0.2772,0.2778,0.2772,0.2776,16045.5,1683244799999,4453.044,53,6989.2,1940.20241,0
1683244800000,0.2777,0.2781,0.2776,0.2781,12104.3,1683245699999,3364.61871,51,11718.0,3257.26583,0
1683245700000,0.278,0.278,0.2775,0.278,22995.8,1683246599999,6388.04196,48,11266.2,3129.37826,0
1683246600000,0.278,0.2787,0.2779,0.2783,60505.1,1683247499999,16849.19116,112,50594.6,14091.34603,0
1683247500000,0.2784,0.2788,0.2783,0.2785,48142.3,1683248399999,13412.19999,97,22254.5,6200.46484,0
1683248400000,0.2786,0.2786,0.277,0.277,27440.6,1683249299999,7618.89862,46,2840.1,790.0263,0
1683249300000,0.277,0.2773,0.2768,0.2773,32861.6,1683250199999,9102.08261,36,12346.1,3419.64825,0
1683250200000,0.2773,0.2813,0.2773,0.2813,267538.7,1683251099999,74769.98045,490,172066.7,48056.38822,0
1683251100000,0.2812,0.2813,0.2805,0.2806,60727.5,1683251999999,17065.38611,141,28791.7,8089.75763,0
1683252000000,0.2806,0.2823,0.2796,0.2801,172307.0,1683252899999,48516.93409,277,104664.7,29485.72135,0
1683252900000,0.2801,0.281,0.2799,0.2808,21142.5,1683253799999,5927.80855,52,18024.7,5053.37937,0
1683253800000,0.281,0.2822,0.281,0.282,40305.3,1683254699999,11343.98813,108,34970.5,9842.24782,0
1683254700000,0.2819,0.2819,0.2812,0.2812,25532.4,1683255599999,7190.4648,35,8753.2,2465.41303,0
1683255600000,0.2813,0.2816,0.2811,0.2811,24155.6,1683256499999,6795.91712,30,11025.4,3102.11909,0
1683256500000,0.2811,0.2813,0.2811,0.2812,8610.4,1683257399999,2421.10773,19,1617.0,454.73774,0
1683257400000,0.2812,0.2815,0.2803,0.2804,78913.0,1683258299999,22141.89808,76,61102.0,17140.12912,0
1683258300000,0.2802,0.2802,0.2796,0.2797,41620.9,1683259199999,11641.9042,38,9102.4,2546.54549,0
1683259200000,0.2798,0.2804,0.2795,0.2804,31948.1,1683260099999,8934.51887,32,16439.6,4597.8051,0
1683260100000,0.2803,0.2815,0.2799,0.2813,470624.0,1683260999999,132210.66801,384,259132.5,72804.48026,0
1683261000000,0.2811,0.2811,0.2799,0.2802,78292.3,1683261899999,21943.03652,98,13195.9,3697.57603,0
1683261900000,0.2802,0.2806,0.2802,0.2806,9492.3,1683262799999,2661.99911,17,1066.9,299.11387,0
1683262800000,0.2807,0.2808,0.2797,0.2797,118516.1,1683263699999,33220.92043,103,27965.7,7832.35677,0
1683263700000,0.2795,0.2795,0.2783,0.279,79224.8,1683264599999,22082.83349,95,40996.5,11419.47791,0
1683264600000,0.2791,0.2795,0.2789,0.2795,39076.0,1683265499999,10904.61572,43,16127.0,4501.40411,0
1683265500000,0.2794,0.2794,0.2788,0.2788,15363.6,1683266399999,4289.65504,19,1369.5,382.37413,0
1683266400000,0.279,0.2795,0.2789,0.2789,14037.6,1683267299999,3918.65059,27,9722.9,2713.85035,0
1683267300000,0.2789,0.2794,0.2787,0.2787,31974.1,1683268199999,8921.70635,44,13381.4,3736.10439,0
1683268200000,0.2788,0.2796,0.2788,0.2793,13786.7,1683269099999,3848.91061,26,8406.0,2346.19677,0
1683269100000,0.2793,0.2793,0.2784,0.2786,25075.8,1683269999999,6988.46941,35,5917.9,1648.07306,0
1683270000000,0.2786,0.2795,0.2775,0.2776,75767.8,1683270899999,21099.59837,95,32215.9,8977.41137,0
1683270900000,0.2779,0.2784,0.2777,0.2781,57995.3,1683271799999,16128.40767,56,34560.4,9609.82869,0
1683271800000,0.2781,0.2781,0.2776,0.278,66446.2,1683272699999,18464.24129,54,44015.9,12228.47536,0
1683272700000,0.278,0.2785,0.278,0.2784,38518.5,1683273599999,10718.22906,58,23158.3,6443.27989,0
1683273600000,0.2784,0.2786,0.2782,0.2785,59562.5,1683274499999,16581.31385,78,14316.7,3986.90357,0
1683274500000,0.2788,0.28,0.2788,0.2799,62458.9,1683275399999,17444.64931,120,31437.8,8782.57371,0
1683275400000,0.2795,0.2795,0.2792,0.2792,15058.4,1683276299999,4205.96509,31,7522.9,2101.48838,0
1683276300000,0.2792,0.2792,0.2782,0.2783,12581.9,1683277199999,3504.68376,31,2091.1,582.15788,0
1683277200000,0.2782,0.2784,0.2779,0.2779,48344.8,1683278099999,13448.79424,53,21139.5,5880.5369,0
1683278100000,0.2778,0.2781,0.2776,0.2777,72423.1,1683278999999,20118.43539,86,38041.7,10568.8884,0
1683279000000,0.2774,0.2779,0.2773,0.2778,36560.8,1683279899999,10151.42667,52,20813.1,5779.8248,0
1683279900000,0.2777,0.2782,0.2769,0.2773,86362.3,1683280799999,23951.31805,112,26071.4,7231.06227,0
1683280800000,0.2774,0.2777,0.2773,0.2775,52285.9,1683281699999,14509.08087,60,33402.8,9269.28826,0
1683281700000,0.2774,0.2782,0.2773,0.2782,30834.4,1683282599999,8563.45068,52,16839.1,4679.20744,0
1683282600000,0.2778,0.2779,0.2773,0.2775,59918.9,1683283499999,16630.51334,67,22489.6,6243.0581,0
1683283500000,0.2778,0.2789,0.2778,0.2788,40192.0,1683284399999,11188.37387,91,27132.6,7553.5385,0
1683284400000,0.2788,0.279,0.278,0.279,34276.8,1683285299999,9542.97415,61,22529.6,6273.84862,0
1683285300000,0.2791,0.2792,0.2783,0.2783,49966.8,1683286199999,13922.11455,79,10824.3,3014.73804,0
1683286200000,0.2785,0.279,0.2782,0.279,33060.6,1683287099999,9211.46293,109,25378.6,7072.80072,0
1683287100000,0.279,0.2808,0.279,0.2806,96082.4,1683287999999,26909.0292,137,60434.0,16917.77844,0
1683288000000,0.2804,0.2804,0.2795,0.2796,49917.6,1683288899999,13974.51533,93,20921.3,5857.80909,0
1683288900000,0.2797,0.2803,0.2788,0.2793,129032.9,1683289799999,36094.99458,185,75107.3,21015.0766,0
1683289800000,0.2791,0.2801,0.2755,0.2782,441348.6,1683290699999,122401.90058,793,216371.9,59972.84464,0
1683290700000,0.278,0.2801,0.278,0.2789,134561.4,1683291599999,37580.72654,168,40566.7,11339.85123,0
1683291600000,0.2786,0.2792,0.2778,0.2791,81544.6,1683292499999,22709.09122,162,26015.8,7247.15946,0
1683292500000,0.2794,0.2795,0.2786,0.2792,106414.4,1683293399999,29684.05826,149,29536.1,8242.23798,0
1683293400000,0.2793,0.2825,0.279,0.2824,210925.5,1683294299999,59290.55037,276,125261.2,35214.07906,0
1683294300000,0.2824,0.2846,0.2816,0.2846,190994.8,1683295199999,53996.92259,265,133223.4,37674.17432,0
1683295200000,0.2846,0.2846,0.2822,0.2825,228716.2,1683296099999,64733.19804,361,80739.9,22860.33161,0
1683296100000,0.2828,0.2835,0.2822,0.2825,150403.4,1683296999999,42540.14496,274,53849.7,15225.80334,0
1683297000000,0.2827,0.2861,0.2827,0.2853,225554.2,1683297899999,64246.2794,275,103326.9,29414.76431,0
1683297900000,0.2854,0.2862,0.2847,0.2856,173799.6,1683298799999,49596.57618,214,61735.0,17617.84463,0
1683298800000,0.2853,0.2861,0.2837,0.284,254037.4,1683299699999,72386.85341,316,102968.2,29358.90673,0
1683299700000,0.2841,0.2847,0.2832,0.2842,167857.5,1683300599999,47657.90053,196,114871.2,32608.43778,0
1683300600000,0.2843,0.2845,0.2831,0.2833,61552.8,1683301499999,17469.41532,89,27247.3,7730.49956,0
1683301500000,0.2835,0.2842,0.283,0.2838,52312.0,1683302399999,14831.77078,76,21482.0,6096.6216,0
1683302400000,0.2838,0.2885,0.2838,0.287,381745.4,1683303299999,109476.14093,544,190482.1,54586.48182,0
1683303300000,0.2875,0.2878,0.2861,0.2868,136332.3,1683304199999,39125.84593,200,52741.6,15137.41759,0
1683304200000,0.2872,0.2874,0.2854,0.286,89722.9,1683305099999,25666.73278,106,28417.2,8130.50037,0
1683305100000,0.286,0.2867,0.2851,0.2867,61379.9,1683305999999,17546.35319,84,25648.7,7335.82328,0
1683306000000,0.2868,0.2872,0.285,0.285,79091.5,1683306899999,22638.11468,110,35033.6,10038.19214,0
1683306900000,0.285,0.2856,0.285,0.2852,39257.6,1683307799999,11201.14218,56,10146.3,2895.75713,0
1683307800000,0.2854,0.2854,0.2838,0.2848,55723.7,1683308699999,15862.3834,85,24823.4,7067.15764,0
1683308700000,0.2848,0.2848,0.2839,0.2842,101622.7,1683309599999,28891.33751,108,33463.2,9518.12632,0
1683309600000,0.2842,0.2849,0.2839,0.2849,55677.2,1683310499999,15832.79892,84,26922.1,7656.09624,0
1683310500000,0.2847,0.2848,0.284,0.2842,48481.4,1683311399999,13784.41484,57,14292.4,4065.17221,0
1683311400000,0.2842,0.2851,0.2832,0.2834,125206.5,1683312299999,35585.35452,127,30125.7,8568.46663,0
1683312300000,0.2834,0.2835,0.2816,0.2829,259909.8,1683313199999,73449.19974,343,74848.0,21144.8094,0
1683313200000,0.2827,0.2831,0.2826,0.2828,59881.5,1683314099999,16935.60186,99,32073.2,9073.04862,0
1683314100000,0.2828,0.2834,0.2827,0.2829,44897.6,1683314999999,12706.63523,104,16612.3,4702.93582,0
1683315000000,0.2829,0.2836,0.2827,0.2833,47808.9,1683315899999,13539.78259,88,16017.6,4535.51963,0
1683315900000,0.2833,0.2835,0.2829,0.2834,84260.4,1683316799999,23854.71467,111,29906.7,8470.95331,0
1683316800000,0.2835,0.2842,0.2827,0.2831,51249.6,1683317699999,14522.01533,105,24388.1,6916.69805,0
1683317700000,0.283,0.283,0.2821,0.2821,34147.6,1683318599999,9642.96978,55,3055.5,862.6173,0
1683318600000,0.2822,0.2827,0.2821,0.2821,30539.6,1683319499999,8621.78372,48,5666.5,1600.64311,0
1683319500000,0.2823,0.2828,0.2823,0.2827,39655.6,1683320399999,11203.1867,63,23026.2,6505.55878,0
1683320400000,0.2826,0.2833,0.2825,0.2833,17065.6,1683321299999,4827.49532,31,10026.8,2836.36252,0
1683321300000,0.2835,0.2841,0.2834,0.2835,118473.6,1683322199999,33613.84854,142,28791.5,8168.51506,0
1683322200000,0.2835,0.2836,0.2829,0.2835,33885.0,1683323099999,9601.87122,58,25702.0,7283.96812,0
1683323100000,0.2836,0.2836,0.2829,0.2829,35489.9,1683323999999,10054.13225,49,7379.4,2092.17989,0
1683324000000,0.2835,0.284,0.2835,0.284,15488.5,1683324899999,4396.83468,21,2496.5,708.2352,0
1683324900000,0.2839,0.2846,0.2839,0.2846,77283.4,1683325799999,21969.92461,88,41932.1,11920.41746,0
1683325800000,0.2846,0.285,0.2842,0.2847,103719.2,1683326699999,29510.34821,80,22940.0,6531.89423,0
1683326700000,0.2849,0.2853,0.2848,0.285,14935.1,1683327599999,4256.3542,34,9119.6,2599.12096,0
1683327600000,0.2848,0.2853,0.2845,0.285,43866.9,1683328499999,12504.53255,68,23300.8,6640.99685,0
1683328500000,0.285,0.2854,0.2848,0.2851,19460.7,1683329399999,5547.48467,32,9347.2,2665.77328,0
1683329400000,0.2851,0.2851,0.2842,0.2842,30936.3,1683330299999,8809.52429,36,6745.2,1922.06866,0
1683330300000,0.2842,0.285,0.2841,0.2843,15784.3,1683331199999,4490.80329,34,9223.3,2623.85661,0
1683331200000,0.2842,0.2842,0.2826,0.283,70329.8,1683332099999,19910.73595,111,32716.4,9263.70466,0
1683332100000,0.2829,0.2844,0.2829,0.2835,118232.9,1683332999999,33520.35906,165,78097.8,22139.96559,0
1683333000000,0.2836,0.2863,0.2836,0.285,289007.8,1683333899999,82506.46567,332,158742.7,45318.53852,0
1683333900000,0.2852,0.286,0.2846,0.2848,59786.0,1683334799999,17048.45605,65,29338.5,8366.23911,0
1683334800000,0.2849,0.2851,0.2829,0.2833,183140.7,1683335699999,51931.69149,197,77128.1,21883.84166,0
1683335700000,0.2832,0.2832,0.2821,0.2822,21199.6,1683336599999,5988.02981,33,4689.5,1323.47885,0
1683336600000,0.2822,0.2826,0.2818,0.2819,33331.1,1683337499999,9405.3245,45,13475.5,3804.74225,0
1683337500000,0.2818,0.2818,0.2802,0.2805,69449.6,1683338399999,19500.46347,118,33882.9,9509.00206,0
1683338400000,0.2805,0.2808,0.2794,0.2796,108387.3,1683339299999,30338.82947,133,25447.2,7121.56689,0
1683339300000,0.2795,0.2797,0.2789,0.2789,41938.9,1683340199999,11717.36931,43,16921.0,4726.06463,0
1683340200000,0.2795,0.2797,0.2789,0.2794,35698.3,1683341099999,9967.46351,48,27327.9,7630.61788,0
1683341100000,0.2795,0.2795,0.2788,0.2791,27802.6,1683341999999,7760.91245,44,13262.9,3701.56804,0
1683342000000,0.2793,0.2793,0.2783,0.2784,46037.1,1683342899999,12833.65359,81,16440.5,4581.88269,0
1683342900000,0.2785,0.2791,0.2781,0.2781,83410.4,1683343799999,23229.74417,90,42999.0,11976.85664,0
1683343800000,0.2781,0.2781,0.2772,0.2777,80813.6,1683344699999,22432.79051,91,27991.5,7769.83085,0
1683344700000,0.2778,0.2781,0.2776,0.2779,44317.0,1683345599999,12313.42686,40,23553.2,6545.27489,0
1683345600000,0.2778,0.2786,0.2778,0.2784,156238.7,1683346499999,43459.18284,101,132690.1,36906.95143,0
1683346500000,0.2785,0.2786,0.2782,0.2785,33965.4,1683347399999,9453.37828,52,8556.0,2381.50838,0
1683347400000,0.2784,0.2784,0.2776,0.2776,41059.9,1683348299999,11409.76204,38,3062.0,851.67624,0
1683348300000,0.2776,0.2783,0.2776,0.2778,55010.2,1683349199999,15288.25679,77,26133.1,7266.04449,0
1683349200000,0.2777,0.2784,0.2777,0.278,64610.7,1683350099999,17970.66572,84,26540.8,7382.94388,0
1683350100000,0.2781,0.2781,0.2769,0.2772,83369.4,1683350999999,23145.95316,124,32794.2,9102.38582,0
1683351000000,0.2773,0.2775,0.2766,0.2768,29076.5,1683351899999,8054.7923,46,12624.4,3497.18349,0
1683351900000,0.2766,0.2773,0.2765,0.2772,21425.7,1683352799999,5935.03348,24,16055.9,4447.66983,0
1683352800000,0.2772,0.2775,0.2761,0.2775,102573.9,1683353699999,28370.15728,148,46555.8,12878.41803,0
1683353700000,0.2774,0.2777,0.2769,0.2773,59303.3,1683354599999,16449.99877,59,24376.0,6764.44875,0
1683354600000,0.2769,0.2769,0.275,0.275,56300.7,1683355499999,15535.18122,116,21173.2,5842.00875,0
1683355500000,0.275,0.275,0.273,0.2744,528998.0,1683356399999,145037.74777,545,261811.2,71755.02841,0
1683356400000,0.2743,0.2751,0.2738,0.2751,128275.0,1683357299999,35198.59362,130,100324.8,27532.04234,0
1683357300000,0.275,0.2762,0.275,0.2762,78350.0,1683358199999,21610.18583,112,38622.2,10648.98548,0
1683358200000,0.2763,0.2763,0.2739,0.2739,123196.9,1683359099999,33830.38231,175,60136.7,16496.7777,0
1683359100000,0.2742,0.2746,0.2734,0.2741,140683.1,1683359999999,38546.05727,176,89821.3,24611.1771,0
1683360000000,0.2741,0.2741,0.2703,0.2726,303842.2,1683360899999,82618.79863,503,130294.8,35424.84095,0
1683360900000,0.2725,0.2731,0.2725,0.2729,31688.6,1683361799999,8645.61872,45,14120.0,3852.42259,0
1683361800000,0.2728,0.2733,0.2726,0.2732,57784.0,1683362699999,15767.3357,85,29742.5,8115.63008,0
1683362700000,0.2733,0.2734,0.2727,0.2734,36833.5,1683363599999,10059.66824,50,16602.7,4533.57601,0
1683363600000,0.2732,0.2733,0.2725,0.2725,33516.5,1683364499999,9148.04111,45,5415.4,1477.62651,0
1683364500000,0.2726,0.2727,0.2723,0.2725,11325.5,1683365399999,3086.5425,19,4599.0,1253.87045,0
1683365400000,0.2725,0.2733,0.2723,0.2732,34595.0,1683366299999,9439.95583,48,22338.5,6096.63931,0
1683366300000,0.2733,0.2733,0.2724,0.2724,61052.2,1683367199999,16659.80835,63,14385.5,3925.11236,0
1683367200000,0.2723,0.2733,0.2722,0.2731,100569.3,1683368099999,27449.20474,77,25673.7,7004.41715,0
1683368100000,0.2732,0.2742,0.273,0.2742,130219.1,1683368999999,35610.77172,246,86894.9,23766.00244,0
1683369000000,0.2742,0.2754,0.2742,0.2753,48170.9,1683369899999,13243.18503,128,30410.4,8360.50126,0
1683369900000,0.2751,0.2751,0.2745,0.2748,59090.1,1683370799999,16235.92505,68,10435.5,2866.49902,0
1683370800000,0.2749,0.2756,0.2745,0.2752,110245.5,1683371699999,30339.5725,119,67324.9,18530.99061,0
1683371700000,0.2752,0.2752,0.2746,0.2748,60697.7,1683372599999,16680.52615,96,22593.7,6209.82436,0
1683372600000,0.2749,0.276,0.2749,0.2758,32916.9,1683373499999,9064.40497,69,21102.6,5812.24298,0
1683373500000,0.2758,0.2758,0.2752,0.2755,31586.9,1683374399999,8699.88548,60,17710.3,4879.35252,0
1683374400000,0.2756,0.2757,0.2752,0.2755,48511.3,1683375299999,13362.21206,98,26200.1,7217.04205,0
1683375300000,0.2757,0.2757,0.274,0.2751,69876.8,1683376199999,19189.83751,126,45111.0,12391.60889,0
1683376200000,0.2749,0.2751,0.273,0.2746,215877.1,1683377099999,59134.46715,382,106061.6,29053.70598,0
1683377100000,0.2746,0.2746,0.2728,0.2741,116917.1,1683377999999,31958.18063,158,58510.3,16002.35271,0
1683378000000,0.274,0.274,0.2719,0.2734,143241.6,1683378899999,39120.3452,197,81441.0,22236.59611,0
1683378900000,0.2729,0.2729,0.2712,0.2725,146560.1,1683379799999,39865.46985,198,82950.1,22560.34987,0
1683379800000,0.2723,0.2724,0.2705,0.272,170270.7,1683380699999,46223.69361,289,87444.8,23737.68415,0
1683380700000,0.2716,0.2728,0.2715,0.2723,107049.8,1683381599999,29157.89532,200,52867.7,14399.47245,0
1683381600000,0.2721,0.2721,0.2671,0.2699,681264.5,1683382499999,183261.7502,1057,311510.8,83853.87463,0
1683382500000,0.2697,0.2705,0.2694,0.2703,152599.3,1683383399999,41184.06536,213,83892.6,22646.4004,0
1683383400000,0.2702,0.2712,0.2695,0.2707,113769.9,1683384299999,30763.62385,202,46695.1,12628.33422,0
1683384300000,0.2704,0.271,0.2695,0.2697,42171.7,1683385199999,11404.35023,88,23091.7,6249.11379,0
1683385200000,0.2695,0.2708,0.268,0.2708,430827.5,1683386099999,116122.70786,468,318701.7,85950.27861,0
1683386100000,0.2708,0.2709,0.27,0.2706,114989.7,1683386999999,31106.57714,177,40563.9,10975.52332,0
1683387000000,0.2704,0.2705,0.2694,0.2698,88871.3,1683387899999,23982.37329,100,50018.3,13496.36722,0
1683387900000,0.2699,0.2699,0.2687,0.2692,55215.3,1683388799999,14877.42698,74,11002.4,2961.16997,0
1683388800000,0.2691,0.2698,0.2688,0.2698,79145.7,1683389699999,21327.55027,94,47713.9,12858.26983,0
1683389700000,0.2698,0.2704,0.2693,0.2704,73879.7,1683390599999,19933.21886,137,56182.9,15163.21114,0
1683390600000,0.2701,0.2701,0.2695,0.2696,71183.9,1683391499999,19194.48991,74,19701.6,5313.01272,0
1683391500000,0.2696,0.2696,0.2689,0.2693,135525.7,1683392399999,36482.47052,172,50107.7,13491.76467,0
1683392400000,0.2691,0.2699,0.269,0.2699,63793.2,1683393299999,17184.77238,83,33776.0,9101.79604,0
1683393300000,0.2698,0.2708,0.2697,0.2705,60485.6,1683394199999,16353.23781,103,37267.1,10075.70496,0
1683394200000,0.2703,0.2704,0.2693,0.2695,80730.6,1683395099999,21775.06101,95,26491.9,7148.29562,0
1683395100000,0.2696,0.2702,0.2694,0.2702,35772.6,1683395999999,9644.43073,51,23150.0,6241.91176,0
1683396000000,0.2702,0.2715,0.2701,0.2715,55026.2,1683396899999,14886.07809,83,45305.6,12257.192,0
1683396900000,0.2714,0.2724,0.2713,0.2722,89308.0,1683397799999,24276.56124,156,36462.0,9915.17571,0
1683397800000,0.272,0.2737,0.272,0.2736,70878.7,1683398699999,19334.79678,138,46251.7,12620.82963,0
1683398700000,0.2734,0.2734,0.2727,0.2729,116346.4,1683399599999,31767.11465,148,37341.1,10193.59248,0
1683399600000,0.273,0.2738,0.2725,0.273,97566.1,1683400499999,26649.72389,151,43933.8,12006.81531,0
1683400500000,0.273,0.273,0.2715,0.2721,92142.7,1683401399999,25058.38304,135,51288.6,13945.80428,0
1683401400000,0.2723,0.2723,0.2713,0.2716,73494.8,1683402299999,19963.12251,77,49345.9,13401.64644,0
1683402300000,0.2717,0.2719,0.2712,0.2713,28770.7,1683403199999,7816.95823,38,14578.5,3961.92672,0
1683403200000,0.2715,0.2718,0.271,0.2714,43949.9,1683404099999,11928.46105,58,22136.2,6006.79444,0
1683404100000,0.2714,0.2722,0.2707,0.2707,38374.5,1683404999999,10420.91781,55,11713.8,3183.41315,0
1683405000000,0.2707,0.2711,0.2705,0.2708,62052.0,1683405899999,16803.93545,98,9986.4,2704.54849,0
1683405900000,0.2708,0.2713,0.2701,0.2703,71387.9,1683406799999,19336.80483,101,24028.5,6510.82459,0
1683406800000,0.2704,0.2707,0.2697,0.2704,68638.4,1683407699999,18542.72073,154,26686.8,7210.27893,0
1683407700000,0.2704,0.2704,0.2696,0.2698,22876.1,1683408599999,6176.4425,50,2386.3,644.22818,0
1683408600000,0.2698,0.2698,0.2683,0.2685,84489.5,1683409499999,22712.75641,116,31656.3,8505.99186,0
1683409500000,0.2685,0.2699,0.2681,0.2699,71851.6,1683410399999,19313.01425,138,40094.4,10788.10421,0
1683410400000,0.2699,0.2699,0.269,0.269,26284.6,1683411299999,7081.54677,37,10590.8,2854.39872,0
1683411300000,0.269,0.2692,0.2687,0.2687,32116.4,1683412199999,8638.03102,35,6586.8,1772.4898,0
1683412200000,0.2686,0.2687,0.2681,0.2687,10527.3,1683413099999,2826.00556,27,1573.3,422.21211,0
1683413100000,0.2686,0.2687,0.2683,0.2685,7659.8,1683413999999,2056.98752,18,5473.1,1470.08161,0
1683414000000,0.2683,0.2689,0.2683,0.2685,33430.8,1683414899999,8978.52932,40,5142.2,1381.82516,0
1683414900000,0.2687,0.2691,0.2687,0.2688,9685.9,1683415799999,2604.26685,22,7497.9,2015.90066,0
1683415800000,0.2686,0.2686,0.268,0.2683,60444.2,1683416699999,16220.99988,59,10529.0,2824.58202,0
1683416700000,0.2683,0.2694,0.2683,0.2691,33416.2,1683417599999,8984.04354,66,24373.0,6550.59004,0
1683417600000,0.2689,0.2695,0.2685,0.2687,48706.7,1683418499999,13106.19992,76,13987.5,3765.6724,0
1683418500000,0.2687,0.269,0.2683,0.2683,38070.0,1683419399999,10225.39216,49,22913.2,6152.76202,0
1683419400000,0.2684,0.2685,0.268,0.2683,42397.8,1683420299999,11373.33992,41,18553.1,4978.17494,0
1683420300000,0.2683,0.2692,0.2683,0.2688,76994.2,1683421199999,20693.5125,115,35540.0,9552.62629,0
1683421200000,0.2686,0.2686,0.267,0.2679,133862.4,1683422099999,35870.69711,116,5851.3,1565.58908,0
1683422100000,0.2679,0.2698,0.2678,0.2697,59641.8,1683422999999,16034.7,107,41853.8,11254.13133,0
1683423000000,0.2697,0.2698,0.2685,0.2686,23754.1,1683423899999,6393.40437,31,11310.6,3046.94967,0
1683423900000,0.2683,0.2683,0.267,0.2672,34012.5,1683424799999,9105.47726,45,9151.5,2447.18587,0
1683424800000,0.2671,0.2675,0.2668,0.2669,49596.0,1683425699999,13249.3277,94,26589.2,7104.90482,0
1683425700000,0.2667,0.2667,0.2652,0.2661,158705.2,1683426599999,42223.09191,225,59407.1,15793.42705,0
1683426600000,0.2659,0.2659,0.2649,0.2649,51372.7,1683427499999,13626.25502,79,14537.7,3855.03794,0
1683427500000,0.2652,0.2653,0.2649,0.2651,52141.1,1683428399999,13821.21665,76,22823.2,6050.66181,0
1683428400000,0.265,0.2652,0.2646,0.2652,23413.6,1683429299999,6202.03978,44,9706.9,2572.3095,0
1683429300000,0.2656,0.2656,0.2652,0.2655,39369.3,1683430199999,10449.92687,40,16076.1,4267.6078,0
1683430200000,0.2656,0.2657,0.2648,0.265,60090.7,1683431099999,15934.3416,63,18936.3,5020.09048,0
1683431100000,0.2649,0.2657,0.2648,0.2655,19800.9,1683431999999,5251.6916,24,12738.8,3378.72271,0
1683432000000,0.2655,0.2658,0.2652,0.2655,87801.0,1683432899999,23305.52681,91,13462.6,3574.78914,0
1683432900000,0.2654,0.2657,0.265,0.265,27460.9,1683433799999,7286.09429,37,12572.6,3337.78314,0
1683433800000,0.2653,0.2661,0.2653,0.2661,45026.6,1683434699999,11955.84546,37,34682.2,9210.1391,0
1683434700000,0.2664,0.2669,0.2664,0.2668,25188.2,1683435599999,6718.21435,56,18216.6,4858.57003,0
1683435600000,0.2668,0.267,0.2666,0.2667,27200.8,1683436499999,7255.57352,37,13974.1,3728.5396,0
1683436500000,0.2667,0.2671,0.2665,0.2667,10062.7,1683437399999,2683.94952,24,4658.1,1243.0826,0
1683437400000,0.267,0.2678,0.267,0.2677,17427.5,1683438299999,4660.92768,51,15562.8,4162.50882,0
1683438300000,0.2677,0.2682,0.2677,0.2681,25535.2,1683439199999,6844.62201,73,18811.0,5043.15757,0
1683439200000,0.2681,0.2685,0.2673,0.2674,28266.6,1683440099999,7576.33687,45,18715.1,5016.80646,0
1683440100000,0.2674,0.2682,0.2674,0.2678,37840.2,1683440999999,10132.03225,47,18539.9,4963.31018,0
1683441000000,0.2676,0.2685,0.2675,0.2685,32817.2,1683441899999,8799.96506,62,16405.2,4399.63421,0
1683441900000,0.2685,0.269,0.2685,0.2687,18628.6,1683442799999,5006.9045,38,11815.7,3175.26376,0
1683442800000,0.269,0.269,0.2681,0.2689,47293.1,1683443699999,12683.88958,49,10845.6,2909.79325,0
1683443700000,0.2691,0.2694,0.269,0.2692,21941.1,1683444599999,5906.24184,24,9657.8,2599.93157,0
1683444600000,0.2692,0.2707,0.2692,0.2707,33691.1,1683445499999,9098.9264,94,25368.2,6849.90127,0
1683445500000,0.2706,0.2716,0.2706,0.2716,75585.4,1683446399999,20507.62201,124,55619.2,15089.21592,0
1683446400000,0.2716,0.2716,0.2701,0.2706,118784.2,1683447299999,32149.74807,160,47182.6,12765.66478,0
1683447300000,0.2707,0.271,0.2703,0.2703,28582.8,1683448199999,7739.24597,48,15281.3,4137.7871,0
1683448200000,0.2703,0.2712,0.2703,0.2705,44355.7,1683449099999,12008.32202,73,18779.7,5084.94572,0
1683449100000,0.2707,0.2709,0.2705,0.2708,41237.2,1683449999999,11158.76382,38,32741.0,8860.05389,0
1683450000000,0.2709,0.2711,0.2701,0.2704,79163.3,1683450899999,21404.0599,113,45465.9,12294.13883,0
1683450900000,0.2705,0.2713,0.2702,0.2713,66109.9,1683451799999,17892.08978,75,37169.7,10057.60028,0
1683451800000,0.2714,0.2719,0.2695,0.2695,65938.0,1683452699999,17837.32563,141,21546.2,5834.14392,0
1683452700000,0.2698,0.2698,0.2693,0.2694,23528.9,1683453599999,6339.84513,56,10027.2,2701.76847,0
1683453600000,0.2695,0.2702,0.2693,0.2694,133087.4,1683454499999,35885.98432,148,85769.9,23120.23496,0
1683454500000,0.2693,0.2698,0.2693,0.2694,13907.7,1683455399999,3747.2898,31,6323.3,1703.56081,0
1683455400000,0.2696,0.27,0.2696,0.2698,18137.3,1683456299999,4894.38942,31,6346.5,1712.52858,0
1683456300000,0.2699,0.2712,0.2699,0.2704,38515.3,1683457199999,10424.82041,55,23897.0,6468.32316,0
1683457200000,0.2704,0.2707,0.2697,0.2697,32123.3,1683458099999,8686.48304,48,16727.0,4524.01442,0
1683458100000,0.2699,0.2703,0.2692,0.2692,32770.4,1683458999999,8836.324,82,9200.8,2480.60351,0
1683459000000,0.2694,0.2706,0.2693,0.2696,32390.6,1683459899999,8740.50365,55,18792.9,5070.91095,0
1683459900000,0.2697,0.2699,0.2696,0.2699,20918.1,1683460799999,5641.71003,29,16892.8,4555.62744,0
1683460800000,0.2704,0.2704,0.27,0.2704,19433.2,1683461699999,5252.61642,28,9680.7,2617.18232,0
1683461700000,0.2705,0.2711,0.2704,0.2706,11930.5,1683462599999,3229.63422,28,6666.9,1804.51801,0
1683462600000,0.2707,0.2709,0.27,0.2703,34289.3,1683463499999,9265.09738,68,10387.3,2807.31437,0
1683463500000,0.2704,0.2707,0.2699,0.2702,37987.6,1683464399999,10265.36743,49,4658.8,1260.04741,0
1683464400000,0.2701,0.2707,0.2701,0.2704,47787.7,1683465299999,12917.79964,61,37515.8,10139.35802,0
1683465300000,0.2706,0.2713,0.2699,0.2703,49804.9,1683466199999,13480.56592,66,18124.9,4901.48333,0
1683466200000,0.2702,0.2716,0.2702,0.2708,92030.9,1683467099999,24950.18092,105,47254.9,12819.68629,0
1683467100000,0.271,0.2716,0.2703,0.2707,39204.8,1683467999999,10616.51087,71,13338.1,3614.20818,0
1683468000000,0.2706,0.2707,0.2699,0.2699,125990.3,1683468899999,34055.2134,146,35985.2,9731.07898,0
1683468900000,0.2699,0.2699,0.2693,0.2699,85351.0,1683469799999,23003.48086,120,15064.6,4060.59178,0
1683469800000,0.27,0.271,0.27,0.2708,62781.1,1683470699999,16991.4861,77,36015.7,9748.21389,0
1683470700000,0.271,0.2714,0.2708,0.271,38919.6,1683471599999,10548.46756,52,21339.8,5782.9997,0
1683471600000,0.2708,0.271,0.2703,0.2707,17986.1,1683472499999,4868.27439,41,7648.6,2070.16944,0
1683472500000,0.2702,0.2702,0.2691,0.2696,28503.4,1683473399999,7690.29342,82,3128.0,842.74726,0
1683473400000,0.2694,0.2694,0.2685,0.269,71810.5,1683474299999,19304.73878,141,19586.4,5266.21985,0
1683474300000,0.2692,0.2701,0.2676,0.2679,446276.1,1683475199999,119856.70554,636,121446.9,32616.15507,0
1683475200000,0.268,0.2687,0.2674,0.2687,101813.3,1683476099999,27282.94912,131,45750.4,12271.68183,0
1683476100000,0.2687,0.2687,0.2667,0.2672,85996.9,1683476999999,23004.32424,126,47092.5,12601.3251,0
1683477000000,0.267,0.267,0.2658,0.2662,83016.6,1683477899999,22123.18533,125,28578.0,7610.22145,0
1683477900000,0.2661,0.2674,0.2659,0.2674,57799.7,1683478799999,15390.15799,77,44159.0,11757.48993,0
1683478800000,0.2674,0.2683,0.2672,0.2675,150649.3,1683479699999,40322.56258,155,61989.3,16589.06408,0
1683479700000,0.2676,0.2679,0.2669,0.2669,136223.0,1683480599999,36435.90809,128,49293.8,13184.79064,0
1683480600000,0.2668,0.2669,0.2662,0.2666,59875.4,1683481499999,15957.8176,61,45060.1,12008.2985,0
1683481500000,0.2663,0.2667,0.2661,0.2663,17665.8,1683482399999,4706.06411,25,10377.2,2765.54513,0
1683482400000,0.2662,0.267,0.266,0.267,43037.3,1683483299999,11466.50401,47,28573.1,7614.38149,0
1683483300000,0.2669,0.2669,0.2661,0.2666,42662.6,1683484199999,11366.09546,48,13342.1,3554.6035,0
1683484200000,0.2666,0.267,0.2662,0.2662,34675.3,1683485099999,9246.65626,41,10750.5,2867.56711,0
1683485100000,0.2663,0.2666,0.2654,0.2654,81711.4,1683485999999,21735.50146,93,44785.2,11918.47389,0
1683486000000,0.2653,0.2657,0.2645,0.2653,105714.5,1683486899999,28044.60983,117,53488.5,14199.41155,0
1683486900000,0.2653,0.2659,0.265,0.2651,51141.4,1683487799999,13565.11679,67,33704.2,8939.66965,0
1683487800000,0.265,0.2651,0.2637,0.2645,103440.0,1683488699999,27336.36416,184,34434.5,9099.82826,0
1683488700000,0.2646,0.2651,0.2641,0.2645,65724.7,1683489599999,17393.20264,111,20969.0,5548.52438,0
1683489600000,0.2645,0.2655,0.2643,0.2655,57937.7,1683490499999,15352.86807,95,32714.9,8669.45293,0
1683490500000,0.2655,0.266,0.2653,0.2654,65337.5,1683491399999,17359.35705,107,27053.8,7188.7779,0
1683491400000,0.2656,0.2661,0.2654,0.2659,45900.3,1683492299999,12200.31099,94,19555.8,5198.68364,0
1683492300000,0.2661,0.2665,0.2659,0.2663,29790.5,1683493199999,7927.76135,72,15225.4,4052.79879,0
1683493200000,0.2663,0.2664,0.2658,0.2664,54340.1,1683494099999,14461.72537,76,28544.5,7597.74891,0
1683494100000,0.2664,0.2668,0.2662,0.2664,11601.1,1683494999999,3091.65478,19,8000.5,2131.85597,0
1683495000000,0.2669,0.2669,0.266,0.2661,10401.8,1683495899999,2771.13927,25,3313.5,882.23008,0
1683495900000,0.266,0.266,0.2645,0.2645,47958.8,1683496799999,12713.36897,99,26123.6,6925.4815,0
1683496800000,0.2644,0.2647,0.2632,0.2645,58424.5,1683497699999,15428.5861,103,24169.5,6384.5976,0
1683497700000,0.2644,0.2654,0.2644,0.2646,51168.0,1683498599999,13548.47738,54,28697.5,7594.78969,0
1683498600000,0.2646,0.2647,0.2642,0.2647,44814.8,1683499499999,11849.10007,58,25630.7,6777.30601,0
1683499500000,0.2649,0.2655,0.2649,0.2651,25008.5,1683500399999,6631.07037,31,14164.6,3755.70283,0
1683500400000,0.2653,0.2662,0.265,0.2662,84388.7,1683501299999,22401.28632,94,36204.2,9616.9107,0
1683501300000,0.2662,0.2664,0.2657,0.2657,68430.9,1683502199999,18197.82217,98,24283.8,6457.65331,0
1683502200000,0.2658,0.2663,0.2647,0.2647,76602.1,1683503099999,20354.75124,110,43900.8,11665.89326,0
1683503100000,0.2647,0.265,0.2619,0.2627,263534.3,1683503999999,69383.9983,478,125938.4,33142.12723,0
1683504000000,0.2628,0.2647,0.262,0.2647,130733.4,1683504899999,34385.85128,217,82030.3,21578.54343,0
1683504900000,0.2645,0.265,0.2637,0.2637,76043.1,1683505799999,20092.68832,130,40432.1,10680.87469,0
1683505800000,0.2638,0.2647,0.2634,0.2647,61687.8,1683506699999,16290.63724,158,25252.4,6670.19693,0
1683506700000,0.2645,0.2646,0.2636,0.2642,37504.3,1683507599999,9904.97737,165,10310.0,2724.546,0
1683507600000,0.2642,0.2642,0.263,0.263,46112.6,1683508499999,12153.38038,167,20203.3,5325.84592,0
1683508500000,0.2631,0.2634,0.2604,0.2605,135067.1,1683509399999,35403.57626,294,50133.8,13144.61864,0
1683509400000,0.2608,0.2623,0.2492,0.2492,1052203.8,1683510299999,268355.85722,1455,344073.9,88094.72755,0
1683510300000,0.2496,0.2505,0.2433,0.2486,1807672.9,1683511199999,447453.02921,2691,897698.5,222094.16563,0
1683511200000,0.2483,0.2497,0.2475,0.249,405647.9,1683512099999,100864.64237,706,236859.5,58934.47518,0
1683512100000,0.2489,0.2496,0.248,0.2484,266792.3,1683512999999,66345.27388,495,109926.7,27342.18703,0
1683513000000,0.2484,0.2485,0.2461,0.2467,287340.4,1683513899999,71001.65747,681,138750.0,34294.32087,0
1683513900000,0.2467,0.2483,0.2466,0.2483,122080.3,1683514799999,30207.47318,357,68775.0,17023.01638,0
1683514800000,0.2482,0.2484,0.2474,0.2478,339735.4,1683515699999,84230.32415,578,100369.8,24876.66983,0
1683515700000,0.2479,0.2479,0.246,0.2462,126798.5,1683516599999,31278.29248,241,69046.5,17027.86563,0
1683516600000,0.2462,0.2468,0.2453,0.2455,107885.4,1683517499999,26552.38821,302,39277.0,9670.86143,0
1683517500000,0.2455,0.247,0.2447,0.2468,181042.3,1683518399999,44598.56714,395,96429.9,23753.79664,0
1683518400000,0.2468,0.2479,0.2463,0.2466,123798.0,1683519299999,30584.16578,279,66089.5,16324.76213,0
1683519300000,0.2464,0.2469,0.2456,0.2458,152595.8,1683520199999,37619.37724,294,103939.9,25630.36622,0
1683520200000,0.2455,0.2461,0.2447,0.245,114854.7,1683521099999,28180.48444,223,55220.8,13551.93947,0
1683521100000,0.245,0.245,0.2439,0.2443,81987.2,1683521999999,20047.11343,178,34039.1,8323.21615,0
1683522000000,0.2442,0.2454,0.2441,0.2447,146112.1,1683522899999,35757.27916,187,99406.1,24317.36227,0
1683522900000,0.2446,0.2464,0.2446,0.2463,75031.1,1683523799999,18449.08272,230,47601.2,11702.55216,0
1683523800000,0.2462,0.2476,0.2462,0.2475,124338.2,1683524699999,30686.87694,223,70377.6,17370.61312,0
1683524700000,0.2476,0.2476,0.247,0.2472,94527.6,1683525599999,23381.56179,170,51582.7,12760.10787,0
1683525600000,0.2473,0.2478,0.2467,0.2474,91842.2,1683526499999,22717.27577,166,52170.7,12908.72521,0
1683526500000,0.2474,0.2485,0.2474,0.2484,95213.4,1683527399999,23615.8207,122,52233.2,12946.33854,0
1683527400000,0.2484,0.2485,0.2465,0.2466,92275.4,1683528299999,22874.26475,180,46143.9,11441.26832,0
1683528300000,0.2467,0.247,0.2458,0.2464,84970.6,1683529199999,20931.97483,152,35462.8,8735.11255,0
1683529200000,0.2464,0.2466,0.2448,0.2452,142361.5,1683530099999,34961.23016,233,45841.5,11249.61088,0
1683530100000,0.2454,0.2465,0.2451,0.246,92809.4,1683530999999,22808.04883,146,34937.7,8587.0302,0
1683531000000,0.2458,0.2462,0.2447,0.2455,85917.6,1683531899999,21081.03524,142,34493.7,8467.97833,0
1683531900000,0.2455,0.2455,0.2419,0.2446,392700.2,1683532799999,95476.36714,618,210865.6,51250.65006,0
1683532800000,0.2445,0.2454,0.2444,0.245,239884.7,1683533699999,58763.72436,310,128387.8,31451.86082,0
1683533700000,0.2451,0.2457,0.2434,0.2442,613478.8,1683534599999,150092.16341,554,148941.4,36480.5601,0
1683534600000,0.2442,0.2453,0.2441,0.2444,228105.4,1683535499999,55785.45157,240,159835.4,39071.73084,0
1683535500000,0.2445,0.2451,0.2433,0.2447,248667.0,1683536399999,60742.95172,348,118655.7,28985.51166,0
1683536400000,0.2446,0.2468,0.2445,0.2467,112023.0,1683537299999,27501.53192,180,86744.3,21306.33561,0
1683537300000,0.2467,0.248,0.2464,0.2478,63684.4,1683538199999,15755.99035,159,42383.4,10487.3198,0
1683538200000,0.2478,0.248,0.2474,0.2478,70982.7,1683539099999,17584.69687,97,45309.8,11226.21097,0
1683539100000,0.248,0.2488,0.2477,0.2488,83294.9,1683539999999,20693.63631,122,49031.3,12182.12087,0
1683540000000,0.2488,0.2494,0.2486,0.2489,57118.7,1683540899999,14224.56441,105,31432.7,7827.48298,0
1683540900000,0.249,0.2498,0.2484,0.2498,293419.8,1683541799999,73124.52648,231,178361.4,44459.12303,0
1683541800000,0.2498,0.2498,0.2491,0.2494,181355.8,1683542699999,45260.15962,169,58554.4,14610.61914,0
1683542700000,0.2493,0.25,0.2493,0.2499,14343.4,1683543599999,3580.63746,44,3925.1,980.24869,0
1683543600000,0.2498,0.2513,0.2498,0.2508,81706.8,1683544499999,20486.25587,163,45909.8,11518.12894,0
1683544500000,0.2508,0.2508,0.2497,0.2504,32672.5,1683545399999,8175.9442,90,8431.8,2109.07216,0
1683545400000,0.2502,0.2516,0.2501,0.2506,97903.9,1683546299999,24592.7358,187,50711.2,12740.60127,0
1683546300000,0.2505,0.2511,0.2505,0.251,14860.2,1683547199999,3727.5426,42,6812.9,1709.45563,0
1683547200000,0.251,0.251,0.2492,0.2494,63222.2,1683548099999,15825.50571,117,13421.1,3360.87378,0
1683548100000,0.2494,0.2503,0.2494,0.2502,73776.2,1683548999999,18413.44749,95,59418.1,14828.3689,0
1683549000000,0.2505,0.2508,0.2502,0.2508,52739.7,1683549899999,13207.48553,72,11916.5,2985.33021,0
1683549900000,0.2509,0.2512,0.2499,0.25,134089.0,1683550799999,33595.12119,211,76200.0,19097.81952,0
1683550800000,0.2501,0.2503,0.2495,0.2503,55638.8,1683551699999,13898.90366,119,16815.0,4200.76594,0
1683551700000,0.2504,0.2517,0.2504,0.2508,43278.5,1683552599999,10871.90661,77,24056.3,6041.92712,0
1683552600000,0.2507,0.2508,0.2499,0.25,85585.1,1683553499999,21424.03658,125,45912.5,11497.26657,0
1683553500000,0.2499,0.2499,0.2493,0.2496,51578.5,1683554399999,12872.99897,93,26211.2,6542.17881,0
1683554400000,0.2496,0.2497,0.2477,0.2482,67144.0,1683555299999,16677.32674,121,28426.1,7066.06964,0
1683555300000,0.2483,0.2492,0.2478,0.2485,41249.6,1683556199999,10248.26729,79,25842.0,6420.52151,0
1683556200000,0.2487,0.2499,0.248,0.2495,64028.5,1683557099999,15927.14721,106,30162.3,7507.81764,0
1683557100000,0.2495,0.2499,0.2489,0.2496,66718.8,1683557999999,16636.6937,107,35032.7,8735.92587,0
1683558000000,0.2495,0.2502,0.2485,0.2485,80074.4,1683558899999,19974.05955,131,26375.2,6574.04904,0
1683558900000,0.2486,0.2493,0.2482,0.2482,38914.1,1683559799999,9676.85045,86,18461.3,4594.24706,0
1683559800000,0.2481,0.2484,0.2476,0.2481,75142.9,1683560699999,18632.40101,105,37867.8,9390.56289,0
1683560700000,0.2482,0.2484,0.2478,0.2481,29161.4,1683561599999,7237.54197,51,20126.7,4995.33476,0
1683561600000,0.248,0.248,0.2461,0.2467,71525.9,1683562499999,17663.72627,116,34687.4,8567.29468,0
1683562500000,0.2467,0.2471,0.2462,0.2471,33248.1,1683563399999,8195.50652,47,19983.5,4925.92488,0
1683563400000,0.247,0.247,0.246,0.2465,112204.1,1683564299999,27634.8991,107,69033.6,16997.36141,0
1683564300000,0.2462,0.2464,0.245,0.2451,85461.4,1683565199999,21002.79365,116,36943.9,9080.05232,0
1683565200000,0.245,0.246,0.2436,0.2458,139715.2,1683566099999,34201.97471,177,80689.0,19758.328,0
1683566100000,0.2458,0.2458,0.2445,0.2454,86783.1,1683566999999,21290.04648,131,43718.5,10726.57174,0
1683567000000,0.2454,0.2458,0.2418,0.243,369024.1,1683567899999,89807.27258,582,190625.2,46373.07535,0
1683567900000,0.2432,0.2444,0.2392,0.2392,427731.9,1683568799999,103607.59336,626,170075.5,41253.98612,0
1683568800000,0.2392,0.2394,0.2297,0.236,2610360.7,1683569699999,612472.24235,3551,1305140.3,305986.85575,0
1683569700000,0.236,0.2383,0.236,0.2369,367901.4,1683570599999,87294.79064,537,214489.9,50900.82004,0
1683570600000,0.2369,0.2372,0.2356,0.2371,235791.7,1683571499999,55719.07431,281,126403.2,29859.87169,0
1683571500000,0.2369,0.2372,0.235,0.2359,177288.3,1683572399999,41838.31389,215,76730.0,18113.38709,0
1683572400000,0.2356,0.2382,0.2354,0.2382,186255.2,1683573299999,44169.33725,257,113782.9,26980.26622,0
1683573300000,0.2382,0.2389,0.2375,0.2389,152457.4,1683574199999,36321.13883,211,80369.4,19152.10657,0
1683574200000,0.2388,0.2391,0.238,0.2381,123692.8,1683575099999,29505.45408,136,68228.0,16277.61757,0
1683575100000,0.238,0.238,0.2364,0.2373,230210.3,1683575999999,54589.53896,256,115470.2,27389.01837,0
1683576000000,0.2371,0.2375,0.2359,0.2371,331201.5,1683576899999,78327.88618,303,121260.3,28690.33556,0
1683576900000,0.237,0.2385,0.237,0.2376,172215.4,1683577799999,40944.07174,209,95549.5,22718.25528,0
1683577800000,0.2377,0.2382,0.2372,0.2381,267426.9,1683578699999,63597.01278,224,94076.5,22374.20649,0
1683578700000,0.2379,0.2379,0.2369,0.237,153140.9,1683579599999,36346.4373,177,80388.7,19084.56281,0
1683579600000,0.237,0.237,0.2356,0.2358,98056.7,1683580499999,23148.1761,152,39012.8,9203.75935,0
1683580500000,0.2359,0.2367,0.2357,0.2366,65559.9,1683581399999,15485.31796,87,37345.4,8821.41456,0
1683581400000,0.2368,0.2371,0.2362,0.2369,117274.9,1683582299999,27755.02172,158,62781.9,14860.16377,0
1683582300000,0.2373,0.2381,0.2362,0.2365,85626.0,1683583199999,20297.88874,195,10464.3,2480.00013,0
1683583200000,0.2365,0.2368,0.2362,0.2362,87925.7,1683584099999,20791.15276,191,17200.2,4069.37153,0
1683584100000,0.2361,0.2372,0.2361,0.2363,81481.8,1683584999999,19274.52498,122,24075.1,5693.01059,0
1683585000000,0.2363,0.2368,0.2359,0.2368,72281.2,1683585899999,17086.28618,170,37125.6,8776.48909,0
1683585900000,0.2368,0.2372,0.2359,0.2372,51687.3,1683586799999,12219.19213,77,16883.8,3994.43546,0
1683586800000,0.2371,0.2371,0.2366,0.237,57479.6,1683587699999,13615.87208,69,19694.0,4665.54504,0
1683587700000,0.2371,0.2379,0.237,0.2372,376958.7,1683588599999,89477.55173,296,236872.6,56227.4267,0
1683588600000,0.2373,0.2373,0.237,0.2371,57728.7,1683589499999,13688.86858,80,17380.2,4120.28793,0
1683589500000,0.2371,0.2378,0.2371,0.2375,62252.2,1683590399999,14773.63166,61,52339.2,12421.35955,0
1683590400000,0.2374,0.2374,0.2366,0.2371,64058.3,1683591299999,15179.20349,96,24518.2,5807.79044,0
1683591300000,0.2372,0.2377,0.2369,0.2371,48651.4,1683592199999,11536.86413,73,20792.2,4931.16865,0
1683592200000,0.237,0.2373,0.2363,0.2367,52490.5,1683593099999,12424.91112,105,17728.9,4195.71854,0
1683593100000,0.2367,0.2377,0.2367,0.2377,33609.0,1683593999999,7966.52194,60,21827.5,5174.56089,0
1683594000000,0.2374,0.2397,0.2374,0.2389,133329.5,1683594899999,31827.4582,241,55880.4,13330.30329,0
1683594900000,0.2387,0.2388,0.2378,0.2388,46346.0,1683595799999,11046.91235,101,18847.5,4493.36159,0
1683595800000,0.239,0.2401,0.2388,0.2388,25841.8,1683596699999,6190.44298,52,10764.9,2579.08255,0
1683596700000,0.2389,0.2396,0.2388,0.2394,52215.7,1683597599999,12485.57844,84,22097.5,5283.09994,0
1683597600000,0.2392,0.2392,0.2372,0.2373,122662.1,1683598499999,29189.62569,204,46741.1,11101.97705,0
1683598500000,0.2372,0.2372,0.2362,0.2365,62870.1,1683599399999,14879.52633,136,22659.7,5361.2377,0
1683599400000,0.2366,0.2372,0.2366,0.2371,39682.3,1683600299999,9400.09342,61,24526.1,5809.0957,0
1683600300000,0.2369,0.2384,0.2369,0.2383,61692.3,1683601199999,14673.72732,115,28487.8,6769.26239,0
1683601200000,0.2383,0.2384,0.2373,0.2373,77599.6,1683602099999,18471.23603,112,17763.5,4229.76313,0
1683602100000,0.2373,0.2373,0.2364,0.2365,75178.0,1683602999999,17802.55829,137,25555.3,6053.35498,0
1683603000000,0.2367,0.2373,0.2367,0.2373,23492.6,1683603899999,5568.99507,29,17243.5,4086.83191,0
1683603900000,0.2374,0.2378,0.2371,0.2378,22691.4,1683604799999,5384.26761,34,10080.3,2392.59325,0
1683604800000,0.2374,0.2374,0.2369,0.2372,27296.5,1683605699999,6472.3756,50,6650.2,1577.4486,0
1683605700000,0.2373,0.2382,0.2371,0.2382,25789.1,1683606599999,6133.1866,36,13665.6,3250.00467,0
1683606600000,0.2383,0.2384,0.2371,0.2376,52423.6,1683607499999,12462.39886,56,17059.1,4054.67523,0
1683607500000,0.2377,0.2379,0.2373,0.2373,45502.9,1683608399999,10816.96477,54,14774.7,3512.55243,0
1683608400000,0.2375,0.2383,0.2369,0.2381,93573.1,1683609299999,22244.66373,109,50634.8,12039.56011,0
1683609300000,0.2381,0.2381,0.2375,0.2379,50066.1,1683610199999,11908.93953,58,12141.2,2887.70635,0
1683610200000,0.2378,0.2392,0.2376,0.2392,53847.0,1683611099999,12836.71059,104,34874.3,8312.59677,0
1683611100000,0.2393,0.2394,0.2388,0.2391,22299.2,1683611999999,5333.05233,32,12093.3,2892.55152,0
1683612000000,0.2391,0.2391,0.2367,0.2371,66996.2,1683612899999,15923.19755,108,16133.0,3826.36707,0
1683612900000,0.2371,0.2373,0.2365,0.2366,78038.4,1683613799999,18484.08525,112,31063.1,7359.02085,0
1683613800000,0.2364,0.2364,0.2357,0.2364,45341.0,1683614699999,10703.51555,74,27150.6,6409.64736,0
1683614700000,0.2368,0.2374,0.2364,0.2364,74090.0,1683615599999,17544.26946,104,29446.3,6973.40864,0
1683615600000,0.2363,0.2365,0.2356,0.2362,70908.5,1683616499999,16725.46674,72,43162.9,10177.50941,0
1683616500000,0.2362,0.2376,0.2362,0.2376,70572.5,1683617399999,16736.27125,57,18767.3,4450.06505,0
1683617400000,0.2376,0.2384,0.2376,0.2384,95806.3,1683618299999,22814.19319,118,42380.7,10089.65687,0
1683618300000,0.2384,0.24,0.2381,0.2399,56677.6,1683619199999,13551.44936,141,39301.4,9401.88772,0
1683619200000,0.24,0.24,0.2386,0.2389,49091.9,1683620099999,11742.87694,78,16773.1,4011.5576,0
1683620100000,0.2384,0.2385,0.2381,0.2384,33688.9,1683620999999,8029.59898,37,20747.4,4945.8417,0
1683621000000,0.2383,0.2384,0.2377,0.2384,27640.6,1683621899999,6578.9699,47,19180.9,4565.75812,0
1683621900000,0.2383,0.2388,0.2379,0.2382,71033.2,1683622799999,16944.2309,70,47870.9,11422.32479,0
1683622800000,0.2382,0.2387,0.2382,0.2386,57454.9,1683623699999,13703.74206,76,31473.7,7507.38655,0
1683623700000,0.2388,0.2394,0.2385,0.2394,45408.2,1683624599999,10851.3031,59,25851.3,6174.06522,0
1683624600000,0.2394,0.2395,0.238,0.238,76638.8,1683625499999,18290.28895,105,14937.1,3565.44361,0
1683625500000,0.2385,0.2389,0.2377,0.2378,340215.4,1683626399999,81068.52034,310,117177.7,27926.79568,0
1683626400000,0.2378,0.238,0.2373,0.2376,157713.5,1683627299999,37471.62423,153,62681.8,14893.04467,0
1683627300000,0.2376,0.2388,0.2376,0.2385,321276.6,1683628199999,76592.19518,278,213199.3,50826.88252,0
1683628200000,0.2385,0.2392,0.2378,0.2386,326218.6,1683629099999,77828.16897,212,232243.4,55407.52995,0
1683629100000,0.2384,0.2385,0.2381,0.2383,73000.2,1683629999999,17400.1061,71,35948.7,8567.63994,0
1683630000000,0.2383,0.2386,0.2372,0.2375,75200.8,1683630899999,17879.80156,107,34520.6,8206.34425,0
1683630900000,0.2374,0.2384,0.2374,0.238,84624.3,1683631799999,20142.73113,96,44709.8,10642.16183,0
1683631800000,0.2381,0.2393,0.2381,0.2393,66577.9,1683632699999,15908.71075,79,54618.1,13048.6426,0
1683632700000,0.2393,0.2398,0.2391,0.2397,82651.6,1683633599999,19791.27342,116,31249.7,7483.56781,0
1683633600000,0.2397,0.2398,0.2385,0.2397,92940.3,1683634499999,22211.3462,114,48964.3,11698.94503,0
1683634500000,0.2395,0.2398,0.2385,0.2386,72193.0,1683635399999,17260.82121,93,23405.4,5600.26017,0
1683635400000,0.2387,0.2392,0.2387,0.2392,27419.3,1683636299999,6553.41933,47,13312.5,3181.40863,0
1683636300000,0.2393,0.24,0.2393,0.24,123571.6,1683637199999,29611.1965,144,82288.5,19716.98161,0
1683637200000,0.24,0.2401,0.2395,0.2398,106783.6,1683638099999,25602.81858,177,71744.9,17205.33792,0
1683638100000,0.2399,0.2399,0.2387,0.2392,58959.2,1683638999999,14103.87144,91,10939.7,2615.34204,0
1683639000000,0.2392,0.2397,0.2389,0.2395,126266.9,1683639899999,30220.83085,171,63428.6,15182.87795,0
1683639900000,0.2396,0.2404,0.2385,0.2402,147830.0,1683640799999,35376.42251,176,74116.9,17753.90573,0
1683640800000,0.2402,0.2402,0.2373,0.238,206084.5,1683641699999,49198.95027,322,44312.3,10558.60697,0
1683641700000,0.238,0.2387,0.2379,0.2379,38488.4,1683642599999,9172.58555,54,18319.4,4365.7087,0
1683642600000,0.2384,0.2396,0.2384,0.2394,38066.1,1683643499999,9108.35752,53,22169.0,5303.14265,0
1683643500000,0.2395,0.2404,0.239,0.2395,75640.1,1683644399999,18131.71725,68,13133.7,3147.77131,0
1683644400000,0.2395,0.2397,0.2376,0.2376,68019.0,1683645299999,16239.28594,87,40611.5,9692.92737,0
1683645300000,0.2377,0.2383,0.2373,0.2374,38241.6,1683646199999,9093.10332,55,24996.5,5942.98522,0
1683646200000,0.2376,0.2383,0.2376,0.2379,18944.7,1683647099999,4509.18297,23,4805.3,1143.31219,0
1683647100000,0.2381,0.2381,0.2364,0.2373,203170.0,1683647999999,48209.19681,169,58260.6,13826.43311,0
1683648000000,0.2374,0.2374,0.2355,0.2364,132888.5,1683648899999,31364.43535,162,64736.0,15275.33418,0
1683648900000,0.2365,0.2373,0.2362,0.237,48467.8,1683649799999,11484.33337,69,26476.1,6275.53132,0
1683649800000,0.2368,0.2371,0.2368,0.237,36750.4,1683650699999,8709.00629,42,14677.1,3479.01745,0
1683650700000,0.237,0.2389,0.237,0.2388,71117.2,1683651599999,16905.13603,76,45920.5,10913.18744,0
1683651600000,0.2389,0.2398,0.238,0.2381,121950.3,1683652499999,29139.22225,172,57327.9,13693.9132,0
1683652500000,0.2384,0.2389,0.2383,0.2384,29463.3,1683653399999,7027.75883,60,11769.7,2807.17945,0
1683653400000,0.2384,0.239,0.2381,0.2383,75750.9,1683654299999,18063.66602,95,40251.4,9597.22716,0
1683654300000,0.2382,0.2388,0.2378,0.2388,98381.3,1683655199999,23460.64221,84,53204.5,12689.29233,0
1683655200000,0.2387,0.2387,0.2378,0.2378,112169.0,1683656099999,26693.25995,94,24883.4,5926.29629,0
1683656100000,0.2379,0.2385,0.2378,0.238,88217.1,1683656999999,21012.30724,99,52174.9,12427.35449,0
1683657000000,0.238,0.2392,0.238,0.239,71208.8,1683657899999,17005.45488,76,44988.4,10742.8453,0
1683657900000,0.2389,0.2391,0.2376,0.2384,94917.0,1683658799999,22615.94671,114,61417.6,14629.60918,0
1683658800000,0.2382,0.2389,0.2379,0.2382,166598.8,1683659699999,39713.82351,126,93175.1,22204.86208,0
1683659700000,0.2384,0.2399,0.2384,0.2399,155223.1,1683660599999,37071.47324,73,130371.9,31122.46062,0
1683660600000,0.24,0.2404,0.2392,0.2394,115523.0,1683661499999,27715.29957,94,37038.4,8887.75655,0
1683661500000,0.2394,0.2398,0.2393,0.2396,51296.5,1683662399999,12287.27645,58,34650.5,8301.97107,0
1683662400000,0.24,0.241,0.2399,0.2403,181648.6,1683663299999,43691.78122,205,93734.4,22544.39976,0
1683663300000,0.2403,0.2404,0.2395,0.2397,76314.1,1683664199999,18307.56023,84,33347.3,7999.3058,0
1683664200000,0.2395,0.2396,0.2383,0.2383,49278.9,1683665099999,11774.02089,60,15050.8,3594.9494,0
1683665100000,0.2385,0.2387,0.2379,0.2383,46349.3,1683665999999,11041.96071,53,21698.8,5169.2385,0
1683666000000,0.2384,0.2386,0.2382,0.2383,42316.7,1683666899999,10086.11511,40,26869.6,6403.86088,0
1683666900000,0.2384,0.2386,0.238,0.2386,36656.4,1683667799999,8731.30807,33,10806.5,2575.71925,0
1683667800000,0.2387,0.2394,0.2385,0.2392,63609.0,1683668699999,15206.85781,125,37047.2,8858.44746,0
1683668700000,0.2392,0.2393,0.2383,0.2386,43655.8,1683669599999,10422.47968,91,12530.6,2991.506,0
1683669600000,0.2387,0.2387,0.2376,0.2382,54748.8,1683670499999,13032.9187,61,40280.6,9588.12374,0
1683670500000,0.2383,0.2386,0.2383,0.2384,20443.3,1683671399999,4876.12337,24,11919.0,2843.63601,0
1683671400000,0.2387,0.2389,0.2386,0.2389,14707.7,1683672299999,3511.27495,16,7290.1,1740.45627,0
1683672300000,0.2388,0.2389,0.2385,0.2386,4358.1,1683673199999,1039.77323,7,106.7,25.47563,0
1683673200000,0.2388,0.2394,0.2388,0.2393,25325.0,1683674099999,6058.30149,26,14468.7,3459.84357,0
1683674100000,0.2391,0.2394,0.2389,0.2391,23967.4,1683674999999,5728.27724,20,5486.7,1312.37417,0
1683675000000,0.2395,0.2395,0.2393,0.2395,7712.8,1683675899999,1846.45653,18,2740.7,656.24521,0
1683675900000,0.2396,0.2398,0.2396,0.2396,25230.8,1683676799999,6047.22763,20,9685.7,2322.22717,0
1683676800000,0.2396,0.2396,0.239,0.2396,23215.9,1683677699999,5557.49598,26,8749.5,2093.9639,0
1683677700000,0.2398,0.2408,0.2397,0.2402,234849.7,1683678599999,56418.24452,101,178281.9,42832.86911,0
1683678600000,0.24,0.24,0.2377,0.2385,66102.5,1683679499999,15768.20419,111,26561.2,6332.64133,0
1683679500000,0.2384,0.2386,0.2377,0.2385,31988.2,1683680399999,7616.77487,63,10994.1,2617.34193,0
1683680400000,0.2385,0.2392,0.2385,0.2385,9785.5,1683681299999,2337.98775,35,7093.7,1694.23101,0
1683681300000,0.2387,0.2403,0.2385,0.2396,61048.6,1683682199999,14631.00848,64,26027.4,6230.77704,0
1683682200000,0.2398,0.2406,0.2398,0.2402,26660.3,1683683099999,6407.92195,34,14078.4,3384.05348,0
1683683100000,0.2402,0.2402,0.2389,0.2393,73855.9,1683683999999,17705.44254,81,6450.9,1542.53463,0
1683684000000,0.2392,0.2395,0.2389,0.2391,36799.5,1683684899999,8801.09973,60,23433.4,5604.48612,0
1683684900000,0.2391,0.2393,0.2382,0.2385,27863.3,1683685799999,6648.53015,25,20400.3,4869.16411,0
1683685800000,0.2382,0.2382,0.2371,0.2371,33598.0,1683686699999,7978.99248,58,4850.9,1151.29912,0
1683686700000,0.2372,0.2373,0.2364,0.2364,38870.2,1683687599999,9205.36138,57,13184.6,3125.16523,0
1683687600000,0.2364,0.2367,0.2359,0.2367,21472.6,1683688499999,5072.03045,45,9963.4,2354.14838,0
1683688500000,0.2366,0.2368,0.236,0.2362,40828.5,1683689399999,9650.93415,60,22259.1,5263.01321,0
1683689400000,0.2363,0.2368,0.236,0.2367,16589.5,1683690299999,3923.1992,27,13502.0,3194.31332,0
1683690300000,0.2369,0.2371,0.2368,0.2368,16987.7,1683691199999,4024.71075,31,10747.7,2546.55865,0
1683691200000,0.2369,0.2374,0.2369,0.2371,25070.1,1683692099999,5944.91147,43,20462.4,4852.24855,0
1683692100000,0.2369,0.237,0.236,0.2362,32025.8,1683692999999,7570.34553,44,2911.8,688.74487,0
1683693000000,0.2364,0.2373,0.2363,0.2371,23232.0,1683693899999,5499.87905,35,16283.6,3854.6061,0
1683693900000,0.2371,0.2378,0.2371,0.2377,19233.3,1683694799999,4567.92044,31,13749.8,3266.16035,0
1683694800000,0.2379,0.2387,0.2379,0.2387,45921.3,1683695699999,10937.76338,48,37682.7,8976.4792,0
1683695700000,0.2386,0.2388,0.2381,0.2385,57677.8,1683696599999,13751.34025,79,32698.3,7798.22948,0
1683696600000,0.2386,0.2396,0.2386,0.239,71905.3,1683697499999,17192.6856,103,49237.7,11770.35403,0
1683697500000,0.239,0.239,0.2383,0.2384,83015.4,1683698399999,19809.60105,71,61112.8,14583.25149,0
1683698400000,0.2382,0.2384,0.237,0.2372,42977.5,1683699299999,10214.87179,70,28519.3,6778.88703,0
1683699300000,0.2371,0.2374,0.2366,0.2373,29105.3,1683700199999,6901.61942,54,21629.1,5129.98752,0
1683700200000,0.2373,0.238,0.2373,0.2376,56448.9,1683701099999,13422.95391,78,27639.9,6572.20447,0
1683701100000,0.2377,0.2383,0.2374,0.2383,31956.0,1683701999999,7603.10135,54,15585.1,3706.47568,0
1683702000000,0.2382,0.2389,0.2377,0.2387,105943.7,1683702899999,25265.92832,136,77998.9,18610.38465,0
1683702900000,0.2387,0.2393,0.238,0.2386,44964.1,1683703799999,10725.04771,69,23395.5,5587.11326,0
1683703800000,0.2383,0.2389,0.2383,0.2389,57032.4,1683704699999,13604.96514,77,30621.3,7306.30718,0
1683704700000,0.2389,0.2393,0.2385,0.2385,56126.2,1683705599999,13407.42626,57,10404.2,2487.05837,0
1683705600000,0.2385,0.2386,0.2375,0.2377,32142.3,1683706499999,7644.61942,54,7111.4,1690.58628,0
1683706500000,0.2379,0.2388,0.2377,0.2378,41749.8,1683707399999,9949.59436,55,25373.4,6048.67035,0
1683707400000,0.2374,0.2382,0.2371,0.2371,140109.6,1683708299999,33304.60634,132,55584.3,13220.15291,0
1683708300000,0.2373,0.2382,0.2372,0.2377,43186.8,1683709199999,10263.51013,60,13847.7,3290.1422,0
1683709200000,0.2376,0.2377,0.2359,0.2362,47565.2,1683710099999,11255.43111,66,13572.7,3210.17299,0
1683710100000,0.2362,0.2369,0.2361,0.2369,17947.5,1683710999999,4245.09857,23,12878.3,3046.46433,0
1683711000000,0.2366,0.2374,0.2365,0.2373,21913.9,1683711899999,5193.61885,37,4509.8,1068.9813,0
1683711900000,0.2376,0.2376,0.2369,0.237,25211.3,1683712799999,5980.38776,37,2770.3,656.94394,0
1683712800000,0.237,0.2378,0.237,0.2378,21052.5,1683713699999,5000.36706,28,7710.8,1831.71202,0
1683713700000,0.2378,0.238,0.2361,0.2364,78416.5,1683714599999,18594.77079,76,21999.7,5220.69871,0
1683714600000,0.2361,0.2363,0.2356,0.2356,57412.6,1683715499999,13546.57503,71,18736.7,4419.18055,0
1683715500000,0.2356,0.2361,0.2349,0.2359,217375.3,1683716399999,51166.72048,204,105381.2,24822.48106,0
1683716400000,0.2362,0.2365,0.2357,0.2363,56317.4,1683717299999,13299.12282,102,29039.8,6860.26792,0
1683717300000,0.2364,0.2367,0.2362,0.2363,183240.4,1683718199999,43349.92267,114,21325.2,5042.79804,0
1683718200000,0.2363,0.2363,0.2359,0.2359,21255.8,1683719099999,5015.32879,28,17357.4,4095.46625,0
1683719100000,0.2359,0.2371,0.2359,0.2371,117051.5,1683719999999,27667.85778,143,60600.0,14319.36614,0
1683720000000,0.2371,0.2371,0.2362,0.2368,51622.1,1683720899999,12209.5488,89,23674.5,5600.84744,0
1683720900000,0.2369,0.2374,0.2349,0.2365,165285.6,1683721799999,39058.77201,324,91283.1,21564.4637,0
1683721800000,0.2365,0.2454,0.2365,0.2452,878624.3,1683722699999,211848.08042,1479,435946.7,105149.15499,0
1683722700000,0.2454,0.2465,0.2449,0.2457,196697.2,1683723599999,48327.19685,374,111484.6,27396.22415,0
1683723600000,0.246,0.2477,0.2449,0.2458,242442.7,1683724499999,59741.50766,324,113881.6,28056.05295,0
1683724500000,0.246,0.247,0.2446,0.2467,170985.4,1683725399999,42061.25403,218,98619.3,24253.87733,0
1683725400000,0.2467,0.2485,0.2467,0.2479,338073.9,1683726299999,83802.18061,353,217396.9,53880.40143,0
1683726300000,0.248,0.2488,0.2463,0.2479,239234.3,1683727199999,59154.12004,239,116697.0,28859.03131,0
1683727200000,0.2481,0.2483,0.2473,0.2474,96069.1,1683728099999,23820.34412,103,48741.3,12084.41603,0
1683728100000,0.2474,0.2483,0.2471,0.2481,72978.1,1683728999999,18082.70016,90,43082.0,10676.78336,0
1683729000000,0.2482,0.2483,0.2468,0.2468,150067.0,1683729899999,37144.85306,207,75907.2,18788.85838,0
1683729900000,0.2466,0.2468,0.2458,0.2463,111319.7,1683730799999,27407.39457,151,74056.6,18230.50396,0
1683730800000,0.2465,0.2468,0.2454,0.2454,158444.5,1683731699999,39013.04477,142,36285.3,8942.21364,0
1683731700000,0.2454,0.2454,0.2443,0.2446,70438.4,1683732599999,17226.44946,95,23500.7,5748.95063,0
1683732600000,0.2448,0.2468,0.2447,0.2465,89431.5,1683733499999,21987.82186,137,69858.8,17172.51675,0
1683733500000,0.2466,0.2471,0.2458,0.2462,55003.5,1683734399999,13551.9135,128,19936.9,4910.56969,0
1683734400000,0.2462,0.2468,0.2456,0.2466,75737.5,1683735299999,18657.96271,103,32909.7,8103.56703,0
1683735300000,0.2466,0.2468,0.2456,0.2465,89323.5,1683736199999,21986.19795,132,35148.4,8649.13506,0
1683736200000,0.2465,0.2465,0.2451,0.2454,93111.9,1683737099999,22887.22976,101,38590.4,9485.20734,0
1683737100000,0.2453,0.2454,0.2448,0.245,67036.0,1683737999999,16425.5148,77,31562.5,7734.48517,0
1683738000000,0.2452,0.2454,0.2413,0.2414,153668.3,1683738899999,37305.8875,210,68009.0,16481.54449,0
1683738900000,0.2416,0.2416,0.2297,0.2349,2308846.5,1683739799999,540886.74112,3021,1229555.0,287650.6791,0
1683739800000,0.2347,0.238,0.2344,0.2378,419673.8,1683740699999,99115.02815,678,284492.3,67211.82266,0
1683740700000,0.2379,0.2405,0.2375,0.2402,171863.4,1683741599999,41064.9515,319,118644.8,28351.55439,0
1683741600000,0.2402,0.2406,0.2392,0.2396,110041.2,1683742499999,26402.6105,175,43473.3,10436.49838,0
1683742500000,0.2396,0.242,0.2396,0.2415,150208.2,1683743399999,36227.58264,246,79215.2,19085.69123,0
1683743400000,0.2417,0.2432,0.2413,0.2432,117463.4,1683744299999,28441.96581,207,50587.0,12262.62966,0
1683744300000,0.2433,0.2435,0.2423,0.2434,83177.2,1683745199999,20208.52068,143,37517.4,9116.65165,0
1683745200000,0.2433,0.2477,0.2432,0.2446,357580.0,1683746099999,87977.03545,543,168725.6,41435.81026,0
1683746100000,0.2445,0.2462,0.2445,0.2453,78050.1,1683746999999,19155.59012,96,39539.1,9703.59967,0
1683747000000,0.2459,0.2459,0.245,0.2453,59151.9,1683747899999,14515.05634,87,25246.8,6196.65185,0
1683747900000,0.2455,0.2456,0.2442,0.2443,89057.5,1683748799999,21784.61279,96,36748.3,8981.84172,0
1683748800000,0.2446,0.2456,0.2443,0.2454,62014.7,1683749699999,15199.85553,60,24907.7,6103.19863,0
1683749700000,0.2455,0.2474,0.2454,0.2467,182980.9,1683750599999,45082.95643,246,88102.6,21707.24578,0
1683750600000,0.2468,0.2477,0.2468,0.2475,71943.0,1683751499999,17793.78917,82,38868.6,9611.81327,0
1683751500000,0.2476,0.2482,0.2473,0.2475,77259.6,1683752399999,19149.34685,93,50760.2,12579.79463,0
1683752400000,0.2476,0.2481,0.2474,0.248,60277.7,1683753299999,14935.74841,88,30287.5,7501.57835,0
1683753300000,0.248,0.248,0.2447,0.2458,358202.4,1683754199999,88097.12047,404,135955.1,33396.4869,0
1683754200000,0.246,0.2463,0.2445,0.2452,118404.3,1683755099999,29050.09026,162,44689.8,10965.65981,0
1683755100000,0.2451,0.2458,0.2449,0.2455,26201.6,1683755999999,6429.66432,50,7458.2,1831.78266,0
1683756000000,0.2455,0.2464,0.2455,0.2462,18776.5,1683756899999,4620.98208,34,5613.4,1381.40159,0
1683756900000,0.2462,0.2465,0.2458,0.246,100540.6,1683757799999,24753.42753,107,60960.8,15010.40805,0
1683757800000,0.2456,0.247,0.2456,0.2464,159642.1,1683758699999,39297.42842,120,88887.4,21847.66738,0
1683758700000,0.2462,0.2477,0.2462,0.2475,24245.5,1683759599999,5987.35313,45,9079.2,2242.96627,0
1683759600000,0.2478,0.2481,0.2468,0.2472,24037.1,1683760499999,5942.8874,37,12289.2,3035.87076,0
1683760500000,0.2471,0.2474,0.2467,0.2469,14881.3,1683761399999,3675.85495,21,957.6,236.87492,0
1683761400000,0.2467,0.2473,0.2467,0.2472,31402.1,1683762299999,7757.06207,40,22738.9,5617.8088,0
1683762300000,0.2472,0.2477,0.2471,0.2475,38194.7,1683763199999,9448.74955,43,6739.9,1666.55106,0
1683763200000,0.2472,0.2472,0.2455,0.2458,47644.4,1683764099999,11741.7502,69,11952.8,2945.59455,0
1683764100000,0.2456,0.2459,0.2444,0.2447,94674.4,1683764999999,23193.79264,115,62798.3,15381.63364,0
1683765000000,0.2449,0.245,0.2434,0.2437,51733.4,1683765899999,12624.95173,147,14527.8,3546.41561,0
1683765900000,0.2435,0.2437,0.2428,0.2429,56657.7,1683766799999,13773.23197,91,17086.0,4153.30607,0
1683766800000,0.2429,0.2432,0.2426,0.2428,61025.0,1683767699999,14821.3658,121,20703.4,5028.44256,0
1683767700000,0.2429,0.2446,0.2429,0.2443,17355.7,1683768599999,4236.60069,27,10424.1,2543.07113,0
1683768600000,0.2442,0.2442,0.2429,0.2442,34063.6,1683769499999,8302.67707,51,11243.4,2741.63571,0
1683769500000,0.2436,0.2436,0.2425,0.2431,27111.4,1683770399999,6585.93175,72,1646.8,399.60345,0
1683770400000,0.2431,0.2434,0.2424,0.2434,31611.0,1683771299999,7679.02696,62,14424.0,3502.15146,0
1683771300000,0.2434,0.2436,0.242,0.2422,19114.1,1683772199999,4638.71732,70,1179.0,286.59934,0
1683772200000,0.2421,0.2421,0.2413,0.2416,49820.3,1683773099999,12043.67841,110,20374.6,4926.05027,0
1683773100000,0.2421,0.2425,0.2421,0.2425,27413.2,1683773999999,6643.05844,36,17851.5,4326.26204,0
1683774000000,0.2425,0.2425,0.2408,0.2408,146685.8,1683774899999,35410.37892,181,56296.5,13591.26241,0
1683774900000,0.2408,0.2409,0.2402,0.2409,38216.3,1683775799999,9191.86932,85,13964.5,3360.57897,0
1683775800000,0.2407,0.2413,0.2401,0.2413,17814.2,1683776699999,4286.89658,36,6659.6,1601.25794,0
1683776700000,0.2413,0.2413,0.2404,0.2404,20267.2,1683777599999,4883.82062,28,9962.5,2401.25132,0
1683777600000,0.2404,0.2409,0.2402,0.2407,23919.9,1683778499999,5755.36399,26,10130.9,2436.17006,0
1683778500000,0.2411,0.2412,0.2405,0.2406,35789.2,1683779399999,8610.46395,43,9996.4,2405.0832,0
1683779400000,0.2407,0.2407,0.24,0.24,32725.4,1683780299999,7866.72115,47,9317.9,2241.44065,0
1683780300000,0.2402,0.2403,0.2396,0.2396,34635.1,1683781199999,8310.76101,39,10455.2,2510.82679,0
1683781200000,0.2398,0.2407,0.2398,0.2401,126662.8,1683782099999,30436.15036,106,78443.5,18842.79791,0
1683782100000,0.2398,0.2398,0.2384,0.239,119875.7,1683782999999,28676.60795,131,40046.5,9574.66197,0
1683783000000,0.2387,0.2387,0.2363,0.2363,84904.7,1683783899999,20162.16588,120,31064.9,7370.09744,0
1683783900000,0.237,0.237,0.2359,0.236,68462.4,1683784799999,16192.20334,123,36596.4,8658.50912,0
1683784800000,0.2362,0.2376,0.2358,0.2362,91897.0,1683785699999,21751.97435,115,41757.2,9886.06973,0
1683785700000,0.236,0.236,0.235,0.2357,40175.0,1683786599999,9464.26316,58,22630.9,5329.77443,0
1683786600000,0.2355,0.2355,0.2339,0.2346,175037.4,1683787499999,41076.15086,196,95833.6,22495.51207,0
1683787500000,0.2346,0.2346,0.2339,0.2344,68750.6,1683788399999,16105.28984,80,25913.3,6070.70037,0
1683788400000,0.2344,0.236,0.2342,0.2359,71650.2,1683789299999,16843.21071,98,49987.8,11758.74225,0
1683789300000,0.2358,0.2366,0.2356,0.2364,72207.6,1683790199999,17043.19593,95,59296.1,13998.69863,0
1683790200000,0.2364,0.2366,0.2362,0.2363,54971.5,1683791099999,12994.43088,52,28735.2,6794.03413,0
1683791100000,0.2363,0.2363,0.2352,0.2355,70113.8,1683791999999,16515.56866,71,15567.4,3663.19936,0
1683792000000,0.2353,0.2353,0.2321,0.2349,200365.0,1683792899999,46855.48154,318,90492.1,21157.79974,0
1683792900000,0.2349,0.2356,0.2346,0.235,79620.1,1683793799999,18709.56881,93,26437.0,6212.48948,0
1683793800000,0.2349,0.2353,0.2339,0.2352,64186.7,1683794699999,15070.66991,75,36784.8,8637.8435,0
1683794700000,0.2353,0.2354,0.2348,0.2352,63230.4,1683795599999,14868.07903,65,35353.0,8312.44211,0
1683795600000,0.2351,0.236,0.235,0.2354,49688.9,1683796499999,11707.30676,73,34931.1,8231.4189,0
1683796500000,0.236,0.2361,0.2356,0.2359,33309.7,1683797399999,7856.02055,42,21830.6,5149.36377,0
1683797400000,0.2358,0.2362,0.2357,0.2362,32346.7,1683798299999,7632.43071,48,13523.9,3191.27673,0
1683798300000,0.2362,0.2363,0.2359,0.2361,41192.0,1683799199999,9725.07323,64,7176.6,1695.08939,0
1683799200000,0.236,0.2363,0.2354,0.2363,72418.3,1683800099999,17077.89071,77,35272.7,8319.29281,0
1683800100000,0.2364,0.2367,0.2364,0.2365,26355.1,1683800999999,6231.73321,31,9806.0,2318.74129,0
1683801000000,0.2366,0.2369,0.2359,0.2367,44471.9,1683801899999,10516.13624,54,25086.6,5934.48545,0
1683801900000,0.2367,0.2367,0.2359,0.236,93456.9,1683802799999,22070.59109,62,61923.4,14620.8576,0
1683802800000,0.2359,0.2364,0.2354,0.2361,41313.6,1683803699999,9746.77856,54,26474.0,6247.28584,0
1683803700000,0.2362,0.2368,0.2358,0.236,47248.2,1683804599999,11157.16709,56,17159.1,4052.98876,0
1683804600000,0.2358,0.2364,0.2357,0.2359,34165.4,1683805499999,8065.55375,42,15159.8,3577.55525,0
1683805500000,0.2357,0.2357,0.2347,0.2349,89800.2,1683806399999,21118.7459,85,18789.4,4418.00581,0
1683806400000,0.2349,0.2367,0.2343,0.2365,155140.6,1683807299999,36567.39102,154,51613.4,12167.52825,0
1683807300000,0.2364,0.2373,0.2359,0.2371,86932.7,1683808199999,20556.05467,138,40566.1,9598.74355,0
1683808200000,0.2372,0.2386,0.2351,0.2357,424357.5,1683809099999,100524.34463,651,243915.6,57764.45044,0
1683809100000,0.2358,0.2364,0.2346,0.2347,90753.9,1683809999999,21372.61693,143,46709.6,10999.96576,0
1683810000000,0.2348,0.2354,0.2331,0.2341,238051.7,1683810899999,55753.95194,309,122740.0,28747.21968,0
1683810900000,0.2342,0.2343,0.2332,0.2334,66867.0,1683811799999,15643.16841,75,18155.3,4245.9599,0
1683811800000,0.2334,0.2348,0.2328,0.2337,229441.0,1683812699999,53620.30489,278,108724.2,25399.26764,0
1683812700000,0.2338,0.2342,0.231,0.232,1096992.7,1683813599999,254495.07333,1111,602080.7,139667.28845,0
1683813600000,0.2322,0.2324,0.2293,0.2312,426877.5,1683814499999,98483.45199,598,176950.3,40825.33166,0
1683814500000,0.2312,0.2318,0.2305,0.2306,155837.7,1683815399999,36017.09253,212,76344.8,17649.11082,0
1683815400000,0.2305,0.2307,0.2286,0.2291,349432.9,1683816299999,80262.18841,293,175289.8,40262.1782,0
1683816300000,0.2293,0.2295,0.2268,0.229,356985.4,1683817199999,81458.21968,493,189204.3,43147.85318,0
1683817200000,0.2292,0.2301,0.2273,0.2275,288978.9,1683818099999,66112.8373,348,108610.5,24880.6148,0
1683818100000,0.2275,0.2291,0.2275,0.2287,215466.5,1683818999999,49198.19416,250,126034.6,28760.31079,0
1683819000000,0.2288,0.2296,0.2287,0.2291,108427.3,1683819899999,24835.21705,151,56713.8,12992.57834,0
1683819900000,0.2291,0.2294,0.2281,0.2282,84824.4,1683820799999,19394.40539,119,43644.9,9980.82297,0
1683820800000,0.2285,0.229,0.2277,0.2281,140486.7,1683821699999,32070.17214,177,79507.8,18144.74682,0
1683821700000,0.2279,0.2288,0.2274,0.2277,81632.2,1683822599999,18616.14769,105,38773.8,8844.04129,0
1683822600000,0.2275,0.2281,0.2274,0.2278,70382.0,1683823499999,16032.16174,85,34549.0,7870.00401,0
1683823500000,0.228,0.2283,0.2261,0.2268,163234.4,1683824399999,37027.93649,184,96736.1,21936.65302,0
1683824400000,0.2267,0.2271,0.226,0.2261,126138.9,1683825299999,28574.4296,142,67665.2,15327.88833,0
1683825300000,0.2261,0.2265,0.2221,0.2245,717935.3,1683826199999,160839.76647,919,337859.2,75651.28205,0
1683826200000,0.2243,0.2257,0.224,0.2243,250796.8,1683827099999,56365.89268,282,150359.6,33808.205,0
1683827100000,0.2243,0.2255,0.2243,0.2246,100411.5,1683827999999,22595.20589,128,48234.4,10848.69653,0
1683828000000,0.2248,0.2248,0.2236,0.2239,127517.9,1683828899999,28565.88096,135,73210.6,16397.11003,0
1683828900000,0.2238,0.2238,0.2221,0.2235,154268.8,1683829799999,34397.7374,172,69690.9,15535.48981,0
1683829800000,0.2237,0.224,0.223,0.2234,101504.2,1683830699999,22683.05682,126,50377.2,11259.44589,0
1683830700000,0.2233,0.2246,0.2233,0.2236,144768.9,1683831599999,32407.05397,159,67422.6,15090.85048,0
1683831600000,0.2233,0.2245,0.2228,0.2245,114544.5,1683832499999,25583.6766,152,61280.4,13694.07191,0
1683832500000,0.2244,0.2245,0.223,0.2233,78916.4,1683833399999,17670.18971,107,26802.1,5999.9198,0
1683833400000,0.2232,0.2234,0.2217,0.2218,157225.2,1683834299999,34995.28231,157,94570.6,21056.1266,0
1683834300000,0.2218,0.2232,0.2213,0.2229,317364.2,1683835199999,70602.85703,225,136370.8,30333.49161,0
1683835200000,0.2226,0.2236,0.2225,0.2236,92935.5,1683836099999,20723.60513,93,43014.2,9593.68003,0
1683836100000,0.2235,0.2238,0.2233,0.2238,17233.4,1683836999999,3851.94683,33,7410.7,1656.46761,0
1683837000000,0.224,0.2247,0.224,0.2247,61413.6,1683837899999,13766.47493,72,29223.5,6550.46812,0
1683837900000,0.2247,0.2256,0.2246,0.2256,70298.1,1683838799999,15829.1976,85,38441.8,8659.24007,0
1683838800000,0.2255,0.2263,0.2255,0.2258,79706.7,1683839699999,18004.48246,109,46754.3,10560.96499,0
1683839700000,0.2259,0.2261,0.2256,0.226,43336.8,1683840599999,9786.80221,53,14040.1,3171.40665,0
1683840600000,0.2261,0.2264,0.2259,0.2263,24228.1,1683841499999,5477.97026,48,14336.8,3241.5074,0
1683841500000,0.2264,0.2275,0.2264,0.227,99957.2,1683842399999,22704.09886,140,58196.5,13219.83011,0
1683842400000,0.2269,0.2279,0.2269,0.2277,30755.1,1683843299999,6999.67218,45,18775.7,4271.29256,0
1683843300000,0.2279,0.2289,0.2277,0.2285,65897.4,1683844199999,15042.93788,82,22903.7,5231.51048,0
1683844200000,0.2285,0.2289,0.2273,0.2276,153146.0,1683845099999,34970.76625,159,61578.0,14059.00186,0
1683845100000,0.2275,0.2279,0.2275,0.2276,90819.3,1683845999999,20673.11021,46,74500.8,16958.93879,0
1683846000000,0.2276,0.228,0.2263,0.2271,145026.6,1683846899999,32931.02006,149,41875.8,9499.64097,0
1683846900000,0.2273,0.2282,0.2273,0.2282,55797.1,1683847799999,12719.58174,67,32685.7,7448.72206,0
1683847800000,0.2283,0.2301,0.2281,0.23,83967.4,1683848699999,19217.7217,90,48144.0,11011.95941,0
1683848700000,0.2298,0.2304,0.2293,0.2293,53265.5,1683849599999,12243.05205,60,6375.3,1465.7545,0
1683849600000,0.2293,0.2293,0.2276,0.2277,74333.0,1683850499999,16979.77282,94,29232.8,6678.96765,0
1683850500000,0.2282,0.2284,0.2275,0.2276,42456.3,1683851399999,9679.95506,56,16406.1,3741.29274,0
1683851400000,0.2277,0.2285,0.2267,0.2285,105182.3,1683852299999,23884.56155,72,74240.4,16856.92574,0
1683852300000,0.2284,0.2295,0.2282,0.2293,97350.5,1683853199999,22264.63924,107,46530.5,10651.73099,0
1683853200000,0.2294,0.2295,0.228,0.2285,70412.4,1683854099999,16094.47778,73,30610.5,6992.43441,0
1683854100000,0.2284,0.2291,0.2271,0.2271,127002.7,1683854999999,28980.8963,142,61663.1,14063.68812,0
1683855000000,0.2272,0.2273,0.2263,0.2266,175844.2,1683855899999,39858.57793,134,62046.3,14067.96914,0
1683855900000,0.2265,0.2265,0.2246,0.2249,111452.6,1683856799999,25119.74917,151,46018.4,10366.63436,0
1683856800000,0.2248,0.226,0.2246,0.226,68161.5,1683857699999,15349.78725,85,44412.2,10005.45567,0
1683857700000,0.226,0.226,0.2254,0.2255,38447.7,1683858599999,8671.72804,41,18119.0,4085.16585,0
1683858600000,0.2256,0.2256,0.2239,0.2245,150931.8,1683859499999,33921.23457,182,67404.3,15150.46218,0
1683859500000,0.2246,0.2246,0.2213,0.2232,298592.4,1683860399999,66459.95727,449,117034.9,26039.6271,0
1683860400000,0.2233,0.2238,0.223,0.2232,102442.8,1683861299999,22888.82779,115,68588.1,15323.41499,0
1683861300000,0.2232,0.2235,0.2229,0.2231,31972.8,1683862199999,7136.53011,46,11427.8,2552.47569,0
1683862200000,0.2231,0.2235,0.2225,0.2231,90828.5,1683863099999,20249.19624,115,39155.5,8731.23017,0
1683863100000,0.2229,0.2229,0.2209,0.2215,75725.8,1683863999999,16796.08846,118,29209.9,6476.70098,0
1683864000000,0.2214,0.2232,0.2206,0.2232,105696.5,1683864899999,23442.09323,140,48043.4,10664.16799,0
1683864900000,0.2232,0.2242,0.2231,0.2241,28459.2,1683865799999,6362.46222,27,24587.5,5496.53059,0
1683865800000,0.224,0.2246,0.2237,0.2246,39991.1,1683866699999,8958.56043,60,16296.8,3652.80076,0
1683866700000,0.2246,0.2258,0.2241,0.2258,129907.0,1683867599999,29241.22904,136,57668.0,12979.72272,0
1683867600000,0.2256,0.2259,0.2251,0.2255,54494.8,1683868499999,12287.28989,49,29714.7,6698.89959,0
1683868500000,0.2255,0.2255,0.2244,0.2254,132599.5,1683869399999,29827.05926,133,69328.2,15591.47209,0
1683869400000,0.2256,0.2258,0.2252,0.2256,50837.8,1683870299999,11459.29039,62,25007.7,5637.28041,0
1683870300000,0.2257,0.2257,0.222,0.224,390537.2,1683871199999,87236.0097,539,170998.0,38149.60252,0
1683871200000,0.2239,0.2241,0.2224,0.2228,211675.2,1683872099999,47280.39217,214,75003.2,16749.37285,0
1683872100000,0.2227,0.2238,0.2221,0.2228,80399.9,1683872999999,17916.21921,124,36128.3,8050.45496,0
1683873000000,0.2227,0.2247,0.2227,0.2247,53085.4,1683873899999,11876.43065,100,39552.6,8847.97177,0
1683873900000,0.2246,0.2266,0.2244,0.2264,95967.5,1683874799999,21626.66534,120,62315.7,14047.57385,0
1683874800000,0.2265,0.2279,0.226,0.2261,77534.4,1683875699999,17605.24125,100,37507.4,8514.24406,0
1683875700000,0.226,0.2276,0.226,0.2274,53394.3,1683876599999,12114.02202,57,27286.9,6186.02072,0
1683876600000,0.2274,0.2282,0.2272,0.2281,74426.5,1683877499999,16948.22345,90,34802.0,7927.4145,0
1683877500000,0.2283,0.2293,0.228,0.229,115227.6,1683878399999,26365.49966,196,53020.1,12134.04865,0
1683878400000,0.2289,0.2289,0.2282,0.2284,58721.2,1683879299999,13415.25058,53,32983.4,7533.87833,0
1683879300000,0.2284,0.2291,0.2281,0.2283,76587.5,1683880199999,17503.33535,97,33287.9,7609.27765,0
1683880200000,0.2284,0.2305,0.228,0.2304,44969.7,1683881099999,10306.52031,90,27859.8,6383.95193,0
1683881100000,0.2304,0.2311,0.2299,0.231,108946.2,1683881999999,25107.52227,155,40720.4,9392.68982,0
1683882000000,0.2311,0.2319,0.2307,0.2317,166461.3,1683882899999,38490.79156,197,87751.9,20286.84472,0
1683882900000,0.2316,0.232,0.2306,0.2307,83344.9,1683883799999,19268.37643,121,38659.6,8935.77331,0
1683883800000,0.2307,0.2323,0.2307,0.2322,171747.3,1683884699999,39790.86726,188,102160.1,23665.85886,0
1683884700000,0.2322,0.2334,0.2318,0.2333,131344.2,1683885599999,30537.63296,155,68015.4,15812.42592,0
1683885600000,0.2331,0.2331,0.231,0.2316,143406.1,1683886499999,33273.59572,219,50559.5,11719.94166,0
1683886500000,0.2318,0.2323,0.2308,0.2309,85216.2,1683887399999,19733.724,156,27331.8,6331.99927,0
1683887400000,0.2308,0.2315,0.2308,0.2312,87746.4,1683888299999,20279.34883,111,66173.8,15292.81427,0
1683888300000,0.2313,0.232,0.2303,0.2303,254291.7,1683889199999,58772.32297,292,131565.6,30396.7399,0
1683889200000,0.2303,0.2312,0.2302,0.2305,97869.7,1683890099999,22583.25111,134,39664.2,9149.10862,0
1683890100000,0.2304,0.2314,0.2301,0.2302,80497.5,1683890999999,18579.15829,128,29911.9,6906.7594,0
1683891000000,0.2303,0.2305,0.229,0.2294,109980.5,1683891899999,25255.17141,205,48069.7,11038.2964,0
1683891900000,0.2296,0.23,0.2294,0.2296,44409.4,1683892799999,10198.61354,70,15741.3,3616.47163,0
1683892800000,0.2294,0.2302,0.2291,0.2302,60698.8,1683893699999,13929.02662,134,28744.7,6597.60931,0
1683893700000,0.2302,0.2305,0.2288,0.2293,148452.3,1683894599999,34071.94952,247,35495.3,8148.56792,0
1683894600000,0.2292,0.2312,0.2292,0.2308,142341.8,1683895499999,32795.58987,186,39594.8,9118.81202,0
1683895500000,0.2309,0.2313,0.2301,0.2305,75387.4,1683896399999,17388.02049,141,27013.8,6228.52011,0
1683896400000,0.2307,0.2311,0.23,0.23,53655.1,1683897299999,12366.5963,135,13961.8,3218.02909,0
1683897300000,0.2301,0.2308,0.2296,0.2307,77726.5,1683898199999,17888.37726,112,46449.7,10693.59229,0
1683898200000,0.2307,0.2309,0.2296,0.2303,146385.7,1683899099999,33730.8985,198,37841.1,8719.35231,0
1683899100000,0.2304,0.2306,0.2296,0.23,94268.3,1683899999999,21686.55355,137,32352.9,7443.00262,0
1683900000000,0.2298,0.231,0.2291,0.231,261311.0,1683900899999,60069.97935,317,86284.8,19842.16341,0
1683900900000,0.2309,0.2314,0.2296,0.2299,152910.1,1683901799999,35226.46698,209,66705.2,15367.2946,0
1683901800000,0.2298,0.2303,0.2294,0.2295,50293.9,1683902699999,11557.35607,60,18606.2,4276.93678,0
1683902700000,0.2295,0.2296,0.2274,0.2275,98878.6,1683903599999,22558.92775,128,40255.1,9181.57174,0
1683903600000,0.2276,0.2283,0.2274,0.2275,276703.8,1683904499999,63100.30778,350,213817.7,48767.77228,0
1683904500000,0.2277,0.2285,0.2274,0.2275,66159.2,1683905399999,15082.66219,114,25272.1,5763.50567,0
1683905400000,0.2276,0.2284,0.2276,0.228,116607.6,1683906299999,26595.90091,174,51290.7,11695.79326,0
1683906300000,0.228,0.2282,0.2274,0.2277,55665.4,1683907199999,12685.00993,81,20479.0,4667.54006,0
1683907200000,0.2277,0.2277,0.2261,0.2271,103031.8,1683908099999,23365.7305,126,37203.5,8437.22965,0
1683908100000,0.2272,0.2288,0.2272,0.2278,84262.2,1683908999999,19216.8073,107,26754.9,6100.20638,0
1683909000000,0.2278,0.2279,0.2266,0.2267,63103.8,1683909899999,14348.68428,79,34629.7,7877.97981,0
1683909900000,0.2267,0.2274,0.2266,0.2272,27281.7,1683910799999,6193.70887,36,17473.6,3966.51966,0
1683910800000,0.2274,0.2278,0.2269,0.2278,105769.3,1683911699999,24049.55417,117,49763.1,11317.49874,0
1683911700000,0.2277,0.228,0.2275,0.2277,22273.2,1683912599999,5073.03836,32,7945.5,1810.43867,0
1683912600000,0.2277,0.2283,0.2269,0.2276,126888.2,1683913499999,28892.5597,135,57971.1,13198.48293,0
1683913500000,0.2276,0.2279,0.2274,0.2274,45017.6,1683914399999,10247.7337,51,23215.9,5285.37598,0
1683914400000,0.2274,0.2284,0.2274,0.2284,72670.8,1683915299999,16561.91562,71,50630.1,11537.85041,0
1683915300000,0.2283,0.2285,0.228,0.2283,37207.1,1683916199999,8493.38287,44,14969.9,3417.93407,0
1683916200000,0.2281,0.2286,0.2277,0.2284,61564.0,1683917099999,14050.5992,77,30807.8,7033.1778,0
1683917100000,0.2281,0.2282,0.2274,0.2275,90985.1,1683917999999,20713.64478,90,32096.0,7305.97992,0
1683918000000,0.2274,0.2279,0.2263,0.2273,186122.2,1683918899999,42285.58814,195,65231.4,14817.61032,0
1683918900000,0.2271,0.2271,0.2221,0.2244,544466.1,1683919799999,122008.57237,700,262197.9,58706.30231,0
1683919800000,0.2244,0.2263,0.2234,0.2259,295996.5,1683920699999,66461.83461,343,108608.0,24397.99484,0
1683920700000,0.2261,0.2296,0.2257,0.2292,397953.2,1683921599999,90962.40654,542,161919.1,36988.35002,0
1683921600000,0.2292,0.231,0.2287,0.23,497175.6,1683922499999,114242.92319,520,259651.4,59650.16486,0
1683922500000,0.2297,0.2311,0.2297,0.2303,207421.7,1683923399999,47744.19823,184,134008.5,30835.88161,0
1683923400000,0.2305,0.2312,0.2302,0.2304,72335.5,1683924299999,16692.28409,88,26850.7,6196.84362,0
1683924300000,0.2302,0.2309,0.2302,0.2302,167588.4,1683925199999,38625.63607,167,44964.0,10364.48998,0
1683925200000,0.2305,0.2336,0.2305,0.2323,243860.2,1683926099999,56654.42987,343,125322.0,29096.81184,0
1683926100000,0.2321,0.2331,0.2319,0.2331,81248.5,1683926999999,18898.26113,132,35123.8,8172.84593,0
1683927000000,0.2329,0.2329,0.2322,0.2324,69046.1,1683927899999,16052.71058,122,31238.1,7264.76447,0
1683927900000,0.2325,0.2333,0.2322,0.2328,38098.6,1683928799999,8866.46977,71,28677.4,6673.41698,0
1683928800000,0.2327,0.2347,0.2327,0.2341,190015.6,1683929699999,44426.3018,223,112014.0,26165.65246,0
1683929700000,0.2341,0.2344,0.2337,0.2338,140513.7,1683930599999,32879.95306,186,56517.4,13223.767,0
1683930600000,0.234,0.2349,0.234,0.2344,47689.5,1683931499999,11184.45726,78,30273.8,7099.32411,0
1683931500000,0.2343,0.2344,0.2335,0.2343,67413.6,1683932399999,15770.84448,97,34400.6,8049.12806,0
1683932400000,0.2342,0.2348,0.234,0.2347,55247.0,1683933299999,12947.35177,82,37405.8,8768.59958,0
1683933300000,0.2346,0.235,0.2346,0.2348,29424.3,1683934199999,6910.39323,86,22371.0,5254.08304,0
1683934200000,0.2349,0.2357,0.2345,0.2355,166827.5,1683935099999,39198.10217,148,100721.2,23647.47114,0
1683935100000,0.2355,0.2363,0.2355,0.2362,75538.5,1683935999999,17820.95218,115,33354.8,7866.78491,0
1683936000000,0.2364,0.2368,0.2345,0.2346,100126.9,1683936899999,23605.99754,131,34475.1,8129.63009,0
1683936900000,0.2347,0.2348,0.2335,0.2336,70722.2,1683937799999,16546.73938,130,45144.1,10562.77112,0
1683937800000,0.2335,0.2342,0.2331,0.2331,144537.3,1683938699999,33767.49851,196,67210.9,15705.08317,0
1683938700000,0.2331,0.2343,0.233,0.2341,47779.2,1683939599999,11152.99505,88,25424.6,5933.98809,0
1683939600000,0.2345,0.2346,0.2333,0.2335,65746.3,1683940499999,15373.62275,87,26543.3,6209.62804,0
1683940500000,0.2335,0.2347,0.2335,0.2343,59669.4,1683941399999,13980.24451,88,32742.7,7670.42342,0
1683941400000,0.2344,0.2347,0.2342,0.2342,38777.3,1683942299999,9090.1721,46,15401.9,3611.37678,0
1683942300000,0.2343,0.2344,0.2326,0.2327,42779.3,1683943199999,9979.84018,86,18170.2,4231.92236,0
1683943200000,0.2329,0.2331,0.2324,0.2325,49236.8,1683944099999,11457.05665,44,26959.1,6272.14708,0
1683944100000,0.2324,0.2325,0.2321,0.2323,27875.2,1683944999999,6474.64893,34,8556.3,1987.67446,0
1683945000000,0.2325,0.2325,0.232,0.2323,20533.0,1683945899999,4767.52339,32,5035.4,1169.81147,0
1683945900000,0.2324,0.2324,0.2317,0.2317,17153.7,1683946799999,3980.17946,30,4348.1,1007.82749,0
1683946800000,0.2316,0.2322,0.2316,0.2322,37108.1,1683947699999,8600.64846,40,19132.1,4433.25092,0
1683947700000,0.2322,0.2323,0.2318,0.2323,72275.7,1683948599999,16781.58574,37,48306.2,11215.88587,0
1683948600000,0.2323,0.2325,0.2317,0.2319,41641.4,1683949499999,9666.52444,40,14872.6,3452.8366,0
1683949500000,0.2322,0.2324,0.2322,0.2323,23751.9,1683950399999,5517.45182,35,13114.5,3046.92602,0
1683950400000,0.2322,0.2325,0.232,0.2323,53706.1,1683951299999,12475.50085,53,19908.0,4624.85845,0
1683951300000,0.2321,0.2325,0.2317,0.2324,35455.5,1683952199999,8226.85758,43,19937.1,4626.84095,0
1683952200000,0.2324,0.2324,0.232,0.2323,25628.2,1683953099999,5951.01642,36,11777.2,2734.72234,0
1683953100000,0.2323,0.2323,0.2312,0.2313,53753.5,1683953999999,12452.73254,80,4633.2,1072.15635,0
1683954000000,0.231,0.2322,0.231,0.2321,63200.0,1683954899999,14624.88349,67,56201.3,13004.74038,0
1683954900000,0.2321,0.2329,0.232,0.2326,32710.6,1683955799999,7606.88682,60,17683.6,4112.16669,0
1683955800000,0.2323,0.2323,0.2315,0.2316,111860.0,1683956699999,25918.93022,115,43532.2,10086.28194,0
1683956700000,0.2316,0.2318,0.2314,0.2314,15083.2,1683957599999,3494.15553,55,8845.8,2049.44391,0
1683957600000,0.2314,0.2326,0.2311,0.2324,25740.3,1683958499999,5968.97461,88,14007.1,3249.09245,0
1683958500000,0.2321,0.2326,0.232,0.2325,114761.4,1683959399999,26669.75954,153,66215.4,15390.34048,0
1683959400000,0.2326,0.2326,0.2314,0.2315,45471.1,1683960299999,10546.77527,126,22899.2,5309.68909,0
1683960300000,0.2316,0.2322,0.2314,0.232,90207.6,1683961199999,20911.54794,148,26939.7,6242.93354,0
1683961200000,0.232,0.2325,0.2316,0.2318,84686.6,1683962099999,19647.05837,189,44447.5,10309.47738,0
1683962100000,0.2318,0.2325,0.2317,0.2323,52553.2,1683962999999,12198.97059,131,38906.6,9032.51604,0
1683963000000,0.2323,0.2327,0.2323,0.2325,62246.9,1683963899999,14470.27423,138,31790.5,7391.8355,0
1683963900000,0.2325,0.233,0.2325,0.2326,54667.0,1683964799999,12722.97853,147,27456.8,6390.78304,0
1683964800000,0.2327,0.233,0.2326,0.233,24000.5,1683965699999,5587.05373,98,13796.6,3212.04819,0
1683965700000,0.2329,0.2329,0.2318,0.2322,78918.0,1683966599999,18329.58014,130,13752.8,3194.94176,0
1683966600000,0.2323,0.2323,0.2318,0.2319,83906.6,1683967499999,19467.32137,141,19697.9,4570.25346,0
1683967500000,0.2319,0.2326,0.2318,0.2324,38804.8,1683968399999,9011.10644,111,23103.9,5366.01005,0
1683968400000,0.2324,0.2327,0.2321,0.2323,49799.8,1683969299999,11575.8093,111,13435.2,3124.26644,0
1683969300000,0.2323,0.2328,0.2322,0.2327,55468.2,1683970199999,12897.85291,101,33808.2,7862.53531,0
1683970200000,0.2328,0.2337,0.2328,0.2334,133886.7,1683971099999,31239.4837,208,98348.2,22947.51699,0
1683971100000,0.2334,0.2341,0.2333,0.2341,70332.5,1683971999999,16451.1274,103,25763.8,6027.00767,0
1683972000000,0.2342,0.2346,0.2328,0.2332,87716.7,1683972899999,20502.65513,181,36251.9,8479.14474,0
1683972900000,0.2332,0.2333,0.2322,0.2323,74466.4,1683973799999,17334.84744,144,33815.8,7869.95238,0
1683973800000,0.2325,0.2329,0.2321,0.2326,47985.4,1683974699999,11154.07804,89,17479.9,4064.3403,0
1683974700000,0.2327,0.2331,0.2321,0.2329,53942.5,1683975599999,12540.96816,93,26369.2,6128.39106,0
1683975600000,0.2329,0.2331,0.2325,0.2328,82961.4,1683976499999,19309.15426,114,47611.8,11080.70753,0
1683976500000,0.2329,0.2334,0.2324,0.2325,199303.8,1683977399999,46400.80782,235,48803.8,11369.42451,0
1683977400000,0.2325,0.2333,0.2325,0.2331,125227.2,1683978299999,29159.50893,197,62116.0,14463.36865,0
1683978300000,0.2331,0.2331,0.2321,0.2324,141010.8,1683979199999,32792.70521,198,47633.1,11079.6045,0
1683979200000,0.2325,0.2328,0.2317,0.2321,101650.7,1683980099999,23609.37335,196,33394.4,7759.6421,0
1683980100000,0.2321,0.2332,0.2321,0.233,124293.1,1683980999999,28941.9645,139,88409.6,20581.59193,0
1683981000000,0.2328,0.2341,0.2323,0.2329,245702.1,1683981899999,57358.58511,356,89866.0,20979.41669,0
1683981900000,0.2329,0.2334,0.2314,0.2321,167584.1,1683982799999,38961.82482,290,56214.7,13069.39513,0
1683982800000,0.2322,0.2333,0.2321,0.2331,103928.9,1683983699999,24185.02153,165,51055.3,11882.52694,0
1683983700000,0.2333,0.2333,0.2321,0.2321,85085.9,1683984599999,19779.64854,194,28432.3,6608.93412,0
1683984600000,0.2321,0.2325,0.2304,0.2305,262638.5,1683985499999,60737.73641,337,85885.0,19861.3901,0
1683985500000,0.2306,0.231,0.2299,0.2308,90056.1,1683986399999,20756.74338,151,48436.1,11168.67374,0
1683986400000,0.231,0.2315,0.2298,0.2301,157345.1,1683987299999,36310.88367,225,57496.7,13264.22855,0
1683987300000,0.2302,0.2302,0.2284,0.2294,204463.3,1683988199999,46892.07064,294,94128.5,21586.3234,0
1683988200000,0.2293,0.23,0.2287,0.2292,102591.1,1683989099999,23535.62388,161,47710.4,10948.5991,0
1683989100000,0.2292,0.2297,0.2288,0.2292,55032.9,1683989999999,12609.51114,75,33593.2,7698.44807,0
1683990000000,0.2291,0.2294,0.2286,0.2288,64903.9,1683990899999,14859.24663,86,26741.2,6121.40395,0
1683990900000,0.2288,0.229,0.2285,0.2289,25744.1,1683991799999,5888.02237,59,16031.5,3667.89883,0
1683991800000,0.229,0.2297,0.2289,0.2297,60897.9,1683992699999,13962.20161,90,36302.4,8322.85046,0
1683992700000,0.2297,0.2301,0.2293,0.2297,58502.6,1683993599999,13436.066,79,29812.6,6845.8561,0
1683993600000,0.2297,0.2299,0.2292,0.2295,61393.7,1683994499999,14093.23439,65,30479.9,6997.77244,0
1683994500000,0.2297,0.2302,0.2293,0.2302,63881.0,1683995399999,14679.72281,82,41974.6,9647.88873,0
1683995400000,0.2302,0.2309,0.2297,0.2302,110703.2,1683996299999,25493.32968,143,55977.4,12892.58213,0
1683996300000,0.2303,0.2306,0.23,0.2303,22776.1,1683997199999,5245.64394,43,9736.4,2242.67672,0
1683997200000,0.2303,0.2305,0.2296,0.2299,66786.8,1683998099999,15355.66312,105,18020.4,4141.09137,0
1683998100000,0.2298,0.2306,0.2298,0.2303,56327.0,1683998999999,12972.70626,96,19179.7,4413.06597,0
1683999000000,0.2302,0.2302,0.2292,0.2294,52504.3,1683999899999,12054.27486,103,15517.4,3560.90197,0
1683999900000,0.2294,0.2294,0.2289,0.2292,43165.1,1684000799999,9893.37716,76,6493.5,1488.39742,0
1684000800000,0.2292,0.2292,0.2285,0.2292,88645.2,1684001699999,20290.05436,128,38553.3,8824.00025,0
1684001700000,0.2292,0.2296,0.229,0.2295,62695.1,1684002599999,14373.83801,65,34598.9,7932.91236,0
1684002600000,0.2296,0.2307,0.2296,0.2302,72188.2,1684003499999,16621.23193,117,37556.0,8645.09104,0
1684003500000,0.23,0.2315,0.2288,0.2293,158563.7,1684004399999,36526.52507,188,78934.2,18168.60459,0
1684004400000,0.2293,0.2302,0.2292,0.2299,81301.0,1684005299999,18661.74084,97,66255.4,15208.80808,0
1684005300000,0.2302,0.2309,0.2301,0.2304,150746.1,1684006199999,34749.10244,156,83063.9,19147.91284,0
1684006200000,0.2303,0.2303,0.2291,0.2291,34484.3,1684007099999,7916.65485,46,15381.0,3528.24681,0
1684007100000,0.229,0.2294,0.2285,0.2292,30612.6,1684007999999,7006.40217,59,16784.0,3840.77232,0
1684008000000,0.2292,0.2301,0.2292,0.2296,55728.6,1684008899999,12805.93842,91,27599.7,6341.70421,0
1684008900000,0.2294,0.2298,0.2293,0.2297,36961.4,1684009799999,8483.13447,51,15466.7,3551.01935,0
1684009800000,0.2296,0.2297,0.2295,0.2296,22963.4,1684010699999,5272.23394,32,21348.2,4901.43687,0
1684010700000,0.2296,0.2303,0.2294,0.2303,121779.5,1684011599999,27969.06583,171,95460.6,21922.57235,0
1684011600000,0.2303,0.2307,0.2299,0.2302,57509.4,1684012499999,13246.0226,111,19093.6,4397.78391,0
1684012500000,0.2301,0.2304,0.2298,0.2304,142246.7,1684013399999,32726.5745,156,117189.7,26962.086,0
1684013400000,0.2303,0.2309,0.2303,0.2309,36764.0,1684014299999,8481.62484,87,21786.6,5025.31857,0
1684014300000,0.2307,0.2308,0.2304,0.2304,56831.4,1684015199999,13107.00886,84,18742.1,4321.40253,0
1684015200000,0.2303,0.2306,0.2302,0.2304,54305.2,1684016099999,12510.07979,66,22132.8,5098.88415,0
1684016100000,0.2304,0.2308,0.2302,0.2302,44357.5,1684016999999,10221.639,102,25085.0,5780.83079,0
1684017000000,0.2302,0.2308,0.2302,0.2307,47911.3,1684017899999,11045.47241,103,34992.5,8067.07425,0
1684017900000,0.2306,0.2314,0.2306,0.2311,41604.7,1684018799999,9610.15147,84,26721.0,6172.85955,0
1684018800000,0.2311,0.2321,0.2311,0.2321,60209.2,1684019699999,13953.24592,135,40121.2,9297.78066,0
1684019700000,0.2321,0.2322,0.2314,0.2316,67165.7,1684020599999,15574.04283,77,36560.3,8479.78081,0
1684020600000,0.2315,0.2317,0.2311,0.2312,45151.6,1684021499999,10451.9663,67,24220.5,5606.46732,0
1684021500000,0.231,0.2313,0.2307,0.2313,108072.8,1684022399999,24953.65891,140,75489.4,17429.75727,0
1684022400000,0.2313,0.2313,0.2299,0.2306,159710.9,1684023299999,36800.84598,232,73554.0,16937.17119,0
1684023300000,0.2307,0.2307,0.2301,0.2302,20840.5,1684024199999,4800.98426,21,7888.8,1816.44011,0
1684024200000,0.2304,0.2304,0.2278,0.2289,156019.9,1684025099999,35714.65998,221,62980.1,14395.44825,0
1684025100000,0.229,0.2297,0.2283,0.2296,84977.5,1684025999999,19443.12624,152,61471.5,14067.46126,0
1684026000000,0.2295,0.2295,0.2278,0.2278,97747.7,1684026899999,22342.43607,108,38450.9,8784.39973,0
1684026900000,0.2278,0.2282,0.2272,0.2277,61280.0,1684027799999,13950.90916,97,33732.2,7680.28406,0
1684027800000,0.2277,0.228,0.227,0.227,118728.7,1684028699999,27005.72511,160,48717.1,11085.47028,0
1684028700000,0.227,0.2273,0.2268,0.2272,53714.6,1684029599999,12195.09217,89,33129.1,7521.11989,0
1684029600000,0.2272,0.228,0.2271,0.2279,38401.8,1684030499999,8736.96897,80,26391.1,6006.52029,0
1684030500000,0.228,0.2284,0.2276,0.2283,34425.4,1684031399999,7849.72612,111,22613.1,5154.63278,0
1684031400000,0.2284,0.2286,0.2282,0.2284,24699.9,1684032299999,5640.57753,69,13061.9,2984.00465,0
1684032300000,0.2284,0.229,0.2284,0.2289,27057.3,1684033199999,6190.04195,91,21032.1,4812.39399,0
1684033200000,0.229,0.229,0.2283,0.2284,63270.7,1684034099999,14461.50885,105,33709.7,7704.74776,0
1684034100000,0.2285,0.2291,0.2284,0.229,48697.1,1684034999999,11137.77666,124,27449.1,6278.67458,0
1684035000000,0.2292,0.2299,0.2292,0.2298,41408.4,1684035899999,9509.60496,106,35628.4,8181.6092,0
1684035900000,0.2299,0.2299,0.2294,0.2295,43058.7,1684036799999,9888.68324,85,13887.2,3190.16329,0
1684036800000,0.2297,0.2299,0.2292,0.2293,19915.4,1684037699999,4572.97803,39,10654.6,2445.96874,0
1684037700000,0.2294,0.2295,0.229,0.229,29753.1,1684038599999,6820.20172,54,15121.4,3467.42004,0
1684038600000,0.229,0.2301,0.229,0.23,111389.5,1684039499999,25567.99494,110,68152.1,15634.61458,0
1684039500000,0.2298,0.2304,0.2297,0.2301,62498.6,1684040399999,14378.05245,117,29597.3,6807.95051,0
1684040400000,0.2301,0.2303,0.2298,0.2298,21712.0,1684041299999,4997.05738,39,3937.2,906.23669,0
1684041300000,0.2298,0.2302,0.2298,0.2301,34592.9,1684042199999,7957.02299,62,24059.9,5534.06327,0
1684042200000,0.2297,0.2298,0.2295,0.2295,18657.9,1684043099999,4285.22597,36,5432.4,1248.1634,0
1684043100000,0.2296,0.2298,0.2293,0.2294,9820.6,1684043999999,2253.47745,15,8105.4,1860.05132,0
1684044000000,0.2296,0.2302,0.2296,0.2301,49013.8,1684044899999,11274.58004,130,32648.2,7509.68117,0
1684044900000,0.2299,0.2304,0.2299,0.2304,22592.4,1684045799999,5201.66701,50,15882.3,3655.73942,0
1684045800000,0.2305,0.2305,0.2299,0.2301,24977.9,1684046699999,5749.88365,58,8613.8,1983.44154,0
1684046700000,0.2301,0.2303,0.23,0.2303,12958.7,1684047599999,2981.81791,31,5334.7,1227.46697,0
1684047600000,0.2302,0.2307,0.2302,0.2306,23093.8,1684048499999,5321.92106,51,12363.1,2849.38701,0
1684048500000,0.2306,0.2306,0.2298,0.2298,117212.5,1684049399999,26968.74311,93,59861.9,13772.50604,0
1684049400000,0.2297,0.2303,0.2297,0.2302,29579.2,1684050299999,6801.46867,36,10325.3,2375.86444,0
1684050300000,0.2302,0.2304,0.2301,0.2303,24922.0,1684051199999,5737.16555,51,13734.6,3161.87197,0
1684051200000,0.2303,0.2305,0.2301,0.2303,28712.4,1684052099999,6613.86729,35,7105.5,1635.73588,0
1684052100000,0.2304,0.2306,0.2302,0.2304,66337.7,1684052999999,15282.47541,64,21416.2,4935.40991,0
1684053000000,0.2304,0.2309,0.2304,0.2305,36254.2,1684053899999,8364.4291,62,17633.9,4069.86145,0
1684053900000,0.2306,0.2306,0.2302,0.2304,37582.5,1684054799999,8657.342,43,26326.3,6065.38442,0
1684054800000,0.2305,0.2313,0.2305,0.2308,33450.6,1684055699999,7725.63577,61,27879.2,6438.86668,0
1684055700000,0.2309,0.2311,0.23,0.2302,63072.3,1684056599999,14543.28544,73,31075.9,7168.73459,0
1684056600000,0.2303,0.2308,0.2301,0.2308,18512.6,1684057499999,4266.78105,24,12850.3,2963.1398,0
1684057500000,0.2307,0.2309,0.2306,0.2306,24339.3,1684058399999,5616.13741,31,1750.0,403.73562,0
1684058400000,0.2305,0.2306,0.2302,0.2304,36199.0,1684059299999,8341.3568,40,18787.9,4330.05588,0
1684059300000,0.2303,0.2304,0.2297,0.2298,33129.1,1684060199999,7623.3627,68,8758.6,2014.73397,0
1684060200000,0.2299,0.2304,0.2299,0.2301,55355.2,1684061099999,12741.77422,69,16506.3,3798.41205,0
1684061100000,0.2299,0.2308,0.2298,0.2305,25814.6,1684061999999,5946.55257,39,6981.4,1609.22964,0
1684062000000,0.2305,0.2309,0.2305,0.2306,63684.4,1684062899999,14691.69884,91,45596.9,10519.90697,0
1684062900000,0.2309,0.2309,0.2304,0.2308,45899.2,1684063799999,10592.33098,40,16013.8,3694.54031,0
1684063800000,0.2309,0.2317,0.2309,0.2313,64670.9,1684064699999,14964.43192,75,38806.6,8978.18643,0
1684064700000,0.2313,0.2319,0.2311,0.2317,34207.3,1684065599999,7921.80643,43,21103.9,4888.98172,0
1684065600000,0.2316,0.2316,0.2306,0.2308,74549.8,1684066499999,17208.25008,62,50098.7,11557.97404,0
1684066500000,0.2309,0.2309,0.23,0.23,34351.4,1684067399999,7916.98569,69,9086.5,2094.21767,0
1684067400000,0.2302,0.2315,0.2302,0.2312,54040.6,1684068299999,12477.34579,69,11349.6,2618.24469,0
1684068300000,0.2317,0.2334,0.2317,0.2331,115532.0,1684069199999,26851.53087,139,61382.4,14265.14526,0
1684069200000,0.2334,0.2334,0.2322,0.2323,60395.1,1684070099999,14041.12305,66,29595.5,6876.92273,0
1684070100000,0.2322,0.2324,0.2317,0.2322,48130.0,1684070999999,11166.81246,74,31608.6,7334.63932,0
1684071000000,0.2324,0.2335,0.2324,0.2335,16696.5,1684071899999,3888.92789,30,9427.0,2194.45435,0
1684071900000,0.2335,0.2344,0.2335,0.2342,81251.9,1684072799999,19002.86191,118,44773.3,10471.52651,0
1684072800000,0.2342,0.2345,0.2338,0.2343,62635.9,1684073699999,14670.70474,88,16365.6,3832.96299,0
1684073700000,0.2344,0.2345,0.2337,0.2343,39856.8,1684074599999,9331.41478,57,17937.1,4198.96466,0
1684074600000,0.2345,0.2348,0.2339,0.2348,54703.1,1684075499999,12823.51054,73,18606.7,4361.33511,0
1684075500000,0.2347,0.2351,0.2345,0.2345,35192.7,1684076399999,8261.62833,56,12496.2,2934.90345,0
1684076400000,0.2345,0.2364,0.2344,0.2353,150114.9,1684077299999,35360.72419,253,74303.1,17501.7719,0
1684077300000,0.2352,0.2364,0.2352,0.2358,52674.1,1684078199999,12423.77148,78,21672.1,5112.04054,0
1684078200000,0.2358,0.2364,0.2352,0.2363,44588.4,1684079099999,10522.30757,76,28491.8,6720.67502,0
1684079100000,0.2364,0.2372,0.2364,0.2371,88771.5,1684079999999,21023.53397,122,48164.3,11404.04777,0
1684080000000,0.2373,0.2379,0.237,0.2372,82335.3,1684080899999,19557.23015,92,47334.8,11242.76692,0
1684080900000,0.2369,0.2375,0.2363,0.2372,91300.6,1684081799999,21625.40692,161,52508.8,12439.67486,0
1684081800000,0.2373,0.2375,0.2363,0.2365,58132.7,1684082699999,13768.6827,127,25155.5,5957.93141,0
1684082700000,0.2367,0.2369,0.2354,0.2359,48963.0,1684083599999,11561.96293,200,22573.4,5333.83478,0
1684083600000,0.2356,0.2361,0.235,0.2351,70365.2,1684084499999,16573.62435,154,39593.4,9327.36007,0
1684084500000,0.2351,0.2358,0.2351,0.2356,57738.7,1684085399999,13592.6648,139,27608.6,6500.17027,0
1684085400000,0.2358,0.2358,0.2351,0.2355,55767.3,1684086299999,13129.97848,155,25419.1,5985.29693,0
1684086300000,0.2354,0.2355,0.2346,0.2349,64784.5,1684087199999,15227.69842,152,20821.0,4892.52397,0
1684087200000,0.2348,0.2348,0.2341,0.2345,53034.6,1684088099999,12433.33854,137,27319.3,6404.36935,0
1684088100000,0.2346,0.2347,0.2327,0.2336,107713.5,1684088999999,25152.09888,226,44647.8,10416.94877,0
1684089000000,0.2336,0.2346,0.2336,0.2344,46459.2,1684089899999,10881.66807,132,20772.3,4865.25143,0
1684089900000,0.2344,0.2345,0.2337,0.2338,43551.2,1684090799999,10194.97619,117,14212.5,3326.46598,0
1684090800000,0.2337,0.2339,0.2331,0.2333,192171.0,1684091699999,44886.26674,219,91731.0,21423.50397,0
1684091700000,0.2334,0.2335,0.2323,0.233,95824.4,1684092599999,22319.10126,269,42995.2,10015.58269,0
1684092600000,0.233,0.2333,0.2322,0.2328,79839.3,1684093499999,18577.42394,164,24047.8,5596.78559,0
1684093500000,0.2329,0.2334,0.2327,0.2327,71483.1,1684094399999,16661.81737,140,22976.8,5355.52256,0
1684094400000,0.2327,0.2333,0.2325,0.2333,67051.1,1684095299999,15607.48816,100,36060.8,8395.41598,0
1684095300000,0.2333,0.2337,0.233,0.2337,38380.9,1684096199999,8958.81503,64,23124.8,5399.86805,0
1684096200000,0.2337,0.2344,0.2337,0.2341,68052.7,1684097099999,15928.5984,93,30461.6,7129.69347,0
1684097100000,0.2342,0.235,0.2342,0.2346,194322.3,1684097999999,45605.08962,124,147391.7,34593.36359,0
1684098000000,0.2345,0.2347,0.2342,0.2345,88094.8,1684098899999,20651.0009,140,30693.3,7196.46837,0
1684098900000,0.2345,0.2347,0.2344,0.2347,26890.0,1684099799999,6307.01268,55,12115.2,2842.21153,0
1684099800000,0.2348,0.2354,0.2347,0.2348,88279.1,1684100699999,20743.22187,79,27887.2,6555.88608,0
1684100700000,0.2349,0.2371,0.2346,0.235,821113.9,1684101599999,193769.52451,867,646018.7,152519.44231,0
1684101600000,0.235,0.2353,0.2339,0.2352,95729.6,1684102499999,22448.43573,240,37045.8,8682.23282,0
1684102500000,0.2355,0.2364,0.2354,0.2364,88359.2,1684103399999,20835.89209,96,49982.9,11786.41257,0
1684103400000,0.2363,0.2367,0.2361,0.2362,40491.9,1684104299999,9573.74336,66,7638.1,1806.25155,0
1684104300000,0.2365,0.2369,0.2363,0.2365,50885.7,1684105199999,12036.68678,82,27303.8,6458.25652,0
1684105200000,0.2366,0.237,0.235,0.2355,77680.8,1684106099999,18330.15431,124,33675.1,7949.22709,0
1684106100000,0.2357,0.2364,0.2357,0.2359,63974.5,1684106999999,15096.20866,57,35255.2,8317.8377,0
1684107000000,0.2359,0.2372,0.2359,0.2368,47327.5,1684107899999,11206.53431,67,24389.6,5773.22213,0
1684107900000,0.2367,0.237,0.2362,0.2368,42216.7,1684108799999,9981.30764,50,19155.8,4528.91244,0
1684108800000,0.2368,0.2374,0.2357,0.2365,102424.9,1684109699999,24210.94383,135,47310.6,11184.00674,0
1684109700000,0.2365,0.2365,0.2341,0.2343,424686.6,1684110599999,99771.25462,504,208256.5,48909.01404,0
1684110600000,0.2344,0.2351,0.2324,0.233,426502.8,1684111499999,99658.36989,477,201569.6,47091.46588,0
1684111500000,0.2326,0.2333,0.2312,0.2322,225620.2,1684112399999,52328.38935,239,107946.3,25038.18771,0
1684112400000,0.2322,0.2333,0.2319,0.2331,82138.4,1684113299999,19107.19754,91,37983.5,8835.73474,0
1684113300000,0.2337,0.2365,0.2334,0.2365,191111.3,1684114199999,44955.30883,236,106472.0,25030.8034,0
1684114200000,0.2368,0.2373,0.2359,0.237,166788.1,1684115099999,39480.09813,158,92525.3,21903.51006,0
1684115100000,0.2371,0.2412,0.2364,0.238,460191.7,1684115999999,109810.04409,514,277328.8,66229.28701,0
1684116000000,0.2382,0.2385,0.2373,0.2373,211413.7,1684116899999,50248.4672,199,99985.0,23756.30625,0
1684116900000,0.2373,0.2373,0.2364,0.2368,67266.5,1684117799999,15932.635,94,27578.2,6528.84992,0
1684117800000,0.2369,0.2374,0.2369,0.2373,63859.9,1684118699999,15143.17346,70,27670.7,6562.18715,0
1684118700000,0.2374,0.2376,0.2363,0.2363,66207.9,1684119599999,15695.18561,75,24900.3,5902.74625,0
1684119600000,0.2364,0.237,0.2362,0.2369,96181.0,1684120499999,22751.35589,95,52200.3,12350.76569,0
1684120500000,0.2367,0.2375,0.2367,0.2375,37423.1,1684121399999,8867.82729,54,24731.4,5860.70472,0
1684121400000,0.2377,0.2385,0.2373,0.2373,60983.3,1684122299999,14516.83286,74,23223.2,5529.21332,0
1684122300000,0.2375,0.2377,0.2372,0.2374,11167.1,1684123199999,2651.45876,19,6181.7,1468.07375,0
1684123200000,0.2375,0.2377,0.2367,0.2369,38113.7,1684124099999,9030.87823,51,30104.5,7131.07163,0
1684124100000,0.2367,0.2372,0.2367,0.2372,11908.0,1684124999999,2822.36589,25,7305.3,1730.82853,0
1684125000000,0.2372,0.2377,0.237,0.2377,18427.0,1684125899999,4373.23519,22,13395.5,3180.36654,0
1684125900000,0.2378,0.2378,0.2373,0.2373,37702.8,1684126799999,8953.8973,55,11231.1,2667.72982,0
1684126800000,0.2373,0.2382,0.2363,0.2375,274335.9,1684127699999,65131.65525,386,147388.0,34987.97173,0
1684127700000,0.2376,0.2381,0.2375,0.238,65770.0,1684128599999,15633.00715,96,42836.8,10182.55479,0
1684128600000,0.238,0.238,0.2374,0.2378,192072.3,1684129499999,45651.7367,201,102646.0,24397.77792,0
1684129500000,0.2378,0.2382,0.2375,0.2381,141245.0,1684130399999,33598.0971,139,79844.0,18992.25565,0
1684130400000,0.2384,0.2384,0.2374,0.2375,47883.1,1684131299999,11380.25765,45,22545.0,5360.40269,0
1684131300000,0.2377,0.2395,0.2373,0.239,186315.6,1684132199999,44412.5159,215,113736.0,27103.56962,0
1684132200000,0.2392,0.2402,0.239,0.2397,100943.1,1684133099999,24189.10946,123,53934.3,12926.90397,0
1684133100000,0.2398,0.2402,0.2393,0.2399,163985.2,1684133999999,39304.52089,162,92715.0,22218.96205,0
1684134000000,0.2402,0.2403,0.2398,0.24,127253.7,1684134899999,30537.37868,110,68001.1,16319.72318,0
1684134900000,0.24,0.2402,0.2395,0.2399,93187.3,1684135799999,22349.86785,88,43871.4,10521.95416,0
1684135800000,0.2399,0.2404,0.2399,0.2399,164686.6,1684136699999,39550.37051,139,89287.1,21443.48521,0
1684136700000,0.24,0.2412,0.2398,0.2412,109543.8,1684137599999,26321.18153,108,64672.2,15544.98737,0
1684137600000,0.2412,0.2412,0.2402,0.2402,75401.4,1684138499999,18149.04649,84,42448.3,10216.59638,0
1684138500000,0.2402,0.2412,0.2399,0.2409,61534.9,1684139399999,14808.78712,74,28731.9,6918.58187,0
1684139400000,0.2408,0.2421,0.2408,0.2418,120603.2,1684140299999,29131.48476,138,89251.0,21553.86263,0
1684140300000,0.2419,0.2426,0.2416,0.2426,147181.6,1684141199999,35633.76523,166,78315.3,18962.45734,0
1684141200000,0.2426,0.2429,0.2412,0.2418,85413.2,1684142099999,20685.81898,94,45092.2,10920.18027,0
1684142100000,0.2416,0.2416,0.2408,0.2412,33578.1,1684142999999,8096.47965,74,21233.3,5120.98044,0
1684143000000,0.2409,0.2418,0.2409,0.2413,55331.9,1684143899999,13346.23996,67,34206.5,8247.85195,0
1684143900000,0.2412,0.2416,0.2407,0.2414,50127.8,1684144799999,12095.99556,86,30095.5,7262.19785,0
1684144800000,0.2417,0.2419,0.2414,0.2417,36879.3,1684145699999,8913.99505,50,10728.7,2593.82319,0
1684145700000,0.2418,0.2418,0.2408,0.2413,49791.1,1684146599999,12012.22136,80,23680.8,5712.51779,0
1684146600000,0.2413,0.2413,0.2407,0.241,51535.3,1684147499999,12421.00582,61,38335.4,9239.83899,0
1684147500000,0.241,0.241,0.2407,0.241,10062.3,1684148399999,2424.20718,13,7080.6,1705.84922,0
1684148400000,0.241,0.2414,0.2401,0.241,70588.8,1684149299999,16993.92597,71,31116.8,7490.46351,0
1684149300000,0.2408,0.2408,0.2404,0.2404,87002.4,1684150199999,20921.76537,72,41422.1,9960.73248,0
1684150200000,0.2404,0.2408,0.2398,0.2398,147449.3,1684151099999,35436.62404,138,84480.8,20302.25153,0
1684151100000,0.2398,0.2404,0.2394,0.2396,147341.5,1684151999999,35349.51019,151,71996.4,17268.67135,0
1684152000000,0.2396,0.2414,0.2391,0.2413,196131.7,1684152899999,47078.8523,244,143420.7,34441.63839,0
1684152900000,0.2411,0.2412,0.2402,0.2402,88294.5,1684153799999,21263.71895,86,37230.2,8967.34573,0
1684153800000,0.2402,0.2413,0.2398,0.2413,117651.4,1684154699999,28295.88564,133,77821.2,18719.55705,0
1684154700000,0.2414,0.2416,0.241,0.2416,46618.8,1684155599999,11253.00713,72,34184.5,8251.20297,0
1684155600000,0.2416,0.2416,0.2408,0.241,32421.1,1684156499999,7816.65609,41,18918.9,4561.0759,0
1684156500000,0.241,0.2412,0.2407,0.2408,68894.6,1684157399999,16600.69685,62,30450.8,7337.47136,0
1684157400000,0.2408,0.2418,0.2408,0.2416,23848.7,1684158299999,5755.83606,23,9068.4,2187.88118,0
1684158300000,0.2416,0.2416,0.2407,0.2411,65902.3,1684159199999,15888.81061,71,54618.5,13166.368,0
1684159200000,0.2412,0.2412,0.2395,0.2398,151487.0,1684160099999,36373.93125,176,61186.0,14696.35368,0
1684160100000,0.2398,0.2407,0.2391,0.2407,221175.8,1684160999999,53046.06332,236,86601.0,20762.56127,0
1684161000000,0.2406,0.2412,0.2402,0.2411,78022.6,1684161899999,18781.33792,88,40011.9,9631.452,0
1684161900000,0.2412,0.2429,0.241,0.242,91362.1,1684162799999,22129.3516,103,56404.5,13668.72784,0
1684162800000,0.2419,0.2425,0.2418,0.2424,52810.0,1684163699999,12785.84642,61,31325.0,7579.69576,0
1684163700000,0.2427,0.2434,0.2422,0.2433,108189.5,1684164599999,26297.37602,101,71012.8,17263.05805,0
1684164600000,0.2433,0.2446,0.2429,0.2444,109158.2,1684165499999,26572.57756,118,67335.0,16392.44563,0
1684165500000,0.2443,0.2446,0.2437,0.244,80981.0,1684166399999,19756.51939,85,45560.9,11112.00373,0
1684166400000,0.2436,0.2443,0.2431,0.2441,114614.6,1684167299999,27925.49294,131,56325.4,13727.83391,0
1684167300000,0.2443,0.2446,0.2437,0.2437,97429.5,1684168199999,23782.38133,106,46951.5,11463.3152,0
1684168200000,0.2436,0.2439,0.2414,0.2416,340790.5,1684169099999,82655.5886,429,163460.3,39638.98744,0
1684169100000,0.2417,0.2427,0.2413,0.2414,83824.7,1684169999999,20272.9248,114,27765.6,6717.95125,0
1684170000000,0.2418,0.2428,0.2417,0.2423,123155.0,1684170899999,29853.9238,142,40162.8,9737.52297,0
1684170900000,0.2422,0.2428,0.2416,0.2416,75806.9,1684171799999,18372.27747,129,34482.8,8357.43783,0
1684171800000,0.2417,0.242,0.2411,0.2411,42128.6,1684172699999,10169.55584,66,21575.5,5208.25512,0
1684172700000,0.241,0.2419,0.2409,0.2418,26218.5,1684173599999,6328.01347,34,11154.1,2689.89981,0
1684173600000,0.2418,0.2424,0.2417,0.2424,60728.6,1684174499999,14689.59948,63,44952.6,10871.91229,0
1684174500000,0.2425,0.2425,0.2417,0.2417,48989.5,1684175399999,11852.83181,56,21023.7,5084.40816,0
1684175400000,0.2415,0.242,0.2415,0.2419,24683.0,1684176299999,5969.35902,25,15767.3,3813.54276,0
1684176300000,0.2419,0.2422,0.2416,0.2416,11656.2,1684177199999,2818.08869,17,6380.8,1542.82839,0
1684177200000,0.2417,0.242,0.2416,0.242,27651.3,1684178099999,6684.66703,37,18258.4,4414.92036,0
1684178100000,0.242,0.2422,0.241,0.2417,74061.8,1684178999999,17901.59448,91,32712.3,7905.79502,0
1684179000000,0.2422,0.2426,0.2422,0.2426,36909.5,1684179899999,8946.4136,50,26548.9,6434.90861,0
1684179900000,0.2424,0.2447,0.2423,0.2434,404134.9,1684180799999,98464.98947,512,301583.3,73463.45571,0
1684180800000,0.2436,0.2436,0.242,0.2423,128149.3,1684181699999,31091.27366,170,52057.2,12626.99703,0
1684181700000,0.2425,0.2425,0.2417,0.2421,47495.2,1684182599999,11496.06162,71,33435.2,8091.3921,0
1684182600000,0.2425,0.2425,0.2419,0.242,14981.6,1684183499999,3627.80454,26,4949.3,1199.51957,0
1684183500000,0.2422,0.2422,0.2416,0.2417,89506.9,1684184399999,21638.35949,87,11765.0,2844.84843,0
1684184400000,0.2418,0.2424,0.2416,0.2424,83386.7,1684185299999,20180.62857,88,36679.6,8877.3859,0
1684185300000,0.2423,0.2424,0.2419,0.2424,62049.0,1684186199999,15022.91562,84,36995.1,8956.82052,0
1684186200000,0.2425,0.2431,0.2422,0.2424,78054.3,1684187099999,18935.58932,105,37137.8,9011.10087,0
1684187100000,0.2426,0.2431,0.2425,0.243,71610.4,1684187999999,17381.94787,118,49161.3,11933.03703,0
1684188000000,0.2428,0.2435,0.2428,0.2435,47938.8,1684188899999,11656.04748,71,24514.1,5961.02216,0
1684188900000,0.2435,0.2438,0.2433,0.2437,61703.9,1684189799999,15025.838,57,31418.1,7652.23143,0
1684189800000,0.2437,0.2438,0.2421,0.2425,69541.1,1684190699999,16901.25755,71,25054.8,6090.38734,0
1684190700000,0.2425,0.2431,0.2421,0.2427,98797.1,1684191599999,23970.48885,123,49207.1,11936.88137,0
1684191600000,0.2428,0.2434,0.2427,0.2432,180739.3,1684192499999,43938.25711,182,107866.9,26223.19047,0
1684192500000,0.2432,0.2437,0.2425,0.243,139605.9,1684193399999,33949.15331,115,85450.8,20777.67101,0
1684193400000,0.243,0.243,0.2416,0.2416,131702.7,1684194299999,31915.09851,121,52036.3,12611.09978,0
1684194300000,0.2415,0.2421,0.2404,0.2416,383413.9,1684195199999,92613.98269,276,215775.8,52113.90936,0
1684195200000,0.2417,0.2431,0.2414,0.2423,138810.9,1684196099999,33598.14467,214,64150.8,15535.66501,0
1684196100000,0.2421,0.2436,0.2421,0.2435,92978.6,1684196999999,22588.88754,242,58299.2,14163.23197,0
1684197000000,0.2435,0.2435,0.2412,0.2416,89161.7,1684197899999,21598.54702,112,37523.1,9078.72476,0
1684197900000,0.2416,0.2426,0.2398,0.2414,344767.7,1684198799999,83182.68117,520,192328.6,46381.3346,0
1684198800000,0.2413,0.2422,0.2408,0.2415,92799.6,1684199699999,22407.0408,116,48616.9,11741.31246,0
1684199700000,0.2415,0.2415,0.2381,0.2382,783075.4,1684200599999,187475.4808,821,396931.1,95027.75496,0
1684200600000,0.2381,0.2383,0.2368,0.2378,171798.6,1684201499999,40814.49501,216,88846.5,21116.19137,0
1684201500000,0.2378,0.2386,0.2372,0.2385,77502.2,1684202399999,18462.88014,109,36575.4,8722.02703,0
1684202400000,0.2384,0.2393,0.2383,0.2387,113203.7,1684203299999,27022.95766,162,33763.9,8059.84954,0
1684203300000,0.2387,0.2387,0.238,0.2381,40601.5,1684204199999,9671.19112,51,16857.5,4015.36503,0
1684204200000,0.238,0.2384,0.2375,0.2375,47075.6,1684205099999,11200.99479,60,10003.6,2381.65567,0
1684205100000,0.2376,0.2385,0.2376,0.2384,31403.0,1684205999999,7479.35543,60,23251.5,5536.81239,0
1684206000000,0.2386,0.239,0.2386,0.2389,26387.7,1684206899999,6300.04566,33,11052.1,2639.41696,0
1684206900000,0.239,0.2392,0.2386,0.2389,38676.6,1684207799999,9239.71751,69,24692.2,5899.4069,0
1684207800000,0.2387,0.2395,0.2385,0.2394,34071.9,1684208699999,8141.41404,74,25392.1,6067.24377,0
1684208700000,0.2393,0.2398,0.2393,0.2397,29896.2,1684209599999,7161.05626,57,21988.2,5265.98442,0
1684209600000,0.2398,0.2399,0.2393,0.2396,19809.6,1684210499999,4747.64935,38,10296.4,2469.12417,0
1684210500000,0.2395,0.2403,0.2393,0.2402,42696.9,1684211399999,10239.52734,100,34045.0,8167.06037,0
1684211400000,0.2402,0.2402,0.2398,0.2402,32384.6,1684212299999,7773.70431,65,16640.3,3994.97893,0
1684212300000,0.2403,0.2406,0.2402,0.2406,22010.8,1684213199999,5291.37367,43,18321.6,4404.85634,0
1684213200000,0.2406,0.2418,0.2406,0.2416,76858.1,1684214099999,18537.8875,150,36397.2,8777.42807,0
1684214100000,0.2416,0.2423,0.2416,0.2421,68090.2,1684214999999,16470.93238,101,53043.4,12828.56501,0
1684215000000,0.242,0.242,0.2412,0.2415,35682.4,1684215899999,8619.42057,52,11140.8,2690.1306,0
1684215900000,0.2415,0.2418,0.241,0.2418,73309.3,1684216799999,17695.69936,109,42684.5,10302.9303,0
1684216800000,0.2418,0.2418,0.2404,0.2414,127613.3,1684217699999,30756.9302,272,75038.6,18088.3725,0
1684217700000,0.2413,0.2436,0.2412,0.2435,185757.8,1684218599999,45003.30764,304,103091.3,24955.8462,0
1684218600000,0.2434,0.2434,0.2413,0.2418,115130.7,1684219499999,27892.80774,157,50327.7,12190.52779,0
1684219500000,0.2418,0.2421,0.2413,0.2419,77524.0,1684220399999,18723.40212,102,35087.4,8476.45927,0
1684220400000,0.2418,0.2434,0.2418,0.2434,107636.3,1684221299999,26143.99961,224,86758.6,21078.1087,0
1684221300000,0.2434,0.2449,0.2431,0.2445,189095.0,1684222199999,46151.91297,259,101831.3,24870.71337,0
1684222200000,0.2445,0.2459,0.2444,0.2459,199819.8,1684223099999,48988.09357,289,128841.1,31581.09403,0
1684223100000,0.2459,0.2462,0.2452,0.2459,192938.1,1684223999999,47387.42415,190,142140.6,34904.84009,0
1684224000000,0.2459,0.2459,0.2445,0.2451,174566.3,1684224899999,42789.56563,209,68036.1,16673.9995,0
1684224900000,0.2452,0.2456,0.2446,0.2446,105857.0,1684225799999,25948.3869,129,34749.4,8519.20159,0
1684225800000,0.2445,0.2448,0.2442,0.2444,145551.6,1684226699999,35577.4788,371,80984.8,19797.05132,0
1684226700000,0.2445,0.2457,0.2444,0.2457,82027.8,1684227599999,20099.94408,118,48509.0,11893.10611,0
1684227600000,0.2457,0.2481,0.2455,0.2481,222700.5,1684228499999,54944.60032,338,144898.8,35751.32626,0
1684228500000,0.248,0.2502,0.2472,0.2478,516933.5,1684229399999,128710.2928,762,283433.8,70602.66075,0
1684229400000,0.2478,0.2478,0.2466,0.2477,208328.2,1684230299999,51509.76897,217,86111.1,21298.99376,0
1684230300000,0.2473,0.2485,0.247,0.2485,103277.1,1684231199999,25565.84305,117,56960.9,14105.17125,0
1684231200000,0.2482,0.2482,0.2461,0.2468,216042.5,1684232099999,53352.37244,220,117144.4,28911.34531,0
1684232100000,0.2469,0.2469,0.2453,0.2456,125127.6,1684232999999,30762.18429,126,34547.0,8494.18451,0
1684233000000,0.2461,0.2463,0.2447,0.2447,86635.4,1684233899999,21255.33102,96,23740.3,5830.34757,0
1684233900000,0.2449,0.245,0.2442,0.2446,138527.6,1684234799999,33892.68097,134,54534.6,13341.37681,0
1684234800000,0.2449,0.245,0.2443,0.2443,58406.2,1684235699999,14284.90228,62,35151.3,8596.83089,0
1684235700000,0.2441,0.2455,0.2436,0.2454,183261.2,1684236599999,44819.18749,155,46956.3,11488.55899,0
1684236600000,0.2454,0.2455,0.2441,0.2441,149401.1,1684237499999,36548.55423,163,39536.6,9684.59175,0
1684237500000,0.2442,0.2443,0.2433,0.2436,92432.8,1684238399999,22532.62384,102,50242.0,12245.3876,0
1684238400000,0.2438,0.2441,0.243,0.2437,45404.2,1684239299999,11063.42841,57,22499.9,5485.46738,0
1684239300000,0.2437,0.2444,0.2426,0.2429,62346.7,1684240199999,15191.19293,83,19829.0,4834.36498,0
1684240200000,0.243,0.2446,0.2415,0.2442,546109.0,1684241099999,132857.54673,577,322031.5,78289.04013,0
1684241100000,0.2445,0.2448,0.2439,0.2441,61289.3,1684241999999,14979.73304,80,31058.9,7591.46252,0
1684242000000,0.2441,0.2448,0.2439,0.2446,89075.2,1684242899999,21763.18768,97,47546.5,11619.05383,0
1684242900000,0.2448,0.2449,0.2443,0.2449,72692.6,1684243799999,17786.18406,68,31159.5,7623.20535,0
1684243800000,0.2448,0.2449,0.2431,0.244,207630.1,1684244699999,50691.87712,174,123840.0,30235.13202,0
1684244700000,0.2445,0.2447,0.2434,0.2434,129700.6,1684245599999,31629.61523,131,51739.2,12618.45853,0
1684245600000,0.2434,0.2444,0.2426,0.2438,568060.9,1684246499999,138306.44032,580,256276.4,62393.18471,0
1684246500000,0.2436,0.2445,0.2435,0.2445,48998.4,1684247399999,11959.0546,53,22073.6,5386.29685,0
1684247400000,0.2446,0.2454,0.2434,0.2439,129213.9,1684248299999,31542.8042,159,56850.5,13883.52952,0
1684248300000,0.2438,0.2449,0.2438,0.2449,151077.6,1684249199999,36942.20399,186,70608.4,17270.18546,0
1684249200000,0.2448,0.2454,0.2438,0.2438,138184.5,1684250099999,33827.30108,154,70945.0,17369.52107,0
1684250100000,0.244,0.2449,0.2437,0.2446,96536.9,1684250999999,23595.82191,101,41147.6,10060.13079,0
1684251000000,0.2446,0.2446,0.2436,0.2436,119991.8,1684251899999,29273.67165,151,55253.7,13479.75534,0
1684251900000,0.2437,0.2444,0.2435,0.2437,112104.8,1684252799999,27331.07883,81,21710.7,5292.94047,0
1684252800000,0.2437,0.2443,0.2437,0.2438,38012.2,1684253699999,9270.83998,46,26960.6,6575.678,0
1684253700000,0.2436,0.2436,0.2421,0.2422,74497.6,1684254599999,18083.87644,106,26199.8,6362.45809,0
1684254600000,0.2425,0.2427,0.2412,0.2424,410620.3,1684255499999,99368.6992,284,93304.7,22602.85033,0
1684255500000,0.2425,0.2433,0.2417,0.2429,218860.5,1684256399999,53069.35063,223,100086.2,24276.06501,0
1684256400000,0.2428,0.2432,0.2414,0.2418,105024.8,1684257299999,25411.73408,98,62701.8,15165.42196,0
1684257300000,0.2417,0.2421,0.2409,0.2414,372335.8,1684258199999,89937.60019,234,74917.7,18089.66219,0
1684258200000,0.2416,0.2431,0.2412,0.243,85144.5,1684259099999,20613.90241,108,35357.4,8559.34142,0
1684259100000,0.2431,0.2438,0.2429,0.2438,97851.9,1684259999999,23820.11852,130,51083.3,12437.40478,0
1684260000000,0.2437,0.2441,0.2423,0.2423,104251.0,1684260899999,25321.60344,126,58137.8,14115.09951,0
1684260900000,0.2422,0.2432,0.2421,0.2428,142357.4,1684261799999,34544.93941,174,68022.6,16514.48327,0
1684261800000,0.2429,0.2432,0.2428,0.2428,29314.4,1684262699999,7124.35034,33,17846.3,4336.51348,0
1684262700000,0.2428,0.2447,0.2428,0.2447,55660.8,1684263599999,13578.72711,97,30356.5,7406.02994,0
1684263600000,0.2446,0.2446,0.2432,0.2441,129413.1,1684264499999,31560.7256,144,62690.5,15280.4281,0
1684264500000,0.244,0.2443,0.2431,0.2431,101551.4,1684265399999,24748.31131,125,39478.4,9620.30474,0
1684265400000,0.2431,0.2432,0.2424,0.2428,134209.5,1684266299999,32586.37312,173,71834.5,17442.24056,0
1684266300000,0.2426,0.2427,0.2411,0.2419,213391.9,1684267199999,51601.30527,240,82871.5,20050.99707,0
1684267200000,0.2416,0.2424,0.2412,0.2424,91841.7,1684268099999,22187.75487,108,41218.9,9957.62816,0
1684268100000,0.2425,0.2427,0.2424,0.2427,66256.7,1684268999999,16073.39117,91,27323.2,6628.01876,0
1684269000000,0.2428,0.2438,0.2428,0.2436,97037.3,1684269899999,23609.57116,150,53464.5,13002.88907,0
1684269900000,0.2435,0.2442,0.2431,0.2437,119695.5,1684270799999,29154.50396,107,76853.5,18716.32161,0
1684270800000,0.2434,0.2441,0.2432,0.2439,130797.6,1684271699999,31847.5523,116,61210.4,14900.36323,0
1684271700000,0.2438,0.2441,0.2438,0.244,21302.6,1684272599999,5195.77679,49,16196.3,3950.67791,0
1684272600000,0.244,0.2454,0.2437,0.2454,452882.7,1684273499999,110678.18218,253,375205.8,91658.6159,0
1684273500000,0.2454,0.2464,0.2453,0.2461,91648.9,1684274399999,22543.55985,140,39307.4,9669.69434,0
1684274400000,0.2465,0.2474,0.2464,0.2473,114537.7,1684275299999,28249.86758,109,67646.1,16687.34528,0
1684275300000,0.2473,0.2474,0.2466,0.2471,89747.8,1684276199999,22165.63567,124,44218.1,10916.19403,0
1684276200000,0.2472,0.2472,0.2466,0.2469,55842.6,1684277099999,13789.12749,61,32370.2,7992.93558,0
1684277100000,0.2467,0.2476,0.2466,0.2475,83243.0,1684277999999,20587.6587,83,55489.0,13723.90652,0
1684278000000,0.2475,0.2475,0.2459,0.2466,87941.2,1684278899999,21694.21924,150,26815.8,6615.42352,0
1684278900000,0.2467,0.2474,0.2467,0.2468,46509.4,1684279799999,11492.18478,70,27303.2,6747.35488,0
1684279800000,0.2468,0.2472,0.2462,0.2462,86856.9,1684280699999,21437.52886,79,28381.0,7007.41725,0
1684280700000,0.2463,0.2466,0.2462,0.2465,44347.3,1684281599999,10926.20065,41,24935.8,6143.25174,0
1684281600000,0.2468,0.2471,0.2465,0.2468,105929.7,1684282499999,26145.38624,118,63063.5,15566.47451,0
1684282500000,0.2468,0.2468,0.2456,0.2461,84471.2,1684283399999,20787.22506,128,26316.5,6475.9664,0
1684283400000,0.2458,0.2474,0.245,0.2464,183888.4,1684284299999,45318.69998,200,72013.8,17748.37831,0
1684284300000,0.2464,0.2482,0.246,0.2482,164402.0,1684285199999,40632.62481,154,67392.8,16665.65168,0
1684285200000,0.2481,0.2488,0.2474,0.248,220545.6,1684286099999,54707.79491,199,123420.9,30612.5252,0
1684286100000,0.2478,0.2482,0.2473,0.248,125606.7,1684286999999,31099.52635,148,62430.0,15461.62272,0
1684287000000,0.248,0.2495,0.248,0.2492,186809.1,1684287899999,46510.06253,233,112543.8,28030.45001,0
1684287900000,0.2492,0.25,0.2491,0.2497,100338.2,1684288799999,25045.7215,95,68036.7,16988.84421,0
1684288800000,0.25,0.2503,0.2497,0.2501,83271.2,1684289699999,20817.40444,76,56644.1,14162.65395,0
1684289700000,0.25,0.25,0.249,0.2493,112664.2,1684290599999,28102.1026,124,19555.5,4875.49265,0
1684290600000,0.2493,0.2496,0.2484,0.2493,194992.6,1684291499999,48579.86143,179,83037.9,20697.36912,0
1684291500000,0.2491,0.2493,0.2481,0.2484,65135.4,1684292399999,16196.29535,89,19048.2,4736.07994,0
1684292400000,0.2484,0.2485,0.2479,0.2485,43804.0,1684293299999,10876.54985,46,16118.1,4002.1139,0
1684293300000,0.2484,0.2492,0.2484,0.2488,131506.3,1684294199999,32716.33634,115,103012.2,25626.01866,0
1684294200000,0.2489,0.2489,0.2483,0.2486,55581.5,1684295099999,13811.26556,43,25049.2,6224.3852,0
1684295100000,0.2487,0.2505,0.2487,0.2494,377991.3,1684295999999,94326.4538,277,281644.2,70283.584,0
1684296000000,0.2494,0.2499,0.2492,0.2497,42477.3,1684296899999,10598.43864,54,16390.0,4087.53734,0
1684296900000,0.2498,0.2501,0.2496,0.2501,27771.7,1684297799999,6937.53921,31,14339.5,3582.54669,0
1684297800000,0.2502,0.2505,0.2496,0.2498,42394.6,1684298699999,10596.07795,51,18571.3,4639.76345,0
1684298700000,0.2499,0.2499,0.2494,0.2494,39913.2,1684299599999,9965.51405,49,26701.0,6667.49792,0
1684299600000,0.2495,0.2495,0.2484,0.2486,40474.0,1684300499999,10075.21981,50,7257.4,1808.21158,0
1684300500000,0.2486,0.249,0.248,0.2486,252529.2,1684301399999,62776.77043,209,108407.5,26949.36173,0
1684301400000,0.2486,0.2486,0.2474,0.2481,102793.5,1684302299999,25490.99231,92,24460.1,6066.3709,0
1684302300000,0.248,0.248,0.2468,0.2468,35522.4,1684303199999,8785.54775,41,16055.2,3972.72718,0
1684303200000,0.2469,0.2469,0.2459,0.2463,132007.5,1684304099999,32516.67838,117,43742.7,10770.51703,0
1684304100000,0.2462,0.2474,0.2462,0.2474,92721.7,1684304999999,22906.11783,89,54545.8,13473.96992,0
1684305000000,0.2474,0.2476,0.2472,0.2472,24141.1,1684305899999,5970.76088,35,5524.1,1366.07428,0
1684305900000,0.2475,0.2475,0.2465,0.2465,51306.2,1684306799999,12674.08968,39,12729.8,3142.00695,0
1684306800000,0.2467,0.2482,0.2467,0.2481,55603.9,1684307699999,13750.70998,100,33752.2,8346.1868,0
1684307700000,0.2482,0.2482,0.2466,0.2476,72826.8,1684308599999,17998.99752,83,30381.8,7506.72694,0
1684308600000,0.2477,0.2477,0.2464,0.247,329903.2,1684309499999,81469.95993,257,203428.5,50249.25355,0
1684309500000,0.2471,0.2474,0.2456,0.2456,691510.9,1684310399999,170414.5065,746,485462.8,119651.57575,0
1684310400000,0.2456,0.2456,0.2437,0.2452,251449.1,1684311299999,61416.1201,260,134025.2,32720.10862,0
1684311300000,0.2454,0.2455,0.2445,0.2451,86931.6,1684312199999,21287.61176,102,32115.2,7863.04036,0
1684312200000,0.2451,0.2463,0.245,0.2462,77597.0,1684313099999,19063.94285,107,35596.2,8745.12407,0
1684313100000,0.2464,0.2467,0.2458,0.2458,69697.7,1684313999999,17152.70049,84,21008.2,5175.14429,0
1684314000000,0.2458,0.2481,0.2457,0.248,196486.5,1684314899999,48542.83758,211,93621.7,23136.73722,0
1684314900000,0.248,0.25,0.248,0.2497,307869.3,1684315799999,76795.69039,328,107180.5,26733.96249,0
1684315800000,0.2497,0.2501,0.2489,0.249,95605.8,1684316699999,23856.14747,105,38936.3,9716.68548,0
1684316700000,0.249,0.2495,0.2487,0.2491,87187.5,1684317599999,21712.172,107,36692.5,9137.58488,0
1684317600000,0.2491,0.2491,0.2476,0.2479,118096.3,1684318499999,29327.146,130,41376.7,10278.76729,0
1684318500000,0.2479,0.2492,0.2479,0.2488,76672.4,1684319399999,19054.33201,88,58626.1,14570.1206,0
1684319400000,0.2487,0.249,0.2481,0.2482,76188.3,1684320299999,18934.33635,69,28962.5,7198.93367,0
1684320300000,0.2481,0.2496,0.2479,0.2496,111752.3,1684321199999,27796.32904,128,56306.0,14011.78503,0
1684321200000,0.2497,0.25,0.249,0.2498,269211.5,1684322099999,67179.61963,204,108509.9,27083.77634,0
1684322100000,0.2494,0.2494,0.2479,0.2485,263371.8,1684322999999,65462.27634,360,120143.0,29856.74952,0
1684323000000,0.2484,0.249,0.2471,0.2473,213326.0,1684323899999,52899.90688,306,118386.5,29353.87423,0
1684323900000,0.2482,0.2484,0.2473,0.248,107996.5,1684324799999,26777.28532,122,46197.5,11457.49935,0
1684324800000,0.248,0.2505,0.2476,0.2503,237100.6,1684325699999,59093.3072,296,142815.3,35602.14079,0
1684325700000,0.2504,0.2514,0.2501,0.2509,318352.1,1684326599999,79814.72966,368,196208.0,49201.27208,0
1684326600000,0.2507,0.2517,0.2503,0.2506,353893.6,1684327499999,88863.13883,497,200821.1,50433.71939,0
1684327500000,0.2504,0.251,0.249,0.2492,159250.6,1684328399999,39806.7897,242,49472.8,12364.80039,0
1684328400000,0.2491,0.2505,0.2491,0.2502,160217.2,1684329299999,40041.46556,184,68963.6,17237.91955,0
1684329300000,0.2501,0.2515,0.2499,0.2514,184509.6,1684330199999,46287.55279,163,119303.5,29945.52537,0
1684330200000,0.2513,0.2543,0.2511,0.2522,1083095.1,1684331099999,274121.66515,1210,635445.6,160756.96949,0
1684331100000,0.2521,0.2522,0.2483,0.2483,436922.6,1684331999999,109156.01371,598,159035.3,39711.23282,0
1684332000000,0.2483,0.2492,0.2476,0.2491,342728.7,1684332899999,85141.30029,434,164418.9,40853.30171,0
1684332900000,0.2491,0.25,0.2475,0.2476,170848.2,1684333799999,42539.29872,215,43488.0,10844.65687,0
1684333800000,0.2476,0.2481,0.2448,0.2474,660911.7,1684334699999,163082.71121,712,324805.4,80177.79819,0
1684334700000,0.2474,0.2479,0.2456,0.2458,155451.2,1684335599999,38356.40178,191,77345.4,19076.23369,0
1684335600000,0.246,0.249,0.246,0.249,183651.0,1684336499999,45482.91766,231,105042.7,26035.62135,0
1684336500000,0.249,0.2495,0.2471,0.2486,168496.2,1684337399999,41877.01171,213,73257.6,18201.47983,0
1684337400000,0.2486,0.2486,0.2458,0.2458,132024.7,1684338299999,32655.73832,141,48043.3,11881.44769,0
1684338300000,0.2458,0.2472,0.2455,0.2472,113123.2,1684339199999,27857.59895,139,47788.9,11768.01364,0
1684339200000,0.2471,0.2479,0.2459,0.2467,216718.5,1684340099999,53553.07869,233,129809.1,32079.10473,0
1684340100000,0.2467,0.2478,0.2465,0.2472,153697.9,1684340999999,38000.95572,192,66954.6,16559.41456,0
1684341000000,0.2471,0.2489,0.2471,0.2488,197139.4,1684341899999,48909.40028,259,117589.8,29172.36182,0
1684341900000,0.2488,0.2491,0.2484,0.2487,332003.5,1684342799999,82567.61702,264,177775.3,44218.68119,0
1684342800000,0.2488,0.2499,0.2488,0.2496,149200.9,1684343699999,37192.59274,182,76569.4,19087.69774,0
1684343700000,0.2497,0.2497,0.2489,0.2495,86849.0,1684344599999,21660.47844,100,39398.7,9824.42618,0
1684344600000,0.2495,0.25,0.2492,0.2499,99631.2,1684345499999,24863.30855,100,48379.1,12071.59776,0
1684345500000,0.2499,0.2515,0.2498,0.2511,274725.7,1684346399999,68843.64797,364,150117.8,37627.01733,0
1684346400000,0.2511,0.2536,0.2511,0.2526,239806.3,1684347299999,60566.97089,381,99345.7,25082.26815,0
1684347300000,0.2529,0.2539,0.2524,0.2538,267992.5,1684348199999,67849.60844,333,112337.0,28438.9689,0
1684348200000,0.2538,0.2548,0.2536,0.2537,358351.1,1684349099999,91105.47694,428,163353.7,41529.57923,0
1684349100000,0.2537,0.2545,0.253,0.2537,234267.2,1684349999999,59478.6444,269,114950.7,29178.05961,0
1684350000000,0.2534,0.2569,0.2534,0.2564,624779.7,1684350899999,159663.30338,779,275112.7,70291.76716,0
1684350900000,0.2566,0.2576,0.2557,0.2558,369866.9,1684351799999,94869.9731,496,145526.7,37335.03997,0
1684351800000,0.2559,0.2566,0.2555,0.2559,282069.9,1684352699999,72197.93009,354,83182.9,21289.16219,0
1684352700000,0.256,0.2588,0.256,0.2586,337796.6,1684353599999,87093.42198,529,164279.4,42356.74822,0
1684353600000,0.2586,0.2586,0.2565,0.2565,217961.9,1684354499999,56138.05699,237,82625.2,21287.45461,0
1684354500000,0.2569,0.2572,0.2553,0.2559,409764.7,1684355399999,105031.68605,503,118505.7,30367.48293,0
1684355400000,0.2561,0.2587,0.256,0.2585,246650.3,1684356299999,63501.27106,310,101078.7,26045.30037,0
1684356300000,0.2583,0.2592,0.2581,0.2584,280373.3,1684357199999,72539.65556,325,132177.7,34202.23442,0
1684357200000,0.2584,0.2585,0.2567,0.258,228504.9,1684358099999,58908.82164,252,110873.6,28585.51128,0
1684358100000,0.2579,0.2586,0.2572,0.2572,186238.2,1684358999999,47978.60335,142,70085.4,18058.8136,0
1684359000000,0.2572,0.2593,0.2572,0.2591,217348.9,1684359899999,56150.20111,215,118322.4,30568.96773,0
1684359900000,0.2588,0.2592,0.2581,0.2588,52324.3,1684360799999,13523.95951,61,27976.9,7230.97122,0
1684360800000,0.2589,0.2594,0.2577,0.2579,134590.0,1684361699999,34801.15759,192,57600.6,14903.46002,0
1684361700000,0.2581,0.2582,0.2571,0.2571,68382.0,1684362599999,17618.15208,69,20826.2,5365.87845,0
1684362600000,0.2572,0.2577,0.2569,0.2572,117626.2,1684363499999,30254.85716,100,58910.0,15148.66895,0
1684363500000,0.2571,0.2574,0.2567,0.2567,46142.7,1684364399999,11867.12813,50,20983.9,5397.08045,0
1684364400000,0.2569,0.2573,0.2565,0.2565,64964.5,1684365299999,16695.34138,63,17655.4,4537.48885,0
1684365300000,0.2565,0.2567,0.2561,0.2565,89702.4,1684366199999,22992.11417,76,40789.0,10457.93114,0
1684366200000,0.2562,0.2564,0.2554,0.2555,296319.2,1684367099999,75751.42555,149,181940.2,46505.48321,0
1684367100000,0.2561,0.2562,0.2556,0.256,39433.9,1684367999999,10086.71779,41,17472.7,4467.93746,0
1684368000000,0.2561,0.2563,0.2547,0.2549,122367.5,1684368899999,31257.92533,153,42571.3,10871.09957,0
1684368900000,0.2551,0.2558,0.2542,0.2554,82367.5,1684369799999,20996.30798,105,41264.0,10513.78233,0
1684369800000,0.2553,0.2553,0.2541,0.2541,108552.6,1684370699999,27647.02348,109,36728.6,9348.81328,0
1684370700000,0.2542,0.2543,0.2535,0.2539,86368.8,1684371599999,21930.74174,89,42946.4,10904.55711,0
1684371600000,0.2539,0.2547,0.2538,0.2544,93800.4,1684372499999,23846.79267,81,32565.8,8277.53131,0
1684372500000,0.2544,0.2544,0.2532,0.2532,74788.8,1684373399999,18972.65134,68,17434.4,4419.91784,0
1684373400000,0.2533,0.2537,0.2529,0.2532,195693.6,1684374299999,49550.47885,176,126649.6,32073.37521,0
1684374300000,0.2531,0.2536,0.252,0.2524,124466.2,1684375199999,31432.02412,158,51318.2,12963.76994,0
1684375200000,0.2525,0.2529,0.2516,0.2519,177332.1,1684376099999,44742.70362,143,76705.2,19349.37517,0
1684376100000,0.2518,0.2525,0.2518,0.2525,42223.3,1684376999999,10644.64723,37,25442.4,6414.17675,0
1684377000000,0.2525,0.2536,0.2523,0.2534,65828.5,1684377899999,16649.2728,66,30434.1,7697.86121,0
1684377900000,0.2535,0.2536,0.2527,0.2531,31522.6,1684378799999,7977.8383,37,17099.6,4329.75392,0
1684378800000,0.2532,0.2535,0.2531,0.2535,47932.6,1684379699999,12140.23449,53,27576.8,6985.19531,0
1684379700000,0.2536,0.2538,0.2532,0.2535,45136.8,1684380599999,11437.87644,42,23949.6,6071.24196,0
1684380600000,0.2535,0.2535,0.2527,0.2529,50092.8,1684381499999,12676.63438,52,10018.0,2533.741,0
1684381500000,0.2529,0.2536,0.2529,0.2535,22663.3,1684382399999,5739.12362,27,14801.3,3748.82635,0
1684382400000,0.2536,0.2537,0.2526,0.2527,39521.1,1684383299999,9996.55612,39,12618.1,3194.09516,0
1684383300000,0.2527,0.2527,0.2521,0.2524,46346.8,1684384199999,11698.34284,55,22275.5,5624.15735,0
1684384200000,0.2524,0.2524,0.252,0.2521,33354.7,1684385099999,8412.08039,44,16897.5,4261.92926,0
1684385100000,0.2521,0.2521,0.2514,0.2515,47554.8,1684385999999,11969.90642,68,10173.3,2561.81462,0
1684386000000,0.2516,0.2516,0.2509,0.2513,92696.3,1684386899999,23288.40761,97,27419.2,6888.69755,0
1684386900000,0.2514,0.2517,0.2508,0.2516,108607.4,1684387799999,27291.6237,121,49685.7,12488.22437,0
1684387800000,0.2515,0.2515,0.2511,0.2515,41605.2,1684388699999,10458.25712,37,16587.3,4169.44435,0
1684388700000,0.2516,0.2517,0.2505,0.2508,186345.8,1684389599999,46761.81219,182,108005.9,27100.44898,0
1684389600000,0.2507,0.2509,0.2493,0.2493,143869.5,1684390499999,35971.35219,181,45723.1,11436.93751,0
1684390500000,0.2494,0.2502,0.249,0.2496,161132.9,1684391399999,40223.86431,178,77295.8,19298.6064,0
1684391400000,0.2494,0.2499,0.2492,0.2498,125338.9,1684392299999,31270.65972,92,37947.8,9472.5627,0
1684392300000,0.2496,0.2496,0.2491,0.2491,65534.1,1684393199999,16339.51882,98,45969.4,11462.06287,0
1684393200000,0.2491,0.2501,0.2491,0.2494,84151.7,1684394099999,21015.70057,104,45705.0,11412.63829,0
1684394100000,0.2494,0.2499,0.249,0.2494,57700.3,1684394999999,14391.28462,83,20784.6,5186.75076,0
1684395000000,0.2494,0.2507,0.2493,0.2504,139657.4,1684395899999,34924.45419,192,68893.6,17225.62758,0
1684395900000,0.2506,0.2507,0.2498,0.2502,100764.3,1684396799999,25211.60456,137,32373.3,8098.04257,0
1684396800000,0.2503,0.2508,0.2499,0.2502,85689.4,1684397699999,21450.92344,62,39119.5,9792.95168,0
1684397700000,0.2499,0.2511,0.2499,0.2508,114988.8,1684398599999,28834.53263,83,61846.7,15507.45832,0
1684398600000,0.2509,0.2511,0.2505,0.2508,48078.3,1684399499999,12062.6403,57,24934.6,6256.4123,0
1684399500000,0.251,0.2517,0.2509,0.2511,77957.9,1684400399999,19587.10778,76,48120.7,12090.95407,0
1684400400000,0.251,0.2519,0.251,0.2515,87961.4,1684401299999,22124.76101,101,43750.5,11005.53636,0
1684401300000,0.2518,0.2526,0.2517,0.2525,48238.3,1684402199999,12167.52747,79,31952.6,8057.78008,0
1684402200000,0.2525,0.2532,0.2521,0.2525,92896.3,1684403099999,23471.04618,124,37864.4,9569.62584,0
1684403100000,0.2525,0.253,0.252,0.2526,193743.5,1684403999999,48915.27134,170,108483.1,27397.64699,0
1684404000000,0.2524,0.2532,0.2524,0.2526,74863.6,1684404899999,18927.32113,80,42438.6,10729.8838,0
1684404900000,0.2527,0.2533,0.2522,0.2523,70662.4,1684405799999,17855.2361,76,33019.7,8342.19182,0
1684405800000,0.2526,0.2534,0.2512,0.2517,336467.5,1684406699999,84951.47365,380,136013.2,34343.45501,0
1684406700000,0.2519,0.2523,0.2513,0.2513,131789.7,1684407599999,33187.44901,170,78512.2,19775.65276,0
1684407600000,0.2513,0.2517,0.251,0.2513,93705.4,1684408499999,23553.06998,76,48338.0,12149.57801,0
1684408500000,0.2514,0.2515,0.2506,0.2507,188675.8,1684409399999,47309.89447,167,95016.5,23822.36759,0
1684409400000,0.2506,0.2508,0.2498,0.2506,107948.0,1684410299999,27020.22336,105,43070.9,10779.31564,0
1684410300000,0.2506,0.2508,0.2501,0.2503,143499.0,1684411199999,35935.53483,151,82944.7,20770.36139,0
1684411200000,0.2503,0.2507,0.2489,0.2499,296000.0,1684412099999,73896.19587,279,145835.1,36399.45306,0
1684412100000,0.2497,0.2499,0.249,0.2491,142805.8,1684412999999,35594.06485,98,40105.3,9999.26982,0
1684413000000,0.249,0.2496,0.2487,0.2492,181720.1,1684413899999,45291.07894,163,92453.1,23038.07664,0
1684413900000,0.2492,0.2495,0.2488,0.2492,159684.4,1684414799999,39787.99645,221,92912.9,23151.2307,0
1684414800000,0.2489,0.2492,0.2484,0.2487,126740.7,1684415699999,31540.77099,114,87545.6,21783.17196,0
1684415700000,0.2486,0.2496,0.2485,0.2491,64497.1,1684416599999,16069.62481,82,31045.5,7734.22733,0
1684416600000,0.2491,0.25,0.2491,0.25,175818.9,1684417499999,43874.75634,187,84259.5,21029.91914,0
1684417500000,0.2499,0.2499,0.249,0.249,146331.8,1684418399999,36479.57938,118,98147.7,24464.75714,0
1684418400000,0.2491,0.25,0.248,0.2493,403492.6,1684419299999,100562.91861,246,250260.9,62359.13284,0
1684419300000,0.2493,0.2499,0.2489,0.2498,129758.7,1684420199999,32386.4953,244,53414.9,13332.68218,0
1684420200000,0.2499,0.2506,0.2481,0.2481,121868.4,1684421099999,30441.54008,114,34070.0,8521.18681,0
1684421100000,0.248,0.2495,0.2474,0.2486,353526.7,1684421999999,87836.0609,324,191052.9,47455.57717,0
1684422000000,0.2486,0.2497,0.2486,0.2486,118589.1,1684422899999,29555.79213,114,60669.6,15118.02823,0
1684422900000,0.2487,0.2489,0.2472,0.2476,143870.6,1684423799999,35680.53087,130,67246.9,16679.42406,0
1684423800000,0.2476,0.2478,0.2467,0.2468,114218.1,1684424699999,28227.26051,144,37217.4,9200.47894,0
1684424700000,0.2467,0.247,0.2455,0.2458,274257.5,1684425599999,67563.84149,258,103631.1,25536.42127,0
1684425600000,0.2461,0.2475,0.246,0.2474,151233.9,1684426499999,37324.1591,125,100766.5,24875.50547,0
1684426500000,0.2473,0.2479,0.247,0.2476,169008.7,1684427399999,41835.50899,139,85244.0,21106.7842,0
1684427400000,0.2475,0.2478,0.2469,0.2474,179139.2,1684428299999,44304.10654,148,91794.2,22695.56714,0
1684428300000,0.2473,0.2474,0.2466,0.2468,105594.6,1684429199999,26088.61344,109,47976.9,11852.27751,0
1684429200000,0.2471,0.2477,0.2471,0.2477,86900.0,1684430099999,21501.41354,59,24666.8,6103.13317,0
1684430100000,0.2478,0.2481,0.2475,0.248,122340.5,1684430999999,30320.3085,138,66238.7,16420.22127,0
1684431000000,0.248,0.2483,0.2455,0.2457,242390.5,1684431899999,59818.76187,335,115221.0,28405.21891,0
1684431900000,0.2458,0.2458,0.2418,0.2431,532028.2,1684432799999,129465.05027,601,289887.5,70543.99561,0
1684432800000,0.2429,0.2445,0.2423,0.2437,211359.0,1684433699999,51483.23213,326,89842.3,21888.64876,0
1684433700000,0.2434,0.2448,0.243,0.2446,83766.3,1684434599999,20447.42656,98,44999.6,10982.21992,0
1684434600000,0.2444,0.2457,0.244,0.2451,173012.0,1684435499999,42361.47765,180,92182.6,22566.43112,0
1684435500000,0.2451,0.2456,0.2445,0.2455,128219.8,1684436399999,31430.24507,97,78531.4,19243.40151,0
1684436400000,0.2456,0.2456,0.2446,0.2452,252319.8,1684437299999,61810.31445,205,126385.6,30937.11923,0
1684437300000,0.2452,0.2453,0.2448,0.2451,93853.6,1684438199999,23001.2508,120,25490.7,6248.92207,0
1684438200000,0.2452,0.2475,0.2452,0.2475,229149.4,1684439099999,56519.67083,222,94618.9,23330.44156,0
1684439100000,0.2475,0.2479,0.2465,0.247,127709.8,1684439999999,31569.07102,148,53591.9,13256.42343,0
1684440000000,0.2465,0.2468,0.2457,0.2457,54291.2,1684440899999,13374.52921,79,12949.7,3191.26176,0
1684440900000,0.2461,0.2469,0.2456,0.2469,175442.4,1684441799999,43234.48341,114,134424.7,33136.40456,0
1684441800000,0.2468,0.2474,0.2466,0.2474,95521.0,1684442699999,23592.19505,90,30834.5,7616.32365,0
1684442700000,0.2473,0.2477,0.2472,0.2477,121124.3,1684443599999,29978.87375,108,35387.8,8759.25567,0
1684443600000,0.2478,0.2486,0.2478,0.2479,163221.5,1684444499999,40511.74341,203,84324.0,20922.19262,0
1684444500000,0.248,0.249,0.2477,0.2487,215956.2,1684445399999,53666.90742,171,110107.9,27360.90929,0
1684445400000,0.2487,0.2505,0.2486,0.2498,260360.6,1684446299999,65038.42659,251,148249.2,37025.34483,0
1684446300000,0.2498,0.2508,0.2498,0.2507,33990.9,1684447199999,8511.37076,49,11374.8,2848.98927,0
1684447200000,0.2508,0.2518,0.2501,0.2518,70902.6,1684448099999,17791.33449,109,34149.1,8568.79419,0
1684448100000,0.2518,0.2518,0.2501,0.2501,104359.5,1684448999999,26176.23951,130,25502.6,6398.9293,0
1684449000000,0.2507,0.2514,0.2507,0.2513,42456.8,1684449899999,10660.50271,52,19650.5,4933.28275,0
1684449900000,0.2513,0.252,0.2513,0.2516,36824.2,1684450799999,9275.46553,43,12740.7,3209.2667,0
1684450800000,0.2516,0.2521,0.2508,0.2508,70831.6,1684451699999,17818.1643,85,35349.8,8892.50144,0
1684451700000,0.2508,0.2511,0.2503,0.2503,57402.6,1684452599999,14392.96442,65,17465.0,4380.08358,0
1684452600000,0.2503,0.2508,0.2499,0.2505,75185.6,1684453499999,18832.10196,67,43536.2,10906.44159,0
1684453500000,0.2503,0.2508,0.2492,0.2492,77665.8,1684454399999,19393.97277,103,31499.3,7864.58332,0
1684454400000,0.2495,0.2503,0.2494,0.2498,64731.4,1684455299999,16175.14249,95,26899.6,6721.975,0
1684455300000,0.2496,0.2499,0.2482,0.2482,41355.3,1684456199999,10302.54653,85,13796.0,3435.20268,0
1684456200000,0.2481,0.2492,0.2474,0.2474,121802.3,1684457099999,30269.2431,191,55883.5,13886.93725,0
1684457100000,0.2473,0.2481,0.2466,0.2478,102986.7,1684457999999,25462.38449,133,46787.9,11569.59378,0
1684458000000,0.2479,0.2488,0.2477,0.2487,59264.4,1684458899999,14724.11569,82,28992.9,7203.25502,0
1684458900000,0.2487,0.2487,0.247,0.2474,50202.3,1684459799999,12438.27581,68,21799.9,5399.82678,0
1684459800000,0.2473,0.2478,0.2471,0.2473,56695.0,1684460699999,14030.88189,73,23529.4,5824.27348,0
1684460700000,0.2474,0.2475,0.2463,0.2465,76159.9,1684461599999,18792.08213,108,32552.7,8036.17473,0
1684461600000,0.2462,0.2477,0.246,0.2474,62767.7,1684462499999,15491.48676,78,44751.0,11052.7229,0
1684462500000,0.2473,0.2478,0.2471,0.2476,30456.1,1684463399999,7537.29873,34,19795.1,4897.9213,0
1684463400000,0.2474,0.2474,0.247,0.2472,28053.6,1684464299999,6935.60695,24,6702.6,1657.18246,0
1684464300000,0.247,0.2477,0.2469,0.2477,20287.3,1684465199999,5015.7623,34,11613.7,2872.33525,0
1684465200000,0.2477,0.2477,0.2463,0.2476,221396.2,1684466099999,54632.89283,159,143144.6,35306.59774,0
1684466100000,0.2474,0.2486,0.2474,0.2486,54626.1,1684466999999,13551.0274,55,18456.7,4578.45386,0
1684467000000,0.2484,0.249,0.2484,0.249,34464.8,1684467899999,8573.36859,33,17087.8,4250.70094,0
1684467900000,0.2489,0.249,0.2485,0.249,36408.3,1684468799999,9059.42159,47,16556.4,4119.13118,0
1684468800000,0.249,0.2495,0.2486,0.2489,57067.6,1684469699999,14200.92285,187,39084.6,9728.21931,0
1684469700000,0.2489,0.2498,0.2489,0.2492,72775.4,1684470599999,18157.96089,119,32713.2,8161.47294,0
1684470600000,0.2491,0.2509,0.2489,0.2505,107486.5,1684471499999,26899.71433,144,88943.4,22263.26432,0
1684471500000,0.2504,0.2511,0.2502,0.2508,89349.4,1684472399999,22390.42502,108,44980.3,11273.68934,0
1684472400000,0.2508,0.2509,0.2498,0.25,99876.2,1684473299999,25000.90439,113,26955.4,6746.71469,0
1684473300000,0.2501,0.2501,0.2495,0.2495,33187.9,1684474199999,8290.35975,38,12248.8,3060.69267,0
1684474200000,0.2494,0.25,0.2493,0.25,61822.8,1684475099999,15422.75192,67,22328.6,5571.88322,0
1684475100000,0.2499,0.2502,0.2494,0.2496,51721.3,1684475999999,12911.81526,64,18173.0,4535.99987,0
1684476000000,0.2496,0.2497,0.2492,0.2495,92703.3,1684476899999,23131.65694,103,40524.9,10112.88611,0
1684476900000,0.2494,0.2494,0.2489,0.2491,67262.5,1684477799999,16760.17968,67,26287.5,6549.93824,0
1684477800000,0.2491,0.2495,0.2488,0.2489,65888.9,1684478699999,16410.9181,73,39187.0,9757.91832,0
1684478700000,0.2489,0.2494,0.2489,0.2492,60718.3,1684479599999,15132.35894,62,29395.3,7327.58164,0
1684479600000,0.2494,0.2498,0.2485,0.2498,67594.3,1684480499999,16834.37243,71,36208.1,9021.32638,0
1684480500000,0.2498,0.25,0.2487,0.2487,52741.4,1684481399999,13162.80039,71,15450.1,3858.76018,0
1684481400000,0.2486,0.2489,0.2478,0.2481,53766.1,1684482299999,13348.02402,81,40179.4,9974.77948,0
1684482300000,0.2479,0.2487,0.2479,0.2487,40901.8,1684483199999,10154.01781,54,22639.0,5619.14276,0
1684483200000,0.2486,0.2498,0.2486,0.2498,29238.6,1684484099999,7285.85558,40,15505.8,3863.6861,0
1684484100000,0.2499,0.2509,0.2499,0.2509,26742.3,1684484999999,6699.87284,37,13418.2,3362.09225,0
1684485000000,0.2509,0.2515,0.2509,0.2511,80039.2,1684485899999,20110.34286,76,44952.1,11290.73588,0
1684485900000,0.2512,0.2515,0.2505,0.2512,75693.9,1684486799999,19006.44403,84,40938.5,10280.15,0
1684486800000,0.2513,0.2513,0.2505,0.2505,50200.9,1684487699999,12600.46533,69,14943.4,3753.08786,0
1684487700000,0.2504,0.2508,0.2497,0.25,139168.0,1684488599999,34816.15313,135,50850.2,12728.49985,0
1684488600000,0.25,0.2504,0.2496,0.2496,142909.9,1684489499999,35724.02974,140,88727.8,22186.92909,0
1684489500000,0.2497,0.2513,0.2497,0.2512,49093.8,1684490399999,12293.9976,64,31151.4,7804.52286,0
1684490400000,0.2512,0.2512,0.2494,0.2501,213488.8,1684491299999,53375.11935,206,91795.1,22960.88455,0
1684491300000,0.25,0.25,0.2491,0.2497,59939.9,1684492199999,14957.40095,63,35630.6,8891.0207,0
1684492200000,0.2498,0.2516,0.2498,0.2514,46201.6,1684493099999,11587.04152,57,16651.2,4176.90998,0
1684493100000,0.2514,0.2527,0.2503,0.2505,684355.0,1684493999999,171847.35628,461,288968.9,72517.8841,0
1684494000000,0.2504,0.2508,0.2492,0.2492,319721.9,1684494899999,79919.98731,326,140754.4,35216.19555,0
1684494900000,0.2491,0.2504,0.249,0.2502,92564.8,1684495799999,23119.17587,90,57275.4,14299.17862,0
1684495800000,0.2503,0.2508,0.2487,0.2495,446803.5,1684496699999,111605.88852,331,54840.8,13684.31027,0
1684496700000,0.2495,0.2506,0.2495,0.2499,153446.2,1684497599999,38362.36725,185,75716.6,18921.4033,0
1684497600000,0.2499,0.2505,0.2496,0.2502,122099.0,1684498499999,30511.52686,221,55380.1,13834.3849,0
1684498500000,0.2505,0.2506,0.2495,0.2495,135053.1,1684499399999,33771.09093,171,65023.0,16266.38887,0
1684499400000,0.2496,0.2509,0.2496,0.2509,119265.3,1684500299999,29838.65197,156,45784.1,11457.88059,0
1684500300000,0.2507,0.251,0.2504,0.2504,52600.8,1684501199999,13184.50965,80,12042.7,3019.40997,0
1684501200000,0.2506,0.2506,0.2492,0.2492,138517.5,1684502099999,34610.66929,177,58872.9,14706.578,0
1684502100000,0.2492,0.2499,0.2485,0.2486,257191.1,1684502999999,64078.8468,350,104435.0,26034.01501,0
1684503000000,0.2487,0.2489,0.248,0.2481,123758.4,1684503899999,30737.03915,192,45504.5,11301.78617,0
1684503900000,0.2481,0.2483,0.2473,0.2476,47789.6,1684504799999,11836.53049,99,20336.5,5035.61644,0
1684504800000,0.2478,0.2478,0.2462,0.2462,182972.3,1684505699999,45181.25583,256,80760.5,19941.16184,0
1684505700000,0.2462,0.2465,0.2454,0.2455,110422.8,1684506599999,27143.10459,142,21321.5,5244.37433,0
1684506600000,0.2455,0.2458,0.2451,0.2454,68079.4,1684507499999,16710.99798,92,28948.4,7106.96149,0
1684507500000,0.2456,0.2466,0.2453,0.2465,144595.2,1684508399999,35553.69022,166,79634.2,19580.06967,0
1684508400000,0.2467,0.2468,0.2448,0.2465,184049.5,1684509299999,45257.97544,218,113315.7,27865.79329,0
1684509300000,0.2465,0.2504,0.2465,0.2474,345394.8,1684510199999,85959.46388,543,157343.8,39120.39328,0
1684510200000,0.2473,0.2499,0.2459,0.2495,492537.2,1684511099999,121974.09839,556,305789.3,75731.51004,0
1684511100000,0.2495,0.2499,0.2483,0.2489,158419.1,1684511999999,39497.7386,185,64427.1,16063.2796,0
1684512000000,0.2488,0.2498,0.2481,0.249,148973.1,1684512899999,37070.29559,180,59269.0,14753.11017,0
1684512900000,0.249,0.2495,0.2481,0.2481,148333.4,1684513799999,36896.12708,174,43185.1,10747.57038,0
1684513800000,0.2481,0.2482,0.2469,0.2482,166440.1,1684514699999,41192.39818,214,77886.0,19275.48496,0
1684514700000,0.2482,0.2483,0.2477,0.2481,127911.2,1684515599999,31724.11638,131,58573.8,14524.63302,0
1684515600000,0.248,0.2487,0.2475,0.2486,129258.8,1684516499999,32074.64049,179,33728.1,8366.67409,0
1684516500000,0.2487,0.2506,0.2487,0.2505,331299.5,1684517399999,82679.1699,272,198562.9,49570.14245,0
1684517400000,0.2505,0.2509,0.25,0.25,183390.4,1684518299999,45906.79538,217,89120.8,22306.501,0
1684518300000,0.25,0.2513,0.25,0.2505,173123.9,1684519199999,43389.63082,168,92156.6,23090.50855,0
1684519200000,0.2505,0.2508,0.2503,0.2505,88284.8,1684520099999,22117.77286,73,39852.6,9981.7211,0
1684520100000,0.2505,0.2507,0.2496,0.2496,86742.6,1684520999999,21727.07236,118,41610.9,10422.40369,0
1684521000000,0.2495,0.2496,0.2486,0.2494,126818.0,1684521899999,31590.2577,117,51633.6,12868.09183,0
1684521900000,0.2494,0.2495,0.2492,0.2494,47322.2,1684522799999,11800.36916,67,18409.7,4590.5787,0
1684522800000,0.2493,0.2493,0.2483,0.2484,61991.3,1684523699999,15421.44044,84,33878.0,8424.96366,0
1684523700000,0.2483,0.2486,0.2471,0.2478,151761.7,1684524599999,37619.97716,119,73814.4,18308.67562,0
1684524600000,0.2478,0.2482,0.2475,0.2477,92502.0,1684525499999,22921.08837,74,29838.3,7397.06007,0
1684525500000,0.2477,0.248,0.2477,0.2479,30284.3,1684526399999,7504.35849,32,19976.3,4949.91714,0
1684526400000,0.248,0.2489,0.248,0.2488,48355.0,1684527299999,12016.81913,54,27383.3,6804.57393,0
1684527300000,0.2487,0.2492,0.2484,0.2488,39627.8,1684528199999,9859.42187,54,30859.6,7678.52696,0
1684528200000,0.2487,0.2487,0.2477,0.248,51874.0,1684529099999,12881.50371,48,15221.2,3778.8581,0
1684529100000,0.2478,0.2484,0.2478,0.248,47667.6,1684529999999,11827.74158,53,30283.6,7512.44995,0
1684530000000,0.248,0.2489,0.2479,0.2486,150122.4,1684530899999,37286.37643,120,84091.4,20871.51688,0
1684530900000,0.2484,0.2486,0.2479,0.2486,28948.7,1684531799999,7180.08274,40,22767.8,5647.64252,0
1684531800000,0.2485,0.2485,0.2478,0.2482,27163.9,1684532699999,6743.55511,40,21169.9,5255.54047,0
1684532700000,0.2478,0.2481,0.2473,0.2481,20632.0,1684533599999,5108.13548,28,10067.9,2492.07385,0
1684533600000,0.2481,0.2484,0.248,0.2484,19970.1,1684534499999,4956.34703,25,9642.3,2393.0474,0
1684534500000,0.2484,0.2486,0.2483,0.2483,15327.5,1684535399999,3808.89996,37,7369.4,1831.3331,0
1684535400000,0.2484,0.2485,0.2482,0.2483,8984.5,1684536299999,2231.99152,14,109.3,27.14725,0
1684536300000,0.2486,0.2491,0.2486,0.249,28286.3,1684537199999,7038.43276,39,23288.1,5794.64432,0
1684537200000,0.2489,0.2489,0.2483,0.2484,17176.8,1684538099999,4271.19289,27,9579.1,2382.76549,0
1684538100000,0.2485,0.2487,0.2482,0.2483,15332.8,1684538999999,3807.39966,20,8930.8,2217.55655,0
1684539000000,0.2483,0.2484,0.2483,0.2483,1472.7,1684539899999,365.80141,4,61.6,15.29528,0
1684539900000,0.2484,0.2486,0.2478,0.248,30457.1,1684540799999,7560.31389,38,14029.0,3481.1625,0
1684540800000,0.2482,0.2482,0.2472,0.2474,39012.7,1684541699999,9661.30614,60,9901.3,2450.26079,0
1684541700000,0.2474,0.2474,0.2458,0.2463,38223.4,1684542599999,9416.97359,83,14946.2,3678.202,0
1684542600000,0.2461,0.2461,0.2449,0.2453,46140.6,1684543499999,11318.54044,85,17725.8,4347.4839,0
1684543500000,0.2455,0.2456,0.2445,0.2447,53692.7,1684544399999,13150.84267,74,34306.3,8398.39125,0
1684544400000,0.2446,0.2453,0.2446,0.2452,12433.8,1684545299999,3045.9759,21,9811.6,2403.15238,0
1684545300000,0.2452,0.2462,0.2452,0.2459,46091.3,1684546199999,11326.16203,68,25961.7,6379.45173,0
1684546200000,0.2459,0.2459,0.2443,0.2445,53252.8,1684547099999,13041.02775,75,18719.9,4585.60719,0
1684547100000,0.2442,0.2444,0.2422,0.2423,173541.2,1684547999999,42189.36398,263,82790.8,20108.31276,0
1684548000000,0.2423,0.2441,0.2423,0.244,81628.5,1684548899999,19854.95813,119,71083.2,17285.86502,0
1684548900000,0.244,0.244,0.2433,0.2433,40343.8,1684549799999,9828.12266,39,12361.3,3010.58212,0
1684549800000,0.2432,0.2434,0.2416,0.2416,184703.1,1684550699999,44848.8702,226,94894.6,23048.94372,0
1684550700000,0.2417,0.2423,0.2412,0.2418,85640.1,1684551599999,20687.4926,145,64577.1,15602.24743,0
1684551600000,0.2419,0.2426,0.2419,0.2426,52212.2,1684552499999,12651.15459,61,39112.1,9476.69275,0
1684552500000,0.2425,0.2428,0.2423,0.2425,95489.5,1684553399999,23152.25065,90,63469.6,15386.85571,0
1684553400000,0.2424,0.243,0.2421,0.2429,35082.3,1684554299999,8507.57516,41,29490.7,7149.83372,0
1684554300000,0.2429,0.2436,0.2428,0.2431,62341.5,1684555199999,15162.58954,57,38814.6,9440.60877,0
1684555200000,0.2434,0.2434,0.2432,0.2433,17483.0,1684556099999,4254.15325,36,8626.7,2099.58717,0
1684556100000,0.2433,0.2437,0.2432,0.2436,21637.1,1684556999999,5265.00433,29,13084.1,3183.91237,0
1684557000000,0.2436,0.2439,0.2434,0.2435,25303.7,1684557899999,6166.9,39,16664.7,4061.46837,0
1684557900000,0.2436,0.2442,0.2435,0.2442,17590.4,1684558799999,4287.37027,19,9928.9,2420.63089,0
1684558800000,0.244,0.2443,0.2436,0.2441,40779.4,1684559699999,9945.21064,50,18693.3,4560.25695,0
1684559700000,0.2441,0.2442,0.2438,0.2442,14337.8,1684560599999,3499.40884,21,10089.5,2462.96756,0
1684560600000,0.2438,0.2441,0.2436,0.2436,40589.6,1684561499999,9896.38897,39,6549.0,1597.57162,0
1684561500000,0.2435,0.2443,0.2435,0.2443,29685.3,1684562399999,7243.17528,34,25817.2,6298.90242,0
1684562400000,0.2443,0.2446,0.244,0.2446,21776.3,1684563299999,5320.36211,38,13242.1,3234.2979,0
1684563300000,0.2445,0.2446,0.2443,0.2444,20390.9,1684564199999,4985.14584,22,9868.4,2412.70818,0
1684564200000,0.2443,0.2444,0.2439,0.2439,23757.7,1684565099999,5799.50114,37,10909.3,2662.63071,0
1684565100000,0.2438,0.2442,0.2436,0.2436,7924.1,1684565999999,1932.28444,15,7219.3,1760.43092,0
1684566000000,0.2435,0.2439,0.2433,0.2436,54917.9,1684566899999,13381.30256,41,31493.8,7673.54065,0
1684566900000,0.2436,0.2436,0.2433,0.2436,20575.8,1684567799999,5008.85892,36,5861.9,1427.04091,0
1684567800000,0.2434,0.2437,0.2431,0.2437,35766.2,1684568699999,8705.2898,46,22561.4,5492.42774,0
1684568700000,0.2438,0.244,0.2438,0.244,27014.7,1684569599999,6587.10975,29,18113.9,4416.92393,0
1684569600000,0.2441,0.2445,0.2436,0.2444,52964.0,1684570499999,12925.94732,59,33971.5,8292.74522,0
1684570500000,0.2444,0.2448,0.2443,0.2448,44391.1,1684571399999,10859.49792,61,15862.5,3880.66756,0
1684571400000,0.2448,0.2451,0.2447,0.2447,45435.8,1684572299999,11125.1336,101,18399.3,4506.09972,0
1684572300000,0.2448,0.2451,0.2443,0.2449,257106.9,1684573199999,62909.97299,178,168774.2,41291.98242,0
1684573200000,0.245,0.2457,0.2445,0.2445,195639.3,1684574099999,47962.03175,180,104801.4,25701.12032,0
1684574100000,0.2447,0.2447,0.2439,0.2441,98101.5,1684574999999,23940.0611,77,21402.6,5225.63493,0
1684575000000,0.244,0.2444,0.244,0.2441,50309.9,1684575899999,12282.04289,49,48891.2,11935.71616,0
1684575900000,0.2441,0.2442,0.244,0.2442,5733.6,1684576799999,1399.78335,14,2477.2,604.90768,0
1684576800000,0.2443,0.2443,0.2437,0.2438,34758.8,1684577699999,8482.77416,46,11178.2,2726.77093,0
1684577700000,0.2438,0.2443,0.2438,0.2442,13573.0,1684578599999,3312.25734,13,13273.8,3239.1927,0
1684578600000,0.2443,0.2443,0.2438,0.2438,6881.9,1684579499999,1679.0434,14,3912.6,954.8934,0
1684579500000,0.2438,0.2442,0.2435,0.2441,108844.6,1684580399999,26553.69235,117,58514.8,14273.48573,0
1684580400000,0.244,0.244,0.2434,0.2435,68931.1,1684581299999,16790.16749,71,13275.9,3232.51817,0
1684581300000,0.2435,0.2442,0.2435,0.2439,52645.0,1684582199999,12841.36543,40,38711.9,9440.21787,0
1684582200000,0.244,0.2442,0.2439,0.2442,58284.9,1684583099999,14224.81185,64,29408.4,7178.12558,0
1684583100000,0.2441,0.2441,0.2439,0.2439,10910.3,1684583999999,2661.47068,17,6934.7,1691.39459,0
1684584000000,0.2439,0.2444,0.2437,0.2442,59127.4,1684584899999,14433.10255,62,29190.2,7123.97767,0
1684584900000,0.2441,0.2444,0.2438,0.2442,46923.5,1684585799999,11452.65321,51,30202.7,7371.34573,0
1684585800000,0.2442,0.2444,0.2441,0.2441,13646.6,1684586699999,3332.21429,27,8650.6,2112.31851,0
1684586700000,0.2443,0.2447,0.2443,0.2444,29000.9,1684587599999,7091.03638,56,20460.7,5003.66078,0
1684587600000,0.2445,0.2446,0.2443,0.2444,28840.7,1684588499999,7050.48131,48,6102.4,1491.55304,0
1684588500000,0.2444,0.2446,0.244,0.2443,55561.5,1684589399999,13571.55818,85,8048.4,1967.15278,0
1684589400000,0.2442,0.2448,0.2442,0.2447,55946.9,1684590299999,13681.20959,107,11216.2,2743.20488,0
1684590300000,0.2447,0.2447,0.2444,0.2444,22889.8,1684591199999,5595.48533,39,10918.5,2669.68235,0
1684591200000,0.2445,0.2448,0.2444,0.2445,44877.7,1684592099999,10977.23054,72,14064.9,3440.5621,0
1684592100000,0.2445,0.2448,0.2444,0.2444,7481.3,1684592999999,1829.24899,20,2671.2,653.31972,0
1684593000000,0.2442,0.2451,0.244,0.245,30154.8,1684593899999,7369.07936,51,19698.4,4814.28753,0
1684593900000,0.245,0.2461,0.2449,0.2459,82936.2,1684594799999,20365.53581,177,51134.0,12552.30652,0
1684594800000,0.2458,0.246,0.2455,0.2455,19139.9,1684595699999,4705.65109,42,5110.4,1256.84162,0
1684595700000,0.2455,0.2462,0.2455,0.2461,47541.8,1684596599999,11683.74833,63,12758.4,3137.01902,0
1684596600000,0.2462,0.2477,0.2462,0.2476,172062.9,1684597499999,42479.59267,235,85625.2,21149.26172,0
1684597500000,0.2475,0.2482,0.2475,0.2479,61479.8,1684598399999,15237.28928,132,32350.2,8021.00278,0
1684598400000,0.2477,0.2477,0.2465,0.2466,116905.4,1684599299999,28864.93305,141,51304.4,12661.78583,0
1684599300000,0.2469,0.2469,0.2466,0.2468,11344.3,1684600199999,2799.2556,12,9182.6,2265.75225,0
1684600200000,0.2469,0.2472,0.2464,0.2467,34687.2,1684601099999,8553.64678,45,12462.0,3072.56311,0
1684601100000,0.2467,0.2467,0.2465,0.2466,39084.7,1684601999999,9639.00414,39,671.5,165.65905,0
1684602000000,0.2466,0.2466,0.2463,0.2463,39378.8,1684602899999,9706.22731,58,7790.1,1919.51315,0
1684602900000,0.2463,0.2463,0.2455,0.246,21556.2,1684603799999,5298.64829,37,6768.2,1663.71645,0
1684603800000,0.2461,0.2472,0.2459,0.2472,36372.0,1684604699999,8967.65711,58,13398.8,3304.3911,0
1684604700000,0.2472,0.2481,0.2471,0.2478,54717.4,1684605599999,13552.99276,119,22142.3,5484.55403,0
1684605600000,0.248,0.2481,0.2475,0.248,43440.2,1684606499999,10758.37508,54,24480.2,6059.97312,0
1684606500000,0.248,0.2486,0.2478,0.2482,21647.0,1684607399999,5370.68231,40,8356.1,2074.94384,0
1684607400000,0.2482,0.2485,0.2479,0.2479,32227.1,1684608299999,8000.82003,55,10063.6,2497.79868,0
1684608300000,0.2479,0.248,0.2473,0.2473,35051.0,1684609199999,8683.02195,64,20574.1,5096.9548,0
1684609200000,0.2475,0.2475,0.2458,0.247,37251.8,1684610099999,9176.95826,87,15684.4,3862.15631,0
1684610100000,0.247,0.2473,0.2466,0.247,18422.5,1684610999999,4548.93798,26,9630.3,2377.81179,0
1684611000000,0.2469,0.2473,0.2468,0.2472,42250.8,1684611899999,10437.77496,44,30154.9,7449.21004,0
1684611900000,0.2471,0.2475,0.2471,0.2475,4997.1,1684612799999,1235.50873,10,1875.3,463.75781,0
1684612800000,0.2475,0.2479,0.2473,0.2475,38006.6,1684613699999,9412.91444,39,12936.1,3200.91416,0
1684613700000,0.2475,0.2478,0.2475,0.2475,40573.7,1684614599999,10049.11605,68,12808.6,3172.56075,0
1684614600000,0.2475,0.2478,0.2471,0.2474,70305.2,1684615499999,17395.38997,82,18141.6,4487.60194,0
1684615500000,0.2474,0.2474,0.2468,0.2469,18753.6,1684616399999,4631.27454,48,0.0,0.0,0
1684616400000,0.2469,0.2469,0.246,0.2461,70120.1,1684617299999,17271.01989,104,44229.7,10892.80468,0
1684617300000,0.2461,0.2468,0.2461,0.2465,15076.5,1684618199999,3715.56107,42,5602.2,1380.81837,0
1684618200000,0.2465,0.2467,0.2463,0.2463,52143.5,1684619099999,12850.34091,86,3389.9,836.04516,0
1684619100000,0.2463,0.2465,0.2463,0.2464,7160.3,1684619999999,1764.19685,37,561.6,138.42761,0
1684620000000,0.2465,0.247,0.2464,0.2466,93861.5,1684620899999,23159.64183,112,40699.6,10040.17249,0
1684620900000,0.2465,0.2471,0.2465,0.2471,20536.7,1684621799999,5071.55982,24,19946.5,4926.07552,0
1684621800000,0.2471,0.2473,0.2469,0.2472,34779.7,1684622699999,8591.02578,32,16784.8,4145.76213,0
1684622700000,0.247,0.2471,0.2467,0.2471,26418.5,1684623599999,6525.13027,28,4049.7,999.67308,0
1684623600000,0.247,0.247,0.2463,0.2463,20524.3,1684624499999,5058.00084,18,6645.0,1637.29633,0
1684624500000,0.2464,0.2471,0.2464,0.2467,36430.0,1684625399999,8984.92595,30,24950.0,6152.18886,0
1684625400000,0.2466,0.2469,0.2464,0.2469,13208.3,1684626299999,3257.60854,14,8272.5,2040.21132,0
1684626300000,0.2472,0.2472,0.2465,0.2466,19078.1,1684627199999,4711.81518,24,8778.6,2167.95155,0
1684627200000,0.2468,0.2471,0.2453,0.2457,62905.2,1684628099999,15489.36814,117,25076.4,6173.05272,0
1684628100000,0.2457,0.2458,0.2454,0.2457,25921.5,1684628999999,6365.97174,90,9694.7,2381.13927,0
1684629000000,0.2457,0.2462,0.2454,0.2462,23714.3,1684629899999,5830.809,61,10147.2,2494.5461,0
1684629900000,0.2462,0.2471,0.2462,0.2466,62077.6,1684630799999,15311.93818,94,25911.0,6393.53215,0
1684630800000,0.2471,0.2471,0.2459,0.2463,125990.7,1684631699999,31008.68505,101,43513.4,10709.48526,0
1684631700000,0.2463,0.2463,0.2454,0.2454,87604.7,1684632599999,21552.5997,73,24538.8,6032.00793,0
1684632600000,0.2454,0.2456,0.2447,0.2447,69174.1,1684633499999,16956.86122,110,26461.0,6489.1351,0
1684633500000,0.2448,0.2448,0.2436,0.2441,92890.7,1684634399999,22689.27217,140,50304.6,12289.59836,0
1684634400000,0.2439,0.2445,0.2438,0.2443,24722.5,1684635299999,6038.45437,57,7735.6,1889.45588,0
1684635300000,0.2443,0.2447,0.244,0.2445,55732.0,1684636199999,13614.1496,97,33955.0,8296.44536,0
1684636200000,0.2445,0.2449,0.2444,0.2448,12479.9,1684637099999,3054.06295,43,5131.3,1255.72918,0
1684637100000,0.2448,0.2448,0.2443,0.2447,44107.0,1684637999999,10791.49574,73,15737.1,3849.173,0
1684638000000,0.2447,0.2448,0.2442,0.2443,55523.8,1684638899999,13576.2549,77,28037.2,6855.11182,0
1684638900000,0.2443,0.245,0.2443,0.2447,14223.2,1684639799999,3481.0185,49,7557.4,1850.16773,0
1684639800000,0.2447,0.2447,0.2443,0.2446,7669.7,1684640699999,1875.93883,37,727.0,177.8969,0
1684640700000,0.2446,0.2453,0.2446,0.2446,24477.8,1684641599999,5994.66658,64,11391.9,2789.95397,0
1684641600000,0.2446,0.245,0.2445,0.2445,24666.4,1684642499999,6036.56115,49,11655.4,2852.73158,0
1684642500000,0.2445,0.245,0.2445,0.245,26645.0,1684643399999,6522.29801,54,21572.5,5280.99257,0
1684643400000,0.245,0.2457,0.2448,0.2452,39394.0,1684644299999,9661.4805,103,16371.4,4015.46125,0
1684644300000,0.2451,0.2457,0.2451,0.2454,38831.2,1684645199999,9526.63172,60,12877.5,3159.26308,0
1684645200000,0.2454,0.2455,0.2452,0.2453,19646.7,1684646099999,4820.90855,51,10350.2,2540.02613,0
1684646100000,0.2453,0.2457,0.2452,0.2455,24935.2,1684646999999,6120.79125,36,9052.4,2222.32349,0
1684647000000,0.2456,0.246,0.2456,0.2458,18866.2,1684647899999,4638.81215,27,15122.3,3718.27076,0
1684647900000,0.2457,0.2457,0.2453,0.2453,9984.4,1684648799999,2451.31087,15,349.3,85.78808,0
1684648800000,0.2454,0.2457,0.2449,0.245,97101.5,1684649699999,23816.51179,80,36759.5,9015.65511,0
1684649700000,0.2448,0.245,0.2445,0.245,14015.0,1684650599999,3430.09128,26,10218.6,2501.3211,0
1684650600000,0.2449,0.2449,0.2443,0.2443,35075.5,1684651499999,8573.11534,38,16094.5,3933.73274,0
1684651500000,0.2444,0.2447,0.2443,0.2447,15158.2,1684652399999,3705.97589,19,7566.7,1850.65169,0
1684652400000,0.2449,0.2449,0.2447,0.2447,10962.7,1684653299999,2683.79373,12,7581.5,1856.22597,0
1684653300000,0.2447,0.2448,0.2444,0.2448,19534.2,1684654199999,4778.0453,20,9071.6,2218.49024,0
1684654200000,0.2448,0.2448,0.2444,0.2445,13309.2,1684655099999,3254.83301,16,7056.1,1725.37223,0
1684655100000,0.2444,0.2444,0.2436,0.2438,41835.9,1684655999999,10202.33279,54,16741.1,4082.24152,0
1684656000000,0.2438,0.2445,0.2438,0.2444,45249.0,1684656899999,11039.23527,48,24687.9,6022.5553,0
1684656900000,0.2443,0.2443,0.2438,0.2438,24808.4,1684657799999,6053.88126,22,1369.0,334.36415,0
1684657800000,0.2438,0.2438,0.2434,0.2435,24978.0,1684658699999,6082.63336,38,16996.5,4139.48686,0
1684658700000,0.2436,0.2436,0.2432,0.2433,30821.7,1684659599999,7500.46579,47,14125.1,3438.07642,0
1684659600000,0.2435,0.2438,0.2431,0.2435,67397.3,1684660499999,16410.24072,65,29390.1,7156.46101,0
1684660500000,0.2433,0.2438,0.2428,0.2432,65909.1,1684661399999,16038.85765,93,22689.1,5521.57114,0
1684661400000,0.2432,0.2436,0.2432,0.2436,42545.2,1684662299999,10350.67045,35,34258.5,8334.33364,0
1684662300000,0.2435,0.2436,0.2428,0.2429,18949.4,1684663199999,4607.35595,37,10929.3,2658.62612,0
1684663200000,0.2431,0.2432,0.2428,0.2429,52808.4,1684664099999,12827.77741,47,26504.9,6438.38612,0
1684664100000,0.243,0.2434,0.2429,0.2433,26235.5,1684664999999,6379.77708,26,12763.6,3102.28719,0
1684665000000,0.2433,0.2434,0.242,0.2422,194749.7,1684665899999,47275.44534,141,48337.1,11730.65845,0
1684665900000,0.2421,0.2424,0.2414,0.2422,127965.9,1684666799999,30965.42497,138,80073.0,19379.42907,0
1684666800000,0.242,0.2421,0.2403,0.2406,192897.9,1684667699999,46481.66392,180,97092.8,23406.49591,0
1684667700000,0.2405,0.2412,0.2396,0.2411,164339.0,1684668599999,39528.91988,206,73790.6,17757.65083,0
1684668600000,0.2412,0.2415,0.241,0.2412,29050.9,1684669499999,7009.35343,36,13873.5,3348.28093,0
1684669500000,0.2413,0.2416,0.2406,0.2409,77935.0,1684670399999,18796.50966,83,36127.9,8708.93217,0
1684670400000,0.2408,0.2416,0.2408,0.2409,124492.5,1684671299999,30032.70287,99,63349.6,15282.11847,0
1684671300000,0.2411,0.2414,0.2409,0.2414,59038.3,1684672199999,14235.38707,63,31707.9,7644.49266,0
1684672200000,0.2415,0.2419,0.2415,0.2419,83128.1,1684673099999,20092.58325,101,56169.2,13576.47294,0
1684673100000,0.2419,0.2419,0.2414,0.2416,85363.7,1684673999999,20621.75483,71,58044.3,14019.3874,0
1684674000000,0.2415,0.2421,0.2415,0.242,60677.6,1684674899999,14676.24535,68,38799.0,9384.61772,0
1684674900000,0.242,0.2427,0.242,0.2427,74054.7,1684675799999,17949.41789,93,45043.9,10921.1273,0
1684675800000,0.2426,0.2426,0.2419,0.2425,38191.1,1684676699999,9252.27482,44,19052.9,4615.15713,0
1684676700000,0.2425,0.2429,0.2425,0.2425,39461.4,1684677599999,9579.41842,42,24991.0,6066.6277,0
1684677600000,0.2426,0.2432,0.2426,0.2429,80093.2,1684678499999,19449.42838,68,30452.3,7396.98713,0
1684678500000,0.2429,0.2433,0.2427,0.2428,59351.1,1684679399999,14425.11341,93,26278.1,6386.67859,0
1684679400000,0.243,0.2434,0.2423,0.2424,121495.3,1684680299999,29533.7241,128,25584.8,6214.80702,0
1684680300000,0.2424,0.2426,0.2412,0.2414,61231.3,1684681199999,14812.63015,100,25919.2,6269.64357,0
1684681200000,0.2413,0.2418,0.241,0.2413,73727.6,1684682099999,17795.47075,93,40553.7,9789.98388,0
1684682100000,0.2413,0.2416,0.241,0.2416,29972.0,1684682999999,7234.93946,51,20500.8,4948.85375,0
1684683000000,0.2416,0.2416,0.2374,0.2375,369810.7,1684683899999,88332.83783,459,169521.2,40477.09014,0
1684683900000,0.2374,0.2389,0.2373,0.2387,274761.3,1684684799999,65444.9354,345,140560.1,33485.82224,0
1684684800000,0.2385,0.2391,0.2382,0.2386,120171.3,1684685699999,28683.20328,99,75045.6,17920.04111,0
1684685700000,0.2386,0.2387,0.2373,0.2383,162896.2,1684686599999,38783.78002,159,93635.3,22288.09909,0
1684686600000,0.2383,0.239,0.2376,0.238,121843.4,1684687499999,29031.46861,131,69323.9,16524.47352,0
1684687500000,0.238,0.238,0.237,0.2377,121365.5,1684688399999,28822.67386,152,69309.6,16466.04086,0
1684688400000,0.2378,0.2386,0.2372,0.2386,131525.6,1684689299999,31265.6866,155,69569.2,16545.90376,0
1684689300000,0.2385,0.2386,0.238,0.2381,56708.4,1684690199999,13511.67777,87,32684.6,7788.29014,0
1684690200000,0.238,0.2383,0.237,0.2378,134713.0,1684691099999,32003.00852,136,61435.3,14594.83678,0
1684691100000,0.2377,0.238,0.2371,0.2379,100462.8,1684691999999,23862.39125,102,72393.4,17193.99804,0
1684692000000,0.2377,0.2383,0.2375,0.2382,65120.1,1684692899999,15494.55113,69,43395.5,10326.31697,0
1684692900000,0.2382,0.2386,0.2381,0.2386,49932.5,1684693799999,11899.05462,73,34032.9,8111.25482,0
1684693800000,0.2386,0.239,0.2381,0.2387,74203.0,1684694699999,17697.78931,71,21514.7,5130.90321,0
1684694700000,0.2387,0.2392,0.2386,0.2387,58759.1,1684695599999,14033.20246,70,42198.2,10078.56186,0
1684695600000,0.2389,0.2394,0.2389,0.2392,27789.6,1684696499999,6645.0472,51,20062.1,4797.78823,0
1684696500000,0.2394,0.2397,0.239,0.2395,44088.8,1684697399999,10553.37142,38,24160.4,5783.39535,0
1684697400000,0.2396,0.2401,0.2396,0.2401,46223.5,1684698299999,11089.3488,47,38661.9,9276.39867,0
1684698300000,0.2401,0.2404,0.24,0.2403,42571.1,1684699199999,10223.88022,40,20666.5,4964.38795,0
1684699200000,0.2404,0.2405,0.24,0.2401,37144.1,1684700099999,8923.97126,35,10405.0,2498.38544,0
1684700100000,0.2401,0.2402,0.2399,0.2402,11044.7,1684700999999,2651.75381,12,5829.6,1399.76117,0
1684701000000,0.2403,0.2405,0.2396,0.2396,80516.1,1684701899999,19339.14798,67,51514.3,12376.67191,0
1684701900000,0.2396,0.24,0.2386,0.2386,70088.5,1684702799999,16779.46812,78,26378.7,6319.16258,0
1684702800000,0.2385,0.2386,0.2369,0.2386,174098.0,1684703699999,41350.8392,203,108022.6,25659.2252,0
1684703700000,0.2385,0.2385,0.2374,0.2381,89244.8,1684704599999,21221.19382,108,43367.3,10311.42801,0
1684704600000,0.2379,0.2382,0.2374,0.2375,135918.7,1684705499999,32302.13536,120,59232.4,14080.58655,0
1684705500000,0.2378,0.2388,0.2377,0.2385,35223.7,1684706399999,8398.90131,60,25460.9,6072.2019,0
1684706400000,0.2384,0.2393,0.2384,0.2388,82572.0,1684707299999,19727.93509,109,39237.9,9376.27378,0
1684707300000,0.2386,0.2395,0.2386,0.2394,26614.2,1684708199999,6365.10941,25,23000.2,5500.7665,0
1684708200000,0.2395,0.2401,0.2395,0.2401,37623.9,1684709099999,9021.40474,54,20589.4,4935.3791,0
1684709100000,0.2399,0.2401,0.2398,0.24,30829.7,1684709999999,7398.07504,34,13746.7,3298.63201,0
1684710000000,0.2397,0.2407,0.2397,0.2403,107725.8,1684710899999,25887.68317,102,36113.8,8680.45009,0
1684710900000,0.2403,0.2404,0.2398,0.2398,29097.7,1684711799999,6985.50587,31,19660.4,4721.65613,0
1684711800000,0.2397,0.2402,0.2394,0.24,45862.2,1684712699999,10998.766,67,22769.3,5460.67566,0
1684712700000,0.2399,0.2401,0.2389,0.2395,37834.7,1684713599999,9063.61572,39,27840.7,6670.09763,0
1684713600000,0.2393,0.2406,0.2391,0.2406,50651.6,1684714499999,12137.68811,48,28405.5,6808.57151,0
1684714500000,0.2406,0.2406,0.2381,0.2382,50267.2,1684715399999,12019.01658,66,14169.0,3381.30251,0
1684715400000,0.238,0.238,0.2354,0.2354,369269.2,1684716299999,87368.23329,489,158956.4,37643.28371,0
1684716300000,0.2356,0.2366,0.2343,0.2363,114175.3,1684717199999,26893.22417,204,61540.4,14499.91429,0
1684717200000,0.2357,0.2366,0.2347,0.2347,102683.7,1684718099999,24214.91198,86,62812.3,14820.38718,0
1684718100000,0.2347,0.2355,0.234,0.2352,119182.3,1684718999999,27969.84769,158,58461.5,13726.03622,0
1684719000000,0.2354,0.2359,0.2347,0.2356,97064.1,1684719899999,22847.40362,114,55249.3,13007.29203,0
1684719900000,0.2356,0.2356,0.2342,0.2347,38345.5,1684720799999,9006.19551,35,13408.6,3148.08746,0
1684720800000,0.2346,0.2362,0.2343,0.2362,70559.8,1684721699999,16596.81362,86,43424.8,10212.30922,0
1684721700000,0.2361,0.2366,0.2361,0.2365,44759.5,1684722599999,10582.51016,40,16964.0,4010.00193,0
1684722600000,0.2367,0.2372,0.2365,0.2371,56197.0,1684723499999,13312.03954,48,33181.7,7856.41804,0
1684723500000,0.2372,0.2377,0.2369,0.2377,45471.5,1684724399999,10789.30684,38,25779.7,6116.72165,0
1684724400000,0.2376,0.2379,0.2376,0.2378,14133.2,1684725299999,3359.81385,26,10783.5,2563.66235,0
1684725300000,0.2376,0.2386,0.2375,0.2384,96030.8,1684726199999,22843.91407,98,68158.2,16208.70746,0
1684726200000,0.2386,0.2389,0.2379,0.2384,207226.1,1684727099999,49400.50185,186,100918.5,24062.70711,0
1684727100000,0.2383,0.2383,0.2379,0.2381,59352.1,1684727999999,14122.15782,35,51764.9,12316.42122,0
1684728000000,0.238,0.2391,0.238,0.2385,272885.1,1684728899999,65108.97993,233,223562.1,53339.55735,0
1684728900000,0.2385,0.2392,0.2384,0.2385,141403.0,1684729799999,33755.52018,117,45349.4,10828.49597,0
1684729800000,0.2386,0.2394,0.2386,0.2394,48806.3,1684730699999,11668.64383,45,23952.1,5727.7784,0
1684730700000,0.2395,0.2397,0.2393,0.2395,29962.2,1684731599999,7175.38629,36,15433.7,3696.03872,0
1684731600000,0.24,0.2404,0.2397,0.2401,52375.0,1684732499999,12570.95982,66,25380.8,6092.70008,0
1684732500000,0.2402,0.2408,0.2402,0.2407,31367.7,1684733399999,7547.92246,42,23052.6,5547.83633,0
1684733400000,0.2406,0.2412,0.2405,0.2411,67112.2,1684734299999,16159.50321,78,37094.2,8934.99324,0
1684734300000,0.2413,0.2415,0.2408,0.2413,63969.3,1684735199999,15429.78475,98,36399.9,8780.3822,0
1684735200000,0.2415,0.2421,0.2411,0.242,88429.7,1684736099999,21364.46096,84,27620.4,6676.95676,0
1684736100000,0.2422,0.2442,0.2421,0.2441,137925.2,1684736999999,33579.05013,192,63901.8,15561.21561,0
1684737000000,0.2443,0.2449,0.2429,0.2429,112391.3,1684737899999,27408.08853,139,47300.9,11554.03618,0
1684737900000,0.2431,0.2437,0.2425,0.2435,188585.8,1684738799999,45811.43191,193,106251.6,25808.12108,0
1684738800000,0.2437,0.2438,0.2429,0.2434,41862.6,1684739699999,10196.17084,44,26937.0,6561.4628,0
1684739700000,0.2432,0.2433,0.2428,0.2428,21427.3,1684740599999,5208.35334,21,7804.2,1895.45378,0
1684740600000,0.2427,0.2431,0.2424,0.2429,57342.0,1684741499999,13918.28609,60,20860.2,5063.52526,0
1684741500000,0.243,0.2431,0.2427,0.243,15264.0,1684742399999,3706.63824,20,7678.2,1864.8396,0
1684742400000,0.243,0.2442,0.243,0.2442,60711.5,1684743299999,14783.80084,54,34602.3,8426.61647,0
1684743300000,0.2442,0.2445,0.2434,0.2434,49971.5,1684744199999,12192.87696,48,28115.2,6861.69112,0
1684744200000,0.2434,0.244,0.2428,0.2429,151164.6,1684745099999,36812.90621,139,100632.8,24515.77585,0
1684745100000,0.2434,0.2436,0.2427,0.2427,146236.9,1684745999999,35554.49892,124,61324.6,14907.57833,0
1684746000000,0.2431,0.244,0.2431,0.2438,72506.2,1684746899999,17655.90947,74,50771.4,12365.36121,0
1684746900000,0.2439,0.2441,0.2433,0.2435,90217.8,1684747799999,21993.99303,96,43554.9,10618.11759,0
1684747800000,0.2435,0.2456,0.2435,0.2453,406647.3,1684748699999,99622.08798,437,283041.4,69349.27485,0
1684748700000,0.2453,0.2455,0.2437,0.2438,337432.9,1684749599999,82453.56668,345,126284.3,30847.35931,0
1684749600000,0.2439,0.2453,0.2434,0.2434,514960.0,1684750499999,125871.15983,486,202657.3,49542.54735,0
1684750500000,0.2435,0.2442,0.2431,0.2442,254980.1,1684751399999,62105.08232,223,157208.6,38287.60685,0
1684751400000,0.2442,0.2444,0.244,0.2444,149042.8,1684752299999,36404.17306,123,90842.9,22194.35258,0
1684752300000,0.2444,0.2446,0.2433,0.2445,230000.6,1684753199999,56162.70575,192,91089.3,22248.62274,0
1684753200000,0.2442,0.2442,0.2432,0.2435,90999.3,1684754099999,22174.28906,84,42124.9,10262.30858,0
1684754100000,0.2435,0.2435,0.2424,0.2434,150197.0,1684754999999,36487.33581,154,82919.3,20142.76143,0
1684755000000,0.2434,0.2436,0.2427,0.2434,40301.9,1684755899999,9796.37771,43,19662.6,4779.35943,0
1684755900000,0.2436,0.2458,0.2436,0.2458,172557.7,1684756799999,42264.85059,199,98346.9,24088.29311,0
1684756800000,0.2457,0.2458,0.2446,0.245,254696.8,1684757699999,62442.41107,245,95064.3,23302.42397,0
1684757700000,0.2452,0.2454,0.2449,0.2449,78817.8,1684758599999,19317.81226,92,28292.1,6934.92603,0
1684758600000,0.2448,0.2457,0.2442,0.2442,238015.5,1684759499999,58337.94042,236,84629.0,20750.68781,0
1684759500000,0.2442,0.2443,0.2433,0.2433,104214.7,1684760399999,25404.41051,92,53064.6,12939.51444,0
1684760400000,0.2431,0.2439,0.2427,0.2435,89006.3,1684761299999,21649.15529,85,45723.3,11126.41442,0
1684761300000,0.2437,0.2441,0.2431,0.2431,130791.7,1684762199999,31878.75711,99,65562.8,15982.97573,0
1684762200000,0.2432,0.2454,0.2432,0.2453,103842.5,1684763099999,25426.89482,110,47014.8,11506.18137,0
1684763100000,0.2454,0.2455,0.2443,0.2445,73487.3,1684763999999,17999.41388,76,31057.4,7606.77351,0
1684764000000,0.2449,0.2451,0.2428,0.2437,127088.4,1684764899999,30950.79083,149,67921.8,16540.02069,0
1684764900000,0.2435,0.2444,0.2435,0.2441,58948.6,1684765799999,14395.56774,40,19812.0,4836.55599,0
1684765800000,0.2442,0.2445,0.243,0.2433,45841.8,1684766699999,11174.12884,58,17964.8,4376.80541,0
1684766700000,0.2432,0.244,0.2428,0.244,37865.9,1684767599999,9219.67864,36,20880.0,5083.81567,0
1684767600000,0.2442,0.2442,0.2428,0.2428,44395.0,1684768499999,10812.79175,38,24741.9,6026.30604,0
1684768500000,0.2428,0.2432,0.2422,0.2422,64161.7,1684769399999,15557.37045,59,34716.5,8419.05233,0
1684769400000,0.2423,0.2428,0.2423,0.2427,59911.6,1684770299999,14534.43483,54,32523.1,7888.37744,0
1684770300000,0.2426,0.2431,0.2425,0.2425,96333.6,1684771199999,23387.74694,82,39628.0,9623.26894,0
1684771200000,0.2426,0.2433,0.2425,0.2433,97280.3,1684772099999,23635.70766,62,52572.2,12766.15471,0
1684772100000,0.2432,0.2432,0.2418,0.2424,77759.5,1684772999999,18857.34808,81,26647.5,6460.51893,0
1684773000000,0.2423,0.2425,0.2419,0.2422,71501.1,1684773899999,17324.63896,93,31180.5,7555.2694,0
1684773900000,0.2422,0.2423,0.2416,0.242,62428.0,1684774799999,15112.00379,79,25822.4,6252.12948,0
1684774800000,0.2426,0.2428,0.242,0.2426,120886.9,1684775699999,29316.46182,140,51861.0,12577.91311,0
1684775700000,0.2425,0.2425,0.2418,0.2419,23231.9,1684776599999,5623.33124,28,8961.9,2168.19654,0
1684776600000,0.2418,0.2423,0.2415,0.2422,48335.1,1684777499999,11698.1471,55,14165.0,3427.68981,0
1684777500000,0.2422,0.2426,0.2422,0.2426,41698.4,1684778399999,10111.30034,33,30164.8,7315.32051,0
1684778400000,0.2427,0.2437,0.2427,0.2436,78499.3,1684779299999,19084.78288,101,56582.5,13759.64206,0
1684779300000,0.2436,0.2442,0.2434,0.2441,69278.8,1684780199999,16897.02263,59,45534.3,11111.38773,0
1684780200000,0.2441,0.2447,0.244,0.2447,43407.6,1684781099999,10603.72797,43,29970.0,7323.29377,0
1684781100000,0.2447,0.2448,0.2444,0.2444,43166.5,1684781999999,10561.46771,40,18634.9,4559.43753,0
1684782000000,0.2444,0.2444,0.2437,0.2437,65536.6,1684782899999,16001.50417,61,22599.7,5519.44837,0
1684782900000,0.2439,0.244,0.2436,0.2437,33881.0,1684783799999,8261.7033,36,15782.1,3849.1394,0
1684783800000,0.2441,0.2441,0.2434,0.2439,31770.8,1684784699999,7749.12039,33,9408.7,2293.98309,0
1684784700000,0.2439,0.2441,0.2435,0.2436,37552.1,1684785599999,9154.94536,33,4439.6,1081.74184,0
1684785600000,0.2438,0.2439,0.243,0.2432,26039.5,1684786499999,6337.49484,40,3051.0,742.47577,0
1684786500000,0.2432,0.2434,0.2427,0.2428,31345.4,1684787399999,7620.33738,36,22781.9,5538.86558,0
1684787400000,0.2429,0.2434,0.2429,0.2432,75451.5,1684788299999,18340.59173,50,12075.3,2934.85195,0
1684788300000,0.2433,0.2436,0.2431,0.2433,21066.5,1684789199999,5125.69131,33,7945.4,1933.77316,0
1684789200000,0.2436,0.2436,0.2433,0.2433,23556.8,1684790099999,5733.70676,23,10933.7,2661.36236,0
1684790100000,0.2432,0.2434,0.2431,0.2432,32077.9,1684790999999,7803.45644,29,8888.5,2161.86664,0
1684791000000,0.2433,0.2435,0.243,0.243,64861.7,1684791899999,15769.40127,50,15421.8,3753.1725,0
1684791900000,0.243,0.243,0.2427,0.2427,43558.6,1684792799999,10582.37071,26,34220.9,8314.60403,0
1684792800000,0.2428,0.2435,0.2428,0.2431,36887.6,1684793699999,8971.20366,41,23780.7,5783.42953,0
1684793700000,0.2432,0.2432,0.2422,0.2425,80513.4,1684794599999,19522.45028,49,42076.6,10197.05185,0
1684794600000,0.2426,0.2426,0.2419,0.2422,21904.2,1684795499999,5306.12892,34,3972.2,962.4686,0
1684795500000,0.2421,0.2424,0.2421,0.2424,6250.5,1684796399999,1514.27259,11,3393.5,822.01279,0
1684796400000,0.2426,0.2426,0.2418,0.2419,37449.3,1684797299999,9072.8798,29,17709.9,4292.7913,0
1684797300000,0.2419,0.2422,0.2418,0.2422,24967.3,1684798199999,6041.23409,35,15391.4,3724.06451,0
1684798200000,0.2422,0.2426,0.2421,0.2422,25696.3,1684799099999,6225.53721,28,5734.3,1390.09263,0
1684799100000,0.2424,0.2425,0.242,0.2421,12797.0,1684799999999,3098.85177,15,6094.2,1476.01654,0
1684800000000,0.2425,0.2426,0.2419,0.2419,22193.3,1684800899999,5375.33125,32,9470.2,2294.1985,0
1684800900000,0.2418,0.2418,0.2401,0.2404,205376.0,1684801799999,49481.89923,222,48930.3,11778.27005,0
1684801800000,0.2406,0.2409,0.2405,0.2407,27358.7,1684802699999,6585.79804,23,9752.5,2347.08474,0
1684802700000,0.2407,0.2408,0.2397,0.2397,137008.4,1684803599999,32921.93278,195,102675.4,24676.46956,0
1684803600000,0.2398,0.2403,0.2396,0.2398,60705.6,1684804499999,14563.90953,69,27066.9,6495.49909,0
1684804500000,0.2398,0.2419,0.2398,0.2419,98947.4,1684805399999,23846.74582,118,73889.8,17807.98797,0
1684805400000,0.242,0.2434,0.242,0.2426,129457.2,1684806299999,31437.24561,146,43119.9,10468.85294,0
1684806300000,0.2429,0.2433,0.2425,0.2426,63582.0,1684807199999,15448.01173,57,31150.8,7567.22117,0
1684807200000,0.2426,0.2434,0.2426,0.2434,35093.9,1684808099999,8535.60425,36,24410.3,5936.86166,0
1684808100000,0.2435,0.2437,0.2431,0.2435,68759.0,1684808999999,16733.40971,63,42925.7,10446.69894,0
1684809000000,0.2436,0.2436,0.2433,0.2436,32717.1,1684809899999,7966.43217,33,10662.9,2595.58791,0
1684809900000,0.2436,0.2446,0.2436,0.2446,77352.3,1684810799999,18885.54674,98,49300.5,12037.53767,0
1684810800000,0.2447,0.2457,0.2443,0.2455,84440.3,1684811699999,20693.4003,104,46688.6,11444.24199,0
1684811700000,0.2455,0.2484,0.2455,0.2477,242480.6,1684812599999,59911.14113,316,126453.0,31227.10808,0
1684812600000,0.248,0.2484,0.2478,0.2478,78740.4,1684813499999,19531.00377,86,39343.7,9760.08389,0
1684813500000,0.2479,0.2486,0.2479,0.2479,51853.0,1684814399999,12876.35943,55,20688.4,5137.91394,0
1684814400000,0.248,0.249,0.2476,0.2476,142180.2,1684815299999,35328.19052,135,37701.2,9366.23323,0
1684815300000,0.2476,0.2481,0.2473,0.2473,69130.0,1684816199999,17127.22883,73,41277.1,10224.08063,0
1684816200000,0.2473,0.2475,0.2463,0.2465,105368.2,1684817099999,26044.5675,73,29399.8,7260.74702,0
1684817100000,0.2467,0.2471,0.2465,0.2469,53588.9,1684817999999,13227.44184,44,35684.7,8808.68643,0
1684818000000,0.2472,0.2477,0.2471,0.2476,47569.3,1684818899999,11762.86493,48,34241.2,8466.44262,0
1684818900000,0.2476,0.2484,0.2468,0.247,81447.6,1684819799999,20178.23738,90,41982.4,10401.66872,0
1684819800000,0.2471,0.2471,0.2465,0.2468,50036.8,1684820699999,12355.0827,40,38777.8,9576.69269,0
1684820700000,0.2469,0.2473,0.2466,0.2466,40540.3,1684821599999,10020.20768,33,3667.0,906.0508,0
1684821600000,0.247,0.2484,0.247,0.2481,95416.4,1684822499999,23657.94677,90,53684.6,13309.48533,0
1684822500000,0.2482,0.2482,0.2474,0.2476,45566.0,1684823399999,11295.83816,42,31854.8,7898.36508,0
1684823400000,0.2476,0.2476,0.2462,0.2465,34824.6,1684824299999,8604.45135,31,9057.5,2232.69542,0
1684824300000,0.2464,0.2468,0.246,0.2467,26113.5,1684825199999,6433.86829,29,15383.9,3789.01494,0
1684825200000,0.2468,0.247,0.2465,0.2465,24044.9,1684826099999,5933.35434,28,8116.5,2003.29159,0
1684826100000,0.2464,0.2466,0.2457,0.2457,38098.9,1684826999999,9384.75035,47,15153.3,3734.88622,0
1684827000000,0.2456,0.246,0.2449,0.2458,79968.9,1684827899999,19616.92373,94,27656.4,6782.3909,0
1684827900000,0.2456,0.2463,0.2455,0.246,48020.5,1684828799999,11797.87365,36,8889.8,2186.00927,0
1684828800000,0.246,0.2462,0.2454,0.2455,8540.9,1684829699999,2100.09343,19,4060.4,997.74043,0
1684829700000,0.2454,0.2459,0.2452,0.2459,25798.4,1684830599999,6334.81899,28,20903.7,5132.91168,0
1684830600000,0.246,0.246,0.2454,0.2459,46868.0,1684831499999,11513.22496,35,7902.2,1941.63489,0
1684831500000,0.2459,0.2461,0.2458,0.2461,15978.1,1684832399999,3930.29434,16,8065.4,1984.2339,0
1684832400000,0.2458,0.2459,0.2455,0.2456,56966.6,1684833299999,13996.2554,48,16867.5,4143.68229,0
1684833300000,0.2455,0.2455,0.245,0.2453,60298.7,1684834199999,14786.06538,33,4601.7,1128.87513,0
1684834200000,0.2452,0.2454,0.2445,0.2446,51452.2,1684835099999,12593.24362,57,17987.3,4401.53131,0
1684835100000,0.2447,0.2448,0.2444,0.2448,34972.5,1684835999999,8557.81681,40,22428.4,5488.28018,0
1684836000000,0.2448,0.2448,0.2443,0.2448,6788.7,1684836899999,1660.36056,17,5033.6,1231.26547,0
1684836900000,0.2448,0.2451,0.2448,0.2451,18259.2,1684837799999,4471.92309,22,5330.9,1306.27651,0
1684837800000,0.2451,0.2453,0.2448,0.2453,84304.1,1684838699999,20658.74392,66,36952.6,9056.41082,0
1684838700000,0.2452,0.2453,0.2448,0.2452,76184.2,1684839599999,18671.10229,62,24264.7,5948.6195,0
1684839600000,0.2453,0.2458,0.2452,0.2454,130711.3,1684840499999,32101.64855,77,99147.1,24352.94687,0
1684840500000,0.2455,0.246,0.2454,0.2458,74065.7,1684841399999,18195.22799,61,49258.3,12102.56866,0
1684841400000,0.2456,0.2458,0.2454,0.2458,33919.0,1684842299999,8331.29672,37,19286.5,4737.32069,0
1684842300000,0.2457,0.2464,0.2457,0.2463,99630.8,1684843199999,24524.8014,60,66446.1,16352.75152,0
1684843200000,0.2461,0.2462,0.2456,0.2462,39866.1,1684844099999,9800.05959,46,6674.3,1641.33834,0
1684844100000,0.2463,0.2467,0.2459,0.2467,44592.1,1684844999999,10977.0323,44,19853.7,4889.58702,0
1684845000000,0.2466,0.2468,0.246,0.246,74977.1,1684845899999,18474.86407,77,24240.2,5977.81877,0
1684845900000,0.2459,0.246,0.2452,0.2459,57530.3,1684846799999,14130.15614,63,41515.2,10197.58944,0
1684846800000,0.2458,0.2463,0.2456,0.2459,58294.7,1684847699999,14341.84573,52,16794.5,4131.1604,0
1684847700000,0.2456,0.2458,0.2452,0.2455,56372.1,1684848599999,13840.83515,48,18408.3,4519.096,0
1684848600000,0.2457,0.2459,0.2446,0.2453,115363.2,1684849499999,28289.03326,100,62968.5,15435.82492,0
1684849500000,0.2453,0.2456,0.2447,0.2454,96435.7,1684850399999,23639.95732,93,46666.6,11438.60869,0
1684850400000,0.2455,0.2457,0.245,0.2456,149773.3,1684851299999,36761.93468,118,47148.4,11578.65933,0
1684851300000,0.2457,0.2465,0.2457,0.2459,163513.6,1684852199999,40216.18876,129,67079.0,16510.42076,0
1684852200000,0.2459,0.2463,0.2458,0.2463,98450.8,1684853099999,24222.60613,75,46695.3,11487.76156,0
1684853100000,0.2461,0.2462,0.2457,0.246,27797.1,1684853999999,6837.62884,39,16821.4,4138.11578,0
1684854000000,0.2462,0.2463,0.2453,0.2454,272266.1,1684854899999,66859.262,696,46257.2,11360.47585,0
1684854900000,0.2455,0.2459,0.2455,0.2455,37684.3,1684855799999,9256.63893,36,16299.9,4003.74998,0
1684855800000,0.2455,0.2456,0.245,0.2455,44948.2,1684856699999,11021.89882,47,15441.3,3787.24142,0
1684856700000,0.2456,0.2462,0.2455,0.2462,35972.7,1684857599999,8839.1786,46,13908.5,3418.97581,0
1684857600000,0.2463,0.2463,0.2453,0.2455,39595.3,1684858499999,9732.65288,44,17911.5,4401.73767,0
1684858500000,0.2455,0.2457,0.2452,0.2455,29087.6,1684859399999,7138.76772,39,17528.1,4302.65131,0
1684859400000,0.2455,0.2457,0.2448,0.2448,56056.5,1684860299999,13743.84848,61,11919.0,2923.2081,0
1684860300000,0.2449,0.2451,0.2446,0.2447,61194.6,1684861199999,14981.32065,53,12976.7,3177.73413,0
1684861200000,0.2447,0.245,0.2445,0.2446,35695.0,1684862099999,8735.20125,38,19256.8,4712.65705,0
1684862100000,0.2446,0.2452,0.2443,0.2444,78595.6,1684862999999,19239.08662,105,32484.8,7951.21674,0
1684863000000,0.2445,0.2447,0.2438,0.2443,110204.8,1684863899999,26926.03644,130,57121.9,13961.68495,0
1684863900000,0.2444,0.2444,0.2437,0.2439,39895.0,1684864799999,9733.623,87,9548.8,2330.42045,0
1684864800000,0.2439,0.244,0.2434,0.2435,78180.4,1684865699999,19047.76075,102,41303.4,10064.24753,0
1684865700000,0.2435,0.2436,0.2425,0.2429,167139.3,1684866599999,40604.14071,194,70710.0,17175.58243,0
1684866600000,0.2428,0.2436,0.2425,0.2433,112297.4,1684867499999,27295.72161,122,40790.1,9917.22674,0
1684867500000,0.2433,0.2433,0.2423,0.2424,78548.3,1684868399999,19065.02204,73,45799.3,11113.28209,0
1684868400000,0.2424,0.2431,0.2421,0.2431,83253.9,1684869299999,20208.23797,64,42147.1,10233.66049,0
1684869300000,0.2432,0.2434,0.243,0.2434,43073.6,1684870199999,10474.3332,33,17362.9,4223.53342,0
1684870200000,0.2435,0.2437,0.2432,0.2434,21495.4,1684871099999,5232.70026,31,8497.7,2069.30015,0
1684871100000,0.2435,0.2436,0.2431,0.2432,47769.6,1684871999999,11622.62171,52,18676.4,4544.63581,0
1684872000000,0.2436,0.2442,0.2434,0.244,75926.1,1684872899999,18513.3174,61,23265.9,5673.66178,0
1684872900000,0.2439,0.2439,0.2436,0.2438,42607.8,1684873799999,10384.31059,39,30183.9,7357.02094,0
1684873800000,0.2439,0.2439,0.2434,0.2436,32879.4,1684874699999,8008.23432,42,18368.8,4475.19948,0
1684874700000,0.2436,0.244,0.2434,0.2435,72243.0,1684875599999,17611.33294,46,18323.3,4465.92889,0
1684875600000,0.2437,0.2447,0.2437,0.2447,65178.1,1684876499999,15928.71123,95,31763.4,7762.52901,0
1684876500000,0.2445,0.2446,0.2442,0.2445,18542.9,1684877399999,4532.52453,49,7535.1,1842.04858,0
1684877400000,0.2445,0.2445,0.2436,0.2436,43477.7,1684878299999,10605.92874,67,19307.8,4711.56925,0
1684878300000,0.244,0.244,0.2433,0.2434,40996.9,1684879199999,9986.48569,78,18570.0,4523.06545,0
1684879200000,0.2437,0.2443,0.2435,0.2443,57965.8,1684880099999,14137.23488,77,27216.9,6639.6839,0
1684880100000,0.2444,0.2446,0.2443,0.2446,7097.8,1684880999999,1735.21424,25,5178.8,1266.37688,0
1684881000000,0.2447,0.2447,0.2441,0.2441,19502.6,1684881899999,4765.72026,33,498.6,122.00742,0
1684881900000,0.2443,0.2446,0.2438,0.2443,46913.3,1684882799999,11454.73603,44,11869.6,2901.77322,0
1684882800000,0.2444,0.2448,0.2443,0.2445,33690.3,1684883699999,8240.49021,34,19110.6,4674.78043,0
1684883700000,0.2445,0.2448,0.2444,0.2448,39129.1,1684884599999,9574.34527,41,9715.2,2376.86099,0
1684884600000,0.2448,0.245,0.2447,0.2447,51251.4,1684885499999,12547.51665,66,21468.1,5256.32518,0
1684885500000,0.2447,0.2449,0.2444,0.2446,33267.0,1684886399999,8136.88789,31,25962.0,6350.45733,0
1684886400000,0.2447,0.2452,0.2441,0.2445,65487.0,1684887299999,16016.83254,79,30699.9,7509.10413,0
1684887300000,0.2444,0.2445,0.2434,0.2445,59695.6,1684888199999,14554.65237,71,28031.4,6836.01701,0
1684888200000,0.2444,0.2444,0.2436,0.2436,44785.3,1684889099999,10930.68906,34,10204.2,2490.43589,0
1684889100000,0.2436,0.2437,0.243,0.2436,85832.9,1684889999999,20886.89121,106,39215.6,9545.24416,0
1684890000000,0.2436,0.2436,0.2426,0.2434,132982.1,1684890899999,32311.94543,90,35808.8,8693.80507,0
1684890900000,0.2434,0.2437,0.2429,0.2432,67795.2,1684891799999,16494.7032,76,28548.5,6946.1017,0
1684891800000,0.243,0.243,0.2425,0.2428,53690.8,1684892699999,13029.14391,41,38000.5,9221.92168,0
1684892700000,0.2429,0.2429,0.2422,0.2425,79225.6,1684893599999,19209.5845,57,19818.5,4804.68137,0
1684893600000,0.2424,0.2433,0.2423,0.2433,44431.7,1684894499999,10784.59564,37,32039.9,7775.3424,0
1684894500000,0.2434,0.2435,0.2432,0.2435,20621.9,1684895399999,5015.94634,26,6201.8,1508.30251,0
1684895400000,0.2433,0.2436,0.2431,0.2436,45111.2,1684896299999,10981.2932,36,15911.8,3874.71061,0
1684896300000,0.2436,0.2442,0.2436,0.2439,38699.9,1684897199999,9445.2874,52,22367.8,5459.90333,0
1684897200000,0.2438,0.2439,0.2425,0.2425,105578.0,1684898099999,25680.80964,105,32001.1,7782.42092,0
1684898100000,0.2425,0.2432,0.2409,0.2413,253310.9,1684898999999,61330.60874,258,113081.9,27360.84424,0
1684899000000,0.2412,0.2412,0.2364,0.2388,622834.0,1684899899999,148372.08393,744,295792.0,70411.61182,0
1684899900000,0.2385,0.2393,0.2381,0.2388,85513.4,1684900799999,20406.02599,90,51327.3,12253.646,0
1684900800000,0.2387,0.2394,0.2381,0.2388,144726.2,1684901699999,34535.98729,175,93159.5,22216.5015,0
1684901700000,0.2391,0.2395,0.2387,0.2391,63000.0,1684902599999,15069.00954,78,31069.5,7432.76455,0
1684902600000,0.2391,0.2404,0.2387,0.2403,65597.5,1684903499999,15698.1101,89,27464.9,6581.60172,0
1684903500000,0.2404,0.2411,0.24,0.2411,96071.8,1684904399999,23128.52328,99,54396.1,13092.91186,0
1684904400000,0.2411,0.2414,0.2407,0.2414,33065.3,1684905299999,7970.44765,42,18545.8,4471.60799,0
1684905300000,0.2414,0.2421,0.2414,0.2421,85364.3,1684906199999,20644.53542,90,39601.5,9576.36229,0
1684906200000,0.2421,0.2421,0.241,0.2415,85165.3,1684907099999,20562.34928,104,34989.9,8445.47246,0
1684907100000,0.2414,0.242,0.2411,0.2418,84258.8,1684907999999,20349.25224,93,42070.9,10159.18169,0
1684908000000,0.242,0.2421,0.2399,0.2406,66626.6,1684908899999,16068.99908,78,28110.0,6786.91455,0
1684908900000,0.2407,0.2413,0.2405,0.2409,113650.6,1684909799999,27384.33053,78,83525.1,20129.80055,0
1684909800000,0.2407,0.2416,0.2407,0.2415,41712.4,1684910699999,10060.20222,52,26179.6,6311.97627,0
1684910700000,0.2415,0.2415,0.2391,0.2396,188982.9,1684911599999,45396.06098,150,70623.0,16945.05837,0
1684911600000,0.2398,0.2413,0.2397,0.2413,74214.7,1684912499999,17870.56859,73,47827.2,11514.70263,0
1684912500000,0.2412,0.2415,0.2409,0.2415,62575.2,1684913399999,15095.12788,67,31775.7,7666.95237,0
1684913400000,0.2416,0.2417,0.2402,0.2408,83624.0,1684914299999,20142.1712,76,38284.4,9222.45708,0
1684914300000,0.2408,0.2408,0.2397,0.2398,46740.1,1684915199999,11227.53916,47,7765.5,1864.45231,0
1684915200000,0.2398,0.2403,0.2394,0.2401,63789.5,1684916099999,15305.4129,89,25983.4,6238.44036,0
1684916100000,0.2401,0.2408,0.2401,0.2403,105203.5,1684916999999,25297.27877,74,36468.5,8770.51391,0
1684917000000,0.2403,0.2409,0.2401,0.2403,56408.6,1684917899999,13566.5675,58,19591.3,4711.66171,0
1684917900000,0.2402,0.2406,0.2401,0.2403,44419.1,1684918799999,10676.73529,47,7580.8,1822.68136,0
1684918800000,0.2404,0.2405,0.2396,0.2398,62709.4,1684919699999,15049.00693,75,43751.1,10499.20945,0
1684919700000,0.2398,0.2405,0.2395,0.2402,42490.7,1684920599999,10206.83869,60,12273.9,2946.05439,0
1684920600000,0.2403,0.2404,0.2398,0.2398,61514.8,1684921499999,14765.19945,80,27667.8,6641.89904,0
1684921500000,0.2398,0.2399,0.2392,0.2394,28738.4,1684922399999,6883.1703,43,21168.7,5072.04841,0
1684922400000,0.2392,0.2399,0.2391,0.2394,38884.8,1684923299999,9310.10219,52,15627.2,3742.76076,0
1684923300000,0.2395,0.2395,0.2384,0.2385,41128.4,1684924199999,9831.64543,49,20548.0,4910.97938,0
1684924200000,0.2385,0.2391,0.2383,0.2386,90110.0,1684925099999,21501.30923,86,54931.3,13105.96907,0
1684925100000,0.2384,0.2385,0.2381,0.2382,54123.4,1684925999999,12896.09782,52,18742.3,4466.92962,0
1684926000000,0.2382,0.2386,0.2376,0.2378,83377.5,1684926899999,19865.37994,74,42745.9,10186.20944,0
1684926900000,0.2379,0.2386,0.2372,0.2373,122946.7,1684927799999,29237.61773,132,62219.3,14801.34753,0
1684927800000,0.2371,0.238,0.2371,0.2377,139465.7,1684928699999,33155.33067,123,97202.1,23105.68257,0
1684928700000,0.2379,0.2384,0.2379,0.2382,72953.5,1684929599999,17383.22711,94,49572.3,11813.14966,0
1684929600000,0.2383,0.2386,0.2378,0.2385,89786.6,1684930499999,21385.85832,97,44403.2,10576.52514,0
1684930500000,0.2386,0.2386,0.2383,0.2385,49275.2,1684931399999,11750.43084,54,26042.6,6209.56345,0
1684931400000,0.2385,0.2395,0.2382,0.2394,124384.0,1684932299999,29699.0365,149,85030.5,20305.34893,0
1684932300000,0.2394,0.2396,0.2388,0.2392,56682.6,1684933199999,13563.03433,58,27620.3,6610.38801,0
1684933200000,0.2391,0.24,0.2389,0.2397,59043.3,1684934099999,14135.53949,73,33908.4,8117.01361,0
1684934100000,0.2398,0.2398,0.2385,0.2389,119772.2,1684934999999,28604.33114,121,50734.7,12117.47186,0
1684935000000,0.2388,0.2389,0.2373,0.2377,199036.2,1684935899999,47383.67792,204,62673.8,14912.27838,0
1684935900000,0.2375,0.238,0.2311,0.2342,1294489.4,1684936799999,302754.90843,1563,533585.6,124564.02154,0
1684936800000,0.234,0.2346,0.232,0.2345,400643.4,1684937699999,93488.66412,569,208209.0,48594.13029,0
1684937700000,0.2344,0.2348,0.2332,0.2339,173365.3,1684938599999,40540.64419,216,88363.0,20664.12655,0
1684938600000,0.2339,0.2348,0.2336,0.2342,127421.3,1684939499999,29830.34524,143,56515.7,13234.46735,0
1684939500000,0.234,0.234,0.2328,0.2332,84108.7,1684940399999,19639.40818,89,27783.9,6487.11886,0
1684940400000,0.233,0.2333,0.2316,0.2321,163960.7,1684941299999,38106.9308,229,69722.9,16205.85679,0
1684941300000,0.232,0.2342,0.232,0.2342,69203.1,1684942199999,16152.43688,120,53952.8,12591.88299,0
1684942200000,0.2343,0.2348,0.2335,0.2339,111451.1,1684943099999,26112.87557,135,64226.8,15049.79344,0
1684943100000,0.234,0.2342,0.2335,0.234,93003.0,1684943999999,21750.89748,121,63500.6,14852.96835,0
1684944000000,0.2339,0.2341,0.2331,0.2335,57635.6,1684944899999,13466.94993,64,21215.0,4954.92224,0
1684944900000,0.2334,0.234,0.2332,0.2335,93861.0,1684945799999,21923.80074,110,58925.0,13762.66992,0
1684945800000,0.2334,0.2341,0.2331,0.2331,73031.3,1684946699999,17055.29867,89,47511.0,11096.34466,0
1684946700000,0.233,0.2331,0.2326,0.2326,79312.8,1684947599999,18464.97584,98,42416.2,9876.19544,0
1684947600000,0.2326,0.2327,0.2318,0.2325,146099.5,1684948499999,33932.61305,164,61221.9,14217.6781,0
1684948500000,0.2325,0.2338,0.2325,0.2335,70503.8,1684949399999,16442.88244,120,30302.5,7070.71914,0
1684949400000,0.2334,0.2349,0.2334,0.2349,141252.3,1684950299999,33078.25469,204,82538.3,19326.64898,0
1684950300000,0.2348,0.2369,0.2347,0.2363,144532.2,1684951199999,34043.35914,267,68572.9,16164.91058,0
1684951200000,0.236,0.2372,0.2354,0.2366,144893.0,1684952099999,34252.03428,201,92071.5,21770.05986,0
1684952100000,0.2365,0.2365,0.2357,0.2362,45523.2,1684952999999,10743.0452,55,27509.1,6493.47467,0
1684953000000,0.2363,0.2373,0.2362,0.2371,48929.8,1684953899999,11587.99779,79,33334.4,7895.09971,0
1684953900000,0.237,0.2377,0.2369,0.2376,34802.1,1684954799999,8260.44799,76,22455.1,5331.15925,0
1684954800000,0.2375,0.2383,0.2371,0.2382,110997.7,1684955699999,26401.05773,141,60227.1,14331.14813,0
1684955700000,0.238,0.239,0.2376,0.2386,82749.3,1684956599999,19736.69101,111,51100.8,12184.47657,0
1684956600000,0.2386,0.2405,0.2386,0.239,119405.0,1684957499999,28616.49035,165,66545.6,15953.45602,0
1684957500000,0.239,0.2392,0.2371,0.2373,143461.0,1684958399999,34148.70569,218,49714.6,11822.78995,0
1684958400000,0.2373,0.2375,0.2365,0.2367,55294.0,1684959299999,13114.38739,84,16520.3,3920.41131,0
1684959300000,0.2368,0.2386,0.2367,0.2385,96126.3,1684960199999,22849.10676,140,50368.7,11973.18022,0
1684960200000,0.2386,0.2395,0.2383,0.2383,92031.0,1684961099999,21981.19634,124,60830.7,14533.73268,0
1684961100000,0.2383,0.2398,0.2382,0.239,108676.6,1684961999999,25987.74443,129,71867.8,17182.58303,0
1684962000000,0.2389,0.2397,0.2389,0.2393,81999.4,1684962899999,19634.20602,86,42982.3,10291.43264,0
1684962900000,0.2394,0.2394,0.239,0.2394,79206.0,1684963799999,18947.12311,84,29293.2,7008.67565,0
1684963800000,0.2393,0.2394,0.2384,0.2385,99998.6,1684964699999,23870.00281,82,24261.6,5793.67,0
1684964700000,0.2386,0.2389,0.2383,0.2386,30165.6,1684965599999,7200.95559,40,25314.9,6043.22834,0
1684965600000,0.2386,0.2393,0.2384,0.2393,75112.1,1684966499999,17935.69171,75,37273.6,8906.34638,0
1684966500000,0.2393,0.2396,0.2387,0.2387,38355.4,1684967399999,9179.37396,30,24933.2,5969.29643,0
1684967400000,0.2386,0.2392,0.2384,0.239,85956.2,1684968299999,20536.40656,92,25607.8,6120.31496,0
1684968300000,0.239,0.2394,0.2388,0.2389,58587.4,1684969199999,14011.50677,58,28686.7,6860.07661,0
1684969200000,0.2391,0.2399,0.2391,0.2399,48398.8,1684970099999,11594.54281,58,23326.7,5587.5051,0
1684970100000,0.2398,0.24,0.2396,0.2397,35298.3,1684970999999,8462.43807,38,26752.3,6413.81369,0
1684971000000,0.2395,0.2402,0.2395,0.2402,39915.8,1684971899999,9582.20246,50,25565.7,6136.29613,0
1684971900000,0.2401,0.2403,0.2394,0.2394,33495.7,1684972799999,8031.96226,34,7985.8,1915.5965,0
1684972800000,0.2395,0.2405,0.2394,0.2394,82834.5,1684973699999,19872.45281,121,44260.6,10617.89528,0
1684973700000,0.2395,0.2395,0.2385,0.2391,100472.1,1684974599999,23998.99074,113,59677.1,14252.45022,0
1684974600000,0.2391,0.2391,0.2377,0.238,60255.1,1684975499999,14368.75224,64,27703.9,6603.7285,0
1684975500000,0.2381,0.2386,0.2376,0.2376,46297.1,1684976399999,11016.82839,54,12403.3,2952.96651,0
1684976400000,0.238,0.239,0.2372,0.2376,98652.9,1684977299999,23494.35802,101,58563.0,13950.26495,0
1684977300000,0.2376,0.2376,0.2325,0.234,371015.1,1684978199999,87130.14016,518,154312.8,36237.9537,0
1684978200000,0.234,0.2365,0.2339,0.2363,123391.3,1684979099999,29050.03459,307,80945.8,19063.00682,0
1684979100000,0.2365,0.2375,0.2363,0.2368,86286.4,1684979999999,20429.42951,163,50431.0,11937.92203,0
1684980000000,0.237,0.2376,0.2362,0.2375,66818.6,1684980899999,15847.55589,92,40788.2,9676.62286,0
1684980900000,0.2373,0.2373,0.2363,0.2363,64076.9,1684981799999,15167.59742,55,20895.0,4945.04258,0
1684981800000,0.2363,0.2372,0.2362,0.2372,61449.2,1684982699999,14543.6051,143,42897.6,10154.76735,0
1684982700000,0.2372,0.2374,0.2368,0.2374,49770.1,1684983599999,11803.43775,93,23627.5,5604.35993,0
1684983600000,0.2374,0.2379,0.2372,0.2374,34943.5,1684984499999,8303.86427,45,21329.8,5070.66495,0
1684984500000,0.2374,0.2374,0.2365,0.2372,63312.8,1684985399999,14996.98123,79,34695.4,8215.35252,0
1684985400000,0.2373,0.238,0.2371,0.238,51725.0,1684986299999,12280.47539,67,29495.6,7006.83542,0
1684986300000,0.238,0.239,0.238,0.2387,49885.4,1684987199999,11896.78758,91,32506.2,7754.31314,0
1684987200000,0.2383,0.2386,0.2376,0.2385,66879.3,1684988099999,15917.35114,87,26988.9,6425.48725,0
1684988100000,0.2383,0.2389,0.2383,0.2384,85199.3,1684988999999,20316.53145,83,65344.9,15580.34155,0
1684989000000,0.2384,0.2395,0.2384,0.2392,39757.0,1684989899999,9499.55034,72,29492.7,7048.32774,0
1684989900000,0.2388,0.2395,0.2388,0.2394,85921.6,1684990799999,20548.12053,115,48661.1,11635.39708,0
1684990800000,0.2393,0.2396,0.2388,0.2388,52929.2,1684991699999,12664.04919,53,15860.5,3795.89202,0
1684991700000,0.2387,0.2396,0.2386,0.2396,43378.1,1684992599999,10369.18488,66,33628.3,8036.45076,0
1684992600000,0.2396,0.2403,0.2393,0.2398,63408.0,1684993499999,15211.06657,92,30436.6,7302.09335,0
1684993500000,0.2399,0.2407,0.2399,0.2405,50838.1,1684994399999,12214.83118,69,31541.3,7579.33681,0
1684994400000,0.2406,0.2407,0.2395,0.2396,133161.2,1684995299999,31962.13979,118,30643.0,7355.51715,0
1684995300000,0.2395,0.2397,0.2391,0.2391,54594.0,1684996199999,13069.53822,61,29537.5,7073.4326,0
1684996200000,0.2392,0.2397,0.239,0.2396,64825.5,1684997099999,15518.22516,81,34726.5,8312.02533,0
1684997100000,0.2395,0.2409,0.2395,0.2406,91766.4,1684997999999,22056.08452,93,69532.7,16709.59834,0
1684998000000,0.2406,0.2407,0.24,0.2402,43665.4,1684998899999,10495.72372,47,23137.0,5562.78504,0
1684998900000,0.2399,0.2406,0.2397,0.2399,44896.9,1684999799999,10782.14568,48,15172.2,3645.28571,0
1684999800000,0.24,0.24,0.2391,0.2392,58283.1,1685000699999,13963.64468,73,29281.2,7015.74515,0
1685000700000,0.2393,0.2395,0.2383,0.2384,75392.6,1685001599999,18023.87234,101,22077.2,5277.8718,0
1685001600000,0.2385,0.2399,0.2385,0.2391,63079.9,1685002499999,15080.50732,56,28918.7,6912.55636,0
1685002500000,0.2389,0.2393,0.2386,0.2388,55739.6,1685003399999,13318.39719,59,27795.3,6642.42237,0
1685003400000,0.2391,0.2394,0.2387,0.2391,75592.4,1685004299999,18068.71976,74,30420.2,7270.36554,0
1685004300000,0.2391,0.2394,0.2391,0.2392,32610.2,1685005199999,7801.44619,39,18783.2,4493.26402,0
1685005200000,0.2392,0.2397,0.239,0.2395,61168.3,1685006099999,14638.92227,42,31014.3,7421.45294,0
1685006100000,0.2393,0.2395,0.2389,0.2393,45627.7,1685006999999,10915.20856,41,16129.6,3858.82663,0
1685007000000,0.2394,0.2396,0.2393,0.2394,38792.1,1685007899999,9288.49995,40,13278.5,3179.6757,0
1685007900000,0.2393,0.2396,0.239,0.2395,37337.8,1685008799999,8938.83021,41,25403.8,6080.64623,0
1685008800000,0.2395,0.2395,0.2388,0.239,32098.1,1685009699999,7672.07524,20,16263.3,3884.57738,0
1685009700000,0.2389,0.2394,0.2387,0.2392,51686.0,1685010599999,12352.59164,61,25392.1,6068.63785,0
1685010600000,0.2393,0.2395,0.2393,0.2393,11458.9,1685011499999,2743.94433,15,9267.0,2219.38628,0
1685011500000,0.2394,0.2398,0.2394,0.2397,67532.3,1685012399999,16180.97451,52,38716.2,9278.19119,0
1685012400000,0.2396,0.2397,0.239,0.2394,33832.7,1685013299999,8096.73455,35,21429.3,5128.47727,0
1685013300000,0.2394,0.2398,0.2385,0.2385,83756.7,1685014199999,20024.33867,85,33223.5,7950.19729,0
1685014200000,0.2385,0.239,0.2384,0.2389,65778.5,1685015099999,15701.74976,60,46496.8,11098.15117,0
1685015100000,0.239,0.2402,0.2388,0.2399,116312.8,1685015999999,27888.13939,98,92370.1,22151.88389,0
1685016000000,0.2401,0.2416,0.2401,0.2414,256088.5,1685016899999,61758.2925,220,114911.4,27705.32397,0
1685016900000,0.2412,0.2414,0.2407,0.2407,80361.6,1685017799999,19376.33248,76,22351.4,5391.08896,0
1685017800000,0.2409,0.2409,0.2397,0.2401,81335.6,1685018699999,19526.82296,89,32977.1,7918.88771,0
1685018700000,0.2401,0.2401,0.2393,0.2394,49539.3,1685019599999,11868.50047,85,16941.8,4058.16285,0
1685019600000,0.2396,0.2397,0.2391,0.2394,71975.9,1685020499999,17231.41951,85,18136.8,4343.84375,0
1685020500000,0.2395,0.2401,0.2394,0.2397,81580.2,1685021399999,19558.06483,109,22699.1,5443.52068,0
1685021400000,0.2398,0.2399,0.2383,0.2387,178303.4,1685022299999,42623.22032,232,42423.9,10146.69986,0
1685022300000,0.2388,0.2392,0.238,0.2392,71844.2,1685023199999,17129.74535,109,46033.2,10980.25354,0
1685023200000,0.2392,0.2395,0.238,0.2384,77184.7,1685024099999,18425.98223,78,25374.5,6058.19743,0
1685024100000,0.2383,0.2391,0.2383,0.2391,60021.5,1685024999999,14329.7701,61,23952.5,5719.35389,0
1685025000000,0.2391,0.2393,0.2387,0.2387,40820.2,1685025899999,9759.68094,37,22624.7,5409.41912,0
1685025900000,0.239,0.2393,0.2385,0.2386,63493.7,1685026799999,15164.33526,55,32909.2,7857.45523,0
1685026800000,0.2389,0.2391,0.2384,0.2387,82463.8,1685027699999,19684.17693,145,39515.5,9431.84599,0
1685027700000,0.2388,0.239,0.2374,0.2374,91560.8,1685028599999,21786.52928,121,18945.3,4506.36835,0
1685028600000,0.2373,0.2378,0.2358,0.2366,128718.7,1685029499999,30468.79068,149,58639.9,13891.76251,0
1685029500000,0.2366,0.237,0.2363,0.2366,54404.5,1685030399999,12874.25467,47,33435.1,7911.33073,0
1685030400000,0.2368,0.2371,0.2363,0.2367,68566.5,1685031299999,16233.95357,95,30540.3,7231.25705,0
1685031300000,0.2367,0.2374,0.2365,0.2368,102012.4,1685032199999,24173.02047,126,36376.5,8624.51049,0
1685032200000,0.237,0.2372,0.2362,0.2365,125871.1,1685033099999,29820.40656,186,101049.7,23943.68497,0
1685033100000,0.2366,0.2367,0.2363,0.2363,61590.5,1685033999999,14568.15855,74,12701.1,3004.44543,0
1685034000000,0.2364,0.2369,0.236,0.236,120349.6,1685034899999,28444.72045,144,64397.9,15223.81419,0
1685034900000,0.2361,0.2368,0.236,0.2368,50964.9,1685035799999,12049.83551,78,21554.7,5096.37755,0
1685035800000,0.2367,0.2372,0.2363,0.2366,199331.9,1685036699999,47176.37945,185,87220.6,20644.76632,0
1685036700000,0.2365,0.2372,0.2365,0.2368,29312.0,1685037599999,6944.21179,63,12541.4,2972.52296,0
1685037600000,0.2371,0.2374,0.237,0.2371,64690.7,1685038499999,15341.49947,93,23076.8,5472.29959,0
1685038500000,0.237,0.2375,0.237,0.2375,56212.2,1685039399999,13342.67831,45,35309.9,8380.88716,0
1685039400000,0.2375,0.2376,0.2373,0.2374,43877.5,1685040299999,10420.09455,40,22743.7,5401.03315,0
1685040300000,0.2375,0.2378,0.2372,0.2377,35791.0,1685041199999,8496.50415,46,26247.7,6230.78228,0
1685041200000,0.2378,0.2399,0.2377,0.2398,145812.7,1685042099999,34845.58926,212,70035.5,16721.6535,0
1685042100000,0.2399,0.2401,0.239,0.239,100751.1,1685042999999,24139.14017,70,73038.1,17499.09965,0
1685043000000,0.2389,0.2392,0.2385,0.2392,71378.2,1685043899999,17049.19863,68,25563.1,6108.39572,0
1685043900000,0.239,0.2393,0.2389,0.2391,23808.7,1685044799999,5690.91957,33,18052.3,4314.44433,0
1685044800000,0.2391,0.2397,0.2384,0.2389,239395.7,1685045699999,57195.32354,244,49692.2,11875.01339,0
1685045700000,0.2388,0.2388,0.2384,0.2388,52954.8,1685046599999,12638.01193,117,31354.3,7483.2243,0
1685046600000,0.2387,0.2389,0.2382,0.2385,33525.6,1685047499999,7994.32424,89,24586.6,5862.78838,0
1685047500000,0.2385,0.2389,0.2384,0.2386,52715.5,1685048399999,12581.23876,113,42806.8,10217.33145,0
1685048400000,0.2384,0.2385,0.2381,0.2382,81856.0,1685049299999,19510.93322,142,33357.4,7951.17177,0
1685049300000,0.2382,0.2384,0.2375,0.2376,68901.7,1685050199999,16393.69562,142,34563.8,8226.84105,0
1685050200000,0.2376,0.2378,0.2372,0.2375,79775.8,1685051099999,18943.61122,110,48910.8,11614.33439,0
1685051100000,0.2373,0.2377,0.2371,0.2376,30869.2,1685051999999,7332.0825,80,26947.2,6401.88983,0
1685052000000,0.2374,0.238,0.2374,0.2377,30539.5,1685052899999,7261.66854,56,12340.4,2934.1746,0
1685052900000,0.2377,0.238,0.2373,0.2378,62750.9,1685053799999,14915.01708,81,38668.3,9190.94811,0
1685053800000,0.2378,0.2381,0.2377,0.2379,88200.4,1685054699999,20980.93887,101,53439.3,12712.80505,0
1685054700000,0.2378,0.2381,0.2378,0.2379,30892.3,1685055599999,7350.3312,34,15143.8,3602.90945,0
1685055600000,0.2379,0.2385,0.2376,0.2385,55637.7,1685056499999,13252.40014,60,34473.3,8211.06751,0
1685056500000,0.2386,0.2387,0.2381,0.2381,41050.8,1685057399999,9784.44999,40,16740.8,3990.69968,0
1685057400000,0.238,0.238,0.2374,0.2374,27252.1,1685058299999,6473.96455,26,10288.8,2444.01941,0
1685058300000,0.2374,0.2378,0.2374,0.2378,14469.8,1685059199999,3438.35388,17,13677.3,3249.9561,0
1685059200000,0.2378,0.2381,0.2365,0.2371,129104.9,1685060099999,30645.87014,121,52744.6,12532.83928,0
1685060100000,0.2372,0.2375,0.237,0.2372,36286.7,1685060999999,8608.15111,37,23338.1,5535.69937,0
1685061000000,0.2373,0.2375,0.2367,0.237,28400.9,1685061899999,6735.13518,30,15454.0,3663.96811,0
1685061900000,0.2371,0.2375,0.2366,0.2374,54560.6,1685062799999,12932.71504,50,18327.7,4343.67451,0
1685062800000,0.2374,0.2387,0.2374,0.2386,76890.7,1685063699999,18301.01626,107,50475.5,12012.9746,0
1685063700000,0.2385,0.2388,0.2372,0.2372,58197.9,1685064599999,13843.63835,79,18372.0,4366.10669,0
1685064600000,0.237,0.2378,0.237,0.2371,7953.1,1685065499999,1887.87259,10,4656.6,1106.09678,0
1685065500000,0.2369,0.2372,0.236,0.2365,86027.5,1685066399999,20348.21459,138,32665.4,7727.55675,0
1685066400000,0.2365,0.2367,0.2362,0.2362,94674.6,1685067299999,22391.48727,74,49691.4,11755.01964,0
1685067300000,0.2361,0.2369,0.2361,0.2368,37249.8,1685068199999,8806.80967,32,21975.2,5197.39212,0
1685068200000,0.2369,0.2374,0.2366,0.2372,53312.0,1685069099999,12628.65611,67,34576.0,8191.70536,0
1685069100000,0.2372,0.2372,0.2368,0.2371,46021.2,1685069999999,10904.96405,48,17607.0,4171.94383,0
1685070000000,0.2372,0.2377,0.2372,0.2376,46565.4,1685070899999,11056.70592,50,23005.0,5462.69624,0
1685070900000,0.2376,0.2384,0.2376,0.2384,13921.4,1685071799999,3314.05514,22,10528.5,2506.74736,0
1685071800000,0.2382,0.2384,0.2378,0.238,54507.3,1685072699999,12976.18434,51,24386.4,5805.32255,0
1685072700000,0.238,0.2381,0.2379,0.2379,21890.5,1685073599999,5209.19747,14,4317.5,1027.24843,0
1685073600000,0.2382,0.2384,0.238,0.2382,33452.9,1685074499999,7968.37839,28,6074.2,1446.57578,0
1685074500000,0.2381,0.2382,0.2373,0.2373,22781.7,1685075399999,5415.0468,27,2442.2,580.35399,0
1685075400000,0.2372,0.2376,0.2371,0.2371,53578.5,1685076299999,12714.09462,46,22988.0,5454.82691,0
1685076300000,0.2371,0.2378,0.2368,0.2369,25412.1,1685077199999,6030.78309,33,18963.0,4499.43698,0
1685077200000,0.237,0.2371,0.2364,0.2366,50556.0,1685078099999,11965.6596,36,16490.3,3903.4621,0
1685078100000,0.2366,0.2366,0.2355,0.2356,74394.8,1685078999999,17554.88124,69,35946.1,8482.27612,0
1685079000000,0.2357,0.2357,0.2349,0.2353,72157.0,1685079899999,16972.48408,75,26672.1,6272.47415,0
1685079900000,0.2353,0.2353,0.2348,0.2353,65225.2,1685080799999,15330.70645,71,46316.3,10885.65969,0
1685080800000,0.2353,0.236,0.2351,0.2359,57213.0,1685081699999,13467.70989,96,35293.9,8308.22127,0
1685081700000,0.236,0.2363,0.2356,0.2357,31717.2,1685082599999,7484.16014,37,23255.9,5486.87886,0
1685082600000,0.2357,0.2359,0.2354,0.2359,26176.5,1685083499999,6167.73945,31,10686.3,2518.66923,0
1685083500000,0.2361,0.2374,0.236,0.2374,90001.0,1685084399999,21289.58603,95,43310.6,10248.76248,0
1685084400000,0.2373,0.2375,0.2371,0.2372,23759.5,1685085299999,5638.4356,35,6697.5,1589.98653,0
1685085300000,0.2375,0.2375,0.2367,0.2374,31992.7,1685086199999,7586.24487,34,14546.5,3448.45649,0
1685086200000,0.2373,0.2385,0.2373,0.2381,71246.2,1685087099999,16974.71038,78,26660.3,6349.1889,0
1685087100000,0.2381,0.2388,0.2379,0.2385,46106.0,1685087999999,10994.09774,53,28160.7,6715.05326,0
1685088000000,0.2386,0.2386,0.2378,0.2386,40525.7,1685088899999,9661.63669,37,5909.7,1407.74402,0
1685088900000,0.2386,0.2386,0.2382,0.2386,51483.7,1685089799999,12276.80653,45,13840.0,3301.03454,0
1685089800000,0.2387,0.2391,0.2386,0.2387,50310.8,1685090699999,12015.03674,63,34483.8,8234.56005,0
1685090700000,0.2387,0.2395,0.2386,0.239,29094.6,1685091599999,6954.62947,35,19786.0,4727.99343,0
1685091600000,0.239,0.2391,0.2386,0.2388,25859.0,1685092499999,6175.34288,23,9632.8,2300.58029,0
1685092500000,0.2388,0.2391,0.2386,0.2388,43150.0,1685093399999,10305.14512,34,20952.0,5004.3218,0
1685093400000,0.2388,0.2393,0.2388,0.2389,82313.9,1685094299999,19673.84273,63,14695.8,3513.6273,0
1685094300000,0.2389,0.2389,0.2381,0.2384,36201.6,1685095199999,8635.69967,32,13201.7,3149.81319,0
1685095200000,0.2384,0.2386,0.2379,0.2381,77614.9,1685096099999,18478.18718,72,32517.2,7743.38102,0
1685096100000,0.238,0.2385,0.2376,0.2383,79152.0,1685096999999,18849.00435,57,19725.0,4697.46401,0
1685097000000,0.2382,0.2386,0.2379,0.2382,112329.6,1685097899999,26758.0593,99,44074.1,10496.8507,0
1685097900000,0.2382,0.2383,0.2378,0.2378,44680.0,1685098799999,10637.89332,41,14613.8,3481.33808,0
1685098800000,0.2378,0.2383,0.2378,0.2378,68457.5,1685099699999,16297.89249,43,46891.4,11162.55783,0
1685099700000,0.2378,0.2381,0.2376,0.2378,29980.6,1685100599999,7129.41479,28,17999.1,4280.09059,0
1685100600000,0.2375,0.2376,0.2373,0.2374,29467.5,1685101499999,6995.82872,28,14430.7,3426.28478,0
1685101500000,0.2376,0.2386,0.2376,0.2379,81251.3,1685102399999,19351.51916,86,30953.0,7373.41753,0
1685102400000,0.2383,0.2383,0.238,0.2382,33920.4,1685103299999,8077.92081,33,16496.9,3928.49185,0
1685103300000,0.2381,0.2383,0.2381,0.2383,45528.6,1685104199999,10844.59221,34,21002.4,5002.90666,0
1685104200000,0.2382,0.2389,0.237,0.2376,209395.3,1685105099999,49864.51045,252,108803.8,25916.13253,0
1685105100000,0.2379,0.2384,0.2377,0.2382,44674.4,1685105999999,10637.93941,57,26141.3,6224.43519,0
1685106000000,0.2382,0.239,0.2382,0.2389,58472.6,1685106899999,13950.17454,63,21465.8,5122.12881,0
1685106900000,0.2388,0.2388,0.2382,0.2382,39388.8,1685107799999,9389.15605,35,15456.9,3684.53028,0
1685107800000,0.2383,0.2393,0.2382,0.2387,66165.5,1685108699999,15804.70813,67,33857.9,8090.45183,0
1685108700000,0.2389,0.2389,0.2382,0.2383,53300.8,1685109599999,12717.53355,52,22017.9,5254.69002,0
1685109600000,0.2386,0.2391,0.2385,0.2386,63836.3,1685110499999,15237.92338,79,31418.1,7500.43236,0
1685110500000,0.2388,0.2403,0.2387,0.2399,85273.0,1685111399999,20440.96172,109,49597.7,11884.45116,0
1685111400000,0.2401,0.2408,0.2399,0.2399,95230.6,1685112299999,22888.65297,99,43332.8,10413.26393,0
1685112300000,0.2399,0.2406,0.2399,0.2403,78324.9,1685113199999,18823.48946,70,38873.4,9343.23013,0
1685113200000,0.2404,0.2408,0.2403,0.2407,63593.9,1685114099999,15295.44976,60,24707.3,5944.03538,0
1685114100000,0.2406,0.2406,0.2399,0.2404,35947.2,1685114999999,8633.90243,50,16055.2,3855.89437,0
1685115000000,0.2406,0.241,0.2403,0.2406,80786.9,1685115899999,19439.25893,75,54619.1,13143.26094,0
1685115900000,0.2407,0.2407,0.2399,0.2402,18189.4,1685116799999,4368.99803,22,2929.2,704.81113,0
1685116800000,0.2403,0.2406,0.24,0.2401,50151.2,1685117699999,12053.11777,50,19787.8,4756.99774,0
1685117700000,0.2401,0.2408,0.2399,0.2407,90702.6,1685118599999,21793.10117,71,36653.1,8814.48856,0
1685118600000,0.2405,0.2406,0.2402,0.2403,21969.3,1685119499999,5281.30292,32,3789.2,911.43254,0
1685119500000,0.2404,0.2407,0.2404,0.2404,29255.4,1685120399999,7036.98618,39,9876.3,2376.11556,0
1685120400000,0.2405,0.2407,0.2404,0.2407,12007.8,1685121299999,2887.80965,16,8026.2,1930.45362,0
1685121300000,0.2407,0.2408,0.2396,0.2398,48822.7,1685122199999,11724.71758,45,22247.5,5344.51632,0
1685122200000,0.2396,0.2396,0.2386,0.2386,43027.4,1685123099999,10288.22472,47,14226.4,3400.98122,0
1685123100000,0.2385,0.2386,0.2379,0.2383,109433.3,1685123999999,26082.28596,98,28730.1,6847.83521,0
1685124000000,0.2384,0.2387,0.238,0.2387,56768.4,1685124899999,13524.06446,84,34101.1,8124.14634,0
1685124900000,0.2387,0.2395,0.2382,0.2393,105997.4,1685125799999,25318.96831,127,51708.8,12353.32772,0
1685125800000,0.2393,0.24,0.239,0.2397,91004.0,1685126699999,21795.0418,93,43513.5,10415.95154,0
1685126700000,0.2396,0.2403,0.2396,0.2401,48169.3,1685127599999,11561.38083,97,26352.7,6327.2239,0
1685127600000,0.2402,0.2403,0.2398,0.24,37249.3,1685128499999,8943.85821,59,10732.8,2577.24723,0
1685128500000,0.24,0.2403,0.24,0.2401,23685.5,1685129399999,5689.28784,35,10139.2,2435.52322,0
1685129400000,0.2402,0.2403,0.2398,0.2401,92531.2,1685130299999,22206.79879,75,32689.6,7845.25184,0
1685130300000,0.2401,0.2403,0.2398,0.2398,79361.8,1685131199999,19045.56441,58,8521.0,2045.1421,0
1685131200000,0.2401,0.2404,0.2401,0.2402,51983.8,1685132099999,12490.37936,45,22865.9,5493.8289,0
1685132100000,0.2404,0.2405,0.24,0.24,27821.1,1685132999999,6685.29827,25,5403.6,1299.17254,0
1685133000000,0.2402,0.2404,0.24,0.2404,24822.6,1685133899999,5960.48124,31,1865.6,448.03474,0
1685133900000,0.2403,0.2405,0.2402,0.2403,95383.6,1685134799999,22928.14687,96,27644.8,6647.13618,0
1685134800000,0.2402,0.2404,0.2399,0.24,23917.9,1685135699999,5745.78707,22,6354.0,1527.3614,0
1685135700000,0.24,0.2401,0.2393,0.2393,23029.1,1685136599999,5519.84216,28,5420.6,1298.34866,0
1685136600000,0.2393,0.2398,0.2393,0.2394,84066.1,1685137499999,20129.59257,74,13914.8,3333.50853,0
1685137500000,0.2394,0.2394,0.2394,0.2394,386.7,1685138399999,92.57598,1,0.0,0.0,0
1685138400000,0.2396,0.24,0.2396,0.2399,24909.3,1685139299999,5971.73917,31,16864.8,4043.13677,0
1685139300000,0.2399,0.24,0.2398,0.24,5310.5,1685140199999,1273.9679,7,1289.5,309.48,0
1685140200000,0.2399,0.2399,0.2398,0.2399,27107.2,1685141099999,6502.78285,27,14697.1,3525.83429,0
1685141100000,0.2396,0.2396,0.2389,0.2389,24217.3,1685141999999,5800.88185,29,13204.1,3163.14204,0
1685142000000,0.2389,0.2392,0.2389,0.2392,2230.2,1685142899999,532.91031,5,385.1,92.11592,0
1685142900000,0.2394,0.2396,0.2393,0.2393,16216.1,1685143799999,3882.20909,16,8166.4,1955.47705,0
1685143800000,0.2394,0.2395,0.239,0.2394,18830.5,1685144699999,4507.46637,26,8825.0,2112.38631,0
1685144700000,0.2394,0.2394,0.239,0.239,7287.9,1685145599999,1744.25013,9,41.8,10.00274,0
1685145600000,0.2391,0.2393,0.2387,0.239,23535.8,1685146499999,5623.0279,25,14378.2,3434.59503,0
1685146500000,0.239,0.239,0.2382,0.2385,140848.5,1685147399999,33609.24946,104,72013.0,17191.79106,0
1685147400000,0.2384,0.2388,0.238,0.2386,8302.3,1685148299999,1980.87394,11,2406.3,574.2126,0
1685148300000,0.2386,0.2391,0.2385,0.2388,43317.8,1685149199999,10340.77769,49,31442.8,7506.91399,0
1685149200000,0.2391,0.2392,0.2388,0.2389,18186.0,1685150099999,4344.76715,16,11222.1,2680.95969,0
1685150100000,0.239,0.2396,0.239,0.2395,18081.8,1685150999999,4325.832,25,4913.3,1176.76852,0
1685151000000,0.2394,0.2397,0.2393,0.2396,40342.8,1685151899999,9657.50192,32,7271.5,1741.68394,0
1685151900000,0.2395,0.2396,0.2395,0.2396,1882.0,1685152799999,450.9071,5,1882.0,450.9071,0
1685152800000,0.2396,0.2404,0.2396,0.2399,63076.2,1685153699999,15135.55708,55,49806.3,11950.69293,0
1685153700000,0.2399,0.24,0.2399,0.24,3756.0,1685154599999,901.39586,3,3314.6,795.504,0
1685154600000,0.24,0.2405,0.24,0.2404,14299.3,1685155499999,3435.80215,29,8209.4,1972.20724,0
1685155500000,0.2404,0.241,0.2404,0.241,39469.3,1685156399999,9508.74379,39,31895.4,7685.70719,0
1685156400000,0.2409,0.241,0.2405,0.241,12603.5,1685157299999,3034.56557,27,8904.2,2144.29132,0
1685157300000,0.241,0.2415,0.241,0.2413,24396.0,1685158199999,5886.99995,60,19746.1,4765.01488,0
1685158200000,0.2413,0.2419,0.2411,0.2417,8614.0,1685159099999,2080.20282,47,5258.3,1269.77409,0
1685159100000,0.2416,0.2418,0.2414,0.2416,50946.0,1685159999999,12307.61902,74,15529.3,3752.63116,0
1685160000000,0.2416,0.2419,0.2413,0.2416,32016.9,1685160899999,7737.45929,58,11750.4,2839.4778,0
1685160900000,0.2414,0.2417,0.2407,0.2415,78609.7,1685161799999,18958.36193,104,24947.9,6019.96016,0
1685161800000,0.2415,0.2423,0.2415,0.242,41205.9,1685162699999,9960.94563,77,19499.3,4714.07253,0
1685162700000,0.242,0.2422,0.2413,0.2418,41614.2,1685163599999,10057.79301,71,34275.6,8283.74062,0
1685163600000,0.2417,0.2418,0.2411,0.2415,49642.1,1685164499999,11982.84088,67,26538.0,6407.42318,0
1685164500000,0.2413,0.2416,0.2412,0.2412,24400.2,1685165399999,5892.37776,48,936.1,225.97454,0
1685165400000,0.2412,0.2414,0.2403,0.2405,36225.1,1685166299999,8729.47606,67,14276.9,3443.52955,0
1685166300000,0.2405,0.241,0.2404,0.2404,19768.3,1685167199999,4759.61349,80,4405.7,1061.35117,0
1685167200000,0.2407,0.2408,0.2404,0.2404,27415.0,1685168099999,6597.27219,80,3674.1,884.51927,0
1685168100000,0.2404,0.2404,0.2397,0.2397,18749.9,1685168999999,4498.9493,92,974.0,233.82365,0
1685169000000,0.2398,0.24,0.2394,0.2398,56320.9,1685169899999,13502.4321,116,23019.2,5521.70892,0
1685169900000,0.2397,0.2407,0.2396,0.2401,94509.7,1685170799999,22695.72737,135,38472.3,9244.5491,0
1685170800000,0.24,0.2402,0.2395,0.2395,46698.0,1685171699999,11193.65439,107,19888.7,4766.66194,0
1685171700000,0.2395,0.2396,0.2389,0.239,49117.8,1685172599999,11751.74534,106,14751.4,3532.64258,0
1685172600000,0.239,0.2393,0.2388,0.2391,65746.8,1685173499999,15712.94796,131,27093.6,6477.40667,0
1685173500000,0.2393,0.2395,0.2386,0.2391,40573.6,1685174399999,9699.2544,80,18048.4,4315.21602,0
1685174400000,0.239,0.2393,0.2383,0.2384,39409.6,1685175299999,9406.10427,72,9672.1,2312.89003,0
1685175300000,0.2385,0.239,0.2383,0.2387,63163.8,1685176199999,15080.06696,81,31699.9,7570.99199,0
1685176200000,0.2387,0.239,0.2384,0.2385,64605.6,1685177099999,15416.05826,76,22478.7,5363.41139,0
1685177100000,0.2385,0.2387,0.238,0.238,30207.3,1685177999999,7197.99538,67,14587.6,3477.62407,0
1685178000000,0.2381,0.2391,0.2381,0.2389,41007.0,1685178899999,9786.2598,82,31336.6,7478.22143,0
1685178900000,0.2389,0.2396,0.2387,0.2387,103108.8,1685179799999,24680.28676,123,69898.9,16732.09858,0
1685179800000,0.2389,0.2396,0.2388,0.2389,47251.9,1685180699999,11297.54048,90,26492.9,6334.79058,0
1685180700000,0.2389,0.2394,0.2386,0.2387,19740.9,1685181599999,4717.04657,51,1705.5,407.64794,0
1685181600000,0.2387,0.2395,0.2387,0.2387,24017.6,1685182499999,5744.33436,67,5584.6,1335.8056,0
1685182500000,0.2387,0.2394,0.2387,0.2389,33850.2,1685183399999,8092.87729,72,21239.2,5078.29387,0
1685183400000,0.239,0.2391,0.2388,0.239,39695.8,1685184299999,9485.56132,68,8974.1,2144.83918,0
1685184300000,0.239,0.2391,0.2386,0.239,48942.4,1685185199999,11691.38756,70,17678.9,4223.33331,0
1685185200000,0.2388,0.2392,0.2387,0.2391,23613.4,1685186099999,5642.44103,53,9390.6,2243.68963,0
1685186100000,0.2391,0.2393,0.2384,0.2388,29235.8,1685186999999,6981.14337,62,9524.8,2274.31057,0
1685187000000,0.2386,0.2389,0.2386,0.2387,13268.3,1685187899999,3168.18565,46,5877.6,1403.59188,0
1685187900000,0.2387,0.2391,0.2386,0.2387,14640.6,1685188799999,3497.29554,58,3663.6,875.51231,0
1685188800000,0.2386,0.2389,0.2384,0.2387,16717.9,1685189699999,3990.89996,49,11317.8,2701.68178,0
1685189700000,0.2387,0.2391,0.2385,0.2389,51430.0,1685190599999,12272.05642,70,12330.3,2942.60856,0
1685190600000,0.2389,0.2391,0.2386,0.2387,14153.6,1685191499999,3381.65077,56,8238.0,1968.76833,0
1685191500000,0.2388,0.2392,0.2386,0.2391,48505.9,1685192399999,11590.11823,78,36629.0,8753.13342,0
1685192400000,0.239,0.2393,0.2389,0.239,13510.9,1685193299999,3231.83329,62,6542.8,1565.62969,0
1685193300000,0.2389,0.2391,0.2386,0.2387,26469.1,1685194199999,6321.97013,70,13820.5,3301.77818,0
1685194200000,0.2388,0.239,0.2386,0.2386,22145.1,1685195099999,5289.59779,64,15484.3,3698.95597,0
1685195100000,0.2386,0.2388,0.2366,0.2372,122950.8,1685195999999,29199.84873,202,39515.0,9382.05079,0
1685196000000,0.2372,0.2382,0.2371,0.2382,77708.8,1685196899999,18475.15818,118,64820.5,15410.84576,0
1685196900000,0.2383,0.2387,0.2376,0.2386,45109.6,1685197799999,10745.67989,105,14600.7,3479.37491,0
1685197800000,0.2385,0.2386,0.238,0.2381,17847.4,1685198699999,4253.46206,49,5144.2,1226.43462,0
1685198700000,0.2379,0.2395,0.2379,0.2395,867001.1,1685199599999,207302.70382,914,670367.4,160326.79672,0
1685199600000,0.2395,0.2396,0.2391,0.2391,52298.7,1685200499999,12512.43899,82,6011.7,1438.59515,0
1685200500000,0.2391,0.2396,0.2388,0.2388,109462.0,1685201399999,26202.33012,161,12193.1,2917.78941,0
1685201400000,0.2389,0.2394,0.2389,0.2392,26528.3,1685202299999,6343.81394,62,8104.6,1938.26745,0
1685202300000,0.2392,0.2394,0.2392,0.2392,29247.5,1685203199999,7000.18004,74,0.0,0.0,0
1685203200000,0.2392,0.2394,0.239,0.2391,48672.4,1685204099999,11642.22277,81,25155.2,6017.37971,0
1685204100000,0.2391,0.2391,0.2384,0.2386,126765.0,1685204999999,30257.95418,147,37643.9,8985.07799,0
1685205000000,0.2386,0.2386,0.2377,0.2382,91222.3,1685205899999,21715.1019,141,37626.7,8952.54163,0
1685205900000,0.2382,0.2385,0.2381,0.2384,67295.4,1685206799999,16037.20609,100,31681.1,7549.81606,0
1685206800000,0.2383,0.2386,0.2383,0.2385,85437.1,1685207699999,20376.08116,106,43216.1,10309.25245,0
1685207700000,0.2385,0.2387,0.238,0.238,142077.6,1685208599999,33863.3468,140,56798.8,13534.8887,0
1685208600000,0.238,0.2389,0.238,0.2388,88533.2,1685209499999,21112.2393,113,58918.8,14048.30019,0
1685209500000,0.2388,0.2392,0.2388,0.2388,55400.5,1685210399999,13238.57149,111,26298.3,6284.8141,0
1685210400000,0.2388,0.239,0.2387,0.2388,111047.0,1685211299999,26515.81916,150,53532.4,12784.09211,0
1685211300000,0.2388,0.2391,0.2385,0.2387,88390.0,1685212199999,21110.69853,128,42237.3,10088.37732,0
1685212200000,0.2387,0.2398,0.2387,0.2395,97167.3,1685213099999,23249.31363,123,72606.2,17374.42568,0
1685213100000,0.2397,0.2397,0.2382,0.2382,80310.6,1685213999999,19173.10175,112,40925.7,9770.72586,0
1685214000000,0.2383,0.2389,0.2383,0.2383,67068.2,1685214899999,15996.58329,101,35251.4,8407.66036,0
1685214900000,0.2383,0.2385,0.2383,0.2383,41763.5,1685215799999,9954.41335,83,12116.3,2889.00566,0
1685215800000,0.2384,0.2385,0.2382,0.2383,69244.2,1685216699999,16500.91566,125,19057.3,4542.06842,0
1685216700000,0.2382,0.2385,0.2382,0.2383,20968.1,1685217599999,4998.45697,80,9852.9,2349.24886,0
1685217600000,0.2383,0.2385,0.2383,0.2384,36897.6,1685218499999,8796.1911,90,13284.1,3167.23714,0
1685218500000,0.2384,0.2386,0.2381,0.2384,45105.1,1685219399999,10750.16674,89,14643.1,3490.0404,0
1685219400000,0.2384,0.2384,0.2381,0.2383,42093.1,1685220299999,10030.73316,86,13826.5,3294.83562,0
1685220300000,0.2383,0.2383,0.238,0.2382,30829.3,1685221199999,7342.32324,85,10727.4,2554.324,0
1685221200000,0.2383,0.2386,0.2382,0.2384,20913.4,1685222099999,4986.60187,63,2124.5,506.57235,0
1685222100000,0.2384,0.2384,0.2382,0.2382,12991.2,1685222999999,3096.4118,37,0.0,0.0,0
1685223000000,0.2382,0.2388,0.2381,0.2387,32771.9,1685223899999,7813.57444,52,10022.3,2391.94779,0
1685223900000,0.2386,0.2391,0.2386,0.2391,12276.5,1685224799999,2932.04592,52,4940.4,1180.14552,0
1685224800000,0.2391,0.2409,0.239,0.2404,217264.7,1685225699999,52132.1191,276,159199.0,38186.61649,0
1685225700000,0.2403,0.2414,0.2403,0.2414,101487.3,1685226599999,24448.10006,120,59633.9,14365.53355,0
1685226600000,0.2413,0.2431,0.2413,0.2426,191887.4,1685227499999,46485.74934,247,108635.6,26311.70219,0
1685227500000,0.2427,0.2442,0.2423,0.2438,204850.8,1685228399999,49890.91249,289,94326.5,22970.37871,0
1685228400000,0.2438,0.2438,0.2426,0.2427,81048.3,1685229299999,19693.85188,101,36023.9,8748.76091,0
1685229300000,0.2428,0.2436,0.2428,0.2435,20820.7,1685230199999,5064.1874,53,7414.8,1803.64501,0
1685230200000,0.2436,0.2442,0.2435,0.2439,66433.7,1685231099999,16197.33516,88,24790.3,6046.32134,0
1685231100000,0.244,0.2446,0.2439,0.2444,39656.4,1685231999999,9686.71439,82,14656.2,3581.12386,0
1685232000000,0.2444,0.2444,0.2432,0.2434,126935.1,1685232899999,30916.63715,146,43676.8,10640.12642,0
1685232900000,0.2434,0.2435,0.2423,0.2432,123241.2,1685233799999,29915.07559,130,53435.4,12972.84957,0
1685233800000,0.2432,0.2456,0.2431,0.2451,279648.9,1685234699999,68425.24104,357,126688.8,30982.86038,0
1685234700000,0.2454,0.2459,0.2444,0.2456,207397.8,1685235599999,50834.53143,224,73528.4,18020.80578,0
1685235600000,0.2457,0.2469,0.2455,0.2456,94600.6,1685236499999,23286.97239,156,47455.7,11684.51633,0
1685236500000,0.2457,0.2458,0.2453,0.2457,34728.4,1685237399999,8529.25074,76,8037.5,1974.25119,0
1685237400000,0.2457,0.2462,0.2452,0.2459,92497.5,1685238299999,22739.22931,105,39352.9,9674.44944,0
1685238300000,0.2459,0.2459,0.2453,0.2454,50514.6,1685239199999,12405.3827,80,23241.9,5707.75612,0
1685239200000,0.2455,0.2459,0.245,0.2452,59046.3,1685240099999,14491.21965,90,37663.6,9244.38697,0
1685240100000,0.2453,0.2458,0.2452,0.2457,70636.0,1685240999999,17338.11703,66,58721.7,14412.97905,0
1685241000000,0.2458,0.2463,0.2451,0.2453,41098.8,1685241899999,10100.31052,82,17063.0,4195.29642,0
1685241900000,0.2452,0.2455,0.2452,0.2453,37749.8,1685242799999,9260.55705,97,10064.1,2469.41713,0
1685242800000,0.2453,0.2455,0.245,0.245,25745.1,1685243699999,6314.21619,78,63.3,15.54015,0
1685243700000,0.2452,0.2454,0.2451,0.2453,17863.1,1685244599999,4380.73201,80,3982.9,976.87477,0
1685244600000,0.2453,0.2463,0.2453,0.2462,77655.5,1685245499999,19085.6805,131,50811.0,12487.08668,0
1685245500000,0.2461,0.2466,0.2456,0.2457,52366.1,1685246399999,12895.61287,104,17890.9,4405.04024,0
1685246400000,0.246,0.2464,0.246,0.246,48268.4,1685247299999,11884.00944,90,17786.2,4378.82354,0
1685247300000,0.246,0.2465,0.2457,0.2457,60779.5,1685248199999,14962.56334,107,27862.5,6861.32426,0
1685248200000,0.2457,0.2461,0.2454,0.2454,54940.7,1685249099999,13507.10444,82,27676.7,6805.37249,0
1685249100000,0.2454,0.2455,0.2449,0.2449,18329.0,1685249999999,4493.13486,48,553.8,135.81266,0
1685250000000,0.2449,0.2451,0.2445,0.2449,40137.6,1685250899999,9820.9047,65,6292.4,1540.21976,0
1685250900000,0.2449,0.2457,0.2449,0.2452,23189.0,1685251799999,5687.41954,58,12806.1,3140.74105,0
1685251800000,0.2452,0.2452,0.2444,0.2445,84181.4,1685252699999,20612.3546,96,14156.6,3465.95208,0
1685252700000,0.2445,0.2453,0.2445,0.2452,15627.3,1685253599999,3827.93938,48,11045.2,2705.26006,0
1685253600000,0.2453,0.2455,0.245,0.245,23425.4,1685254499999,5741.85786,59,3519.3,863.08314,0
1685254500000,0.245,0.2453,0.245,0.2451,5788.2,1685255399999,1418.54424,34,2274.3,557.51824,0
1685255400000,0.2451,0.2452,0.2448,0.2449,29671.5,1685256299999,7270.17017,58,7715.9,1891.81746,0
1685256300000,0.245,0.2451,0.2446,0.2447,38361.5,1685257199999,9393.7694,71,25946.9,6353.86977,0
1685257200000,0.2447,0.2452,0.2446,0.2447,17261.0,1685258099999,4226.07275,51,5527.1,1353.37077,0
1685258100000,0.2448,0.2449,0.2444,0.2447,22430.8,1685258999999,5490.15813,54,10385.5,2542.46139,0
1685259000000,0.2448,0.245,0.2444,0.2446,30058.1,1685259899999,7352.68654,50,8493.4,2079.4308,0
1685259900000,0.2446,0.245,0.2444,0.2446,30885.3,1685260799999,7556.83294,67,18333.8,4485.80744,0
1685260800000,0.2447,0.2452,0.2446,0.2448,71380.5,1685261699999,17490.31212,88,44548.9,10916.45484,0
1685261700000,0.2448,0.2448,0.2432,0.244,812883.0,1685262599999,198263.84764,838,296510.9,72345.88579,0
1685262600000,0.244,0.244,0.2434,0.2434,78498.9,1685263499999,19126.77131,119,24593.5,5992.17677,0
1685263500000,0.2434,0.2439,0.2434,0.2438,103564.1,1685264399999,25229.6267,139,56731.9,13822.95343,0
1685264400000,0.244,0.2443,0.2437,0.2437,40719.1,1685265299999,9936.96592,61,21677.5,5292.12752,0
1685265300000,0.2437,0.2438,0.2433,0.2434,70603.0,1685266199999,17200.61625,100,21360.4,5204.28134,0
1685266200000,0.2434,0.2438,0.2429,0.2429,50882.5,1685267099999,12385.16902,100,14161.1,3448.23843,0
1685267100000,0.2429,0.2431,0.2427,0.2428,38899.4,1685267999999,9447.70801,64,11728.5,2848.71189,0
1685268000000,0.2431,0.2432,0.2426,0.2426,24006.1,1685268899999,5828.92598,54,4044.3,982.21866,0
1685268900000,0.2428,0.2436,0.2428,0.2434,50804.5,1685269799999,12356.74147,102,25619.6,6232.12841,0
1685269800000,0.2435,0.2444,0.2435,0.244,87024.2,1685270699999,21232.19269,101,54074.1,13191.8371,0
1685270700000,0.2442,0.2442,0.2431,0.2431,34375.3,1685271599999,8374.23024,93,4330.0,1056.82836,0
1685271600000,0.2434,0.2436,0.2428,0.2428,26337.8,1685272499999,6404.6212,81,7969.4,1937.92722,0
1685272500000,0.2428,0.2431,0.2408,0.2413,324323.0,1685273399999,78440.51159,421,79596.2,19283.63673,0
1685273400000,0.2414,0.2418,0.2412,0.2415,71197.5,1685274299999,17189.86507,145,29775.2,7187.92785,0
1685274300000,0.2414,0.2417,0.2411,0.2412,63977.8,1685275199999,15441.12437,121,14747.6,3561.76492,0
1685275200000,0.2413,0.2418,0.2411,0.2417,137886.4,1685276099999,33306.42103,183,63194.3,15262.30264,0
1685276100000,0.2418,0.2418,0.2409,0.2412,108829.8,1685276999999,26263.7451,145,34218.2,8256.70651,0
1685277000000,0.2412,0.2412,0.2403,0.2404,75853.0,1685277899999,18256.11268,155,22986.2,5534.53715,0
1685277900000,0.2407,0.2409,0.2403,0.2406,38987.1,1685278799999,9378.6954,59,15278.3,3673.6345,0
1685278800000,0.2405,0.2407,0.2404,0.2405,52479.7,1685279699999,12621.71582,69,11966.3,2878.44317,0
1685279700000,0.2405,0.2411,0.2404,0.241,48619.8,1685280599999,11705.37282,78,16086.0,3873.18351,0
1685280600000,0.2411,0.2415,0.2409,0.241,20676.2,1685281499999,4987.61515,76,10335.6,2493.17388,0
1685281500000,0.241,0.2413,0.241,0.2412,11199.2,1685282399999,2701.33935,64,5119.4,1235.15222,0
1685282400000,0.2412,0.2412,0.2409,0.2412,25055.5,1685283299999,6038.58468,64,5590.9,1347.6533,0
1685283300000,0.2412,0.2412,0.2408,0.2409,64347.5,1685284199999,15505.62078,82,17203.7,4147.00915,0
1685284200000,0.2408,0.2414,0.2408,0.2413,50476.9,1685285099999,12176.10065,90,36044.3,8695.30853,0
1685285100000,0.2413,0.2415,0.2409,0.2411,33269.3,1685285999999,8024.48003,60,12318.8,2971.26307,0
1685286000000,0.2411,0.2414,0.2408,0.2413,91174.2,1685286899999,21970.58949,89,42310.6,10193.25893,0
1685286900000,0.2412,0.2416,0.2412,0.2415,32987.5,1685287799999,7962.74634,65,17561.8,4239.53256,0
1685287800000,0.2415,0.2419,0.2414,0.2415,105656.2,1685288699999,25541.45143,152,72760.8,17592.47527,0
1685288700000,0.2417,0.2423,0.2415,0.2423,45911.7,1685289599999,11103.42296,99,33538.9,8112.47287,0
1685289600000,0.2421,0.2426,0.2419,0.2422,111568.4,1685290499999,27028.06812,179,51542.1,12489.82121,0
1685290500000,0.2422,0.2422,0.2411,0.242,57937.5,1685291399999,14004.51068,107,25925.7,6266.14057,0
1685291400000,0.2419,0.2424,0.2417,0.2421,74600.6,1685292299999,18063.0071,138,44797.3,10848.29213,0
1685292300000,0.2421,0.2425,0.2421,0.2422,30726.2,1685293199999,7444.04778,60,14552.9,3525.39759,0
1685293200000,0.2422,0.2424,0.2415,0.2419,20818.4,1685294099999,5034.92229,63,4706.9,1138.50914,0
1685294100000,0.2418,0.242,0.2418,0.2419,30712.5,1685294999999,7428.16073,53,4391.1,1062.61632,0
1685295000000,0.2418,0.2427,0.2418,0.2424,105952.9,1685295899999,25679.06354,148,44371.0,10751.63799,0
1685295900000,0.2424,0.2426,0.2421,0.2422,85023.0,1685296799999,20603.84605,124,23730.1,5751.41307,0
1685296800000,0.2422,0.2426,0.242,0.2424,59910.3,1685297699999,14512.2267,88,36957.8,8953.14832,0
1685297700000,0.2424,0.2441,0.2424,0.2435,236028.3,1685298599999,57464.99811,351,121463.2,29562.49221,0
1685298600000,0.2435,0.2445,0.2434,0.2445,88615.7,1685299499999,21619.55451,145,62772.3,15317.29936,0
1685299500000,0.2443,0.2445,0.2438,0.2438,94852.9,1685300399999,23160.91792,136,24893.9,6079.23344,0
1685300400000,0.2438,0.244,0.2432,0.2436,115279.2,1685301299999,28095.10084,164,40168.1,9790.96547,0
1685301300000,0.2437,0.2443,0.2436,0.2439,166119.9,1685302199999,40524.1719,191,124312.1,30319.98643,0
1685302200000,0.244,0.2444,0.2436,0.2439,47367.1,1685303099999,11557.10387,96,17865.6,4359.13647,0
1685303100000,0.2436,0.2436,0.2426,0.243,157646.5,1685303999999,38298.99601,230,76070.5,18483.02745,0
1685304000000,0.2432,0.2438,0.2431,0.2435,57634.4,1685304899999,14030.22662,101,27925.4,6801.23832,0
1685304900000,0.2436,0.2443,0.2435,0.244,82548.3,1685305799999,20132.6689,143,49891.7,12168.17374,0
1685305800000,0.2438,0.2443,0.2438,0.2442,37807.7,1685306699999,9227.10928,73,15080.2,3680.74763,0
1685306700000,0.2442,0.2444,0.2439,0.2439,60139.2,1685307599999,14686.66797,119,10423.6,2545.81056,0
1685307600000,0.2441,0.2442,0.2436,0.2437,54514.2,1685308499999,13294.44756,83,26151.3,6378.92662,0
1685308500000,0.2439,0.244,0.2435,0.2436,80191.1,1685309399999,19550.9578,133,31176.0,7600.80108,0
1685309400000,0.2436,0.2439,0.2434,0.2437,93244.5,1685310299999,22721.35303,123,43496.1,10600.47816,0
1685310300000,0.2438,0.2456,0.2438,0.2456,215560.3,1685311199999,52775.43095,350,120128.4,29425.31001,0
1685311200000,0.2456,0.2498,0.2456,0.249,894916.3,1685312099999,222070.6167,1287,451092.8,111846.14588,0
1685312100000,0.2491,0.2521,0.2491,0.2509,412782.4,1685312999999,103574.58015,671,169614.3,42535.10921,0
1685313000000,0.2509,0.2538,0.2503,0.2536,729129.3,1685313899999,183665.60234,927,408728.2,103067.95637,0
1685313900000,0.2537,0.2538,0.2484,0.2495,1431120.7,1685314799999,358353.66417,1352,765845.5,191742.711,0
1685314800000,0.2496,0.2504,0.2485,0.249,303005.8,1685315699999,75513.40239,443,84897.5,21165.75748,0
1685315700000,0.2491,0.2495,0.2477,0.2481,368784.3,1685316599999,91628.79866,368,210745.8,52367.26187,0
1685316600000,0.2482,0.2484,0.2472,0.2472,163893.7,1685317499999,40634.34384,148,80866.1,20045.48628,0
1685317500000,0.2473,0.2479,0.2472,0.2472,267981.6,1685318399999,66319.83162,227,142563.9,35279.70277,0
1685318400000,0.2472,0.2474,0.2463,0.2472,226774.0,1685319299999,55987.41696,249,158645.1,39164.54244,0
1685319300000,0.247,0.248,0.2469,0.2473,228168.6,1685320199999,56434.49119,286,145687.6,36028.96324,0
1685320200000,0.2475,0.2476,0.247,0.2474,62293.7,1685321099999,15408.4966,94,29388.8,7269.1057,0
1685321100000,0.2477,0.2479,0.2467,0.2467,26553.8,1685321999999,6572.8419,47,10496.3,2598.77041,0
1685322000000,0.2471,0.2482,0.2468,0.2482,155062.9,1685322899999,38392.27732,170,109380.7,27080.40306,0
1685322900000,0.2482,0.2487,0.2478,0.2487,156940.0,1685323799999,38927.27359,100,88165.6,21865.89055,0
1685323800000,0.2487,0.2489,0.2472,0.2474,66224.4,1685324699999,16426.31566,86,22570.5,5587.51834,0
1685324700000,0.2476,0.2477,0.2472,0.2477,23137.0,1685325599999,5725.05215,32,9454.7,2338.41646,0
1685325600000,0.2477,0.248,0.2473,0.2478,38191.2,1685326499999,9455.5731,50,24376.0,6036.72526,0
1685326500000,0.2478,0.2486,0.2477,0.2481,66523.5,1685327399999,16503.50518,96,29894.1,7418.5356,0
1685327400000,0.2481,0.2485,0.2472,0.2472,28542.2,1685328299999,7081.89194,52,12866.0,3193.67197,0
1685328300000,0.2472,0.2475,0.2469,0.2472,192817.2,1685329199999,47668.94604,152,139053.6,34378.1734,0
1685329200000,0.2473,0.2479,0.2473,0.2473,104439.1,1685330099999,25849.31365,70,76252.2,18868.50176,0
1685330100000,0.2476,0.2476,0.2464,0.2469,34155.2,1685330999999,8435.74328,53,14897.8,3677.64338,0
1685331000000,0.247,0.247,0.2466,0.2468,20981.7,1685331899999,5176.94475,30,8169.9,2016.01073,0
1685331900000,0.2469,0.2472,0.2457,0.2459,51422.0,1685332799999,12669.40306,84,17813.4,4385.8914,0
1685332800000,0.2459,0.2463,0.2448,0.245,92093.9,1685333699999,22601.00254,135,23307.3,5723.55592,0
1685333700000,0.2451,0.2454,0.244,0.2446,62676.6,1685334599999,15346.33763,87,19622.7,4803.18792,0
1685334600000,0.2448,0.245,0.2443,0.2444,34875.3,1685335499999,8528.66049,47,11518.6,2816.75657,0
1685335500000,0.2447,0.2454,0.244,0.2454,95659.8,1685336399999,23390.82107,97,56551.6,13834.69402,0
1685336400000,0.2455,0.2455,0.2447,0.2452,69650.9,1685337299999,17063.46681,73,31458.2,7706.06803,0
1685337300000,0.2453,0.2455,0.245,0.2455,34049.5,1685338199999,8350.31441,44,16616.1,4075.62292,0
1685338200000,0.2457,0.2461,0.2454,0.2457,52812.4,1685339099999,12976.94117,82,27809.5,6835.62394,0
1685339100000,0.2456,0.2461,0.2454,0.246,49541.2,1685339999999,12174.2059,84,28124.4,6912.44034,0
1685340000000,0.2461,0.2461,0.2451,0.2451,60463.3,1685340899999,14841.63104,85,25795.3,6332.41066,0
1685340900000,0.245,0.2452,0.2446,0.2452,61932.0,1685341799999,15164.35372,94,23722.2,5809.37741,0
1685341800000,0.245,0.2461,0.2449,0.2458,39873.7,1685342699999,9796.70261,57,17610.9,4327.99604,0
1685342700000,0.2457,0.246,0.2457,0.2459,38792.2,1685343599999,9536.47144,64,23207.0,5705.81621,0
1685343600000,0.2459,0.246,0.2451,0.2455,47575.8,1685344499999,11674.91711,71,27517.0,6751.5848,0
1685344500000,0.2454,0.2457,0.244,0.2443,211731.6,1685345399999,51840.68446,244,43053.3,10544.48664,0
1685345400000,0.2444,0.2453,0.2426,0.2444,628429.6,1685346299999,153264.23627,603,180813.5,44129.28432,0
1685346300000,0.2443,0.245,0.2441,0.2447,73068.8,1685347199999,17869.0105,135,45999.1,11245.85682,0
1685347200000,0.2447,0.2451,0.2447,0.2448,75244.2,1685348099999,18426.8799,72,43151.8,10569.00523,0
1685348100000,0.245,0.2452,0.2443,0.2444,37013.8,1685348999999,9062.21762,64,17340.9,4247.18925,0
1685349000000,0.2443,0.2444,0.2437,0.2441,50368.7,1685349899999,12289.32434,94,16393.9,3997.72713,0
1685349900000,0.2444,0.2445,0.244,0.2442,37459.5,1685350799999,9146.7771,57,25608.8,6253.9519,0
1685350800000,0.2445,0.2446,0.2443,0.2444,17131.5,1685351699999,4188.18662,23,13436.3,3284.7327,0
1685351700000,0.2443,0.2445,0.2438,0.2444,69419.9,1685352599999,16948.70154,105,36107.8,8817.01645,0
1685352600000,0.2444,0.2454,0.2444,0.2453,44602.0,1685353499999,10921.63863,64,21204.3,5192.8875,0
1685353500000,0.2453,0.2453,0.2448,0.245,77416.6,1685354399999,18970.48564,85,48730.5,11942.30988,0
1685354400000,0.2449,0.2454,0.2444,0.2451,39104.4,1685355299999,9568.81233,89,17494.5,4280.16311,0
1685355300000,0.2451,0.2452,0.2446,0.2448,78257.3,1685356199999,19161.49586,102,51636.5,12645.09613,0
1685356200000,0.2446,0.2448,0.2443,0.2444,122654.4,1685357099999,29992.53573,128,73786.1,18043.47518,0
1685357100000,0.2443,0.2444,0.243,0.2432,209270.3,1685357999999,50981.31776,283,132328.4,32240.32792,0
1685358000000,0.2433,0.2438,0.2428,0.2434,277959.6,1685358899999,67593.67882,222,167299.5,40676.03099,0
1685358900000,0.2434,0.2439,0.2434,0.2436,324510.3,1685359799999,79052.12684,189,203447.9,49554.69313,0
1685359800000,0.2436,0.244,0.2435,0.2437,165023.8,1685360699999,40213.35278,137,114637.7,27933.46054,0
1685360700000,0.2438,0.2447,0.2436,0.2441,229878.0,1685361599999,56117.78141,197,145379.0,35489.66302,0
1685361600000,0.2441,0.2444,0.2437,0.2437,139489.7,1685362499999,34040.09491,153,69090.7,16862.21627,0
1685362500000,0.2437,0.2437,0.2433,0.2436,39705.4,1685363399999,9667.66668,89,7365.5,1793.08373,0
1685363400000,0.2435,0.2437,0.2432,0.2435,44680.7,1685364299999,10876.70915,83,20670.4,5032.27847,0
1685364300000,0.2434,0.2435,0.2429,0.2431,74756.0,1685365199999,18181.26053,99,36755.4,8938.78624,0
1685365200000,0.2431,0.2435,0.243,0.2433,76268.4,1685366099999,18553.47773,70,58805.8,14306.69969,0
1685366100000,0.2433,0.2434,0.2429,0.2431,127983.8,1685366999999,31125.70323,145,59599.9,14491.88299,0
1685367000000,0.2431,0.2431,0.2422,0.2422,134408.6,1685367899999,32622.67046,183,61248.7,14868.08627,0
1685367900000,0.2422,0.2425,0.2418,0.2421,81083.8,1685368799999,19633.15461,91,22524.3,5453.15492,0
1685368800000,0.2422,0.2425,0.2422,0.2424,44366.2,1685369699999,10751.13925,61,20657.3,5006.26962,0
1685369700000,0.2424,0.2427,0.2421,0.2426,109722.5,1685370599999,26605.34153,93,31876.4,7728.84938,0
1685370600000,0.2425,0.2425,0.2408,0.2413,186719.0,1685371499999,45070.04624,268,89198.3,21527.66239,0
1685371500000,0.2412,0.2416,0.2401,0.2414,215631.8,1685372399999,51946.11783,248,94541.4,22783.17767,0
1685372400000,0.2414,0.2416,0.2407,0.2408,183345.2,1685373299999,44228.82609,187,83742.1,20203.13875,0
1685373300000,0.2409,0.2411,0.239,0.2393,333982.4,1685374199999,80095.12429,330,131330.1,31507.05703,0
1685374200000,0.2394,0.2399,0.2385,0.2399,233539.8,1685375099999,55873.31279,214,80771.1,19334.54123,0
1685375100000,0.2397,0.24,0.2383,0.2386,104072.5,1685375999999,24880.20872,137,48057.4,11492.68474,0
1685376000000,0.2387,0.24,0.2373,0.2396,245973.0,1685376899999,58681.65446,342,120373.2,28720.78773,0
1685376900000,0.2396,0.2396,0.2378,0.239,234491.8,1685377799999,55944.19547,234,137329.6,32769.14062,0
1685377800000,0.239,0.2395,0.2389,0.239,79761.1,1685378699999,19073.4611,82,23899.0,5716.71338,0
1685378700000,0.2393,0.2393,0.238,0.2384,122790.5,1685379599999,29300.99297,121,26793.4,6392.3587,0
1685379600000,0.2383,0.2389,0.2375,0.2388,120821.7,1685380499999,28760.79597,124,60951.3,14506.64409,0
1685380500000,0.239,0.2391,0.2386,0.2389,25685.6,1685381399999,6134.80236,45,17473.5,4173.37524,0
1685381400000,0.239,0.2397,0.2388,0.2396,48721.1,1685382299999,11653.9445,42,20406.1,4883.46279,0
1685382300000,0.2395,0.2407,0.2392,0.2405,450272.5,1685383199999,108130.28024,149,382366.6,91815.76592,0
1685383200000,0.2405,0.2406,0.2402,0.2405,159700.1,1685384099999,38401.2742,156,94082.9,22622.77284,0
1685384100000,0.2404,0.2409,0.2404,0.2404,42925.8,1685384999999,10327.08863,49,24153.3,5812.11908,0
1685385000000,0.2405,0.2411,0.2405,0.2409,50137.4,1685385899999,12067.57167,71,24870.0,5985.31666,0
1685385900000,0.2408,0.2412,0.2408,0.2411,45478.3,1685386799999,10962.14966,59,26819.7,6465.43157,0
1685386800000,0.2411,0.2411,0.2405,0.2406,44065.4,1685387699999,10604.12649,53,12257.9,2950.4997,0
1685387700000,0.2403,0.2407,0.2402,0.2403,50612.1,1685388599999,12167.87844,55,20450.4,4917.77152,0
1685388600000,0.2402,0.2406,0.2398,0.2401,31022.7,1685389499999,7450.37875,33,14610.5,3508.16938,0
1685389500000,0.2402,0.2404,0.2392,0.2396,65670.7,1685390399999,15744.3133,78,29430.5,7052.25574,0
1685390400000,0.2398,0.2399,0.2395,0.2396,44892.7,1685391299999,10760.01414,52,17965.3,4306.56744,0
1685391300000,0.2394,0.2399,0.2394,0.2397,87448.9,1685392199999,20959.12411,77,51789.8,12412.66503,0
1685392200000,0.2395,0.24,0.2395,0.24,34526.5,1685393099999,8275.19828,48,18073.5,4333.51427,0
1685393100000,0.24,0.24,0.2397,0.2398,54727.7,1685393999999,13126.85369,58,23571.9,5653.31889,0
1685394000000,0.2398,0.2403,0.2397,0.2402,49418.4,1685394899999,11863.80199,47,32376.8,7771.39592,0
1685394900000,0.2402,0.2406,0.2399,0.2399,29704.3,1685395799999,7138.77057,43,5043.8,1212.60607,0
1685395800000,0.2399,0.2403,0.2398,0.2401,32311.9,1685396699999,7757.74398,37,16022.0,3847.5759,0
1685396700000,0.2403,0.2406,0.2398,0.2398,28070.4,1685397599999,6734.60079,36,8016.1,1923.76175,0
1685397600000,0.24,0.2402,0.2396,0.2398,25132.3,1685398499999,6028.22441,39,11395.3,2733.90103,0
1685398500000,0.2395,0.2395,0.2389,0.2389,59565.7,1685399399999,14241.80312,61,20253.4,4842.62355,0
1685399400000,0.2388,0.2396,0.2386,0.2396,41703.1,1685400299999,9979.665,56,17927.8,4290.66513,0
1685400300000,0.2396,0.2401,0.2396,0.2397,35434.7,1685401199999,8497.81972,37,14894.1,3571.75169,0
1685401200000,0.2398,0.2413,0.2396,0.2412,81532.1,1685402099999,19618.76894,119,48394.5,11645.73833,0
1685402100000,0.2412,0.2412,0.2404,0.2404,48559.2,1685402999999,11691.0475,48,20542.1,4945.25488,0
1685403000000,0.2404,0.2405,0.2403,0.2405,19508.3,1685403899999,4689.13174,19,7089.7,1704.48868,0
1685403900000,0.2404,0.2404,0.2397,0.2397,7552.2,1685404799999,1812.06853,13,1187.3,284.87198,0
1685404800000,0.2399,0.24,0.2391,0.2395,46672.1,1685405699999,11180.37943,51,22625.0,5419.30317,0
1685405700000,0.2396,0.2398,0.2393,0.2393,40595.3,1685406599999,9728.55624,27,15224.4,3647.72607,0
1685406600000,0.2392,0.2396,0.238,0.2382,68653.8,1685407499999,16364.49488,84,32103.9,7653.09145,0
1685407500000,0.2383,0.2393,0.2383,0.2389,33577.1,1685408399999,8016.52498,44,16708.3,3986.4306,0
1685408400000,0.2391,0.2396,0.2386,0.2393,77645.7,1685409299999,18564.05464,73,40024.3,9567.11841,0
1685409300000,0.2394,0.2397,0.2394,0.2397,23223.4,1685410199999,5562.50552,22,18847.8,4514.54495,0
1685410200000,0.2398,0.2404,0.2398,0.2404,68483.0,1685411099999,16441.49714,75,32249.8,7741.92521,0
1685411100000,0.2405,0.2409,0.2403,0.2409,30200.6,1685411999999,7268.52383,57,20931.7,5036.52044,0
1685412000000,0.2408,0.2409,0.2402,0.2402,36926.0,1685412899999,8884.27563,50,13702.6,3298.33705,0
1685412900000,0.2406,0.2412,0.2405,0.2412,42181.7,1685413799999,10153.33041,50,26562.1,6393.89425,0
1685413800000,0.2412,0.2413,0.2401,0.2401,58305.5,1685414699999,14038.68996,57,11758.1,2831.56003,0
1685414700000,0.2402,0.2407,0.2402,0.2406,28571.7,1685415599999,6870.83367,71,12187.5,2931.96999,0
1685415600000,0.2407,0.2417,0.2405,0.2415,82306.0,1685416499999,19836.1405,125,42408.5,10218.81946,0
1685416500000,0.2416,0.2425,0.2412,0.2416,130482.8,1685417399999,31548.1326,163,65344.0,15806.55809,0
1685417400000,0.2416,0.2416,0.2411,0.2415,41007.6,1685418299999,9895.82608,63,16651.5,4018.9883,0
1685418300000,0.2415,0.2417,0.2411,0.2411,33591.9,1685419199999,8111.1833,32,9612.0,2321.35315,0
1685419200000,0.2412,0.2414,0.2405,0.2407,56567.2,1685420099999,13633.25023,81,20585.6,4963.34785,0
1685420100000,0.2406,0.2413,0.2406,0.2411,31478.1,1685420999999,7585.31237,37,17688.9,4261.09052,0
1685421000000,0.241,0.241,0.2398,0.2398,44175.7,1685421899999,10616.53749,75,4148.0,995.16232,0
1685421900000,0.2399,0.2403,0.2395,0.2398,83859.6,1685422799999,20121.37343,86,38957.9,9348.19838,0
1685422800000,0.2399,0.2405,0.2383,0.2387,264044.6,1685423699999,63198.51193,357,152312.8,36457.92154,0
1685423700000,0.2387,0.2395,0.2385,0.2393,54430.0,1685424599999,13015.41965,89,29500.8,7054.35134,0
1685424600000,0.2394,0.2394,0.2381,0.2382,99881.4,1685425499999,23844.68163,111,43157.8,10299.36237,0
1685425500000,0.2383,0.2385,0.2381,0.2384,68606.6,1685426399999,16347.05356,74,36995.7,8815.22991,0
1685426400000,0.2385,0.2395,0.2385,0.2395,60487.2,1685427299999,14462.68286,83,41876.7,10015.87699,0
1685427300000,0.2394,0.24,0.2394,0.2395,79934.0,1685428199999,19166.91712,90,47661.7,11426.65746,0
1685428200000,0.2395,0.2396,0.2393,0.2393,45382.5,1685429099999,10869.00382,55,27763.2,6649.50439,0
1685429100000,0.2394,0.2396,0.2391,0.2394,64132.3,1685429999999,15351.39164,64,42700.8,10221.82065,0
1685430000000,0.2395,0.2398,0.2394,0.2395,34232.0,1685430899999,8201.0464,47,15036.1,3602.57238,0
1685430900000,0.2395,0.2396,0.2388,0.239,72117.4,1685431799999,17254.55679,81,42326.3,10124.07952,0
1685431800000,0.2392,0.2396,0.2385,0.2386,109220.8,1685432699999,26103.63607,115,49065.2,11723.84195,0
1685432700000,0.2387,0.2393,0.2383,0.2383,51539.6,1685433599999,12312.81328,61,19742.0,4717.52653,0
1685433600000,0.2382,0.2388,0.2382,0.2386,73038.7,1685434499999,17419.11548,81,38595.3,9201.44575,0
1685434500000,0.2387,0.2399,0.2387,0.2399,25573.7,1685435399999,6118.84585,63,15932.9,3812.92362,0
1685435400000,0.2401,0.241,0.2401,0.241,72494.8,1685436299999,17452.96318,117,40878.4,9840.40669,0
1685436300000,0.2407,0.2412,0.2405,0.2412,17862.6,1685437199999,4299.81611,37,14619.1,3519.09292,0
1685437200000,0.2412,0.2414,0.2405,0.2406,61953.9,1685438099999,14938.27786,75,22295.4,5375.50656,0
1685438100000,0.2405,0.2427,0.2405,0.2425,101548.7,1685438999999,24575.57663,143,62877.7,15214.9404,0
1685439000000,0.2425,0.2433,0.2423,0.2428,63138.7,1685439899999,15329.74906,108,37857.4,9190.65151,0
1685439900000,0.2428,0.2433,0.2428,0.2429,55055.4,1685440799999,13375.21046,83,29787.2,7237.53587,0
1685440800000,0.243,0.2439,0.2427,0.2433,108573.1,1685441699999,26423.50403,168,72304.5,17597.93923,0
1685441700000,0.2434,0.2439,0.2433,0.2437,63736.1,1685442599999,15527.43425,109,44339.7,10802.61863,0
1685442600000,0.2436,0.2469,0.2435,0.2467,549510.1,1685443499999,135039.8057,667,236415.3,58117.64471,0
1685443500000,0.2467,0.247,0.2448,0.2452,273301.9,1685444399999,67252.2522,257,89746.2,22065.77653,0
1685444400000,0.2452,0.2468,0.245,0.2466,115439.1,1685445299999,28373.57286,130,52302.0,12865.06741,0
1685445300000,0.2466,0.2477,0.2464,0.2475,213328.3,1685446199999,52687.59893,195,134709.6,33263.88371,0
1685446200000,0.2475,0.2477,0.2466,0.2468,80107.5,1685447099999,19801.30293,107,35388.8,8752.3993,0
1685447100000,0.2468,0.2479,0.2466,0.2479,208197.5,1685447999999,51448.71822,213,162609.9,40182.51994,0
1685448000000,0.2479,0.2479,0.2466,0.2468,250194.7,1685448899999,61873.24383,303,76222.5,18857.46587,0
1685448900000,0.2467,0.2468,0.2445,0.2446,240580.0,1685449799999,59121.82306,331,96777.6,23767.39391,0
1685449800000,0.2447,0.245,0.2436,0.2436,131580.1,1685450699999,32153.41979,250,66318.2,16214.86751,0
1685450700000,0.2436,0.2443,0.2436,0.2442,105611.6,1685451599999,25758.3979,115,51385.8,12527.25438,0
1685451600000,0.2442,0.2445,0.2438,0.2443,64678.9,1685452499999,15804.67787,120,24075.9,5882.61962,0
1685452500000,0.2444,0.2457,0.2444,0.2455,299556.7,1685453399999,73337.35541,226,259170.3,63434.64049,0
1685453400000,0.2456,0.2456,0.2446,0.2448,219982.7,1685454299999,53942.29662,227,112189.6,27511.31946,0
1685454300000,0.2448,0.2449,0.2428,0.2433,125276.8,1685455199999,30498.17837,241,60522.1,14731.83503,0
1685455200000,0.2432,0.2446,0.2427,0.2445,103639.9,1685456099999,25278.26924,128,69125.2,16856.79934,0
1685456100000,0.2442,0.2448,0.2435,0.2435,37029.9,1685456999999,9036.38817,69,16620.6,4059.34107,0
1685457000000,0.2436,0.2443,0.2424,0.2425,139758.5,1685457899999,33954.76627,185,62575.5,15203.21028,0
1685457900000,0.2424,0.2434,0.2422,0.2422,77100.2,1685458799999,18719.51572,115,30643.7,7439.08432,0
1685458800000,0.2422,0.2435,0.242,0.2434,79997.7,1685459699999,19419.85771,119,42783.9,10384.6482,0
1685459700000,0.2434,0.2435,0.2418,0.2426,111343.0,1685460599999,27007.97308,146,62726.8,15206.5091,0
1685460600000,0.2425,0.2439,0.2423,0.2436,49474.4,1685461499999,12026.58568,103,32018.4,7785.52444,0
1685461500000,0.2437,0.2448,0.2437,0.2437,73229.3,1685462399999,17875.96344,104,40184.4,9811.05507,0
1685462400000,0.2439,0.2447,0.2427,0.2435,160964.3,1685463299999,39251.30702,225,72968.1,17778.44839,0
1685463300000,0.2435,0.2443,0.242,0.2443,248586.9,1685464199999,60450.11041,283,128636.4,31274.12893,0
1685464200000,0.244,0.2444,0.2437,0.244,48140.9,1685465099999,11749.01021,88,20358.8,4966.66427,0
1685465100000,0.244,0.2441,0.2434,0.2435,65971.3,1685465999999,16085.33531,86,39413.3,9611.07436,0
1685466000000,0.2434,0.2439,0.243,0.2434,75347.8,1685466899999,18346.21071,104,37895.1,9226.78881,0
1685466900000,0.2435,0.2438,0.2422,0.2423,79277.6,1685467799999,19279.60206,105,44862.3,10908.28913,0
1685467800000,0.2424,0.2424,0.2418,0.2422,93002.1,1685468699999,22508.30096,131,57432.0,13899.76194,0
1685468700000,0.2421,0.2421,0.2415,0.2417,197044.6,1685469599999,47639.55654,219,119720.1,28945.6771,0
1685469600000,0.2418,0.2426,0.2415,0.2424,186375.9,1685470499999,45075.94328,204,141934.7,34326.47205,0
1685470500000,0.2424,0.2427,0.2421,0.2422,60907.6,1685471399999,14764.84924,113,31796.0,7708.42567,0
1685471400000,0.2421,0.2427,0.2421,0.2425,40690.6,1685472299999,9864.0127,106,20618.3,4999.73003,0
1685472300000,0.2428,0.2434,0.2425,0.2427,77879.7,1685473199999,18908.67835,117,32484.2,7889.52388,0
1685473200000,0.2426,0.2434,0.2425,0.2431,50866.5,1685474099999,12358.84443,88,23622.7,5739.8037,0
1685474100000,0.2429,0.2429,0.2422,0.2426,49667.2,1685474999999,12045.94023,77,21793.5,5286.90677,0
1685475000000,0.2426,0.2434,0.2426,0.2431,50017.3,1685475899999,12152.07736,70,28354.7,6889.52892,0
1685475900000,0.2433,0.2435,0.2429,0.2435,60401.2,1685476799999,14683.47153,83,49775.4,12099.62469,0
1685476800000,0.2436,0.2548,0.2436,0.2502,3468737.7,1685477699999,870643.14645,5377,2090267.2,524720.70466,0
1685477700000,0.2501,0.2515,0.245,0.2463,2093010.5,1685478599999,517365.27686,2570,1039150.0,256899.3985,0
1685478600000,0.2461,0.2475,0.2458,0.2473,352446.6,1685479499999,86857.64233,566,166305.3,41011.70124,0
1685479500000,0.2475,0.248,0.2444,0.2455,516865.9,1685480399999,126948.53786,905,276443.2,67881.55036,0
1685480400000,0.2456,0.2462,0.2451,0.2451,140297.3,1685481299999,34461.66816,158,62607.3,15384.95681,0
1685481300000,0.2452,0.2462,0.2451,0.2453,162048.8,1685482199999,39806.50989,247,78822.5,19367.27932,0
1685482200000,0.2454,0.2464,0.2454,0.2461,130935.0,1685483099999,32207.48672,165,32934.9,8099.28826,0
1685483100000,0.2461,0.2462,0.244,0.2452,160292.3,1685483999999,39282.67192,239,37759.6,9242.50483,0
1685484000000,0.2451,0.2458,0.2446,0.2454,87827.7,1685484899999,21535.46253,128,35530.1,8714.49805,0
1685484900000,0.2454,0.2458,0.2448,0.2457,56388.9,1685485799999,13840.77452,53,10707.4,2628.36259,0
1685485800000,0.2457,0.2467,0.2457,0.2461,82452.6,1685486699999,20292.2726,85,40296.7,9916.9139,0
1685486700000,0.2462,0.2462,0.2458,0.2459,28884.3,1685487599999,7104.7943,35,18842.3,4633.972,0
1685487600000,0.2458,0.2466,0.2457,0.2462,52023.3,1685488499999,12798.66491,87,24860.7,6116.30472,0
1685488500000,0.246,0.246,0.2452,0.2457,73716.8,1685489399999,18094.97478,85,17045.6,4184.43397,0
1685489400000,0.2456,0.246,0.2451,0.2454,86084.8,1685490299999,21133.80957,132,29548.0,7253.56927,0
1685490300000,0.2452,0.2456,0.2451,0.2451,81165.8,1685491199999,19911.7364,56,52129.6,12789.34344,0
1685491200000,0.2452,0.2455,0.2443,0.2448,73081.7,1685492099999,17887.38528,80,26075.5,6380.6289,0
1685492100000,0.2447,0.2449,0.2437,0.244,90131.1,1685492999999,22001.43698,125,50987.5,12445.67927,0
1685493000000,0.2442,0.2455,0.2442,0.2455,36079.7,1685493899999,8832.44434,40,20441.6,5008.28125,0
1685493900000,0.2454,0.246,0.2452,0.246,44709.4,1685494799999,10979.79613,134,10682.9,2624.57972,0
1685494800000,0.246,0.2463,0.2454,0.2457,29075.0,1685495699999,7148.06098,51,7369.3,1812.43028,0
1685495700000,0.2456,0.2473,0.2455,0.2471,132239.9,1685496599999,32633.46407,214,88006.1,21716.35366,0
1685496600000,0.2469,0.247,0.2459,0.2466,63539.0,1685497499999,15654.75825,93,34483.6,8500.32309,0
1685497500000,0.2467,0.2467,0.2455,0.2458,26494.2,1685498399999,6523.91695,62,18387.3,4529.18671,0
1685498400000,0.2459,0.2461,0.2431,0.2446,379995.6,1685499299999,92894.44187,372,183228.8,44791.68061,0
1685499300000,0.2446,0.2455,0.2443,0.2455,33620.5,1685500199999,8236.81889,37,21246.0,5204.97172,0
1685500200000,0.2454,0.2456,0.245,0.245,16620.6,1685501099999,4077.73802,19,7559.0,1854.55673,0
1685501100000,0.2446,0.2449,0.2443,0.2447,47821.4,1685501999999,11697.42108,45,25233.0,6169.67836,0
1685502000000,0.2448,0.2448,0.2436,0.2439,33930.0,1685502899999,8277.30631,46,13301.9,3243.39317,0
1685502900000,0.2436,0.2439,0.2433,0.2439,38779.7,1685503799999,9445.26602,54,16939.5,4126.83084,0
1685503800000,0.2439,0.2444,0.2438,0.2443,61911.1,1685504699999,15109.58242,81,32175.8,7852.89209,0
1685504700000,0.2443,0.2443,0.2436,0.2439,24758.0,1685505599999,6040.29645,36,3836.9,936.3438,0
1685505600000,0.2439,0.2443,0.2437,0.2442,24925.9,1685506499999,6083.87692,34,17145.6,4185.10932,0
1685506500000,0.2441,0.2444,0.2437,0.2438,47693.1,1685507399999,11637.67615,54,19675.1,4803.96594,0
1685507400000,0.2439,0.2439,0.2431,0.2432,54261.5,1685508299999,13208.78992,94,26841.2,6533.05877,0
1685508300000,0.2433,0.2433,0.2383,0.2388,565916.0,1685509199999,135823.37329,719,212736.4,51009.71439,0
1685509200000,0.2383,0.2397,0.2375,0.2395,186055.1,1685510099999,44412.45919,276,91286.5,21801.48091,0
1685510100000,0.2392,0.2409,0.2389,0.2406,147346.6,1685510999999,35337.22867,166,75650.8,18147.36428,0
1685511000000,0.2402,0.2402,0.2394,0.2399,39002.6,1685511899999,9353.69761,60,14898.3,3572.80062,0
1685511900000,0.2398,0.2398,0.2371,0.2377,187579.5,1685512799999,44690.99801,222,47100.5,11223.11704,0
1685512800000,0.2373,0.2387,0.2365,0.2379,278864.7,1685513699999,66228.51371,379,135585.1,32207.19582,0
1685513700000,0.2378,0.2382,0.2374,0.2377,58724.1,1685514599999,13964.92382,110,31515.7,7496.19481,0
1685514600000,0.2375,0.2375,0.2362,0.2365,134718.9,1685515499999,31879.75953,206,62810.3,14864.52002,0
1685515500000,0.2364,0.2373,0.2363,0.2369,122349.7,1685516399999,28965.44991,151,54328.5,12866.90475,0
1685516400000,0.237,0.237,0.2361,0.2363,75934.2,1685517299999,17947.95145,115,47473.2,11218.97737,0
1685517300000,0.2362,0.2369,0.236,0.2368,68507.0,1685518199999,16205.45189,75,27417.8,6484.66445,0
1685518200000,0.2367,0.2369,0.2363,0.2366,66262.7,1685519099999,15677.46946,73,48387.1,11447.65251,0
1685519100000,0.2365,0.2368,0.2363,0.2364,64972.5,1685519999999,15366.79826,74,34083.3,8061.07127,0
1685520000000,0.236,0.2362,0.2354,0.2357,127385.8,1685520899999,30022.9318,192,46505.5,10964.79484,0
1685520900000,0.2356,0.2359,0.2353,0.2357,133065.9,1685521799999,31349.97063,181,97134.4,22886.32674,0
1685521800000,0.2355,0.2364,0.2354,0.2358,157312.9,1685522699999,37098.84414,203,125804.4,29668.98076,0
1685522700000,0.2357,0.236,0.2347,0.2349,247624.5,1685523599999,58231.74563,326,185600.5,43647.34392,0
1685523600000,0.2348,0.236,0.2342,0.236,238521.5,1685524499999,56028.68515,290,184691.3,43386.36561,0
1685524500000,0.236,0.2363,0.2356,0.2356,68772.5,1685525399999,16227.2414,109,43881.1,10354.09652,0
1685525400000,0.2356,0.2365,0.2354,0.2365,81617.7,1685526299999,19252.9417,169,40464.2,9547.95613,0
1685526300000,0.2366,0.237,0.2362,0.2362,99839.6,1685527199999,23634.73563,97,54534.8,12909.19806,0
1685527200000,0.2362,0.2363,0.2358,0.236,53406.2,1685528099999,12607.91081,55,12005.0,2834.20727,0
1685528100000,0.2358,0.236,0.2355,0.2357,130729.8,1685528999999,30817.90184,119,69803.6,16454.8065,0
1685529000000,0.2357,0.2358,0.2349,0.2352,90155.1,1685529899999,21221.61018,90,61759.4,14538.41499,0
1685529900000,0.2352,0.2355,0.235,0.2352,179717.8,1685530799999,42270.64224,171,100400.0,23611.38847,0
1685530800000,0.235,0.2356,0.2347,0.2355,214046.0,1685531699999,50335.13891,211,134303.0,31576.21832,0
1685531700000,0.2354,0.2357,0.235,0.2357,51502.3,1685532599999,12115.68709,75,21030.5,4946.56254,0
1685532600000,0.2356,0.236,0.2354,0.236,32585.9,1685533499999,7682.52545,45,21327.8,5029.09192,0
1685533500000,0.236,0.236,0.235,0.2354,70180.9,1685534399999,16518.45119,70,50790.9,11955.99404,0
1685534400000,0.2352,0.2358,0.2348,0.2358,94891.5,1685535299999,22313.13522,104,59994.5,14107.91346,0
1685535300000,0.2359,0.2366,0.2354,0.2361,49915.6,1685536199999,11783.79715,68,26797.1,6326.67938,0
1685536200000,0.2361,0.2363,0.2358,0.2358,19032.7,1685537099999,4493.45502,28,5921.1,1398.22579,0
1685537100000,0.2358,0.236,0.2353,0.2355,39770.0,1685537999999,9372.03738,40,20241.4,4769.3603,0
1685538000000,0.2356,0.2369,0.2355,0.2367,37912.4,1685538899999,8955.56477,52,15735.0,3714.49454,0
1685538900000,0.2369,0.2375,0.2365,0.2367,37672.7,1685539799999,8927.88522,66,13238.9,3137.49564,0
1685539800000,0.2367,0.2369,0.2362,0.2369,53948.8,1685540699999,12759.39676,69,36072.3,8530.07734,0
1685540700000,0.2369,0.2369,0.2362,0.2362,25783.3,1685541599999,6099.08697,34,11265.4,2662.78098,0
1685541600000,0.2361,0.2366,0.2354,0.2362,80179.8,1685542499999,18918.3747,93,53805.8,12695.69047,0
1685542500000,0.236,0.2364,0.2345,0.2354,268269.7,1685543399999,63120.42966,291,150694.6,35465.91126,0
1685543400000,0.2353,0.2362,0.2351,0.2359,71311.1,1685544299999,16807.83154,99,29856.8,7038.76107,0
1685544300000,0.2358,0.2366,0.2357,0.2362,53723.4,1685545199999,12686.76636,88,20739.2,4896.5132,0
1685545200000,0.2363,0.2364,0.2351,0.2351,49387.9,1685546099999,11632.58414,67,29416.5,6925.20298,0
1685546100000,0.2352,0.2355,0.2346,0.2347,66971.3,1685546999999,15752.09125,64,16822.2,3955.39067,0
1685547000000,0.2346,0.2349,0.2339,0.234,199827.8,1685547899999,46817.26441,155,91638.5,21470.29569,0
1685547900000,0.2341,0.2342,0.2328,0.2334,235511.1,1685548799999,54973.54875,241,50275.2,11730.16296,0
1685548800000,0.2335,0.2338,0.2326,0.2337,49235.7,1685549699999,11486.17119,68,30532.6,7122.65783,0
1685549700000,0.2338,0.2338,0.2331,0.2336,100894.8,1685550599999,23559.7235,95,62096.8,14499.17122,0
1685550600000,0.2335,0.2338,0.2332,0.2335,42881.6,1685551499999,10010.64671,61,25276.6,5900.98567,0
1685551500000,0.2334,0.2336,0.2327,0.2335,45263.2,1685552399999,10549.6468,57,20349.2,4744.36008,0
1685552400000,0.2336,0.2338,0.2335,0.2335,32780.9,1685553299999,7657.93425,37,22067.2,5155.23304,0
1685553300000,0.2336,0.2343,0.2336,0.2343,61088.1,1685554199999,14293.78539,66,29698.9,6949.79837,0
1685554200000,0.2344,0.2351,0.2344,0.2347,37493.8,1685555099999,8800.72284,57,25190.7,5914.3562,0
1685555100000,0.2347,0.2348,0.2343,0.2348,19762.9,1685555999999,4634.54113,28,4195.1,984.04908,0
1685556000000,0.2349,0.2355,0.2349,0.2354,19182.1,1685556899999,4513.75717,34,7256.6,1707.3133,0
1685556900000,0.2353,0.2356,0.2346,0.2355,33896.0,1685557799999,7963.76829,55,16138.6,3790.9583,0
1685557800000,0.2354,0.236,0.2352,0.2358,38205.0,1685558699999,9003.10936,87,29695.4,6998.74089,0
1685558700000,0.2359,0.2359,0.2354,0.2356,38423.4,1685559599999,9051.39319,42,19464.9,4586.60003,0
1685559600000,0.2357,0.2358,0.2354,0.2358,23257.3,1685560499999,5482.68591,23,10572.4,2492.24454,0
1685560500000,0.2358,0.2361,0.2356,0.2356,31011.6,1685561399999,7316.21025,25,17954.0,4236.94554,0
1685561400000,0.2352,0.236,0.2352,0.236,32665.1,1685562299999,7696.0866,59,21619.9,5093.06141,0
1685562300000,0.236,0.236,0.2349,0.2349,48201.0,1685563199999,11349.27777,45,16708.0,3936.43147,0
1685563200000,0.2349,0.2358,0.2347,0.2357,120391.2,1685564099999,28332.03231,128,60831.8,14313.37346,0
1685564100000,0.2357,0.2359,0.2352,0.2354,64889.2,1685564999999,15293.46663,60,34751.1,8191.29108,0
1685565000000,0.2354,0.2356,0.2351,0.2355,41375.2,1685565899999,9739.14473,53,23373.8,5502.311,0
1685565900000,0.2355,0.2355,0.2351,0.2352,31170.1,1685566799999,7334.48765,31,12974.6,3052.43418,0
1685566800000,0.2352,0.2353,0.2347,0.2347,9565.2,1685567699999,2248.01463,23,6935.0,1629.94966,0
1685567700000,0.2347,0.2347,0.2337,0.2342,86320.4,1685568599999,20207.07476,121,31341.7,7338.43978,0
1685568600000,0.2341,0.2343,0.234,0.234,28205.8,1685569499999,6603.95212,25,18475.0,4326.52597,0
1685569500000,0.234,0.2341,0.2337,0.2339,21453.6,1685570399999,5016.77864,27,15914.8,3722.08712,0
1685570400000,0.2338,0.2342,0.2337,0.2341,48595.9,1685571299999,11368.44874,44,30613.8,7162.02694,0
1685571300000,0.2341,0.2347,0.2341,0.2345,66864.4,1685572199999,15677.34452,71,45331.1,10626.64535,0
1685572200000,0.2345,0.2348,0.2344,0.2347,38576.0,1685573099999,9048.81277,45,23041.3,5404.29592,0
1685573100000,0.2347,0.2348,0.2346,0.2348,41930.8,1685573999999,9841.14817,31,16735.1,3927.98007,0
1685574000000,0.2348,0.2355,0.2348,0.2354,86503.9,1685574899999,20345.15781,83,54743.2,12874.87061,0
1685574900000,0.2355,0.2355,0.2348,0.2352,25826.3,1685575799999,6073.67995,30,7622.0,1792.28362,0
1685575800000,0.2354,0.2361,0.2353,0.236,48995.3,1685576699999,11544.80114,58,25700.7,6057.35436,0
1685576700000,0.236,0.2362,0.2355,0.2355,33971.3,1685577599999,8009.80993,41,11194.1,2641.51353,0
