open_time,open,high,low,close,volume,close_time,quote_volume,trades,taker_buy_base,taker_buy_quote,ignore
1748736000000000,1.661,1.662,1.654,1.656,95632.1,1748736899999999,158591.7301,1109,38600.9,64022.6064,0
1748736900000000,1.656,1.657,1.65,1.651,54406.0,1748737799999999,89875.0589,651,21555.8,35619.997,0
1748737800000000,1.651,1.662,1.649,1.662,46467.1,1748738699999999,77031.4206,540,31964.1,52991.2882,0
1748738700000000,1.662,1.666,1.66,1.664,41542.1,1748739599999999,69110.044,536,26175.5,43547.5169,0
1748739600000000,1.664,1.675,1.663,1.675,64893.6,1748740499999999,108286.2408,905,34884.9,58215.8354,0
1748740500000000,1.675,1.679,1.667,1.672,156575.1,1748741399999999,261953.193,1358,82249.5,137630.6166,0
1748741400000000,1.672,1.672,1.661,1.661,50353.2,1748742299999999,83847.873,769,22848.5,38043.9519,0
1748742300000000,1.662,1.669,1.65,1.654,186905.9,1748743199999999,310192.0382,1822,90425.7,150176.3937,0
1748743200000000,1.653,1.654,1.643,1.644,142761.2,1748744099999999,235205.3108,1970,75664.0,124651.383,0
1748744100000000,1.644,1.654,1.644,1.653,41950.1,1748744999999999,69239.3531,937,24687.7,40750.4962,0
1748745000000000,1.653,1.66,1.653,1.66,38004.2,1748745899999999,62964.9385,733,24776.9,41055.192,0
1748745900000000,1.659,1.661,1.655,1.656,19178.9,1748746799999999,31805.1441,446,8418.2,13958.4488,0
1748746800000000,1.656,1.657,1.65,1.651,81128.3,1748747699999999,134094.129,945,40982.6,67731.5854,0
1748747700000000,1.65,1.655,1.644,1.652,35730.8,1748748599999999,58942.0079,692,14619.3,24134.7161,0
1748748600000000,1.653,1.662,1.653,1.661,44181.0,1748749499999999,73318.4317,514,24953.8,41404.1084,0
1748749500000000,1.661,1.667,1.66,1.66,28108.5,1748750399999999,46768.7621,403,11935.9,19863.1125,0
1748750400000000,1.661,1.661,1.655,1.659,36020.9,1748751299999999,59717.0007,699,17958.4,29772.7973,0
1748751300000000,1.659,1.664,1.658,1.66,24837.6,1748752199999999,41246.8588,541,13391.6,22237.6699,0
1748752200000000,1.66,1.676,1.66,1.674,82240.8,1748753099999999,137302.8208,1095,50257.0,83907.913,0
1748753100000000,1.674,1.689,1.674,1.683,163577.1,1748753999999999,274900.9223,1781,97511.3,163844.3515,0
1748754000000000,1.682,1.688,1.675,1.675,101078.0,1748754899999999,169963.5446,1173,29647.4,49868.2299,0
1748754900000000,1.674,1.674,1.667,1.672,69193.5,1748755799999999,115567.9383,711,37443.1,62556.1938,0
1748755800000000,1.672,1.676,1.67,1.67,23487.1,1748756699999999,39285.6429,467,10869.1,18178.2349,0
1748756700000000,1.669,1.671,1.665,1.669,42794.4,1748757599999999,71397.123,559,17699.4,29524.8735,0
1748757600000000,1.669,1.669,1.664,1.665,26456.7,1748758499999999,44090.9773,541,10249.3,17084.7833,0
1748758500000000,1.665,1.665,1.65,1.657,308739.5,1748759399999999,511595.4955,1382,129350.3,214468.6703,0
1748759400000000,1.657,1.663,1.657,1.659,30334.8,1748760299999999,50355.6574,455,21933.7,36406.3087,0
1748760300000000,1.659,1.66,1.654,1.656,110972.6,1748761199999999,183857.3612,1022,52251.3,86581.2629,0
1748761200000000,1.655,1.657,1.651,1.657,68586.4,1748762099999999,113404.8439,790,39424.9,65198.141,0
1748762100000000,1.658,1.659,1.654,1.656,24726.1,1748762999999999,40938.3308,355,8020.3,13279.7154,0
1748763000000000,1.656,1.656,1.651,1.652,23582.5,1748763899999999,38989.3531,465,5164.7,8539.9774,0
1748763900000000,1.653,1.653,1.644,1.649,145308.9,1748764799999999,239579.9105,1033,45526.4,75070.2356,0
1748764800000000,1.648,1.649,1.639,1.641,150763.3,1748765699999999,247734.0501,1299,91113.2,149741.6525,0
1748765700000000,1.641,1.648,1.641,1.646,40552.0,1748766599999999,66679.3477,654,27329.3,44924.4306,0
1748766600000000,1.645,1.648,1.641,1.645,83775.6,1748767499999999,137729.1912,1133,29065.5,47774.7437,0
1748767500000000,1.645,1.645,1.64,1.643,59495.7,1748768399999999,97678.6573,559,16409.3,26937.9409,0
1748768400000000,1.644,1.649,1.639,1.642,58692.9,1748769299999999,96470.8888,839,32599.1,53601.8023,0
1748769300000000,1.642,1.643,1.628,1.631,117709.8,1748770199999999,192289.9319,1280,38186.2,62346.4651,0
1748770200000000,1.631,1.631,1.624,1.625,91643.5,1748771099999999,149060.8061,1575,40489.6,65854.2216,0
1748771100000000,1.625,1.632,1.622,1.631,63695.8,1748771999999999,103568.0097,1245,30413.8,49469.9949,0
1748772000000000,1.631,1.636,1.627,1.631,68170.7,1748772899999999,111271.0756,1017,40487.9,66117.3635,0
1748772900000000,1.631,1.634,1.629,1.631,14305.4,1748773799999999,23341.3234,569,6425.7,10486.1646,0
1748773800000000,1.632,1.632,1.625,1.626,48928.3,1748774699999999,79600.5764,776,15590.5,25365.9063,0
1748774700000000,1.626,1.631,1.623,1.631,45028.3,1748775599999999,73210.3592,640,17369.5,28261.8395,0
1748775600000000,1.63,1.63,1.622,1.625,59790.4,1748776499999999,97181.9332,686,26495.9,43061.6256,0
1748776500000000,1.625,1.633,1.625,1.633,18766.1,1748777399999999,30598.1181,379,10347.6,16872.1276,0
1748777400000000,1.632,1.639,1.631,1.639,103084.6,1748778299999999,168517.2397,678,62487.2,102159.6697,0
1748778300000000,1.638,1.639,1.632,1.632,22853.7,1748779199999999,37365.5938,417,10879.2,17789.3241,0
1748779200000000,1.632,1.64,1.63,1.637,41189.8,1748780099999999,67297.9561,690,20992.4,34295.7031,0
1748780100000000,1.637,1.637,1.63,1.633,21507.7,1748780999999999,35127.6694,484,9211.4,15044.4186,0
1748781000000000,1.633,1.633,1.62,1.625,85253.7,1748781899999999,138449.0074,1091,23299.4,37859.3735,0
1748781900000000,1.625,1.626,1.619,1.623,45662.0,1748782799999999,74072.2389,646,18561.3,30111.1972,0
1748782800000000,1.623,1.63,1.623,1.63,19920.7,1748783699999999,32388.6286,322,8845.0,14386.4084,0
1748783700000000,1.631,1.635,1.627,1.629,55560.2,1748784599999999,90596.2618,579,36036.0,58753.5929,0
1748784600000000,1.629,1.635,1.629,1.634,29969.0,1748785499999999,48935.2661,411,8313.0,13574.7855,0
1748785500000000,1.634,1.637,1.631,1.632,40942.0,1748786399999999,66883.9095,491,14197.5,23188.214,0
1748786400000000,1.633,1.654,1.632,1.646,141563.8,1748787299999999,232740.5479,1461,79996.0,131640.6678,0
1748787300000000,1.647,1.666,1.647,1.663,165844.3,1748788199999999,275131.7467,1817,96507.8,160110.9269,0
1748788200000000,1.663,1.668,1.66,1.666,124516.3,1748789099999999,207190.1129,1475,67407.7,112196.6578,0
1748789100000000,1.666,1.671,1.654,1.654,80929.2,1748789999999999,134644.3286,1003,38155.2,63525.7902,0
1748790000000000,1.654,1.657,1.646,1.648,53066.7,1748790899999999,87604.4905,624,13547.0,22366.34,0
1748790900000000,1.648,1.658,1.647,1.657,79650.5,1748791799999999,131743.899,764,61195.5,101217.584,0
1748791800000000,1.657,1.661,1.655,1.661,76407.8,1748792699999999,126700.9306,727,53750.3,89136.9841,0
1748792700000000,1.661,1.662,1.652,1.654,85115.2,1748793599999999,141068.7891,1096,30667.9,50851.0409,0
1748793600000000,1.654,1.679,1.651,1.672,246937.3,1748794499999999,411513.7612,2784,143305.3,238859.5264,0
1748794500000000,1.672,1.676,1.665,1.675,121191.0,1748795399999999,202492.7367,1660,69225.1,115705.2199,0
1748795400000000,1.675,1.688,1.675,1.686,159076.7,1748796299999999,267467.3832,1765,95977.0,161368.3741,0
1748796300000000,1.687,1.695,1.679,1.681,176382.9,1748797199999999,297672.5857,1921,70179.7,118479.9694,0
1748797200000000,1.682,1.686,1.679,1.682,53125.9,1748798099999999,89419.9399,826,26770.5,45060.7904,0
1748798100000000,1.682,1.684,1.678,1.683,36802.3,1748798999999999,61828.7106,570,22857.1,38399.471,0
1748799000000000,1.684,1.689,1.682,1.682,34711.4,1748799899999999,58495.3953,653,16064.6,27068.6133,0
1748799900000000,1.682,1.686,1.68,1.684,55360.3,1748800799999999,93162.8432,681,20233.5,34053.1855,0
1748800800000000,1.684,1.689,1.679,1.684,114285.0,1748801699999999,192444.6817,1283,58253.2,98134.7134,0
1748801700000000,1.683,1.685,1.668,1.669,94292.4,1748802599999999,158069.0437,1211,44234.3,74147.4874,0
1748802600000000,1.669,1.669,1.653,1.66,183772.9,1748803499999999,305323.3713,1879,79539.1,132101.5158,0
1748803500000000,1.66,1.673,1.659,1.667,138474.3,1748804399999999,230551.3329,1758,78084.1,129964.091,0
1748804400000000,1.668,1.674,1.668,1.669,41036.3,1748805299999999,68582.6626,838,16713.6,27942.9978,0
1748805300000000,1.669,1.677,1.669,1.676,41962.2,1748806199999999,70246.7284,592,24975.3,41802.5636,0
1748806200000000,1.676,1.682,1.676,1.681,37514.2,1748807099999999,63010.6332,556,20252.5,34014.2678,0
1748807100000000,1.682,1.684,1.68,1.684,16603.6,1748807999999999,27944.6638,395,7292.4,12272.9813,0
1748808000000000,1.685,1.687,1.679,1.683,52514.3,1748808899999999,88378.2534,675,19850.8,33428.3539,0
1748808900000000,1.684,1.695,1.684,1.693,81413.3,1748809799999999,137564.9375,930,45423.4,76766.8736,0
1748809800000000,1.694,1.712,1.694,1.708,217871.3,1748810699999999,370863.4155,1804,128180.9,218089.2767,0
1748810700000000,1.709,1.71,1.699,1.702,92061.8,1748811599999999,156810.5851,1197,46224.6,78712.0556,0
1748811600000000,1.702,1.711,1.702,1.71,80081.2,1748812499999999,136672.038,894,48299.1,82444.739,0
1748812500000000,1.71,1.717,1.71,1.715,86743.3,1748813399999999,148656.0565,720,52100.7,89275.4512,0
1748813400000000,1.715,1.723,1.709,1.709,142917.4,1748814299999999,245275.9351,1219,58646.9,100723.3161,0
1748814300000000,1.71,1.714,1.708,1.713,34494.6,1748815199999999,59015.087,614,13586.1,23245.2154,0
1748815200000000,1.713,1.722,1.712,1.722,77968.4,1748816099999999,133813.0495,854,33472.1,57466.4504,0
1748816100000000,1.723,1.723,1.717,1.719,80089.4,1748816999999999,137795.554,1125,18040.9,31036.5491,0
1748817000000000,1.72,1.721,1.712,1.713,44385.8,1748817899999999,76222.663,539,13380.9,22997.8451,0
1748817900000000,1.712,1.714,1.71,1.712,32277.3,1748818799999999,55244.4983,523,10850.0,18573.5907,0
1748818800000000,1.712,1.721,1.712,1.72,55677.8,1748819699999999,95565.5199,600,22906.9,39335.0414,0
1748819700000000,1.72,1.721,1.713,1.715,42598.0,1748820599999999,73119.5092,630,23725.0,40737.0839,0
1748820600000000,1.714,1.717,1.71,1.71,67183.8,1748821499999999,115102.4033,852,25724.5,44092.9631,0
1748821500000000,1.71,1.714,1.708,1.712,54068.9,1748822399999999,92483.7653,573,20744.1,35487.2563,0
1748822400000000,1.712,1.714,1.706,1.71,62939.2,1748823299999999,107583.3719,830,21371.2,36538.957,0
1748823300000000,1.71,1.714,1.703,1.704,59345.8,1748824199999999,101365.0917,880,22311.5,38131.9312,0
1748824200000000,1.704,1.709,1.698,1.708,69498.0,1748825099999999,118453.3778,980,30678.5,52288.3591,0
1748825100000000,1.708,1.708,1.703,1.705,44873.8,1748825999999999,76481.8013,575,10587.2,18042.1338,0
1748826000000000,1.705,1.714,1.703,1.712,117077.7,1748826899999999,199960.8414,1027,62664.2,107096.6362,0
1748826900000000,1.711,1.713,1.704,1.704,65575.2,1748827799999999,112028.9618,758,31312.9,53522.6098,0
1748827800000000,1.703,1.706,1.699,1.702,73498.9,1748828699999999,125082.415,665,23831.1,40582.4569,0
1748828700000000,1.701,1.704,1.697,1.698,40949.9,1748829599999999,69573.5206,529,15285.7,25979.1762,0
1748829600000000,1.698,1.699,1.682,1.685,243493.0,1748830499999999,411853.2029,1944,90537.3,153050.2972,0
1748830500000000,1.684,1.691,1.682,1.69,33820.9,1748831399999999,57049.3175,466,27974.9,47194.4632,0
1748831400000000,1.69,1.693,1.686,1.69,81599.3,1748832299999999,137807.5835,761,21735.2,36724.5668,0
1748832300000000,1.689,1.691,1.678,1.68,165176.9,1748833199999999,278020.9027,1292,72631.4,122338.5174,0
1748833200000000,1.68,1.681,1.674,1.674,142091.0,1748834099999999,238201.2646,1320,55867.2,93678.6362,0
1748834100000000,1.674,1.677,1.67,1.675,88671.6,1748834999999999,148310.8447,1147,51155.2,85563.1739,0
1748835000000000,1.675,1.679,1.672,1.676,66440.8,1748835899999999,111290.2338,1034,20681.2,34641.9344,0
1748835900000000,1.677,1.677,1.67,1.671,43028.8,1748836799999999,72056.6983,604,10017.8,16765.7915,0
1748836800000000,1.671,1.681,1.67,1.68,135806.7,1748837699999999,227189.2791,1377,59917.6,100252.8098,0
1748837700000000,1.681,1.682,1.677,1.678,28895.9,1748838599999999,48523.5637,598,16366.1,27484.5296,0
1748838600000000,1.678,1.683,1.678,1.682,59281.3,1748839499999999,99660.0956,675,19391.2,32607.0758,0
1748839500000000,1.681,1.684,1.671,1.675,59988.5,1748840399999999,100465.9077,605,25953.1,43456.4451,0
1748840400000000,1.675,1.686,1.673,1.685,63172.0,1748841299999999,106064.8424,949,24871.8,41723.3717,0
1748841300000000,1.684,1.684,1.676,1.678,46124.3,1748842199999999,77423.5636,519,22771.8,38216.1525,0
1748842200000000,1.678,1.679,1.67,1.67,59161.5,1748843099999999,98973.3471,676,20142.2,33687.1347,0
1748843100000000,1.669,1.678,1.667,1.678,57480.3,1748843999999999,96115.4906,778,29359.8,49110.8592,0
1748844000000000,1.679,1.683,1.674,1.674,52486.4,1748844899999999,88114.16,747,23201.1,38951.5682,0
1748844900000000,1.675,1.685,1.673,1.683,58975.8,1748845799999999,99000.8907,761,38087.0,63872.6358,0
1748845800000000,1.682,1.699,1.681,1.699,119992.3,1748846699999999,202762.8855,1357,62674.8,105909.806,0
1748846700000000,1.699,1.704,1.696,1.699,108729.7,1748847599999999,184829.3088,1268,54384.1,92447.4766,0
1748847600000000,1.699,1.714,1.699,1.712,139489.6,1748848499999999,238412.1727,1381,82979.0,141813.9228,0
1748848500000000,1.711,1.715,1.697,1.699,98283.9,1748849399999999,167810.2901,1256,25984.9,44412.3513,0
1748849400000000,1.698,1.7,1.691,1.695,106651.8,1748850299999999,180794.8782,1407,53363.3,90477.2906,0
1748850300000000,1.694,1.694,1.686,1.687,82941.1,1748851199999999,140083.4265,764,21120.4,35683.9551,0
1748851200000000,1.688,1.69,1.684,1.685,77853.4,1748852099999999,131347.0849,1157,16745.4,28249.4646,0
1748852100000000,1.684,1.691,1.68,1.69,147039.7,1748852999999999,247611.5742,1796,65674.9,110598.5057,0
1748853000000000,1.689,1.693,1.677,1.677,101018.0,1748853899999999,170079.7196,1064,32704.3,55034.3398,0
1748853900000000,1.676,1.676,1.669,1.669,129573.0,1748854799999999,216747.1212,1534,52596.7,88006.4595,0
1748854800000000,1.67,1.67,1.652,1.654,250415.5,1748855699999999,415762.0369,2619,123486.3,205060.0201,0
1748855700000000,1.653,1.659,1.652,1.655,86670.2,1748856599999999,143455.3665,1154,44580.7,73792.6966,0
1748856600000000,1.655,1.66,1.65,1.652,70132.5,1748857499999999,115990.8671,1114,29701.0,49102.3515,0
1748857500000000,1.652,1.654,1.645,1.649,55386.9,1748858399999999,91322.9068,1193,28739.4,47374.3882,0
1748858400000000,1.648,1.651,1.642,1.65,111601.7,1748859299999999,183871.0253,1217,75538.3,124430.4524,0
1748859300000000,1.65,1.65,1.638,1.64,164872.9,1748860199999999,271000.6361,1528,74492.8,122413.6533,0
1748860200000000,1.64,1.641,1.634,1.635,67326.4,1748861099999999,110216.6203,791,37682.2,61713.5675,0
1748861100000000,1.634,1.635,1.628,1.628,54945.2,1748861999999999,89623.0854,734,14386.4,23462.1962,0
1748862000000000,1.628,1.631,1.621,1.626,107794.5,1748862899999999,175248.2202,1461,44369.3,72141.7767,0
1748862900000000,1.626,1.628,1.622,1.623,65172.5,1748863799999999,105931.4053,1070,36633.4,59545.1326,0
1748863800000000,1.623,1.628,1.615,1.615,80667.9,1748864699999999,130799.8559,1181,46470.1,75384.8546,0
1748864700000000,1.615,1.625,1.615,1.62,75146.3,1748865599999999,121774.3909,1227,36703.5,59461.1225,0
1748865600000000,1.62,1.623,1.617,1.619,85679.4,1748866499999999,138761.2764,1332,50473.5,81756.3977,0
1748866500000000,1.619,1.632,1.61,1.632,187995.6,1748867399999999,304512.914,1996,110696.5,179342.5397,0
1748867400000000,1.631,1.647,1.63,1.645,175091.3,1748868299999999,286903.4023,1786,94974.7,155602.2197,0
1748868300000000,1.645,1.647,1.637,1.646,78287.0,1748869199999999,128606.5949,990,35219.1,57869.6935,0
1748869200000000,1.646,1.651,1.64,1.646,154029.3,1748870099999999,253688.9356,1629,90569.3,149225.0359,0
1748870100000000,1.646,1.649,1.633,1.641,99495.8,1748870999999999,163160.4372,1381,40499.0,66401.2034,0
1748871000000000,1.64,1.662,1.64,1.654,195095.0,1748871899999999,322394.5288,2921,110092.9,181963.4183,0
1748871900000000,1.655,1.655,1.636,1.639,113878.3,1748872799999999,187010.8411,2072,43618.7,71625.4468,0
1748872800000000,1.639,1.64,1.628,1.636,239092.2,1748873699999999,390982.5684,2880,103415.7,169097.4737,0
1748873700000000,1.636,1.66,1.631,1.649,196787.9,1748874599999999,324227.2124,2586,100937.5,166189.7598,0
1748874600000000,1.65,1.654,1.638,1.64,156527.5,1748875499999999,257928.9199,1940,73224.8,120720.8392,0
1748875500000000,1.64,1.647,1.635,1.645,75304.0,1748876399999999,123591.8551,1517,29488.9,48404.3101,0
1748876400000000,1.646,1.647,1.634,1.645,81262.0,1748877299999999,133337.3429,1420,40046.7,65662.2032,0
1748877300000000,1.645,1.657,1.641,1.644,160857.5,1748878199999999,265348.9554,1748,80577.5,132938.4159,0
1748878200000000,1.644,1.646,1.64,1.645,36153.1,1748879099999999,59414.535,1229,16083.3,26431.1774,0
1748879100000000,1.645,1.651,1.642,1.647,57114.1,1748879999999999,94030.8018,1000,31163.8,51325.8665,0
1748880000000000,1.647,1.65,1.644,1.644,52024.6,1748880899999999,85659.5031,1086,30087.6,49533.5899,0
1748880900000000,1.645,1.648,1.637,1.639,73480.2,1748881799999999,120747.3405,1124,36563.9,60104.3427,0
1748881800000000,1.639,1.644,1.637,1.64,56151.7,1748882699999999,92087.7059,892,26997.5,44269.2713,0
1748882700000000,1.641,1.65,1.635,1.647,98916.5,1748883599999999,162524.8074,1220,55123.8,90528.1016,0
1748883600000000,1.647,1.652,1.641,1.641,167976.3,1748884499999999,276857.6606,2063,68135.3,112288.4202,0
1748884500000000,1.642,1.656,1.64,1.651,123423.1,1748885399999999,203526.9702,1376,49981.3,82466.9623,0
1748885400000000,1.651,1.652,1.642,1.644,60845.3,1748886299999999,100137.2144,1022,32206.9,53004.7149,0
1748886300000000,1.644,1.654,1.642,1.652,66092.4,1748887199999999,108984.4509,989,41867.2,69013.7864,0
1748887200000000,1.652,1.661,1.651,1.659,79531.8,1748888099999999,131702.9286,1164,49186.9,81455.528,0
1748888100000000,1.659,1.673,1.658,1.669,185677.2,1748888999999999,309475.1425,2378,99671.1,166135.1501,0
1748889000000000,1.668,1.669,1.659,1.659,65683.9,1748889899999999,109193.871,1121,29647.9,49291.922,0
1748889900000000,1.658,1.659,1.65,1.652,80343.5,1748890799999999,132898.5606,1129,45104.6,74598.7229,0
1748890800000000,1.652,1.66,1.644,1.646,69496.8,1748891699999999,114897.011,1223,34940.7,57745.2665,0
1748891700000000,1.646,1.651,1.646,1.648,38778.0,1748892599999999,63921.3894,990,22119.0,36464.0247,0
1748892600000000,1.647,1.648,1.639,1.64,103664.9,1748893499999999,170498.4554,1289,48614.0,79964.6279,0
1748893500000000,1.64,1.649,1.637,1.648,64340.4,1748894399999999,105685.8002,921,27404.6,45028.697,0
1748894400000000,1.649,1.676,1.649,1.674,130230.3,1748895299999999,216512.8467,1290,78547.9,130556.3455,0
1748895300000000,1.675,1.685,1.672,1.68,197352.8,1748896199999999,331079.0389,2112,97626.9,163759.6964,0
1748896200000000,1.68,1.685,1.675,1.678,114811.6,1748897099999999,192861.9814,1390,46462.1,78078.3106,0
1748897100000000,1.678,1.684,1.674,1.682,92984.3,1748897999999999,156094.5728,1395,50780.6,85245.3334,0
1748898000000000,1.682,1.699,1.681,1.699,157614.8,1748898899999999,266724.0622,2226,94788.4,160430.6621,0
1748898900000000,1.699,1.701,1.688,1.697,155334.8,1748899799999999,263378.2739,1222,86113.6,146047.2323,0
1748899800000000,1.698,1.702,1.685,1.697,178721.7,1748900699999999,302817.087,1507,78301.9,132792.892,0
1748900700000000,1.698,1.707,1.697,1.705,60404.8,1748901599999999,102818.9534,871,38155.7,64924.8151,0
1748901600000000,1.704,1.723,1.703,1.719,321194.0,1748902499999999,551103.5679,4948,167639.5,287562.1392,0
1748902500000000,1.719,1.737,1.717,1.733,201155.9,1748903399999999,347418.4644,3390,117409.1,202761.1697,0
1748903400000000,1.732,1.734,1.72,1.72,78483.0,1748904299999999,135545.6782,1564,36938.4,63808.4727,0
1748904300000000,1.721,1.726,1.719,1.72,49873.3,1748905199999999,85918.679,899,26012.0,44819.9493,0
1748905200000000,1.72,1.723,1.713,1.716,80424.9,1748906099999999,138157.9564,1729,39993.4,68720.6726,0
1748906100000000,1.716,1.729,1.716,1.727,69834.1,1748906999999999,120432.6971,1290,41435.1,71456.7202,0
1748907000000000,1.727,1.727,1.716,1.72,58613.2,1748907899999999,100835.1796,1234,25171.3,43304.6857,0
1748907900000000,1.721,1.723,1.716,1.721,90767.5,1748908799999999,156133.3051,1083,39746.2,68358.8444,0
1748908800000000,1.722,1.729,1.718,1.727,94119.3,1748909699999999,162141.8644,1833,41972.6,72344.8592,0
1748909700000000,1.727,1.734,1.721,1.721,102917.2,1748910599999999,177895.0787,1747,59797.9,103401.6101,0
1748910600000000,1.722,1.725,1.719,1.722,106631.2,1748911499999999,183536.9851,1555,41257.6,71009.2803,0
1748911500000000,1.722,1.729,1.722,1.729,63676.1,1748912399999999,109893.8426,1260,27109.2,46778.8195,0
1748912400000000,1.73,1.751,1.729,1.737,238699.1,1748913299999999,415037.7237,3143,93833.5,163149.2206,0
1748913300000000,1.738,1.744,1.729,1.743,133709.3,1748914199999999,232241.5035,1492,67003.0,116429.4386,0
1748914200000000,1.743,1.753,1.74,1.745,228407.1,1748915099999999,398755.556,2320,108800.9,189933.0955,0
1748915100000000,1.745,1.75,1.74,1.746,117714.2,1748915999999999,205358.9848,1707,51261.5,89446.8097,0
1748916000000000,1.746,1.748,1.733,1.735,203373.1,1748916899999999,353813.0494,2388,84236.3,146596.6863,0
1748916900000000,1.734,1.735,1.724,1.725,46493.3,1748917799999999,80375.6785,1187,11171.7,19312.2901,0
1748917800000000,1.725,1.727,1.717,1.72,173337.3,1748918699999999,298345.6127,1551,60856.3,104693.5373,0
1748918700000000,1.719,1.719,1.71,1.713,280080.8,1748919599999999,480149.3046,2123,113432.8,194442.3485,0
1748919600000000,1.713,1.713,1.699,1.703,177021.4,1748920499999999,301910.1466,2326,77007.0,131355.5625,0
1748920500000000,1.702,1.715,1.702,1.705,94461.5,1748921399999999,161542.372,1116,54327.4,92995.3449,0
1748921400000000,1.706,1.708,1.7,1.706,83476.0,1748922299999999,142200.8007,1450,36167.2,61632.0871,0
1748922300000000,1.706,1.708,1.705,1.708,35595.8,1748923199999999,60756.5996,526,17564.9,29986.1816,0
1748923200000000,1.708,1.709,1.7,1.702,72016.9,1748924099999999,122717.7067,983,26338.6,44903.6629,0
1748924100000000,1.702,1.705,1.7,1.7,27383.7,1748924999999999,46636.9097,720,15087.6,25696.2713,0
1748925000000000,1.701,1.701,1.692,1.693,100481.3,1748925899999999,170341.2333,1069,44142.0,74818.087,0
1748925900000000,1.694,1.695,1.688,1.693,93673.9,1748926799999999,158432.7696,1189,59770.2,101099.0969,0
1748926800000000,1.693,1.707,1.693,1.702,91779.9,1748927699999999,156139.9088,1100,40026.3,68113.4793,0
1748927700000000,1.702,1.712,1.695,1.696,506353.8,1748928599999999,862830.1466,3472,264795.3,451491.4362,0
1748928600000000,1.697,1.701,1.695,1.7,77378.0,1748929499999999,131465.855,716,41366.8,70309.8804,0
1748929500000000,1.7,1.706,1.698,1.705,29555.2,1748930399999999,50293.9627,506,13854.2,23584.2723,0
1748930400000000,1.705,1.705,1.697,1.697,26192.7,1748931299999999,44521.8063,640,12483.3,21214.4259,0
1748931300000000,1.698,1.701,1.693,1.693,36840.0,1748932199999999,62446.7846,521,14538.2,24655.0218,0
1748932200000000,1.694,1.698,1.691,1.698,74338.6,1748933099999999,125977.7967,881,38926.1,65966.9672,0
1748933100000000,1.697,1.703,1.696,1.703,37496.5,1748933999999999,63746.3507,572,17880.6,30406.3234,0
1748934000000000,1.704,1.704,1.699,1.699,54776.9,1748934899999999,93220.9709,620,14927.2,25418.001,0
1748934900000000,1.699,1.7,1.693,1.694,48499.6,1748935799999999,82282.9077,569,20034.6,33985.6622,0
1748935800000000,1.695,1.698,1.694,1.694,22711.7,1748936699999999,38528.3362,517,14332.2,24317.1118,0
1748936700000000,1.695,1.696,1.692,1.694,23172.9,1748937599999999,39256.2269,400,11276.7,19104.9508,0
1748937600000000,1.695,1.699,1.688,1.688,73003.5,1748938499999999,123626.6302,989,24639.3,41745.8497,0
1748938500000000,1.688,1.688,1.679,1.681,209408.3,1748939399999999,352474.217,2105,78422.2,132022.8731,0
1748939400000000,1.681,1.685,1.671,1.674,217006.4,1748940299999999,363665.5018,1953,119709.1,200623.5612,0
1748940300000000,1.674,1.685,1.674,1.683,101896.2,1748941199999999,171329.8574,825,53910.2,90625.4686,0
1748941200000000,1.683,1.686,1.682,1.685,60508.1,1748942099999999,101887.6695,625,22729.6,38284.9036,0
1748942100000000,1.685,1.686,1.681,1.682,14636.0,1748942999999999,24649.84,353,6922.6,11655.837,0
1748943000000000,1.682,1.695,1.682,1.694,91162.6,1748943899999999,154162.4916,688,46996.8,79477.0913,0
1748943900000000,1.693,1.7,1.693,1.697,56837.1,1748944799999999,96449.6901,623,26322.6,44665.2259,0
1748944800000000,1.696,1.697,1.686,1.689,79526.1,1748945699999999,134380.1571,717,28295.1,47803.158,0
1748945700000000,1.688,1.689,1.684,1.688,22673.3,1748946599999999,38239.7843,401,8297.7,13995.8589,0
1748946600000000,1.687,1.691,1.682,1.682,49658.5,1748947499999999,83676.667,521,19554.6,32963.2506,0
1748947500000000,1.682,1.683,1.676,1.682,102003.2,1748948399999999,171361.2523,1016,70790.5,118935.7813,0
1748948400000000,1.683,1.692,1.683,1.687,91385.8,1748949299999999,154223.93,848,46055.5,77723.7418,0
1748949300000000,1.686,1.686,1.68,1.684,29133.0,1748950199999999,49042.1963,610,11113.2,18710.3283,0
1748950200000000,1.683,1.684,1.678,1.679,43068.2,1748951099999999,72358.4418,529,17984.2,30225.8396,0
1748951100000000,1.679,1.683,1.678,1.681,36870.4,1748951999999999,61992.5696,745,20883.2,35119.6813,0
1748952000000000,1.681,1.686,1.677,1.686,47026.3,1748952899999999,79064.5263,600,21506.0,36178.4007,0
1748952900000000,1.686,1.688,1.681,1.685,45486.5,1748953799999999,76654.3993,724,23764.2,40051.5704,0
1748953800000000,1.685,1.685,1.676,1.682,103690.3,1748954699999999,174250.6085,1319,62487.0,104978.1873,0
1748954700000000,1.683,1.686,1.681,1.685,44263.3,1748955599999999,74553.7125,444,17932.4,30214.9945,0
1748955600000000,1.686,1.698,1.686,1.697,126323.1,1748956499999999,213940.6974,1213,66663.8,112899.0519,0
1748956500000000,1.698,1.707,1.698,1.702,143582.1,1748957399999999,244575.5629,1641,75771.0,129064.9566,0
1748957400000000,1.702,1.708,1.688,1.708,280569.0,1748958299999999,476820.0579,3029,155425.7,264180.273,0
1748958300000000,1.709,1.711,1.698,1.702,183593.4,1748959199999999,313083.5313,2083,96361.4,164355.1129,0
1748959200000000,1.703,1.707,1.685,1.687,205404.7,1748960099999999,348592.6111,2810,97270.1,165102.8135,0
1748960100000000,1.687,1.706,1.686,1.706,158023.3,1748960999999999,268606.6345,2095,76260.8,129614.1766,0
1748961000000000,1.707,1.717,1.702,1.716,103483.0,1748961899999999,176762.0249,1990,60095.7,102714.746,0
1748961900000000,1.716,1.727,1.708,1.727,224444.7,1748962799999999,385761.2999,2719,143180.6,246173.5704,0
1748962800000000,1.727,1.755,1.721,1.753,608041.5,1748963699999999,1057202.8128,5099,334785.2,581873.6126,0
1748963700000000,1.752,1.763,1.749,1.76,359111.6,1748964599999999,631200.2093,3171,183092.1,321905.6362,0
1748964600000000,1.759,1.769,1.748,1.754,315353.5,1748965499999999,553949.3329,2927,148429.8,260684.2662,0
1748965500000000,1.754,1.754,1.746,1.753,141099.7,1748966399999999,246919.9104,1511,53897.9,94349.8593,0
1748966400000000,1.754,1.764,1.745,1.755,315929.6,1748967299999999,553878.6636,3237,166548.4,291999.6454,0
1748967300000000,1.754,1.758,1.742,1.746,175367.4,1748968199999999,307172.6073,1954,79721.2,139664.6432,0
1748968200000000,1.746,1.76,1.746,1.753,195736.1,1748969099999999,343556.031,2064,106654.8,187181.1752,0
1748969100000000,1.753,1.755,1.738,1.74,125184.0,1748969999999999,218927.9144,1625,49252.2,86156.2965,0
1748970000000000,1.74,1.74,1.732,1.737,180850.6,1748970899999999,313994.3008,1969,57829.0,100413.316,0
1748970900000000,1.738,1.761,1.737,1.753,191741.4,1748971799999999,335528.2697,1925,98348.5,172077.9897,0
1748971800000000,1.752,1.752,1.739,1.74,118010.1,1748972699999999,205754.4522,1459,37539.0,65459.596,0
1748972700000000,1.741,1.743,1.737,1.741,58939.5,1748973599999999,102565.6178,812,28369.4,49383.5049,0
1748973600000000,1.742,1.742,1.733,1.736,86003.1,1748974499999999,149349.6169,1632,34635.0,60145.7744,0
1748974500000000,1.736,1.738,1.731,1.735,44166.5,1748975399999999,76572.882,877,18234.8,31624.595,0
1748975400000000,1.736,1.74,1.729,1.739,79010.8,1748976299999999,137015.1694,1189,39393.0,68334.3899,0
1748976300000000,1.739,1.741,1.734,1.74,38648.2,1748977199999999,67151.5496,560,19762.6,34345.1214,0
1748977200000000,1.74,1.754,1.74,1.75,111531.0,1748978099999999,194927.6594,1288,63171.4,110413.2597,0
1748978100000000,1.75,1.757,1.749,1.751,127978.2,1748978999999999,224388.1375,1320,58613.9,102786.2524,0
1748979000000000,1.751,1.752,1.739,1.739,94091.9,1748979899999999,164095.8148,1138,55033.1,95940.5573,0
1748979900000000,1.739,1.742,1.729,1.733,171708.6,1748980799999999,297742.577,1966,91561.6,158756.7764,0
1748980800000000,1.734,1.734,1.715,1.716,163922.8,1748981699999999,282636.894,2101,65495.3,112940.1338,0
1748981700000000,1.716,1.716,1.686,1.689,277183.8,1748982599999999,471734.2754,3327,158683.9,269932.5686,0
1748982600000000,1.689,1.701,1.68,1.697,174012.7,1748983499999999,294027.8252,2164,104495.1,176529.7317,0
1748983500000000,1.697,1.698,1.689,1.693,66939.2,1748984399999999,113279.1053,1057,34626.1,58592.4661,0
1748984400000000,1.693,1.702,1.69,1.691,103097.7,1748985299999999,174772.9546,1305,56375.6,95567.0321,0
1748985300000000,1.691,1.693,1.686,1.692,61509.0,1748986199999999,103817.3431,673,27045.9,45653.7718,0
1748986200000000,1.693,1.694,1.686,1.689,61961.2,1748987099999999,104665.5205,778,31802.2,53734.9576,0
1748987100000000,1.689,1.692,1.678,1.682,138822.6,1748987999999999,233774.884,1416,59381.7,99998.4026,0
1748988000000000,1.682,1.69,1.676,1.687,127225.1,1748988899999999,214163.0992,1938,75689.3,127418.5007,0
1748988900000000,1.687,1.687,1.683,1.685,52794.7,1748989799999999,88969.6915,817,22042.6,37148.9952,0
1748989800000000,1.685,1.688,1.683,1.687,46496.6,1748990699999999,78351.4025,648,22250.1,37491.1674,0
1748990700000000,1.688,1.695,1.688,1.692,54252.4,1748991599999999,91781.0482,595,29249.8,49474.0781,0
1748991600000000,1.692,1.692,1.683,1.686,66377.3,1748992499999999,112027.7807,736,25593.0,43194.8432,0
1748992500000000,1.685,1.685,1.675,1.678,94421.3,1748993399999999,158576.5295,898,32881.6,55219.6815,0
1748993400000000,1.678,1.68,1.671,1.674,83984.4,1748994299999999,140630.7076,896,29114.6,48759.2866,0
1748994300000000,1.674,1.676,1.672,1.675,22271.8,1748995199999999,37280.3308,622,7926.5,13270.4206,0
1748995200000000,1.675,1.683,1.674,1.675,70558.9,1748996099999999,118440.7991,1081,34494.5,57932.5415,0
1748996100000000,1.676,1.683,1.676,1.677,26396.4,1748996999999999,44343.2367,784,12683.3,21317.1479,0
1748997000000000,1.676,1.678,1.672,1.678,65864.6,1748997899999999,110306.0947,1023,27005.5,45239.8128,0
1748997900000000,1.678,1.7,1.677,1.697,131438.9,1748998799999999,222238.4541,1077,80052.3,135361.7883,0
1748998800000000,1.697,1.709,1.697,1.707,85076.7,1748999699999999,144960.9159,899,53497.0,91155.649,0
1748999700000000,1.706,1.718,1.702,1.715,137794.5,1749000599999999,235738.1602,1293,83924.6,143521.2085,0
1749000600000000,1.716,1.716,1.705,1.707,47684.3,1749001499999999,81448.2808,573,15695.1,26811.5413,0
1749001500000000,1.706,1.709,1.697,1.698,87137.2,1749002399999999,148331.4639,796,35541.6,60514.1695,0
1749002400000000,1.698,1.705,1.697,1.698,40032.1,1749003299999999,68105.7844,746,12405.2,21108.253,0
1749003300000000,1.697,1.699,1.689,1.693,66566.8,1749004199999999,112714.7953,955,26844.6,45460.4802,0
1749004200000000,1.692,1.695,1.685,1.688,49746.4,1749005099999999,84019.1326,843,26222.2,44294.5392,0
1749005100000000,1.688,1.69,1.684,1.685,23380.6,1749005999999999,39436.4186,482,9433.4,15911.4864,0
1749006000000000,1.686,1.693,1.683,1.692,97396.5,1749006899999999,164489.5414,1233,49403.3,83475.7815,0
1749006900000000,1.693,1.7,1.693,1.696,82448.3,1749007799999999,139877.0755,1105,42306.3,71767.7178,0
1749007800000000,1.697,1.7,1.69,1.69,41848.3,1749008699999999,70908.9164,651,9271.5,15724.0323,0
1749008700000000,1.691,1.694,1.686,1.688,91383.8,1749009599999999,154290.6718,773,33649.5,56829.8455,0
1749009600000000,1.688,1.69,1.684,1.688,55292.5,1749010499999999,93263.008,855,19634.4,33117.6481,0
1749010500000000,1.688,1.695,1.687,1.691,67280.1,1749011399999999,113726.2482,809,28614.7,48360.4828,0
1749011400000000,1.691,1.691,1.684,1.686,33465.5,1749012299999999,56417.1476,599,13602.6,22932.1332,0
1749012300000000,1.686,1.694,1.685,1.693,30629.9,1749013199999999,51786.299,508,13009.2,21986.0862,0
1749013200000000,1.694,1.699,1.688,1.688,76845.8,1749014099999999,130196.6363,792,24781.1,41986.5908,0
1749014100000000,1.688,1.69,1.679,1.681,79792.4,1749014999999999,134314.1293,918,31376.9,52829.0974,0
1749015000000000,1.681,1.681,1.675,1.681,91437.8,1749015899999999,153457.5248,880,34095.2,57214.9866,0
1749015900000000,1.68,1.684,1.675,1.676,37320.2,1749016799999999,62679.1489,461,14388.4,24166.3294,0
1749016800000000,1.677,1.682,1.666,1.672,169266.0,1749017699999999,283307.934,1323,80988.1,135516.2987,0
1749017700000000,1.672,1.672,1.666,1.669,90265.8,1749018599999999,150604.2561,1012,44278.6,73871.7602,0
1749018600000000,1.669,1.675,1.666,1.675,52568.1,1749019499999999,87802.6537,637,35477.0,59273.9904,0
1749019500000000,1.674,1.677,1.671,1.672,22573.1,1749020399999999,37788.9966,536,9837.1,16468.8957,0
1749020400000000,1.672,1.676,1.669,1.67,71665.0,1749021299999999,119849.5173,749,21366.3,35740.2119,0
1749021300000000,1.669,1.672,1.667,1.668,39378.1,1749022199999999,65748.0373,543,15307.9,25557.7984,0
1749022200000000,1.668,1.672,1.665,1.671,58233.2,1749023099999999,97131.7756,756,21912.1,36570.2204,0
1749023100000000,1.671,1.684,1.671,1.677,121126.9,1749023999999999,203164.9901,894,63494.7,106533.0375,0
1749024000000000,1.677,1.689,1.677,1.686,92822.2,1749024899999999,156182.2347,1011,45276.0,76207.1228,0
1749024900000000,1.687,1.703,1.686,1.698,164759.5,1749025799999999,279474.4303,1919,86251.4,146256.9687,0
1749025800000000,1.697,1.698,1.686,1.687,94284.2,1749026699999999,159570.843,1015,31955.0,54114.6175,0
1749026700000000,1.688,1.693,1.686,1.687,49909.3,1749027599999999,84267.3515,547,31185.1,52656.6649,0
1749027600000000,1.688,1.69,1.68,1.681,57588.8,1749028499999999,96957.6,931,27932.5,47044.4321,0
1749028500000000,1.68,1.682,1.675,1.676,125765.0,1749029399999999,211003.3873,1068,57736.2,96881.6106,0
1749029400000000,1.676,1.683,1.672,1.683,73219.6,1749030299999999,122803.9648,753,37976.1,63719.8455,0
1749030300000000,1.684,1.689,1.681,1.683,49458.9,1749031199999999,83345.7476,661,23907.8,40284.1088,0
1749031200000000,1.683,1.684,1.676,1.684,63998.4,1749032099999999,107514.3206,817,37976.3,63789.6421,0
1749032100000000,1.683,1.685,1.672,1.672,128564.7,1749032999999999,215437.8005,949,65278.1,109398.164,0
1749033000000000,1.672,1.672,1.662,1.668,253598.6,1749033899999999,422744.6672,1431,85179.6,141973.0604,0
1749033900000000,1.668,1.668,1.659,1.662,56826.9,1749034799999999,94454.2804,593,22659.9,37669.6808,0
1749034800000000,1.662,1.664,1.657,1.663,67177.1,1749035699999999,111552.5998,781,40896.1,67898.7071,0
1749035700000000,1.662,1.666,1.655,1.658,53104.3,1749036599999999,88112.021,828,30341.5,50333.9101,0
1749036600000000,1.658,1.659,1.654,1.655,38336.5,1749037499999999,63491.2628,672,14459.2,23942.05,0
1749037500000000,1.655,1.659,1.651,1.652,34580.5,1749038399999999,57236.1357,617,21520.9,35630.9562,0
1749038400000000,1.651,1.664,1.649,1.662,108662.9,1749039299999999,179888.1027,1032,66455.5,109991.9349,0
1749039300000000,1.661,1.661,1.648,1.65,112583.9,1749040199999999,186148.5335,1258,47942.5,79268.3369,0
1749040200000000,1.65,1.654,1.646,1.653,48400.6,1749041099999999,79862.136,895,25006.0,41270.7654,0
1749041100000000,1.653,1.654,1.649,1.65,38585.3,1749041999999999,63725.4428,487,9888.0,16331.8529,0
1749042000000000,1.649,1.652,1.645,1.648,107258.3,1749042899999999,176719.8624,1182,67248.0,110771.3009,0
1749042900000000,1.649,1.66,1.648,1.652,91796.9,1749043799999999,151812.0458,1002,57877.3,95728.0417,0
1749043800000000,1.653,1.675,1.652,1.672,210481.9,1749044699999999,351049.4934,1722,131695.3,219689.9414,0
1749044700000000,1.672,1.684,1.669,1.673,253363.2,1749045599999999,424817.5978,2271,135888.6,227947.96,0
1749045600000000,1.673,1.674,1.657,1.664,261595.6,1749046499999999,435545.725,2774,117393.2,195476.2297,0
1749046500000000,1.664,1.67,1.661,1.663,138349.6,1749047399999999,230404.4745,1493,71222.9,118631.3228,0
1749047400000000,1.664,1.673,1.664,1.67,77858.8,1749048299999999,129973.7605,1167,47899.0,79945.1639,0
1749048300000000,1.67,1.687,1.669,1.686,141707.8,1749049199999999,237809.8513,1310,73134.7,122761.1329,0
1749049200000000,1.686,1.689,1.679,1.688,196460.8,1749050099999999,330975.5508,1817,85887.5,144743.6993,0
1749050100000000,1.688,1.697,1.688,1.69,136947.8,1749050999999999,231718.2542,1942,76500.6,129484.1987,0
1749051000000000,1.69,1.698,1.686,1.694,128192.7,1749051899999999,217005.7069,1620,66502.8,112586.2966,0
1749051900000000,1.694,1.696,1.687,1.689,73703.3,1749052799999999,124635.0136,1212,27774.9,46976.0852,0
1749052800000000,1.69,1.69,1.681,1.687,80718.4,1749053699999999,136062.6089,1112,34933.5,58887.9324,0
1749053700000000,1.686,1.687,1.68,1.68,73546.1,1749054599999999,123809.8752,827,32064.3,53986.8132,0
1749054600000000,1.679,1.69,1.678,1.683,85626.3,1749055499999999,144212.4254,728,31210.0,52569.401,0
1749055500000000,1.682,1.689,1.681,1.687,52652.9,1749056399999999,88666.9796,579,34367.3,57873.1857,0
1749056400000000,1.686,1.686,1.678,1.681,68867.8,1749057299999999,115798.9132,673,29534.0,49661.0501,0
1749057300000000,1.68,1.681,1.669,1.669,121124.7,1749058199999999,202982.8734,1391,48466.4,81185.1322,0
1749058200000000,1.669,1.67,1.656,1.66,186230.1,1749059099999999,309909.3218,1700,76725.8,127706.2694,0
1749059100000000,1.659,1.663,1.659,1.661,31788.3,1749059999999999,52807.9953,544,6084.1,10104.7304,0
1749060000000000,1.661,1.667,1.66,1.663,68123.4,1749060899999999,113325.2765,876,28141.1,46814.9124,0
1749060900000000,1.664,1.669,1.663,1.668,55556.4,1749061799999999,92568.7329,735,24325.3,40526.1957,0
1749061800000000,1.668,1.67,1.657,1.66,64331.1,1749062699999999,106913.7323,535,24919.6,41407.809,0
1749062700000000,1.661,1.661,1.656,1.658,51178.9,1749063599999999,84851.6117,686,19787.0,32804.6406,0
1749063600000000,1.658,1.663,1.656,1.66,41147.6,1749064499999999,68258.8091,657,18999.0,31505.8622,0
1749064500000000,1.659,1.664,1.657,1.659,77338.8,1749065399999999,128484.0624,806,35421.3,58850.762,0
1749065400000000,1.658,1.66,1.653,1.658,106643.1,1749066299999999,176580.3259,1012,43242.9,71591.1942,0
1749066300000000,1.659,1.659,1.65,1.65,81134.2,1749067199999999,134238.031,819,48921.2,80959.5168,0
1749067200000000,1.651,1.652,1.633,1.634,154057.4,1749068099999999,253265.5611,1300,45234.3,74408.8065,0
1749068100000000,1.635,1.635,1.622,1.631,202574.1,1749068999999999,329923.8089,1768,94696.9,154212.4586,0
1749069000000000,1.632,1.632,1.615,1.622,221636.9,1749069899999999,359397.193,1956,102768.9,166515.416,0
1749069900000000,1.622,1.623,1.613,1.621,190668.0,1749070799999999,308544.5707,1557,97160.2,157230.6813,0
1749070800000000,1.621,1.621,1.613,1.621,90398.0,1749071699999999,146209.0587,982,41571.4,67250.5534,0
1749071700000000,1.621,1.622,1.614,1.622,73431.5,1749072599999999,118771.8768,645,32833.7,53123.2498,0
1749072600000000,1.622,1.638,1.622,1.63,133000.0,1749073499999999,216870.1717,1143,71425.3,116471.5768,0
1749073500000000,1.631,1.641,1.631,1.635,56613.2,1749074399999999,92661.749,593,36275.4,59362.3374,0
1749074400000000,1.634,1.637,1.628,1.635,68308.2,1749075299999999,111516.5648,851,28854.1,47101.4113,0
1749075300000000,1.635,1.639,1.623,1.626,110791.1,1749076199999999,180651.0935,1035,35990.5,58670.9156,0
1749076200000000,1.625,1.632,1.624,1.631,43362.8,1749077099999999,70577.5264,777,17470.7,28434.1551,0
1749077100000000,1.631,1.631,1.622,1.624,34926.9,1749077999999999,56764.8396,582,13386.5,21750.4794,0
1749078000000000,1.623,1.629,1.621,1.623,63220.4,1749078899999999,102734.7958,807,30142.1,49004.3564,0
1749078900000000,1.624,1.624,1.614,1.619,71182.9,1749079799999999,115239.6891,1003,38506.8,62344.0729,0
1749079800000000,1.618,1.622,1.614,1.622,33915.6,1749080699999999,54875.5889,557,17512.3,28328.1175,0
1749080700000000,1.622,1.622,1.614,1.618,35451.3,1749081599999999,57349.595,654,24911.7,40304.8039,0
1749081600000000,1.618,1.618,1.61,1.614,161073.9,1749082499999999,260032.7359,1573,83874.3,135354.5705,0
1749082500000000,1.614,1.621,1.61,1.621,79956.9,1749083399999999,129163.7603,1003,37206.0,60100.1333,0
1749083400000000,1.621,1.63,1.621,1.627,84376.5,1749084299999999,137191.4072,830,40005.7,65044.1912,0
1749084300000000,1.628,1.63,1.622,1.629,96185.7,1749085199999999,156479.4728,885,50850.6,82732.9442,0
1749085200000000,1.628,1.639,1.627,1.636,95802.6,1749086099999999,156605.0859,923,54143.4,88498.1955,0
1749086100000000,1.637,1.641,1.627,1.629,85004.1,1749086999999999,138813.5285,831,43705.9,71376.7407,0
1749087000000000,1.629,1.629,1.624,1.627,43152.3,1749087899999999,70189.059,722,21325.5,34691.3586,0
1749087900000000,1.627,1.628,1.618,1.622,102389.1,1749088799999999,166148.9765,1008,41533.6,67351.8922,0
1749088800000000,1.623,1.637,1.623,1.635,66796.6,1749089699999999,108882.1174,865,28905.1,47146.4857,0
1749089700000000,1.635,1.636,1.628,1.629,31612.3,1749090599999999,51551.3606,628,10362.7,16902.1162,0
1749090600000000,1.629,1.649,1.628,1.646,167327.1,1749091499999999,274729.9725,1413,102853.2,168806.3726,0
1749091500000000,1.646,1.651,1.636,1.637,175370.5,1749092399999999,288105.8043,1540,70853.8,116480.8286,0
1749092400000000,1.638,1.638,1.631,1.635,56749.9,1749093299999999,92707.9489,508,28681.0,46854.6698,0
1749093300000000,1.635,1.64,1.633,1.635,51015.0,1749094199999999,83460.8613,535,27033.5,44226.4214,0
1749094200000000,1.636,1.641,1.632,1.639,109797.6,1749095099999999,179691.5885,984,53251.9,87172.2076,0
1749095100000000,1.638,1.642,1.638,1.64,17949.4,1749095999999999,29443.3626,400,10922.8,17917.2255,0
1749096000000000,1.64,1.64,1.632,1.637,98366.4,1749096899999999,160959.3868,814,45980.4,75246.9604,0
1749096900000000,1.637,1.642,1.635,1.635,88301.7,1749097799999999,144662.7353,709,38466.6,63022.4397,0
1749097800000000,1.634,1.643,1.633,1.642,35976.3,1749098699999999,58940.1231,656,15547.9,25476.0287,0
1749098700000000,1.642,1.646,1.64,1.643,17922.3,1749099599999999,29457.5643,388,10049.6,16517.4942,0
1749099600000000,1.644,1.644,1.632,1.632,112353.1,1749100499999999,183993.2587,1030,55850.0,91470.7567,0
1749100500000000,1.632,1.634,1.623,1.624,95692.8,1749101399999999,155826.6113,1087,33610.2,54750.6533,0
1749101400000000,1.625,1.626,1.617,1.623,110891.9,1749102299999999,179930.1545,1279,55725.4,90463.557,0
1749102300000000,1.623,1.626,1.62,1.625,53765.0,1749103199999999,87327.7777,645,24417.9,39673.0634,0
1749103200000000,1.625,1.632,1.625,1.627,79123.6,1749104099999999,128796.1155,672,45472.9,74004.5586,0
1749104100000000,1.628,1.636,1.625,1.636,82722.0,1749104999999999,134870.2462,818,43042.7,70181.0759,0
1749105000000000,1.635,1.635,1.621,1.622,89373.8,1749105899999999,145349.9791,940,26740.5,43496.7876,0
1749105900000000,1.622,1.623,1.615,1.617,69366.5,1749106799999999,112312.2054,834,35788.4,57943.9736,0
1749106800000000,1.617,1.636,1.616,1.628,125987.7,1749107699999999,204974.4454,952,54080.8,88029.1519,0
1749107700000000,1.629,1.645,1.629,1.644,176202.4,1749108599999999,288445.6907,1540,106014.7,173548.2416,0
1749108600000000,1.643,1.643,1.627,1.627,155028.7,1749109499999999,253136.9068,1369,58592.2,95697.4515,0
1749109500000000,1.627,1.629,1.622,1.625,73622.9,1749110399999999,119712.1371,840,42698.9,69446.1254,0
1749110400000000,1.626,1.631,1.624,1.625,45620.4,1749111299999999,74231.9877,679,22354.9,36377.5006,0
1749111300000000,1.624,1.633,1.619,1.628,82519.4,1749112199999999,134253.6178,874,51071.5,83076.0746,0
1749112200000000,1.627,1.635,1.627,1.628,120175.9,1749113099999999,195907.2678,1129,71949.7,117291.6831,0
1749113100000000,1.627,1.636,1.626,1.631,79671.8,1749113999999999,129923.811,933,41656.0,67921.0168,0
1749114000000000,1.631,1.643,1.631,1.639,139275.9,1749114899999999,228161.7345,1363,69666.5,114081.028,0
1749114900000000,1.639,1.643,1.635,1.638,83627.1,1749115799999999,137081.7884,920,53196.2,87238.9382,0
1749115800000000,1.637,1.638,1.631,1.635,51036.0,1749116699999999,83393.1156,689,20134.6,32891.5012,0
1749116700000000,1.634,1.635,1.63,1.634,67648.2,1749117599999999,110443.1001,787,37594.2,61375.5671,0
1749117600000000,1.634,1.635,1.628,1.633,71879.3,1749118499999999,117300.1444,753,52820.5,86212.5847,0
1749118500000000,1.633,1.635,1.623,1.623,89051.7,1749119399999999,145206.6408,791,45382.7,74041.1004,0
1749119400000000,1.623,1.629,1.615,1.619,248630.9,1749120299999999,403264.5395,1724,120496.8,195421.6659,0
1749120300000000,1.618,1.619,1.612,1.618,114017.2,1749121199999999,184302.9353,1110,59475.5,96170.1669,0
1749121200000000,1.619,1.621,1.615,1.619,93943.4,1749122099999999,152039.769,1017,62128.8,100570.994,0
1749122100000000,1.618,1.621,1.614,1.62,85967.8,1749122999999999,139069.107,967,53154.3,86002.1977,0
1749123000000000,1.62,1.622,1.617,1.618,40462.9,1749123899999999,65577.4163,475,24013.1,38927.8338,0
1749123900000000,1.618,1.62,1.616,1.62,42053.4,1749124799999999,68070.1676,442,10878.5,17610.7316,0
1749124800000000,1.62,1.647,1.618,1.645,205968.3,1749125699999999,336905.4871,2343,158267.4,258700.7011,0
1749125700000000,1.645,1.66,1.645,1.658,229333.3,1749126599999999,379362.3532,2087,141382.0,233856.9564,0
1749126600000000,1.658,1.666,1.653,1.662,269380.5,1749127499999999,446885.4739,2468,151113.1,250684.9807,0
1749127500000000,1.661,1.673,1.657,1.668,275267.4,1749128399999999,458266.2308,2477,166774.2,277716.7485,0
1749128400000000,1.668,1.685,1.668,1.683,313159.2,1749129299999999,526030.4071,2900,153940.8,258516.2083,0
1749129300000000,1.684,1.686,1.673,1.678,183465.1,1749130199999999,307994.7594,1594,94764.8,159129.7482,0
1749130200000000,1.677,1.679,1.661,1.665,191252.0,1749131099999999,319053.2374,2192,92541.4,154465.855,0
1749131100000000,1.664,1.664,1.631,1.632,532057.0,1749131999999999,874142.0475,4667,231883.7,381058.3898,0
1749132000000000,1.632,1.634,1.614,1.62,429408.0,1749132899999999,696611.797,4299,156003.0,253042.8181,0
1749132900000000,1.62,1.624,1.603,1.622,578724.1,1749133799999999,934312.6291,4469,281311.1,454290.9045,0
1749133800000000,1.622,1.642,1.614,1.639,298967.0,1749134699999999,486484.9388,3033,172057.4,280081.7553,0
1749134700000000,1.638,1.653,1.627,1.635,344307.1,1749135599999999,564628.6534,3609,158111.1,259321.5112,0
1749135600000000,1.634,1.635,1.623,1.623,108703.9,1749136499999999,176936.575,1352,45955.0,74807.7413,0
1749136500000000,1.623,1.64,1.62,1.64,164104.8,1749137399999999,267749.9899,1726,98681.1,161139.4992,0
1749137400000000,1.64,1.641,1.628,1.634,71659.3,1749138299999999,117046.9897,900,26752.4,43681.4915,0
1749138300000000,1.634,1.634,1.626,1.626,93302.7,1749139199999999,152102.7321,864,27447.8,44744.6422,0
1749139200000000,1.627,1.628,1.618,1.619,89105.0,1749140099999999,144583.6611,1140,41835.2,67875.7284,0
1749140100000000,1.618,1.619,1.606,1.608,215363.0,1749140999999999,347183.8399,3187,103557.0,167000.8851,0
1749141000000000,1.607,1.611,1.604,1.607,101588.3,1749141899999999,163402.9845,2187,50365.3,81018.6928,0
1749141900000000,1.606,1.607,1.597,1.599,222683.6,1749142799999999,356550.058,2653,113143.3,181171.6714,0
1749142800000000,1.6,1.614,1.598,1.61,136647.8,1749143699999999,219590.1041,1735,83044.9,133490.3583,0
1749143700000000,1.61,1.616,1.607,1.613,80119.5,1749144599999999,129150.2291,1009,42533.2,68600.7161,0
1749144600000000,1.613,1.614,1.607,1.61,58307.5,1749145499999999,93912.9157,951,26586.0,42821.8228,0
1749145500000000,1.61,1.616,1.604,1.614,63839.4,1749146399999999,102827.9727,818,34993.1,56376.9057,0
1749146400000000,1.614,1.616,1.601,1.602,140557.2,1749147299999999,226105.7961,1563,69291.4,111489.2242,0
1749147300000000,1.602,1.619,1.597,1.618,132294.8,1749148199999999,212948.0347,1277,72889.0,117300.4835,0
1749148200000000,1.619,1.626,1.616,1.617,199857.0,1749149099999999,324244.6982,1602,119192.7,193438.5287,0
1749149100000000,1.617,1.621,1.61,1.612,128755.9,1749149999999999,207939.7721,974,65195.1,105387.3799,0
1749150000000000,1.612,1.612,1.597,1.597,127449.2,1749150899999999,204655.8936,1293,40866.6,65665.0896,0
1749150900000000,1.597,1.597,1.553,1.583,1416965.2,1749151799999999,2223857.6864,11978,708398.6,1111777.5436,0
1749151800000000,1.583,1.59,1.576,1.578,349471.5,1749152699999999,553119.8961,3323,163632.8,259045.3535,0
1749152700000000,1.577,1.578,1.565,1.567,178956.2,1749153599999999,281324.3382,2247,84290.9,132552.2147,0
1749153600000000,1.567,1.575,1.554,1.561,321848.1,1749154499999999,503917.5968,3756,181003.1,283463.3897,0
1749154500000000,1.562,1.562,1.533,1.541,839649.1,1749155399999999,1298246.2337,6460,369742.2,571839.8547,0
1749155400000000,1.541,1.542,1.513,1.516,938628.1,1749156299999999,1431880.0461,6773,329599.2,502644.8504,0
1749156300000000,1.516,1.529,1.51,1.512,369541.0,1749157199999999,561145.6922,4849,187998.5,285474.9874,0
1749157200000000,1.512,1.532,1.51,1.513,496100.2,1749158099999999,754550.1528,6104,276452.0,420656.7838,0
1749158100000000,1.513,1.526,1.511,1.518,227767.4,1749158999999999,345976.1304,2573,105261.5,159775.7351,0
1749159000000000,1.517,1.539,1.514,1.538,295163.7,1749159899999999,451759.4693,2065,156528.8,239532.0081,0
1749159900000000,1.538,1.549,1.531,1.547,155377.2,1749160799999999,239311.4922,1175,110015.8,169468.3765,0
1749160800000000,1.546,1.546,1.532,1.532,245207.9,1749161699999999,377102.4172,2266,103386.5,159001.5308,0
1749161700000000,1.532,1.553,1.531,1.546,215892.7,1749162599999999,332960.7839,1826,132222.2,203857.0489,0
1749162600000000,1.545,1.552,1.545,1.549,115918.5,1749163499999999,179526.4021,1200,50053.9,77533.8483,0
1749163500000000,1.549,1.557,1.544,1.545,137765.7,1749164399999999,213494.066,1212,59738.7,92632.3092,0
1749164400000000,1.545,1.547,1.541,1.543,110685.5,1749165299999999,170953.7168,1043,55779.8,86154.9122,0
1749165300000000,1.543,1.544,1.539,1.542,106452.9,1749166199999999,164096.1544,1188,54148.4,83478.4177,0
1749166200000000,1.541,1.541,1.534,1.537,126603.7,1749167099999999,194654.9819,1053,69537.5,106912.9318,0
1749167100000000,1.536,1.539,1.532,1.534,83412.3,1749167999999999,128074.6036,945,30290.1,46504.6367,0
1749168000000000,1.535,1.54,1.529,1.531,180225.4,1749168899999999,276534.8302,2314,90154.0,138371.0687,0
1749168900000000,1.531,1.535,1.523,1.535,115547.8,1749169799999999,176618.2669,1335,64465.1,98536.8005,0
1749169800000000,1.535,1.548,1.535,1.544,114034.2,1749170699999999,175849.4524,1041,52086.8,80308.8378,0
1749170700000000,1.544,1.545,1.538,1.541,72949.5,1749171599999999,112403.2136,812,31838.4,49068.7525,0
1749171600000000,1.541,1.544,1.535,1.542,86602.4,1749172499999999,133308.3322,870,32481.2,49999.4699,0
1749172500000000,1.542,1.543,1.533,1.536,189055.4,1749173399999999,290684.8855,1641,80481.8,123708.4538,0
1749173400000000,1.536,1.539,1.535,1.538,31463.0,1749174299999999,48370.8729,469,13380.6,20574.4406,0
1749174300000000,1.538,1.541,1.536,1.539,30609.8,1749175199999999,47079.981,515,20501.0,31532.4493,0
1749175200000000,1.539,1.541,1.538,1.54,21583.6,1749176099999999,33222.4042,407,9238.0,14219.9223,0
1749176100000000,1.539,1.539,1.529,1.534,46565.8,1749176999999999,71391.6704,513,23115.8,35432.7302,0
1749177000000000,1.534,1.541,1.53,1.537,103475.3,1749177899999999,158935.2201,832,31418.3,48242.2716,0
1749177900000000,1.537,1.547,1.535,1.546,63464.7,1749178799999999,97781.8659,820,36190.1,55787.7411,0
1749178800000000,1.546,1.546,1.539,1.541,58134.5,1749179699999999,89645.432,799,27006.2,41642.8772,0
1749179700000000,1.542,1.551,1.542,1.549,37563.4,1749180599999999,58121.9158,789,17462.5,27024.0496,0
1749180600000000,1.549,1.554,1.545,1.549,59368.9,1749181499999999,91905.4086,678,32257.4,49951.9166,0
1749181500000000,1.55,1.553,1.548,1.551,50897.6,1749182399999999,78933.4461,503,28614.3,44375.7205,0
1749182400000000,1.551,1.552,1.541,1.545,194481.6,1749183299999999,300547.2018,1948,81005.6,125181.5079,0
1749183300000000,1.546,1.546,1.54,1.543,52439.4,1749184199999999,80917.366,731,33030.5,50966.4787,0
1749184200000000,1.543,1.556,1.54,1.552,223526.7,1749185099999999,346166.7929,1769,94629.9,146585.8424,0
1749185100000000,1.552,1.563,1.551,1.561,150937.6,1749185999999999,235236.2165,1246,83403.1,130004.818,0
1749186000000000,1.562,1.581,1.562,1.57,216085.3,1749186899999999,339453.8731,1949,129661.5,203649.6343,0
1749186900000000,1.57,1.572,1.561,1.564,117795.6,1749187799999999,184286.7101,1091,39271.2,61447.3936,0
1749187800000000,1.564,1.582,1.563,1.581,214900.1,1749188699999999,338580.0005,1494,121929.1,192090.5805,0
1749188700000000,1.582,1.589,1.58,1.587,187541.6,1749189599999999,297069.6873,1416,119201.1,188804.7412,0
1749189600000000,1.587,1.588,1.577,1.588,113643.2,1749190499999999,179922.9879,1095,60728.0,96123.6062,0
1749190500000000,1.588,1.589,1.576,1.577,114647.1,1749191399999999,181288.1746,972,44922.4,71056.7606,0
1749191400000000,1.577,1.585,1.574,1.574,93276.6,1749192299999999,147395.0605,758,49745.2,78647.069,0
1749192300000000,1.574,1.58,1.574,1.578,38789.0,1749193199999999,61154.5173,624,23294.3,36721.9565,0
1749193200000000,1.578,1.585,1.576,1.581,73717.3,1749194099999999,116587.3345,950,38552.5,60974.5407,0
1749194100000000,1.582,1.591,1.579,1.589,167556.2,1749194999999999,265554.2623,1500,97237.7,154073.033,0
1749195000000000,1.589,1.59,1.572,1.573,128707.0,1749195899999999,203370.3258,940,57003.2,90093.3444,0
1749195900000000,1.573,1.578,1.572,1.577,29026.8,1749196799999999,45727.4904,491,20490.0,32284.5357,0
1749196800000000,1.577,1.583,1.575,1.58,50634.9,1749197699999999,79976.9843,617,20438.8,32290.0957,0
1749197700000000,1.58,1.586,1.579,1.582,88512.6,1749198599999999,140009.0561,695,38053.0,60198.4158,0
1749198600000000,1.583,1.585,1.575,1.579,84720.9,1749199499999999,133808.6684,687,38797.8,61297.1186,0
1749199500000000,1.579,1.58,1.575,1.576,52344.9,1749200399999999,82559.0252,554,22474.3,35450.796,0
1749200400000000,1.575,1.581,1.575,1.58,86383.6,1749201299999999,136337.2326,871,38841.6,61316.2239,0
1749201300000000,1.58,1.588,1.578,1.583,152616.1,1749202199999999,241573.3181,1355,52556.9,83218.0791,0
1749202200000000,1.583,1.585,1.579,1.583,70440.1,1749203099999999,111473.4115,633,43310.6,68537.0161,0
1749203100000000,1.583,1.584,1.578,1.578,34786.0,1749203999999999,54968.4422,430,14364.9,22691.1454,0
1749204000000000,1.579,1.587,1.579,1.587,64318.4,1749204899999999,101809.6847,707,36614.4,57964.0838,0
1749204900000000,1.587,1.588,1.58,1.582,90184.1,1749205799999999,142871.9332,640,31507.6,49970.1596,0
1749205800000000,1.582,1.582,1.575,1.576,114514.2,1749206699999999,180660.4784,865,46698.0,73682.0049,0
1749206700000000,1.575,1.578,1.575,1.577,37971.3,1749207599999999,59861.1249,400,17134.1,27016.2748,0
1749207600000000,1.577,1.585,1.577,1.583,46872.8,1749208499999999,74128.4054,612,23671.5,37428.1722,0
1749208500000000,1.582,1.59,1.581,1.584,61574.3,1749209399999999,97667.7744,634,23700.2,37584.9563,0
1749209400000000,1.584,1.586,1.578,1.586,62607.4,1749210299999999,99024.5868,810,35018.7,55391.1854,0
1749210300000000,1.585,1.588,1.583,1.587,31042.5,1749211199999999,49233.6892,460,13538.7,21477.8188,0
1749211200000000,1.588,1.595,1.588,1.593,102108.9,1749212099999999,162607.3491,1008,44608.7,71019.9089,0
1749212100000000,1.594,1.603,1.591,1.602,169641.2,1749212999999999,270774.9909,1326,75211.2,120149.7517,0
1749213000000000,1.602,1.622,1.6,1.603,481156.8,1749213899999999,775233.9908,4863,207595.5,334493.431,0
1749213900000000,1.604,1.611,1.6,1.602,102150.6,1749214799999999,163996.8848,1237,42552.1,68348.5416,0
1749214800000000,1.601,1.617,1.601,1.615,106079.3,1749215699999999,170785.6695,1106,46467.9,74820.0009,0
1749215700000000,1.615,1.615,1.606,1.608,96084.9,1749216599999999,154684.1171,890,35167.6,56624.1832,0
1749216600000000,1.608,1.621,1.603,1.612,329597.5,1749217499999999,531179.0763,2871,147056.4,237073.4079,0
1749217500000000,1.613,1.622,1.608,1.61,273389.5,1749218399999999,441220.7283,2852,124672.3,201244.8467,0
1749218400000000,1.611,1.613,1.603,1.606,161964.3,1749219299999999,260413.8875,1976,84302.9,135537.4573,0
1749219300000000,1.607,1.61,1.596,1.598,181430.2,1749220199999999,290723.4218,1664,74996.9,120139.6983,0
1749220200000000,1.599,1.601,1.593,1.597,176631.1,1749221099999999,282110.8664,1492,76145.2,121597.558,0
1749221100000000,1.597,1.607,1.593,1.607,190999.7,1749221999999999,305133.2424,1800,116021.8,185360.2307,0
1749222000000000,1.606,1.61,1.6,1.61,141960.6,1749222899999999,227829.2366,1784,70590.1,113331.6079,0
1749222900000000,1.61,1.617,1.603,1.608,293489.2,1749223799999999,472246.3897,2875,170894.2,275022.8156,0
1749223800000000,1.608,1.612,1.597,1.602,129713.0,1749224699999999,208104.2778,1134,57572.7,92362.0597,0
1749224700000000,1.603,1.613,1.602,1.611,126294.9,1749225599999999,203086.1691,1111,69320.8,111484.8472,0
1749225600000000,1.612,1.616,1.61,1.612,94480.0,1749226499999999,152395.2552,993,41458.5,66871.312,0
1749226500000000,1.613,1.616,1.609,1.61,96407.3,1749227399999999,155547.7771,1291,33475.4,54023.8901,0
1749227400000000,1.61,1.611,1.601,1.603,105953.2,1749228299999999,170216.9124,1244,54019.3,86813.0442,0
1749228300000000,1.603,1.607,1.597,1.6,81844.6,1749229199999999,131115.9212,1188,47213.3,75651.8294,0
1749229200000000,1.601,1.603,1.595,1.596,62988.3,1749230099999999,100671.2985,1078,31363.6,50147.9142,0
1749230100000000,1.596,1.602,1.594,1.596,57515.4,1749230999999999,91882.1961,783,32943.2,52622.2221,0
1749231000000000,1.597,1.597,1.59,1.591,55809.9,1749231899999999,88928.9145,592,28267.3,45046.0623,0
1749231900000000,1.592,1.602,1.591,1.601,109536.2,1749232799999999,174661.2056,1304,51126.4,81544.1676,0
1749232800000000,1.6,1.603,1.593,1.593,52184.4,1749233699999999,83393.6379,909,22465.2,35893.9054,0
1749233700000000,1.593,1.596,1.586,1.589,86877.0,1749234599999999,138188.5393,1242,50502.0,80318.6149,0
1749234600000000,1.59,1.594,1.588,1.591,105467.4,1749235499999999,167772.9054,1196,45161.2,71830.3029,0
1749235500000000,1.591,1.593,1.583,1.584,79960.5,1749236399999999,126927.168,909,21624.5,34344.7655,0
1749236400000000,1.584,1.584,1.568,1.573,180577.1,1749237299999999,284505.7263,1432,51410.7,81064.6937,0
1749237300000000,1.572,1.575,1.569,1.571,82819.0,1749238199999999,130255.8035,907,50872.6,80020.3621,0
1749238200000000,1.571,1.575,1.569,1.574,37989.8,1749239099999999,59728.4859,483,21221.1,33372.4176,0
1749239100000000,1.574,1.578,1.572,1.576,76546.5,1749239999999999,120651.6699,789,42816.8,67506.2686,0
1749240000000000,1.576,1.583,1.573,1.581,99928.8,1749240899999999,157789.8608,872,64103.2,101241.3108,0
1749240900000000,1.581,1.588,1.58,1.584,77243.2,1749241799999999,122375.5122,674,35466.2,56203.3983,0
1749241800000000,1.584,1.593,1.582,1.589,108318.5,1749242699999999,172024.0949,947,61823.1,98196.7177,0
1749242700000000,1.589,1.589,1.583,1.584,46562.1,1749243599999999,73820.1946,527,20205.8,32031.4559,0
1749243600000000,1.584,1.585,1.578,1.578,53817.2,1749244499999999,85073.8817,484,29142.7,46077.2985,0
1749244500000000,1.579,1.581,1.577,1.58,17573.9,1749245399999999,27743.2943,356,12259.3,19353.6558,0
1749245400000000,1.58,1.586,1.58,1.585,19357.9,1749246299999999,30650.6328,348,11462.1,18148.4925,0
1749246300000000,1.586,1.586,1.581,1.582,6113.1,1749247199999999,9680.3356,124,1945.1,3079.2034,0
1749247200000000,1.583,1.585,1.576,1.576,27836.9,1749248099999999,43951.0291,589,11025.6,17410.9433,0
1749248100000000,1.576,1.578,1.573,1.578,19485.4,1749248999999999,30705.9254,401,11011.4,17358.5333,0
1749249000000000,1.578,1.578,1.575,1.575,22256.6,1749249899999999,35096.6884,356,15338.2,24189.347,0
1749249900000000,1.575,1.58,1.574,1.579,31124.2,1749250799999999,49132.0396,385,15289.0,24130.3844,0
1749250800000000,1.579,1.579,1.571,1.572,21236.7,1749251699999999,33432.3799,302,5895.7,9284.6344,0
1749251700000000,1.571,1.576,1.57,1.576,18463.3,1749252599999999,29035.9931,373,11930.7,18763.5783,0
1749252600000000,1.576,1.578,1.574,1.576,18583.4,1749253499999999,29292.8017,363,10282.7,16208.2748,0
1749253500000000,1.575,1.576,1.572,1.574,10779.3,1749254399999999,16964.4468,230,9430.3,14840.2308,0
1749254400000000,1.573,1.576,1.57,1.57,58164.2,1749255299999999,91433.3359,616,13486.8,21217.3756,0
1749255300000000,1.571,1.571,1.567,1.571,35176.2,1749256199999999,55174.8358,483,11352.8,17813.9945,0
1749256200000000,1.57,1.581,1.57,1.58,60597.3,1749257099999999,95567.4725,590,34129.6,53828.2542,0
1749257100000000,1.58,1.59,1.579,1.589,90187.0,1749257999999999,142861.4754,1008,33424.6,52962.9402,0
1749258000000000,1.589,1.595,1.589,1.594,97651.0,1749258899999999,155393.331,790,41794.0,66503.8004,0
1749258900000000,1.594,1.594,1.586,1.587,54523.9,1749259799999999,86744.4839,466,29968.2,47701.1153,0
1749259800000000,1.587,1.588,1.585,1.588,14395.4,1749260699999999,22834.5881,333,7844.1,12441.9819,0
1749260700000000,1.588,1.592,1.588,1.588,30400.4,1749261599999999,48325.8173,322,15309.0,24340.435,0
1749261600000000,1.588,1.59,1.585,1.589,32400.4,1749262499999999,51431.4693,384,15724.2,24972.6257,0
1749262500000000,1.589,1.592,1.587,1.591,49338.0,1749263399999999,78470.4917,456,34081.7,54205.1689,0
1749263400000000,1.591,1.594,1.589,1.589,38143.8,1749264299999999,60687.94,407,16514.5,26277.8949,0
1749264300000000,1.588,1.599,1.587,1.598,71698.9,1749265199999999,114236.4711,534,30021.7,47857.1516,0
1749265200000000,1.598,1.609,1.597,1.608,91166.7,1749266099999999,146272.4725,754,48452.6,77793.5045,0
1749266100000000,1.608,1.613,1.604,1.61,74634.8,1749266999999999,120112.8943,1060,34587.1,55638.7801,0
1749267000000000,1.61,1.615,1.608,1.613,47491.8,1749267899999999,76531.1405,573,29106.3,46903.2506,0
1749267900000000,1.612,1.614,1.609,1.612,44526.8,1749268799999999,71774.7707,491,17032.5,27463.293,0
1749268800000000,1.612,1.612,1.606,1.607,18906.3,1749269699999999,30426.4893,359,5575.3,8971.3919,0
1749269700000000,1.606,1.612,1.606,1.607,64307.0,1749270599999999,103513.1618,467,30346.8,48864.6326,0
1749270600000000,1.606,1.611,1.603,1.61,51250.4,1749271499999999,82357.253,478,28652.2,46060.6678,0
1749271500000000,1.611,1.613,1.608,1.613,35139.6,1749272399999999,56624.9244,452,24078.3,38803.0368,0
1749272400000000,1.613,1.616,1.612,1.615,62391.6,1749273299999999,100697.4624,607,30838.0,49774.2357,0
1749273300000000,1.615,1.615,1.611,1.614,76524.3,1749274199999999,123449.1923,554,52892.2,85324.1866,0
1749274200000000,1.615,1.619,1.612,1.618,56335.6,1749275099999999,91027.0039,449,22970.3,37118.7225,0
1749275100000000,1.618,1.624,1.618,1.621,124217.4,1749275999999999,201422.4803,1133,69900.5,113365.8973,0
1749276000000000,1.621,1.622,1.618,1.619,49581.2,1749276899999999,80340.3514,586,20082.3,32538.4991,0
1749276900000000,1.619,1.62,1.613,1.613,69818.6,1749277799999999,112812.3332,599,23439.7,37879.4665,0
1749277800000000,1.613,1.617,1.612,1.616,21797.5,1749278699999999,35193.8878,385,9186.7,14832.8275,0
1749278700000000,1.616,1.634,1.615,1.633,234978.0,1749279599999999,382198.2585,2407,116270.1,189109.0717,0
1749279600000000,1.634,1.635,1.622,1.623,82566.3,1749280499999999,134183.7792,838,17591.9,28581.523,0
1749280500000000,1.624,1.628,1.619,1.622,111049.2,1749281399999999,180224.1559,1117,48767.2,79189.4838,0
1749281400000000,1.622,1.626,1.619,1.623,175633.1,1749282299999999,285016.0648,1610,73981.0,120084.9965,0
1749282300000000,1.623,1.623,1.617,1.619,39544.7,1749283199999999,64065.2953,377,19727.0,31946.5676,0
1749283200000000,1.62,1.622,1.618,1.618,52122.0,1749284099999999,84463.3816,593,27041.9,43814.5925,0
1749284100000000,1.618,1.623,1.616,1.618,58268.1,1749284999999999,94341.3689,1104,31091.9,50342.1057,0
1749285000000000,1.618,1.62,1.613,1.614,54802.6,1749285899999999,88601.3133,543,27705.6,44795.714,0
1749285900000000,1.614,1.617,1.612,1.614,47067.3,1749286799999999,75996.8556,553,36487.5,58920.1232,0
1749286800000000,1.615,1.621,1.614,1.617,20021.3,1749287699999999,32393.293,360,3831.0,6197.2847,0
1749287700000000,1.618,1.62,1.616,1.619,25320.7,1749288599999999,40961.0555,318,13705.7,22176.0777,0
1749288600000000,1.62,1.62,1.613,1.614,18567.4,1749289499999999,29988.8612,211,4435.1,7168.0122,0
1749289500000000,1.614,1.616,1.612,1.615,16732.7,1749290399999999,27001.3489,415,9149.6,14763.7169,0
1749290400000000,1.615,1.618,1.613,1.618,17591.8,1749291299999999,28434.6615,405,7625.8,12322.5862,0
1749291300000000,1.619,1.626,1.619,1.626,47407.1,1749292199999999,76882.9624,468,23251.3,37711.256,0
1749292200000000,1.626,1.626,1.621,1.622,37740.1,1749293099999999,61260.8533,363,14808.9,24047.5659,0
1749293100000000,1.622,1.627,1.62,1.625,39194.3,1749293999999999,63650.6036,544,20287.3,32938.0114,0
1749294000000000,1.625,1.625,1.621,1.621,23218.2,1749294899999999,37695.3559,482,8510.6,13818.2181,0
1749294900000000,1.622,1.628,1.622,1.625,19949.5,1749295799999999,32424.0614,365,9950.8,16171.8072,0
1749295800000000,1.625,1.628,1.624,1.624,21592.2,1749296699999999,35095.0715,371,11015.8,17901.9559,0
1749296700000000,1.623,1.623,1.62,1.623,14183.6,1749297599999999,23004.9415,248,10262.2,16644.5544,0
1749297600000000,1.623,1.626,1.623,1.625,11164.1,1749298499999999,18138.2052,285,6303.4,10242.3616,0
1749298500000000,1.625,1.625,1.622,1.624,37846.1,1749299399999999,61437.319,489,11270.8,18296.4215,0
1749299400000000,1.625,1.63,1.621,1.628,63489.3,1749300299999999,103182.2563,846,32935.4,53560.6008,0
1749300300000000,1.627,1.627,1.622,1.623,27515.3,1749301199999999,44690.9823,429,15022.9,24398.0261,0
1749301200000000,1.623,1.626,1.619,1.626,37099.6,1749302099999999,60161.113,440,17677.5,28675.9,0
1749302100000000,1.625,1.631,1.624,1.63,62944.6,1749302999999999,102523.0502,401,45683.0,74407.3949,0
1749303000000000,1.63,1.636,1.63,1.635,25911.7,1749303899999999,42335.3061,353,12522.0,20455.8731,0
1749303900000000,1.636,1.639,1.632,1.632,35686.6,1749304799999999,58408.7249,489,21231.8,34754.8442,0
1749304800000000,1.633,1.634,1.629,1.633,35473.6,1749305699999999,57907.8094,623,20739.0,33859.8215,0
1749305700000000,1.633,1.634,1.626,1.627,22414.3,1749306599999999,36551.4407,397,12652.1,20646.6285,0
1749306600000000,1.627,1.637,1.626,1.636,50841.2,1749307499999999,83056.5928,542,36317.4,59338.2052,0
1749307500000000,1.637,1.637,1.629,1.629,25961.2,1749308399999999,42367.406,433,10573.0,17259.0868,0
1749308400000000,1.63,1.632,1.626,1.627,20601.8,1749309299999999,33566.3136,496,12015.6,19577.0358,0
1749309300000000,1.627,1.632,1.624,1.631,31123.6,1749310199999999,50676.6951,522,8463.7,13780.0431,0
1749310200000000,1.631,1.632,1.626,1.627,22323.0,1749311099999999,36372.1661,386,12659.6,20629.1277,0
1749311100000000,1.628,1.636,1.628,1.635,55060.9,1749311999999999,89913.7914,567,34080.3,55644.7325,0
1749312000000000,1.635,1.638,1.633,1.635,57673.4,1749312899999999,94320.267,621,22688.7,37119.9236,0
1749312900000000,1.634,1.636,1.63,1.63,39295.7,1749313799999999,64120.7345,516,18958.5,30935.8583,0
1749313800000000,1.629,1.629,1.623,1.626,67677.3,1749314699999999,110004.7159,653,30644.1,49819.8734,0
1749314700000000,1.626,1.626,1.621,1.621,58168.2,1749315599999999,94399.3527,328,12076.7,19609.2398,0
1749315600000000,1.622,1.624,1.621,1.623,27119.1,1749316499999999,43988.5142,296,19284.6,31280.1867,0
1749316500000000,1.623,1.624,1.618,1.621,26901.7,1749317399999999,43584.3613,398,14539.8,23555.128,0
1749317400000000,1.622,1.622,1.613,1.617,45526.2,1749318299999999,73597.6747,606,22072.0,35679.185,0
1749318300000000,1.617,1.617,1.613,1.615,21797.2,1749319199999999,35196.2242,444,12368.2,19972.8029,0
1749319200000000,1.615,1.627,1.615,1.624,65795.3,1749320099999999,106747.2339,605,40824.5,66259.2101,0
1749320100000000,1.625,1.631,1.624,1.629,47647.9,1749320999999999,77583.5843,348,25150.4,40956.6213,0
1749321000000000,1.629,1.631,1.623,1.623,29755.2,1749321899999999,48407.6867,536,14290.7,23245.2492,0
1749321900000000,1.622,1.625,1.62,1.624,18843.4,1749322799999999,30580.1039,436,9544.7,15489.9282,0
1749322800000000,1.625,1.631,1.625,1.628,36400.4,1749323699999999,59280.4753,447,21579.7,35138.4463,0
1749323700000000,1.628,1.632,1.628,1.631,29614.6,1749324599999999,48300.9284,503,22860.8,37287.0667,0
1749324600000000,1.632,1.633,1.626,1.626,28301.3,1749325499999999,46108.7967,366,6648.5,10833.9369,0
1749325500000000,1.626,1.628,1.625,1.627,9039.3,1749326399999999,14704.1226,204,6743.5,10969.868,0
1749326400000000,1.628,1.631,1.627,1.628,27108.3,1749327299999999,44150.1497,297,8456.6,13778.6576,0
1749327300000000,1.628,1.631,1.627,1.631,19247.2,1749328199999999,31352.5599,397,12350.2,20115.8748,0
1749328200000000,1.63,1.631,1.627,1.628,10829.2,1749329099999999,17643.6181,265,4467.2,7278.6405,0
1749329100000000,1.627,1.629,1.625,1.628,27053.8,1749329999999999,44010.9542,340,9977.6,16228.5421,0
1749330000000000,1.629,1.63,1.627,1.627,18492.0,1749330899999999,30113.814,204,6138.6,9993.886,0
1749330900000000,1.626,1.63,1.625,1.629,12901.6,1749331799999999,20992.1322,175,9420.7,15330.9748,0
1749331800000000,1.629,1.632,1.629,1.632,24108.8,1749332699999999,39317.5148,260,13436.7,21917.4791,0
1749332700000000,1.631,1.632,1.629,1.631,14626.0,1749333599999999,23854.3699,178,5610.9,9151.8369,0
1749333600000000,1.632,1.634,1.628,1.629,29219.5,1749334499999999,47674.6148,470,18465.6,30130.8032,0
1749334500000000,1.629,1.631,1.629,1.631,8815.1,1749335399999999,14367.6035,236,5831.1,9501.9644,0
1749335400000000,1.63,1.638,1.629,1.637,78130.7,1749336299999999,127782.0212,840,44678.3,73070.2395,0
1749336300000000,1.637,1.656,1.636,1.649,279158.6,1749337199999999,460766.6779,1769,159061.1,262524.6382,0
1749337200000000,1.649,1.652,1.632,1.632,146300.1,1749338099999999,240391.002,1251,66121.5,108689.1478,0
1749338100000000,1.633,1.633,1.626,1.628,46537.9,1749338999999999,75836.1031,491,18756.3,30565.3351,0
1749339000000000,1.629,1.632,1.623,1.626,47950.9,1749339899999999,77992.7779,606,15219.4,24750.8574,0
1749339900000000,1.625,1.629,1.625,1.627,21424.2,1749340799999999,34861.714,320,15504.1,25232.5792,0
1749340800000000,1.628,1.629,1.615,1.617,85208.7,1749341699999999,138026.662,854,24269.0,39319.5071,0
1749341700000000,1.617,1.619,1.617,1.619,15681.6,1749342599999999,25371.5922,365,9185.9,14862.2661,0
1749342600000000,1.62,1.622,1.617,1.617,15230.4,1749343499999999,24680.9467,246,6769.4,10973.5491,0
1749343500000000,1.616,1.618,1.613,1.618,37563.3,1749344399999999,60659.1878,476,13411.8,21660.2227,0
1749344400000000,1.617,1.62,1.616,1.62,31245.7,1749345299999999,50551.583,465,20940.2,33877.6049,0
1749345300000000,1.62,1.62,1.616,1.619,11832.9,1749346199999999,19155.307,336,4129.2,6683.9189,0
1749346200000000,1.619,1.625,1.619,1.625,32269.2,1749347099999999,52342.6806,338,22598.1,36655.929,0
1749347100000000,1.625,1.629,1.624,1.626,30054.5,1749347999999999,48899.2101,386,14329.3,23317.7566,0
1749348000000000,1.625,1.625,1.617,1.618,25349.6,1749348899999999,41069.3473,260,6940.3,11240.8673,0
1749348900000000,1.619,1.62,1.615,1.616,39898.9,1749349799999999,64561.6415,403,16433.0,26597.2877,0
1749349800000000,1.616,1.619,1.614,1.616,39521.4,1749350699999999,63908.5496,376,27312.5,44167.7702,0
1749350700000000,1.616,1.616,1.611,1.613,72702.4,1749351599999999,117342.84,581,44443.6,71746.2896,0
1749351600000000,1.613,1.613,1.608,1.61,82274.6,1749352499999999,132425.9018,705,31454.6,50641.607,0
1749352500000000,1.61,1.613,1.609,1.611,18237.7,1749353399999999,29385.3112,264,11316.9,18233.0418,0
1749353400000000,1.611,1.614,1.609,1.613,9109.1,1749354299999999,14682.4965,171,5632.3,9081.4151,0
1749354300000000,1.613,1.613,1.608,1.612,35010.5,1749355199999999,56404.8674,390,25675.0,41360.8704,0
1749355200000000,1.611,1.611,1.606,1.608,49452.5,1749356099999999,79539.0879,500,26602.2,42786.2926,0
1749356100000000,1.608,1.61,1.606,1.61,12807.5,1749356999999999,20596.1134,180,5480.5,8812.7129,0
1749357000000000,1.609,1.618,1.609,1.616,70831.1,1749357899999999,114373.3106,492,49290.6,79592.0927,0
1749357900000000,1.617,1.619,1.616,1.618,18678.2,1749358799999999,30206.4105,256,7758.5,12548.713,0
1749358800000000,1.617,1.618,1.609,1.609,34097.9,1749359699999999,54998.3105,346,863.1,1392.7686,0
1749359700000000,1.608,1.615,1.608,1.615,14851.2,1749360599999999,23925.008,289,7170.2,11551.2463,0
1749360600000000,1.616,1.616,1.607,1.608,25735.5,1749361499999999,41438.788,297,10759.4,17315.3692,0
1749361500000000,1.609,1.609,1.604,1.606,40115.0,1749362399999999,64416.2577,409,18566.6,29820.1015,0
1749362400000000,1.607,1.61,1.605,1.61,27326.4,1749363299999999,43911.1415,335,13030.5,20940.0734,0
1749363300000000,1.61,1.613,1.608,1.609,52795.4,1749364199999999,85038.0391,516,18554.9,29883.3638,0
1749364200000000,1.61,1.611,1.607,1.609,28714.2,1749365099999999,46211.6104,597,9876.2,15894.3271,0
1749365100000000,1.609,1.61,1.6,1.602,123402.8,1749365999999999,197991.3702,1059,76643.8,123011.7347,0
1749366000000000,1.601,1.601,1.596,1.599,45719.8,1749366899999999,73074.9209,419,17451.6,27910.2383,0
1749366900000000,1.6,1.601,1.596,1.597,44001.6,1749367799999999,70361.0137,509,14967.5,23923.9697,0
1749367800000000,1.598,1.598,1.594,1.595,16327.7,1749368699999999,26056.841,209,7862.9,12548.5487,0
1749368700000000,1.595,1.598,1.592,1.595,32693.2,1749369599999999,52130.6946,415,24609.4,39242.4469,0
1749369600000000,1.595,1.601,1.595,1.6,43860.9,1749370499999999,70107.7876,411,24582.6,39280.9633,0
1749370500000000,1.601,1.602,1.598,1.601,27986.6,1749371399999999,44804.4769,356,15022.7,24051.4224,0
1749371400000000,1.601,1.611,1.601,1.604,54475.3,1749372299999999,87442.4785,574,29068.6,46618.5671,0
1749372300000000,1.604,1.607,1.603,1.606,63637.5,1749373199999999,102141.7549,483,42598.7,68371.4886,0
1749373200000000,1.606,1.607,1.595,1.597,83440.8,1749374099999999,133591.6348,608,30121.2,48231.7293,0
1749374100000000,1.598,1.6,1.589,1.593,101193.9,1749374999999999,161216.2927,1203,42093.9,67037.3836,0
1749375000000000,1.593,1.596,1.591,1.596,48137.1,1749375899999999,76737.839,779,27191.9,43355.7764,0
1749375900000000,1.596,1.599,1.595,1.595,53196.5,1749376799999999,84936.6168,564,24776.6,39549.96,0
1749376800000000,1.595,1.596,1.588,1.59,82691.4,1749377699999999,131640.2131,774,33835.0,53901.93,0
1749377700000000,1.589,1.593,1.589,1.591,9861.5,1749378599999999,15691.033,216,4874.4,7755.059,0
1749378600000000,1.591,1.603,1.591,1.602,34132.6,1749379499999999,54518.162,429,22251.7,35545.7585,0
1749379500000000,1.602,1.603,1.6,1.602,12710.9,1749380399999999,20357.1149,290,5471.4,8764.5578,0
1749380400000000,1.602,1.608,1.602,1.607,35525.8,1749381299999999,57064.7262,320,18743.3,30103.4247,0
1749381300000000,1.607,1.62,1.606,1.62,145208.3,1749382199999999,234074.2038,1267,87636.7,141302.5649,0
1749382200000000,1.621,1.628,1.618,1.625,194808.8,1749383099999999,316105.5506,1698,105809.3,171686.5566,0
1749383100000000,1.626,1.632,1.626,1.628,44069.1,1749383999999999,71771.4479,579,29540.6,48111.6571,0
1749384000000000,1.629,1.635,1.626,1.633,81727.1,1749384899999999,133244.3627,740,46458.5,75764.6211,0
1749384900000000,1.633,1.633,1.623,1.625,47640.3,1749385799999999,77464.9972,447,18082.3,29407.39,0
1749385800000000,1.624,1.624,1.62,1.622,20631.0,1749386699999999,33469.1097,275,14069.8,22827.9523,0
1749386700000000,1.622,1.628,1.622,1.625,23530.8,1749387599999999,38250.8996,362,9051.9,14711.2841,0
1749387600000000,1.625,1.625,1.621,1.622,23642.2,1749388499999999,38365.4839,313,8708.9,14128.1473,0
1749388500000000,1.623,1.624,1.619,1.624,25423.7,1749389399999999,41211.3255,481,14143.3,22923.7221,0
1749389400000000,1.625,1.636,1.625,1.636,57472.2,1749390299999999,93750.7662,574,35035.1,57160.3883,0
1749390300000000,1.636,1.643,1.623,1.624,115323.1,1749391199999999,188349.8333,1674,62169.7,101570.2776,0
1749391200000000,1.623,1.627,1.618,1.626,52302.0,1749392099999999,84827.602,800,19619.7,31826.5551,0
1749392100000000,1.626,1.632,1.624,1.624,68651.1,1749392999999999,111708.0647,687,33132.3,53920.2817,0
1749393000000000,1.624,1.626,1.621,1.625,37918.2,1749393899999999,61563.1084,557,23775.2,38596.2957,0
1749393900000000,1.625,1.627,1.622,1.625,25767.4,1749394799999999,41876.6137,421,14946.6,24293.6967,0
1749394800000000,1.625,1.631,1.624,1.628,22657.6,1749395699999999,36894.594,418,14505.1,23618.813,0
1749395700000000,1.628,1.629,1.624,1.626,16481.9,1749396599999999,26798.6278,304,5432.1,8832.1932,0
1749396600000000,1.626,1.629,1.625,1.627,30146.7,1749397499999999,49062.4278,421,8391.4,13657.5268,0
1749397500000000,1.628,1.628,1.624,1.627,32108.0,1749398399999999,52210.9204,431,16748.0,27230.2932,0
1749398400000000,1.628,1.636,1.626,1.636,39927.7,1749399299999999,65163.3675,512,17718.5,28932.7027,0
1749399300000000,1.635,1.643,1.634,1.638,78007.5,1749400199999999,127804.8038,877,41658.4,68253.6991,0
1749400200000000,1.638,1.651,1.637,1.646,64932.8,1749401099999999,106830.9173,820,46625.7,76700.2191,0
1749401100000000,1.646,1.648,1.642,1.644,48691.5,1749401999999999,80133.8356,669,20688.3,34049.5116,0
1749402000000000,1.645,1.654,1.644,1.648,90515.2,1749402899999999,149273.3191,1037,58279.2,96105.0768,0
1749402900000000,1.648,1.653,1.648,1.65,20804.2,1749403799999999,34322.6524,417,9637.7,15900.1204,0
1749403800000000,1.649,1.649,1.642,1.642,85908.3,1749404699999999,141400.6685,648,31308.9,51525.8642,0
1749404700000000,1.642,1.642,1.635,1.637,93839.2,1749405599999999,153765.6298,620,32057.2,52545.8323,0
1749405600000000,1.638,1.644,1.633,1.644,38997.3,1749406499999999,63889.9138,538,20155.2,33030.5334,0
1749406500000000,1.645,1.649,1.643,1.646,70458.8,1749407399999999,116023.8978,489,50480.9,83131.7451,0
1749407400000000,1.647,1.648,1.645,1.645,30549.8,1749408299999999,50291.119,400,11283.9,18575.9088,0
1749408300000000,1.646,1.651,1.644,1.649,34350.5,1749409199999999,56599.7172,367,25627.1,42224.7678,0
1749409200000000,1.65,1.658,1.65,1.654,66033.8,1749410099999999,109283.9106,539,38588.9,63860.7691,0
1749410100000000,1.654,1.655,1.651,1.651,12397.0,1749410999999999,20489.8507,224,6881.8,11373.6911,0
1749411000000000,1.651,1.653,1.647,1.649,54851.2,1749411899999999,90530.1968,350,27280.1,45045.917,0
1749411900000000,1.648,1.655,1.648,1.654,27411.7,1749412799999999,45278.7561,302,12811.9,21168.8385,0
1749412800000000,1.655,1.656,1.652,1.656,12424.8,1749413699999999,20553.0469,327,6455.0,10678.6183,0
1749413700000000,1.656,1.656,1.653,1.655,9054.0,1749414599999999,14980.5143,173,5401.5,8935.8866,0
1749414600000000,1.655,1.655,1.652,1.653,23710.1,1749415499999999,39183.3637,248,2785.5,4605.2119,0
1749415500000000,1.653,1.653,1.645,1.647,34055.2,1749416399999999,56111.1476,300,14741.0,24277.9849,0
1749416400000000,1.648,1.656,1.648,1.655,44580.3,1749417299999999,73667.2768,298,28757.3,47498.8482,0
1749417300000000,1.654,1.656,1.652,1.654,16932.6,1749418199999999,28007.1589,283,5337.0,8834.3208,0
1749418200000000,1.653,1.654,1.65,1.651,10783.4,1749419099999999,17809.2665,126,3475.4,5742.646,0
1749419100000000,1.652,1.66,1.652,1.656,35964.5,1749419999999999,59582.6763,328,25608.3,42421.7521,0
1749420000000000,1.656,1.656,1.644,1.644,101621.6,1749420899999999,167647.5647,1054,32983.0,54457.1737,0
1749420900000000,1.644,1.648,1.642,1.644,37134.8,1749421799999999,61084.7348,555,6861.0,11289.7547,0
1749421800000000,1.644,1.644,1.637,1.642,63555.6,1749422699999999,104216.1199,825,18106.1,29690.0305,0
1749422700000000,1.641,1.642,1.636,1.639,37998.4,1749423599999999,62248.8372,495,8904.0,14584.4213,0
1749423600000000,1.639,1.64,1.629,1.633,85439.1,1749424499999999,139621.8306,804,30994.2,50660.042,0
1749424500000000,1.633,1.635,1.628,1.631,29420.0,1749425399999999,47978.9564,470,18721.2,30536.1048,0
1749425400000000,1.632,1.634,1.628,1.631,31244.5,1749426299999999,50974.2697,701,16137.6,26329.3502,0
1749426300000000,1.63,1.632,1.629,1.63,43441.8,1749427199999999,70843.1463,384,11789.1,19227.9657,0
1749427200000000,1.63,1.631,1.613,1.614,173211.3,1749428099999999,281050.6911,1543,42006.5,68128.6288,0
1749428100000000,1.615,1.622,1.611,1.62,87472.3,1749428999999999,141344.694,1226,45876.7,74146.2665,0
1749429000000000,1.62,1.629,1.619,1.624,76207.2,1749429899999999,123794.0981,698,39386.7,64005.9037,0
1749429900000000,1.624,1.624,1.618,1.623,72683.1,1749430799999999,117755.9173,660,45767.7,74139.3625,0
1749430800000000,1.623,1.623,1.615,1.618,89790.2,1749431699999999,145455.1998,764,28867.5,46770.5791,0
1749431700000000,1.618,1.623,1.616,1.621,37971.6,1749432599999999,61463.7583,489,22605.7,36593.062,0
1749432600000000,1.621,1.623,1.617,1.618,15940.4,1749433499999999,25814.2269,306,9826.2,15916.8424,0
1749433500000000,1.618,1.618,1.609,1.612,38079.9,1749434399999999,61452.2474,470,13300.7,21465.8131,0
1749434400000000,1.612,1.617,1.606,1.615,57105.9,1749435299999999,91978.1841,629,24128.3,38852.8906,0
1749435300000000,1.616,1.619,1.614,1.614,32158.7,1749436199999999,52002.2775,320,21050.0,34041.0844,0
1749436200000000,1.615,1.615,1.605,1.607,79743.5,1749437099999999,128306.6704,825,44842.4,72162.0653,0
1749437100000000,1.607,1.61,1.606,1.609,19796.5,1749437999999999,31836.8464,343,6313.6,10153.6193,0
1749438000000000,1.608,1.608,1.594,1.602,202248.7,1749438899999999,323481.6485,1764,79534.0,127190.6163,0
1749438900000000,1.602,1.605,1.598,1.604,58338.7,1749439799999999,93429.7869,816,34463.2,55196.5748,0
1749439800000000,1.603,1.605,1.601,1.603,12247.5,1749440699999999,19642.6064,242,4000.1,6413.0536,0
1749440700000000,1.602,1.608,1.602,1.607,16306.7,1749441599999999,26200.9378,188,6696.5,10752.8496,0
1749441600000000,1.607,1.609,1.606,1.608,32704.7,1749442499999999,52587.0405,403,12467.3,20050.2282,0
1749442500000000,1.609,1.61,1.606,1.606,18577.9,1749443399999999,29876.3798,320,9820.8,15788.749,0
1749443400000000,1.606,1.608,1.603,1.603,16487.4,1749444299999999,26457.2105,265,11339.8,18195.1145,0
1749444300000000,1.602,1.604,1.598,1.599,42277.8,1749445199999999,67692.0954,332,21583.0,34564.5825,0
1749445200000000,1.599,1.601,1.596,1.6,39318.9,1749446099999999,62880.0843,591,19580.3,31313.2132,0
1749446100000000,1.6,1.603,1.598,1.599,42146.2,1749446999999999,67443.9054,561,20150.3,32247.8228,0
1749447000000000,1.598,1.599,1.594,1.598,47615.2,1749447899999999,76027.4947,655,23313.4,37228.0831,0
1749447900000000,1.598,1.6,1.596,1.597,53143.9,1749448799999999,84918.4225,535,21369.4,34154.7658,0
1749448800000000,1.596,1.599,1.592,1.597,97900.3,1749449699999999,156160.6495,881,51791.3,82604.6505,0
1749449700000000,1.597,1.605,1.596,1.605,54144.1,1749450599999999,86649.9915,354,27083.8,43366.6846,0
1749450600000000,1.605,1.608,1.603,1.607,37250.9,1749451499999999,59817.7732,427,14304.4,22970.0481,0
1749451500000000,1.607,1.612,1.606,1.61,37230.9,1749452399999999,59916.0548,353,11241.2,18090.1381,0
1749452400000000,1.609,1.61,1.605,1.605,36872.6,1749453299999999,59251.81,347,17479.3,28093.8846,0
1749453300000000,1.605,1.605,1.601,1.603,37749.9,1749454199999999,60503.0111,424,18959.1,30383.5896,0
1749454200000000,1.603,1.606,1.603,1.606,25657.1,1749455099999999,41181.654,330,7616.9,12221.0283,0
1749455100000000,1.606,1.607,1.605,1.606,20815.1,1749455999999999,33424.7697,246,7061.5,11337.6753,0
1749456000000000,1.606,1.609,1.603,1.608,52444.1,1749456899999999,84256.3028,521,28306.2,45478.067,0
1749456900000000,1.608,1.61,1.603,1.605,37771.2,1749457799999999,60660.6565,406,17901.8,28759.8368,0
1749457800000000,1.605,1.611,1.602,1.61,67781.0,1749458699999999,108935.2254,600,36626.5,58865.8002,0
1749458700000000,1.61,1.617,1.609,1.615,125596.7,1749459599999999,202689.5319,649,78306.0,126420.7637,0
1749459600000000,1.615,1.615,1.609,1.613,77377.7,1749460499999999,124690.9789,882,38937.0,62744.3923,0
1749460500000000,1.613,1.618,1.607,1.618,88923.5,1749461399999999,143399.6386,860,51155.5,82441.8049,0
1749461400000000,1.617,1.633,1.617,1.632,108676.2,1749462299999999,176708.4546,1289,60936.2,99156.8959,0
1749462300000000,1.632,1.651,1.632,1.641,261524.7,1749463199999999,429851.5913,2844,170606.2,280356.9245,0
1749463200000000,1.641,1.661,1.641,1.661,185594.5,1749464099999999,306469.803,1701,110332.0,182163.3824,0
1749464100000000,1.661,1.664,1.656,1.659,153841.7,1749464999999999,255455.0939,2565,76998.8,127886.041,0
1749465000000000,1.659,1.663,1.656,1.658,117318.4,1749465899999999,194669.3175,1409,52149.8,86539.0486,0
1749465900000000,1.658,1.665,1.657,1.661,75967.4,1749466799999999,126162.3969,959,51380.1,85343.696,0
1749466800000000,1.662,1.673,1.661,1.673,137578.1,1749467699999999,229225.8932,1498,78783.6,131272.1551,0
1749467700000000,1.673,1.673,1.667,1.669,55934.3,1749468599999999,93432.3627,920,17946.7,29973.951,0
1749468600000000,1.669,1.674,1.666,1.671,71347.8,1749469499999999,119127.3147,825,35013.1,58457.6233,0
1749469500000000,1.67,1.67,1.663,1.669,152694.1,1749470399999999,254402.4105,1120,52839.7,88044.8247,0
1749470400000000,1.67,1.672,1.668,1.67,58464.6,1749471299999999,97667.2138,887,25655.3,42858.3373,0
1749471300000000,1.669,1.676,1.669,1.675,46398.1,1749472199999999,77626.9118,520,22380.6,37441.6458,0
1749472200000000,1.676,1.682,1.676,1.681,83753.1,1749473099999999,140631.0319,789,51243.2,86048.2208,0
1749473100000000,1.682,1.683,1.676,1.68,33739.7,1749473999999999,56630.0987,411,17182.4,28833.9957,0
1749474000000000,1.681,1.682,1.671,1.672,174925.2,1749474899999999,293136.412,1240,69849.4,117023.5743,0
1749474900000000,1.672,1.676,1.669,1.669,42869.8,1749475799999999,71690.6041,563,14217.3,23785.9105,0
1749475800000000,1.669,1.672,1.658,1.666,124934.6,1749476699999999,207972.7573,1520,57613.4,95908.8086,0
1749476700000000,1.667,1.668,1.654,1.657,66642.8,1749477599999999,110632.769,1106,31289.7,51942.1427,0
1749477600000000,1.657,1.666,1.654,1.664,61925.0,1749478499999999,102766.7773,1043,29936.3,49685.3885,0
1749478500000000,1.665,1.67,1.662,1.667,43203.8,1749479399999999,71989.1067,597,21868.9,36441.5619,0
1749479400000000,1.667,1.678,1.667,1.676,110676.4,1749480299999999,185278.6781,1043,42188.9,70637.7694,0
1749480300000000,1.675,1.679,1.667,1.671,89174.8,1749481199999999,149083.2824,1103,29631.6,49551.6754,0
1749481200000000,1.672,1.688,1.67,1.684,112727.6,1749482099999999,189438.0667,1112,56352.8,94713.6112,0
1749482100000000,1.684,1.694,1.681,1.692,213844.2,1749482999999999,361186.7768,1605,128323.9,216745.2473,0
1749483000000000,1.693,1.694,1.685,1.686,81988.3,1749483899999999,138491.7411,862,33444.8,56494.0467,0
1749483900000000,1.687,1.689,1.681,1.681,42028.9,1749484799999999,70885.872,567,26761.1,45153.7544,0
1749484800000000,1.682,1.697,1.682,1.692,133386.5,1749485699999999,225359.183,830,83204.9,140543.1943,0
1749485700000000,1.692,1.7,1.69,1.7,79467.4,1749486599999999,134743.2994,1090,45912.2,77854.7208,0
1749486600000000,1.699,1.702,1.698,1.701,46047.7,1749487499999999,78299.1875,761,26731.6,45459.8503,0
1749487500000000,1.7,1.703,1.692,1.693,48210.7,1749488399999999,81789.3038,822,15865.3,26943.1641,0
1749488400000000,1.694,1.701,1.691,1.701,38435.8,1749489299999999,65202.4809,688,18646.8,31646.798,0
1749489300000000,1.701,1.702,1.698,1.7,32352.3,1749490199999999,54996.9754,511,15395.1,26171.9776,0
1749490200000000,1.699,1.702,1.695,1.697,42878.5,1749491099999999,72784.8743,418,16863.1,28628.5993,0
1749491100000000,1.698,1.7,1.695,1.697,41667.2,1749491999999999,70727.4505,547,15082.1,25606.6461,0
1749492000000000,1.697,1.699,1.694,1.696,55888.7,1749492899999999,94813.1413,658,20610.1,34969.5074,0
1749492900000000,1.696,1.698,1.695,1.698,16449.3,1749493799999999,27901.7566,372,10483.3,17779.1004,0
1749493800000000,1.698,1.698,1.692,1.694,31186.9,1749494699999999,52868.7407,480,9484.6,16077.8074,0
1749494700000000,1.693,1.698,1.691,1.698,17224.3,1749495599999999,29198.0138,261,8748.9,14828.0624,0
1749495600000000,1.698,1.7,1.694,1.696,44930.8,1749496499999999,76247.38,429,8373.9,14209.059,0
1749496500000000,1.696,1.702,1.696,1.698,50791.7,1749497399999999,86293.3244,693,32023.7,54423.8131,0
1749497400000000,1.698,1.699,1.69,1.69,43227.7,1749498299999999,73261.5069,500,11258.7,19113.0071,0
1749498300000000,1.69,1.693,1.685,1.69,44859.6,1749499199999999,75795.6672,602,12957.5,21884.7749,0
1749499200000000,1.69,1.695,1.69,1.691,21036.0,1749500099999999,35605.782,257,8509.2,14403.8257,0
1749500100000000,1.691,1.696,1.691,1.695,17215.7,1749500999999999,29169.8646,233,3689.4,6252.1875,0
1749501000000000,1.695,1.698,1.695,1.696,17935.7,1749501899999999,30425.4295,139,12524.0,21246.5706,0
1749501900000000,1.696,1.697,1.691,1.696,49159.8,1749502799999999,83271.7284,315,13182.0,22332.7958,0
1749502800000000,1.696,1.718,1.696,1.716,149510.1,1749503699999999,255497.6303,1583,100765.4,172120.785,0
1749503700000000,1.716,1.73,1.715,1.729,143656.2,1749504599999999,247192.4907,1461,77529.5,133452.1785,0
1749504600000000,1.73,1.733,1.722,1.73,119032.2,1749505499999999,205755.167,1191,58507.7,101149.4928,0
1749505500000000,1.729,1.73,1.725,1.728,34439.1,1749506399999999,59503.1774,467,22536.5,38939.1324,0
1749506400000000,1.728,1.737,1.726,1.731,107491.9,1749507299999999,186095.7566,1554,54273.6,93993.1156,0
1749507300000000,1.731,1.74,1.73,1.738,66604.0,1749508199999999,115651.5423,933,22025.4,38243.8281,0
1749508200000000,1.737,1.737,1.728,1.731,69272.3,1749509099999999,119983.7136,920,25394.6,44002.8285,0
1749509100000000,1.732,1.741,1.732,1.739,101000.4,1749509999999999,175346.5252,1100,51068.4,88686.0329,0
1749510000000000,1.738,1.738,1.725,1.726,78761.7,1749510899999999,136263.776,661,26776.2,46343.9114,0
1749510900000000,1.726,1.731,1.725,1.729,25284.9,1749511799999999,43710.2274,482,18400.0,31806.574,0
1749511800000000,1.728,1.736,1.725,1.736,41490.8,1749512699999999,71791.0732,670,19691.3,34071.5794,0
1749512700000000,1.735,1.738,1.733,1.736,79564.4,1749513599999999,138103.1127,800,52912.2,91838.8343,0
1749513600000000,1.736,1.739,1.733,1.734,65688.2,1749514499999999,113962.018,779,33725.1,58499.237,0
1749514500000000,1.733,1.743,1.733,1.741,131820.3,1749515399999999,229195.8161,1104,54591.6,94951.4131,0
1749515400000000,1.741,1.743,1.736,1.738,67091.4,1749516299999999,116693.6649,1091,30833.4,53618.8437,0
1749516300000000,1.738,1.741,1.735,1.735,61335.9,1749517199999999,106581.1185,833,26072.4,45307.7595,0
1749517200000000,1.736,1.737,1.73,1.732,60776.3,1749518099999999,105346.632,829,31003.6,53747.9867,0
1749518100000000,1.733,1.743,1.732,1.74,54286.9,1749518999999999,94353.3248,616,27120.5,47141.8334,0
1749519000000000,1.741,1.747,1.74,1.744,64048.4,1749519899999999,111668.674,770,36628.1,63887.9126,0
1749519900000000,1.744,1.746,1.74,1.742,66091.2,1749520799999999,115206.8085,866,27839.9,48514.0393,0
1749520800000000,1.741,1.742,1.728,1.738,72915.7,1749521699999999,126394.0713,964,34366.4,59611.2632,0
1749521700000000,1.738,1.74,1.73,1.737,59877.9,1749522599999999,103949.8974,1011,18239.2,31666.3444,0
1749522600000000,1.737,1.739,1.735,1.738,42748.9,1749523499999999,74238.1752,736,22045.0,38285.4955,0
1749523500000000,1.737,1.74,1.736,1.737,27330.4,1749524399999999,47501.9845,531,21122.1,36712.5672,0
1749524400000000,1.737,1.739,1.731,1.733,43666.2,1749525299999999,75697.2779,653,13334.6,23117.922,0
1749525300000000,1.733,1.734,1.73,1.732,25161.7,1749526199999999,43565.9193,492,7038.3,12193.8181,0
1749526200000000,1.732,1.733,1.728,1.732,43610.5,1749527099999999,75438.5293,469,28387.0,49096.8364,0
1749527100000000,1.732,1.737,1.731,1.733,24147.4,1749527999999999,41868.6727,364,8265.6,14331.8705,0
1749528000000000,1.734,1.738,1.73,1.731,42122.1,1749528899999999,73102.7039,534,19441.5,33737.808,0
1749528900000000,1.731,1.731,1.719,1.722,103731.0,1749529799999999,178886.976,823,34462.5,59442.8333,0
1749529800000000,1.721,1.721,1.717,1.72,63858.1,1749530699999999,109787.4811,873,20935.4,35996.6934,0
1749530700000000,1.719,1.725,1.714,1.725,80063.9,1749531599999999,137694.1322,821,41745.1,71771.3616,0
1749531600000000,1.725,1.733,1.723,1.731,79760.9,1749532499999999,137896.5996,834,25904.2,44802.0386,0
1749532500000000,1.731,1.736,1.719,1.72,103457.8,1749533399999999,178713.186,1103,52470.6,90587.8839,0
1749533400000000,1.721,1.723,1.713,1.72,88548.6,1749534299999999,151983.5181,1245,42312.8,72622.4153,0
1749534300000000,1.72,1.721,1.714,1.717,56461.5,1749535199999999,96913.4241,809,20686.5,35513.284,0
1749535200000000,1.717,1.718,1.701,1.702,115851.2,1749536099999999,198017.9099,1207,26378.9,45128.8006,0
1749536100000000,1.702,1.714,1.701,1.713,106291.3,1749536999999999,181466.6398,1145,66797.6,114025.8978,0
1749537000000000,1.713,1.72,1.709,1.718,44065.0,1749537899999999,75590.7695,870,21082.4,36167.3977,0
1749537900000000,1.717,1.722,1.717,1.718,31620.7,1749538799999999,54373.8013,562,21453.3,36887.9189,0
1749538800000000,1.719,1.719,1.712,1.716,60975.1,1749539699999999,104595.6684,723,35546.0,60973.8594,0
1749539700000000,1.715,1.727,1.713,1.727,134552.4,1749540599999999,231598.3316,1426,73434.3,126415.1527,0
1749540600000000,1.726,1.729,1.719,1.729,76572.7,1749541499999999,132035.7421,919,41324.9,71208.4435,0
1749541500000000,1.728,1.732,1.725,1.729,56371.8,1749542399999999,97426.7678,800,27195.4,47010.164,0
1749542400000000,1.73,1.739,1.727,1.727,127974.7,1749543299999999,221842.0492,1299,56961.8,98766.7874,0
1749543300000000,1.727,1.729,1.72,1.721,115046.4,1749544199999999,198427.4991,1059,53587.2,92423.7972,0
1749544200000000,1.721,1.726,1.72,1.722,94065.6,1749545099999999,162004.7926,1027,39939.3,68782.8993,0
1749545100000000,1.723,1.723,1.716,1.716,32508.2,1749545999999999,55871.8118,686,12995.1,22340.6634,0
1749546000000000,1.715,1.722,1.714,1.721,99526.8,1749546899999999,170987.5201,1216,44195.2,75911.9279,0
1749546900000000,1.721,1.729,1.718,1.724,98995.0,1749547799999999,170632.4646,1297,44106.1,76027.7977,0
1749547800000000,1.725,1.729,1.724,1.725,49324.9,1749548699999999,85180.6977,840,20187.4,34862.2902,0
1749548700000000,1.725,1.731,1.722,1.73,30206.8,1749549599999999,52171.0039,449,13493.1,23308.2642,0
1749549600000000,1.73,1.731,1.718,1.723,102955.0,1749550499999999,177329.6001,1050,53064.8,91405.319,0
1749550500000000,1.723,1.724,1.718,1.719,32466.4,1749551399999999,55868.0409,536,16509.5,28420.3337,0
1749551400000000,1.718,1.718,1.709,1.709,79947.8,1749552299999999,137002.6937,930,33319.9,57108.9463,0
1749552300000000,1.709,1.72,1.709,1.719,66673.4,1749553199999999,114376.2002,929,31449.7,53931.584,0
1749553200000000,1.719,1.723,1.712,1.718,88390.3,1749554099999999,151794.5856,1112,49315.3,84730.1939,0
1749554100000000,1.719,1.744,1.719,1.742,189304.5,1749554999999999,328117.061,2456,118747.5,205769.5537,0
1749555000000000,1.743,1.765,1.741,1.761,317923.8,1749555899999999,557885.4713,4279,166165.4,291642.7627,0
1749555900000000,1.76,1.762,1.751,1.758,181928.7,1749556799999999,319624.8273,2708,85378.0,150078.2596,0
1749556800000000,1.758,1.765,1.756,1.762,173647.6,1749557699999999,305789.9632,2808,88343.0,155621.8033,0
1749557700000000,1.763,1.773,1.761,1.766,215647.2,1749558599999999,381245.495,2780,107101.4,189362.2141,0
1749558600000000,1.766,1.774,1.762,1.772,151931.8,1749559499999999,268425.5479,1928,98022.3,173224.1066,0
1749559500000000,1.772,1.778,1.77,1.777,111790.1,1749560399999999,198255.4994,1155,70531.1,125075.2029,0
1749560400000000,1.777,1.779,1.77,1.774,59085.4,1749561299999999,104829.392,1143,30746.6,54561.7259,0
1749561300000000,1.774,1.774,1.762,1.764,117356.9,1749562199999999,207499.8056,1356,43833.4,77461.5992,0
1749562200000000,1.764,1.767,1.738,1.739,370657.8,1749563099999999,649028.9543,4651,149712.4,262296.0264,0
1749563100000000,1.74,1.75,1.733,1.749,194545.1,1749563999999999,338556.1791,2971,97802.9,170215.5549,0
1749564000000000,1.749,1.75,1.735,1.738,364120.1,1749564899999999,633733.9492,2581,129480.0,225355.176,0
1749564900000000,1.738,1.738,1.715,1.72,206550.0,1749565799999999,356497.5862,2206,90482.6,156066.6695,0
1749565800000000,1.721,1.722,1.707,1.711,172941.5,1749566699999999,296516.6591,2023,101551.4,174175.006,0
1749566700000000,1.71,1.712,1.704,1.708,148959.3,1749567599999999,254472.5314,1945,60346.4,103100.6698,0
1749567600000000,1.708,1.725,1.704,1.722,149434.6,1749568499999999,256463.2045,2134,91218.6,156533.2347,0
1749568500000000,1.722,1.727,1.718,1.718,121374.8,1749569399999999,209024.3142,1619,50624.6,87225.5917,0
1749569400000000,1.717,1.717,1.698,1.709,228745.7,1749570299999999,390033.0087,2698,100204.0,170895.3138,0
1749570300000000,1.709,1.722,1.709,1.72,71757.7,1749571199999999,122988.161,991,41779.1,71585.8968,0
1749571200000000,1.72,1.731,1.719,1.73,93057.8,1749572099999999,160657.1909,1317,39317.5,67867.9491,0
1749572100000000,1.729,1.732,1.714,1.725,88685.5,1749572999999999,152619.3634,1048,59111.1,101720.31,0
1749573000000000,1.725,1.727,1.714,1.717,63151.8,1749573899999999,108677.7467,975,24280.5,41818.3118,0
1749573900000000,1.716,1.719,1.71,1.711,71959.2,1749574799999999,123332.8536,856,27141.5,46506.4531,0
1749574800000000,1.711,1.721,1.71,1.719,55394.9,1749575699999999,95064.5754,871,24516.9,42070.4645,0
1749575700000000,1.72,1.726,1.716,1.716,104942.9,1749576599999999,180563.76,1069,36104.9,62148.2578,0
1749576600000000,1.716,1.72,1.711,1.715,62655.7,1749577499999999,107436.852,925,20831.0,35712.9981,0
1749577500000000,1.715,1.719,1.71,1.715,66671.2,1749578399999999,114336.442,942,24745.0,42443.6628,0
1749578400000000,1.716,1.718,1.712,1.715,32188.7,1749579299999999,55191.9221,700,14776.2,25334.403,0
1749579300000000,1.716,1.721,1.714,1.718,37266.5,1749580199999999,64046.3038,586,11060.5,19012.3269,0
1749580200000000,1.718,1.727,1.715,1.725,56070.3,1749581099999999,96531.5577,535,27253.6,46981.1122,0
1749581100000000,1.726,1.741,1.723,1.737,196592.4,1749581999999999,340777.4051,2671,107524.7,186452.0632,0
1749582000000000,1.736,1.746,1.736,1.741,151642.7,1749582899999999,264013.4818,2149,75816.8,131950.9296,0
1749582900000000,1.74,1.753,1.737,1.752,156080.2,1749583799999999,272626.4633,2171,85010.5,148550.9239,0
1749583800000000,1.752,1.763,1.75,1.751,148976.6,1749584699999999,261798.7968,2452,61674.7,108488.1154,0
1749584700000000,1.751,1.752,1.735,1.742,162729.2,1749585599999999,283867.2366,2227,59453.8,103709.0294,0
1749585600000000,1.741,1.741,1.731,1.732,98693.8,1749586499999999,171198.0207,1550,43219.1,74983.1323,0
1749586500000000,1.733,1.74,1.728,1.737,76112.1,1749587399999999,132080.5102,1037,37470.3,65044.0912,0
1749587400000000,1.737,1.742,1.735,1.741,38754.0,1749588299999999,67371.9967,651,15800.8,27479.9333,0
1749588300000000,1.741,1.751,1.739,1.751,65479.5,1749589199999999,114377.1306,738,36622.4,63997.3698,0
1749589200000000,1.751,1.752,1.743,1.743,205094.7,1749590099999999,358479.0637,1785,58967.9,103075.7121,0
1749590100000000,1.743,1.749,1.733,1.749,163060.7,1749590999999999,283403.9096,1831,80262.2,139552.5145,0
1749591000000000,1.748,1.75,1.742,1.745,88776.6,1749591899999999,154932.5625,1360,30814.4,53768.1606,0
1749591900000000,1.745,1.746,1.74,1.743,25023.3,1749592799999999,43599.7652,474,14131.2,24626.0857,0
1749592800000000,1.743,1.759,1.741,1.757,121001.0,1749593699999999,212050.574,2263,82799.9,145076.0027,0
1749593700000000,1.758,1.765,1.758,1.76,93163.2,1749594599999999,164041.0785,1588,38029.1,66970.8561,0
1749594600000000,1.759,1.763,1.749,1.75,79111.8,1749595499999999,138935.0921,1062,31346.3,55051.6108,0
1749595500000000,1.751,1.755,1.746,1.751,92283.5,1749596399999999,161442.593,1121,19181.9,33570.7301,0
1749596400000000,1.751,1.754,1.744,1.749,124968.9,1749597299999999,218496.1911,1586,56319.2,98487.8533,0
1749597300000000,1.75,1.754,1.748,1.752,86749.9,1749598199999999,151933.6653,1228,38234.4,66956.7331,0
1749598200000000,1.753,1.76,1.752,1.759,49476.1,1749599099999999,86824.2735,953,23426.2,41103.7307,0
1749599100000000,1.759,1.762,1.756,1.762,42735.2,1749599999999999,75188.5792,801,20859.7,36692.1726,0
1749600000000000,1.763,1.772,1.762,1.766,178865.0,1749600899999999,315932.6991,1915,73836.4,130442.8313,0
1749600900000000,1.766,1.77,1.755,1.758,103867.8,1749601799999999,182965.8318,1538,39154.5,68974.319,0
1749601800000000,1.758,1.763,1.753,1.757,69500.3,1749602699999999,122094.5372,1036,23601.1,41451.6475,0
1749602700000000,1.756,1.764,1.75,1.753,76263.1,1749603599999999,133972.4858,944,30927.4,54294.4541,0
1749603600000000,1.753,1.754,1.744,1.751,65459.6,1749604499999999,114479.5461,1108,30562.6,53469.8181,0
1749604500000000,1.752,1.752,1.74,1.743,80217.6,1749605399999999,139990.1656,882,22268.0,38863.824,0
1749605400000000,1.743,1.744,1.737,1.74,48594.7,1749606299999999,84583.1542,909,20604.2,35867.7357,0
1749606300000000,1.74,1.741,1.732,1.734,91314.2,1749607199999999,158566.2767,1257,29303.8,50852.9775,0
1749607200000000,1.734,1.746,1.734,1.738,85278.8,1749608099999999,148512.4247,743,33389.7,58168.7191,0
1749608100000000,1.739,1.741,1.731,1.735,44356.9,1749608999999999,76931.4017,653,14477.5,25102.5441,0
1749609000000000,1.735,1.737,1.734,1.735,22485.2,1749609899999999,39028.5656,391,12302.3,21359.2033,0
1749609900000000,1.734,1.738,1.732,1.737,17482.5,1749610799999999,30321.3102,340,10838.5,18796.6235,0
1749610800000000,1.737,1.75,1.737,1.749,73525.4,1749611699999999,128264.2374,610,49866.8,86995.6295,0
1749611700000000,1.748,1.751,1.743,1.75,39070.3,1749612599999999,68272.1646,561,22254.5,38897.1564,0
1749612600000000,1.75,1.756,1.749,1.749,72988.0,1749613499999999,127900.3641,877,16025.8,28090.9322,0
1749613500000000,1.749,1.75,1.742,1.743,96550.9,1749614399999999,168572.571,830,15633.0,27301.0827,0
1749614400000000,1.743,1.744,1.735,1.736,139166.4,1749615299999999,242136.9098,1506,47888.5,83304.0113,0
1749615300000000,1.736,1.74,1.735,1.74,29294.1,1749616199999999,50910.1598,714,14119.0,24534.8254,0
1749616200000000,1.739,1.745,1.736,1.737,58516.6,1749617099999999,101866.2773,671,31948.8,55605.0411,0
1749617100000000,1.735,1.741,1.734,1.738,38711.8,1749617999999999,67305.0687,478,28030.5,48737.2534,0
1749618000000000,1.737,1.737,1.729,1.736,75140.7,1749618899999999,130224.831,752,31885.4,55286.5361,0
1749618900000000,1.736,1.741,1.732,1.741,20649.0,1749619799999999,35855.177,343,7829.8,13603.2838,0
1749619800000000,1.74,1.74,1.735,1.736,22082.3,1749620699999999,38345.5267,314,3994.5,6936.5228,0
1749620700000000,1.736,1.736,1.732,1.734,15677.3,1749621599999999,27202.2365,304,7742.8,13435.2164,0
1749621600000000,1.734,1.739,1.734,1.739,81756.4,1749622499999999,141958.636,768,26406.9,45866.6331,0
1749622500000000,1.739,1.741,1.735,1.736,32923.0,1749623399999999,57223.053,484,13756.5,23917.5306,0
1749623400000000,1.736,1.737,1.731,1.736,32211.4,1749624299999999,55844.2709,576,12809.1,22207.2135,0
1749624300000000,1.736,1.741,1.732,1.739,16876.3,1749625199999999,29313.283,445,8968.5,15574.796,0
1749625200000000,1.74,1.744,1.731,1.742,139020.0,1749626099999999,241350.6161,1002,66574.8,115658.1789,0
1749626100000000,1.742,1.747,1.74,1.741,90011.8,1749626999999999,156922.1324,1080,32052.5,55890.2342,0
1749627000000000,1.742,1.744,1.738,1.744,47861.4,1749627899999999,83339.5642,772,22914.4,39904.7827,0
1749627900000000,1.744,1.749,1.741,1.742,110275.9,1749628799999999,192410.3646,1130,27241.5,47527.4613,0
1749628800000000,1.742,1.744,1.737,1.74,82611.1,1749629699999999,143821.8572,1192,33358.3,58079.4815,0
1749629700000000,1.74,1.743,1.734,1.737,53993.9,1749630599999999,93755.1083,1064,26428.3,45878.8843,0
1749630600000000,1.737,1.742,1.733,1.736,106687.2,1749631499999999,185423.9494,977,22661.7,39391.3476,0
1749631500000000,1.735,1.735,1.73,1.732,91843.1,1749632399999999,159114.9787,1132,39682.1,68752.4899,0
1749632400000000,1.732,1.733,1.722,1.726,105016.0,1749633299999999,181268.0081,1311,39370.9,67950.9101,0
1749633300000000,1.726,1.732,1.725,1.729,60077.6,1749634199999999,103863.8353,811,31224.7,53991.8445,0
1749634200000000,1.729,1.73,1.722,1.722,30138.8,1749635099999999,51990.985,732,12400.2,21385.3319,0
1749635100000000,1.723,1.724,1.712,1.714,110436.7,1749635999999999,189758.7035,1242,48913.5,84085.1332,0
1749636000000000,1.715,1.716,1.709,1.713,77198.3,1749636899999999,132137.9994,1795,43284.1,74097.364,0
1749636900000000,1.712,1.716,1.711,1.715,37265.8,1749637799999999,63863.8382,830,13406.9,22980.8518,0
1749637800000000,1.715,1.719,1.715,1.717,124117.1,1749638699999999,213079.7147,1179,51008.1,87581.7368,0
1749638700000000,1.717,1.723,1.717,1.72,45530.6,1749639599999999,78316.6176,582,22340.3,38427.9351,0
1749639600000000,1.72,1.733,1.718,1.73,89202.4,1749640499999999,153796.3277,1541,65904.6,113569.5017,0
1749640500000000,1.73,1.732,1.724,1.726,43633.1,1749641399999999,75351.3479,1066,21363.4,36900.5299,0
1749641400000000,1.727,1.733,1.727,1.73,47212.3,1749642299999999,81679.7512,685,28485.1,49289.7937,0
1749642300000000,1.73,1.742,1.727,1.739,92866.4,1749643199999999,161038.8652,874,52357.6,90754.3984,0
1749643200000000,1.739,1.752,1.733,1.751,328974.4,1749644099999999,573723.9895,2968,187995.3,327977.5991,0
1749644100000000,1.751,1.751,1.734,1.737,98796.1,1749644999999999,171819.2031,1209,32183.0,55943.1344,0
1749645000000000,1.738,1.775,1.738,1.772,578769.9,1749645899999999,1017276.3655,6050,323118.9,568120.0154,0
1749645900000000,1.772,1.772,1.753,1.758,127243.4,1749646799999999,224397.5396,1656,38953.4,68693.3634,0
1749646800000000,1.759,1.763,1.751,1.757,128059.6,1749647699999999,225093.7375,1655,40987.4,72026.6347,0
1749647700000000,1.757,1.767,1.755,1.765,86725.2,1749648599999999,152927.1953,963,50443.3,88945.5983,0
1749648600000000,1.765,1.765,1.742,1.75,249309.3,1749649499999999,436788.4781,2694,112995.6,198081.2205,0
1749649500000000,1.75,1.752,1.742,1.748,90471.0,1749650399999999,158053.8144,1787,40667.9,71039.2848,0
1749650400000000,1.749,1.758,1.747,1.758,77191.3,1749651299999999,135307.9086,1104,33064.5,57968.3372,0
1749651300000000,1.759,1.787,1.759,1.785,315853.9,1749652199999999,559242.9665,2422,208767.5,369290.8047,0
1749652200000000,1.786,1.792,1.763,1.77,380226.5,1749653099999999,676194.9816,3312,183817.8,327119.4843,0
1749653100000000,1.77,1.773,1.763,1.767,59277.7,1749653999999999,104812.7901,1078,35578.8,62923.4803,0
1749654000000000,1.767,1.775,1.757,1.758,174172.5,1749654899999999,307717.6487,1769,66942.8,118360.6074,0
1749654900000000,1.759,1.766,1.757,1.763,89862.5,1749655799999999,158264.1728,974,33334.8,58720.1794,0
1749655800000000,1.764,1.769,1.761,1.763,123740.2,1749656699999999,218482.4236,1357,48110.3,84977.3199,0
1749656700000000,1.764,1.767,1.758,1.761,139801.4,1749657599999999,246313.1417,1135,26916.2,47409.3147,0
1749657600000000,1.762,1.765,1.755,1.758,117717.6,1749658499999999,207138.1265,1470,75921.8,133633.4373,0
1749658500000000,1.758,1.767,1.755,1.767,148253.9,1749659399999999,260748.6503,1980,71737.0,126195.5392,0
1749659400000000,1.767,1.773,1.763,1.772,93811.8,1749660299999999,165798.3917,1253,47105.6,83244.1051,0
1749660300000000,1.771,1.778,1.765,1.771,107465.7,1749661199999999,190380.7304,1254,44779.0,79389.7183,0
1749661200000000,1.771,1.771,1.76,1.763,100104.2,1749662099999999,176706.029,1025,38494.9,67944.9308,0
1749662100000000,1.764,1.769,1.758,1.768,68659.5,1749662999999999,121062.8751,752,31511.7,55602.5221,0
1749663000000000,1.768,1.77,1.756,1.757,78418.6,1749663899999999,138088.1512,909,16439.6,28959.9086,0
1749663900000000,1.757,1.757,1.741,1.741,142182.6,1749664799999999,248438.014,1800,32099.3,56124.5831,0
1749664800000000,1.741,1.743,1.731,1.731,147251.8,1749665699999999,255799.8721,2882,74922.4,130146.1108,0
1749665700000000,1.731,1.733,1.723,1.731,167840.0,1749666599999999,289959.5157,2993,91261.1,157646.9821,0
1749666600000000,1.731,1.742,1.725,1.741,87863.6,1749667499999999,152378.1715,1496,43060.2,74663.2043,0
1749667500000000,1.741,1.741,1.728,1.728,59993.0,1749668399999999,104075.4913,736,22682.6,39306.2472,0
1749668400000000,1.727,1.729,1.719,1.729,86656.3,1749669299999999,149474.4983,1502,40356.4,69646.1519,0
1749669300000000,1.73,1.732,1.726,1.73,50952.3,1749670199999999,88121.2016,862,19990.2,34570.9456,0
1749670200000000,1.729,1.729,1.718,1.724,65503.4,1749671099999999,112904.8935,1079,29135.6,50185.6321,0
1749671100000000,1.724,1.733,1.721,1.726,140358.5,1749671999999999,242515.9941,1491,74568.2,128824.3102,0
1749672000000000,1.726,1.73,1.715,1.728,104747.9,1749672899999999,180452.7402,1258,44579.3,76832.7779,0
1749672900000000,1.728,1.735,1.728,1.733,25579.9,1749673799999999,44303.4326,502,8587.8,14879.7425,0
1749673800000000,1.733,1.737,1.727,1.733,175635.2,1749674699999999,304249.2384,1141,79042.1,136936.5694,0
1749674700000000,1.732,1.733,1.726,1.728,95470.9,1749675599999999,165076.1111,850,43442.0,75143.8615,0
1749675600000000,1.728,1.74,1.727,1.74,63477.2,1749676499999999,110019.2351,614,47804.8,82893.684,0
1749676500000000,1.74,1.741,1.729,1.729,40159.4,1749677399999999,69641.0867,394,15241.5,26438.2317,0
1749677400000000,1.728,1.729,1.707,1.715,190919.7,1749678299999999,327311.7549,1792,81681.1,139987.9959,0
1749678300000000,1.715,1.717,1.703,1.705,191134.2,1749679199999999,326383.5267,2123,80087.0,136714.7061,0
1749679200000000,1.704,1.71,1.697,1.709,252867.6,1749680099999999,430862.1753,3385,98491.1,167763.4427,0
1749680100000000,1.708,1.709,1.682,1.689,204426.9,1749680999999999,346189.0058,2225,73873.9,125043.4887,0
1749681000000000,1.689,1.691,1.683,1.688,103153.0,1749681899999999,174016.6256,1384,51399.0,86714.1324,0
1749681900000000,1.688,1.691,1.683,1.686,89184.9,1749682799999999,150337.5867,1043,35977.0,60657.3676,0
1749682800000000,1.686,1.692,1.683,1.685,77627.2,1749683699999999,130940.7227,867,36895.8,62218.3336,0
1749683700000000,1.685,1.688,1.684,1.687,35115.6,1749684599999999,59194.4055,561,20143.7,33953.678,0
1749684600000000,1.688,1.689,1.686,1.688,40698.8,1749685499999999,68707.5097,427,25316.9,42746.1222,0
1749685500000000,1.688,1.689,1.686,1.687,42983.0,1749686399999999,72531.9556,387,18804.3,31733.2428,0
1749686400000000,1.686,1.692,1.685,1.686,244803.0,1749687299999999,413293.7395,1186,176768.6,298487.1622,0
1749687300000000,1.687,1.695,1.683,1.683,106470.3,1749688199999999,179777.8579,1083,41178.9,69566.6394,0
1749688200000000,1.682,1.684,1.667,1.682,235996.8,1749689099999999,395406.7314,1533,121924.1,204237.9662,0
1749689100000000,1.682,1.685,1.679,1.681,94573.0,1749689999999999,159008.6625,1053,24481.3,41165.4891,0
1749690000000000,1.682,1.688,1.675,1.682,107430.5,1749690899999999,180750.3209,882,46284.7,77932.1987,0
1749690900000000,1.682,1.686,1.674,1.674,79417.6,1749691799999999,133316.0841,954,48680.6,81725.049,0
1749691800000000,1.675,1.682,1.668,1.682,98721.8,1749692699999999,165246.3707,1225,46997.3,78690.2356,0
1749692700000000,1.681,1.684,1.673,1.683,52964.8,1749693599999999,88908.2985,1005,39246.8,65871.1227,0
1749693600000000,1.684,1.691,1.683,1.688,63786.7,1749694499999999,107622.9445,812,20522.2,34611.3066,0
1749694500000000,1.688,1.688,1.678,1.68,118162.1,1749695399999999,198721.3507,1110,49195.4,82732.292,0
1749695400000000,1.68,1.68,1.674,1.675,55914.0,1749696299999999,93772.1871,744,22252.1,37331.3201,0
1749696300000000,1.674,1.677,1.671,1.673,54874.1,1749697199999999,91849.3804,761,17032.7,28512.4547,0
1749697200000000,1.673,1.674,1.669,1.67,39923.3,1749698099999999,66695.6347,696,20816.9,34777.4591,0
1749698100000000,1.67,1.67,1.655,1.662,118014.4,1749698999999999,195961.2878,1487,46706.4,77516.6821,0
1749699000000000,1.662,1.67,1.66,1.67,136100.6,1749699899999999,226750.997,1127,40897.8,68152.9803,0
1749699900000000,1.67,1.671,1.658,1.658,167615.5,1749700799999999,278855.3615,934,55521.8,92303.0867,0
1749700800000000,1.658,1.66,1.652,1.653,111930.3,1749701699999999,185352.6734,1047,38444.6,63676.7207,0
1749701700000000,1.653,1.66,1.651,1.657,49069.3,1749702599999999,81231.4956,654,19390.0,32104.7758,0
1749702600000000,1.657,1.66,1.645,1.649,95863.7,1749703499999999,158254.9709,890,38269.7,63171.6803,0
1749703500000000,1.648,1.657,1.648,1.657,40486.5,1749704399999999,66971.1845,577,32513.4,53788.2359,0
1749704400000000,1.657,1.657,1.645,1.652,116416.0,1749705299999999,191967.0641,1053,38464.5,63421.1051,0
1749705300000000,1.653,1.66,1.653,1.658,30792.9,1749706199999999,51021.8669,449,7555.5,12514.7815,0
1749706200000000,1.658,1.661,1.648,1.652,298463.9,1749707099999999,493324.9543,1857,103868.9,171830.3715,0
1749707100000000,1.652,1.659,1.651,1.657,75070.5,1749707999999999,124304.2268,571,19459.0,32203.7094,0
1749708000000000,1.657,1.657,1.649,1.649,65811.0,1749708899999999,108797.8138,699,47741.4,78941.6046,0
1749708900000000,1.65,1.654,1.645,1.653,58088.3,1749709799999999,95760.8,932,29728.8,49017.1646,0
1749709800000000,1.653,1.667,1.653,1.662,97975.7,1749710699999999,162826.2466,991,34944.7,58050.0613,0
1749710700000000,1.663,1.663,1.656,1.658,44418.7,1749711599999999,73645.9368,396,12600.0,20885.511,0
1749711600000000,1.657,1.661,1.655,1.658,51623.4,1749712499999999,85662.7976,498,29666.1,49223.3242,0
1749712500000000,1.658,1.659,1.651,1.651,67256.9,1749713399999999,111326.0306,554,42541.8,70425.1144,0
1749713400000000,1.65,1.653,1.643,1.645,119007.6,1749714299999999,196124.5787,1138,41079.9,67750.3261,0
1749714300000000,1.645,1.648,1.637,1.639,108171.5,1749715199999999,177732.3353,1071,44595.2,73279.3726,0
1749715200000000,1.638,1.644,1.633,1.643,101487.3,1749716099999999,166161.6561,1172,60137.0,98498.0888,0
1749716100000000,1.643,1.646,1.64,1.642,35401.5,1749716999999999,58157.9255,802,15046.7,24720.5403,0
1749717000000000,1.642,1.644,1.638,1.641,46146.4,1749717899999999,75769.1699,810,16299.2,26765.4192,0
1749717900000000,1.641,1.645,1.638,1.639,133213.8,1749718799999999,218646.5257,986,45457.5,74603.8338,0
1749718800000000,1.64,1.645,1.638,1.638,93191.1,1749719699999999,152875.8533,1087,37324.0,61217.7751,0
1749719700000000,1.637,1.643,1.637,1.641,53959.3,1749720599999999,88458.0391,752,36708.8,60188.9325,0
1749720600000000,1.641,1.65,1.641,1.644,84888.4,1749721499999999,139754.0968,836,42392.1,69816.1308,0
1749721500000000,1.645,1.645,1.641,1.644,97117.5,1749722399999999,159566.608,856,26264.2,43156.5818,0
1749722400000000,1.643,1.644,1.638,1.64,54315.2,1749723299999999,89143.0821,868,26084.3,42802.702,0
1749723300000000,1.64,1.642,1.635,1.637,90599.7,1749724199999999,148401.7577,1122,40123.8,65709.0147,0
1749724200000000,1.637,1.639,1.633,1.638,51345.8,1749725099999999,83977.6287,777,22891.4,37435.6804,0
1749725100000000,1.638,1.64,1.635,1.638,76118.8,1749725999999999,124688.5849,1004,27976.3,45826.5203,0
1749726000000000,1.637,1.641,1.634,1.636,67765.9,1749726899999999,110888.2952,766,30589.0,50047.8735,0
1749726900000000,1.636,1.636,1.62,1.623,319229.2,1749727799999999,519260.9671,2273,102992.3,167526.0028,0
1749727800000000,1.623,1.63,1.622,1.63,47736.0,1749728699999999,77553.5461,663,27189.6,44174.0879,0
1749728700000000,1.629,1.632,1.621,1.623,85758.2,1749729599999999,139374.3512,778,21752.5,35370.4494,0
1749729600000000,1.623,1.629,1.621,1.626,124904.9,1749730499999999,202922.4647,1211,51382.7,83506.243,0
1749730500000000,1.625,1.631,1.624,1.63,43292.3,1749731399999999,70448.6091,471,17967.9,29252.5925,0
1749731400000000,1.631,1.646,1.63,1.646,147645.5,1749732299999999,241962.7398,1301,92823.8,152109.7248,0
1749732300000000,1.645,1.645,1.634,1.637,174063.2,1749733199999999,285222.2482,3510,82517.2,135234.2223,0
1749733200000000,1.638,1.655,1.637,1.654,131271.1,1749734099999999,215984.4108,1041,63483.6,104507.4796,0
1749734100000000,1.654,1.657,1.647,1.651,169120.9,1749734999999999,279443.3646,1114,69512.5,114867.8628,0
1749735000000000,1.65,1.662,1.648,1.661,170364.9,1749735899999999,282282.7939,1724,89150.2,147719.0986,0
1749735900000000,1.661,1.662,1.653,1.657,104004.3,1749736799999999,172384.634,1055,38639.7,64059.8514,0
1749736800000000,1.658,1.67,1.657,1.668,83967.7,1749737699999999,139744.6184,888,44901.0,74743.3837,0
1749737700000000,1.668,1.668,1.658,1.659,96373.7,1749738599999999,160173.3206,898,49349.4,82044.3652,0
1749738600000000,1.66,1.666,1.657,1.662,52611.8,1749739499999999,87468.4997,574,28783.0,47853.0277,0
1749739500000000,1.662,1.666,1.661,1.663,39910.1,1749740399999999,66388.3708,534,15351.7,25538.4427,0
1749740400000000,1.664,1.669,1.663,1.664,38241.3,1749741299999999,63715.904,640,27670.6,46103.2475,0
1749741300000000,1.663,1.666,1.647,1.65,126026.0,1749742199999999,208668.1395,1514,68547.6,113508.3765,0
1749742200000000,1.649,1.654,1.646,1.649,71332.2,1749743099999999,117686.696,1247,41837.1,69008.5255,0
1749743100000000,1.649,1.649,1.629,1.634,300030.5,1749743999999999,491343.4572,2782,127141.9,208233.2667,0
1749744000000000,1.634,1.64,1.628,1.628,115748.0,1749744899999999,189250.5914,1656,60048.1,98182.2251,0
1749744900000000,1.628,1.641,1.627,1.638,215140.8,1749745799999999,351695.479,1564,81885.6,133851.4004,0
1749745800000000,1.638,1.639,1.632,1.637,105752.7,1749746699999999,172954.6529,1211,33216.8,54323.9767,0
1749746700000000,1.638,1.641,1.632,1.64,49769.4,1749747599999999,81399.9684,550,20975.7,34326.8925,0
1749747600000000,1.64,1.65,1.639,1.648,87555.9,1749748499999999,144139.6227,1017,50910.4,83805.872,0
1749748500000000,1.648,1.657,1.647,1.655,41383.2,1749749399999999,68425.932,717,23084.4,38176.1039,0
1749749400000000,1.655,1.659,1.655,1.657,32881.2,1749750299999999,54508.9244,626,19565.5,32428.9052,0
1749750300000000,1.658,1.662,1.652,1.653,97881.3,1749751199999999,162163.7634,785,38736.9,64205.2001,0
1749751200000000,1.653,1.656,1.64,1.64,110127.6,1749752099999999,181520.691,1001,27454.5,45231.8821,0
1749752100000000,1.64,1.645,1.63,1.633,126028.8,1749752999999999,206286.2796,1179,46679.2,76451.5794,0
1749753000000000,1.632,1.638,1.626,1.626,67927.9,1749753899999999,110895.6955,889,27044.3,44205.2044,0
1749753900000000,1.626,1.63,1.621,1.628,64129.7,1749754799999999,104216.9794,971,33871.1,55046.1032,0
1749754800000000,1.628,1.632,1.625,1.631,39671.9,1749755699999999,64624.3476,722,20420.6,33274.8384,0
1749755700000000,1.632,1.634,1.627,1.63,44047.0,1749756599999999,71835.1731,785,17429.0,28425.4783,0
1749756600000000,1.63,1.631,1.621,1.621,85224.6,1749757499999999,138512.9903,1030,29245.5,47533.6855,0
1749757500000000,1.621,1.621,1.596,1.599,309859.1,1749758399999999,497914.1426,2880,96455.5,154932.5889,0
1749758400000000,1.599,1.612,1.596,1.604,215519.2,1749759299999999,345633.2642,2271,98373.2,157850.4505,0
1749759300000000,1.604,1.625,1.603,1.623,248851.6,1749760199999999,402555.5658,2121,132394.8,214158.366,0
1749760200000000,1.623,1.624,1.602,1.605,123796.3,1749761099999999,199623.3876,1412,46612.5,75180.7616,0
1749761100000000,1.605,1.606,1.592,1.598,205226.4,1749761999999999,328043.8824,2485,75809.5,121185.0382,0
1749762000000000,1.597,1.604,1.593,1.599,176076.6,1749762899999999,281414.3495,1975,82696.7,132188.7201,0
1749762900000000,1.599,1.611,1.599,1.611,60851.3,1749763799999999,97770.0553,522,28251.8,45422.0913,0
1749763800000000,1.612,1.612,1.599,1.604,60906.0,1749764699999999,97779.332,739,31115.9,49934.4962,0
1749764700000000,1.604,1.608,1.595,1.595,69335.0,1749765599999999,110945.4504,595,20552.5,32882.7266,0
1749765600000000,1.594,1.606,1.593,1.603,73377.1,1749766499999999,117335.1025,753,35431.5,56685.2365,0
1749766500000000,1.603,1.603,1.594,1.596,99424.5,1749767399999999,158777.6484,932,27976.2,44681.5081,0
1749767400000000,1.595,1.599,1.591,1.591,152366.2,1749768299999999,242928.9541,1146,49806.9,79429.7717,0
1749768300000000,1.591,1.597,1.578,1.581,150151.8,1749769199999999,237917.3815,1472,39845.0,63127.3441,0
1749769200000000,1.581,1.585,1.575,1.576,79155.8,1749770099999999,125109.671,920,33755.4,53376.3161,0
1749770100000000,1.576,1.587,1.575,1.586,58208.5,1749770999999999,92088.7031,650,32054.1,50731.9966,0
1749771000000000,1.585,1.585,1.577,1.581,52054.8,1749771899999999,82249.3552,687,15158.5,23948.6792,0
1749771900000000,1.58,1.583,1.57,1.573,99679.2,1749772799999999,157039.8682,967,45410.1,71570.8184,0
1749772800000000,1.573,1.575,1.532,1.537,772054.0,1749773699999999,1196124.8217,7462,364622.1,564634.0661,0
1749773700000000,1.537,1.543,1.527,1.527,467467.5,1749774599999999,717454.6937,4915,216084.7,331474.4114,0
1749774600000000,1.528,1.531,1.503,1.511,772128.2,1749775499999999,1167719.5944,5977,286158.7,432843.216,0
1749775500000000,1.511,1.519,1.502,1.509,379594.2,1749776399999999,573373.6217,3104,161596.3,244373.6868,0
1749776400000000,1.509,1.509,1.477,1.484,639363.5,1749777299999999,953586.279,5685,284843.9,424795.7728,0
1749777300000000,1.484,1.502,1.484,1.495,530610.0,1749778199999999,792889.9189,5325,288634.9,431341.0048,0
1749778200000000,1.494,1.5,1.481,1.499,640468.1,1749779099999999,954869.0755,5668,343232.9,511716.9598,0
1749779100000000,1.5,1.506,1.489,1.494,283660.4,1749779999999999,424185.0943,2109,118796.1,177629.4405,0
1749780000000000,1.493,1.498,1.488,1.493,149593.2,1749780899999999,223324.5533,2142,87749.7,131005.4048,0
1749780900000000,1.492,1.499,1.489,1.499,148326.0,1749781799999999,221745.4622,1907,87256.1,130434.5318,0
1749781800000000,1.498,1.503,1.478,1.479,159667.3,1749782699999999,238094.0812,1679,56563.7,84501.8535,0
1749782700000000,1.479,1.491,1.475,1.489,165976.6,1749783599999999,246362.8219,1536,72666.6,107832.7496,0
1749783600000000,1.488,1.505,1.488,1.503,115981.7,1749784499999999,173702.9338,1121,75295.2,112768.6487,0
1749784500000000,1.504,1.513,1.503,1.508,104492.1,1749785399999999,157685.8517,1241,71844.1,108410.9714,0
1749785400000000,1.508,1.515,1.506,1.512,124638.2,1749786299999999,188283.083,1238,74054.1,111871.9794,0
1749786300000000,1.512,1.523,1.509,1.517,179898.4,1749787199999999,273048.0469,1693,77558.9,117739.3363,0
1749787200000000,1.517,1.517,1.503,1.505,150217.2,1749788099999999,226656.0068,1094,50302.2,75856.5264,0
1749788100000000,1.505,1.51,1.5,1.509,93397.5,1749788999999999,140438.735,1017,39772.1,59804.8811,0
1749789000000000,1.509,1.512,1.508,1.512,50704.5,1749789899999999,76605.4875,679,18533.7,28002.0319,0
1749789900000000,1.512,1.515,1.508,1.513,62285.4,1749790799999999,94134.4109,739,31915.5,48261.797,0
1749790800000000,1.512,1.512,1.504,1.506,163286.6,1749791699999999,246219.7706,1446,63459.8,95698.5911,0
1749791700000000,1.506,1.506,1.501,1.501,135332.3,1749792599999999,203428.3133,1240,68554.8,103063.7864,0
1749792600000000,1.5,1.503,1.497,1.5,141945.8,1749793499999999,212958.5611,1268,56574.3,84880.8681,0
1749793500000000,1.501,1.505,1.496,1.496,72170.1,1749794399999999,108235.6316,871,34356.7,51563.6542,0
1749794400000000,1.495,1.5,1.491,1.492,269915.5,1749795299999999,403558.5034,1942,75498.0,112920.5037,0
1749795300000000,1.492,1.492,1.48,1.485,200308.8,1749796199999999,297733.8239,1759,56879.3,84572.9416,0
1749796200000000,1.485,1.49,1.484,1.488,93988.1,1749797099999999,139778.3553,1036,49497.5,73622.5467,0
1749797100000000,1.487,1.503,1.482,1.503,191157.3,1749797999999999,284999.467,1711,100734.8,150215.5517,0
1749798000000000,1.502,1.502,1.49,1.492,158651.9,1749798899999999,237126.3412,1225,71924.3,107495.8896,0
1749798900000000,1.492,1.502,1.488,1.5,159781.0,1749799799999999,238712.4056,1335,104312.9,155923.0472,0
1749799800000000,1.5,1.504,1.494,1.499,160887.7,1749800699999999,241101.6587,1261,84390.0,126438.3366,0
1749800700000000,1.498,1.498,1.49,1.493,189465.5,1749801599999999,282849.5104,1214,59876.4,89413.777,0
1749801600000000,1.492,1.513,1.49,1.511,219672.6,1749802499999999,329579.9741,1688,135747.8,203812.313,0
1749802500000000,1.51,1.51,1.5,1.502,76369.3,1749803399999999,114945.9497,703,32808.4,49392.3921,0
1749803400000000,1.502,1.509,1.494,1.496,160806.1,1749804299999999,241627.7677,1146,58703.9,88223.9984,0
1749804300000000,1.495,1.498,1.49,1.494,50014.6,1749805199999999,74760.6625,855,26385.7,39458.3893,0
1749805200000000,1.494,1.496,1.49,1.494,63468.5,1749806099999999,94791.2321,1041,36936.6,55177.4308,0
1749806100000000,1.493,1.495,1.485,1.49,220744.6,1749806999999999,328661.1307,1535,103647.8,154295.6267,0
1749807000000000,1.489,1.492,1.484,1.487,91075.6,1749807899999999,135478.9049,758,41223.9,61297.4057,0
1749807900000000,1.488,1.495,1.484,1.492,43168.5,1749808799999999,64315.975,588,20429.3,30438.2787,0
1749808800000000,1.492,1.492,1.48,1.489,108943.8,1749809699999999,161861.6279,909,56848.7,84446.0375,0
1749809700000000,1.49,1.49,1.484,1.484,48921.3,1749810599999999,72716.2347,683,12704.1,18889.3047,0
1749810600000000,1.483,1.492,1.481,1.49,101253.9,1749811499999999,150604.0161,742,61282.8,91132.6508,0
1749811500000000,1.49,1.496,1.485,1.496,118423.4,1749812399999999,176472.8819,875,51330.1,76607.0148,0
1749812400000000,1.496,1.503,1.492,1.493,83794.4,1749813299999999,125475.8185,842,41118.2,61547.6742,0
1749813300000000,1.494,1.495,1.488,1.489,67766.4,1749814199999999,101060.071,767,28540.0,42571.701,0
1749814200000000,1.489,1.491,1.471,1.48,237751.9,1749815099999999,351791.8693,1757,97846.2,144664.5187,0
1749815100000000,1.481,1.481,1.472,1.479,207996.7,1749815999999999,307053.883,1379,68750.0,101435.0236,0
1749816000000000,1.478,1.486,1.474,1.485,150972.9,1749816899999999,223444.2592,1533,76671.4,113451.0795,0
1749816900000000,1.485,1.487,1.475,1.477,144728.4,1749817799999999,214123.3377,1668,46251.6,68415.8208,0
1749817800000000,1.476,1.481,1.467,1.47,172313.9,1749818699999999,253944.885,1463,40422.0,59585.6982,0
1749818700000000,1.471,1.473,1.467,1.468,100437.7,1749819599999999,147678.5179,1010,36403.1,53539.1475,0
1749819600000000,1.468,1.473,1.468,1.472,81353.5,1749820499999999,119574.7306,902,29008.7,42637.4099,0
1749820500000000,1.471,1.474,1.469,1.471,48989.3,1749821399999999,72083.0456,677,19908.9,29290.1517,0
1749821400000000,1.471,1.492,1.471,1.487,213227.6,1749822299999999,315864.1677,2331,117550.7,174163.045,0
1749822300000000,1.487,1.487,1.473,1.474,94955.7,1749823199999999,140641.3429,1446,41602.1,61624.1417,0
1749823200000000,1.475,1.484,1.466,1.469,229964.9,1749824099999999,339295.9532,2304,98681.6,145653.2384,0
1749824100000000,1.468,1.469,1.456,1.458,353884.1,1749824999999999,517280.453,2313,119774.8,175230.1656,0
1749825000000000,1.459,1.476,1.458,1.473,73572.8,1749825899999999,107953.872,852,48114.3,70626.6434,0
1749825900000000,1.473,1.482,1.468,1.48,74012.7,1749826799999999,109251.7188,892,43329.3,63957.236,0
1749826800000000,1.48,1.501,1.475,1.498,293876.1,1749827699999999,438118.0602,2563,175483.6,261723.9676,0
1749827700000000,1.498,1.507,1.495,1.507,220828.7,1749828599999999,331693.4707,2357,145719.8,218911.8578,0
1749828600000000,1.506,1.517,1.503,1.514,254452.4,1749829499999999,384372.0578,2791,136391.7,206047.9269,0
1749829500000000,1.514,1.517,1.502,1.505,157793.4,1749830399999999,238440.7312,1516,64626.6,97712.1858,0
1749830400000000,1.506,1.534,1.499,1.534,243988.7,1749831299999999,369724.5654,1952,140509.6,213116.927,0
1749831300000000,1.534,1.541,1.527,1.53,340689.8,1749832199999999,522370.2384,2686,167386.7,256691.4268,0
1749832200000000,1.53,1.53,1.506,1.51,266616.2,1749833099999999,404261.5823,1855,81982.5,124426.9844,0
1749833100000000,1.51,1.519,1.504,1.517,246972.7,1749833999999999,373026.9322,1808,97960.6,148119.7128,0
1749834000000000,1.518,1.518,1.505,1.507,171806.6,1749834899999999,259527.1374,1255,48880.9,73833.5059,0
1749834900000000,1.506,1.506,1.493,1.496,259846.7,1749835799999999,389746.2627,2188,93688.9,140544.156,0
1749835800000000,1.495,1.503,1.493,1.497,161495.1,1749836699999999,241993.0151,1713,62740.7,94022.8685,0
1749836700000000,1.497,1.506,1.487,1.503,173533.1,1749837599999999,259466.7197,1659,96147.3,143811.4417,0
1749837600000000,1.503,1.505,1.491,1.491,123454.8,1749838499999999,184618.9272,1555,63798.6,95433.9818,0
1749838500000000,1.491,1.495,1.485,1.489,154014.4,1749839399999999,229352.8206,1991,66280.8,98757.063,0
1749839400000000,1.49,1.49,1.475,1.479,206876.0,1749840299999999,306328.7665,1823,69566.3,103058.9669,0
1749840300000000,1.479,1.49,1.479,1.484,164405.9,1749841199999999,243889.3743,1585,72205.6,107139.9561,0
1749841200000000,1.484,1.49,1.479,1.484,94399.9,1749842099999999,140255.474,955,29538.2,43888.0574,0
1749842100000000,1.485,1.494,1.477,1.482,213734.7,1749842999999999,317402.5338,1482,112321.2,166775.0331,0
1749843000000000,1.483,1.489,1.48,1.484,101326.2,1749843899999999,150529.5009,1209,41846.4,62152.5704,0
1749843900000000,1.484,1.49,1.482,1.485,74951.1,1749844799999999,111347.3785,1272,30319.6,45043.7729,0
1749844800000000,1.485,1.493,1.482,1.493,95922.9,1749845699999999,142574.3343,1476,42173.1,62670.088,0
1749845700000000,1.493,1.497,1.486,1.493,101599.1,1749846599999999,151601.9517,968,48806.4,72847.7255,0
1749846600000000,1.493,1.504,1.492,1.503,85041.4,1749847499999999,127327.6487,857,52858.3,79180.6711,0
1749847500000000,1.503,1.504,1.493,1.499,86132.0,1749848399999999,129113.0249,871,51893.3,77797.6643,0
1749848400000000,1.5,1.501,1.493,1.495,95531.9,1749849299999999,142926.1636,874,51563.2,77152.6566,0
1749849300000000,1.494,1.501,1.491,1.5,79141.1,1749850199999999,118344.4503,677,40711.1,60917.612,0
1749850200000000,1.501,1.502,1.495,1.497,85596.2,1749851099999999,128218.4981,676,31725.9,47502.6404,0
1749851100000000,1.498,1.502,1.497,1.498,23117.3,1749851999999999,34659.6039,265,6187.3,9277.4857,0
1749852000000000,1.499,1.508,1.499,1.501,94098.4,1749852899999999,141527.3356,857,47471.2,71381.0425,0
1749852900000000,1.501,1.504,1.498,1.5,57852.3,1749853799999999,86810.5812,655,33754.8,50668.886,0
1749853800000000,1.499,1.501,1.498,1.499,17140.4,1749854699999999,25706.5154,334,7134.8,10700.0775,0
1749854700000000,1.499,1.507,1.499,1.503,27313.5,1749855599999999,41067.3137,363,10107.0,15200.3431,0
1749855600000000,1.503,1.513,1.503,1.506,90096.9,1749856499999999,135894.8222,755,43255.6,65256.2763,0
1749856500000000,1.507,1.509,1.505,1.506,14145.6,1749857399999999,21324.7592,276,11013.4,16603.729,0
1749857400000000,1.506,1.514,1.505,1.514,60995.5,1749858299999999,92058.1938,502,29034.0,43825.476,0
1749858300000000,1.513,1.516,1.51,1.514,64119.0,1749859199999999,97024.1638,783,31322.2,47388.7826,0
1749859200000000,1.514,1.514,1.508,1.508,47160.5,1749860099999999,71230.6241,633,11364.6,17171.9151,0
1749860100000000,1.509,1.512,1.501,1.505,308913.3,1749860999999999,465786.8613,2139,110166.7,166146.8842,0
1749861000000000,1.506,1.511,1.504,1.509,64895.2,1749861899999999,97807.077,743,28789.9,43412.3806,0
1749861900000000,1.509,1.511,1.501,1.503,45186.1,1749862799999999,67985.7182,508,24638.6,37085.8316,0
1749862800000000,1.503,1.504,1.493,1.496,118205.9,1749863699999999,177163.8051,812,28328.9,42468.4017,0
1749863700000000,1.495,1.498,1.493,1.495,33179.5,1749864599999999,49616.2801,370,9993.5,14952.1702,0
1749864600000000,1.494,1.498,1.494,1.497,26502.6,1749865499999999,39666.4551,440,23934.7,35824.5165,0
1749865500000000,1.498,1.5,1.491,1.498,108115.3,1749866399999999,161741.1678,814,31086.2,46511.708,0
1749866400000000,1.498,1.502,1.494,1.5,151194.2,1749867299999999,226511.6967,1080,45775.8,68611.7675,0
1749867300000000,1.5,1.505,1.498,1.498,36833.6,1749868199999999,55316.9717,475,24636.4,37011.2995,0
1749868200000000,1.498,1.499,1.496,1.497,43052.4,1749869099999999,64461.2641,290,11759.6,17609.0178,0
1749869100000000,1.498,1.501,1.498,1.499,12399.8,1749869999999999,18587.3782,195,10533.1,15789.0824,0
1749870000000000,1.5,1.501,1.499,1.5,13945.9,1749870899999999,20911.8705,337,8945.7,13413.4428,0
1749870900000000,1.5,1.503,1.498,1.503,44835.7,1749871799999999,67304.833,341,26325.8,39533.8904,0
1749871800000000,1.502,1.513,1.501,1.507,382413.6,1749872699999999,576071.5829,2037,178983.2,269719.2907,0
1749872700000000,1.506,1.507,1.501,1.502,96035.5,1749873599999999,144446.888,667,36452.2,54837.1369,0
1749873600000000,1.502,1.506,1.501,1.504,26020.3,1749874499999999,39111.964,449,10489.1,15765.2587,0
1749874500000000,1.504,1.51,1.504,1.509,61219.4,1749875399999999,92245.4138,470,21665.0,32666.7983,0
1749875400000000,1.509,1.509,1.505,1.508,50069.8,1749876299999999,75466.6961,302,15638.2,23568.1058,0
1749876300000000,1.508,1.508,1.504,1.506,24501.8,1749877199999999,36893.9716,221,2905.8,4374.744,0
1749877200000000,1.507,1.507,1.5,1.503,183814.0,1749878099999999,276289.0915,1147,63315.2,95167.5334,0
1749878100000000,1.502,1.504,1.499,1.499,36793.8,1749878999999999,55227.1395,411,22833.7,34278.1014,0
1749879000000000,1.5,1.503,1.497,1.503,28395.7,1749879899999999,42566.542,393,21009.3,31493.375,0
1749879900000000,1.504,1.507,1.502,1.502,29234.4,1749880799999999,44009.5109,271,20922.4,31497.0494,0
1749880800000000,1.503,1.505,1.499,1.501,56966.4,1749881699999999,85550.4869,579,32419.5,48698.7955,0
1749881700000000,1.5,1.501,1.496,1.497,62196.8,1749882599999999,93193.7772,593,27271.2,40862.3447,0
1749882600000000,1.497,1.501,1.495,1.5,23178.3,1749883499999999,34711.926,387,11701.7,17519.1381,0
1749883500000000,1.5,1.501,1.497,1.498,11788.7,1749884399999999,17662.0045,240,5931.1,8887.0199,0
1749884400000000,1.497,1.499,1.492,1.492,52011.5,1749885299999999,77749.1695,606,30253.3,45222.3823,0
1749885300000000,1.493,1.498,1.489,1.497,26443.2,1749886199999999,39492.5273,402,10879.1,16251.9697,0
1749886200000000,1.497,1.506,1.497,1.505,43361.3,1749887099999999,65141.6976,389,17786.1,26729.745,0
1749887100000000,1.505,1.505,1.503,1.504,26616.4,1749887999999999,40034.2453,277,14180.6,21329.4134,0
1749888000000000,1.504,1.506,1.496,1.497,81212.9,1749888899999999,121947.4202,870,18529.4,27844.6689,0
1749888900000000,1.496,1.499,1.494,1.499,27741.9,1749889799999999,41505.6738,443,9543.6,14284.4068,0
1749889800000000,1.498,1.502,1.494,1.501,31919.4,1749890699999999,47844.255,325,18180.1,27253.6531,0
1749890700000000,1.501,1.502,1.498,1.499,17218.7,1749891599999999,25817.4527,193,2184.9,3277.9434,0
1749891600000000,1.499,1.499,1.495,1.495,17016.3,1749892499999999,25473.0848,164,4363.1,6533.0997,0
1749892500000000,1.495,1.498,1.493,1.493,22031.1,1749893399999999,32957.656,184,3995.4,5978.2209,0
1749893400000000,1.493,1.497,1.493,1.493,19933.3,1749894299999999,29794.6142,252,10679.5,15966.3521,0
1749894300000000,1.494,1.494,1.489,1.49,42511.1,1749895199999999,63375.0011,359,13593.1,20272.0638,0
1749895200000000,1.49,1.493,1.488,1.493,19911.7,1749896099999999,29669.3801,275,11358.6,16930.6179,0
1749896100000000,1.493,1.495,1.49,1.494,26413.9,1749896999999999,39408.9213,299,7956.7,11875.3668,0
1749897000000000,1.494,1.499,1.494,1.496,28116.8,1749897899999999,42091.8507,240,17530.4,26247.0062,0
1749897900000000,1.495,1.497,1.494,1.494,26298.5,1749898799999999,39312.645,320,11147.9,16664.9528,0
1749898800000000,1.494,1.497,1.493,1.494,14931.1,1749899699999999,22319.0662,336,9860.4,14740.9945,0
1749899700000000,1.494,1.499,1.494,1.496,14916.6,1749900599999999,22319.5453,215,5548.8,8304.5768,0
1749900600000000,1.496,1.498,1.493,1.493,10077.6,1749901499999999,15070.9778,224,5817.6,8698.6256,0
1749901500000000,1.493,1.496,1.491,1.495,11872.7,1749902399999999,17720.2966,190,6295.6,9404.0796,0
1749902400000000,1.494,1.496,1.485,1.488,176216.7,1749903299999999,262329.6872,810,51242.9,76301.9925,0
1749903300000000,1.487,1.49,1.484,1.487,87875.7,1749904199999999,130698.0931,597,64407.0,95820.2846,0
1749904200000000,1.486,1.492,1.484,1.487,32764.0,1749905099999999,48764.3962,449,16922.7,25181.1528,0
1749905100000000,1.488,1.497,1.487,1.495,31138.9,1749905999999999,46484.4972,547,19119.7,28544.9266,0
1749906000000000,1.495,1.5,1.492,1.499,86140.7,1749906899999999,128956.0642,595,39623.3,59325.6168,0
1749906900000000,1.499,1.501,1.488,1.49,160333.1,1749907799999999,239261.2847,850,41977.4,62628.4797,0
1749907800000000,1.489,1.493,1.486,1.487,60834.8,1749908699999999,90558.8355,560,28743.6,42769.4521,0
1749908700000000,1.487,1.49,1.483,1.489,35317.4,1749909599999999,52479.8347,435,17031.3,25315.6409,0
1749909600000000,1.489,1.49,1.485,1.489,67085.7,1749910499999999,99811.6744,518,35193.5,52370.6543,0
1749910500000000,1.488,1.493,1.486,1.49,18746.3,1749911399999999,27921.983,322,11388.4,16964.3738,0
1749911400000000,1.49,1.49,1.484,1.484,34529.2,1749912299999999,51326.9585,347,6544.5,9731.8298,0
1749912300000000,1.485,1.486,1.481,1.484,26153.8,1749913199999999,38794.1976,435,11085.9,16447.2093,0
1749913200000000,1.485,1.486,1.477,1.481,196677.1,1749914099999999,291408.729,902,64160.6,95066.452,0
1749914100000000,1.48,1.482,1.471,1.473,152890.2,1749914999999999,225853.804,1160,56565.7,83589.6904,0
1749915000000000,1.472,1.473,1.466,1.467,114448.4,1749915899999999,168180.3548,1304,52256.0,76791.3302,0
1749915900000000,1.468,1.474,1.466,1.474,75111.4,1749916799999999,110478.7542,865,54102.5,79584.6196,0
1749916800000000,1.474,1.478,1.47,1.471,43711.7,1749917699999999,64451.6986,490,22785.3,33607.1544,0
1749917700000000,1.472,1.474,1.467,1.469,30256.7,1749918599999999,44485.9197,523,14120.4,20766.8079,0
1749918600000000,1.47,1.47,1.465,1.466,40967.4,1749919499999999,60100.9024,553,10718.7,15729.5207,0
1749919500000000,1.465,1.465,1.458,1.46,125669.1,1749920399999999,183649.1274,1238,43785.5,64013.2803,0
1749920400000000,1.46,1.469,1.458,1.466,36528.4,1749921299999999,53482.9201,474,10206.1,14946.6796,0
1749921300000000,1.467,1.475,1.467,1.473,35409.8,1749922199999999,52112.0791,409,15037.3,22127.9983,0
1749922200000000,1.473,1.474,1.465,1.466,44128.0,1749923099999999,64845.6066,562,15627.7,22967.7397,0
1749923100000000,1.466,1.472,1.465,1.468,22072.0,1749923999999999,32405.9478,511,9283.3,13635.5959,0
1749924000000000,1.469,1.478,1.468,1.474,35820.8,1749924899999999,52811.5528,567,14020.8,20669.8431,0
1749924900000000,1.475,1.475,1.463,1.464,53251.6,1749925799999999,78077.9441,460,23946.8,35108.6861,0
1749925800000000,1.464,1.464,1.458,1.461,31646.5,1749926699999999,46224.377,285,14045.1,20516.6152,0
1749926700000000,1.46,1.47,1.458,1.469,24923.1,1749927599999999,36478.4924,358,17116.4,25050.421,0
1749927600000000,1.47,1.47,1.465,1.469,27368.5,1749928499999999,40160.5486,496,10720.6,15731.2354,0
1749928500000000,1.47,1.474,1.469,1.472,30705.4,1749929399999999,45182.9248,415,13491.4,19855.0129,0
1749929400000000,1.472,1.476,1.472,1.473,26833.9,1749930299999999,39546.9237,421,11152.3,16438.6321,0
1749930300000000,1.472,1.472,1.465,1.465,27988.6,1749931199999999,41074.6185,276,14386.4,21112.2745,0
1749931200000000,1.465,1.467,1.457,1.458,58621.3,1749932099999999,85684.1904,523,27286.8,39865.7934,0
1749932100000000,1.459,1.465,1.458,1.464,26749.5,1749932999999999,39148.0825,510,13791.8,20188.4166,0
1749933000000000,1.464,1.468,1.462,1.468,46323.8,1749933899999999,67879.8977,553,32717.3,47930.1921,0
1749933900000000,1.468,1.47,1.464,1.466,34564.1,1749934799999999,50722.1896,336,16914.4,24818.6863,0
1749934800000000,1.467,1.469,1.465,1.469,9037.4,1749935699999999,13262.9321,226,2589.8,3801.612,0
1749935700000000,1.47,1.479,1.469,1.478,108969.4,1749936599999999,160705.9242,975,49216.3,72595.7045,0
1749936600000000,1.478,1.481,1.475,1.478,73693.5,1749937499999999,108922.8183,630,23066.0,34098.7073,0
1749937500000000,1.478,1.484,1.475,1.481,89972.7,1749938399999999,133169.757,834,58243.9,86244.104,0
1749938400000000,1.481,1.485,1.481,1.484,55228.1,1749939299999999,81901.8787,698,21881.4,32456.2293,0
1749939300000000,1.483,1.484,1.482,1.483,13613.0,1749940199999999,20188.9052,201,10814.0,16037.9939,0
1749940200000000,1.482,1.482,1.478,1.478,40194.3,1749941099999999,59478.8224,264,7905.6,11700.0279,0
1749941100000000,1.478,1.482,1.478,1.481,9661.3,1749941999999999,14298.0175,169,5481.5,8110.5663,0
1749942000000000,1.481,1.483,1.481,1.481,10677.8,1749942899999999,15822.9554,169,1973.3,2923.5866,0
1749942900000000,1.482,1.483,1.48,1.48,9880.7,1749943799999999,14635.9735,125,8568.3,12691.7641,0
1749943800000000,1.481,1.485,1.48,1.485,20993.5,1749944699999999,31106.3445,177,14846.7,21998.1763,0
1749944700000000,1.485,1.485,1.482,1.482,9652.3,1749945599999999,14314.9339,111,7077.9,10498.0587,0
1749945600000000,1.482,1.483,1.481,1.483,16123.6,1749946499999999,23906.5263,135,2840.2,4210.4214,0
1749946500000000,1.482,1.487,1.481,1.483,84900.4,1749947399999999,125953.2377,549,27078.2,40203.9043,0
1749947400000000,1.483,1.486,1.482,1.485,24312.4,1749948299999999,36065.1097,371,4927.3,7311.6055,0
1749948300000000,1.485,1.489,1.485,1.487,13549.5,1749949199999999,20149.3516,222,9145.1,13600.7229,0
1749949200000000,1.487,1.488,1.485,1.487,9358.6,1749950099999999,13906.183,173,3529.7,5247.7517,0
1749950100000000,1.486,1.486,1.483,1.484,40956.2,1749950999999999,60814.1325,260,36139.9,53665.2612,0
1749951000000000,1.484,1.485,1.482,1.485,20191.9,1749951899999999,29955.5068,201,18084.2,26829.6836,0
1749951900000000,1.485,1.486,1.483,1.483,11695.8,1749952799999999,17355.8619,231,4031.3,5983.6676,0
1749952800000000,1.483,1.492,1.482,1.49,68974.1,1749953699999999,102712.2085,384,50109.7,74636.9655,0
1749953700000000,1.49,1.495,1.49,1.495,66429.1,1749954599999999,99180.9073,418,46100.2,68833.8811,0
1749954600000000,1.496,1.497,1.493,1.494,23957.7,1749955499999999,35818.7702,283,6446.2,9635.5553,0
1749955500000000,1.494,1.495,1.492,1.493,8173.5,1749956399999999,12213.1143,80,5112.5,7642.1431,0
1749956400000000,1.493,1.497,1.493,1.495,18398.8,1749957299999999,27508.817,160,10951.5,16380.3406,0
1749957300000000,1.495,1.497,1.495,1.497,16684.8,1749958199999999,24961.2126,99,5732.4,8578.5259,0
1749958200000000,1.496,1.504,1.496,1.502,76140.6,1749959099999999,114197.6779,453,43764.1,65626.0896,0
1749959100000000,1.503,1.503,1.498,1.498,27740.4,1749959999999999,41610.6568,265,7435.2,11154.7097,0
1749960000000000,1.499,1.506,1.499,1.503,112074.3,1749960899999999,168389.6442,695,55675.3,83650.921,0
1749960900000000,1.503,1.507,1.503,1.506,47551.3,1749961799999999,71583.4176,458,19885.1,29938.9804,0
1749961800000000,1.506,1.511,1.505,1.506,73426.9,1749962699999999,110728.0091,544,39942.2,60242.2647,0
1749962700000000,1.506,1.508,1.504,1.506,16542.4,1749963599999999,24898.3809,176,7098.3,10686.7356,0
1749963600000000,1.506,1.508,1.502,1.502,41684.3,1749964499999999,62732.7988,344,21409.2,32234.083,0
1749964500000000,1.501,1.501,1.495,1.499,27378.1,1749965399999999,41015.8599,231,4259.9,6380.2154,0
1749965400000000,1.499,1.505,1.498,1.505,30219.9,1749966299999999,45378.2876,393,21417.6,32164.6706,0
1749966300000000,1.505,1.512,1.505,1.512,61038.2,1749967199999999,92103.3272,779,35001.2,52822.8284,0
1749967200000000,1.512,1.514,1.504,1.504,46387.5,1749968099999999,70002.363,460,19950.5,30117.244,0
1749968100000000,1.504,1.505,1.497,1.499,48955.4,1749968999999999,73465.3792,461,22672.3,34033.5734,0
1749969000000000,1.499,1.499,1.494,1.495,70807.7,1749969899999999,105948.4741,462,19131.0,28619.5046,0
1749969900000000,1.495,1.495,1.491,1.493,37178.6,1749970799999999,55513.8143,217,12626.4,18861.8583,0
1749970800000000,1.493,1.493,1.485,1.49,69837.8,1749971699999999,103935.6103,453,17760.5,26445.7705,0
1749971700000000,1.489,1.49,1.486,1.487,12299.5,1749972599999999,18299.086,216,3928.4,5843.3333,0
1749972600000000,1.487,1.488,1.484,1.486,21656.9,1749973499999999,32176.3505,189,4586.7,6817.0354,0
1749973500000000,1.486,1.489,1.485,1.487,11703.1,1749974399999999,17402.1201,217,8554.5,12719.4275,0
1749974400000000,1.487,1.488,1.481,1.482,43790.8,1749975299999999,64957.3933,340,18480.1,27423.3996,0
1749975300000000,1.483,1.487,1.483,1.484,5788.2,1749976199999999,8595.6573,162,2184.4,3241.6701,0
1749976200000000,1.485,1.486,1.483,1.485,6539.0,1749977099999999,9706.6452,171,2027.6,3010.8944,0
1749977100000000,1.485,1.485,1.482,1.484,36317.7,1749977999999999,53845.5643,234,5120.9,7597.4991,0
1749978000000000,1.484,1.484,1.48,1.48,33856.1,1749978899999999,50143.8553,334,11759.2,17422.0808,0
1749978900000000,1.479,1.482,1.477,1.48,31847.3,1749979799999999,47112.011,388,14915.8,22067.685,0
1749979800000000,1.479,1.481,1.476,1.479,17856.8,1749980699999999,26401.3287,250,7277.3,10760.0039,0
1749980700000000,1.478,1.479,1.475,1.476,21342.4,1749981599999999,31494.8547,253,9043.1,13348.0883,0
1749981600000000,1.476,1.486,1.475,1.486,42166.1,1749982499999999,62509.9307,384,25583.4,37919.7035,0
1749982500000000,1.486,1.488,1.482,1.482,41115.4,1749983399999999,61063.364,396,27175.8,40365.7908,0
1749983400000000,1.483,1.484,1.479,1.481,35301.1,1749984299999999,52271.1828,445,21485.1,31818.6201,0
1749984300000000,1.482,1.486,1.48,1.484,90548.3,1749985199999999,134328.9993,683,59117.4,87718.2194,0
1749985200000000,1.484,1.491,1.484,1.487,45531.7,1749986099999999,67738.8624,484,16788.1,24975.3958,0
1749986100000000,1.486,1.489,1.481,1.481,26187.2,1749986999999999,38886.9374,281,6326.0,9405.8326,0
1749987000000000,1.482,1.484,1.48,1.484,19532.7,1749987899999999,28963.2438,311,14703.8,21806.2161,0
1749987900000000,1.483,1.493,1.482,1.491,163321.2,1749988799999999,243298.1815,836,111397.4,165984.4969,0
1749988800000000,1.491,1.5,1.49,1.497,91520.6,1749989699999999,136890.9136,696,53775.6,80470.3181,0
1749989700000000,1.497,1.498,1.492,1.492,16128.7,1749990599999999,24121.5811,246,9000.7,13470.6667,0
1749990600000000,1.492,1.497,1.492,1.494,16981.6,1749991499999999,25379.3829,291,9409.8,14057.477,0
1749991500000000,1.494,1.501,1.493,1.5,26618.5,1749992399999999,39864.6484,462,12415.7,18598.4137,0
1749992400000000,1.501,1.505,1.497,1.5,58249.0,1749993299999999,87477.8764,688,21687.7,32564.637,0
1749993300000000,1.501,1.504,1.5,1.502,29568.2,1749994199999999,44423.9291,456,17820.2,26769.115,0
1749994200000000,1.501,1.501,1.487,1.492,73283.4,1749995099999999,109355.2851,423,32115.8,47888.39,0
1749995100000000,1.493,1.499,1.493,1.497,48538.8,1749995999999999,72586.1936,600,29658.1,44359.2594,0
1749996000000000,1.497,1.497,1.482,1.485,211116.0,1749996899999999,314148.7439,1669,98679.6,146873.2028,0
1749996900000000,1.485,1.488,1.48,1.481,70396.7,1749997799999999,104343.8428,550,29778.9,44164.5254,0
1749997800000000,1.482,1.5,1.479,1.495,118246.3,1749998699999999,176297.6569,942,73793.2,110012.1925,0
1749998700000000,1.496,1.51,1.495,1.503,166445.4,1749999599999999,250314.1973,1397,98255.1,147774.2784,0
1749999600000000,1.504,1.51,1.5,1.508,201964.1,1750000499999999,303894.9032,1264,92637.0,139517.5443,0
1750000500000000,1.507,1.52,1.505,1.516,136559.1,1750001399999999,206275.1296,1302,95880.1,144782.8487,0
1750001400000000,1.516,1.517,1.509,1.511,99209.4,1750002299999999,150092.6599,916,50081.7,75779.6123,0
1750002300000000,1.511,1.513,1.506,1.509,96485.5,1750003199999999,145693.9733,960,61149.2,92355.2821,0
1750003200000000,1.51,1.518,1.509,1.513,28377.6,1750004099999999,42962.4123,574,9817.9,14875.0466,0
1750004100000000,1.513,1.513,1.507,1.513,46364.3,1750004999999999,70023.8736,606,26419.3,39911.7788,0
1750005000000000,1.513,1.519,1.511,1.517,74479.0,1750005899999999,112894.0853,929,42138.3,63897.1238,0
1750005900000000,1.517,1.519,1.513,1.517,15800.3,1750006799999999,23944.353,445,10342.3,15671.1314,0
1750006800000000,1.517,1.517,1.508,1.508,36957.3,1750007699999999,55877.3201,391,14813.4,22405.0335,0
1750007700000000,1.508,1.511,1.503,1.508,146838.6,1750008599999999,221201.0154,898,67815.6,102161.3303,0
1750008600000000,1.507,1.51,1.505,1.508,18770.7,1750009499999999,28295.304,373,9636.1,14528.4613,0
1750009500000000,1.508,1.513,1.507,1.511,14480.8,1750010399999999,21881.9957,294,8315.8,12567.6893,0
1750010400000000,1.511,1.511,1.5,1.501,71544.5,1750011299999999,107536.5463,486,13961.6,20965.5833,0
1750011300000000,1.501,1.502,1.497,1.498,45227.8,1750012199999999,67807.6936,407,12178.3,18266.1697,0
1750012200000000,1.499,1.502,1.496,1.501,17235.9,1750013099999999,25846.2246,364,7043.1,10556.513,0
1750013100000000,1.501,1.505,1.499,1.502,9296.0,1750013999999999,13959.3696,260,4559.9,6846.1925,0
1750014000000000,1.502,1.51,1.501,1.507,31835.9,1750014899999999,47974.5897,366,19496.6,29382.088,0
1750014900000000,1.508,1.508,1.502,1.502,21999.9,1750015799999999,33090.5846,324,8871.7,13342.2762,0
1750015800000000,1.502,1.505,1.489,1.492,72399.3,1750016699999999,108239.4896,521,23733.5,35506.7463,0
1750016700000000,1.491,1.497,1.491,1.497,17517.6,1750017599999999,26168.1878,365,5456.1,8149.2935,0
1750017600000000,1.497,1.497,1.487,1.489,66783.8,1750018499999999,99536.2538,777,24927.2,37146.0512,0
1750018500000000,1.489,1.491,1.482,1.488,125327.1,1750019399999999,186253.1212,873,77173.4,114700.9895,0
1750019400000000,1.488,1.494,1.479,1.484,121290.5,1750020299999999,180114.8434,1108,75375.0,111970.0456,0
1750020300000000,1.484,1.488,1.482,1.488,58692.2,1750021199999999,87147.665,927,43956.5,65271.7043,0
1750021200000000,1.487,1.489,1.481,1.483,51539.5,1750022099999999,76536.6821,527,28512.8,42321.6199,0
1750022100000000,1.484,1.492,1.484,1.491,37124.1,1750022999999999,55254.4175,405,22187.7,33032.6026,0
1750023000000000,1.491,1.491,1.484,1.49,17329.5,1750023899999999,25776.5887,286,6475.8,9630.0597,0
1750023900000000,1.49,1.495,1.489,1.495,16299.6,1750024799999999,24332.3787,161,11299.3,16865.3979,0
1750024800000000,1.494,1.511,1.494,1.511,132022.4,1750025699999999,198558.5328,1358,77354.5,116366.7675,0
1750025700000000,1.51,1.518,1.508,1.514,63192.9,1750026599999999,95624.1094,771,35555.3,53823.4558,0
1750026600000000,1.515,1.518,1.51,1.515,48025.0,1750027499999999,72741.4767,614,23100.0,34984.7187,0
1750027500000000,1.515,1.521,1.515,1.518,45915.9,1750028399999999,69710.7653,531,14908.1,22638.6499,0
1750028400000000,1.519,1.52,1.511,1.512,29540.0,1750029299999999,44768.2189,542,14106.4,21374.3143,0
1750029300000000,1.512,1.517,1.51,1.514,90022.1,1750030199999999,136179.2417,702,40320.1,60996.3726,0
1750030200000000,1.514,1.516,1.511,1.515,66488.9,1750031099999999,100601.169,688,15051.8,22776.0104,0
1750031100000000,1.514,1.514,1.51,1.512,10812.4,1750031999999999,16348.799,324,3835.2,5796.6358,0
1750032000000000,1.512,1.512,1.508,1.509,18213.2,1750032899999999,27506.9275,522,11030.3,16659.1437,0
1750032900000000,1.509,1.511,1.502,1.504,88522.1,1750033799999999,133331.2412,736,33075.8,49799.4834,0
1750033800000000,1.504,1.506,1.5,1.504,42829.0,1750034699999999,64335.891,527,9044.0,13590.497,0
1750034700000000,1.505,1.505,1.497,1.501,30131.7,1750035599999999,45188.4353,290,13658.5,20483.9897,0
1750035600000000,1.502,1.503,1.491,1.494,78506.2,1750036499999999,117348.277,892,27141.0,40600.8553,0
1750036500000000,1.493,1.498,1.49,1.496,31850.5,1750037399999999,47579.6559,513,7322.2,10941.9521,0
1750037400000000,1.496,1.51,1.491,1.509,95755.7,1750038299999999,143829.8327,779,52039.6,78261.247,0
1750038300000000,1.51,1.526,1.507,1.524,109651.2,1750039199999999,166443.1003,1183,64704.8,98284.4313,0
1750039200000000,1.524,1.534,1.523,1.532,193949.6,1750040099999999,296496.9418,1718,112757.2,172449.5825,0
1750040100000000,1.533,1.538,1.531,1.532,164292.4,1750040999999999,252053.7669,1340,95484.1,146512.7006,0
1750041000000000,1.531,1.538,1.53,1.537,113673.7,1750041899999999,174335.8818,1122,76879.2,117912.7929,0
1750041900000000,1.536,1.536,1.529,1.529,66706.6,1750042799999999,102270.4074,726,38159.7,58528.9469,0
1750042800000000,1.53,1.53,1.522,1.525,86852.1,1750043699999999,132437.066,702,26671.6,40657.4956,0
1750043700000000,1.525,1.531,1.523,1.529,80982.6,1750044599999999,123679.669,607,54768.7,83632.867,0
1750044600000000,1.529,1.529,1.526,1.526,13994.6,1750045499999999,21383.1249,402,4140.8,6324.6937,0
1750045500000000,1.525,1.525,1.522,1.522,9682.5,1750046399999999,14754.3492,281,6917.1,10541.4201,0
1750046400000000,1.522,1.53,1.522,1.53,39637.8,1750047299999999,60437.6556,480,28343.3,43239.1611,0
1750047300000000,1.53,1.539,1.529,1.533,167276.3,1750048199999999,256796.5441,1046,116201.3,178382.7605,0
1750048200000000,1.534,1.537,1.532,1.535,20697.0,1750049099999999,31752.8029,521,7512.6,11523.0059,0
1750049100000000,1.535,1.535,1.531,1.533,18460.2,1750049999999999,28283.5545,385,6737.6,10324.4278,0
1750050000000000,1.533,1.534,1.53,1.53,13582.0,1750050899999999,20799.5363,291,6568.8,10062.0838,0
1750050900000000,1.53,1.54,1.529,1.539,110553.0,1750051799999999,169390.4892,813,33527.1,51446.9598,0
1750051800000000,1.539,1.545,1.538,1.538,96701.5,1750052699999999,149181.1656,1421,59002.2,91011.9539,0
1750052700000000,1.538,1.547,1.538,1.544,98674.0,1750053599999999,152302.7128,633,66832.1,103174.2078,0
1750053600000000,1.543,1.549,1.543,1.548,20911.5,1750054499999999,32323.9702,429,12513.4,19345.0293,0
1750054500000000,1.549,1.557,1.549,1.556,219078.4,1750055399999999,340391.8693,1253,161340.9,250747.5741,0
1750055400000000,1.556,1.557,1.553,1.553,50968.0,1750056299999999,79278.4678,484,12269.0,19094.371,0
1750056300000000,1.553,1.556,1.549,1.55,43266.7,1750057199999999,67139.7624,447,17936.3,27835.0233,0
1750057200000000,1.549,1.557,1.549,1.554,67926.8,1750058099999999,105569.8391,720,36685.1,57027.0001,0
1750058100000000,1.555,1.556,1.55,1.555,13747.1,1750058999999999,21348.2798,294,5235.8,8127.0303,0
1750059000000000,1.554,1.56,1.554,1.559,66388.7,1750059899999999,103365.2397,671,48579.4,75645.0687,0
1750059900000000,1.56,1.56,1.556,1.557,52288.6,1750060799999999,81443.515,559,23722.0,36946.6691,0
1750060800000000,1.557,1.56,1.555,1.556,111691.7,1750061699999999,174003.0355,735,79330.0,123625.1385,0
1750061700000000,1.556,1.557,1.552,1.555,141520.1,1750062599999999,220154.0276,820,99669.6,155074.056,0
1750062600000000,1.556,1.56,1.554,1.557,170785.8,1750063499999999,265921.9174,932,84292.9,131265.3343,0
1750063500000000,1.558,1.559,1.554,1.555,18757.5,1750064399999999,29215.8435,269,2204.2,3430.7387,0
1750064400000000,1.556,1.558,1.554,1.554,34243.2,1750065299999999,53263.0565,518,7861.2,12229.6552,0
1750065300000000,1.554,1.555,1.551,1.551,52101.8,1750066199999999,80923.002,523,7285.0,11315.1947,0
1750066200000000,1.551,1.553,1.549,1.55,73736.3,1750067099999999,114351.2483,533,40224.6,62390.3477,0
1750067100000000,1.549,1.56,1.549,1.559,132455.8,1750067999999999,206024.1018,998,93183.5,144974.749,0
1750068000000000,1.559,1.565,1.559,1.561,124008.4,1750068899999999,193675.8331,827,80852.9,126269.4799,0
1750068900000000,1.561,1.562,1.555,1.555,53319.7,1750069799999999,83065.3778,419,21108.8,32883.5159,0
1750069800000000,1.556,1.556,1.545,1.545,75229.2,1750070699999999,116634.2964,530,27897.9,43285.6361,0
1750070700000000,1.545,1.547,1.542,1.547,29329.6,1750071599999999,45284.9368,337,5256.6,8118.9429,0
1750071600000000,1.548,1.548,1.545,1.545,41298.0,1750072499999999,63867.7615,385,10717.2,16573.4415,0
1750072500000000,1.546,1.548,1.543,1.546,86348.0,1750073399999999,133423.6224,595,69202.8,106942.1943,0
1750073400000000,1.546,1.555,1.544,1.551,172359.2,1750074299999999,267257.0473,906,129268.4,200470.8947,0
1750074300000000,1.55,1.554,1.55,1.552,71898.4,1750075199999999,111592.5625,522,37760.5,58604.0936,0
1750075200000000,1.552,1.553,1.543,1.544,36383.1,1750076099999999,56285.4654,484,14410.7,22280.4307,0
1750076100000000,1.544,1.546,1.54,1.543,39007.3,1750076999999999,60170.7294,541,19161.1,29570.3768,0
1750077000000000,1.543,1.549,1.543,1.548,50807.6,1750077899999999,78515.5361,498,25749.5,39786.2305,0
1750077900000000,1.548,1.551,1.547,1.547,114366.7,1750078799999999,177200.5495,760,48826.7,75650.078,0
1750078800000000,1.548,1.549,1.546,1.547,43052.3,1750079699999999,66651.9151,425,27445.5,42493.0611,0
1750079700000000,1.548,1.55,1.544,1.548,106383.2,1750080599999999,164669.1443,749,65977.3,102129.8208,0
1750080600000000,1.548,1.555,1.547,1.554,65401.3,1750081499999999,101463.6051,1568,21612.4,33538.7509,0
1750081500000000,1.555,1.564,1.55,1.562,64248.1,1750082399999999,99957.4787,1088,34899.4,54320.7458,0
1750082400000000,1.562,1.577,1.561,1.568,336881.7,1750083299999999,528599.6839,2833,182991.3,287122.1073,0
1750083300000000,1.568,1.577,1.567,1.575,186165.4,1750084199999999,292790.8991,1409,123456.8,194129.8348,0
1750084200000000,1.576,1.587,1.573,1.573,226521.6,1750085099999999,358045.2396,1480,147733.3,233550.6125,0
1750085100000000,1.573,1.577,1.571,1.572,58535.4,1750085999999999,92089.9392,931,33591.2,52844.6889,0
1750086000000000,1.573,1.578,1.572,1.578,128776.1,1750086899999999,202926.2095,1241,71267.1,112294.8419,0
1750086900000000,1.578,1.581,1.575,1.576,86227.5,1750087799999999,136167.9215,1052,40656.3,64215.6281,0
1750087800000000,1.576,1.579,1.574,1.574,21109.7,1750088699999999,33275.9227,868,5137.3,8098.4211,0
1750088700000000,1.575,1.578,1.561,1.566,142724.6,1750089599999999,223883.7574,979,41829.8,65615.2339,0
1750089600000000,1.566,1.574,1.562,1.573,34321.4,1750090499999999,53865.0402,558,24763.9,38859.3152,0
1750090500000000,1.573,1.58,1.57,1.57,121333.2,1750091399999999,191336.2572,796,72728.1,114714.4856,0
1750091400000000,1.571,1.575,1.569,1.57,33823.7,1750092299999999,53157.2145,471,13754.5,21627.5454,0
1750092300000000,1.57,1.571,1.565,1.568,21871.8,1750093199999999,34299.1783,397,15071.4,23639.3495,0
1750093200000000,1.568,1.57,1.564,1.565,26539.0,1750094099999999,41561.685,522,14204.8,22248.0936,0
1750094100000000,1.565,1.569,1.563,1.565,29453.8,1750094999999999,46132.8797,469,11747.5,18393.6231,0
1750095000000000,1.566,1.571,1.565,1.566,27318.6,1750095899999999,42837.5075,518,16321.0,25597.7037,0
1750095900000000,1.566,1.567,1.563,1.565,22584.0,1750096799999999,35347.3334,410,9026.3,14128.7721,0
1750096800000000,1.565,1.569,1.564,1.568,18554.7,1750097699999999,29073.3581,221,6977.7,10935.1941,0
1750097700000000,1.569,1.572,1.568,1.571,19083.6,1750098599999999,29952.5094,312,7942.8,12472.8455,0
1750098600000000,1.572,1.572,1.567,1.569,19616.3,1750099499999999,30804.5802,329,7110.6,11168.9553,0
1750099500000000,1.569,1.576,1.567,1.576,35310.2,1750100399999999,55509.2346,418,28576.5,44927.6204,0
1750100400000000,1.577,1.581,1.574,1.576,45897.7,1750101299999999,72389.4737,572,30413.4,47977.3268,0
1750101300000000,1.576,1.582,1.573,1.581,54780.9,1750102199999999,86403.5359,662,32704.1,51582.8661,0
1750102200000000,1.581,1.581,1.577,1.578,46631.8,1750103099999999,73637.8442,604,26288.1,41510.378,0
1750103100000000,1.579,1.581,1.576,1.58,38021.9,1750103999999999,60028.9641,606,11491.0,18150.8731,0
1750104000000000,1.581,1.582,1.573,1.58,130488.2,1750104899999999,205791.4915,1296,67473.5,106475.0216,0
1750104900000000,1.579,1.584,1.577,1.583,40764.7,1750105799999999,64401.1097,681,12020.1,19002.7141,0
1750105800000000,1.583,1.585,1.581,1.585,16302.9,1750106699999999,25822.4587,279,10596.1,16790.8396,0
1750106700000000,1.586,1.588,1.582,1.582,58862.4,1750107599999999,93299.9261,616,27942.1,44314.5032,0
1750107600000000,1.582,1.583,1.577,1.578,13344.8,1750108499999999,21086.7182,265,4523.0,7150.7609,0
1750108500000000,1.577,1.58,1.575,1.58,17044.9,1750109399999999,26881.9432,234,10205.6,16094.5001,0
1750109400000000,1.58,1.58,1.571,1.576,31772.1,1750110299999999,50017.7947,477,11399.4,17945.3173,0
1750110300000000,1.577,1.578,1.577,1.577,5501.7,1750111199999999,8680.9369,70,4803.0,7579.087,0
1750111200000000,1.578,1.582,1.577,1.58,30047.2,1750112099999999,47463.518,478,21473.7,33918.0964,0
1750112100000000,1.579,1.579,1.576,1.577,6813.7,1750112999999999,10742.993,236,2422.1,3819.7756,0
1750113000000000,1.577,1.577,1.54,1.54,367251.4,1750113899999999,572462.2285,4292,108662.3,169384.8709,0
1750113900000000,1.54,1.548,1.531,1.541,389274.2,1750114799999999,599270.2434,4231,197381.9,303910.1971,0
1750114800000000,1.54,1.547,1.535,1.546,138188.9,1750115699999999,212811.4548,2067,72257.5,111349.7116,0
1750115700000000,1.547,1.55,1.537,1.539,83326.0,1750116599999999,128458.0777,971,28171.7,43513.5546,0
1750116600000000,1.539,1.539,1.525,1.527,167951.7,1750117499999999,256899.9798,1803,58293.3,89160.9078,0
1750117500000000,1.527,1.527,1.507,1.511,317613.7,1750118399999999,482162.2782,2592,79929.0,121235.5261,0
1750118400000000,1.511,1.511,1.484,1.485,534860.8,1750119299999999,800301.1632,5792,237872.4,355829.6971,0
1750119300000000,1.486,1.51,1.482,1.508,239183.8,1750120199999999,358023.4237,2743,147049.0,220131.5061,0
1750120200000000,1.509,1.513,1.504,1.506,167995.7,1750121099999999,253397.4364,1782,60720.8,91618.3466,0
1750121100000000,1.506,1.527,1.505,1.526,140420.3,1750121999999999,213276.0939,1385,77198.4,117225.529,0
1750122000000000,1.527,1.53,1.518,1.522,79438.6,1750122899999999,121148.7841,973,33740.6,51459.4895,0
1750122900000000,1.523,1.528,1.52,1.524,50570.5,1750123799999999,77082.9674,793,35048.9,53420.2014,0
1750123800000000,1.524,1.535,1.52,1.522,105287.5,1750124699999999,160708.177,1080,54626.9,83445.2518,0
1750124700000000,1.522,1.526,1.516,1.517,34288.4,1750125599999999,52146.743,556,7754.8,11799.2572,0
1750125600000000,1.518,1.519,1.512,1.519,131989.4,1750126499999999,199938.5325,924,28978.7,43917.4792,0
1750126500000000,1.518,1.519,1.51,1.512,30085.9,1750127399999999,45540.628,693,14081.9,21311.5781,0
1750127400000000,1.512,1.518,1.508,1.516,31296.0,1750128299999999,47391.1669,543,24930.0,37757.7459,0
1750128300000000,1.516,1.532,1.512,1.53,111171.7,1750129199999999,169324.3404,917,72953.3,111186.5438,0
1750129200000000,1.531,1.541,1.527,1.538,93848.9,1750130099999999,144050.8357,1072,48467.0,74394.6707,0
1750130100000000,1.538,1.541,1.525,1.525,172998.3,1750130999999999,265033.7326,1263,24963.2,38255.8038,0
1750131000000000,1.525,1.531,1.523,1.523,102408.4,1750131899999999,156269.8774,963,24833.0,37916.5281,0
1750131900000000,1.523,1.528,1.521,1.522,69851.3,1750132799999999,106399.8073,663,32658.9,49753.1823,0
1750132800000000,1.522,1.524,1.521,1.523,16441.8,1750133699999999,25034.1214,483,10669.0,16244.5094,0
1750133700000000,1.523,1.523,1.517,1.519,39159.4,1750134599999999,59497.6063,578,12967.1,19707.9241,0
1750134600000000,1.519,1.519,1.512,1.514,54859.8,1750135499999999,83109.9659,574,25052.4,37955.2485,0
1750135500000000,1.515,1.518,1.511,1.511,130250.9,1750136399999999,197088.9183,711,43285.8,65515.252,0
1750136400000000,1.51,1.517,1.509,1.514,74596.6,1750137299999999,112832.8654,605,28625.7,43313.8255,0
1750137300000000,1.514,1.514,1.507,1.512,73373.5,1750138199999999,110864.4305,764,32421.6,48990.5386,0
1750138200000000,1.512,1.514,1.509,1.509,23281.6,1750139099999999,35186.9488,346,7136.2,10781.512,0
1750139100000000,1.509,1.509,1.504,1.507,47648.1,1750139999999999,71777.9807,489,14010.8,21106.914,0
1750140000000000,1.507,1.512,1.505,1.511,29653.0,1750140899999999,44732.7066,522,17373.0,26209.0653,0
1750140900000000,1.51,1.51,1.504,1.506,20077.2,1750141799999999,30233.2877,423,11216.8,16894.5028,0
1750141800000000,1.506,1.506,1.501,1.502,49482.1,1750142699999999,74348.7343,505,6336.8,9522.7976,0
1750142700000000,1.501,1.503,1.498,1.502,26224.0,1750143599999999,39355.6086,564,7371.0,11059.332,0
1750143600000000,1.502,1.508,1.502,1.506,32066.4,1750144499999999,48289.6873,455,11378.0,17136.7829,0
1750144500000000,1.506,1.508,1.499,1.5,12800.6,1750145399999999,19245.4564,340,2190.5,3291.9001,0
1750145400000000,1.499,1.504,1.499,1.5,24956.5,1750146299999999,37487.211,419,14553.0,21862.5932,0
1750146300000000,1.501,1.503,1.499,1.501,18045.4,1750147199999999,27087.1826,340,7617.4,11436.6389,0
1750147200000000,1.502,1.502,1.499,1.502,16077.6,1750148099999999,24134.1738,246,8003.1,12016.4234,0
1750148100000000,1.502,1.502,1.492,1.498,62722.7,1750148999999999,93831.8645,456,14746.9,22062.5696,0
1750149000000000,1.498,1.498,1.488,1.49,67479.8,1750149899999999,100624.8381,503,19169.6,28583.6972,0
1750149900000000,1.49,1.494,1.49,1.49,26276.5,1750150799999999,39182.6043,640,6098.4,9097.8792,0
1750150800000000,1.49,1.493,1.488,1.491,39278.7,1750151699999999,58532.3629,558,26375.9,39310.6014,0
1750151700000000,1.491,1.494,1.489,1.491,44181.2,1750152599999999,65878.7437,505,11196.7,16703.0223,0
1750152600000000,1.491,1.492,1.483,1.486,51041.9,1750153499999999,75862.7504,412,8303.0,12339.8872,0
1750153500000000,1.486,1.49,1.486,1.489,51194.6,1750154399999999,76195.2439,514,16143.9,24023.3468,0
1750154400000000,1.489,1.489,1.482,1.483,58964.9,1750155299999999,87522.9104,532,14847.2,22045.7569,0
1750155300000000,1.483,1.487,1.482,1.485,27901.9,1750156199999999,41424.6171,398,12588.7,18690.7999,0
1750156200000000,1.485,1.485,1.477,1.479,93870.9,1750157099999999,138936.5043,741,34198.5,50632.3451,0
1750157100000000,1.479,1.486,1.478,1.483,67270.3,1750157999999999,99733.0579,427,13540.5,20069.5012,0
1750158000000000,1.483,1.488,1.479,1.479,253169.2,1750158899999999,375482.9632,1539,108915.2,161612.0937,0
1750158900000000,1.479,1.482,1.476,1.481,69450.4,1750159799999999,102722.8899,631,23866.7,35322.3809,0
1750159800000000,1.48,1.481,1.477,1.478,34645.2,1750160699999999,51245.6912,389,10147.0,15011.4523,0
1750160700000000,1.478,1.482,1.478,1.481,22720.3,1750161599999999,33612.8086,232,6916.8,10236.0099,0
1750161600000000,1.481,1.487,1.478,1.486,47586.5,1750162499999999,70545.8431,538,20360.4,30191.3599,0
1750162500000000,1.485,1.485,1.482,1.482,28708.7,1750163399999999,42572.1905,349,14903.1,22094.5723,0
1750163400000000,1.482,1.485,1.481,1.484,50924.0,1750164299999999,75504.3104,490,13750.5,20392.3413,0
1750164300000000,1.484,1.484,1.471,1.474,382506.0,1750165199999999,565208.9503,1994,221412.9,327326.0609,0
1750165200000000,1.473,1.478,1.471,1.477,25982.0,1750166099999999,38322.1445,474,8942.8,13189.1807,0
1750166100000000,1.477,1.483,1.476,1.482,72362.0,1750166999999999,107032.0611,821,29747.5,44016.7227,0
1750167000000000,1.483,1.485,1.474,1.475,44686.1,1750167899999999,66192.3473,766,20213.8,29940.5945,0
1750167900000000,1.475,1.478,1.474,1.476,27722.6,1750168799999999,40916.5082,537,7958.3,11744.9927,0
1750168800000000,1.476,1.485,1.469,1.484,188348.0,1750169699999999,277459.681,1101,76108.1,112203.1864,0
1750169700000000,1.484,1.484,1.477,1.479,42645.9,1750170599999999,63145.8949,388,10106.9,14966.3559,0
1750170600000000,1.479,1.48,1.471,1.473,43990.7,1750171499999999,64878.1224,296,7261.2,10713.2551,0
1750171500000000,1.474,1.477,1.466,1.466,78246.0,1750172399999999,115102.0209,775,30814.4,45302.8509,0
1750172400000000,1.467,1.467,1.453,1.458,275002.2,1750173299999999,401602.5614,2582,117631.6,171748.499,0
1750173300000000,1.457,1.457,1.442,1.444,218520.4,1750174199999999,316276.2164,2389,105483.3,152764.3635,0
1750174200000000,1.444,1.449,1.433,1.446,149104.9,1750175099999999,215051.3327,1882,63731.3,91899.1985,0
1750175100000000,1.445,1.445,1.438,1.442,76601.8,1750175999999999,110465.6616,899,41049.5,59183.8666,0
1750176000000000,1.443,1.443,1.438,1.441,44952.6,1750176899999999,64754.6846,1044,22120.5,31860.9187,0
1750176900000000,1.441,1.442,1.433,1.437,85323.4,1750177799999999,122549.353,1070,37057.0,53225.9456,0
1750177800000000,1.436,1.441,1.427,1.433,123605.2,1750178699999999,177106.5098,1367,66417.8,95144.9978,0
1750178700000000,1.433,1.434,1.421,1.421,84479.5,1750179599999999,120610.3143,1357,48397.7,69111.0391,0
1750179600000000,1.422,1.427,1.419,1.421,119712.5,1750180499999999,170277.4996,1468,44339.3,63061.5978,0
1750180500000000,1.421,1.433,1.42,1.433,44585.1,1750181399999999,63631.8928,893,15083.9,21526.7804,0
1750181400000000,1.432,1.438,1.43,1.432,59649.9,1750182299999999,85569.8386,786,25726.6,36893.8645,0
1750182300000000,1.432,1.434,1.429,1.431,27630.7,1750183199999999,39543.3167,611,13420.5,19210.0276,0
1750183200000000,1.43,1.436,1.429,1.434,19482.2,1750184099999999,27926.6598,468,8125.3,11648.301,0
1750184100000000,1.433,1.434,1.428,1.428,27861.1,1750184999999999,39845.2363,392,10645.0,15223.3228,0
1750185000000000,1.429,1.435,1.428,1.434,59889.8,1750185899999999,85768.8108,538,16046.9,22966.6296,0
1750185900000000,1.434,1.448,1.434,1.448,94526.9,1750186799999999,136210.6158,634,61005.0,87955.3267,0
1750186800000000,1.448,1.455,1.446,1.453,131871.2,1750187699999999,191304.1113,969,84132.2,122078.2998,0
1750187700000000,1.454,1.465,1.454,1.463,64496.9,1750188599999999,94123.6179,679,40942.3,59745.026,0
1750188600000000,1.463,1.465,1.458,1.459,77073.3,1750189499999999,112552.2221,627,43685.4,63803.5105,0
1750189500000000,1.459,1.468,1.459,1.459,78028.3,1750190399999999,114258.2899,895,43362.9,63491.7902,0
1750190400000000,1.459,1.462,1.456,1.457,35328.7,1750191299999999,51544.6409,664,18299.6,26707.5658,0
1750191300000000,1.457,1.46,1.452,1.458,38203.7,1750192199999999,55635.1277,503,28087.3,40913.934,0
1750192200000000,1.457,1.459,1.454,1.456,23281.2,1750193099999999,33899.946,335,18768.3,27332.6815,0
1750193100000000,1.456,1.456,1.447,1.448,69675.1,1750193999999999,101050.5886,514,20433.5,29648.9092,0
1750194000000000,1.447,1.449,1.439,1.442,110244.3,1750194899999999,159108.2853,804,44435.2,64108.0834,0
1750194900000000,1.443,1.446,1.441,1.445,54631.4,1750195799999999,78844.3166,638,13647.0,19697.5967,0
1750195800000000,1.445,1.451,1.445,1.449,65047.8,1750196699999999,94221.0901,462,29538.1,42782.581,0
1750196700000000,1.45,1.45,1.443,1.445,30243.7,1750197599999999,43707.1974,326,7613.5,11004.3026,0
1750197600000000,1.444,1.446,1.44,1.445,112721.6,1750198499999999,162632.6183,847,31871.0,45988.3497,0
1750198500000000,1.444,1.444,1.44,1.44,104002.8,1750199399999999,149993.5409,764,33908.7,48901.351,0
1750199400000000,1.44,1.44,1.434,1.437,32867.2,1750200299999999,47237.4302,490,9686.3,13920.4639,0
1750200300000000,1.438,1.44,1.43,1.432,27399.9,1750201199999999,39341.713,411,9575.8,13756.5377,0
1750201200000000,1.433,1.44,1.433,1.439,25861.9,1750202099999999,37150.7011,325,15891.9,22838.5036,0
1750202100000000,1.44,1.442,1.438,1.442,14345.1,1750202999999999,20662.492,223,8544.2,12307.7818,0
1750203000000000,1.442,1.445,1.441,1.445,34401.1,1750203899999999,49658.4136,333,23220.2,33522.1209,0
1750203900000000,1.445,1.446,1.44,1.441,20658.5,1750204799999999,29778.8015,304,10395.8,14987.6655,0
1750204800000000,1.441,1.446,1.44,1.443,26940.8,1750205699999999,38900.6809,417,14833.3,21428.4456,0
1750205700000000,1.444,1.447,1.441,1.441,33324.2,1750206599999999,48141.5564,373,14921.9,21571.7745,0
1750206600000000,1.44,1.454,1.438,1.449,63170.7,1750207499999999,91400.3153,704,38435.0,55646.0249,0
1750207500000000,1.448,1.449,1.444,1.449,59501.5,1750208399999999,86048.2428,526,22858.3,33082.6225,0
1750208400000000,1.45,1.459,1.448,1.459,74792.2,1750209299999999,108678.2211,856,55655.4,80898.4588,0
1750209300000000,1.459,1.473,1.458,1.461,208522.8,1750210199999999,305741.6266,1813,120659.3,176892.0374,0
1750210200000000,1.461,1.464,1.459,1.459,48577.6,1750211099999999,70975.1035,866,31232.5,45640.1499,0
1750211100000000,1.46,1.46,1.455,1.457,53822.8,1750211999999999,78442.5961,561,27181.2,39616.6113,0
1750212000000000,1.457,1.46,1.455,1.458,27603.6,1750212899999999,40241.6863,718,20279.8,29566.4708,0
1750212900000000,1.457,1.464,1.454,1.463,95828.0,1750213799999999,139826.475,1137,46997.4,68562.8976,0
1750213800000000,1.462,1.463,1.457,1.457,46063.3,1750214699999999,67235.5237,687,35232.9,51412.5172,0
1750214700000000,1.457,1.461,1.457,1.457,17096.8,1750215599999999,24936.6515,478,9512.1,13871.8796,0
1750215600000000,1.457,1.462,1.456,1.459,61958.2,1750216499999999,90354.9086,603,22449.3,32739.0822,0
1750216500000000,1.459,1.466,1.459,1.464,69648.9,1750217399999999,101859.5862,582,50035.1,73167.7532,0
1750217400000000,1.464,1.47,1.464,1.469,58799.5,1750218299999999,86296.6572,616,10426.3,15293.1462,0
1750218300000000,1.469,1.469,1.464,1.465,56137.5,1750219199999999,82260.6633,484,31020.2,45455.3824,0
1750219200000000,1.466,1.467,1.46,1.465,124952.0,1750220099999999,182905.4291,1083,55537.8,81298.4188,0
1750220100000000,1.466,1.468,1.464,1.465,20725.6,1750220999999999,30376.2564,542,10133.9,14849.0168,0
1750221000000000,1.465,1.472,1.464,1.472,30879.7,1750221899999999,45391.1285,334,12271.8,18049.562,0
1750221900000000,1.472,1.478,1.471,1.473,47219.9,1750222799999999,69606.8604,482,10427.6,15372.9605,0
1750222800000000,1.473,1.474,1.469,1.469,15889.4,1750223699999999,23384.2552,218,3959.1,5824.1485,0
1750223700000000,1.47,1.472,1.467,1.468,70913.7,1750224599999999,104204.5678,465,30315.7,44553.7535,0
1750224600000000,1.469,1.474,1.467,1.472,87315.5,1750225499999999,128446.1739,710,36982.0,54383.587,0
1750225500000000,1.471,1.471,1.468,1.468,47536.0,1750226399999999,69859.3214,372,13007.0,19118.0327,0
1750226400000000,1.468,1.474,1.466,1.471,80408.2,1750227299999999,118258.9014,607,19010.4,27944.8786,0
1750227300000000,1.471,1.473,1.469,1.47,77862.6,1750228199999999,114535.0194,471,21580.1,31757.4219,0
1750228200000000,1.471,1.472,1.465,1.465,39434.2,1750229099999999,57872.2389,350,18791.3,27586.4668,0
1750229100000000,1.466,1.467,1.462,1.462,51334.5,1750229999999999,75119.5798,380,23614.2,34552.5278,0
1750230000000000,1.462,1.463,1.451,1.451,72810.1,1750230899999999,106214.2852,865,28766.5,41995.0441,0
1750230900000000,1.45,1.454,1.449,1.451,49692.9,1750231799999999,72099.3469,550,17152.1,24891.165,0
1750231800000000,1.451,1.457,1.451,1.456,88892.0,1750232699999999,129151.9354,630,23133.2,33607.3297,0
1750232700000000,1.456,1.457,1.452,1.454,47248.0,1750233599999999,68708.1518,359,12075.2,17579.557,0
1750233600000000,1.455,1.461,1.454,1.458,59226.4,1750234499999999,86346.282,586,26367.7,38445.9495,0
1750234500000000,1.458,1.458,1.451,1.452,34319.6,1750235399999999,49916.12,295,5981.0,8700.689,0
1750235400000000,1.452,1.452,1.442,1.444,114352.4,1750236299999999,165515.9852,783,43715.0,63251.1094,0
1750236300000000,1.445,1.448,1.442,1.446,41178.9,1750237199999999,59480.0606,323,18135.6,26203.3681,0
1750237200000000,1.447,1.448,1.445,1.447,16894.0,1750238099999999,24444.4503,213,2384.9,3451.5546,0
1750238100000000,1.447,1.449,1.444,1.444,20429.8,1750238999999999,29558.1874,182,8987.6,13004.9078,0
1750239000000000,1.444,1.444,1.426,1.428,127311.9,1750239899999999,182675.4192,694,15466.2,22166.5509,0
1750239900000000,1.427,1.428,1.424,1.426,65115.7,1750240799999999,92863.5185,510,25860.5,36895.7481,0
1750240800000000,1.427,1.427,1.415,1.418,174314.3,1750241699999999,247472.1883,1213,51278.0,72739.1755,0
1750241700000000,1.418,1.42,1.404,1.406,197019.5,1750242599999999,278047.0047,1501,92135.9,129962.9213,0
1750242600000000,1.406,1.411,1.402,1.407,134240.2,1750243499999999,188871.4304,1029,66447.4,93519.2128,0
1750243500000000,1.408,1.409,1.393,1.394,286241.6,1750244399999999,400321.831,1323,106743.8,149277.0312,0
1750244400000000,1.393,1.401,1.387,1.399,130481.4,1750245299999999,181735.0408,1167,54347.4,75708.0735,0
1750245300000000,1.4,1.4,1.395,1.398,57052.4,1750246199999999,79688.0148,616,31037.2,43356.5456,0
1750246200000000,1.398,1.399,1.392,1.399,84669.1,1750247099999999,118181.1554,652,50023.5,69816.2236,0
1750247100000000,1.4,1.407,1.4,1.405,213996.6,1750247999999999,300464.8092,1098,152671.6,214429.7607,0
1750248000000000,1.406,1.407,1.4,1.405,88523.1,1750248899999999,124260.5733,805,49692.8,69756.8357,0
1750248900000000,1.404,1.404,1.398,1.4,55053.6,1750249799999999,77155.9581,822,14012.9,19642.1944,0
1750249800000000,1.399,1.403,1.396,1.397,40875.9,1750250699999999,57203.0889,389,22802.1,31918.0274,0
1750250700000000,1.397,1.4,1.394,1.395,65077.7,1750251599999999,90875.1627,651,11427.5,15965.7359,0
1750251600000000,1.395,1.396,1.388,1.389,107030.4,1750252499999999,148991.4021,839,25583.2,35627.1699,0
1750252500000000,1.389,1.391,1.378,1.38,146627.4,1750253399999999,202764.1721,1284,51457.5,71179.781,0
1750253400000000,1.38,1.394,1.378,1.391,161549.0,1750254299999999,223984.8772,1463,102421.0,142033.7572,0
1750254300000000,1.391,1.398,1.381,1.397,175317.7,1750255199999999,243379.9064,1379,92507.8,128384.7529,0
1750255200000000,1.397,1.419,1.394,1.417,279500.9,1750256099999999,393836.6418,2640,164510.9,231885.9332,0
1750256100000000,1.417,1.423,1.413,1.421,158510.5,1750256999999999,224901.9888,1737,108049.1,153376.3921,0
1750257000000000,1.421,1.423,1.415,1.42,112216.8,1750257899999999,159299.8683,979,70669.2,100293.1328,0
1750257900000000,1.419,1.42,1.405,1.41,154331.0,1750258799999999,217742.48,1181,100980.2,142417.4847,0
1750258800000000,1.41,1.416,1.405,1.406,145344.9,1750259699999999,205167.9623,1105,104629.6,147709.859,0
1750259700000000,1.406,1.42,1.402,1.418,233266.4,1750260599999999,329317.9311,1252,196221.2,277007.5402,0
1750260600000000,1.419,1.42,1.412,1.418,206948.8,1750261499999999,293245.7515,1405,80187.5,113661.6384,0
1750261500000000,1.419,1.42,1.413,1.413,66406.9,1750262399999999,94118.1697,774,27951.8,39630.0183,0
1750262400000000,1.413,1.415,1.408,1.408,103287.7,1750263299999999,145671.1371,821,45479.7,64154.8674,0
1750263300000000,1.408,1.408,1.402,1.403,38740.8,1750264199999999,54415.3205,504,9489.3,13314.2123,0
1750264200000000,1.403,1.408,1.403,1.406,38659.7,1750265099999999,54343.4316,549,16418.4,23088.5032,0
1750265100000000,1.406,1.408,1.402,1.406,23766.6,1750265999999999,33414.6078,313,6955.7,9784.9826,0
1750266000000000,1.405,1.406,1.396,1.399,75876.9,1750266899999999,106306.1885,681,32688.8,45804.5087,0
1750266900000000,1.399,1.405,1.398,1.399,57019.4,1750267799999999,79871.9218,767,27268.4,38204.0683,0
1750267800000000,1.398,1.411,1.39,1.408,207958.0,1750268699999999,291063.6431,1506,108212.8,151572.8427,0
1750268700000000,1.408,1.411,1.403,1.409,93444.9,1750269599999999,131513.5669,614,31779.1,44751.2034,0
1750269600000000,1.409,1.42,1.403,1.41,456325.2,1750270499999999,643673.6147,3853,216557.3,305685.9777,0
1750270500000000,1.409,1.412,1.405,1.408,94782.3,1750271399999999,133472.7293,1240,27948.6,39373.1394,0
1750271400000000,1.409,1.421,1.408,1.415,154789.6,1750272299999999,219159.9594,1299,55868.9,79099.2869,0
1750272300000000,1.414,1.417,1.395,1.396,149176.7,1750273199999999,209409.2573,1288,37677.1,52958.2547,0
1750273200000000,1.395,1.415,1.392,1.414,182929.0,1750274099999999,256601.7285,1768,121379.0,170317.4234,0
1750274100000000,1.413,1.415,1.403,1.403,122156.5,1750274999999999,172272.7349,1728,39255.4,55395.9708,0
1750275000000000,1.403,1.411,1.402,1.409,30894.4,1750275899999999,43486.9841,580,14543.7,20472.072,0
1750275900000000,1.408,1.409,1.402,1.403,47234.7,1750276799999999,66402.7665,534,15712.4,22108.3257,0
1750276800000000,1.403,1.406,1.398,1.402,64593.1,1750277699999999,90558.1809,618,23720.1,33260.2293,0
1750277700000000,1.403,1.41,1.403,1.409,47540.0,1750278599999999,66884.784,487,21155.6,29771.4813,0
1750278600000000,1.41,1.426,1.409,1.426,160931.7,1750279499999999,228174.279,1104,102253.7,144938.0725,0
1750279500000000,1.425,1.439,1.425,1.435,182295.8,1750280399999999,261311.6686,2033,112855.4,161882.7858,0
1750280400000000,1.435,1.44,1.424,1.425,147528.0,1750281299999999,211182.6181,1121,69931.2,100184.1973,0
1750281300000000,1.425,1.432,1.425,1.432,63251.9,1750282199999999,90401.9006,682,34900.0,49880.3634,0
1750282200000000,1.431,1.434,1.428,1.431,49241.5,1750283099999999,70422.2808,388,27510.6,39338.6836,0
1750283100000000,1.431,1.44,1.43,1.439,60130.1,1750283999999999,86409.9735,610,33056.2,47494.2151,0
1750284000000000,1.438,1.442,1.433,1.434,71874.4,1750284899999999,103375.8003,889,45471.4,65410.146,0
1750284900000000,1.434,1.437,1.432,1.435,30625.3,1750285799999999,43918.9121,428,10982.4,15749.301,0
1750285800000000,1.435,1.435,1.43,1.432,52852.9,1750286699999999,75646.136,410,14653.0,20975.7233,0
1750286700000000,1.432,1.433,1.431,1.431,16207.6,1750287599999999,23207.1952,240,11002.8,15753.5968,0
1750287600000000,1.431,1.435,1.431,1.432,16952.5,1750288499999999,24291.5172,303,5366.2,7689.889,0
1750288500000000,1.432,1.433,1.429,1.43,36773.9,1750289399999999,52607.358,326,20057.7,28694.7919,0
1750289400000000,1.429,1.429,1.423,1.424,64873.3,1750290299999999,92549.3669,563,22884.8,32654.0109,0
1750290300000000,1.425,1.43,1.425,1.43,25339.0,1750291199999999,36199.1387,236,5233.2,7474.8486,0
1750291200000000,1.431,1.432,1.424,1.425,56311.8,1750292099999999,80350.0112,491,16824.7,24005.9936,0
1750292100000000,1.425,1.435,1.423,1.435,100568.1,1750292999999999,143670.2808,798,31566.3,45179.8464,0
1750293000000000,1.434,1.443,1.433,1.441,136229.2,1750293899999999,196142.7905,1004,78901.3,113581.0573,0
1750293900000000,1.441,1.441,1.433,1.433,52456.0,1750294799999999,75351.9863,591,29915.8,42962.0987,0
1750294800000000,1.434,1.435,1.422,1.424,137248.6,1750295699999999,195885.2718,1058,64686.7,92330.1184,0
1750295700000000,1.424,1.428,1.422,1.428,17050.8,1750296599999999,24305.4313,400,13207.3,18820.9914,0
1750296600000000,1.428,1.428,1.42,1.421,63641.6,1750297499999999,90560.7469,566,20952.6,29827.3454,0
1750297500000000,1.421,1.423,1.419,1.422,15370.7,1750298399999999,21838.1684,239,7720.7,10972.3781,0
1750298400000000,1.422,1.425,1.418,1.42,46750.5,1750299299999999,66479.4875,621,28252.6,40188.1711,0
1750299300000000,1.42,1.423,1.418,1.422,69117.5,1750300199999999,98244.3559,515,23802.6,33839.4315,0
1750300200000000,1.422,1.43,1.421,1.43,43927.5,1750301099999999,62689.2364,382,21191.2,30239.7025,0
1750301100000000,1.43,1.43,1.422,1.422,30835.2,1750301999999999,43951.9856,372,14937.6,21280.3747,0
1750302000000000,1.422,1.426,1.422,1.424,20004.0,1750302899999999,28508.1696,257,13347.9,19023.0596,0
1750302900000000,1.424,1.43,1.424,1.43,62356.9,1750303799999999,88946.4584,394,10327.8,14739.8857,0
1750303800000000,1.429,1.43,1.427,1.429,14824.8,1750304699999999,21175.4029,246,7982.5,11401.6314,0
1750304700000000,1.43,1.432,1.427,1.431,23910.8,1750305599999999,34194.5648,334,10663.5,15246.59,0
1750305600000000,1.432,1.437,1.427,1.436,105167.0,1750306499999999,150377.9416,670,45575.9,65182.7343,0
1750306500000000,1.435,1.435,1.428,1.428,48091.5,1750307399999999,68825.4165,301,8871.3,12686.6502,0
1750307400000000,1.427,1.43,1.425,1.43,31449.9,1750308299999999,44879.9491,299,15336.3,21889.1567,0
1750308300000000,1.43,1.433,1.429,1.433,36186.2,1750309199999999,51800.7276,270,19313.7,27654.0705,0
1750309200000000,1.433,1.438,1.432,1.435,52972.6,1750310099999999,76026.9403,519,24629.5,35333.8246,0
1750310100000000,1.434,1.441,1.433,1.439,49224.2,1750310999999999,70760.4736,549,20949.3,30107.631,0
1750311000000000,1.439,1.441,1.433,1.435,34890.0,1750311899999999,50115.8688,376,12718.7,18274.8922,0
1750311900000000,1.435,1.435,1.429,1.432,72272.8,1750312799999999,103464.1182,459,34036.5,48738.6025,0
1750312800000000,1.432,1.433,1.425,1.425,103434.2,1750313699999999,147866.5422,580,27021.9,38622.3551,0
1750313700000000,1.426,1.427,1.421,1.422,53029.5,1750314599999999,75493.3545,689,27088.6,38576.7315,0
1750314600000000,1.422,1.426,1.422,1.423,128144.9,1750315499999999,182439.3512,568,111451.2,158657.3177,0
1750315500000000,1.424,1.425,1.422,1.423,58669.9,1750316399999999,83520.2979,467,16268.8,23173.3238,0
1750316400000000,1.424,1.428,1.424,1.427,72399.3,1750317299999999,103263.9914,413,21305.1,30383.163,0
1750317300000000,1.428,1.428,1.423,1.426,14974.4,1750318199999999,21354.0851,130,4118.6,5874.5842,0
1750318200000000,1.425,1.426,1.422,1.424,48388.0,1750319099999999,68901.765,295,11603.5,16533.1222,0
1750319100000000,1.425,1.426,1.421,1.422,19894.3,1750319999999999,28306.8033,259,7576.5,10782.6571,0
1750320000000000,1.422,1.43,1.421,1.428,38316.3,1750320899999999,54654.0711,340,16011.1,22827.8945,0
1750320900000000,1.428,1.429,1.427,1.429,4976.1,1750321799999999,7110.4511,163,1120.7,1601.3472,0
1750321800000000,1.429,1.429,1.426,1.427,22378.0,1750322699999999,31930.5921,332,10727.6,15305.2208,0
1750322700000000,1.428,1.429,1.42,1.42,134543.4,1750323599999999,191685.5026,485,48221.4,68648.7256,0
1750323600000000,1.42,1.423,1.419,1.421,62652.1,1750324499999999,89023.2341,401,42127.1,59867.3911,0
1750324500000000,1.421,1.427,1.421,1.426,43686.5,1750325399999999,62262.6396,323,9424.3,13427.4152,0
1750325400000000,1.427,1.428,1.426,1.427,22051.1,1750326299999999,31468.189,263,5087.2,7261.4222,0
1750326300000000,1.427,1.433,1.427,1.431,67078.4,1750327199999999,95980.8837,701,32015.0,45819.4082,0
1750327200000000,1.431,1.432,1.427,1.43,17893.0,1750328099999999,25583.7435,263,4349.2,6220.0372,0
1750328100000000,1.43,1.431,1.428,1.43,32703.7,1750328999999999,46728.6187,473,11897.3,17002.502,0
1750329000000000,1.43,1.431,1.425,1.427,27252.3,1750329899999999,38891.0707,263,4555.3,6503.9079,0
1750329900000000,1.426,1.428,1.424,1.426,12319.5,1750330799999999,17553.9391,173,5952.6,8483.001,0
1750330800000000,1.426,1.426,1.419,1.421,42454.2,1750331699999999,60355.4461,341,24804.7,35260.6698,0
1750331700000000,1.42,1.421,1.419,1.419,10211.1,1750332599999999,14500.5385,139,7840.5,11134.8599,0
1750332600000000,1.419,1.42,1.416,1.417,36291.6,1750333499999999,51451.2019,307,14566.1,20651.3518,0
1750333500000000,1.417,1.42,1.414,1.418,46230.4,1750334399999999,65478.1596,433,15240.5,21593.5907,0
1750334400000000,1.418,1.422,1.414,1.422,60711.5,1750335299999999,86121.0197,524,34186.9,48513.7933,0
1750335300000000,1.422,1.422,1.419,1.422,10688.8,1750336199999999,15188.584,258,3690.9,5244.1593,0
1750336200000000,1.421,1.422,1.415,1.415,29046.9,1750337099999999,41202.2224,345,3564.5,5057.5695,0
1750337100000000,1.415,1.419,1.414,1.418,8628.9,1750337999999999,12216.2144,236,5222.1,7395.2816,0
1750338000000000,1.419,1.42,1.417,1.418,21318.4,1750338899999999,30239.4328,289,6735.9,9559.1244,0
1750338900000000,1.417,1.423,1.416,1.423,53354.5,1750339799999999,75740.6713,474,28451.9,40396.6158,0
1750339800000000,1.423,1.423,1.416,1.416,38186.9,1750340699999999,54173.0269,381,11700.2,16587.6671,0
1750340700000000,1.416,1.417,1.409,1.412,61534.9,1750341599999999,86934.8389,589,24860.3,35149.317,0
1750341600000000,1.412,1.416,1.411,1.413,12892.6,1750342499999999,18224.5737,258,4081.6,5769.2694,0
1750342500000000,1.414,1.419,1.411,1.416,41919.0,1750343399999999,59273.2131,457,12845.1,18185.1201,0
1750343400000000,1.416,1.417,1.406,1.407,78708.2,1750344299999999,110927.2895,645,29213.6,41160.245,0
1750344300000000,1.407,1.407,1.402,1.404,46136.7,1750345199999999,64809.0726,637,11373.1,15974.9123,0
1750345200000000,1.404,1.405,1.395,1.402,101915.1,1750346099999999,142765.7162,877,45825.7,64182.8464,0
1750346100000000,1.403,1.406,1.4,1.404,23594.7,1750346999999999,33100.0723,380,6660.1,9340.9757,0
1750347000000000,1.403,1.403,1.399,1.402,24617.8,1750347899999999,34472.6208,367,4992.5,6993.103,0
1750347900000000,1.401,1.405,1.399,1.4,36552.2,1750348799999999,51235.8441,408,10974.9,15394.8536,0
1750348800000000,1.401,1.408,1.401,1.406,24894.4,1750349699999999,34973.9846,345,18479.9,25965.261,0
1750349700000000,1.406,1.408,1.404,1.408,22082.5,1750350599999999,31051.1091,345,8906.9,12530.4031,0
1750350600000000,1.408,1.408,1.403,1.406,14290.6,1750351499999999,20077.6684,255,7817.4,10983.7011,0
1750351500000000,1.407,1.407,1.395,1.397,61496.0,1750352399999999,86073.0128,529,19708.5,27581.2012,0
1750352400000000,1.397,1.401,1.393,1.399,58299.4,1750353299999999,81424.3385,547,17109.9,23900.8709,0
1750353300000000,1.4,1.401,1.396,1.4,17739.5,1750354199999999,24794.397,281,3039.1,4251.5568,0
1750354200000000,1.399,1.416,1.397,1.415,121245.0,1750355099999999,171112.4472,1151,72415.2,102188.9606,0
1750355100000000,1.416,1.421,1.412,1.412,88280.1,1750355999999999,125164.8073,816,44285.4,62821.2403,0
1750356000000000,1.413,1.424,1.413,1.422,101577.2,1750356899999999,144151.5903,837,53231.7,75555.8979,0
1750356900000000,1.422,1.424,1.415,1.415,48921.1,1750357799999999,69407.7453,380,14628.8,20748.2454,0
1750357800000000,1.415,1.417,1.405,1.406,84539.6,1750358699999999,119160.3542,532,27355.8,38565.2915,0
1750358700000000,1.405,1.406,1.401,1.406,30000.0,1750359599999999,42103.5182,270,5279.1,7410.6009,0
1750359600000000,1.406,1.409,1.403,1.408,34174.4,1750360499999999,48063.0505,353,20922.5,29438.5516,0
1750360500000000,1.409,1.409,1.406,1.407,27893.8,1750361399999999,39268.6167,397,15780.0,22219.1282,0
1750361400000000,1.407,1.407,1.402,1.403,25967.0,1750362299999999,36456.1528,305,12381.9,17384.6893,0
1750362300000000,1.403,1.405,1.402,1.403,16023.7,1750363199999999,22477.6736,263,5443.2,7638.0691,0
1750363200000000,1.403,1.409,1.403,1.407,52010.5,1750364099999999,73150.8392,364,25201.0,35441.2404,0
1750364100000000,1.408,1.41,1.403,1.405,58644.6,1750364999999999,82494.6683,340,24297.1,34175.9863,0
1750365000000000,1.404,1.406,1.398,1.398,47281.6,1750365899999999,66269.8604,293,6051.5,8485.8613,0
1750365900000000,1.398,1.403,1.397,1.402,69324.3,1750366799999999,97112.1582,553,33928.7,47522.7676,0
1750366800000000,1.402,1.403,1.4,1.402,19691.2,1750367699999999,27593.5181,220,14122.6,19788.9758,0
1750367700000000,1.403,1.407,1.402,1.402,54963.9,1750368599999999,77198.9002,414,21373.8,30021.4659,0
1750368600000000,1.402,1.408,1.399,1.405,90052.4,1750369499999999,126442.2551,797,29488.3,41380.7562,0
1750369500000000,1.405,1.407,1.401,1.403,26669.3,1750370399999999,37464.3886,391,7601.8,10679.0289,0
1750370400000000,1.403,1.409,1.403,1.408,33521.3,1750371299999999,47125.7166,718,13266.0,18644.3111,0
1750371300000000,1.408,1.41,1.405,1.407,51507.8,1750372199999999,72508.7442,478,24241.4,34123.6609,0
1750372200000000,1.407,1.416,1.407,1.413,58003.2,1750373099999999,81914.6473,494,29798.7,42095.7971,0
1750373100000000,1.414,1.417,1.409,1.409,59687.2,1750373999999999,84300.1547,658,25475.7,35983.2699,0
1750374000000000,1.409,1.409,1.402,1.406,132935.5,1750374899999999,186866.1394,855,50143.7,70506.8974,0
1750374900000000,1.407,1.409,1.402,1.402,32971.6,1750375799999999,46317.8367,223,13142.9,18467.0231,0
1750375800000000,1.402,1.404,1.4,1.402,115434.8,1750376699999999,161796.8377,577,41168.4,57710.4845,0
1750376700000000,1.403,1.404,1.401,1.401,34885.4,1750377599999999,48934.4101,314,13457.3,18882.202,0
1750377600000000,1.402,1.405,1.399,1.403,56987.9,1750378499999999,79857.3064,523,26992.4,37827.1731,0
1750378500000000,1.403,1.404,1.396,1.396,71455.0,1750379399999999,99979.6505,411,21150.4,29600.8047,0
1750379400000000,1.396,1.402,1.396,1.401,35249.3,1750380299999999,49280.8496,374,14023.2,19609.8021,0
1750380300000000,1.401,1.406,1.399,1.399,58974.9,1750381199999999,82704.7142,426,15823.5,22206.6417,0
1750381200000000,1.4,1.401,1.394,1.397,87247.9,1750382099999999,121980.3218,704,43125.8,60307.801,0
1750382100000000,1.397,1.398,1.385,1.39,153775.5,1750382999999999,213820.4425,1121,45706.0,63487.8761,0
1750383000000000,1.39,1.402,1.39,1.401,78361.9,1750383899999999,109393.6943,651,55148.6,76978.4886,0
1750383900000000,1.401,1.405,1.399,1.404,29947.3,1750384799999999,42025.2776,344,11141.5,15639.1369,0
1750384800000000,1.405,1.406,1.403,1.404,40984.3,1750385699999999,57576.4739,409,28833.8,40507.0813,0
1750385700000000,1.404,1.404,1.395,1.402,139101.5,1750386599999999,194678.0872,904,46376.4,64893.4614,0
1750386600000000,1.402,1.402,1.389,1.393,193209.4,1750387499999999,269283.7464,1425,75929.0,105859.5119,0
1750387500000000,1.393,1.399,1.391,1.397,60853.9,1750388399999999,84894.4152,555,40665.9,56734.2275,0
1750388400000000,1.397,1.398,1.394,1.396,16841.4,1750389299999999,23501.5799,301,8260.3,11530.2771,0
1750389300000000,1.396,1.402,1.395,1.401,139887.6,1750390199999999,195681.3296,933,42278.7,59150.278,0
1750390200000000,1.4,1.4,1.398,1.398,17269.4,1750391099999999,24161.9423,176,11320.5,15839.538,0
1750391100000000,1.398,1.399,1.396,1.397,10921.5,1750391999999999,15257.7583,240,6097.0,8517.997,0
1750392000000000,1.397,1.399,1.389,1.396,250791.7,1750392899999999,349463.7966,1772,113021.4,157548.4732,0
1750392900000000,1.396,1.397,1.39,1.392,47743.4,1750393799999999,66517.0836,871,26129.0,36403.0618,0
1750393800000000,1.391,1.393,1.388,1.389,28956.4,1750394699999999,40243.6545,435,19089.5,26533.48,0
1750394700000000,1.388,1.39,1.383,1.386,156135.1,1750395599999999,216523.7753,886,67664.0,93833.3162,0
1750395600000000,1.386,1.39,1.386,1.39,22193.7,1750396499999999,30811.6905,427,13251.6,18397.2453,0
1750396500000000,1.39,1.39,1.386,1.388,16199.7,1750397399999999,22477.4854,363,11305.1,15686.627,0
1750397400000000,1.388,1.394,1.388,1.394,28887.0,1750398299999999,40195.3982,254,14135.0,19668.3213,0
1750398300000000,1.394,1.399,1.394,1.398,34446.8,1750399199999999,48100.1009,208,21088.8,29452.4059,0
1750399200000000,1.398,1.403,1.398,1.403,27903.3,1750400099999999,39092.7693,235,12503.1,17516.3317,0
1750400100000000,1.403,1.407,1.401,1.404,37739.5,1750400999999999,53013.7347,312,14093.8,19798.3142,0
1750401000000000,1.404,1.405,1.401,1.404,60579.5,1750401899999999,84995.3686,478,13945.0,19568.6257,0
1750401900000000,1.403,1.403,1.398,1.402,23617.7,1750402799999999,33082.981,285,9685.0,13565.6904,0
1750402800000000,1.402,1.404,1.398,1.404,20008.1,1750403699999999,28029.6295,311,7591.9,10638.6246,0
1750403700000000,1.404,1.43,1.404,1.425,335510.4,1750404599999999,475954.7785,2684,211667.9,300207.6995,0
1750404600000000,1.426,1.431,1.424,1.425,77714.3,1750405499999999,110955.3288,1133,35335.2,50460.6745,0
1750405500000000,1.425,1.433,1.422,1.43,85044.5,1750406399999999,121439.0718,994,46788.2,66831.3959,0
1750406400000000,1.43,1.438,1.428,1.433,139826.1,1750407299999999,200511.3577,1413,52231.8,74890.0171,0
1750407300000000,1.433,1.436,1.432,1.434,37251.9,1750408199999999,53411.6896,752,25050.7,35917.6743,0
1750408200000000,1.434,1.436,1.421,1.421,78706.1,1750409099999999,112527.6301,870,18415.7,26328.2991,0
1750409100000000,1.421,1.429,1.421,1.427,80401.4,1750409999999999,114667.2664,854,40576.6,57879.6641,0
1750410000000000,1.427,1.429,1.417,1.426,168489.9,1750410899999999,239653.3818,1444,70150.8,99798.2805,0
1750410900000000,1.426,1.426,1.419,1.419,118224.0,1750411799999999,168101.5651,1299,64943.3,92354.974,0
1750411800000000,1.42,1.421,1.419,1.42,32752.1,1750412699999999,46492.7441,433,20956.6,29752.1189,0
1750412700000000,1.42,1.423,1.418,1.421,41382.6,1750413599999999,58785.5337,491,21733.7,30865.3327,0
1750413600000000,1.421,1.422,1.417,1.421,64797.0,1750414499999999,91994.1302,579,36463.7,51765.3158,0
1750414500000000,1.422,1.425,1.42,1.422,23988.1,1750415399999999,34117.2752,252,5699.7,8108.7848,0
1750415400000000,1.422,1.425,1.422,1.424,25275.8,1750416299999999,35965.6285,232,13159.6,18727.7274,0
1750416300000000,1.424,1.425,1.42,1.421,12443.2,1750417199999999,17681.0538,239,7582.1,10772.3686,0
1750417200000000,1.42,1.422,1.419,1.42,18207.2,1750418099999999,25860.7622,319,10266.1,14581.6277,0
1750418100000000,1.42,1.42,1.415,1.418,43615.6,1750418999999999,61808.1022,330,14214.0,20151.4442,0
1750419000000000,1.417,1.42,1.415,1.42,23185.2,1750419899999999,32844.4973,316,10269.7,14552.5298,0
1750419900000000,1.421,1.423,1.42,1.42,31571.2,1750420799999999,44892.3164,309,16169.5,22990.3802,0
1750420800000000,1.421,1.424,1.42,1.423,46593.7,1750421699999999,66285.5024,353,30004.4,42690.5574,0
1750421700000000,1.423,1.424,1.422,1.423,20202.8,1750422599999999,28747.6293,283,10168.0,14470.1531,0
1750422600000000,1.423,1.427,1.421,1.424,40341.7,1750423499999999,57468.6936,414,17243.1,24564.9378,0
1750423500000000,1.424,1.426,1.422,1.423,18642.1,1750424399999999,26553.6782,262,13580.9,19348.1271,0
1750424400000000,1.423,1.427,1.423,1.424,17399.2,1750425299999999,24799.242,269,11570.2,16488.4528,0
1750425300000000,1.424,1.427,1.423,1.424,26350.2,1750426199999999,37541.1868,360,14153.6,20167.2056,0
1750426200000000,1.425,1.426,1.42,1.422,31769.9,1750427099999999,45201.5801,865,9924.4,14120.1066,0
1750427100000000,1.422,1.422,1.413,1.417,94703.2,1750427999999999,134232.6668,1081,44982.0,63765.4277,0
1750428000000000,1.416,1.419,1.409,1.41,80278.1,1750428899999999,113463.8565,817,21276.8,30074.2011,0
1750428900000000,1.41,1.415,1.399,1.404,204300.9,1750429799999999,287593.6059,1759,91230.1,128454.9873,0
1750429800000000,1.403,1.406,1.393,1.394,190729.7,1750430699999999,267035.2123,1665,82892.3,116089.841,0
1750430700000000,1.394,1.396,1.37,1.371,402830.5,1750431599999999,556339.8317,3791,178792.6,246953.7994,0
1750431600000000,1.371,1.373,1.361,1.369,602587.0,1750432499999999,823709.2794,4481,337843.3,461885.0294,0
1750432500000000,1.369,1.374,1.365,1.368,172581.9,1750433399999999,236332.0373,1402,75641.6,103636.9866,0
1750433400000000,1.368,1.375,1.363,1.374,110706.7,1750434299999999,151533.2897,989,57052.1,78115.0067,0
1750434300000000,1.374,1.374,1.363,1.366,72790.9,1750435199999999,99601.8816,714,30286.8,41449.9968,0
1750435200000000,1.367,1.367,1.349,1.351,441547.0,1750436099999999,598923.3157,2118,205086.8,278242.4284,0
1750436100000000,1.352,1.353,1.335,1.34,636942.5,1750436999999999,855049.3495,3411,298735.6,400788.5919,0
1750437000000000,1.34,1.343,1.333,1.337,136227.8,1750437899999999,182202.7666,1069,61570.2,82377.2365,0
1750437900000000,1.337,1.343,1.333,1.337,164252.4,1750438799999999,219751.6515,1082,91081.0,121846.8583,0
1750438800000000,1.337,1.341,1.329,1.334,176922.8,1750439699999999,235972.8949,1277,82694.0,110314.3738,0
1750439700000000,1.334,1.335,1.304,1.316,837050.1,1750440599999999,1100962.9958,5545,393272.1,516538.5862,0
1750440600000000,1.315,1.316,1.302,1.316,308181.0,1750441499999999,403414.4832,2469,158577.7,207655.2044,0
1750441500000000,1.317,1.329,1.315,1.327,264064.4,1750442399999999,348806.737,2070,150483.3,198862.8375,0
1750442400000000,1.326,1.338,1.322,1.337,296494.8,1750443299999999,394249.8322,1753,167139.2,222512.3398,0
1750443300000000,1.337,1.343,1.336,1.338,213887.2,1750444199999999,286433.1742,1228,97225.6,130230.5305,0
1750444200000000,1.338,1.344,1.336,1.338,63554.4,1750445099999999,85165.0228,476,23465.0,31452.9703,0
1750445100000000,1.338,1.341,1.337,1.338,28556.9,1750445999999999,38238.1708,349,16387.1,21938.2652,0
1750446000000000,1.338,1.339,1.331,1.332,31817.2,1750446899999999,42445.053,466,5986.0,7988.9725,0
1750446900000000,1.333,1.338,1.333,1.337,14640.4,1750447799999999,19559.2825,320,7235.6,9663.9791,0
1750447800000000,1.337,1.342,1.337,1.341,45380.2,1750448699999999,60827.4751,454,20374.7,27312.6968,0
1750448700000000,1.341,1.349,1.338,1.346,146880.1,1750449599999999,197231.0093,683,71607.8,96195.7196,0
1750449600000000,1.346,1.365,1.346,1.363,211109.2,1750450499999999,286814.5598,1009,128942.5,175065.9711,0
1750450500000000,1.363,1.363,1.354,1.359,109481.6,1750451399999999,148737.1696,725,46752.2,63490.0141,0
1750451400000000,1.36,1.36,1.357,1.357,52642.6,1750452299999999,71512.0655,483,12954.2,17596.7992,0
1750452300000000,1.357,1.358,1.355,1.356,58274.7,1750453199999999,79050.1359,315,30953.0,41978.486,0
1750453200000000,1.356,1.356,1.351,1.352,25438.7,1750454099999999,34416.7522,242,16309.4,22074.1904,0
1750454100000000,1.352,1.353,1.342,1.346,53594.5,1750454999999999,72272.6888,408,15155.9,20444.3323,0
1750455000000000,1.346,1.349,1.346,1.347,24681.9,1750455899999999,33256.4508,277,11145.1,15019.5053,0
1750455900000000,1.347,1.347,1.343,1.344,9767.9,1750456799999999,13131.2952,169,6898.7,9274.5954,0
1750456800000000,1.343,1.345,1.336,1.338,78881.2,1750457699999999,105781.1099,595,26224.8,35172.3184,0
1750457700000000,1.337,1.339,1.332,1.334,83366.3,1750458599999999,111372.8118,645,41025.6,54823.1598,0
1750458600000000,1.333,1.336,1.328,1.332,50914.1,1750459499999999,67837.3855,471,27999.1,37316.9693,0
1750459500000000,1.331,1.331,1.326,1.33,43642.7,1750460399999999,57989.2248,415,20266.5,26933.0748,0
1750460400000000,1.329,1.332,1.327,1.329,21080.0,1750461299999999,28029.5591,283,12089.4,16077.4619,0
1750461300000000,1.328,1.333,1.328,1.333,6371.0,1750462199999999,8479.8288,144,3299.0,4390.451,0
1750462200000000,1.334,1.339,1.334,1.338,47685.6,1750463099999999,63718.3153,414,17984.6,24038.2935,0
1750463100000000,1.339,1.34,1.335,1.336,55008.6,1750463999999999,73552.0209,332,11971.1,16013.3778,0
1750464000000000,1.336,1.338,1.336,1.336,24982.8,1750464899999999,33397.6789,378,8896.3,11894.4679,0
1750464900000000,1.336,1.345,1.335,1.344,63969.1,1750465799999999,85776.9688,496,34828.3,46684.7364,0
1750465800000000,1.344,1.344,1.337,1.339,103034.8,1750466699999999,138027.5644,612,28634.0,38381.4537,0
1750466700000000,1.339,1.339,1.335,1.337,63565.7,1750467599999999,84925.0777,398,20124.4,26892.0247,0
1750467600000000,1.337,1.338,1.335,1.338,27340.7,1750468499999999,36548.718,225,10097.2,13499.7739,0
1750468500000000,1.339,1.343,1.336,1.343,12375.0,1750469399999999,16563.2805,228,8779.9,11749.7768,0
1750469400000000,1.342,1.347,1.342,1.347,77320.2,1750470299999999,103960.8689,521,49032.1,65936.7021,0
1750470300000000,1.346,1.348,1.345,1.348,61436.2,1750471199999999,82699.8498,348,17552.4,23634.8472,0
1750471200000000,1.348,1.348,1.343,1.346,77752.5,1750472099999999,104547.2543,410,20100.4,27051.9687,0
1750472100000000,1.345,1.347,1.345,1.345,22496.3,1750472999999999,30274.4732,243,10248.5,13793.7987,0
1750473000000000,1.345,1.347,1.342,1.342,76798.7,1750473899999999,103266.3253,407,19370.8,26046.485,0
1750473900000000,1.342,1.343,1.34,1.343,25727.1,1750474799999999,34516.1868,171,20091.1,26956.6781,0
1750474800000000,1.343,1.345,1.343,1.344,40749.6,1750475699999999,54767.3132,275,13000.0,17471.3947,0
1750475700000000,1.344,1.344,1.341,1.343,31294.5,1750476599999999,42007.8233,272,16619.7,22304.926,0
1750476600000000,1.344,1.347,1.343,1.344,35278.5,1750477499999999,47445.5616,293,15953.3,21455.0789,0
1750477500000000,1.344,1.345,1.34,1.34,37854.6,1750478399999999,50829.1518,320,14434.1,19387.0574,0
1750478400000000,1.34,1.341,1.338,1.34,30869.0,1750479299999999,41355.0952,394,15031.7,20137.7902,0
1750479300000000,1.34,1.342,1.337,1.338,20591.3,1750480199999999,27574.5064,319,4853.0,6501.1494,0
1750480200000000,1.337,1.339,1.336,1.339,22411.6,1750481099999999,29978.205,240,13057.4,17467.501,0
1750481100000000,1.338,1.338,1.335,1.337,46614.1,1750481999999999,62304.2262,375,16658.6,22268.1946,0
1750482000000000,1.338,1.339,1.336,1.337,13175.6,1750482899999999,17623.084,228,7669.0,10259.7449,0
1750482900000000,1.337,1.341,1.337,1.341,11593.2,1750483799999999,15521.6734,176,7067.2,9462.2489,0
1750483800000000,1.34,1.342,1.339,1.339,28454.4,1750484699999999,38166.7222,271,9074.8,12173.8198,0
1750484700000000,1.34,1.34,1.337,1.339,37517.5,1750485599999999,50216.8726,394,9960.0,13337.0389,0
1750485600000000,1.34,1.342,1.339,1.34,46555.8,1750486499999999,62416.289,428,20530.4,27531.6821,0
1750486500000000,1.34,1.342,1.338,1.341,23989.5,1750487399999999,32142.2385,270,6667.0,8931.1607,0
1750487400000000,1.342,1.344,1.34,1.344,40750.1,1750488299999999,54707.9144,283,20641.5,27712.4279,0
1750488300000000,1.344,1.348,1.344,1.347,33389.0,1750489199999999,44944.2109,340,13410.0,18049.4726,0
1750489200000000,1.347,1.347,1.337,1.337,59862.3,1750490099999999,80323.6756,449,14448.1,19392.4551,0
1750490100000000,1.337,1.345,1.337,1.344,26792.1,1750490999999999,35936.447,280,17635.9,23645.5651,0
1750491000000000,1.344,1.346,1.343,1.345,13697.6,1750491899999999,18419.0069,151,6216.0,8360.3971,0
1750491900000000,1.346,1.346,1.344,1.345,17760.8,1750492799999999,23894.0125,192,4503.3,6059.3875,0
1750492800000000,1.345,1.348,1.344,1.344,41339.6,1750493699999999,55649.5318,350,15829.6,21313.7274,0
1750493700000000,1.344,1.344,1.342,1.343,20314.6,1750494599999999,27281.5675,203,11961.5,16063.7158,0
1750494600000000,1.343,1.349,1.343,1.349,16315.8,1750495499999999,21955.3682,175,10844.0,14587.0587,0
1750495500000000,1.349,1.355,1.347,1.355,45973.4,1750496399999999,62124.604,396,33028.4,44625.2174,0
1750496400000000,1.356,1.356,1.353,1.354,28586.7,1750497299999999,38721.8682,363,17411.7,23584.0096,0
1750497300000000,1.355,1.356,1.354,1.356,21932.1,1750498199999999,29732.1741,199,20838.6,28250.0148,0
1750498200000000,1.356,1.364,1.354,1.363,44634.7,1750499099999999,60698.752,391,26463.8,35985.8326,0
1750499100000000,1.364,1.37,1.363,1.369,99392.2,1750499999999999,135891.2984,776,61769.4,84480.9996,0
1750500000000000,1.369,1.371,1.364,1.365,96830.1,1750500899999999,132330.2429,693,36481.9,49897.4911,0
1750500900000000,1.364,1.366,1.362,1.363,22756.0,1750501799999999,31022.1944,282,11706.9,15963.9951,0
1750501800000000,1.362,1.363,1.357,1.358,62318.9,1750502699999999,84725.8023,469,8164.4,11099.6649,0
1750502700000000,1.358,1.358,1.353,1.355,92589.7,1750503599999999,125481.9533,569,18667.6,25308.6336,0
1750503600000000,1.355,1.357,1.353,1.355,17023.2,1750504499999999,23068.7508,218,9259.0,12549.8999,0
1750504500000000,1.355,1.357,1.354,1.355,13554.4,1750505399999999,18372.2231,230,5766.4,7817.2407,0
1750505400000000,1.356,1.358,1.354,1.355,12762.5,1750506299999999,17306.6381,185,6484.3,8791.8807,0
1750506300000000,1.356,1.357,1.349,1.35,72630.5,1750507199999999,98164.8076,562,31532.0,42614.187,0
1750507200000000,1.35,1.352,1.349,1.351,13539.6,1750508099999999,18293.2844,252,7982.8,10784.4555,0
1750508100000000,1.352,1.352,1.345,1.348,65962.0,1750508999999999,88913.942,404,18346.8,24729.9158,0
1750509000000000,1.348,1.348,1.344,1.346,23708.4,1750509899999999,31912.6243,245,10198.9,13731.9319,0
1750509900000000,1.345,1.346,1.34,1.342,75998.5,1750510799999999,102067.5443,522,25128.7,33752.7143,0
1750510800000000,1.342,1.346,1.342,1.345,23479.0,1750511699999999,31557.6172,309,15585.6,20948.4423,0
1750511700000000,1.345,1.346,1.342,1.344,34592.7,1750512599999999,46509.7691,309,20196.4,27159.7136,0
1750512600000000,1.344,1.345,1.335,1.336,80070.6,1750513499999999,107226.168,519,19993.5,26789.5796,0
1750513500000000,1.335,1.336,1.324,1.324,148695.1,1750514399999999,197831.4943,1218,62290.7,82911.4676,0
1750514400000000,1.324,1.329,1.32,1.323,190698.1,1750515299999999,252704.9082,1041,96906.8,128479.855,0
1750515300000000,1.323,1.326,1.318,1.32,146215.9,1750516199999999,193259.0874,916,50661.6,66992.1092,0
1750516200000000,1.32,1.333,1.319,1.329,93926.7,1750517099999999,124668.0769,584,56301.7,74741.1001,0
1750517100000000,1.328,1.328,1.324,1.327,25781.2,1750517999999999,34187.3652,259,8904.3,11808.4374,0
1750518000000000,1.328,1.329,1.325,1.326,39191.2,1750518899999999,51996.8552,256,19135.9,25383.873,0
1750518900000000,1.326,1.326,1.318,1.318,32662.3,1750519799999999,43178.2707,309,7214.4,9535.404,0
1750519800000000,1.318,1.32,1.313,1.319,59116.2,1750520699999999,77822.5015,483,19810.1,26092.3,0
1750520700000000,1.318,1.326,1.314,1.325,76637.8,1750521599999999,101110.939,612,44670.6,58949.141,0
1750521600000000,1.325,1.329,1.32,1.324,74299.3,1750522499999999,98439.4323,451,26183.9,34689.0458,0
1750522500000000,1.325,1.33,1.325,1.33,31007.2,1750523399999999,41154.0018,352,19904.3,26419.8593,0
1750523400000000,1.329,1.329,1.319,1.32,63623.7,1750524299999999,84229.9356,571,10932.0,14476.2741,0
1750524300000000,1.32,1.321,1.317,1.32,25828.0,1750525199999999,34077.9643,392,6430.4,8485.1955,0
1750525200000000,1.319,1.321,1.316,1.317,45379.8,1750526099999999,59846.6963,495,19093.9,25190.2619,0
1750526100000000,1.317,1.321,1.309,1.309,140757.8,1750526999999999,185029.8475,916,58161.9,76502.1744,0
1750527000000000,1.309,1.309,1.298,1.304,183110.9,1750527899999999,238620.7581,1522,65378.6,85199.6981,0
1750527900000000,1.303,1.305,1.301,1.303,56392.9,1750528799999999,73461.5029,782,13107.6,17080.3398,0
1750528800000000,1.303,1.306,1.3,1.304,65185.1,1750529699999999,84941.8862,641,29588.5,38581.4648,0
1750529700000000,1.304,1.305,1.297,1.302,67111.0,1750530599999999,87247.7959,602,30914.1,40193.6403,0
1750530600000000,1.301,1.309,1.299,1.304,68712.4,1750531499999999,89718.8089,631,38642.9,50453.2695,0
1750531500000000,1.303,1.303,1.292,1.293,75715.5,1750532399999999,98261.9197,775,18161.3,23586.8791,0
1750532400000000,1.293,1.3,1.29,1.296,189539.7,1750533299999999,245603.5885,1189,115210.1,149404.5608,0
1750533300000000,1.296,1.299,1.293,1.294,72105.2,1750534199999999,93423.4892,637,23272.8,30170.7865,0
1750534200000000,1.293,1.297,1.285,1.288,114251.0,1750535099999999,147548.1235,1001,38207.4,49397.7439,0
1750535100000000,1.287,1.289,1.284,1.285,71452.4,1750535999999999,91928.191,709,34515.9,44431.6193,0
1750536000000000,1.285,1.293,1.283,1.292,153648.7,1750536899999999,197785.0837,1201,67274.1,86642.926,0
1750536900000000,1.292,1.295,1.287,1.294,77880.6,1750537799999999,100623.0454,729,50646.3,65463.7683,0
1750537800000000,1.293,1.301,1.293,1.296,139820.6,1750538699999999,181463.4473,688,63668.6,82642.3113,0
1750538700000000,1.296,1.306,1.293,1.305,162980.1,1750539599999999,211741.0724,1107,87848.5,114175.6229,0
1750539600000000,1.305,1.308,1.3,1.302,201314.9,1750540499999999,262502.8815,1316,111990.4,146032.0041,0
1750540500000000,1.301,1.305,1.274,1.285,324552.4,1750541399999999,416996.1342,2542,180651.0,231912.5907,0
1750541400000000,1.284,1.284,1.263,1.281,391493.1,1750542299999999,497562.553,2943,197544.0,250960.4622,0
1750542300000000,1.281,1.282,1.271,1.271,84301.8,1750543199999999,107760.4684,788,30532.6,39020.8908,0
1750543200000000,1.272,1.279,1.267,1.274,163335.0,1750544099999999,207952.8328,1113,88299.2,112447.4947,0
1750544100000000,1.274,1.279,1.272,1.276,43184.5,1750544999999999,55052.658,462,22823.9,29102.6063,0
1750545000000000,1.276,1.278,1.268,1.269,85052.4,1750545899999999,108337.0648,640,39214.2,49945.5629,0
1750545900000000,1.27,1.275,1.269,1.273,55438.9,1750546799999999,70585.5647,435,17714.2,22550.8441,0
1750546800000000,1.274,1.275,1.269,1.269,33799.4,1750547699999999,42967.5372,312,4697.2,5969.3892,0
1750547700000000,1.269,1.27,1.263,1.265,77249.4,1750548599999999,97761.8949,696,16226.3,20529.6852,0
1750548600000000,1.264,1.264,1.251,1.255,329650.5,1750549499999999,414255.4032,1937,106670.4,133896.2108,0
1750549500000000,1.255,1.283,1.248,1.282,715155.7,1750550399999999,904390.3755,4574,359471.3,454649.0551,0
1750550400000000,1.283,1.294,1.278,1.284,329710.0,1750551299999999,423879.4523,3084,187831.6,241378.7845,0
1750551300000000,1.284,1.297,1.283,1.289,176311.1,1750552199999999,227520.8639,2000,60393.4,77889.9845,0
1750552200000000,1.289,1.308,1.289,1.299,191509.6,1750553099999999,249233.5239,1292,107157.1,139517.538,0
1750553100000000,1.298,1.302,1.29,1.291,175790.9,1750553999999999,227640.0021,1047,67252.5,87090.0762,0
1750554000000000,1.291,1.301,1.289,1.299,78255.6,1750554899999999,101538.6949,619,52843.3,68572.9197,0
1750554900000000,1.298,1.299,1.289,1.29,99828.1,1750555799999999,129137.2568,703,29640.6,38351.6778,0
1750555800000000,1.291,1.291,1.281,1.288,105203.5,1750556699999999,135275.2865,690,60533.4,77855.1825,0
1750556700000000,1.288,1.29,1.282,1.282,46738.4,1750557599999999,60089.5508,474,18523.7,23832.1925,0
1750557600000000,1.281,1.292,1.277,1.284,108754.5,1750558499999999,139609.8806,1079,45388.4,58249.8663,0
1750558500000000,1.285,1.285,1.27,1.275,170101.2,1750559399999999,216944.2574,1045,45710.3,58333.7562,0
1750559400000000,1.275,1.281,1.27,1.279,243565.8,1750560299999999,310367.4495,1336,103499.1,131836.7589,0
1750560300000000,1.279,1.285,1.275,1.284,277196.0,1750561199999999,354879.7265,1415,77836.8,99676.5271,0
1750561200000000,1.284,1.288,1.284,1.284,31599.8,1750562099999999,40605.2261,254,10136.9,13031.7257,0
1750562100000000,1.285,1.287,1.276,1.276,93546.0,1750562999999999,119725.1636,684,32474.9,41559.3553,0
1750563000000000,1.276,1.285,1.276,1.281,164901.3,1750563899999999,211125.5698,880,53149.3,68044.6812,0
1750563900000000,1.282,1.284,1.277,1.284,63703.9,1750564799999999,81570.592,631,37017.9,47426.9196,0
1750564800000000,1.285,1.297,1.282,1.296,114683.3,1750565699999999,148194.9657,822,57738.5,74674.1958,0
1750565700000000,1.296,1.296,1.288,1.293,157889.8,1750566599999999,203946.0081,828,51392.8,66363.0913,0
1750566600000000,1.292,1.297,1.287,1.287,72090.3,1750567499999999,93117.9794,551,35104.8,45386.3202,0
1750567500000000,1.287,1.299,1.287,1.296,105544.0,1750568399999999,136563.2069,650,64774.8,83857.1692,0
1750568400000000,1.295,1.299,1.293,1.294,76091.7,1750569299999999,98694.4001,641,16844.2,21847.2314,0
1750569300000000,1.295,1.298,1.293,1.295,28632.9,1750570199999999,37074.8063,381,9056.1,11726.266,0
1750570200000000,1.295,1.295,1.289,1.291,44342.1,1750571099999999,57207.1984,348,13327.8,17200.8152,0
1750571100000000,1.291,1.296,1.288,1.296,49169.5,1750571999999999,63513.8565,424,22860.6,29523.5703,0
1750572000000000,1.295,1.3,1.293,1.3,95584.9,1750572899999999,124012.269,551,55319.3,71805.6657,0
1750572900000000,1.3,1.302,1.297,1.298,32106.1,1750573799999999,41735.9745,267,10851.7,14105.8495,0
1750573800000000,1.297,1.301,1.293,1.296,116286.3,1750574699999999,150750.2863,796,42077.5,54564.745,0
1750574700000000,1.296,1.298,1.291,1.295,98477.3,1750575599999999,127453.4964,527,29140.8,37739.383,0
1750575600000000,1.295,1.298,1.292,1.293,53889.4,1750576499999999,69780.5314,512,23715.8,30726.0737,0
1750576500000000,1.294,1.296,1.291,1.293,33525.8,1750577399999999,43322.8171,345,10126.6,13094.08,0
1750577400000000,1.292,1.292,1.285,1.286,67207.1,1750578299999999,86563.9307,539,38617.6,49752.2039,0
1750578300000000,1.286,1.288,1.285,1.286,30274.2,1750579199999999,38930.6704,276,9933.6,12779.211,0
1750579200000000,1.287,1.289,1.281,1.285,79147.5,1750580099999999,101628.6947,533,42256.2,54259.7675,0
1750580100000000,1.284,1.288,1.283,1.285,22458.5,1750580999999999,28868.157,397,7783.9,10005.8862,0
1750581000000000,1.286,1.287,1.281,1.282,44451.0,1750581899999999,57047.8768,454,10884.1,13976.9657,0
1750581900000000,1.282,1.282,1.278,1.282,28582.1,1750582799999999,36578.8901,250,7689.1,9839.1698,0
1750582800000000,1.283,1.285,1.278,1.281,75918.4,1750583699999999,97300.1053,548,28205.4,36161.9942,0
1750583700000000,1.282,1.283,1.271,1.273,114794.9,1750584599999999,146436.3561,942,53536.6,68279.654,0
1750584600000000,1.273,1.276,1.269,1.27,98377.3,1750585499999999,125231.2431,913,46342.7,59019.588,0
1750585500000000,1.27,1.271,1.261,1.261,107664.4,1750586399999999,136250.7594,1054,38417.6,48660.9236,0
1750586400000000,1.262,1.268,1.258,1.268,100374.9,1750587299999999,126676.3153,773,34551.5,43629.3189,0
1750587300000000,1.268,1.27,1.263,1.268,39077.8,1750588199999999,49489.9692,347,13210.2,16745.1197,0
1750588200000000,1.267,1.273,1.267,1.273,38711.6,1750589099999999,49189.3025,344,21121.6,26840.9783,0
1750589100000000,1.273,1.274,1.268,1.269,20190.2,1750589999999999,25656.4416,227,5653.2,7188.6416,0
1750590000000000,1.269,1.273,1.267,1.271,37546.1,1750590899999999,47727.2002,441,13109.0,16664.1191,0
1750590900000000,1.271,1.276,1.266,1.27,61676.7,1750591799999999,78395.0556,481,20998.7,26698.575,0
1750591800000000,1.269,1.269,1.264,1.265,41262.8,1750592699999999,52235.7019,390,10985.6,13905.6405,0
1750592700000000,1.265,1.266,1.262,1.264,57123.9,1750593599999999,72183.0702,524,23250.8,29396.6985,0
1750593600000000,1.264,1.27,1.262,1.266,122762.0,1750594499999999,155322.9375,765,58127.1,73553.1049,0
1750594500000000,1.265,1.265,1.259,1.26,61121.1,1750595399999999,77105.5443,545,33958.8,42844.823,0
1750595400000000,1.26,1.26,1.251,1.253,119051.8,1750596299999999,149406.7852,867,40747.5,51125.7703,0
1750596300000000,1.252,1.266,1.251,1.266,110800.4,1750597199999999,139539.483,607,77736.7,97901.4456,0
1750597200000000,1.267,1.269,1.253,1.253,114836.4,1750598099999999,144815.7469,883,32432.7,40907.0787,0
1750598100000000,1.253,1.253,1.213,1.222,895885.6,1750598999999999,1100630.3994,6241,421241.8,517140.2242,0
1750599000000000,1.221,1.228,1.211,1.213,698044.5,1750599899999999,852383.4309,6227,326312.6,398587.9701,0
1750599900000000,1.213,1.225,1.213,1.219,274560.4,1750600799999999,334588.8835,3032,107377.3,130829.7757,0
1750600800000000,1.219,1.225,1.214,1.215,203368.2,1750601699999999,247948.0208,1820,90402.9,110261.5464,0
1750601700000000,1.214,1.217,1.197,1.203,500076.4,1750602599999999,602284.6102,3622,188082.9,226483.6268,0
1750602600000000,1.203,1.213,1.192,1.196,390083.9,1750603499999999,469670.8774,3116,189750.4,228623.9827,0
1750603500000000,1.195,1.222,1.194,1.222,334687.1,1750604399999999,405336.292,2379,203267.8,246136.518,0
1750604400000000,1.222,1.223,1.214,1.216,221087.9,1750605299999999,269704.1058,1911,82894.9,101155.302,0
1750605300000000,1.216,1.221,1.207,1.207,177284.9,1750606199999999,215405.1402,1392,69533.5,84516.8199,0
1750606200000000,1.207,1.214,1.207,1.208,64378.3,1750607099999999,77948.1361,648,25944.1,31429.7965,0
1750607100000000,1.208,1.21,1.2,1.201,69742.2,1750607999999999,84062.3875,709,33176.5,40005.1254,0
1750608000000000,1.2,1.208,1.199,1.2,110228.3,1750608899999999,132566.5923,1138,63901.7,76856.5128,0
1750608900000000,1.2,1.205,1.198,1.201,137706.7,1750609799999999,165464.7925,924,50849.6,61110.504,0
1750609800000000,1.201,1.211,1.2,1.204,83540.8,1750610699999999,100760.0257,772,48027.8,57924.6927,0
1750610700000000,1.204,1.22,1.203,1.22,151589.8,1750611599999999,183599.4,1110,97585.4,118270.829,0
1750611600000000,1.219,1.236,1.218,1.231,297980.5,1750612499999999,364959.5351,1890,173244.9,212212.187,0
1750612500000000,1.23,1.23,1.215,1.218,161339.6,1750613399999999,197210.5379,1224,58801.6,71854.0749,0
1750613400000000,1.218,1.229,1.218,1.226,94767.3,1750614299999999,115980.8258,652,34722.2,42479.3119,0
1750614300000000,1.226,1.233,1.226,1.23,85016.8,1750615199999999,104572.549,618,35860.7,44093.1739,0
1750615200000000,1.23,1.232,1.224,1.224,65270.7,1750616099999999,80127.1487,497,15690.9,19283.4737,0
1750616100000000,1.223,1.225,1.22,1.224,44262.5,1750616999999999,54112.2893,431,17521.5,21425.6319,0
1750617000000000,1.223,1.226,1.217,1.226,97096.9,1750617899999999,118716.6274,553,45734.5,55899.1822,0
1750617900000000,1.225,1.225,1.218,1.219,81724.8,1750618799999999,99828.8979,526,38361.4,46856.7799,0
1750618800000000,1.218,1.223,1.214,1.218,121381.6,1750619699999999,148062.3505,636,58979.3,71981.3661,0
1750619700000000,1.218,1.219,1.215,1.218,99415.3,1750620599999999,121034.7524,662,32641.0,39757.2618,0
1750620600000000,1.219,1.221,1.216,1.218,57979.5,1750621499999999,70667.134,570,23382.7,28510.8215,0
1750621500000000,1.217,1.217,1.199,1.202,312643.2,1750622399999999,377100.9842,1351,102543.2,123647.3356,0
1750622400000000,1.202,1.204,1.181,1.186,469834.3,1750623299999999,558729.8043,3046,187183.6,222554.2876,0
1750623300000000,1.186,1.187,1.171,1.18,459338.9,1750624199999999,541880.4231,3325,178101.9,210096.4687,0
1750624200000000,1.18,1.204,1.179,1.202,280995.3,1750625099999999,335474.2553,1774,170362.4,203468.1561,0
1750625100000000,1.202,1.218,1.2,1.211,173182.0,1750625999999999,209594.7404,1107,87253.5,105538.5182,0
1750626000000000,1.211,1.217,1.211,1.216,149765.7,1750626899999999,181884.5725,1244,79892.1,97047.8257,0
1750626900000000,1.216,1.218,1.205,1.206,91627.4,1750627799999999,111104.3059,691,40169.7,48761.985,0
1750627800000000,1.205,1.207,1.198,1.206,89491.3,1750628699999999,107663.1677,631,30928.0,37216.4136,0
1750628700000000,1.206,1.206,1.199,1.201,28833.7,1750629599999999,34659.3379,309,7716.1,9269.1614,0
1750629600000000,1.201,1.223,1.201,1.22,267414.2,1750630499999999,324701.7348,1992,123751.7,150210.9849,0
1750630500000000,1.219,1.223,1.212,1.218,168355.4,1750631399999999,204876.5899,1288,84603.5,102953.2287,0
1750631400000000,1.217,1.24,1.217,1.24,207217.0,1750632299999999,254872.8888,1468,144757.0,177988.3932,0
1750632300000000,1.24,1.24,1.233,1.24,79761.5,1750633199999999,98620.2153,768,29261.3,36193.6065,0
1750633200000000,1.24,1.241,1.233,1.236,68949.7,1750634099999999,85254.7619,795,44248.0,54696.2264,0
1750634100000000,1.237,1.242,1.237,1.24,32902.3,1750634999999999,40775.5684,576,22132.7,27425.4899,0
1750635000000000,1.241,1.242,1.239,1.241,46708.0,1750635899999999,57961.0937,458,27999.1,34749.4795,0
1750635900000000,1.241,1.244,1.24,1.244,45919.8,1750636799999999,57027.0081,449,27385.0,34010.9009,0
1750636800000000,1.243,1.244,1.239,1.241,84957.9,1750637699999999,105452.6776,875,39330.1,48831.1172,0
1750637700000000,1.241,1.246,1.24,1.245,72116.8,1750638599999999,89727.0216,788,33946.2,42255.9496,0
1750638600000000,1.245,1.254,1.241,1.253,101158.9,1750639499999999,126205.3932,866,45610.4,56933.7331,0
1750639500000000,1.253,1.259,1.246,1.246,114903.5,1750640399999999,143907.016,1017,59930.0,75063.7841,0
1750640400000000,1.247,1.247,1.242,1.244,54316.5,1750641299999999,67553.0465,583,21601.9,26867.5446,0
1750641300000000,1.244,1.245,1.24,1.242,33874.9,1750642199999999,42078.9171,388,10327.6,12832.4146,0
1750642200000000,1.242,1.246,1.241,1.245,14967.9,1750643099999999,18617.2795,251,6803.1,8460.5732,0
1750643100000000,1.246,1.254,1.245,1.254,40764.3,1750643999999999,50985.6195,377,21656.5,27073.9254,0
1750644000000000,1.254,1.256,1.25,1.25,96037.5,1750644899999999,120414.7161,804,66284.7,83120.5582,0
1750644900000000,1.251,1.252,1.249,1.25,35339.2,1750645799999999,44192.5852,390,10185.0,12737.9521,0
1750645800000000,1.25,1.251,1.246,1.249,15007.8,1750646699999999,18744.7229,202,9722.1,12142.8061,0
1750646700000000,1.248,1.251,1.247,1.25,15040.7,1750647599999999,18785.6832,253,6308.7,7879.109,0
1750647600000000,1.249,1.252,1.247,1.25,41371.1,1750648499999999,51717.947,360,19086.1,23854.058,0
1750648500000000,1.25,1.25,1.246,1.247,19777.8,1750649399999999,24688.8439,314,8734.3,10898.1396,0
1750649400000000,1.246,1.249,1.244,1.244,22665.4,1750650299999999,28237.3531,243,12569.5,15662.4344,0
1750650300000000,1.244,1.248,1.243,1.246,72608.7,1750651199999999,90457.6204,455,59390.1,73995.1535,0
1750651200000000,1.247,1.248,1.245,1.247,12400.6,1750652099999999,15455.9872,255,8035.8,10015.3884,0
1750652100000000,1.248,1.254,1.248,1.252,35178.7,1750652999999999,44015.306,444,13047.4,16310.9562,0
1750653000000000,1.251,1.252,1.248,1.25,17033.0,1750653899999999,21292.9648,256,11103.7,13880.1345,0
1750653900000000,1.249,1.25,1.248,1.249,10778.4,1750654799999999,13458.9629,164,5661.9,7069.1118,0
1750654800000000,1.25,1.256,1.249,1.255,32609.7,1750655699999999,40873.2337,331,24753.8,31028.3053,0
1750655700000000,1.255,1.259,1.255,1.258,23576.5,1750656599999999,29641.2329,342,15943.3,20045.815,0
1750656600000000,1.258,1.258,1.255,1.258,23476.5,1750657499999999,29502.046,258,10523.1,13226.5973,0
1750657500000000,1.258,1.269,1.258,1.267,131911.4,1750658399999999,166844.7371,921,68139.6,86140.4317,0
1750658400000000,1.267,1.271,1.267,1.268,67903.9,1750659299999999,86152.4725,606,29056.8,36875.2802,0
1750659300000000,1.269,1.27,1.262,1.262,34567.8,1750660199999999,43732.2974,400,15372.9,19457.2644,0
1750660200000000,1.262,1.265,1.261,1.261,53508.8,1750661099999999,67589.8037,583,20879.1,26374.1791,0
1750661100000000,1.262,1.267,1.26,1.266,29347.4,1750661999999999,37064.0779,347,20050.9,25320.999,0
1750662000000000,1.267,1.274,1.266,1.271,89476.0,1750662899999999,113747.7853,791,55761.5,70879.8635,0
1750662900000000,1.27,1.271,1.267,1.268,46511.2,1750663799999999,59018.1973,382,17730.4,22507.2278,0
1750663800000000,1.269,1.269,1.266,1.267,25528.6,1750664699999999,32373.478,406,15938.0,20216.5736,0
1750664700000000,1.267,1.269,1.266,1.267,20665.3,1750665599999999,26178.3779,271,12258.0,15529.0865,0
1750665600000000,1.266,1.27,1.264,1.266,69055.4,1750666499999999,87515.4,519,30859.5,39088.0126,0
1750666500000000,1.265,1.266,1.262,1.264,35703.9,1750667399999999,45111.3286,310,22723.4,28710.901,0
1750667400000000,1.263,1.263,1.258,1.26,40215.8,1750668299999999,50664.0455,370,18994.8,23939.1359,0
1750668300000000,1.261,1.263,1.259,1.262,27438.1,1750669199999999,34596.977,311,13014.2,16411.625,0
1750669200000000,1.262,1.262,1.257,1.259,19933.4,1750670099999999,25100.1392,288,11318.6,14252.0046,0
1750670100000000,1.259,1.26,1.253,1.254,24927.6,1750670999999999,31308.4919,396,11949.4,15006.1353,0
1750671000000000,1.254,1.258,1.254,1.258,12615.6,1750671899999999,15846.3308,276,6477.3,8137.3781,0
1750671900000000,1.258,1.262,1.258,1.261,18306.2,1750672799999999,23055.5763,182,7764.3,9782.6163,0
1750672800000000,1.261,1.261,1.254,1.256,33854.8,1750673699999999,42540.7234,438,12791.7,16066.8728,0
1750673700000000,1.256,1.256,1.253,1.254,15988.4,1750674599999999,20063.6786,220,9568.6,12006.7728,0
1750674600000000,1.254,1.256,1.25,1.251,27911.4,1750675499999999,34971.9015,304,4833.7,6065.3365,0
1750675500000000,1.251,1.255,1.25,1.255,27449.3,1750676399999999,34368.806,212,7123.5,8924.2214,0
1750676400000000,1.254,1.256,1.253,1.254,25911.5,1750677299999999,32521.1926,380,11855.4,14879.3655,0
1750677300000000,1.254,1.254,1.248,1.249,38241.1,1750678199999999,47821.7674,340,17630.5,22056.505,0
1750678200000000,1.249,1.253,1.249,1.253,33525.6,1750679099999999,41977.5454,326,14997.8,18781.1767,0
1750679100000000,1.253,1.258,1.251,1.256,86343.1,1750679999999999,108352.968,814,32982.9,41396.4337,0
1750680000000000,1.256,1.257,1.251,1.251,66646.1,1750680899999999,83504.2675,524,22857.3,28642.4321,0
1750680900000000,1.251,1.254,1.25,1.252,32874.1,1750681799999999,41181.41,366,19017.9,23821.3464,0
1750681800000000,1.253,1.266,1.252,1.263,102517.5,1750682699999999,129205.8193,723,53857.5,67883.7687,0
1750682700000000,1.263,1.271,1.262,1.27,99484.8,1750683599999999,126053.6266,733,73502.3,93134.8774,0
1750683600000000,1.27,1.271,1.259,1.26,91654.1,1750684499999999,115876.1383,708,40598.1,51351.4957,0
1750684500000000,1.26,1.261,1.255,1.257,32151.5,1750685399999999,40448.9817,443,23242.8,29240.4438,0
1750685400000000,1.256,1.29,1.248,1.283,458030.3,1750686299999999,581416.9264,3577,254849.2,323821.9999,0
1750686300000000,1.283,1.291,1.279,1.289,402145.3,1750687199999999,516542.612,3950,181024.2,232664.7876,0
1750687200000000,1.289,1.297,1.287,1.29,292736.4,1750688099999999,378115.1465,3248,130897.4,169139.2051,0
1750688100000000,1.289,1.29,1.277,1.278,132458.3,1750688999999999,170052.0299,1280,46219.7,59328.5051,0
1750689000000000,1.278,1.284,1.276,1.28,68875.4,1750689899999999,88146.8415,1013,37836.2,48443.6525,0
1750689900000000,1.28,1.283,1.273,1.275,81576.9,1750690799999999,104105.1021,992,40397.7,51547.3732,0
1750690800000000,1.275,1.281,1.274,1.279,49897.4,1750691699999999,63812.3969,701,31313.2,40042.5243,0
1750691700000000,1.279,1.28,1.271,1.271,83941.8,1750692599999999,107120.6503,860,29161.1,37220.824,0
1750692600000000,1.27,1.277,1.268,1.269,60799.9,1750693499999999,77374.5887,653,26096.6,33222.7058,0
1750693500000000,1.269,1.269,1.261,1.263,79104.4,1750694399999999,99998.1038,841,42322.0,53492.3005,0
1750694400000000,1.263,1.263,1.252,1.253,85136.2,1750695299999999,107159.1298,1034,39783.9,50114.953,0
1750695300000000,1.252,1.254,1.234,1.235,234498.1,1750696199999999,291521.1615,1982,101686.4,126505.6221,0
1750696200000000,1.235,1.241,1.225,1.24,271414.1,1750697099999999,334734.0723,2835,124553.8,153676.1111,0
1750697100000000,1.24,1.246,1.235,1.243,216699.8,1750697999999999,268809.0342,2205,119694.9,148495.1308,0
1750698000000000,1.242,1.262,1.238,1.253,291052.6,1750698899999999,364100.6803,2618,148649.0,185931.7775,0
1750698900000000,1.253,1.28,1.253,1.277,292819.5,1750699799999999,370828.6256,2292,163324.1,206681.0027,0
1750699800000000,1.277,1.286,1.277,1.282,318072.6,1750700699999999,407695.4618,3270,168589.3,216100.5081,0
1750700700000000,1.282,1.285,1.273,1.282,128841.2,1750701599999999,164800.9347,1667,56346.0,72108.731,0
1750701600000000,1.282,1.303,1.282,1.294,350083.3,1750702499999999,452952.7213,2929,193449.6,250300.7154,0
1750702500000000,1.293,1.301,1.292,1.293,161864.6,1750703399999999,210085.8191,1724,81503.7,105794.0845,0
1750703400000000,1.293,1.305,1.293,1.302,131292.0,1750704299999999,170854.4357,1645,79878.9,103970.2267,0
1750704300000000,1.302,1.303,1.296,1.299,69312.3,1750705199999999,90039.7938,897,36570.5,47518.9452,0
1750705200000000,1.298,1.304,1.298,1.302,117894.4,1750706099999999,153464.7854,1286,66733.6,86863.6409,0
1750706100000000,1.303,1.304,1.298,1.303,36437.7,1750706999999999,47418.7832,509,24330.1,31652.2428,0
1750707000000000,1.302,1.311,1.298,1.301,131406.8,1750707899999999,171334.4091,1012,65794.9,85806.6608,0
1750707900000000,1.3,1.308,1.297,1.308,64635.6,1750708799999999,84230.7318,530,26016.2,33921.6199,0
1750708800000000,1.308,1.32,1.302,1.319,227363.0,1750709699999999,298566.6833,1992,143517.0,188418.7882,0
1750709700000000,1.319,1.335,1.317,1.334,378279.2,1750710599999999,502038.807,3032,299078.6,396837.0375,0
1750710600000000,1.334,1.337,1.327,1.331,156068.1,1750711499999999,207891.6102,1359,64732.3,86283.7359,0
1750711500000000,1.331,1.332,1.324,1.325,77905.1,1750712399999999,103435.7604,708,18050.0,23965.4395,0
1750712400000000,1.325,1.329,1.322,1.325,65921.9,1750713299999999,87346.6891,686,30800.6,40825.6018,0
1750713300000000,1.325,1.332,1.321,1.321,118425.9,1750714199999999,157222.0981,903,63884.1,84851.0371,0
1750714200000000,1.321,1.325,1.319,1.321,86009.7,1750715099999999,113656.938,846,33348.3,44076.7639,0
1750715100000000,1.322,1.324,1.32,1.323,28756.1,1750715999999999,38026.0747,474,12129.7,16044.9602,0
1750716000000000,1.324,1.365,1.323,1.363,345564.8,1750716899999999,464416.0196,4016,224950.5,302346.4914,0
1750716900000000,1.362,1.38,1.36,1.377,455631.0,1750717799999999,624166.8554,4116,278473.7,381519.3861,0
1750717800000000,1.378,1.38,1.36,1.363,289946.9,1750718699999999,397231.4676,3143,122986.4,168593.1576,0
1750718700000000,1.364,1.374,1.359,1.371,232011.1,1750719599999999,317471.8873,1946,134518.5,184030.6651,0
1750719600000000,1.372,1.376,1.368,1.369,278792.7,1750720499999999,382453.772,2459,100778.1,138289.4864,0
1750720500000000,1.37,1.375,1.367,1.37,122157.8,1750721399999999,167416.6838,1503,59390.8,81443.676,0
1750721400000000,1.369,1.372,1.366,1.371,65904.1,1750722299999999,90254.4886,792,38452.7,52674.9007,0
1750722300000000,1.37,1.372,1.366,1.367,143741.0,1750723199999999,196754.3718,1149,38951.6,53321.9543,0
1750723200000000,1.367,1.372,1.364,1.365,133786.1,1750724099999999,182957.039,1160,54618.7,74716.6073,0
1750724100000000,1.366,1.367,1.362,1.364,44925.0,1750724999999999,61299.8394,640,24051.9,32822.5768,0
1750725000000000,1.363,1.368,1.361,1.363,83859.0,1750725899999999,114394.7487,916,37714.5,51453.4913,0
1750725900000000,1.363,1.365,1.358,1.364,197322.3,1750726799999999,268617.3362,1503,46600.9,63445.3313,0
1750726800000000,1.364,1.37,1.363,1.37,93769.2,1750727699999999,128113.6635,717,51742.0,70704.3877,0
1750727700000000,1.37,1.375,1.368,1.373,113700.0,1750728599999999,155926.308,848,55491.7,76127.6876,0
1750728600000000,1.373,1.374,1.367,1.367,20514.6,1750729499999999,28079.2854,365,12273.7,16801.3279,0
1750729500000000,1.367,1.373,1.367,1.372,31759.9,1750730399999999,43480.3824,315,15704.5,21515.3978,0
1750730400000000,1.372,1.372,1.361,1.364,153580.4,1750731299999999,209552.6018,1068,55357.6,75515.3085,0
1750731300000000,1.364,1.371,1.362,1.371,97958.2,1750732199999999,133824.4905,1036,41784.0,57111.3608,0
1750732200000000,1.371,1.372,1.368,1.371,37816.6,1750733099999999,51786.4124,414,25896.1,35459.1821,0
1750733100000000,1.371,1.371,1.367,1.37,53715.7,1750733999999999,73526.4805,520,37904.6,51887.1615,0
1750734000000000,1.37,1.373,1.368,1.37,77266.1,1750734899999999,105854.7118,659,17480.3,23941.247,0
1750734900000000,1.37,1.373,1.369,1.37,24761.0,1750735799999999,33939.0077,324,14147.0,19393.2223,0
1750735800000000,1.37,1.371,1.367,1.367,26512.3,1750736699999999,36311.9036,330,13411.6,18365.292,0
1750736700000000,1.368,1.375,1.367,1.373,114108.5,1750737599999999,156427.6412,648,39305.7,53884.3324,0
1750737600000000,1.373,1.375,1.37,1.37,34511.4,1750738499999999,47368.3697,314,19080.4,26192.7907,0
1750738500000000,1.37,1.373,1.367,1.372,29283.2,1750739399999999,40128.0735,320,12426.9,17018.5385,0
1750739400000000,1.372,1.373,1.37,1.371,32800.8,1750740299999999,44982.6782,334,18885.7,25902.9891,0
1750740300000000,1.371,1.375,1.368,1.37,108870.7,1750741199999999,149449.657,562,22615.2,31062.8187,0
1750741200000000,1.37,1.375,1.368,1.374,24365.0,1750742099999999,33419.2273,265,18802.5,25795.6445,0
1750742100000000,1.375,1.381,1.374,1.379,90317.0,1750742999999999,124413.5954,966,58644.7,80796.1216,0
1750743000000000,1.38,1.385,1.379,1.382,199069.9,1750743899999999,275224.576,1756,51868.9,71726.8016,0
1750743900000000,1.382,1.388,1.382,1.386,93358.4,1750744799999999,129253.9412,919,39036.6,54053.3771,0
1750744800000000,1.386,1.392,1.385,1.392,252643.1,1750745699999999,350639.9207,1645,160942.8,223479.7179,0
1750745700000000,1.392,1.396,1.391,1.395,156457.2,1750746599999999,218074.3809,950,61613.5,85885.053,0
1750746600000000,1.396,1.406,1.396,1.398,296845.9,1750747499999999,415406.5067,1560,175520.7,245638.172,0
1750747500000000,1.398,1.403,1.397,1.399,177633.1,1750748399999999,248718.9815,1121,61822.8,86570.2316,0
1750748400000000,1.398,1.399,1.391,1.392,105477.1,1750749299999999,147183.2351,949,43619.7,60881.0375,0
1750749300000000,1.392,1.4,1.391,1.391,318523.1,1750750199999999,444585.5187,1508,87136.6,121617.9542,0
1750750200000000,1.391,1.391,1.378,1.381,304976.3,1750751099999999,421873.2952,1664,94976.4,131340.0518,0
1750751100000000,1.381,1.381,1.371,1.373,96773.2,1750751999999999,133082.9402,1004,44722.1,61508.8895,0
1750752000000000,1.373,1.375,1.364,1.367,169601.4,1750752899999999,232088.3436,1410,68942.7,94315.0476,0
1750752900000000,1.367,1.372,1.361,1.372,116984.3,1750753799999999,159845.2729,1107,70778.3,96731.2989,0
1750753800000000,1.372,1.373,1.365,1.367,87753.8,1750754699999999,120079.4602,831,35619.8,48754.2687,0
1750754700000000,1.366,1.367,1.359,1.361,144056.1,1750755599999999,196281.0504,951,58360.0,79544.7433,0
1750755600000000,1.361,1.37,1.361,1.366,85774.2,1750756499999999,117129.4082,814,51700.1,70602.8184,0
1750756500000000,1.365,1.385,1.365,1.38,228815.9,1750757399999999,315167.4449,1342,143532.6,197545.4047,0
1750757400000000,1.38,1.381,1.37,1.37,78815.2,1750758299999999,108309.4983,725,29093.3,39997.1722,0
1750758300000000,1.37,1.373,1.368,1.37,109534.3,1750759199999999,150071.9432,720,64735.9,88702.6004,0
1750759200000000,1.369,1.37,1.364,1.366,123046.0,1750760099999999,168103.8255,788,30464.7,41620.0881,0
1750760100000000,1.366,1.367,1.362,1.364,173053.4,1750760999999999,236121.3143,833,63507.4,86655.1267,0
1750761000000000,1.364,1.369,1.36,1.366,140068.7,1750761899999999,191185.8766,840,78403.4,107030.779,0
1750761900000000,1.367,1.368,1.365,1.366,36876.5,1750762799999999,50392.5871,420,13161.6,17983.3371,0
1750762800000000,1.366,1.367,1.361,1.362,51252.8,1750763699999999,69906.4478,534,31459.7,42910.3792,0
1750763700000000,1.363,1.366,1.356,1.365,116495.7,1750764599999999,158419.9029,782,70916.4,96464.417,0
1750764600000000,1.365,1.369,1.359,1.36,156708.1,1750765499999999,213548.8289,1041,72610.8,98942.3901,0
1750765500000000,1.36,1.363,1.36,1.361,52849.2,1750766399999999,71962.68,530,22997.0,31312.5154,0
1750766400000000,1.361,1.366,1.361,1.365,28532.2,1750767299999999,38927.9725,325,16281.1,22208.3371,0
1750767300000000,1.365,1.366,1.357,1.361,56062.0,1750768199999999,76274.1861,557,26304.8,35778.7267,0
1750768200000000,1.36,1.363,1.357,1.363,95003.1,1750769099999999,129116.0488,632,43998.0,59803.9115,0
1750769100000000,1.363,1.364,1.361,1.362,49911.9,1750769999999999,68025.222,564,30581.9,41680.945,0
1750770000000000,1.363,1.366,1.361,1.365,38988.9,1750770899999999,53172.2749,481,21837.2,29774.3566,0
1750770900000000,1.366,1.372,1.362,1.364,111843.0,1750771799999999,152919.4387,1208,56603.7,77424.0906,0
1750771800000000,1.364,1.371,1.356,1.364,185088.7,1750772699999999,252448.4187,2095,90442.4,123421.5335,0
1750772700000000,1.364,1.371,1.361,1.365,113199.3,1750773599999999,154560.5209,1216,53029.1,72417.2484,0
1750773600000000,1.365,1.371,1.362,1.371,151867.5,1750774499999999,207656.1413,1823,86942.9,118917.4177,0
1750774500000000,1.371,1.38,1.37,1.379,199758.6,1750775399999999,274828.2775,1639,113002.1,155485.9294,0
1750775400000000,1.379,1.387,1.376,1.387,258073.7,1750776299999999,356869.6144,1664,140763.2,194739.5747,0
1750776300000000,1.387,1.388,1.378,1.38,123953.1,1750777199999999,171298.2563,1084,38382.2,53045.0347,0
1750777200000000,1.381,1.386,1.377,1.379,123355.2,1750778099999999,170614.1246,960,61110.9,84532.18,0
1750778100000000,1.38,1.382,1.376,1.381,52184.5,1750778999999999,71960.3849,781,23810.7,32841.7151,0
1750779000000000,1.381,1.381,1.369,1.371,114043.3,1750779899999999,156706.6867,1061,46940.5,64472.0056,0
1750779900000000,1.372,1.38,1.37,1.377,54103.9,1750780799999999,74473.6499,792,29100.9,40059.1473,0
1750780800000000,1.377,1.381,1.373,1.375,57418.4,1750781699999999,79038.2325,714,28340.1,39010.5925,0
1750781700000000,1.376,1.387,1.376,1.385,85921.7,1750782599999999,118836.0419,750,43949.5,60776.0644,0
1750782600000000,1.384,1.386,1.373,1.386,278224.0,1750783499999999,383732.7742,1748,131795.4,181776.4227,0
1750783500000000,1.386,1.393,1.384,1.393,114255.5,1750784399999999,158612.2674,1261,71425.7,99184.7961,0
1750784400000000,1.392,1.395,1.382,1.383,165107.9,1750785299999999,229491.5334,1431,96192.3,133714.6483,0
1750785300000000,1.383,1.386,1.372,1.374,105460.6,1750786199999999,145396.5457,1519,48512.0,66931.1318,0
1750786200000000,1.375,1.379,1.372,1.379,52741.2,1750787099999999,72556.0588,706,38928.9,53566.0333,0
1750787100000000,1.379,1.381,1.376,1.377,67993.3,1750787999999999,93748.9748,534,29288.5,40371.7783,0
1750788000000000,1.377,1.38,1.372,1.373,108437.0,1750788899999999,149141.2741,822,54380.8,74789.308,0
1750788900000000,1.372,1.374,1.367,1.373,101311.5,1750789799999999,138897.098,752,28301.0,38795.2837,0
1750789800000000,1.373,1.374,1.369,1.373,51443.5,1750790699999999,70578.7929,602,19948.6,27371.4162,0
1750790700000000,1.373,1.374,1.369,1.369,25296.1,1750791599999999,34704.5862,456,15557.6,21348.7042,0
1750791600000000,1.37,1.372,1.367,1.367,61132.4,1750792499999999,83664.2475,658,35974.1,49240.4281,0
1750792500000000,1.368,1.371,1.366,1.367,57945.8,1750793399999999,79291.3727,679,35453.6,48522.4361,0
1750793400000000,1.367,1.371,1.364,1.365,67877.5,1750794299999999,92824.8062,593,32723.4,44740.2396,0
1750794300000000,1.365,1.372,1.36,1.371,123796.1,1750795199999999,169030.4932,976,63658.5,86887.6671,0
1750795200000000,1.371,1.372,1.368,1.368,32872.7,1750796099999999,45013.082,433,23165.5,31719.9691,0
1750796100000000,1.368,1.376,1.367,1.376,19171.7,1750796999999999,26295.7468,353,14998.2,20572.6387,0
1750797000000000,1.375,1.379,1.375,1.378,35781.1,1750797899999999,49259.7128,360,17594.5,24219.3456,0
1750797900000000,1.378,1.381,1.378,1.38,35241.8,1750798799999999,48630.3865,337,19740.7,27240.3795,0
1750798800000000,1.38,1.38,1.373,1.375,34817.8,1750799699999999,47894.5615,394,11513.1,15837.4449,0
1750799700000000,1.374,1.379,1.374,1.378,39324.1,1750800599999999,54173.6037,295,18036.0,24845.6616,0
1750800600000000,1.378,1.379,1.374,1.376,31762.1,1750801499999999,43729.8927,223,19743.3,27183.9904,0
1750801500000000,1.377,1.38,1.375,1.376,25264.5,1750802399999999,34781.8087,255,4456.7,6138.1295,0
1750802400000000,1.376,1.376,1.371,1.372,60077.8,1750803299999999,82473.497,703,17469.5,23980.251,0
1750803300000000,1.371,1.374,1.37,1.372,33960.5,1750804199999999,46570.1647,262,9501.4,13029.1412,0
1750804200000000,1.373,1.374,1.369,1.371,23233.6,1750805099999999,31855.2275,277,3966.7,5441.0912,0
1750805100000000,1.372,1.374,1.371,1.374,9358.6,1750805999999999,12848.0359,143,5303.3,7282.9858,0
1750806000000000,1.373,1.374,1.368,1.37,46928.1,1750806899999999,64309.6461,375,26103.2,35788.8622,0
1750806900000000,1.369,1.374,1.369,1.373,55151.1,1750807799999999,75631.1035,338,9319.1,12783.499,0
1750807800000000,1.373,1.376,1.369,1.376,71471.0,1750808699999999,98039.0989,479,30111.9,41311.7639,0
1750808700000000,1.375,1.381,1.375,1.381,40431.6,1750809599999999,55725.9599,444,25560.0,35241.4742,0
1750809600000000,1.381,1.387,1.381,1.386,134836.4,1750810499999999,186674.8531,1036,55918.8,77408.0474,0
1750810500000000,1.386,1.386,1.379,1.381,38874.0,1750811399999999,53719.7196,388,17437.5,24102.7587,0
1750811400000000,1.38,1.381,1.375,1.377,44623.5,1750812299999999,61477.2029,436,21342.3,29390.4192,0
1750812300000000,1.377,1.386,1.375,1.385,81972.7,1750813199999999,113215.8899,677,27332.1,37734.8945,0
1750813200000000,1.385,1.389,1.384,1.386,55027.8,1750814099999999,76266.5272,597,37028.7,51324.8897,0
1750814100000000,1.386,1.39,1.38,1.382,97154.1,1750814999999999,134454.8431,908,48149.2,66653.4751,0
1750815000000000,1.382,1.387,1.379,1.387,79856.8,1750815899999999,110391.9186,496,22495.4,31116.7497,0
1750815900000000,1.388,1.388,1.382,1.384,30651.9,1750816799999999,42417.3758,417,15527.2,21489.612,0
1750816800000000,1.384,1.39,1.382,1.388,71998.9,1750817699999999,99795.3282,854,37228.0,51626.1167,0
1750817700000000,1.389,1.389,1.386,1.386,39729.2,1750818599999999,55126.6855,537,20674.9,28685.0438,0
1750818600000000,1.386,1.387,1.382,1.384,90684.0,1750819499999999,125515.534,493,23145.9,32036.9718,0
1750819500000000,1.384,1.388,1.379,1.38,77952.6,1750820399999999,107653.9147,561,34014.2,46985.5607,0
1750820400000000,1.379,1.384,1.375,1.383,147531.4,1750821299999999,203601.4961,809,56899.9,78507.9167,0
1750821300000000,1.383,1.389,1.382,1.388,36348.8,1750822199999999,50432.7169,481,27779.5,38556.2902,0
1750822200000000,1.388,1.389,1.384,1.384,26524.6,1750823099999999,36787.0983,312,8536.3,11842.8434,0
1750823100000000,1.384,1.384,1.38,1.381,27241.6,1750823999999999,37635.3276,308,17114.3,23648.0317,0
1750824000000000,1.381,1.382,1.376,1.377,89968.1,1750824899999999,123983.175,500,24801.0,34189.1808,0
1750824900000000,1.377,1.379,1.376,1.377,40866.8,1750825799999999,56265.1111,323,13166.2,18126.7101,0
1750825800000000,1.378,1.378,1.37,1.373,89131.7,1750826699999999,122348.9478,542,43985.2,60366.418,0
1750826700000000,1.372,1.375,1.37,1.373,27842.7,1750827599999999,38227.0228,525,16418.6,22547.3467,0
1750827600000000,1.373,1.377,1.371,1.372,103317.1,1750828499999999,141989.3925,675,29816.8,40970.9839,0
1750828500000000,1.371,1.372,1.368,1.371,41262.9,1750829399999999,56539.5124,538,17655.5,24190.3336,0
1750829400000000,1.371,1.375,1.37,1.374,42303.9,1750830299999999,58063.6354,432,14610.8,20061.2657,0
1750830300000000,1.373,1.376,1.371,1.371,50442.6,1750831199999999,69291.6481,442,18180.9,24983.6373,0
1750831200000000,1.372,1.374,1.369,1.374,43079.7,1750832099999999,59076.6275,421,35789.4,49083.2355,0
1750832100000000,1.374,1.38,1.374,1.38,34876.9,1750832999999999,48049.346,330,24009.5,33077.5126,0
1750833000000000,1.38,1.383,1.377,1.381,40355.0,1750833899999999,55724.0299,406,15580.4,21509.4489,0
1750833900000000,1.381,1.383,1.379,1.382,43070.2,1750834799999999,59507.6698,364,27666.7,38227.8521,0
1750834800000000,1.382,1.383,1.378,1.38,46861.4,1750835699999999,64696.0677,386,6984.4,9642.3753,0
1750835700000000,1.379,1.389,1.379,1.387,70573.4,1750836599999999,97768.5813,558,43131.1,59781.3613,0
1750836600000000,1.388,1.39,1.386,1.387,55635.7,1750837499999999,77207.402,522,25450.5,35333.8069,0
1750837500000000,1.387,1.394,1.387,1.388,114419.6,1750838399999999,159146.1344,744,53754.6,74778.9439,0
1750838400000000,1.389,1.391,1.384,1.386,59466.2,1750839299999999,82459.9884,470,20463.0,28367.7426,0
1750839300000000,1.387,1.389,1.376,1.377,108176.1,1750840199999999,149407.5819,744,32154.9,44411.9791,0
1750840200000000,1.376,1.376,1.371,1.373,47666.6,1750841099999999,65475.3606,472,16893.8,23210.3279,0
1750841100000000,1.373,1.378,1.37,1.378,62528.0,1750841999999999,85839.9771,788,38563.4,52954.4297,0
1750842000000000,1.378,1.382,1.376,1.381,43158.9,1750842899999999,59536.5653,637,24257.6,33469.3731,0
1750842900000000,1.381,1.384,1.38,1.383,21188.5,1750843799999999,29283.6921,397,13131.7,18140.6675,0
1750843800000000,1.383,1.385,1.367,1.369,176130.8,1750844699999999,242095.9063,1406,75718.1,104126.3448,0
1750844700000000,1.369,1.373,1.369,1.371,61199.1,1750845599999999,83891.7462,633,43618.3,59790.6247,0
1750845600000000,1.372,1.374,1.369,1.373,75765.9,1750846499999999,103896.1755,897,44974.3,61682.9947,0
1750846500000000,1.373,1.38,1.371,1.38,80566.4,1750847399999999,110775.415,767,40035.5,55089.4705,0
1750847400000000,1.38,1.38,1.372,1.372,56263.3,1750848299999999,77362.3532,736,34486.7,47414.3573,0
1750848300000000,1.372,1.376,1.372,1.375,24185.9,1750849199999999,33225.8831,360,16140.9,22181.442,0
1750849200000000,1.375,1.378,1.372,1.372,42349.8,1750850099999999,58207.9753,472,10801.0,14851.5537,0
1750850100000000,1.371,1.373,1.367,1.372,44312.9,1750850999999999,60691.4804,489,14166.0,19409.2944,0
1750851000000000,1.373,1.38,1.373,1.379,39176.3,1750851899999999,53958.4025,388,28696.1,39526.4145,0
1750851900000000,1.379,1.386,1.379,1.386,51176.1,1750852799999999,70763.9347,383,25219.3,34873.7302,0
1750852800000000,1.385,1.385,1.38,1.38,51070.1,1750853699999999,70572.5385,516,28505.1,39386.0745,0
1750853700000000,1.379,1.379,1.373,1.374,43902.2,1750854599999999,60389.9531,437,16342.3,22480.1438,0
1750854600000000,1.374,1.377,1.37,1.374,107067.3,1750855499999999,146983.9024,551,27650.1,37985.5798,0
1750855500000000,1.374,1.378,1.373,1.377,71041.6,1750856399999999,97659.9489,586,42963.4,59071.9518,0
1750856400000000,1.377,1.386,1.375,1.385,87621.7,1750857299999999,120918.9351,890,55578.2,76691.1866,0
1750857300000000,1.386,1.391,1.386,1.391,73800.5,1750858199999999,102488.6925,1200,45384.9,63031.5578,0
1750858200000000,1.391,1.391,1.378,1.387,134822.0,1750859099999999,186674.1788,1252,73452.3,101774.0982,0
1750859100000000,1.386,1.395,1.385,1.39,155783.2,1750859999999999,216598.1682,1491,87302.3,121401.573,0
1750860000000000,1.39,1.39,1.379,1.381,86032.5,1750860899999999,119259.3405,1047,35153.3,48759.7782,0
1750860900000000,1.38,1.38,1.36,1.367,373780.0,1750861799999999,511007.9362,3268,134196.1,183424.3795,0
1750861800000000,1.368,1.374,1.365,1.374,92339.5,1750862699999999,126501.614,1122,44348.9,60794.1294,0
1750862700000000,1.373,1.381,1.372,1.375,96618.7,1750863599999999,133002.1342,1027,46976.7,64707.6097,0
1750863600000000,1.375,1.376,1.366,1.367,114620.3,1750864499999999,156872.3745,1068,35242.7,48243.1474,0
1750864500000000,1.367,1.367,1.356,1.358,214087.0,1750865399999999,291117.2371,1954,69337.7,94336.2905,0
1750865400000000,1.358,1.359,1.352,1.354,140168.4,1750866299999999,189823.92,1099,72924.8,98769.9733,0
1750866300000000,1.353,1.357,1.341,1.342,137829.7,1750867199999999,185826.6492,1113,42572.2,57537.8594,0
1750867200000000,1.341,1.347,1.34,1.346,166490.1,1750868099999999,223666.245,1081,80025.9,107515.5225,0
1750868100000000,1.346,1.351,1.346,1.35,122380.3,1750868999999999,165078.1814,890,60407.7,81493.2697,0
1750869000000000,1.349,1.35,1.337,1.341,143914.4,1750869899999999,193324.913,1019,64742.4,86931.4424,0
1750869900000000,1.341,1.341,1.33,1.336,238617.9,1750870799999999,318420.5259,1234,99786.2,133240.8596,0
1750870800000000,1.336,1.343,1.334,1.343,67490.0,1750871699999999,90273.4285,598,45910.8,61414.3822,0
1750871700000000,1.343,1.357,1.343,1.351,148006.3,1750872599999999,200016.0944,1156,86598.6,116981.083,0
1750872600000000,1.35,1.351,1.34,1.342,83832.3,1750873499999999,112929.1154,813,32309.9,43554.2627,0
1750873500000000,1.341,1.35,1.34,1.349,76056.0,1750874399999999,102420.209,599,48277.5,65017.1786,0
1750874400000000,1.349,1.352,1.345,1.35,74164.9,1750875299999999,100014.8144,616,40182.5,54189.0714,0
1750875300000000,1.349,1.35,1.345,1.345,45683.6,1750876199999999,61510.7173,559,24438.0,32899.7314,0
1750876200000000,1.344,1.348,1.341,1.345,95906.1,1750877099999999,128918.8334,688,42684.8,57372.1693,0
1750877100000000,1.346,1.348,1.342,1.345,47303.6,1750877999999999,63600.7562,489,31269.2,42039.902,0
1750878000000000,1.346,1.352,1.345,1.351,75448.5,1750878899999999,101820.6339,627,36475.1,49218.1676,0
1750878900000000,1.351,1.356,1.349,1.355,66811.4,1750879799999999,90431.166,626,35492.7,48042.8702,0
1750879800000000,1.355,1.355,1.348,1.352,89527.0,1750880699999999,120934.7718,683,48635.2,65687.3659,0
1750880700000000,1.353,1.355,1.347,1.352,40542.2,1750881599999999,54766.9975,546,18378.5,24823.7124,0
1750881600000000,1.352,1.353,1.349,1.352,61506.4,1750882499999999,83083.947,649,22641.6,30579.6594,0
1750882500000000,1.352,1.353,1.349,1.351,54869.0,1750883399999999,74096.823,487,17215.5,23249.8984,0
1750883400000000,1.352,1.354,1.35,1.35,54772.1,1750884299999999,74044.5094,462,29108.8,39360.7942,0
1750884300000000,1.349,1.357,1.347,1.355,60448.5,1750885199999999,81720.7225,464,30682.2,41515.6826,0
1750885200000000,1.355,1.363,1.35,1.35,136692.4,1750886099999999,185472.4156,917,72837.9,98877.2212,0
1750886100000000,1.351,1.353,1.347,1.347,56409.4,1750886999999999,76170.9955,419,26145.9,35298.8502,0
1750887000000000,1.347,1.349,1.345,1.348,84364.0,1750887899999999,113635.5912,459,55997.1,75425.7351,0
1750887900000000,1.347,1.348,1.344,1.346,33308.6,1750888799999999,44814.5279,276,12969.6,17453.4887,0
1750888800000000,1.346,1.346,1.339,1.342,52853.5,1750889699999999,70910.1914,605,28925.3,38807.0381,0
1750889700000000,1.342,1.343,1.34,1.34,26677.4,1750890599999999,35801.1068,336,19214.3,25785.8698,0
1750890600000000,1.34,1.34,1.334,1.336,101230.4,1750891499999999,135307.6298,906,40103.9,53636.7205,0
1750891500000000,1.335,1.336,1.333,1.335,45388.1,1750892399999999,60569.9991,502,19498.5,26022.8941,0
1750892400000000,1.335,1.335,1.329,1.334,99524.9,1750893299999999,132554.461,790,25379.5,33787.1882,0
1750893300000000,1.335,1.336,1.331,1.332,50556.4,1750894199999999,67390.9272,271,12991.9,17329.6976,0
1750894200000000,1.333,1.336,1.332,1.335,24116.7,1750895099999999,32177.6199,208,10732.3,14316.9232,0
1750895100000000,1.336,1.336,1.332,1.335,31209.7,1750895999999999,41640.3868,270,14702.0,19614.9384,0
1750896000000000,1.335,1.342,1.334,1.341,85987.7,1750896899999999,115238.4162,444,64564.8,86530.3168,0
1750896900000000,1.342,1.345,1.339,1.34,36089.0,1750897799999999,48428.4178,449,22574.4,30291.5532,0
1750897800000000,1.34,1.341,1.337,1.34,18476.9,1750898699999999,24745.4144,323,12812.0,17157.7925,0
1750898700000000,1.341,1.345,1.34,1.342,40960.9,1750899599999999,54973.1826,344,20342.1,27296.7867,0
1750899600000000,1.342,1.354,1.339,1.353,168288.9,1750900499999999,226046.9208,947,89066.6,119783.5482,0
1750900500000000,1.354,1.354,1.34,1.353,237999.0,1750901399999999,320463.1447,1658,118124.4,159079.8986,0
1750901400000000,1.354,1.37,1.351,1.36,372016.5,1750902299999999,506954.9366,3048,151907.1,206886.6619,0
1750902300000000,1.36,1.363,1.359,1.361,59163.9,1750903199999999,80495.9471,795,32788.9,44623.2022,0
1750903200000000,1.362,1.373,1.362,1.369,85984.4,1750904099999999,117616.5219,916,56370.7,77122.803,0
1750904100000000,1.37,1.372,1.365,1.365,90092.9,1750904999999999,123231.1038,812,55774.6,76292.4157,0
1750905000000000,1.365,1.365,1.358,1.359,71248.8,1750905899999999,97010.1582,519,27667.4,37665.4402,0
1750905900000000,1.359,1.374,1.356,1.369,244931.8,1750906799999999,334705.2119,1803,88763.5,121346.2422,0
1750906800000000,1.37,1.383,1.37,1.372,190786.1,1750907699999999,262590.6283,1934,104983.7,144527.6237,0
1750907700000000,1.373,1.374,1.364,1.364,131264.1,1750908599999999,179634.3922,1041,49021.6,67106.6278,0
1750908600000000,1.364,1.365,1.359,1.362,97360.8,1750909499999999,132678.7987,655,40662.2,55423.7547,0
1750909500000000,1.361,1.365,1.359,1.363,38422.3,1750910399999999,52325.3006,547,28964.8,39438.4386,0
1750910400000000,1.363,1.364,1.357,1.358,74321.5,1750911299999999,101091.6588,986,27864.3,37877.7972,0
1750911300000000,1.358,1.358,1.351,1.352,96005.3,1750912199999999,130120.1197,1203,37784.9,51226.1605,0
1750912200000000,1.353,1.358,1.348,1.35,59858.0,1750913099999999,80938.501,915,29085.9,39323.0703,0
1750913100000000,1.35,1.353,1.346,1.353,62190.7,1750913999999999,83881.1202,1074,40988.9,55282.8546,0
1750914000000000,1.352,1.353,1.349,1.351,43718.6,1750914899999999,59039.5079,690,23807.7,32153.9032,0
1750914900000000,1.35,1.351,1.344,1.346,170438.7,1750915799999999,229597.5741,1423,63965.6,86220.9003,0
1750915800000000,1.347,1.347,1.34,1.343,122834.4,1750916699999999,165068.059,789,39023.1,52467.8772,0
1750916700000000,1.342,1.346,1.341,1.346,132839.2,1750917599999999,178519.8757,1132,40482.6,54412.7062,0
1750917600000000,1.345,1.352,1.344,1.351,136574.6,1750918499999999,183866.952,694,24031.4,32377.9106,0
1750918500000000,1.351,1.351,1.346,1.347,180307.9,1750919399999999,243042.0856,840,42292.6,57005.1247,0
1750919400000000,1.348,1.35,1.345,1.345,107247.4,1750920299999999,144489.3036,595,30427.7,41006.0052,0
1750920300000000,1.346,1.347,1.341,1.344,138724.3,1750921199999999,186551.6525,694,30042.2,40398.2572,0
1750921200000000,1.343,1.349,1.342,1.349,126546.3,1750922099999999,170246.4423,687,24921.9,33533.9077,0
1750922100000000,1.349,1.355,1.348,1.353,117143.6,1750922999999999,158388.5213,869,43328.2,58567.2677,0
1750923000000000,1.353,1.355,1.35,1.353,85876.0,1750923899999999,116148.2739,499,35227.1,47657.3797,0
1750923900000000,1.354,1.357,1.347,1.348,87946.7,1750924799999999,118869.8567,434,35561.3,48063.4352,0
1750924800000000,1.348,1.353,1.348,1.353,55865.0,1750925699999999,75439.7044,339,9527.9,12869.6412,0
1750925700000000,1.353,1.355,1.346,1.347,141274.3,1750926599999999,190589.1924,678,35758.1,48221.6756,0
1750926600000000,1.346,1.35,1.343,1.345,115964.4,1750927499999999,156132.623,518,23751.5,31952.329,0
1750927500000000,1.345,1.345,1.34,1.342,55577.8,1750928399999999,74642.3776,395,21496.7,28873.2301,0
1750928400000000,1.341,1.343,1.332,1.333,97305.6,1750929299999999,130013.8559,1085,45995.2,61456.4841,0
1750929300000000,1.333,1.337,1.333,1.334,55597.7,1750930199999999,74218.0983,1206,38923.9,51960.8826,0
1750930200000000,1.334,1.334,1.331,1.332,63815.0,1750931099999999,85060.14,902,26391.8,35180.4841,0
1750931100000000,1.332,1.333,1.328,1.33,63689.6,1750931999999999,84686.1518,829,25648.0,34103.9142,0
1750932000000000,1.33,1.335,1.328,1.332,51537.6,1750932899999999,68621.6694,579,22653.7,30185.2866,0
1750932900000000,1.332,1.335,1.331,1.334,28674.7,1750933799999999,38217.4912,447,18965.5,25280.164,0
1750933800000000,1.334,1.334,1.332,1.332,25144.7,1750934699999999,33518.2037,172,2662.0,3549.7355,0
1750934700000000,1.333,1.334,1.329,1.332,47766.1,1750935599999999,63574.7092,482,18320.0,24378.8518,0
1750935600000000,1.331,1.333,1.33,1.331,35017.5,1750936499999999,46609.8113,406,21478.8,28589.7684,0
1750936500000000,1.33,1.33,1.326,1.328,49225.4,1750937399999999,65331.5797,462,15800.6,20979.0263,0
1750937400000000,1.328,1.329,1.326,1.326,24423.7,1750938299999999,32436.7329,225,10497.7,13945.0097,0
1750938300000000,1.327,1.331,1.327,1.33,21493.1,1750939199999999,28578.9108,243,7864.6,10459.4542,0
1750939200000000,1.329,1.331,1.325,1.326,47158.0,1750940099999999,62641.0107,485,26300.8,34941.6628,0
1750940100000000,1.326,1.328,1.318,1.319,121949.7,1750940999999999,161152.3543,730,30683.4,40579.3613,0
1750941000000000,1.319,1.321,1.315,1.319,121588.8,1750941899999999,160223.9553,778,35577.9,46890.479,0
1750941900000000,1.318,1.318,1.31,1.312,120204.7,1750942799999999,157902.2424,683,61443.6,80724.3377,0
1750942800000000,1.312,1.313,1.306,1.307,107735.1,1750943699999999,141071.124,849,28163.2,36889.043,0
1750943700000000,1.308,1.312,1.307,1.31,65497.7,1750944599999999,85765.0462,635,34872.4,45671.0353,0
1750944600000000,1.31,1.316,1.306,1.315,144179.2,1750945499999999,189004.7419,1381,77122.9,101116.4733,0
1750945500000000,1.316,1.317,1.3,1.305,270693.2,1750946399999999,353042.4325,1623,94129.5,122824.9018,0
1750946400000000,1.304,1.308,1.298,1.304,125488.0,1750947299999999,163444.756,914,72907.1,94936.2704,0
1750947300000000,1.304,1.311,1.302,1.311,81983.0,1750948199999999,107059.7548,827,41903.4,54737.4748,0
1750948200000000,1.311,1.319,1.311,1.317,106873.0,1750949099999999,140627.1461,943,51721.3,68060.2165,0
1750949100000000,1.317,1.321,1.311,1.312,79179.7,1750949999999999,104209.0691,642,44353.9,58447.8883,0
1750950000000000,1.312,1.314,1.31,1.31,43005.5,1750950899999999,56421.0268,603,14890.3,19541.0671,0
1750950900000000,1.311,1.314,1.301,1.302,77377.7,1750951799999999,101158.633,830,27347.9,35746.7001,0
1750951800000000,1.302,1.307,1.296,1.305,144747.5,1750952699999999,188279.9901,1121,66034.2,85904.6696,0
1750952700000000,1.305,1.32,1.305,1.317,139702.6,1750953599999999,183564.7727,798,114699.5,150729.0764,0
1750953600000000,1.317,1.318,1.311,1.312,87576.5,1750954499999999,115091.1282,695,41826.6,54976.5002,0
1750954500000000,1.312,1.316,1.31,1.314,30291.5,1750955399999999,39763.7921,545,16054.5,21075.326,0
1750955400000000,1.315,1.316,1.311,1.312,38617.1,1750956299999999,50718.0913,421,24641.2,32363.6194,0
1750956300000000,1.312,1.313,1.309,1.311,59598.0,1750957199999999,78132.7579,423,27064.0,35482.787,0
1750957200000000,1.312,1.319,1.311,1.312,76064.3,1750958099999999,100085.4095,628,36155.1,47588.6266,0
1750958100000000,1.313,1.318,1.312,1.317,72595.2,1750958999999999,95471.1968,492,33500.7,44053.9826,0
1750959000000000,1.317,1.319,1.316,1.319,12863.2,1750959899999999,16944.6817,218,6731.0,8867.9231,0
1750959900000000,1.319,1.32,1.314,1.314,45454.5,1750960799999999,59864.6639,385,21721.2,28610.0229,0
1750960800000000,1.314,1.324,1.313,1.323,77543.5,1750961699999999,102266.1021,535,43277.3,57115.926,0
1750961700000000,1.323,1.324,1.317,1.318,73284.5,1750962599999999,96841.2932,607,39227.7,51887.1483,0
1750962600000000,1.318,1.319,1.314,1.318,60069.0,1750963499999999,79013.3636,420,42144.9,55423.8908,0
1750963500000000,1.318,1.321,1.315,1.32,53916.6,1750964399999999,71047.2378,490,34240.9,45123.4503,0
1750964400000000,1.32,1.325,1.318,1.32,109532.9,1750965299999999,144745.8708,593,48579.1,64198.9944,0
1750965300000000,1.32,1.33,1.32,1.329,78278.7,1750966199999999,103798.1825,564,49670.5,65901.896,0
1750966200000000,1.329,1.337,1.329,1.336,59924.7,1750967099999999,79918.3078,637,37718.5,50305.2421,0
1750967100000000,1.337,1.337,1.327,1.327,71565.0,1750967999999999,95310.5192,518,33268.4,44307.1807,0
1750968000000000,1.327,1.333,1.325,1.329,34950.2,1750968899999999,46470.0526,436,17725.5,23585.824,0
1750968900000000,1.33,1.331,1.329,1.329,13159.7,1750969799999999,17500.4411,308,8104.9,10779.6971,0
1750969800000000,1.329,1.344,1.329,1.343,122311.1,1750970699999999,163733.1238,876,72688.6,97294.0418,0
1750970700000000,1.343,1.343,1.336,1.336,59121.0,1750971599999999,79190.8519,655,14584.1,19516.521,0
1750971600000000,1.335,1.336,1.324,1.324,72591.2,1750972499999999,96540.124,546,11751.8,15671.3042,0
1750972500000000,1.323,1.323,1.311,1.318,125083.2,1750973399999999,164663.8807,748,33910.3,44617.1678,0
1750973400000000,1.318,1.32,1.307,1.313,147733.1,1750974299999999,193886.885,1191,49265.4,64624.774,0
1750974300000000,1.314,1.318,1.312,1.317,36693.0,1750975199999999,48231.3673,486,14446.2,19006.3101,0
1750975200000000,1.316,1.323,1.315,1.315,76300.9,1750976099999999,100593.7881,879,26012.3,34318.3056,0
1750976100000000,1.315,1.319,1.314,1.315,36056.6,1750976999999999,47459.1446,487,26396.2,34742.0013,0
1750977000000000,1.315,1.315,1.31,1.311,54789.1,1750977899999999,71922.208,301,18540.4,24332.598,0
1750977900000000,1.311,1.313,1.309,1.31,25595.3,1750978799999999,33549.4376,247,13081.7,17146.1963,0
1750978800000000,1.309,1.309,1.304,1.306,83281.2,1750979699999999,108816.7248,623,24566.3,32101.0438,0
1750979700000000,1.306,1.31,1.306,1.31,12603.1,1750980599999999,16489.6033,196,7431.1,9722.8617,0
1750980600000000,1.31,1.31,1.306,1.308,59049.1,1750981499999999,77228.0457,313,19807.4,25897.1916,0
1750981500000000,1.308,1.309,1.306,1.308,16227.8,1750982399999999,21225.3563,261,6450.9,8439.6188,0
1750982400000000,1.309,1.31,1.306,1.308,21672.1,1750983299999999,28344.1292,327,8857.5,11588.2971,0
1750983300000000,1.308,1.312,1.307,1.309,45383.5,1750984199999999,59430.8734,401,28179.7,36905.9869,0
1750984200000000,1.309,1.31,1.301,1.302,59579.6,1750985099999999,77814.1386,451,15924.7,20762.5363,0
1750985100000000,1.302,1.303,1.294,1.295,114514.6,1750985999999999,148558.8617,799,38340.9,49756.1771,0
1750986000000000,1.295,1.312,1.271,1.31,781029.0,1750986899999999,1005461.9372,4308,411231.9,530043.5229,0
1750986900000000,1.31,1.314,1.304,1.314,150670.1,1750987799999999,197383.8755,1167,100601.7,131850.931,0
1750987800000000,1.314,1.318,1.313,1.316,142485.6,1750988699999999,187465.527,855,37436.0,49237.4586,0
1750988700000000,1.316,1.316,1.312,1.314,55147.5,1750989599999999,72474.6725,522,27019.6,35505.3479,0
1750989600000000,1.314,1.32,1.312,1.318,113736.8,1750990499999999,149698.7293,550,24017.4,31624.7667,0
1750990500000000,1.319,1.322,1.319,1.319,42524.0,1750991399999999,56115.4518,415,26981.5,35600.4716,0
1750991400000000,1.319,1.322,1.319,1.319,55494.5,1750992299999999,73260.2871,323,18660.4,24634.0712,0
1750992300000000,1.318,1.32,1.317,1.319,42440.8,1750993199999999,55963.6338,374,12422.5,16379.2843,0
1750993200000000,1.319,1.321,1.315,1.315,65821.6,1750994099999999,86720.8401,421,27901.9,36783.2695,0
1750994100000000,1.315,1.321,1.315,1.321,24841.5,1750994999999999,32764.5452,287,12939.6,17059.5069,0
1750995000000000,1.322,1.325,1.321,1.324,46431.3,1750995899999999,61418.5998,323,18301.1,24212.153,0
1750995900000000,1.325,1.326,1.323,1.323,32777.0,1750996799999999,43417.9561,209,9374.3,12420.8904,0
1750996800000000,1.323,1.323,1.318,1.319,56084.0,1750997699999999,74049.4089,291,21658.8,28586.7436,0
1750997700000000,1.318,1.322,1.318,1.32,19905.2,1750998599999999,26292.8539,206,3194.1,4216.0654,0
1750998600000000,1.321,1.325,1.319,1.323,108631.3,1750999499999999,143602.8485,617,36135.5,47796.811,0
1750999500000000,1.324,1.328,1.324,1.325,38963.2,1751000399999999,51658.7021,322,24106.6,31961.7673,0
1751000400000000,1.325,1.338,1.324,1.331,102418.8,1751001299999999,136374.8504,710,55306.9,73648.1428,0
1751001300000000,1.33,1.331,1.321,1.321,156090.7,1751002199999999,206925.6753,846,45308.7,60080.3577,0
1751002200000000,1.321,1.322,1.319,1.319,56785.0,1751003099999999,74946.0139,315,17198.1,22709.3574,0
1751003100000000,1.319,1.32,1.317,1.318,20162.2,1751003999999999,26595.5199,121,3848.7,5075.4306,0
1751004000000000,1.318,1.322,1.317,1.321,37757.7,1751004899999999,49786.8365,263,15810.0,20858.2978,0
1751004900000000,1.321,1.323,1.317,1.318,39784.0,1751005799999999,52496.9385,234,13827.9,18254.7539,0
1751005800000000,1.318,1.323,1.318,1.322,27650.0,1751006699999999,36511.9163,224,7564.1,9991.3573,0
1751006700000000,1.322,1.324,1.321,1.321,24694.5,1751007599999999,32650.7002,399,15521.1,20520.8424,0
1751007600000000,1.321,1.324,1.32,1.324,29483.8,1751008499999999,38987.7658,338,10850.9,14352.1439,0
1751008500000000,1.324,1.329,1.32,1.32,78564.6,1751009399999999,104026.2122,467,35004.0,46344.6821,0
1751009400000000,1.32,1.32,1.313,1.314,41381.0,1751010299999999,54468.7636,265,13893.2,18277.6347,0
1751010300000000,1.313,1.315,1.311,1.313,43936.8,1751011199999999,57669.9769,510,23822.2,31272.7331,0
1751011200000000,1.314,1.316,1.313,1.316,29172.5,1751012099999999,38361.9755,455,16032.8,21085.894,0
1751012100000000,1.315,1.318,1.314,1.316,21844.2,1751012999999999,28743.8168,291,11178.4,14704.5113,0
1751013000000000,1.315,1.322,1.315,1.321,43712.3,1751013899999999,57705.2744,261,18649.0,24614.3975,0
1751013900000000,1.322,1.331,1.322,1.326,115656.4,1751014799999999,153423.7396,842,65342.4,86682.0394,0
1751014800000000,1.326,1.328,1.323,1.324,72732.5,1751015699999999,96395.0116,498,36464.4,48333.8877,0
1751015700000000,1.324,1.329,1.324,1.325,33561.2,1751016599999999,44507.1563,360,24499.9,32481.8493,0
1751016600000000,1.325,1.33,1.325,1.327,45663.2,1751017499999999,60619.781,393,17876.0,23728.7309,0
1751017500000000,1.327,1.33,1.325,1.33,46618.5,1751018399999999,61902.7549,330,24639.3,32725.409,0
1751018400000000,1.33,1.331,1.323,1.323,52328.2,1751019299999999,69447.8338,453,22746.8,30190.6194,0
1751019300000000,1.323,1.325,1.323,1.324,56456.5,1751020199999999,74789.7362,208,25694.5,34032.9542,0
1751020200000000,1.325,1.327,1.324,1.325,23515.6,1751021099999999,31178.7067,255,12505.5,16580.7682,0
1751021100000000,1.325,1.326,1.323,1.323,29747.3,1751021999999999,39385.486,293,17369.4,22998.2674,0
1751022000000000,1.323,1.329,1.322,1.327,338457.0,1751022899999999,449248.9462,829,153678.6,203938.9584,0
1751022900000000,1.327,1.331,1.323,1.323,124459.5,1751023799999999,165349.7565,509,45954.7,61078.7866,0
1751023800000000,1.323,1.327,1.323,1.327,209322.3,1751024699999999,277400.8255,618,94460.5,125220.7077,0
1751024700000000,1.327,1.33,1.323,1.33,125479.7,1751025599999999,166414.6685,602,49069.6,65103.4365,0
1751025600000000,1.329,1.333,1.327,1.332,45596.1,1751026499999999,60650.3608,334,29825.5,39680.1887,0
1751026500000000,1.332,1.339,1.331,1.337,67136.3,1751027399999999,89710.2143,426,32010.7,42765.462,0
1751027400000000,1.337,1.337,1.326,1.327,157655.4,1751028299999999,209952.8875,1070,80589.8,107370.0669,0
1751028300000000,1.326,1.329,1.319,1.321,97554.6,1751029199999999,129035.3073,701,45254.9,59883.1144,0
1751029200000000,1.321,1.329,1.321,1.328,76108.4,1751030099999999,100760.9688,513,37362.0,49464.8421,0
1751030100000000,1.328,1.329,1.324,1.325,28330.5,1751030999999999,37577.739,450,12621.6,16749.0043,0
1751031000000000,1.325,1.332,1.323,1.327,73916.1,1751031899999999,98160.4086,807,26068.7,34629.111,0
1751031900000000,1.326,1.331,1.318,1.33,87143.9,1751032799999999,115367.2912,700,35218.1,46662.959,0
1751032800000000,1.33,1.342,1.329,1.333,185629.7,1751033699999999,248079.1418,1227,91510.0,122281.8374,0
1751033700000000,1.333,1.336,1.325,1.325,150004.7,1751034599999999,199482.2573,870,47125.3,62730.6919,0
1751034600000000,1.325,1.33,1.322,1.325,86793.5,1751035499999999,115026.9338,813,38103.7,50523.8071,0
1751035500000000,1.326,1.327,1.319,1.323,89561.8,1751036399999999,118522.2459,586,45671.8,60429.994,0
1751036400000000,1.323,1.325,1.321,1.323,41940.5,1751037299999999,55493.1946,580,13606.0,18001.2746,0
1751037300000000,1.323,1.326,1.319,1.325,36891.2,1751038199999999,48757.6834,360,14481.2,19143.9889,0
1751038200000000,1.325,1.337,1.324,1.335,104315.1,1751039099999999,138909.0944,690,57958.9,77168.6164,0
1751039100000000,1.334,1.339,1.33,1.335,71968.0,1751039999999999,96005.4751,769,41277.9,55065.4406,0
1751040000000000,1.336,1.338,1.33,1.33,73340.3,1751040899999999,97882.78,665,31866.4,42546.3227,0
1751040900000000,1.331,1.336,1.329,1.336,44797.3,1751041799999999,59700.315,529,16616.4,22149.7671,0
1751041800000000,1.337,1.352,1.337,1.342,218591.6,1751042699999999,294353.2655,1274,115363.9,155261.5828,0
1751042700000000,1.343,1.344,1.338,1.339,99345.0,1751043599999999,133184.841,634,33873.3,45424.7897,0
1751043600000000,1.338,1.34,1.331,1.331,53464.2,1751044499999999,71362.1424,594,15283.3,20407.2334,0
1751044500000000,1.332,1.335,1.327,1.327,77959.3,1751045399999999,103774.1326,662,32849.3,43744.7145,0
1751045400000000,1.328,1.329,1.321,1.322,64682.9,1751046299999999,85725.7726,602,22838.2,30279.5072,0
1751046300000000,1.321,1.325,1.317,1.323,108135.2,1751047199999999,142687.5069,880,27292.0,36026.5426,0
1751047200000000,1.323,1.325,1.319,1.319,81846.9,1751048099999999,108147.1732,792,39358.2,51999.601,0
1751048100000000,1.319,1.321,1.305,1.305,183349.0,1751048999999999,240711.1362,886,48322.4,63457.5123,0
1751049000000000,1.305,1.307,1.3,1.303,185009.5,1751049899999999,241128.0819,972,107160.6,139678.5904,0
1751049900000000,1.304,1.306,1.302,1.306,64031.9,1751050799999999,83518.4264,603,22275.4,29056.5611,0
1751050800000000,1.306,1.315,1.305,1.314,104447.6,1751051699999999,136919.1593,592,55062.9,72176.5347,0
1751051700000000,1.314,1.316,1.311,1.313,41599.7,1751052599999999,54640.2427,417,26428.7,34718.381,0
1751052600000000,1.313,1.314,1.31,1.314,13642.0,1751053499999999,17903.2301,258,5989.7,7858.5853,0
1751053500000000,1.314,1.318,1.314,1.316,42347.5,1751054399999999,55778.7367,455,25364.6,33421.759,0
1751054400000000,1.315,1.324,1.314,1.322,71662.0,1751055299999999,94607.2118,466,46008.0,60757.2004,0
1751055300000000,1.321,1.324,1.321,1.322,23597.2,1751056199999999,31206.2567,354,10889.5,14401.941,0
1751056200000000,1.323,1.327,1.322,1.326,72655.3,1751057099999999,96241.7006,434,31154.7,41274.5988,0
1751057100000000,1.325,1.327,1.322,1.325,43488.7,1751057999999999,57583.3063,384,26616.5,35249.1796,0
1751058000000000,1.326,1.328,1.325,1.325,36195.6,1751058899999999,48006.7259,444,20619.9,27354.2978,0
1751058900000000,1.324,1.326,1.32,1.325,100347.4,1751059799999999,132678.7797,696,57170.9,75617.1854,0
1751059800000000,1.324,1.328,1.323,1.324,136872.5,1751060699999999,181379.3907,785,65073.0,86243.7782,0
1751060700000000,1.323,1.326,1.323,1.324,28908.8,1751061599999999,38297.5717,425,9074.2,12021.6435,0
1751061600000000,1.324,1.326,1.322,1.323,57972.9,1751062499999999,76775.7246,417,19871.9,26311.0266,0
1751062500000000,1.323,1.325,1.322,1.322,55919.2,1751063399999999,73986.1779,374,15184.6,20092.799,0
1751063400000000,1.321,1.324,1.32,1.322,74580.8,1751064299999999,98601.3086,499,18016.3,23815.2122,0
1751064300000000,1.321,1.323,1.321,1.322,49426.3,1751065199999999,65349.7319,555,13366.1,17672.8334,0
1751065200000000,1.321,1.322,1.319,1.319,28795.1,1751066099999999,38002.8065,308,6598.6,8706.5859,0
1751066100000000,1.319,1.319,1.316,1.316,61125.2,1751066999999999,80512.5488,505,33068.1,43555.7868,0
1751067000000000,1.315,1.317,1.314,1.315,60953.7,1751067899999999,80178.4485,413,16469.9,21675.0083,0
1751067900000000,1.315,1.318,1.315,1.317,122832.5,1751068799999999,161652.1889,1446,44598.3,58689.31,0
1751068800000000,1.318,1.319,1.315,1.316,75744.3,1751069699999999,99789.7431,857,35162.5,46342.515,0
1751069700000000,1.317,1.321,1.317,1.319,61607.5,1751070599999999,81280.6317,769,25085.9,33098.1338,0
1751070600000000,1.32,1.32,1.316,1.318,29351.7,1751071499999999,38659.0846,403,10989.9,14474.5408,0
1751071500000000,1.317,1.32,1.317,1.318,28128.7,1751072399999999,37066.0534,283,12233.0,16123.3415,0
1751072400000000,1.317,1.318,1.314,1.314,42966.9,1751073299999999,56563.5742,208,9674.0,12747.2349,0
1751073300000000,1.314,1.315,1.313,1.313,53294.3,1751074199999999,69998.385,392,23129.8,30380.1178,0
1751074200000000,1.314,1.316,1.312,1.316,72217.0,1751075099999999,94898.2635,446,20681.3,27177.1291,0
1751075100000000,1.317,1.321,1.317,1.321,31730.7,1751075999999999,41851.4364,385,23486.2,30980.531,0
1751076000000000,1.321,1.323,1.319,1.32,29885.2,1751076899999999,39485.9628,349,17041.9,22518.4877,0
1751076900000000,1.319,1.323,1.319,1.322,12161.0,1751077799999999,16074.5863,269,9290.0,12281.0932,0
1751077800000000,1.322,1.323,1.32,1.32,33168.7,1751078699999999,43829.5541,342,12468.3,16480.402,0
1751078700000000,1.32,1.32,1.313,1.314,59652.2,1751079599999999,78504.6757,258,17871.1,23510.957,0
1751079600000000,1.314,1.315,1.312,1.314,30805.0,1751080499999999,40475.8328,272,17268.8,22692.2451,0
1751080500000000,1.314,1.317,1.314,1.314,45191.5,1751081399999999,59420.6401,272,17058.3,22424.4191,0
1751081400000000,1.315,1.316,1.314,1.316,15022.3,1751082299999999,19754.2065,224,9825.1,12920.9389,0
1751082300000000,1.316,1.317,1.314,1.315,30999.2,1751083199999999,40785.0537,255,19627.8,25826.4287,0
1751083200000000,1.315,1.316,1.314,1.314,14865.4,1751084099999999,19549.7493,221,6875.0,9042.4016,0
1751084100000000,1.314,1.315,1.313,1.314,47376.0,1751084999999999,62246.7198,255,13982.2,18373.1376,0
1751085000000000,1.313,1.314,1.311,1.313,34212.9,1751085899999999,44905.4343,305,16025.6,21036.8142,0
1751085900000000,1.313,1.313,1.309,1.311,61215.5,1751086799999999,80270.8585,357,19863.3,26046.073,0
1751086800000000,1.31,1.317,1.308,1.317,87647.6,1751087699999999,115022.6538,559,42567.5,55847.3132,0
1751087700000000,1.317,1.318,1.314,1.315,14444.4,1751088599999999,19005.4248,122,3567.0,4692.7679,0
1751088600000000,1.315,1.315,1.311,1.311,39495.3,1751089499999999,51852.8092,281,15232.9,20005.2042,0
1751089500000000,1.311,1.313,1.31,1.311,107164.4,1751090399999999,140512.4762,611,25148.0,32979.6817,0
1751090400000000,1.311,1.314,1.31,1.312,50543.1,1751091299999999,66308.7084,404,21985.8,28853.2137,0
1751091300000000,1.312,1.313,1.31,1.312,33127.9,1751092199999999,43452.6795,160,20698.7,27151.2057,0
1751092200000000,1.312,1.313,1.309,1.31,62968.6,1751093099999999,82518.7421,389,41127.2,53894.2918,0
1751093100000000,1.309,1.312,1.308,1.312,27647.5,1751093999999999,36220.6129,205,10279.9,13465.8908,0
1751094000000000,1.313,1.313,1.31,1.31,20029.3,1751094899999999,26257.7945,266,7375.0,9668.9222,0
1751094900000000,1.31,1.312,1.308,1.31,49226.4,1751095799999999,64485.994,419,22513.8,29493.2156,0
1751095800000000,1.311,1.313,1.31,1.312,80842.8,1751096699999999,106046.7378,645,32752.3,42971.4817,0
1751096700000000,1.312,1.317,1.311,1.316,38187.3,1751097599999999,50204.2156,299,23449.0,30830.1124,0
1751097600000000,1.317,1.317,1.313,1.313,39888.7,1751098499999999,52481.0478,400,14973.6,19701.8668,0
1751098500000000,1.313,1.316,1.31,1.314,52872.5,1751099399999999,69413.3404,336,29399.9,38606.4727,0
1751099400000000,1.313,1.314,1.31,1.312,18747.9,1751100299999999,24599.3096,120,5604.4,7355.4079,0
1751100300000000,1.311,1.311,1.309,1.311,24031.7,1751101199999999,31495.8376,222,14690.1,19252.0278,0
1751101200000000,1.311,1.311,1.308,1.309,28158.1,1751102099999999,36874.375,201,14909.6,19530.015,0
1751102100000000,1.309,1.312,1.308,1.312,21925.2,1751102999999999,28739.1492,188,12777.6,16750.9344,0
1751103000000000,1.311,1.318,1.311,1.316,68581.2,1751103899999999,90190.2179,473,24442.3,32152.565,0
1751103900000000,1.316,1.32,1.316,1.318,52685.9,1751104799999999,69463.3884,496,22342.3,29463.1896,0
1751104800000000,1.318,1.318,1.314,1.316,32890.5,1751105699999999,43280.1646,282,11775.0,15498.8979,0
1751105700000000,1.315,1.318,1.314,1.316,16611.9,1751106599999999,21863.1413,206,9516.6,12522.3349,0
1751106600000000,1.317,1.318,1.314,1.314,15076.9,1751107499999999,19835.8527,175,6753.9,8884.6899,0
1751107500000000,1.314,1.314,1.311,1.312,14296.7,1751108399999999,18763.5058,174,7954.9,10439.2048,0
1751108400000000,1.312,1.314,1.312,1.312,29125.6,1751109299999999,38237.0162,346,12607.2,16552.4371,0
1751109300000000,1.312,1.313,1.311,1.311,19624.8,1751110199999999,25740.3789,197,9699.8,12724.0325,0
1751110200000000,1.311,1.313,1.31,1.312,25813.2,1751111099999999,33848.5658,241,9920.0,13009.1636,0
1751111100000000,1.311,1.312,1.31,1.311,20846.0,1751111999999999,27320.2309,161,7232.6,9482.1175,0
1751112000000000,1.31,1.313,1.309,1.311,31138.6,1751112899999999,40803.8326,301,10339.5,13552.1988,0
1751112900000000,1.311,1.311,1.309,1.309,17191.4,1751113799999999,22518.2115,216,6626.8,8681.1472,0
1751113800000000,1.31,1.312,1.309,1.309,37263.7,1751114699999999,48820.8098,266,11271.6,14770.7807,0
1751114700000000,1.31,1.313,1.309,1.311,24273.4,1751115599999999,31810.1901,271,9963.9,13058.6736,0
1751115600000000,1.311,1.313,1.311,1.311,32295.0,1751116499999999,42385.1701,238,23758.1,31183.4539,0
1751116500000000,1.312,1.312,1.304,1.305,67807.7,1751117399999999,88654.6177,436,20114.7,26284.81,0
1751117400000000,1.305,1.305,1.302,1.304,53544.7,1751118299999999,69798.7286,414,16039.8,20911.3587,0
1751118300000000,1.304,1.304,1.302,1.303,13852.7,1751119199999999,18056.1293,194,8036.2,10475.9577,0
1751119200000000,1.303,1.305,1.303,1.305,14366.8,1751120099999999,18737.5576,178,5259.2,6860.7907,0
1751120100000000,1.306,1.308,1.305,1.306,28832.0,1751120999999999,37668.5853,331,11429.5,14935.2525,0
1751121000000000,1.306,1.307,1.305,1.307,12157.2,1751121899999999,15870.7429,167,7350.2,9596.6501,0
1751121900000000,1.306,1.306,1.303,1.305,25090.1,1751122799999999,32735.8727,258,13927.4,18175.6588,0
1751122800000000,1.304,1.308,1.304,1.307,44054.5,1751123699999999,57555.1338,345,22589.8,29525.1704,0
1751123700000000,1.308,1.309,1.306,1.307,17363.7,1751124599999999,22700.3953,175,7597.5,9931.8822,0
1751124600000000,1.308,1.31,1.307,1.309,27181.3,1751125499999999,35577.5676,304,5439.7,7121.9036,0
1751125500000000,1.31,1.329,1.31,1.325,225963.3,1751126399999999,298158.7143,1199,142979.9,188782.7465,0
1751126400000000,1.326,1.335,1.326,1.334,138742.1,1751127299999999,184674.6645,1060,87220.6,116092.6122,0
1751127300000000,1.335,1.336,1.329,1.331,130703.0,1751128199999999,174033.6217,784,45282.5,60336.4181,0
1751128200000000,1.332,1.336,1.326,1.328,84383.4,1751129099999999,112279.1097,585,40947.3,54508.6084,0
1751129100000000,1.328,1.329,1.326,1.328,35750.7,1751129999999999,47462.0901,345,13519.4,17945.3203,0
1751130000000000,1.329,1.336,1.329,1.334,110649.6,1751130899999999,147465.217,673,62698.6,83570.9072,0
1751130900000000,1.335,1.336,1.331,1.332,40032.5,1751131799999999,53339.4717,353,17750.3,23644.5504,0
1751131800000000,1.332,1.339,1.331,1.338,36670.7,1751132699999999,49004.3411,370,24256.5,32421.0911,0
1751132700000000,1.338,1.347,1.337,1.344,157652.4,1751133599999999,211792.6149,1912,98476.4,132288.9749,0
1751133600000000,1.345,1.346,1.339,1.341,113835.7,1751134499999999,152736.5448,754,60339.1,80956.1998,0
1751134500000000,1.342,1.345,1.341,1.342,41616.2,1751135399999999,55866.6731,578,18594.1,24966.8025,0
1751135400000000,1.343,1.344,1.34,1.341,39689.4,1751136299999999,53251.2459,381,10021.4,13456.5414,0
1751136300000000,1.34,1.345,1.34,1.345,48856.2,1751137199999999,65615.6677,526,23114.1,31043.0134,0
1751137200000000,1.345,1.348,1.342,1.345,72735.0,1751138099999999,97853.2954,539,32708.7,44009.951,0
1751138100000000,1.345,1.349,1.345,1.347,40684.1,1751138999999999,54840.5969,535,15234.4,20535.0079,0
1751139000000000,1.346,1.347,1.343,1.343,20429.1,1751139899999999,27474.0693,242,6734.0,9054.6612,0
1751139900000000,1.343,1.344,1.341,1.341,12116.2,1751140799999999,16264.5802,131,4804.2,6451.5063,0
1751140800000000,1.341,1.342,1.339,1.339,30953.5,1751141699999999,41491.1756,306,12598.3,16891.7011,0
1751141700000000,1.338,1.341,1.336,1.34,41904.8,1751142599999999,56081.8418,283,18553.2,24832.2738,0
1751142600000000,1.339,1.343,1.338,1.341,64945.4,1751143499999999,87073.4472,420,34509.0,46281.7535,0
1751143500000000,1.341,1.341,1.339,1.339,28780.2,1751144399999999,38567.8211,193,6404.0,8586.2498,0
1751144400000000,1.339,1.341,1.338,1.34,18513.0,1751145299999999,24806.2569,190,13150.0,17618.3365,0
1751145300000000,1.34,1.342,1.338,1.341,57940.4,1751146199999999,77612.2873,346,30423.8,40764.8423,0
1751146200000000,1.341,1.345,1.341,1.342,32155.6,1751147099999999,43175.2644,206,7717.4,10365.8344,0
1751147100000000,1.342,1.346,1.341,1.344,33688.2,1751147999999999,45273.3428,323,13842.5,18609.8398,0
1751148000000000,1.344,1.348,1.343,1.347,62836.4,1751148899999999,84591.9317,490,36508.4,49158.1352,0
1751148900000000,1.347,1.354,1.347,1.353,78323.7,1751149799999999,105760.3486,581,52801.9,71307.496,0
1751149800000000,1.353,1.353,1.35,1.352,43078.1,1751150699999999,58223.8375,561,18491.6,24993.831,0
1751150700000000,1.352,1.356,1.352,1.355,47900.3,1751151599999999,64886.6489,542,29488.6,39948.8186,0
1751151600000000,1.355,1.356,1.351,1.353,42613.4,1751152499999999,57688.7133,405,16823.1,22783.9527,0
1751152500000000,1.353,1.353,1.347,1.347,67584.0,1751153399999999,91227.8192,420,10403.1,14042.8991,0
1751153400000000,1.347,1.347,1.344,1.345,45356.3,1751154299999999,61025.146,304,22684.8,30519.8588,0
1751154300000000,1.345,1.347,1.345,1.346,9106.3,1751155199999999,12256.4179,117,2066.4,2779.9658,0
1751155200000000,1.346,1.349,1.345,1.346,22854.6,1751156099999999,30776.1124,264,10571.2,14231.6238,0
1751156100000000,1.347,1.351,1.346,1.35,36256.9,1751156999999999,48892.7524,326,21991.9,29656.0943,0
1751157000000000,1.349,1.352,1.346,1.348,25055.4,1751157899999999,33796.6182,277,17712.1,23889.9197,0
1751157900000000,1.348,1.352,1.347,1.348,108498.4,1751158799999999,146384.2597,742,27584.2,37194.5795,0
1751158800000000,1.347,1.348,1.344,1.344,67719.1,1751159699999999,91118.4951,302,29556.5,39780.2855,0
1751159700000000,1.343,1.347,1.342,1.345,62632.9,1751160599999999,84230.4109,451,30216.0,40644.2519,0
1751160600000000,1.345,1.345,1.342,1.342,16001.1,1751161499999999,21502.1422,217,9632.1,12943.5188,0
1751161500000000,1.343,1.344,1.34,1.34,56110.6,1751162399999999,75274.3021,372,19443.2,26092.4129,0
1751162400000000,1.341,1.341,1.336,1.338,69387.4,1751163299999999,92876.9641,598,26963.8,36104.7189,0
1751163300000000,1.339,1.339,1.337,1.339,15911.0,1751164199999999,21294.2176,167,5270.8,7052.3758,0
1751164200000000,1.339,1.343,1.338,1.342,54540.2,1751165099999999,73162.9693,316,10921.6,14638.632,0
1751165100000000,1.342,1.344,1.341,1.343,9669.4,1751165999999999,12977.1351,96,268.6,360.6116,0
1751166000000000,1.342,1.343,1.341,1.341,16996.1,1751166899999999,22811.4982,197,8554.7,11481.9512,0
1751166900000000,1.342,1.344,1.341,1.342,30616.5,1751167799999999,41096.6733,248,15786.8,21191.418,0
1751167800000000,1.342,1.342,1.336,1.336,63213.8,1751168699999999,84630.7462,280,3458.0,4632.7088,0
1751168700000000,1.336,1.336,1.335,1.335,14546.7,1751169599999999,19432.2189,117,11039.1,14748.2376,0
1751169600000000,1.335,1.339,1.334,1.339,34072.9,1751170499999999,45527.9744,317,16465.1,22010.6077,0
1751170500000000,1.339,1.34,1.337,1.338,18039.9,1751171399999999,24137.6758,158,6469.4,8657.4257,0
1751171400000000,1.337,1.338,1.337,1.337,5418.3,1751172299999999,7249.3771,127,3409.5,4561.911,0
1751172300000000,1.338,1.34,1.337,1.34,22852.5,1751173199999999,30596.4925,179,11423.6,15294.1466,0
1751173200000000,1.339,1.341,1.337,1.34,33669.4,1751174099999999,45080.3596,255,15342.4,20547.043,0
1751174100000000,1.341,1.341,1.338,1.338,25397.0,1751174999999999,34022.313,176,15504.7,20773.2287,0
1751175000000000,1.338,1.342,1.337,1.341,13845.7,1751175899999999,18548.8813,172,6304.6,8444.9007,0
1751175900000000,1.342,1.346,1.342,1.346,42736.7,1751176799999999,57454.9647,256,23062.4,31003.0619,0
1751176800000000,1.346,1.348,1.346,1.347,34546.2,1751177699999999,46521.6049,282,23825.4,32085.2526,0
1751177700000000,1.348,1.35,1.348,1.349,19262.7,1751178599999999,25979.5955,146,15730.5,21215.2548,0
1751178600000000,1.35,1.351,1.349,1.351,14462.2,1751179499999999,19516.9887,136,9097.3,12278.5325,0
1751179500000000,1.351,1.352,1.347,1.35,59683.7,1751180399999999,80563.5205,226,23090.3,31190.4342,0
1751180400000000,1.35,1.351,1.346,1.347,33530.8,1751181299999999,45181.3096,205,7024.1,9462.959,0
1751181300000000,1.347,1.347,1.344,1.345,24502.6,1751182199999999,32969.4417,222,6556.2,8823.0508,0
1751182200000000,1.344,1.345,1.342,1.343,36935.6,1751183099999999,49635.4805,231,14029.4,18850.0273,0
1751183100000000,1.343,1.346,1.34,1.346,48102.3,1751183999999999,64626.4488,410,21278.7,28583.4447,0
1751184000000000,1.346,1.349,1.345,1.347,79795.5,1751184899999999,107455.9286,534,39769.4,53560.7596,0
1751184900000000,1.347,1.348,1.346,1.347,20146.2,1751185799999999,27124.9709,209,6351.9,8553.6735,0
1751185800000000,1.347,1.353,1.347,1.353,37317.5,1751186699999999,50392.3155,407,22719.8,30680.3661,0
1751186700000000,1.353,1.353,1.351,1.353,16267.8,1751187599999999,21997.8705,235,9576.3,12948.5805,0
1751187600000000,1.353,1.354,1.35,1.354,46339.0,1751188499999999,62649.2804,475,23188.5,31350.7285,0
1751188500000000,1.354,1.363,1.354,1.361,117510.7,1751189399999999,159744.0574,819,64596.7,87822.5285,0
1751189400000000,1.361,1.367,1.36,1.365,72305.0,1751190299999999,98653.0526,739,44822.4,61159.4722,0
1751190300000000,1.365,1.367,1.36,1.361,61807.9,1751191199999999,84292.4961,521,24025.4,32767.8089,0
1751191200000000,1.361,1.366,1.36,1.362,42340.7,1751192099999999,57698.7824,506,19718.2,26884.2704,0
1751192100000000,1.362,1.368,1.359,1.365,136739.9,1751192999999999,186463.3228,599,73103.3,99712.0976,0
1751193000000000,1.366,1.366,1.363,1.363,23339.8,1751193899999999,31850.6452,324,11626.1,15867.4873,0
1751193900000000,1.363,1.367,1.361,1.366,30530.4,1751194799999999,41649.5753,343,12238.0,16704.4843,0
1751194800000000,1.366,1.367,1.363,1.363,22552.9,1751195699999999,30771.5508,245,7490.6,10224.0915,0
1751195700000000,1.363,1.365,1.363,1.363,14020.2,1751196599999999,19118.9941,293,8079.6,11018.5167,0
1751196600000000,1.363,1.366,1.363,1.365,20113.5,1751197499999999,27456.5017,189,11451.1,15631.4404,0
1751197500000000,1.366,1.368,1.364,1.367,43455.9,1751198399999999,59365.6634,399,14958.7,20436.5928,0
1751198400000000,1.367,1.369,1.363,1.363,24555.0,1751199299999999,33534.2435,372,9691.2,13244.2805,0
1751199300000000,1.364,1.366,1.364,1.364,30666.2,1751200199999999,41852.4266,442,9341.0,12748.9442,0
1751200200000000,1.364,1.364,1.36,1.36,11164.8,1751201099999999,15213.6638,248,5612.4,7646.9544,0
1751201100000000,1.361,1.365,1.361,1.364,16636.3,1751201999999999,22663.452,217,10619.4,14464.7447,0
1751202000000000,1.365,1.369,1.365,1.365,50029.1,1751202899999999,68359.888,446,34288.0,46850.3188,0
1751202900000000,1.366,1.367,1.364,1.365,37394.9,1751203799999999,51063.0284,419,16197.2,22118.6388,0
1751203800000000,1.365,1.365,1.362,1.363,34682.8,1751204699999999,47279.023,352,18879.1,25738.0759,0
1751204700000000,1.362,1.364,1.359,1.36,84309.1,1751205599999999,114712.1544,462,26094.7,35514.1812,0
1751205600000000,1.36,1.365,1.359,1.364,38658.8,1751206499999999,52640.2821,310,24140.3,32884.809,0
1751206500000000,1.365,1.365,1.361,1.363,21810.0,1751207399999999,29725.8961,354,11702.3,15947.7806,0
1751207400000000,1.363,1.363,1.353,1.353,57218.2,1751208299999999,77638.7823,552,11041.8,14993.4087,0
1751208300000000,1.352,1.354,1.349,1.35,53973.7,1751209199999999,72907.1215,451,23775.7,32124.7647,0
1751209200000000,1.35,1.351,1.346,1.349,51274.2,1751210099999999,69136.467,408,30451.8,41067.054,0
1751210100000000,1.349,1.349,1.344,1.346,55935.5,1751210999999999,75294.0452,503,22749.9,30617.3835,0
1751211000000000,1.346,1.347,1.34,1.341,69539.1,1751211899999999,93431.5482,706,30525.9,41048.4809,0
1751211900000000,1.34,1.34,1.336,1.339,41507.4,1751212799999999,55571.6333,465,11871.3,15887.2169,0
1751212800000000,1.338,1.34,1.336,1.339,43527.7,1751213699999999,58262.4924,427,15379.6,20594.079,0
1751213700000000,1.339,1.342,1.33,1.332,67945.9,1751214599999999,90687.6663,560,22863.2,30496.7271,0
1751214600000000,1.332,1.334,1.328,1.33,158045.9,1751215499999999,210369.0418,1219,66666.4,88758.0804,0
1751215500000000,1.33,1.334,1.326,1.333,72871.1,1751216399999999,96887.2533,901,17916.2,23832.5398,0
1751216400000000,1.333,1.334,1.332,1.333,22157.5,1751217299999999,29545.2038,353,6950.0,9267.7834,0
1751217300000000,1.334,1.334,1.33,1.33,31562.6,1751218199999999,42020.2341,301,12715.0,16920.4258,0
1751218200000000,1.33,1.33,1.327,1.329,37742.9,1751219099999999,50163.995,451,15788.1,20979.4561,0
1751219100000000,1.329,1.332,1.328,1.332,24153.4,1751219999999999,32122.0574,248,11664.4,15507.7504,0
1751220000000000,1.331,1.332,1.329,1.33,30247.1,1751220899999999,40223.5341,165,10241.1,13621.6141,0
1751220900000000,1.329,1.335,1.329,1.334,31302.5,1751221799999999,41705.2046,315,23540.9,31365.7146,0
1751221800000000,1.334,1.338,1.333,1.337,16843.3,1751222699999999,22503.7705,238,6903.9,9222.5785,0
1751222700000000,1.337,1.341,1.337,1.339,35271.4,1751223599999999,47227.1409,269,17506.1,23443.9929,0
1751223600000000,1.339,1.34,1.336,1.337,30038.9,1751224499999999,40174.4293,354,12830.6,17160.2326,0
1751224500000000,1.336,1.339,1.335,1.339,13023.0,1751225399999999,17408.7112,281,5656.7,7562.1036,0
1751225400000000,1.339,1.339,1.335,1.336,12922.6,1751226299999999,17268.2726,212,6698.6,8951.3813,0
1751226300000000,1.335,1.339,1.335,1.338,27296.2,1751227199999999,36515.3632,263,15023.2,20099.8784,0
1751227200000000,1.338,1.34,1.338,1.338,27947.6,1751228099999999,37414.9904,280,11101.0,14861.9195,0
1751228100000000,1.338,1.341,1.337,1.34,39987.2,1751228999999999,53567.4051,349,31897.0,42733.1511,0
1751229000000000,1.34,1.341,1.338,1.339,16658.2,1751229899999999,22315.0852,134,5887.0,7886.2259,0
1751229900000000,1.34,1.342,1.335,1.336,71173.0,1751230799999999,95298.1521,417,31273.9,41883.3438,0
1751230800000000,1.335,1.336,1.326,1.331,102918.2,1751231699999999,136836.8803,752,33548.6,44602.0305,0
1751231700000000,1.331,1.341,1.331,1.339,67410.1,1751232599999999,90124.128,376,60724.0,81173.101,0
1751232600000000,1.34,1.348,1.34,1.347,62085.1,1751233499999999,83487.2551,514,36315.3,48846.0243,0
1751233500000000,1.347,1.354,1.347,1.354,195659.8,1751234399999999,264439.8177,947,139733.6,188862.7751,0
1751234400000000,1.355,1.384,1.355,1.383,501554.1,1751235299999999,686780.0057,3635,267271.5,366133.9143,0
1751235300000000,1.382,1.41,1.382,1.409,569881.5,1751236199999999,796560.1262,4037,318306.9,444764.6445,0
1751236200000000,1.41,1.421,1.409,1.418,439996.7,1751237099999999,621971.3234,3233,225041.9,318239.998,0
1751237100000000,1.418,1.425,1.415,1.423,201285.4,1751237999999999,285932.1188,1394,111963.3,159058.4947,0
1751238000000000,1.424,1.431,1.421,1.425,323364.7,1751238899999999,461188.3972,2291,138736.5,197863.1052,0
1751238900000000,1.424,1.426,1.421,1.425,169692.8,1751239799999999,241586.9427,996,68073.6,96919.6455,0
1751239800000000,1.425,1.425,1.411,1.411,135336.1,1751240699999999,191687.6071,855,44891.6,63537.9968,0
1751240700000000,1.411,1.414,1.41,1.412,41805.6,1751241599999999,59054.7635,315,25586.2,36149.2294,0
1751241600000000,1.412,1.417,1.41,1.412,132910.2,1751242499999999,187874.0982,816,71377.4,100921.0575,0
1751242500000000,1.412,1.419,1.41,1.416,181268.8,1751243399999999,256501.2959,896,117404.6,166134.7782,0
1751243400000000,1.416,1.416,1.409,1.411,157739.2,1751244299999999,222710.4567,1053,66089.9,93324.1661,0
1751244300000000,1.412,1.412,1.405,1.407,117300.0,1751245199999999,165169.9195,778,43804.4,61654.3201,0
1751245200000000,1.408,1.408,1.396,1.399,148746.6,1751246099999999,208514.4315,1143,57727.5,80895.6361,0
1751246100000000,1.399,1.4,1.394,1.395,148209.5,1751246999999999,207013.9116,1383,53137.2,74228.6529,0
1751247000000000,1.396,1.4,1.394,1.399,75095.2,1751247899999999,104897.6534,818,29646.4,41408.2243,0
1751247900000000,1.399,1.399,1.393,1.394,33998.9,1751248799999999,47452.9452,672,18321.2,25574.7078,0
1751248800000000,1.393,1.393,1.39,1.393,78897.9,1751249699999999,109808.0013,1147,48246.0,67149.7585,0
1751249700000000,1.393,1.393,1.388,1.392,63210.1,1751250599999999,87924.897,708,26717.3,37146.7267,0
1751250600000000,1.391,1.392,1.388,1.39,21332.5,1751251499999999,29640.177,614,13493.3,18749.2599,0
1751251500000000,1.391,1.392,1.385,1.386,70086.4,1751252399999999,97325.9258,887,35426.4,49202.9223,0
1751252400000000,1.385,1.387,1.384,1.387,44351.3,1751253299999999,61444.0136,756,30909.3,42829.5336,0
1751253300000000,1.386,1.386,1.379,1.38,69244.9,1751254199999999,95714.6548,888,29338.2,40541.5381,0
1751254200000000,1.381,1.389,1.381,1.389,44112.5,1751255099999999,61114.0619,550,31899.2,44196.0204,0
1751255100000000,1.388,1.388,1.384,1.384,33615.3,1751255999999999,46562.5281,537,12263.3,16986.0089,0
1751256000000000,1.384,1.386,1.38,1.382,51327.0,1751256899999999,70972.321,911,25395.8,35123.3486,0
1751256900000000,1.382,1.383,1.377,1.379,52356.5,1751257799999999,72261.8191,561,24615.6,33968.3677,0
1751257800000000,1.378,1.381,1.375,1.375,61691.5,1751258699999999,84982.1689,589,28911.9,39841.7615,0
1751258700000000,1.376,1.379,1.374,1.376,43410.6,1751259599999999,59746.9314,532,28433.3,39140.6451,0
1751259600000000,1.375,1.382,1.375,1.38,53010.9,1751260499999999,73122.0798,512,43324.1,59757.5881,0
1751260500000000,1.38,1.381,1.378,1.378,19607.0,1751261399999999,27039.158,307,12550.1,17311.597,0
1751261400000000,1.378,1.382,1.377,1.382,29131.6,1751262299999999,40184.1651,500,20785.0,28677.1492,0
1751262300000000,1.382,1.39,1.381,1.39,85916.0,1751263199999999,119012.9478,649,76939.7,106585.2707,0
1751263200000000,1.389,1.393,1.389,1.391,53027.3,1751264099999999,73761.3817,510,29107.5,40494.0867,0
1751264100000000,1.391,1.392,1.389,1.392,23311.4,1751264999999999,32410.6196,223,11325.0,15750.9602,0
1751265000000000,1.391,1.393,1.378,1.378,102471.4,1751265899999999,141873.4154,946,30057.4,41594.0967,0
1751265900000000,1.378,1.378,1.367,1.376,189169.8,1751266799999999,259759.5879,1454,74670.1,102547.5428,0
1751266800000000,1.376,1.377,1.371,1.377,59117.2,1751267699999999,81250.2892,886,36545.7,50234.4985,0
1751267700000000,1.376,1.384,1.375,1.38,71136.1,1751268599999999,98192.2429,527,27006.2,37279.3844,0
1751268600000000,1.38,1.38,1.376,1.378,56550.2,1751269499999999,77964.3335,431,17722.8,24433.9477,0
1751269500000000,1.379,1.381,1.377,1.378,40111.1,1751270399999999,55319.4603,341,22182.8,30596.0777,0
1751270400000000,1.377,1.381,1.375,1.376,46680.1,1751271299999999,64322.0691,438,33859.0,46657.8269,0
1751271300000000,1.375,1.375,1.37,1.373,20372.6,1751272199999999,27962.8902,264,10281.3,14111.0087,0
1751272200000000,1.373,1.373,1.369,1.369,59895.3,1751273099999999,82129.007,419,24451.1,33518.3569,0
1751273100000000,1.369,1.372,1.367,1.368,43146.4,1751273999999999,59095.2806,399,12188.0,16687.4001,0
1751274000000000,1.368,1.371,1.364,1.37,75312.7,1751274899999999,102969.264,449,32786.9,44820.3021,0
1751274900000000,1.37,1.371,1.368,1.369,19192.9,1751275799999999,26287.8583,323,6662.1,9123.2635,0
1751275800000000,1.37,1.37,1.359,1.361,70391.6,1751276699999999,96012.4756,528,20879.7,28484.2286,0
1751276700000000,1.36,1.363,1.357,1.358,41697.2,1751277599999999,56721.4171,491,18748.7,25513.7111,0
1751277600000000,1.358,1.358,1.355,1.356,60887.7,1751278499999999,82596.7931,451,17565.5,23825.5064,0
1751278500000000,1.356,1.358,1.354,1.357,32381.3,1751279399999999,43943.5748,206,14599.8,19815.4552,0
1751279400000000,1.357,1.361,1.354,1.358,65924.2,1751280299999999,89496.9986,508,29234.3,39689.1378,0
1751280300000000,1.358,1.358,1.356,1.358,15649.6,1751281199999999,21239.027,167,7390.5,10031.5246,0
1751281200000000,1.357,1.359,1.353,1.359,65885.9,1751282099999999,89308.8056,731,40058.7,54307.9617,0
1751282100000000,1.358,1.367,1.357,1.363,190882.1,1751282999999999,259828.1656,1063,148789.6,202490.6721,0
1751283000000000,1.362,1.363,1.36,1.36,25255.3,1751283899999999,34375.3363,283,5796.0,7889.1534,0
1751283900000000,1.361,1.362,1.354,1.354,31084.7,1751284799999999,42200.0591,420,10256.4,13929.6452,0
1751284800000000,1.354,1.357,1.353,1.355,48664.9,1751285699999999,65967.0607,476,14897.6,20180.5166,0
1751285700000000,1.354,1.357,1.349,1.35,87623.9,1751286599999999,118443.1429,863,51002.6,68929.9693,0
1751286600000000,1.35,1.351,1.34,1.341,365153.1,1751287499999999,491233.1764,2178,201882.6,271613.8501,0
1751287500000000,1.342,1.342,1.334,1.338,178835.0,1751288399999999,239108.9085,1148,93214.2,124659.518,0
1751288400000000,1.338,1.339,1.335,1.338,108715.7,1751289299999999,145309.8014,750,40980.7,54777.8,0
1751289300000000,1.337,1.348,1.337,1.347,131746.5,1751290199999999,176968.8157,908,85260.9,114487.217,0
1751290200000000,1.346,1.347,1.336,1.338,142016.2,1751291099999999,190302.6194,1057,62834.5,84184.821,0
1751291100000000,1.338,1.34,1.332,1.334,110048.3,1751291999999999,147037.9785,1054,49116.7,65629.5725,0
1751292000000000,1.335,1.345,1.333,1.343,209046.4,1751292899999999,279660.7889,1519,85592.6,114520.1244,0
1751292900000000,1.344,1.348,1.337,1.341,168922.5,1751293799999999,226810.0605,1211,51415.8,69009.5755,0
1751293800000000,1.341,1.351,1.338,1.348,111237.9,1751294699999999,149710.1828,919,68251.6,91811.9517,0
1751294700000000,1.347,1.348,1.334,1.336,150723.3,1751295599999999,201987.6706,937,43960.5,58907.9986,0
1751295600000000,1.337,1.344,1.335,1.336,186631.3,1751296499999999,250156.2543,1129,92909.5,124558.2461,0
1751296500000000,1.336,1.353,1.331,1.351,309416.3,1751297399999999,415281.3589,1745,172059.0,230942.0961,0
1751297400000000,1.351,1.355,1.341,1.353,413634.2,1751298299999999,558275.1406,2742,234165.5,316070.6326,0
1751298300000000,1.354,1.367,1.348,1.353,344374.7,1751299199999999,467623.5306,2223,159476.1,216659.2868,0
1751299200000000,1.353,1.361,1.347,1.359,122459.5,1751300099999999,165605.3782,912,78585.9,106358.8405,0
1751300100000000,1.359,1.36,1.346,1.348,89152.0,1751300999999999,120503.7098,782,43015.3,58147.2663,0
1751301000000000,1.348,1.354,1.346,1.353,42192.6,1751301899999999,56949.2878,494,27603.3,37265.7851,0
1751301900000000,1.354,1.36,1.351,1.357,85726.7,1751302799999999,116188.5708,681,46609.2,63179.1414,0
1751302800000000,1.357,1.362,1.354,1.361,115893.3,1751303699999999,157455.895,779,60918.9,82748.3434,0
1751303700000000,1.362,1.363,1.356,1.357,66916.1,1751304599999999,90920.8085,787,32305.4,43896.8442,0
1751304600000000,1.357,1.358,1.353,1.355,80883.2,1751305499999999,109595.4351,566,52953.0,71755.496,0
1751305500000000,1.354,1.357,1.349,1.352,109703.4,1751306399999999,148465.4433,795,53458.6,72339.9417,0
1751306400000000,1.352,1.356,1.345,1.346,69913.1,1751307299999999,94408.4144,466,31794.2,42964.1125,0
1751307300000000,1.347,1.353,1.346,1.348,70864.5,1751308199999999,95629.393,563,40198.7,54251.3759,0
1751308200000000,1.348,1.348,1.339,1.34,105104.8,1751309099999999,141178.6153,804,47240.8,63462.2892,0
1751309100000000,1.34,1.343,1.34,1.342,54304.2,1751309999999999,72833.3619,418,27085.3,36344.3774,0
1751310000000000,1.342,1.35,1.34,1.35,97005.8,1751310899999999,130634.8641,827,58490.5,78763.0014,0
1751310900000000,1.351,1.362,1.351,1.36,108455.9,1751311799999999,147173.1968,665,76492.8,103773.1481,0
1751311800000000,1.359,1.364,1.358,1.359,96089.2,1751312699999999,130764.3478,618,56721.0,77187.4595,0
1751312700000000,1.359,1.365,1.354,1.363,122553.4,1751313599999999,166586.0167,937,53160.2,72303.125,0
1751313600000000,1.362,1.362,1.352,1.357,180942.7,1751314499999999,245630.034,1294,67300.9,91386.6416,0
1751314500000000,1.358,1.365,1.355,1.356,118514.3,1751315399999999,161166.8992,1041,50582.5,68798.4864,0
1751315400000000,1.356,1.358,1.351,1.353,46145.2,1751316299999999,62471.7599,357,23938.4,32404.9661,0
1751316300000000,1.353,1.356,1.349,1.35,30734.7,1751317199999999,41562.823,387,10832.9,14659.8243,0
1751317200000000,1.35,1.351,1.347,1.35,27241.3,1751318099999999,36735.2832,355,7825.5,10550.3776,0
1751318100000000,1.35,1.352,1.349,1.351,32580.6,1751318999999999,44026.8394,271,19155.1,25886.0422,0
1751319000000000,1.351,1.351,1.348,1.349,20187.2,1751319899999999,27245.7734,240,12922.7,17440.901,0
1751319900000000,1.348,1.349,1.341,1.344,59417.7,1751320799999999,79905.561,631,30659.8,41228.3134,0
1751320800000000,1.343,1.347,1.343,1.344,70921.0,1751321699999999,95331.0318,869,42795.9,57516.5169,0
1751321700000000,1.345,1.346,1.341,1.342,51797.5,1751322599999999,69605.7303,434,24005.2,32257.2405,0
1751322600000000,1.343,1.346,1.342,1.344,30333.7,1751323499999999,40780.5247,259,24808.8,33357.2351,0
1751323500000000,1.344,1.344,1.336,1.337,51252.2,1751324399999999,68619.8099,445,14418.7,19311.2058,0
1751324400000000,1.337,1.342,1.335,1.342,22134.2,1751325299999999,29623.3735,223,9593.1,12855.2723,0
1751325300000000,1.342,1.342,1.339,1.34,3361.4,1751326199999999,4506.5104,94,878.9,1177.7551,0
1751326200000000,1.339,1.339,1.336,1.339,30498.1,1751327099999999,40777.4271,229,9003.0,12044.9732,0
1751327100000000,1.339,1.339,1.336,1.338,25721.3,1751327999999999,34392.5497,201,12118.3,16199.7696,0
