open_time,open,high,low,close,volume,close_time,quote_volume,trades,taker_buy_base,taker_buy_quote,ignore
1690848000000,0.783,0.785,0.778,0.782,131281.9,1690848899999,102634.6068,331,69355.7,54250.2675,0
1690848900000,0.783,0.785,0.783,0.784,30968.1,1690849799999,24280.2547,124,19225.4,15073.618,0
1690849800000,0.785,0.787,0.785,0.787,11203.7,1690850699999,8811.7596,82,9016.6,7091.8946,0
1690850700000,0.787,0.787,0.784,0.785,30602.4,1690851599999,24029.9027,99,3336.1,2621.9007,0
1690851600000,0.785,0.786,0.785,0.786,17559.5,1690852499999,13792.6875,67,11550.0,9070.982,0
1690852500000,0.786,0.786,0.782,0.783,10505.4,1690853399999,8234.9769,52,1861.2,1459.9079,0
1690853400000,0.782,0.784,0.78,0.783,53977.3,1690854299999,42207.0321,187,37407.6,29266.8173,0
1690854300000,0.783,0.785,0.779,0.781,68891.9,1690855199999,53974.1613,251,52253.5,40978.3144,0
1690855200000,0.781,0.781,0.754,0.765,499818.2,1690856099999,382675.1658,2110,204387.9,156205.728,0
1690856100000,0.764,0.77,0.764,0.767,149819.5,1690856999999,114957.2016,664,42036.1,32280.845,0
1690857000000,0.767,0.769,0.766,0.768,34094.3,1690857899999,26166.3643,167,15719.4,12068.6192,0
1690857900000,0.768,0.77,0.768,0.77,25358.4,1690858799999,19481.9381,66,22886.2,17583.1902,0
1690858800000,0.77,0.771,0.767,0.77,14785.3,1690859699999,11367.9916,74,5043.3,3878.8704,0
1690859700000,0.77,0.774,0.77,0.771,544151.9,1690860599999,419951.026,899,329488.0,254470.1837,0
1690860600000,0.771,0.772,0.768,0.768,32096.3,1690861499999,24673.0695,128,16304.5,12529.6036,0
1690861500000,0.767,0.767,0.764,0.765,40115.5,1690862399999,30718.0325,160,5089.5,3899.1584,0
1690862400000,0.764,0.768,0.762,0.766,77195.4,1690863299999,58972.0459,181,44655.0,34143.8891,0
1690863300000,0.767,0.768,0.765,0.767,31044.1,1690864199999,23797.5265,96,18646.8,14294.8721,0
1690864200000,0.766,0.769,0.766,0.767,41337.0,1690865099999,31737.4161,121,7625.4,5852.8691,0
1690865100000,0.767,0.768,0.766,0.766,11922.8,1690865999999,9140.846,79,4411.7,3384.5153,0
1690866000000,0.765,0.767,0.765,0.766,20519.1,1690866899999,15728.1694,93,13532.2,10376.1958,0
1690866900000,0.766,0.767,0.766,0.766,7005.3,1690867799999,5368.8206,50,2760.8,2117.5336,0
1690867800000,0.766,0.769,0.766,0.769,45010.3,1690868699999,34580.4297,139,33683.8,25876.4674,0
1690868700000,0.769,0.771,0.768,0.771,36800.0,1690869599999,28361.4547,141,35632.5,27463.2754,0
1690869600000,0.771,0.772,0.77,0.772,14205.6,1690870499999,10946.6394,62,6026.7,4644.8148,0
1690870500000,0.772,0.775,0.768,0.771,743443.2,1690871399999,574034.6864,1545,414366.0,320337.2881,0
1690871400000,0.771,0.774,0.771,0.771,9361.2,1690872299999,7227.1667,63,5996.8,4629.3426,0
1690872300000,0.771,0.772,0.771,0.772,39456.6,1690873199999,30457.4132,93,21201.7,16367.1437,0
1690873200000,0.772,0.773,0.771,0.772,28379.7,1690874099999,21918.0107,116,11780.6,9103.7782,0
1690874100000,0.772,0.772,0.77,0.771,8219.7,1690874999999,6341.3305,40,6495.3,5011.6584,0
1690875000000,0.771,0.773,0.771,0.772,5060.5,1690875899999,3906.2804,42,3397.1,2622.4517,0
1690875900000,0.772,0.777,0.767,0.768,1435128.4,1690876799999,1106954.3565,3168,719969.7,556557.168,0
1690876800000,0.767,0.769,0.765,0.768,87250.1,1690877699999,66906.1358,202,39766.7,30525.1624,0
1690877700000,0.768,0.772,0.768,0.772,65823.5,1690878599999,50664.149,150,47552.5,36609.8998,0
1690878600000,0.772,0.773,0.772,0.772,28010.5,1690879499999,21626.1949,103,7575.1,5850.0661,0
1690879500000,0.772,0.774,0.772,0.773,6807.1,1690880399999,5257.5363,30,5658.6,4370.7711,0
1690880400000,0.773,0.774,0.772,0.772,27732.4,1690881299999,21437.0919,97,11733.5,9071.4613,0
1690881300000,0.773,0.773,0.771,0.771,23995.9,1690882199999,18520.3299,70,15896.9,12268.3179,0
1690882200000,0.772,0.772,0.771,0.771,4004.4,1690883099999,3088.886,28,2617.5,2019.5861,0
1690883100000,0.771,0.771,0.769,0.77,7050.4,1690883999999,5429.6269,54,2663.8,2052.0277,0
1690884000000,0.769,0.77,0.768,0.77,16573.9,1690884899999,12751.5438,75,4408.4,3391.0939,0
1690884900000,0.769,0.77,0.768,0.768,9376.8,1690885799999,7211.0626,51,2793.0,2150.4989,0
1690885800000,0.768,0.77,0.768,0.77,3997.8,1690886699999,3073.9855,28,3648.9,2806.0303,0
1690886700000,0.769,0.77,0.769,0.769,5297.2,1690887599999,4073.7202,24,2467.8,1897.9116,0
1690887600000,0.769,0.772,0.769,0.77,14279.1,1690888499999,11005.5324,91,6508.1,5016.7757,0
1690888500000,0.771,0.771,0.767,0.767,23309.7,1690889399999,17928.5034,102,5299.0,4075.8261,0
1690889400000,0.767,0.768,0.766,0.768,21385.5,1690890299999,16406.9078,111,11548.1,8861.8533,0
1690890300000,0.768,0.77,0.766,0.766,33906.3,1690891199999,26024.9616,130,8635.7,6634.2543,0
1690891200000,0.767,0.768,0.765,0.766,82493.9,1690892099999,63196.4979,138,36260.3,27806.6773,0
1690892100000,0.766,0.767,0.765,0.766,14363.8,1690892999999,10998.0009,80,5953.5,4556.6262,0
1690893000000,0.766,0.772,0.764,0.771,43453.2,1690893899999,33395.1246,204,27226.6,20921.3087,0
1690893900000,0.771,0.771,0.769,0.769,13060.7,1690894799999,10052.6088,60,3259.6,2507.9983,0
1690894800000,0.769,0.771,0.769,0.77,1450.8,1690895699999,1116.882,18,681.9,525.0797,0
1690895700000,0.77,0.771,0.768,0.769,27205.7,1690896599999,20933.4693,85,12542.2,9654.1766,0
1690896600000,0.77,0.77,0.767,0.768,10752.9,1690897499999,8263.7565,58,6593.1,5066.6327,0
1690897500000,0.768,0.769,0.766,0.767,45050.0,1690898399999,34575.3089,133,19328.6,14844.8441,0
1690898400000,0.766,0.769,0.766,0.767,14776.6,1690899299999,11337.5105,83,7263.9,5575.7011,0
1690899300000,0.766,0.768,0.766,0.767,33549.0,1690900199999,25732.1086,99,10307.2,7903.3995,0
1690900200000,0.768,0.768,0.765,0.765,32997.7,1690901099999,25304.6211,119,17491.1,13413.8083,0
1690901100000,0.765,0.765,0.762,0.764,27794.2,1690901999999,21224.0856,200,7189.0,5488.4931,0
1690902000000,0.764,0.766,0.762,0.764,34142.4,1690902899999,26085.4974,135,10128.3,7735.7413,0
1690902900000,0.764,0.764,0.761,0.761,20405.7,1690903799999,15567.8811,82,8465.1,6462.2439,0
1690903800000,0.761,0.767,0.755,0.767,217692.0,1690904699999,165243.5475,688,103939.8,78928.1423,0
1690904700000,0.768,0.77,0.765,0.77,40219.4,1690905599999,30889.0566,149,31913.7,24520.3636,0
1690905600000,0.77,0.773,0.767,0.772,116319.0,1690906499999,89516.2781,319,58555.8,45112.0176,0
1690906500000,0.772,0.772,0.771,0.771,7818.5,1690907399999,6030.8775,61,6046.5,4664.1079,0
1690907400000,0.771,0.771,0.768,0.769,16044.2,1690908299999,12344.4541,93,5427.7,4172.0068,0
1690908300000,0.769,0.77,0.768,0.768,27167.5,1690909199999,20869.286,77,13581.4,10433.8647,0
1690909200000,0.769,0.77,0.769,0.77,6806.6,1690910099999,5239.4756,36,5288.5,4070.5386,0
1690910100000,0.77,0.771,0.77,0.771,5259.4,1690910999999,4051.8151,23,3276.4,2524.9051,0
1690911000000,0.77,0.77,0.769,0.769,8015.5,1690911899999,6166.0313,55,424.1,326.339,0
1690911900000,0.77,0.771,0.769,0.769,5296.8,1690912799999,4076.8925,29,3071.6,2365.432,0
1690912800000,0.77,0.772,0.769,0.771,27980.5,1690913699999,21556.3937,93,17938.5,13821.5698,0
1690913700000,0.771,0.773,0.77,0.772,33250.3,1690914599999,25648.0122,139,21486.1,16577.4342,0
1690914600000,0.772,0.773,0.77,0.771,9696.4,1690915499999,7482.6399,56,6165.1,4759.163,0
1690915500000,0.771,0.772,0.769,0.771,19502.4,1690916399999,15025.96,109,6487.7,5000.7653,0
1690916400000,0.772,0.774,0.771,0.772,27734.5,1690917299999,21435.4695,141,20966.1,16208.0031,0
1690917300000,0.772,0.773,0.772,0.772,10755.7,1690918199999,8311.4693,54,8181.5,6324.1869,0
1690918200000,0.772,0.774,0.771,0.772,3678.8,1690919099999,2842.1013,38,2484.9,1920.7541,0
1690919100000,0.772,0.773,0.772,0.773,5843.6,1690919999999,4516.1797,56,5480.0,4235.4805,0
1690920000000,0.772,0.774,0.771,0.771,76526.3,1690920899999,59109.9746,140,44910.2,34714.9999,0
1690920900000,0.772,0.772,0.77,0.77,46796.6,1690921799999,36076.7719,128,34188.3,26360.4313,0
1690921800000,0.771,0.771,0.77,0.77,9295.0,1690922699999,7160.0266,66,4231.8,3261.3626,0
1690922700000,0.77,0.771,0.769,0.77,6661.2,1690923599999,5130.5795,64,3645.9,2810.3277,0
1690923600000,0.77,0.771,0.77,0.771,4599.3,1690924499999,3542.4309,34,3780.1,2911.6469,0
1690924500000,0.77,0.771,0.769,0.769,18098.6,1690925399999,13948.9924,101,13934.7,10743.5401,0
1690925400000,0.77,0.771,0.767,0.768,48292.0,1690926299999,37090.2823,306,14338.3,11018.4246,0
1690926300000,0.767,0.767,0.765,0.767,7518.0,1690927199999,5762.4608,102,3334.9,2556.6265,0
1690927200000,0.767,0.768,0.766,0.768,18175.8,1690928099999,13955.6773,82,16417.1,12606.7811,0
1690928100000,0.768,0.77,0.768,0.769,15178.9,1690928999999,11672.4804,76,10721.6,8246.5606,0
1690929000000,0.769,0.769,0.767,0.768,7010.3,1690929899999,5384.3823,86,1426.9,1096.276,0
1690929900000,0.768,0.769,0.768,0.768,10433.6,1690930799999,8019.912,45,6757.4,5195.4383,0
1690930800000,0.769,0.772,0.768,0.772,19424.1,1690931699999,14969.5118,136,15189.0,11705.7677,0
1690931700000,0.772,0.777,0.771,0.775,30666.0,1690932599999,23750.0835,198,17353.5,13439.9859,0
1690932600000,0.776,0.776,0.774,0.775,40128.3,1690933499999,31105.3706,159,14278.7,11077.005,0
1690933500000,0.775,0.779,0.774,0.779,91230.4,1690934399999,70848.314,326,59498.9,46220.352,0
1690934400000,0.778,0.781,0.776,0.779,126279.9,1690935299999,98296.5939,496,60437.4,47095.9856,0
1690935300000,0.779,0.781,0.777,0.779,62372.5,1690936199999,48627.2174,236,35540.4,27710.4617,0
1690936200000,0.779,0.779,0.776,0.776,15666.7,1690937099999,12175.6272,85,9391.5,7299.862,0
1690937100000,0.776,0.778,0.776,0.778,25458.7,1690937999999,19770.3873,124,16362.4,12709.9706,0
1690938000000,0.778,0.78,0.776,0.779,16443.0,1690938899999,12791.5395,107,10720.5,8341.7982,0
1690938900000,0.78,0.781,0.78,0.781,17200.0,1690939799999,13424.0674,103,13840.9,10803.6082,0
1690939800000,0.781,0.783,0.78,0.781,61591.8,1690940699999,48110.6556,224,28563.8,22315.7502,0
1690940700000,0.78,0.781,0.776,0.777,9107.8,1690941599999,7083.9117,64,1941.2,1509.4609,0
1690941600000,0.776,0.778,0.775,0.778,29782.9,1690942499999,23141.2253,148,21688.7,16863.182,0
1690942500000,0.777,0.777,0.776,0.777,70837.8,1690943399999,55035.2924,75,10263.7,7971.4303,0
1690943400000,0.777,0.778,0.776,0.777,9688.7,1690944299999,7528.4558,29,2212.4,1719.7707,0
1690944300000,0.776,0.776,0.775,0.776,8471.1,1690945199999,6570.8622,54,2028.6,1574.1936,0
1690945200000,0.776,0.776,0.773,0.773,24667.2,1690946099999,19098.1195,97,6867.1,5316.0534,0
1690946100000,0.774,0.774,0.773,0.774,10083.1,1690946999999,7803.9864,53,9523.7,7371.3438,0
1690947000000,0.774,0.774,0.773,0.774,18684.3,1690947899999,14456.7105,88,13806.0,10684.8446,0
1690947900000,0.773,0.773,0.771,0.772,7208.2,1690948799999,5565.2208,60,1453.7,1123.6237,0
1690948800000,0.771,0.772,0.769,0.769,78837.6,1690949699999,60755.6582,196,40484.8,31220.1968,0
1690949700000,0.769,0.77,0.769,0.769,17133.2,1690950599999,13181.7603,60,13317.8,10247.1271,0
1690950600000,0.769,0.77,0.769,0.769,27541.6,1690951499999,21199.1897,104,19496.5,15011.9973,0
1690951500000,0.769,0.769,0.768,0.769,5117.5,1690952399999,3935.075,42,4835.0,3718.115,0
1690952400000,0.769,0.769,0.767,0.768,9938.4,1690953299999,7629.7629,64,4340.4,3334.0088,0
1690953300000,0.767,0.768,0.767,0.767,10845.6,1690954199999,8318.5895,30,1499.0,1149.7473,0
1690954200000,0.767,0.768,0.766,0.767,10157.6,1690955099999,7792.9219,55,8857.8,6796.2757,0
1690955100000,0.766,0.767,0.766,0.766,1872.0,1690955999999,1434.518,20,566.0,434.122,0
1690956000000,0.766,0.767,0.766,0.767,9137.0,1690956899999,6999.0293,45,4914.2,3764.3645,0
1690956900000,0.767,0.767,0.763,0.765,269269.9,1690957799999,206069.2346,612,145208.4,111262.0006,0
1690957800000,0.765,0.766,0.762,0.763,126504.0,1690958699999,96695.6803,249,67231.6,51452.8767,0
1690958700000,0.762,0.762,0.76,0.761,20724.2,1690959599999,15781.5925,106,7851.0,5981.4764,0
1690959600000,0.76,0.762,0.759,0.762,18749.3,1690960499999,14259.7397,119,13926.8,10594.21,0
1690960500000,0.762,0.762,0.76,0.762,16504.7,1690961399999,12564.4052,68,8155.2,6210.4613,0
1690961400000,0.762,0.762,0.761,0.761,13365.7,1690962299999,10176.221,65,9247.0,7041.8903,0
1690962300000,0.762,0.762,0.757,0.759,12237.5,1690963199999,9295.5078,92,2680.6,2033.7834,0
1690963200000,0.758,0.761,0.757,0.758,101577.4,1690964099999,77113.0097,276,59734.6,45392.9205,0
1690964100000,0.758,0.76,0.757,0.76,27928.8,1690964999999,21162.1552,162,15796.4,11975.0716,0
1690965000000,0.76,0.763,0.759,0.761,15162.2,1690965899999,11532.6191,79,9207.2,7005.1801,0
1690965900000,0.762,0.762,0.761,0.761,24406.6,1690966799999,18578.042,47,3384.2,2577.4733,0
1690966800000,0.761,0.762,0.761,0.761,14531.0,1690967699999,11060.5249,42,12288.8,9352.7694,0
1690967700000,0.761,0.763,0.761,0.762,6170.7,1690968599999,4707.0684,49,2538.7,1936.4141,0
1690968600000,0.762,0.763,0.761,0.761,9284.7,1690969499999,7071.7733,53,2561.4,1952.5713,0
1690969500000,0.761,0.761,0.759,0.759,11419.4,1690970399999,8678.0794,64,7113.3,5407.4202,0
1690970400000,0.76,0.76,0.759,0.759,7256.9,1690971299999,5508.4449,37,3945.5,2995.0923,0
1690971300000,0.76,0.76,0.758,0.759,4509.1,1690972199999,3422.0845,27,2526.1,1917.3296,0
1690972200000,0.758,0.764,0.758,0.764,72942.9,1690973099999,55579.7404,202,68327.2,52064.8242,0
1690973100000,0.764,0.765,0.763,0.765,15595.9,1690973999999,11915.2145,84,11491.9,8783.7203,0
1690974000000,0.764,0.765,0.763,0.764,7877.3,1690974899999,6018.3781,42,5563.4,4250.8692,0
1690974900000,0.764,0.765,0.763,0.764,5528.6,1690975799999,4222.9263,41,4006.6,3061.0709,0
1690975800000,0.765,0.765,0.764,0.765,3277.8,1690976699999,2507.0161,29,2776.9,2124.3285,0
1690976700000,0.765,0.766,0.763,0.765,18951.6,1690977599999,14493.9188,75,14824.6,11338.9697,0
1690977600000,0.764,0.765,0.761,0.761,83202.5,1690978499999,63485.1471,159,34228.6,26152.3364,0
1690978500000,0.761,0.761,0.759,0.761,17115.4,1690979399999,13008.2383,72,6830.3,5191.7682,0
1690979400000,0.761,0.761,0.758,0.758,16048.5,1690980299999,12186.2157,60,3167.8,2410.4639,0
1690980300000,0.759,0.759,0.757,0.758,23529.2,1690981199999,17835.3089,101,5504.9,4174.7968,0
1690981200000,0.757,0.759,0.757,0.759,19708.5,1690982099999,14931.9612,69,7634.7,5788.3522,0
1690982100000,0.759,0.76,0.758,0.76,54479.0,1690982999999,41377.9591,146,40059.1,30435.7828,0
1690983000000,0.759,0.76,0.758,0.76,15698.0,1690983899999,11911.9797,100,9650.8,7323.7261,0
1690983900000,0.76,0.761,0.759,0.761,32874.1,1690984799999,24995.3232,127,26086.8,19840.742,0
1690984800000,0.761,0.763,0.756,0.758,72539.6,1690985699999,55004.0065,266,19460.3,14772.3809,0
1690985700000,0.758,0.76,0.755,0.756,55384.6,1690986599999,41910.5815,197,17773.4,13475.6017,0
1690986600000,0.756,0.757,0.753,0.754,88712.0,1690987499999,66892.8549,289,40698.0,30698.5604,0
1690987500000,0.754,0.755,0.752,0.753,62944.0,1690988399999,47419.283,187,26407.5,19904.3946,0
1690988400000,0.752,0.754,0.751,0.751,76124.4,1690989299999,57286.5251,329,35765.9,26939.4127,0
1690989300000,0.751,0.754,0.751,0.753,43003.4,1690990199999,32356.7761,172,27071.6,20369.1027,0
1690990200000,0.753,0.759,0.753,0.757,55984.9,1690991099999,42358.5226,203,44408.0,33589.5438,0
1690991100000,0.757,0.757,0.755,0.756,19889.2,1690991999999,15046.973,68,9425.5,7131.7174,0
1690992000000,0.756,0.757,0.755,0.757,29919.6,1690992899999,22604.1202,94,5179.4,3914.3578,0
1690992900000,0.757,0.757,0.755,0.755,12604.6,1690993799999,9521.1266,50,8247.8,6229.4441,0
1690993800000,0.755,0.759,0.755,0.758,20895.8,1690994699999,15824.9636,101,16474.2,12477.4036,0
1690994700000,0.758,0.759,0.734,0.746,515959.6,1690995599999,385010.5453,2008,217394.9,162213.6978,0
1690995600000,0.745,0.75,0.745,0.749,39252.8,1690996499999,29353.5289,196,19162.2,14332.4068,0
1690996500000,0.749,0.751,0.748,0.75,18826.9,1690997399999,14111.0486,98,14007.7,10501.3339,0
1690997400000,0.75,0.754,0.75,0.751,21746.0,1690998299999,16355.4011,104,6067.1,4564.8269,0
1690998300000,0.751,0.753,0.751,0.753,26882.9,1690999199999,20216.0549,122,17002.0,12787.1136,0
1690999200000,0.753,0.755,0.752,0.755,13393.2,1691000099999,10095.9675,116,9861.2,7435.928,0
1691000100000,0.756,0.757,0.753,0.755,21385.7,1691000999999,16144.3709,121,4371.6,3302.0775,0
1691001000000,0.754,0.755,0.752,0.754,15731.0,1691001899999,11848.8096,74,2954.2,2225.2168,0
1691001900000,0.754,0.755,0.751,0.752,25787.3,1691002799999,19407.8561,105,10113.6,7609.8813,0
1691002800000,0.752,0.756,0.752,0.756,9637.8,1691003699999,7268.0449,66,6848.3,5167.2507,0
1691003700000,0.756,0.757,0.756,0.757,9298.6,1691004599999,7031.1238,46,6243.8,4721.695,0
1691004600000,0.756,0.757,0.755,0.757,9519.5,1691005499999,7196.5978,40,4703.6,3557.6811,0
1691005500000,0.758,0.758,0.756,0.757,13468.0,1691006399999,10196.5422,86,3059.4,2318.1039,0
1691006400000,0.757,0.759,0.756,0.759,87996.7,1691007299999,66597.0082,164,35592.8,26951.5263,0
1691007300000,0.758,0.758,0.757,0.758,8188.2,1691008199999,6206.3638,40,4266.0,3233.628,0
1691008200000,0.758,0.759,0.758,0.759,5051.6,1691009099999,3831.6515,26,4164.7,3159.3496,0
1691009100000,0.76,0.76,0.757,0.757,63971.1,1691009999999,48490.2278,173,8838.6,6699.7736,0
1691010000000,0.758,0.758,0.757,0.757,4967.6,1691010899999,3763.7854,28,2224.4,1686.0317,0
1691010900000,0.756,0.757,0.753,0.757,41108.6,1691011799999,31007.0399,149,19772.1,14918.0797,0
1691011800000,0.757,0.758,0.757,0.757,15030.9,1691012699999,11379.9116,66,1969.9,1492.5181,0
1691012700000,0.758,0.759,0.757,0.759,10392.3,1691013599999,7880.1398,28,8422.8,6387.9308,0
1691013600000,0.758,0.762,0.758,0.762,28693.6,1691014499999,21819.628,145,25948.5,19734.7358,0
1691014500000,0.761,0.762,0.76,0.761,7188.7,1691015399999,5470.8182,32,5911.7,4499.4103,0
1691015400000,0.76,0.761,0.759,0.76,18757.4,1691016299999,14247.4132,65,15715.3,11936.2868,0
1691016300000,0.76,0.76,0.759,0.76,28387.6,1691017199999,21568.0331,61,19905.9,15127.8902,0
1691017200000,0.76,0.76,0.759,0.76,4527.1,1691018099999,3439.7687,30,1933.3,1469.308,0
1691018100000,0.76,0.76,0.758,0.758,3579.1,1691018999999,2718.2812,34,1051.1,798.4873,0
1691019000000,0.759,0.759,0.757,0.757,7573.4,1691019899999,5739.9053,33,1099.9,833.9242,0
1691019900000,0.758,0.759,0.758,0.758,10617.0,1691020799999,8049.9827,32,7901.3,5991.4821,0
1691020800000,0.758,0.761,0.756,0.759,89597.4,1691021699999,67940.9938,220,46906.6,35601.3188,0
1691021700000,0.759,0.763,0.759,0.762,26130.7,1691022599999,19910.6662,129,17024.6,12963.754,0
1691022600000,0.763,0.765,0.762,0.762,13151.1,1691023499999,10041.2544,97,6161.7,4705.5951,0
1691023500000,0.762,0.764,0.761,0.761,16741.6,1691024399999,12754.7068,96,8905.9,6785.0175,0
1691024400000,0.761,0.762,0.761,0.762,19409.7,1691025299999,14778.8208,64,5953.6,4531.3914,0
1691025300000,0.763,0.763,0.76,0.761,24563.2,1691026199999,18704.8618,98,5472.8,4173.5925,0
1691026200000,0.762,0.764,0.761,0.763,5953.2,1691027099999,4541.6104,34,3365.1,2567.1812,0
1691027100000,0.762,0.765,0.762,0.764,11663.7,1691027999999,8908.8844,66,8861.8,6768.9371,0
1691028000000,0.764,0.765,0.764,0.764,10731.7,1691028899999,8201.2077,57,2277.9,1742.5045,0
1691028900000,0.763,0.763,0.76,0.761,12494.2,1691029799999,9512.6399,50,6767.5,5150.0675,0
1691029800000,0.76,0.761,0.76,0.761,12079.0,1691030699999,9191.9275,28,10204.0,7765.244,0
1691030700000,0.762,0.763,0.76,0.76,7902.8,1691031599999,6016.8035,43,735.1,560.1332,0
1691031600000,0.761,0.762,0.761,0.761,15573.4,1691032499999,11851.5487,40,8392.2,6386.6555,0
1691032500000,0.761,0.765,0.76,0.764,31883.6,1691033399999,24298.1651,204,27013.0,20586.7592,0
1691033400000,0.764,0.765,0.764,0.764,10739.9,1691034299999,8210.8087,56,7837.9,5993.6807,0
1691034300000,0.765,0.765,0.765,0.765,1020.1,1691035199999,780.3765,9,1020.1,780.3765,0
1691035200000,0.765,0.768,0.764,0.765,75141.6,1691036099999,57480.6895,177,38884.5,29762.507,0
1691036100000,0.765,0.765,0.762,0.762,11738.3,1691036999999,8971.9782,50,45.0,34.335,0
1691037000000,0.763,0.763,0.761,0.762,7937.0,1691037899999,6049.2725,69,2711.7,2067.6714,0
1691037900000,0.762,0.763,0.762,0.763,1784.2,1691038799999,1360.0994,24,521.6,397.9808,0
1691038800000,0.764,0.764,0.76,0.762,33407.5,1691039699999,25445.0947,125,4525.2,3445.3384,0
1691039700000,0.762,0.763,0.761,0.762,4190.5,1691040599999,3193.1317,28,1586.2,1208.7368,0
1691040600000,0.763,0.765,0.762,0.765,67439.1,1691041499999,51450.8214,129,6578.3,5023.7943,0
1691041500000,0.764,0.765,0.764,0.764,11262.4,1691042399999,8614.5592,32,9286.8,7104.402,0
1691042400000,0.764,0.764,0.763,0.764,8449.0,1691043299999,6450.4702,30,564.3,430.676,0
1691043300000,0.764,0.767,0.764,0.766,10049.5,1691044199999,7689.2556,60,8169.9,6250.0491,0
1691044200000,0.765,0.766,0.763,0.764,15932.8,1691045099999,12170.3855,82,1197.7,915.5705,0
1691045100000,0.763,0.765,0.76,0.762,36909.2,1691045999999,28116.1205,209,10845.9,8266.5859,0
1691046000000,0.762,0.765,0.762,0.764,11427.8,1691046899999,8727.9864,42,9217.3,7039.2562,0
1691046900000,0.764,0.764,0.759,0.762,34124.6,1691047799999,25980.2985,164,6313.9,4806.4278,0
1691047800000,0.762,0.764,0.762,0.764,27572.5,1691048699999,21037.0961,108,17188.6,13120.2339,0
1691048700000,0.764,0.765,0.763,0.764,21708.9,1691049599999,16575.1508,80,10691.2,8166.3425,0
1691049600000,0.764,0.767,0.762,0.765,95582.1,1691050499999,73106.6519,193,56843.5,43513.9809,0
1691050500000,0.766,0.766,0.761,0.763,81380.1,1691051399999,62053.5863,301,29116.2,22195.9616,0
1691051400000,0.763,0.766,0.763,0.763,11998.1,1691052299999,9158.6861,50,5716.9,4363.8046,0
1691052300000,0.764,0.764,0.762,0.762,18521.2,1691053199999,14125.6147,86,5025.9,3834.1234,0
1691053200000,0.762,0.765,0.762,0.764,42947.1,1691054099999,32811.5639,94,17905.8,13680.7252,0
1691054100000,0.764,0.765,0.763,0.764,3988.0,1691054999999,3047.5061,34,825.4,631.3001,0
1691055000000,0.764,0.765,0.764,0.765,13076.0,1691055899999,9999.1208,47,4889.9,3738.8495,0
1691055900000,0.764,0.764,0.763,0.763,4706.0,1691056799999,3594.2754,36,1162.9,888.4556,0
1691056800000,0.763,0.767,0.762,0.766,26370.3,1691057699999,20165.8192,153,16877.7,12910.1844,0
1691057700000,0.767,0.767,0.766,0.766,9368.9,1691058599999,7182.1874,50,3001.4,2301.9043,0
1691058600000,0.767,0.768,0.766,0.767,5451.3,1691059499999,4180.6891,38,1902.3,1459.7141,0
1691059500000,0.767,0.767,0.766,0.766,9019.2,1691060399999,6913.4057,43,4736.5,3632.8575,0
1691060400000,0.766,0.767,0.766,0.767,4459.6,1691061299999,3419.9654,27,1895.6,1453.7355,0
1691061300000,0.768,0.769,0.765,0.767,30771.4,1691062199999,23582.097,110,5355.0,4109.998,0
1691062200000,0.766,0.769,0.766,0.768,30741.1,1691063099999,23628.0853,123,29073.6,22347.8816,0
1691063100000,0.768,0.769,0.767,0.768,10121.5,1691063999999,7773.3084,23,1028.3,789.8132,0
1691064000000,0.767,0.768,0.765,0.766,67796.4,1691064899999,51965.5438,121,27409.4,21025.9541,0
1691064900000,0.765,0.765,0.763,0.764,23086.5,1691065799999,17644.5289,124,6758.2,5166.7009,0
1691065800000,0.765,0.765,0.762,0.763,59527.6,1691066699999,45412.2638,161,9116.3,6965.5084,0
1691066700000,0.764,0.764,0.762,0.763,12717.9,1691067599999,9701.9753,79,7660.0,5844.0509,0
1691067600000,0.762,0.764,0.762,0.764,7148.2,1691068499999,5457.4008,44,5697.9,4350.5645,0
1691068500000,0.765,0.765,0.763,0.763,3337.7,1691069399999,2549.1451,34,591.1,452.1355,0
1691069400000,0.764,0.766,0.763,0.765,17154.6,1691070299999,13113.9289,81,8378.2,6404.3768,0
1691070300000,0.764,0.767,0.763,0.767,16430.3,1691071199999,12562.3079,61,9626.0,7362.1516,0
1691071200000,0.767,0.768,0.766,0.766,11716.9,1691072099999,8988.9738,58,3605.4,2767.569,0
1691072100000,0.766,0.766,0.763,0.766,18065.7,1691072999999,13805.7688,267,4288.8,3280.7499,0
1691073000000,0.765,0.769,0.765,0.768,16443.4,1691073899999,12629.2944,109,9145.0,7021.9177,0
1691073900000,0.768,0.77,0.768,0.768,76743.5,1691074799999,59017.2345,260,22826.4,17561.0554,0
1691074800000,0.769,0.769,0.766,0.766,3744.0,1691075699999,2874.565,43,2163.3,1662.0878,0
1691075700000,0.765,0.766,0.762,0.763,29859.8,1691076599999,22815.9392,165,7496.4,5729.9499,0
1691076600000,0.763,0.766,0.763,0.763,19429.2,1691077499999,14844.8252,104,15270.1,11669.0698,0
1691077500000,0.763,0.764,0.762,0.764,10223.9,1691078399999,7800.8924,39,870.3,664.1927,0
1691078400000,0.763,0.766,0.761,0.766,80952.4,1691079299999,61837.3947,179,47065.5,35985.8036,0
1691079300000,0.766,0.767,0.765,0.766,6624.9,1691080199999,5074.5162,35,5179.5,3967.5524,0
1691080200000,0.766,0.766,0.765,0.766,5849.0,1691081099999,4480.158,42,558.7,427.9642,0
1691081100000,0.766,0.767,0.765,0.767,15975.1,1691081999999,12239.1684,73,11457.3,8778.5479,0
1691082000000,0.767,0.769,0.767,0.769,18151.3,1691082899999,13942.2837,102,11231.4,8627.8532,0
1691082900000,0.768,0.769,0.768,0.768,11144.2,1691083799999,8559.3349,52,6588.5,5060.5573,0
1691083800000,0.768,0.768,0.765,0.765,48150.5,1691084699999,36903.7371,132,4684.2,3596.4113,0
1691084700000,0.765,0.767,0.765,0.765,7026.2,1691085599999,5378.8154,40,1268.7,971.8877,0
1691085600000,0.765,0.766,0.765,0.765,6228.9,1691086499999,4768.1444,61,3908.8,2993.1375,0
1691086500000,0.765,0.765,0.764,0.765,9415.4,1691087399999,7199.187,41,1747.8,1337.067,0
1691087400000,0.765,0.765,0.764,0.764,7380.7,1691088299999,5640.1593,51,1651.1,1262.7449,0
1691088300000,0.764,0.765,0.764,0.765,13502.1,1691089199999,10325.1194,48,12971.0,9919.0549,0
1691089200000,0.765,0.765,0.763,0.764,23073.5,1691090099999,17633.559,72,2621.7,2003.2925,0
1691090100000,0.764,0.765,0.764,0.764,63344.2,1691090999999,48438.997,187,46604.0,35637.8997,0
1691091000000,0.765,0.765,0.763,0.764,6888.6,1691091899999,5262.9543,24,1664.6,1271.8332,0
1691091900000,0.765,0.767,0.764,0.765,15884.7,1691092799999,12164.2694,87,10369.9,7941.671,0
1691092800000,0.766,0.767,0.766,0.766,2707.0,1691093699999,2073.8226,29,1605.5,1230.0736,0
1691093700000,0.767,0.768,0.766,0.768,4935.9,1691094599999,3786.0945,43,4825.3,3701.3749,0
1691094600000,0.768,0.768,0.766,0.766,26645.5,1691095499999,20415.957,71,1914.3,1469.6537,0
1691095500000,0.765,0.765,0.765,0.765,1142.4,1691096399999,873.936,17,236.3,180.7695,0
1691096400000,0.765,0.766,0.763,0.764,40920.4,1691097299999,31249.592,87,5053.1,3863.2959,0
1691097300000,0.764,0.764,0.763,0.764,1534.5,1691098199999,1172.3403,8,470.6,359.5384,0
1691098200000,0.764,0.765,0.763,0.765,8691.2,1691099099999,6638.9344,34,3660.9,2797.0932,0
1691099100000,0.764,0.764,0.762,0.762,5416.0,1691099999999,4128.6342,34,785.3,598.6602,0
1691100000000,0.761,0.763,0.752,0.758,194232.5,1691100899999,146740.7093,820,90311.1,68179.9476,0
1691100900000,0.758,0.759,0.755,0.755,58716.1,1691101799999,44448.1672,199,18251.4,13829.8657,0
1691101800000,0.755,0.758,0.754,0.756,39268.3,1691102699999,29699.6465,112,14311.1,10832.7901,0
1691102700000,0.756,0.759,0.755,0.759,10426.0,1691103599999,7890.1566,76,7163.2,5424.5017,0
1691103600000,0.758,0.76,0.758,0.76,6470.3,1691104499999,4907.3815,42,2322.4,1763.2733,0
1691104500000,0.759,0.76,0.759,0.76,5309.7,1691105399999,4033.3113,48,4866.2,3696.6948,0
1691105400000,0.76,0.76,0.76,0.76,660.6,1691106299999,502.056,15,660.6,502.056,0
1691106300000,0.761,0.761,0.759,0.759,13809.1,1691107199999,10502.4978,101,7988.6,6076.6408,0
1691107200000,0.758,0.76,0.756,0.759,185591.3,1691108099999,140677.9104,380,81322.5,61716.5912,0
1691108100000,0.759,0.762,0.759,0.759,51078.4,1691108999999,38821.8754,183,17059.0,12969.349,0
1691109000000,0.758,0.76,0.757,0.76,29361.4,1691109899999,22246.5261,141,16745.0,12692.7668,0
1691109900000,0.76,0.762,0.759,0.762,7619.5,1691110799999,5794.299,79,4704.1,3581.4212,0
1691110800000,0.761,0.761,0.759,0.76,18192.5,1691111699999,13821.7606,79,4135.5,3143.0719,0
1691111700000,0.76,0.76,0.758,0.758,8941.0,1691112599999,6785.3561,59,1344.1,1020.539,0
1691112600000,0.759,0.76,0.758,0.758,43435.6,1691113499999,32965.948,193,11211.8,8514.5729,0
1691113500000,0.758,0.759,0.757,0.758,15481.5,1691114399999,11743.9631,80,7469.8,5668.0997,0
1691114400000,0.758,0.759,0.757,0.757,6508.3,1691115299999,4933.2896,45,3080.7,2335.4177,0
1691115300000,0.757,0.758,0.755,0.756,42678.1,1691116199999,32265.9982,167,12250.8,9265.3363,0
1691116200000,0.757,0.759,0.757,0.758,9108.5,1691117099999,6902.1903,65,6367.1,4824.3422,0
1691117100000,0.758,0.76,0.758,0.759,7007.5,1691117999999,5316.937,37,4600.9,3492.4078,0
1691118000000,0.759,0.76,0.758,0.76,4723.0,1691118899999,3587.8053,49,4054.6,3080.6615,0
1691118900000,0.76,0.76,0.76,0.76,1888.6,1691119799999,1435.336,22,355.2,269.952,0
1691119800000,0.761,0.761,0.759,0.76,912.8,1691120699999,693.4848,10,76.0,57.8125,0
1691120700000,0.76,0.76,0.759,0.759,10960.8,1691121599999,8327.6148,58,5413.0,4112.8247,0
1691121600000,0.759,0.76,0.757,0.757,57922.9,1691122499999,43976.89,114,26363.4,20035.9246,0
1691122500000,0.758,0.758,0.756,0.757,14144.9,1691123399999,10702.6098,39,1532.0,1158.3802,0
1691123400000,0.756,0.758,0.756,0.758,17614.4,1691124299999,13330.5239,54,15524.4,11750.4481,0
1691124300000,0.758,0.76,0.758,0.76,38654.4,1691125199999,29375.2979,119,32337.5,24574.5324,0
1691125200000,0.76,0.761,0.759,0.759,5193.4,1691126099999,3947.0948,29,1078.2,819.6948,0
1691126100000,0.759,0.761,0.759,0.761,441.1,1691126999999,335.1931,4,27.1,20.6231,0
1691127000000,0.761,0.761,0.76,0.76,8899.1,1691127899999,6770.2318,36,2432.0,1850.752,0
1691127900000,0.76,0.76,0.759,0.759,7895.7,1691128799999,5994.7822,38,2924.3,2220.7702,0
1691128800000,0.759,0.76,0.759,0.759,2575.1,1691129699999,1954.828,18,518.2,393.6409,0
1691129700000,0.759,0.76,0.759,0.76,15934.1,1691130599999,12101.0808,58,5730.7,4353.2208,0
1691130600000,0.76,0.76,0.757,0.757,4669.5,1691131499999,3540.0623,20,1995.5,1512.7602,0
1691131500000,0.757,0.757,0.755,0.755,8431.3,1691132399999,6374.6688,44,3898.0,2947.0529,0
1691132400000,0.755,0.756,0.754,0.756,6537.1,1691133299999,4938.0977,51,3532.4,2669.9492,0
1691133300000,0.757,0.757,0.755,0.755,7342.4,1691134199999,5551.495,27,404.0,305.828,0
1691134200000,0.756,0.757,0.755,0.755,5671.7,1691135099999,4284.5802,26,1809.9,1368.6731,0
1691135100000,0.756,0.757,0.755,0.756,5059.8,1691135999999,3824.7074,24,4403.0,3328.6926,0
1691136000000,0.756,0.759,0.754,0.758,96418.7,1691136899999,72916.1549,239,36488.1,27627.3935,0
1691136900000,0.759,0.759,0.757,0.757,6112.8,1691137799999,4632.1815,54,2308.6,1751.7927,0
1691137800000,0.757,0.758,0.757,0.758,6015.3,1691138699999,4555.0887,29,3243.3,2456.6847,0
1691138700000,0.758,0.758,0.756,0.757,643.3,1691139599999,486.8218,11,168.0,127.1905,0
1691139600000,0.757,0.758,0.756,0.758,4293.1,1691140499999,3249.7022,28,1931.6,1463.1299,0
1691140500000,0.757,0.758,0.757,0.758,4647.4,1691141399999,3522.3679,54,2723.1,2064.1098,0
1691141400000,0.758,0.76,0.758,0.758,8596.3,1691142299999,6525.3419,48,3738.1,2838.4067,0
1691142300000,0.759,0.76,0.759,0.759,9725.6,1691143199999,7387.6434,60,7796.2,5922.1339,0
1691143200000,0.76,0.761,0.76,0.761,39723.7,1691144099999,30193.4935,85,5354.4,4072.8255,0
1691144100000,0.761,0.761,0.76,0.761,4318.0,1691144999999,3282.6446,25,964.6,734.0606,0
1691145000000,0.76,0.761,0.76,0.761,6655.6,1691145899999,5058.4968,28,5387.8,4094.9688,0
1691145900000,0.76,0.76,0.756,0.756,26647.2,1691146799999,20184.8146,85,2043.4,1549.8441,0
1691146800000,0.757,0.757,0.756,0.756,382.1,1691147699999,289.0208,10,153.2,115.9724,0
1691147700000,0.756,0.758,0.756,0.758,6487.8,1691148599999,4911.1269,27,6241.2,4724.6084,0
1691148600000,0.757,0.759,0.757,0.758,6567.9,1691149499999,4976.3854,36,5125.3,3883.3674,0
1691149500000,0.757,0.757,0.756,0.757,24770.0,1691150399999,18750.7222,55,355.0,268.735,0
1691150400000,0.756,0.758,0.755,0.757,68430.6,1691151299999,51721.4373,146,35691.8,26996.9723,0
1691151300000,0.757,0.76,0.756,0.759,8984.1,1691152199999,6806.7272,47,6445.0,4884.513,0
1691152200000,0.759,0.763,0.758,0.763,80153.0,1691153099999,60932.2929,364,30805.7,23436.7062,0
1691153100000,0.763,0.765,0.761,0.764,53862.4,1691153999999,41106.2237,233,39194.4,29923.986,0
1691154000000,0.764,0.766,0.764,0.765,20547.0,1691154899999,15723.7554,130,13230.5,10127.2281,0
1691154900000,0.765,0.767,0.764,0.765,30061.4,1691155799999,23000.5689,162,10140.6,7762.6166,0
1691155800000,0.765,0.768,0.765,0.767,15103.7,1691156699999,11585.019,86,8375.3,6424.4672,0
1691156700000,0.767,0.77,0.765,0.765,27420.3,1691157599999,21060.5025,141,17388.3,13356.1041,0
1691157600000,0.765,0.766,0.762,0.765,25993.4,1691158499999,19857.3401,111,11814.8,9026.9242,0
1691158500000,0.765,0.766,0.764,0.766,6511.3,1691159399999,4983.3439,35,5741.1,4394.2446,0
1691159400000,0.766,0.768,0.766,0.767,15553.5,1691160299999,11933.6461,78,12231.0,9385.2886,0
1691160300000,0.768,0.768,0.766,0.768,30826.7,1691161199999,23652.5647,111,21693.6,16648.2491,0
1691161200000,0.768,0.768,0.766,0.766,1548.7,1691162099999,1188.6408,21,499.0,383.1968,0
1691162100000,0.767,0.767,0.766,0.767,9030.9,1691162999999,6922.0326,36,8256.3,6328.689,0
1691163000000,0.767,0.768,0.767,0.768,2589.8,1691163899999,1986.8526,19,1401.7,1075.5799,0
1691163900000,0.768,0.769,0.767,0.768,30771.2,1691164799999,23635.5699,80,10651.9,8184.1358,0
1691164800000,0.767,0.77,0.766,0.769,60269.2,1691165699999,46246.6479,119,30202.6,23199.3547,0
1691165700000,0.769,0.77,0.768,0.769,7833.6,1691166599999,6024.9719,37,5977.7,4598.1022,0
1691166600000,0.77,0.77,0.768,0.77,10926.5,1691167499999,8402.8634,34,5513.1,4241.5377,0
1691167500000,0.769,0.769,0.769,0.769,4288.6,1691168399999,3297.9334,28,891.5,685.5635,0
1691168400000,0.769,0.769,0.768,0.768,6387.8,1691169299999,4910.8547,34,3605.5,2772.6295,0
1691169300000,0.768,0.77,0.766,0.766,24257.5,1691170199999,18631.9477,148,13639.7,10490.0695,0
1691170200000,0.766,0.767,0.765,0.765,4606.3,1691171099999,3527.7207,74,797.9,611.7619,0
1691171100000,0.765,0.766,0.764,0.764,5790.7,1691171999999,4428.4828,88,495.1,378.8958,0
1691172000000,0.764,0.765,0.762,0.763,9963.3,1691172899999,7603.7899,170,3718.9,2837.7816,0
1691172900000,0.763,0.763,0.759,0.759,13687.0,1691173799999,10419.1403,167,3335.0,2539.7079,0
1691173800000,0.759,0.761,0.756,0.757,16502.4,1691174699999,12524.816,156,7557.2,5740.6988,0
1691174700000,0.757,0.759,0.753,0.759,37928.1,1691175599999,28638.6795,274,20365.4,15384.2746,0
1691175600000,0.759,0.76,0.758,0.759,21389.7,1691176499999,16234.5808,147,5142.4,3904.2045,0
1691176500000,0.76,0.762,0.76,0.76,7108.8,1691177399999,5405.3233,36,2394.8,1821.6919,0
1691177400000,0.76,0.76,0.759,0.76,5418.9,1691178299999,4118.3295,28,4776.8,3630.368,0
1691178300000,0.76,0.761,0.759,0.76,14388.3,1691179199999,10940.8844,41,8547.9,6503.0713,0
1691179200000,0.76,0.761,0.759,0.761,67188.5,1691180099999,51052.5593,113,30540.7,23215.1856,0
1691180100000,0.761,0.763,0.761,0.762,10477.7,1691180999999,7976.8129,31,3129.2,2384.358,0
1691181000000,0.762,0.762,0.755,0.756,76987.2,1691181899999,58304.3073,285,42043.2,31826.692,0
1691181900000,0.756,0.756,0.751,0.756,73559.8,1691182799999,55427.1375,352,31255.7,23546.4126,0
1691182800000,0.756,0.76,0.756,0.759,14538.2,1691183699999,11008.0193,77,6474.9,4907.0181,0
1691183700000,0.759,0.76,0.758,0.759,15600.3,1691184599999,11841.3808,55,2174.9,1652.2819,0
1691184600000,0.759,0.76,0.755,0.755,18656.1,1691185499999,14104.358,63,695.7,526.3787,0
1691185500000,0.756,0.758,0.756,0.758,11389.7,1691186399999,8628.071,53,10546.2,7988.7244,0
1691186400000,0.757,0.76,0.757,0.76,25382.6,1691187299999,19236.4643,92,16084.4,12196.2324,0
1691187300000,0.76,0.761,0.76,0.76,8287.6,1691188199999,6298.7194,36,5655.3,4298.1714,0
1691188200000,0.76,0.76,0.76,0.76,4641.5,1691189099999,3527.54,17,1094.9,832.124,0
1691189100000,0.76,0.76,0.759,0.759,1647.1,1691189999999,1250.492,21,334.0,253.6111,0
1691190000000,0.759,0.759,0.759,0.759,5512.7,1691190899999,4184.1393,17,3859.7,2929.5123,0
1691190900000,0.759,0.759,0.758,0.758,8240.6,1691191799999,6248.0009,26,1602.2,1214.4676,0
1691191800000,0.759,0.761,0.758,0.761,8965.2,1691192699999,6818.9618,72,8621.0,6557.6449,0
1691192700000,0.76,0.761,0.759,0.759,3558.6,1691193599999,2705.0437,25,727.7,553.6037,0
1691193600000,0.759,0.761,0.758,0.758,58657.3,1691194499999,44540.1893,125,26644.9,20255.5114,0
1691194500000,0.757,0.757,0.756,0.757,8440.6,1691195399999,6387.6493,53,1942.0,1469.5132,0
1691195400000,0.758,0.759,0.758,0.759,6118.3,1691196299999,4637.6911,20,2928.1,2219.5195,0
1691196300000,0.759,0.76,0.759,0.759,6244.9,1691197199999,4739.906,26,2120.2,1609.2587,0
1691197200000,0.759,0.762,0.759,0.761,14629.4,1691198099999,11127.9665,104,8087.3,6149.7724,0
1691198100000,0.76,0.761,0.757,0.759,58580.3,1691198999999,44430.6606,125,13072.3,9930.8817,0
1691199000000,0.758,0.76,0.756,0.756,72179.3,1691199899999,54605.1844,164,31805.7,24070.6497,0
1691199900000,0.756,0.756,0.755,0.755,7384.9,1691200799999,5577.0485,72,1359.8,1026.6868,0
1691200800000,0.755,0.758,0.755,0.758,9121.3,1691201699999,6899.5738,43,6699.7,5067.9274,0
1691201700000,0.757,0.759,0.757,0.758,4523.7,1691202599999,3429.3099,58,2640.8,2002.1216,0
1691202600000,0.759,0.761,0.759,0.761,5585.8,1691203499999,4241.8275,60,5465.8,4150.7475,0
1691203500000,0.76,0.76,0.759,0.759,19548.4,1691204399999,14841.6269,69,6854.1,5203.0476,0
1691204400000,0.759,0.759,0.757,0.759,16631.5,1691205299999,12611.7171,72,6800.7,5160.0501,0
1691205300000,0.758,0.759,0.758,0.759,96.6,1691206199999,73.2868,3,64.0,48.576,0
1691206200000,0.759,0.759,0.758,0.758,2028.7,1691207099999,1537.8147,27,1260.9,955.8223,0
1691207100000,0.758,0.758,0.757,0.758,1325.1,1691207999999,1004.2739,21,802.3,608.1434,0
1691208000000,0.758,0.758,0.755,0.756,76212.7,1691208899999,57672.6539,149,30072.6,22785.5191,0
1691208900000,0.756,0.756,0.755,0.755,7348.6,1691209799999,5553.4273,31,1550.3,1171.7868,0
1691209800000,0.755,0.755,0.752,0.753,10324.8,1691210699999,7779.6347,56,332.3,250.3317,0
1691210700000,0.752,0.752,0.751,0.752,17446.2,1691211599999,13106.5658,104,1417.7,1065.2932,0
1691211600000,0.751,0.751,0.75,0.751,9234.9,1691212499999,6930.2344,42,1989.0,1493.739,0
1691212500000,0.75,0.751,0.75,0.751,11921.7,1691213399999,8952.3967,21,8425.4,6327.4754,0
1691213400000,0.751,0.752,0.751,0.751,8707.6,1691214299999,6539.5792,37,512.4,384.984,0
1691214300000,0.752,0.752,0.751,0.751,391.6,1691215199999,294.2876,14,196.0,147.392,0
1691215200000,0.752,0.752,0.751,0.751,3936.9,1691216099999,2956.6821,38,1398.3,1050.1935,0
1691216100000,0.751,0.751,0.75,0.751,3456.6,1691216999999,2594.2672,21,1495.0,1122.745,0
1691217000000,0.75,0.752,0.75,0.751,2655.4,1691217899999,1995.0507,27,2483.0,1865.6831,0
1691217900000,0.752,0.753,0.751,0.751,24320.5,1691218799999,18275.2044,76,9001.1,6767.3703,0
1691218800000,0.751,0.752,0.751,0.752,3929.3,1691219699999,2952.254,27,3595.1,2701.2698,0
1691219700000,0.752,0.753,0.751,0.752,2560.6,1691220599999,1925.6221,18,2029.6,1526.3592,0
1691220600000,0.751,0.753,0.751,0.753,8214.1,1691221499999,6174.2341,43,3713.7,2793.4983,0
1691221500000,0.753,0.753,0.752,0.752,7997.8,1691222399999,6018.3045,47,1562.4,1176.4872,0
1691222400000,0.752,0.753,0.752,0.753,5724.7,1691223299999,4309.6635,61,3134.9,2360.5797,0
1691223300000,0.752,0.753,0.752,0.752,3135.8,1691224199999,2358.1629,16,499.4,375.5901,0
1691224200000,0.753,0.755,0.753,0.755,8713.7,1691225099999,6568.6595,63,8369.9,6309.6627,0
1691225100000,0.754,0.754,0.753,0.753,2531.6,1691225999999,1907.7248,25,46.2,34.7886,0
1691226000000,0.752,0.754,0.752,0.753,2169.1,1691226899999,1633.3186,20,1260.3,949.0361,0
1691226900000,0.752,0.753,0.752,0.753,753.6,1691227799999,567.1244,10,417.2,314.1516,0
1691227800000,0.753,0.753,0.751,0.751,9172.8,1691228699999,6896.484,24,416.3,313.4569,0
1691228700000,0.751,0.752,0.75,0.752,72394.5,1691229599999,54337.1898,43,269.0,202.288,0
1691229600000,0.752,0.753,0.752,0.753,8075.1,1691230499999,6079.1777,48,7453.3,5611.5841,0
1691230500000,0.753,0.753,0.752,0.752,6846.1,1691231399999,5154.7303,48,30.7,23.1171,0
1691231400000,0.752,0.753,0.752,0.752,4775.2,1691232299999,3591.1181,47,849.1,638.6909,0
1691232300000,0.751,0.752,0.75,0.752,13011.9,1691233199999,9772.1558,55,9373.0,7039.6938,0
1691233200000,0.752,0.753,0.751,0.753,53499.9,1691234099999,40197.9027,86,46804.1,35164.6645,0
1691234100000,0.752,0.752,0.75,0.75,4784.7,1691234999999,3593.498,31,1135.5,852.7605,0
1691235000000,0.751,0.751,0.75,0.751,63760.0,1691235899999,47820.075,47,4424.8,3318.675,0
1691235900000,0.751,0.751,0.75,0.75,6044.6,1691236799999,4536.4667,34,1340.0,1006.34,0
1691236800000,0.75,0.751,0.748,0.749,113877.0,1691237699999,85390.9431,187,5752.4,4311.3858,0
1691237700000,0.749,0.751,0.749,0.751,18215.9,1691238599999,13672.3078,95,13450.2,10097.4804,0
1691238600000,0.751,0.751,0.75,0.75,3838.2,1691239499999,2879.3171,29,336.2,252.4693,0
1691239500000,0.75,0.751,0.75,0.75,6282.9,1691240399999,4712.7692,49,1998.3,1499.3192,0
1691240400000,0.75,0.751,0.75,0.75,2229.7,1691241299999,1672.3376,18,506.3,379.7876,0
1691241300000,0.75,0.751,0.749,0.749,1812.7,1691242199999,1359.0086,16,125.6,94.2772,0
1691242200000,0.749,0.749,0.745,0.746,12470.6,1691243099999,9314.1589,145,1471.3,1099.3165,0
1691243100000,0.746,0.748,0.746,0.748,21583.4,1691243999999,16126.9174,98,20120.9,15034.1911,0
1691244000000,0.747,0.749,0.747,0.748,6849.8,1691244899999,5124.5972,57,5540.4,4146.1669,0
1691244900000,0.748,0.75,0.748,0.749,10859.0,1691245799999,8133.1337,65,4334.5,3249.2967,0
1691245800000,0.749,0.749,0.747,0.748,33468.7,1691246699999,25020.7082,70,10049.7,7508.4351,0
1691246700000,0.748,0.752,0.748,0.752,28992.0,1691247599999,21771.7609,135,17577.8,13201.5525,0
1691247600000,0.752,0.753,0.749,0.75,32568.9,1691248499999,24479.7172,153,25262.0,18996.0877,0
1691248500000,0.749,0.749,0.746,0.747,11310.5,1691249399999,8451.2815,71,8045.2,6010.3801,0
1691249400000,0.747,0.75,0.745,0.749,20072.8,1691250299999,14982.0353,112,8925.8,6663.865,0
1691250300000,0.749,0.75,0.748,0.749,4457.0,1691251199999,3337.9629,33,3177.1,2379.7762,0
1691251200000,0.749,0.75,0.748,0.749,21856.3,1691252099999,16368.555,86,16557.8,12402.6257,0
1691252100000,0.749,0.749,0.747,0.747,10232.4,1691252999999,7658.5322,62,3463.2,2592.8546,0
1691253000000,0.748,0.748,0.745,0.747,13345.3,1691253899999,9957.6805,57,9405.0,7016.4269,0
1691253900000,0.747,0.749,0.747,0.747,13186.5,1691254799999,9857.4159,51,3758.2,2808.8639,0
1691254800000,0.747,0.748,0.747,0.748,543.8,1691255699999,406.4521,6,233.5,174.658,0
1691255700000,0.748,0.75,0.748,0.749,14989.1,1691256599999,11219.3055,59,12551.2,9393.7852,0
1691256600000,0.749,0.749,0.747,0.747,2483.5,1691257499999,1859.3022,44,1757.6,1316.4424,0
1691257500000,0.747,0.748,0.747,0.748,4065.8,1691258399999,3038.1752,31,2091.0,1562.9996,0
1691258400000,0.748,0.749,0.747,0.749,131.9,1691259299999,98.5705,4,27.3,20.4343,0
1691259300000,0.749,0.75,0.748,0.75,3243.1,1691260199999,2428.5655,19,1519.3,1138.929,0
1691260200000,0.749,0.75,0.748,0.748,14108.7,1691261099999,10566.5117,37,4477.7,3353.8118,0
1691261100000,0.748,0.75,0.748,0.748,27847.7,1691261999999,20869.6945,87,13877.0,10406.0196,0
1691262000000,0.749,0.749,0.747,0.747,2063.0,1691262899999,1543.0994,20,1308.4,978.7164,0
1691262900000,0.748,0.748,0.747,0.747,7704.7,1691263799999,5761.6156,21,6204.7,4641.1156,0
1691263800000,0.748,0.748,0.746,0.746,13873.1,1691264699999,10359.3232,62,3849.1,2874.7926,0
1691264700000,0.747,0.747,0.745,0.746,8797.0,1691265599999,6558.5157,32,653.1,487.8385,0
1691265600000,0.745,0.745,0.744,0.745,9637.8,1691266499999,7179.5336,83,3124.6,2327.827,0
1691266500000,0.744,0.745,0.744,0.745,10603.7,1691267399999,7896.4514,30,7298.6,5437.457,0
1691267400000,0.744,0.745,0.744,0.745,353.5,1691268299999,263.2935,8,289.5,215.6775,0
1691268300000,0.745,0.745,0.743,0.743,12012.3,1691269199999,8930.2481,81,6526.6,4851.4664,0
1691269200000,0.744,0.744,0.743,0.744,2749.9,1691270099999,2044.7483,31,1572.6,1170.0144,0
1691270100000,0.744,0.745,0.744,0.745,6857.8,1691270999999,5103.143,23,6762.1,5031.9422,0
1691271000000,0.745,0.746,0.744,0.745,16776.5,1691271899999,12502.7261,54,16418.8,12236.5487,0
1691271900000,0.746,0.746,0.743,0.743,6996.4,1691272799999,5208.5057,44,1785.0,1331.1563,0
1691272800000,0.743,0.743,0.74,0.742,50213.5,1691273699999,37216.229,254,14995.1,11115.0156,0
1691273700000,0.742,0.742,0.741,0.741,3043.7,1691274599999,2258.1766,28,2794.9,2073.8158,0
1691274600000,0.742,0.743,0.742,0.742,26730.5,1691275499999,19847.822,77,16851.9,12508.6331,0
1691275500000,0.743,0.744,0.743,0.744,7592.8,1691276399999,5644.8837,27,7149.6,5315.5861,0
1691276400000,0.743,0.743,0.742,0.743,6828.1,1691277299999,5068.9848,32,4042.5,2999.7893,0
1691277300000,0.743,0.744,0.743,0.744,2250.2,1691278199999,1672.4986,24,2250.2,1672.4986,0
1691278200000,0.744,0.744,0.743,0.744,6383.7,1691279099999,4743.4207,37,1461.6,1086.3004,0
1691279100000,0.743,0.745,0.743,0.744,3441.1,1691279999999,2559.4584,20,2225.1,1655.7127,0
1691280000000,0.744,0.744,0.741,0.743,51605.6,1691280899999,38316.9444,144,25993.0,19302.3413,0
1691280900000,0.744,0.747,0.744,0.747,50636.9,1691281799999,37740.5257,209,35713.6,26607.9305,0
1691281800000,0.747,0.748,0.744,0.744,15494.1,1691282699999,11546.6449,91,9364.5,6979.977,0
1691282700000,0.745,0.746,0.744,0.745,48610.7,1691283599999,36209.8936,100,8775.9,6541.1606,0
1691283600000,0.745,0.745,0.742,0.742,3920.8,1691284499999,2916.0352,29,762.6,566.6996,0
1691284500000,0.743,0.744,0.742,0.742,13338.8,1691285399999,9911.6158,73,10189.9,7572.1811,0
1691285400000,0.742,0.744,0.741,0.743,13911.5,1691286299999,10335.3458,71,5849.1,4346.464,0
1691286300000,0.743,0.743,0.742,0.742,6015.3,1691287199999,4467.919,21,841.8,625.4574,0
1691287200000,0.743,0.754,0.743,0.749,99318.1,1691288099999,74500.04,481,63968.3,47958.2022,0
1691288100000,0.749,0.75,0.747,0.749,47299.5,1691288999999,35415.9699,151,24063.1,18022.1789,0
1691289000000,0.749,0.75,0.748,0.749,9951.4,1691289899999,7458.5095,65,7356.6,5515.1755,0
1691289900000,0.749,0.75,0.749,0.75,7894.9,1691290799999,5918.7991,44,6888.6,5165.0804,0
1691290800000,0.75,0.75,0.748,0.749,3088.1,1691291699999,2315.2843,36,2195.1,1646.2297,0
1691291700000,0.749,0.75,0.749,0.749,9788.2,1691292599999,7331.7534,54,7175.9,5375.1407,0
1691292600000,0.749,0.75,0.748,0.749,4942.9,1691293499999,3703.543,44,4529.9,3394.2341,0
1691293500000,0.748,0.75,0.748,0.75,8389.4,1691294399999,6283.5667,42,8275.5,6198.3695,0
1691294400000,0.75,0.75,0.749,0.749,4386.4,1691295299999,3287.9399,46,1348.5,1011.375,0
1691295300000,0.749,0.749,0.748,0.749,6318.6,1691296199999,4728.1896,42,2274.4,1701.928,0
1691296200000,0.749,0.75,0.749,0.75,1736.1,1691297099999,1301.38,28,1604.2,1202.5869,0
1691297100000,0.75,0.75,0.748,0.748,13742.1,1691297999999,10288.2338,30,1740.9,1305.4514,0
1691298000000,0.748,0.748,0.748,0.748,412.7,1691298899999,308.6996,11,51.3,38.3724,0
1691298900000,0.747,0.748,0.747,0.747,1677.8,1691299799999,1253.4809,11,164.3,122.8964,0
1691299800000,0.748,0.748,0.745,0.746,23647.0,1691300699999,17650.8884,91,15528.3,11591.1642,0
1691300700000,0.746,0.748,0.746,0.748,2183.5,1691301599999,1631.1662,34,1466.9,1095.8812,0
1691301600000,0.748,0.748,0.745,0.746,21174.5,1691302499999,15813.8258,63,5932.6,4432.6051,0
1691302500000,0.745,0.745,0.744,0.745,5361.2,1691303399999,3993.761,41,3294.6,2454.477,0
1691303400000,0.745,0.745,0.743,0.744,2795.9,1691304299999,2080.4879,40,1379.1,1027.2293,0
1691304300000,0.743,0.744,0.743,0.744,3957.9,1691305199999,2940.9658,17,246.1,183.0984,0
1691305200000,0.744,0.745,0.742,0.742,18231.8,1691306099999,13557.3156,60,8090.9,6020.3438,0
1691306100000,0.743,0.743,0.741,0.742,15255.3,1691306999999,11321.0955,66,3734.3,2773.8335,0
1691307000000,0.742,0.742,0.741,0.742,6786.3,1691307899999,5031.5711,45,2922.8,2168.7176,0
1691307900000,0.742,0.743,0.741,0.743,40365.2,1691308799999,29961.7193,107,35341.7,26234.3115,0
1691308800000,0.743,0.745,0.743,0.745,30946.6,1691309699999,23023.0169,91,21609.8,16077.0929,0
1691309700000,0.745,0.746,0.745,0.746,22387.4,1691310599999,16692.7423,145,15623.8,11647.1592,0
1691310600000,0.745,0.746,0.744,0.746,11588.3,1691311499999,8633.3305,66,7280.3,5423.8905,0
1691311500000,0.746,0.747,0.745,0.745,8994.3,1691312399999,6703.8187,70,4862.7,3625.0217,0
1691312400000,0.744,0.745,0.741,0.741,11319.9,1691313299999,8404.254,63,740.1,551.0288,0
1691313300000,0.741,0.742,0.739,0.739,32234.2,1691314199999,23856.0786,105,15711.2,11626.5629,0
1691314200000,0.74,0.741,0.739,0.74,9697.8,1691315099999,7172.9621,62,5053.8,3740.7088,0
1691315100000,0.74,0.74,0.738,0.74,17296.3,1691315999999,12782.1353,78,6625.4,4898.4487,0
1691316000000,0.739,0.741,0.736,0.737,24325.0,1691316899999,17949.9235,144,6484.3,4791.3995,0
1691316900000,0.736,0.738,0.735,0.738,18095.4,1691317799999,13331.067,102,13346.4,9836.2357,0
1691317800000,0.737,0.738,0.733,0.734,67186.9,1691318699999,49353.5673,300,24009.1,17642.5564,0
1691318700000,0.735,0.737,0.735,0.737,32508.9,1691319599999,23941.3167,120,26242.9,19329.5798,0
1691319600000,0.737,0.738,0.735,0.737,30072.2,1691320499999,22146.737,141,17317.8,12757.1435,0
1691320500000,0.737,0.737,0.734,0.736,28550.1,1691321399999,20992.0794,150,8407.1,6183.4195,0
1691321400000,0.735,0.736,0.734,0.735,26506.5,1691322299999,19478.6053,112,10629.0,7812.6439,0
1691322300000,0.736,0.737,0.734,0.736,21707.0,1691323199999,15969.8797,131,10399.0,7653.8644,0
1691323200000,0.736,0.737,0.734,0.735,25001.7,1691324099999,18377.3655,140,10505.3,7725.2482,0
1691324100000,0.736,0.736,0.733,0.735,16829.2,1691324999999,12356.4765,85,6886.1,5059.1567,0
1691325000000,0.734,0.736,0.732,0.734,23794.8,1691325899999,17453.3799,164,14065.5,10321.664,0
1691325900000,0.734,0.734,0.732,0.733,21471.9,1691326799999,15740.7085,83,19346.6,14183.112,0
1691326800000,0.732,0.732,0.73,0.73,62290.9,1691327699999,45519.6957,272,25516.7,18657.2173,0
1691327700000,0.731,0.732,0.73,0.731,96201.8,1691328599999,70339.9846,293,41935.1,30675.0468,0
1691328600000,0.73,0.732,0.729,0.732,73181.7,1691329499999,53457.2862,305,21268.0,15546.2138,0
1691329500000,0.731,0.733,0.73,0.731,28432.1,1691330399999,20797.6585,168,8127.5,5950.4891,0
1691330400000,0.73,0.732,0.727,0.728,44050.4,1691331299999,32116.9837,257,11510.8,8400.6862,0
1691331300000,0.728,0.732,0.728,0.73,35395.3,1691332199999,25823.3451,150,30285.1,22091.9209,0
1691332200000,0.731,0.731,0.728,0.729,8058.3,1691333099999,5880.4353,48,386.8,282.4061,0
1691333100000,0.728,0.73,0.728,0.73,24306.9,1691333999999,17725.3224,115,21617.5,15765.2382,0
1691334000000,0.73,0.73,0.728,0.729,25042.0,1691334899999,18254.7511,102,20921.8,15252.3489,0
1691334900000,0.73,0.73,0.728,0.729,5865.0,1691335799999,4275.5606,36,5208.4,3797.0195,0
1691335800000,0.729,0.731,0.729,0.73,32155.0,1691336699999,23484.6444,116,20623.1,15067.6601,0
1691336700000,0.73,0.731,0.728,0.729,22808.0,1691337599999,16641.4178,133,12957.5,9455.0564,0
1691337600000,0.729,0.73,0.726,0.728,52955.9,1691338499999,38556.2416,116,13627.8,9914.9512,0
1691338500000,0.728,0.729,0.728,0.729,40346.2,1691339399999,29374.4058,85,14425.2,10503.9178,0
1691339400000,0.729,0.729,0.727,0.729,19847.0,1691340299999,14445.7264,64,8164.1,5946.3572,0
1691340300000,0.729,0.731,0.728,0.73,10487.7,1691341199999,7649.8668,88,9460.2,6900.8398,0
1691341200000,0.731,0.731,0.728,0.728,10739.4,1691342099999,7839.1237,69,3648.9,2667.0485,0
1691342100000,0.728,0.729,0.727,0.727,15359.5,1691342999999,11182.4097,66,12185.8,8872.0931,0
1691343000000,0.728,0.729,0.727,0.727,9253.9,1691343899999,6732.0407,51,1408.8,1025.6474,0
1691343900000,0.727,0.727,0.726,0.726,15012.3,1691344799999,10902.3054,67,1146.5,833.076,0
1691344800000,0.726,0.727,0.726,0.727,23380.3,1691345699999,16988.6253,95,18349.4,13332.237,0
1691345700000,0.727,0.728,0.727,0.728,10223.0,1691346599999,7442.1672,41,10046.2,7313.6336,0
1691346600000,0.728,0.729,0.727,0.727,11524.5,1691347499999,8388.2598,58,2842.4,2068.5238,0
1691347500000,0.727,0.727,0.726,0.726,11792.0,1691348399999,8563.2353,60,6999.3,5083.7351,0
1691348400000,0.726,0.727,0.726,0.727,9928.0,1691349299999,7209.9351,55,7283.0,5289.6651,0
1691349300000,0.727,0.727,0.725,0.725,36217.1,1691350199999,26288.0949,90,3342.4,2428.361,0
1691350200000,0.725,0.726,0.725,0.726,21110.7,1691351099999,15317.5469,65,16180.0,11742.7894,0
1691351100000,0.726,0.727,0.726,0.726,26680.4,1691351999999,19370.8469,87,20153.8,14632.5353,0
1691352000000,0.727,0.727,0.725,0.727,15120.0,1691352899999,10983.723,62,11633.7,8453.957,0
1691352900000,0.726,0.727,0.726,0.727,7007.5,1691353799999,5093.9239,35,6478.9,4710.1603,0
1691353800000,0.727,0.727,0.726,0.727,6942.8,1691354699999,5047.3892,36,6916.4,5028.2228,0
1691354700000,0.727,0.73,0.727,0.728,22569.7,1691355599999,16435.1199,136,19726.1,14362.2842,0
1691355600000,0.729,0.731,0.729,0.73,27003.7,1691356499999,19702.0898,141,14289.0,10430.0444,0
1691356500000,0.73,0.731,0.728,0.729,19055.3,1691357399999,13902.1587,111,7266.8,5304.7392,0
1691357400000,0.728,0.73,0.728,0.728,34684.3,1691358299999,25273.3325,87,16006.4,11659.9316,0
1691358300000,0.728,0.729,0.722,0.724,118870.0,1691359199999,86138.6742,491,43271.5,31392.4754,0
1691359200000,0.724,0.727,0.724,0.727,51995.5,1691360099999,37752.7505,218,26909.7,19541.0932,0
1691360100000,0.726,0.728,0.726,0.726,40307.8,1691360999999,29281.1441,157,5578.5,4056.1374,0
1691361000000,0.726,0.726,0.724,0.724,100247.2,1691361899999,72686.0837,322,45703.7,33154.6622,0
1691361900000,0.724,0.725,0.72,0.72,149337.7,1691362799999,107848.7148,521,61140.2,44184.8894,0
1691362800000,0.72,0.722,0.72,0.72,187100.2,1691363699999,134743.5293,364,13356.6,9631.3319,0
1691363700000,0.721,0.722,0.721,0.721,11976.2,1691364599999,8634.9412,61,9750.2,7029.9952,0
1691364600000,0.721,0.722,0.72,0.721,19852.7,1691365499999,14315.1402,89,15031.9,10839.4674,0
1691365500000,0.721,0.723,0.721,0.723,23480.5,1691366399999,16958.6896,147,18392.6,13280.3346,0
1691366400000,0.723,0.726,0.723,0.726,19525.8,1691367299999,14150.4309,136,13256.7,9606.31,0
1691367300000,0.726,0.733,0.725,0.729,209723.9,1691368199999,153124.3115,760,155805.3,113724.4703,0
1691368200000,0.728,0.728,0.723,0.725,96330.5,1691369099999,69843.8461,275,71576.9,51890.3274,0
1691369100000,0.725,0.725,0.724,0.724,6998.1,1691369999999,5069.5087,42,3342.6,2420.0424,0
1691370000000,0.724,0.726,0.724,0.726,6292.3,1691370899999,4561.5631,73,5389.4,3907.6273,0
1691370900000,0.727,0.731,0.727,0.73,41987.8,1691371799999,30592.8766,207,21499.0,15668.1133,0
1691371800000,0.73,0.731,0.729,0.729,48341.6,1691372699999,35284.7603,157,24853.9,18155.1852,0
1691372700000,0.729,0.731,0.729,0.731,41355.8,1691373599999,30210.8341,133,24944.2,18222.9916,0
1691373600000,0.731,0.732,0.728,0.728,34681.0,1691374499999,25308.8237,148,19710.7,14386.071,0
1691374500000,0.728,0.73,0.728,0.729,40865.9,1691375399999,29794.6425,119,18923.0,13802.8007,0
1691375400000,0.729,0.731,0.728,0.73,13963.5,1691376299999,10188.5346,73,3683.9,2689.315,0
1691376300000,0.73,0.731,0.73,0.731,6600.1,1691377199999,4818.7849,46,4057.6,2962.7599,0
1691377200000,0.731,0.732,0.727,0.727,43893.7,1691378099999,32025.0,171,13616.1,9941.0891,0
1691378100000,0.728,0.729,0.728,0.729,18183.0,1691378999999,13253.2243,69,6847.6,4991.3638,0
1691379000000,0.729,0.73,0.728,0.729,12669.8,1691379899999,9233.2365,59,3585.0,2613.5334,0
1691379900000,0.728,0.729,0.727,0.728,13478.4,1691380799999,9808.4807,68,4077.0,2968.856,0
1691380800000,0.728,0.728,0.726,0.727,33413.2,1691381699999,24293.3609,120,17458.4,12695.0115,0
1691381700000,0.727,0.728,0.726,0.727,40691.4,1691382599999,29581.1927,143,12843.4,9340.4457,0
1691382600000,0.727,0.727,0.725,0.726,83896.5,1691383499999,60875.6193,287,25754.1,18697.9967,0
1691383500000,0.725,0.727,0.725,0.726,31107.4,1691384399999,22579.8074,108,8658.6,6286.5312,0
1691384400000,0.726,0.727,0.725,0.726,15327.3,1691385299999,11124.4841,64,4378.1,3178.515,0
1691385300000,0.726,0.727,0.725,0.726,24960.9,1691386199999,18106.0626,85,7145.6,5184.8529,0
1691386200000,0.726,0.728,0.725,0.727,25824.4,1691387099999,18754.533,105,19425.9,14109.5646,0
1691387100000,0.728,0.729,0.728,0.729,10113.7,1691387999999,7368.4784,32,7090.2,5167.3704,0
1691388000000,0.729,0.729,0.726,0.726,17481.4,1691388899999,12711.164,49,4346.1,3160.6763,0
1691388900000,0.725,0.727,0.723,0.725,55117.5,1691389799999,39962.7936,190,30970.8,22466.0278,0
1691389800000,0.725,0.726,0.723,0.724,21069.7,1691390699999,15276.885,97,14962.4,10850.3925,0
1691390700000,0.723,0.725,0.72,0.721,54331.5,1691391599999,39245.9846,218,19808.2,14333.8574,0
1691391600000,0.721,0.723,0.721,0.722,40356.7,1691392499999,29152.9555,93,27953.8,20193.3558,0
1691392500000,0.722,0.724,0.722,0.723,24271.2,1691393399999,17547.2086,91,15949.3,11533.5103,0
1691393400000,0.723,0.723,0.722,0.722,4275.6,1691394299999,3091.2255,21,3343.2,2417.1336,0
1691394300000,0.722,0.724,0.722,0.724,18534.0,1691395199999,13390.8824,73,11164.4,8069.9859,0
1691395200000,0.724,0.724,0.722,0.723,6909.9,1691396099999,4995.1668,63,3477.8,2515.5746,0
1691396100000,0.722,0.723,0.721,0.722,14206.1,1691396999999,10246.192,89,6618.9,4773.9547,0
1691397000000,0.722,0.723,0.721,0.722,47024.0,1691397899999,33952.4491,128,28602.3,20660.3792,0
1691397900000,0.721,0.723,0.721,0.721,5433.0,1691398799999,3921.0547,34,3387.4,2445.7648,0
1691398800000,0.722,0.722,0.72,0.721,31080.2,1691399699999,22413.7851,115,14447.7,10419.8562,0
1691399700000,0.721,0.724,0.721,0.724,19670.0,1691400599999,14203.701,94,10152.0,7338.0272,0
1691400600000,0.724,0.725,0.724,0.724,10568.3,1691401499999,7655.0903,73,7186.4,5206.5947,0
1691401500000,0.725,0.726,0.725,0.725,39873.8,1691402399999,28925.263,124,28730.5,20846.3705,0
1691402400000,0.725,0.725,0.724,0.725,10853.2,1691403299999,7866.8291,32,1460.2,1058.645,0
1691403300000,0.725,0.725,0.723,0.724,14238.8,1691404199999,10308.6414,42,1678.7,1215.4616,0
1691404200000,0.724,0.725,0.723,0.724,12222.2,1691405099999,8853.0483,55,9087.9,6583.2577,0
1691405100000,0.725,0.726,0.724,0.724,18737.6,1691405999999,13580.6345,74,9209.5,6677.0649,0
1691406000000,0.724,0.725,0.724,0.725,2296.8,1691406899999,1665.0384,13,2155.2,1562.52,0
1691406900000,0.724,0.724,0.723,0.723,15513.0,1691407799999,11230.3259,57,6702.3,4852.4652,0
1691407800000,0.723,0.724,0.722,0.723,8583.1,1691408699999,6201.9878,46,1061.4,767.4061,0
1691408700000,0.722,0.723,0.721,0.723,16031.2,1691409599999,11571.1493,105,4614.0,3332.067,0
1691409600000,0.722,0.723,0.721,0.721,17194.9,1691410499999,12409.0735,82,3498.4,2525.9055,0
1691410500000,0.721,0.722,0.72,0.721,13109.1,1691411399999,9452.9667,46,8507.4,6135.155,0
1691411400000,0.721,0.721,0.716,0.718,199862.6,1691412299999,143759.5867,512,33407.0,23980.5613,0
1691412300000,0.719,0.721,0.718,0.72,52998.6,1691413199999,38119.4358,220,46118.8,33167.6694,0
1691413200000,0.72,0.723,0.719,0.721,85002.2,1691414099999,61245.5711,255,53924.4,38872.9018,0
1691414100000,0.72,0.72,0.717,0.719,43458.6,1691414999999,31244.759,195,7115.0,5116.925,0
1691415000000,0.719,0.72,0.714,0.716,74668.1,1691415899999,53523.2912,382,22285.3,15984.1621,0
1691415900000,0.716,0.718,0.715,0.716,84492.3,1691416799999,60584.7617,310,41322.1,29633.7992,0
1691416800000,0.716,0.716,0.713,0.715,103426.8,1691417699999,73880.5538,360,59162.9,42258.3065,0
1691417700000,0.715,0.716,0.711,0.711,37712.0,1691418599999,26891.2473,191,22543.9,16080.9675,0
1691418600000,0.712,0.714,0.711,0.713,33937.1,1691419499999,24196.502,136,22251.2,15868.7963,0
1691419500000,0.712,0.714,0.711,0.713,37294.4,1691420399999,26570.949,139,23415.8,16685.8528,0
1691420400000,0.713,0.714,0.71,0.711,60458.3,1691421299999,43015.9606,503,45595.6,32438.7267,0
1691421300000,0.711,0.712,0.708,0.709,107848.2,1691422199999,76502.0215,435,33074.3,23449.1732,0
1691422200000,0.709,0.71,0.706,0.71,20420.7,1691423099999,14445.931,144,8518.4,6030.8511,0
1691423100000,0.709,0.71,0.707,0.709,36976.3,1691423999999,26195.9316,143,23118.1,16382.9792,0
1691424000000,0.709,0.71,0.703,0.706,74311.6,1691424899999,52522.5761,372,29789.2,21068.0801,0
1691424900000,0.706,0.706,0.691,0.706,360928.8,1691425799999,252046.7902,1417,156888.9,109598.158,0
1691425800000,0.705,0.705,0.699,0.702,39684.5,1691426699999,27822.6171,206,13206.4,9264.0116,0
1691426700000,0.701,0.704,0.699,0.703,28630.8,1691427599999,20075.2061,165,14779.2,10369.6384,0
1691427600000,0.703,0.707,0.702,0.707,25114.8,1691428499999,17677.8077,118,7626.8,5368.6573,0
1691428500000,0.706,0.71,0.706,0.707,51990.3,1691429399999,36798.7158,222,24197.2,17130.0878,0
1691429400000,0.708,0.71,0.705,0.709,16837.2,1691430299999,11907.5618,121,14148.6,10007.858,0
1691430300000,0.71,0.711,0.709,0.709,9639.4,1691431199999,6847.7433,83,6930.7,4925.1428,0
1691431200000,0.71,0.714,0.71,0.713,34628.4,1691432099999,24657.5692,164,27715.8,19727.9133,0
1691432100000,0.714,0.716,0.713,0.715,11249.7,1691432999999,8039.9911,101,5901.2,4218.0424,0
1691433000000,0.716,0.716,0.715,0.715,7778.8,1691433899999,5563.5441,42,2887.7,2066.4076,0
1691433900000,0.715,0.715,0.712,0.712,19684.9,1691434799999,14044.6579,69,7466.8,5327.6839,0
1691434800000,0.712,0.713,0.712,0.713,8077.5,1691435699999,5758.9953,35,7815.3,5572.3089,0
1691435700000,0.714,0.714,0.712,0.713,8673.2,1691436599999,6183.8936,51,4050.7,2889.0604,0
1691436600000,0.713,0.714,0.712,0.714,5639.3,1691437499999,4022.0178,45,3890.8,2775.4978,0
1691437500000,0.713,0.715,0.713,0.714,12430.0,1691438399999,8874.3396,27,613.8,438.2673,0
1691438400000,0.715,0.715,0.714,0.714,3061.2,1691439299999,2188.7307,34,2747.2,1964.248,0
1691439300000,0.715,0.716,0.714,0.716,16407.9,1691440199999,11731.8236,68,15504.2,11086.5818,0
1691440200000,0.716,0.716,0.715,0.716,2834.5,1691441099999,2028.5323,50,1864.8,1335.1968,0
1691441100000,0.716,0.718,0.715,0.718,16923.3,1691441999999,12126.6831,126,13516.0,9686.0163,0
1691442000000,0.718,0.72,0.718,0.719,13242.2,1691442899999,9516.6854,115,6489.5,4664.0665,0
1691442900000,0.718,0.721,0.717,0.721,34386.1,1691443799999,24680.2375,137,12518.0,8988.6467,0
1691443800000,0.721,0.721,0.716,0.718,17305.4,1691444699999,12434.8564,92,9329.6,6704.3661,0
1691444700000,0.718,0.719,0.717,0.717,16485.1,1691445599999,11834.6627,57,9739.3,6992.8521,0
1691445600000,0.717,0.719,0.717,0.719,11444.8,1691446499999,8215.2411,45,4342.4,3118.6226,0
1691446500000,0.719,0.719,0.718,0.718,3769.3,1691447399999,2707.3859,18,1028.5,739.4915,0
1691447400000,0.718,0.72,0.718,0.719,11726.8,1691448299999,8432.9087,66,7394.8,5318.8559,0
1691448300000,0.72,0.723,0.718,0.72,133278.7,1691449199999,96016.5266,243,121450.6,87508.2434,0
1691449200000,0.72,0.72,0.718,0.718,9219.1,1691450099999,6629.6802,37,5872.1,4223.2359,0
1691450100000,0.718,0.718,0.717,0.717,12179.1,1691450999999,8741.1663,39,6119.7,4393.9446,0
1691451000000,0.718,0.719,0.716,0.719,8572.7,1691451899999,6147.8211,40,4834.2,3467.5684,0
1691451900000,0.719,0.719,0.718,0.718,590.9,1691452799999,424.7072,9,441.0,317.079,0
1691452800000,0.718,0.718,0.716,0.717,17740.3,1691453699999,12725.3915,84,2093.3,1502.2704,0
1691453700000,0.717,0.717,0.715,0.716,6172.4,1691454599999,4419.9896,33,1499.7,1073.8086,0
1691454600000,0.716,0.716,0.714,0.714,11845.8,1691455499999,8474.4824,45,1699.7,1216.9852,0
1691455500000,0.715,0.718,0.715,0.718,19998.2,1691456399999,14335.3291,100,16533.8,11850.4739,0
1691456400000,0.718,0.719,0.716,0.717,6930.0,1691457299999,4970.9916,49,1531.4,1099.4997,0
1691457300000,0.717,0.717,0.713,0.715,59368.0,1691458199999,42388.9223,126,4949.3,3544.7159,0
1691458200000,0.714,0.715,0.713,0.714,9249.3,1691459099999,6603.9642,32,2172.8,1551.4022,0
1691459100000,0.713,0.714,0.713,0.714,11941.8,1691459999999,8521.9911,47,1578.4,1126.3787,0
1691460000000,0.714,0.714,0.712,0.714,7311.5,1691460899999,5216.4799,44,5593.1,3992.5234,0
1691460900000,0.714,0.716,0.714,0.716,12258.9,1691461799999,8767.7806,61,5102.4,3650.5379,0
1691461800000,0.716,0.717,0.716,0.717,6697.2,1691462699999,4800.6803,37,6533.6,4683.4858,0
1691462700000,0.717,0.717,0.716,0.716,4945.8,1691463599999,3541.8357,25,62.1,44.4859,0
1691463600000,0.716,0.717,0.716,0.716,5421.2,1691464499999,3881.7798,25,3826.4,2739.903,0
1691464500000,0.716,0.717,0.716,0.717,11722.7,1691465399999,8405.111,43,8246.0,5912.382,0
1691465400000,0.717,0.718,0.717,0.717,5178.7,1691466299999,3713.1699,26,4271.7,3062.8509,0
1691466300000,0.718,0.718,0.717,0.717,12554.6,1691467199999,9013.6395,37,9705.4,6968.4772,0
1691467200000,0.718,0.719,0.717,0.718,12965.2,1691468099999,9307.2185,34,5568.5,3998.1969,0
1691468100000,0.718,0.721,0.718,0.72,25501.9,1691468999999,18343.4143,84,20552.4,14783.1884,0
1691469000000,0.72,0.72,0.719,0.719,18222.8,1691469899999,13111.5812,56,6382.5,4592.8865,0
1691469900000,0.719,0.72,0.718,0.72,16799.5,1691470799999,12078.7293,53,12480.2,8973.3183,0
1691470800000,0.719,0.72,0.719,0.719,19621.2,1691471699999,14115.3477,55,9736.3,7007.0963,0
1691471700000,0.72,0.72,0.718,0.72,13744.4,1691472599999,9891.6595,35,7926.6,5706.8565,0
1691472600000,0.72,0.721,0.719,0.721,7037.9,1691473499999,5065.5959,22,3013.7,2169.9682,0
1691473500000,0.721,0.722,0.721,0.722,12961.0,1691474399999,9347.1678,62,5252.5,3789.3393,0
1691474400000,0.722,0.723,0.72,0.72,23719.0,1691475299999,17109.3502,67,4360.1,3147.246,0
1691475300000,0.72,0.722,0.72,0.722,8353.2,1691476199999,6023.3746,40,5575.8,4021.2959,0
1691476200000,0.722,0.723,0.721,0.722,3484.4,1691477099999,2513.43,22,1046.6,755.6797,0
1691477100000,0.721,0.722,0.719,0.719,17735.9,1691477999999,12770.8667,70,777.5,561.0614,0
1691478000000,0.719,0.719,0.718,0.718,3530.9,1691478899999,2536.2953,26,649.1,466.7029,0
1691478900000,0.718,0.719,0.717,0.717,39432.9,1691479799999,28313.7962,90,1385.5,995.805,0
1691479800000,0.717,0.718,0.716,0.716,7279.7,1691480699999,5219.2499,39,388.7,278.9773,0
1691480700000,0.716,0.717,0.715,0.717,20070.7,1691481599999,14370.6619,82,11257.1,8060.8836,0
1691481600000,0.717,0.719,0.715,0.717,31786.2,1691482499999,22806.1036,91,16766.7,12028.9197,0
1691482500000,0.718,0.72,0.718,0.719,8710.1,1691483399999,6261.3668,38,8571.2,6161.4977,0
1691483400000,0.719,0.72,0.719,0.72,10073.2,1691484299999,7244.8655,28,3033.0,2182.8952,0
1691484300000,0.72,0.721,0.719,0.72,20100.7,1691485199999,14461.4379,54,4588.3,3304.3854,0
1691485200000,0.719,0.722,0.719,0.722,19213.9,1691486099999,13852.6376,64,8656.7,6241.3414,0
1691486100000,0.721,0.723,0.721,0.721,36292.2,1691486999999,26215.5156,99,25593.6,18495.58,0
1691487000000,0.721,0.722,0.72,0.721,34125.3,1691487899999,24613.3015,85,25743.0,18569.8142,0
1691487900000,0.721,0.722,0.72,0.72,14357.9,1691488799999,10344.0115,75,2977.9,2144.7003,0
1691488800000,0.721,0.723,0.72,0.722,11877.8,1691489699999,8573.456,45,9002.8,6498.1947,0
1691489700000,0.722,0.722,0.721,0.722,8986.7,1691490599999,6486.312,33,2339.6,1689.1912,0
1691490600000,0.722,0.724,0.722,0.723,17314.5,1691491499999,12517.9846,81,15479.4,11192.2763,0
1691491500000,0.724,0.726,0.723,0.724,57305.6,1691492399999,41528.4969,178,32213.7,23347.5987,0
1691492400000,0.725,0.726,0.723,0.724,12050.4,1691493299999,8735.1172,51,4970.5,3602.7993,0
1691493300000,0.723,0.725,0.723,0.724,22368.4,1691494199999,16209.1078,77,2355.6,1707.5896,0
1691494200000,0.724,0.725,0.723,0.724,20484.4,1691495099999,14826.5387,53,8842.2,6401.9028,0
1691495100000,0.724,0.726,0.724,0.725,22710.8,1691495999999,16459.4626,66,10089.4,7312.1709,0
1691496000000,0.725,0.725,0.722,0.724,29802.2,1691496899999,21568.409,106,13535.3,9792.7111,0
1691496900000,0.724,0.725,0.723,0.724,29185.4,1691497799999,21127.3846,87,13214.7,9567.9738,0
1691497800000,0.723,0.726,0.723,0.725,42971.0,1691498699999,31129.08,143,26872.4,19464.5059,0
1691498700000,0.726,0.728,0.725,0.728,47912.2,1691499599999,34800.2147,185,23262.5,16907.0979,0
1691499600000,0.728,0.729,0.725,0.727,57699.5,1691500499999,41946.8491,248,20759.7,15096.3883,0
1691500500000,0.727,0.729,0.725,0.725,38312.1,1691501399999,27852.7219,167,16555.0,12042.2715,0
1691501400000,0.725,0.726,0.722,0.723,61527.4,1691502299999,44582.6788,266,36116.1,26183.257,0
1691502300000,0.723,0.724,0.722,0.723,22246.2,1691503199999,16091.4364,87,11488.9,8312.6732,0
1691503200000,0.722,0.724,0.722,0.723,27142.8,1691504099999,19621.7617,88,16071.0,11622.2379,0
1691504100000,0.723,0.725,0.723,0.725,10057.1,1691504999999,7278.3796,44,4668.4,3377.9412,0
1691505000000,0.725,0.726,0.724,0.725,15068.5,1691505899999,10925.9827,36,14504.4,10517.5249,0
1691505900000,0.726,0.726,0.723,0.724,22626.5,1691506799999,16396.1652,66,9474.2,6867.8035,0
1691506800000,0.724,0.725,0.723,0.724,30327.9,1691507699999,21957.5337,77,16638.2,12046.2341,0
1691507700000,0.724,0.727,0.724,0.727,9476.0,1691508599999,6869.3709,34,6408.6,4648.2011,0
1691508600000,0.727,0.728,0.726,0.727,9581.4,1691509499999,6964.147,52,7107.2,5167.1706,0
1691509500000,0.728,0.728,0.725,0.727,32667.6,1691510399999,23732.3306,92,1896.2,1379.8289,0
1691510400000,0.727,0.727,0.726,0.726,12137.9,1691511299999,8823.0823,44,6187.9,4498.6033,0
1691511300000,0.727,0.727,0.725,0.726,23687.8,1691512199999,17207.8111,83,12552.2,9118.107,0
1691512200000,0.727,0.73,0.727,0.729,62631.1,1691513099999,45615.9958,200,51281.7,37345.9303,0
1691513100000,0.729,0.732,0.729,0.729,27086.8,1691513999999,19794.0137,167,13811.3,10100.0006,0
1691514000000,0.73,0.731,0.728,0.73,37108.8,1691514899999,27075.5068,96,24952.9,18212.6911,0
1691514900000,0.73,0.731,0.729,0.729,22152.0,1691515799999,16168.4519,74,13395.6,9777.6031,0
1691515800000,0.729,0.729,0.728,0.729,11729.2,1691516699999,8549.5944,40,5881.7,4287.7593,0
1691516700000,0.729,0.73,0.728,0.73,15496.9,1691517599999,11298.5344,64,5710.3,4165.2792,0
1691517600000,0.73,0.732,0.729,0.732,22544.9,1691518499999,16460.6258,81,13369.5,9765.9801,0
1691518500000,0.733,0.737,0.732,0.734,118228.7,1691519399999,86925.5931,401,74035.8,54435.4477,0
1691519400000,0.734,0.736,0.734,0.734,60066.3,1691520299999,44171.3895,160,41320.9,30395.2584,0
1691520300000,0.734,0.735,0.73,0.731,57545.3,1691521199999,42151.2504,156,16796.3,12303.9776,0
1691521200000,0.731,0.735,0.73,0.734,21554.1,1691522099999,15781.99,85,12001.0,8788.1623,0
1691522100000,0.734,0.734,0.732,0.733,20497.7,1691522999999,15035.3771,80,10923.1,8014.8421,0
1691523000000,0.733,0.735,0.733,0.734,6678.8,1691523899999,4899.7451,53,3985.4,2924.6528,0
1691523900000,0.734,0.735,0.731,0.731,7556.0,1691524799999,5541.0913,30,114.8,84.2388,0
1691524800000,0.732,0.732,0.73,0.731,7392.1,1691525699999,5403.7351,38,4027.1,2944.1144,0
1691525700000,0.731,0.735,0.731,0.735,56737.7,1691526599999,41585.4529,102,50101.6,36729.5198,0
1691526600000,0.735,0.736,0.734,0.735,15150.1,1691527499999,11130.218,77,1351.0,993.0643,0
1691527500000,0.736,0.736,0.733,0.734,5456.6,1691528399999,4006.1511,36,3765.7,2765.5233,0
1691528400000,0.734,0.736,0.733,0.735,6385.2,1691529299999,4689.8739,42,4969.4,3649.7106,0
1691529300000,0.736,0.739,0.734,0.736,66708.3,1691530199999,49158.9559,239,27651.6,20388.4376,0
1691530200000,0.735,0.736,0.731,0.734,30518.8,1691531099999,22376.8022,149,16673.3,12226.9175,0
1691531100000,0.734,0.736,0.734,0.735,15778.3,1691531999999,11592.4015,89,6842.9,5027.5885,0
1691532000000,0.735,0.736,0.733,0.735,39410.1,1691532899999,28937.4135,104,11643.7,8550.0675,0
1691532900000,0.735,0.736,0.734,0.735,20001.7,1691533799999,14692.5594,71,8338.1,6128.5863,0
1691533800000,0.735,0.735,0.731,0.733,52062.3,1691534699999,38143.1869,154,7617.9,5579.5184,0
1691534700000,0.733,0.734,0.732,0.733,8360.1,1691535599999,6127.5019,39,3731.2,2735.1058,0
1691535600000,0.733,0.735,0.733,0.735,4742.8,1691536499999,3484.6038,36,3201.7,2352.9561,0
1691536500000,0.735,0.736,0.734,0.735,11396.2,1691537399999,8374.255,25,8565.0,6296.075,0
1691537400000,0.736,0.736,0.733,0.733,43623.2,1691538299999,31997.7608,86,422.5,310.4613,0
1691538300000,0.733,0.734,0.733,0.733,4463.2,1691539199999,3271.8659,15,3337.0,2446.3613,0
1691539200000,0.732,0.733,0.732,0.733,8355.9,1691540099999,6119.0847,35,3045.0,2229.5519,0
1691540100000,0.733,0.733,0.73,0.731,4887.3,1691540999999,3576.8167,29,865.7,633.5087,0
1691541000000,0.731,0.734,0.73,0.732,40284.7,1691541899999,29505.6484,123,19122.5,14008.1766,0
1691541900000,0.732,0.732,0.731,0.731,15617.8,1691542799999,11424.5546,25,6621.1,4846.6452,0
1691542800000,0.73,0.733,0.73,0.732,12056.6,1691543699999,8805.0314,55,6649.6,4857.1473,0
1691543700000,0.733,0.735,0.733,0.735,34870.2,1691544599999,25617.976,72,28591.8,21004.9003,0
1691544600000,0.735,0.737,0.735,0.737,63102.3,1691545499999,46451.5047,143,37795.9,27826.3961,0
1691545500000,0.736,0.737,0.736,0.737,18122.4,1691546399999,13345.024,49,8478.3,6246.9664,0
1691546400000,0.737,0.737,0.734,0.735,13158.2,1691547299999,9680.2093,48,2185.5,1606.4829,0
1691547300000,0.735,0.735,0.732,0.732,19227.4,1691548199999,14081.3279,83,15088.7,11048.1889,0
1691548200000,0.731,0.733,0.73,0.731,29258.9,1691549099999,21404.425,95,2982.0,2184.2729,0
1691549100000,0.732,0.734,0.731,0.732,29442.3,1691549999999,21558.4969,101,10980.5,8042.9671,0
1691550000000,0.731,0.733,0.731,0.732,19039.4,1691550899999,13942.8476,65,7962.1,5828.4509,0
1691550900000,0.733,0.733,0.732,0.732,519.1,1691551799999,380.0084,10,210.4,154.04,0
1691551800000,0.731,0.733,0.731,0.733,1263.3,1691552699999,924.409,5,536.7,393.2644,0
1691552700000,0.733,0.734,0.732,0.734,4299.2,1691553599999,3153.6318,26,4050.0,2971.2174,0
1691553600000,0.733,0.737,0.733,0.736,67698.6,1691554499999,49839.4928,178,45319.5,33362.4264,0
1691554500000,0.736,0.736,0.734,0.734,11126.2,1691555399999,8185.1495,55,4830.7,3555.3084,0
1691555400000,0.735,0.735,0.735,0.735,12206.8,1691556299999,8971.998,32,6446.1,4737.8835,0
1691556300000,0.736,0.736,0.735,0.736,1536.5,1691557199999,1130.8492,7,1521.7,1119.9712,0
1691557200000,0.736,0.736,0.735,0.736,1598.2,1691558099999,1175.8181,10,1141.1,839.8496,0
1691558100000,0.735,0.737,0.735,0.736,6433.0,1691558999999,4737.1767,24,5624.2,4141.932,0
1691559000000,0.736,0.736,0.734,0.735,22258.9,1691559899999,16372.3696,55,106.0,77.9571,0
1691559900000,0.735,0.736,0.735,0.736,11775.1,1691560799999,8663.4236,50,10690.4,7866.1691,0
1691560800000,0.735,0.736,0.735,0.735,12322.0,1691561699999,9056.8599,43,3381.6,2485.6659,0
1691561700000,0.736,0.736,0.734,0.734,5070.9,1691562599999,3726.6812,29,338.8,249.1308,0
1691562600000,0.734,0.735,0.734,0.734,4948.0,1691563499999,3632.9526,34,1711.8,1257.5818,0
1691563500000,0.735,0.736,0.735,0.735,4533.1,1691564399999,3332.5689,20,4295.8,3158.1534,0
1691564400000,0.735,0.738,0.735,0.738,17475.5,1691565299999,12868.8516,51,14054.0,10350.4274,0
1691565300000,0.737,0.738,0.736,0.737,16517.6,1691566199999,12171.7566,54,6327.0,4663.0193,0
1691566200000,0.738,0.739,0.738,0.739,20659.4,1691567099999,15257.1564,69,16583.3,12248.7363,0
1691567100000,0.739,0.74,0.738,0.739,8406.6,1691567999999,6214.6241,46,4064.4,3006.3118,0
1691568000000,0.739,0.74,0.738,0.738,33407.3,1691568899999,24672.0071,107,18323.5,13536.4188,0
1691568900000,0.738,0.739,0.737,0.738,15291.4,1691569799999,11285.0517,58,3097.0,2285.6022,0
1691569800000,0.737,0.74,0.737,0.74,32905.1,1691570699999,24321.2037,108,28214.2,20854.7396,0
1691570700000,0.739,0.74,0.738,0.738,5319.5,1691571599999,3929.1341,26,745.9,551.9206,0
1691571600000,0.738,0.738,0.735,0.738,49351.8,1691572499999,36363.9053,172,12229.2,9017.6099,0
1691572500000,0.737,0.738,0.737,0.737,1282.4,1691573399999,945.2578,18,404.1,297.9507,0
1691573400000,0.736,0.737,0.736,0.737,3038.5,1691574299999,2239.0959,31,2436.4,1795.6268,0
1691574300000,0.737,0.737,0.736,0.736,14649.6,1691575199999,10786.1851,64,2854.5,2101.6469,0
1691575200000,0.736,0.738,0.736,0.738,16848.4,1691576099999,12415.6888,55,15382.5,11336.3822,0
1691576100000,0.738,0.738,0.737,0.737,5453.3,1691576999999,4024.4946,19,758.8,559.9944,0
1691577000000,0.738,0.738,0.735,0.738,27176.7,1691577899999,20013.4715,92,6570.1,4842.1225,0
1691577900000,0.738,0.74,0.738,0.739,31160.5,1691578799999,23024.4026,87,25091.3,18539.7448,0
1691578800000,0.74,0.741,0.739,0.739,8403.0,1691579699999,6218.0101,43,2209.0,1634.7077,0
1691579700000,0.739,0.739,0.738,0.739,10286.6,1691580599999,7596.4659,33,4156.1,3067.7182,0
1691580600000,0.738,0.742,0.737,0.741,210844.3,1691581499999,155928.5825,399,191401.0,141571.3471,0
1691581500000,0.741,0.743,0.74,0.743,30237.6,1691582399999,22437.887,106,18095.9,13434.1829,0
1691582400000,0.743,0.746,0.743,0.746,45713.8,1691583299999,34022.7647,193,24662.9,18359.2172,0
1691583300000,0.745,0.745,0.743,0.744,5254.7,1691584199999,3908.2067,39,102.9,76.5576,0
1691584200000,0.744,0.746,0.742,0.743,50705.9,1691585099999,37756.1562,169,10123.7,7537.0917,0
1691585100000,0.744,0.746,0.744,0.746,21791.5,1691585999999,16232.8031,99,9878.0,7358.9622,0
1691586000000,0.745,0.746,0.744,0.746,40676.6,1691586899999,30313.3463,196,13423.7,10009.7551,0
1691586900000,0.746,0.746,0.744,0.745,41991.6,1691587799999,31304.655,125,5542.2,4131.675,0
1691587800000,0.745,0.745,0.743,0.744,21742.6,1691588699999,16169.983,106,7986.8,5941.7337,0
1691588700000,0.744,0.744,0.741,0.742,15877.4,1691589599999,11794.4509,75,4979.3,3698.8272,0
1691589600000,0.741,0.742,0.739,0.74,22731.3,1691590499999,16840.6832,111,6666.7,4937.9605,0
1691590500000,0.74,0.742,0.74,0.741,15839.3,1691591399999,11733.6676,69,7675.1,5688.1926,0
1691591400000,0.741,0.743,0.741,0.741,8703.2,1691592299999,6458.1202,49,2858.5,2122.6386,0
1691592300000,0.741,0.742,0.736,0.737,41361.1,1691593199999,30536.8107,223,12434.9,9180.2175,0
1691593200000,0.736,0.738,0.734,0.736,64438.7,1691594099999,47457.1968,257,25440.0,18742.2784,0
1691594100000,0.736,0.74,0.736,0.739,25097.3,1691594999999,18528.0456,97,18751.5,13836.1848,0
1691595000000,0.739,0.74,0.737,0.74,32309.0,1691595899999,23868.6157,95,21677.2,16020.4639,0
1691595900000,0.74,0.74,0.738,0.738,3617.3,1691596799999,2673.0155,22,1240.3,917.491,0
1691596800000,0.738,0.739,0.737,0.738,11751.6,1691597699999,8670.5736,63,2384.7,1760.5266,0
1691597700000,0.739,0.74,0.738,0.738,5885.8,1691598599999,4345.5763,38,2155.7,1592.3725,0
1691598600000,0.738,0.739,0.736,0.737,19717.2,1691599499999,14551.3135,86,7455.5,5504.4313,0
1691599500000,0.737,0.739,0.736,0.737,43035.0,1691600399999,31732.4739,156,24974.3,18413.8787,0
1691600400000,0.737,0.739,0.737,0.738,12259.7,1691601299999,9047.044,58,9992.4,7374.3971,0
1691601300000,0.738,0.741,0.738,0.739,17339.6,1691602199999,12821.8851,52,10164.0,7515.8245,0
1691602200000,0.739,0.74,0.738,0.739,9759.9,1691603099999,7207.6167,51,6753.9,4988.4418,0
1691603100000,0.738,0.739,0.737,0.737,16846.4,1691603999999,12433.7869,53,6365.9,4699.2061,0
1691604000000,0.737,0.737,0.734,0.735,23724.7,1691604899999,17435.9711,112,7389.1,5431.1332,0
1691604900000,0.736,0.739,0.736,0.738,12140.8,1691605799999,8942.9237,57,8441.7,6220.2449,0
1691605800000,0.739,0.739,0.737,0.737,9425.4,1691606699999,6958.8372,38,2310.0,1706.3444,0
1691606700000,0.737,0.739,0.737,0.739,1911.2,1691607599999,1410.7722,13,1217.0,899.1468,0
1691607600000,0.739,0.74,0.738,0.738,10523.2,1691608499999,7772.1419,40,5586.1,4127.0498,0
1691608500000,0.738,0.74,0.738,0.74,7580.7,1691609399999,5604.0979,59,4561.3,3373.5472,0
1691609400000,0.74,0.74,0.737,0.738,18897.6,1691610299999,13949.7693,51,9044.9,6676.7667,0
1691610300000,0.737,0.738,0.736,0.736,21315.1,1691611199999,15704.0929,64,5802.6,4274.3829,0
1691611200000,0.736,0.737,0.735,0.736,8095.3,1691612099999,5958.3967,28,3415.3,2514.2563,0
1691612100000,0.737,0.738,0.736,0.738,9917.8,1691612999999,7301.7899,43,1261.7,930.665,0
1691613000000,0.738,0.739,0.737,0.738,16423.9,1691613899999,12125.6106,39,12756.7,9422.8572,0
1691613900000,0.739,0.74,0.739,0.74,1033.5,1691614799999,764.3241,7,567.6,420.024,0
1691614800000,0.74,0.74,0.732,0.733,49313.5,1691615699999,36209.7325,255,10486.0,7694.1547,0
1691615700000,0.733,0.736,0.732,0.736,23734.5,1691616599999,17427.0832,81,15086.6,11084.4779,0
1691616600000,0.736,0.738,0.736,0.737,25215.8,1691617499999,18586.9964,70,17046.4,12566.1622,0
1691617500000,0.738,0.739,0.738,0.739,23385.7,1691618399999,17279.06,86,21785.7,16098.26,0
1691618400000,0.739,0.74,0.738,0.74,17836.7,1691619299999,13194.2351,68,4943.4,3656.0139,0
1691619300000,0.74,0.74,0.738,0.738,5455.8,1691620199999,4034.1073,36,694.4,513.3847,0
1691620200000,0.738,0.739,0.738,0.739,4984.6,1691621099999,3679.8077,18,877.5,648.4725,0
1691621100000,0.74,0.741,0.74,0.741,12470.3,1691621999999,9239.287,54,7828.5,5800.5076,0
1691622000000,0.742,0.745,0.741,0.743,8708.8,1691622899999,6471.4781,74,5246.8,3902.0179,0
1691622900000,0.744,0.746,0.744,0.744,25981.7,1691623799999,19351.2908,82,19696.4,14673.18,0
1691623800000,0.744,0.744,0.744,0.744,0.0,1691624699999,0.0,0,0.0,0.0,0
1691624700000,0.744,0.744,0.743,0.743,13432.3,1691625599999,9985.9359,62,3563.0,2647.4137,0
1691625600000,0.744,0.746,0.743,0.745,19104.1,1691626499999,14231.8773,90,11236.4,8370.5638,0
1691626500000,0.745,0.746,0.744,0.744,5840.8,1691627399999,4355.6926,47,2692.5,2008.1698,0
1691627400000,0.745,0.745,0.743,0.743,10646.6,1691628299999,7919.6135,60,5730.5,4263.635,0
1691628300000,0.743,0.745,0.741,0.745,11633.7,1691629199999,8641.5097,51,7794.6,5791.9685,0
1691629200000,0.745,0.746,0.743,0.743,13639.7,1691630099999,10158.1499,69,3419.9,2547.7364,0
1691630100000,0.743,0.745,0.743,0.744,10098.6,1691630999999,7509.5992,49,6333.8,4709.8324,0
1691631000000,0.744,0.745,0.744,0.745,9644.3,1691631899999,7182.8902,41,3682.4,2743.388,0
1691631900000,0.745,0.746,0.743,0.743,10053.1,1691632799999,7474.2044,41,3204.2,2383.7647,0
1691632800000,0.744,0.744,0.743,0.743,97.5,1691633699999,72.4777,3,35.2,26.1888,0
1691633700000,0.744,0.744,0.742,0.743,7512.7,1691634599999,5580.4055,28,3438.0,2554.4608,0
1691634600000,0.743,0.743,0.742,0.742,7731.5,1691635499999,5744.4772,18,4064.1,3019.6263,0
1691635500000,0.743,0.744,0.74,0.74,25480.5,1691636399999,18886.7943,100,6157.0,4569.1092,0
1691636400000,0.74,0.741,0.737,0.739,32086.0,1691637299999,23677.3293,426,9025.5,6663.4981,0
1691637300000,0.738,0.739,0.738,0.739,51621.3,1691638199999,38143.493,57,11016.1,8138.7464,0
1691638200000,0.738,0.74,0.738,0.74,14028.9,1691639099999,10366.874,30,10621.5,7850.0544,0
1691639100000,0.74,0.741,0.739,0.74,10454.3,1691639999999,7737.3983,49,8950.3,6624.4564,0
1691640000000,0.74,0.741,0.739,0.739,8015.4,1691640899999,5928.2754,34,3929.7,2908.0149,0
1691640900000,0.74,0.74,0.739,0.739,48881.8,1691641799999,36128.4433,108,11584.8,8564.6121,0
1691641800000,0.738,0.739,0.738,0.739,1645.7,1691642699999,1216.1578,18,734.2,542.5738,0
1691642700000,0.739,0.739,0.738,0.738,10890.0,1691643599999,8045.0896,44,3158.3,2333.9837,0
1691643600000,0.739,0.739,0.737,0.737,6899.5,1691644499999,5088.1341,35,2821.0,2079.1316,0
1691644500000,0.736,0.737,0.736,0.737,290.3,1691645399999,213.8658,5,205.0,151.085,0
1691645400000,0.736,0.738,0.736,0.736,9373.9,1691646299999,6902.7541,52,6113.2,4501.9537,0
1691646300000,0.736,0.74,0.736,0.738,15516.4,1691647199999,11451.8541,80,7774.5,5741.1246,0
1691647200000,0.738,0.738,0.735,0.736,24856.1,1691648099999,18292.6316,78,3413.6,2512.7832,0
1691648100000,0.736,0.736,0.733,0.735,29471.4,1691648999999,21623.618,116,3543.3,2601.8145,0
1691649000000,0.734,0.735,0.733,0.734,12085.1,1691649899999,8871.0875,39,1486.9,1092.0252,0
1691649900000,0.733,0.734,0.733,0.733,30151.0,1691650799999,22108.1247,99,7733.7,5676.2438,0
1691650800000,0.733,0.735,0.733,0.734,6641.9,1691651699999,4875.0814,20,6499.7,4770.807,0
1691651700000,0.735,0.736,0.735,0.735,5110.7,1691652599999,3756.5969,17,4150.5,3050.8499,0
1691652600000,0.736,0.736,0.734,0.734,4004.8,1691653499999,2942.9649,22,13.5,9.936,0
1691653500000,0.734,0.734,0.734,0.734,461.7,1691654399999,338.8878,4,0.0,0.0,0
1691654400000,0.734,0.736,0.734,0.735,16113.3,1691655299999,11844.1022,54,4458.6,3277.9185,0
1691655300000,0.735,0.735,0.734,0.735,7750.0,1691656199999,5696.1049,23,7604.9,5589.6015,0
1691656200000,0.735,0.736,0.735,0.735,6719.1,1691657099999,4940.226,16,6194.9,4554.939,0
1691657100000,0.735,0.736,0.735,0.736,4855.4,1691657999999,3569.619,22,2251.4,1655.679,0
1691658000000,0.736,0.736,0.735,0.736,5292.7,1691658899999,3890.4246,16,290.1,213.5136,0
1691658900000,0.735,0.736,0.734,0.734,19957.6,1691659799999,14663.4996,82,1145.2,842.208,0
1691659800000,0.734,0.736,0.734,0.735,9318.1,1691660699999,6848.6879,61,5321.8,3914.9793,0
1691660700000,0.735,0.736,0.735,0.735,13455.7,1691661599999,9890.4966,74,557.1,410.0256,0
1691661600000,0.735,0.736,0.734,0.735,20693.7,1691662499999,15211.1844,92,14921.8,10971.2894,0
1691662500000,0.735,0.736,0.735,0.735,5017.1,1691663399999,3689.5127,46,1944.2,1430.9312,0
1691663400000,0.735,0.735,0.735,0.735,6892.2,1691664299999,5065.767,34,0.0,0.0,0
1691664300000,0.735,0.736,0.735,0.735,13027.2,1691665199999,9585.6894,51,10697.4,7873.2864,0
1691665200000,0.736,0.737,0.735,0.735,11122.0,1691666099999,8184.5478,60,2273.2,1674.3417,0
1691666100000,0.735,0.735,0.734,0.734,7610.1,1691666999999,5592.3624,47,43.0,31.605,0
1691667000000,0.734,0.734,0.733,0.734,5957.2,1691667899999,4372.3995,27,686.0,503.524,0
1691667900000,0.733,0.734,0.733,0.734,811.7,1691668799999,595.2467,8,270.6,198.6204,0
1691668800000,0.734,0.736,0.734,0.735,20441.4,1691669699999,15025.8387,70,16098.2,11833.7775,0
1691669700000,0.735,0.736,0.734,0.736,23146.0,1691670599999,17023.2478,86,11584.3,8522.2171,0
1691670600000,0.736,0.74,0.734,0.736,42953.0,1691671499999,31654.1536,278,16840.6,12402.0342,0
1691671500000,0.736,0.738,0.735,0.737,6854.1,1691672399999,5049.5183,39,5048.1,3718.5955,0
1691672400000,0.737,0.737,0.736,0.736,3234.0,1691673299999,2383.2451,24,1323.6,975.4932,0
1691673300000,0.737,0.738,0.736,0.736,31448.9,1691674199999,23173.442,68,14897.9,10983.7735,0
1691674200000,0.737,0.738,0.736,0.737,43473.4,1691675099999,32044.0764,114,6248.2,4606.8017,0
1691675100000,0.737,0.739,0.737,0.738,8346.0,1691675999999,6160.4337,47,1790.4,1322.7551,0
1691676000000,0.739,0.741,0.736,0.736,19637.4,1691676899999,14512.2986,144,9882.6,7305.1245,0
1691676900000,0.736,0.737,0.734,0.734,17216.9,1691677799999,12661.6496,99,3174.3,2334.4199,0
1691677800000,0.735,0.736,0.732,0.732,42212.0,1691678699999,30936.4633,217,24544.5,17994.874,0
1691678700000,0.732,0.735,0.732,0.734,29350.0,1691679599999,21526.3986,107,22824.2,16738.9944,0
1691679600000,0.734,0.735,0.733,0.733,28912.7,1691680499999,21222.055,75,12900.9,9469.4238,0
1691680500000,0.734,0.734,0.733,0.733,2426.4,1691681399999,1778.9258,26,608.8,446.625,0
1691681400000,0.733,0.735,0.733,0.734,16262.3,1691682299999,11936.4012,71,8023.7,5889.4602,0
1691682300000,0.733,0.735,0.733,0.734,7427.6,1691683199999,5450.7946,16,6226.0,4569.9114,0
1691683200000,0.734,0.738,0.733,0.735,166743.4,1691684099999,122746.3373,296,137545.1,101299.8532,0
1691684100000,0.735,0.735,0.734,0.735,18219.5,1691684999999,13384.5327,67,6163.8,4530.393,0
1691685000000,0.736,0.736,0.736,0.736,1913.7,1691685899999,1408.4832,14,1856.7,1366.5312,0
1691685900000,0.737,0.738,0.735,0.735,18726.3,1691686799999,13784.0859,56,6801.1,5012.4144,0
1691686800000,0.735,0.736,0.735,0.735,13596.9,1691687699999,10006.3338,53,9073.6,6678.1696,0
1691687700000,0.736,0.736,0.734,0.736,32903.5,1691688599999,24196.5677,69,14645.6,10777.1565,0
1691688600000,0.735,0.737,0.735,0.735,16221.1,1691689499999,11934.4186,55,8101.2,5962.2054,0
1691689500000,0.735,0.737,0.735,0.737,10653.1,1691690399999,7845.8546,41,6989.9,5148.858,0
1691690400000,0.736,0.74,0.736,0.74,12571.8,1691691299999,9279.6182,108,8497.4,6275.0436,0
1691691300000,0.739,0.739,0.738,0.738,16609.1,1691692199999,12260.1166,57,300.0,221.7,0
1691692200000,0.739,0.739,0.738,0.738,850.2,1691693099999,628.2338,10,786.2,581.0018,0
1691693100000,0.739,0.739,0.738,0.738,5463.9,1691693999999,4037.6573,29,5052.6,3733.8714,0
1691694000000,0.739,0.74,0.739,0.739,2764.8,1691694899999,2043.3646,31,2567.8,1897.7816,0
1691694900000,0.739,0.74,0.739,0.739,382.5,1691695799999,282.6974,7,29.9,22.126,0
1691695800000,0.739,0.739,0.738,0.739,16078.1,1691696699999,11871.0439,51,67.3,49.7347,0
1691696700000,0.739,0.74,0.739,0.74,9684.7,1691697599999,7162.7545,26,9684.7,7162.7545,0
1691697600000,0.74,0.74,0.739,0.739,5870.2,1691698499999,4343.5562,36,5478.4,4054.016,0
1691698500000,0.74,0.741,0.74,0.741,10014.1,1691699399999,7412.6797,33,9995.9,7399.2117,0
1691699400000,0.741,0.741,0.74,0.741,1275.8,1691700299999,944.546,18,454.0,336.414,0
1691700300000,0.74,0.742,0.74,0.74,23740.0,1691701199999,17590.4641,85,10462.9,7754.5059,0
1691701200000,0.74,0.741,0.74,0.741,3792.2,1691702099999,2807.7025,22,3517.4,2604.3505,0
1691702100000,0.74,0.742,0.74,0.742,10784.5,1691702999999,7988.693,40,8032.6,5952.287,0
1691703000000,0.741,0.742,0.741,0.741,6278.3,1691703899999,4656.5723,26,2746.3,2037.7546,0
1691703900000,0.742,0.742,0.74,0.74,5140.1,1691704799999,3807.9868,25,99.5,73.7968,0
1691704800000,0.741,0.742,0.741,0.741,4543.9,1691705699999,3367.0972,18,4476.7,3317.302,0
1691705700000,0.742,0.742,0.741,0.742,5205.1,1691706599999,3862.1296,23,5077.5,3767.505,0
1691706600000,0.743,0.743,0.742,0.742,504.3,1691707499999,374.2797,17,89.1,66.2013,0
1691707500000,0.742,0.743,0.741,0.741,11583.1,1691708399999,8593.9909,40,123.8,91.875,0
1691708400000,0.74,0.741,0.739,0.74,37548.8,1691709299999,27753.0633,84,394.4,291.8698,0
1691709300000,0.739,0.74,0.739,0.74,2343.4,1691710199999,1734.0843,15,2175.4,1609.796,0
1691710200000,0.74,0.741,0.74,0.741,10086.0,1691711099999,7472.7414,41,8769.1,6497.9031,0
1691711100000,0.741,0.741,0.74,0.741,2986.8,1691711999999,2213.1928,13,2149.2,1592.5572,0
1691712000000,0.741,0.741,0.74,0.74,6778.2,1691712899999,5015.9577,31,400.2,296.2377,0
1691712900000,0.74,0.742,0.74,0.742,4579.5,1691713799999,3393.6369,15,4419.3,3275.0064,0
1691713800000,0.742,0.742,0.741,0.741,15298.0,1691714699999,11337.2467,66,6621.8,4908.1825,0
1691714700000,0.741,0.742,0.741,0.742,5518.7,1691715599999,4094.8221,27,5465.4,4055.3268,0
1691715600000,0.743,0.743,0.74,0.74,7399.5,1691716499999,5486.2756,31,1026.0,761.1711,0
1691716500000,0.742,0.742,0.741,0.741,11950.6,1691717399999,8855.9992,38,1867.2,1384.1998,0
1691717400000,0.741,0.741,0.741,0.741,6524.2,1691718299999,4834.4322,35,4774.6,3537.9786,0
1691718300000,0.741,0.743,0.741,0.742,11134.3,1691719199999,8257.7131,39,8575.8,6361.4356,0
1691719200000,0.742,0.743,0.741,0.742,8739.4,1691720099999,6489.0184,40,1405.8,1043.9927,0
1691720100000,0.742,0.742,0.742,0.742,8946.1,1691720999999,6638.0062,24,8946.1,6638.0062,0
1691721000000,0.742,0.742,0.741,0.741,5353.8,1691721899999,3971.8148,34,1335.9,990.8961,0
1691721900000,0.74,0.74,0.737,0.739,15949.6,1691722799999,11780.0715,71,6046.7,4462.7361,0
1691722800000,0.739,0.74,0.737,0.74,38692.6,1691723699999,28622.6823,76,11529.2,8527.8398,0
1691723700000,0.74,0.74,0.739,0.74,6838.2,1691724599999,5055.9172,21,108.8,80.512,0
1691724600000,0.74,0.741,0.74,0.74,6998.4,1691725499999,5178.856,21,6919.6,5120.544,0
1691725500000,0.74,0.741,0.739,0.741,8348.8,1691726399999,6177.6854,21,852.6,631.2974,0
1691726400000,0.741,0.742,0.74,0.742,4097.1,1691727299999,3035.9509,19,4010.2,2971.5853,0
1691727300000,0.741,0.743,0.741,0.743,5239.4,1691728199999,3887.2517,19,4287.4,3181.2739,0
1691728200000,0.742,0.743,0.742,0.742,715.7,1691729099999,531.1196,6,70.2,52.1586,0
1691729100000,0.743,0.743,0.742,0.742,20150.8,1691729999999,14952.2702,34,376.6,279.8138,0
1691730000000,0.743,0.743,0.74,0.741,4054.7,1691730899999,3006.5304,24,578.2,428.9964,0
1691730900000,0.741,0.741,0.741,0.741,5371.7,1691731799999,3980.4297,29,4306.5,3191.1165,0
1691731800000,0.741,0.742,0.741,0.742,314.2,1691732699999,232.9231,6,100.9,74.8678,0
1691732700000,0.742,0.742,0.742,0.742,1238.5,1691733599999,918.967,11,1165.8,865.0236,0
1691733600000,0.743,0.744,0.742,0.743,3340.0,1691734499999,2481.7452,35,2166.3,1609.7272,0
1691734500000,0.743,0.743,0.742,0.743,1824.6,1691735399999,1355.0153,11,596.8,443.4224,0
1691735400000,0.743,0.743,0.742,0.743,16335.0,1691736299999,12126.3245,32,4318.1,3208.3483,0
1691736300000,0.743,0.744,0.743,0.744,4334.7,1691737199999,3222.8456,23,4334.7,3222.8456,0
1691737200000,0.743,0.744,0.743,0.743,12725.5,1691738099999,9455.1586,57,7642.7,5678.6382,0
1691738100000,0.743,0.743,0.742,0.742,10426.2,1691738999999,7742.9536,25,201.9,150.0117,0
1691739000000,0.742,0.742,0.741,0.741,635.3,1691739899999,470.8265,6,0.0,0.0,0
1691739900000,0.741,0.743,0.74,0.74,49713.2,1691740799999,36862.1341,115,19528.5,14498.3662,0
1691740800000,0.741,0.741,0.74,0.74,4622.3,1691741699999,3421.866,22,1953.1,1446.658,0
1691741700000,0.74,0.74,0.739,0.739,2343.6,1691742599999,1734.1527,14,0.0,0.0,0
1691742600000,0.739,0.74,0.739,0.739,1970.5,1691743499999,1456.5035,9,304.0,224.96,0
1691743500000,0.739,0.739,0.738,0.738,2475.0,1691744399999,1828.221,16,0.0,0.0,0
1691744400000,0.739,0.74,0.739,0.739,2596.3,1691745299999,1918.7087,11,378.4,279.6806,0
1691745300000,0.739,0.739,0.738,0.738,2136.4,1691746199999,1578.6975,21,188.5,139.3015,0
1691746200000,0.739,0.74,0.739,0.739,6768.1,1691747099999,5003.1464,40,4503.8,3329.8287,0
1691747100000,0.739,0.74,0.739,0.739,11254.2,1691747999999,8316.9977,23,143.9,106.486,0
1691748000000,0.74,0.74,0.739,0.74,5386.3,1691748899999,3984.8219,45,2628.9,1945.386,0
1691748900000,0.74,0.742,0.74,0.741,1699.5,1691749799999,1259.444,15,1456.9,1079.6774,0
1691749800000,0.741,0.741,0.74,0.741,6421.6,1691750699999,4756.6534,20,80.7,59.7987,0
1691750700000,0.741,0.741,0.74,0.74,936.7,1691751599999,693.6967,7,538.7,399.1767,0
1691751600000,0.741,0.742,0.741,0.741,11065.6,1691752499999,8200.4503,34,8509.7,6306.5284,0
1691752500000,0.74,0.74,0.74,0.74,272.9,1691753399999,201.946,4,0.0,0.0,0
1691753400000,0.741,0.741,0.741,0.741,7294.7,1691754299999,5405.3727,21,5431.0,4024.371,0
1691754300000,0.741,0.743,0.741,0.743,2254.8,1691755199999,1673.6485,29,1086.5,806.7849,0
1691755200000,0.742,0.744,0.742,0.743,4665.5,1691756099999,3466.4993,48,2472.2,1837.0216,0
1691756100000,0.744,0.744,0.743,0.743,6696.8,1691756999999,4975.7724,19,50.0,37.2,0
1691757000000,0.743,0.743,0.741,0.743,13181.4,1691757899999,9784.4298,66,5852.9,4345.0908,0
1691757900000,0.743,0.743,0.741,0.742,2516.8,1691758799999,1867.5072,33,256.2,190.2209,0
1691758800000,0.742,0.743,0.742,0.742,4626.7,1691759699999,3433.7427,29,1413.7,1049.6967,0
1691759700000,0.743,0.743,0.742,0.742,564.8,1691760599999,419.4031,6,321.5,238.8745,0
1691760600000,0.742,0.743,0.742,0.743,1501.7,1691761499999,1114.4113,14,149.9,111.3757,0
1691761500000,0.743,0.744,0.743,0.743,9234.9,1691762399999,6866.8965,49,5712.7,4247.8772,0
1691762400000,0.744,0.746,0.743,0.744,27507.5,1691763299999,20478.5083,92,11123.5,8284.3194,0
1691763300000,0.744,0.745,0.742,0.742,60494.6,1691764199999,44970.6666,153,8391.5,6244.4324,0
1691764200000,0.743,0.743,0.742,0.742,11445.9,1691765099999,8493.0201,40,5576.8,4138.1479,0
1691765100000,0.743,0.743,0.742,0.742,9954.7,1691765999999,7395.9053,53,7015.5,5212.5165,0
1691766000000,0.743,0.744,0.74,0.741,28040.0,1691766899999,20800.2818,115,7094.3,5265.128,0
1691766900000,0.74,0.741,0.739,0.741,19617.8,1691767799999,14517.611,59,14278.9,10567.186,0
1691767800000,0.74,0.741,0.739,0.74,11699.4,1691768699999,8657.9041,30,7749.7,5735.146,0
1691768700000,0.74,0.741,0.739,0.739,6146.6,1691769599999,4548.6095,20,478.0,354.148,0
1691769600000,0.739,0.744,0.738,0.744,141486.8,1691770499999,105025.6492,337,109804.1,81511.8557,0
1691770500000,0.744,0.745,0.739,0.739,281258.2,1691771399999,208610.0513,422,10981.6,8150.803,0
1691771400000,0.739,0.739,0.734,0.736,37520.6,1691772299999,27604.6516,133,18424.9,13548.1019,0
1691772300000,0.736,0.738,0.736,0.738,31043.6,1691773199999,22867.063,97,17751.9,13072.467,0
1691773200000,0.738,0.738,0.734,0.734,149617.0,1691774099999,109944.6921,196,11956.5,8796.3037,0
1691774100000,0.734,0.737,0.734,0.737,3764.1,1691774999999,2769.0867,35,3293.0,2423.2645,0
1691775000000,0.737,0.737,0.736,0.736,17465.1,1691775899999,12858.7957,60,4682.2,3450.5813,0
1691775900000,0.735,0.737,0.735,0.737,2407.1,1691776799999,1771.6322,20,2386.6,1756.5647,0
1691776800000,0.736,0.737,0.735,0.736,7987.7,1691777699999,5879.9532,37,1872.1,1378.9101,0
1691777700000,0.737,0.738,0.736,0.737,8864.4,1691778599999,6529.1184,37,1564.8,1153.7691,0
1691778600000,0.737,0.738,0.736,0.737,5409.2,1691779499999,3986.8665,31,3776.9,2783.897,0
1691779500000,0.737,0.738,0.737,0.738,3124.9,1691780399999,2304.97,25,3068.6,2263.4769,0
1691780400000,0.737,0.738,0.737,0.738,10100.9,1691781299999,7444.6232,35,7814.7,5759.6938,0
1691781300000,0.737,0.737,0.736,0.737,16256.1,1691782199999,11980.6354,38,3505.3,2583.4061,0
1691782200000,0.737,0.738,0.737,0.737,10484.4,1691783099999,7728.5741,26,5537.9,4083.0036,0
1691783100000,0.738,0.738,0.737,0.737,2723.6,1691783999999,2007.388,10,94.8,69.9624,0
1691784000000,0.737,0.738,0.737,0.738,1464.5,1691784899999,1080.7417,9,1405.2,1037.0376,0
1691784900000,0.737,0.738,0.737,0.737,9501.6,1691785799999,7011.3974,24,8718.2,6434.0316,0
1691785800000,0.737,0.737,0.736,0.737,17608.3,1691786699999,12977.2796,46,6304.5,4646.4165,0
1691786700000,0.737,0.739,0.737,0.739,6013.9,1691787599999,4433.4241,50,5840.2,4305.4072,0
1691787600000,0.738,0.741,0.738,0.741,44324.0,1691788499999,32796.691,185,18156.4,13435.4654,0
1691788500000,0.741,0.743,0.74,0.743,7945.4,1691789399999,5891.5629,101,5658.0,4195.3413,0
1691789400000,0.743,0.743,0.741,0.743,23905.1,1691790299999,17730.1388,143,12045.8,8939.6697,0
1691790300000,0.742,0.744,0.742,0.744,6704.6,1691791199999,4982.7802,104,6566.0,4879.8916,0
1691791200000,0.744,0.745,0.743,0.745,3356.8,1691792099999,2499.0043,91,3145.5,2341.8133,0
1691792100000,0.745,0.749,0.745,0.749,52435.1,1691792999999,39117.0334,273,44197.3,32969.3575,0
1691793000000,0.748,0.749,0.744,0.749,61334.1,1691793899999,45809.5141,331,32014.5,23930.5441,0
1691793900000,0.749,0.75,0.747,0.749,59811.3,1691794799999,44761.3738,249,26832.3,20094.564,0
1691794800000,0.749,0.75,0.748,0.749,25911.0,1691795699999,19405.6376,244,18659.5,13978.4641,0
1691795700000,0.749,0.749,0.747,0.749,40522.2,1691796599999,30308.2521,247,20121.6,15057.3306,0
1691796600000,0.749,0.749,0.748,0.748,11500.7,1691797499999,8608.9845,178,10295.9,7707.7941,0
1691797500000,0.748,0.749,0.748,0.749,27360.5,1691798399999,20480.0604,221,27333.7,20460.014,0
1691798400000,0.749,0.749,0.746,0.748,21581.6,1691799299999,16140.8183,229,13920.2,10413.953,0
1691799300000,0.748,0.75,0.747,0.75,19602.1,1691800199999,14673.423,232,15847.7,11864.9085,0
1691800200000,0.75,0.751,0.749,0.751,25136.3,1691801099999,18850.2041,247,13421.6,10066.2551,0
1691801100000,0.751,0.752,0.75,0.752,20451.7,1691801999999,15366.9221,235,14531.1,10920.7693,0
1691802000000,0.752,0.753,0.75,0.753,38612.9,1691802899999,29020.0683,276,19158.8,14408.8602,0
1691802900000,0.753,0.754,0.752,0.754,36716.4,1691803799999,27629.2841,264,19073.9,14359.93,0
1691803800000,0.754,0.754,0.752,0.754,25546.9,1691804699999,19253.4453,247,19200.9,14475.2136,0
1691804700000,0.754,0.757,0.754,0.756,43878.1,1691805599999,33156.5713,351,34563.3,26120.5457,0
1691805600000,0.756,0.757,0.754,0.757,22053.6,1691806499999,16659.6767,254,17536.9,13251.3124,0
1691806500000,0.757,0.759,0.756,0.758,62024.2,1691807399999,46994.5298,404,45035.5,34132.1974,0
1691807400000,0.758,0.759,0.757,0.759,33490.0,1691808299999,25379.296,230,25459.2,19299.9804,0
1691808300000,0.758,0.759,0.755,0.756,29931.1,1691809199999,22654.9607,250,16021.5,12131.1061,0
1691809200000,0.755,0.756,0.754,0.755,9610.8,1691810099999,7255.8869,170,7773.5,5869.0599,0
1691810100000,0.755,0.755,0.752,0.752,31273.7,1691810999999,23545.9574,201,8725.3,6573.7136,0
1691811000000,0.752,0.752,0.75,0.751,21403.2,1691811899999,16074.5466,205,13987.0,10505.4797,0
1691811900000,0.751,0.754,0.75,0.754,48965.3,1691812799999,36843.475,236,46970.9,35347.4142,0
1691812800000,0.754,0.757,0.751,0.755,185749.5,1691813699999,140040.9577,648,100983.8,76239.763,0
1691813700000,0.754,0.755,0.753,0.754,28857.9,1691814599999,21768.9153,213,17397.0,13125.7752,0
1691814600000,0.754,0.754,0.753,0.754,14356.0,1691815499999,10824.0061,146,13938.1,10509.3274,0
1691815500000,0.754,0.754,0.752,0.753,17417.4,1691816399999,13121.7008,155,7752.1,5844.0103,0
1691816400000,0.753,0.753,0.752,0.753,7902.4,1691817299999,5949.9499,156,7345.1,5530.8603,0
1691817300000,0.753,0.753,0.752,0.753,21737.6,1691818199999,16353.6681,176,14312.7,10770.1433,0
1691818200000,0.753,0.755,0.752,0.755,17657.5,1691819099999,13306.2484,189,14941.0,11263.0654,0
1691819100000,0.755,0.755,0.754,0.755,9222.4,1691819999999,6961.8734,173,8183.8,6178.769,0
1691820000000,0.755,0.756,0.753,0.755,20081.1,1691820899999,15150.3858,215,11036.1,8329.7155,0
1691820900000,0.755,0.755,0.754,0.755,5869.7,1691821799999,4431.5856,126,5831.8,4403.009,0
1691821800000,0.755,0.755,0.754,0.754,15108.0,1691822699999,11396.0135,151,7457.6,5627.6119,0
1691822700000,0.754,0.754,0.752,0.754,37171.4,1691823599999,27992.7231,186,23423.2,17640.9293,0
1691823600000,0.754,0.754,0.753,0.754,6580.9,1691824499999,4960.1776,114,4759.9,3588.9646,0
1691824500000,0.754,0.754,0.751,0.752,9970.0,1691825399999,7504.1884,119,4465.2,3362.3543,0
1691825400000,0.752,0.754,0.751,0.753,9851.3,1691826299999,7411.7601,128,8922.1,6713.8405,0
1691826300000,0.754,0.755,0.753,0.754,13244.1,1691827199999,9987.2566,144,9125.7,6882.6309,0
1691827200000,0.753,0.756,0.752,0.755,36257.1,1691828099999,27353.4898,261,22398.3,16901.8809,0
1691828100000,0.755,0.755,0.754,0.755,5073.5,1691828999999,3830.2247,101,4805.7,3628.3035,0
1691829000000,0.754,0.756,0.754,0.756,7827.0,1691829899999,5909.1373,113,7326.2,5531.5341,0
1691829900000,0.756,0.756,0.753,0.755,7667.8,1691830799999,5787.2565,126,6609.3,4988.8477,0
1691830800000,0.755,0.756,0.754,0.756,10254.1,1691831699999,7741.9967,157,9340.2,7052.3683,0
1691831700000,0.756,0.756,0.754,0.755,6464.6,1691832599999,4882.3043,104,4715.1,3561.6153,0
1691832600000,0.755,0.756,0.754,0.755,11089.2,1691833499999,8372.4766,154,9099.6,6870.8297,0
1691833500000,0.755,0.755,0.754,0.755,4936.9,1691834399999,3727.2662,102,4843.6,3656.918,0
1691834400000,0.754,0.755,0.749,0.751,132285.5,1691835299999,99444.5459,452,26938.7,20273.2101,0
1691835300000,0.751,0.752,0.75,0.751,33775.5,1691836199999,25364.8365,172,11012.0,8271.8205,0
1691836200000,0.751,0.752,0.751,0.751,16337.6,1691837099999,12274.7201,122,6391.3,4805.0488,0
1691837100000,0.752,0.753,0.751,0.753,9310.9,1691837999999,7001.5752,128,8810.9,6626.0752,0
1691838000000,0.752,0.753,0.751,0.753,17493.6,1691838899999,13152.7255,163,8760.7,6591.7195,0
1691838900000,0.753,0.753,0.752,0.753,9740.7,1691839799999,7332.2405,151,9147.1,6885.8533,0
1691839800000,0.753,0.754,0.752,0.754,9644.5,1691840699999,7264.5373,174,8049.2,6063.6455,0
1691840700000,0.754,0.755,0.752,0.753,29926.8,1691841599999,22555.3688,191,11958.0,9022.3959,0
1691841600000,0.753,0.755,0.753,0.755,12811.0,1691842499999,9660.7281,168,11940.3,9004.4887,0
1691842500000,0.755,0.755,0.753,0.754,8651.5,1691843399999,6527.2287,147,7420.6,5599.221,0
1691843400000,0.754,0.755,0.753,0.754,12222.1,1691844299999,9216.7479,161,10077.9,7600.0926,0
1691844300000,0.754,0.755,0.753,0.755,12242.4,1691845199999,9235.394,119,11680.0,8811.5292,0
1691845200000,0.755,0.755,0.753,0.754,10841.4,1691846099999,8178.2113,133,6123.6,4621.0167,0
1691846100000,0.754,0.754,0.751,0.752,12049.9,1691846999999,9067.4416,152,4781.2,3601.2153,0
1691847000000,0.752,0.752,0.749,0.751,19922.3,1691847899999,14955.1014,223,8510.9,6391.6543,0
1691847900000,0.751,0.752,0.749,0.75,82488.2,1691848799999,61903.7425,278,77234.5,57963.9803,0
1691848800000,0.75,0.752,0.749,0.751,13274.9,1691849699999,9966.3363,165,8936.9,6710.8784,0
1691849700000,0.751,0.753,0.75,0.753,18107.3,1691850599999,13608.167,191,15594.6,11721.0455,0
1691850600000,0.753,0.753,0.752,0.753,6896.0,1691851499999,5191.7271,114,5935.1,4469.1303,0
1691851500000,0.753,0.753,0.751,0.753,12166.4,1691852399999,9151.9986,163,8073.5,6074.4865,0
1691852400000,0.753,0.753,0.751,0.752,15362.7,1691853299999,11560.1439,185,10839.8,8159.7584,0
1691853300000,0.753,0.757,0.752,0.752,70848.2,1691854199999,53454.6374,373,63865.9,48189.1612,0
1691854200000,0.753,0.753,0.75,0.75,9110.4,1691855099999,6842.6146,98,1280.0,962.6096,0
1691855100000,0.75,0.75,0.748,0.748,12866.1,1691855999999,9632.9775,109,2648.5,1984.8009,0
1691856000000,0.748,0.749,0.748,0.748,6220.8,1691856899999,4656.2388,66,1694.4,1269.1056,0
1691856900000,0.748,0.749,0.747,0.747,22887.9,1691857799999,17123.5889,84,11612.6,8697.4273,0
1691857800000,0.747,0.748,0.746,0.747,6966.2,1691858699999,5204.2111,88,1265.0,945.4896,0
1691858700000,0.748,0.748,0.746,0.746,4934.2,1691859599999,3682.6882,51,876.0,654.4388,0
1691859600000,0.746,0.747,0.744,0.745,31584.6,1691860499999,23552.1651,162,14762.8,11010.923,0
1691860500000,0.744,0.745,0.744,0.744,11687.6,1691861399999,8695.7638,71,189.4,141.103,0
1691861400000,0.744,0.744,0.743,0.743,14143.5,1691862299999,10513.766,108,1633.8,1215.5472,0
1691862300000,0.743,0.744,0.743,0.743,4208.1,1691863199999,3127.0699,54,451.6,335.9904,0
1691863200000,0.743,0.746,0.743,0.744,33698.8,1691864099999,25109.7898,152,24473.7,18239.7507,0
1691864100000,0.744,0.745,0.744,0.744,4596.8,1691864999999,3420.0851,68,65.9,49.0955,0
1691865000000,0.744,0.745,0.743,0.743,22622.8,1691865899999,16829.3505,126,8483.8,6311.969,0
1691865900000,0.743,0.744,0.743,0.743,5797.2,1691866799999,4307.618,80,298.4,222.0096,0
1691866800000,0.743,0.744,0.742,0.742,15636.8,1691867699999,11616.3596,136,3650.7,2712.7048,0
1691867700000,0.742,0.742,0.74,0.74,12873.7,1691868599999,9542.6238,115,855.6,634.1136,0
1691868600000,0.74,0.741,0.74,0.74,5549.7,1691869499999,4108.0637,72,1285.7,952.7037,0
1691869500000,0.74,0.74,0.738,0.738,21805.7,1691870399999,16102.7759,139,2684.8,1984.3276,0
1691870400000,0.738,0.739,0.737,0.737,33235.6,1691871299999,24507.5417,164,10008.9,7387.7545,0
1691871300000,0.737,0.738,0.737,0.737,3900.4,1691872199999,2876.0109,42,1416.1,1045.0818,0
1691872200000,0.737,0.738,0.736,0.736,15415.1,1691873099999,11359.1236,102,5107.0,3764.0921,0
1691873100000,0.736,0.736,0.733,0.733,44816.9,1691873999999,32936.7772,213,13484.2,9911.9806,0
1691874000000,0.733,0.733,0.731,0.733,35018.8,1691874899999,25649.6736,168,11020.0,8076.612,0
1691874900000,0.733,0.735,0.732,0.733,20870.1,1691875799999,15307.0694,138,10361.1,7599.9892,0
1691875800000,0.733,0.734,0.733,0.733,4183.8,1691876699999,3067.4567,44,731.3,536.7742,0
1691876700000,0.733,0.736,0.733,0.734,13892.1,1691877599999,10204.774,87,9638.5,7082.8082,0
1691877600000,0.734,0.736,0.734,0.735,9666.0,1691878499999,7103.8423,70,4197.9,3086.453,0
1691878500000,0.735,0.736,0.735,0.735,20357.5,1691879399999,14966.984,90,4221.5,3107.024,0
1691879400000,0.735,0.736,0.735,0.736,14257.6,1691880299999,10483.3744,86,3799.1,2796.1376,0
1691880300000,0.736,0.737,0.735,0.736,19671.9,1691881199999,14475.6339,83,10263.0,7553.7036,0
1691881200000,0.735,0.735,0.732,0.733,58540.0,1691882099999,42935.2542,222,17383.6,12743.5638,0
1691882100000,0.733,0.735,0.732,0.734,115237.3,1691882999999,84568.0338,228,102258.6,75057.7956,0
1691883000000,0.735,0.735,0.733,0.733,7143.7,1691883899999,5241.9297,82,1626.3,1193.7463,0
1691883900000,0.733,0.735,0.733,0.733,26073.0,1691884799999,19142.23,100,11646.9,8554.2657,0
1691884800000,0.734,0.735,0.733,0.734,34752.1,1691885699999,25511.1356,132,12965.2,9519.89,0
1691885700000,0.733,0.734,0.731,0.731,24702.7,1691886599999,18090.6122,79,8879.8,6501.1989,0
1691886600000,0.732,0.734,0.732,0.734,5688.8,1691887499999,4168.7186,42,5367.7,3933.3465,0
1691887500000,0.735,0.736,0.734,0.736,13893.8,1691888399999,10221.3468,85,13240.2,9741.0499,0
1691888400000,0.737,0.738,0.736,0.737,24520.9,1691889299999,18071.8907,62,10466.7,7713.9782,0
1691889300000,0.736,0.738,0.736,0.737,33305.6,1691890199999,24530.3538,88,23405.5,17243.4483,0
1691890200000,0.737,0.74,0.737,0.74,65671.5,1691891099999,48456.5396,197,16670.4,12313.0344,0
1691891100000,0.739,0.742,0.738,0.741,13033.2,1691891999999,9652.6911,109,7265.3,5380.9305,0
1691892000000,0.742,0.742,0.74,0.741,18764.6,1691892899999,13901.5664,62,4629.3,3430.7248,0
1691892900000,0.741,0.741,0.74,0.741,8937.4,1691893799999,6622.2746,54,7106.3,5265.7683,0
1691893800000,0.74,0.74,0.738,0.739,4253.1,1691894699999,3145.1039,33,229.3,169.473,0
1691894700000,0.739,0.739,0.738,0.739,1295.5,1691895599999,957.3542,12,1275.2,942.3728,0
1691895600000,0.738,0.739,0.738,0.739,7793.7,1691896499999,5757.9457,37,6195.1,4578.1789,0
1691896500000,0.738,0.738,0.737,0.738,7841.0,1691897399999,5786.3707,22,273.7,201.9906,0
1691897400000,0.737,0.738,0.736,0.738,12575.9,1691898299999,9269.4807,45,6895.4,5083.842,0
1691898300000,0.738,0.738,0.736,0.737,28910.9,1691899199999,21291.8273,44,1003.9,740.0378,0
1691899200000,0.736,0.737,0.736,0.736,3817.9,1691900099999,2810.3144,15,340.0,250.58,0
1691900100000,0.736,0.736,0.734,0.735,6260.7,1691900999999,4602.1268,46,682.5,501.6797,0
1691901000000,0.735,0.736,0.735,0.735,9161.0,1691901899999,6734.6132,45,6014.8,4422.1562,0
1691901900000,0.735,0.735,0.735,0.735,3760.1,1691902799999,2763.6735,20,1969.1,1447.2885,0
1691902800000,0.734,0.735,0.732,0.733,10942.8,1691903699999,8024.1733,66,1354.9,993.242,0
1691903700000,0.733,0.733,0.731,0.732,8777.0,1691904599999,6424.3619,28,3172.6,2322.3691,0
1691904600000,0.732,0.732,0.73,0.732,19553.6,1691905499999,14306.2001,53,16974.4,12421.8352,0
1691905500000,0.733,0.734,0.733,0.734,17924.3,1691906399999,13147.7415,57,14370.2,10539.0321,0
1691906400000,0.733,0.734,0.733,0.734,5816.3,1691907299999,4268.9826,21,5634.7,4135.8698,0
1691907300000,0.735,0.739,0.731,0.733,217914.1,1691908199999,160254.6523,692,111789.1,82376.3795,0
1691908200000,0.733,0.734,0.732,0.734,12644.1,1691909099999,9268.0766,49,4835.0,3544.9871,0
1691909100000,0.733,0.735,0.733,0.735,6849.2,1691909999999,5027.7007,44,3917.2,2875.6385,0
1691910000000,0.734,0.735,0.734,0.735,11136.4,1691910899999,8176.6091,60,1772.6,1302.502,0
1691910900000,0.734,0.736,0.734,0.735,11152.1,1691911799999,8195.9401,63,7584.8,5574.6805,0
1691911800000,0.735,0.736,0.735,0.735,5676.4,1691912699999,4173.5181,24,4034.0,2966.3541,0
1691912700000,0.735,0.736,0.735,0.736,3033.6,1691913599999,2229.8588,21,1509.8,1109.8658,0
1691913600000,0.735,0.736,0.734,0.736,9391.0,1691914499999,6902.5571,40,3248.2,2387.6237,0
1691914500000,0.736,0.737,0.736,0.737,14162.0,1691915399999,10427.6891,66,9448.0,6956.8122,0
1691915400000,0.737,0.737,0.736,0.736,1751.3,1691916299999,1290.4513,21,1494.5,1101.4465,0
1691916300000,0.737,0.737,0.736,0.737,1376.8,1691917199999,1014.583,14,1258.2,927.2934,0
1691917200000,0.738,0.738,0.736,0.736,16882.9,1691918099999,12429.8292,66,570.8,420.2658,0
1691918100000,0.735,0.736,0.734,0.735,13381.0,1691918999999,9835.1095,72,2910.4,2139.2322,0
1691919000000,0.735,0.735,0.733,0.733,6271.3,1691919899999,4601.6713,43,830.7,610.091,0
1691919900000,0.733,0.735,0.733,0.734,12517.8,1691920799999,9181.6574,44,8059.4,5912.6275,0
1691920800000,0.734,0.735,0.734,0.734,5340.1,1691921699999,3920.3614,13,728.0,535.08,0
1691921700000,0.734,0.734,0.733,0.733,4122.9,1691922599999,3022.9761,17,890.4,653.5536,0
1691922600000,0.734,0.734,0.733,0.734,1746.3,1691923499999,1280.2726,10,234.7,172.2698,0
1691923500000,0.733,0.735,0.733,0.735,16639.2,1691924399999,12213.2364,25,15785.3,11586.5192,0
1691924400000,0.734,0.735,0.734,0.734,1481.0,1691925299999,1087.4728,12,418.8,307.818,0
1691925300000,0.734,0.735,0.734,0.734,3619.6,1691926199999,2657.337,18,550.6,404.691,0
1691926200000,0.734,0.735,0.733,0.733,12796.5,1691927099999,9391.9601,43,461.7,339.3359,0
1691927100000,0.733,0.734,0.732,0.734,7850.1,1691927999999,5753.9791,58,3068.7,2249.6451,0
1691928000000,0.733,0.734,0.733,0.734,2760.0,1691928899999,2025.4209,25,2340.9,1718.2206,0
1691928900000,0.733,0.733,0.732,0.733,12535.7,1691929799999,9186.2413,34,9650.6,7073.8898,0
1691929800000,0.734,0.735,0.734,0.734,9153.0,1691930699999,6720.2299,33,8331.1,6116.9553,0
1691930700000,0.735,0.736,0.735,0.735,1346.2,1691931599999,989.9288,21,1029.8,757.3748,0
1691931600000,0.735,0.736,0.734,0.734,7312.4,1691932499999,5370.4182,40,432.5,318.1262,0
1691932500000,0.734,0.734,0.732,0.732,8976.1,1691933399999,6579.2667,38,938.0,688.4647,0
1691933400000,0.733,0.734,0.732,0.734,10975.6,1691934299999,8048.2439,48,9616.3,7051.4693,0
1691934300000,0.733,0.734,0.732,0.732,9799.7,1691935199999,7181.2767,37,2345.5,1719.2787,0
1691935200000,0.733,0.733,0.732,0.733,7267.8,1691936099999,5326.9258,30,5966.3,4373.2979,0
1691936100000,0.733,0.735,0.732,0.735,4330.4,1691936999999,3176.5459,38,2718.4,1994.9862,0
1691937000000,0.735,0.736,0.734,0.736,2078.7,1691937899999,1527.9232,17,2015.1,1481.2408,0
1691937900000,0.735,0.735,0.734,0.734,4333.9,1691938799999,3184.6878,19,558.1,410.2035,0
1691938800000,0.735,0.735,0.734,0.734,15180.2,1691939699999,11152.6893,62,9184.9,6750.8225,0
1691939700000,0.734,0.734,0.731,0.731,17600.5,1691940599999,12882.7686,63,1073.2,785.643,0
1691940600000,0.732,0.734,0.732,0.734,15465.0,1691941499999,11332.3569,57,15122.4,11081.3606,0
1691941500000,0.733,0.734,0.732,0.734,20847.5,1691942399999,15281.9894,58,7678.9,5629.5119,0
1691942400000,0.733,0.733,0.732,0.733,6336.0,1691943299999,4644.1094,33,237.8,174.3074,0
1691943300000,0.733,0.736,0.733,0.734,15671.5,1691944199999,11509.5408,61,9843.0,7225.7577,0
1691944200000,0.734,0.735,0.734,0.734,217.7,1691945099999,159.9333,7,141.5,104.0025,0
1691945100000,0.735,0.735,0.734,0.735,17587.2,1691945999999,12917.7628,58,11066.1,8129.9897,0
1691946000000,0.735,0.737,0.735,0.737,6986.7,1691946899999,5142.6373,33,6388.6,4702.5349,0
1691946900000,0.737,0.737,0.736,0.737,2574.5,1691947799999,1897.393,26,2120.5,1562.8085,0
1691947800000,0.737,0.738,0.737,0.737,7405.8,1691948699999,5458.3246,31,475.1,350.3987,0
1691948700000,0.737,0.738,0.737,0.738,2266.4,1691949599999,1672.3695,19,1971.7,1455.1146,0
1691949600000,0.738,0.741,0.738,0.74,8750.6,1691950499999,6470.1337,67,6477.5,4791.2827,0
1691950500000,0.741,0.741,0.74,0.74,2787.9,1691951399999,2065.0617,20,2015.7,1493.6337,0
1691951400000,0.741,0.743,0.741,0.743,11884.6,1691952299999,8814.4437,51,8366.7,6206.4921,0
1691952300000,0.743,0.744,0.742,0.743,19280.0,1691953199999,14328.3521,83,15527.9,11540.743,0
1691953200000,0.743,0.744,0.743,0.744,14845.1,1691954099999,11043.6867,60,1214.6,903.6624,0
1691954100000,0.744,0.745,0.742,0.744,18428.4,1691954999999,13702.7201,91,8163.2,6074.9547,0
1691955000000,0.745,0.746,0.744,0.744,19220.6,1691955899999,14317.6526,64,6125.6,4565.2977,0
1691955900000,0.744,0.745,0.743,0.743,14606.4,1691956799999,10866.8163,71,5153.0,3833.8456,0
1691956800000,0.744,0.745,0.739,0.74,47942.4,1691957699999,35534.8761,173,9327.4,6912.7549,0
1691957700000,0.74,0.741,0.739,0.74,20374.5,1691958599999,15078.5234,65,6885.7,5097.9996,0
1691958600000,0.74,0.741,0.74,0.741,11471.6,1691959499999,8489.0443,33,6831.3,5055.2223,0
1691959500000,0.74,0.741,0.74,0.741,447.6,1691960399999,331.2388,5,14.8,10.9668,0
1691960400000,0.74,0.741,0.739,0.739,19699.8,1691961299999,14577.478,67,4053.4,2999.6565,0
1691961300000,0.739,0.741,0.739,0.74,35615.3,1691962199999,26366.8016,79,22961.8,17005.3891,0
1691962200000,0.74,0.74,0.737,0.739,30872.5,1691963099999,22802.6003,99,7716.2,5699.5462,0
1691963100000,0.74,0.74,0.739,0.74,1162.2,1691963999999,859.2245,19,358.7,265.438,0
1691964000000,0.739,0.74,0.738,0.739,11267.4,1691964899999,8327.2718,74,3007.4,2223.0949,0
1691964900000,0.738,0.739,0.736,0.739,19525.8,1691965799999,14396.8838,104,12445.7,9176.7883,0
1691965800000,0.739,0.739,0.734,0.736,47535.1,1691966699999,34988.5414,159,25609.2,18848.6807,0
1691966700000,0.736,0.737,0.735,0.735,9644.3,1691967599999,7097.9433,45,3029.3,2231.4475,0
1691967600000,0.735,0.739,0.735,0.738,13902.9,1691968499999,10235.8438,66,2579.1,1899.5811,0
1691968500000,0.737,0.738,0.736,0.737,28294.5,1691969399999,20844.0508,78,7227.3,5326.6123,0
1691969400000,0.737,0.738,0.736,0.736,21228.5,1691970299999,15625.9295,46,121.1,89.3536,0
1691970300000,0.736,0.737,0.736,0.736,2165.9,1691971199999,1595.665,15,1855.4,1367.137,0
1691971200000,0.737,0.739,0.735,0.739,21755.7,1691972099999,16029.8128,79,8599.2,6342.9019,0
1691972100000,0.739,0.74,0.738,0.74,17144.6,1691972999999,12672.1776,97,7326.6,5414.7827,0
1691973000000,0.74,0.74,0.738,0.739,33584.7,1691973899999,24822.0439,108,17359.1,12833.4944,0
1691973900000,0.739,0.742,0.739,0.742,22443.6,1691974799999,16627.8792,121,14239.9,10547.7667,0
1691974800000,0.742,0.745,0.741,0.745,18443.7,1691975699999,13710.5069,71,16237.8,12072.8247,0
1691975700000,0.744,0.744,0.743,0.744,11412.0,1691976599999,8490.4848,35,1678.8,1249.0272,0
1691976600000,0.743,0.748,0.743,0.747,36190.5,1691977499999,27016.8508,164,29993.1,22390.272,0
1691977500000,0.747,0.747,0.745,0.745,12770.6,1691978399999,9521.4024,61,1715.0,1278.5204,0
1691978400000,0.745,0.746,0.74,0.74,36725.1,1691979299999,27286.8095,147,10412.9,7741.2717,0
1691979300000,0.739,0.741,0.734,0.74,74256.4,1691980199999,54696.8282,310,24180.0,17831.5625,0
1691980200000,0.74,0.744,0.74,0.744,9992.6,1691981099999,7415.2551,77,7036.6,5223.256,0
1691981100000,0.745,0.745,0.743,0.744,30665.5,1691981999999,22801.3731,120,8797.7,6546.0382,0
1691982000000,0.745,0.746,0.744,0.745,26751.7,1691982899999,19941.9951,78,12526.3,9337.3245,0
1691982900000,0.746,0.748,0.745,0.748,11630.4,1691983799999,8692.6637,53,10929.9,8169.5219,0
1691983800000,0.749,0.75,0.748,0.748,23761.9,1691984699999,17801.5601,149,9678.4,7254.2167,0
1691984700000,0.748,0.749,0.747,0.749,11052.4,1691985599999,8272.3186,64,8877.0,6646.0991,0
1691985600000,0.749,0.751,0.749,0.751,28042.6,1691986499999,21037.4167,106,11259.2,8451.715,0
1691986500000,0.752,0.753,0.751,0.751,12327.4,1691987399999,9267.7387,89,8379.0,6300.7471,0
1691987400000,0.752,0.753,0.751,0.753,9225.1,1691988299999,6936.0843,53,3262.1,2453.963,0
1691988300000,0.753,0.753,0.752,0.753,3314.2,1691989199999,2495.5697,17,2250.1,1694.3253,0
1691989200000,0.753,0.754,0.752,0.753,6835.0,1691990099999,5145.7704,41,1827.5,1376.4734,0
1691990100000,0.754,0.755,0.753,0.754,8455.9,1691990999999,6374.4651,62,1540.3,1161.4588,0
1691991000000,0.755,0.756,0.753,0.753,20170.9,1691991899999,15214.6979,86,4634.5,3498.7924,0
1691991900000,0.753,0.754,0.752,0.753,12719.9,1691992799999,9582.7569,48,5919.8,4462.3272,0
1691992800000,0.754,0.754,0.751,0.752,23684.1,1691993699999,17816.1872,74,14202.3,10683.7393,0
1691993700000,0.752,0.753,0.752,0.753,775.4,1691994599999,583.6791,6,578.3,435.4599,0
1691994600000,0.753,0.753,0.752,0.752,8993.8,1691995499999,6767.41,36,4734.1,3563.8879,0
1691995500000,0.752,0.752,0.75,0.75,7006.4,1691996399999,5267.1293,22,0.0,0.0,0
1691996400000,0.751,0.752,0.748,0.748,21522.5,1691997299999,16113.1719,80,6271.6,4701.5702,0
1691997300000,0.748,0.75,0.747,0.75,11407.7,1691998199999,8549.1395,47,6380.0,4782.8608,0
1691998200000,0.75,0.751,0.75,0.751,12010.3,1691999099999,9015.9277,50,3071.0,2305.1223,0
1691999100000,0.75,0.751,0.749,0.751,15062.6,1691999999999,11294.7383,45,5098.7,3824.8982,0
1692000000000,0.75,0.754,0.75,0.753,94818.8,1692000899999,71353.4447,177,32239.5,24266.5303,0
1692000900000,0.753,0.754,0.747,0.752,253574.8,1692001799999,190494.6434,333,18817.7,14170.1995,0
1692001800000,0.752,0.753,0.75,0.752,33298.3,1692002699999,25032.9357,74,23556.8,17713.9372,0
1692002700000,0.752,0.752,0.751,0.751,3481.7,1692003599999,2615.9494,20,1192.7,896.9104,0
1692003600000,0.752,0.752,0.75,0.752,11501.1,1692004499999,8638.1017,34,4898.7,3679.8349,0
1692004500000,0.751,0.752,0.751,0.752,11466.6,1692005399999,8611.7546,47,1705.3,1281.0183,0
1692005400000,0.752,0.752,0.751,0.751,9988.8,1692006299999,7510.3786,32,5837.4,4389.7248,0
1692006300000,0.751,0.753,0.751,0.752,2299.4,1692007199999,1729.327,16,2017.8,1517.5915,0
1692007200000,0.752,0.753,0.751,0.751,6399.9,1692008099999,4812.8242,26,1277.9,961.0952,0
1692008100000,0.752,0.752,0.751,0.752,3889.3,1692008999999,2924.1734,18,3309.1,2488.4432,0
1692009000000,0.751,0.751,0.751,0.751,306.5,1692009899999,230.1815,3,0.0,0.0,0
1692009900000,0.751,0.752,0.751,0.751,17411.9,1692010799999,13076.574,30,508.5,382.1206,0
1692010800000,0.751,0.751,0.749,0.749,19472.4,1692011699999,14601.2974,64,4087.4,3069.4989,0
1692011700000,0.748,0.749,0.748,0.748,13175.6,1692012599999,9855.8046,34,6315.0,4724.0758,0
1692012600000,0.748,0.75,0.748,0.75,7162.6,1692013499999,5362.5579,30,3981.8,2983.2583,0
1692013500000,0.75,0.751,0.75,0.75,8716.5,1692014399999,6537.8132,29,3668.8,2752.0382,0
1692014400000,0.749,0.75,0.747,0.747,13785.4,1692015299999,10306.2077,39,177.2,132.9,0
1692015300000,0.747,0.749,0.747,0.747,20970.6,1692016199999,15686.674,54,6808.9,5095.0184,0
1692016200000,0.748,0.748,0.745,0.747,20635.4,1692017099999,15406.127,68,11956.8,8927.4722,0
1692017100000,0.746,0.748,0.746,0.747,6696.7,1692017999999,5001.5557,25,4641.2,3467.3786,0
1692018000000,0.748,0.748,0.747,0.747,7387.1,1692018899999,5518.8858,27,3621.0,2705.6091,0
1692018900000,0.747,0.748,0.747,0.747,5609.1,1692019799999,4190.5449,14,547.2,409.3056,0
1692019800000,0.747,0.753,0.747,0.753,86826.5,1692020699999,65165.6052,239,75545.4,56725.6511,0
1692020700000,0.753,0.757,0.745,0.747,524841.8,1692021599999,394156.7598,1174,145119.7,109404.4735,0
1692021600000,0.747,0.75,0.747,0.749,28580.3,1692022499999,21394.4962,103,19882.2,14883.3366,0
1692022500000,0.749,0.75,0.748,0.75,14518.1,1692023399999,10879.7384,41,6272.9,4703.1407,0
1692023400000,0.75,0.753,0.75,0.752,50649.4,1692024299999,38111.8897,145,36525.6,27477.2944,0
1692024300000,0.753,0.755,0.752,0.752,36764.7,1692025199999,27715.6709,132,23348.2,17608.2887,0
1692025200000,0.752,0.753,0.752,0.752,8951.7,1692026099999,6736.4658,41,3487.5,2624.2524,0
1692026100000,0.752,0.755,0.752,0.755,24796.6,1692026999999,18682.3165,94,19508.6,14695.9188,0
1692027000000,0.754,0.757,0.754,0.756,55260.6,1692027899999,41708.6001,118,32095.0,24236.5284,0
1692027900000,0.757,0.757,0.754,0.755,27256.2,1692028799999,20591.4053,93,10863.8,8206.8106,0
1692028800000,0.755,0.756,0.754,0.756,20477.9,1692029699999,15469.4714,68,12955.6,9790.2616,0
1692029700000,0.756,0.757,0.756,0.756,25965.8,1692030599999,19633.1072,85,10044.8,7595.2645,0
1692030600000,0.757,0.757,0.755,0.756,10737.0,1692031499999,8118.4748,45,3484.8,2635.8796,0
1692031500000,0.756,0.757,0.755,0.755,8196.8,1692032399999,6196.468,32,1051.1,794.7048,0
1692032400000,0.755,0.756,0.754,0.755,12568.2,1692033299999,9492.4066,43,4682.1,3538.9419,0
1692033300000,0.755,0.755,0.752,0.752,20153.8,1692034199999,15176.0114,59,7102.1,5342.1321,0
1692034200000,0.752,0.753,0.751,0.752,19007.4,1692035099999,14293.53,47,6964.8,5237.6426,0
1692035100000,0.752,0.753,0.749,0.751,31529.1,1692035999999,23664.9111,95,12783.0,9601.8502,0
1692036000000,0.75,0.75,0.743,0.747,144836.1,1692036899999,108099.1243,409,41264.7,30800.6129,0
1692036900000,0.747,0.748,0.746,0.748,35434.8,1692037799999,26485.5125,95,14855.3,11103.9147,0
1692037800000,0.748,0.75,0.748,0.75,8055.0,1692038699999,6029.2445,35,3745.5,2803.7814,0
1692038700000,0.75,0.75,0.748,0.749,20879.8,1692039599999,15629.2105,76,14622.3,10943.9284,0
1692039600000,0.748,0.749,0.747,0.748,14943.9,1692040499999,11176.0089,57,6405.9,4791.045,0
1692040500000,0.748,0.751,0.748,0.75,20668.1,1692041399999,15496.7495,70,10404.3,7800.293,0
1692041400000,0.75,0.751,0.75,0.75,9193.1,1692042299999,6894.844,24,1646.7,1235.044,0
1692042300000,0.751,0.751,0.75,0.75,8651.0,1692043199999,6489.73,38,4055.9,3043.405,0
1692043200000,0.75,0.752,0.748,0.751,26173.9,1692044099999,19633.9426,70,20817.5,15615.3349,0
1692044100000,0.751,0.752,0.751,0.751,10755.1,1692044999999,8082.792,28,8921.5,6705.7584,0
1692045000000,0.752,0.752,0.751,0.751,990.8,1692045899999,744.989,18,32.2,24.2144,0
1692045900000,0.751,0.751,0.749,0.75,32468.5,1692046799999,24354.5304,61,269.0,201.8039,0
1692046800000,0.75,0.751,0.749,0.749,22648.5,1692047699999,16967.1027,39,1647.7,1236.1959,0
1692047700000,0.749,0.75,0.748,0.749,38791.4,1692048599999,29054.937,51,23493.3,17596.7403,0
1692048600000,0.749,0.751,0.749,0.75,29399.7,1692049499999,22025.0313,63,4343.7,3257.9794,0
1692049500000,0.75,0.75,0.748,0.749,22514.9,1692050399999,16863.3902,59,2331.4,1746.7944,0
1692050400000,0.748,0.75,0.748,0.75,12715.7,1692051299999,9515.5616,62,4048.0,3031.9734,0
1692051300000,0.749,0.75,0.749,0.749,9221.6,1692052199999,6907.0415,20,190.0,142.3731,0
1692052200000,0.749,0.749,0.748,0.749,3261.9,1692053099999,2442.7434,25,2842.2,2128.8078,0
1692053100000,0.749,0.749,0.747,0.747,16891.6,1692053999999,12646.2776,47,10905.1,8167.7987,0
1692054000000,0.748,0.748,0.746,0.747,19675.6,1692054899999,14696.3572,43,14056.1,10500.1838,0
1692054900000,0.747,0.748,0.746,0.748,21238.9,1692055799999,15876.9352,63,6575.0,4917.2501,0
1692055800000,0.748,0.749,0.748,0.748,5178.8,1692056699999,3873.8057,15,1679.2,1256.1049,0
1692056700000,0.748,0.748,0.746,0.746,3188.8,1692057599999,2382.0924,13,161.0,120.3672,0
1692057600000,0.746,0.747,0.745,0.747,11850.6,1692058499999,8836.343,54,5488.0,4093.9071,0
1692058500000,0.746,0.748,0.744,0.747,103395.2,1692059399999,77117.7603,310,79043.2,58965.1739,0
1692059400000,0.747,0.748,0.746,0.748,7051.1,1692060299999,5270.4186,25,3271.7,2444.8535,0
1692060300000,0.748,0.748,0.746,0.746,4525.5,1692061199999,3380.5576,16,771.8,576.5597,0
1692061200000,0.746,0.747,0.746,0.747,1213.6,1692062099999,906.539,7,1035.5,773.5185,0
1692062100000,0.748,0.748,0.746,0.746,12078.5,1692062999999,9017.184,45,2892.2,2158.6078,0
1692063000000,0.746,0.746,0.745,0.745,2438.6,1692063899999,1816.8113,40,410.8,306.1003,0
1692063900000,0.744,0.744,0.744,0.744,24056.2,1692064799999,17897.8128,49,1213.2,902.6208,0
1692064800000,0.744,0.745,0.743,0.743,16300.5,1692065699999,12122.6267,76,1781.0,1325.669,0
1692065700000,0.743,0.744,0.743,0.744,4370.3,1692066599999,3249.6142,18,3508.2,2608.7042,0
1692066600000,0.744,0.745,0.744,0.745,1366.0,1692067499999,1017.1174,17,944.9,703.5632,0
1692067500000,0.745,0.745,0.743,0.744,8662.5,1692068399999,6447.8961,32,3943.8,2938.0131,0
1692068400000,0.744,0.744,0.743,0.744,21783.1,1692069299999,16185.0786,41,6175.7,4588.7804,0
1692069300000,0.743,0.744,0.743,0.743,1899.6,1692070199999,1411.6227,8,219.9,163.6056,0
1692070200000,0.743,0.743,0.74,0.741,17134.1,1692071099999,12707.1365,76,816.6,605.4352,0
1692071100000,0.741,0.744,0.741,0.744,40560.2,1692071999999,30093.5535,96,36803.6,27306.1086,0
1692072000000,0.743,0.745,0.742,0.745,3941.2,1692072899999,2930.5668,27,2812.1,2092.0614,0
1692072900000,0.745,0.745,0.744,0.744,12817.8,1692073799999,9543.1947,60,6349.6,4729.6344,0
1692073800000,0.744,0.744,0.741,0.742,16172.8,1692074699999,12010.5295,29,368.6,273.5358,0
1692074700000,0.742,0.743,0.742,0.742,29364.1,1692075599999,21796.627,35,27165.0,20164.8948,0
1692075600000,0.743,0.743,0.741,0.741,46271.3,1692076499999,34327.0057,82,7445.1,5520.4362,0
1692076500000,0.741,0.742,0.741,0.742,19690.9,1692077399999,14603.8979,53,12886.2,9555.5457,0
1692077400000,0.741,0.742,0.738,0.74,50820.7,1692078299999,37593.4839,123,1938.6,1435.1415,0
1692078300000,0.739,0.74,0.738,0.739,14477.4,1692079199999,10690.678,56,5029.8,3715.7187,0
1692079200000,0.739,0.741,0.738,0.741,15453.8,1692080099999,11422.7258,62,9417.6,6964.3197,0
1692080100000,0.741,0.741,0.741,0.741,4903.7,1692080999999,3633.6417,18,0.0,0.0,0
1692081000000,0.741,0.742,0.741,0.742,778.1,1692081899999,576.7999,10,281.6,208.8934,0
1692081900000,0.742,0.743,0.741,0.741,17972.8,1692082799999,13321.5841,34,2204.4,1635.6788,0
1692082800000,0.741,0.743,0.74,0.743,23594.9,1692083699999,17497.9089,67,15264.2,11325.0897,0
1692083700000,0.742,0.743,0.74,0.74,12480.9,1692084599999,9258.2232,51,4610.7,3421.1431,0
1692084600000,0.741,0.742,0.74,0.741,16441.1,1692085499999,12171.7015,47,10158.8,7522.6401,0
1692085500000,0.742,0.744,0.742,0.743,40914.9,1692086399999,30397.4028,94,21249.6,15788.638,0
1692086400000,0.743,0.745,0.742,0.745,10666.4,1692087299999,7929.0658,38,5516.2,4102.5075,0
1692087300000,0.745,0.746,0.745,0.746,5619.7,1692088199999,4187.5209,42,5392.3,4018.1079,0
1692088200000,0.746,0.747,0.745,0.745,14525.3,1692089099999,10836.9471,53,8828.2,6586.9342,0
1692089100000,0.745,0.747,0.745,0.747,13656.7,1692089999999,10184.9429,56,10579.2,7892.2054,0
1692090000000,0.746,0.75,0.746,0.75,81911.7,1692090899999,61327.9633,232,69973.2,52394.5939,0
1692090900000,0.749,0.75,0.748,0.75,74494.8,1692091799999,55819.2256,139,64544.1,48367.7691,0
1692091800000,0.75,0.754,0.75,0.754,94676.7,1692092699999,71235.2696,278,86382.7,65001.9229,0
1692092700000,0.753,0.755,0.751,0.754,107097.4,1692093599999,80703.5715,265,90362.3,68092.9715,0
1692093600000,0.754,0.755,0.753,0.755,38253.8,1692094499999,28852.6228,110,18489.9,13948.6156,0
1692094500000,0.754,0.755,0.75,0.751,68299.1,1692095399999,51325.3294,183,9849.1,7396.9023,0
1692095400000,0.752,0.753,0.751,0.752,18710.9,1692096299999,14071.5632,44,15719.9,11822.9622,0
1692096300000,0.753,0.754,0.751,0.751,26559.2,1692097199999,19997.7957,63,8041.4,6056.8975,0
1692097200000,0.752,0.753,0.751,0.752,16967.1,1692098099999,12773.8453,42,16107.2,12127.4677,0
1692098100000,0.752,0.752,0.75,0.751,32237.0,1692098999999,24200.2595,86,4423.7,3322.1987,0
1692099000000,0.75,0.75,0.749,0.75,36903.6,1692099899999,27675.2707,110,19895.3,14921.475,0
1692099900000,0.75,0.751,0.748,0.748,36514.3,1692100799999,27361.0124,82,15600.0,11696.6405,0
1692100800000,0.748,0.753,0.748,0.752,65839.6,1692101699999,49423.3645,201,52984.4,39789.4631,0
1692101700000,0.752,0.754,0.751,0.751,11333.8,1692102599999,8525.9812,72,4399.4,3309.4801,0
1692102600000,0.75,0.754,0.749,0.754,40787.5,1692103499999,30678.5712,137,28047.6,21106.3653,0
1692103500000,0.754,0.755,0.753,0.754,68188.7,1692104399999,51390.8454,130,35836.3,27016.7522,0
1692104400000,0.754,0.76,0.752,0.76,170694.5,1692105299999,129173.7274,532,111819.2,84712.6321,0
1692105300000,0.76,0.763,0.747,0.749,624374.9,1692106199999,471228.7838,1455,160723.6,121816.3567,0
1692106200000,0.748,0.751,0.748,0.75,29537.7,1692107099999,22146.0867,82,8707.8,6526.6915,0
1692107100000,0.75,0.751,0.749,0.749,28568.2,1692107999999,21422.7895,57,8655.8,6491.9315,0
1692108000000,0.75,0.75,0.743,0.746,171560.4,1692108899999,127905.2552,493,40330.3,30029.5262,0
1692108900000,0.746,0.748,0.746,0.748,15392.9,1692109799999,11506.5235,54,10568.8,7901.766,0
1692109800000,0.748,0.75,0.748,0.748,21144.4,1692110699999,15833.968,61,5344.3,4005.0226,0
1692110700000,0.748,0.749,0.747,0.747,17667.0,1692111599999,13224.8058,57,8691.8,6507.3857,0
1692111600000,0.747,0.748,0.747,0.747,12815.2,1692112499999,9580.1741,44,7824.8,5850.6491,0
1692112500000,0.746,0.747,0.744,0.745,35113.6,1692113399999,26161.1824,100,11816.1,8804.1604,0
1692113400000,0.745,0.746,0.742,0.744,22772.2,1692114299999,16934.1316,106,8528.6,6340.8459,0
1692114300000,0.743,0.745,0.742,0.742,28546.5,1692115199999,21215.2331,71,3640.9,2708.6387,0
1692115200000,0.742,0.745,0.742,0.742,24534.7,1692116099999,18239.6004,84,14261.8,10606.6192,0
1692116100000,0.742,0.743,0.741,0.741,30890.1,1692116999999,22919.3576,97,13537.4,10045.4216,0
1692117000000,0.742,0.742,0.741,0.741,23987.3,1692117899999,17779.1831,102,9229.4,6843.3915,0
1692117900000,0.742,0.742,0.74,0.741,11817.1,1692118799999,8757.7595,61,3129.9,2320.6125,0
1692118800000,0.74,0.742,0.74,0.741,28056.6,1692119699999,20781.4682,50,16415.2,12164.2538,0
1692119700000,0.742,0.744,0.741,0.743,8574.2,1692120599999,6370.6113,36,8417.0,6253.9987,0
1692120600000,0.744,0.745,0.743,0.744,5925.3,1692121499999,4408.3322,34,3214.3,2391.4539,0
1692121500000,0.743,0.745,0.743,0.745,6988.8,1692122399999,5197.407,36,4662.3,3468.7669,0
1692122400000,0.744,0.744,0.738,0.741,176806.3,1692123299999,130911.8783,254,54490.3,40355.5503,0
1692123300000,0.741,0.743,0.739,0.743,29263.3,1692124199999,21679.0562,88,14134.1,10476.1824,0
1692124200000,0.743,0.745,0.742,0.743,19906.4,1692125099999,14799.2757,85,9096.1,6764.2103,0
1692125100000,0.742,0.744,0.741,0.742,14068.8,1692125999999,10451.8897,51,7522.8,5592.7738,0
1692126000000,0.741,0.742,0.664,0.705,1599429.6,1692126899999,1121894.6488,4851,717966.2,501706.3815,0
1692126900000,0.705,0.714,0.704,0.705,188475.1,1692127799999,133555.1332,878,120302.1,85310.4524,0
1692127800000,0.705,0.708,0.703,0.705,68151.0,1692128699999,48085.642,304,34889.5,24631.5188,0
1692128700000,0.705,0.708,0.704,0.708,52951.3,1692129599999,37403.1515,162,30912.5,21854.4958,0
1692129600000,0.707,0.711,0.705,0.711,82313.3,1692130499999,58235.0884,260,31932.2,22595.4789,0
1692130500000,0.711,0.716,0.711,0.715,56573.8,1692131399999,40365.4122,254,35330.3,25193.4986,0
1692131400000,0.715,0.716,0.714,0.715,13739.4,1692132299999,9820.5967,46,2328.8,1665.1651,0
1692132300000,0.715,0.716,0.712,0.713,28447.8,1692133199999,20329.5767,109,15663.8,11210.1142,0
1692133200000,0.712,0.714,0.711,0.714,23590.8,1692134099999,16821.8695,124,9902.9,7065.738,0
1692134100000,0.714,0.718,0.714,0.718,27975.6,1692134999999,20036.369,164,22341.0,16003.4168,0
1692135000000,0.718,0.721,0.717,0.72,65922.8,1692135899999,47439.8308,249,25956.3,18676.6399,0
1692135900000,0.72,0.724,0.72,0.722,26261.0,1692136799999,18967.3168,185,20798.3,15023.4783,0
1692136800000,0.721,0.721,0.717,0.718,85370.0,1692137699999,61298.9115,254,26895.3,19311.4046,0
1692137700000,0.719,0.719,0.715,0.716,15144.9,1692138599999,10861.9724,60,1124.9,806.8668,0
1692138600000,0.715,0.715,0.713,0.715,15069.0,1692139499999,10770.1511,71,4907.4,3508.6506,0
1692139500000,0.715,0.717,0.713,0.716,18211.0,1692140399999,13034.1025,73,13542.4,9696.7634,0
1692140400000,0.716,0.718,0.716,0.716,19704.9,1692141299999,14124.7378,79,13336.1,9562.0113,0
1692141300000,0.716,0.716,0.712,0.712,41229.0,1692142199999,29426.49,113,1517.1,1084.6199,0
1692142200000,0.713,0.714,0.713,0.713,3171.3,1692143099999,2262.2263,17,1658.2,1183.3697,0
1692143100000,0.714,0.714,0.711,0.712,15401.9,1692143999999,10962.0008,62,2007.7,1427.8878,0
1692144000000,0.712,0.716,0.71,0.712,118021.4,1692144899999,84174.7796,256,75475.2,53902.9177,0
1692144900000,0.712,0.713,0.71,0.71,19311.9,1692145799999,13729.9626,70,9066.0,6446.1604,0
1692145800000,0.71,0.71,0.709,0.709,8562.4,1692146699999,6075.7404,32,6026.9,4277.9663,0
1692146700000,0.708,0.711,0.708,0.709,39054.0,1692147599999,27705.9149,128,15071.7,10700.8952,0
1692147600000,0.709,0.712,0.709,0.71,46465.2,1692148499999,32999.6673,122,35592.7,25274.8015,0
1692148500000,0.71,0.71,0.708,0.708,7163.8,1692149399999,5080.3715,37,373.0,264.7077,0
1692149400000,0.709,0.709,0.706,0.708,29530.8,1692150299999,20880.9511,139,2376.5,1680.0122,0
1692150300000,0.708,0.708,0.706,0.708,15165.7,1692151199999,10725.3986,78,7941.1,5620.1559,0
1692151200000,0.708,0.715,0.707,0.715,55580.7,1692152099999,39552.2869,272,45746.0,32582.1507,0
1692152100000,0.715,0.715,0.709,0.709,53113.8,1692152999999,37883.6318,128,1287.9,918.7064,0
1692153000000,0.709,0.709,0.707,0.707,15388.1,1692153899999,10896.3876,44,3321.0,2351.3541,0
1692153900000,0.708,0.71,0.708,0.708,48685.8,1692154799999,34477.4166,77,9220.1,6530.6087,0
1692154800000,0.708,0.709,0.706,0.706,27894.9,1692155699999,19715.1296,86,5898.9,4174.6239,0
1692155700000,0.706,0.709,0.703,0.709,114371.8,1692156599999,80737.0684,311,52068.8,36842.0269,0
1692156600000,0.709,0.714,0.702,0.704,562053.4,1692157499999,397318.6318,1223,218580.4,154946.4632,0
1692157500000,0.705,0.707,0.702,0.702,102254.7,1692158399999,72102.4613,255,75100.4,52999.0137,0
1692158400000,0.702,0.707,0.701,0.707,70706.8,1692159299999,49847.7098,161,49196.5,34699.0018,0
1692159300000,0.707,0.707,0.704,0.706,9900.1,1692160199999,6980.9458,49,4593.8,3240.6328,0
1692160200000,0.705,0.706,0.703,0.705,35988.7,1692161099999,25369.1912,108,21798.1,15374.3255,0
1692161100000,0.705,0.705,0.704,0.704,26703.5,1692161999999,18809.683,71,9096.4,6407.1604,0
1692162000000,0.704,0.704,0.702,0.703,22616.0,1692162899999,15893.1518,76,6593.7,4633.5363,0
1692162900000,0.703,0.703,0.698,0.7,78413.9,1692163799999,54885.9076,232,16753.4,11728.2283,0
1692163800000,0.7,0.7,0.697,0.699,48158.2,1692164699999,33655.9769,152,11795.7,8250.576,0
1692164700000,0.698,0.701,0.698,0.699,14440.0,1692165599999,10101.5479,75,5492.9,3846.2862,0
1692165600000,0.699,0.7,0.696,0.696,33811.2,1692166499999,23558.3942,126,11271.7,7855.5009,0
1692166500000,0.697,0.7,0.696,0.696,49689.8,1692167399999,34655.323,136,27738.1,19351.2545,0
1692167400000,0.696,0.697,0.695,0.696,17080.6,1692168299999,11893.2823,58,6073.3,4229.982,0
1692168300000,0.696,0.696,0.694,0.696,13762.3,1692169199999,9566.6367,64,3877.0,2696.9182,0
1692169200000,0.696,0.698,0.696,0.698,17114.2,1692170099999,11922.1922,49,11429.6,7962.0435,0
1692170100000,0.697,0.698,0.696,0.696,18322.5,1692170999999,12763.7419,71,8265.5,5760.9422,0
1692171000000,0.696,0.696,0.694,0.696,13409.6,1692171899999,9316.7357,67,6622.0,4603.194,0
1692171900000,0.697,0.697,0.695,0.695,16663.6,1692172799999,11589.5492,62,5760.5,4006.7364,0
1692172800000,0.695,0.697,0.695,0.696,20432.1,1692173699999,14215.2725,83,16827.7,11709.8086,0
1692173700000,0.696,0.696,0.69,0.692,44883.6,1692174599999,31089.9453,178,23988.6,16624.9879,0
1692174600000,0.692,0.697,0.692,0.696,25401.5,1692175499999,17638.7326,90,16643.6,11553.0385,0
1692175500000,0.695,0.696,0.693,0.694,84733.7,1692176399999,58812.4468,127,27983.8,19440.1311,0
1692176400000,0.694,0.697,0.691,0.692,264658.8,1692177299999,183674.0434,351,97579.1,67790.6091,0
1692177300000,0.692,0.692,0.687,0.688,48729.7,1692178199999,33545.8486,195,13287.3,9150.0104,0
1692178200000,0.688,0.689,0.685,0.689,23697.0,1692179099999,16268.0787,130,13432.8,9222.8491,0
1692179100000,0.689,0.69,0.688,0.69,27092.7,1692179999999,18659.4099,87,15646.6,10777.593,0
1692180000000,0.69,0.691,0.688,0.69,14010.8,1692180899999,9656.2671,60,6800.4,4687.4812,0
1692180900000,0.69,0.692,0.69,0.692,16180.4,1692181799999,11174.7449,87,9683.1,6688.7772,0
1692181800000,0.692,0.694,0.692,0.694,20729.0,1692182699999,14352.5445,78,7934.9,5496.6631,0
1692182700000,0.694,0.694,0.69,0.692,40112.8,1692183599999,27751.9221,122,7874.1,5451.0731,0
1692183600000,0.692,0.693,0.691,0.692,22232.8,1692184499999,15377.5289,80,12785.2,8849.0256,0
1692184500000,0.692,0.693,0.691,0.693,19120.3,1692185399999,13236.1472,55,15035.6,10408.9997,0
1692185400000,0.693,0.693,0.691,0.692,22970.1,1692186299999,15900.7157,78,10125.3,7012.0374,0
1692186300000,0.692,0.693,0.691,0.693,8135.6,1692187199999,5631.7334,54,3972.1,2750.8939,0
1692187200000,0.692,0.692,0.688,0.689,20065.5,1692188099999,13858.9878,108,5505.4,3808.2363,0
1692188100000,0.689,0.689,0.68,0.682,296818.2,1692188999999,202962.3672,768,139893.5,95672.8898,0
1692189000000,0.682,0.69,0.682,0.688,78547.7,1692189899999,53833.3165,300,60593.0,41534.5033,0
1692189900000,0.688,0.691,0.687,0.688,36896.3,1692190799999,25431.7157,151,15013.5,10352.5444,0
1692190800000,0.688,0.69,0.686,0.687,24563.9,1692191699999,16925.9082,111,13691.3,9441.6558,0
1692191700000,0.687,0.688,0.684,0.685,40203.8,1692192599999,27583.8515,115,20125.2,13812.8723,0
1692192600000,0.686,0.687,0.682,0.686,92157.0,1692193499999,63062.794,248,26731.9,18291.2824,0
1692193500000,0.686,0.687,0.683,0.684,39314.1,1692194399999,26935.9923,116,16794.3,11505.1779,0
1692194400000,0.684,0.688,0.683,0.685,59749.3,1692195299999,41006.6799,228,28626.4,19640.7708,0
1692195300000,0.686,0.688,0.686,0.688,11099.6,1692196199999,7623.1182,48,7454.3,5120.0547,0
1692196200000,0.688,0.69,0.688,0.69,32070.4,1692197099999,22078.2914,97,12359.6,8512.5092,0
1692197100000,0.69,0.693,0.688,0.692,16786.1,1692197999999,11588.6462,85,10564.5,7302.8605,0
1692198000000,0.692,0.693,0.691,0.691,20292.6,1692198899999,14029.0908,64,9817.0,6786.3212,0
1692198900000,0.692,0.693,0.687,0.689,31284.3,1692199799999,21564.8157,129,11943.7,8235.2539,0
1692199800000,0.689,0.69,0.685,0.685,29045.9,1692200699999,19955.4706,115,13184.9,9056.9292,0
1692200700000,0.686,0.688,0.684,0.686,21952.6,1692201599999,15073.3797,88,11711.5,8041.2308,0
1692201600000,0.685,0.686,0.682,0.684,76528.1,1692202499999,52317.2673,264,33967.6,23243.8808,0
1692202500000,0.684,0.689,0.684,0.688,101367.1,1692203399999,69664.3199,292,74415.7,51146.8603,0
1692203400000,0.688,0.689,0.686,0.687,15450.7,1692204299999,10621.7351,85,11067.6,7610.4304,0
1692204300000,0.688,0.691,0.688,0.689,22391.8,1692205199999,15445.2986,83,14143.5,9755.399,0
1692205200000,0.69,0.691,0.686,0.688,45562.3,1692206099999,31344.5853,113,14867.2,10241.4177,0
1692206100000,0.687,0.69,0.685,0.69,21992.2,1692206999999,15131.3459,91,13391.9,9213.2167,0
1692207000000,0.69,0.691,0.688,0.69,45857.1,1692207899999,31602.6844,135,4709.8,3245.9213,0
1692207900000,0.69,0.692,0.688,0.692,23721.3,1692208799999,16382.94,106,21757.0,15028.0937,0
1692208800000,0.692,0.692,0.69,0.691,21889.8,1692209699999,15118.9803,59,4499.7,3107.6063,0
1692209700000,0.691,0.696,0.691,0.694,16123.8,1692210599999,11193.1518,108,8918.5,6193.8789,0
1692210600000,0.695,0.695,0.694,0.695,9277.0,1692211499999,6439.9556,26,3894.9,2704.7782,0
1692211500000,0.695,0.696,0.692,0.694,91842.9,1692212399999,63803.4901,120,10843.8,7527.6036,0
1692212400000,0.694,0.694,0.692,0.693,35786.9,1692213299999,24819.184,77,28851.0,20017.4459,0
1692213300000,0.692,0.693,0.69,0.691,4735.8,1692214199999,3274.41,33,1287.0,889.3512,0
1692214200000,0.691,0.693,0.69,0.692,26858.2,1692215099999,18583.8675,74,22946.3,15878.2575,0
1692215100000,0.691,0.692,0.691,0.691,9092.3,1692215999999,6283.5793,23,8441.4,5833.8074,0
1692216000000,0.69,0.692,0.69,0.691,16354.2,1692216899999,11307.2155,62,11425.3,7905.0329,0
1692216900000,0.691,0.692,0.661,0.666,401640.1,1692217799999,270025.0827,1275,204935.0,137301.2266,0
1692217800000,0.666,0.68,0.666,0.674,548469.2,1692218699999,368325.1525,1779,266543.6,179077.8088,0
1692218700000,0.674,0.677,0.673,0.673,53906.6,1692219599999,36367.3666,202,21399.2,14456.4882,0
1692219600000,0.673,0.673,0.658,0.664,337731.0,1692220499999,224264.8242,1143,170910.8,113592.1401,0
1692220500000,0.663,0.67,0.663,0.67,68461.9,1692221399999,45678.7518,364,51988.7,34721.0686,0
1692221400000,0.67,0.674,0.667,0.668,56320.7,1692222299999,37732.429,199,18794.7,12625.4329,0
1692222300000,0.668,0.669,0.664,0.665,41898.4,1692223199999,27870.9514,105,15314.5,10206.72,0
1692223200000,0.666,0.67,0.666,0.67,20084.2,1692224099999,13422.3565,98,15641.1,10453.924,0
1692224100000,0.67,0.67,0.667,0.669,22355.3,1692224999999,14956.2218,66,18948.3,12680.2457,0
1692225000000,0.669,0.669,0.667,0.668,22680.6,1692225899999,15152.7393,85,9795.8,6544.6878,0
1692225900000,0.668,0.671,0.667,0.67,17837.7,1692226799999,11929.3394,64,13088.5,8747.7803,0
1692226800000,0.67,0.673,0.668,0.673,26603.6,1692227699999,17846.9228,130,18172.0,12202.8343,0
1692227700000,0.673,0.674,0.671,0.671,39371.2,1692228599999,26486.4391,87,28821.2,19398.8286,0
1692228600000,0.672,0.676,0.672,0.676,25767.2,1692229499999,17364.4713,147,12929.8,8717.8058,0
1692229500000,0.676,0.678,0.676,0.677,31336.8,1692230399999,21210.5237,135,7874.9,5331.8632,0
1692230400000,0.677,0.678,0.674,0.677,62233.4,1692231299999,42074.5566,222,29067.8,19660.4238,0
1692231300000,0.678,0.678,0.673,0.677,31857.7,1692232199999,21511.3816,176,15124.5,10216.3905,0
1692232200000,0.677,0.677,0.666,0.667,146220.4,1692233099999,97933.155,515,62776.0,42041.7024,0
1692233100000,0.668,0.677,0.662,0.677,219161.6,1692233999999,146350.2986,828,127198.4,85124.1227,0
1692234000000,0.676,0.68,0.676,0.68,26278.3,1692234899999,17801.4401,165,13452.2,9122.0197,0
1692234900000,0.68,0.682,0.678,0.682,12281.1,1692235799999,8345.6801,62,3456.8,2350.817,0
1692235800000,0.682,0.682,0.679,0.679,18348.4,1692236699999,12468.7004,70,7692.3,5227.7044,0
1692236700000,0.679,0.679,0.677,0.678,30428.2,1692237599999,20621.0753,93,9538.5,6468.0303,0
1692237600000,0.679,0.68,0.678,0.679,8172.6,1692238499999,5545.2612,40,1564.3,1062.0617,0
1692238500000,0.679,0.681,0.679,0.681,20387.7,1692239399999,13868.8944,48,8466.7,5754.8781,0
1692239400000,0.681,0.682,0.68,0.68,32028.9,1692240299999,21806.1548,99,4516.8,3076.033,0
1692240300000,0.681,0.683,0.68,0.681,22931.3,1692241199999,15617.9788,87,14359.6,9777.3254,0
1692241200000,0.682,0.686,0.682,0.686,111413.6,1692242099999,76287.9171,239,108564.5,74340.3638,0
1692242100000,0.685,0.688,0.685,0.687,28837.7,1692242999999,19795.4581,120,10523.9,7225.5917,0
1692243000000,0.687,0.687,0.686,0.687,19323.0,1692243899999,13274.4835,70,15524.6,10665.4002,0
1692243900000,0.688,0.688,0.685,0.686,36180.4,1692244799999,24874.1814,111,18256.3,12558.5579,0
1692244800000,0.685,0.685,0.682,0.683,30083.9,1692245699999,20552.4416,108,561.4,383.6656,0
1692245700000,0.683,0.684,0.683,0.684,10022.9,1692246599999,6852.5551,33,6862.5,4690.8415,0
1692246600000,0.684,0.685,0.683,0.685,4203.9,1692247499999,2876.9244,25,3569.2,2443.4243,0
1692247500000,0.685,0.686,0.684,0.685,16850.1,1692248399999,11534.3958,91,13241.9,9065.4652,0
1692248400000,0.685,0.686,0.684,0.686,13233.3,1692249299999,9060.1155,69,11640.1,7969.5735,0
1692249300000,0.686,0.687,0.686,0.687,4450.3,1692250199999,3054.6118,27,4420.5,3034.169,0
1692250200000,0.687,0.688,0.686,0.688,4729.6,1692251099999,3249.6306,27,4280.1,2940.938,0
1692251100000,0.688,0.69,0.688,0.689,17509.9,1692251999999,12050.4777,91,7162.0,4930.8922,0
1692252000000,0.69,0.69,0.684,0.685,45352.8,1692252899999,31103.4817,178,6948.8,4778.9798,0
1692252900000,0.685,0.686,0.684,0.684,30913.4,1692253799999,21176.9387,88,3775.4,2589.2858,0
1692253800000,0.684,0.685,0.684,0.685,3113.8,1692254699999,2130.6236,18,1515.3,1037.2496,0
1692254700000,0.684,0.685,0.683,0.685,15404.3,1692255599999,10535.9454,36,2542.4,1741.0269,0
1692255600000,0.684,0.684,0.681,0.682,29651.3,1692256499999,20230.1218,107,2464.6,1684.6583,0
1692256500000,0.682,0.683,0.681,0.682,16567.5,1692257399999,11295.615,51,396.9,270.6694,0
1692257400000,0.682,0.682,0.68,0.68,10829.4,1692258299999,7380.5263,34,5721.0,3901.722,0
1692258300000,0.681,0.682,0.681,0.682,4805.3,1692259199999,3273.1952,20,4706.9,3206.1848,0
1692259200000,0.681,0.682,0.681,0.682,6742.4,1692260099999,4593.6589,26,2084.5,1421.629,0
1692260100000,0.682,0.682,0.68,0.68,10842.0,1692260999999,7377.6666,50,1821.0,1240.0452,0
1692261000000,0.68,0.68,0.678,0.679,2493.0,1692261899999,1692.7487,29,598.4,406.3313,0
1692261900000,0.678,0.68,0.678,0.678,11836.5,1692262799999,8030.268,67,5500.2,3733.5581,0
1692262800000,0.679,0.679,0.676,0.678,54902.4,1692263699999,37168.83,159,32676.1,22129.7427,0
1692263700000,0.678,0.681,0.678,0.679,15420.6,1692264599999,10482.2907,95,6484.7,4407.7892,0
1692264600000,0.68,0.68,0.678,0.68,7988.6,1692265499999,5424.8306,52,4715.0,3204.2531,0
1692265500000,0.68,0.68,0.68,0.68,5325.7,1692266399999,3621.476,19,466.0,316.88,0
1692266400000,0.68,0.681,0.679,0.68,2092.1,1692267299999,1420.9434,23,940.9,638.9948,0
1692267300000,0.68,0.68,0.68,0.68,8189.4,1692268199999,5568.792,28,7812.8,5312.704,0
1692268200000,0.68,0.68,0.676,0.677,16156.1,1692269099999,10954.0855,61,6842.5,4645.2318,0
1692269100000,0.677,0.678,0.677,0.677,11885.6,1692269999999,8052.3916,45,3514.1,2382.3318,0
1692270000000,0.677,0.677,0.676,0.676,21324.6,1692270899999,14416.3299,26,318.8,215.7318,0
1692270900000,0.676,0.677,0.676,0.676,7435.7,1692271799999,5030.478,38,2745.8,1856.6609,0
1692271800000,0.676,0.678,0.676,0.677,22598.6,1692272699999,15288.3177,90,19500.4,13190.8363,0
1692272700000,0.676,0.677,0.676,0.676,5003.3,1692273599999,3383.2444,15,1013.6,686.2072,0
1692273600000,0.676,0.678,0.676,0.678,36355.0,1692274499999,24595.4511,103,2333.5,1580.2859,0
1692274500000,0.677,0.679,0.676,0.678,72759.3,1692275399999,49279.4857,209,11046.5,7485.6467,0
1692275400000,0.679,0.68,0.679,0.679,25045.3,1692276299999,17008.7704,85,5350.4,3635.9333,0
1692276300000,0.679,0.681,0.679,0.679,14604.8,1692277199999,9927.197,50,4740.6,3220.8974,0
1692277200000,0.679,0.679,0.678,0.679,11116.4,1692278099999,7537.6987,45,2129.0,1444.2415,0
1692278100000,0.679,0.68,0.678,0.679,13016.1,1692278999999,8837.5653,59,4810.1,3266.1274,0
1692279000000,0.679,0.679,0.676,0.676,13502.3,1692279899999,9139.9667,47,1001.5,677.985,0
1692279900000,0.676,0.677,0.674,0.674,37825.9,1692280799999,25554.106,113,15176.2,10248.123,0
1692280800000,0.674,0.676,0.672,0.673,15784.9,1692281699999,10638.0398,97,8499.2,5731.5654,0
1692281700000,0.673,0.675,0.672,0.673,15625.9,1692282599999,10523.2701,59,6746.8,4543.8293,0
1692282600000,0.673,0.674,0.669,0.671,32152.8,1692283499999,21575.7808,168,10432.8,7003.0605,0
1692283500000,0.671,0.673,0.67,0.672,35709.6,1692284399999,23974.4612,128,26060.4,17493.0253,0
1692284400000,0.672,0.676,0.667,0.673,122156.6,1692285299999,81853.3804,431,57308.5,38428.8968,0
1692285300000,0.674,0.674,0.671,0.671,24878.9,1692286199999,16711.9954,132,5225.9,3513.8646,0
1692286200000,0.671,0.672,0.659,0.665,461108.3,1692287099999,306632.9739,1565,231420.7,154024.5554,0
1692287100000,0.665,0.668,0.658,0.663,176782.2,1692287999999,117055.3392,716,78039.4,51695.2772,0
1692288000000,0.663,0.668,0.659,0.663,183344.2,1692288899999,121693.4528,835,107937.2,71683.6803,0
1692288900000,0.663,0.668,0.663,0.667,40971.8,1692289799999,27275.0183,251,24514.9,16322.1925,0
1692289800000,0.667,0.673,0.667,0.669,47354.1,1692290699999,31740.6172,242,27457.5,18405.838,0
1692290700000,0.67,0.67,0.667,0.668,23228.6,1692291599999,15521.3346,194,10358.2,6923.6804,0
1692291600000,0.668,0.672,0.667,0.67,13755.8,1692292499999,9211.1866,103,5286.4,3540.3027,0
1692292500000,0.671,0.672,0.668,0.668,132073.7,1692293399999,88473.793,299,18115.2,12137.3813,0
1692293400000,0.669,0.671,0.669,0.669,7775.6,1692294299999,5209.845,77,4584.4,3073.9081,0
1692294300000,0.669,0.671,0.668,0.671,17003.1,1692295199999,11375.6167,90,15516.6,10381.5913,0
1692295200000,0.671,0.673,0.671,0.673,8203.6,1692296099999,5513.4021,60,5372.2,3610.5561,0
1692296100000,0.674,0.675,0.673,0.674,12417.4,1692296999999,8367.7479,89,2900.6,1955.2689,0
1692297000000,0.675,0.675,0.671,0.672,68953.1,1692297899999,46366.5436,146,8429.2,5673.7459,0
1692297900000,0.672,0.672,0.671,0.672,20385.0,1692298799999,13696.3673,113,16853.7,11325.6864,0
1692298800000,0.671,0.673,0.671,0.671,5138.6,1692299699999,3452.893,30,1606.9,1080.4634,0
1692299700000,0.672,0.672,0.671,0.672,5547.0,1692300599999,3727.4994,26,2348.8,1578.3936,0
1692300600000,0.673,0.673,0.671,0.671,11497.7,1692301499999,7726.3632,50,6699.5,4503.6073,0
1692301500000,0.671,0.672,0.67,0.67,18444.7,1692302399999,12385.2615,83,14005.9,9406.8471,0
1692302400000,0.671,0.672,0.67,0.671,9645.4,1692303299999,6473.0711,44,6095.8,4091.3059,0
1692303300000,0.671,0.671,0.668,0.67,37448.9,1692304199999,25062.9183,95,6603.5,4422.5187,0
1692304200000,0.669,0.669,0.666,0.667,59503.7,1692305099999,39697.4556,186,21487.8,14349.0249,0
1692305100000,0.666,0.669,0.659,0.665,142306.4,1692305999999,94421.5371,504,65218.1,43303.7674,0
1692306000000,0.665,0.667,0.657,0.658,56308.1,1692306899999,37262.2448,227,24124.6,15974.2711,0
1692306900000,0.659,0.664,0.658,0.659,39069.6,1692307799999,25846.0772,139,15558.9,10286.7619,0
1692307800000,0.659,0.659,0.571,0.572,1117000.9,1692308699999,683822.5996,3461,397955.8,244686.5214,0
1692308700000,0.572,0.646,0.566,0.603,1465848.7,1692309599999,879633.6914,5482,898092.9,539339.4649,0
1692309600000,0.603,0.607,0.594,0.597,547285.3,1692310499999,329259.5079,2744,329042.7,198151.2185,0
1692310500000,0.597,0.613,0.596,0.61,308407.9,1692311399999,187347.9207,1908,214659.1,130457.8341,0
1692311400000,0.61,0.615,0.607,0.614,555463.9,1692312299999,339232.2345,1862,422357.5,258035.8923,0
1692312300000,0.613,0.626,0.61,0.623,259126.0,1692313199999,159285.7734,1181,177254.6,108934.824,0
1692313200000,0.622,0.629,0.618,0.626,194494.6,1692314099999,121244.334,873,105315.6,65677.2857,0
1692314100000,0.625,0.627,0.619,0.622,107688.5,1692314999999,67177.6279,458,56795.3,35460.7161,0
1692315000000,0.621,0.623,0.618,0.622,59890.3,1692315899999,37169.2861,277,35303.2,21928.3759,0
1692315900000,0.623,0.623,0.619,0.619,24819.6,1692316799999,15390.6282,132,17236.7,10687.7259,0
1692316800000,0.618,0.627,0.616,0.626,64635.7,1692317699999,40170.0477,417,47361.2,29440.9039,0
1692317700000,0.626,0.628,0.624,0.626,74707.8,1692318599999,46760.4725,328,48190.4,30171.5838,0
1692318600000,0.625,0.627,0.622,0.624,37364.2,1692319499999,23295.801,152,20159.0,12570.1419,0
1692319500000,0.624,0.627,0.623,0.627,34747.3,1692320399999,21719.5056,189,23592.7,14761.0128,0
1692320400000,0.627,0.628,0.621,0.622,68923.9,1692321299999,42993.9489,190,9910.5,6189.5887,0
1692321300000,0.622,0.626,0.622,0.624,25775.0,1692322199999,16082.501,150,22691.4,14161.1435,0
1692322200000,0.624,0.626,0.623,0.626,40815.1,1692323099999,25488.1057,157,31196.3,19485.1827,0
1692323100000,0.626,0.627,0.623,0.623,23293.8,1692323999999,14554.0713,122,20364.7,12723.3055,0
1692324000000,0.624,0.63,0.624,0.629,27720.9,1692324899999,17383.1956,204,16126.3,10118.5175,0
1692324900000,0.63,0.63,0.624,0.624,93022.2,1692325799999,58287.2654,173,16590.1,10393.1572,0
1692325800000,0.625,0.628,0.624,0.624,54698.3,1692326699999,34224.8329,192,23129.6,14484.3466,0
1692326700000,0.625,0.627,0.621,0.621,66236.9,1692327599999,41339.9594,198,20677.0,12907.9931,0
1692327600000,0.621,0.624,0.62,0.621,73139.7,1692328499999,45525.7108,239,50547.4,31487.6653,0
1692328500000,0.622,0.626,0.622,0.625,14068.4,1692329399999,8783.317,76,9481.0,5916.4004,0
1692329400000,0.625,0.628,0.624,0.624,18982.3,1692330299999,11880.3022,89,14056.2,8798.0821,0
1692330300000,0.625,0.627,0.624,0.627,41131.2,1692331199999,25715.7623,142,9995.4,6258.2687,0
1692331200000,0.627,0.629,0.626,0.628,29529.3,1692332099999,18523.7136,116,9588.3,6021.8929,0
1692332100000,0.628,0.628,0.623,0.624,76685.2,1692332999999,47937.7979,262,41168.9,25742.6838,0
1692333000000,0.624,0.626,0.622,0.624,25212.0,1692333899999,15727.8392,153,12561.6,7838.2937,0
1692333900000,0.624,0.626,0.622,0.625,16092.8,1692334799999,10032.6049,85,6571.5,4100.3868,0
1692334800000,0.626,0.627,0.625,0.626,23509.0,1692335699999,14718.1317,67,19658.3,12308.1028,0
1692335700000,0.626,0.629,0.625,0.628,20165.1,1692336599999,12639.1269,79,9211.5,5778.3685,0
1692336600000,0.629,0.63,0.627,0.629,43783.0,1692337499999,27524.1669,137,13993.0,8806.0684,0
1692337500000,0.63,0.63,0.628,0.63,5902.3,1692338399999,3713.2077,48,3333.6,2098.1954,0
1692338400000,0.63,0.633,0.629,0.633,23229.1,1692339299999,14662.4605,114,15145.0,9559.0378,0
1692339300000,0.634,0.634,0.63,0.631,17863.4,1692340199999,11277.4453,94,10146.9,6406.7047,0
1692340200000,0.632,0.636,0.631,0.635,14513.3,1692341099999,9201.9331,103,12141.9,7698.8285,0
1692341100000,0.635,0.635,0.632,0.635,28552.5,1692341999999,18093.0132,120,13382.9,8483.3841,0
1692342000000,0.634,0.635,0.632,0.632,32927.8,1692342899999,20865.125,160,23002.4,14582.9004,0
1692342900000,0.633,0.636,0.632,0.633,66882.7,1692343799999,42418.1956,213,51127.8,32434.2225,0
1692343800000,0.633,0.634,0.631,0.634,22050.6,1692344699999,13947.6599,67,14763.4,9340.238,0
1692344700000,0.634,0.636,0.634,0.635,10018.5,1692345599999,6361.3317,45,8456.8,5369.7116,0
1692345600000,0.634,0.638,0.634,0.637,16697.4,1692346499999,10634.7412,85,13849.1,8821.5218,0
1692346500000,0.638,0.638,0.634,0.635,21121.0,1692347399999,13436.547,84,5926.7,3772.1677,0
1692347400000,0.635,0.635,0.632,0.634,37956.0,1692348299999,24045.9584,94,8280.4,5244.2093,0
1692348300000,0.633,0.638,0.633,0.638,20015.0,1692349199999,12714.8893,83,12574.1,7994.3797,0
1692349200000,0.637,0.638,0.636,0.636,18900.8,1692350099999,12047.7913,72,11150.2,7111.0571,0
1692350100000,0.637,0.682,0.636,0.642,394193.1,1692350999999,255234.5909,1452,223703.0,144702.8125,0
1692351000000,0.641,0.641,0.635,0.635,48621.6,1692351899999,31012.8281,241,12570.2,8026.3089,0
1692351900000,0.635,0.637,0.634,0.635,30057.5,1692352799999,19108.5346,97,11560.7,7355.838,0
1692352800000,0.635,0.638,0.635,0.637,26704.4,1692353699999,17002.3495,131,8528.3,5432.9996,0
1692353700000,0.638,0.638,0.635,0.636,16146.9,1692354599999,10283.5306,78,3315.8,2112.9183,0
1692354600000,0.636,0.638,0.635,0.636,26538.9,1692355499999,16900.3023,102,8161.8,5200.2203,0
1692355500000,0.636,0.637,0.635,0.637,4557.6,1692356399999,2900.4729,23,3619.6,2304.1096,0
1692356400000,0.637,0.638,0.636,0.638,8396.5,1692357299999,5342.939,32,5221.7,3323.7431,0
1692357300000,0.637,0.639,0.636,0.636,24409.6,1692358199999,15562.6726,105,9812.6,6263.5514,0
1692358200000,0.636,0.644,0.636,0.64,77702.9,1692359099999,49802.8592,262,25414.6,16274.7071,0
1692359100000,0.64,0.643,0.639,0.642,45330.0,1692359999999,29080.8745,148,15455.6,9918.7364,0
1692360000000,0.642,0.643,0.638,0.639,91672.8,1692360899999,58645.0842,231,24224.4,15516.7527,0
1692360900000,0.639,0.639,0.636,0.637,30929.3,1692361799999,19723.7532,112,10621.3,6777.6565,0
1692361800000,0.637,0.639,0.637,0.638,17541.1,1692362699999,11186.2713,59,6043.8,3857.1496,0
1692362700000,0.638,0.638,0.635,0.636,27753.3,1692363599999,17652.9479,76,2808.7,1787.5802,0
1692363600000,0.637,0.637,0.633,0.635,42843.5,1692364499999,27215.7285,155,14137.9,8987.9816,0
1692364500000,0.635,0.636,0.633,0.635,73217.5,1692365399999,46462.7333,189,31519.1,20019.366,0
1692365400000,0.635,0.638,0.634,0.637,37950.5,1692366299999,24132.45,126,19835.5,12618.4639,0
1692366300000,0.637,0.638,0.633,0.634,77566.6,1692367199999,49248.9916,265,16968.4,10788.9906,0
1692367200000,0.634,0.638,0.634,0.635,55161.9,1692368099999,35084.77,182,31120.1,19805.7505,0
1692368100000,0.635,0.636,0.633,0.634,55226.6,1692368999999,35042.9297,161,23378.1,14842.6555,0
1692369000000,0.636,0.637,0.634,0.635,25014.6,1692369899999,15891.7938,96,13007.2,8266.7741,0
1692369900000,0.636,0.636,0.629,0.632,138457.7,1692370799999,87476.1892,476,47249.0,29836.2025,0
1692370800000,0.633,0.635,0.63,0.635,39447.8,1692371699999,24971.1901,165,13216.3,8370.1311,0
1692371700000,0.635,0.637,0.634,0.634,30316.0,1692372599999,19275.1725,104,20446.0,13003.6132,0
1692372600000,0.635,0.635,0.63,0.632,76068.0,1692373499999,48031.7173,177,6369.7,4020.9939,0
1692373500000,0.632,0.633,0.63,0.631,41218.1,1692374399999,26007.218,111,6960.6,4393.4928,0
1692374400000,0.63,0.634,0.63,0.633,21780.3,1692375299999,13761.4316,59,14014.7,8853.5925,0
1692375300000,0.633,0.633,0.63,0.63,42156.0,1692376199999,26606.4729,141,7495.0,4732.026,0
1692376200000,0.63,0.63,0.627,0.63,176274.5,1692377099999,110770.5914,298,75990.7,47774.0798,0
1692377100000,0.629,0.632,0.625,0.628,95436.4,1692377999999,59922.3559,289,40367.0,25333.2472,0
1692378000000,0.629,0.629,0.621,0.625,286789.9,1692378899999,178894.3192,815,131256.0,81835.881,0
1692378900000,0.626,0.628,0.624,0.627,66856.5,1692379799999,41834.8754,285,24007.1,15037.7351,0
1692379800000,0.628,0.631,0.625,0.63,92929.3,1692380699999,58420.5704,311,44754.5,28169.7609,0
1692380700000,0.63,0.631,0.628,0.629,28072.2,1692381599999,17678.7532,140,12683.2,7994.3983,0
1692381600000,0.629,0.629,0.625,0.625,19268.8,1692382499999,12086.6752,128,2894.2,1817.6696,0
1692382500000,0.625,0.627,0.625,0.626,25899.8,1692383399999,16224.2371,82,20953.6,13126.175,0
1692383400000,0.626,0.628,0.625,0.628,21076.8,1692384299999,13215.7173,86,9342.0,5856.1494,0
1692384300000,0.628,0.631,0.626,0.628,59959.3,1692385199999,37699.271,221,23375.8,14703.2176,0
1692385200000,0.627,0.627,0.624,0.625,48889.5,1692386099999,30547.7299,202,20916.1,13072.6093,0
1692386100000,0.624,0.625,0.623,0.625,23644.5,1692386999999,14748.7708,73,13062.5,8151.1496,0
1692387000000,0.625,0.625,0.622,0.622,13080.7,1692387899999,8148.8353,72,3643.6,2271.6396,0
1692387900000,0.622,0.625,0.622,0.623,19647.8,1692388799999,12255.5971,74,6991.5,4363.1436,0
1692388800000,0.623,0.625,0.622,0.624,28177.0,1692389699999,17563.2626,117,11461.6,7149.8047,0
1692389700000,0.624,0.627,0.624,0.627,15628.4,1692390599999,9783.7911,56,11809.4,7394.8528,0
1692390600000,0.627,0.627,0.625,0.626,17793.3,1692391499999,11139.2497,44,1400.3,876.8464,0
1692391500000,0.627,0.627,0.624,0.625,24305.9,1692392399999,15203.699,90,8300.8,5189.3202,0
1692392400000,0.625,0.627,0.625,0.627,15207.5,1692393299999,9521.7487,43,9435.6,5907.9198,0
1692393300000,0.627,0.631,0.627,0.629,17458.9,1692394199999,10981.3478,84,13236.6,8327.0291,0
1692394200000,0.629,0.63,0.627,0.629,21367.1,1692395099999,13425.098,77,10133.8,6365.0395,0
1692395100000,0.628,0.628,0.625,0.626,71745.1,1692395999999,44932.624,113,1797.6,1126.4132,0
1692396000000,0.626,0.627,0.625,0.627,13455.3,1692396899999,8426.646,62,7611.9,4770.7572,0
1692396900000,0.628,0.628,0.625,0.627,4569.7,1692397799999,2861.6622,39,2732.3,1712.2996,0
1692397800000,0.626,0.628,0.625,0.628,22673.4,1692398699999,14213.0961,94,13732.8,8614.3788,0
1692398700000,0.628,0.628,0.626,0.627,16873.4,1692399599999,10577.2515,73,5676.9,3561.0058,0
1692399600000,0.627,0.63,0.626,0.628,31697.5,1692400499999,19921.8923,99,20061.4,12614.6932,0
1692400500000,0.628,0.628,0.626,0.627,26442.5,1692401399999,16584.4558,106,9727.3,6102.2436,0
1692401400000,0.627,0.627,0.625,0.626,18975.0,1692402299999,11883.7687,87,4771.7,2987.1095,0
1692402300000,0.625,0.628,0.625,0.626,11115.1,1692403199999,6961.49,63,1328.1,832.1382,0
1692403200000,0.625,0.627,0.624,0.626,44298.5,1692404099999,27710.7699,115,12365.3,7746.9811,0
1692404100000,0.626,0.626,0.622,0.624,43250.6,1692404999999,26988.1887,167,21068.4,13144.4997,0
1692405000000,0.624,0.63,0.624,0.629,54686.2,1692405899999,34343.9863,178,34259.9,21513.271,0
1692405900000,0.629,0.629,0.627,0.628,18496.5,1692406799999,11623.5612,71,2930.3,1842.6983,0
1692406800000,0.628,0.628,0.625,0.625,31402.6,1692407699999,19689.4224,101,1312.7,823.2849,0
1692407700000,0.625,0.625,0.623,0.625,38356.5,1692408599999,23929.8697,122,16208.1,10115.7473,0
1692408600000,0.624,0.624,0.623,0.623,16206.2,1692409499999,10099.5085,39,12517.1,7800.8783,0
1692409500000,0.624,0.624,0.623,0.623,20621.9,1692410399999,12854.0291,59,9287.1,5792.4487,0
1692410400000,0.622,0.622,0.618,0.62,112952.2,1692411299999,70034.3219,387,28618.5,17752.933,0
1692411300000,0.62,0.624,0.619,0.622,108908.5,1692412199999,67801.4929,215,50568.1,31467.3587,0
1692412200000,0.623,0.623,0.621,0.623,22023.8,1692413099999,13704.8468,59,16087.7,10018.3119,0
1692413100000,0.623,0.625,0.623,0.624,14050.1,1692413999999,8764.9542,37,11035.8,6885.4245,0
1692414000000,0.624,0.624,0.62,0.621,13288.9,1692414899999,8261.2881,52,2738.4,1701.63,0
1692414900000,0.62,0.623,0.619,0.623,18460.8,1692415799999,11459.9625,77,9881.6,6141.3851,0
1692415800000,0.622,0.623,0.622,0.623,2577.1,1692416699999,1603.3908,18,1601.1,996.3188,0
1692416700000,0.622,0.624,0.622,0.624,3770.3,1692417599999,2347.1567,13,1852.0,1153.815,0
1692417600000,0.624,0.624,0.622,0.623,14667.1,1692418499999,9140.2332,40,7065.5,4404.2369,0
1692418500000,0.622,0.623,0.621,0.623,53610.1,1692419399999,33322.2195,89,9034.6,5621.7712,0
1692419400000,0.623,0.626,0.623,0.625,34732.3,1692420299999,21692.7191,66,34689.5,21665.9852,0
1692420300000,0.626,0.627,0.625,0.626,12993.4,1692421199999,8131.1558,41,5226.0,3270.5427,0
1692421200000,0.625,0.626,0.624,0.625,19959.6,1692422099999,12465.5354,45,7525.6,4701.3235,0
1692422100000,0.625,0.625,0.623,0.625,23822.3,1692422999999,14872.4166,66,9428.2,5886.8974,0
1692423000000,0.624,0.624,0.623,0.624,12624.2,1692423899999,7875.9599,45,7052.2,4400.5728,0
1692423900000,0.624,0.624,0.624,0.624,643.8,1692424799999,401.7312,7,643.8,401.7312,0
1692424800000,0.623,0.626,0.623,0.626,11196.8,1692425699999,6988.614,49,8504.4,5309.2582,0
1692425700000,0.625,0.625,0.623,0.624,10619.5,1692426599999,6625.9463,37,1268.9,791.8096,0
1692426600000,0.624,0.624,0.623,0.623,4843.0,1692427499999,3019.8274,22,1617.3,1009.1589,0
1692427500000,0.623,0.624,0.622,0.623,12690.8,1692428399999,7907.5465,52,10831.3,6749.1037,0
1692428400000,0.622,0.622,0.621,0.621,7803.5,1692429299999,4853.1029,39,2112.5,1313.975,0
1692429300000,0.622,0.623,0.621,0.622,11398.3,1692430199999,7090.5864,49,5814.7,3617.8044,0
1692430200000,0.623,0.625,0.623,0.625,7431.9,1692431099999,4634.7596,46,7375.7,4599.6908,0
1692431100000,0.624,0.625,0.623,0.624,8739.5,1692431999999,5452.8353,35,2291.6,1429.9744,0
1692432000000,0.624,0.626,0.623,0.626,26484.0,1692432899999,16532.2269,74,14020.1,8750.3479,0
1692432900000,0.626,0.628,0.625,0.628,35495.8,1692433799999,22224.2394,146,18775.0,11762.6914,0
1692433800000,0.628,0.628,0.624,0.625,29767.1,1692434699999,18639.9989,85,15672.8,9818.7605,0
1692434700000,0.626,0.627,0.625,0.626,13967.1,1692435599999,8743.1238,73,9079.0,5684.8916,0
1692435600000,0.626,0.627,0.625,0.626,13278.0,1692436499999,8312.0065,41,2708.9,1696.0903,0
1692436500000,0.626,0.627,0.625,0.627,5935.0,1692437399999,3715.296,26,410.6,257.0644,0
1692437400000,0.626,0.626,0.624,0.626,8601.3,1692438299999,5377.4818,38,4774.2,2985.005,0
1692438300000,0.626,0.627,0.626,0.626,16644.2,1692439199999,10424.6133,75,7994.7,5010.0263,0
1692439200000,0.627,0.627,0.625,0.626,11461.3,1692440099999,7175.1411,36,3723.2,2331.8893,0
1692440100000,0.626,0.626,0.625,0.626,7127.9,1692440999999,4461.9537,21,7016.2,4392.1412,0
1692441000000,0.626,0.626,0.624,0.625,8691.0,1692441899999,5431.998,31,3135.1,1959.5972,0
1692441900000,0.625,0.625,0.624,0.625,11124.9,1692442799999,6944.3761,45,3826.7,2390.2637,0
1692442800000,0.625,0.625,0.624,0.624,25497.5,1692443699999,15913.4263,47,2022.9,1264.3125,0
1692443700000,0.624,0.624,0.622,0.623,48276.4,1692444599999,30079.0904,114,11509.1,7175.4784,0
1692444600000,0.623,0.624,0.623,0.623,54246.0,1692445499999,33810.1685,101,33680.6,20997.9243,0
1692445500000,0.623,0.624,0.622,0.623,10833.9,1692446399999,6750.3062,32,8675.6,5405.8869,0
1692446400000,0.623,0.624,0.621,0.623,53485.5,1692447299999,33282.3902,138,33172.9,20645.3683,0
1692447300000,0.622,0.623,0.622,0.622,30346.1,1692448199999,18882.3902,48,7116.0,4433.268,0
1692448200000,0.623,0.623,0.622,0.622,4652.0,1692449099999,2894.5873,25,2131.3,1326.7119,0
1692449100000,0.622,0.624,0.621,0.623,23853.6,1692449999999,14840.2246,94,15912.0,9906.916,0
1692450000000,0.624,0.624,0.622,0.623,7986.9,1692450899999,4970.8844,37,2081.9,1297.3304,0
1692450900000,0.622,0.622,0.621,0.622,12620.6,1692451799999,7843.8569,40,9132.4,5677.6059,0
1692451800000,0.622,0.623,0.621,0.622,25252.6,1692452699999,15706.5713,79,16010.1,9958.4354,0
1692452700000,0.622,0.623,0.62,0.623,36783.4,1692453599999,22876.1,114,24320.3,15128.8306,0
1692453600000,0.623,0.624,0.621,0.623,29828.4,1692454499999,18571.9426,78,7957.6,4955.1331,0
1692454500000,0.623,0.625,0.622,0.625,48328.9,1692455399999,30125.7631,110,33736.2,21035.0639,0
1692455400000,0.625,0.625,0.622,0.623,34587.4,1692456299999,21570.1143,66,11679.3,7281.1379,0
1692456300000,0.623,0.624,0.622,0.623,2397.8,1692457199999,1493.9861,16,2160.7,1346.4923,0
1692457200000,0.622,0.626,0.622,0.625,50971.7,1692458099999,31806.8626,143,35098.9,21900.5062,0
1692458100000,0.625,0.626,0.624,0.625,25678.2,1692458999999,16055.6631,100,17074.1,10678.1408,0
1692459000000,0.626,0.627,0.624,0.626,10253.1,1692459899999,6411.3336,73,7199.9,4502.6407,0
1692459900000,0.626,0.631,0.625,0.631,94512.0,1692460799999,59408.8638,316,84968.7,53426.0267,0
1692460800000,0.631,0.631,0.627,0.627,32880.4,1692461699999,20662.7965,96,9502.6,5975.6568,0
1692461700000,0.627,0.63,0.627,0.629,14664.7,1692462599999,9220.9483,86,12549.1,7891.1233,0
1692462600000,0.63,0.63,0.627,0.629,36631.0,1692463499999,23011.3889,102,18300.8,11499.5202,0
1692463500000,0.63,0.632,0.629,0.631,61352.1,1692464399999,38705.3398,173,34879.6,22006.3357,0
1692464400000,0.63,0.632,0.629,0.629,104717.7,1692465299999,66080.0163,237,86193.0,54408.8263,0
1692465300000,0.629,0.629,0.626,0.626,27667.2,1692466199999,17339.2834,231,4341.8,2721.6849,0
1692466200000,0.625,0.627,0.625,0.625,33658.4,1692467099999,21069.4524,66,20987.7,13141.2859,0
1692467100000,0.626,0.628,0.626,0.626,9211.2,1692467999999,5773.9167,31,3812.7,2391.0276,0
1692468000000,0.626,0.627,0.625,0.626,25699.5,1692468899999,16075.411,62,14529.6,9089.8012,0
1692468900000,0.626,0.627,0.625,0.626,8684.6,1692469799999,5437.4357,27,6654.4,4166.6248,0
1692469800000,0.627,0.627,0.626,0.627,7983.1,1692470699999,4999.6433,41,2527.9,1584.6881,0
1692470700000,0.627,0.627,0.626,0.627,7674.2,1692471599999,4809.4927,27,5443.5,3413.0745,0
1692471600000,0.626,0.627,0.626,0.627,8798.9,1692472499999,5516.039,35,6484.2,4065.5934,0
1692472500000,0.627,0.628,0.625,0.626,10451.9,1692473399999,6548.9353,50,3873.1,2425.8086,0
1692473400000,0.626,0.627,0.626,0.627,1870.1,1692474299999,1170.9425,17,1457.5,912.6549,0
1692474300000,0.626,0.627,0.626,0.626,5022.8,1692475199999,3149.1227,21,3686.9,2311.6863,0
1692475200000,0.626,0.626,0.624,0.625,16562.1,1692476099999,10345.9878,47,6468.7,4043.2415,0
1692476100000,0.626,0.626,0.62,0.621,59877.2,1692476999999,37263.7096,206,24019.9,14955.2719,0
1692477000000,0.621,0.623,0.62,0.62,27913.5,1692477899999,17348.2084,108,4006.0,2491.7864,0
1692477900000,0.62,0.622,0.62,0.622,5725.2,1692478799999,3559.477,27,4599.9,2860.1298,0
1692478800000,0.621,0.623,0.621,0.622,9375.5,1692479699999,5829.2285,31,4891.8,3044.2244,0
1692479700000,0.622,0.623,0.622,0.623,22634.9,1692480599999,14079.3176,36,409.8,255.3054,0
1692480600000,0.623,0.623,0.621,0.621,18668.0,1692481499999,11612.5966,56,7709.4,4799.9561,0
1692481500000,0.622,0.623,0.621,0.623,10014.9,1692482399999,6234.0377,25,9035.2,5624.6804,0
1692482400000,0.622,0.623,0.622,0.622,31698.5,1692483299999,19717.9762,31,1509.2,940.2316,0
1692483300000,0.623,0.624,0.623,0.623,1520.0,1692484199999,947.2195,13,1370.0,853.7695,0
1692484200000,0.623,0.624,0.622,0.623,18808.8,1692485099999,11716.7933,65,8342.3,5197.4932,0
1692485100000,0.622,0.623,0.621,0.622,7031.1,1692485999999,4373.2066,49,4742.3,2949.7574,0
1692486000000,0.622,0.623,0.622,0.622,541.9,1692486899999,337.2022,9,511.4,318.2312,0
1692486900000,0.623,0.624,0.623,0.624,6173.8,1692487799999,3849.7368,24,6100.6,3804.06,0
1692487800000,0.625,0.626,0.625,0.626,5106.1,1692488699999,3192.4509,20,5106.1,3192.4509,0
1692488700000,0.626,0.627,0.625,0.627,11384.8,1692489599999,7126.2464,30,10504.0,6575.6313,0
1692489600000,0.626,0.628,0.626,0.628,26483.8,1692490499999,16597.537,74,10358.0,6498.438,0
1692490500000,0.628,0.628,0.626,0.628,9957.1,1692491399999,6248.7675,44,2162.5,1356.926,0
1692491400000,0.627,0.629,0.625,0.629,66103.9,1692492299999,41491.4398,154,57372.4,36021.041,0
1692492300000,0.628,0.63,0.627,0.629,13193.0,1692493199999,8291.7071,51,6212.8,3907.2932,0
1692493200000,0.63,0.63,0.628,0.628,10500.7,1692494099999,6607.8515,48,2908.1,1831.8732,0
1692494100000,0.627,0.627,0.626,0.627,3856.9,1692494999999,2418.1964,17,2138.0,1340.526,0
1692495000000,0.626,0.628,0.625,0.628,23945.3,1692495899999,15013.7524,73,11746.4,7363.9266,0
1692495900000,0.629,0.629,0.626,0.626,33198.0,1692496799999,20815.2842,72,2853.7,1793.8769,0
1692496800000,0.627,0.628,0.626,0.626,4419.7,1692497699999,2769.4772,22,2360.7,1479.2429,0
1692497700000,0.626,0.627,0.625,0.627,7920.5,1692498599999,4958.5334,24,4535.9,2839.9821,0
1692498600000,0.627,0.627,0.627,0.627,2239.4,1692499499999,1404.1038,14,2239.4,1404.1038,0
1692499500000,0.628,0.628,0.625,0.626,42705.9,1692500399999,26711.7481,63,5147.6,3222.5091,0
1692500400000,0.625,0.626,0.625,0.625,1084.9,1692501299999,678.1329,8,70.4,44.0704,0
1692501300000,0.626,0.627,0.626,0.627,1842.4,1692502199999,1153.3834,9,1842.4,1153.3834,0
1692502200000,0.627,0.627,0.626,0.627,5563.6,1692503099999,3488.0813,36,2233.1,1400.1537,0
1692503100000,0.626,0.627,0.625,0.626,4118.9,1692503999999,2578.8303,21,3034.5,1900.0309,0
1692504000000,0.626,0.626,0.626,0.626,2951.7,1692504899999,1847.7642,12,999.0,625.374,0
1692504900000,0.626,0.627,0.625,0.626,11980.2,1692505799999,7496.6115,32,366.3,229.35,0
1692505800000,0.625,0.625,0.624,0.624,5879.1,1692506699999,3673.0513,23,24.0,15.0,0
1692506700000,0.625,0.626,0.625,0.625,11716.1,1692507599999,7324.2706,30,8217.5,5137.6456,0
1692507600000,0.625,0.625,0.623,0.623,15116.1,1692508499999,9430.7133,61,2255.9,1407.7757,0
1692508500000,0.624,0.624,0.623,0.624,38006.4,1692509399999,23698.8947,75,9895.6,6174.8544,0
1692509400000,0.624,0.624,0.623,0.624,8968.9,1692510299999,5592.6663,34,257.5,160.68,0
1692510300000,0.623,0.624,0.62,0.621,47787.3,1692511199999,29708.3677,201,15018.0,9337.4799,0
1692511200000,0.62,0.622,0.619,0.62,23429.9,1692512099999,14532.9944,85,7670.8,4763.6848,0
1692512100000,0.619,0.62,0.618,0.62,12512.2,1692512999999,7745.3271,46,3838.2,2376.1393,0
1692513000000,0.619,0.621,0.618,0.621,19195.2,1692513899999,11888.081,66,17708.9,10968.0824,0
1692513900000,0.621,0.621,0.618,0.618,22922.4,1692514799999,14191.0203,51,5378.7,3329.4477,0
1692514800000,0.618,0.62,0.618,0.619,9140.5,1692515699999,5658.9844,33,8885.7,5501.2809,0
1692515700000,0.62,0.621,0.62,0.621,5303.7,1692516599999,3289.2532,29,5303.7,3289.2532,0
1692516600000,0.621,0.621,0.62,0.621,4689.0,1692517499999,2911.8349,32,3955.6,2456.4276,0
1692517500000,0.622,0.622,0.621,0.622,6465.9,1692518399999,4015.4304,18,2646.8,1643.7693,0
1692518400000,0.622,0.622,0.621,0.621,14710.1,1692519299999,9135.5193,35,4993.4,3101.4486,0
1692519300000,0.622,0.623,0.62,0.622,23266.9,1692520199999,14467.4876,79,16047.7,9980.0165,0
1692520200000,0.622,0.624,0.622,0.624,6585.6,1692521099999,4102.2437,38,6111.4,3806.8171,0
1692521100000,0.624,0.625,0.624,0.624,7253.7,1692521999999,4528.719,46,6620.0,4133.2902,0
1692522000000,0.624,0.624,0.623,0.623,7078.4,1692522899999,4414.3091,18,97.8,61.0272,0
1692522900000,0.623,0.623,0.622,0.623,10293.7,1692523799999,6408.4278,40,418.6,260.5442,0
1692523800000,0.623,0.623,0.622,0.622,18087.3,1692524699999,11252.9873,36,4348.1,2707.2049,0
1692524700000,0.623,0.625,0.623,0.624,16618.6,1692525599999,10362.2212,73,15685.0,9779.7178,0
1692525600000,0.625,0.635,0.625,0.627,245880.4,1692526499999,154919.9759,699,186118.0,117286.8289,0
1692526500000,0.627,0.627,0.626,0.626,11218.7,1692527399999,7029.1376,47,6642.9,4163.2303,0
1692527400000,0.626,0.627,0.625,0.625,8051.0,1692528299999,5038.6378,38,3378.2,2115.0851,0
1692528300000,0.625,0.627,0.625,0.627,35880.1,1692529199999,22434.0886,46,8997.0,5632.1511,0
1692529200000,0.626,0.628,0.626,0.628,21603.8,1692530099999,13537.4351,52,11752.5,7367.9959,0
1692530100000,0.628,0.628,0.627,0.627,15439.0,1692530999999,9686.6671,45,7544.8,4737.0037,0
1692531000000,0.627,0.627,0.626,0.626,22364.6,1692531899999,14000.6743,47,8798.0,5507.9827,0
1692531900000,0.626,0.627,0.625,0.627,17514.8,1692532799999,10969.2792,54,11279.7,7066.3059,0
1692532800000,0.627,0.627,0.625,0.625,12777.3,1692533699999,7998.4983,44,4476.0,2804.9209,0
1692533700000,0.625,0.626,0.625,0.626,35841.1,1692534599999,22405.5496,41,4862.1,3043.6746,0
1692534600000,0.626,0.628,0.626,0.626,79044.7,1692535499999,49491.3346,116,74011.8,46337.092,0
1692535500000,0.627,0.627,0.626,0.627,11051.4,1692536399999,6921.5312,26,3149.3,1974.6111,0
1692536400000,0.627,0.628,0.627,0.627,9096.6,1692537299999,5704.31,30,7332.7,4598.3447,0
1692537300000,0.626,0.627,0.626,0.627,32064.7,1692538199999,20091.6542,46,30896.2,19360.1732,0
1692538200000,0.627,0.628,0.627,0.627,15580.7,1692539099999,9781.4599,58,7215.6,4530.4496,0
1692539100000,0.627,0.628,0.627,0.627,19652.4,1692539999999,12326.0258,43,14171.2,8889.3134,0
1692540000000,0.626,0.627,0.625,0.626,11591.9,1692540899999,7255.9424,42,3766.7,2359.3675,0
1692540900000,0.626,0.626,0.625,0.625,8567.8,1692541799999,5355.261,19,386.0,241.636,0
1692541800000,0.625,0.625,0.623,0.624,25617.1,1692542699999,16001.2455,88,5688.0,3551.8066,0
1692542700000,0.623,0.624,0.621,0.622,13912.3,1692543599999,8652.1014,89,3967.6,2467.5547,0
1692543600000,0.622,0.623,0.618,0.62,27394.5,1692544499999,16992.7672,131,14425.0,8952.8011,0
1692544500000,0.62,0.623,0.62,0.622,16019.1,1692545399999,9967.044,90,9621.8,5987.6956,0
1692545400000,0.623,0.623,0.622,0.622,7790.6,1692546299999,4845.8851,19,5204.2,3237.1443,0
1692546300000,0.622,0.622,0.621,0.622,3219.9,1692547199999,2001.2559,23,1698.0,1056.156,0
1692547200000,0.621,0.621,0.619,0.619,16261.4,1692548099999,10088.4202,51,3670.8,2278.387,0
1692548100000,0.621,0.621,0.619,0.62,8111.9,1692548999999,5028.088,29,2555.2,1584.2943,0
1692549000000,0.62,0.621,0.62,0.62,13922.3,1692549899999,8632.226,31,5643.1,3499.122,0
1692549900000,0.62,0.62,0.617,0.618,16415.3,1692550799999,10139.601,55,5773.7,3568.5766,0
1692550800000,0.618,0.618,0.615,0.618,50039.3,1692551699999,30843.7084,157,19556.6,12069.3789,0
1692551700000,0.618,0.619,0.617,0.619,78993.3,1692552599999,48877.807,161,72805.5,45050.2076,0
1692552600000,0.619,0.624,0.619,0.624,31866.3,1692553499999,19797.4687,170,27229.6,16922.3157,0
1692553500000,0.623,0.625,0.622,0.622,11453.3,1692554399999,7139.207,53,3819.3,2382.1937,0
1692554400000,0.622,0.624,0.622,0.624,6374.7,1692555299999,3972.5932,21,2465.3,1537.8805,0
1692555300000,0.624,0.624,0.623,0.624,5528.2,1692556199999,3449.2768,30,5005.6,3123.4944,0
1692556200000,0.625,0.625,0.624,0.625,12238.4,1692557099999,7645.9714,52,8916.2,5572.625,0
1692557100000,0.625,0.626,0.623,0.624,10166.5,1692557999999,6348.7156,33,1037.2,649.0834,0
1692558000000,0.624,0.624,0.623,0.624,14454.9,1692558899999,9019.819,41,6471.0,4037.904,0
1692558900000,0.625,0.626,0.625,0.625,1776.9,1692559799999,1110.5938,13,1494.2,933.9063,0
1692559800000,0.626,0.626,0.625,0.626,5034.8,1692560699999,3147.9575,15,1207.5,755.895,0
1692560700000,0.625,0.626,0.625,0.625,20643.1,1692561599999,12903.5214,17,1583.9,991.5214,0
1692561600000,0.626,0.628,0.626,0.628,20948.2,1692562499999,13140.3396,78,20553.5,12893.0306,0
1692562500000,0.628,0.629,0.627,0.628,3403.4,1692563399999,2136.9881,16,2070.9,1300.5412,0
1692563400000,0.627,0.63,0.627,0.629,9661.1,1692564299999,6071.5681,77,6390.9,4015.3601,0
1692564300000,0.63,0.631,0.629,0.629,19933.9,1692565199999,12552.1647,59,11286.0,7108.282,0
1692565200000,0.629,0.63,0.626,0.626,29282.3,1692566099999,18372.0416,103,7091.7,4456.0119,0
1692566100000,0.626,0.627,0.625,0.627,53452.3,1692566999999,33462.7977,64,9571.2,5993.3566,0
1692567000000,0.627,0.627,0.625,0.627,14202.7,1692567899999,8895.4144,34,11016.2,6901.0752,0
1692567900000,0.627,0.627,0.626,0.626,4371.0,1692568799999,2740.251,7,4005.0,2511.135,0
1692568800000,0.627,0.628,0.626,0.626,27749.2,1692569699999,17391.9315,48,2752.9,1726.2275,0
1692569700000,0.626,0.627,0.626,0.626,3766.4,1692570599999,2359.3744,16,1807.3,1132.9778,0
1692570600000,0.627,0.627,0.626,0.626,6659.9,1692571499999,4174.902,21,3132.1,1963.8267,0
1692571500000,0.627,0.628,0.627,0.628,72.7,1692572399999,45.5988,4,47.3,29.673,0
1692572400000,0.627,0.627,0.627,0.627,4726.6,1692573299999,2963.5782,14,4345.4,2724.5658,0
1692573300000,0.626,0.626,0.624,0.625,43557.5,1692574199999,27195.7426,64,1121.4,701.2953,0
1692574200000,0.626,0.627,0.625,0.626,2634.5,1692575099999,1650.0004,16,2477.3,1551.6479,0
1692575100000,0.627,0.627,0.625,0.625,6676.7,1692575999999,4177.3,31,3307.2,2070.3232,0
1692576000000,0.626,0.626,0.622,0.623,72947.7,1692576899999,45454.9557,195,43783.1,27283.2759,0
1692576900000,0.622,0.623,0.622,0.623,2794.6,1692577799999,1740.6306,9,2389.4,1488.5962,0
1692577800000,0.622,0.624,0.622,0.624,6067.8,1692578699999,3784.0546,37,5841.5,3643.0102,0
1692578700000,0.625,0.626,0.624,0.625,20174.2,1692579599999,12593.9414,57,5883.6,3672.9339,0
1692579600000,0.625,0.626,0.623,0.624,17669.3,1692580499999,11030.5329,61,7961.3,4971.2487,0
1692580500000,0.624,0.626,0.624,0.625,23080.2,1692581399999,14418.0288,95,10878.9,6797.0849,0
1692581400000,0.625,0.625,0.625,0.625,3805.5,1692582299999,2378.4375,17,2136.2,1335.125,0
1692582300000,0.625,0.625,0.625,0.625,2486.1,1692583199999,1553.8125,11,100.0,62.5,0
1692583200000,0.625,0.626,0.624,0.625,12805.2,1692584099999,8003.7683,35,7469.3,4668.8731,0
1692584100000,0.626,0.626,0.623,0.624,18149.6,1692584999999,11337.491,36,1218.2,761.1168,0
1692585000000,0.623,0.624,0.623,0.623,13339.6,1692585899999,8312.2293,42,3201.2,1996.0061,0
1692585900000,0.622,0.624,0.622,0.623,4925.1,1692586799999,3065.2709,36,680.5,424.1042,0
1692586800000,0.623,0.624,0.622,0.622,2373.4,1692587699999,1478.4383,40,259.7,162.0528,0
1692587700000,0.622,0.623,0.621,0.622,6030.0,1692588599999,3750.431,57,2555.9,1590.297,0
1692588600000,0.622,0.622,0.62,0.62,5344.1,1692589499999,3319.9689,57,23.2,14.4304,0
1692589500000,0.62,0.621,0.619,0.62,16497.3,1692590399999,10229.2188,88,10348.9,6417.686,0
1692590400000,0.62,0.621,0.619,0.619,15548.0,1692591299999,9639.9372,71,5431.0,3368.5723,0
1692591300000,0.619,0.62,0.618,0.618,12785.0,1692592199999,7913.6233,67,5104.4,3159.8732,0
1692592200000,0.618,0.619,0.617,0.617,50294.6,1692593099999,31113.8253,98,26201.3,16218.5057,0
1692593100000,0.617,0.618,0.617,0.618,9375.2,1692593999999,5785.3799,56,2088.6,1289.5477,0
1692594000000,0.618,0.618,0.617,0.618,7704.8,1692594899999,4760.8264,49,6369.8,3936.5364,0
1692594900000,0.619,0.62,0.619,0.62,10092.2,1692595799999,6250.0888,47,9610.4,5951.7734,0
1692595800000,0.621,0.625,0.621,0.623,59238.1,1692596699999,36895.8937,240,25927.7,16146.6137,0
1692596700000,0.624,0.624,0.622,0.622,37874.6,1692597599999,23596.7328,53,37563.9,23403.3503,0
1692597600000,0.622,0.623,0.622,0.623,7532.4,1692598499999,4686.3476,36,6316.3,3929.9334,0
1692598500000,0.622,0.622,0.621,0.621,6882.2,1692599399999,4279.7758,30,1435.8,893.0676,0
1692599400000,0.621,0.621,0.62,0.62,8178.8,1692600299999,5075.1383,35,5802.4,3601.2252,0
1692600300000,0.619,0.619,0.616,0.618,39607.1,1692601199999,24477.1106,124,14393.8,8895.4795,0
1692601200000,0.618,0.618,0.617,0.617,1510.8,1692602099999,933.3465,18,1182.9,731.0322,0
1692602100000,0.618,0.619,0.616,0.616,9613.5,1692602999999,5937.4683,37,6877.6,4250.4224,0
1692603000000,0.616,0.617,0.615,0.617,16168.8,1692603899999,9960.6609,61,9261.7,5706.1623,0
1692603900000,0.617,0.617,0.615,0.615,10039.3,1692604799999,6183.6634,26,359.0,221.503,0
1692604800000,0.616,0.616,0.613,0.614,31453.1,1692605699999,19317.5285,110,18643.7,11450.3305,0
1692605700000,0.615,0.618,0.613,0.617,119800.9,1692606599999,73698.9747,197,106473.6,65498.0026,0
1692606600000,0.618,0.618,0.617,0.617,4687.0,1692607499999,2893.1206,18,1377.9,851.4059,0
1692607500000,0.618,0.618,0.616,0.617,11212.3,1692608399999,6919.734,41,4386.8,2708.6318,0
1692608400000,0.617,0.617,0.616,0.617,2815.1,1692609299999,1735.3866,14,1254.9,774.2733,0
1692609300000,0.618,0.62,0.618,0.62,7412.4,1692610199999,4589.7158,42,6264.2,3879.2026,0
1692610200000,0.62,0.62,0.618,0.618,4733.8,1692611099999,2930.2658,23,1608.5,997.0214,0
1692611100000,0.618,0.618,0.616,0.617,3059.3,1692611999999,1885.7184,21,797.8,492.4244,0
1692612000000,0.617,0.618,0.611,0.613,84808.3,1692612899999,51986.9386,295,35721.9,21911.6791,0
1692612900000,0.612,0.615,0.612,0.612,41895.1,1692613799999,25652.6663,81,2956.7,1813.157,0
1692613800000,0.612,0.612,0.61,0.611,81352.7,1692614699999,49710.1471,174,31062.9,18980.172,0
1692614700000,0.611,0.612,0.607,0.609,48242.9,1692615599999,29349.3859,171,13457.7,8191.3271,0
1692615600000,0.609,0.61,0.609,0.609,8937.7,1692616499999,5448.4737,33,5414.4,3302.784,0
1692616500000,0.609,0.613,0.609,0.613,14495.9,1692617399999,8867.4392,75,14376.7,8794.7272,0
1692617400000,0.613,0.615,0.612,0.615,16157.8,1692618299999,9921.1071,57,7426.9,4560.848,0
1692618300000,0.615,0.616,0.613,0.616,7952.6,1692619199999,4892.0364,45,5073.2,3121.1058,0
1692619200000,0.616,0.618,0.616,0.618,10445.9,1692620099999,6442.8396,41,9478.2,5846.6989,0
1692620100000,0.618,0.618,0.617,0.617,7201.3,1692620999999,4446.3545,32,1179.4,727.8125,0
1692621000000,0.617,0.618,0.616,0.616,12718.6,1692621899999,7839.5495,55,2235.9,1378.2456,0
1692621900000,0.615,0.616,0.613,0.613,29926.4,1692622799999,18389.026,61,13930.8,8569.905,0
1692622800000,0.613,0.614,0.612,0.613,10588.2,1692623699999,6493.7451,35,9846.8,6039.3642,0
1692623700000,0.612,0.612,0.61,0.612,10892.1,1692624599999,6655.0586,68,2982.4,1822.9608,0
1692624600000,0.612,0.614,0.612,0.613,15832.6,1692625499999,9705.9886,40,10401.6,6377.2893,0
1692625500000,0.614,0.617,0.612,0.617,28934.0,1692626399999,17748.0097,81,15763.1,9678.1673,0
1692626400000,0.617,0.619,0.615,0.617,45648.3,1692627299999,28206.5867,123,15499.6,9582.9636,0
1692627300000,0.617,0.617,0.614,0.615,9355.7,1692628199999,5759.2245,41,2339.6,1440.4784,0
1692628200000,0.615,0.616,0.614,0.616,5920.6,1692629099999,3637.468,28,4487.7,2757.6674,0
1692629100000,0.615,0.617,0.615,0.615,8752.4,1692629999999,5386.934,33,4274.0,2632.3634,0
1692630000000,0.616,0.617,0.613,0.613,13867.5,1692630899999,8520.6124,58,6218.0,3819.1874,0
1692630900000,0.613,0.614,0.597,0.603,245061.2,1692631799999,148221.8239,826,125870.6,76245.8388,0
1692631800000,0.602,0.608,0.601,0.606,55002.7,1692632699999,33275.1736,241,32338.5,19556.1842,0
1692632700000,0.607,0.607,0.604,0.605,27265.6,1692633599999,16502.687,87,15221.5,9218.6879,0
1692633600000,0.605,0.607,0.605,0.605,15796.0,1692634499999,9563.3593,54,9324.2,5646.8757,0
1692634500000,0.605,0.609,0.605,0.608,26288.4,1692635399999,15967.907,86,13815.4,8389.4278,0
1692635400000,0.608,0.61,0.607,0.609,29194.9,1692636299999,17755.1712,88,18448.1,11219.7062,0
1692636300000,0.608,0.61,0.608,0.609,8701.1,1692637199999,5296.3518,41,3603.2,2194.3145,0
1692637200000,0.609,0.612,0.609,0.611,28426.5,1692638099999,17349.1463,102,7674.3,4683.5647,0
1692638100000,0.61,0.613,0.609,0.611,39102.7,1692638999999,23905.2667,108,18724.0,11442.5402,0
1692639000000,0.612,0.613,0.611,0.612,10766.9,1692639899999,6585.6275,38,4292.5,2629.5241,0
1692639900000,0.612,0.612,0.611,0.612,3548.6,1692640799999,2169.2287,17,1305.5,798.6946,0
1692640800000,0.612,0.613,0.611,0.613,7661.1,1692641699999,4688.2996,35,6264.8,3834.6277,0
1692641700000,0.614,0.614,0.613,0.613,1538.5,1692642599999,943.3081,15,210.9,129.4893,0
1692642600000,0.613,0.615,0.613,0.615,22270.3,1692643499999,13655.1225,37,2997.7,1840.9125,0
1692643500000,0.615,0.616,0.614,0.616,24799.7,1692644399999,15255.4281,61,13421.7,8257.9896,0
1692644400000,0.616,0.617,0.616,0.616,10439.5,1692645299999,6431.8852,34,2510.0,1547.3132,0
1692645300000,0.616,0.618,0.616,0.617,19878.8,1692646199999,12250.0759,66,4733.9,2917.9666,0
1692646200000,0.618,0.62,0.617,0.619,73669.0,1692647099999,45549.9643,157,64039.7,39589.7827,0
1692647100000,0.619,0.621,0.619,0.619,15363.6,1692647999999,9524.2572,51,449.2,278.3871,0
1692648000000,0.62,0.621,0.618,0.618,4182.6,1692648899999,2589.4443,27,1746.6,1081.5121,0
1692648900000,0.619,0.62,0.619,0.619,9768.5,1692649799999,6050.7139,26,8867.7,5493.1187,0
1692649800000,0.619,0.62,0.619,0.62,14843.7,1692650699999,9196.8759,35,11264.1,6981.1035,0
1692650700000,0.619,0.621,0.619,0.621,2968.3,1692651599999,1841.0394,17,2922.6,1812.731,0
1692651600000,0.621,0.622,0.619,0.619,15181.1,1692652499999,9422.3558,47,7425.5,4612.0355,0
1692652500000,0.62,0.621,0.619,0.62,13382.7,1692653399999,8292.7236,30,8650.1,5363.2117,0
1692653400000,0.621,0.623,0.621,0.622,14746.0,1692654299999,9175.0021,65,4402.8,2742.2805,0
1692654300000,0.623,0.625,0.622,0.624,23931.8,1692655199999,14916.1247,68,17023.8,10610.6098,0
1692655200000,0.623,0.625,0.623,0.624,21041.8,1692656099999,13130.2068,36,14042.0,8762.3987,0
1692656100000,0.624,0.624,0.623,0.623,13500.0,1692656999999,8416.0022,43,3913.6,2441.5991,0
1692657000000,0.623,0.623,0.622,0.622,22295.2,1692657899999,13869.9189,58,2969.2,1846.9626,0
1692657900000,0.623,0.623,0.622,0.622,502.5,1692658799999,312.5774,5,22.4,13.9552,0
1692658800000,0.623,0.624,0.622,0.623,18538.0,1692659699999,11564.6063,44,18115.0,11301.1722,0
1692659700000,0.624,0.625,0.624,0.625,3765.8,1692660599999,2352.9618,18,1134.7,709.1081,0
1692660600000,0.624,0.625,0.623,0.624,8800.8,1692661499999,5491.7312,32,3704.6,2312.4704,0
1692661500000,0.624,0.624,0.622,0.623,25036.6,1692662399999,15600.5267,66,9102.1,5670.6884,0
1692662400000,0.623,0.625,0.622,0.624,29834.8,1692663299999,18601.8217,74,10789.6,6730.0415,0
1692663300000,0.624,0.625,0.624,0.625,11365.1,1692664199999,7096.0197,36,6493.7,4056.0936,0
1692664200000,0.625,0.627,0.625,0.626,12482.5,1692665099999,7807.1655,67,6369.6,3983.5666,0
1692665100000,0.626,0.626,0.623,0.623,12957.8,1692665999999,8100.1049,63,3657.5,2287.2955,0
1692666000000,0.623,0.624,0.621,0.622,41328.6,1692666899999,25738.0475,131,11886.5,7410.8538,0
1692666900000,0.622,0.623,0.62,0.62,37643.4,1692667799999,23388.1314,80,8783.5,5463.4221,0
1692667800000,0.62,0.622,0.619,0.621,24214.9,1692668699999,15023.1265,92,5121.8,3181.7758,0
1692668700000,0.621,0.621,0.619,0.619,29857.1,1692669599999,18503.9468,86,5208.4,3230.9516,0
1692669600000,0.62,0.621,0.62,0.621,5283.8,1692670499999,3277.3889,24,4423.9,2744.2509,0
1692670500000,0.621,0.622,0.62,0.622,53245.0,1692671399999,33098.1138,72,44801.0,27854.5089,0
1692671400000,0.622,0.623,0.621,0.623,5844.5,1692672299999,3637.9441,50,5239.1,3261.4891,0
1692672300000,0.623,0.623,0.622,0.623,6836.3,1692673199999,4258.2149,32,3139.8,1956.0954,0
1692673200000,0.622,0.623,0.622,0.622,23385.0,1692674099999,14546.5775,38,3457.8,2151.8591,0
1692674100000,0.622,0.623,0.619,0.619,74234.4,1692674999999,46101.3535,146,15881.7,9880.4905,0
1692675000000,0.619,0.619,0.619,0.619,30502.3,1692675899999,18880.9237,46,21083.7,13050.8103,0
1692675900000,0.619,0.62,0.619,0.62,1764.3,1692676799999,1092.1949,8,93.2,57.784,0
1692676800000,0.619,0.621,0.619,0.619,10947.6,1692677699999,6784.9461,41,5239.2,3248.9211,0
1692677700000,0.618,0.62,0.618,0.619,4018.6,1692678599999,2490.3039,14,2943.7,1825.0421,0
1692678600000,0.62,0.62,0.619,0.619,2513.8,1692679499999,1556.1397,7,97.5,60.45,0
1692679500000,0.619,0.619,0.617,0.618,21102.4,1692680399999,13055.0055,68,8455.5,5229.357,0
1692680400000,0.618,0.621,0.618,0.62,13874.5,1692681299999,8604.9851,64,11001.1,6825.0835,0
1692681300000,0.62,0.62,0.618,0.618,71627.6,1692682199999,44272.0384,138,13638.4,8428.7971,0
1692682200000,0.618,0.618,0.617,0.618,19107.6,1692683099999,11796.4094,43,2317.3,1432.0914,0
1692683100000,0.617,0.617,0.616,0.617,17308.9,1692683999999,10679.5444,53,162.0,99.954,0
1692684000000,0.618,0.618,0.617,0.617,25044.9,1692684899999,15458.7352,66,6393.3,3948.9248,0
1692684900000,0.618,0.62,0.618,0.619,74056.0,1692685799999,45838.3478,59,10942.9,6772.78,0
1692685800000,0.62,0.621,0.619,0.619,13968.3,1692686699999,8659.1186,34,2367.4,1467.8073,0
1692686700000,0.62,0.621,0.619,0.621,33117.6,1692687599999,20538.5411,56,24389.3,15124.4155,0
1692687600000,0.622,0.623,0.622,0.622,16813.3,1692688499999,10466.4201,72,8515.7,5304.398,0
1692688500000,0.622,0.623,0.621,0.621,16347.0,1692689399999,10165.9828,39,6048.6,3762.5621,0
1692689400000,0.621,0.622,0.621,0.622,29091.2,1692690299999,18090.1926,55,12748.7,7929.6914,0
1692690300000,0.622,0.622,0.621,0.621,24698.4,1692691199999,15340.7743,49,8358.5,5192.3618,0
1692691200000,0.62,0.622,0.62,0.622,11104.5,1692692099999,6895.5368,39,5303.3,3293.6792,0
1692692100000,0.621,0.622,0.62,0.62,9075.3,1692692999999,5635.7922,27,5387.8,3345.874,0
1692693000000,0.62,0.621,0.62,0.621,5753.3,1692693899999,3572.4566,28,3182.9,1976.5809,0
1692693900000,0.621,0.621,0.62,0.621,9833.9,1692694799999,6102.8492,31,16.2,10.0602,0
1692694800000,0.62,0.622,0.62,0.621,17867.1,1692695699999,11102.8163,37,16020.1,9955.8567,0
1692695700000,0.622,0.622,0.62,0.622,13273.3,1692696599999,8248.5864,38,11202.3,6962.6526,0
1692696600000,0.621,0.622,0.62,0.622,39695.1,1692697499999,24650.6974,60,6704.0,4163.2804,0
1692697500000,0.622,0.622,0.62,0.62,13654.5,1692698399999,8479.6052,61,1529.0,950.9841,0
1692698400000,0.62,0.622,0.62,0.622,55502.9,1692699299999,34471.4875,84,21751.6,13520.2923,0
1692699300000,0.621,0.622,0.621,0.621,8953.8,1692700199999,5560.7279,30,3408.9,2117.345,0
1692700200000,0.622,0.622,0.62,0.621,8772.5,1692701099999,5446.659,24,6407.7,3979.4236,0
1692701100000,0.621,0.621,0.619,0.62,19690.4,1692701999999,12196.7712,74,10505.7,6505.0036,0
1692702000000,0.619,0.62,0.618,0.618,4022.4,1692702899999,2490.2957,22,534.0,331.08,0
1692702900000,0.619,0.62,0.619,0.62,21915.6,1692703799999,13574.3846,69,6605.2,4094.9526,0
1692703800000,0.621,0.621,0.618,0.619,30037.3,1692704699999,18601.9818,57,9503.7,5882.9029,0
1692704700000,0.619,0.619,0.617,0.619,16531.6,1692705599999,10215.4859,62,8783.7,5428.4211,0
1692705600000,0.619,0.625,0.619,0.621,126665.0,1692706499999,78914.7492,349,96346.0,60029.11,0
1692706500000,0.622,0.623,0.621,0.622,31756.6,1692707399999,19753.4749,72,26004.2,16176.0329,0
1692707400000,0.622,0.623,0.622,0.623,15112.0,1692708299999,9400.7073,32,9882.1,6147.7095,0
1692708300000,0.622,0.624,0.621,0.621,48992.0,1692709199999,30500.7193,117,32571.3,20291.8266,0
1692709200000,0.621,0.621,0.619,0.619,35195.5,1692710099999,21825.7441,112,16795.8,10416.5243,0
1692710100000,0.619,0.62,0.618,0.619,41454.2,1692710999999,25663.0666,100,24610.1,15236.6347,0
1692711000000,0.619,0.619,0.616,0.617,101316.8,1692711899999,62523.8431,300,45834.1,28285.9151,0
1692711900000,0.617,0.617,0.615,0.615,67111.1,1692712799999,41326.9313,177,19116.3,11778.0378,0
1692712800000,0.615,0.617,0.614,0.615,58476.3,1692713699999,35977.5552,200,30110.2,18524.5252,0
1692713700000,0.615,0.615,0.613,0.614,47417.3,1692714599999,29128.2289,122,21015.2,12913.9261,0
1692714600000,0.614,0.616,0.612,0.614,70807.8,1692715499999,43471.0889,230,39775.2,24422.513,0
1692715500000,0.614,0.615,0.612,0.614,28167.2,1692716399999,17284.7859,120,15667.4,9617.496,0
1692716400000,0.614,0.616,0.614,0.615,62831.1,1692717299999,38601.6334,162,21108.7,12979.8675,0
1692717300000,0.615,0.617,0.615,0.617,15382.4,1692718199999,9471.4374,71,13688.4,8429.0603,0
1692718200000,0.617,0.618,0.616,0.617,11177.6,1692719099999,6891.1537,59,4997.5,3082.5567,0
1692719100000,0.616,0.616,0.612,0.613,43520.1,1692719999999,26668.8911,143,15896.8,9741.8244,0
1692720000000,0.613,0.614,0.611,0.612,76461.8,1692720899999,46765.4477,185,38781.9,23722.8295,0
1692720900000,0.612,0.612,0.607,0.609,147437.2,1692721799999,89780.9222,360,45741.3,27869.0189,0
1692721800000,0.609,0.615,0.608,0.613,67705.5,1692722699999,41404.7048,227,34742.6,21241.4536,0
1692722700000,0.613,0.615,0.612,0.614,27720.8,1692723599999,17018.2154,106,13890.0,8530.0578,0
1692723600000,0.615,0.615,0.611,0.612,28726.9,1692724499999,17599.5156,126,13465.5,8249.2567,0
1692724500000,0.612,0.612,0.61,0.611,42508.1,1692725399999,25977.59,137,23195.0,14177.9688,0
1692725400000,0.61,0.61,0.603,0.604,49460.8,1692726299999,29970.4957,233,17190.1,10416.9717,0
1692726300000,0.605,0.606,0.6,0.602,60653.0,1692727199999,36499.4235,248,19196.2,11560.3291,0
1692727200000,0.601,0.603,0.596,0.6,102454.9,1692728099999,61317.3211,331,41881.9,25077.308,0
1692728100000,0.599,0.604,0.599,0.603,39771.9,1692728999999,23906.1218,140,18080.9,10869.7821,0
1692729000000,0.603,0.61,0.603,0.609,89751.9,1692729899999,54491.6799,268,48723.3,29567.2792,0
1692729900000,0.608,0.609,0.607,0.609,39307.3,1692730799999,23913.7971,116,18473.6,11242.9302,0
1692730800000,0.61,0.613,0.61,0.612,14878.3,1692731699999,9099.1083,74,8933.1,5460.9433,0
1692731700000,0.612,0.612,0.608,0.608,25678.2,1692732599999,15676.0245,80,9148.5,5586.468,0
1692732600000,0.608,0.609,0.607,0.608,46024.9,1692733499999,27995.3744,94,17973.2,10935.9043,0
1692733500000,0.608,0.608,0.608,0.608,40008.4,1692734399999,24325.1072,77,20982.9,12757.6032,0
1692734400000,0.608,0.609,0.607,0.608,30935.2,1692735299999,18798.8653,90,12705.4,7724.6722,0
1692735300000,0.609,0.612,0.609,0.612,11617.7,1692736199999,7092.7238,56,3951.3,2412.9405,0
1692736200000,0.612,0.613,0.611,0.611,16229.8,1692737099999,9927.3076,56,7715.9,4717.9097,0
1692737100000,0.611,0.613,0.61,0.613,17085.9,1692737999999,10448.688,52,6232.7,3810.4644,0
1692738000000,0.613,0.613,0.611,0.612,44443.9,1692738899999,27209.608,99,21857.1,13382.4658,0
1692738900000,0.612,0.614,0.598,0.603,308061.4,1692739799999,185798.2053,854,137012.4,82507.7995,0
1692739800000,0.603,0.606,0.603,0.605,141883.1,1692740699999,85717.0828,363,56322.5,34036.1743,0
1692740700000,0.605,0.607,0.605,0.606,16369.0,1692741599999,9915.7174,81,4231.0,2562.3479,0
1692741600000,0.606,0.608,0.606,0.606,21182.1,1692742499999,12860.5656,93,12475.4,7574.4362,0
1692742500000,0.606,0.612,0.606,0.612,38688.4,1692743399999,23589.492,126,10817.5,6590.2005,0
1692743400000,0.612,0.616,0.611,0.616,73966.9,1692744299999,45384.5095,212,35986.5,22081.5898,0
1692744300000,0.616,0.616,0.615,0.616,19460.9,1692745199999,11979.9652,48,6561.9,4042.1304,0
1692745200000,0.617,0.625,0.617,0.624,65102.4,1692746099999,40521.261,274,32109.3,20007.8748,0
1692746100000,0.623,0.624,0.622,0.622,44935.7,1692746999999,27984.4122,117,17888.9,11141.2073,0
1692747000000,0.623,0.625,0.622,0.624,42991.0,1692747899999,26804.0989,109,24296.6,15151.615,0
1692747900000,0.624,0.624,0.622,0.623,26671.1,1692748799999,16632.6769,71,17435.2,10874.9136,0
1692748800000,0.624,0.625,0.621,0.622,39725.7,1692749699999,24732.9169,123,15514.7,9663.5281,0
1692749700000,0.623,0.624,0.623,0.623,37682.0,1692750599999,23475.961,104,19751.9,12305.5087,0
1692750600000,0.622,0.624,0.621,0.624,26187.4,1692751499999,16292.2778,94,15013.5,9341.7203,0
1692751500000,0.625,0.625,0.623,0.623,31122.6,1692752399999,19436.5978,87,18889.4,11800.7855,0
1692752400000,0.623,0.624,0.623,0.624,23380.2,1692753299999,14573.2022,77,12084.2,7533.8805,0
1692753300000,0.624,0.625,0.622,0.622,13815.1,1692754199999,8612.733,39,6573.4,4099.882,0
1692754200000,0.622,0.626,0.622,0.626,9952.3,1692755099999,6203.8525,58,7551.5,4708.0034,0
1692755100000,0.626,0.626,0.623,0.624,24832.2,1692755999999,15518.4357,94,12640.4,7901.7957,0
1692756000000,0.623,0.626,0.623,0.623,14970.6,1692756899999,9355.3187,53,6665.6,4163.7956,0
1692756900000,0.624,0.626,0.624,0.625,8948.0,1692757799999,5591.8244,28,1262.2,788.1994,0
1692757800000,0.625,0.625,0.624,0.625,8804.3,1692758699999,5499.4428,25,4686.5,2929.0625,0
1692758700000,0.626,0.626,0.624,0.624,2514.0,1692759599999,1570.5289,17,79.9,50.0174,0
1692759600000,0.625,0.626,0.623,0.623,16313.1,1692760499999,10188.862,36,8280.2,5175.8091,0
1692760500000,0.624,0.624,0.623,0.624,7631.0,1692761399999,4761.6724,27,5017.1,3130.6704,0
1692761400000,0.623,0.624,0.623,0.623,7030.8,1692762299999,4383.148,32,2412.6,1505.3054,0
1692762300000,0.623,0.624,0.622,0.623,13221.8,1692763199999,8234.9156,49,6295.6,3922.9828,0
1692763200000,0.622,0.625,0.622,0.624,8367.4,1692764099999,5220.6981,24,8066.6,5033.0533,0
1692764100000,0.624,0.627,0.624,0.626,29624.7,1692764999999,18521.1839,52,27766.5,17358.0649,0
1692765000000,0.626,0.628,0.625,0.626,96639.4,1692765899999,60531.7351,144,10623.7,6657.1231,0
1692765900000,0.626,0.627,0.626,0.626,16815.9,1692766799999,10536.633,47,9364.8,5871.2156,0
1692766800000,0.627,0.628,0.626,0.626,5520.7,1692767699999,3460.6286,32,3685.9,2311.0832,0
1692767700000,0.626,0.626,0.624,0.624,8595.9,1692768599999,5370.5721,34,2361.5,1475.9875,0
1692768600000,0.624,0.625,0.624,0.624,22472.3,1692769499999,14023.5392,67,11490.2,7170.7088,0
1692769500000,0.624,0.626,0.624,0.625,10181.2,1692770399999,6357.0821,39,6535.7,4081.8458,0
1692770400000,0.626,0.627,0.626,0.626,6666.8,1692771299999,4173.5765,23,4087.0,2558.6217,0
1692771300000,0.626,0.627,0.625,0.625,27347.1,1692772199999,17120.9806,70,7114.6,4455.5139,0
1692772200000,0.626,0.627,0.625,0.627,13399.5,1692773099999,8387.8278,50,8718.0,5457.6088,0
1692773100000,0.627,0.63,0.627,0.627,55703.5,1692773999999,34981.6749,210,37399.6,23485.6936,0
1692774000000,0.626,0.626,0.625,0.625,16417.4,1692774899999,10271.3728,51,4431.1,2770.511,0
1692774900000,0.626,0.628,0.626,0.627,2538.5,1692775799999,1592.275,29,1845.7,1157.8894,0
1692775800000,0.627,0.627,0.625,0.625,15587.5,1692776699999,9758.0182,52,8099.6,5070.281,0
1692776700000,0.625,0.627,0.625,0.625,41285.3,1692777599999,25839.9028,77,19984.4,12513.2461,0
1692777600000,0.626,0.627,0.625,0.627,13016.2,1692778499999,8151.1387,46,6110.2,3828.1256,0
1692778500000,0.627,0.627,0.624,0.625,28616.0,1692779399999,17885.3662,78,3798.8,2374.5541,0
1692779400000,0.625,0.626,0.624,0.625,19509.5,1692780299999,12193.4072,46,11564.2,7227.675,0
1692780300000,0.625,0.626,0.625,0.625,429.8,1692781199999,268.7541,8,129.1,80.8166,0
1692781200000,0.625,0.626,0.625,0.626,2386.2,1692782099999,1492.566,10,1191.0,745.566,0
1692782100000,0.626,0.627,0.626,0.626,17427.9,1692782999999,10921.7934,23,16118.8,10102.2968,0
1692783000000,0.627,0.628,0.626,0.627,19430.7,1692783899999,12189.525,36,18987.6,11911.8786,0
1692783900000,0.627,0.629,0.627,0.627,12595.3,1692784799999,7909.1829,33,5001.7,3141.1558,0
1692784800000,0.627,0.627,0.624,0.624,42224.0,1692785699999,26454.6086,91,222.5,139.1993,0
1692785700000,0.625,0.626,0.624,0.625,8543.5,1692786599999,5339.0636,42,1933.3,1208.5382,0
1692786600000,0.625,0.63,0.625,0.628,135509.3,1692787499999,85109.8965,311,121638.8,76392.879,0
1692787500000,0.628,0.628,0.626,0.626,24129.7,1692788399999,15134.6889,73,6534.3,4101.8668,0
1692788400000,0.627,0.633,0.625,0.628,276259.0,1692789299999,173753.2143,745,234134.0,147262.0099,0
1692789300000,0.629,0.629,0.627,0.628,35368.5,1692790199999,22215.3848,80,21316.8,13394.7766,0
1692790200000,0.627,0.627,0.626,0.626,28939.8,1692791099999,18143.1593,74,19507.9,12231.4533,0
1692791100000,0.626,0.627,0.625,0.626,6901.3,1692791999999,4317.2674,33,503.4,315.2601,0
1692792000000,0.625,0.626,0.625,0.625,12657.4,1692792899999,7913.0054,49,4552.0,2847.1304,0
1692792900000,0.625,0.627,0.625,0.627,54962.5,1692793799999,34445.4113,125,47708.3,29904.2107,0
1692793800000,0.628,0.628,0.624,0.624,30382.6,1692794699999,19003.8437,112,19402.7,12130.2081,0
1692794700000,0.625,0.626,0.623,0.624,16190.8,1692795599999,10111.2415,73,9863.7,6163.7313,0
1692795600000,0.624,0.625,0.622,0.624,18528.3,1692796499999,11550.1811,88,5039.5,3144.1294,0
1692796500000,0.624,0.626,0.624,0.625,16801.5,1692797399999,10495.6269,54,7837.0,4895.2082,0
1692797400000,0.626,0.626,0.625,0.625,908.7,1692798299999,568.5244,17,396.8,248.3968,0
1692798300000,0.625,0.63,0.625,0.63,39217.5,1692799199999,24640.7615,129,14405.4,9056.8259,0
1692799200000,0.63,0.632,0.629,0.63,36106.0,1692800099999,22754.0655,136,18678.2,11768.1224,0
1692800100000,0.63,0.635,0.628,0.635,51773.7,1692800999999,32640.1982,196,34180.9,21559.6247,0
1692801000000,0.635,0.636,0.633,0.635,52564.1,1692801899999,33346.2397,191,21392.8,13575.9895,0
1692801900000,0.636,0.637,0.633,0.633,29301.9,1692802799999,18608.539,102,9855.7,6264.436,0
1692802800000,0.633,0.635,0.632,0.635,22416.1,1692803699999,14204.6083,92,15511.7,9833.3553,0
1692803700000,0.634,0.635,0.633,0.635,10543.8,1692804599999,6687.4447,58,4191.8,2659.661,0
1692804600000,0.634,0.636,0.634,0.634,25979.9,1692805499999,16485.5721,84,19297.1,12247.9207,0
1692805500000,0.634,0.636,0.633,0.635,5739.5,1692806399999,3644.6359,39,3767.9,2392.8317,0
1692806400000,0.635,0.637,0.634,0.636,38168.5,1692807299999,24256.3679,99,15638.4,9943.8689,0
1692807300000,0.636,0.642,0.636,0.64,122138.8,1692808199999,78057.7607,437,74578.5,47677.8397,0
1692808200000,0.64,0.642,0.639,0.642,13567.8,1692809099999,8694.2736,52,4008.8,2571.218,0
1692809100000,0.642,0.643,0.64,0.642,59709.2,1692809999999,38285.4454,187,17879.0,11482.2099,0
1692810000000,0.641,0.644,0.639,0.643,51392.5,1692810899999,33000.7649,195,29060.1,18668.3674,0
1692810900000,0.643,0.644,0.642,0.643,55232.3,1692811799999,35528.2178,148,41658.9,26800.8777,0
1692811800000,0.644,0.646,0.644,0.645,55531.5,1692812699999,35800.9868,143,29692.7,19150.1594,0
1692812700000,0.645,0.645,0.642,0.643,20608.5,1692813599999,13265.9327,56,10402.8,6700.4027,0
1692813600000,0.643,0.644,0.642,0.644,30725.4,1692814499999,19752.4641,73,18683.2,12013.4978,0
1692814500000,0.643,0.644,0.642,0.643,43498.3,1692815399999,27968.9665,79,15081.5,9698.6048,0
1692815400000,0.643,0.644,0.643,0.643,6405.8,1692816299999,4118.9753,27,3377.1,2171.5212,0
1692816300000,0.643,0.644,0.643,0.644,4452.0,1692817199999,2864.4472,16,4319.3,2778.9884,0
1692817200000,0.645,0.645,0.643,0.643,25697.1,1692818099999,16538.0507,57,5948.5,3825.4256,0
1692818100000,0.644,0.645,0.644,0.645,28382.7,1692818999999,18304.8336,75,15026.6,9690.99,0
1692819000000,0.645,0.649,0.644,0.648,67072.5,1692819899999,43371.6174,217,39125.0,25287.2163,0
1692819900000,0.648,0.65,0.647,0.648,102145.6,1692820799999,66297.8162,376,49043.7,31850.138,0
1692820800000,0.648,0.649,0.644,0.645,61205.1,1692821699999,39515.5487,186,23589.8,15228.8557,0
1692821700000,0.645,0.649,0.644,0.647,177793.7,1692822599999,115109.8465,307,98250.4,63607.1763,0
1692822600000,0.647,0.648,0.646,0.647,14008.7,1692823499999,9062.1384,53,7724.3,4997.6393,0
1692823500000,0.647,0.647,0.644,0.645,31584.0,1692824399999,20393.74,128,8113.2,5238.0089,0
1692824400000,0.644,0.646,0.644,0.645,19210.8,1692825299999,12375.6555,72,16044.0,10334.0339,0
1692825300000,0.646,0.647,0.645,0.645,18737.6,1692826199999,12098.9846,68,4355.1,2813.712,0
1692826200000,0.645,0.646,0.644,0.646,32525.0,1692827099999,20988.3664,94,20544.2,13268.7835,0
1692827100000,0.644,0.645,0.638,0.64,39472.6,1692827999999,25279.5612,212,8363.5,5360.4948,0
1692828000000,0.641,0.646,0.64,0.646,51865.4,1692828899999,33404.7668,195,40381.1,26012.2937,0
1692828900000,0.646,0.646,0.644,0.645,16559.4,1692829799999,10684.1754,76,7083.3,4572.1182,0
1692829800000,0.645,0.646,0.644,0.644,24767.8,1692830699999,15985.292,76,16232.1,10484.0161,0
1692830700000,0.645,0.645,0.644,0.645,10798.0,1692831599999,6956.469,32,3328.1,2145.8534,0
1692831600000,0.645,0.645,0.643,0.643,10896.0,1692832499999,7017.019,27,2724.0,1754.2878,0
1692832500000,0.644,0.645,0.644,0.644,39170.8,1692833399999,25229.0507,93,26472.9,17051.6031,0
1692833400000,0.644,0.645,0.643,0.644,24598.6,1692834299999,15842.0662,42,22405.0,14429.8663,0
1692834300000,0.645,0.646,0.644,0.646,4190.3,1692835199999,2702.7156,26,2416.7,1558.7869,0
1692835200000,0.646,0.646,0.644,0.644,14473.7,1692836099999,9333.3026,65,3988.0,2572.8252,0
1692836100000,0.644,0.644,0.643,0.643,7009.5,1692836999999,4514.0444,28,3490.6,2247.9464,0
1692837000000,0.643,0.645,0.643,0.645,3617.9,1692837899999,2329.2574,13,558.6,359.8065,0
1692837900000,0.645,0.646,0.645,0.645,4216.4,1692838799999,2719.5964,24,2735.8,1764.6094,0
1692838800000,0.645,0.645,0.644,0.644,4022.4,1692839699999,2591.1069,24,3557.9,2291.9689,0
1692839700000,0.644,0.645,0.644,0.645,14641.0,1692840599999,9429.0079,50,5258.4,3386.6135,0
1692840600000,0.644,0.646,0.644,0.645,6582.6,1692841499999,4241.3965,55,4018.5,2589.6189,0
1692841500000,0.645,0.646,0.644,0.644,14996.1,1692842399999,9672.1556,35,363.3,234.4116,0
1692842400000,0.644,0.644,0.641,0.642,49911.1,1692843299999,32069.1719,138,19583.3,12588.3107,0
1692843300000,0.642,0.643,0.642,0.642,8136.7,1692844199999,5223.8023,23,7339.9,4712.2567,0
1692844200000,0.643,0.643,0.642,0.643,3097.8,1692845099999,1991.3575,17,183.0,117.669,0
1692845100000,0.643,0.643,0.642,0.642,8029.6,1692845999999,5155.1932,36,1885.8,1210.8736,0
1692846000000,0.643,0.643,0.642,0.642,701.0,1692846899999,450.0684,5,26.4,16.9752,0
1692846900000,0.642,0.644,0.642,0.643,26826.4,1692847799999,17234.917,68,6534.0,4203.8067,0
1692847800000,0.642,0.643,0.642,0.643,5602.1,1692848699999,3599.9806,27,5003.6,3215.7436,0
1692848700000,0.642,0.644,0.642,0.643,8915.5,1692849599999,5733.5436,30,5440.7,3501.0813,0
1692849600000,0.644,0.645,0.643,0.643,40818.9,1692850499999,26266.6201,84,11490.1,7401.03,0
1692850500000,0.642,0.644,0.641,0.641,322774.0,1692851399999,207384.2796,372,147591.7,95019.806,0
1692851400000,0.641,0.643,0.641,0.643,6913.1,1692852299999,4441.2487,18,6761.1,4343.642,0
1692852300000,0.643,0.644,0.643,0.644,4326.2,1692853199999,2785.9574,11,3788.4,2439.7296,0
1692853200000,0.645,0.645,0.645,0.645,429.0,1692854099999,276.705,7,429.0,276.705,0
1692854100000,0.644,0.644,0.644,0.644,2266.9,1692854999999,1459.8836,8,0.0,0.0,0
1692855000000,0.644,0.644,0.643,0.643,14828.1,1692855899999,9545.3272,42,542.8,349.5632,0
1692855900000,0.643,0.644,0.642,0.643,19403.8,1692856799999,12477.8552,58,10971.7,7056.1418,0
1692856800000,0.643,0.643,0.641,0.641,9105.3,1692857699999,5845.9183,51,4060.1,2606.8792,0
1692857700000,0.641,0.642,0.641,0.642,11610.2,1692858599999,7444.6974,42,6291.0,4034.9246,0
1692858600000,0.642,0.644,0.642,0.643,6197.9,1692859499999,3990.7241,27,1033.7,665.3834,0
1692859500000,0.644,0.645,0.643,0.643,35476.4,1692860399999,22839.3731,97,8610.8,5547.4277,0
1692860400000,0.643,0.644,0.642,0.643,8737.9,1692861299999,5618.8961,23,8168.3,5253.1433,0
1692861300000,0.644,0.644,0.643,0.644,966.5,1692862199999,621.615,29,155.5,100.142,0
1692862200000,0.643,0.644,0.643,0.643,1466.6,1692863099999,943.2817,40,257.9,166.0876,0
1692863100000,0.643,0.643,0.643,0.643,4799.2,1692863999999,3085.8856,49,0.0,0.0,0
1692864000000,0.643,0.643,0.638,0.639,45534.5,1692864899999,29136.3245,195,9193.1,5881.7935,0
1692864900000,0.638,0.64,0.637,0.637,11004.2,1692865799999,7030.4993,95,3889.4,2487.1584,0
1692865800000,0.637,0.639,0.637,0.637,11862.5,1692866699999,7568.8035,89,7178.6,4581.5183,0
1692866700000,0.637,0.639,0.636,0.638,39598.2,1692867599999,25248.2017,148,31435.9,20047.5969,0
1692867600000,0.637,0.642,0.637,0.639,84071.0,1692868499999,53824.6218,230,55667.9,35645.3484,0
1692868500000,0.639,0.64,0.638,0.638,7059.6,1692869399999,4512.801,55,2004.3,1282.752,0
1692869400000,0.639,0.644,0.635,0.635,562473.5,1692870299999,359407.8835,770,272061.7,174448.4848,0
1692870300000,0.636,0.637,0.634,0.634,30590.9,1692871199999,19425.6346,139,11992.3,7623.6363,0
1692871200000,0.634,0.634,0.633,0.634,35130.2,1692872099999,22262.8548,118,16481.5,10446.3127,0
1692872100000,0.634,0.636,0.632,0.635,15956.2,1692872999999,10117.1632,64,10374.2,6579.4574,0
1692873000000,0.635,0.636,0.634,0.636,7534.2,1692873899999,4786.8155,29,5149.1,3272.2996,0
1692873900000,0.636,0.637,0.636,0.637,4036.5,1692874799999,2567.6856,12,3727.4,2371.098,0
1692874800000,0.636,0.639,0.636,0.638,32875.5,1692875699999,20966.3152,87,18156.3,11576.4804,0
1692875700000,0.638,0.64,0.638,0.639,9342.8,1692876599999,5970.1026,35,5456.6,3487.7047,0
1692876600000,0.639,0.64,0.639,0.639,7050.6,1692877499999,4506.1416,26,808.2,517.248,0
1692877500000,0.639,0.639,0.638,0.638,14929.3,1692878399999,9525.0439,39,5925.9,3780.8747,0
1692878400000,0.638,0.639,0.636,0.636,51013.1,1692879299999,32483.0228,140,23718.7,15102.2237,0
1692879300000,0.636,0.638,0.636,0.638,29507.4,1692880199999,18792.4713,62,16854.4,10735.2311,0
1692880200000,0.637,0.638,0.636,0.637,20883.0,1692881099999,13300.9321,74,11847.7,7547.8846,0
1692881100000,0.637,0.638,0.636,0.636,48039.0,1692881999999,30582.4036,135,22631.3,14413.042,0
1692882000000,0.636,0.638,0.636,0.636,34348.3,1692882899999,21860.3777,82,19650.5,12505.4221,0
1692882900000,0.636,0.637,0.636,0.636,43202.5,1692883799999,27479.2937,102,23375.9,14869.5761,0
1692883800000,0.637,0.637,0.634,0.635,53430.9,1692884699999,33929.9314,153,21120.9,13414.0071,0
1692884700000,0.635,0.636,0.633,0.635,42313.4,1692885599999,26851.2928,137,24484.5,15540.9679,0
1692885600000,0.635,0.635,0.633,0.634,32138.0,1692886499999,20377.2366,75,11757.1,7454.0286,0
1692886500000,0.634,0.635,0.633,0.633,22176.1,1692887399999,14057.749,89,6017.8,3815.6538,0
1692887400000,0.632,0.632,0.626,0.628,190605.3,1692888299999,120010.8652,609,73711.8,46421.2027,0
1692888300000,0.627,0.631,0.627,0.629,38086.5,1692889199999,23993.0661,121,20182.9,12716.2035,0
1692889200000,0.629,0.63,0.627,0.628,69902.9,1692890099999,43938.6177,227,35354.2,22224.1202,0
1692890100000,0.628,0.63,0.627,0.627,63739.1,1692890999999,40032.6689,168,34354.0,21578.6773,0
1692891000000,0.627,0.63,0.627,0.628,66906.0,1692891899999,41992.5367,161,28663.8,17988.8545,0
1692891900000,0.629,0.629,0.627,0.628,42749.6,1692892799999,26842.5754,98,23908.8,15015.5833,0
1692892800000,0.628,0.628,0.627,0.627,30762.9,1692893699999,19304.4796,136,17451.2,10955.4937,0
1692893700000,0.627,0.63,0.627,0.629,26441.6,1692894599999,16630.3757,87,19687.8,12382.895,0
1692894600000,0.629,0.632,0.628,0.631,33620.1,1692895499999,21165.5721,107,14537.7,9159.2409,0
1692895500000,0.631,0.632,0.63,0.63,38169.6,1692896399999,24091.366,98,22170.3,13993.6771,0
1692896400000,0.631,0.631,0.629,0.629,17769.2,1692897299999,11192.6129,50,8308.9,5234.9699,0
1692897300000,0.629,0.63,0.628,0.63,47044.4,1692898199999,29609.5355,107,31805.2,20024.1312,0
1692898200000,0.629,0.63,0.625,0.629,98900.6,1692899099999,62013.5445,314,52404.5,32866.2179,0
1692899100000,0.629,0.631,0.629,0.631,30320.2,1692899999999,19098.3237,106,12108.1,7629.1117,0
1692900000000,0.63,0.631,0.628,0.628,208921.8,1692900899999,131342.6166,295,28168.0,17711.9536,0
1692900900000,0.628,0.629,0.627,0.629,21899.9,1692901799999,13756.9468,79,13294.3,8352.9659,0
1692901800000,0.629,0.63,0.628,0.629,85361.6,1692902699999,53692.6138,211,26093.7,16418.7962,0
1692902700000,0.629,0.63,0.629,0.629,9073.4,1692903599999,5713.0007,40,8042.7,5064.6904,0
1692903600000,0.63,0.631,0.629,0.631,20952.0,1692904499999,13198.9646,70,10407.7,6558.4965,0
1692904500000,0.631,0.634,0.63,0.633,12531.9,1692905399999,7917.5771,60,11994.6,7578.1609,0
1692905400000,0.633,0.634,0.632,0.633,19278.6,1692906299999,12204.6878,69,6519.5,4128.4127,0
1692906300000,0.633,0.633,0.631,0.632,30572.7,1692907199999,19317.8914,54,7712.9,4870.8215,0
1692907200000,0.631,0.632,0.625,0.628,115178.5,1692908099999,72230.2559,363,47773.8,29962.0013,0
1692908100000,0.627,0.629,0.627,0.627,13513.3,1692908999999,8488.3002,42,5568.2,3498.8636,0
1692909000000,0.627,0.628,0.626,0.627,11271.0,1692909899999,7066.1839,51,789.0,495.3669,0
1692909900000,0.626,0.626,0.619,0.622,176266.5,1692910799999,109624.6324,521,81165.4,50478.2618,0
1692910800000,0.622,0.625,0.622,0.625,40324.1,1692911699999,25142.3277,128,19204.6,11975.12,0
1692911700000,0.625,0.627,0.625,0.627,17255.6,1692912599999,10800.4886,67,16875.8,10562.9679,0
1692912600000,0.626,0.629,0.626,0.629,43631.9,1692913499999,27423.2484,108,28966.3,18213.6543,0
1692913500000,0.628,0.629,0.628,0.629,18735.6,1692914399999,11769.9408,57,5743.8,3610.7171,0
1692914400000,0.629,0.631,0.629,0.631,35767.6,1692915299999,22538.6285,86,18084.9,11398.6901,0
1692915300000,0.631,0.631,0.63,0.63,16221.5,1692916199999,10232.0057,82,10281.1,6486.829,0
1692916200000,0.63,0.631,0.63,0.63,10358.1,1692917099999,6527.4216,33,9689.2,6106.0146,0
1692917100000,0.63,0.63,0.629,0.63,23058.0,1692917999999,14526.288,53,9856.6,6209.658,0
1692918000000,0.629,0.63,0.628,0.63,35597.1,1692918899999,22392.3128,83,21678.5,13637.5303,0
1692918900000,0.63,0.631,0.63,0.63,16938.6,1692919799999,10671.418,48,12536.2,7897.906,0
1692919800000,0.631,0.631,0.63,0.631,24960.4,1692920699999,15739.1586,68,12452.5,7853.5647,0
1692920700000,0.631,0.635,0.631,0.633,52562.3,1692921599999,33274.8221,201,30214.9,19116.4934,0
1692921600000,0.634,0.635,0.631,0.634,55202.5,1692922499999,34976.9348,168,21564.4,13668.4331,0
1692922500000,0.634,0.634,0.632,0.632,50155.5,1692923399999,31737.3643,78,16972.1,10738.4228,0
1692923400000,0.632,0.632,0.63,0.631,37462.2,1692924299999,23652.6859,107,20610.9,13012.018,0
1692924300000,0.631,0.632,0.63,0.631,15154.0,1692925199999,9561.57,30,5150.4,3250.0606,0
1692925200000,0.63,0.632,0.629,0.631,47641.4,1692926099999,30047.8871,109,23875.3,15060.8153,0
1692926100000,0.631,0.633,0.63,0.633,50212.6,1692926999999,31681.3508,103,32769.6,20685.5208,0
1692927000000,0.632,0.634,0.632,0.634,48522.7,1692927899999,30713.5296,107,32131.9,20344.6971,0
1692927900000,0.634,0.636,0.634,0.636,35137.1,1692928799999,22309.0204,117,19304.3,12256.4996,0
1692928800000,0.635,0.636,0.634,0.634,44274.8,1692929699999,28087.4102,107,20335.4,12902.4899,0
1692929700000,0.634,0.637,0.634,0.637,42446.1,1692930599999,26954.2093,157,25381.4,16114.6473,0
1692930600000,0.637,0.637,0.633,0.634,265920.5,1692931499999,169068.4007,298,183207.0,116484.0313,0
1692931500000,0.635,0.635,0.631,0.631,398351.6,1692932399999,251819.8103,458,141498.2,89576.4324,0
1692932400000,0.631,0.632,0.63,0.631,18735.0,1692933299999,11822.6567,79,12798.8,8078.4304,0
1692933300000,0.631,0.632,0.619,0.625,160409.9,1692934199999,100240.4155,570,85320.8,53339.7465,0
1692934200000,0.625,0.627,0.625,0.626,70005.6,1692935099999,43843.8922,216,34851.4,21833.8351,0
1692935100000,0.626,0.628,0.625,0.627,36026.5,1692935999999,22550.7872,116,20122.9,12598.2151,0
1692936000000,0.627,0.628,0.625,0.625,75507.2,1692936899999,47288.3646,190,34369.2,21532.0371,0
1692936900000,0.624,0.626,0.622,0.622,50705.2,1692937799999,31644.1468,188,29336.6,18316.7621,0
1692937800000,0.622,0.625,0.621,0.622,83930.7,1692938699999,52275.5281,260,41934.1,26126.4821,0
1692938700000,0.622,0.625,0.622,0.624,51112.6,1692939599999,31841.5679,178,28813.4,17951.9152,0
1692939600000,0.623,0.626,0.622,0.626,77975.6,1692940499999,48630.6277,184,42502.8,26515.8095,0
1692940500000,0.625,0.627,0.625,0.626,5488.9,1692941399999,3436.0541,43,1827.8,1144.2328,0
1692941400000,0.627,0.628,0.627,0.628,34620.0,1692942299999,21729.1786,84,28656.5,17990.0641,0
1692942300000,0.628,0.629,0.628,0.629,4629.9,1692943199999,2909.6316,39,2195.6,1379.6876,0
1692943200000,0.628,0.629,0.627,0.629,23125.7,1692944099999,14531.2885,68,10642.9,6685.2804,0
1692944100000,0.628,0.628,0.627,0.627,7176.5,1692944999999,4501.3746,31,262.6,164.9128,0
1692945000000,0.627,0.628,0.626,0.626,19197.7,1692945899999,12036.5182,60,7377.3,4627.0554,0
1692945900000,0.627,0.629,0.627,0.628,28688.6,1692946799999,17999.9849,122,19103.6,11987.2125,0
1692946800000,0.628,0.631,0.628,0.629,33074.4,1692947699999,20805.4651,100,12931.6,8135.1312,0
1692947700000,0.63,0.636,0.628,0.631,482290.7,1692948599999,305104.2824,913,249070.1,158015.1045,0
1692948600000,0.631,0.631,0.629,0.629,18389.2,1692949499999,11583.7799,69,10101.7,6366.931,0
1692949500000,0.628,0.629,0.628,0.628,24251.8,1692950399999,15230.9804,69,2540.6,1596.3468,0
1692950400000,0.628,0.631,0.628,0.631,28705.9,1692951299999,18099.8325,88,16264.2,10251.1021,0
1692951300000,0.631,0.633,0.631,0.632,27963.2,1692952199999,17682.3683,68,17105.8,10816.6228,0
1692952200000,0.632,0.633,0.631,0.631,13325.3,1692953099999,8414.8211,43,3835.8,2420.4488,0
1692953100000,0.631,0.631,0.628,0.63,46437.0,1692953999999,29224.0701,110,12285.0,7728.3776,0
1692954000000,0.629,0.63,0.628,0.629,20798.3,1692954899999,13076.0344,78,10659.9,6704.052,0
1692954900000,0.63,0.633,0.629,0.632,31507.4,1692955799999,19918.0583,114,11943.8,7545.3284,0
1692955800000,0.632,0.633,0.631,0.632,20973.9,1692956699999,13248.141,56,11719.6,7405.8092,0
1692956700000,0.631,0.632,0.63,0.63,26702.7,1692957599999,16844.4213,77,10131.4,6391.6863,0
1692957600000,0.631,0.631,0.63,0.63,20049.6,1692958499999,12631.5267,56,8167.9,5146.0557,0
1692958500000,0.631,0.631,0.63,0.631,36871.1,1692959399999,23245.4041,66,11193.9,7063.3509,0
1692959400000,0.63,0.632,0.63,0.63,12263.6,1692960299999,7737.5391,34,5086.5,3209.6359,0
1692960300000,0.631,0.631,0.629,0.63,36150.1,1692961199999,22779.6293,91,14060.4,8864.4057,0
1692961200000,0.63,0.633,0.63,0.632,26015.7,1692962099999,16440.7393,112,9355.7,5912.0532,0
1692962100000,0.632,0.633,0.631,0.633,37659.6,1692962999999,23781.5003,74,12454.9,7874.1257,0
1692963000000,0.632,0.633,0.631,0.633,23280.6,1692963899999,14715.6498,73,10333.2,6533.3685,0
1692963900000,0.632,0.635,0.632,0.633,38318.8,1692964799999,24283.2242,109,30303.2,19202.8313,0
1692964800000,0.633,0.635,0.632,0.634,37629.6,1692965699999,23855.0753,118,13040.7,8265.1807,0
1692965700000,0.634,0.634,0.632,0.632,4746.7,1692966599999,3005.3224,28,2222.1,1408.6969,0
1692966600000,0.632,0.632,0.631,0.631,31375.5,1692967499999,19816.5907,80,12536.7,7917.372,0
1692967500000,0.631,0.633,0.631,0.632,27370.9,1692968399999,17306.7333,69,17904.4,11324.1093,0
1692968400000,0.633,0.635,0.632,0.634,60307.3,1692969299999,38192.9646,160,29080.2,18415.5383,0
1692969300000,0.634,0.634,0.631,0.633,18352.8,1692970199999,11609.3685,55,8821.9,5579.4142,0
1692970200000,0.633,0.634,0.632,0.632,34658.8,1692971099999,21955.1084,91,19729.3,12497.9885,0
1692971100000,0.632,0.632,0.63,0.63,51958.5,1692971999999,32788.4627,134,25042.9,15801.7785,0
1692972000000,0.63,0.632,0.627,0.63,65703.4,1692972899999,41334.1796,276,28897.1,18182.7087,0
1692972900000,0.631,0.637,0.63,0.631,205516.4,1692973799999,130174.5959,665,101106.1,64037.3233,0
1692973800000,0.631,0.632,0.626,0.627,94071.9,1692974699999,59261.787,287,46050.7,29018.3876,0
1692974700000,0.627,0.629,0.626,0.627,84061.5,1692975599999,52725.18,231,43028.0,26991.5503,0
1692975600000,0.627,0.632,0.625,0.631,116752.3,1692976499999,73355.3564,357,47116.4,29608.9091,0
1692976500000,0.63,0.632,0.629,0.631,57728.4,1692977399999,36396.9899,126,34559.7,21802.8211,0
1692977400000,0.631,0.632,0.63,0.631,69340.0,1692978299999,43744.929,121,50443.9,31826.5571,0
1692978300000,0.631,0.631,0.629,0.63,33195.9,1692979199999,20914.8123,108,13012.9,8203.9354,0
1692979200000,0.629,0.631,0.627,0.628,27524.9,1692980099999,17293.0339,113,16163.0,10157.5785,0
1692980100000,0.628,0.63,0.628,0.63,20230.2,1692980999999,12714.2705,48,10672.2,6710.0898,0
1692981000000,0.63,0.631,0.626,0.627,45645.5,1692981899999,28723.8601,105,24611.2,15496.7906,0
1692981900000,0.627,0.628,0.625,0.626,30764.7,1692982799999,19273.0679,84,9884.0,6197.265,0
1692982800000,0.627,0.631,0.627,0.629,39906.7,1692983699999,25106.3629,110,31141.5,19600.2053,0
1692983700000,0.629,0.63,0.628,0.629,35719.8,1692984599999,22467.2172,92,17961.8,11298.0722,0
1692984600000,0.629,0.629,0.627,0.628,45948.2,1692985499999,28858.4497,105,16656.0,10462.4685,0
1692985500000,0.628,0.631,0.628,0.629,13769.4,1692986399999,8670.1011,53,9023.0,5681.4669,0
1692986400000,0.63,0.631,0.629,0.631,21755.3,1692987299999,13722.0565,59,12239.9,7721.7906,0
1692987300000,0.632,0.634,0.631,0.632,33082.0,1692988199999,20932.2304,116,14878.8,9420.199,0
1692988200000,0.632,0.634,0.632,0.634,38264.8,1692989099999,24218.1181,92,20911.8,13236.0509,0
1692989100000,0.633,0.636,0.633,0.636,75018.2,1692989999999,47635.1827,122,62486.4,39677.7088,0
1692990000000,0.636,0.636,0.634,0.636,37987.9,1692990899999,24124.4541,106,15264.3,9696.0296,0
1692990900000,0.635,0.635,0.634,0.635,25443.1,1692991799999,16139.0632,97,14316.9,9081.8675,0
1692991800000,0.635,0.635,0.632,0.632,47472.9,1692992699999,30061.2355,112,11546.2,7316.8494,0
1692992700000,0.633,0.634,0.632,0.633,13932.6,1692993599999,8814.8138,60,4333.3,2743.4783,0
1692993600000,0.632,0.635,0.632,0.633,29729.7,1692994499999,18834.3819,110,24802.2,15716.7876,0
1692994500000,0.633,0.635,0.633,0.635,15754.5,1692995399999,9991.0282,64,9861.6,6256.337,0
1692995400000,0.634,0.636,0.634,0.636,48760.2,1692996299999,30948.3769,107,38234.0,24273.9889,0
1692996300000,0.635,0.637,0.634,0.636,50631.8,1692997199999,32192.1494,166,30137.0,19172.5147,0
1692997200000,0.636,0.636,0.635,0.636,34754.0,1692998099999,22082.9584,106,8977.7,5702.5458,0
1692998100000,0.635,0.635,0.634,0.635,10760.8,1692998999999,6827.1861,25,1675.2,1063.752,0
1692999000000,0.635,0.635,0.634,0.634,15455.7,1692999899999,9812.2291,30,13315.3,8455.2155,0
1692999900000,0.635,0.637,0.634,0.637,5887.9,1693000799999,3740.5033,47,5363.6,3408.0495,0
1693000800000,0.636,0.638,0.636,0.637,33269.4,1693001699999,21191.9233,122,19622.9,12504.0846,0
1693001700000,0.637,0.637,0.635,0.635,22576.7,1693002599999,14342.5141,60,2209.9,1404.5988,0
1693002600000,0.635,0.636,0.634,0.634,17405.1,1693003499999,11052.2713,52,5577.2,3543.4891,0
1693003500000,0.635,0.636,0.635,0.636,12344.5,1693004399999,7846.2284,39,9239.0,5874.1271,0
1693004400000,0.637,0.637,0.636,0.636,27207.8,1693005299999,17304.178,49,6663.1,4237.7488,0
1693005300000,0.635,0.636,0.635,0.636,10600.0,1693006199999,6734.6836,29,7743.6,4920.8696,0
1693006200000,0.636,0.637,0.635,0.637,62096.2,1693007099999,39498.5581,145,20808.3,13241.0397,0
1693007100000,0.636,0.637,0.636,0.637,1009.1,1693007999999,642.5514,5,763.8,486.5406,0
1693008000000,0.637,0.637,0.634,0.635,67908.4,1693008899999,43120.7486,122,13219.8,8406.655,0
1693008900000,0.635,0.637,0.634,0.637,59264.2,1693009799999,37632.8486,125,47955.8,30463.1014,0
1693009800000,0.636,0.637,0.633,0.634,59918.2,1693010699999,38035.7516,115,26462.8,16811.3135,0
1693010700000,0.634,0.636,0.633,0.636,30318.8,1693011599999,19226.9136,66,13865.2,8796.7055,0
1693011600000,0.635,0.639,0.635,0.638,68436.4,1693012499999,43620.1774,148,58680.8,37413.4295,0
1693012500000,0.638,0.639,0.637,0.639,10803.5,1693013399999,6894.9222,54,4605.2,2940.4937,0
1693013400000,0.639,0.64,0.638,0.639,17761.8,1693014299999,11350.8484,87,8305.9,5308.9895,0
1693014300000,0.639,0.64,0.638,0.639,18922.4,1693015199999,12093.7407,47,5910.3,3779.307,0
1693015200000,0.639,0.64,0.638,0.64,30451.2,1693016099999,19467.0596,82,18603.9,11895.0387,0
1693016100000,0.64,0.641,0.639,0.64,31287.5,1693016999999,20026.1477,65,15709.2,10056.1518,0
1693017000000,0.64,0.641,0.64,0.64,13517.8,1693017899999,8651.6346,33,7859.8,5030.5146,0
1693017900000,0.64,0.641,0.639,0.641,41191.6,1693018799999,26353.57,124,5878.2,3763.6226,0
1693018800000,0.641,0.643,0.641,0.642,20767.4,1693019699999,13329.1269,105,12281.1,7881.247,0
1693019700000,0.642,0.643,0.642,0.643,7603.4,1693020599999,4882.5999,36,5122.9,3290.1189,0
1693020600000,0.643,0.645,0.643,0.645,27626.8,1693021499999,17777.3446,92,26015.1,16740.8515,0
1693021500000,0.645,0.645,0.644,0.644,13344.3,1693022399999,8593.8448,29,115.6,74.562,0
1693022400000,0.643,0.644,0.642,0.644,35167.4,1693023299999,22619.3693,98,15586.3,10028.7758,0
1693023300000,0.643,0.644,0.642,0.642,12712.5,1693024199999,8170.7679,53,2300.0,1478.9458,0
1693024200000,0.642,0.643,0.641,0.643,13133.6,1693025099999,8431.2332,43,5051.3,3242.9502,0
1693025100000,0.642,0.643,0.642,0.642,6691.4,1693025999999,4296.0343,19,2516.9,1616.0053,0
1693026000000,0.643,0.643,0.64,0.641,12935.6,1693026899999,8300.1974,48,3742.9,2400.5224,0
1693026900000,0.642,0.642,0.641,0.641,4113.4,1693027799999,2638.8028,27,1366.8,877.4856,0
1693027800000,0.641,0.641,0.64,0.641,7976.6,1693028699999,5112.2006,14,306.1,196.2101,0
1693028700000,0.641,0.642,0.639,0.641,12901.6,1693029599999,8266.4129,33,9790.6,6273.0107,0
1693029600000,0.641,0.642,0.64,0.641,17558.9,1693030499999,11255.6252,50,7923.3,5079.6752,0
1693030500000,0.641,0.643,0.641,0.642,12099.6,1693031399999,7767.3578,44,10510.8,6747.3482,0
1693031400000,0.642,0.643,0.642,0.643,423.2,1693032299999,271.9961,7,301.7,193.9931,0
1693032300000,0.642,0.644,0.642,0.643,17976.1,1693033199999,11562.006,68,12475.2,8025.0617,0
1693033200000,0.644,0.644,0.642,0.643,14873.3,1693034099999,9571.5633,56,4001.8,2575.9051,0
1693034100000,0.643,0.643,0.643,0.643,13271.4,1693034999999,8533.5102,48,1983.1,1275.1333,0
1693035000000,0.642,0.643,0.642,0.642,4451.1,1693035899999,2859.3658,31,2505.7,1610.419,0
1693035900000,0.642,0.643,0.641,0.642,7241.8,1693036799999,4650.4688,33,5486.7,3523.8389,0
1693036800000,0.643,0.646,0.643,0.644,66912.1,1693037699999,43126.8448,208,55497.6,35770.75,0
1693037700000,0.644,0.645,0.643,0.645,19388.9,1693038599999,12494.0845,57,18839.8,12141.0132,0
1693038600000,0.644,0.644,0.641,0.641,64720.6,1693039499999,41587.1539,195,24372.8,15662.0796,0
1693039500000,0.64,0.641,0.64,0.64,26232.5,1693040399999,16804.8836,60,11292.2,7238.3002,0
1693040400000,0.64,0.641,0.64,0.641,14713.8,1693041299999,9418.2123,43,12136.8,7768.7593,0
1693041300000,0.641,0.642,0.64,0.642,12092.8,1693042199999,7751.0711,39,6649.4,4263.1393,0
1693042200000,0.641,0.642,0.641,0.641,10691.6,1693043099999,6855.249,26,6762.6,4336.76,0
1693043100000,0.642,0.642,0.641,0.642,9452.5,1693043999999,6067.4416,44,2690.2,1727.1084,0
1693044000000,0.642,0.643,0.642,0.642,18770.9,1693044899999,12052.3224,43,5050.8,3244.0182,0
1693044900000,0.641,0.642,0.641,0.642,4959.9,1693045799999,3184.2098,23,2342.2,1503.6924,0
1693045800000,0.641,0.643,0.641,0.642,13415.0,1693046699999,8613.2704,38,7589.9,4873.7356,0
1693046700000,0.642,0.642,0.641,0.642,2164.9,1693047599999,1388.8369,23,1136.0,729.312,0
1693047600000,0.642,0.643,0.642,0.642,19860.3,1693048499999,12750.6236,69,11966.5,7682.804,0
1693048500000,0.642,0.642,0.641,0.641,9910.3,1693049399999,6358.5966,32,843.8,540.8758,0
1693049400000,0.641,0.641,0.64,0.641,1343.8,1693050299999,861.3262,6,27.4,17.5634,0
1693050300000,0.64,0.641,0.639,0.64,9877.0,1693051199999,6321.227,38,7033.0,4502.037,0
1693051200000,0.64,0.641,0.639,0.64,10535.7,1693052099999,6742.0017,33,3134.4,2006.0804,0
1693052100000,0.64,0.64,0.639,0.64,12618.6,1693052999999,8063.7647,36,7454.8,4763.759,0
1693053000000,0.64,0.64,0.639,0.639,25893.5,1693053899999,16554.9725,74,7803.6,4990.5798,0
1693053900000,0.639,0.645,0.639,0.64,252192.5,1693054799999,162297.1092,511,48455.8,31147.1903,0
1693054800000,0.64,0.641,0.637,0.639,257569.7,1693055699999,164511.0006,396,52810.9,33793.9198,0
1693055700000,0.639,0.64,0.638,0.638,3025.6,1693056599999,1933.8821,18,2344.0,1498.4709,0
1693056600000,0.638,0.638,0.637,0.637,14872.2,1693057499999,9483.9879,54,7529.4,4803.7572,0
1693057500000,0.637,0.638,0.637,0.638,1112.4,1693058399999,709.0675,6,468.7,299.0306,0
1693058400000,0.638,0.639,0.638,0.638,20063.4,1693059299999,12814.5364,46,11836.8,7558.8786,0
1693059300000,0.639,0.64,0.638,0.638,23284.3,1693060199999,14869.0868,45,10385.5,6637.1345,0
1693060200000,0.639,0.64,0.639,0.64,28787.6,1693061099999,18423.8616,61,13802.2,8833.3291,0
1693061100000,0.64,0.641,0.64,0.64,8063.7,1693061999999,5161.7242,18,4986.8,3192.5082,0
1693062000000,0.64,0.641,0.639,0.64,8287.3,1693062899999,5302.6957,32,820.7,525.6781,0
1693062900000,0.64,0.64,0.639,0.64,31315.7,1693063799999,20035.82,87,26891.3,17204.5713,0
1693063800000,0.639,0.641,0.639,0.641,28032.7,1693064699999,17955.9912,63,20107.3,12884.2726,0
1693064700000,0.64,0.641,0.639,0.639,4468.1,1693065599999,2856.932,26,2113.1,1350.3159,0
1693065600000,0.639,0.639,0.637,0.638,34750.4,1693066499999,22151.5668,89,8393.9,5349.1418,0
1693066500000,0.637,0.638,0.636,0.636,10957.0,1693067399999,6978.6899,35,3024.8,1926.8726,0
1693067400000,0.636,0.637,0.635,0.636,24608.5,1693068299999,15650.2447,51,15012.8,9548.1795,0
1693068300000,0.636,0.638,0.636,0.636,26117.6,1693069199999,16634.7918,59,3128.9,1993.3393,0
1693069200000,0.636,0.638,0.635,0.636,25638.5,1693070099999,16322.79,91,18049.4,11490.1058,0
1693070100000,0.637,0.637,0.636,0.636,39757.7,1693070999999,25286.6828,69,19312.5,12283.5356,0
1693071000000,0.637,0.638,0.636,0.636,8925.4,1693071899999,5687.3463,30,7816.1,4980.9177,0
1693071900000,0.636,0.637,0.635,0.637,9723.8,1693072799999,6183.8992,33,4698.9,2989.0268,0
1693072800000,0.637,0.637,0.636,0.636,6180.8,1693073699999,3932.2523,28,2458.8,1565.0603,0
1693073700000,0.637,0.638,0.635,0.635,19466.2,1693074599999,12397.4954,65,6517.3,4152.3459,0
1693074600000,0.636,0.637,0.636,0.636,6361.8,1693075499999,4046.5758,24,6361.8,4046.5758,0
1693075500000,0.635,0.637,0.635,0.637,109260.3,1693076399999,69430.8904,189,27038.0,17197.2267,0
1693076400000,0.636,0.638,0.636,0.637,13587.5,1693077299999,8649.087,51,11152.8,7100.4418,0
1693077300000,0.637,0.638,0.637,0.638,17738.4,1693078199999,11301.0154,47,9593.0,6112.3956,0
1693078200000,0.638,0.639,0.637,0.638,8229.3,1693079099999,5253.445,40,7625.4,4868.1835,0
1693079100000,0.638,0.64,0.638,0.639,26644.8,1693079999999,17010.4823,84,14956.2,9548.9051,0
1693080000000,0.638,0.638,0.634,0.635,118793.7,1693080899999,75532.4947,297,32864.7,20905.342,0
1693080900000,0.635,0.636,0.635,0.636,18846.6,1693081799999,11983.7544,55,9809.1,6238.5876,0
1693081800000,0.636,0.636,0.635,0.635,11359.0,1693082699999,7224.2588,33,5460.0,3472.56,0
1693082700000,0.636,0.637,0.635,0.635,5545.3,1693083599999,3526.897,28,2860.0,1819.5577,0
1693083600000,0.636,0.637,0.635,0.637,6017.7,1693084499999,3826.3088,30,4971.1,3161.7178,0
1693084500000,0.637,0.637,0.636,0.637,6911.0,1693085399999,4402.0209,41,5198.1,3311.1897,0
1693085400000,0.637,0.637,0.636,0.636,19291.4,1693086299999,12272.1146,24,2784.2,1773.5354,0
1693086300000,0.637,0.638,0.637,0.637,15912.8,1693087199999,10143.6154,51,15383.5,9806.4513,0
1693087200000,0.637,0.638,0.636,0.638,18230.1,1693088099999,11619.9593,62,13141.4,8378.486,0
1693088100000,0.637,0.637,0.636,0.636,4970.2,1693088999999,3162.8594,31,2269.6,1443.4656,0
1693089000000,0.636,0.636,0.636,0.636,5344.7,1693089899999,3399.2292,20,3246.1,2064.5196,0
1693089900000,0.636,0.637,0.635,0.635,7086.7,1693090799999,4506.3911,36,5619.6,3574.1155,0
1693090800000,0.635,0.635,0.633,0.633,23886.5,1693091699999,15150.517,80,8172.8,5181.6381,0
1693091700000,0.633,0.635,0.633,0.634,26066.0,1693092599999,16518.0207,89,15006.3,9510.8218,0
1693092600000,0.634,0.634,0.634,0.634,21536.8,1693093499999,13654.3312,45,7439.3,4716.5162,0
1693093500000,0.634,0.634,0.634,0.634,13222.1,1693094399999,8382.8114,29,9458.7,5996.8158,0
1693094400000,0.634,0.635,0.633,0.635,30754.1,1693095299999,19504.8346,69,17536.2,11124.6572,0
1693095300000,0.635,0.636,0.635,0.635,11909.4,1693096199999,7562.5913,41,5988.7,3802.9468,0
1693096200000,0.635,0.635,0.632,0.633,19392.0,1693097099999,12284.1601,45,268.9,170.395,0
1693097100000,0.633,0.633,0.632,0.632,26117.0,1693097999999,16526.2609,59,15220.0,9631.9401,0
1693098000000,0.631,0.634,0.631,0.633,45332.8,1693098899999,28647.265,118,26787.6,16933.5756,0
1693098900000,0.633,0.634,0.633,0.633,8903.3,1693099799999,5636.4209,32,4282.2,2711.2646,0
1693099800000,0.633,0.635,0.632,0.632,36159.5,1693100699999,22904.2759,102,19522.2,12365.377,0
1693100700000,0.632,0.634,0.632,0.634,19518.5,1693101599999,12362.5263,45,11774.0,7460.4361,0
1693101600000,0.633,0.634,0.632,0.633,22010.1,1693102499999,13935.5869,39,8715.1,5519.8754,0
1693102500000,0.633,0.633,0.632,0.632,38584.3,1693103399999,24396.5892,69,13928.4,8807.7479,0
1693103400000,0.631,0.632,0.63,0.631,11983.4,1693104299999,7561.189,66,3330.8,2101.7553,0
1693104300000,0.631,0.632,0.629,0.629,32027.3,1693105199999,20179.7619,91,14228.8,8968.0497,0
1693105200000,0.629,0.631,0.629,0.631,14581.3,1693106099999,9184.2578,38,11965.2,7538.6704,0
1693106100000,0.631,0.632,0.631,0.631,3497.2,1693106999999,2207.0502,15,1450.6,915.6456,0
1693107000000,0.631,0.632,0.63,0.631,8749.8,1693107899999,5521.099,24,4174.7,2634.2674,0
1693107900000,0.631,0.631,0.63,0.63,16567.4,1693108799999,10443.5721,38,6204.3,3914.8191,0
1693108800000,0.63,0.632,0.63,0.63,14563.7,1693109699999,9182.9892,38,12148.9,7659.4678,0
1693109700000,0.631,0.632,0.63,0.63,11456.2,1693110599999,7219.9247,21,456.2,288.1792,0
1693110600000,0.63,0.63,0.629,0.63,18933.5,1693111499999,11928.0128,56,12042.2,7586.586,0
1693111500000,0.63,0.631,0.63,0.63,8481.2,1693112399999,5343.4171,20,8074.6,5087.2591,0
1693112400000,0.63,0.631,0.63,0.63,12199.1,1693113299999,7685.4489,33,6199.2,3905.5119,0
1693113300000,0.63,0.631,0.63,0.631,1405.3,1693114199999,885.369,9,1405.3,885.369,0
1693114200000,0.631,0.632,0.63,0.63,13925.5,1693115099999,8787.1469,31,4755.6,3001.1011,0
1693115100000,0.631,0.631,0.631,0.631,177.2,1693115999999,111.8132,3,177.2,111.8132,0
1693116000000,0.631,0.631,0.63,0.631,9174.4,1693116899999,5789.028,22,4570.6,2884.0486,0
1693116900000,0.631,0.631,0.631,0.631,31.7,1693117799999,20.0027,1,31.7,20.0027,0
1693117800000,0.631,0.631,0.63,0.631,5581.7,1693118699999,3521.9332,18,3299.5,2081.9845,0
1693118700000,0.63,0.631,0.63,0.631,10761.2,1693119599999,6790.1519,24,6128.5,3867.0835,0
1693119600000,0.631,0.631,0.631,0.631,15672.3,1693120499999,9889.2213,26,4219.1,2662.2521,0
1693120500000,0.63,0.631,0.629,0.631,18474.1,1693121399999,11646.3672,49,12788.8,8064.6552,0
1693121400000,0.631,0.631,0.629,0.631,23081.9,1693122299999,14549.7992,66,9932.6,6261.4299,0
1693122300000,0.63,0.631,0.63,0.63,29377.2,1693123199999,18509.1479,60,11714.9,7381.8989,0
1693123200000,0.63,0.631,0.629,0.63,23613.7,1693124099999,14877.2372,53,15158.5,9552.1647,0
1693124100000,0.63,0.63,0.627,0.627,31358.4,1693124999999,19715.8064,90,5421.3,3409.9374,0
1693125000000,0.628,0.629,0.628,0.628,19829.4,1693125899999,12465.0233,57,16493.7,10368.054,0
1693125900000,0.629,0.629,0.628,0.628,18752.1,1693126799999,11780.3503,54,7899.9,4964.2749,0
1693126800000,0.629,0.629,0.627,0.627,28267.2,1693127699999,17746.4954,51,4491.8,2823.8991,0
1693127700000,0.627,0.628,0.627,0.627,3785.1,1693128599999,2373.2922,14,34.5,21.666,0
1693128600000,0.628,0.628,0.627,0.627,52416.0,1693129499999,32915.4488,79,50590.3,31770.7084,0
1693129500000,0.627,0.628,0.627,0.628,5304.2,1693130399999,3328.4181,24,1788.6,1123.2408,0
1693130400000,0.628,0.628,0.627,0.627,33881.4,1693131299999,21254.0802,55,2559.7,1607.4916,0
1693131300000,0.627,0.628,0.627,0.628,13381.2,1693132199999,8401.4486,20,11436.2,7181.9336,0
1693132200000,0.628,0.629,0.628,0.628,4762.0,1693133099999,2990.5518,26,519.7,326.3874,0
1693133100000,0.628,0.629,0.627,0.628,10251.4,1693133999999,6437.4429,37,659.4,414.3019,0
1693134000000,0.628,0.628,0.627,0.628,7571.1,1693134899999,4748.1814,26,1101.7,691.8676,0
1693134900000,0.627,0.629,0.627,0.628,13710.8,1693135799999,8610.1684,54,8231.1,5169.5518,0
1693135800000,0.627,0.628,0.626,0.627,8381.8,1693136699999,5255.2127,42,3534.7,2216.4237,0
1693136700000,0.627,0.628,0.626,0.628,12155.1,1693137599999,7625.6925,37,8810.6,5529.2085,0
1693137600000,0.627,0.627,0.625,0.627,23500.9,1693138499999,14716.337,65,7906.7,4951.1906,0
1693138500000,0.626,0.627,0.626,0.626,2134.3,1693139399999,1336.2312,11,159.4,99.9438,0
1693139400000,0.626,0.627,0.626,0.627,8220.2,1693140299999,5145.9221,27,3297.3,2064.1867,0
1693140300000,0.627,0.627,0.626,0.626,8732.0,1693141199999,5467.395,24,1163.0,729.201,0
1693141200000,0.626,0.627,0.626,0.626,22604.8,1693142099999,14170.6835,49,17082.6,10710.7902,0
1693142100000,0.626,0.626,0.625,0.625,18007.4,1693142999999,11265.8032,63,3204.2,2005.8292,0
1693143000000,0.625,0.626,0.623,0.624,40774.3,1693143899999,25450.5513,162,14503.8,9057.381,0
1693143900000,0.624,0.626,0.624,0.626,16203.4,1693144799999,10131.1196,50,12176.5,7613.7423,0
1693144800000,0.625,0.628,0.625,0.626,22453.5,1693145699999,14061.9887,64,9533.9,5972.5786,0
1693145700000,0.627,0.628,0.626,0.626,38499.4,1693146599999,24123.0782,99,20346.4,12748.2981,0
1693146600000,0.627,0.629,0.627,0.629,42461.9,1693147499999,26675.2363,108,22129.3,13906.4162,0
1693147500000,0.629,0.629,0.627,0.628,23793.9,1693148399999,14940.452,78,8312.3,5221.1428,0
1693148400000,0.628,0.629,0.626,0.627,17705.2,1693149299999,11111.951,73,5965.0,3743.476,0
1693149300000,0.627,0.629,0.627,0.628,30493.1,1693150199999,19150.3064,94,20357.0,12785.4057,0
1693150200000,0.628,0.635,0.627,0.633,238685.6,1693151099999,150906.7087,458,189061.9,119632.0056,0
1693151100000,0.633,0.638,0.63,0.63,1158694.8,1693151999999,735954.1039,1505,498235.4,316623.4879,0
1693152000000,0.631,0.631,0.63,0.63,38136.4,1693152899999,24050.0649,91,26267.5,16567.4548,0
1693152900000,0.63,0.631,0.627,0.627,385557.7,1693153799999,242299.0229,304,91102.4,57280.3027,0
1693153800000,0.628,0.628,0.622,0.624,909054.6,1693154699999,568587.8779,897,366244.4,229312.34,0
1693154700000,0.624,0.625,0.623,0.624,32409.7,1693155599999,20234.7516,80,19872.2,12414.3014,0
1693155600000,0.625,0.625,0.622,0.624,67654.8,1693156499999,42187.9656,123,12801.6,7986.9429,0
1693156500000,0.623,0.623,0.621,0.622,31555.9,1693157399999,19613.9559,92,3512.5,2186.2026,0
1693157400000,0.622,0.622,0.619,0.621,54445.0,1693158299999,33776.1595,139,24658.5,15312.4863,0
1693158300000,0.621,0.621,0.618,0.619,60958.7,1693159199999,37706.0854,151,16501.4,10215.7662,0
1693159200000,0.618,0.618,0.613,0.615,128932.3,1693160099999,79331.2066,356,53182.6,32728.2778,0
1693160100000,0.615,0.616,0.614,0.615,52405.6,1693160999999,32240.974,94,27879.4,17157.7515,0
1693161000000,0.614,0.616,0.613,0.615,100276.1,1693161899999,61611.3115,198,37020.1,22764.9077,0
1693161900000,0.616,0.616,0.615,0.616,33332.9,1693162799999,20512.7523,96,25417.2,15644.1968,0
1693162800000,0.616,0.617,0.616,0.617,19371.2,1693163699999,11947.8094,65,12311.8,7592.181,0
1693163700000,0.617,0.619,0.617,0.618,14009.4,1693164599999,8655.0504,56,13783.2,8515.4654,0
1693164600000,0.618,0.619,0.617,0.618,39936.4,1693165499999,24657.8512,77,7064.5,4362.6181,0
1693165500000,0.617,0.617,0.615,0.616,32044.6,1693166399999,19744.6823,71,20426.8,12587.4366,0
1693166400000,0.616,0.616,0.611,0.613,99919.5,1693167299999,61296.4089,239,70473.1,43236.5475,0
1693167300000,0.613,0.613,0.611,0.612,27562.2,1693168199999,16883.2878,89,22891.1,14025.6831,0
1693168200000,0.612,0.612,0.611,0.612,2097.4,1693169099999,1282.3774,22,866.0,529.992,0
1693169100000,0.612,0.612,0.611,0.612,1307.8,1693169999999,800.328,11,1262.2,772.4664,0
1693170000000,0.612,0.613,0.609,0.61,76859.5,1693170899999,46944.5737,212,30443.3,18604.5853,0
1693170900000,0.61,0.613,0.61,0.613,18562.4,1693171799999,11352.7924,69,18317.1,11202.7161,0
1693171800000,0.612,0.613,0.61,0.612,86538.7,1693172699999,52902.2935,217,37775.6,23097.5058,0
1693172700000,0.611,0.612,0.606,0.606,163282.3,1693173599999,99245.7005,458,65422.1,39826.9656,0
1693173600000,0.606,0.607,0.602,0.605,197417.0,1693174499999,119313.4704,376,91988.3,55575.3267,0
1693174500000,0.604,0.607,0.604,0.606,116147.2,1693175399999,70344.0909,193,73924.4,44781.1821,0
1693175400000,0.607,0.607,0.604,0.607,84874.3,1693176299999,51408.3131,190,55734.6,33759.0323,0
1693176300000,0.606,0.609,0.606,0.609,58264.6,1693177199999,35408.5672,124,43408.0,26383.648,0
1693177200000,0.609,0.609,0.607,0.608,106863.1,1693178099999,65025.7012,195,47769.5,29085.3753,0
1693178100000,0.608,0.609,0.606,0.608,49421.2,1693178999999,30032.6453,101,31769.8,19312.1646,0
1693179000000,0.608,0.609,0.608,0.608,8585.4,1693179899999,5220.8601,51,6510.9,3959.5641,0
1693179900000,0.608,0.61,0.608,0.61,22442.8,1693180799999,13676.1095,64,16198.0,9872.9254,0
1693180800000,0.61,0.611,0.607,0.608,82021.6,1693181699999,49874.8285,319,27978.3,17003.9118,0
1693181700000,0.608,0.609,0.605,0.605,146933.8,1693182599999,88953.1984,356,80039.3,48447.69,0
1693182600000,0.605,0.607,0.604,0.606,68711.4,1693183499999,41604.7998,189,43055.4,26070.9919,0
1693183500000,0.606,0.607,0.602,0.604,50927.9,1693184399999,30766.6419,184,31733.8,19172.1728,0
1693184400000,0.604,0.604,0.598,0.601,147989.7,1693185299999,88925.8445,434,55033.4,33116.9893,0
1693185300000,0.6,0.603,0.6,0.603,28853.9,1693186199999,17362.9288,76,24801.9,14928.5853,0
1693186200000,0.604,0.604,0.601,0.602,71552.4,1693187099999,43085.8528,126,36281.1,21839.6302,0
1693187100000,0.602,0.605,0.6,0.601,45988.0,1693187999999,27695.2204,133,19546.6,11770.9884,0
1693188000000,0.602,0.603,0.6,0.601,34747.0,1693188899999,20895.8868,82,14787.3,8891.8115,0
1693188900000,0.601,0.603,0.6,0.602,59352.6,1693189799999,35712.0037,137,32226.3,19388.6351,0
1693189800000,0.602,0.602,0.601,0.601,46783.7,1693190699999,28153.5274,117,19253.1,11590.3662,0
1693190700000,0.601,0.602,0.598,0.6,75564.1,1693191599999,45306.9671,230,27300.4,16377.3422,0
1693191600000,0.599,0.6,0.598,0.599,63015.8,1693192499999,37768.7462,164,29754.9,17832.8436,0
1693192500000,0.599,0.602,0.598,0.601,192910.4,1693193399999,115800.1632,353,138082.0,82915.7286,0
1693193400000,0.6,0.603,0.6,0.601,87578.7,1693194299999,52661.2495,203,45753.9,27518.8109,0
1693194300000,0.601,0.602,0.6,0.601,96294.2,1693195199999,57901.8861,165,68272.3,41065.8389,0
1693195200000,0.601,0.601,0.598,0.601,74488.0,1693196099999,44665.3363,167,29490.6,17694.3586,0
1693196100000,0.6,0.603,0.6,0.6,59411.2,1693196999999,35731.9229,130,41000.7,24671.4916,0
1693197000000,0.601,0.601,0.599,0.599,33930.5,1693197899999,20366.9314,73,15669.9,9405.5826,0
1693197900000,0.599,0.6,0.599,0.599,14878.7,1693198799999,8921.0079,48,6734.1,4040.46,0
1693198800000,0.599,0.6,0.598,0.599,53910.9,1693199699999,32278.0258,105,32953.8,19739.7924,0
1693199700000,0.599,0.6,0.596,0.597,43641.8,1693200599999,26082.047,157,9313.3,5564.4884,0
1693200600000,0.596,0.597,0.59,0.595,245359.1,1693201499999,145711.7733,706,119091.9,70765.1112,0
1693201500000,0.595,0.598,0.595,0.597,55168.9,1693202399999,32913.3248,133,18340.0,10935.6965,0
1693202400000,0.598,0.598,0.597,0.598,37051.2,1693203299999,22143.3288,81,21303.4,12738.4458,0
1693203300000,0.598,0.598,0.596,0.598,35028.0,1693204199999,20916.9019,80,21581.8,12889.2126,0
1693204200000,0.599,0.6,0.598,0.599,26975.0,1693205099999,16157.1743,73,15828.7,9481.461,0
1693205100000,0.599,0.6,0.599,0.6,12136.4,1693205999999,7278.4843,50,8366.1,5018.6169,0
1693206000000,0.6,0.6,0.599,0.599,32158.9,1693206899999,19270.5998,48,5269.3,3158.8066,0
1693206900000,0.598,0.599,0.598,0.598,26530.4,1693207799999,15867.1084,84,14566.5,8712.6962,0
1693207800000,0.598,0.598,0.597,0.597,42935.1,1693208699999,25648.3836,87,21743.8,12985.6042,0
1693208700000,0.597,0.601,0.596,0.6,57263.6,1693209599999,34296.3503,142,33859.9,20286.76,0
1693209600000,0.599,0.603,0.599,0.602,75594.3,1693210499999,45452.1523,190,65013.6,39094.7496,0
1693210500000,0.601,0.601,0.599,0.599,63577.9,1693211399999,38135.2082,108,26378.4,15830.1662,0
1693211400000,0.599,0.601,0.598,0.6,16170.5,1693212299999,9695.7276,31,14256.4,8547.4331,0
1693212300000,0.601,0.602,0.6,0.601,26223.3,1693213199999,15777.8924,91,19521.9,11744.5681,0
1693213200000,0.601,0.602,0.6,0.601,38057.3,1693214099999,22893.1922,72,19090.7,11477.7525,0
1693214100000,0.601,0.603,0.597,0.603,127514.3,1693214999999,76550.6,360,63068.6,37868.775,0
1693215000000,0.603,0.603,0.6,0.602,64137.4,1693215899999,38568.4615,158,24291.1,14606.758,0
1693215900000,0.602,0.604,0.601,0.604,35523.7,1693216799999,21397.7482,118,25868.9,15585.9771,0
1693216800000,0.603,0.605,0.603,0.603,18191.9,1693217699999,10977.4124,59,11837.1,7143.3554,0
1693217700000,0.604,0.606,0.604,0.605,47599.6,1693218599999,28772.4303,105,17745.6,10734.2104,0
1693218600000,0.605,0.606,0.605,0.606,27900.9,1693219499999,16881.0923,46,16681.6,10093.4158,0
1693219500000,0.605,0.607,0.605,0.606,29844.9,1693220399999,18086.3901,57,22564.1,13674.4174,0
1693220400000,0.607,0.607,0.606,0.606,16326.1,1693221299999,9894.1749,40,8481.5,5140.3473,0
1693221300000,0.606,0.607,0.606,0.607,5973.1,1693222199999,3620.8785,21,4185.5,2537.5929,0
1693222200000,0.606,0.608,0.606,0.607,13611.1,1693223099999,8258.8817,54,6153.2,3733.3971,0
1693223100000,0.607,0.609,0.607,0.609,39595.2,1693223999999,24076.9011,143,21556.2,13108.9924,0
1693224000000,0.609,0.618,0.609,0.613,285317.5,1693224899999,175361.2805,754,158904.7,97613.01,0
1693224900000,0.614,0.622,0.614,0.619,198741.2,1693225799999,122731.7694,472,114790.0,70864.8381,0
1693225800000,0.619,0.621,0.615,0.616,152943.4,1693226699999,94538.245,337,68789.6,42531.1075,0
1693226700000,0.615,0.617,0.615,0.616,67040.6,1693227599999,41292.8608,132,36162.1,22277.1695,0
1693227600000,0.617,0.617,0.613,0.613,70348.8,1693228499999,43213.6573,170,16816.0,10340.7487,0
1693228500000,0.613,0.614,0.613,0.613,36372.8,1693229399999,22303.1748,61,20696.8,12693.3515,0
1693229400000,0.614,0.616,0.614,0.616,36486.0,1693230299999,22429.2745,71,31565.0,19404.3782,0
1693230300000,0.616,0.617,0.614,0.615,42707.0,1693231199999,26289.1949,98,21172.6,13032.7846,0
1693231200000,0.615,0.617,0.614,0.616,34325.2,1693232099999,21135.4142,88,16852.2,10382.1128,0
1693232100000,0.617,0.617,0.616,0.616,2948.2,1693232999999,1816.1495,12,58.3,35.9711,0
1693233000000,0.616,0.617,0.615,0.616,67259.9,1693233899999,41429.9359,122,23888.3,14715.5175,0
1693233900000,0.616,0.617,0.616,0.617,55204.8,1693234799999,34027.2292,114,35155.3,21669.1096,0
1693234800000,0.617,0.618,0.615,0.617,70373.8,1693235699999,43378.9173,137,30652.0,18897.3673,0
1693235700000,0.616,0.619,0.616,0.618,61830.5,1693236599999,38198.2714,121,37808.8,23356.3234,0
1693236600000,0.618,0.62,0.617,0.618,28869.9,1693237499999,17852.6573,62,8926.1,5521.4931,0
1693237500000,0.618,0.619,0.616,0.617,65472.4,1693238399999,40409.221,141,33267.3,20529.8512,0
1693238400000,0.618,0.62,0.617,0.619,32212.4,1693239299999,19926.7229,94,14975.5,9263.2045,0
1693239300000,0.619,0.619,0.615,0.615,42216.4,1693240199999,26036.2884,107,19178.2,11829.2207,0
1693240200000,0.615,0.616,0.614,0.616,39966.7,1693241099999,24586.2829,97,19939.3,12266.5645,0
1693241100000,0.616,0.617,0.615,0.616,20418.3,1693241999999,12577.8621,44,6857.4,4224.4024,0
1693242000000,0.616,0.617,0.615,0.615,36642.9,1693242899999,22570.4449,85,20035.9,12341.5311,0
1693242900000,0.615,0.615,0.613,0.613,14815.2,1693243799999,9102.2458,49,3542.3,2176.6881,0
1693243800000,0.614,0.615,0.613,0.614,1942.7,1693244699999,1193.0676,21,851.9,523.6009,0
1693244700000,0.613,0.614,0.613,0.613,19658.0,1693245599999,12057.3856,43,11570.7,7099.8707,0
1693245600000,0.613,0.613,0.611,0.612,50006.9,1693246499999,30599.7227,120,27722.1,16970.5797,0
1693246500000,0.612,0.612,0.611,0.612,61613.2,1693247399999,37657.393,56,8848.0,5414.976,0
1693247400000,0.612,0.613,0.611,0.613,8477.6,1693248299999,5188.6721,29,6482.0,3967.4907,0
1693248300000,0.612,0.614,0.612,0.614,4101.8,1693249199999,2515.1162,15,3901.4,2392.3582,0
1693249200000,0.614,0.616,0.614,0.616,60878.2,1693250099999,37467.4107,131,30781.4,18944.1651,0
1693250100000,0.616,0.616,0.611,0.613,88320.1,1693250999999,54128.2091,214,39840.6,24398.4479,0
1693251000000,0.613,0.616,0.613,0.614,17238.3,1693251899999,10591.2077,53,12219.7,7508.1502,0
1693251900000,0.615,0.619,0.615,0.618,75246.4,1693252799999,46353.0056,108,28082.1,17298.1142,0
1693252800000,0.618,0.619,0.616,0.616,26006.4,1693253699999,16048.0412,104,8415.7,5196.8756,0
1693253700000,0.616,0.619,0.616,0.619,12021.3,1693254599999,7428.1713,47,9969.8,6159.3712,0
1693254600000,0.619,0.619,0.618,0.618,13332.9,1693255499999,8252.9278,29,1978.7,1224.8153,0
1693255500000,0.618,0.619,0.616,0.617,35568.3,1693256399999,21955.8448,76,12476.4,7711.6504,0
1693256400000,0.617,0.619,0.616,0.618,44871.0,1693257299999,27726.4164,96,24322.1,15023.0096,0
1693257300000,0.618,0.62,0.617,0.619,22699.5,1693258199999,14049.982,56,15224.9,9426.3246,0
1693258200000,0.62,0.62,0.618,0.618,76507.3,1693259099999,47362.3824,164,29701.3,18389.8232,0
1693259100000,0.618,0.618,0.617,0.618,9961.9,1693259999999,6151.6829,28,5458.2,3371.1205,0
1693260000000,0.618,0.621,0.618,0.619,25074.7,1693260899999,15534.2379,106,13593.3,8427.7076,0
1693260900000,0.62,0.623,0.62,0.621,36168.5,1693261799999,22481.7521,104,15978.9,9934.0008,0
1693261800000,0.622,0.623,0.621,0.622,10231.8,1693262699999,6361.71,33,4617.0,2872.8447,0
1693262700000,0.621,0.622,0.621,0.622,2588.3,1693263599999,1609.6211,17,441.2,274.4264,0
1693263600000,0.622,0.624,0.622,0.623,17858.1,1693264499999,11122.3734,69,9457.2,5892.7523,0
1693264500000,0.623,0.625,0.622,0.622,48053.8,1693265399999,29975.3555,134,17393.5,10851.032,0
1693265400000,0.622,0.623,0.62,0.621,44156.7,1693266299999,27433.2514,106,9104.7,5658.4812,0
1693266300000,0.621,0.621,0.619,0.619,14978.1,1693267199999,9293.5465,46,7855.2,4877.8485,0
1693267200000,0.62,0.622,0.619,0.62,101279.9,1693268099999,62808.2104,199,56850.8,35271.0884,0
1693268100000,0.619,0.62,0.617,0.617,53696.8,1693268999999,33223.6047,126,26286.2,16265.1702,0
1693269000000,0.617,0.618,0.616,0.617,51432.1,1693269899999,31737.6899,137,26904.9,16607.7534,0
1693269900000,0.618,0.62,0.618,0.619,67138.2,1693270799999,41552.0075,143,36628.7,22666.6677,0
1693270800000,0.619,0.623,0.619,0.622,157271.6,1693271699999,97577.5931,194,132532.2,82237.6322,0
1693271700000,0.622,0.624,0.622,0.622,57798.3,1693272599999,36004.9215,139,29647.7,18465.2149,0
1693272600000,0.623,0.625,0.623,0.624,13113.6,1693273499999,8178.453,39,7994.2,4985.4033,0
1693273500000,0.623,0.624,0.621,0.623,68597.2,1693274399999,42700.3642,139,33736.3,20999.144,0
1693274400000,0.623,0.623,0.622,0.622,42544.5,1693275299999,26479.8414,65,24149.1,15030.9823,0
1693275300000,0.622,0.623,0.621,0.621,54291.9,1693276199999,33729.7441,93,20878.8,12974.0649,0
1693276200000,0.621,0.621,0.62,0.62,16754.2,1693277099999,10391.4308,44,7577.8,4700.953,0
1693277100000,0.619,0.62,0.618,0.62,39462.9,1693277999999,24439.3828,80,26997.1,16723.4134,0
1693278000000,0.619,0.619,0.617,0.618,53894.1,1693278899999,33346.4214,114,19912.1,12321.0605,0
1693278900000,0.618,0.618,0.618,0.618,21963.7,1693279799999,13573.5666,40,13920.6,8602.9308,0
1693279800000,0.618,0.619,0.617,0.618,33064.1,1693280699999,20447.9847,62,15201.1,9402.7948,0
1693280700000,0.618,0.621,0.618,0.619,52751.4,1693281599999,32684.0543,81,33501.4,20760.705,0
1693281600000,0.62,0.623,0.62,0.62,54624.5,1693282499999,33952.4832,133,44664.4,27770.4813,0
1693282500000,0.62,0.621,0.62,0.621,16932.2,1693283399999,10498.316,45,6796.3,4214.058,0
1693283400000,0.621,0.621,0.619,0.619,23324.7,1693284299999,14460.4256,56,498.7,309.2745,0
1693284300000,0.619,0.619,0.617,0.617,61804.8,1693285199999,38171.1279,121,2741.6,1694.1945,0
1693285200000,0.617,0.619,0.617,0.617,30355.7,1693286099999,18746.3167,83,20406.2,12598.5965,0
1693286100000,0.617,0.617,0.614,0.616,134783.9,1693286999999,83028.8624,226,14713.7,9068.4524,0
1693287000000,0.616,0.617,0.616,0.617,25249.6,1693287899999,15556.0705,67,18404.4,11339.4273,0
1693287900000,0.617,0.617,0.616,0.616,15350.9,1693288799999,9470.185,58,10438.4,6440.4928,0
1693288800000,0.617,0.618,0.615,0.615,33386.1,1693289699999,20599.4275,67,13376.1,8261.9146,0
1693289700000,0.615,0.617,0.613,0.614,74459.5,1693290599999,45820.4901,137,28949.4,17826.4638,0
1693290600000,0.614,0.615,0.612,0.614,25270.1,1693291499999,15500.4978,108,18942.8,11624.915,0
1693291500000,0.615,0.615,0.613,0.613,29182.4,1693292399999,17919.0532,65,14520.9,8911.9723,0
1693292400000,0.613,0.615,0.612,0.614,25833.4,1693293299999,15847.7161,54,14172.5,8697.8333,0
1693293300000,0.615,0.615,0.615,0.615,26271.0,1693294199999,16156.665,47,12608.1,7753.9815,0
1693294200000,0.615,0.615,0.613,0.613,42156.9,1693295099999,25884.8577,78,27042.7,16604.2178,0
1693295100000,0.614,0.614,0.613,0.613,6232.4,1693295999999,3823.8334,28,3372.2,2070.5308,0
1693296000000,0.613,0.613,0.611,0.612,97976.9,1693296899999,60022.6566,111,11412.9,6984.7956,0
1693296900000,0.613,0.613,0.612,0.612,30796.9,1693297799999,18862.7976,66,14442.3,8844.7161,0
1693297800000,0.612,0.612,0.612,0.612,382.6,1693298699999,234.1512,3,350.0,214.2,0
1693298700000,0.612,0.613,0.611,0.612,17119.8,1693299599999,10474.7016,41,10882.6,6660.1951,0
1693299600000,0.611,0.614,0.611,0.613,13439.4,1693300499999,8234.2745,39,4701.6,2878.5071,0
1693300500000,0.612,0.613,0.611,0.612,4737.3,1693301399999,2898.5797,18,520.0,318.6291,0
1693301400000,0.611,0.612,0.61,0.611,13080.4,1693302299999,7985.0616,40,4317.2,2638.0052,0
1693302300000,0.611,0.612,0.609,0.61,13135.3,1693303199999,8018.9273,45,9844.5,6008.7406,0
1693303200000,0.61,0.611,0.61,0.611,10440.3,1693304099999,6369.7989,28,4563.1,2784.7069,0
1693304100000,0.61,0.61,0.606,0.607,78064.3,1693304999999,47450.9256,205,26975.5,16390.9288,0
1693305000000,0.606,0.608,0.606,0.608,34929.1,1693305899999,21216.8951,84,20966.8,12741.7221,0
1693305900000,0.608,0.609,0.607,0.608,43500.6,1693306799999,26469.1865,85,25286.3,15394.3336,0
1693306800000,0.609,0.612,0.609,0.611,37137.4,1693307699999,22661.1509,96,25687.1,15671.9881,0
1693307700000,0.611,0.612,0.611,0.611,25829.5,1693308599999,15791.7185,79,8648.2,5292.6984,0
1693308600000,0.611,0.612,0.609,0.609,16023.2,1693309499999,9770.6284,80,3850.9,2349.7299,0
1693309500000,0.609,0.611,0.608,0.609,60431.2,1693310399999,36850.884,134,32055.9,19560.3274,0
1693310400000,0.609,0.61,0.608,0.609,21669.8,1693311299999,13190.4953,53,13917.1,8472.6853,0
1693311300000,0.609,0.609,0.608,0.609,28206.8,1693312199999,17162.264,62,15650.1,9521.0689,0
1693312200000,0.609,0.61,0.609,0.61,18921.7,1693313099999,11541.9181,61,9916.8,6049.248,0
1693313100000,0.61,0.611,0.609,0.611,7248.1,1693313999999,4420.7797,36,3232.9,1972.087,0
1693314000000,0.611,0.614,0.609,0.612,119417.6,1693314899999,73098.1786,290,87487.1,53559.7804,0
1693314900000,0.612,0.612,0.61,0.61,14136.7,1693315799999,8639.8997,52,4467.7,2731.074,0
1693315800000,0.611,0.613,0.61,0.613,8096.9,1693316699999,4949.2617,69,5747.3,3515.883,0
1693316700000,0.613,0.613,0.611,0.612,16065.6,1693317599999,9844.5758,65,1891.9,1159.5892,0
1693317600000,0.612,0.618,0.612,0.616,49771.0,1693318499999,30660.2986,217,26531.8,16332.9658,0
1693318500000,0.617,0.639,0.617,0.635,785209.9,1693319399999,494579.7574,2484,406119.9,255602.5189,0
1693319400000,0.635,0.65,0.632,0.648,628728.1,1693320299999,404205.8611,1951,335018.4,215518.7813,0
1693320300000,0.649,0.651,0.641,0.646,261078.6,1693321199999,168692.3645,907,134558.5,86980.4891,0
1693321200000,0.646,0.648,0.642,0.647,233491.9,1693322099999,150759.765,712,153704.8,99275.6042,0
1693322100000,0.646,0.647,0.64,0.644,222384.3,1693322999999,142907.2514,470,71172.6,45784.5401,0
1693323000000,0.644,0.645,0.643,0.644,95934.2,1693323899999,61765.697,246,46814.0,30147.374,0
1693323900000,0.644,0.644,0.64,0.64,41659.0,1693324799999,26733.1995,137,11765.3,7546.8913,0
1693324800000,0.641,0.645,0.639,0.642,101897.9,1693325699999,65373.1768,308,54883.0,35213.8115,0
1693325700000,0.643,0.647,0.642,0.645,109602.3,1693326599999,70641.0126,305,63690.0,41049.1016,0
1693326600000,0.645,0.645,0.643,0.644,102150.4,1693327499999,65779.1739,186,51581.2,33245.0018,0
1693327500000,0.644,0.645,0.641,0.644,71734.6,1693328399999,46139.2177,202,37177.4,23921.4134,0
1693328400000,0.644,0.644,0.639,0.642,127915.0,1693329299999,82025.2606,299,46625.1,29915.7856,0
1693329300000,0.641,0.644,0.641,0.644,56534.4,1693330199999,36332.0419,159,26112.4,16777.0094,0
1693330200000,0.644,0.647,0.643,0.645,96620.1,1693331099999,62351.2755,250,43400.2,28001.7332,0
1693331100000,0.645,0.647,0.643,0.646,59774.9,1693331999999,38537.5456,186,40768.6,26283.3796,0
1693332000000,0.646,0.648,0.645,0.648,73793.2,1693332899999,47696.624,160,34479.3,22304.5156,0
1693332900000,0.647,0.648,0.645,0.646,83154.4,1693333799999,53756.0966,179,48073.1,31087.9992,0
1693333800000,0.646,0.648,0.646,0.646,39140.2,1693334699999,25318.0661,97,26508.6,17153.8341,0
1693334700000,0.647,0.648,0.644,0.645,51838.1,1693335599999,33465.692,127,18268.6,11796.2812,0
1693335600000,0.645,0.648,0.644,0.647,61998.1,1693336499999,40043.2752,151,33745.0,21791.9513,0
1693336500000,0.648,0.648,0.645,0.646,9055.0,1693337399999,5854.5558,24,1839.1,1188.6641,0
1693337400000,0.646,0.649,0.646,0.648,69875.8,1693338299999,45220.8392,183,31992.7,20700.0769,0
1693338300000,0.648,0.649,0.646,0.649,47868.1,1693339199999,30985.3739,147,28412.7,18396.0423,0
1693339200000,0.648,0.65,0.648,0.649,105888.9,1693340099999,68737.4205,197,59648.7,38730.0311,0
1693340100000,0.65,0.651,0.649,0.65,20160.4,1693340999999,13106.8261,60,14908.3,9695.4455,0
1693341000000,0.651,0.651,0.646,0.648,74097.5,1693341899999,48039.2442,204,31425.1,20376.5192,0
1693341900000,0.647,0.649,0.644,0.644,83698.4,1693342799999,54074.7724,181,23492.4,15218.0024,0
1693342800000,0.643,0.647,0.643,0.645,98213.0,1693343699999,63330.1023,204,43136.6,27828.7025,0
1693343700000,0.645,0.648,0.644,0.647,76708.6,1693344599999,49559.6567,103,43787.3,28318.1727,0
1693344600000,0.646,0.648,0.646,0.647,26212.1,1693345499999,16959.2145,78,8098.9,5240.0911,0
1693345500000,0.648,0.649,0.647,0.648,7120.3,1693346399999,4611.8476,29,4659.7,3019.5026,0
1693346400000,0.649,0.655,0.649,0.653,102310.1,1693347299999,66758.4037,405,69576.4,45389.7434,0
1693347300000,0.653,0.653,0.648,0.649,43689.2,1693348199999,28405.3853,142,16824.3,10926.4629,0
1693348200000,0.65,0.651,0.649,0.651,14370.4,1693349099999,9340.7952,38,7260.1,4719.1267,0
1693349100000,0.65,0.651,0.649,0.651,48114.3,1693349999999,31281.8267,93,24012.2,15609.6908,0
1693350000000,0.651,0.651,0.649,0.649,40702.3,1693350899999,26448.5963,120,10711.4,6962.3811,0
1693350900000,0.648,0.648,0.646,0.648,85447.0,1693351799999,55296.3226,172,40615.9,26284.4531,0
1693351800000,0.648,0.65,0.647,0.65,21522.1,1693352699999,13979.081,72,8948.1,5807.431,0
1693352700000,0.65,0.651,0.649,0.65,26233.9,1693353599999,17059.2632,42,23719.7,15422.6465,0
1693353600000,0.651,0.651,0.648,0.649,59815.9,1693354499999,38872.0478,163,26324.4,17103.8612,0
1693354500000,0.649,0.649,0.647,0.648,82837.5,1693355399999,53687.0633,182,24349.9,15787.53,0
1693355400000,0.648,0.65,0.648,0.649,51274.0,1693356299999,33304.3575,110,24923.0,16184.6689,0
1693356300000,0.649,0.649,0.646,0.646,77301.4,1693357199999,50037.8895,180,35043.3,22681.9417,0
1693357200000,0.646,0.647,0.644,0.646,158828.5,1693358099999,102456.08,259,87931.6,56735.2441,0
1693358100000,0.646,0.646,0.643,0.643,77805.3,1693358999999,50113.1109,158,24954.7,16071.9281,0
1693359000000,0.644,0.646,0.641,0.646,48852.4,1693359899999,31460.3318,143,31995.7,20607.1428,0
1693359900000,0.645,0.646,0.644,0.645,42103.5,1693360799999,27156.5227,95,11711.0,7553.8425,0
1693360800000,0.646,0.648,0.645,0.645,71373.1,1693361699999,46120.9075,195,31039.6,20075.0144,0
1693361700000,0.645,0.646,0.643,0.643,27547.1,1693362599999,17771.0224,92,17562.4,11334.6632,0
1693362600000,0.644,0.646,0.644,0.645,20649.9,1693363499999,13317.2248,87,15966.0,10296.4846,0
1693363500000,0.646,0.647,0.645,0.646,45645.7,1693364399999,29487.8459,54,33277.8,21498.2588,0
1693364400000,0.645,0.646,0.644,0.645,32156.1,1693365299999,20719.0787,88,18838.1,12137.6652,0
1693365300000,0.644,0.644,0.641,0.643,62372.2,1693366199999,40058.6835,118,33964.4,21812.7652,0
1693366200000,0.643,0.646,0.643,0.645,24158.1,1693367099999,15557.4286,61,14319.7,9221.5044,0
1693367100000,0.645,0.647,0.644,0.647,50001.0,1693367999999,32277.2929,83,36881.8,23809.53,0
1693368000000,0.646,0.649,0.646,0.648,31577.2,1693368899999,20445.9892,94,11870.4,7684.2521,0
1693368900000,0.647,0.648,0.646,0.646,5929.6,1693369799999,3835.9883,33,137.1,88.8408,0
1693369800000,0.646,0.647,0.646,0.646,15088.8,1693370699999,9760.8014,28,9361.7,6057.0199,0
1693370700000,0.647,0.648,0.647,0.647,24428.6,1693371599999,15814.9796,51,13434.7,8696.6088,0
1693371600000,0.648,0.648,0.647,0.647,17925.9,1693372499999,11598.2492,40,9158.8,5925.9355,0
1693372500000,0.647,0.647,0.646,0.647,19179.8,1693373399999,12407.9156,49,13825.5,8945.0985,0
1693373400000,0.647,0.647,0.645,0.646,9447.3,1693374299999,6103.1246,30,3064.4,1980.271,0
1693374300000,0.646,0.648,0.645,0.648,38371.3,1693375199999,24818.0091,77,20135.9,13023.9271,0
1693375200000,0.648,0.648,0.646,0.647,47401.6,1693376099999,30665.7186,79,22399.8,14491.062,0
1693376100000,0.646,0.646,0.644,0.644,89858.5,1693376999999,57906.3886,99,6006.4,3875.9738,0
1693377000000,0.645,0.645,0.645,0.645,7403.3,1693377899999,4775.1285,12,6498.7,4191.6615,0
1693377900000,0.646,0.646,0.643,0.644,22017.9,1693378799999,14191.429,87,11842.5,7634.8159,0
1693378800000,0.644,0.645,0.644,0.644,39586.4,1693379699999,25503.3926,67,6979.9,4496.6812,0
1693379700000,0.643,0.645,0.643,0.645,34696.3,1693380599999,22371.7315,53,26629.8,17171.3146,0
1693380600000,0.645,0.645,0.644,0.645,17160.7,1693381499999,11063.0482,40,10448.4,6735.0924,0
1693381500000,0.644,0.645,0.643,0.645,26586.1,1693382399999,17128.7038,58,12820.5,8261.3203,0
1693382400000,0.645,0.646,0.644,0.645,68740.1,1693383299999,44338.9624,124,27971.4,18043.1698,0
1693383300000,0.645,0.647,0.645,0.646,20962.3,1693384199999,13535.7229,51,12030.0,7767.8546,0
1693384200000,0.646,0.649,0.646,0.649,57279.5,1693385099999,37070.9977,196,28256.7,18302.9767,0
1693385100000,0.648,0.649,0.646,0.649,40240.5,1693385999999,26074.8682,122,25562.7,16568.1942,0
1693386000000,0.649,0.649,0.647,0.648,24185.3,1693386899999,15677.9277,55,13690.7,8878.706,0
1693386900000,0.648,0.649,0.644,0.644,82705.7,1693387799999,53403.9113,190,31826.2,20558.3619,0
1693387800000,0.645,0.646,0.644,0.646,64508.7,1693388699999,41634.6894,124,35376.9,22839.4296,0
1693388700000,0.646,0.648,0.645,0.646,51099.0,1693389599999,33047.7649,91,20423.9,13208.6597,0
1693389600000,0.647,0.648,0.646,0.648,9129.4,1693390499999,5908.5987,33,5440.2,3521.9101,0
1693390500000,0.648,0.649,0.647,0.649,6021.6,1693391399999,3901.9767,28,3966.5,2570.3228,0
1693391400000,0.648,0.65,0.648,0.649,26170.7,1693392299999,16977.5965,63,14774.0,9590.6096,0
1693392300000,0.649,0.65,0.648,0.649,48399.9,1693393199999,31411.5479,73,12607.5,8182.4462,0
1693393200000,0.649,0.65,0.648,0.648,14507.1,1693394099999,9419.5619,39,6915.5,4493.5983,0
1693394100000,0.648,0.649,0.646,0.647,46427.3,1693394999999,30064.4842,116,21943.4,14216.2911,0
1693395000000,0.648,0.648,0.645,0.647,29799.5,1693395899999,19274.4983,82,17030.5,11014.532,0
1693395900000,0.646,0.647,0.645,0.645,19461.9,1693396799999,12560.594,51,7847.0,5066.7728,0
1693396800000,0.645,0.648,0.644,0.647,30847.6,1693397699999,19934.3985,82,12880.0,8326.9408,0
1693397700000,0.646,0.648,0.646,0.647,79096.4,1693398599999,51214.2409,132,46894.2,30375.9664,0
1693398600000,0.648,0.648,0.644,0.645,71625.4,1693399499999,46250.8494,142,33469.6,21613.9283,0
1693399500000,0.645,0.648,0.645,0.647,80900.9,1693400399999,52298.179,193,44494.7,28763.0111,0
1693400400000,0.647,0.649,0.647,0.648,22836.6,1693401299999,14793.884,78,15022.3,9733.703,0
1693401300000,0.648,0.65,0.648,0.648,15478.4,1693402199999,10040.3523,57,6838.2,4436.1334,0
1693402200000,0.648,0.649,0.642,0.645,205621.8,1693403099999,132599.859,533,111785.6,72077.2525,0
1693403100000,0.646,0.647,0.643,0.647,112067.3,1693403999999,72306.4662,306,47964.0,30970.9914,0
1693404000000,0.647,0.649,0.646,0.648,64936.6,1693404899999,42081.0821,217,32402.7,21000.2818,0
1693404900000,0.648,0.648,0.643,0.644,93062.6,1693405799999,60042.7745,212,52410.1,33821.8329,0
1693405800000,0.643,0.645,0.639,0.64,102166.5,1693406699999,65611.4611,215,49988.4,32092.2122,0
1693406700000,0.64,0.644,0.638,0.641,237483.2,1693407599999,152048.7797,591,126218.5,80811.6814,0
1693407600000,0.642,0.642,0.639,0.641,164419.8,1693408499999,105206.8743,375,77193.2,49412.306,0
1693408500000,0.641,0.645,0.641,0.642,95978.8,1693409399999,61694.3508,231,45944.4,29532.4028,0
1693409400000,0.642,0.645,0.642,0.643,40187.8,1693410299999,25853.8727,122,23430.7,15073.1392,0
1693410300000,0.643,0.644,0.642,0.643,49193.4,1693411199999,31638.2719,117,22460.3,14448.9089,0
1693411200000,0.642,0.644,0.641,0.642,39514.3,1693412099999,25386.4125,103,18546.0,11913.5493,0
1693412100000,0.643,0.644,0.642,0.643,92091.3,1693412999999,59212.389,142,41534.3,26705.2257,0
1693413000000,0.643,0.643,0.64,0.641,41256.4,1693413899999,26477.3546,95,18802.3,12065.2698,0
1693413900000,0.642,0.642,0.641,0.642,42339.0,1693414799999,27139.8396,76,24406.3,15644.9789,0
1693414800000,0.641,0.643,0.64,0.642,26563.8,1693415699999,17033.2057,57,14504.4,9302.7767,0
1693415700000,0.642,0.644,0.642,0.643,51978.4,1693416599999,33422.173,89,24439.8,15715.7776,0
1693416600000,0.643,0.643,0.642,0.643,5128.1,1693417499999,3297.3455,16,2119.4,1362.7742,0
1693417500000,0.642,0.643,0.64,0.64,13241.9,1693418399999,8494.9583,58,2753.1,1769.2003,0
1693418400000,0.64,0.642,0.639,0.64,20792.8,1693419299999,13311.5326,61,10308.4,6598.553,0
1693419300000,0.64,0.64,0.639,0.639,17774.2,1693420199999,11360.3422,44,9854.2,6297.4247,0
1693420200000,0.638,0.642,0.638,0.641,22569.6,1693421099999,14446.2194,53,13366.9,8557.8176,0
1693421100000,0.641,0.642,0.64,0.642,34122.6,1693421999999,21870.3172,65,16021.5,10272.5985,0
1693422000000,0.642,0.643,0.642,0.642,15044.6,1693422899999,9662.2609,26,12582.3,8081.4643,0
1693422900000,0.642,0.642,0.641,0.642,51964.7,1693423799999,33310.8351,98,25673.5,16458.1759,0
1693423800000,0.641,0.643,0.641,0.643,26642.5,1693424699999,17090.7183,47,11386.4,7304.1399,0
1693424700000,0.643,0.643,0.642,0.642,5739.2,1693425599999,3684.582,12,15.6,10.0308,0
1693425600000,0.642,0.644,0.641,0.644,37414.6,1693426499999,24009.9692,86,21916.4,14074.3105,0
1693426500000,0.644,0.645,0.643,0.644,22266.6,1693427399999,14338.4146,44,8532.5,5495.13,0
1693427400000,0.644,0.645,0.643,0.643,29693.2,1693428299999,19107.6927,76,7449.8,4797.6809,0
1693428300000,0.644,0.644,0.643,0.643,10600.4,1693429199999,6825.3788,42,6436.9,4145.3636,0
1693429200000,0.643,0.645,0.643,0.645,46907.4,1693430099999,30217.5323,105,7917.6,5105.7452,0
1693430100000,0.645,0.646,0.642,0.642,16448.9,1693430999999,10595.2754,69,4058.7,2618.1552,0
1693431000000,0.642,0.643,0.642,0.642,24855.6,1693431899999,15963.173,64,15851.0,10182.2198,0
1693431900000,0.642,0.642,0.641,0.642,14393.3,1693432799999,9229.5285,40,3409.5,2188.899,0
1693432800000,0.642,0.644,0.642,0.643,12311.1,1693433699999,7914.102,33,7874.2,5061.2022,0
1693433700000,0.643,0.643,0.642,0.643,22881.4,1693434599999,14696.8461,47,10575.7,6789.6325,0
1693434600000,0.643,0.645,0.643,0.645,5900.2,1693435499999,3796.8978,41,4963.8,3194.7926,0
1693435500000,0.644,0.645,0.644,0.644,19751.1,1693436399999,12720.7986,37,7721.8,4973.9294,0
1693436400000,0.644,0.646,0.644,0.645,41931.4,1693437299999,27042.2549,88,22618.1,14591.1156,0
1693437300000,0.645,0.646,0.645,0.646,29698.3,1693438199999,19170.5141,52,16640.9,10742.367,0
1693438200000,0.646,0.646,0.645,0.646,23147.7,1693439099999,14952.3969,33,16705.9,10792.0114,0
1693439100000,0.646,0.647,0.646,0.646,32464.7,1693439999999,20973.0161,64,14910.1,9632.7445,0
1693440000000,0.646,0.646,0.645,0.645,70252.6,1693440899999,45336.1246,124,33209.2,21428.0703,0
1693440900000,0.645,0.645,0.643,0.644,65718.5,1693441799999,42337.7566,157,31105.6,20043.159,0
1693441800000,0.645,0.646,0.644,0.644,25425.5,1693442699999,16387.4999,52,13456.4,8674.9248,0
1693442700000,0.643,0.644,0.642,0.642,30129.7,1693443599999,19372.2295,72,12398.2,7972.8291,0
1693443600000,0.643,0.643,0.642,0.643,21836.1,1693444499999,14034.7557,44,12108.0,7781.8835,0
1693444500000,0.642,0.644,0.642,0.643,14383.7,1693445399999,9254.1333,29,12026.2,7738.3966,0
1693445400000,0.644,0.645,0.644,0.644,3925.2,1693446299999,2528.5102,20,1879.7,1211.2082,0
1693446300000,0.645,0.645,0.643,0.643,28951.0,1693447199999,18643.9663,80,8396.1,5410.8906,0
1693447200000,0.643,0.645,0.643,0.643,20070.0,1693448099999,12917.609,36,10786.5,6943.4804,0
1693448100000,0.643,0.643,0.641,0.641,7022.6,1693448999999,4512.4107,18,1771.5,1137.3498,0
1693449000000,0.642,0.643,0.642,0.642,16797.8,1693449899999,10784.9876,25,8670.2,5567.0684,0
1693449900000,0.642,0.643,0.642,0.643,5964.6,1693450799999,3829.4281,15,4913.3,3154.4935,0
1693450800000,0.643,0.643,0.641,0.641,17675.6,1693451699999,11351.39,68,2715.9,1746.2657,0
1693451700000,0.64,0.64,0.639,0.639,43699.7,1693452599999,27967.6724,100,20384.9,13046.336,0
1693452600000,0.639,0.641,0.639,0.639,23809.0,1693453499999,15237.9271,46,15470.0,9901.0235,0
1693453500000,0.64,0.641,0.639,0.64,34016.9,1693454399999,21771.4571,69,20534.1,13142.5007,0
1693454400000,0.641,0.641,0.64,0.64,30850.9,1693455299999,19744.6154,54,19070.0,12204.8394,0
1693455300000,0.64,0.641,0.64,0.641,14113.4,1693456199999,9046.6394,36,9980.3,6397.3723,0
1693456200000,0.642,0.643,0.642,0.642,26192.3,1693457099999,16828.5065,51,13176.6,8464.574,0
1693457100000,0.642,0.644,0.642,0.643,23265.9,1693457999999,14957.0635,47,14574.7,9368.6473,0
1693458000000,0.643,0.643,0.642,0.643,10929.1,1693458899999,7027.3482,23,3488.7,2243.2341,0
1693458900000,0.643,0.644,0.642,0.643,34725.9,1693459799999,22328.0674,60,18844.5,12117.8135,0
1693459800000,0.643,0.644,0.643,0.644,14369.2,1693460699999,9246.8175,32,7068.5,4548.8899,0
1693460700000,0.644,0.644,0.643,0.643,38523.5,1693461599999,24804.7628,82,18706.1,12046.7284,0
1693461600000,0.644,0.644,0.643,0.643,2972.4,1693462499999,1911.8402,39,587.0,378.028,0
1693462500000,0.644,0.644,0.642,0.642,618.8,1693463399999,398.0708,10,200.1,128.8644,0
1693463400000,0.643,0.644,0.643,0.644,9549.7,1693464299999,6143.9586,24,9503.0,6113.8838,0
1693464300000,0.644,0.645,0.644,0.644,34284.7,1693465199999,22079.3778,57,13866.8,8930.2502,0
1693465200000,0.644,0.645,0.642,0.644,35806.2,1693466099999,23051.4106,75,20997.1,13515.345,0
1693466100000,0.643,0.645,0.643,0.645,14818.5,1693466999999,9541.7115,44,10218.6,6581.6889,0
1693467000000,0.645,0.646,0.644,0.644,24509.0,1693467899999,15799.14,43,2463.5,1589.1467,0
1693467900000,0.644,0.644,0.643,0.643,7550.1,1693468799999,4860.3074,24,5095.0,3281.18,0
1693468800000,0.643,0.643,0.64,0.641,40732.5,1693469699999,26124.1497,92,14416.3,9242.1029,0
1693469700000,0.642,0.642,0.64,0.64,62015.1,1693470599999,39733.7317,125,16071.7,10302.5831,0
1693470600000,0.639,0.641,0.639,0.64,18155.5,1693471499999,11619.9832,42,11082.0,7093.29,0
1693471500000,0.64,0.641,0.639,0.64,25676.2,1693472399999,16432.2665,36,9772.5,6254.4247,0
1693472400000,0.64,0.64,0.638,0.639,39709.1,1693473299999,25374.2982,77,16235.9,10375.0321,0
1693473300000,0.639,0.64,0.639,0.64,11205.0,1693474199999,7161.5247,28,6500.6,4155.4131,0
1693474200000,0.639,0.639,0.638,0.638,19654.3,1693475099999,12556.2658,43,6620.1,4230.2439,0
1693475100000,0.638,0.639,0.638,0.638,18052.9,1693475999999,11517.9386,61,3944.0,2516.4604,0
1693476000000,0.638,0.639,0.637,0.638,64099.3,1693476899999,40871.9963,77,7147.8,4560.3278,0
1693476900000,0.637,0.638,0.635,0.636,64558.9,1693477799999,41096.6444,144,15447.2,9832.1024,0
1693477800000,0.637,0.637,0.635,0.636,23790.1,1693478699999,15130.5205,38,19412.4,12346.3159,0
1693478700000,0.636,0.636,0.634,0.636,117217.1,1693479599999,74440.6357,148,16739.9,10640.3841,0
1693479600000,0.635,0.638,0.635,0.636,39079.7,1693480499999,24863.4421,82,23763.2,15119.9006,0
1693480500000,0.635,0.639,0.635,0.639,94846.0,1693481399999,60525.121,206,63079.2,40249.5976,0
1693481400000,0.639,0.643,0.637,0.642,90416.0,1693482299999,57978.2696,218,48706.7,31238.9504,0
1693482300000,0.642,0.643,0.638,0.639,92204.1,1693483199999,59069.4624,188,35228.6,22602.7579,0
1693483200000,0.638,0.639,0.634,0.638,191330.2,1693484099999,121631.9774,391,116231.2,73915.2151,0
1693484100000,0.637,0.638,0.635,0.637,31527.2,1693484999999,20076.5066,89,13008.7,8287.4341,0
1693485000000,0.637,0.638,0.635,0.638,47809.1,1693485899999,30434.1495,104,19142.6,12189.3875,0
1693485900000,0.638,0.639,0.637,0.638,38731.7,1693486799999,24710.8147,71,21279.8,13576.5571,0
1693486800000,0.637,0.638,0.635,0.636,158414.5,1693487699999,100785.1948,253,37198.5,23672.7227,0
1693487700000,0.635,0.636,0.635,0.635,28078.4,1693488599999,17830.584,70,12764.2,8106.067,0
1693488600000,0.635,0.635,0.633,0.634,48676.1,1693489499999,30880.3807,106,25211.5,15991.6333,0
1693489500000,0.634,0.635,0.632,0.634,91225.7,1693490399999,57803.1037,196,41910.0,26555.1904,0
1693490400000,0.634,0.634,0.63,0.633,183498.1,1693491299999,115890.4732,347,66778.1,42179.4587,0
1693491300000,0.633,0.633,0.631,0.633,51643.6,1693492199999,32662.5529,99,21006.4,13288.653,0
1693492200000,0.633,0.688,0.632,0.654,6316521.6,1693493099999,4162985.3989,15687,3485332.9,2295763.035,0
1693493100000,0.654,0.661,0.65,0.66,779168.4,1693493999999,511244.0261,1778,452825.6,297246.0844,0
1693494000000,0.661,0.661,0.649,0.652,278926.8,1693494899999,182411.7192,673,103967.2,68032.4698,0
1693494900000,0.652,0.653,0.65,0.651,69827.9,1693495799999,45446.7746,214,25468.4,16578.9831,0
1693495800000,0.651,0.652,0.637,0.639,454640.1,1693496699999,292798.8762,1224,172549.2,111216.218,0
1693496700000,0.64,0.642,0.637,0.64,129032.5,1693497599999,82468.3866,346,37954.0,24277.0561,0
1693497600000,0.64,0.64,0.633,0.633,152040.5,1693498499999,96645.7284,500,57385.2,36509.6494,0
1693498500000,0.634,0.636,0.633,0.633,115898.4,1693499399999,73487.2063,299,39483.7,25047.0294,0
1693499400000,0.633,0.634,0.626,0.63,198096.7,1693500299999,124842.325,592,86256.6,54350.6446,0
1693500300000,0.63,0.631,0.621,0.622,243803.1,1693501199999,152776.1853,538,115617.2,72457.4759,0
1693501200000,0.623,0.627,0.613,0.626,386231.1,1693502099999,239967.8807,1031,202105.7,125683.3099,0
1693502100000,0.626,0.627,0.622,0.627,44008.1,1693502999999,27468.4903,151,20110.4,12559.789,0
1693503000000,0.627,0.629,0.625,0.627,50590.8,1693503899999,31688.4623,160,17297.1,10843.0346,0
1693503900000,0.628,0.629,0.626,0.628,44656.2,1693504799999,28009.3188,123,30569.4,19183.8265,0
1693504800000,0.628,0.63,0.627,0.63,26479.1,1693505699999,16661.7736,96,17584.0,11066.927,0
1693505700000,0.629,0.629,0.626,0.627,17579.8,1693506599999,11028.6821,65,5509.1,3456.5134,0
1693506600000,0.627,0.628,0.626,0.627,4980.8,1693507499999,3122.8906,20,2622.7,1644.5084,0
1693507500000,0.628,0.628,0.625,0.627,26400.6,1693508399999,16542.7918,86,10818.9,6778.3414,0
1693508400000,0.626,0.627,0.62,0.623,107518.0,1693509299999,67004.6789,331,46650.9,29074.3093,0
1693509300000,0.623,0.625,0.621,0.624,54034.3,1693510199999,33670.9416,190,29317.4,18270.6228,0
1693510200000,0.624,0.626,0.624,0.625,44856.3,1693511099999,28026.0831,122,6061.3,3788.2641,0
1693511100000,0.625,0.626,0.624,0.624,21348.3,1693511999999,13339.5996,56,13880.5,8674.7631,0
1693512000000,0.623,0.624,0.621,0.623,42470.2,1693512899999,26450.0571,149,27570.2,17176.1275,0
1693512900000,0.623,0.623,0.621,0.623,26851.5,1693513799999,16707.9758,77,17096.0,10640.1947,0
1693513800000,0.622,0.622,0.62,0.621,44319.8,1693514699999,27514.5756,125,5703.0,3542.3711,0
1693514700000,0.622,0.622,0.615,0.617,110814.9,1693515599999,68450.0863,249,13620.2,8415.8528,0
1693515600000,0.617,0.617,0.61,0.614,210825.8,1693516499999,129430.7004,560,88421.9,54302.4294,0
1693516500000,0.614,0.619,0.614,0.618,115940.0,1693517399999,71473.1955,256,85247.7,52556.9185,0
1693517400000,0.618,0.618,0.615,0.615,28743.5,1693518299999,17720.3747,93,4869.6,3004.2933,0
1693518300000,0.616,0.619,0.616,0.618,98162.4,1693519199999,60669.4257,186,72652.6,44905.1798,0
1693519200000,0.618,0.618,0.615,0.616,42158.3,1693520099999,25959.9882,86,15710.8,9670.5711,0
1693520100000,0.616,0.618,0.615,0.616,60622.8,1693520999999,37359.1674,145,33735.0,20791.0072,0
1693521000000,0.616,0.618,0.616,0.618,30659.4,1693521899999,18926.5036,75,19886.0,12277.2384,0
1693521900000,0.618,0.621,0.618,0.619,94218.2,1693522799999,58412.2856,194,74049.7,45918.6838,0
1693522800000,0.619,0.62,0.618,0.62,36680.1,1693523699999,22718.3765,110,21251.0,13172.0353,0
1693523700000,0.619,0.62,0.616,0.617,40771.6,1693524599999,25191.0628,66,8201.5,5072.7055,0
1693524600000,0.617,0.618,0.617,0.618,30782.7,1693525499999,19013.479,78,16171.3,9986.3142,0
1693525500000,0.618,0.618,0.616,0.617,13061.0,1693526399999,8059.6487,41,5603.4,3457.3788,0
