open_time,open,high,low,close,volume,close_time,quote_volume,trades,taker_buy_base,taker_buy_quote,ignore
1706745600000,0.1186,0.1192,0.118,0.1192,117592.0,1706746499999,13981.0929,104,44153.0,5249.1846,0
1706746500000,0.119,0.1194,0.119,0.119,19331.0,1706747399999,2303.8453,39,17145.0,2043.5445,0
1706747400000,0.119,0.119,0.1182,0.1186,10813.0,1706748299999,1284.0443,33,594.0,70.4147,0
1706748300000,0.1187,0.1189,0.1184,0.1184,23703.0,1706749199999,2810.5045,56,7633.0,906.3278,0
1706749200000,0.1186,0.1187,0.1179,0.1179,29528.0,1706750099999,3495.42,51,17372.0,2057.2727,0
1706750100000,0.1179,0.1179,0.1163,0.1167,101296.0,1706750999999,11845.4756,126,13639.0,1591.0643,0
1706751000000,0.1169,0.1173,0.1166,0.1173,60362.0,1706751899999,7053.0942,67,44902.0,5247.8862,0
1706751900000,0.1171,0.1173,0.1159,0.1161,85474.0,1706752799999,9938.7412,137,10908.0,1270.6506,0
1706752800000,0.1163,0.117,0.1162,0.1169,10030.0,1706753699999,1169.9574,46,8875.0,1035.2404,0
1706753700000,0.117,0.1178,0.117,0.1172,141345.0,1706754599999,16606.9532,136,74831.0,8795.7451,0
1706754600000,0.1173,0.1175,0.1169,0.1174,19009.0,1706755499999,2226.9404,53,14411.0,1689.2287,0
1706755500000,0.1175,0.118,0.1175,0.1178,15502.0,1706756399999,1824.5446,47,10165.0,1196.5457,0
1706756400000,0.1179,0.1179,0.1178,0.1178,13388.0,1706757299999,1577.7689,36,3437.0,405.2223,0
1706757300000,0.1179,0.1179,0.1178,0.1178,2594.0,1706758199999,305.6479,11,1310.0,154.3854,0
1706758200000,0.1178,0.1178,0.1174,0.1177,18051.0,1706759099999,2125.0212,19,2705.0,318.2359,0
1706759100000,0.118,0.118,0.1174,0.1176,15766.0,1706759999999,1855.5009,27,4212.0,496.6159,0
1706760000000,0.1176,0.1176,0.1173,0.1173,7025.0,1706760899999,825.1354,37,3691.0,433.8671,0
1706760900000,0.1176,0.1178,0.1176,0.1178,4745.0,1706761799999,558.3446,13,4745.0,558.3446,0
1706761800000,0.1175,0.1178,0.1171,0.1178,18792.0,1706762699999,2204.3558,37,8391.0,984.5745,0
1706762700000,0.1179,0.118,0.1173,0.1176,17512.0,1706763599999,2060.0796,52,5950.0,701.1684,0
1706763600000,0.1176,0.1177,0.1172,0.1177,13049.0,1706764499999,1534.6187,30,10320.0,1214.4068,0
1706764500000,0.1176,0.1176,0.1172,0.1172,5483.0,1706765399999,644.0646,13,591.0,69.4425,0
1706765400000,0.1171,0.1172,0.1167,0.1171,21378.0,1706766299999,2499.6599,39,7194.0,842.1297,0
1706766300000,0.1171,0.1179,0.1171,0.1179,14618.0,1706767199999,1720.195,31,12889.0,1517.0236,0
1706767200000,0.1179,0.118,0.1173,0.1173,12002.0,1706768099999,1411.9417,30,5297.0,623.6371,0
1706768100000,0.1173,0.1173,0.1166,0.117,26554.0,1706768999999,3103.1026,51,2549.0,298.2908,0
1706769000000,0.1171,0.1173,0.1169,0.1173,11767.0,1706769899999,1378.5463,20,11432.0,1339.3848,0
1706769900000,0.1173,0.1175,0.117,0.1174,18543.0,1706770799999,2173.432,29,3700.0,434.1563,0
1706770800000,0.1175,0.1178,0.1175,0.1175,2436.0,1706771699999,286.5925,11,2326.0,273.6507,0
1706771700000,0.1175,0.1178,0.1175,0.1178,1749.0,1706772599999,205.6938,11,621.0,73.1538,0
1706772600000,0.1178,0.1181,0.1177,0.118,14129.0,1706773499999,1665.5935,29,11499.0,1355.6299,0
1706773500000,0.1181,0.1182,0.1177,0.118,8440.0,1706774399999,995.6547,25,2089.0,246.781,0
1706774400000,0.118,0.118,0.1172,0.1174,117886.0,1706775299999,13857.9348,44,10315.0,1212.3688,0
1706775300000,0.1172,0.1172,0.1169,0.1172,58973.0,1706776199999,6902.1366,57,14756.0,1726.7062,0
1706776200000,0.1172,0.1176,0.1159,0.1174,951248.0,1706777099999,111207.3566,214,173396.0,20298.6,0
1706777100000,0.1175,0.1177,0.1174,0.1176,14484.0,1706777999999,1702.2714,29,12376.0,1454.7922,0
1706778000000,0.1176,0.1183,0.1176,0.1178,100032.0,1706778899999,11807.1039,133,83017.0,9802.0789,0
1706778900000,0.1178,0.1185,0.1166,0.117,464573.0,1706779799999,54511.4821,323,108282.0,12733.3127,0
1706779800000,0.117,0.117,0.1163,0.1166,189767.0,1706780699999,22093.0697,70,30926.0,3604.4621,0
1706780700000,0.1168,0.1169,0.1166,0.1169,13934.0,1706781599999,1626.3436,22,11585.0,1352.2553,0
1706781600000,0.1169,0.1169,0.1166,0.1167,8342.0,1706782499999,973.9849,29,3640.0,425.2672,0
1706782500000,0.1169,0.1172,0.1169,0.1171,27997.0,1706783399999,3276.6262,25,26080.0,3052.2432,0
1706783400000,0.1171,0.1173,0.117,0.1171,25219.0,1706784299999,2954.1798,33,9607.0,1126.7217,0
1706784300000,0.1171,0.1172,0.1169,0.117,14090.0,1706785199999,1649.6657,17,10374.0,1214.9207,0
1706785200000,0.1172,0.1173,0.1168,0.1171,102743.0,1706786099999,12033.0588,65,63475.0,7440.802,0
1706786100000,0.1171,0.1172,0.1168,0.1171,19303.0,1706786999999,2258.7444,52,9583.0,1122.1257,0
1706787000000,0.1169,0.1173,0.1169,0.1171,6535.0,1706787899999,765.8325,24,5327.0,624.5325,0
1706787900000,0.1171,0.1172,0.1169,0.117,7733.0,1706788799999,905.0386,27,1469.0,171.9702,0
1706788800000,0.1169,0.1175,0.1169,0.1175,15341.0,1706789699999,1795.7034,39,11136.0,1304.1389,0
1706789700000,0.1175,0.1176,0.1174,0.1176,17158.0,1706790599999,2015.4218,36,10255.0,1205.0096,0
1706790600000,0.1176,0.1176,0.1173,0.1173,10309.0,1706791499999,1210.0875,27,3783.0,444.1772,0
1706791500000,0.1173,0.1175,0.1172,0.1172,25894.0,1706792399999,3037.6787,23,25032.0,2936.5732,0
1706792400000,0.1172,0.1175,0.1168,0.1169,60112.0,1706793299999,7036.6603,54,21997.0,2573.5369,0
1706793300000,0.1168,0.1175,0.1168,0.1173,59230.0,1706794199999,6931.0929,37,7876.0,924.8203,0
1706794200000,0.1173,0.1176,0.1171,0.1174,12680.0,1706795099999,1487.2529,16,9105.0,1068.6204,0
1706795100000,0.1174,0.1174,0.117,0.1172,8290.0,1706795999999,972.4464,25,5463.0,641.296,0
1706796000000,0.1172,0.1175,0.1171,0.1172,20632.0,1706796899999,2419.8928,56,11052.0,1297.6408,0
1706796900000,0.1175,0.1177,0.1172,0.1177,4503.0,1706797799999,529.2602,20,2405.0,282.9729,0
1706797800000,0.1177,0.1185,0.1175,0.1181,93576.0,1706798699999,11054.7684,76,63059.0,7446.8901,0
1706798700000,0.1184,0.1184,0.1178,0.1181,9672.0,1706799599999,1142.1329,27,2425.0,286.5788,0
1706799600000,0.1181,0.1189,0.1181,0.1188,40044.0,1706800499999,4753.6649,83,29356.0,3486.0058,0
1706800500000,0.1185,0.119,0.1183,0.1188,23234.0,1706801399999,2760.5572,43,17964.0,2135.7243,0
1706801400000,0.1189,0.1189,0.1183,0.1185,16297.0,1706802299999,1932.4913,39,5260.0,624.2318,0
1706802300000,0.1183,0.1185,0.118,0.1182,7941.0,1706803199999,938.2084,27,1992.0,235.7299,0
1706803200000,0.1182,0.1182,0.118,0.118,10165.0,1706804099999,1199.9348,29,3314.0,391.5168,0
1706804100000,0.1182,0.1182,0.1175,0.1176,21442.0,1706804999999,2522.936,48,2801.0,330.3329,0
1706805000000,0.1177,0.1177,0.1172,0.1175,26114.0,1706805899999,3065.3015,57,12891.0,1513.6159,0
1706805900000,0.1178,0.1182,0.1174,0.1178,19982.0,1706806799999,2351.4471,48,6195.0,730.1815,0
1706806800000,0.1179,0.1188,0.1178,0.1183,40064.0,1706807699999,4746.8221,64,18480.0,2189.5995,0
1706807700000,0.1185,0.1191,0.1185,0.1191,64187.0,1706808599999,7623.5852,65,57610.0,6842.6265,0
1706808600000,0.1191,0.1199,0.1191,0.1191,84592.0,1706809499999,10112.9108,93,61296.0,7333.0164,0
1706809500000,0.119,0.1192,0.1188,0.1192,5719.0,1706810399999,680.2016,21,4203.0,500.0858,0
1706810400000,0.1192,0.1192,0.1187,0.1189,4212.0,1706811299999,500.6143,18,2192.0,260.6777,0
1706811300000,0.119,0.119,0.1189,0.1189,13678.0,1706812199999,1627.3074,14,6382.0,759.458,0
1706812200000,0.1188,0.1189,0.1186,0.1186,14557.0,1706813099999,1729.6053,27,11657.0,1385.3834,0
1706813100000,0.1186,0.119,0.1186,0.1187,5929.0,1706813999999,704.4577,21,3128.0,371.9433,0
1706814000000,0.1187,0.1189,0.1186,0.1189,12375.0,1706814899999,1470.2239,23,5784.0,687.1392,0
1706814900000,0.1188,0.1189,0.1166,0.1174,619315.0,1706815799999,72941.4232,374,120616.0,14195.0843,0
1706815800000,0.1173,0.1183,0.1173,0.1183,65253.0,1706816699999,7689.9384,113,56478.0,6657.0097,0
1706816700000,0.1183,0.1184,0.1181,0.1181,31474.0,1706817599999,3723.8652,40,23862.0,2823.2639,0
1706817600000,0.1181,0.1182,0.1178,0.118,42157.0,1706818499999,4971.3754,58,8261.0,974.8066,0
1706818500000,0.118,0.1182,0.1178,0.1182,39818.0,1706819399999,4698.5159,42,26048.0,3075.3597,0
1706819400000,0.1181,0.1181,0.118,0.118,4640.0,1706820299999,547.6734,6,2951.0,348.3714,0
1706820300000,0.118,0.118,0.1176,0.1177,25780.0,1706821199999,3038.2712,72,9630.0,1135.3836,0
1706821200000,0.1177,0.1185,0.1177,0.1185,68826.0,1706822099999,8131.4996,67,61907.0,7314.9694,0
1706822100000,0.1185,0.1185,0.118,0.1184,33881.0,1706822999999,4003.727,33,4083.0,483.2918,0
1706823000000,0.1184,0.1184,0.1179,0.1182,13259.0,1706823899999,1566.7059,32,3397.0,401.4076,0
1706823900000,0.1182,0.1184,0.1181,0.1181,13704.0,1706824799999,1620.5759,29,8741.0,1033.9709,0
1706824800000,0.1181,0.1182,0.1179,0.118,18012.0,1706825699999,2126.4285,26,598.0,70.6537,0
1706825700000,0.1183,0.1183,0.1181,0.1181,8684.0,1706826599999,1026.8769,16,7200.0,851.6165,0
1706826600000,0.118,0.1181,0.118,0.1181,9091.0,1706827499999,1073.0209,25,2829.0,334.1049,0
1706827500000,0.118,0.1181,0.118,0.118,7291.0,1706828399999,860.8371,34,4991.0,589.4371,0
1706828400000,0.118,0.1181,0.118,0.1181,5352.0,1706829299999,631.8564,29,3204.0,378.3924,0
1706829300000,0.1181,0.1181,0.1178,0.118,7659.0,1706830199999,903.7229,11,455.0,53.6713,0
1706830200000,0.118,0.1181,0.1178,0.1179,4580.0,1706831099999,540.5142,15,3347.0,395.1671,0
1706831100000,0.1181,0.1181,0.1176,0.1177,27384.0,1706831999999,3224.9806,58,6542.0,771.7555,0
1706832000000,0.118,0.1182,0.1176,0.1178,42534.0,1706832899999,5014.4139,67,29891.0,3525.3454,0
1706832900000,0.1182,0.1185,0.1182,0.1185,10169.0,1706833799999,1203.133,26,4232.0,500.784,0
1706833800000,0.1185,0.1186,0.1182,0.1185,11132.0,1706834699999,1319.619,25,10260.0,1216.4035,0
1706834700000,0.1184,0.1186,0.1183,0.1183,19560.0,1706835599999,2316.9916,49,7950.0,941.8834,0
1706835600000,0.1185,0.1188,0.1183,0.1188,10383.0,1706836499999,1230.4188,34,5570.0,660.5759,0
1706836500000,0.1186,0.1188,0.1186,0.1188,1551.0,1706837399999,184.1458,10,1460.0,173.3532,0
1706837400000,0.1186,0.1186,0.1184,0.1186,8281.0,1706838299999,981.735,21,3903.0,462.7665,0
1706838300000,0.1186,0.1187,0.1183,0.1183,5142.0,1706839199999,609.0889,19,1701.0,201.7567,0
1706839200000,0.1183,0.1184,0.1182,0.1184,11302.0,1706840099999,1336.5478,19,515.0,60.976,0
1706840100000,0.1183,0.1183,0.1182,0.1182,6150.0,1706840999999,727.408,17,1972.0,233.268,0
1706841000000,0.1181,0.1185,0.1178,0.1185,11831.0,1706841899999,1399.775,22,11190.0,1324.25,0
1706841900000,0.1185,0.1186,0.1184,0.1185,2666.0,1706842799999,315.8419,22,491.0,58.1794,0
1706842800000,0.1187,0.1191,0.1183,0.1187,56558.0,1706843699999,6721.9811,64,51846.0,6163.8363,0
1706843700000,0.1187,0.1188,0.1187,0.1188,2600.0,1706844599999,308.7187,7,1737.0,206.2806,0
1706844600000,0.1187,0.1187,0.1183,0.1185,9473.0,1706845499999,1122.6411,25,4965.0,588.6896,0
1706845500000,0.1183,0.1185,0.1183,0.1183,5924.0,1706846399999,701.092,18,1385.0,164.0081,0
1706846400000,0.1183,0.1185,0.1182,0.1183,5630.0,1706847299999,666.1738,23,843.0,99.8427,0
1706847300000,0.1183,0.1185,0.1182,0.1184,12909.0,1706848199999,1527.5548,15,4756.0,562.9825,0
1706848200000,0.1183,0.1184,0.1182,0.1183,5006.0,1706849099999,592.2018,13,2518.0,297.8936,0
1706849100000,0.1182,0.1182,0.1179,0.1179,17933.0,1706849999999,2118.7877,23,1182.0,139.5942,0
1706850000000,0.1179,0.1186,0.1178,0.118,55218.0,1706850899999,6529.4478,68,51759.0,6121.1935,0
1706850900000,0.1181,0.1184,0.1181,0.1184,11854.0,1706851799999,1400.4454,22,10515.0,1242.1836,0
1706851800000,0.1184,0.1185,0.1184,0.1185,4575.0,1706852699999,541.8851,13,2051.0,243.0435,0
1706852700000,0.1184,0.1188,0.1184,0.1186,4654.0,1706853599999,551.9146,18,3901.0,462.6957,0
1706853600000,0.1186,0.1188,0.1185,0.1188,5464.0,1706854499999,648.2876,26,2104.0,249.9414,0
1706854500000,0.1187,0.1188,0.1185,0.1188,9448.0,1706855399999,1121.4136,17,5365.0,637.053,0
1706855400000,0.1188,0.1191,0.1188,0.119,9038.0,1706856299999,1075.6579,20,8191.0,974.9339,0
1706856300000,0.1191,0.1196,0.119,0.1195,45714.0,1706857199999,5457.223,97,29386.0,3508.848,0
1706857200000,0.1194,0.1197,0.1193,0.1195,11352.0,1706858099999,1356.8481,33,7504.0,897.1669,0
1706858100000,0.1195,0.1196,0.1194,0.1196,11237.0,1706858999999,1343.173,37,525.0,62.78,0
1706859000000,0.1196,0.12,0.1196,0.1199,46844.0,1706859899999,5614.7699,78,37833.0,4535.605,0
1706859900000,0.1199,0.1199,0.1196,0.1196,53244.0,1706860799999,6373.6999,37,41971.0,5023.7859,0
1706860800000,0.1196,0.1197,0.1196,0.1196,12008.0,1706861699999,1436.1809,21,241.0,28.8477,0
1706861700000,0.1195,0.1195,0.1189,0.119,23150.0,1706862599999,2759.3029,42,7851.0,935.1782,0
1706862600000,0.119,0.1193,0.119,0.1192,12216.0,1706863499999,1456.051,27,8415.0,1002.9423,0
1706863500000,0.1191,0.1192,0.1189,0.119,32007.0,1706864399999,3811.9021,58,19886.0,2369.4622,0
1706864400000,0.1193,0.12,0.1192,0.1196,63456.0,1706865299999,7601.0681,118,36044.0,4315.7678,0
1706865300000,0.1196,0.1198,0.1192,0.1196,42183.0,1706866199999,5040.7416,46,15337.0,1835.1886,0
1706866200000,0.1197,0.1198,0.1195,0.1198,8087.0,1706867099999,967.9538,29,6081.0,728.0696,0
1706867100000,0.1198,0.12,0.1197,0.12,27782.0,1706867999999,3330.9615,46,20032.0,2402.1445,0
1706868000000,0.12,0.1205,0.1199,0.12,50994.0,1706868899999,6131.8243,75,24598.0,2959.8937,0
1706868900000,0.12,0.1201,0.1198,0.1198,6985.0,1706869799999,838.0325,11,5198.0,623.776,0
1706869800000,0.12,0.1206,0.12,0.1204,41508.0,1706870699999,4993.458,55,33771.0,4062.9644,0
1706870700000,0.1206,0.1207,0.1204,0.1204,24007.0,1706871599999,2894.4218,39,9388.0,1132.5413,0
1706871600000,0.1204,0.1206,0.1201,0.1201,39145.0,1706872499999,4706.6383,35,5477.0,659.0491,0
1706872500000,0.1203,0.121,0.1202,0.1208,30518.0,1706873399999,3683.5127,56,27792.0,3355.4282,0
1706873400000,0.1209,0.121,0.1206,0.1208,38247.0,1706874299999,4621.1689,59,22771.0,2753.1231,0
1706874300000,0.1208,0.1208,0.1206,0.1206,9653.0,1706875199999,1165.4371,35,5735.0,692.6291,0
1706875200000,0.1208,0.1209,0.1204,0.1208,37854.0,1706876099999,4568.1229,66,22583.0,2725.7827,0
1706876100000,0.1209,0.1209,0.1204,0.1206,19025.0,1706876999999,2292.5896,35,2305.0,278.1069,0
1706877000000,0.1207,0.1211,0.1207,0.1209,71131.0,1706877899999,8603.8114,72,55839.0,6754.9196,0
1706877900000,0.1211,0.1211,0.1202,0.1202,65527.0,1706878799999,7893.9501,70,12286.0,1482.8704,0
1706878800000,0.1205,0.1213,0.1205,0.121,37127.0,1706879699999,4489.6419,65,33684.0,4073.3571,0
1706879700000,0.121,0.121,0.1204,0.1207,8719.0,1706880599999,1052.1796,24,2344.0,283.2382,0
1706880600000,0.1205,0.1205,0.1197,0.1203,53087.0,1706881499999,6371.6742,78,30337.0,3639.3891,0
1706881500000,0.1203,0.1203,0.1189,0.119,101090.0,1706882399999,12087.2406,104,13270.0,1584.4218,0
1706882400000,0.1192,0.1198,0.119,0.1196,15359.0,1706883299999,1833.9258,49,12916.0,1542.1507,0
1706883300000,0.1199,0.1199,0.1194,0.1198,4416.0,1706884199999,527.909,19,422.0,50.5841,0
1706884200000,0.1198,0.1199,0.1196,0.1198,9760.0,1706885099999,1168.0063,19,3512.0,420.7455,0
1706885100000,0.1199,0.1202,0.1193,0.1197,36379.0,1706885999999,4355.1994,49,10774.0,1292.1716,0
1706886000000,0.1196,0.1202,0.1196,0.1202,22685.0,1706886899999,2720.386,22,17099.0,2050.7044,0
1706886900000,0.1203,0.1206,0.1202,0.1205,12925.0,1706887799999,1555.3162,28,8224.0,990.1239,0
1706887800000,0.1205,0.1208,0.1203,0.1208,11339.0,1706888699999,1367.8465,52,9379.0,1131.5082,0
1706888700000,0.1208,0.1211,0.1206,0.1208,18963.0,1706889599999,2291.9873,47,11641.0,1407.9263,0
1706889600000,0.1208,0.1212,0.1208,0.121,18935.0,1706890499999,2291.9906,38,7355.0,890.6968,0
1706890500000,0.121,0.121,0.1202,0.1202,26551.0,1706891399999,3194.3152,35,2741.0,330.3307,0
1706891400000,0.1203,0.1206,0.1203,0.1205,8394.0,1706892299999,1010.7142,13,492.0,59.2931,0
1706892300000,0.1206,0.1214,0.1204,0.1208,98061.0,1706893199999,11863.2685,142,73404.0,8885.6014,0
1706893200000,0.1207,0.1212,0.1205,0.1212,47084.0,1706894099999,5687.3832,57,20255.0,2451.4291,0
1706894100000,0.1212,0.1212,0.1205,0.1206,56387.0,1706894999999,6812.0911,41,7553.0,914.3495,0
1706895000000,0.1207,0.1209,0.1204,0.1205,11504.0,1706895899999,1387.3291,25,3742.0,451.9596,0
1706895900000,0.1204,0.1205,0.12,0.1202,22860.0,1706896799999,2748.3879,40,9582.0,1153.8012,0
1706896800000,0.1204,0.1204,0.12,0.1202,22507.0,1706897699999,2701.486,32,12700.0,1524.5042,0
1706897700000,0.1203,0.1206,0.1201,0.1204,3844.0,1706898599999,462.3205,13,394.0,47.4388,0
1706898600000,0.1204,0.1205,0.1202,0.1205,7285.0,1706899499999,876.5821,13,1946.0,234.3139,0
1706899500000,0.1202,0.1206,0.1199,0.1203,16945.0,1706900399999,2036.159,25,12945.0,1555.9438,0
1706900400000,0.1206,0.1209,0.1203,0.1209,13422.0,1706901299999,1621.4078,22,12504.0,1510.6752,0
1706901300000,0.1209,0.1209,0.1204,0.1207,3623.0,1706902199999,436.9242,18,742.0,89.5638,0
1706902200000,0.1207,0.1211,0.1207,0.1207,52090.0,1706903099999,6300.6641,45,29310.0,3545.1028,0
1706903100000,0.121,0.1213,0.1209,0.121,28637.0,1706903999999,3468.948,60,24144.0,2925.3249,0
1706904000000,0.1213,0.123,0.1209,0.1213,342800.0,1706904899999,41873.5333,418,251711.0,30765.9314,0
1706904900000,0.1211,0.122,0.121,0.1218,49981.0,1706905799999,6071.4144,67,34197.0,4156.5163,0
1706905800000,0.1218,0.1224,0.1216,0.1219,24121.0,1706906699999,2943.1267,62,15547.0,1897.8208,0
1706906700000,0.122,0.1225,0.1207,0.1211,104299.0,1706907599999,12665.4667,167,53589.0,6505.1838,0
1706907600000,0.1211,0.1227,0.1211,0.122,90543.0,1706908499999,11068.7007,108,44232.0,5405.9263,0
1706908500000,0.122,0.1228,0.1218,0.122,20679.0,1706909399999,2530.3175,36,8232.0,1007.9465,0
1706909400000,0.1218,0.1218,0.1213,0.1216,9042.0,1706910299999,1097.9044,20,2664.0,323.5141,0
1706910300000,0.1217,0.1225,0.1216,0.1222,17026.0,1706911199999,2076.607,53,7534.0,918.8682,0
1706911200000,0.122,0.1227,0.1215,0.122,30514.0,1706912099999,3730.5533,42,24777.0,3031.5476,0
1706912100000,0.1219,0.123,0.1218,0.1224,41956.0,1706912999999,5131.4532,64,23563.0,2883.2717,0
1706913000000,0.1222,0.123,0.1219,0.1227,34245.0,1706913899999,4188.5035,52,22142.0,2710.0167,0
1706913900000,0.1226,0.1227,0.1223,0.1225,18775.0,1706914799999,2299.6568,42,3555.0,435.7408,0
1706914800000,0.1225,0.1228,0.1223,0.1223,8264.0,1706915699999,1012.1374,16,125.0,15.3383,0
1706915700000,0.1223,0.1223,0.1222,0.1223,6540.0,1706916599999,799.8339,10,5143.0,628.9889,0
1706916600000,0.1223,0.1224,0.1217,0.1217,32522.0,1706917499999,3968.6362,52,8857.0,1082.4068,0
1706917500000,0.1217,0.1217,0.1217,0.1217,3227.0,1706918399999,392.7259,12,0.0,0.0,0
1706918400000,0.1217,0.122,0.1217,0.122,7482.0,1706919299999,911.5751,24,3624.0,441.8336,0
1706919300000,0.122,0.1227,0.1219,0.1224,14504.0,1706920199999,1774.9376,40,13012.0,1592.7023,0
1706920200000,0.1226,0.1226,0.1217,0.1219,109675.0,1706921099999,13379.0084,76,21979.0,2684.0808,0
1706921100000,0.122,0.122,0.1211,0.1212,69272.0,1706921999999,8419.7249,82,41532.0,5050.7225,0
1706922000000,0.1216,0.1216,0.1213,0.1216,496.0,1706922899999,60.2986,8,446.0,54.2336,0
1706922900000,0.1216,0.1218,0.1213,0.1215,3791.0,1706923799999,460.8617,17,2892.0,351.672,0
1706923800000,0.1215,0.1217,0.1214,0.1214,2613.0,1706924699999,317.4211,14,281.0,34.1977,0
1706924700000,0.1214,0.1216,0.121,0.1215,25377.0,1706925599999,3078.0469,48,11841.0,1437.933,0
1706925600000,0.1213,0.1222,0.1212,0.1214,29319.0,1706926499999,3569.0029,43,25345.0,3086.1523,0
1706926500000,0.1213,0.1223,0.1211,0.122,47545.0,1706927399999,5803.4885,65,44292.0,5408.3615,0
1706927400000,0.1218,0.1219,0.1216,0.1218,6401.0,1706928299999,779.333,14,5707.0,694.8723,0
1706928300000,0.1219,0.1219,0.1212,0.1212,14870.0,1706929199999,1806.2419,42,1641.0,199.63,0
1706929200000,0.1214,0.1217,0.1212,0.1213,3964.0,1706930099999,480.9451,27,420.0,51.0729,0
1706930100000,0.1216,0.1217,0.1211,0.1215,1780.0,1706930999999,215.9982,17,1537.0,186.5419,0
1706931000000,0.1215,0.1215,0.1211,0.1211,1046.0,1706931899999,126.7254,14,167.0,20.2785,0
1706931900000,0.1214,0.1219,0.1211,0.1211,7744.0,1706932799999,940.8034,31,5288.0,642.778,0
1706932800000,0.1214,0.1214,0.1209,0.121,25587.0,1706933699999,3096.3092,31,15126.0,1831.0305,0
1706933700000,0.1212,0.1212,0.1207,0.121,39671.0,1706934599999,4792.2728,32,1286.0,155.7364,0
1706934600000,0.1208,0.1211,0.1208,0.1211,21810.0,1706935499999,2637.1037,58,21037.0,2543.6249,0
1706935500000,0.1211,0.1211,0.1207,0.1207,4331.0,1706936399999,524.1555,23,2801.0,339.2011,0
1706936400000,0.1211,0.1211,0.1207,0.1208,7887.0,1706937299999,952.7072,18,4696.0,567.3494,0
1706937300000,0.1211,0.1211,0.1208,0.1208,1217.0,1706938199999,147.3247,15,1037.0,125.5807,0
1706938200000,0.1208,0.1212,0.1208,0.1211,1742.0,1706939099999,210.921,15,1547.0,187.365,0
1706939100000,0.121,0.1211,0.1206,0.121,5259.0,1706939999999,635.0066,32,784.0,94.871,0
1706940000000,0.1211,0.1211,0.1207,0.1209,6076.0,1706940899999,734.5603,25,608.0,73.6138,0
1706940900000,0.1206,0.121,0.1206,0.1207,5291.0,1706941799999,639.515,19,2847.0,344.2098,0
1706941800000,0.1207,0.1212,0.1202,0.1207,141717.0,1706942699999,17116.408,114,59713.0,7223.7496,0
1706942700000,0.1207,0.1212,0.1207,0.1211,17433.0,1706943599999,2109.7311,50,13301.0,1610.1783,0
1706943600000,0.1208,0.121,0.1204,0.1207,10099.0,1706944499999,1219.4869,30,3244.0,392.0197,0
1706944500000,0.1207,0.1208,0.1204,0.1205,13522.0,1706945399999,1629.7424,25,3152.0,380.1881,0
1706945400000,0.1208,0.1208,0.1205,0.1206,992.0,1706946299999,119.6947,7,323.0,39.0184,0
1706946300000,0.1207,0.1207,0.1201,0.1204,18855.0,1706947199999,2267.3997,51,3823.0,460.4947,0
1706947200000,0.1205,0.1209,0.1202,0.1208,7266.0,1706948099999,877.1356,15,5853.0,706.586,0
1706948100000,0.1209,0.1209,0.1202,0.1207,27609.0,1706948999999,3333.1652,53,4116.0,496.5382,0
1706949000000,0.1208,0.1208,0.1205,0.1208,1854.0,1706949899999,223.7895,6,1275.0,154.02,0
1706949900000,0.1208,0.1212,0.1205,0.1205,26533.0,1706950799999,3209.5521,44,25163.0,3044.2334,0
1706950800000,0.1207,0.1212,0.1207,0.1212,8003.0,1706951699999,967.0672,17,7660.0,925.5985,0
1706951700000,0.1212,0.1212,0.1209,0.1209,633.0,1706952599999,76.609,3,473.0,57.265,0
1706952600000,0.1211,0.1213,0.1211,0.1211,5833.0,1706953499999,706.3989,13,594.0,71.956,0
1706953500000,0.1213,0.1214,0.1206,0.121,33738.0,1706954399999,4079.8871,60,9723.0,1177.1217,0
1706954400000,0.121,0.1211,0.12,0.1203,338082.0,1706955299999,40633.0486,133,16589.0,1999.8081,0
1706955300000,0.1203,0.1205,0.1202,0.1202,14525.0,1706956199999,1747.407,23,4179.0,503.1365,0
1706956200000,0.1203,0.1204,0.12,0.1203,14519.0,1706957099999,1743.9359,24,3703.0,445.4109,0
1706957100000,0.1203,0.1204,0.1201,0.1202,19119.0,1706957999999,2300.1852,21,3842.0,462.4465,0
1706958000000,0.1202,0.1204,0.12,0.1204,20694.0,1706958899999,2486.9788,22,12142.0,1459.5225,0
1706958900000,0.1204,0.1204,0.12,0.1202,27178.0,1706959799999,3267.1714,28,25835.0,3105.6373,0
1706959800000,0.1202,0.1202,0.1198,0.1198,40740.0,1706960699999,4891.6925,46,21728.0,2611.1645,0
1706960700000,0.1201,0.1203,0.12,0.1202,3097.0,1706961599999,372.1403,16,3007.0,361.3361,0
1706961600000,0.1202,0.1203,0.12,0.12,3400.0,1706962499999,408.4018,9,1842.0,221.4418,0
1706962500000,0.1202,0.1205,0.1202,0.1203,2360.0,1706963399999,283.9521,12,2008.0,241.6065,0
1706963400000,0.1201,0.1205,0.12,0.1205,16842.0,1706964299999,2024.9202,25,11313.0,1360.7617,0
1706964300000,0.1205,0.1205,0.1204,0.1204,4329.0,1706965199999,521.6404,5,3140.0,378.3659,0
1706965200000,0.1205,0.1206,0.1202,0.1203,4411.0,1706966099999,531.2436,16,3328.0,401.055,0
1706966100000,0.1202,0.1205,0.1202,0.1205,4397.0,1706966999999,529.1437,14,751.0,90.3773,0
1706967000000,0.1204,0.1206,0.1204,0.1206,16512.0,1706967899999,1990.3486,30,15192.0,1831.4206,0
1706967900000,0.1203,0.1207,0.1203,0.1206,1003.0,1706968799999,120.9509,11,815.0,98.3295,0
1706968800000,0.1206,0.1206,0.1202,0.1204,2941.0,1706969699999,354.3589,19,1371.0,165.2219,0
1706969700000,0.1204,0.1205,0.1204,0.1205,686.0,1706970599999,82.6389,3,686.0,82.6389,0
1706970600000,0.1205,0.1212,0.1205,0.121,56275.0,1706971499999,6797.2474,56,51750.0,6250.4136,0
1706971500000,0.1211,0.1215,0.1209,0.1214,48577.0,1706972399999,5887.3285,62,36807.0,4462.2638,0
1706972400000,0.1214,0.1214,0.1208,0.1211,17699.0,1706973299999,2142.3188,33,4220.0,510.7694,0
1706973300000,0.1211,0.1211,0.1209,0.1209,3591.0,1706974199999,434.3623,18,1277.0,154.5997,0
1706974200000,0.1211,0.1216,0.121,0.1215,38350.0,1706975099999,4657.4424,36,32740.0,3976.2527,0
1706975100000,0.1216,0.1216,0.1211,0.1211,38470.0,1706975999999,4663.6128,32,4131.0,500.6132,0
1706976000000,0.1211,0.1217,0.121,0.1213,30274.0,1706976899999,3673.364,47,21023.0,2552.0221,0
1706976900000,0.1214,0.1216,0.1211,0.1213,5745.0,1706977799999,697.1054,16,2037.0,247.3913,0
1706977800000,0.1213,0.1216,0.1208,0.1214,44495.0,1706978699999,5387.5145,34,25664.0,3110.8754,0
1706978700000,0.1214,0.1221,0.1214,0.1217,28360.0,1706979599999,3455.4034,69,21550.0,2626.4771,0
1706979600000,0.1218,0.1222,0.121,0.122,66609.0,1706980499999,8100.6895,77,39014.0,4750.1099,0
1706980500000,0.1219,0.1219,0.1215,0.1215,2689.0,1706981399999,326.8796,16,181.0,22.0483,0
1706981400000,0.1217,0.1221,0.1214,0.1215,13835.0,1706982299999,1682.8157,30,5369.0,653.1475,0
1706982300000,0.1216,0.1217,0.1211,0.1215,69157.0,1706983199999,8399.7505,97,33047.0,4016.1435,0
1706983200000,0.1215,0.1216,0.1214,0.1215,2869.0,1706984099999,348.6547,28,2439.0,296.4482,0
1706984100000,0.1216,0.1218,0.1212,0.1215,11507.0,1706984999999,1399.2732,21,6953.0,845.7915,0
1706985000000,0.1215,0.1217,0.121,0.121,10069.0,1706985899999,1221.0154,28,1195.0,145.0395,0
1706985900000,0.1211,0.1215,0.121,0.1211,24279.0,1706986799999,2940.4782,51,9428.0,1141.8552,0
1706986800000,0.1211,0.1212,0.1208,0.1212,12649.0,1706987699999,1532.3211,44,11492.0,1392.3657,0
1706987700000,0.121,0.1216,0.121,0.1212,4263.0,1706988599999,516.9706,24,699.0,84.8762,0
1706988600000,0.1212,0.1216,0.1212,0.1212,6472.0,1706989499999,785.7693,20,2219.0,269.6149,0
1706989500000,0.1214,0.1215,0.1204,0.1212,75003.0,1706990399999,9060.5169,97,21734.0,2628.0126,0
1706990400000,0.1209,0.1212,0.1208,0.1211,6173.0,1706991299999,746.6223,27,1973.0,239.0143,0
1706991300000,0.121,0.121,0.1202,0.1206,63957.0,1706992199999,7696.2268,50,803.0,96.9,0
1706992200000,0.1206,0.121,0.1206,0.121,44991.0,1706993099999,5435.1825,59,42228.0,5101.893,0
1706993100000,0.1206,0.1212,0.1206,0.121,16972.0,1706993999999,2052.5397,49,15908.0,1924.1235,0
1706994000000,0.121,0.1212,0.1208,0.121,1589.0,1706994899999,192.3594,23,1280.0,155.0322,0
1706994900000,0.1209,0.1209,0.1206,0.1206,478.0,1706995799999,57.7184,14,239.0,28.8901,0
1706995800000,0.1208,0.121,0.1205,0.1206,6514.0,1706996699999,786.1979,34,3440.0,415.3587,0
1706996700000,0.1206,0.1209,0.1203,0.1205,10004.0,1706997599999,1207.2755,38,7407.0,894.2794,0
1706997600000,0.1205,0.1207,0.1203,0.1203,3356.0,1706998499999,404.4275,30,3030.0,365.1899,0
1706998500000,0.1203,0.1204,0.1203,0.1204,2930.0,1706999399999,352.7115,18,1495.0,179.998,0
1706999400000,0.1204,0.1204,0.1202,0.1203,15058.0,1707000299999,1810.884,28,2267.0,272.7328,0
1707000300000,0.1203,0.1203,0.1201,0.1201,6241.0,1707001199999,750.2734,45,2672.0,321.3096,0
1707001200000,0.1202,0.1205,0.1201,0.1205,6724.0,1707002099999,808.5264,40,4962.0,596.5227,0
1707002100000,0.1203,0.1204,0.1199,0.1201,31149.0,1707002999999,3746.3262,40,14331.0,1724.7316,0
1707003000000,0.1201,0.1201,0.1196,0.1199,7282.0,1707003899999,872.2839,34,724.0,86.9035,0
1707003900000,0.1199,0.1199,0.1197,0.1199,7019.0,1707004799999,841.2391,42,5517.0,661.3222,0
1707004800000,0.1199,0.1199,0.1193,0.1193,37556.0,1707005699999,4486.2927,64,6376.0,761.732,0
1707005700000,0.1193,0.1195,0.1192,0.1192,6450.0,1707006599999,769.1722,16,2376.0,283.5336,0
1707006600000,0.1192,0.1193,0.119,0.1191,6387.0,1707007499999,760.8503,29,2851.0,339.6886,0
1707007500000,0.1191,0.1194,0.119,0.1191,7035.0,1707008399999,838.4775,38,3693.0,440.603,0
1707008400000,0.1193,0.1193,0.1189,0.119,13459.0,1707009299999,1602.8288,34,7489.0,892.5749,0
1707009300000,0.1191,0.1193,0.1191,0.1191,1407.0,1707010199999,167.7513,6,1357.0,161.7963,0
1707010200000,0.1193,0.1195,0.1191,0.1192,8537.0,1707011099999,1018.7261,21,6253.0,746.4093,0
1707011100000,0.1194,0.1194,0.1191,0.1193,12076.0,1707011999999,1439.8134,31,4360.0,520.3516,0
1707012000000,0.1193,0.1194,0.1191,0.1193,2250.0,1707012899999,268.4154,33,1856.0,221.4706,0
1707012900000,0.1193,0.1194,0.1191,0.1194,1188.0,1707013799999,141.7418,23,894.0,106.6916,0
1707013800000,0.1194,0.1194,0.1191,0.1192,12168.0,1707014699999,1449.452,28,5959.0,709.7773,0
1707014700000,0.1191,0.1192,0.1188,0.1191,10755.0,1707015599999,1279.2895,38,2779.0,331.0978,0
1707015600000,0.1191,0.1193,0.1188,0.1193,4199.0,1707016499999,500.0201,30,2769.0,329.9852,0
1707016500000,0.1193,0.1194,0.1191,0.1193,1488.0,1707017399999,177.4709,18,1252.0,149.3633,0
1707017400000,0.1193,0.1193,0.1188,0.1189,47133.0,1707018299999,5603.825,44,17166.0,2039.5513,0
1707018300000,0.1189,0.1192,0.1189,0.1191,8517.0,1707019199999,1014.3321,32,7302.0,869.7953,0
1707019200000,0.1191,0.1191,0.1187,0.1187,5424.0,1707020099999,644.61,44,2420.0,287.9253,0
1707020100000,0.1188,0.1188,0.1183,0.1183,17701.0,1707020999999,2097.7023,50,1630.0,193.264,0
1707021000000,0.1185,0.122,0.1181,0.119,623685.0,1707021899999,75091.9316,578,441281.0,53182.1578,0
1707021900000,0.119,0.1194,0.1179,0.1184,554202.0,1707022799999,65532.1025,375,256799.0,30345.4053,0
1707022800000,0.1184,0.1186,0.1179,0.1186,54169.0,1707023699999,6398.0214,53,30506.0,3603.1692,0
1707023700000,0.1185,0.1185,0.118,0.1183,16057.0,1707024599999,1897.061,25,2905.0,343.5243,0
1707024600000,0.1182,0.1183,0.1152,0.116,802071.0,1707025499999,93397.9419,420,414070.0,48077.3792,0
1707025500000,0.116,0.116,0.1159,0.116,196340.0,1707026399999,22773.4372,60,176312.0,20452.192,0
1707026400000,0.1159,0.116,0.1159,0.1159,194277.0,1707027299999,22535.8829,61,191786.0,22247.176,0
1707027300000,0.116,0.116,0.1155,0.1156,282393.0,1707028199999,32737.8683,69,144700.0,16783.9401,0
1707028200000,0.1155,0.1157,0.115,0.1153,155140.0,1707029099999,17881.912,112,14424.0,1665.941,0
1707029100000,0.1153,0.1153,0.1147,0.1148,109052.0,1707029999999,12535.6843,144,29763.0,3423.5097,0
1707030000000,0.1148,0.1154,0.1145,0.1153,123541.0,1707030899999,14212.0683,155,96758.0,11135.3425,0
1707030900000,0.1153,0.1153,0.1146,0.1146,16965.0,1707031799999,1948.5839,34,2307.0,265.7126,0
1707031800000,0.1148,0.1149,0.1145,0.1145,24306.0,1707032699999,2788.0791,61,13790.0,1582.5594,0
1707032700000,0.1147,0.1151,0.1145,0.115,61732.0,1707033599999,7088.3194,83,47893.0,5499.7124,0
1707033600000,0.115,0.1151,0.1147,0.1151,13439.0,1707034499999,1545.2698,43,7455.0,857.4878,0
1707034500000,0.1151,0.1152,0.1151,0.1151,10204.0,1707035399999,1174.8929,38,5970.0,687.5595,0
1707035400000,0.1152,0.1153,0.1151,0.1153,15750.0,1707036299999,1814.8476,46,9217.0,1062.2657,0
1707036300000,0.1153,0.1154,0.115,0.115,53944.0,1707037199999,6218.6579,65,46422.0,5352.4648,0
1707037200000,0.115,0.1154,0.1138,0.1143,243577.0,1707038099999,27831.6372,180,105130.0,12002.3504,0
1707038100000,0.1145,0.1151,0.1143,0.1151,19727.0,1707038999999,2264.7261,78,14483.0,1663.5526,0
1707039000000,0.1151,0.1155,0.115,0.1155,25507.0,1707039899999,2941.5688,73,17882.0,2062.4138,0
1707039900000,0.1155,0.1155,0.1151,0.1155,7921.0,1707040799999,913.8201,37,5613.0,647.9477,0
1707040800000,0.1155,0.1155,0.1151,0.1154,38482.0,1707041699999,4441.3046,41,24590.0,2838.5589,0
1707041700000,0.1154,0.1154,0.1152,0.1154,5774.0,1707042599999,666.0266,16,3934.0,453.88,0
1707042600000,0.1152,0.1153,0.1148,0.1152,43115.0,1707043499999,4957.4422,59,5683.0,654.4699,0
1707043500000,0.1151,0.1152,0.1148,0.1152,17012.0,1707044399999,1955.881,43,8692.0,1000.0984,0
1707044400000,0.1149,0.1156,0.1149,0.1156,28302.0,1707045299999,3265.9991,38,27598.0,3185.0069,0
1707045300000,0.1156,0.1159,0.1154,0.1156,53467.0,1707046199999,6188.2651,48,24253.0,2805.5406,0
1707046200000,0.1157,0.1159,0.1156,0.1159,39002.0,1707047099999,4518.119,33,38856.0,4501.2414,0
1707047100000,0.1159,0.1159,0.1154,0.1156,25851.0,1707047999999,2991.9416,47,14664.0,1699.1123,0
1707048000000,0.1158,0.116,0.1156,0.1159,9639.0,1707048899999,1116.6355,27,8573.0,993.3357,0
1707048900000,0.1159,0.116,0.1156,0.116,10399.0,1707049799999,1204.086,29,4931.0,571.7878,0
1707049800000,0.116,0.116,0.1156,0.116,23042.0,1707050699999,2672.6509,25,22336.0,2590.9403,0
1707050700000,0.116,0.116,0.1153,0.1157,27463.0,1707051599999,3174.7395,56,9087.0,1051.2468,0
1707051600000,0.1154,0.1158,0.1154,0.1158,8480.0,1707052499999,981.0267,43,7765.0,898.5157,0
1707052500000,0.1158,0.1158,0.1155,0.1157,20756.0,1707053399999,2401.0557,23,12070.0,1397.3804,0
1707053400000,0.1157,0.1159,0.1155,0.1156,34778.0,1707054299999,4025.7045,37,29027.0,3360.3284,0
1707054300000,0.1156,0.1158,0.1154,0.1158,38409.0,1707055199999,4436.6097,42,9012.0,1043.209,0
1707055200000,0.1158,0.1158,0.1154,0.1158,19918.0,1707056099999,2301.482,49,11001.0,1272.0296,0
1707056100000,0.1158,0.116,0.1155,0.1159,45662.0,1707056999999,5293.1186,40,37180.0,4310.2553,0
1707057000000,0.116,0.116,0.1156,0.1156,94809.0,1707057899999,10995.6179,41,90775.0,10529.2794,0
1707057900000,0.1158,0.1159,0.1155,0.1156,4408.0,1707058799999,509.9545,39,2345.0,271.5717,0
1707058800000,0.1156,0.1159,0.1155,0.1159,10373.0,1707059699999,1200.1245,36,5909.0,684.2825,0
1707059700000,0.1159,0.116,0.1155,0.1157,12948.0,1707060599999,1498.6827,30,9644.0,1116.9384,0
1707060600000,0.1158,0.1158,0.1154,0.1157,28377.0,1707061499999,3280.6427,36,5053.0,584.9298,0
1707061500000,0.1157,0.1159,0.1156,0.1159,10672.0,1707062399999,1235.598,43,8682.0,1005.2464,0
1707062400000,0.1158,0.1159,0.1155,0.1156,29329.0,1707063299999,3397.6568,35,17551.0,2033.9331,0
1707063300000,0.1157,0.1159,0.1157,0.1157,62357.0,1707064199999,7216.4767,25,4865.0,563.3253,0
1707064200000,0.1158,0.1158,0.1157,0.1158,11752.0,1707065099999,1360.8663,22,11599.0,1343.1642,0
1707065100000,0.1158,0.1158,0.1155,0.1156,36855.0,1707065999999,4263.4468,47,5008.0,579.3823,0
1707066000000,0.1156,0.1159,0.1155,0.1156,11642.0,1707066899999,1348.2594,37,9590.0,1111.1829,0
1707066900000,0.1159,0.1159,0.1154,0.1159,36615.0,1707067799999,4236.0262,68,30554.0,3535.9422,0
1707067800000,0.1158,0.1158,0.1155,0.1157,9580.0,1707068699999,1107.3763,41,3643.0,421.5174,0
1707068700000,0.1155,0.1158,0.1155,0.1157,56134.0,1707069599999,6485.3568,53,43981.0,5081.5992,0
1707069600000,0.1157,0.1158,0.1155,0.1158,22500.0,1707070499999,2602.0654,75,11618.0,1344.0748,0
1707070500000,0.1158,0.116,0.1148,0.115,220783.0,1707071399999,25522.4226,142,137269.0,15902.9062,0
1707071400000,0.1149,0.115,0.1149,0.115,25988.0,1707072299999,2987.5574,38,15362.0,1766.63,0
1707072300000,0.115,0.115,0.1147,0.1149,22209.0,1707073199999,2552.4224,56,10942.0,1257.9554,0
1707073200000,0.1149,0.115,0.1141,0.1144,170170.0,1707074099999,19543.9593,95,120229.0,13824.1843,0
1707074100000,0.1144,0.1144,0.1141,0.1142,11471.0,1707074999999,1310.0813,43,3290.0,376.3394,0
1707075000000,0.1143,0.1146,0.1139,0.1145,97665.0,1707075899999,11154.1427,101,55021.0,6288.954,0
1707075900000,0.1145,0.1146,0.1128,0.113,683644.0,1707076799999,77348.2956,482,352676.0,39855.8018,0
1707076800000,0.113,0.113,0.1129,0.113,389995.0,1707077699999,44065.6781,105,352426.0,39824.138,0
1707077700000,0.113,0.113,0.1116,0.1127,357883.0,1707078599999,40272.409,308,192795.0,21732.5256,0
1707078600000,0.1127,0.113,0.1122,0.1129,201898.0,1707079499999,22779.6941,127,175184.0,19773.9526,0
1707079500000,0.1129,0.1135,0.1125,0.1131,200931.0,1707080399999,22702.7932,104,172888.0,19535.3323,0
1707080400000,0.1131,0.1137,0.1131,0.1136,59469.0,1707081299999,6753.7831,89,36133.0,4104.2999,0
1707081300000,0.1136,0.1142,0.1135,0.114,94599.0,1707082199999,10768.6038,129,78799.0,8970.7584,0
1707082200000,0.1141,0.1144,0.1134,0.1139,111745.0,1707083099999,12738.291,106,57846.0,6587.4581,0
1707083100000,0.1141,0.1142,0.1134,0.1138,32422.0,1707083999999,3689.4083,57,11905.0,1357.3906,0
1707084000000,0.1136,0.114,0.1135,0.114,11868.0,1707084899999,1350.5167,34,8612.0,980.1388,0
1707084900000,0.114,0.114,0.1133,0.1133,20145.0,1707085799999,2287.2337,32,2149.0,244.553,0
1707085800000,0.1134,0.1134,0.1124,0.1131,227274.0,1707086699999,25678.997,111,91849.0,10370.9382,0
1707086700000,0.1131,0.1135,0.1123,0.1123,90520.0,1707087599999,10207.7828,84,16056.0,1815.1938,0
1707087600000,0.1126,0.1128,0.1124,0.1126,9078.0,1707088499999,1021.2998,30,3715.0,418.4818,0
1707088500000,0.1126,0.1129,0.1126,0.1127,49344.0,1707089399999,5565.3027,42,46951.0,5295.6752,0
1707089400000,0.1128,0.1129,0.112,0.1124,80408.0,1707090299999,9027.84,73,22615.0,2540.2781,0
1707090300000,0.1124,0.1127,0.1122,0.1127,18464.0,1707091199999,2077.5761,68,16115.0,1813.4064,0
1707091200000,0.1126,0.1128,0.1123,0.1126,11446.0,1707092099999,1289.2791,47,9060.0,1021.1049,0
1707092100000,0.1126,0.1129,0.1118,0.1129,20648.0,1707092999999,2322.3133,50,13813.0,1553.8261,0
1707093000000,0.1125,0.1128,0.1118,0.1122,22921.0,1707093899999,2570.0926,46,12798.0,1436.3493,0
1707093900000,0.1122,0.1124,0.1117,0.1121,19900.0,1707094799999,2230.8917,73,13093.0,1469.5972,0
1707094800000,0.1121,0.1123,0.1113,0.1116,58312.0,1707095699999,6520.5695,115,36557.0,4089.0538,0
1707095700000,0.1116,0.1121,0.1113,0.1121,8698.0,1707096599999,971.6031,43,7681.0,858.1372,0
1707096600000,0.1121,0.1128,0.1119,0.1124,64359.0,1707097499999,7226.3761,62,42799.0,4811.2697,0
1707097500000,0.1122,0.1125,0.1121,0.1124,2752.0,1707098399999,309.1863,29,1786.0,200.8169,0
1707098400000,0.1122,0.1126,0.1119,0.1125,67547.0,1707099299999,7593.6136,68,28100.0,3161.3264,0
1707099300000,0.1125,0.1125,0.1122,0.1122,1182.0,1707100199999,132.7829,6,304.0,34.1947,0
1707100200000,0.1124,0.1127,0.1122,0.1126,12831.0,1707101099999,1441.6887,36,6716.0,755.3923,0
1707101100000,0.1125,0.1127,0.1123,0.1125,15317.0,1707101999999,1722.7137,45,9359.0,1053.0057,0
1707102000000,0.1125,0.1132,0.1123,0.1132,16466.0,1707102899999,1857.0564,57,15188.0,1713.0909,0
1707102900000,0.1132,0.1135,0.1132,0.1133,25251.0,1707103799999,2861.6203,43,18198.0,2062.8231,0
1707103800000,0.1133,0.1136,0.1133,0.1135,6696.0,1707104699999,759.789,26,6550.0,743.2472,0
1707104700000,0.1136,0.1138,0.1133,0.1137,13048.0,1707105599999,1481.5259,50,9297.0,1055.9104,0
1707105600000,0.1135,0.1138,0.1135,0.1138,4777.0,1707106499999,542.9819,45,2645.0,300.8644,0
1707106500000,0.1138,0.114,0.1136,0.114,10341.0,1707107399999,1176.9129,48,6443.0,733.4866,0
1707107400000,0.114,0.1141,0.1137,0.1138,21025.0,1707108299999,2395.6113,55,17558.0,2001.2788,0
1707108300000,0.114,0.1141,0.1134,0.1139,18424.0,1707109199999,2095.7276,63,6341.0,722.7575,0
1707109200000,0.1137,0.1139,0.1134,0.1137,6274.0,1707110099999,713.0955,36,3944.0,448.3566,0
1707110100000,0.1135,0.1137,0.1134,0.1134,7597.0,1707110999999,861.8796,32,874.0,99.3487,0
1707111000000,0.1136,0.1136,0.1135,0.1136,1841.0,1707111899999,209.0767,19,1232.0,139.9552,0
1707111900000,0.1139,0.1139,0.1133,0.1136,9388.0,1707112799999,1066.1821,42,3841.0,436.6223,0
1707112800000,0.1137,0.114,0.1135,0.114,6349.0,1707113699999,722.6303,38,4794.0,545.6568,0
1707113700000,0.114,0.114,0.1137,0.1139,4729.0,1707114599999,538.0649,22,2615.0,297.6722,0
1707114600000,0.1137,0.114,0.1136,0.1138,2073.0,1707115499999,235.8987,20,1255.0,142.9019,0
1707115500000,0.1138,0.1141,0.1134,0.114,12158.0,1707116399999,1383.2349,44,8385.0,954.6247,0
1707116400000,0.114,0.1141,0.1137,0.1139,5975.0,1707117299999,680.7322,36,3306.0,376.8755,0
1707117300000,0.114,0.1142,0.1138,0.1141,5700.0,1707118199999,649.9689,43,4513.0,514.6045,0
1707118200000,0.1142,0.1142,0.1137,0.1142,86396.0,1707119099999,9843.7785,82,18661.0,2126.7553,0
1707119100000,0.1142,0.1144,0.1138,0.1142,70019.0,1707119999999,7993.8641,115,41489.0,4738.9988,0
1707120000000,0.1143,0.1145,0.1142,0.1143,13767.0,1707120899999,1574.7529,48,5927.0,678.0759,0
1707120900000,0.1142,0.1145,0.114,0.1142,7648.0,1707121799999,873.5111,32,5417.0,618.7502,0
1707121800000,0.114,0.1141,0.1136,0.1141,26377.0,1707122699999,3004.9998,73,8519.0,971.5674,0
1707122700000,0.1141,0.1142,0.1137,0.114,10228.0,1707123599999,1165.0702,54,4864.0,554.397,0
1707123600000,0.114,0.1142,0.1139,0.114,11369.0,1707124499999,1296.1678,43,7749.0,883.6931,0
1707124500000,0.1141,0.1168,0.1137,0.115,640921.0,1707125399999,74059.8835,524,513676.0,59393.7618,0
1707125400000,0.115,0.115,0.1142,0.1142,6407.0,1707126299999,733.2035,31,981.0,112.5859,0
1707126300000,0.1145,0.1154,0.1139,0.1146,125361.0,1707127199999,14352.4127,153,34673.0,3978.725,0
1707127200000,0.1148,0.1154,0.1146,0.1151,33326.0,1707128099999,3830.2381,84,17451.0,2005.3011,0
1707128100000,0.1152,0.1156,0.1149,0.1151,50047.0,1707128999999,5764.6969,56,21934.0,2528.5564,0
1707129000000,0.115,0.1152,0.1149,0.1152,11281.0,1707129899999,1297.234,29,7472.0,859.1101,0
1707129900000,0.115,0.1155,0.1147,0.1155,45305.0,1707130799999,5215.0329,63,29126.0,3357.5218,0
1707130800000,0.1155,0.1158,0.1154,0.1157,17028.0,1707131699999,1968.8105,45,11111.0,1284.9099,0
1707131700000,0.1157,0.1159,0.1156,0.1157,66934.0,1707132599999,7740.1397,48,6154.0,713.12,0
1707132600000,0.1159,0.116,0.1156,0.1159,39566.0,1707133499999,4583.3524,38,7737.0,897.0336,0
1707133500000,0.1159,0.1164,0.1156,0.1161,32853.0,1707134399999,3813.0555,81,23147.0,2687.2259,0
1707134400000,0.1162,0.1162,0.1157,0.116,17908.0,1707135299999,2073.8222,40,5040.0,583.9014,0
1707135300000,0.116,0.1162,0.1156,0.1156,45420.0,1707136199999,5264.6855,68,14939.0,1734.0823,0
1707136200000,0.1159,0.1164,0.1155,0.1156,123418.0,1707137099999,14280.349,72,49476.0,5731.8021,0
1707137100000,0.1153,0.1163,0.1152,0.1163,43777.0,1707137999999,5064.306,87,28251.0,3272.2932,0
1707138000000,0.1163,0.1165,0.1159,0.1159,24604.0,1707138899999,2856.4497,66,7515.0,874.2493,0
1707138900000,0.1162,0.1171,0.1159,0.1159,75345.0,1707139799999,8758.4317,118,28498.0,3320.7604,0
1707139800000,0.1159,0.1171,0.1157,0.1165,161626.0,1707140699999,18839.5991,182,93408.0,10896.8302,0
1707140700000,0.1168,0.1172,0.1164,0.1168,238473.0,1707141599999,27786.9716,99,24275.0,2840.1486,0
1707141600000,0.1168,0.1171,0.1165,0.1165,29140.0,1707142499999,3402.6018,53,15018.0,1755.1471,0
1707142500000,0.1165,0.1171,0.1165,0.117,19137.0,1707143399999,2236.2374,35,14592.0,1705.9312,0
1707143400000,0.1171,0.1173,0.1166,0.1169,34621.0,1707144299999,4048.5467,56,17050.0,1996.338,0
1707144300000,0.1166,0.1169,0.1164,0.1164,60849.0,1707145199999,7089.1293,37,1557.0,181.6791,0
1707145200000,0.1164,0.1165,0.1154,0.1158,197973.0,1707146099999,23008.0462,80,3941.0,456.4084,0
1707146100000,0.1159,0.116,0.1153,0.1157,41276.0,1707146999999,4773.1641,52,15651.0,1812.8336,0
1707147000000,0.116,0.1169,0.1156,0.1157,63165.0,1707147899999,7344.3432,76,40582.0,4722.8078,0
1707147900000,0.1157,0.1164,0.1156,0.1162,103595.0,1707148799999,12012.2157,94,22024.0,2550.6385,0
1707148800000,0.1162,0.1165,0.116,0.1162,32919.0,1707149699999,3824.2577,55,14620.0,1699.3876,0
1707149700000,0.1163,0.1169,0.116,0.116,212838.0,1707150599999,24774.9841,62,35640.0,4159.0371,0
1707150600000,0.1159,0.1161,0.1156,0.1156,24226.0,1707151499999,2804.2207,26,9794.0,1135.1467,0
1707151500000,0.1156,0.1163,0.1155,0.116,40547.0,1707152399999,4692.1992,40,14662.0,1701.5677,0
1707152400000,0.1162,0.1162,0.1159,0.1161,9438.0,1707153299999,1094.0931,17,6035.0,699.6418,0
1707153300000,0.1161,0.1161,0.1157,0.1157,3109.0,1707154199999,360.1851,13,937.0,108.6193,0
1707154200000,0.1156,0.1166,0.1155,0.116,88443.0,1707155099999,10255.9222,56,67763.0,7862.4302,0
1707155100000,0.116,0.116,0.1153,0.1157,47407.0,1707155999999,5475.673,49,2295.0,265.565,0
1707156000000,0.1155,0.1158,0.1153,0.1156,21082.0,1707156899999,2432.5618,41,1286.0,148.7104,0
1707156900000,0.1154,0.1154,0.1151,0.1154,11458.0,1707157799999,1320.2717,33,3903.0,450.1088,0
1707157800000,0.1154,0.1158,0.1152,0.1155,16466.0,1707158699999,1901.7386,25,9064.0,1046.69,0
1707158700000,0.1156,0.1158,0.1151,0.1158,61290.0,1707159599999,7075.8142,60,20439.0,2360.6522,0
1707159600000,0.1154,0.116,0.1154,0.1157,9366.0,1707160499999,1084.4655,24,6616.0,767.0218,0
1707160500000,0.1157,0.1173,0.1157,0.1167,167272.0,1707161399999,19535.3534,132,140853.0,16445.5403,0
1707161400000,0.1167,0.117,0.1165,0.1166,18024.0,1707162299999,2105.351,54,12831.0,1499.4786,0
1707162300000,0.1166,0.1167,0.1155,0.1155,120494.0,1707163199999,13984.4739,95,14736.0,1711.2714,0
1707163200000,0.1155,0.1163,0.1149,0.1151,142694.0,1707164099999,16453.2756,129,44190.0,5096.5843,0
1707164100000,0.1152,0.1152,0.1146,0.115,32344.0,1707164999999,3714.1323,65,11688.0,1342.7576,0
1707165000000,0.1151,0.1155,0.1149,0.1149,17733.0,1707165899999,2043.9353,33,7396.0,852.6827,0
1707165900000,0.115,0.1156,0.1149,0.1153,68222.0,1707166799999,7867.4052,61,52186.0,6021.2851,0
1707166800000,0.1151,0.1156,0.115,0.1154,16510.0,1707167699999,1906.1647,30,11675.0,1349.3228,0
1707167700000,0.1154,0.1155,0.1129,0.1147,402108.0,1707168599999,45823.5599,331,97329.0,11111.5799,0
1707168600000,0.1148,0.1148,0.1144,0.1148,19633.0,1707169499999,2251.3095,33,9921.0,1138.7129,0
1707169500000,0.1146,0.1146,0.1129,0.1137,304379.0,1707170399999,34629.8191,218,104119.0,11827.1563,0
1707170400000,0.1137,0.1141,0.1137,0.1141,23733.0,1707171299999,2703.3473,41,15630.0,1782.0132,0
1707171300000,0.114,0.114,0.1131,0.1134,28501.0,1707172199999,3230.2562,42,507.0,57.6615,0
1707172200000,0.1134,0.1134,0.1127,0.1129,49845.0,1707173099999,5629.1829,78,16417.0,1855.6729,0
1707173100000,0.1131,0.1135,0.1129,0.1132,36173.0,1707173999999,4096.7815,59,34809.0,3942.4802,0
1707174000000,0.1132,0.1136,0.113,0.113,15124.0,1707174899999,1711.7828,40,7430.0,841.4808,0
1707174900000,0.1133,0.1138,0.1132,0.1136,34902.0,1707175799999,3956.1845,24,28900.0,3276.2805,0
1707175800000,0.1137,0.114,0.1135,0.1138,20288.0,1707176699999,2309.9318,35,6354.0,723.6626,0
1707176700000,0.1138,0.1142,0.1135,0.1142,46774.0,1707177599999,5329.8471,92,30944.0,3528.9064,0
1707177600000,0.1142,0.1142,0.1136,0.1136,33734.0,1707178499999,3847.1452,84,22336.0,2549.4789,0
1707178500000,0.1136,0.1138,0.1134,0.1137,15692.0,1707179399999,1782.6617,23,5002.0,569.0518,0
1707179400000,0.1136,0.1139,0.1132,0.1135,33063.0,1707180299999,3755.4353,47,19992.0,2273.2327,0
1707180300000,0.1135,0.1138,0.1134,0.1136,16504.0,1707181199999,1873.4088,34,4535.0,515.8182,0
1707181200000,0.1136,0.1138,0.1134,0.1135,5586.0,1707182099999,634.5999,29,3074.0,349.4306,0
1707182100000,0.1137,0.1139,0.1135,0.1139,6877.0,1707182999999,782.2661,17,5617.0,639.1969,0
1707183000000,0.1139,0.1139,0.1136,0.1136,18258.0,1707183899999,2077.3237,28,5321.0,606.0515,0
1707183900000,0.1139,0.114,0.1137,0.1139,17250.0,1707184799999,1965.3901,39,16842.0,1919.0005,0
1707184800000,0.1139,0.1142,0.1136,0.1139,14655.0,1707185699999,1667.5821,38,3214.0,366.2122,0
1707185700000,0.1139,0.1143,0.1139,0.1141,4480.0,1707186599999,511.1675,17,2460.0,280.8411,0
1707186600000,0.1143,0.1145,0.1141,0.1145,17436.0,1707187499999,1992.9033,37,10264.0,1173.7507,0
1707187500000,0.1145,0.1146,0.1141,0.1142,42289.0,1707188399999,4841.021,62,11126.0,1273.8091,0
1707188400000,0.1142,0.1146,0.1142,0.1146,2652.0,1707189299999,303.5,15,2046.0,234.2164,0
1707189300000,0.1144,0.1144,0.1144,0.1144,296.0,1707190199999,33.8624,3,0.0,0.0,0
1707190200000,0.1146,0.1147,0.1143,0.1144,67214.0,1707191099999,7693.5846,49,33668.0,3856.2464,0
1707191100000,0.1145,0.1148,0.1145,0.1145,28867.0,1707191999999,3308.504,52,24933.0,2858.061,0
1707192000000,0.1145,0.1148,0.1144,0.1147,8284.0,1707192899999,949.9195,29,6164.0,707.2341,0
1707192900000,0.1146,0.1147,0.1146,0.1147,751.0,1707193799999,86.0848,3,751.0,86.0848,0
1707193800000,0.1145,0.1146,0.1144,0.1144,17288.0,1707194699999,1978.5974,30,2588.0,296.5848,0
1707194700000,0.1144,0.1148,0.1144,0.1147,18709.0,1707195599999,2144.3089,45,14381.0,1648.7479,0
1707195600000,0.1147,0.1147,0.1144,0.1145,24792.0,1707196499999,2836.7009,19,3719.0,425.9497,0
1707196500000,0.1144,0.1144,0.1139,0.1139,35563.0,1707197399999,4054.9046,41,14779.0,1685.3708,0
1707197400000,0.1139,0.1141,0.1139,0.1141,3377.0,1707198299999,385.2795,6,1175.0,134.0675,0
1707198300000,0.1143,0.1143,0.1139,0.1142,16869.0,1707199199999,1925.0118,47,13211.0,1508.2237,0
1707199200000,0.114,0.1142,0.1137,0.1137,15791.0,1707200099999,1798.12,23,1612.0,183.9824,0
1707200100000,0.1141,0.1142,0.1139,0.1142,7444.0,1707200999999,848.9319,12,2247.0,256.5041,0
1707201000000,0.1141,0.1141,0.1139,0.1139,17355.0,1707201899999,1979.5991,29,8117.0,926.1497,0
1707201900000,0.1141,0.1143,0.1138,0.1141,38060.0,1707202799999,4338.9231,61,13115.0,1496.8709,0
1707202800000,0.1141,0.1142,0.1137,0.1138,38553.0,1707203699999,4397.0118,47,29375.0,3350.9472,0
1707203700000,0.1138,0.1139,0.1138,0.1139,11181.0,1707204599999,1273.1869,21,7368.0,839.2152,0
1707204600000,0.114,0.1144,0.113,0.1137,301020.0,1707205499999,34183.1582,142,21786.0,2480.7365,0
1707205500000,0.1136,0.1139,0.1132,0.1135,129196.0,1707206399999,14654.7622,71,29428.0,3344.6309,0
1707206400000,0.1136,0.114,0.1134,0.1138,54421.0,1707207299999,6184.5148,43,44471.0,5054.3614,0
1707207300000,0.1139,0.1141,0.1136,0.1137,12795.0,1707208199999,1458.2144,25,5678.0,647.2642,0
1707208200000,0.1136,0.1139,0.1136,0.1139,13762.0,1707209099999,1566.2843,29,11441.0,1302.3246,0
1707209100000,0.1139,0.1142,0.1135,0.114,42751.0,1707209999999,4866.957,78,15792.0,1799.6943,0
1707210000000,0.1141,0.1143,0.114,0.114,21590.0,1707210899999,2462.5928,36,16028.0,1828.3928,0
1707210900000,0.1139,0.1139,0.1134,0.1137,20119.0,1707211799999,2286.2891,22,3252.0,369.5249,0
1707211800000,0.1138,0.1138,0.1136,0.1137,11647.0,1707212699999,1324.4005,15,5352.0,609.0409,0
1707212700000,0.1136,0.1145,0.1136,0.114,128105.0,1707213599999,14620.9207,90,113075.0,12908.9148,0
1707213600000,0.1139,0.1139,0.1135,0.1135,11324.0,1707214499999,1287.9231,17,1765.0,200.9289,0
1707214500000,0.1135,0.1139,0.1135,0.1138,15638.0,1707215399999,1778.5972,26,13253.0,1507.8775,0
1707215400000,0.1137,0.1144,0.1135,0.1137,95079.0,1707216299999,10848.4542,72,75240.0,8588.2205,0
1707216300000,0.1135,0.1139,0.1129,0.1138,49382.0,1707217199999,5599.7276,82,26566.0,3013.5484,0
1707217200000,0.1137,0.1139,0.1134,0.1135,10918.0,1707218099999,1240.3808,25,7999.0,908.63,0
1707218100000,0.1133,0.1136,0.1132,0.1136,4060.0,1707218999999,460.3396,15,1231.0,139.8416,0
1707219000000,0.1134,0.1135,0.1128,0.1133,57571.0,1707219899999,6507.5905,65,4648.0,526.1155,0
1707219900000,0.1133,0.1136,0.1131,0.1131,13280.0,1707220799999,1506.058,44,11323.0,1284.6483,0
1707220800000,0.1133,0.1136,0.1131,0.1134,76212.0,1707221699999,8627.4592,68,42297.0,4788.5375,0
1707221700000,0.1132,0.1133,0.1127,0.113,22684.0,1707222599999,2561.1239,23,7667.0,865.5393,0
1707222600000,0.1131,0.1133,0.1131,0.1132,18427.0,1707223499999,2085.7311,20,13858.0,1568.5396,0
1707223500000,0.113,0.1131,0.1126,0.1129,62161.0,1707224399999,7021.1416,87,49944.0,5642.8678,0
1707224400000,0.1129,0.1132,0.1127,0.113,20747.0,1707225299999,2342.9945,60,13663.0,1543.779,0
1707225300000,0.1131,0.1138,0.113,0.1138,56855.0,1707226199999,6452.8596,48,49786.0,5650.5881,0
1707226200000,0.1135,0.1135,0.1132,0.1132,20724.0,1707227099999,2350.0253,16,0.0,0.0,0
1707227100000,0.1135,0.1136,0.1129,0.1131,26962.0,1707227999999,3049.2253,38,6135.0,695.4036,0
1707228000000,0.1133,0.1134,0.1131,0.1132,15264.0,1707228899999,1727.3977,23,8424.0,953.5419,0
1707228900000,0.1134,0.1136,0.1132,0.1132,16778.0,1707229799999,1903.6443,30,15350.0,1741.8648,0
1707229800000,0.1134,0.1138,0.1132,0.1137,11736.0,1707230699999,1332.0906,28,6680.0,759.0628,0
1707230700000,0.1134,0.114,0.1133,0.1136,44484.0,1707231599999,5059.8303,59,23456.0,2669.7197,0
1707231600000,0.1136,0.1136,0.1131,0.1136,13040.0,1707232499999,1478.1077,33,5882.0,667.5442,0
1707232500000,0.1133,0.1144,0.1133,0.1143,45809.0,1707233399999,5225.9703,39,43912.0,5009.5981,0
1707233400000,0.1141,0.1144,0.114,0.1143,28936.0,1707234299999,3304.3146,25,6460.0,738.3813,0
1707234300000,0.1144,0.1145,0.1137,0.1142,37800.0,1707235199999,4313.8202,64,15330.0,1751.5367,0
1707235200000,0.1143,0.1146,0.1141,0.1141,18376.0,1707236099999,2101.6989,48,9384.0,1074.7157,0
1707236100000,0.1141,0.1144,0.1137,0.1144,52460.0,1707236999999,5978.385,58,17011.0,1939.8689,0
1707237000000,0.1144,0.1146,0.1139,0.1142,48618.0,1707237899999,5556.6102,44,14077.0,1608.3761,0
1707237900000,0.1143,0.1144,0.1135,0.1138,88322.0,1707238799999,10054.9561,68,23997.0,2737.6043,0
1707238800000,0.1138,0.1143,0.1136,0.1143,52475.0,1707239699999,5980.301,59,41953.0,4781.1169,0
1707239700000,0.1141,0.1144,0.114,0.1142,19095.0,1707240599999,2181.3289,25,11607.0,1326.8598,0
1707240600000,0.1141,0.1143,0.1137,0.1138,34092.0,1707241499999,3884.2932,40,10424.0,1189.3421,0
1707241500000,0.1138,0.1144,0.1138,0.1142,39445.0,1707242399999,4499.3702,62,19837.0,2265.3814,0
1707242400000,0.1141,0.1147,0.1137,0.1143,63923.0,1707243299999,7301.227,75,39163.0,4475.2353,0
1707243300000,0.1143,0.1144,0.114,0.1142,38218.0,1707244199999,4370.1134,31,22084.0,2526.0102,0
1707244200000,0.1141,0.1147,0.1141,0.1143,46077.0,1707245099999,5271.8243,37,29773.0,3406.8953,0
1707245100000,0.1144,0.1145,0.114,0.1144,40388.0,1707245999999,4614.1416,34,23342.0,2665.3503,0
1707246000000,0.1143,0.1146,0.1141,0.1141,37021.0,1707246899999,4229.476,36,9695.0,1107.5408,0
1707246900000,0.1142,0.1146,0.1141,0.1146,28433.0,1707247799999,3250.5235,18,15678.0,1792.8327,0
1707247800000,0.1145,0.1145,0.1143,0.1143,18389.0,1707248699999,2105.3529,24,5899.0,675.4355,0
1707248700000,0.1146,0.1152,0.1143,0.1149,70425.0,1707249599999,8094.3409,71,62281.0,7160.2433,0
1707249600000,0.1149,0.1152,0.1147,0.1149,33837.0,1707250499999,3890.772,41,25731.0,2959.718,0
1707250500000,0.115,0.1152,0.1147,0.1149,60617.0,1707251399999,6972.1638,46,37942.0,4366.9546,0
1707251400000,0.115,0.1161,0.115,0.1158,207985.0,1707252299999,24066.7072,167,101702.0,11745.966,0
1707252300000,0.1157,0.1158,0.1153,0.1155,17696.0,1707253199999,2043.8459,39,6012.0,694.86,0
1707253200000,0.1156,0.1161,0.1153,0.1158,62322.0,1707254099999,7207.7539,69,32232.0,3730.8445,0
1707254100000,0.1158,0.1158,0.1156,0.1156,5709.0,1707254999999,660.853,16,3829.0,443.3982,0
1707255000000,0.1158,0.116,0.1156,0.1159,36705.0,1707255899999,4249.279,35,11443.0,1325.0417,0
1707255900000,0.1159,0.1159,0.1155,0.1155,15608.0,1707256799999,1806.5339,23,8480.0,982.7645,0
1707256800000,0.1155,0.1156,0.1153,0.1154,23574.0,1707257699999,2721.9608,25,3245.0,374.4208,0
1707257700000,0.1153,0.1155,0.1153,0.1155,17919.0,1707258599999,2068.8332,15,17735.0,2047.618,0
1707258600000,0.1155,0.1156,0.1154,0.1156,13176.0,1707259499999,1521.6773,13,9919.0,1145.8195,0
1707259500000,0.1156,0.1157,0.1153,0.1153,26630.0,1707260399999,3075.2648,29,8092.0,935.3583,0
1707260400000,0.1153,0.1156,0.1153,0.1155,13254.0,1707261299999,1531.131,23,6076.0,702.2607,0
1707261300000,0.1154,0.1154,0.1151,0.1151,1783.0,1707262199999,205.5898,13,452.0,52.1608,0
1707262200000,0.1151,0.1156,0.1151,0.1156,7355.0,1707263099999,848.3326,11,5010.0,578.3539,0
1707263100000,0.1154,0.1156,0.1153,0.1153,12069.0,1707263999999,1393.2964,39,4821.0,557.1439,0
1707264000000,0.1153,0.1157,0.1151,0.1155,43544.0,1707264899999,5020.839,63,21628.0,2495.2783,0
1707264900000,0.1155,0.1161,0.1155,0.1161,94493.0,1707265799999,10954.9444,32,84393.0,9786.5398,0
1707265800000,0.1161,0.1162,0.1157,0.116,18335.0,1707266699999,2126.127,29,3476.0,403.2501,0
1707266700000,0.1158,0.116,0.1152,0.1156,73448.0,1707267599999,8489.3103,63,18703.0,2163.1696,0
1707267600000,0.1156,0.1158,0.1154,0.1156,4473.0,1707268499999,517.0836,15,2344.0,271.0482,0
1707268500000,0.1159,0.1159,0.1157,0.1157,3951.0,1707269399999,457.2503,8,598.0,69.3082,0
1707269400000,0.1157,0.1159,0.1156,0.1159,23980.0,1707270299999,2774.387,17,8375.0,969.9283,0
1707270300000,0.1158,0.1158,0.1156,0.1158,9049.0,1707271199999,1047.5356,17,7356.0,851.8248,0
1707271200000,0.1158,0.1158,0.1156,0.1156,5693.0,1707272099999,658.6454,23,2673.0,309.5334,0
1707272100000,0.1156,0.1156,0.1156,0.1156,2192.0,1707272999999,253.3952,1,0.0,0.0,0
1707273000000,0.1156,0.1159,0.1156,0.1157,6291.0,1707273899999,727.664,17,3894.0,450.3056,0
1707273900000,0.1159,0.116,0.1156,0.1156,14306.0,1707274799999,1656.8963,34,5841.0,676.7089,0
1707274800000,0.1156,0.1158,0.1156,0.1156,6711.0,1707275699999,775.8174,22,156.0,18.0594,0
1707275700000,0.1156,0.1156,0.1156,0.1156,6124.0,1707276599999,707.9344,3,0.0,0.0,0
1707276600000,0.1156,0.1158,0.1154,0.1155,4249.0,1707277499999,490.9085,10,2391.0,276.2449,0
1707277500000,0.1155,0.1156,0.1153,0.1156,6669.0,1707278399999,770.0849,19,4573.0,528.2277,0
1707278400000,0.1154,0.1154,0.1152,0.1152,3785.0,1707279299999,436.5117,13,1403.0,161.8879,0
1707279300000,0.1153,0.1153,0.1152,0.1152,15684.0,1707280199999,1808.355,41,2952.0,340.3656,0
1707280200000,0.1152,0.1158,0.115,0.1156,20411.0,1707281099999,2355.4929,28,15912.0,1835.6695,0
1707281100000,0.1156,0.1158,0.1152,0.1152,32438.0,1707281999999,3745.8598,47,13714.0,1583.4488,0
1707282000000,0.1156,0.1156,0.115,0.1154,17334.0,1707282899999,1996.7859,34,8698.0,1002.398,0
1707282900000,0.1152,0.1157,0.1151,0.1156,41863.0,1707283799999,4828.9045,47,17691.0,2041.4325,0
1707283800000,0.1155,0.1156,0.1153,0.1155,37152.0,1707284699999,4291.7326,41,26664.0,3080.9823,0
1707284700000,0.1156,0.1161,0.1154,0.1159,59195.0,1707285599999,6856.2282,32,54637.0,6328.0567,0
1707285600000,0.116,0.1161,0.1156,0.1157,27800.0,1707286499999,3224.7747,45,19090.0,2215.485,0
1707286500000,0.1157,0.116,0.1157,0.1158,5490.0,1707287399999,636.1685,12,4878.0,565.3601,0
1707287400000,0.1156,0.1158,0.1155,0.1155,27864.0,1707288299999,3219.7587,30,6578.0,760.1841,0
1707288300000,0.1154,0.1158,0.1154,0.1158,19763.0,1707289199999,2284.5411,34,10614.0,1227.2595,0
1707289200000,0.1156,0.1158,0.1152,0.1154,85018.0,1707290099999,9803.2854,45,48750.0,5618.2808,0
1707290100000,0.1153,0.1154,0.1153,0.1153,8672.0,1707290999999,999.9067,7,251.0,28.9654,0
1707291000000,0.1154,0.1158,0.1154,0.1156,26245.0,1707291899999,3033.0627,23,20360.0,2352.7567,0
1707291900000,0.1157,0.1157,0.1152,0.1152,16199.0,1707292799999,1869.6071,31,9165.0,1058.2005,0
1707292800000,0.1155,0.1155,0.115,0.115,10256.0,1707293699999,1181.2416,19,547.0,63.1738,0
1707293700000,0.1151,0.1154,0.115,0.1153,22263.0,1707294599999,2564.3738,22,6195.0,714.3138,0
1707294600000,0.1153,0.1153,0.1147,0.1149,102761.0,1707295499999,11809.0327,75,13485.0,1549.5327,0
1707295500000,0.1149,0.1154,0.1149,0.1154,14971.0,1707296399999,1723.3603,33,11355.0,1307.715,0
1707296400000,0.1154,0.1154,0.1151,0.1151,4324.0,1707297299999,498.3412,18,1919.0,221.3953,0
1707297300000,0.1152,0.1152,0.1151,0.1152,9519.0,1707298199999,1096.0245,12,2078.0,239.3856,0
1707298200000,0.1152,0.1155,0.1152,0.1155,7767.0,1707299099999,896.4758,23,7767.0,896.4758,0
1707299100000,0.1154,0.1155,0.1152,0.1154,6263.0,1707299999999,722.4414,21,2122.0,244.8849,0
1707300000000,0.1152,0.1154,0.1151,0.1151,11651.0,1707300899999,1341.9278,19,2605.0,300.2661,0
1707300900000,0.1151,0.1155,0.1151,0.1152,7663.0,1707301799999,883.8593,17,4733.0,546.43,0
1707301800000,0.1152,0.1159,0.1152,0.1157,53147.0,1707302699999,6144.0682,37,51148.0,5913.2266,0
1707302700000,0.1157,0.1159,0.1151,0.1152,15204.0,1707303599999,1754.2554,55,5204.0,601.6864,0
1707303600000,0.1152,0.1156,0.1151,0.1156,13160.0,1707304499999,1517.4031,48,7954.0,917.6484,0
1707304500000,0.1156,0.1156,0.1152,0.1152,2044.0,1707305399999,235.6838,10,47.0,5.4332,0
1707305400000,0.1152,0.1157,0.1152,0.1156,2694.0,1707306299999,311.1785,13,2642.0,305.1881,0
1707306300000,0.1153,0.1153,0.1144,0.1151,111697.0,1707307199999,12836.2211,88,7846.0,901.2923,0
1707307200000,0.115,0.1151,0.1147,0.1147,19158.0,1707308099999,2200.5514,38,4552.0,523.5729,0
1707308100000,0.1148,0.116,0.1148,0.1149,68680.0,1707308999999,7935.6607,49,58721.0,6789.9792,0
1707309000000,0.1149,0.1153,0.1149,0.1153,3251.0,1707309899999,374.3964,9,2600.0,299.5565,0
1707309900000,0.1153,0.1162,0.1151,0.1155,78816.0,1707310799999,9124.2149,95,59083.0,6847.8513,0
1707310800000,0.1155,0.1161,0.1155,0.1161,25421.0,1707311699999,2943.7652,54,22111.0,2560.9938,0
1707311700000,0.1157,0.1159,0.1156,0.1156,3938.0,1707312599999,455.2707,9,3300.0,381.5179,0
1707312600000,0.1157,0.1161,0.1153,0.1156,15977.0,1707313499999,1850.5299,27,10010.0,1160.6035,0
1707313500000,0.1156,0.1161,0.1156,0.1161,11361.0,1707314399999,1316.7576,38,10178.0,1179.8453,0
1707314400000,0.1161,0.1161,0.1157,0.1161,15146.0,1707315299999,1755.6717,46,5876.0,682.0238,0
1707315300000,0.1161,0.1161,0.1156,0.1156,5769.0,1707316199999,667.1589,11,548.0,63.5372,0
1707316200000,0.1156,0.1159,0.1154,0.1154,15452.0,1707317099999,1787.2633,21,5810.0,672.9959,0
1707317100000,0.1158,0.1163,0.1154,0.1155,74621.0,1707317999999,8659.3131,91,59178.0,6871.1046,0
1707318000000,0.1157,0.1158,0.1155,0.1156,15857.0,1707318899999,1835.4012,29,5581.0,645.9917,0
1707318900000,0.1158,0.1159,0.1154,0.1159,65216.0,1707319799999,7544.3842,63,20590.0,2384.7857,0
1707319800000,0.1157,0.116,0.1156,0.1159,22722.0,1707320699999,2628.7444,25,6626.0,767.7236,0
1707320700000,0.116,0.1161,0.1155,0.116,76605.0,1707321599999,8870.3008,73,36299.0,4205.5263,0
1707321600000,0.1159,0.1161,0.1157,0.1159,16907.0,1707322499999,1959.3094,48,10943.0,1269.0059,0
1707322500000,0.1159,0.1159,0.1158,0.1158,8351.0,1707323399999,967.3796,9,0.0,0.0,0
1707323400000,0.1157,0.116,0.1157,0.1159,13919.0,1707324299999,1613.6204,18,13268.0,1538.2641,0
1707324300000,0.116,0.1163,0.116,0.1162,19278.0,1707325199999,2239.9596,45,17514.0,2035.3028,0
1707325200000,0.1163,0.117,0.1162,0.117,58557.0,1707326099999,6827.587,121,44564.0,5197.1464,0
1707326100000,0.1168,0.1171,0.1166,0.117,113816.0,1707326999999,13304.9025,87,52646.0,6157.7358,0
1707327000000,0.1168,0.1171,0.1166,0.1168,121541.0,1707327899999,14218.4975,93,79384.0,9291.9167,0
1707327900000,0.1169,0.117,0.1166,0.1167,26620.0,1707328799999,3111.1506,49,20230.0,2365.6285,0
1707328800000,0.1169,0.1171,0.1167,0.1169,10777.0,1707329699999,1259.9768,20,4493.0,525.6421,0
1707329700000,0.1167,0.1171,0.1167,0.117,20442.0,1707330599999,2390.4327,21,16849.0,1970.3287,0
1707330600000,0.117,0.1171,0.1168,0.117,32957.0,1707331499999,3852.9568,29,14741.0,1724.9005,0
1707331500000,0.117,0.1173,0.1167,0.117,115119.0,1707332399999,13479.1103,105,69624.0,8153.6189,0
1707332400000,0.1171,0.1173,0.117,0.117,14984.0,1707333299999,1755.3987,32,10653.0,1248.4514,0
1707333300000,0.1169,0.1172,0.1168,0.1169,30968.0,1707334199999,3620.2983,30,6364.0,745.14,0
1707334200000,0.1168,0.1169,0.1164,0.1169,43867.0,1707335099999,5116.8549,42,9359.0,1092.9731,0
1707335100000,0.1169,0.1171,0.1166,0.1171,25800.0,1707335999999,3014.482,72,17412.0,2035.0936,0
1707336000000,0.1171,0.1172,0.1168,0.1169,40492.0,1707336899999,4736.0417,31,23144.0,2708.644,0
1707336900000,0.1172,0.1179,0.1172,0.1173,147645.0,1707337799999,17370.9163,118,79354.0,9331.2043,0
1707337800000,0.1174,0.1179,0.1172,0.1173,99860.0,1707338699999,11723.7672,74,37273.0,4380.7294,0
1707338700000,0.1175,0.1175,0.1169,0.1171,63219.0,1707339599999,7408.3321,71,7444.0,873.0944,0
1707339600000,0.1172,0.1174,0.1168,0.1172,65519.0,1707340499999,7675.876,70,35238.0,4134.6125,0
1707340500000,0.1174,0.1175,0.1166,0.1171,215626.0,1707341399999,25230.1129,127,87831.0,10279.693,0
1707341400000,0.1172,0.1173,0.1165,0.1166,103125.0,1707342299999,12055.6334,66,52150.0,6101.5208,0
1707342300000,0.1166,0.1169,0.1166,0.1167,31027.0,1707343199999,3622.5069,76,17747.0,2073.7515,0
1707343200000,0.1169,0.117,0.1166,0.1169,16837.0,1707344099999,1967.1801,46,11692.0,1366.7685,0
1707344100000,0.1167,0.117,0.1167,0.1168,27484.0,1707344999999,3209.6571,16,8130.0,950.1868,0
1707345000000,0.117,0.117,0.1166,0.1166,10504.0,1707345899999,1225.9461,17,384.0,44.8558,0
1707345900000,0.1166,0.1166,0.1161,0.1164,55457.0,1707346799999,6456.721,68,7436.0,865.8229,0
1707346800000,0.1162,0.1167,0.1161,0.1165,69069.0,1707347699999,8046.3543,70,52280.0,6093.4784,0
1707347700000,0.1165,0.1165,0.1164,0.1164,5683.0,1707348599999,661.695,10,0.0,0.0,0
1707348600000,0.1166,0.1167,0.1164,0.1165,2371.0,1707349499999,276.3918,7,1829.0,213.2865,0
1707349500000,0.1167,0.1169,0.1164,0.1169,48403.0,1707350399999,5649.1038,91,40053.0,4675.55,0
1707350400000,0.1168,0.117,0.1167,0.1167,19904.0,1707351299999,2325.6073,32,4994.0,583.8749,0
1707351300000,0.1167,0.1172,0.1167,0.117,30349.0,1707352199999,3551.317,40,21217.0,2482.9451,0
1707352200000,0.1169,0.1175,0.1169,0.1175,12683.0,1707353099999,1487.1061,19,11067.0,1298.1384,0
1707353100000,0.1175,0.1176,0.1173,0.1175,55473.0,1707353999999,6513.8819,64,35115.0,4125.5176,0
1707354000000,0.1175,0.1176,0.1172,0.1174,41999.0,1707354899999,4933.281,44,30540.0,3588.6675,0
1707354900000,0.1175,0.1176,0.1175,0.1176,18855.0,1707355799999,2215.7677,36,7900.0,928.5509,0
1707355800000,0.1176,0.1177,0.1176,0.1176,34607.0,1707356699999,4072.1284,15,30905.0,3636.7732,0
1707356700000,0.1176,0.1176,0.1175,0.1176,24815.0,1707357599999,2918.0387,51,17205.0,2023.308,0
1707357600000,0.1175,0.1177,0.1175,0.1177,53894.0,1707358499999,6338.2422,88,50271.0,5912.5397,0
1707358500000,0.1177,0.1178,0.1176,0.1178,5565.0,1707359399999,655.411,11,5342.0,629.1862,0
1707359400000,0.1178,0.1178,0.1176,0.1176,5119.0,1707360299999,602.5733,14,4012.0,472.3356,0
1707360300000,0.1177,0.118,0.1176,0.1179,34612.0,1707361199999,4077.2875,83,18946.0,2233.5266,0
1707361200000,0.1177,0.1179,0.1176,0.1177,16114.0,1707362099999,1898.1739,38,9060.0,1067.9172,0
1707362100000,0.1178,0.1183,0.1177,0.1179,42524.0,1707362999999,5021.6018,82,24573.0,2903.007,0
1707363000000,0.1179,0.1179,0.1177,0.1179,3093.0,1707363899999,364.5511,12,2550.0,300.64,0
1707363900000,0.1179,0.118,0.1176,0.1177,32356.0,1707364799999,3814.8933,44,23914.0,2820.9232,0
1707364800000,0.1178,0.1178,0.1176,0.1176,27060.0,1707365699999,3184.4755,52,9162.0,1078.9585,0
1707365700000,0.1177,0.118,0.1175,0.1177,20937.0,1707366599999,2465.9672,35,14037.0,1654.4687,0
1707366600000,0.1177,0.1178,0.1176,0.1177,13506.0,1707367499999,1588.6686,20,585.0,68.8706,0
1707367500000,0.1176,0.1177,0.1175,0.1177,21574.0,1707368399999,2535.4481,31,1919.0,225.8663,0
1707368400000,0.1176,0.1178,0.1175,0.1176,9555.0,1707369299999,1123.8954,24,3965.0,466.8618,0
1707369300000,0.1176,0.1177,0.1175,0.1177,9940.0,1707370199999,1168.3783,15,2186.0,257.096,0
1707370200000,0.1176,0.1183,0.1176,0.1182,63248.0,1707371099999,7467.2528,56,56583.0,6680.0376,0
1707371100000,0.1182,0.1185,0.1182,0.1182,86813.0,1707371999999,10273.2144,151,33472.0,3961.0835,0
1707372000000,0.1182,0.1187,0.1177,0.1184,166439.0,1707372899999,19702.1541,125,80299.0,9506.7634,0
1707372900000,0.1183,0.1185,0.118,0.118,12853.0,1707373799999,1519.2027,31,830.0,98.1673,0
1707373800000,0.118,0.1182,0.1175,0.118,122468.0,1707374699999,14416.8257,51,7698.0,908.4696,0
1707374700000,0.1178,0.118,0.1176,0.1177,5633.0,1707375599999,663.4685,30,2801.0,330.3832,0
1707375600000,0.1178,0.1178,0.1173,0.1175,26879.0,1707376499999,3156.8243,44,1185.0,139.3884,0
1707376500000,0.1174,0.1177,0.1174,0.1175,6501.0,1707377399999,764.2902,9,5293.0,622.4615,0
1707377400000,0.1177,0.1192,0.1177,0.1184,254330.0,1707378299999,30201.2568,148,160245.0,19011.2479,0
1707378300000,0.1185,0.1185,0.1181,0.1184,13305.0,1707379199999,1574.4603,42,11034.0,1306.1391,0
1707379200000,0.1182,0.1188,0.1181,0.1188,23693.0,1707380099999,2811.1446,38,22705.0,2694.1569,0
1707380100000,0.1187,0.1187,0.1185,0.1187,2347.0,1707380999999,278.3694,17,850.0,100.887,0
1707381000000,0.1185,0.1188,0.1185,0.1186,1271.0,1707381899999,150.8284,16,368.0,43.6955,0
1707381900000,0.1187,0.1199,0.1186,0.1192,155446.0,1707382799999,18532.031,155,111141.0,13266.9562,0
1707382800000,0.1191,0.1191,0.1188,0.119,5776.0,1707383699999,687.2131,26,2418.0,287.832,0
1707383700000,0.119,0.119,0.1179,0.1188,191034.0,1707384599999,22609.1623,121,69839.0,8257.017,0
1707384600000,0.1186,0.1187,0.1182,0.1187,52599.0,1707385499999,6227.2434,48,25346.0,3001.6392,0
1707385500000,0.1186,0.1189,0.1182,0.1188,29127.0,1707386399999,3453.5176,70,15505.0,1840.2518,0
1707386400000,0.1188,0.1198,0.1185,0.1195,160484.0,1707387299999,19147.6715,216,116696.0,13920.9922,0
1707387300000,0.1194,0.1194,0.119,0.1193,37949.0,1707388199999,4524.8349,53,21126.0,2518.9989,0
1707388200000,0.1192,0.1195,0.119,0.1195,29503.0,1707389099999,3517.6339,51,15130.0,1806.0943,0
1707389100000,0.1191,0.1198,0.1188,0.1195,121126.0,1707389999999,14455.979,180,63195.0,7552.0898,0
1707390000000,0.1195,0.1196,0.119,0.1194,21141.0,1707390899999,2520.4801,57,8175.0,975.4054,0
1707390900000,0.1192,0.1195,0.1181,0.1191,153134.0,1707391799999,18206.8657,209,63453.0,7555.7202,0
1707391800000,0.1191,0.1193,0.1189,0.1193,34114.0,1707392699999,4064.4458,65,25459.0,3034.0954,0
1707392700000,0.1193,0.1194,0.1189,0.1193,31220.0,1707393599999,3722.9695,69,16496.0,1967.8586,0
1707393600000,0.1193,0.1194,0.119,0.1193,20939.0,1707394499999,2497.3948,38,16397.0,1956.4994,0
1707394500000,0.1194,0.1195,0.1191,0.1195,16554.0,1707395399999,1975.9421,27,13587.0,1622.0041,0
1707395400000,0.1193,0.1195,0.119,0.1195,32555.0,1707396299999,3882.2213,50,19385.0,2312.7839,0
1707396300000,0.1194,0.1195,0.1187,0.1193,91924.0,1707397199999,10959.5607,93,47331.0,5647.8029,0
1707397200000,0.1192,0.1194,0.1192,0.1193,18166.0,1707398099999,2167.4897,35,15382.0,1835.6304,0
1707398100000,0.1194,0.1194,0.119,0.1192,46705.0,1707398999999,5568.8252,41,10454.0,1247.5029,0
1707399000000,0.119,0.119,0.1184,0.119,107717.0,1707399899999,12785.2996,90,44675.0,5305.5526,0
1707399900000,0.1188,0.1192,0.1188,0.1192,23420.0,1707400799999,2787.0429,42,17026.0,2026.2406,0
1707400800000,0.1192,0.1194,0.119,0.1194,50400.0,1707401699999,6008.6128,88,29116.0,3471.8806,0
1707401700000,0.1193,0.1194,0.119,0.1193,80936.0,1707402599999,9657.2017,35,62014.0,7403.5549,0
1707402600000,0.1192,0.1194,0.1189,0.1192,46783.0,1707403499999,5577.6189,72,30437.0,3630.4279,0
1707403500000,0.1191,0.1198,0.1191,0.1195,90823.0,1707404399999,10841.7951,60,64569.0,7712.7771,0
1707404400000,0.1196,0.1197,0.1191,0.1194,55791.0,1707405299999,6661.0948,78,22749.0,2718.0314,0
1707405300000,0.1194,0.1199,0.1194,0.1197,35812.0,1707406199999,4287.7842,51,18503.0,2215.6334,0
1707406200000,0.1199,0.1199,0.1194,0.1197,47428.0,1707407099999,5669.6999,34,7344.0,879.4377,0
1707407100000,0.1196,0.1198,0.1194,0.1198,25094.0,1707407999999,3002.8752,50,15776.0,1889.2197,0
1707408000000,0.1198,0.12,0.1196,0.1197,40107.0,1707408899999,4808.3647,69,35235.0,4225.3584,0
1707408900000,0.1197,0.1198,0.1192,0.1196,36055.0,1707409799999,4307.5396,45,12592.0,1506.0616,0
1707409800000,0.1196,0.1197,0.1191,0.1192,32981.0,1707410699999,3939.2028,48,13901.0,1660.0994,0
1707410700000,0.1192,0.1196,0.1188,0.1194,188416.0,1707411599999,22458.1949,175,124404.0,14829.6738,0
1707411600000,0.1191,0.1194,0.1187,0.119,39474.0,1707412499999,4695.5264,49,7092.0,845.2307,0
1707412500000,0.1189,0.1191,0.1188,0.1191,32423.0,1707413399999,3854.3488,30,29448.0,3500.7109,0
1707413400000,0.1193,0.1196,0.1192,0.1195,10481.0,1707414299999,1251.2111,12,3851.0,459.6554,0
1707414300000,0.1193,0.1196,0.1191,0.1192,20434.0,1707415199999,2437.8923,40,8308.0,991.7258,0
1707415200000,0.1192,0.1199,0.1178,0.1191,147481.0,1707416099999,17531.3771,150,50777.0,6056.3847,0
1707416100000,0.119,0.1191,0.1184,0.1189,103904.0,1707416999999,12344.4819,39,92658.0,11009.7024,0
1707417000000,0.1188,0.119,0.1187,0.119,41907.0,1707417899999,4982.8965,27,32136.0,3821.7142,0
1707417900000,0.1189,0.119,0.1187,0.119,11724.0,1707418799999,1394.7465,33,11214.0,1334.2095,0
1707418800000,0.119,0.119,0.1187,0.1189,21173.0,1707419699999,2516.436,30,7569.0,900.4878,0
1707419700000,0.119,0.119,0.1189,0.1189,11685.0,1707420599999,1390.4759,7,11294.0,1343.986,0
1707420600000,0.119,0.1191,0.1187,0.119,137362.0,1707421499999,16351.0493,41,130958.0,15589.2454,0
1707421500000,0.119,0.119,0.1186,0.1187,16703.0,1707422399999,1985.642,31,2515.0,299.285,0
1707422400000,0.1189,0.119,0.1186,0.1189,16369.0,1707423299999,1944.95,29,12138.0,1442.7366,0
1707423300000,0.119,0.12,0.119,0.1197,85261.0,1707424199999,10192.9982,71,48991.0,5851.7978,0
1707424200000,0.1196,0.1196,0.1191,0.1192,26562.0,1707425099999,3169.0623,21,16914.0,2019.0711,0
1707425100000,0.1192,0.1195,0.119,0.1195,27243.0,1707425999999,3252.0047,37,20464.0,2443.1446,0
1707426000000,0.1195,0.1195,0.119,0.1192,17308.0,1707426899999,2063.8548,28,7755.0,925.0995,0
1707426900000,0.119,0.1195,0.119,0.1191,27632.0,1707427799999,3297.6246,29,15132.0,1805.9866,0
1707427800000,0.1191,0.1194,0.1191,0.1191,10682.0,1707428699999,1272.5897,11,1017.0,121.4298,0
1707428700000,0.1191,0.1196,0.1191,0.1196,11234.0,1707429599999,1341.1345,27,7558.0,902.4728,0
1707429600000,0.1196,0.1197,0.1192,0.1194,21559.0,1707430499999,2577.0617,30,14316.0,1712.3316,0
1707430500000,0.1195,0.1199,0.1194,0.1197,27781.0,1707431399999,3323.0291,29,11503.0,1376.9923,0
1707431400000,0.1197,0.1197,0.1194,0.1197,18527.0,1707432299999,2215.6734,19,5256.0,629.1432,0
1707432300000,0.1197,0.1198,0.1195,0.1198,6398.0,1707433199999,765.6032,21,4368.0,523.0182,0
1707433200000,0.1195,0.1199,0.1195,0.1196,22927.0,1707434099999,2746.7956,34,21915.0,2625.8417,0
1707434100000,0.1196,0.1199,0.1195,0.1197,35946.0,1707434999999,4307.9985,21,22116.0,2650.4161,0
1707435000000,0.1198,0.12,0.1197,0.12,39919.0,1707435899999,4789.2179,24,32995.0,3958.6708,0
1707435900000,0.1199,0.1199,0.119,0.119,94341.0,1707436799999,11273.4173,107,4250.0,508.4883,0
1707436800000,0.119,0.1197,0.119,0.1194,23728.0,1707437699999,2829.736,69,9295.0,1110.2595,0
1707437700000,0.1196,0.1197,0.1196,0.1196,16868.0,1707438599999,2017.5551,14,6145.0,735.0843,0
1707438600000,0.1196,0.1199,0.1196,0.1196,8307.0,1707439499999,993.7565,61,183.0,21.9372,0
1707439500000,0.1197,0.1197,0.1193,0.1196,9488.0,1707440399999,1133.5932,35,3822.0,457.355,0
1707440400000,0.1196,0.1197,0.1194,0.1197,7383.0,1707441299999,883.3213,18,6171.0,738.546,0
1707441300000,0.1197,0.1197,0.1197,0.1197,1931.0,1707442199999,231.1407,14,0.0,0.0,0
1707442200000,0.1197,0.1199,0.1196,0.1196,6906.0,1707443099999,827.5393,16,6557.0,785.7712,0
1707443100000,0.1196,0.1201,0.1196,0.1201,28101.0,1707443999999,3368.0654,44,24535.0,2941.2095,0
1707444000000,0.1199,0.1201,0.1197,0.1198,10510.0,1707444899999,1260.3051,28,4197.0,503.8196,0
1707444900000,0.1198,0.1202,0.1198,0.1201,15432.0,1707445799999,1853.0242,27,11916.0,1431.5068,0
1707445800000,0.1202,0.1213,0.1201,0.1205,124529.0,1707446699999,15027.0975,182,92506.0,11168.9891,0
1707446700000,0.1205,0.1211,0.1204,0.1208,33918.0,1707447599999,4098.4113,78,11749.0,1419.4483,0
1707447600000,0.121,0.1211,0.1207,0.121,51278.0,1707448499999,6205.5651,48,17882.0,2164.3435,0
1707448500000,0.1211,0.1212,0.1206,0.1206,20727.0,1707449399999,2504.4359,33,6222.0,751.7962,0
1707449400000,0.1207,0.1212,0.1206,0.1208,23442.0,1707450299999,2834.3018,37,7712.0,932.3714,0
1707450300000,0.1208,0.1212,0.1206,0.1208,37495.0,1707451199999,4538.4691,61,9324.0,1128.3009,0
1707451200000,0.1207,0.121,0.1205,0.1207,29855.0,1707452099999,3602.5159,26,10390.0,1256.1999,0
1707452100000,0.1207,0.1207,0.1205,0.1206,8908.0,1707452999999,1074.4344,13,4344.0,523.8864,0
1707453000000,0.1206,0.1212,0.1206,0.121,50253.0,1707453899999,6081.957,29,17821.0,2154.5618,0
1707453900000,0.1209,0.1212,0.1206,0.1209,16098.0,1707454799999,1947.0815,51,6278.0,759.7794,0
1707454800000,0.1209,0.1212,0.1207,0.121,9773.0,1707455699999,1182.0842,36,6133.0,742.1856,0
1707455700000,0.121,0.1212,0.1207,0.1209,51318.0,1707456599999,6204.7941,47,30714.0,3712.2748,0
1707456600000,0.1209,0.1214,0.1208,0.1212,55807.0,1707457499999,6761.8206,44,34859.0,4223.0822,0
1707457500000,0.1211,0.1213,0.1207,0.121,71332.0,1707458399999,8628.8932,85,28290.0,3424.3309,0
1707458400000,0.121,0.1211,0.1205,0.1209,35623.0,1707459299999,4303.6017,75,10223.0,1235.8964,0
1707459300000,0.1209,0.121,0.1207,0.1209,23306.0,1707460199999,2816.0515,31,16902.0,2042.4719,0
1707460200000,0.1209,0.1213,0.1209,0.1213,10982.0,1707461099999,1329.5177,20,7456.0,903.1657,0
1707461100000,0.1213,0.1216,0.121,0.1213,36395.0,1707461999999,4416.9586,93,22378.0,2716.8987,0
1707462000000,0.1213,0.1217,0.1211,0.1214,133771.0,1707462899999,16258.9818,66,106299.0,12926.605,0
1707462900000,0.1215,0.1217,0.1212,0.1215,62894.0,1707463799999,7634.2438,62,34998.0,4249.0198,0
1707463800000,0.1217,0.1217,0.1214,0.1217,11190.0,1707464699999,1361.4963,17,7393.0,899.672,0
1707464700000,0.1217,0.1218,0.1212,0.1216,71005.0,1707465599999,8635.6783,86,39851.0,4848.3838,0
1707465600000,0.1217,0.1218,0.1215,0.1217,21075.0,1707466499999,2565.6583,43,9983.0,1215.6526,0
1707466500000,0.1218,0.122,0.1215,0.122,93637.0,1707467399999,11411.8754,46,70477.0,8595.9678,0
1707467400000,0.1219,0.122,0.1218,0.1219,59257.0,1707468299999,7222.2308,30,13412.0,1636.264,0
1707468300000,0.1219,0.1223,0.1218,0.1221,84895.0,1707469199999,10361.2381,91,32199.0,3931.736,0
1707469200000,0.1223,0.1223,0.1218,0.1219,32319.0,1707470099999,3943.5053,57,4828.0,590.1278,0
1707470100000,0.1219,0.1222,0.1218,0.1221,53203.0,1707470999999,6484.2938,37,11006.0,1343.0028,0
1707471000000,0.1219,0.1221,0.1218,0.1221,12657.0,1707471899999,1544.1617,23,7125.0,869.9625,0
1707471900000,0.1221,0.1224,0.122,0.1222,48668.0,1707472799999,5946.2602,56,18635.0,2277.8743,0
1707472800000,0.122,0.1225,0.122,0.1223,14172.0,1707473699999,1732.0752,29,7673.0,938.2489,0
1707473700000,0.1223,0.1223,0.1221,0.1222,16687.0,1707474599999,2038.6538,27,13851.0,1692.3342,0
1707474600000,0.122,0.1225,0.1218,0.1218,78327.0,1707475499999,9556.1955,57,26985.0,3294.8696,0
1707475500000,0.1219,0.1222,0.1217,0.122,97272.0,1707476399999,11855.5342,66,17152.0,2094.1792,0
1707476400000,0.1222,0.1222,0.1216,0.1217,28069.0,1707477299999,3421.2983,33,4292.0,523.9512,0
1707477300000,0.1217,0.1227,0.1216,0.1218,152152.0,1707478199999,18584.6372,84,97983.0,11988.1497,0
1707478200000,0.1217,0.123,0.1217,0.1223,84903.0,1707479099999,10396.9006,86,48300.0,5915.7129,0
1707479100000,0.1225,0.1232,0.1219,0.1228,149649.0,1707479999999,18321.138,159,83792.0,10265.1409,0
1707480000000,0.1226,0.123,0.1223,0.1225,99458.0,1707480899999,12202.5925,92,23624.0,2899.5779,0
1707480900000,0.1225,0.1226,0.1223,0.1224,17293.0,1707481799999,2116.863,14,2076.0,254.2148,0
1707481800000,0.1222,0.124,0.122,0.1225,428895.0,1707482699999,52635.0471,207,248303.0,30569.0685,0
1707482700000,0.1227,0.1231,0.1225,0.1231,142700.0,1707483599999,17537.7772,107,52330.0,6431.3119,0
1707483600000,0.123,0.1247,0.1229,0.1238,340042.0,1707484499999,42015.5296,353,241659.0,29868.9731,0
1707484500000,0.1236,0.124,0.1233,0.1234,112196.0,1707485399999,13877.7614,88,70327.0,8702.0707,0
1707485400000,0.1236,0.1244,0.1235,0.1241,67325.0,1707486299999,8345.2564,92,48796.0,6049.6636,0
1707486300000,0.1241,0.1249,0.1236,0.1241,146026.0,1707487199999,18155.6244,223,82911.0,10317.3129,0
1707487200000,0.1238,0.1278,0.1234,0.126,1381788.0,1707488099999,174114.406,1156,1082449.0,136566.7922,0
1707488100000,0.1259,0.1264,0.123,0.1234,569039.0,1707488999999,70680.4413,582,141822.0,17670.15,0
1707489000000,0.1236,0.1245,0.1234,0.1237,124454.0,1707489899999,15416.3646,170,69161.0,8571.4886,0
1707489900000,0.1235,0.1247,0.1231,0.1242,201363.0,1707490799999,25003.4298,217,62134.0,7714.2536,0
1707490800000,0.1239,0.1241,0.1232,0.1234,160855.0,1707491699999,19842.9805,116,112809.0,13907.2576,0
1707491700000,0.1234,0.1252,0.1233,0.1249,191364.0,1707492599999,23829.1765,164,134237.0,16713.9446,0
1707492600000,0.1248,0.1269,0.1244,0.125,325971.0,1707493499999,40943.4881,347,247267.0,31077.9141,0
1707493500000,0.125,0.125,0.1237,0.1239,138459.0,1707494399999,17186.2243,150,68532.0,8503.4519,0
1707494400000,0.1239,0.125,0.1237,0.1241,160892.0,1707495299999,19993.026,185,88551.0,10997.9456,0
1707495300000,0.1244,0.1247,0.1225,0.1237,229509.0,1707496199999,28295.7366,225,54893.0,6801.5886,0
1707496200000,0.1238,0.1241,0.1236,0.1241,33581.0,1707497099999,4161.1273,43,24813.0,3075.9628,0
1707497100000,0.1238,0.124,0.1234,0.1237,33641.0,1707497999999,4161.3877,58,9617.0,1189.5724,0
1707498000000,0.1237,0.124,0.1236,0.1237,35878.0,1707498899999,4441.1971,84,26700.0,3306.0279,0
1707498900000,0.1239,0.1241,0.1238,0.1238,13019.0,1707499799999,1613.616,23,12010.0,1488.6211,0
1707499800000,0.1238,0.1246,0.1235,0.1236,170976.0,1707500699999,21217.7756,98,77144.0,9579.3825,0
1707500700000,0.1239,0.1246,0.1238,0.1246,49052.0,1707501599999,6091.405,95,41537.0,5159.3523,0
1707501600000,0.1246,0.1247,0.124,0.1247,81678.0,1707502499999,10171.9835,104,54198.0,6753.0559,0
1707502500000,0.1248,0.1251,0.1246,0.125,54015.0,1707503399999,6739.7084,64,31435.0,3924.5011,0
1707503400000,0.125,0.1251,0.1244,0.1247,60205.0,1707504299999,7506.5255,67,15066.0,1878.3487,0
1707504300000,0.1248,0.1248,0.1238,0.1242,49850.0,1707505199999,6191.1598,87,14583.0,1813.4152,0
1707505200000,0.1242,0.1245,0.1235,0.1235,108834.0,1707506099999,13501.7154,123,64915.0,8059.7818,0
1707506100000,0.1235,0.1238,0.1232,0.1238,33012.0,1707506999999,4076.848,47,10431.0,1290.1441,0
1707507000000,0.124,0.1247,0.124,0.1244,62919.0,1707507899999,7822.2098,104,32303.0,4014.1563,0
1707507900000,0.1244,0.1245,0.1237,0.1241,140074.0,1707508799999,17383.9339,142,48160.0,5972.9652,0
1707508800000,0.1241,0.125,0.124,0.1243,140214.0,1707509699999,17444.475,138,74919.0,9325.7339,0
1707509700000,0.1242,0.1244,0.124,0.1241,14099.0,1707510599999,1751.3752,24,11953.0,1484.9314,0
1707510600000,0.1242,0.1243,0.124,0.1241,17225.0,1707511499999,2139.7241,26,11305.0,1405.0269,0
1707511500000,0.1243,0.1249,0.124,0.1245,123395.0,1707512399999,15354.1495,139,68887.0,8574.4296,0
1707512400000,0.1243,0.1252,0.1243,0.125,120488.0,1707513299999,15041.5793,170,92016.0,11489.636,0
1707513300000,0.1251,0.1268,0.1251,0.1256,246003.0,1707514199999,31011.111,232,209251.0,26379.248,0
1707514200000,0.1256,0.1263,0.1253,0.1253,135452.0,1707515099999,17029.1773,82,33537.0,4212.0109,0
1707515100000,0.1251,0.1259,0.1251,0.1259,79136.0,1707515999999,9936.6471,98,51402.0,6459.4047,0
1707516000000,0.1256,0.1268,0.1251,0.1258,173076.0,1707516899999,21783.9397,259,102068.0,12862.9429,0
1707516900000,0.1258,0.1274,0.1258,0.1268,242558.0,1707517799999,30781.1006,190,154729.0,19630.3649,0
1707517800000,0.1268,0.1269,0.1251,0.1262,275365.0,1707518699999,34664.8969,170,63613.0,8022.5735,0
1707518700000,0.126,0.1263,0.1256,0.1256,51103.0,1707519599999,6432.0858,117,15596.0,1965.8106,0
1707519600000,0.1257,0.1264,0.1256,0.1261,58792.0,1707520499999,7410.0439,73,42804.0,5398.89,0
1707520500000,0.1262,0.1262,0.1259,0.1259,12209.0,1707521399999,1538.0548,17,8825.0,1111.3324,0
1707521400000,0.126,0.1263,0.1256,0.1259,38895.0,1707522299999,4892.3865,34,20926.0,2633.4182,0
1707522300000,0.1259,0.1265,0.1252,0.1264,154171.0,1707523199999,19438.5116,216,103001.0,12999.2569,0
1707523200000,0.1264,0.1265,0.1258,0.1262,61124.0,1707524099999,7714.7054,104,36405.0,4599.5744,0
1707524100000,0.1259,0.1267,0.1259,0.1263,28013.0,1707524999999,3537.6971,35,24023.0,3033.9462,0
1707525000000,0.1263,0.1264,0.1256,0.126,33977.0,1707525899999,4278.7715,35,9066.0,1143.9745,0
1707525900000,0.1262,0.1263,0.1255,0.1262,40085.0,1707526799999,5046.5309,78,18199.0,2290.8095,0
1707526800000,0.126,0.1264,0.1255,0.1257,63920.0,1707527699999,8046.3988,122,33127.0,4172.9641,0
1707527700000,0.1257,0.1259,0.1255,0.1258,24931.0,1707528599999,3135.038,28,13122.0,1651.239,0
1707528600000,0.1257,0.1261,0.1257,0.1261,15059.0,1707529499999,1895.531,29,7593.0,956.7435,0
1707529500000,0.1259,0.1272,0.1259,0.1267,159477.0,1707530399999,20183.1137,198,110029.0,13927.2528,0
1707530400000,0.1268,0.1268,0.1262,0.1267,46547.0,1707531299999,5893.3557,85,36284.0,4595.3596,0
1707531300000,0.1268,0.1271,0.1265,0.1265,84111.0,1707532199999,10645.3044,36,7669.0,972.1623,0
1707532200000,0.1266,0.1267,0.1265,0.1267,10631.0,1707533099999,1346.4976,10,9463.0,1198.7456,0
1707533100000,0.1265,0.1267,0.126,0.1266,29160.0,1707533999999,3687.7289,87,12248.0,1550.5391,0
1707534000000,0.1263,0.1268,0.1262,0.1267,68387.0,1707534899999,8647.5583,107,24496.0,3103.7153,0
1707534900000,0.1266,0.1268,0.1266,0.1266,8642.0,1707535799999,1094.4698,13,3094.0,392.093,0
1707535800000,0.1266,0.1275,0.1265,0.1273,90241.0,1707536699999,11473.7147,112,69362.0,8822.1799,0
1707536700000,0.1273,0.1274,0.1265,0.1266,93459.0,1707537599999,11870.0739,174,20986.0,2665.7518,0
1707537600000,0.1268,0.1272,0.1266,0.1268,14434.0,1707538499999,1831.9416,47,8501.0,1079.6349,0
1707538500000,0.1271,0.1273,0.1268,0.127,6303.0,1707539399999,801.0857,27,4629.0,588.7036,0
1707539400000,0.1271,0.1271,0.127,0.1271,2439.0,1707540299999,309.8416,10,1551.0,197.0656,0
1707540300000,0.1271,0.1272,0.1266,0.1268,46027.0,1707541199999,5847.3622,119,31692.0,4027.8813,0
1707541200000,0.1268,0.1271,0.1267,0.127,14989.0,1707542099999,1901.0442,48,2317.0,294.2558,0
1707542100000,0.1268,0.127,0.1266,0.1267,8836.0,1707542999999,1120.7341,16,6341.0,804.4774,0
1707543000000,0.1269,0.1269,0.1264,0.1269,10543.0,1707543899999,1334.287,21,5318.0,673.1652,0
1707543900000,0.1269,0.1269,0.1263,0.1266,23806.0,1707544799999,3013.8365,89,11800.0,1494.0955,0
1707544800000,0.1267,0.1275,0.1266,0.1268,58745.0,1707545699999,7463.1896,155,35946.0,4568.5361,0
1707545700000,0.1269,0.1271,0.1267,0.1268,7498.0,1707546599999,951.2407,23,2653.0,336.9235,0
1707546600000,0.1267,0.1269,0.1264,0.1265,40555.0,1707547499999,5131.1402,58,24188.0,3060.1907,0
1707547500000,0.1267,0.1269,0.1264,0.1267,31006.0,1707548399999,3927.9296,94,15567.0,1972.4319,0
1707548400000,0.1267,0.1268,0.1259,0.1262,61424.0,1707549299999,7755.5771,147,22610.0,2857.017,0
1707549300000,0.1262,0.1263,0.1257,0.1259,46877.0,1707550199999,5907.8329,66,19974.0,2519.5117,0
1707550200000,0.126,0.1262,0.1257,0.1261,19254.0,1707551099999,2425.0378,31,6683.0,842.6755,0
1707551100000,0.126,0.1263,0.1258,0.1258,29811.0,1707551999999,3756.5984,69,11525.0,1453.1019,0
1707552000000,0.1259,0.126,0.1255,0.126,80008.0,1707552899999,10056.9805,92,42515.0,5346.6236,0
1707552900000,0.126,0.126,0.1257,0.1258,9912.0,1707553799999,1246.7237,10,459.0,57.7672,0
1707553800000,0.1258,0.1258,0.1254,0.1254,60277.0,1707554699999,7570.3512,58,25845.0,3247.9838,0
1707554700000,0.1255,0.1255,0.1242,0.1244,201831.0,1707555599999,25204.2646,209,75442.0,9426.0849,0
1707555600000,0.1244,0.1252,0.1242,0.1249,64298.0,1707556499999,8015.3472,94,50704.0,6318.8674,0
1707556500000,0.1249,0.1249,0.1244,0.1248,91119.0,1707557399999,11352.1368,39,53337.0,6647.8517,0
1707557400000,0.125,0.1255,0.1249,0.1255,193176.0,1707558299999,24162.793,107,153933.0,19259.7515,0
1707558300000,0.1255,0.1256,0.125,0.1251,178632.0,1707559199999,22398.285,196,109962.0,13792.2096,0
1707559200000,0.1251,0.1257,0.1251,0.1255,150515.0,1707560099999,18876.9707,139,91774.0,11512.2751,0
1707560100000,0.1255,0.1264,0.1255,0.1256,108039.0,1707560999999,13606.8669,108,57490.0,7239.3463,0
1707561000000,0.1256,0.1261,0.125,0.125,66540.0,1707561899999,8347.9041,66,20189.0,2535.3455,0
1707561900000,0.1249,0.1249,0.1235,0.1236,403948.0,1707562799999,50053.6519,239,261985.0,32451.9353,0
1707562800000,0.1236,0.1245,0.1236,0.124,114690.0,1707563699999,14212.1019,142,46163.0,5721.5595,0
1707563700000,0.1242,0.1249,0.1241,0.1248,120299.0,1707564599999,14989.0772,103,86754.0,10811.7901,0
1707564600000,0.1248,0.125,0.1241,0.1249,127726.0,1707565499999,15911.0792,94,51181.0,6385.1243,0
1707565500000,0.1248,0.1255,0.1245,0.1249,83363.0,1707566399999,10413.9588,162,53567.0,6696.4744,0
1707566400000,0.1249,0.1251,0.1246,0.1251,42615.0,1707567299999,5324.2349,64,35827.0,4477.1889,0
1707567300000,0.1251,0.1255,0.125,0.1253,54315.0,1707568199999,6802.4489,58,36611.0,4588.1798,0
1707568200000,0.1253,0.1255,0.125,0.125,56935.0,1707569099999,7134.687,59,30589.0,3837.4606,0
1707569100000,0.125,0.1257,0.1246,0.1249,78475.0,1707569999999,9826.9899,163,55385.0,6940.2978,0
1707570000000,0.125,0.126,0.1249,0.1255,86244.0,1707570899999,10837.3525,155,67438.0,8476.8214,0
1707570900000,0.1255,0.126,0.1253,0.1258,168067.0,1707571799999,21144.6702,136,106799.0,13436.5326,0
1707571800000,0.1258,0.126,0.1257,0.126,154289.0,1707572699999,19433.2914,85,122021.0,15372.205,0
1707572700000,0.1259,0.1278,0.1257,0.1278,258307.0,1707573599999,32768.2218,401,184285.0,23386.3767,0
1707573600000,0.1278,0.1279,0.1266,0.1273,383770.0,1707574499999,48864.3882,415,115451.0,14704.7377,0
1707574500000,0.1272,0.1273,0.1265,0.1267,92650.0,1707575399999,11755.4841,126,21506.0,2728.4612,0
1707575400000,0.1267,0.1274,0.1267,0.1271,42848.0,1707576299999,5442.1827,77,19093.0,2424.6551,0
1707576300000,0.1274,0.1287,0.127,0.1273,217294.0,1707577199999,27754.0085,427,149900.0,19155.1865,0
1707577200000,0.1273,0.1289,0.1272,0.1281,146956.0,1707578099999,18861.0754,343,90495.0,11615.8006,0
1707578100000,0.1281,0.135,0.128,0.1334,2056364.0,1707578999999,271663.14,2306,1328274.0,175456.2644,0
1707579000000,0.1332,0.1334,0.1285,0.1305,866081.0,1707579899999,112972.8793,1027,369875.0,48242.7032,0
1707579900000,0.1304,0.1315,0.1291,0.1315,789766.0,1707580799999,103054.8356,488,514877.0,67315.1872,0
1707580800000,0.1315,0.1326,0.13,0.1307,643333.0,1707581699999,84393.2399,863,331131.0,43448.3653,0
1707581700000,0.1308,0.132,0.1308,0.131,199106.0,1707582599999,26111.5691,228,110453.0,14495.2768,0
1707582600000,0.1309,0.1312,0.1303,0.1311,156608.0,1707583499999,20475.4179,120,51460.0,6738.7377,0
1707583500000,0.131,0.1311,0.1292,0.1303,466766.0,1707584399999,60770.7842,511,169015.0,22026.0784,0
1707584400000,0.1301,0.1309,0.13,0.1305,287692.0,1707585299999,37509.1694,247,76247.0,9959.0836,0
1707585300000,0.1307,0.1312,0.1273,0.1278,1216218.0,1707586199999,156745.1471,604,173488.0,22420.4962,0
1707586200000,0.1279,0.129,0.1277,0.1287,385081.0,1707587099999,49402.3679,346,143022.0,18366.9164,0
1707587100000,0.1287,0.1292,0.128,0.1284,302510.0,1707587999999,38888.923,262,121235.0,15614.9843,0
1707588000000,0.1284,0.1292,0.1283,0.1287,124503.0,1707588899999,16025.7766,128,60222.0,7760.2864,0
1707588900000,0.1288,0.1292,0.1282,0.1287,101125.0,1707589799999,13009.955,85,69820.0,8980.3087,0
1707589800000,0.1287,0.1288,0.128,0.1283,68371.0,1707590699999,8774.3907,85,19671.0,2526.0511,0
1707590700000,0.1282,0.1286,0.128,0.1281,55492.0,1707591599999,7116.0987,99,23349.0,2997.5711,0
1707591600000,0.1281,0.1284,0.1279,0.1282,31641.0,1707592499999,4054.8311,64,14079.0,1805.4424,0
1707592500000,0.1281,0.1286,0.1281,0.1284,52256.0,1707593399999,6709.6828,82,18977.0,2437.7914,0
1707593400000,0.1284,0.1309,0.1282,0.1308,519257.0,1707594299999,67345.7872,310,403197.0,52282.9697,0
1707594300000,0.1306,0.1306,0.1288,0.1294,264245.0,1707595199999,34307.5049,248,148911.0,19339.8147,0
1707595200000,0.1293,0.1309,0.1289,0.13,273914.0,1707596099999,35526.2202,324,147542.0,19144.549,0
1707596100000,0.1302,0.1302,0.1292,0.1293,80401.0,1707596999999,10409.2988,132,49117.0,6358.3384,0
1707597000000,0.1293,0.13,0.1292,0.1297,93038.0,1707597899999,12049.396,136,65722.0,8512.3913,0
1707597900000,0.1297,0.13,0.1293,0.1297,52148.0,1707598799999,6765.7704,127,29299.0,3802.8358,0
1707598800000,0.1296,0.13,0.1288,0.1293,156561.0,1707599699999,20266.8689,217,47818.0,6199.9569,0
1707599700000,0.1293,0.1295,0.1287,0.1292,121326.0,1707600599999,15651.976,83,19192.0,2479.5595,0
1707600600000,0.1293,0.1295,0.1289,0.1291,33454.0,1707601499999,4322.0583,41,23006.0,2972.8779,0
1707601500000,0.1289,0.1298,0.1289,0.1289,85957.0,1707602399999,11115.1947,96,50593.0,6549.1814,0
1707602400000,0.1288,0.129,0.1284,0.1286,53110.0,1707603299999,6838.858,91,19121.0,2463.1881,0
1707603300000,0.1288,0.129,0.1285,0.1285,13333.0,1707604199999,1717.5229,24,7745.0,998.1685,0
1707604200000,0.1287,0.1287,0.1283,0.1283,38140.0,1707605099999,4899.9955,42,14502.0,1865.1909,0
1707605100000,0.1286,0.1288,0.1283,0.1285,10498.0,1707605999999,1349.8247,38,5324.0,685.2767,0
1707606000000,0.1287,0.129,0.1285,0.129,53172.0,1707606899999,6850.1888,75,28512.0,3673.4497,0
1707606900000,0.1288,0.129,0.1283,0.1288,43483.0,1707607799999,5595.9726,64,27610.0,3553.9657,0
1707607800000,0.1287,0.1289,0.1285,0.1287,24505.0,1707608699999,3150.0241,39,10449.0,1342.8281,0
1707608700000,0.1284,0.1288,0.1284,0.1285,13651.0,1707609599999,1755.7704,33,5407.0,696.4216,0
1707609600000,0.1285,0.1289,0.1284,0.1286,37122.0,1707610499999,4770.5465,50,16723.0,2149.8069,0
1707610500000,0.1285,0.1285,0.1284,0.1284,25557.0,1707611399999,3283.5837,44,46.0,5.911,0
1707611400000,0.1285,0.1292,0.1285,0.1292,96163.0,1707612299999,12375.1328,48,84769.0,10905.0478,0
1707612300000,0.129,0.1292,0.1286,0.1289,24551.0,1707613199999,3166.601,49,16835.0,2172.0741,0
1707613200000,0.1289,0.1292,0.1288,0.1291,8770.0,1707614099999,1131.0784,35,2572.0,332.1031,0
1707614100000,0.1292,0.1297,0.1292,0.1297,37276.0,1707614999999,4824.7224,72,27653.0,3579.4417,0
1707615000000,0.1295,0.1298,0.1287,0.129,41660.0,1707615899999,5391.8747,37,15906.0,2060.8503,0
1707615900000,0.129,0.129,0.1285,0.1285,54168.0,1707616799999,6976.6787,90,26522.0,3417.5321,0
1707616800000,0.1286,0.1287,0.1284,0.1287,73009.0,1707617699999,9389.169,61,53089.0,6831.1244,0
1707617700000,0.1289,0.129,0.1287,0.129,20384.0,1707618599999,2626.0369,28,3424.0,441.5004,0
1707618600000,0.129,0.129,0.1287,0.129,721.0,1707619499999,92.9806,6,643.0,82.942,0
1707619500000,0.1287,0.1289,0.1286,0.1286,19697.0,1707620399999,2535.5931,33,6451.0,830.7471,0
1707620400000,0.1287,0.129,0.1286,0.129,13744.0,1707621299999,1768.9249,36,422.0,54.4149,0
1707621300000,0.1288,0.1289,0.1286,0.1289,10557.0,1707622199999,1358.6535,20,2457.0,316.566,0
1707622200000,0.1288,0.1291,0.1288,0.129,19994.0,1707623099999,2577.6229,29,9720.0,1253.973,0
1707623100000,0.1289,0.1294,0.1288,0.1292,62156.0,1707623999999,8030.3649,41,53901.0,6965.0386,0
1707624000000,0.1293,0.1298,0.1293,0.1296,54274.0,1707624899999,7036.7386,88,24430.0,3167.6025,0
1707624900000,0.1295,0.1297,0.1295,0.1297,23516.0,1707625799999,3047.203,19,13797.0,1788.5127,0
1707625800000,0.1297,0.1299,0.1296,0.1297,26211.0,1707626699999,3401.0581,46,14604.0,1896.1586,0
1707626700000,0.1297,0.1297,0.1293,0.1295,58371.0,1707627599999,7562.4948,51,13888.0,1799.2316,0
1707627600000,0.1294,0.1294,0.1291,0.1291,17479.0,1707628499999,2258.7954,38,2266.0,293.2204,0
1707628500000,0.1292,0.1294,0.1292,0.1292,16688.0,1707629399999,2157.1897,26,5435.0,702.806,0
1707629400000,0.1292,0.1293,0.1287,0.1287,64192.0,1707630299999,8276.9857,68,26571.0,3427.6644,0
1707630300000,0.1287,0.129,0.1285,0.1289,23541.0,1707631199999,3030.2786,65,12080.0,1555.8773,0
1707631200000,0.1289,0.129,0.1278,0.1278,272933.0,1707632099999,34991.7469,222,43502.0,5577.9636,0
1707632100000,0.1278,0.1279,0.1275,0.1277,56243.0,1707632999999,7180.8105,71,8050.0,1028.8436,0
1707633000000,0.1277,0.128,0.1275,0.1278,127845.0,1707633899999,16321.4243,68,31532.0,4030.3154,0
1707633900000,0.1279,0.1279,0.1275,0.1278,15575.0,1707634799999,1989.1682,57,6825.0,872.2805,0
1707634800000,0.1278,0.1281,0.1275,0.128,47336.0,1707635699999,6052.7229,54,38117.0,4874.7902,0
1707635700000,0.1279,0.1281,0.1276,0.128,19104.0,1707636599999,2440.9835,43,9397.0,1201.0102,0
1707636600000,0.1279,0.128,0.1276,0.1278,16852.0,1707637499999,2153.6527,32,9579.0,1224.5011,0
1707637500000,0.1278,0.1279,0.1277,0.1279,10891.0,1707638399999,1391.8078,36,5219.0,667.4934,0
1707638400000,0.1279,0.1281,0.1276,0.128,56026.0,1707639299999,7164.1744,64,31058.0,3976.0491,0
1707639300000,0.128,0.128,0.1278,0.1278,3742.0,1707640199999,478.5746,17,1380.0,176.58,0
1707640200000,0.1278,0.1282,0.1276,0.1282,59891.0,1707641099999,7664.2982,66,48883.0,6257.3398,0
1707641100000,0.1281,0.1282,0.1276,0.1279,32861.0,1707641999999,4204.385,49,13566.0,1736.4211,0
1707642000000,0.1278,0.1283,0.1277,0.1278,57328.0,1707642899999,7334.1698,72,28286.0,3621.8697,0
1707642900000,0.1278,0.1289,0.1276,0.1287,68846.0,1707643799999,8843.4057,85,63533.0,8162.9787,0
1707643800000,0.1287,0.1292,0.1287,0.1287,78568.0,1707644699999,10130.5568,68,73208.0,9439.6888,0
1707644700000,0.1287,0.1291,0.1286,0.1289,51491.0,1707645599999,6634.9166,91,25214.0,3249.4203,0
1707645600000,0.1287,0.1289,0.1286,0.1289,52072.0,1707646499999,6705.7274,94,37843.0,4874.1744,0
1707646500000,0.1289,0.129,0.1287,0.1287,13867.0,1707647399999,1786.4601,31,6904.0,890.1781,0
1707647400000,0.1288,0.1292,0.1288,0.1288,35407.0,1707648299999,4569.8975,41,14800.0,1911.3651,0
1707648300000,0.129,0.1291,0.1287,0.1289,76671.0,1707649199999,9883.6469,136,45742.0,5898.9584,0
1707649200000,0.1288,0.129,0.1287,0.1287,24508.0,1707650099999,3157.1805,51,11797.0,1520.6147,0
1707650100000,0.1289,0.1296,0.1288,0.1295,127655.0,1707650999999,16501.2813,62,120403.0,15562.6325,0
1707651000000,0.1294,0.1294,0.1291,0.1293,22224.0,1707651899999,2874.2789,29,8097.0,1047.6922,0
1707651900000,0.1293,0.1294,0.1291,0.1291,50118.0,1707652799999,6474.5965,69,4823.0,623.5649,0
1707652800000,0.1291,0.1293,0.1288,0.129,27570.0,1707653699999,3555.7452,66,13360.0,1723.0606,0
1707653700000,0.129,0.129,0.1287,0.1288,22434.0,1707654599999,2889.5418,44,4825.0,621.703,0
1707654600000,0.1287,0.1287,0.1283,0.1283,94909.0,1707655499999,12206.9615,42,5869.0,754.7218,0
1707655500000,0.1283,0.1285,0.1279,0.1282,72224.0,1707656399999,9252.11,164,7487.0,960.4574,0
1707656400000,0.1281,0.1283,0.1279,0.1283,56654.0,1707657299999,7260.5333,75,24876.0,3190.5082,0
1707657300000,0.1283,0.1284,0.1276,0.1276,71470.0,1707658199999,9137.5413,77,11941.0,1528.6489,0
1707658200000,0.1276,0.1279,0.1272,0.1277,167075.0,1707659099999,21293.3737,130,42721.0,5451.7269,0
1707659100000,0.1276,0.1278,0.1274,0.1276,46931.0,1707659999999,5991.0968,120,36032.0,4601.1942,0
1707660000000,0.1275,0.1282,0.1271,0.1271,132125.0,1707660899999,16881.885,136,71413.0,9137.3771,0
1707660900000,0.1272,0.1277,0.1272,0.1275,23183.0,1707661799999,2954.9875,42,16002.0,2039.0105,0
1707661800000,0.1275,0.1279,0.1267,0.1273,134743.0,1707662699999,17139.1099,116,22266.0,2839.0115,0
1707662700000,0.1273,0.1275,0.1267,0.1274,68762.0,1707663599999,8738.7334,105,32148.0,4089.907,0
1707663600000,0.1272,0.1287,0.1271,0.1273,308561.0,1707664499999,39469.6785,216,200414.0,25651.3552,0
1707664500000,0.1275,0.1275,0.1272,0.1274,39708.0,1707665399999,5058.5792,51,20590.0,2623.3216,0
1707665400000,0.1273,0.1276,0.1271,0.1275,78189.0,1707666299999,9955.1123,78,36988.0,4714.5186,0
1707666300000,0.1274,0.1282,0.127,0.1281,97654.0,1707667199999,12465.7426,134,66627.0,8513.355,0
1707667200000,0.1281,0.1297,0.1279,0.128,163075.0,1707668099999,21010.6653,210,117021.0,15091.9023,0
1707668100000,0.1279,0.128,0.1273,0.128,33305.0,1707668999999,4252.5484,74,20252.0,2586.1303,0
1707669000000,0.1279,0.1279,0.1268,0.1276,62600.0,1707669899999,7966.7207,88,22009.0,2804.9167,0
1707669900000,0.1275,0.1285,0.1274,0.1277,88411.0,1707670799999,11301.3057,146,51120.0,6537.2117,0
1707670800000,0.1277,0.1289,0.1276,0.1281,145257.0,1707671699999,18634.3652,159,76948.0,9887.6531,0
1707671700000,0.1281,0.1281,0.1278,0.1281,7042.0,1707672599999,901.2921,15,2839.0,363.6759,0
1707672600000,0.1281,0.1281,0.1273,0.1276,95725.0,1707673499999,12211.0136,74,29832.0,3807.4266,0
1707673500000,0.1276,0.1281,0.1275,0.1281,146603.0,1707674399999,18736.754,111,125735.0,16070.3014,0
1707674400000,0.128,0.1289,0.128,0.1284,195359.0,1707675299999,25117.2043,87,21090.0,2708.1499,0
1707675300000,0.1284,0.1284,0.1274,0.1278,66221.0,1707676199999,8457.7965,89,12731.0,1627.0027,0
1707676200000,0.1274,0.1275,0.127,0.1275,64214.0,1707677099999,8165.2635,41,24512.0,3118.8191,0
1707677100000,0.1273,0.1279,0.1271,0.1279,33049.0,1707677999999,4216.5474,59,23397.0,2986.8986,0
1707678000000,0.1275,0.1291,0.1274,0.1278,139792.0,1707678899999,17955.8696,177,112905.0,14512.7881,0
1707678900000,0.1276,0.1287,0.1276,0.1279,27116.0,1707679799999,3474.1605,52,10950.0,1402.7137,0
1707679800000,0.1277,0.1282,0.1275,0.1279,45730.0,1707680699999,5844.9168,45,16085.0,2059.6572,0
1707680700000,0.1279,0.1283,0.1277,0.1278,18057.0,1707681599999,2311.6395,66,8434.0,1081.2423,0
1707681600000,0.1281,0.1285,0.1278,0.1284,21100.0,1707682499999,2705.7949,36,16249.0,2084.7942,0
1707682500000,0.1281,0.1285,0.1281,0.1284,837.0,1707683399999,107.375,4,200.0,25.7,0
1707683400000,0.1284,0.1287,0.128,0.1281,22958.0,1707684299999,2947.0607,54,589.0,75.7813,0
1707684300000,0.1283,0.1288,0.1269,0.1274,97289.0,1707685199999,12440.0838,163,37822.0,4843.9981,0
1707685200000,0.1271,0.1283,0.1271,0.1282,61699.0,1707686099999,7882.0418,87,47720.0,6097.1378,0
1707686100000,0.1282,0.1283,0.1278,0.1278,23175.0,1707686999999,2966.867,27,4394.0,563.5291,0
1707687000000,0.1277,0.1283,0.1276,0.1278,19394.0,1707687899999,2482.5009,36,11192.0,1433.3256,0
1707687900000,0.1281,0.1289,0.1276,0.1276,98020.0,1707688799999,12572.093,127,51592.0,6629.6362,0
1707688800000,0.1276,0.1282,0.1276,0.1281,12983.0,1707689699999,1660.2514,24,4804.0,615.1475,0
1707689700000,0.1281,0.1284,0.128,0.1284,6251.0,1707690599999,800.4139,12,508.0,65.2226,0
1707690600000,0.128,0.1283,0.128,0.1281,41529.0,1707691499999,5319.5879,17,7556.0,968.3044,0
1707691500000,0.1282,0.1285,0.1279,0.1283,16974.0,1707692399999,2176.4979,37,11218.0,1438.9705,0
1707692400000,0.1279,0.1283,0.1279,0.1282,3758.0,1707693299999,481.055,20,958.0,122.8319,0
1707693300000,0.128,0.1282,0.1274,0.1281,63322.0,1707694199999,8103.6707,89,39882.0,5108.8204,0
1707694200000,0.1281,0.1284,0.1271,0.1281,98798.0,1707695099999,12620.9134,113,29200.0,3734.2793,0
1707695100000,0.1278,0.1282,0.1277,0.1278,19035.0,1707695999999,2435.8167,52,3947.0,505.7746,0
1707696000000,0.128,0.1288,0.1279,0.1287,40031.0,1707696899999,5141.0447,64,33623.0,4321.1413,0
1707696900000,0.1288,0.1297,0.1286,0.1294,74322.0,1707697799999,9596.9841,118,55487.0,7161.1188,0
1707697800000,0.1293,0.1293,0.1288,0.1292,33206.0,1707698699999,4285.2405,58,9407.0,1214.3566,0
1707698700000,0.1293,0.13,0.1291,0.1298,33043.0,1707699599999,4281.3696,108,21875.0,2836.507,0
1707699600000,0.13,0.13,0.1289,0.1295,72478.0,1707700499999,9386.4832,113,31452.0,4075.0132,0
1707700500000,0.1295,0.1303,0.1295,0.1296,42988.0,1707701399999,5584.1079,80,20742.0,2693.1457,0
1707701400000,0.1295,0.1299,0.129,0.1291,71623.0,1707702299999,9257.3463,164,2898.0,374.9717,0
1707702300000,0.1292,0.1303,0.1292,0.1293,63642.0,1707703199999,8247.9667,95,47212.0,6120.6254,0
1707703200000,0.1298,0.13,0.129,0.1292,7767.0,1707704099999,1005.4576,30,4276.0,554.5088,0
1707704100000,0.129,0.1291,0.1286,0.1286,50029.0,1707704999999,6445.3289,51,15501.0,1998.1189,0
1707705000000,0.1286,0.1288,0.1272,0.1273,272521.0,1707705899999,34762.9566,147,85366.0,10876.1516,0
1707705900000,0.1272,0.1272,0.1265,0.1271,337748.0,1707706799999,42773.9198,139,33903.0,4302.0635,0
1707706800000,0.1269,0.1274,0.1265,0.1272,64367.0,1707707699999,8159.8343,61,5760.0,732.501,0
1707707700000,0.1272,0.1274,0.1269,0.1269,22141.0,1707708599999,2815.2997,39,2486.0,316.4007,0
1707708600000,0.127,0.1273,0.127,0.1271,49070.0,1707709499999,6232.2952,68,3515.0,446.8102,0
1707709500000,0.1272,0.1273,0.1264,0.1264,92311.0,1707710399999,11708.2287,98,11695.0,1482.0246,0
1707710400000,0.1267,0.1269,0.126,0.1261,116896.0,1707711299999,14776.4087,154,32199.0,4079.6059,0
1707711300000,0.1262,0.1263,0.126,0.1261,42582.0,1707712199999,5369.2454,32,24306.0,3065.3348,0
1707712200000,0.1261,0.1262,0.126,0.126,14297.0,1707713099999,1802.2674,29,1828.0,230.6936,0
1707713100000,0.1262,0.1263,0.1257,0.126,66181.0,1707713999999,8340.8275,177,36260.0,4575.4038,0
1707714000000,0.1257,0.1264,0.1257,0.1264,36918.0,1707714899999,4660.1665,82,34473.0,4352.6385,0
1707714900000,0.1264,0.1264,0.126,0.126,5210.0,1707715799999,656.6942,10,2355.0,296.9039,0
1707715800000,0.126,0.1262,0.1259,0.1262,24594.0,1707716699999,3098.3413,15,1269.0,160.1001,0
1707716700000,0.1261,0.1262,0.1257,0.1258,43069.0,1707717599999,5424.723,98,20300.0,2559.9705,0
1707717600000,0.1261,0.1263,0.1258,0.1261,34436.0,1707718499999,4343.4688,65,29607.0,3735.9452,0
1707718500000,0.1261,0.1263,0.1258,0.1259,44708.0,1707719399999,5636.3284,24,17353.0,2185.9345,0
1707719400000,0.1258,0.1262,0.1258,0.1258,32503.0,1707720299999,4096.0991,23,25455.0,3208.9098,0
1707720300000,0.1257,0.1257,0.1242,0.1254,288609.0,1707721199999,36047.4522,401,43553.0,5448.7484,0
1707721200000,0.1252,0.1257,0.1252,0.1255,45035.0,1707722099999,5651.6868,102,24488.0,3073.9587,0
1707722100000,0.1255,0.1258,0.1252,0.1256,122266.0,1707722999999,15336.6854,113,51275.0,6435.1269,0
1707723000000,0.1257,0.1264,0.1256,0.1263,79032.0,1707723899999,9964.7054,84,66239.0,8352.3388,0
1707723900000,0.1263,0.1265,0.1258,0.1263,46933.0,1707724799999,5923.0049,118,18368.0,2317.8926,0
1707724800000,0.1262,0.1264,0.1261,0.1262,19081.0,1707725699999,2409.3266,65,8622.0,1089.1435,0
1707725700000,0.1262,0.1262,0.126,0.126,43047.0,1707726599999,5425.3777,18,777.0,98.0574,0
1707726600000,0.1262,0.1263,0.1261,0.1263,18403.0,1707727499999,2322.8291,24,13463.0,1699.6951,0
1707727500000,0.1261,0.1261,0.1258,0.1261,43409.0,1707728399999,5470.2776,61,28221.0,3556.3753,0
1707728400000,0.126,0.1261,0.126,0.126,17716.0,1707729299999,2232.7987,31,5827.0,734.7847,0
1707729300000,0.126,0.1261,0.1257,0.1257,109035.0,1707730199999,13728.3257,70,54925.0,6917.8769,0
1707730200000,0.1259,0.1259,0.1254,0.1255,39277.0,1707731099999,4934.2406,31,15287.0,1919.9547,0
1707731100000,0.1255,0.1256,0.1248,0.1252,128097.0,1707731999999,16052.6958,118,28144.0,3520.2626,0
1707732000000,0.1252,0.1258,0.125,0.1258,69266.0,1707732899999,8682.5886,115,58519.0,7336.7091,0
1707732900000,0.1256,0.1256,0.1256,0.1256,5209.0,1707733799999,654.2504,8,0.0,0.0,0
1707733800000,0.1257,0.1257,0.1256,0.1257,23009.0,1707734699999,2890.3995,22,4584.0,576.2088,0
1707734700000,0.1257,0.1257,0.1255,0.1256,22281.0,1707735599999,2799.6949,66,16991.0,2135.3077,0
1707735600000,0.1256,0.1256,0.1251,0.1251,28785.0,1707736499999,3609.2819,80,19998.0,2508.6984,0
1707736500000,0.1251,0.1251,0.1246,0.1246,62220.0,1707737399999,7762.8163,61,26932.0,3359.3116,0
1707737400000,0.1246,0.125,0.1246,0.125,75794.0,1707738299999,9461.521,68,39725.0,4958.0518,0
1707738300000,0.125,0.1257,0.125,0.1255,59159.0,1707739199999,7420.8525,155,50475.0,6332.8761,0
1707739200000,0.1255,0.126,0.1254,0.1259,78470.0,1707740099999,9865.4447,79,72851.0,9159.2408,0
1707740100000,0.1259,0.1259,0.1258,0.1258,13264.0,1707740999999,1669.7156,12,167.0,21.0086,0
1707741000000,0.1258,0.1262,0.1257,0.1259,89926.0,1707741899999,11326.751,67,75808.0,9549.143,0
1707741900000,0.1259,0.126,0.1256,0.1259,56586.0,1707742799999,7115.1154,86,42248.0,5312.4174,0
1707742800000,0.1259,0.126,0.1258,0.1259,32647.0,1707743699999,4110.8327,51,24891.0,3134.6444,0
1707743700000,0.1259,0.126,0.1257,0.126,15939.0,1707744599999,2004.9889,28,1681.0,211.6314,0
1707744600000,0.1258,0.1258,0.1251,0.1256,215604.0,1707745499999,27046.1078,113,52081.0,6525.6793,0
1707745500000,0.1255,0.126,0.1254,0.126,40409.0,1707746399999,5080.6536,129,33935.0,4267.5656,0
1707746400000,0.1259,0.1264,0.1257,0.1263,90610.0,1707747299999,11418.106,132,81941.0,10326.3562,0
1707747300000,0.1262,0.1263,0.1259,0.1263,16048.0,1707748199999,2024.0289,27,9096.0,1147.7658,0
1707748200000,0.1263,0.1265,0.1262,0.1265,173936.0,1707749099999,21996.1228,70,159264.0,20142.5767,0
1707749100000,0.1264,0.1277,0.1264,0.1275,95670.0,1707749999999,12151.1576,217,66416.0,8439.1351,0
1707750000000,0.1277,0.1292,0.1274,0.1283,187419.0,1707750899999,24033.9179,393,133869.0,17165.6688,0
1707750900000,0.1283,0.1289,0.1273,0.1284,169374.0,1707751799999,21719.8791,188,56104.0,7200.1489,0
1707751800000,0.1284,0.1294,0.1275,0.1293,131489.0,1707752699999,16921.1798,183,68343.0,8819.4822,0
1707752700000,0.129,0.1295,0.1285,0.1289,288269.0,1707753599999,37170.498,266,156913.0,20256.6723,0
1707753600000,0.1289,0.1292,0.1281,0.1287,165387.0,1707754499999,21267.7544,225,82746.0,10651.5227,0
1707754500000,0.1286,0.1291,0.1281,0.1288,96067.0,1707755399999,12356.8171,109,33493.0,4310.8896,0
1707755400000,0.1289,0.1291,0.1288,0.1291,17920.0,1707756299999,2311.9087,25,17424.0,2248.0239,0
1707756300000,0.1289,0.1296,0.1284,0.1294,118778.0,1707757199999,15318.5769,183,78697.0,10158.916,0
1707757200000,0.1294,0.1296,0.1289,0.1294,64212.0,1707758099999,8302.1643,127,40373.0,5223.6588,0
1707758100000,0.1295,0.13,0.1293,0.1299,218567.0,1707758999999,28357.0611,133,89577.0,11626.7587,0
1707759000000,0.1298,0.1308,0.1296,0.1301,253094.0,1707759899999,32961.1532,238,147583.0,19235.5322,0
1707759900000,0.13,0.1308,0.1294,0.1299,193818.0,1707760799999,25170.3611,241,59809.0,7775.9049,0
1707760800000,0.1299,0.1301,0.1295,0.1295,106971.0,1707761699999,13881.0508,144,43849.0,5693.7947,0
1707761700000,0.1295,0.13,0.1293,0.13,43539.0,1707762599999,5644.4853,47,27117.0,3520.4672,0
1707762600000,0.13,0.1301,0.1267,0.1286,1224289.0,1707763499999,156721.4369,856,320735.0,41033.0387,0
1707763500000,0.1286,0.1291,0.128,0.1291,219796.0,1707764399999,28201.7728,196,84491.0,10865.5472,0
1707764400000,0.1291,0.1292,0.1287,0.129,62498.0,1707765299999,8063.2257,128,42874.0,5534.1736,0
1707765300000,0.129,0.1293,0.1286,0.1286,66068.0,1707766199999,8520.8287,73,28222.0,3644.3825,0
1707766200000,0.1287,0.1289,0.1284,0.1287,34493.0,1707767099999,4435.7104,46,5665.0,729.0028,0
1707767100000,0.1287,0.1287,0.1275,0.1278,108582.0,1707767999999,13903.9054,158,35064.0,4491.9502,0
1707768000000,0.1278,0.1285,0.1276,0.128,81870.0,1707768899999,10487.2414,145,42090.0,5393.5657,0
1707768900000,0.1281,0.1287,0.128,0.1287,120709.0,1707769799999,15494.921,60,98508.0,12642.1902,0
1707769800000,0.1288,0.1289,0.1283,0.1289,14983.0,1707770699999,1927.8312,32,9896.0,1274.2239,0
1707770700000,0.1288,0.129,0.1285,0.129,103952.0,1707771599999,13383.526,118,43268.0,5573.6306,0
1707771600000,0.129,0.1291,0.1285,0.129,52157.0,1707772499999,6722.7469,103,30838.0,3977.3224,0
1707772500000,0.1292,0.1293,0.1289,0.1289,25535.0,1707773399999,3299.7497,34,20909.0,2702.8873,0
1707773400000,0.1289,0.129,0.1286,0.1287,61568.0,1707774299999,7929.2351,57,24539.0,3159.5786,0
1707774300000,0.1289,0.129,0.1283,0.1285,53208.0,1707775199999,6842.9313,96,23283.0,2995.1442,0
1707775200000,0.1285,0.1285,0.1281,0.1281,65783.0,1707776099999,8436.4244,93,38562.0,4947.6939,0
1707776100000,0.1282,0.1285,0.1282,0.1285,5513.0,1707776999999,708.0749,18,5189.0,666.4547,0
1707777000000,0.1286,0.1287,0.1283,0.1285,52064.0,1707777899999,6691.2014,52,27091.0,3481.4924,0
1707777900000,0.1286,0.1288,0.1285,0.1285,46467.0,1707778799999,5976.1883,107,17349.0,2233.7702,0
1707778800000,0.1287,0.1292,0.1284,0.129,63054.0,1707779699999,8126.6698,122,43519.0,5612.3196,0
1707779700000,0.1287,0.1289,0.1286,0.1287,29182.0,1707780599999,3755.8118,42,19281.0,2482.1542,0
1707780600000,0.1285,0.1288,0.1285,0.1287,13813.0,1707781499999,1776.9581,23,9115.0,1173.0379,0
1707781500000,0.1287,0.129,0.1286,0.1289,56033.0,1707782399999,7218.4945,140,37698.0,4858.4593,0
1707782400000,0.1289,0.1295,0.1288,0.1295,74304.0,1707783299999,9601.664,161,64030.0,8275.8466,0
1707783300000,0.1295,0.1296,0.1293,0.1295,19520.0,1707784199999,2527.5828,34,13535.0,1753.1992,0
1707784200000,0.1293,0.1297,0.1293,0.1296,26559.0,1707785099999,3439.8064,74,15768.0,2042.9879,0
1707785100000,0.1296,0.1297,0.1292,0.1295,50043.0,1707785999999,6477.3085,126,25212.0,3265.7013,0
1707786000000,0.1295,0.1296,0.1291,0.1291,36455.0,1707786899999,4712.7898,102,11483.0,1485.577,0
1707786900000,0.1292,0.1292,0.1286,0.1291,84565.0,1707787799999,10899.4426,50,24074.0,3107.2172,0
1707787800000,0.129,0.1294,0.1285,0.1291,104845.0,1707788699999,13512.3744,104,34836.0,4497.457,0
1707788700000,0.129,0.1291,0.1281,0.1287,91853.0,1707789599999,11796.843,103,16549.0,2130.1307,0
1707789600000,0.1287,0.1289,0.1284,0.1284,37810.0,1707790499999,4866.6725,93,23088.0,2972.7214,0
1707790500000,0.1285,0.1287,0.1277,0.1279,266440.0,1707791399999,34109.7362,244,72999.0,9358.0311,0
1707791400000,0.1279,0.128,0.1274,0.1274,90669.0,1707792299999,11584.4615,102,12413.0,1585.1759,0
1707792300000,0.1276,0.1278,0.1274,0.1276,56539.0,1707793199999,7213.5791,124,25991.0,3317.4016,0
1707793200000,0.1275,0.1277,0.1272,0.1274,57797.0,1707794099999,7365.1528,127,30512.0,3890.7954,0
1707794100000,0.1276,0.1276,0.1274,0.1274,13506.0,1707794999999,1722.1478,28,3088.0,394.0288,0
1707795000000,0.1275,0.1275,0.1268,0.127,59881.0,1707795899999,7608.786,83,23493.0,2984.1927,0
1707795900000,0.1271,0.1273,0.1268,0.127,56025.0,1707796799999,7117.8396,146,43069.0,5473.2308,0
1707796800000,0.127,0.1277,0.127,0.1274,52630.0,1707797699999,6706.3211,102,42680.0,5439.1678,0
1707797700000,0.1274,0.1276,0.1274,0.1274,21498.0,1707798599999,2738.9654,18,14799.0,1885.5128,0
1707798600000,0.1275,0.1282,0.1271,0.128,69614.0,1707799499999,8890.0723,52,50716.0,6484.2783,0
1707799500000,0.1281,0.1283,0.1279,0.1282,21419.0,1707800399999,2743.9583,64,11612.0,1488.2102,0
1707800400000,0.128,0.1281,0.1277,0.1278,29455.0,1707801299999,3766.3388,55,8342.0,1067.7083,0
1707801300000,0.1278,0.1285,0.1277,0.128,44749.0,1707802199999,5735.9918,41,38673.0,4958.0364,0
1707802200000,0.1281,0.1281,0.1279,0.1281,5756.0,1707803099999,736.7009,12,1009.0,129.2529,0
1707803100000,0.1281,0.1292,0.1279,0.1287,158838.0,1707803999999,20468.1107,182,99436.0,12809.4359,0
1707804000000,0.1287,0.1293,0.1287,0.1289,66592.0,1707804899999,8594.8728,123,44887.0,5795.4263,0
1707804900000,0.129,0.1291,0.1287,0.1291,18443.0,1707805799999,2376.5161,27,4580.0,590.9973,0
1707805800000,0.129,0.1291,0.1286,0.1289,47282.0,1707806699999,6094.214,56,28320.0,3651.7224,0
1707806700000,0.1291,0.1294,0.1291,0.1293,68086.0,1707807599999,8799.5171,110,23584.0,3049.5203,0
1707807600000,0.1293,0.1294,0.1287,0.1294,112854.0,1707808499999,14577.57,98,35415.0,4577.024,0
1707808500000,0.1292,0.1295,0.129,0.1291,26321.0,1707809399999,3400.6202,28,19932.0,2575.3783,0
1707809400000,0.1292,0.13,0.1289,0.1294,75973.0,1707810299999,9831.0641,91,57121.0,7396.1987,0
1707810300000,0.1292,0.1297,0.1291,0.1297,24581.0,1707811199999,3182.4571,92,19762.0,2558.5676,0
1707811200000,0.1297,0.1299,0.1293,0.1298,64652.0,1707812099999,8384.8146,101,40626.0,5269.4676,0
1707812100000,0.1298,0.1298,0.1296,0.1298,7083.0,1707812999999,919.0075,12,5904.0,766.1212,0
1707813000000,0.1296,0.1298,0.1294,0.1297,18561.0,1707813899999,2406.4238,31,8205.0,1064.2272,0
1707813900000,0.1297,0.13,0.1294,0.13,114271.0,1707814799999,14840.9666,88,93862.0,12194.783,0
1707814800000,0.13,0.13,0.1296,0.1296,40156.0,1707815699999,5212.88,66,15250.0,1982.1226,0
1707815700000,0.1297,0.1298,0.1295,0.1298,19150.0,1707816599999,2482.2528,22,12831.0,1663.8653,0
1707816600000,0.1296,0.1298,0.129,0.1294,92269.0,1707817499999,11929.9386,64,19489.0,2522.2462,0
1707817500000,0.1295,0.1304,0.1294,0.1304,131813.0,1707818399999,17147.6113,190,111819.0,14549.9956,0
1707818400000,0.1304,0.1314,0.1298,0.1308,238705.0,1707819299999,31204.433,253,190426.0,24908.3684,0
1707819300000,0.131,0.131,0.1302,0.1308,68743.0,1707820199999,8987.4659,90,42044.0,5496.9867,0
1707820200000,0.131,0.132,0.1294,0.1299,494943.0,1707821099999,64803.6802,503,310750.0,40755.0433,0
1707821100000,0.13,0.1303,0.1295,0.1302,63711.0,1707821999999,8275.5533,181,23255.0,3022.932,0
1707822000000,0.1301,0.1303,0.1295,0.1296,48639.0,1707822899999,6320.3918,117,15435.0,2007.9218,0
1707822900000,0.1294,0.1296,0.1293,0.1293,7167.0,1707823799999,927.4828,17,1704.0,220.8315,0
1707823800000,0.1294,0.13,0.1293,0.1299,48544.0,1707824699999,6295.6012,41,35715.0,4633.782,0
1707824700000,0.1299,0.1305,0.1295,0.1303,90498.0,1707825599999,11764.3567,149,76606.0,9961.0083,0
1707825600000,0.1303,0.1304,0.1295,0.1304,346544.0,1707826499999,45060.6198,132,303486.0,39460.67,0
1707826500000,0.1304,0.1304,0.1299,0.1301,60178.0,1707827399999,7824.3143,24,4367.0,569.3718,0
1707827400000,0.1301,0.1301,0.1297,0.1297,260166.0,1707828299999,33797.1139,51,16764.0,2180.0558,0
1707828300000,0.1298,0.1299,0.1289,0.1291,196913.0,1707829199999,25453.9074,351,14270.0,1848.5451,0
1707829200000,0.1291,0.1292,0.1285,0.1286,134979.0,1707830099999,17386.3818,217,5013.0,646.4239,0
1707830100000,0.1286,0.1289,0.128,0.1282,49356.0,1707830999999,6340.5482,57,12086.0,1556.6838,0
1707831000000,0.1282,0.1291,0.1272,0.1278,393483.0,1707831899999,50415.3534,268,183510.0,23508.4847,0
1707831900000,0.1279,0.129,0.1278,0.1286,231792.0,1707832799999,29712.0727,245,214905.0,27546.6647,0
1707832800000,0.1286,0.1286,0.1275,0.1275,141556.0,1707833699999,18161.9232,144,9189.0,1181.2816,0
1707833700000,0.1274,0.1279,0.1265,0.1266,407711.0,1707834599999,51813.8043,165,121542.0,15451.2632,0
1707834600000,0.1266,0.1275,0.1263,0.1268,88849.0,1707835499999,11283.6737,91,52889.0,6723.0351,0
1707835500000,0.1271,0.1273,0.1259,0.1259,323407.0,1707836399999,40823.5495,247,196990.0,24858.2352,0
1707836400000,0.1259,0.1264,0.1257,0.1257,158585.0,1707837299999,19977.8909,181,34511.0,4353.4865,0
1707837300000,0.1257,0.127,0.1256,0.1269,62362.0,1707838199999,7863.8634,90,32636.0,4118.0925,0
1707838200000,0.1269,0.1273,0.1268,0.1272,101027.0,1707839099999,12836.9126,86,55884.0,7101.6023,0
1707839100000,0.1272,0.1276,0.127,0.127,168696.0,1707839999999,21483.2851,215,66245.0,8439.3298,0
1707840000000,0.127,0.1276,0.127,0.1273,48299.0,1707840899999,6147.9557,113,24250.0,3090.0889,0
1707840900000,0.1274,0.1277,0.127,0.1277,76159.0,1707841799999,9683.0195,51,25266.0,3216.2148,0
1707841800000,0.1276,0.1276,0.127,0.1271,20508.0,1707842699999,2609.0975,28,3027.0,386.1477,0
1707842700000,0.127,0.1272,0.127,0.127,106673.0,1707843599999,13551.773,121,27295.0,3469.6824,0
1707843600000,0.1271,0.1271,0.1265,0.1266,195122.0,1707844499999,24768.4627,108,23725.0,3009.3852,0
1707844500000,0.1269,0.1273,0.1266,0.127,112604.0,1707845399999,14287.3878,81,31569.0,4009.8506,0
1707845400000,0.127,0.1278,0.1269,0.1277,156085.0,1707846299999,19868.3083,102,138759.0,17662.9585,0
1707846300000,0.1276,0.1282,0.1273,0.1274,110557.0,1707847199999,14119.779,215,40781.0,5211.04,0
1707847200000,0.1274,0.1292,0.1274,0.1284,312698.0,1707848099999,40233.3818,213,181888.0,23391.7944,0
1707848100000,0.1283,0.1299,0.1283,0.1294,71313.0,1707848999999,9211.2983,134,41946.0,5414.4994,0
1707849000000,0.1293,0.13,0.129,0.1295,121943.0,1707849899999,15803.4951,155,87556.0,11351.9409,0
1707849900000,0.1295,0.1299,0.1288,0.1292,109531.0,1707850799999,14151.3872,166,66140.0,8546.1169,0
1707850800000,0.1289,0.1291,0.1282,0.1291,68529.0,1707851699999,8811.4676,142,13477.0,1736.0279,0
1707851700000,0.1288,0.1317,0.1287,0.1304,858092.0,1707852599999,112165.0562,937,505330.0,66051.1772,0
1707852600000,0.1303,0.1325,0.1302,0.1312,618558.0,1707853499999,81423.8894,661,431169.0,56775.8978,0
1707853500000,0.1316,0.1316,0.1298,0.1299,139436.0,1707854399999,18202.7163,265,45190.0,5910.0212,0
1707854400000,0.1299,0.1307,0.1297,0.1301,170476.0,1707855299999,22196.5227,171,81026.0,10557.9614,0
1707855300000,0.1301,0.1322,0.1301,0.1316,291187.0,1707856199999,38301.7382,234,147657.0,19428.027,0
1707856200000,0.1314,0.1317,0.1309,0.1313,106962.0,1707857099999,14049.5118,123,76862.0,10097.1415,0
1707857100000,0.1312,0.1313,0.1303,0.1308,128859.0,1707857999999,16867.1127,137,56918.0,7449.7348,0
1707858000000,0.1308,0.1311,0.13,0.1306,157916.0,1707858899999,20584.3988,192,42176.0,5501.8184,0
1707858900000,0.1306,0.1314,0.1305,0.1311,54942.0,1707859799999,7198.7911,56,30472.0,3995.1816,0
1707859800000,0.1312,0.1313,0.1307,0.1308,41579.0,1707860699999,5448.484,48,14592.0,1913.3862,0
1707860700000,0.1308,0.1314,0.1304,0.1304,76933.0,1707861599999,10054.4852,105,18598.0,2435.0517,0
1707861600000,0.1304,0.1308,0.1302,0.1302,32704.0,1707862499999,4267.7033,79,12196.0,1593.6856,0
1707862500000,0.1302,0.1305,0.1302,0.1303,31146.0,1707863399999,4059.4051,38,20622.0,2688.4886,0
1707863400000,0.1302,0.1307,0.1301,0.1301,48699.0,1707864299999,6343.7288,48,13045.0,1699.6923,0
1707864300000,0.1301,0.1313,0.1301,0.1304,67393.0,1707865199999,8810.3082,185,40225.0,5263.2716,0
1707865200000,0.1304,0.1312,0.1303,0.1307,32822.0,1707866099999,4289.7628,98,22585.0,2953.8879,0
1707866100000,0.1307,0.1314,0.1305,0.1311,57314.0,1707866999999,7504.9269,41,52259.0,6844.1878,0
1707867000000,0.1311,0.1314,0.1307,0.131,12319.0,1707867899999,1613.7754,35,535.0,70.183,0
1707867900000,0.131,0.131,0.1302,0.1303,75365.0,1707868799999,9823.2216,105,33072.0,4311.1348,0
1707868800000,0.1305,0.1313,0.1303,0.131,66637.0,1707869699999,8718.5577,172,55694.0,7289.899,0
1707869700000,0.1308,0.1314,0.1306,0.1314,73246.0,1707870599999,9599.3649,70,47572.0,6233.2239,0
1707870600000,0.1312,0.1317,0.13,0.1304,73577.0,1707871499999,9654.9963,74,38048.0,5002.6177,0
1707871500000,0.1301,0.1306,0.13,0.1305,91096.0,1707872399999,11859.4757,100,29276.0,3812.8668,0
1707872400000,0.1305,0.1306,0.13,0.13,72806.0,1707873299999,9485.9469,96,14750.0,1922.7287,0
1707873300000,0.13,0.1303,0.1297,0.1297,44483.0,1707874199999,5782.7979,51,6220.0,807.5043,0
1707874200000,0.13,0.1303,0.1298,0.1299,45088.0,1707875099999,5862.9546,57,21241.0,2763.2912,0
1707875100000,0.13,0.1303,0.1295,0.1303,133774.0,1707875999999,17348.1242,147,38983.0,5062.7672,0
1707876000000,0.1301,0.1308,0.1299,0.1308,22314.0,1707876899999,2906.9478,85,16043.0,2091.2911,0
1707876900000,0.1308,0.1311,0.1302,0.1308,45378.0,1707877799999,5928.4698,68,27054.0,3534.6499,0
1707877800000,0.1307,0.1313,0.1305,0.131,98292.0,1707878699999,12847.0337,105,71857.0,9390.0862,0
1707878700000,0.1306,0.1314,0.1306,0.1308,84811.0,1707879599999,11099.0252,114,38088.0,4984.2928,0
1707879600000,0.1308,0.132,0.1306,0.1318,159697.0,1707880499999,21004.4673,195,125923.0,16570.1437,0
1707880500000,0.1318,0.132,0.1317,0.1317,32394.0,1707881399999,4271.8858,29,30667.0,4044.3866,0
1707881400000,0.1317,0.132,0.1316,0.1319,43580.0,1707882299999,5744.6879,70,35006.0,4616.2163,0
1707882300000,0.1316,0.1317,0.1306,0.1312,98433.0,1707883199999,12900.8684,118,10303.0,1351.4167,0
1707883200000,0.1312,0.1315,0.131,0.1314,34949.0,1707884099999,4588.043,85,19295.0,2533.7264,0
1707884100000,0.1314,0.1315,0.1309,0.1309,23971.0,1707884999999,3145.2532,40,11279.0,1480.3658,0
1707885000000,0.1309,0.131,0.1306,0.1309,21691.0,1707885899999,2837.0254,53,14068.0,1840.7648,0
1707885900000,0.1308,0.1313,0.1306,0.1309,42476.0,1707886799999,5564.4867,97,16029.0,2102.887,0
1707886800000,0.1307,0.1311,0.1305,0.1307,69796.0,1707887699999,9120.2363,89,33446.0,4371.5962,0
1707887700000,0.1309,0.131,0.1308,0.1308,11718.0,1707888599999,1533.2218,21,4208.0,550.8886,0
1707888600000,0.131,0.1317,0.1308,0.1314,119726.0,1707889499999,15710.2035,100,91261.0,11970.8853,0
1707889500000,0.1314,0.1317,0.1311,0.1314,60384.0,1707890399999,7935.6591,134,30319.0,3987.2566,0
1707890400000,0.1314,0.1318,0.1313,0.1315,57704.0,1707891299999,7589.5905,166,44451.0,5848.0174,0
1707891300000,0.1313,0.1316,0.131,0.1311,57664.0,1707892199999,7567.1164,128,18895.0,2481.9269,0
1707892200000,0.1311,0.1327,0.1311,0.1322,380501.0,1707893099999,50322.8994,266,314783.0,41660.7155,0
1707893100000,0.1322,0.1328,0.1317,0.1326,74790.0,1707893999999,9882.0443,147,46612.0,6161.2984,0
1707894000000,0.1325,0.1329,0.1324,0.1326,89763.0,1707894899999,11914.1754,173,53835.0,7147.888,0
1707894900000,0.1328,0.1328,0.1315,0.1319,137448.0,1707895799999,18134.4823,96,30707.0,4056.4227,0
1707895800000,0.1318,0.1321,0.1317,0.1319,58771.0,1707896699999,7748.5356,60,22307.0,2941.7079,0
1707896700000,0.132,0.1325,0.1318,0.1322,111530.0,1707897599999,14747.4193,151,77008.0,10183.5776,0
1707897600000,0.1322,0.1325,0.1318,0.1321,75823.0,1707898499999,10026.7407,147,48263.0,6385.461,0
1707898500000,0.1323,0.1334,0.1323,0.1331,345708.0,1707899399999,45851.6874,131,330073.0,43772.2616,0
1707899400000,0.1331,0.1331,0.1322,0.1326,91965.0,1707900299999,12188.054,139,42671.0,5655.0099,0
1707900300000,0.1325,0.1328,0.1322,0.1327,163606.0,1707901199999,21705.4017,149,119087.0,15805.8697,0
1707901200000,0.1327,0.1335,0.1327,0.1331,129185.0,1707902099999,17183.8328,192,31835.0,4242.6162,0
1707902100000,0.1331,0.1334,0.1327,0.1328,101038.0,1707902999999,13426.7349,128,36110.0,4798.0832,0
1707903000000,0.1328,0.1335,0.1328,0.1334,150138.0,1707903899999,19979.7526,96,113790.0,15143.8767,0
1707903900000,0.1334,0.134,0.133,0.133,320838.0,1707904799999,42837.4429,442,132731.0,17741.8011,0
1707904800000,0.1331,0.1335,0.1329,0.1333,89877.0,1707905699999,11966.0488,131,50739.0,6758.2699,0
1707905700000,0.1333,0.1336,0.1327,0.1327,123182.0,1707906599999,16385.1837,95,32973.0,4388.013,0
1707906600000,0.1326,0.1338,0.1324,0.133,103524.0,1707907499999,13772.061,91,57309.0,7639.3516,0
1707907500000,0.1331,0.1348,0.1326,0.1346,431851.0,1707908399999,57831.679,355,365414.0,48978.9446,0
1707908400000,0.1346,0.1348,0.1332,0.1337,174304.0,1707909299999,23327.8458,230,69186.0,9249.7513,0
1707909300000,0.1335,0.1335,0.1319,0.133,427131.0,1707910199999,56631.9571,273,156767.0,20785.246,0
1707910200000,0.133,0.1331,0.1328,0.133,15912.0,1707911099999,2115.3411,31,9411.0,1251.3115,0
1707911100000,0.133,0.1332,0.1325,0.1329,167962.0,1707911999999,22314.13,183,48622.0,6463.0062,0
1707912000000,0.1327,0.1334,0.1327,0.133,82377.0,1707912899999,10969.579,123,49140.0,6546.0391,0
1707912900000,0.133,0.1332,0.1329,0.1332,51203.0,1707913799999,6815.8944,39,39361.0,5240.0781,0
1707913800000,0.1333,0.1334,0.1329,0.133,68872.0,1707914699999,9171.061,53,22947.0,3056.9894,0
1707914700000,0.1328,0.1336,0.1325,0.1334,198112.0,1707915599999,26360.7291,193,143754.0,19136.6123,0
1707915600000,0.1336,0.1336,0.1329,0.1333,113787.0,1707916499999,15177.9456,127,66789.0,8916.3763,0
1707916500000,0.1333,0.1336,0.1332,0.1335,18166.0,1707917399999,2421.4602,37,2205.0,294.1627,0
1707917400000,0.1336,0.1336,0.1331,0.1333,60952.0,1707918299999,8129.6479,85,22776.0,3037.3863,0
1707918300000,0.1333,0.1335,0.1331,0.1334,64451.0,1707919199999,8589.2486,125,28218.0,3763.8755,0
1707919200000,0.1332,0.1336,0.1331,0.1334,45736.0,1707920099999,6100.5774,164,21474.0,2865.0464,0
1707920100000,0.1333,0.1335,0.1331,0.1334,49295.0,1707920999999,6573.8772,59,36343.0,4846.9083,0
1707921000000,0.1334,0.134,0.1334,0.1338,139598.0,1707921899999,18670.2122,171,62613.0,8378.1796,0
1707921900000,0.1337,0.1339,0.1333,0.1334,283813.0,1707922799999,37918.6512,220,96287.0,12873.8926,0
1707922800000,0.1334,0.1349,0.1333,0.1337,305649.0,1707923699999,41014.5357,370,231351.0,31062.1389,0
1707923700000,0.1336,0.1343,0.133,0.134,125550.0,1707924599999,16769.5833,149,93283.0,12462.3914,0
1707924600000,0.1336,0.134,0.1334,0.1338,35376.0,1707925499999,4732.462,57,23605.0,3159.2296,0
1707925500000,0.1336,0.1339,0.1334,0.1335,37280.0,1707926399999,4981.1959,104,16231.0,2170.8196,0
1707926400000,0.1337,0.1346,0.1333,0.1335,142152.0,1707927299999,19009.8766,135,50950.0,6808.2436,0
1707927300000,0.1335,0.1335,0.133,0.1332,35670.0,1707928199999,4751.3547,49,15732.0,2094.9552,0
1707928200000,0.1334,0.1348,0.1334,0.1347,113939.0,1707929099999,15278.6999,119,91163.0,12220.7526,0
1707929100000,0.1348,0.1349,0.134,0.1341,188279.0,1707929999999,25348.5181,262,97317.0,13110.9844,0
1707930000000,0.1344,0.1348,0.134,0.1345,98209.0,1707930899999,13210.8176,136,72965.0,9818.6096,0
1707930900000,0.1345,0.1349,0.1344,0.1347,69575.0,1707931799999,9367.9076,87,38113.0,5134.6428,0
1707931800000,0.1347,0.1348,0.1344,0.1348,75665.0,1707932699999,10186.407,60,31021.0,4175.5223,0
1707932700000,0.1348,0.1348,0.1339,0.1343,177534.0,1707933599999,23854.4844,179,99606.0,13391.4968,0
1707933600000,0.1345,0.1347,0.1342,0.1345,50088.0,1707934499999,6738.3952,90,24322.0,3274.1767,0
1707934500000,0.1345,0.1349,0.1343,0.1346,74559.0,1707935399999,10040.382,65,59181.0,7972.0597,0
1707935400000,0.1346,0.1361,0.1346,0.1358,283157.0,1707936299999,38352.1857,315,207437.0,28085.832,0
1707936300000,0.1359,0.1364,0.135,0.1352,220018.0,1707937199999,29875.3725,324,68890.0,9362.9928,0
1707937200000,0.1352,0.1355,0.1347,0.1352,94362.0,1707938099999,12752.4769,120,32746.0,4429.3704,0
1707938100000,0.1352,0.1356,0.1343,0.1343,191697.0,1707938999999,25848.2509,132,62817.0,8483.6966,0
1707939000000,0.1342,0.1347,0.134,0.1343,324017.0,1707939899999,43495.3742,162,117036.0,15716.4675,0
1707939900000,0.1344,0.1348,0.1341,0.1346,81250.0,1707940799999,10928.7086,145,53745.0,7232.4552,0
1707940800000,0.1346,0.1349,0.1338,0.1343,136340.0,1707941699999,18312.6285,207,59862.0,8049.3746,0
1707941700000,0.1342,0.1344,0.1335,0.1339,100609.0,1707942599999,13462.344,66,18588.0,2490.1104,0
1707942600000,0.1342,0.1342,0.1337,0.1339,45625.0,1707943499999,6109.1746,66,9273.0,1243.3764,0
1707943500000,0.1336,0.1339,0.1323,0.1331,312789.0,1707944399999,41555.8088,291,71823.0,9541.1037,0
1707944400000,0.1331,0.1334,0.1328,0.1332,47411.0,1707945299999,6310.6827,73,35515.0,4728.9837,0
1707945300000,0.1332,0.1337,0.1328,0.133,70906.0,1707946199999,9461.572,62,47551.0,6350.1161,0
1707946200000,0.133,0.1337,0.1329,0.1331,74097.0,1707947099999,9872.0941,60,29501.0,3934.7347,0
1707947100000,0.1331,0.1341,0.133,0.1339,147863.0,1707947999999,19764.2448,154,115160.0,15399.4189,0
1707948000000,0.1339,0.1339,0.1332,0.1334,34779.0,1707948899999,4643.2888,76,10278.0,1372.6658,0
1707948900000,0.1333,0.1334,0.1331,0.1333,20007.0,1707949799999,2664.5957,21,2817.0,375.3594,0
1707949800000,0.1333,0.1335,0.1327,0.1335,64472.0,1707950699999,8584.1303,72,39115.0,5211.6887,0
1707950700000,0.1333,0.136,0.1332,0.1353,548728.0,1707951599999,74069.8524,342,429657.0,57970.1237,0
1707951600000,0.1353,0.1357,0.1351,0.1354,32571.0,1707952499999,4412.0075,62,18718.0,2537.1033,0
1707952500000,0.1353,0.1354,0.1351,0.1352,36444.0,1707953399999,4927.2832,35,5534.0,748.7721,0
1707953400000,0.1352,0.1359,0.1352,0.1354,85400.0,1707954299999,11574.8602,52,52399.0,7103.1283,0
1707954300000,0.1356,0.1361,0.1355,0.1357,113562.0,1707955199999,15410.8539,161,51423.0,6981.7798,0
1707955200000,0.1359,0.1383,0.1357,0.1367,610362.0,1707956099999,83635.4165,505,368997.0,50554.5575,0
1707956100000,0.1367,0.1373,0.1364,0.1367,215733.0,1707956999999,29537.6199,209,119307.0,16317.902,0
1707957000000,0.1367,0.1376,0.1363,0.1369,307596.0,1707957899999,42213.6325,120,53256.0,7300.0856,0
1707957900000,0.1369,0.1372,0.1365,0.1369,31018.0,1707958799999,4246.0789,70,19756.0,2704.6068,0
1707958800000,0.1368,0.139,0.1359,0.136,780255.0,1707959699999,106913.686,544,330865.0,45505.2492,0
1707959700000,0.1362,0.1374,0.1357,0.136,169136.0,1707960599999,23090.3157,118,72501.0,9901.0341,0
1707960600000,0.136,0.1361,0.1337,0.1354,261189.0,1707961499999,35244.5988,287,50757.0,6866.3638,0
1707961500000,0.1353,0.1356,0.135,0.135,48524.0,1707962399999,6560.827,119,17571.0,2378.7756,0
1707962400000,0.1354,0.1364,0.1351,0.1359,57434.0,1707963299999,7807.7201,96,52723.0,7168.821,0
1707963300000,0.136,0.1364,0.1359,0.1359,58744.0,1707964199999,8004.8018,47,47909.0,6530.3632,0
1707964200000,0.1359,0.1367,0.1359,0.1362,36257.0,1707965099999,4941.0379,50,21769.0,2968.8515,0
1707965100000,0.1365,0.138,0.1361,0.1373,193018.0,1707965999999,26478.522,230,143977.0,19768.5933,0
1707966000000,0.1373,0.1373,0.136,0.1368,82967.0,1707966899999,11328.5213,117,33030.0,4512.4817,0
1707966900000,0.1365,0.14,0.1362,0.1389,836914.0,1707967799999,116082.0555,665,722709.0,100270.248,0
1707967800000,0.1389,0.1416,0.1387,0.1409,1278912.0,1707968699999,179484.7053,919,888432.0,124677.8234,0
1707968700000,0.1412,0.1418,0.1405,0.1405,553797.0,1707969599999,78043.403,474,193895.0,27393.1334,0
1707969600000,0.1405,0.1425,0.14,0.1421,850026.0,1707970499999,120366.8185,631,566528.0,80337.2669,0
1707970500000,0.1422,0.1425,0.1405,0.1412,236551.0,1707971399999,33397.1701,369,116512.0,16459.6654,0
1707971400000,0.141,0.1417,0.1407,0.1416,128803.0,1707972299999,18193.2962,163,44341.0,6263.459,0
1707972300000,0.1416,0.1417,0.1379,0.1387,992477.0,1707973199999,138393.8254,641,321585.0,44815.622,0
1707973200000,0.1387,0.1392,0.1382,0.1389,249941.0,1707974099999,34637.3181,295,77632.0,10765.7653,0
1707974100000,0.1387,0.1388,0.1374,0.1383,299723.0,1707974999999,41381.9385,181,48021.0,6630.6461,0
1707975000000,0.1382,0.1385,0.1377,0.1381,78762.0,1707975899999,10877.4649,66,37783.0,5219.7511,0
1707975900000,0.1382,0.14,0.136,0.1377,564853.0,1707976799999,77897.3544,620,293334.0,40559.5343,0
1707976800000,0.1377,0.1398,0.1377,0.1392,214389.0,1707977699999,29773.224,287,153778.0,21371.7208,0
1707977700000,0.1389,0.139,0.137,0.1378,153727.0,1707978599999,21232.9403,164,64335.0,8891.9555,0
1707978600000,0.1379,0.1386,0.1377,0.1383,20808.0,1707979499999,2875.5406,41,5354.0,740.1857,0
1707979500000,0.1386,0.1394,0.1384,0.1386,71090.0,1707980399999,9880.1461,119,44933.0,6246.3394,0
1707980400000,0.1386,0.1418,0.1375,0.1403,865779.0,1707981299999,121070.0632,810,553101.0,77651.6215,0
1707981300000,0.1402,0.1422,0.1402,0.1417,168322.0,1707982199999,23784.7013,222,81077.0,11450.4522,0
1707982200000,0.1414,0.1422,0.141,0.1414,157254.0,1707983099999,22262.3805,193,71319.0,10101.6635,0
1707983100000,0.1418,0.143,0.1404,0.1419,457284.0,1707983999999,65057.1683,553,281099.0,40041.3322,0
1707984000000,0.1421,0.1445,0.1405,0.1411,1006314.0,1707984899999,143336.3791,872,651325.0,92833.0713,0
1707984900000,0.1411,0.1415,0.1392,0.14,564064.0,1707985799999,78905.3346,456,211604.0,29595.0305,0
1707985800000,0.1401,0.1412,0.1399,0.1408,220317.0,1707986699999,30933.7929,188,129804.0,18229.7897,0
1707986700000,0.1408,0.1411,0.1398,0.1398,157093.0,1707987599999,22077.1325,112,25472.0,3582.6014,0
1707987600000,0.14,0.1411,0.1397,0.1407,133003.0,1707988499999,18683.0804,175,69384.0,9758.2814,0
1707988500000,0.1407,0.1412,0.14,0.1408,192917.0,1707989399999,27113.226,144,76146.0,10727.9425,0
1707989400000,0.1411,0.1415,0.1401,0.1405,174888.0,1707990299999,24676.13,111,125073.0,17673.0307,0
1707990300000,0.1405,0.1412,0.1402,0.141,82690.0,1707991199999,11629.0843,114,50522.0,7107.8073,0
1707991200000,0.141,0.1411,0.1402,0.1402,98860.0,1707992099999,13900.4224,135,12618.0,1778.4912,0
1707992100000,0.1407,0.1408,0.1404,0.1408,28499.0,1707992999999,4008.9669,43,17778.0,2502.421,0
1707993000000,0.1405,0.1407,0.138,0.1389,738553.0,1707993899999,102787.2579,370,142625.0,19849.3123,0
1707993900000,0.1389,0.1416,0.1388,0.1404,396291.0,1707994799999,55668.4455,365,312260.0,43857.0226,0
1707994800000,0.1404,0.1408,0.1401,0.1402,52221.0,1707995699999,7332.7193,76,17815.0,2502.7779,0
1707995700000,0.1405,0.1407,0.1401,0.1401,26671.0,1707996599999,3748.0846,30,17256.0,2426.9275,0
1707996600000,0.1402,0.1405,0.1393,0.1395,78864.0,1707997499999,11035.7106,78,26913.0,3770.1887,0
1707997500000,0.1397,0.1401,0.1395,0.1397,58214.0,1707998399999,8134.906,112,19515.0,2731.2021,0
1707998400000,0.1397,0.1406,0.1387,0.1394,378271.0,1707999299999,52729.319,265,132447.0,18499.0485,0
1707999300000,0.1395,0.1405,0.1389,0.1398,91311.0,1708000199999,12749.5987,77,51010.0,7131.493,0
1708000200000,0.1396,0.1403,0.1394,0.1399,81808.0,1708001099999,11444.2618,103,53991.0,7555.2926,0
1708001100000,0.1399,0.1404,0.1395,0.1401,66890.0,1708001999999,9356.6421,105,50172.0,7020.3388,0
1708002000000,0.1399,0.1438,0.1398,0.1417,1271530.0,1708002899999,180679.4954,762,903120.0,128257.9257,0
1708002900000,0.1415,0.1418,0.1409,0.1409,49655.0,1708003799999,7020.7372,56,19829.0,2804.8454,0
1708003800000,0.1411,0.1429,0.1411,0.1416,88152.0,1708004699999,12479.4193,104,51188.0,7244.159,0
1708004700000,0.1413,0.1422,0.1411,0.1415,80501.0,1708005599999,11403.1943,144,35104.0,4978.6222,0
1708005600000,0.1415,0.1436,0.1412,0.1434,185228.0,1708006499999,26385.7044,195,113816.0,16239.8718,0
1708006500000,0.1436,0.1465,0.1413,0.1424,934491.0,1708007399999,135050.2409,857,561064.0,81246.0462,0
1708007400000,0.1424,0.1438,0.1411,0.1417,361813.0,1708008299999,51525.8151,271,139949.0,19957.5531,0
1708008300000,0.1417,0.1429,0.1416,0.1419,332348.0,1708009199999,47235.4882,257,143755.0,20448.3341,0
1708009200000,0.1418,0.1424,0.141,0.141,413645.0,1708010099999,58500.3774,284,125043.0,17720.3642,0
1708010100000,0.141,0.1415,0.1405,0.1409,113710.0,1708010999999,16013.8122,134,35172.0,4963.2999,0
1708011000000,0.141,0.141,0.1397,0.14,292620.0,1708011899999,41019.1637,223,134092.0,18788.3775,0
1708011900000,0.1399,0.1402,0.1378,0.1391,850943.0,1708012799999,118360.1467,653,350534.0,48888.0274,0
1708012800000,0.1391,0.1393,0.1373,0.1374,504004.0,1708013699999,69670.8773,331,132140.0,18274.9907,0
1708013700000,0.1376,0.1392,0.1376,0.139,135218.0,1708014599999,18758.7841,156,82358.0,11425.4892,0
1708014600000,0.139,0.1403,0.1387,0.1401,208869.0,1708015499999,29219.4833,167,159766.0,22353.1933,0
1708015500000,0.1401,0.1406,0.14,0.1402,110757.0,1708016399999,15540.0357,169,61523.0,8638.8637,0
1708016400000,0.1402,0.1404,0.1391,0.1398,65505.0,1708017299999,9163.0424,103,20275.0,2836.2013,0
1708017300000,0.1398,0.1401,0.1391,0.1396,95092.0,1708018199999,13280.4943,96,46777.0,6539.5471,0
1708018200000,0.1396,0.1397,0.1392,0.1395,78637.0,1708019099999,10963.7348,85,28470.0,3971.9343,0
1708019100000,0.1396,0.1396,0.1384,0.1386,68079.0,1708019999999,9451.4677,128,22801.0,3167.3268,0
1708020000000,0.1386,0.1392,0.1385,0.139,44983.0,1708020899999,6246.528,55,37759.0,5244.9091,0
1708020900000,0.1391,0.1391,0.1386,0.1388,40544.0,1708021799999,5632.6312,52,8857.0,1229.3763,0
1708021800000,0.1388,0.1401,0.1387,0.14,177684.0,1708022699999,24833.7327,68,82447.0,11504.2232,0
1708022700000,0.14,0.1406,0.1393,0.1399,139360.0,1708023599999,19497.5504,156,66128.0,9252.5618,0
1708023600000,0.1399,0.14,0.1391,0.1391,32842.0,1708024499999,4582.4095,87,7523.0,1050.8002,0
1708024500000,0.1391,0.1416,0.1386,0.1396,504481.0,1708025399999,70802.1428,344,307660.0,43211.8505,0
1708025400000,0.1396,0.1396,0.139,0.1392,108878.0,1708026299999,15158.5648,71,55246.0,7693.8646,0
1708026300000,0.1392,0.1397,0.1392,0.1392,104211.0,1708027199999,14513.1945,152,40579.0,5653.4377,0
1708027200000,0.1395,0.14,0.1393,0.1397,102648.0,1708028099999,14340.7244,102,43828.0,6125.9948,0
1708028100000,0.1394,0.1396,0.1383,0.1393,206202.0,1708028999999,28669.1368,125,49285.0,6858.2227,0
1708029000000,0.139,0.1397,0.1389,0.1397,25459.0,1708029899999,3551.5835,43,20856.0,2910.3662,0
1708029900000,0.1396,0.1396,0.1386,0.1387,29973.0,1708030799999,4172.6596,52,4781.0,665.1065,0
1708030800000,0.1388,0.1391,0.1381,0.1386,168658.0,1708031699999,23356.415,127,52649.0,7295.1517,0
1708031700000,0.1387,0.1388,0.1383,0.1384,50295.0,1708032599999,6965.5786,35,30198.0,4183.9418,0
1708032600000,0.1382,0.1385,0.1378,0.1379,66825.0,1708033499999,9234.5283,82,46176.0,6384.0815,0
1708033500000,0.1379,0.1385,0.137,0.1374,143436.0,1708034399999,19730.3829,145,57244.0,7882.3473,0
1708034400000,0.1374,0.1382,0.1372,0.1374,178579.0,1708035299999,24581.4782,142,68116.0,9385.1705,0
1708035300000,0.1378,0.1385,0.1373,0.1385,85402.0,1708036199999,11767.388,82,25770.0,3557.9796,0
1708036200000,0.1385,0.1385,0.1379,0.1379,25584.0,1708037099999,3535.3414,13,952.0,131.8288,0
1708037100000,0.1379,0.1387,0.1378,0.1386,90366.0,1708037999999,12503.2506,137,71692.0,9923.4224,0
1708038000000,0.1386,0.1391,0.1382,0.139,35711.0,1708038899999,4952.2407,57,32863.0,4557.5827,0
1708038900000,0.1391,0.1393,0.1388,0.1388,65708.0,1708039799999,9143.1702,46,58938.0,8202.2212,0
1708039800000,0.1391,0.1391,0.1387,0.1389,65090.0,1708040699999,9043.5098,21,33054.0,4597.3492,0
1708040700000,0.1389,0.1393,0.1386,0.1387,67029.0,1708041599999,9316.9996,76,49000.0,6815.8295,0
1708041600000,0.139,0.139,0.1384,0.1387,46172.0,1708042499999,6399.9056,66,7662.0,1064.683,0
1708042500000,0.1387,0.1388,0.1381,0.1384,200321.0,1708043399999,27710.8582,91,60884.0,8428.9605,0
1708043400000,0.1381,0.1381,0.1377,0.138,8761.0,1708044299999,1208.1684,23,6744.0,930.1213,0
1708044300000,0.138,0.1387,0.1377,0.1381,77799.0,1708045199999,10743.4401,98,48682.0,6727.7478,0
1708045200000,0.1381,0.1385,0.138,0.1384,47326.0,1708046099999,6538.0096,77,13233.0,1831.4951,0
1708046100000,0.1382,0.1388,0.1382,0.1386,15466.0,1708046999999,2143.3105,32,11392.0,1579.4332,0
1708047000000,0.1386,0.1389,0.138,0.1381,60906.0,1708047899999,8429.2248,43,10311.0,1426.0248,0
1708047900000,0.1383,0.1385,0.138,0.1384,41056.0,1708048799999,5674.0105,89,1810.0,250.5666,0
1708048800000,0.1381,0.1387,0.1381,0.1386,39846.0,1708049699999,5514.5896,57,17078.0,2365.6498,0
1708049700000,0.1385,0.1387,0.1384,0.1387,13710.0,1708050599999,1898.9703,20,4349.0,602.6963,0
1708050600000,0.1387,0.1388,0.1385,0.1388,14327.0,1708051499999,1987.2512,16,10919.0,1515.2432,0
1708051500000,0.1386,0.1395,0.1386,0.1393,131435.0,1708052399999,18286.8639,148,112672.0,15680.2016,0
1708052400000,0.1393,0.1394,0.1387,0.139,52487.0,1708053299999,7300.3314,87,16867.0,2345.8418,0
1708053300000,0.139,0.1392,0.1387,0.1389,93701.0,1708054199999,13029.6817,52,41851.0,5820.6816,0
1708054200000,0.1389,0.1391,0.1385,0.139,52812.0,1708055099999,7330.7582,55,38497.0,5346.1901,0
1708055100000,0.1389,0.1393,0.1387,0.1392,24019.0,1708055999999,3339.7866,79,17057.0,2372.4486,0
1708056000000,0.1392,0.1395,0.1392,0.1394,51967.0,1708056899999,7241.6493,72,41493.0,5782.7683,0
1708056900000,0.1395,0.1395,0.1391,0.1393,58311.0,1708057799999,8119.5186,62,6575.0,916.0133,0
1708057800000,0.1393,0.1393,0.139,0.1391,25242.0,1708058699999,3511.8075,27,13258.0,1845.0128,0
1708058700000,0.1391,0.1394,0.139,0.1391,43124.0,1708059599999,6002.514,113,25354.0,3530.9126,0
1708059600000,0.1392,0.1406,0.139,0.1405,335673.0,1708060499999,46912.1312,217,309783.0,43296.6407,0
1708060500000,0.1405,0.141,0.1395,0.1401,187377.0,1708061399999,26311.374,153,77466.0,10896.9685,0
1708061400000,0.1402,0.1409,0.1401,0.1409,80602.0,1708062299999,11334.6415,85,76489.0,10756.5187,0
1708062300000,0.1409,0.141,0.1392,0.1398,216068.0,1708063199999,30293.6503,332,71116.0,9993.6797,0
1708063200000,0.1398,0.1403,0.1396,0.1399,84307.0,1708064099999,11784.9069,108,25159.0,3520.538,0
1708064100000,0.1396,0.141,0.1395,0.1404,179754.0,1708064999999,25227.702,81,156134.0,21926.9921,0
1708065000000,0.1403,0.1405,0.1399,0.1402,41859.0,1708065899999,5868.772,62,23482.0,3293.2125,0
1708065900000,0.14,0.1403,0.1394,0.1399,74834.0,1708066799999,10474.6165,166,49392.0,6916.5168,0
1708066800000,0.1399,0.1399,0.1391,0.1391,64235.0,1708067699999,8954.0447,90,24336.0,3397.6865,0
1708067700000,0.1394,0.1394,0.1387,0.1388,105394.0,1708068599999,14651.7611,73,26454.0,3681.5252,0
1708068600000,0.1388,0.1391,0.1383,0.139,145993.0,1708069499999,20259.1628,120,42298.0,5872.7375,0
1708069500000,0.139,0.1402,0.1385,0.1394,200403.0,1708070399999,27899.5134,257,134695.0,18759.6187,0
1708070400000,0.1398,0.1414,0.1396,0.1404,421736.0,1708071299999,59314.3526,338,221105.0,31135.9787,0
1708071300000,0.1405,0.1408,0.14,0.1405,48445.0,1708072199999,6792.5923,49,21692.0,3041.3312,0
1708072200000,0.1406,0.1411,0.1402,0.1405,64135.0,1708073099999,9015.1035,112,28750.0,4045.3907,0
1708073100000,0.1405,0.1411,0.1389,0.1394,258841.0,1708073999999,36118.787,241,133538.0,18635.9377,0
1708074000000,0.1393,0.1397,0.1383,0.1386,164156.0,1708074899999,22777.478,156,27330.0,3799.6046,0
1708074900000,0.1386,0.1391,0.1386,0.1391,52120.0,1708075799999,7241.2113,57,44064.0,6122.8496,0
1708075800000,0.1392,0.14,0.1384,0.1393,191303.0,1708076699999,26596.5889,103,93168.0,12980.1431,0
1708076700000,0.1393,0.1398,0.1391,0.1393,38110.0,1708077599999,5310.3403,80,25603.0,3568.3834,0
1708077600000,0.1393,0.1395,0.1388,0.1395,55256.0,1708078499999,7685.9673,119,26231.0,3651.7783,0
1708078500000,0.1394,0.1417,0.1394,0.1405,280697.0,1708079399999,39516.9555,150,258826.0,36445.026,0
1708079400000,0.1405,0.1411,0.1405,0.1411,31650.0,1708080299999,4461.1324,43,17871.0,2517.6289,0
1708080300000,0.1411,0.142,0.14,0.1406,297799.0,1708081199999,41930.0751,316,112246.0,15823.2635,0
1708081200000,0.1406,0.141,0.1403,0.1404,73092.0,1708082099999,10273.3816,106,31313.0,4405.936,0
1708082100000,0.1404,0.1419,0.1403,0.1415,130184.0,1708082999999,18383.2926,97,89869.0,12691.521,0
1708083000000,0.1415,0.142,0.141,0.1414,192117.0,1708083899999,27179.4025,119,68751.0,9729.3381,0
1708083900000,0.1413,0.1423,0.1408,0.1413,236959.0,1708084799999,33548.2113,217,138742.0,19666.3249,0
1708084800000,0.1414,0.1418,0.1409,0.1412,92270.0,1708085699999,13040.8058,190,42382.0,5998.9819,0
1708085700000,0.1415,0.1416,0.1411,0.1415,49222.0,1708086599999,6961.6113,51,18852.0,2666.4561,0
1708086600000,0.1417,0.144,0.1417,0.1434,529963.0,1708087499999,75795.4935,411,458507.0,65567.5589,0
1708087500000,0.1431,0.1435,0.1423,0.1435,116266.0,1708088399999,16635.1849,253,88389.0,12655.7065,0
1708088400000,0.1435,0.1438,0.1423,0.1426,120264.0,1708089299999,17220.1338,232,76547.0,10974.5283,0
1708089300000,0.1424,0.1429,0.1415,0.1429,235409.0,1708090199999,33433.6396,125,33494.0,4772.3725,0
1708090200000,0.1429,0.143,0.1399,0.1414,336268.0,1708091099999,47447.0586,310,75833.0,10731.7189,0
1708091100000,0.1412,0.142,0.1408,0.142,104962.0,1708091999999,14842.99,220,77388.0,10949.7101,0
1708092000000,0.142,0.142,0.14,0.14,189725.0,1708092899999,26662.5614,232,36024.0,5082.1641,0
1708092900000,0.1401,0.1401,0.139,0.1393,309183.0,1708093799999,43070.9515,179,41105.0,5733.4459,0
1708093800000,0.1394,0.1394,0.1386,0.139,254746.0,1708094699999,35387.0824,141,61422.0,8535.27,0
1708094700000,0.1388,0.1388,0.136,0.1367,648214.0,1708095599999,88659.7174,467,306677.0,41873.4833,0
1708095600000,0.1368,0.1369,0.1351,0.1355,406695.0,1708096499999,55287.1126,382,193814.0,26360.4947,0
1708096500000,0.1356,0.1361,0.1342,0.1357,529294.0,1708097399999,71578.7874,353,240320.0,32500.233,0
1708097400000,0.1356,0.136,0.133,0.1348,803837.0,1708098299999,107708.9715,405,257099.0,34396.3001,0
1708098300000,0.1348,0.1378,0.1343,0.1369,647804.0,1708099199999,88296.246,585,457880.0,62418.5325,0
1708099200000,0.137,0.1373,0.1364,0.1372,122217.0,1708100099999,16727.4975,170,51278.0,7020.171,0
1708100100000,0.1372,0.139,0.1372,0.1378,249154.0,1708100999999,34388.5026,227,132001.0,18232.2271,0
1708101000000,0.1377,0.1387,0.137,0.1378,169757.0,1708101899999,23376.5761,134,125422.0,17286.473,0
1708101900000,0.1378,0.1378,0.1357,0.1373,286536.0,1708102799999,39140.3426,425,117473.0,16078.063,0
1708102800000,0.1373,0.1374,0.1361,0.1361,72814.0,1708103699999,9976.0022,157,47563.0,6524.7494,0
1708103700000,0.1364,0.1373,0.1364,0.1371,67135.0,1708104599999,9203.6587,38,39087.0,5356.7054,0
1708104600000,0.1369,0.1369,0.1364,0.1364,22685.0,1708105499999,3100.2768,33,9847.0,1346.1055,0
1708105500000,0.1365,0.1374,0.1364,0.1374,45451.0,1708106399999,6229.1146,141,33166.0,4548.2031,0
1708106400000,0.1374,0.1374,0.1362,0.1367,83687.0,1708107299999,11452.0953,158,49066.0,6723.1628,0
1708107300000,0.1367,0.1373,0.1364,0.1364,76635.0,1708108199999,10474.4273,68,37812.0,5168.3129,0
1708108200000,0.1366,0.1373,0.1365,0.1373,76623.0,1708109099999,10470.6256,53,53693.0,7337.4026,0
1708109100000,0.1371,0.138,0.137,0.1377,58918.0,1708109999999,8107.891,180,42610.0,5867.347,0
1708110000000,0.1377,0.1384,0.1373,0.1379,100239.0,1708110899999,13818.1062,235,65034.0,8974.0706,0
1708110900000,0.1378,0.138,0.1377,0.1378,37884.0,1708111799999,5223.1173,33,15592.0,2150.4156,0
1708111800000,0.138,0.1381,0.1373,0.1379,66767.0,1708112699999,9192.7331,91,34125.0,4705.1241,0
1708112700000,0.1378,0.1379,0.137,0.1374,68907.0,1708113599999,9467.1344,173,44622.0,6132.9747,0
1708113600000,0.1376,0.1387,0.1373,0.138,124098.0,1708114499999,17150.708,182,76398.0,10549.48,0
1708114500000,0.1383,0.1395,0.1383,0.1386,80006.0,1708115399999,11105.1818,146,58286.0,8088.5742,0
1708115400000,0.1386,0.139,0.1385,0.1389,14517.0,1708116299999,2014.9878,37,9933.0,1378.6912,0
1708116300000,0.1389,0.139,0.1386,0.139,47020.0,1708117199999,6523.5596,125,19663.0,2730.1205,0
1708117200000,0.139,0.1393,0.1387,0.1393,55182.0,1708118099999,7670.6823,108,42020.0,5842.6992,0
1708118100000,0.1393,0.14,0.1392,0.1398,43429.0,1708118999999,6063.7674,77,27843.0,3886.3741,0
1708119000000,0.1398,0.14,0.1394,0.1397,69283.0,1708119899999,9682.9148,73,27140.0,3797.5684,0
1708119900000,0.1392,0.1397,0.1389,0.1396,81390.0,1708120799999,11326.2673,142,29237.0,4074.1169,0
1708120800000,0.1396,0.1399,0.1392,0.1394,46392.0,1708121699999,6475.5878,147,25304.0,3533.9902,0
1708121700000,0.1394,0.1396,0.1393,0.1395,20573.0,1708122599999,2868.8382,47,5352.0,746.8946,0
1708122600000,0.1395,0.1403,0.1393,0.1401,206383.0,1708123499999,28885.1109,169,156944.0,21971.7123,0
1708123500000,0.1401,0.1401,0.1395,0.1398,81243.0,1708124399999,11350.4523,135,15952.0,2230.5318,0
1708124400000,0.1398,0.14,0.1393,0.1397,80192.0,1708125299999,11197.163,126,34947.0,4883.0841,0
1708125300000,0.1398,0.142,0.1388,0.1393,673618.0,1708126199999,94545.134,399,461676.0,64954.4111,0
1708126200000,0.1392,0.1396,0.1392,0.1396,13216.0,1708127099999,1842.1853,40,6761.0,942.8944,0
1708127100000,0.1394,0.1397,0.1393,0.1397,44628.0,1708127999999,6224.7442,106,33391.0,4658.8928,0
1708128000000,0.1397,0.1399,0.1395,0.1399,61154.0,1708128899999,8547.5562,105,48530.0,6785.4172,0
1708128900000,0.1396,0.1397,0.139,0.1395,114634.0,1708129799999,15961.4504,80,9425.0,1312.3028,0
1708129800000,0.1395,0.1396,0.1389,0.1394,52390.0,1708130699999,7288.1617,52,5405.0,753.325,0
1708130700000,0.1395,0.1398,0.1394,0.1398,55538.0,1708131599999,7755.0946,76,34140.0,4767.9999,0
1708131600000,0.1398,0.1398,0.1393,0.1394,10482.0,1708132499999,1463.586,65,7139.0,997.2795,0
1708132500000,0.1393,0.1393,0.1385,0.1385,66988.0,1708133399999,9295.9165,80,11632.0,1615.6834,0
1708133400000,0.1387,0.1387,0.138,0.1382,64252.0,1708134299999,8890.8282,74,7871.0,1090.3154,0
1708134300000,0.1381,0.1382,0.1376,0.1379,87390.0,1708135199999,12043.2969,185,36679.0,5056.3246,0
1708135200000,0.1379,0.138,0.137,0.1374,132970.0,1708136099999,18274.4815,196,21458.0,2954.6915,0
1708136100000,0.1376,0.1378,0.1369,0.137,67891.0,1708136999999,9311.6832,76,11160.0,1533.796,0
1708137000000,0.1372,0.1374,0.1369,0.1371,17545.0,1708137899999,2405.6702,39,11276.0,1546.9279,0
1708137900000,0.1373,0.1379,0.137,0.1379,66587.0,1708138799999,9156.9195,168,58219.0,8008.3034,0
1708138800000,0.1379,0.1382,0.1376,0.1379,31000.0,1708139699999,4279.1649,92,29007.0,4004.4271,0
1708139700000,0.1382,0.1382,0.1379,0.1379,7395.0,1708140599999,1020.7486,25,3005.0,415.2511,0
1708140600000,0.1379,0.1379,0.1376,0.1377,5701.0,1708141499999,785.2174,26,1998.0,275.4013,0
1708141500000,0.1379,0.1379,0.1373,0.1375,66099.0,1708142399999,9087.4711,128,12953.0,1783.5401,0
1708142400000,0.1377,0.1381,0.1374,0.1377,52276.0,1708143299999,7196.6095,113,18266.0,2518.6475,0
1708143300000,0.1377,0.1377,0.1373,0.1374,9399.0,1708144199999,1291.7449,36,4948.0,680.4182,0
1708144200000,0.1374,0.1379,0.1374,0.1377,9235.0,1708145099999,1271.309,20,8526.0,1173.7606,0
1708145100000,0.138,0.1381,0.1376,0.138,26591.0,1708145999999,3666.6536,85,14918.0,2058.1129,0
1708146000000,0.138,0.1382,0.1374,0.1374,27705.0,1708146899999,3819.5689,74,15375.0,2122.1607,0
1708146900000,0.1374,0.1376,0.1372,0.1373,14241.0,1708147799999,1955.6552,33,4946.0,679.817,0
1708147800000,0.1373,0.1373,0.1369,0.1372,18137.0,1708148699999,2485.792,57,8193.0,1123.7352,0
1708148700000,0.1372,0.1378,0.1372,0.1376,29105.0,1708149599999,4002.635,107,18302.0,2517.7833,0
1708149600000,0.1375,0.1378,0.1375,0.1375,10855.0,1708150499999,1493.8418,63,6546.0,901.0163,0
1708150500000,0.1374,0.1375,0.1371,0.1374,23648.0,1708151399999,3248.6816,33,15172.0,2085.5613,0
1708151400000,0.1374,0.1376,0.1373,0.1374,5710.0,1708152299999,784.7538,34,2761.0,379.6584,0
1708152300000,0.1374,0.1375,0.1371,0.1375,32193.0,1708153199999,4421.4037,62,23450.0,3221.9467,0
1708153200000,0.1375,0.1376,0.1371,0.1373,20450.0,1708154099999,2809.2394,83,11308.0,1554.1971,0
1708154100000,0.1375,0.1376,0.1375,0.1376,7127.0,1708154999999,980.1167,24,5051.0,694.6667,0
1708155000000,0.1375,0.1376,0.1373,0.1374,10491.0,1708155899999,1441.7785,20,2742.0,376.9845,0
1708155900000,0.1374,0.1377,0.1373,0.1376,44255.0,1708156799999,6082.6902,108,32413.0,4455.5007,0
1708156800000,0.1375,0.1379,0.1375,0.1376,27776.0,1708157699999,3825.6539,86,16800.0,2314.2109,0
1708157700000,0.1375,0.1375,0.1367,0.1368,33340.0,1708158599999,4568.7203,43,8086.0,1107.5677,0
1708158600000,0.1368,0.1368,0.1357,0.1359,229358.0,1708159499999,31248.1039,221,102318.0,13951.2987,0
1708159500000,0.1359,0.1363,0.1359,0.1363,56803.0,1708160399999,7727.2256,119,37816.0,5143.9567,0
1708160400000,0.1363,0.1367,0.1356,0.1361,197879.0,1708161299999,26924.9828,273,52113.0,7092.7536,0
1708161300000,0.136,0.136,0.1355,0.1356,19693.0,1708162199999,2672.7818,36,2974.0,403.9867,0
1708162200000,0.1356,0.1359,0.1355,0.1358,23877.0,1708163099999,3240.7623,37,10481.0,1422.7169,0
1708163100000,0.1357,0.1357,0.1353,0.1356,38903.0,1708163999999,5271.7467,101,16807.0,2277.985,0
1708164000000,0.1357,0.1358,0.1345,0.1349,255451.0,1708164899999,34459.222,288,37762.0,5110.5696,0
1708164900000,0.1349,0.135,0.1348,0.135,66112.0,1708165799999,8919.6788,57,30231.0,4078.0823,0
1708165800000,0.1348,0.1353,0.1345,0.1353,146428.0,1708166699999,19745.1148,92,77657.0,10482.2856,0
1708166700000,0.1351,0.1358,0.1351,0.1358,60355.0,1708167599999,8173.1581,114,32263.0,4370.3492,0
1708167600000,0.1358,0.1365,0.1356,0.1363,107091.0,1708168499999,14581.9372,191,63667.0,8670.7187,0
1708168500000,0.1361,0.1364,0.136,0.1361,15176.0,1708169399999,2066.3449,24,5741.0,782.548,0
1708169400000,0.1362,0.1368,0.1362,0.1367,33766.0,1708170299999,4608.2817,56,24942.0,3403.8426,0
1708170300000,0.1367,0.137,0.1366,0.1367,86904.0,1708171199999,11882.8156,135,32425.0,4435.4975,0
1708171200000,0.1367,0.137,0.1366,0.1368,56837.0,1708172099999,7774.7587,148,35250.0,4822.3501,0
1708172100000,0.1367,0.1368,0.1366,0.1367,13572.0,1708172999999,1854.7779,19,3654.0,499.6965,0
1708173000000,0.1367,0.1367,0.1364,0.1365,68506.0,1708173899999,9357.5238,22,4255.0,581.0415,0
1708173900000,0.1365,0.1372,0.1342,0.1352,752434.0,1708174799999,101853.1952,578,172949.0,23457.7703,0
1708174800000,0.1352,0.136,0.1317,0.1336,484603.0,1708175699999,64892.1578,591,164920.0,22092.8543,0
1708175700000,0.1335,0.1344,0.1332,0.1336,188552.0,1708176599999,25247.0495,207,100416.0,13439.5469,0
1708176600000,0.1336,0.1342,0.1332,0.1342,92123.0,1708177499999,12311.4889,130,61467.0,8217.3443,0
1708177500000,0.1342,0.1343,0.133,0.1335,137078.0,1708178399999,18289.4051,246,54638.0,7301.4946,0
1708178400000,0.1335,0.1343,0.1333,0.1341,92774.0,1708179299999,12420.4959,212,60173.0,8058.06,0
1708179300000,0.134,0.1344,0.1337,0.1341,57375.0,1708180199999,7693.2018,107,34565.0,4635.3851,0
1708180200000,0.1341,0.1341,0.1324,0.1326,355312.0,1708181099999,47373.4239,191,39587.0,5272.7619,0
1708181100000,0.1329,0.1335,0.1323,0.1335,129013.0,1708181999999,17151.3945,151,62228.0,8271.2544,0
1708182000000,0.1335,0.1336,0.133,0.133,86022.0,1708182899999,11460.0355,116,20510.0,2737.1438,0
1708182900000,0.1331,0.1341,0.1331,0.1339,122054.0,1708183799999,16322.8071,134,70757.0,9460.1942,0
1708183800000,0.134,0.1344,0.1337,0.1339,62019.0,1708184699999,8303.9383,88,14260.0,1911.9887,0
1708184700000,0.1339,0.1346,0.1337,0.134,110316.0,1708185599999,14785.4059,166,78364.0,10502.706,0
1708185600000,0.134,0.1346,0.1338,0.1338,67033.0,1708186499999,8997.2588,133,39733.0,5336.5932,0
1708186500000,0.1338,0.1341,0.1332,0.1339,108287.0,1708187399999,14461.4759,85,52569.0,7024.781,0
1708187400000,0.1338,0.134,0.1332,0.1337,57668.0,1708188299999,7694.825,49,6175.0,825.3391,0
1708188300000,0.1337,0.1349,0.1337,0.1343,133099.0,1708189199999,17883.5201,117,109561.0,14728.2883,0
1708189200000,0.1343,0.1347,0.134,0.1343,48667.0,1708190099999,6540.4021,122,24771.0,3329.8858,0
1708190100000,0.1343,0.1347,0.1341,0.1346,18817.0,1708190999999,2530.1817,34,13522.0,1819.6016,0
1708191000000,0.1345,0.1347,0.1339,0.1342,101247.0,1708191899999,13591.9794,80,9263.0,1244.8476,0
1708191900000,0.1341,0.1356,0.1338,0.1351,141681.0,1708192799999,19112.3945,176,122806.0,16574.8564,0
1708192800000,0.1351,0.1351,0.1348,0.1349,20732.0,1708193699999,2796.1749,42,6433.0,868.5958,0
1708193700000,0.1346,0.1348,0.1345,0.1348,17918.0,1708194599999,2414.5873,29,11924.0,1607.1879,0
1708194600000,0.1348,0.1349,0.1346,0.1347,10171.0,1708195499999,1370.4136,22,5852.0,788.748,0
1708195500000,0.1348,0.1349,0.1345,0.1349,65714.0,1708196399999,8854.041,83,39706.0,5352.5539,0
1708196400000,0.135,0.1351,0.1341,0.1348,49531.0,1708197299999,6666.9359,87,22968.0,3097.2313,0
1708197300000,0.1348,0.1352,0.1348,0.135,19136.0,1708198199999,2582.7933,29,11453.0,1546.1779,0
1708198200000,0.135,0.1351,0.1347,0.135,23777.0,1708199099999,3206.8377,33,13311.0,1794.8446,0
1708199100000,0.1349,0.1351,0.1344,0.1345,98272.0,1708199999999,13239.9723,102,29962.0,4044.1416,0
1708200000000,0.1347,0.1353,0.1346,0.1352,74805.0,1708200899999,10113.1225,70,47846.0,6466.9086,0
1708200900000,0.1353,0.1353,0.1345,0.135,103813.0,1708201799999,14004.4003,63,21211.0,2866.2364,0
1708201800000,0.1348,0.135,0.1345,0.1349,54154.0,1708202699999,7298.2097,50,17794.0,2400.0337,0
1708202700000,0.1349,0.1356,0.1349,0.1353,56571.0,1708203599999,7652.966,92,51016.0,6901.7814,0
1708203600000,0.1353,0.1355,0.135,0.1352,120773.0,1708204499999,16324.6823,78,96036.0,12982.0033,0
1708204500000,0.1352,0.1359,0.1352,0.1359,105875.0,1708205399999,14364.4867,115,73435.0,9962.7964,0
1708205400000,0.1359,0.1361,0.1352,0.1355,101365.0,1708206299999,13748.5421,99,42288.0,5746.907,0
1708206300000,0.1354,0.1356,0.1353,0.1355,55818.0,1708207199999,7558.8792,59,18120.0,2453.3994,0
1708207200000,0.1355,0.1357,0.1354,0.1356,19443.0,1708208099999,2636.1626,52,13147.0,1782.5877,0
1708208100000,0.1356,0.1358,0.1354,0.1357,73056.0,1708208999999,9912.5886,23,32223.0,4372.1511,0
1708209000000,0.1357,0.1357,0.1354,0.1356,29478.0,1708209899999,3996.1633,39,14298.0,1939.0602,0
1708209900000,0.1356,0.1357,0.1354,0.1357,26110.0,1708210799999,3539.4317,44,17850.0,2420.1592,0
1708210800000,0.1357,0.1357,0.1354,0.1354,22492.0,1708211699999,3047.2475,39,4134.0,560.8906,0
1708211700000,0.1354,0.1356,0.1353,0.1355,81246.0,1708212599999,10996.8825,43,9953.0,1349.1632,0
1708212600000,0.1356,0.1356,0.1353,0.1354,148759.0,1708213499999,20129.2954,73,5352.0,725.046,0
1708213500000,0.1354,0.1356,0.1348,0.135,105644.0,1708214399999,14277.4021,223,10007.0,1352.6812,0
1708214400000,0.135,0.1352,0.1348,0.1352,30003.0,1708215299999,4048.8955,102,19585.0,2643.5394,0
1708215300000,0.1353,0.1355,0.1353,0.1355,20401.0,1708216199999,2761.5844,36,13786.0,1866.3522,0
1708216200000,0.1354,0.1355,0.1346,0.135,75817.0,1708217099999,10242.5504,84,28543.0,3858.5514,0
1708217100000,0.135,0.1359,0.1349,0.1359,88699.0,1708217999999,12020.0318,188,84620.0,11467.7983,0
1708218000000,0.1359,0.1362,0.1355,0.1359,69320.0,1708218899999,9421.8761,103,39882.0,5425.1069,0
1708218900000,0.1359,0.136,0.1352,0.1357,91948.0,1708219799999,12471.3449,101,46844.0,6357.5308,0
1708219800000,0.1357,0.1359,0.1351,0.1352,16239.0,1708220699999,2198.0419,30,3337.0,451.3928,0
1708220700000,0.1351,0.1351,0.1346,0.1347,13797.0,1708221599999,1859.9339,56,5186.0,699.7294,0
1708221600000,0.1348,0.135,0.1346,0.1348,14369.0,1708222499999,1937.8251,48,12213.0,1647.1802,0
1708222500000,0.1349,0.1361,0.1349,0.1353,62014.0,1708223399999,8416.9006,55,52636.0,7144.9875,0
1708223400000,0.1352,0.1355,0.135,0.1353,22772.0,1708224299999,3079.3383,32,9055.0,1225.7955,0
1708224300000,0.1352,0.1352,0.1342,0.1344,72978.0,1708225199999,9824.301,124,11334.0,1527.4877,0
1708225200000,0.1347,0.1347,0.1343,0.1347,11750.0,1708226099999,1581.2039,53,8483.0,1142.1749,0
1708226100000,0.1343,0.1349,0.1343,0.1349,15964.0,1708226999999,2149.6385,17,14425.0,1942.8988,0
1708227000000,0.1349,0.1361,0.1346,0.1357,85841.0,1708227899999,11641.5795,88,65423.0,8871.1741,0
1708227900000,0.1358,0.1359,0.1355,0.1355,17483.0,1708228799999,2373.3791,48,8994.0,1220.6434,0
1708228800000,0.1355,0.136,0.1354,0.1358,14211.0,1708229699999,1928.2639,39,6936.0,941.4224,0
1708229700000,0.1359,0.1362,0.1357,0.1361,17303.0,1708230599999,2352.4731,33,12497.0,1700.0997,0
1708230600000,0.1362,0.1365,0.1359,0.136,32413.0,1708231499999,4416.0937,37,21157.0,2884.7505,0
1708231500000,0.136,0.1361,0.1358,0.1361,11012.0,1708232399999,1497.4286,44,6554.0,891.6522,0
1708232400000,0.1358,0.1369,0.1358,0.1365,59754.0,1708233299999,8158.5894,91,51464.0,7028.3679,0
1708233300000,0.1367,0.1367,0.1365,0.1366,14643.0,1708234199999,1999.3735,23,732.0,100.0601,0
1708234200000,0.1365,0.138,0.1357,0.1369,681018.0,1708235099999,93138.893,346,290278.0,39719.7449,0
1708235100000,0.1368,0.1369,0.1366,0.1367,21741.0,1708235999999,2973.1814,60,15485.0,2118.1915,0
1708236000000,0.1368,0.1376,0.1354,0.1368,187713.0,1708236899999,25640.0034,276,58010.0,7956.6678,0
1708236900000,0.1368,0.1368,0.1362,0.1367,33970.0,1708237799999,4640.4851,52,19504.0,2666.3728,0
1708237800000,0.1366,0.1366,0.1364,0.1366,36884.0,1708238699999,5035.723,43,8052.0,1098.8246,0
1708238700000,0.1366,0.1366,0.1362,0.1364,20685.0,1708239599999,2819.007,60,10111.0,1378.2994,0
1708239600000,0.1364,0.1365,0.1356,0.1365,99637.0,1708240499999,13567.0341,151,49755.0,6777.6426,0
1708240500000,0.1363,0.1398,0.1363,0.1376,491153.0,1708241399999,67991.9092,329,385730.0,53416.8342,0
1708241400000,0.1376,0.138,0.1375,0.1379,30791.0,1708242299999,4243.0757,53,22105.0,3046.6563,0
1708242300000,0.1378,0.139,0.1371,0.138,230036.0,1708243199999,31810.3661,284,130382.0,18056.3969,0
1708243200000,0.138,0.1386,0.1374,0.1374,103201.0,1708244099999,14250.9849,162,44937.0,6213.1353,0
1708244100000,0.1377,0.1378,0.1371,0.1377,35069.0,1708244999999,4820.1364,33,28483.0,3915.8457,0
1708245000000,0.1377,0.1385,0.1374,0.1381,55630.0,1708245899999,7658.7068,58,38645.0,5321.2182,0
1708245900000,0.1376,0.1387,0.1376,0.1384,34710.0,1708246799999,4793.9988,83,27295.0,3770.2698,0
1708246800000,0.1386,0.139,0.1381,0.1383,49474.0,1708247699999,6860.1794,101,30429.0,4224.3451,0
1708247700000,0.1383,0.1404,0.1383,0.1387,377319.0,1708248599999,52731.6562,352,289780.0,40520.2562,0
1708248600000,0.1387,0.1396,0.1383,0.1389,119335.0,1708249499999,16590.6406,123,72021.0,10027.0875,0
1708249500000,0.139,0.1396,0.1387,0.1393,127007.0,1708250399999,17688.8579,123,94737.0,13207.563,0
1708250400000,0.1393,0.1395,0.1389,0.1389,26704.0,1708251299999,3716.5496,74,13581.0,1892.1063,0
1708251300000,0.1392,0.1394,0.1388,0.1394,43110.0,1708252199999,5998.0816,39,15628.0,2174.5716,0
1708252200000,0.1389,0.1395,0.1385,0.139,53384.0,1708253099999,7419.7246,68,25169.0,3503.7884,0
1708253100000,0.1388,0.1393,0.1387,0.1393,23418.0,1708253999999,3254.7208,61,6316.0,879.1459,0
1708254000000,0.1393,0.1396,0.1389,0.1396,54449.0,1708254899999,7593.3549,77,48478.0,6762.856,0
1708254900000,0.1393,0.1399,0.1392,0.1399,49227.0,1708255799999,6872.6482,38,40484.0,5652.2129,0
1708255800000,0.1399,0.1399,0.1378,0.139,243274.0,1708256699999,33711.2779,187,96750.0,13387.5872,0
1708256700000,0.139,0.1393,0.1382,0.1392,236877.0,1708257599999,32839.1954,207,101591.0,14096.1791,0
1708257600000,0.1391,0.1392,0.1387,0.139,13444.0,1708258499999,1868.8954,60,7568.0,1052.3968,0
1708258500000,0.139,0.1392,0.1388,0.139,14428.0,1708259399999,2006.155,23,4135.0,575.5095,0
1708259400000,0.1388,0.1389,0.1383,0.1388,28248.0,1708260299999,3913.8744,46,14261.0,1975.9156,0
1708260300000,0.1386,0.1386,0.1376,0.1377,65775.0,1708261199999,9071.2735,125,16291.0,2247.2337,0
1708261200000,0.1378,0.1383,0.1377,0.138,31441.0,1708262099999,4338.1426,87,15794.0,2180.1839,0
1708262100000,0.1378,0.1379,0.1376,0.1379,30880.0,1708262999999,4251.7778,29,4857.0,669.4234,0
1708263000000,0.1377,0.1377,0.1374,0.1376,48823.0,1708263899999,6713.269,51,13523.0,1858.85,0
1708263900000,0.1376,0.1383,0.1369,0.1381,217280.0,1708264799999,29920.5176,200,89030.0,12271.5886,0
1708264800000,0.1379,0.1382,0.1376,0.1381,34583.0,1708265699999,4767.2845,80,18419.0,2540.7474,0
1708265700000,0.1381,0.1381,0.1378,0.138,12829.0,1708266599999,1770.3845,25,4953.0,683.7484,0
1708266600000,0.138,0.1384,0.138,0.1384,20151.0,1708267499999,2783.8559,48,9687.0,1338.5021,0
1708267500000,0.1384,0.139,0.1381,0.1384,149275.0,1708268399999,20694.0469,177,78618.0,10909.6119,0
1708268400000,0.1384,0.1387,0.1382,0.1386,13161.0,1708269299999,1822.475,53,8078.0,1118.599,0
1708269300000,0.1384,0.1387,0.1382,0.1387,87157.0,1708270199999,12058.536,35,77106.0,10669.0654,0
1708270200000,0.1387,0.1394,0.1384,0.139,131925.0,1708271099999,18307.6352,69,113296.0,15724.19,0
1708271100000,0.1389,0.1395,0.1387,0.1389,109795.0,1708271999999,15284.0561,130,76838.0,10702.0133,0
1708272000000,0.1391,0.1394,0.1389,0.1393,24490.0,1708272899999,3408.9091,61,12889.0,1794.606,0
1708272900000,0.1394,0.1396,0.1388,0.1388,75987.0,1708273799999,10575.5182,70,34801.0,4847.8928,0
1708273800000,0.1388,0.1397,0.1388,0.1396,126430.0,1708274699999,17616.1893,63,84138.0,11721.6572,0
1708274700000,0.1395,0.1406,0.1391,0.1393,182487.0,1708275599999,25540.5514,285,128041.0,17936.7857,0
1708275600000,0.1393,0.1399,0.1392,0.1399,29591.0,1708276499999,4127.3325,71,19446.0,2713.4159,0
1708276500000,0.1395,0.1398,0.1389,0.1396,132381.0,1708277399999,18449.1586,91,41666.0,5818.2224,0
1708277400000,0.1396,0.1397,0.1393,0.1397,21551.0,1708278299999,3006.7736,37,8588.0,1199.066,0
1708278300000,0.1394,0.1398,0.139,0.1398,70240.0,1708279199999,9792.1077,123,38463.0,5368.3273,0
1708279200000,0.1398,0.1398,0.1393,0.1393,11823.0,1708280099999,1650.3267,50,7006.0,978.6369,0
1708280100000,0.1392,0.1392,0.1384,0.1385,236003.0,1708280999999,32729.4778,131,61308.0,8506.4425,0
1708281000000,0.1384,0.1384,0.1382,0.1383,74498.0,1708281899999,10307.9048,47,6912.0,956.591,0
1708281900000,0.1383,0.1388,0.1383,0.1385,25028.0,1708282799999,3468.1182,90,12330.0,1709.294,0
1708282800000,0.1387,0.1397,0.1384,0.1387,87400.0,1708283699999,12148.0013,116,72004.0,10009.8046,0
1708283700000,0.1387,0.139,0.1386,0.139,6776.0,1708284599999,940.6226,11,5421.0,752.8159,0
1708284600000,0.139,0.1392,0.1389,0.1389,11091.0,1708285499999,1542.7884,24,5715.0,795.1927,0
1708285500000,0.139,0.1392,0.1385,0.1387,51036.0,1708286399999,7088.1578,104,14911.0,2072.3071,0
1708286400000,0.1387,0.1391,0.1386,0.1387,16487.0,1708287299999,2289.9465,75,10453.0,1452.1552,0
1708287300000,0.1388,0.1389,0.1381,0.1385,71340.0,1708288199999,9878.3054,136,40450.0,5605.9839,0
1708288200000,0.1385,0.1385,0.1382,0.1385,14886.0,1708289099999,2059.0122,22,2619.0,362.4754,0
1708289100000,0.1385,0.1389,0.1383,0.1383,43564.0,1708289999999,6035.2985,121,10608.0,1470.9116,0
1708290000000,0.1383,0.1392,0.1382,0.1391,75298.0,1708290899999,10447.9223,168,45855.0,6366.6247,0
1708290900000,0.1391,0.1395,0.139,0.1394,57399.0,1708291799999,7995.0296,45,36245.0,5050.0728,0
1708291800000,0.1395,0.1398,0.1392,0.1397,13438.0,1708292699999,1876.7323,22,11389.0,1590.9182,0
1708292700000,0.1397,0.1397,0.1392,0.1393,11923.0,1708293599999,1661.7553,62,4796.0,668.9139,0
1708293600000,0.1395,0.1401,0.139,0.1397,113460.0,1708294499999,15830.7784,126,46974.0,6563.506,0
1708294500000,0.1398,0.1403,0.1398,0.1399,49356.0,1708295399999,6911.8805,75,35883.0,5026.0473,0
1708295400000,0.14,0.1401,0.1394,0.1394,39831.0,1708296299999,5571.4207,75,12606.0,1765.5836,0
1708296300000,0.1394,0.1401,0.1391,0.1398,62722.0,1708297199999,8752.5749,102,36461.0,5095.5773,0
1708297200000,0.1397,0.1402,0.1392,0.1395,141562.0,1708298099999,19772.4682,100,56244.0,7854.4616,0
1708298100000,0.1394,0.1398,0.1394,0.1395,34088.0,1708298999999,4756.5275,47,18682.0,2607.7747,0
1708299000000,0.1396,0.1396,0.1391,0.1391,35615.0,1708299899999,4963.3852,56,15037.0,2094.4477,0
1708299900000,0.1393,0.1393,0.1387,0.139,86243.0,1708300799999,11986.511,189,24612.0,3423.0157,0
1708300800000,0.139,0.1395,0.1388,0.1395,61120.0,1708301699999,8488.7477,85,45293.0,6290.3346,0
1708301700000,0.1395,0.1399,0.139,0.1399,73604.0,1708302599999,10266.9656,72,44803.0,6254.9844,0
1708302600000,0.1399,0.1405,0.1395,0.1405,127699.0,1708303499999,17889.8895,77,52519.0,7362.2671,0
1708303500000,0.1405,0.1406,0.1403,0.1404,52797.0,1708304399999,7414.2517,102,20771.0,2918.0744,0
1708304400000,0.1403,0.1407,0.1399,0.1402,26224.0,1708305299999,3683.0506,94,14845.0,2085.8819,0
1708305300000,0.1403,0.1404,0.1397,0.1399,26640.0,1708306199999,3730.5611,34,5093.0,714.4942,0
1708306200000,0.14,0.1402,0.1397,0.1401,33650.0,1708307099999,4711.526,58,22873.0,3203.2308,0
1708307100000,0.1399,0.1406,0.1397,0.1404,67957.0,1708307999999,9522.6691,78,32377.0,4544.1007,0
1708308000000,0.1404,0.1405,0.1401,0.1404,18040.0,1708308899999,2532.6525,65,12597.0,1769.0239,0
1708308900000,0.1404,0.1404,0.1402,0.1402,8306.0,1708309799999,1164.89,16,1809.0,253.864,0
1708309800000,0.1404,0.1406,0.1403,0.1404,34437.0,1708310699999,4834.8391,63,17425.0,2447.0045,0
1708310700000,0.1404,0.1407,0.1402,0.1407,40286.0,1708311599999,5659.7858,85,29025.0,4079.9551,0
1708311600000,0.1407,0.1409,0.1406,0.1407,48707.0,1708312499999,6854.4801,85,39698.0,5586.8204,0
1708312500000,0.1406,0.1407,0.1404,0.1404,8556.0,1708313399999,1202.6284,20,1436.0,201.954,0
1708313400000,0.1403,0.1404,0.1402,0.1402,18041.0,1708314299999,2531.124,28,4041.0,567.2085,0
1708314300000,0.1402,0.1436,0.1399,0.142,504281.0,1708315199999,71613.9612,660,361389.0,51283.3114,0
1708315200000,0.142,0.1423,0.1416,0.1418,37144.0,1708316099999,5272.527,101,17170.0,2436.8347,0
1708316100000,0.1418,0.1422,0.1416,0.1418,21413.0,1708316999999,3037.5395,30,14744.0,2091.3394,0
1708317000000,0.1418,0.1421,0.1414,0.1416,24339.0,1708317899999,3450.3039,35,9928.0,1407.6287,0
1708317900000,0.1415,0.1418,0.1415,0.1415,24369.0,1708318799999,3451.1149,101,12287.0,1741.3189,0
1708318800000,0.1415,0.1422,0.1414,0.1414,35949.0,1708319699999,5099.01,74,14109.0,2002.34,0
1708319700000,0.1417,0.1417,0.1413,0.1416,7465.0,1708320599999,1056.2168,20,5016.0,709.9393,0
1708320600000,0.1416,0.1418,0.141,0.141,36498.0,1708321499999,5159.7333,69,21315.0,3013.7541,0
1708321500000,0.141,0.1418,0.141,0.1418,40626.0,1708322399999,5746.3719,90,33575.0,4749.666,0
1708322400000,0.1416,0.1433,0.1414,0.1425,74627.0,1708323299999,10618.8443,134,59325.0,8442.3374,0
1708323300000,0.1423,0.1436,0.1423,0.1428,68832.0,1708324199999,9841.2637,102,49200.0,7036.9636,0
1708324200000,0.1426,0.1428,0.1425,0.1425,26969.0,1708325099999,3848.3477,38,16916.0,2414.1791,0
1708325100000,0.1427,0.1429,0.1423,0.1429,46024.0,1708325999999,6567.6512,116,31478.0,4492.9025,0
1708326000000,0.1429,0.143,0.1424,0.1424,45985.0,1708326899999,6563.5487,118,19937.0,2849.1368,0
1708326900000,0.1423,0.1427,0.1418,0.1421,81630.0,1708327799999,11606.2304,81,12781.0,1821.578,0
1708327800000,0.1421,0.1423,0.1417,0.142,44706.0,1708328699999,6345.9573,64,5851.0,831.3291,0
1708328700000,0.1418,0.1422,0.1417,0.1419,70698.0,1708329599999,10033.1139,157,44500.0,6318.7396,0
1708329600000,0.142,0.1421,0.1416,0.1418,43525.0,1708330499999,6172.1542,92,18067.0,2563.046,0
1708330500000,0.1418,0.1418,0.141,0.1411,131168.0,1708331399999,18544.3148,114,46048.0,6514.5885,0
1708331400000,0.1411,0.1411,0.1396,0.1399,365613.0,1708332299999,51322.9468,247,111980.0,15702.7761,0
1708332300000,0.1398,0.1402,0.1391,0.1391,295761.0,1708333199999,41281.621,360,174509.0,24368.2082,0
1708333200000,0.1393,0.1401,0.1392,0.1401,59677.0,1708334099999,8329.49,150,43095.0,6014.1827,0
1708334100000,0.14,0.1407,0.14,0.1404,25519.0,1708334999999,3584.8655,43,7205.0,1010.7788,0
1708335000000,0.1404,0.1404,0.1401,0.1403,26299.0,1708335899999,3687.4674,35,6135.0,860.7963,0
1708335900000,0.1404,0.1406,0.1396,0.1398,120274.0,1708336799999,16832.1886,180,36425.0,5102.5953,0
1708336800000,0.1397,0.1403,0.1396,0.1397,138486.0,1708337699999,19368.0657,165,80496.0,11263.6342,0
1708337700000,0.1398,0.14,0.1391,0.1393,102506.0,1708338599999,14291.4836,101,73264.0,10211.3743,0
1708338600000,0.1393,0.1399,0.139,0.1397,91184.0,1708339499999,12694.8505,100,33533.0,4673.5636,0
1708339500000,0.1397,0.1403,0.1397,0.14,47160.0,1708340399999,6604.531,187,28493.0,3991.3991,0
1708340400000,0.14,0.1405,0.1397,0.1398,57562.0,1708341299999,8060.8533,105,30082.0,4214.065,0
1708341300000,0.1398,0.1401,0.1398,0.14,39513.0,1708342199999,5531.5886,50,20987.0,2938.1386,0
1708342200000,0.1399,0.1401,0.1399,0.14,27333.0,1708343099999,3827.049,22,18318.0,2565.5258,0
1708343100000,0.14,0.14,0.1393,0.1398,61307.0,1708343999999,8562.1573,140,20347.0,2842.6886,0
1708344000000,0.1396,0.1397,0.1392,0.1396,69683.0,1708344899999,9717.5705,148,30841.0,4302.7529,0
1708344900000,0.1396,0.1403,0.139,0.1403,241820.0,1708345799999,33749.9783,213,141274.0,19744.2433,0
1708345800000,0.1402,0.1403,0.1398,0.1399,57821.0,1708346699999,8096.4845,47,28974.0,4054.8476,0
1708346700000,0.1399,0.1399,0.1393,0.1394,80632.0,1708347599999,11264.6781,136,45166.0,6315.1153,0
1708347600000,0.1396,0.1399,0.1384,0.1391,306479.0,1708348499999,42670.6635,381,66998.0,9344.372,0
1708348500000,0.1392,0.1395,0.1388,0.1388,100585.0,1708349399999,13986.6574,109,31334.0,4358.0873,0
1708349400000,0.1391,0.1392,0.1385,0.1386,59006.0,1708350299999,8192.0835,67,22051.0,3063.6732,0
1708350300000,0.1387,0.1387,0.1383,0.1384,55159.0,1708351199999,7638.7633,128,22817.0,3160.3247,0
1708351200000,0.1383,0.1387,0.1365,0.1379,510330.0,1708352099999,70317.4834,462,222394.0,30673.001,0
1708352100000,0.1379,0.1381,0.1371,0.1377,360029.0,1708352999999,49604.3805,192,247773.0,34161.3715,0
1708353000000,0.1377,0.138,0.1375,0.1375,23202.0,1708353899999,3196.7002,43,14580.0,2009.2626,0
1708353900000,0.1377,0.139,0.1373,0.1384,203833.0,1708354799999,28206.3289,226,119883.0,16577.2801,0
1708354800000,0.1384,0.1387,0.1378,0.1381,58244.0,1708355699999,8044.8413,101,12401.0,1715.1945,0
1708355700000,0.1385,0.139,0.1385,0.1388,46676.0,1708356599999,6473.2024,55,19678.0,2731.6455,0
1708356600000,0.1388,0.1388,0.1382,0.1383,29556.0,1708357499999,4094.2054,53,16129.0,2235.7494,0
1708357500000,0.1383,0.1387,0.1379,0.1379,46230.0,1708358399999,6390.1429,131,17052.0,2359.1776,0
1708358400000,0.138,0.1386,0.1377,0.1384,87781.0,1708359299999,12122.6712,126,28211.0,3904.7215,0
1708359300000,0.1384,0.139,0.1383,0.139,48062.0,1708360199999,6667.1205,76,31867.0,4422.6017,0
1708360200000,0.1387,0.139,0.1381,0.1387,57550.0,1708361099999,7976.1703,74,33505.0,4646.8864,0
1708361100000,0.1387,0.1388,0.1369,0.1372,192970.0,1708361999999,26561.2567,245,69034.0,9505.3838,0
1708362000000,0.1372,0.1385,0.137,0.1373,191657.0,1708362899999,26370.9718,238,124907.0,17180.9831,0
1708362900000,0.1374,0.1379,0.1369,0.1375,243456.0,1708363799999,33439.0331,207,58897.0,8098.1512,0
1708363800000,0.1378,0.1383,0.1375,0.1379,94919.0,1708364699999,13095.689,78,47362.0,6538.4104,0
1708364700000,0.1379,0.1382,0.1377,0.1379,67454.0,1708365599999,9307.3876,193,21132.0,2917.8694,0
1708365600000,0.1382,0.1383,0.1377,0.138,49951.0,1708366499999,6892.195,129,27248.0,3762.552,0
1708366500000,0.138,0.1383,0.1376,0.1376,59413.0,1708367399999,8197.68,65,17026.0,2352.5748,0
1708367400000,0.1377,0.1381,0.1376,0.138,51277.0,1708368299999,7080.4622,52,20907.0,2886.6406,0
1708368300000,0.1383,0.1383,0.1376,0.1378,37988.0,1708369199999,5236.4236,74,10499.0,1448.982,0
1708369200000,0.1378,0.1382,0.1377,0.1378,64770.0,1708370099999,8932.7409,80,44230.0,6101.1067,0
1708370100000,0.1378,0.1381,0.1378,0.1378,9579.0,1708370999999,1321.2095,20,4741.0,654.2476,0
1708371000000,0.1379,0.1382,0.1378,0.138,46494.0,1708371899999,6414.4616,56,30834.0,4255.1539,0
1708371900000,0.1379,0.1382,0.1378,0.1382,34101.0,1708372799999,4706.2748,75,24938.0,3442.9288,0
1708372800000,0.1382,0.1383,0.1375,0.1377,82882.0,1708373699999,11420.6413,106,25693.0,3544.1547,0
1708373700000,0.1378,0.1388,0.1377,0.1388,105448.0,1708374599999,14594.8602,55,70914.0,9806.2514,0
1708374600000,0.1388,0.1389,0.1382,0.1385,54612.0,1708375499999,7564.5125,74,38500.0,5331.65,0
1708375500000,0.1386,0.1399,0.1384,0.1384,255699.0,1708376399999,35570.4827,245,157920.0,21985.3285,0
1708376400000,0.1384,0.1393,0.1377,0.1388,211233.0,1708377299999,29231.7249,226,84634.0,11735.864,0
1708377300000,0.1387,0.1389,0.1381,0.1383,86853.0,1708378199999,12032.4624,71,16754.0,2322.8554,0
1708378200000,0.1385,0.1387,0.1382,0.1385,26971.0,1708379099999,3733.8641,44,17299.0,2395.6351,0
1708379100000,0.1385,0.1399,0.1383,0.1386,205502.0,1708379999999,28584.7487,176,151435.0,21087.7278,0
1708380000000,0.1386,0.1394,0.1386,0.1392,54234.0,1708380899999,7539.6298,106,24542.0,3414.3986,0
1708380900000,0.1394,0.1394,0.1391,0.1392,47530.0,1708381799999,6621.0649,42,11540.0,1607.8226,0
1708381800000,0.1393,0.1393,0.1388,0.1392,37443.0,1708382699999,5208.053,58,17780.0,2472.9777,0
1708382700000,0.139,0.1393,0.1386,0.1391,88272.0,1708383599999,12265.082,112,25798.0,3589.1481,0
1708383600000,0.1391,0.1392,0.1386,0.139,27133.0,1708384499999,3769.7867,73,16334.0,2271.0036,0
1708384500000,0.139,0.1391,0.1387,0.1388,15477.0,1708385399999,2150.4815,25,10600.0,1473.5814,0
1708385400000,0.1389,0.139,0.1383,0.1385,16879.0,1708386299999,2339.4513,47,8679.0,1203.7581,0
1708386300000,0.1384,0.1384,0.1381,0.1384,17589.0,1708387199999,2432.651,79,5463.0,755.7916,0
1708387200000,0.1384,0.1387,0.1381,0.1386,90662.0,1708388099999,12549.6587,130,39971.0,5535.8214,0
1708388100000,0.1385,0.1387,0.1382,0.1383,28337.0,1708388999999,3926.2951,35,15346.0,2126.8654,0
1708389000000,0.1383,0.1385,0.1375,0.1376,54179.0,1708389899999,7480.12,78,12841.0,1773.533,0
1708389900000,0.1376,0.1379,0.1372,0.1373,76505.0,1708390799999,10521.2992,135,51687.0,7111.5959,0
1708390800000,0.1373,0.1374,0.1357,0.1365,348717.0,1708391699999,47601.7739,302,53420.0,7310.5948,0
1708391700000,0.1364,0.1366,0.1354,0.1356,122698.0,1708392599999,16665.3885,167,48432.0,6580.2262,0
1708392600000,0.1355,0.1367,0.1355,0.1364,191954.0,1708393499999,26148.2996,159,138223.0,18817.9515,0
1708393500000,0.1364,0.1368,0.1363,0.1364,31782.0,1708394399999,4338.1316,88,15963.0,2178.7795,0
1708394400000,0.1364,0.137,0.1364,0.1366,32734.0,1708395299999,4477.1786,86,22078.0,3020.6028,0
1708395300000,0.1367,0.1397,0.1367,0.1385,533763.0,1708396199999,73948.2623,473,445528.0,61721.5793,0
1708396200000,0.1383,0.1385,0.1381,0.1381,4880.0,1708397099999,674.7154,15,713.0,98.7462,0
1708397100000,0.1383,0.1387,0.1381,0.1385,58253.0,1708397999999,8061.8641,109,49857.0,6900.0895,0
1708398000000,0.1386,0.1388,0.1384,0.1384,22695.0,1708398899999,3146.55,83,17423.0,2416.3331,0
1708398900000,0.1385,0.1385,0.1382,0.1382,6892.0,1708399799999,953.5297,11,286.0,39.5406,0
1708399800000,0.1384,0.1384,0.138,0.1381,19226.0,1708400699999,2657.6548,42,6163.0,852.3317,0
1708400700000,0.1381,0.1383,0.1375,0.1376,30788.0,1708401599999,4242.4297,91,8154.0,1123.1009,0
1708401600000,0.1377,0.139,0.1371,0.1377,103007.0,1708402499999,14218.6661,143,73132.0,10103.9636,0
1708402500000,0.1378,0.1379,0.1367,0.1376,65585.0,1708403399999,8998.2028,60,8833.0,1215.0778,0
1708403400000,0.1378,0.138,0.1376,0.138,31018.0,1708404299999,4277.9952,58,22076.0,3044.471,0
1708404300000,0.138,0.1386,0.1379,0.1384,56835.0,1708405199999,7851.749,83,44337.0,6122.3015,0
1708405200000,0.1384,0.1402,0.1384,0.1391,166051.0,1708406099999,23158.2081,209,131765.0,18388.0229,0
1708406100000,0.1393,0.1393,0.1377,0.1386,124049.0,1708406999999,17166.6406,107,13138.0,1824.4413,0
1708407000000,0.1388,0.1392,0.1388,0.1391,14418.0,1708407899999,2003.8943,25,9548.0,1327.009,0
1708407900000,0.1391,0.1394,0.1385,0.1391,59906.0,1708408799999,8321.7276,129,26991.0,3754.0007,0
1708408800000,0.1391,0.1395,0.1389,0.1395,9612.0,1708409699999,1338.4572,42,5694.0,793.3298,0
1708409700000,0.1395,0.1397,0.1393,0.1394,12634.0,1708410599999,1762.8517,32,10676.0,1489.9133,0
1708410600000,0.1395,0.1397,0.1395,0.1395,37051.0,1708411499999,5170.0246,38,20732.0,2893.4231,0
1708411500000,0.1396,0.1398,0.1392,0.1395,34084.0,1708412399999,4754.4729,79,22403.0,3125.1079,0
1708412400000,0.1392,0.1395,0.1391,0.1393,28284.0,1708413299999,3937.1084,69,15889.0,2211.9611,0
1708413300000,0.1393,0.1393,0.139,0.1392,45488.0,1708414199999,6331.4942,31,38152.0,5310.2134,0
1708414200000,0.1392,0.1398,0.1391,0.1393,98721.0,1708415099999,13760.3747,109,81417.0,11349.1197,0
1708415100000,0.1394,0.1397,0.1392,0.1392,47470.0,1708415999999,6617.7684,116,21119.0,2945.2015,0
1708416000000,0.1392,0.1397,0.1392,0.1396,32397.0,1708416899999,4520.5936,75,12180.0,1699.2806,0
1708416900000,0.1395,0.1395,0.1384,0.1384,54172.0,1708417799999,7541.6423,46,4062.0,562.6955,0
1708417800000,0.1383,0.1391,0.1381,0.1391,60823.0,1708418699999,8424.3304,62,36942.0,5118.8827,0
1708418700000,0.1389,0.1389,0.1381,0.1387,34709.0,1708419599999,4804.3049,111,6575.0,911.0875,0
1708419600000,0.1384,0.1387,0.1381,0.1381,9937.0,1708420499999,1375.98,44,3315.0,459.5915,0
1708420500000,0.1381,0.1382,0.1378,0.1382,41910.0,1708421399999,5783.6569,88,24988.0,3448.9678,0
1708421400000,0.1381,0.1381,0.1377,0.1379,22634.0,1708422299999,3120.7451,26,8496.0,1171.6484,0
1708422300000,0.138,0.1389,0.1369,0.1378,211516.0,1708423199999,29114.3196,291,75677.0,10437.6506,0
1708423200000,0.1376,0.1388,0.1372,0.1385,50678.0,1708424099999,6994.4007,115,25418.0,3508.8231,0
1708424100000,0.1386,0.1386,0.1378,0.1384,123408.0,1708424999999,17043.3326,85,25464.0,3520.9943,0
1708425000000,0.1385,0.1388,0.1385,0.1385,24411.0,1708425899999,3385.4491,27,19027.0,2639.368,0
1708425900000,0.1386,0.1396,0.1386,0.1394,158141.0,1708426799999,21999.2462,254,117282.0,16314.9441,0
1708426800000,0.1394,0.1396,0.1389,0.1393,89345.0,1708427699999,12447.7483,144,62229.0,8673.3935,0
1708427700000,0.1392,0.1396,0.1391,0.1393,52541.0,1708428599999,7318.8703,76,24572.0,3424.821,0
1708428600000,0.1394,0.1395,0.139,0.1395,39107.0,1708429499999,5444.7964,49,8716.0,1213.4409,0
1708429500000,0.1395,0.1395,0.1391,0.1392,55716.0,1708430399999,7758.8938,115,30056.0,4187.2758,0
1708430400000,0.1393,0.1397,0.1392,0.1397,31791.0,1708431299999,4432.2939,104,16530.0,2305.6901,0
1708431300000,0.1394,0.14,0.139,0.1397,62560.0,1708432199999,8721.8054,88,16419.0,2293.3233,0
1708432200000,0.1397,0.1401,0.1396,0.1396,70029.0,1708433099999,9789.7993,67,22572.0,3159.3744,0
1708433100000,0.1395,0.1395,0.1385,0.1388,265357.0,1708433999999,36886.3641,192,94865.0,13160.2158,0
1708434000000,0.1388,0.1391,0.1383,0.139,68365.0,1708434899999,9483.5928,156,40969.0,5686.1769,0
1708434900000,0.139,0.1396,0.1389,0.1394,32900.0,1708435799999,4581.6852,70,22299.0,3107.8646,0
1708435800000,0.1395,0.1427,0.1393,0.1415,746475.0,1708436699999,105374.7863,889,466336.0,65839.2743,0
1708436700000,0.1414,0.1431,0.1409,0.1424,324270.0,1708437599999,45986.3825,515,196450.0,27883.821,0
1708437600000,0.1424,0.143,0.1407,0.1408,205739.0,1708438499999,29188.1882,357,90154.0,12810.3727,0
1708438500000,0.1408,0.1417,0.1406,0.141,249617.0,1708439399999,35199.0738,152,129033.0,18184.7292,0
1708439400000,0.1413,0.1416,0.14,0.14,338907.0,1708440299999,47653.5563,238,80987.0,11413.5736,0
1708440300000,0.14,0.1421,0.138,0.1413,779804.0,1708441199999,109654.0097,805,477572.0,67194.4598,0
1708441200000,0.1414,0.1414,0.1397,0.1399,288783.0,1708442099999,40677.7151,306,158506.0,22351.3169,0
1708442100000,0.1399,0.1399,0.1371,0.1379,536201.0,1708442999999,74152.0425,388,250536.0,34625.8166,0
1708443000000,0.1379,0.1388,0.1378,0.1379,145988.0,1708443899999,20161.9027,147,74868.0,10341.2603,0
1708443900000,0.1379,0.1388,0.1373,0.1386,207183.0,1708444799999,28553.9785,243,120895.0,16668.8636,0
1708444800000,0.1383,0.1394,0.1377,0.1385,105688.0,1708445699999,14640.0135,236,63183.0,8761.0226,0
1708445700000,0.1385,0.1395,0.1384,0.1387,118073.0,1708446599999,16402.4058,130,63521.0,8834.5345,0
1708446600000,0.139,0.14,0.1384,0.1388,188242.0,1708447499999,26233.9507,223,144053.0,20093.0299,0
1708447500000,0.1387,0.1421,0.1387,0.1398,801462.0,1708448399999,112947.382,796,578725.0,81609.9921,0
1708448400000,0.1398,0.1419,0.1392,0.1412,902770.0,1708449299999,127027.4403,842,521601.0,73433.0876,0
1708449300000,0.1412,0.1436,0.1388,0.1399,1455977.0,1708450199999,205994.4247,1376,728719.0,103522.736,0
1708450200000,0.1399,0.1425,0.1399,0.1402,363075.0,1708451099999,51157.6486,374,199485.0,28162.7178,0
1708451100000,0.1403,0.1404,0.1395,0.1402,160668.0,1708451999999,22476.6133,277,24688.0,3460.8917,0
1708452000000,0.14,0.142,0.1399,0.1417,255450.0,1708452899999,35910.8909,402,117092.0,16492.3107,0
1708452900000,0.1414,0.143,0.1408,0.1428,493855.0,1708453799999,70171.5284,349,373668.0,53122.1466,0
1708453800000,0.1428,0.1439,0.1421,0.1433,454678.0,1708454699999,65049.7856,532,255744.0,36601.1336,0
1708454700000,0.1431,0.1439,0.1431,0.1436,423524.0,1708455599999,60830.1515,604,249704.0,35879.4565,0
1708455600000,0.1436,0.1438,0.142,0.1426,512922.0,1708456499999,73398.4402,482,171544.0,24596.1814,0
1708456500000,0.1426,0.1428,0.1408,0.1423,195984.0,1708457399999,27838.5206,276,64083.0,9117.4517,0
1708457400000,0.1425,0.144,0.1423,0.1437,199847.0,1708458299999,28698.1464,204,147062.0,21122.1255,0
1708458300000,0.1439,0.1442,0.1428,0.1431,234837.0,1708459199999,33720.9165,318,130289.0,18735.5545,0
1708459200000,0.1431,0.144,0.1414,0.1432,414933.0,1708460099999,59277.4846,387,100324.0,14366.8859,0
1708460100000,0.143,0.1435,0.1427,0.1428,128657.0,1708460999999,18393.9978,89,28439.0,4070.274,0
1708461000000,0.1428,0.1437,0.1414,0.1424,170574.0,1708461899999,24322.5001,179,56859.0,8140.08,0
1708461900000,0.1426,0.1438,0.1423,0.1432,192822.0,1708462799999,27566.6966,272,125368.0,17937.1572,0
1708462800000,0.1434,0.1436,0.1423,0.1426,172617.0,1708463699999,24656.0109,238,73744.0,10536.7921,0
1708463700000,0.1426,0.1447,0.1426,0.1434,277090.0,1708464599999,39773.7447,207,196859.0,28276.9206,0
1708464600000,0.1434,0.1442,0.1428,0.1428,211485.0,1708465499999,30386.3382,213,119470.0,17178.5244,0
1708465500000,0.1428,0.1436,0.1427,0.143,66291.0,1708466399999,9487.4815,117,24503.0,3511.8124,0
1708466400000,0.1432,0.1437,0.1425,0.1436,143371.0,1708467299999,20529.1889,170,79706.0,11428.0151,0
1708467300000,0.1437,0.1437,0.1409,0.1422,170835.0,1708468199999,24284.4609,257,41187.0,5871.9883,0
1708468200000,0.1423,0.1424,0.1418,0.1421,93127.0,1708469099999,13231.9224,96,34491.0,4902.8887,0
1708469100000,0.1422,0.1424,0.1413,0.1424,184389.0,1708469999999,26204.051,210,122733.0,17463.2442,0
1708470000000,0.1424,0.1433,0.1423,0.1433,49090.0,1708470899999,7004.7094,123,41969.0,5989.3078,0
1708470900000,0.143,0.143,0.1422,0.1424,37339.0,1708471799999,5324.7571,46,5480.0,781.9004,0
1708471800000,0.1424,0.1425,0.1421,0.1421,19685.0,1708472699999,2799.2319,27,6576.0,935.8128,0
1708472700000,0.1421,0.1425,0.1418,0.1423,46341.0,1708473599999,6585.4079,106,23705.0,3371.2647,0
1708473600000,0.142,0.1448,0.142,0.1433,346386.0,1708474499999,49764.6208,444,271788.0,39041.829,0
1708474500000,0.1434,0.1435,0.1426,0.1428,30703.0,1708475399999,4392.1148,53,9756.0,1397.2525,0
1708475400000,0.1428,0.1428,0.1421,0.1421,50576.0,1708476299999,7194.8178,63,8198.0,1167.6614,0
1708476300000,0.1422,0.1427,0.1418,0.1422,77480.0,1708477199999,11007.4444,102,47249.0,6712.3199,0
1708477200000,0.1422,0.1429,0.1418,0.1424,120538.0,1708478099999,17157.1621,138,61228.0,8724.7293,0
1708478100000,0.1428,0.1429,0.1421,0.1425,75253.0,1708478999999,10748.335,25,68971.0,9852.7567,0
1708479000000,0.1424,0.1425,0.1421,0.1421,14492.0,1708479899999,2062.0977,32,6213.0,884.4977,0
1708479900000,0.1421,0.1426,0.1418,0.1423,56882.0,1708480799999,8084.1909,135,28613.0,4069.7046,0
1708480800000,0.142,0.1426,0.1419,0.1422,41742.0,1708481699999,5941.9594,106,16669.0,2373.2291,0
1708481700000,0.1422,0.1422,0.1411,0.1415,117188.0,1708482599999,16575.8748,94,24930.0,3525.2551,0
1708482600000,0.1414,0.1415,0.1407,0.1408,134412.0,1708483499999,18965.495,126,33730.0,4760.0804,0
1708483500000,0.1411,0.1411,0.1399,0.1404,237375.0,1708484399999,33309.2855,215,45408.0,6389.28,0
1708484400000,0.1404,0.1412,0.1404,0.1408,23600.0,1708485299999,3322.8106,86,15206.0,2142.2599,0
1708485300000,0.141,0.141,0.1409,0.1409,2380.0,1708486199999,335.3919,6,499.0,70.359,0
1708486200000,0.1411,0.1411,0.1407,0.1407,1353.0,1708487099999,190.7155,8,1273.0,179.4595,0
1708487100000,0.141,0.141,0.1407,0.1407,41449.0,1708487999999,5835.8805,87,14234.0,2005.7552,0
1708488000000,0.1407,0.141,0.1404,0.1404,58255.0,1708488899999,8194.0688,112,15521.0,2186.7229,0
1708488900000,0.1405,0.1405,0.1396,0.14,202275.0,1708489799999,28277.9632,110,30825.0,4312.2103,0
1708489800000,0.14,0.14,0.1395,0.1395,109523.0,1708490699999,15289.1536,99,23178.0,3236.538,0
1708490700000,0.1396,0.1401,0.1396,0.1399,52008.0,1708491599999,7271.1565,131,33180.0,4638.8655,0
1708491600000,0.14,0.1402,0.1397,0.1399,31413.0,1708492499999,4397.3455,89,16558.0,2317.8519,0
1708492500000,0.1399,0.1403,0.1397,0.1397,97803.0,1708493399999,13686.3508,54,81503.0,11405.0685,0
1708493400000,0.1399,0.14,0.1393,0.1393,91943.0,1708494299999,12831.1077,82,37638.0,5255.9465,0
1708494300000,0.1395,0.141,0.1393,0.1406,350405.0,1708495199999,49090.2227,349,231968.0,32475.9825,0
1708495200000,0.1405,0.1414,0.1395,0.14,131379.0,1708496099999,18507.158,151,104360.0,14715.2843,0
1708496100000,0.1401,0.1412,0.14,0.1408,100240.0,1708496999999,14098.4153,88,23846.0,3355.8656,0
1708497000000,0.1406,0.1409,0.1395,0.1395,19081.0,1708497899999,2674.5938,34,3667.0,513.8084,0
1708497900000,0.1395,0.1397,0.1378,0.138,272308.0,1708498799999,37727.8669,281,73135.0,10139.803,0
1708498800000,0.1378,0.1393,0.1373,0.1376,313523.0,1708499699999,43321.1961,254,114905.0,15902.3644,0
1708499700000,0.1379,0.1382,0.1375,0.1379,54973.0,1708500599999,7571.2352,47,24198.0,3333.2249,0
1708500600000,0.1379,0.1379,0.1376,0.1379,24452.0,1708501499999,3370.8807,24,5894.0,812.7645,0
1708501500000,0.1376,0.1378,0.137,0.1374,149526.0,1708502399999,20531.8235,177,29065.0,4000.2346,0
1708502400000,0.1374,0.1383,0.1369,0.1379,115752.0,1708503299999,15928.9825,140,66856.0,9213.8265,0
1708503300000,0.1376,0.1391,0.1376,0.1391,156670.0,1708504199999,21712.7218,80,92461.0,12792.8222,0
1708504200000,0.139,0.1392,0.1382,0.1383,36109.0,1708505099999,5002.4344,54,12702.0,1761.3513,0
1708505100000,0.1383,0.1396,0.1379,0.1389,170002.0,1708505999999,23568.5423,197,60511.0,8394.979,0
1708506000000,0.1389,0.1414,0.1372,0.1397,870062.0,1708506899999,121081.8989,452,449955.0,62503.687,0
1708506900000,0.1398,0.1401,0.1389,0.1389,64617.0,1708507799999,9026.3051,69,31367.0,4385.9083,0
1708507800000,0.1389,0.1403,0.1369,0.1375,319986.0,1708508699999,44200.2926,246,123959.0,17092.1498,0
1708508700000,0.1375,0.1379,0.1361,0.1365,130419.0,1708509599999,17837.9691,226,45511.0,6211.9991,0
1708509600000,0.1363,0.1376,0.136,0.137,177162.0,1708510499999,24255.9667,201,36403.0,4989.7391,0
1708510500000,0.137,0.1402,0.137,0.139,223582.0,1708511399999,31140.3677,164,131234.0,18240.5027,0
1708511400000,0.1388,0.139,0.1375,0.1378,148667.0,1708512299999,20520.0963,191,39531.0,5452.4236,0
1708512300000,0.1377,0.1387,0.1375,0.1384,59960.0,1708513199999,8278.8854,145,26688.0,3684.0669,0
1708513200000,0.1384,0.1394,0.138,0.1386,171110.0,1708514099999,23711.3209,181,22627.0,3147.0217,0
1708514100000,0.1386,0.14,0.1383,0.1398,102575.0,1708514999999,14319.915,83,39705.0,5540.8598,0
1708515000000,0.1398,0.1428,0.1398,0.1418,558831.0,1708515899999,79040.7357,437,433137.0,61281.6008,0
1708515900000,0.1416,0.1416,0.1376,0.1381,396649.0,1708516799999,55063.4032,514,142756.0,19757.229,0
1708516800000,0.1385,0.1408,0.1376,0.1397,147261.0,1708517699999,20447.9161,194,96009.0,13364.4121,0
1708517700000,0.1398,0.1408,0.1397,0.1405,91329.0,1708518599999,12793.6874,103,64710.0,9067.446,0
1708518600000,0.1404,0.1422,0.1404,0.1417,266997.0,1708519499999,37773.4363,296,162143.0,22940.0028,0
1708519500000,0.1414,0.1427,0.1398,0.1398,263708.0,1708520399999,37139.7043,404,102662.0,14497.4757,0
1708520400000,0.1398,0.1409,0.1398,0.1402,112816.0,1708521299999,15824.8541,200,64222.0,9013.1442,0
1708521300000,0.1405,0.1415,0.1398,0.1398,109262.0,1708522199999,15355.1131,122,53637.0,7552.9429,0
1708522200000,0.1398,0.1398,0.139,0.1394,209598.0,1708523099999,29169.2218,136,53666.0,7476.9494,0
1708523100000,0.1395,0.1403,0.1395,0.1402,148713.0,1708523999999,20805.4796,199,107792.0,15086.6983,0
1708524000000,0.1398,0.1402,0.139,0.1397,88557.0,1708524899999,12362.5417,180,31769.0,4444.7044,0
1708524900000,0.1396,0.1401,0.1386,0.1387,163085.0,1708525799999,22716.9393,177,61365.0,8566.2915,0
1708525800000,0.1387,0.1404,0.1385,0.1402,279926.0,1708526699999,39092.3289,193,241717.0,33775.0084,0
1708526700000,0.1398,0.1414,0.1387,0.14,480998.0,1708527599999,67444.1153,399,333057.0,46784.0259,0
1708527600000,0.14,0.1425,0.1388,0.1411,566056.0,1708528499999,79857.4602,394,484606.0,68403.3748,0
1708528500000,0.1413,0.1423,0.1404,0.1412,140605.0,1708529399999,19876.7666,163,39412.0,5582.0627,0
1708529400000,0.1412,0.142,0.1408,0.1408,47421.0,1708530299999,6707.6623,77,20150.0,2852.4635,0
1708530300000,0.1408,0.1412,0.1395,0.1402,190527.0,1708531199999,26729.8623,235,64729.0,9066.0947,0
1708531200000,0.1402,0.143,0.14,0.1421,299216.0,1708532099999,42490.1881,331,233798.0,33212.8242,0
1708532100000,0.1421,0.1427,0.1416,0.1419,118548.0,1708532999999,16860.6898,145,42526.0,6053.39,0
1708533000000,0.1417,0.1418,0.14,0.1403,233822.0,1708533899999,32879.1137,171,85407.0,12011.1381,0
1708533900000,0.1403,0.1414,0.1403,0.1411,71102.0,1708534799999,10019.9933,130,35400.0,4998.6828,0
1708534800000,0.1407,0.1412,0.1396,0.1401,106265.0,1708535699999,14919.8825,172,33194.0,4667.461,0
1708535700000,0.1401,0.1402,0.1395,0.1402,59101.0,1708536599999,8268.0208,85,32083.0,4491.7909,0
1708536600000,0.1401,0.1402,0.1391,0.1393,47744.0,1708537499999,6658.2257,109,22541.0,3141.9897,0
1708537500000,0.1392,0.1404,0.1389,0.14,139210.0,1708538399999,19432.9233,193,108345.0,15133.8706,0
1708538400000,0.14,0.1406,0.1385,0.1404,240369.0,1708539299999,33471.0243,347,117941.0,16449.2119,0
1708539300000,0.1403,0.1407,0.139,0.1393,51552.0,1708540199999,7214.9928,90,16559.0,2318.5569,0
1708540200000,0.1393,0.1401,0.139,0.1399,49555.0,1708541099999,6923.8404,81,37768.0,5276.0488,0
1708541100000,0.1399,0.1412,0.1395,0.1396,94686.0,1708541999999,13280.7012,209,40644.0,5705.0982,0
1708542000000,0.1396,0.1409,0.1392,0.1409,39934.0,1708542899999,5578.8144,144,20985.0,2933.4148,0
1708542900000,0.1409,0.1413,0.14,0.1403,21042.0,1708543799999,2957.0226,52,5945.0,834.126,0
1708543800000,0.1406,0.1406,0.139,0.1398,156999.0,1708544699999,21884.9312,138,61755.0,8604.7547,0
1708544700000,0.1398,0.1404,0.1397,0.1399,33996.0,1708545599999,4759.9121,97,14224.0,1993.6549,0
1708545600000,0.1402,0.1402,0.1399,0.14,20500.0,1708546499999,2870.0903,56,13003.0,1820.8694,0
1708546500000,0.1402,0.1402,0.1397,0.14,26838.0,1708547399999,3753.5751,37,7476.0,1046.091,0
1708547400000,0.14,0.1402,0.1396,0.14,39675.0,1708548299999,5546.4825,99,16464.0,2301.9081,0
1708548300000,0.14,0.1407,0.139,0.1402,79803.0,1708549199999,11148.9668,204,53041.0,7410.1858,0
1708549200000,0.14,0.1414,0.1396,0.1409,72769.0,1708550099999,10232.3141,189,51043.0,7178.8493,0
1708550100000,0.1409,0.1417,0.1403,0.1415,84987.0,1708550999999,11972.9656,98,39236.0,5530.2699,0
1708551000000,0.1415,0.1425,0.1415,0.1424,159032.0,1708551899999,22603.7687,138,105853.0,15052.9011,0
1708551900000,0.1424,0.1425,0.1414,0.1418,159429.0,1708552799999,22624.4521,220,70130.0,9973.1221,0
1708552800000,0.1418,0.1418,0.1406,0.1408,156575.0,1708553699999,22087.8269,135,39033.0,5505.0612,0
1708553700000,0.1409,0.1413,0.1408,0.1411,62699.0,1708554599999,8843.1884,46,31597.0,4456.9711,0
1708554600000,0.1411,0.1418,0.1411,0.1413,32242.0,1708555499999,4562.4031,37,21072.0,2981.9736,0
1708555500000,0.1416,0.142,0.1414,0.142,47212.0,1708556399999,6696.9832,80,25214.0,3577.1885,0
1708556400000,0.142,0.1428,0.1419,0.1424,102899.0,1708557299999,14665.5319,152,82036.0,11692.6724,0
1708557300000,0.1426,0.1433,0.1426,0.1428,121330.0,1708558199999,17357.2479,87,107571.0,15391.7472,0
1708558200000,0.1428,0.1433,0.1428,0.1431,54936.0,1708559099999,7859.5577,64,38593.0,5522.6102,0
1708559100000,0.1431,0.1435,0.143,0.1432,67731.0,1708559999999,9701.9809,187,38896.0,5574.624,0
1708560000000,0.1434,0.1438,0.1403,0.1411,581387.0,1708560899999,82579.9385,507,97806.0,13962.1968,0
1708560900000,0.1413,0.1416,0.1408,0.1411,107059.0,1708561799999,15101.9782,85,16131.0,2278.6419,0
1708561800000,0.1412,0.1412,0.1397,0.1399,109742.0,1708562699999,15394.8108,91,32060.0,4489.3674,0
1708562700000,0.1399,0.1406,0.1394,0.1406,382514.0,1708563599999,53430.432,342,181500.0,25366.5247,0
1708563600000,0.1406,0.1414,0.1405,0.1411,55177.0,1708564499999,7767.7822,96,41751.0,5879.6916,0
1708564500000,0.1412,0.1415,0.1404,0.1404,33344.0,1708565399999,4702.6935,36,7978.0,1127.8396,0
1708565400000,0.1404,0.1404,0.1391,0.1397,81179.0,1708566299999,11318.9879,141,33507.0,4677.2737,0
1708566300000,0.1397,0.1398,0.1391,0.1394,201048.0,1708567199999,28026.7099,313,99050.0,13822.372,0
1708567200000,0.1392,0.1401,0.1391,0.14,44374.0,1708568099999,6196.4327,142,25915.0,3622.7265,0
1708568100000,0.1401,0.1402,0.1401,0.1402,11549.0,1708568999999,1618.9001,12,10651.0,1493.0005,0
1708569000000,0.1401,0.1412,0.1396,0.1398,138546.0,1708569899999,19468.6154,105,109808.0,15445.4819,0
1708569900000,0.1402,0.1407,0.1398,0.1402,47989.0,1708570799999,6728.5208,98,24807.0,3479.829,0
1708570800000,0.1401,0.1408,0.1398,0.1408,40614.0,1708571699999,5699.9245,77,21994.0,3089.364,0
1708571700000,0.1408,0.1418,0.1406,0.1418,43902.0,1708572599999,6199.3521,67,18727.0,2648.7482,0
1708572600000,0.1418,0.1432,0.1417,0.1426,253193.0,1708573499999,36127.1066,291,153647.0,21908.5593,0
1708573500000,0.1426,0.1435,0.142,0.1421,81594.0,1708574399999,11625.9107,185,41425.0,5907.0593,0
1708574400000,0.1421,0.1432,0.1421,0.1421,30432.0,1708575299999,4336.4267,104,13428.0,1917.0145,0
1708575300000,0.1422,0.1422,0.141,0.1411,90245.0,1708576199999,12775.5665,79,3233.0,457.9793,0
1708576200000,0.1411,0.1412,0.1406,0.141,14831.0,1708577099999,2091.8152,27,11025.0,1555.7122,0
1708577100000,0.1409,0.1421,0.1406,0.141,104612.0,1708577999999,14789.8009,228,60358.0,8539.3212,0
1708578000000,0.1416,0.1419,0.1409,0.1418,51870.0,1708578899999,7328.9188,151,10894.0,1542.4662,0
1708578900000,0.1419,0.143,0.1417,0.1429,91717.0,1708579799999,13084.2793,92,78004.0,11129.6991,0
1708579800000,0.1428,0.1429,0.1411,0.1424,133774.0,1708580699999,19002.0691,78,27012.0,3854.7293,0
1708580700000,0.1426,0.1426,0.1418,0.1421,94335.0,1708581599999,13428.4206,117,25852.0,3682.5509,0
1708581600000,0.1422,0.1434,0.1421,0.1434,130260.0,1708582499999,18585.1059,151,96173.0,13729.5089,0
1708582500000,0.1434,0.1476,0.1431,0.1459,817866.0,1708583399999,118811.5625,995,630586.0,91530.9746,0
1708583400000,0.1459,0.1466,0.1428,0.1442,551520.0,1708584299999,79463.9987,441,179663.0,25934.9009,0
1708584300000,0.1442,0.1443,0.1437,0.1442,79268.0,1708585199999,11421.6781,119,27245.0,3930.7865,0
1708585200000,0.1443,0.1443,0.1435,0.1439,90495.0,1708586099999,13020.669,142,28642.0,4124.9722,0
1708586100000,0.1439,0.1439,0.1434,0.1436,83151.0,1708586999999,11941.5888,78,27635.0,3971.2336,0
1708587000000,0.1437,0.1442,0.1436,0.1442,118976.0,1708587899999,17106.7438,82,53587.0,7711.7528,0
1708587900000,0.1442,0.1443,0.1436,0.1436,125739.0,1708588799999,18089.1035,149,38373.0,5524.0902,0
1708588800000,0.1436,0.1447,0.1432,0.1446,154329.0,1708589699999,22221.9758,195,82391.0,11875.8736,0
1708589700000,0.1445,0.1483,0.1441,0.1457,599020.0,1708590599999,87549.9737,781,444125.0,64932.462,0
1708590600000,0.1456,0.1471,0.1448,0.1457,115529.0,1708591499999,16822.0593,158,70714.0,10295.7971,0
1708591500000,0.1457,0.1473,0.1449,0.1454,163355.0,1708592399999,23800.5235,337,42641.0,6234.3139,0
1708592400000,0.1452,0.1472,0.1449,0.1456,129969.0,1708593299999,18945.394,179,57965.0,8469.0576,0
1708593300000,0.1458,0.146,0.1447,0.1458,108348.0,1708594199999,15749.499,140,42995.0,6259.3908,0
1708594200000,0.1458,0.146,0.1449,0.146,46702.0,1708595099999,6794.3843,60,17991.0,2620.4101,0
1708595100000,0.1461,0.1464,0.1453,0.1459,113444.0,1708595999999,16550.2773,146,53888.0,7876.7589,0
1708596000000,0.1459,0.1467,0.1453,0.1453,148365.0,1708596899999,21677.7065,164,44273.0,6483.8009,0
1708596900000,0.1458,0.1458,0.1443,0.1448,205797.0,1708597799999,29796.2844,166,35111.0,5083.5695,0
1708597800000,0.1448,0.145,0.1444,0.1448,85157.0,1708598699999,12322.0146,155,38385.0,5558.2541,0
1708598700000,0.1448,0.1459,0.1443,0.1458,189763.0,1708599599999,27544.6801,290,148866.0,21615.1806,0
1708599600000,0.1454,0.1459,0.1449,0.1455,35647.0,1708600499999,5185.5139,78,18677.0,2716.8308,0
1708600500000,0.1456,0.1456,0.1441,0.1451,181649.0,1708601399999,26283.1267,208,72560.0,10504.9533,0
1708601400000,0.1451,0.147,0.1449,0.1452,330923.0,1708602299999,48214.3898,358,159261.0,23253.6401,0
1708602300000,0.1452,0.146,0.1452,0.1459,168081.0,1708603199999,24464.7387,237,113684.0,16560.1486,0
1708603200000,0.1459,0.1471,0.1457,0.1461,177599.0,1708604099999,25991.3617,184,145871.0,21357.3919,0
1708604100000,0.1461,0.147,0.1457,0.1458,127097.0,1708604999999,18601.2176,105,45870.0,6721.6864,0
1708605000000,0.146,0.1463,0.1453,0.1454,74875.0,1708605899999,10907.9052,78,20536.0,2994.8348,0
1708605900000,0.1452,0.1464,0.1452,0.1463,80417.0,1708606799999,11733.6027,169,58586.0,8558.2664,0
1708606800000,0.1463,0.1465,0.1457,0.1458,130055.0,1708607699999,18998.0257,179,86636.0,12663.8157,0
1708607700000,0.1457,0.146,0.1449,0.1449,128738.0,1708608599999,18704.2424,136,25607.0,3720.6951,0
1708608600000,0.1449,0.1456,0.1448,0.1449,95196.0,1708609499999,13800.7463,97,24275.0,3523.4926,0
1708609500000,0.1449,0.1449,0.144,0.1448,182629.0,1708610399999,26344.7979,266,70388.0,10159.8823,0
1708610400000,0.1447,0.1449,0.1442,0.1446,85538.0,1708611299999,12358.8393,135,37466.0,5416.1569,0
1708611300000,0.1445,0.1449,0.1441,0.1442,163667.0,1708612199999,23628.4525,95,44203.0,6386.4463,0
1708612200000,0.1442,0.1448,0.144,0.1442,103773.0,1708613099999,14958.6402,53,18330.0,2645.5582,0
1708613100000,0.1446,0.1449,0.144,0.1449,75397.0,1708613999999,10883.9119,155,38979.0,5632.1941,0
1708614000000,0.1446,0.1451,0.1442,0.1443,68084.0,1708614899999,9856.5,123,39962.0,5790.0973,0
1708614900000,0.1446,0.1448,0.1441,0.1442,66983.0,1708615799999,9666.409,56,28785.0,4157.3353,0
1708615800000,0.1442,0.145,0.1442,0.145,68084.0,1708616699999,9853.0383,56,43693.0,6325.5186,0
1708616700000,0.1447,0.1454,0.1447,0.1448,178673.0,1708617599999,25921.6721,161,92470.0,13422.5838,0
1708617600000,0.145,0.1453,0.1446,0.1452,80955.0,1708618499999,11732.0085,120,33900.0,4915.5529,0
1708618500000,0.145,0.145,0.144,0.1445,72695.0,1708619399999,10505.4557,86,18811.0,2720.7132,0
1708619400000,0.1443,0.1456,0.1443,0.1448,238222.0,1708620299999,34559.1651,114,100000.0,14504.4787,0
1708620300000,0.1448,0.1461,0.1446,0.1461,72916.0,1708621199999,10590.3094,126,64182.0,9323.5394,0
1708621200000,0.1461,0.1464,0.1448,0.1451,162233.0,1708622099999,23609.1737,199,69337.0,10098.8591,0
1708622100000,0.145,0.1452,0.1447,0.1448,56625.0,1708622999999,8208.9925,40,26863.0,3894.7533,0
1708623000000,0.1451,0.1453,0.1449,0.1453,11328.0,1708623899999,1644.7497,21,11004.0,1597.7878,0
1708623900000,0.1453,0.1455,0.1446,0.1451,45570.0,1708624799999,6608.3845,103,13398.0,1945.8319,0
1708624800000,0.1448,0.1462,0.1446,0.1459,141261.0,1708625699999,20544.6232,152,101985.0,14849.0696,0
1708625700000,0.1459,0.1465,0.1455,0.1455,279716.0,1708626599999,40940.1341,106,239365.0,35054.0533,0
1708626600000,0.1457,0.1461,0.1453,0.1459,46944.0,1708627499999,6829.5635,28,24706.0,3596.8743,0
1708627500000,0.1461,0.1465,0.1458,0.1459,69802.0,1708628399999,10202.6934,97,40102.0,5867.4844,0
1708628400000,0.1461,0.1462,0.1453,0.1453,33018.0,1708629299999,4810.0184,58,7140.0,1043.0786,0
1708629300000,0.1457,0.1458,0.1454,0.1456,27467.0,1708630199999,4002.2419,31,14989.0,2184.7335,0
1708630200000,0.1455,0.1459,0.1451,0.1451,50989.0,1708631099999,7414.1997,67,11150.0,1623.2479,0
1708631100000,0.1453,0.146,0.1451,0.146,83986.0,1708631999999,12221.9494,87,55224.0,8044.1664,0
1708632000000,0.1458,0.1461,0.1452,0.1457,55579.0,1708632899999,8098.1761,97,26933.0,3930.6471,0
1708632900000,0.1458,0.1465,0.1458,0.1465,20774.0,1708633799999,3034.0205,22,10938.0,1598.8697,0
1708633800000,0.1463,0.1464,0.1453,0.1461,126431.0,1708634699999,18430.817,80,7796.0,1138.0194,0
1708634700000,0.146,0.1464,0.1452,0.1463,97738.0,1708635599999,14250.5929,107,67394.0,9835.1212,0
1708635600000,0.1461,0.1464,0.1453,0.1453,82973.0,1708636499999,12095.0507,62,25699.0,3743.4014,0
1708636500000,0.1456,0.1456,0.1453,0.1453,18827.0,1708637399999,2738.8088,16,4044.0,588.8064,0
1708637400000,0.1455,0.1465,0.145,0.1453,201889.0,1708638299999,29440.9991,102,113472.0,16581.5612,0
1708638300000,0.1453,0.1459,0.1451,0.1451,41920.0,1708639199999,6101.8154,82,30233.0,4404.0113,0
1708639200000,0.1451,0.1459,0.1451,0.1452,59019.0,1708640099999,8586.0637,106,38189.0,5562.3097,0
1708640100000,0.1452,0.1459,0.1452,0.1455,92949.0,1708640999999,13537.4029,36,71441.0,10407.0203,0
1708641000000,0.1455,0.1467,0.1454,0.1466,209550.0,1708641899999,30655.2827,94,194831.0,28505.9375,0
1708641900000,0.1466,0.147,0.1464,0.1465,40483.0,1708642799999,5938.1902,109,12806.0,1880.6625,0
1708642800000,0.1465,0.1466,0.1451,0.1451,95343.0,1708643699999,13876.0155,186,10582.0,1541.4815,0
1708643700000,0.1451,0.1453,0.1437,0.144,187430.0,1708644599999,27078.3843,147,47403.0,6857.2733,0
1708644600000,0.1438,0.144,0.1436,0.1438,36129.0,1708645499999,5196.7396,47,11973.0,1723.4808,0
1708645500000,0.1438,0.144,0.1436,0.144,61864.0,1708646399999,8891.3101,122,23240.0,3343.0088,0
1708646400000,0.1438,0.1444,0.1436,0.1443,201935.0,1708647299999,29073.1104,145,185223.0,26671.0759,0
1708647300000,0.1442,0.1445,0.1442,0.1442,49826.0,1708648199999,7188.1933,19,4650.0,671.925,0
1708648200000,0.1443,0.145,0.1443,0.1449,197650.0,1708649099999,28631.9162,60,64777.0,9379.5188,0
1708649100000,0.1449,0.1449,0.1441,0.1443,143141.0,1708649999999,20669.0149,120,12062.0,1743.3437,0
1708650000000,0.1443,0.1447,0.1443,0.1447,45732.0,1708650899999,6607.4114,66,20201.0,2919.686,0
1708650900000,0.1447,0.1447,0.144,0.144,88501.0,1708651799999,12766.0493,36,7703.0,1111.6782,0
1708651800000,0.1442,0.1442,0.1439,0.144,114558.0,1708652699999,16494.7544,54,36621.0,5274.5239,0
1708652700000,0.1441,0.1441,0.1434,0.1435,75466.0,1708653599999,10839.6225,87,9828.0,1411.9519,0
1708653600000,0.1435,0.1439,0.1434,0.1439,11262.0,1708654499999,1618.1756,32,10454.0,1502.2238,0
1708654500000,0.1437,0.1437,0.1434,0.1435,13115.0,1708655399999,1882.5692,32,856.0,122.931,0
1708655400000,0.1433,0.1434,0.1429,0.1431,112602.0,1708656299999,16111.9868,90,48352.0,6917.6813,0
1708656300000,0.1431,0.1431,0.1422,0.1423,138138.0,1708657199999,19675.2713,170,56878.0,8097.3167,0
1708657200000,0.1423,0.1423,0.1417,0.1421,99310.0,1708658099999,14097.8814,118,52510.0,7453.486,0
1708658100000,0.142,0.1421,0.1411,0.1416,111280.0,1708658999999,15741.189,94,17043.0,2413.9734,0
1708659000000,0.1417,0.142,0.1417,0.1418,46508.0,1708659899999,6596.2513,37,25660.0,3639.3849,0
1708659900000,0.1419,0.1421,0.1417,0.142,13157.0,1708660799999,1867.3859,69,7310.0,1037.694,0
1708660800000,0.1421,0.1424,0.1416,0.1416,59616.0,1708661699999,8467.2699,104,36247.0,5153.5431,0
1708661700000,0.1417,0.1428,0.1417,0.1425,100479.0,1708662599999,14275.0747,76,65000.0,9237.5124,0
1708662600000,0.1427,0.1429,0.1424,0.1424,19598.0,1708663499999,2794.3832,22,3382.0,482.8836,0
1708663500000,0.1425,0.1429,0.1424,0.1427,19185.0,1708664399999,2737.4914,59,5826.0,831.712,0
1708664400000,0.1426,0.1428,0.1423,0.1426,47320.0,1708665299999,6745.5272,108,22187.0,3165.1804,0
1708665300000,0.1427,0.143,0.1425,0.1429,70118.0,1708666199999,10008.2665,47,23718.0,3389.6581,0
1708666200000,0.1427,0.1427,0.1423,0.1425,74162.0,1708667099999,10567.2171,30,5071.0,722.6957,0
1708667100000,0.1424,0.1424,0.1419,0.1419,121233.0,1708667999999,17223.6261,89,51955.0,7382.6113,0
1708668000000,0.1419,0.1424,0.1418,0.1424,45453.0,1708668899999,6449.9027,59,27170.0,3855.923,0
1708668900000,0.1424,0.1426,0.1422,0.1424,29672.0,1708669799999,4224.5708,23,18495.0,2635.2014,0
1708669800000,0.1421,0.1426,0.1419,0.1424,36861.0,1708670699999,5245.4942,32,10043.0,1431.5659,0
1708670700000,0.1426,0.1431,0.1421,0.1431,97149.0,1708671599999,13861.0105,120,48164.0,6878.5807,0
1708671600000,0.1429,0.1431,0.1428,0.1429,37933.0,1708672499999,5424.6656,121,26668.0,3815.3414,0
1708672500000,0.1429,0.143,0.1424,0.1424,73016.0,1708673399999,10418.2095,30,880.0,125.84,0
1708673400000,0.1423,0.143,0.142,0.1423,145264.0,1708674299999,20722.0347,72,125656.0,17934.1579,0
1708674300000,0.1424,0.1429,0.1416,0.1416,60049.0,1708675199999,8537.3151,123,25622.0,3650.5993,0
1708675200000,0.1416,0.1425,0.1414,0.1424,136204.0,1708676099999,19354.5592,194,51774.0,7352.5587,0
1708676100000,0.1424,0.1424,0.1417,0.1418,26659.0,1708676999999,3786.9448,42,9048.0,1286.5086,0
1708677000000,0.1418,0.1418,0.1408,0.1412,58208.0,1708677899999,8221.0635,107,12874.0,1819.7016,0
1708677900000,0.1411,0.1411,0.1403,0.1407,114123.0,1708678799999,16050.4412,233,48447.0,6814.4638,0
1708678800000,0.1407,0.141,0.1404,0.141,77938.0,1708679699999,10971.647,120,53395.0,7521.1721,0
1708679700000,0.141,0.1413,0.1407,0.1409,159040.0,1708680599999,22414.0885,38,131649.0,18553.8988,0
1708680600000,0.141,0.1412,0.1406,0.1412,49184.0,1708681499999,6923.4227,40,12215.0,1721.7078,0
1708681500000,0.1412,0.1416,0.1408,0.1416,31379.0,1708682399999,4431.882,80,20287.0,2866.7988,0
1708682400000,0.1414,0.1418,0.1407,0.1413,139198.0,1708683299999,19654.5288,145,40693.0,5747.3749,0
1708683300000,0.1414,0.1418,0.1411,0.1418,51058.0,1708684199999,7218.5703,37,35632.0,5041.1813,0
1708684200000,0.1415,0.142,0.1414,0.1418,33692.0,1708685099999,4776.4536,35,17134.0,2430.7185,0
1708685100000,0.1417,0.1423,0.1417,0.1419,71627.0,1708685999999,10177.5913,111,41190.0,5852.3893,0
1708686000000,0.1419,0.1421,0.1417,0.1421,36998.0,1708686899999,5247.4268,79,9586.0,1360.9508,0
1708686900000,0.1419,0.1422,0.1417,0.1417,15931.0,1708687799999,2262.0083,16,5887.0,836.5505,0
1708687800000,0.1419,0.142,0.1414,0.1419,87249.0,1708688699999,12352.9144,62,12137.0,1720.3992,0
1708688700000,0.1419,0.1425,0.1418,0.1425,57721.0,1708689599999,8206.3749,124,47960.0,6819.3517,0
1708689600000,0.1425,0.1427,0.1418,0.142,106750.0,1708690499999,15200.1326,129,57284.0,8163.9955,0
1708690500000,0.1421,0.1422,0.1411,0.1411,71802.0,1708691399999,10152.395,64,11767.0,1670.9054,0
1708691400000,0.1411,0.1415,0.1409,0.1414,76061.0,1708692299999,10734.5528,86,17346.0,2449.6572,0
1708692300000,0.1411,0.1419,0.1411,0.1418,88351.0,1708693199999,12511.0651,142,70661.0,10008.0747,0
1708693200000,0.1418,0.1422,0.1415,0.1415,74405.0,1708694099999,10553.1098,110,46441.0,6587.1091,0
1708694100000,0.1415,0.1422,0.1415,0.1418,52883.0,1708694999999,7503.4817,63,20680.0,2935.637,0
1708695000000,0.1422,0.1423,0.14,0.1412,490029.0,1708695899999,68997.8574,312,86745.0,12237.2884,0
1708695900000,0.141,0.142,0.1406,0.1419,137045.0,1708696799999,19344.0278,176,70560.0,9982.4692,0
1708696800000,0.1419,0.1426,0.1416,0.1419,140452.0,1708697699999,19980.223,171,129315.0,18398.2488,0
1708697700000,0.142,0.1426,0.142,0.1424,89900.0,1708698599999,12786.5156,61,45973.0,6539.3357,0
1708698600000,0.1425,0.1425,0.1407,0.1408,258101.0,1708699499999,36516.1261,178,35771.0,5059.303,0
1708699500000,0.1408,0.1422,0.1403,0.1421,149285.0,1708700399999,21079.3223,200,70233.0,9937.9888,0
1708700400000,0.1421,0.1421,0.1411,0.1411,97742.0,1708701299999,13827.5108,116,46690.0,6606.0112,0
1708701300000,0.1413,0.1413,0.1401,0.1404,51449.0,1708702199999,7225.9397,86,20650.0,2900.9949,0
1708702200000,0.1404,0.1409,0.1402,0.1408,34353.0,1708703099999,4825.0353,57,24333.0,3417.9351,0
1708703100000,0.1407,0.1411,0.14,0.1403,201719.0,1708703999999,28355.5601,172,63253.0,8895.3384,0
1708704000000,0.1401,0.1404,0.1394,0.1394,293155.0,1708704899999,40986.7535,279,109852.0,15358.4152,0
1708704900000,0.1394,0.14,0.139,0.14,171973.0,1708705799999,23958.5772,206,104794.0,14609.179,0
1708705800000,0.14,0.1404,0.1397,0.1403,61072.0,1708706699999,8547.9849,110,39702.0,5558.8571,0
1708706700000,0.1404,0.1415,0.1404,0.1415,54233.0,1708707599999,7644.8382,110,43212.0,6089.4138,0
1708707600000,0.1414,0.1421,0.1411,0.1415,158504.0,1708708499999,22460.0937,224,60434.0,8559.7575,0
1708708500000,0.1416,0.1425,0.1416,0.1418,87328.0,1708709399999,12388.933,69,69151.0,9811.3951,0
1708709400000,0.1418,0.1423,0.1416,0.1421,15540.0,1708710299999,2207.7536,37,12542.0,1782.131,0
1708710300000,0.1422,0.1425,0.142,0.1422,21632.0,1708711199999,3075.1013,83,9175.0,1305.1231,0
1708711200000,0.1422,0.1423,0.1413,0.1413,33024.0,1708712099999,4686.3328,69,11465.0,1629.7509,0
1708712100000,0.1415,0.1421,0.1415,0.142,12381.0,1708712999999,1755.3852,17,7904.0,1120.1749,0
1708713000000,0.142,0.1423,0.142,0.1423,10942.0,1708713899999,1556.2175,21,8303.0,1181.3072,0
1708713900000,0.1422,0.1424,0.142,0.1421,15055.0,1708714799999,2141.6888,59,11686.0,1663.2216,0
1708714800000,0.1423,0.1423,0.1417,0.1421,37281.0,1708715699999,5290.6469,66,10838.0,1540.5976,0
1708715700000,0.1421,0.1424,0.1421,0.1423,20481.0,1708716599999,2914.2571,35,13112.0,1866.2402,0
1708716600000,0.1422,0.1423,0.1417,0.142,85537.0,1708717499999,12142.0301,78,16611.0,2361.3075,0
1708717500000,0.1419,0.1424,0.1419,0.1423,45341.0,1708718399999,6444.632,72,34974.0,4971.8933,0
1708718400000,0.1423,0.1424,0.1418,0.1423,79094.0,1708719299999,11237.8003,82,36784.0,5229.7354,0
1708719300000,0.1421,0.1422,0.1417,0.142,41251.0,1708720199999,5852.1392,36,27136.0,3850.4834,0
1708720200000,0.1419,0.1424,0.1419,0.1422,31657.0,1708721099999,4502.4087,34,16593.0,2362.1214,0
1708721100000,0.1422,0.1427,0.1419,0.1426,70837.0,1708721999999,10079.1599,106,48753.0,6940.6814,0
1708722000000,0.1425,0.1427,0.1421,0.1421,15384.0,1708722899999,2188.5313,51,2994.0,426.807,0
1708722900000,0.1422,0.1422,0.1422,0.1422,7109.0,1708723799999,1010.8998,2,0.0,0.0,0
1708723800000,0.1421,0.1424,0.1419,0.1424,16973.0,1708724699999,2412.8648,25,13092.0,1861.8315,0
1708724700000,0.1424,0.1424,0.1419,0.1422,28160.0,1708725599999,4004.7615,55,14767.0,2101.899,0
1708725600000,0.1422,0.1424,0.142,0.1421,7423.0,1708726499999,1055.2458,36,3382.0,481.1647,0
1708726500000,0.1421,0.1422,0.1418,0.1421,27258.0,1708727399999,3869.6074,19,7843.0,1113.5799,0
1708727400000,0.1419,0.1419,0.1415,0.1416,30413.0,1708728299999,4310.0849,32,6991.0,990.3152,0
1708728300000,0.1416,0.1416,0.1411,0.1415,39842.0,1708729199999,5631.4563,76,21584.0,3050.7749,0
1708729200000,0.1413,0.1414,0.1406,0.1406,52994.0,1708730099999,7480.8503,94,12617.0,1782.5157,0
1708730100000,0.1406,0.1409,0.1403,0.1409,48524.0,1708730999999,6821.1353,39,30597.0,4304.3562,0
1708731000000,0.1408,0.1413,0.1408,0.1412,32579.0,1708731899999,4595.11,13,26967.0,3802.7228,0
1708731900000,0.1413,0.1418,0.1412,0.1415,32228.0,1708732799999,4559.6806,63,6956.0,984.83,0
1708732800000,0.1413,0.1418,0.1411,0.1414,36343.0,1708733699999,5138.9164,62,13067.0,1848.516,0
1708733700000,0.1414,0.1416,0.1411,0.1416,4695.0,1708734599999,664.0322,12,3310.0,468.1531,0
1708734600000,0.1415,0.1417,0.1413,0.1417,14587.0,1708735499999,2063.7096,16,9421.0,1333.5868,0
1708735500000,0.1417,0.142,0.1415,0.1419,26649.0,1708736399999,3777.8662,70,19132.0,2712.5745,0
1708736400000,0.1419,0.142,0.1415,0.1415,16653.0,1708737299999,2359.0838,60,2811.0,398.5908,0
1708737300000,0.1414,0.1415,0.1407,0.1407,24522.0,1708738199999,3461.2526,51,916.0,129.1505,0
1708738200000,0.1408,0.1408,0.1399,0.14,98239.0,1708739099999,13780.7518,84,8794.0,1237.0257,0
1708739100000,0.14,0.14,0.1387,0.1389,159131.0,1708739999999,22173.0495,253,36811.0,5136.8842,0
1708740000000,0.1389,0.1397,0.1387,0.1395,87205.0,1708740899999,12147.6045,176,74984.0,10447.656,0
1708740900000,0.1395,0.1404,0.1394,0.1404,26963.0,1708741799999,3777.1566,59,21352.0,2990.4069,0
1708741800000,0.1402,0.1406,0.1402,0.1403,24669.0,1708742699999,3462.6587,50,6086.0,854.0626,0
1708742700000,0.1404,0.1404,0.1399,0.1404,46602.0,1708743599999,6530.1538,57,10923.0,1530.3652,0
1708743600000,0.1401,0.1404,0.1399,0.1402,33932.0,1708744499999,4758.3541,98,25005.0,3507.8446,0
1708744500000,0.1402,0.1405,0.1401,0.1405,20591.0,1708745399999,2885.3514,17,16875.0,2364.7186,0
1708745400000,0.1402,0.1405,0.1402,0.1405,7088.0,1708746299999,995.4342,21,5712.0,802.286,0
1708746300000,0.1404,0.141,0.1404,0.1407,30192.0,1708747199999,4246.4271,78,19048.0,2677.7292,0
1708747200000,0.141,0.141,0.1405,0.1408,27378.0,1708748099999,3853.9753,81,11792.0,1661.5723,0
1708748100000,0.1411,0.1411,0.141,0.141,6763.0,1708748999999,954.2467,8,6637.0,936.4807,0
1708749000000,0.141,0.1415,0.141,0.1415,6635.0,1708749899999,937.1454,31,1851.0,261.7144,0
1708749900000,0.1415,0.1415,0.1412,0.1414,30267.0,1708750799999,4280.8924,56,21063.0,2980.1708,0
1708750800000,0.1415,0.142,0.1414,0.1416,65961.0,1708751699999,9345.128,122,40098.0,5683.5486,0
1708751700000,0.1416,0.1418,0.1411,0.1416,48617.0,1708752599999,6873.0529,60,8040.0,1138.4158,0
1708752600000,0.1416,0.1417,0.1416,0.1417,3392.0,1708753499999,480.59,6,3392.0,480.59,0
1708753500000,0.1417,0.1418,0.1415,0.1418,12714.0,1708754399999,1801.0561,51,6801.0,963.9974,0
1708754400000,0.1418,0.1418,0.1411,0.1412,40884.0,1708755299999,5780.2522,127,12085.0,1709.0738,0
1708755300000,0.1413,0.142,0.1412,0.1417,64193.0,1708756199999,9103.9516,56,59774.0,8478.0692,0
1708756200000,0.1417,0.1418,0.1413,0.1415,27468.0,1708757099999,3885.3928,45,9534.0,1349.1315,0
1708757100000,0.1414,0.1425,0.1412,0.1418,136330.0,1708757999999,19365.8501,131,112504.0,15990.6686,0
1708758000000,0.142,0.1421,0.1415,0.1421,28593.0,1708758899999,4058.2067,66,9770.0,1386.2375,0
1708758900000,0.1421,0.1421,0.1419,0.1421,4005.0,1708759799999,568.795,12,2414.0,342.8534,0
1708759800000,0.1422,0.1425,0.1422,0.1425,65581.0,1708760699999,9340.4026,57,55072.0,7845.6607,0
1708760700000,0.1424,0.1428,0.1424,0.1426,55898.0,1708761599999,7968.1616,116,23756.0,3389.4483,0
1708761600000,0.1425,0.1428,0.1421,0.1422,91782.0,1708762499999,13066.4945,80,7568.0,1080.456,0
1708762500000,0.1424,0.1427,0.1422,0.1425,15258.0,1708763399999,2174.0997,41,12667.0,1805.383,0
1708763400000,0.1426,0.1427,0.1423,0.1426,20106.0,1708764299999,2866.865,39,10295.0,1468.3063,0
1708764300000,0.1425,0.1427,0.1421,0.1425,56589.0,1708765199999,8067.1792,98,37286.0,5316.574,0
1708765200000,0.1425,0.1428,0.1424,0.1426,43589.0,1708766099999,6218.0609,86,31972.0,4561.6569,0
1708766100000,0.1427,0.143,0.1425,0.1426,89919.0,1708766999999,12841.7818,78,50693.0,7245.0534,0
1708767000000,0.1426,0.143,0.1426,0.1427,61228.0,1708767899999,8752.9816,50,56327.0,8053.1774,0
1708767900000,0.1429,0.143,0.1426,0.1426,88787.0,1708768799999,12681.6823,141,34976.0,5001.5106,0
1708768800000,0.1426,0.1429,0.1422,0.1425,135267.0,1708769699999,19275.2423,173,19199.0,2738.7132,0
1708769700000,0.1426,0.1427,0.1423,0.1423,9256.0,1708770599999,1318.5215,24,2552.0,363.9505,0
1708770600000,0.1426,0.143,0.1423,0.1427,88329.0,1708771499999,12624.3408,59,74546.0,10656.0854,0
1708771500000,0.1429,0.1432,0.1427,0.1431,41876.0,1708772399999,5991.3878,77,34433.0,4928.8461,0
1708772400000,0.1431,0.1432,0.1428,0.1429,74020.0,1708773299999,10588.3016,114,40690.0,5824.0502,0
1708773300000,0.1429,0.143,0.1426,0.143,13312.0,1708774199999,1901.4282,28,5874.0,839.3401,0
1708774200000,0.143,0.143,0.1426,0.1426,47642.0,1708775099999,6798.1767,53,11797.0,1684.715,0
1708775100000,0.1426,0.1435,0.1424,0.1432,167476.0,1708775999999,23948.7416,223,70102.0,10036.6649,0
1708776000000,0.1432,0.1436,0.1426,0.1435,131304.0,1708776899999,18804.6069,226,71652.0,10258.6811,0
1708776900000,0.1434,0.1434,0.1429,0.1429,15197.0,1708777799999,2173.777,40,4492.0,641.9922,0
1708777800000,0.1429,0.1429,0.1424,0.1426,24363.0,1708778699999,3476.4023,83,9980.0,1424.0763,0
1708778700000,0.1427,0.1433,0.1425,0.1433,44657.0,1708779599999,6381.2723,118,37399.0,5344.9871,0
1708779600000,0.1433,0.1433,0.1422,0.1428,146832.0,1708780499999,20922.1836,221,61008.0,8693.2325,0
1708780500000,0.1428,0.1432,0.1422,0.1428,71257.0,1708781399999,10166.4702,78,22991.0,3286.8008,0
1708781400000,0.143,0.1434,0.143,0.1434,57536.0,1708782299999,8241.3438,66,36492.0,5227.0786,0
1708782300000,0.1432,0.144,0.1429,0.1431,150368.0,1708783199999,21585.8185,203,73539.0,10559.5714,0
1708783200000,0.1433,0.1435,0.1419,0.1425,139961.0,1708784099999,19965.9154,170,22743.0,3249.3598,0
1708784100000,0.1425,0.1425,0.142,0.142,37565.0,1708784999999,5341.6075,58,3222.0,458.9622,0
1708785000000,0.1424,0.1427,0.1419,0.1421,29093.0,1708785899999,4138.5738,44,17650.0,2512.3971,0
1708785900000,0.1421,0.1422,0.1416,0.1422,44029.0,1708786799999,6249.6607,109,23848.0,3387.1238,0
1708786800000,0.1422,0.1423,0.1419,0.1422,38799.0,1708787699999,5514.4682,84,23750.0,3376.5389,0
1708787700000,0.1423,0.1424,0.1421,0.1424,2642.0,1708788599999,376.0536,7,2425.0,345.2179,0
1708788600000,0.1424,0.1425,0.142,0.1425,48999.0,1708789499999,6972.006,57,32711.0,4655.7008,0
1708789500000,0.1423,0.1424,0.1421,0.1421,31515.0,1708790399999,4481.6584,100,7820.0,1113.1795,0
1708790400000,0.1421,0.1429,0.142,0.1428,54969.0,1708791299999,7831.1993,109,42722.0,6089.722,0
1708791300000,0.1427,0.1429,0.1425,0.1427,20555.0,1708792199999,2931.7029,49,3633.0,518.3911,0
1708792200000,0.1428,0.1429,0.1426,0.1427,19474.0,1708793099999,2778.7055,49,14092.0,2010.7688,0
1708793100000,0.1426,0.1431,0.1425,0.1431,87746.0,1708793999999,12521.8114,185,56526.0,8069.5832,0
1708794000000,0.143,0.1432,0.1429,0.1431,70339.0,1708794899999,10059.1988,115,35967.0,5144.6602,0
1708794900000,0.1432,0.1445,0.143,0.1439,215075.0,1708795799999,30973.0369,155,158040.0,22754.1009,0
1708795800000,0.1439,0.1445,0.1439,0.1442,98026.0,1708796699999,14134.023,105,54393.0,7845.5795,0
1708796700000,0.1441,0.1451,0.144,0.144,305656.0,1708797599999,44247.0288,380,220962.0,32009.8883,0
1708797600000,0.144,0.1465,0.144,0.1451,193752.0,1708798499999,28140.8741,378,142452.0,20733.5601,0
1708798500000,0.145,0.1451,0.1445,0.1447,19611.0,1708799399999,2837.0233,38,7937.0,1148.6943,0
1708799400000,0.1447,0.1453,0.1444,0.1445,32148.0,1708800299999,4651.67,50,7820.0,1132.8165,0
1708800300000,0.1447,0.1449,0.1444,0.1444,88734.0,1708801199999,12829.8776,216,26818.0,3882.3402,0
1708801200000,0.1444,0.1451,0.1444,0.1447,54325.0,1708802099999,7862.0971,183,29404.0,4258.6825,0
1708802100000,0.1448,0.1452,0.1446,0.145,34979.0,1708802999999,5072.8878,46,33341.0,4835.7925,0
1708803000000,0.1449,0.1457,0.1445,0.1451,81634.0,1708803899999,11848.5627,86,63688.0,9246.2117,0
1708803900000,0.1453,0.1454,0.1446,0.1452,57563.0,1708804799999,8343.8246,203,25710.0,3730.4496,0
1708804800000,0.1452,0.1452,0.1444,0.1444,62689.0,1708805699999,9076.0217,242,19736.0,2859.7001,0
1708805700000,0.1446,0.145,0.1445,0.1449,25664.0,1708806599999,3712.1916,38,19570.0,2831.3869,0
1708806600000,0.1449,0.1449,0.1444,0.1446,25914.0,1708807499999,3746.1627,42,3769.0,545.573,0
1708807500000,0.1447,0.1449,0.1444,0.1444,45344.0,1708808399999,6551.8763,83,27079.0,3913.4129,0
1708808400000,0.1444,0.1465,0.1444,0.1457,168440.0,1708809299999,24482.3325,200,138691.0,20163.5617,0
1708809300000,0.1454,0.1461,0.1444,0.1451,332672.0,1708810199999,48345.4165,173,70911.0,10324.7179,0
1708810200000,0.1451,0.1461,0.145,0.1456,66104.0,1708811099999,9614.9137,73,47639.0,6929.3562,0
1708811100000,0.1456,0.1458,0.1451,0.1451,45699.0,1708811999999,6643.6092,120,13335.0,1940.9858,0
1708812000000,0.1451,0.1456,0.1447,0.145,58386.0,1708812899999,8471.3656,143,17707.0,2571.8537,0
1708812900000,0.145,0.1453,0.1448,0.1451,18407.0,1708813799999,2669.5087,43,8002.0,1161.8917,0
1708813800000,0.145,0.1455,0.145,0.145,16827.0,1708814699999,2445.6774,33,10657.0,1550.2203,0
1708814700000,0.1452,0.146,0.1447,0.1451,103553.0,1708815599999,15070.5406,207,45367.0,6601.542,0
1708815600000,0.1455,0.1457,0.1449,0.1451,29553.0,1708816499999,4289.7472,80,18810.0,2730.2767,0
1708816500000,0.1451,0.1455,0.145,0.1452,1959.0,1708817399999,284.3754,10,1263.0,183.3508,0
1708817400000,0.1453,0.1453,0.1449,0.1452,32876.0,1708818299999,4765.5339,25,11926.0,1729.098,0
1708818300000,0.145,0.1455,0.1447,0.1448,52493.0,1708819199999,7611.1174,182,20824.0,3023.4234,0
1708819200000,0.1451,0.1456,0.1447,0.1455,44694.0,1708820099999,6488.3375,149,26239.0,3812.6236,0
1708820100000,0.1456,0.1459,0.1451,0.1454,38827.0,1708820999999,5650.7746,76,34207.0,4979.0621,0
1708821000000,0.1454,0.1458,0.1452,0.1458,11950.0,1708821899999,1739.172,38,10788.0,1570.2406,0
1708821900000,0.1456,0.1458,0.1452,0.1456,58145.0,1708822799999,8457.6731,222,28171.0,4101.402,0
1708822800000,0.1455,0.1458,0.1451,0.1452,37109.0,1708823699999,5399.2606,122,13772.0,2005.979,0
1708823700000,0.1452,0.1457,0.145,0.1456,24568.0,1708824599999,3572.1734,31,23292.0,3387.0816,0
1708824600000,0.1457,0.1458,0.1452,0.1455,18031.0,1708825499999,2621.32,47,11615.0,1688.8018,0
1708825500000,0.1455,0.1458,0.1453,0.1458,45646.0,1708826399999,6644.8812,151,16819.0,2450.2959,0
1708826400000,0.1456,0.1464,0.1454,0.1456,225511.0,1708827299999,32844.1156,258,134173.0,19544.979,0
1708827300000,0.1455,0.1462,0.1452,0.1462,103857.0,1708828199999,15132.237,110,57050.0,8325.5955,0
1708828200000,0.146,0.146,0.1456,0.1458,5859.0,1708829099999,854.1145,26,2416.0,352.0987,0
1708829100000,0.1457,0.1463,0.1456,0.1462,79815.0,1708829999999,11655.2435,221,48339.0,7059.5368,0
1708830000000,0.146,0.1464,0.1449,0.1457,134806.0,1708830899999,19625.6116,344,68766.0,10016.9428,0
1708830900000,0.1457,0.1457,0.1453,0.1456,19902.0,1708831799999,2897.3138,29,8000.0,1163.6993,0
1708831800000,0.1457,0.1458,0.1455,0.1455,8477.0,1708832699999,1235.3806,14,7704.0,1122.9052,0
1708832700000,0.1456,0.1459,0.1452,0.1455,66935.0,1708833599999,9737.9694,257,21109.0,3074.0379,0
1708833600000,0.1453,0.1462,0.1453,0.1461,80411.0,1708834499999,11735.0255,161,63113.0,9211.8348,0
1708834500000,0.1458,0.146,0.1446,0.1451,96732.0,1708835399999,14076.0379,99,47176.0,6883.0139,0
1708835400000,0.145,0.1465,0.145,0.1457,73222.0,1708836299999,10683.093,119,62903.0,9177.9655,0
1708836300000,0.1458,0.1459,0.1454,0.1454,29088.0,1708837199999,4233.7626,125,11143.0,1623.0463,0
1708837200000,0.1457,0.1458,0.1451,0.1452,59097.0,1708838099999,8590.1437,175,11663.0,1697.8881,0
1708838100000,0.1453,0.146,0.1436,0.145,234568.0,1708838999999,33917.6012,189,46916.0,6805.7838,0
1708839000000,0.1449,0.1452,0.1445,0.1452,40500.0,1708839899999,5864.6054,36,2181.0,316.2084,0
1708839900000,0.1449,0.1452,0.1446,0.145,79523.0,1708840799999,11522.8245,175,43740.0,6340.7437,0
1708840800000,0.145,0.1455,0.1448,0.1455,55493.0,1708841699999,8062.2708,146,47848.0,6952.6192,0
1708841700000,0.1454,0.1459,0.1451,0.1459,30431.0,1708842599999,4429.8559,35,28910.0,4208.7965,0
1708842600000,0.1459,0.1462,0.1457,0.1462,32073.0,1708843499999,4684.0543,61,23106.0,3375.9388,0
1708843500000,0.1462,0.1463,0.1454,0.1458,101850.0,1708844399999,14861.5692,177,38769.0,5661.3728,0
1708844400000,0.1455,0.1463,0.1454,0.1463,56745.0,1708845299999,8278.519,109,37039.0,5408.3339,0
1708845300000,0.1463,0.1464,0.1459,0.1462,50092.0,1708846199999,7326.5411,47,19912.0,2911.4639,0
1708846200000,0.1463,0.1484,0.1463,0.1479,350534.0,1708847099999,51728.4328,580,234581.0,34623.4893,0
1708847100000,0.1477,0.1479,0.1464,0.1464,91443.0,1708847999999,13455.2585,248,32925.0,4845.7199,0
1708848000000,0.1466,0.147,0.145,0.1457,195058.0,1708848899999,28512.3331,214,48440.0,7087.4527,0
1708848900000,0.1459,0.1468,0.1454,0.1461,107087.0,1708849799999,15631.2578,72,64129.0,9374.7341,0
1708849800000,0.1464,0.1473,0.1461,0.1469,119023.0,1708850699999,17454.8781,106,93159.0,13664.4543,0
1708850700000,0.1469,0.1478,0.145,0.1458,223273.0,1708851599999,32683.7395,269,80019.0,11744.3562,0
1708851600000,0.1458,0.1462,0.1454,0.146,64680.0,1708852499999,9433.2272,111,41649.0,6079.4586,0
1708852500000,0.1462,0.1462,0.1459,0.1461,7371.0,1708853399999,1076.4312,12,1823.0,266.4574,0
1708853400000,0.1459,0.1472,0.1453,0.1462,162847.0,1708854299999,23811.3433,135,75375.0,11050.9651,0
1708854300000,0.1463,0.1465,0.1458,0.1458,85099.0,1708855199999,12438.1213,108,37669.0,5505.4407,0
1708855200000,0.1458,0.1463,0.1455,0.1461,131033.0,1708856099999,19106.9287,124,30933.0,4510.0507,0
1708856100000,0.146,0.1472,0.1454,0.1467,176279.0,1708856999999,25808.3803,121,133347.0,19542.8343,0
1708857000000,0.1466,0.147,0.1463,0.1465,43240.0,1708857899999,6335.4062,66,13038.0,1912.6515,0
1708857900000,0.1465,0.1465,0.1457,0.1458,63658.0,1708858799999,9298.0354,139,20154.0,2945.25,0
1708858800000,0.1458,0.1463,0.1455,0.1461,53782.0,1708859699999,7844.1323,108,13676.0,1996.5049,0
1708859700000,0.1461,0.1463,0.1456,0.1459,63956.0,1708860599999,9332.4546,66,17089.0,2497.4247,0
1708860600000,0.1463,0.1482,0.146,0.1477,293235.0,1708861499999,43200.5901,189,226371.0,33333.0713,0
1708861500000,0.1477,0.1477,0.147,0.1474,110812.0,1708862399999,16338.7927,161,48695.0,7186.9111,0
1708862400000,0.1471,0.1481,0.1466,0.1467,140132.0,1708863299999,20640.6202,167,53894.0,7960.066,0
1708863300000,0.1466,0.1474,0.1466,0.1469,102831.0,1708864199999,15110.2255,68,61518.0,9044.1241,0
1708864200000,0.1469,0.1478,0.1468,0.1468,51964.0,1708865099999,7650.3545,62,34342.0,5058.7272,0
1708865100000,0.1474,0.1477,0.1468,0.1475,55054.0,1708865999999,8106.4761,189,23922.0,3527.1911,0
1708866000000,0.1475,0.1476,0.1471,0.1475,28330.0,1708866899999,4174.1877,107,12816.0,1889.8996,0
1708866900000,0.1473,0.1484,0.1472,0.1476,177263.0,1708867799999,26208.9462,161,143897.0,21281.7552,0
1708867800000,0.1477,0.1485,0.1476,0.148,71494.0,1708868699999,10581.9521,85,63556.0,9408.4634,0
1708868700000,0.148,0.1494,0.1476,0.1485,475609.0,1708869599999,70776.0972,617,323562.0,48180.0197,0
1708869600000,0.1485,0.1493,0.1483,0.1489,149959.0,1708870499999,22301.2114,270,92990.0,13832.2216,0
1708870500000,0.1489,0.149,0.1483,0.1486,68473.0,1708871399999,10183.738,132,47990.0,7139.6413,0
1708871400000,0.1484,0.1486,0.1481,0.1483,57195.0,1708872299999,8485.754,89,19846.0,2946.9123,0
1708872300000,0.1483,0.1486,0.1481,0.1482,96768.0,1708873199999,14357.8096,124,56947.0,8453.2889,0
1708873200000,0.1482,0.1489,0.1481,0.1489,54642.0,1708874099999,8113.1406,159,25433.0,3780.7621,0
1708874100000,0.1489,0.1492,0.1486,0.1488,32857.0,1708874999999,4891.1211,70,21176.0,3153.5984,0
1708875000000,0.1488,0.1494,0.1483,0.1487,130063.0,1708875899999,19347.0823,131,77499.0,11535.8446,0
1708875900000,0.1487,0.1564,0.1485,0.1514,2404986.0,1708876799999,366241.4157,2954,1682220.0,255578.3805,0
1708876800000,0.1513,0.155,0.1471,0.1528,1296389.0,1708877699999,194586.9787,1902,623739.0,94029.7874,0
1708877700000,0.1527,0.155,0.1505,0.1535,897404.0,1708878599999,137416.4267,1024,663531.0,101715.8372,0
1708878600000,0.1533,0.1544,0.1515,0.1515,623684.0,1708879499999,95171.3374,599,325296.0,49677.189,0
1708879500000,0.1519,0.1528,0.1507,0.1519,370677.0,1708880399999,56207.6071,522,181078.0,27503.2771,0
1708880400000,0.1522,0.1538,0.1518,0.1525,256500.0,1708881299999,39203.0066,439,147876.0,22618.9157,0
1708881300000,0.153,0.1532,0.152,0.1527,167089.0,1708882199999,25475.065,184,65881.0,10054.7216,0
1708882200000,0.1532,0.1533,0.1519,0.1521,117221.0,1708883099999,17860.4624,143,42177.0,6425.9282,0
1708883100000,0.1521,0.153,0.1521,0.1522,124805.0,1708883999999,19042.3306,196,27597.0,4214.9504,0
1708884000000,0.1522,0.154,0.1522,0.1535,196357.0,1708884899999,30107.101,345,133547.0,20485.5684,0
1708884900000,0.1535,0.1548,0.1533,0.1537,345934.0,1708885799999,53242.8012,472,173176.0,26706.6296,0
1708885800000,0.1537,0.1538,0.1504,0.1509,426416.0,1708886699999,64774.1319,338,86383.0,13173.1114,0
1708886700000,0.1511,0.1526,0.1511,0.152,303208.0,1708887599999,46147.6676,338,188645.0,28723.6562,0
1708887600000,0.152,0.1527,0.152,0.1526,129135.0,1708888499999,19677.6613,204,18695.0,2852.3749,0
1708888500000,0.1528,0.1531,0.1495,0.1507,855096.0,1708889399999,129513.6838,580,249564.0,37830.302,0
1708889400000,0.1507,0.1509,0.1501,0.1504,106879.0,1708890299999,16093.143,126,48989.0,7382.4232,0
1708890300000,0.1504,0.1541,0.1504,0.1527,439733.0,1708891199999,67091.0505,419,316882.0,48337.0419,0
1708891200000,0.1525,0.1542,0.1515,0.1522,287997.0,1708892099999,43993.916,279,164348.0,25162.8704,0
1708892100000,0.1522,0.1527,0.1519,0.1526,44945.0,1708892999999,6841.324,73,21699.0,3304.0341,0
1708893000000,0.1523,0.1523,0.1507,0.1509,121271.0,1708893899999,18347.4741,134,5687.0,862.3559,0
1708893900000,0.1511,0.1516,0.1508,0.1515,59668.0,1708894799999,9023.1978,134,43275.0,6547.6019,0
1708894800000,0.1515,0.152,0.1511,0.1512,69236.0,1708895699999,10498.3057,154,52870.0,8021.5686,0
1708895700000,0.1515,0.1519,0.1509,0.1514,21471.0,1708896599999,3248.1704,69,6484.0,982.3096,0
1708896600000,0.151,0.1511,0.1506,0.1508,98157.0,1708897499999,14805.7612,78,35974.0,5429.181,0
1708897500000,0.1508,0.1541,0.1508,0.1526,311529.0,1708898399999,47420.7884,329,221871.0,33773.6106,0
1708898400000,0.1526,0.1538,0.1518,0.1526,97408.0,1708899299999,14898.2907,182,65296.0,9999.2754,0
1708899300000,0.1526,0.1538,0.1522,0.1522,101633.0,1708900199999,15522.8252,156,50607.0,7743.3288,0
1708900200000,0.1524,0.1541,0.1524,0.1536,85564.0,1708901099999,13141.6856,121,65199.0,10014.2858,0
1708901100000,0.1538,0.1549,0.1535,0.1537,260577.0,1708901999999,40139.1432,297,179780.0,27701.5815,0
1708902000000,0.1539,0.155,0.1537,0.1545,153696.0,1708902899999,23732.6305,203,93661.0,14482.776,0
1708902900000,0.1539,0.1544,0.153,0.1535,78465.0,1708903799999,12051.8793,151,49178.0,7558.9121,0
1708903800000,0.1537,0.154,0.153,0.1535,60197.0,1708904699999,9247.6905,87,41741.0,6419.4745,0
1708904700000,0.1532,0.1536,0.153,0.1536,49877.0,1708905599999,7649.4906,137,30016.0,4607.3214,0
1708905600000,0.1536,0.1543,0.153,0.1539,141821.0,1708906499999,21790.393,198,64190.0,9873.9201,0
1708906500000,0.1542,0.1563,0.154,0.1551,282882.0,1708907399999,43930.8307,420,195631.0,30360.662,0
1708907400000,0.155,0.1556,0.1547,0.1553,72712.0,1708908299999,11285.9257,77,37886.0,5881.2918,0
1708908300000,0.1553,0.1553,0.1542,0.1542,214956.0,1708909199999,33317.9956,298,61552.0,9543.8018,0
1708909200000,0.1542,0.159,0.1542,0.1588,889515.0,1708910099999,139944.6478,1246,575037.0,90520.6594,0
1708910100000,0.1585,0.1588,0.1555,0.1566,385814.0,1708910999999,60540.7095,381,123053.0,19326.7587,0
1708911000000,0.1563,0.1566,0.1551,0.1553,58794.0,1708911899999,9143.2903,127,17334.0,2695.0531,0
1708911900000,0.1555,0.1557,0.1547,0.1548,107301.0,1708912799999,16651.984,229,34902.0,5419.3116,0
1708912800000,0.1548,0.1558,0.1546,0.1555,38211.0,1708913699999,5925.7624,126,13607.0,2114.5025,0
1708913700000,0.1555,0.1561,0.1553,0.1553,43934.0,1708914599999,6830.9045,75,14328.0,2231.7164,0
1708914600000,0.1551,0.1552,0.1546,0.1548,20826.0,1708915499999,3226.8561,57,7446.0,1153.9849,0
1708915500000,0.1551,0.1561,0.1544,0.1547,75864.0,1708916399999,11755.2276,183,25229.0,3918.8259,0
1708916400000,0.1548,0.155,0.154,0.1543,33361.0,1708917299999,5152.6764,116,8675.0,1341.2074,0
1708917300000,0.1547,0.1562,0.1547,0.1558,88174.0,1708918199999,13725.2039,95,80813.0,12579.7839,0
1708918200000,0.1558,0.1559,0.1547,0.1549,60260.0,1708919099999,9354.497,67,20019.0,3111.8362,0
1708919100000,0.1548,0.1553,0.1528,0.1553,550228.0,1708919999999,84786.6721,501,153983.0,23794.3825,0
1708920000000,0.1549,0.1554,0.1545,0.155,56909.0,1708920899999,8823.9106,96,15614.0,2421.9485,0
1708920900000,0.1552,0.1552,0.1545,0.1548,43348.0,1708921799999,6714.6332,32,7457.0,1155.4444,0
1708921800000,0.155,0.1552,0.1548,0.1548,29811.0,1708922699999,4620.208,30,12458.0,1932.0066,0
1708922700000,0.1548,0.1553,0.152,0.152,422103.0,1708923599999,64703.4543,450,60281.0,9277.4021,0
1708923600000,0.1524,0.1538,0.1519,0.1537,292428.0,1708924499999,44664.037,233,103585.0,15879.416,0
1708924500000,0.1534,0.1536,0.153,0.1531,75143.0,1708925399999,11517.2642,54,37620.0,5769.491,0
1708925400000,0.1531,0.1536,0.1531,0.1535,26346.0,1708926299999,4039.9607,26,10146.0,1557.5494,0
1708926300000,0.1537,0.1539,0.1518,0.1538,190237.0,1708927199999,29154.3562,235,54666.0,8398.8707,0
1708927200000,0.1538,0.1543,0.1529,0.1532,204177.0,1708928099999,31363.0928,212,69189.0,10641.8719,0
1708928100000,0.1532,0.154,0.153,0.1531,104308.0,1708928999999,15991.9519,75,51314.0,7862.6487,0
1708929000000,0.1533,0.1535,0.1528,0.1531,91558.0,1708929899999,14014.9962,61,21879.0,3349.0304,0
1708929900000,0.1529,0.1534,0.1529,0.1532,76607.0,1708930799999,11726.8695,120,29487.0,4515.2265,0
1708930800000,0.1534,0.1536,0.1528,0.1529,116940.0,1708931699999,17890.9901,111,22544.0,3454.7968,0
1708931700000,0.1528,0.1532,0.1522,0.1525,80941.0,1708932599999,12366.6138,112,61041.0,9330.5614,0
1708932600000,0.1526,0.1532,0.1519,0.1519,91849.0,1708933499999,14022.0377,93,42070.0,6427.9256,0
1708933500000,0.1519,0.1525,0.1519,0.1519,67274.0,1708934399999,10240.4535,161,34694.0,5280.8041,0
1708934400000,0.1519,0.1528,0.1516,0.1518,82765.0,1708935299999,12585.1917,147,21868.0,3329.8236,0
1708935300000,0.1517,0.1526,0.1512,0.1522,219739.0,1708936199999,33361.6889,137,70359.0,10698.6952,0
1708936200000,0.1522,0.1527,0.1519,0.1519,37906.0,1708937099999,5773.503,59,24134.0,3677.5327,0
1708937100000,0.1519,0.152,0.1514,0.1519,28267.0,1708937999999,4287.1158,115,8941.0,1357.3905,0
1708938000000,0.152,0.1523,0.1517,0.1522,71953.0,1708938899999,10936.0298,142,40518.0,6159.8057,0
1708938900000,0.152,0.152,0.1504,0.1508,171144.0,1708939799999,25826.7308,155,64059.0,9653.5631,0
1708939800000,0.1507,0.1509,0.149,0.1493,213820.0,1708940699999,32014.9148,234,65280.0,9792.6844,0
1708940700000,0.1491,0.15,0.1489,0.1494,177877.0,1708941599999,26551.3286,251,74504.0,11129.2465,0
1708941600000,0.1493,0.1509,0.1489,0.1506,165883.0,1708942499999,24861.9546,204,109067.0,16357.814,0
1708942500000,0.1506,0.1511,0.1503,0.1507,76612.0,1708943399999,11535.9629,61,30348.0,4572.162,0
1708943400000,0.1507,0.1508,0.149,0.1499,310567.0,1708944299999,46611.3794,193,104788.0,15747.4158,0
1708944300000,0.1499,0.1505,0.1493,0.1498,125852.0,1708945199999,18876.6158,168,35461.0,5326.6883,0
1708945200000,0.1497,0.1501,0.1485,0.1493,222934.0,1708946099999,33248.1796,249,55742.0,8329.1592,0
1708946100000,0.1491,0.1511,0.1479,0.1508,934632.0,1708946999999,139456.5112,369,565389.0,84493.2053,0
1708947000000,0.1505,0.151,0.1484,0.15,267840.0,1708947899999,40145.7925,205,152724.0,22935.426,0
1708947900000,0.15,0.1506,0.1495,0.15,173071.0,1708948799999,25954.1788,226,52982.0,7951.2787,0
1708948800000,0.1498,0.1501,0.1486,0.1488,222043.0,1708949699999,33125.1383,294,33134.0,4939.4593,0
1708949700000,0.149,0.1559,0.1489,0.1513,1049107.0,1708950599999,159897.5458,743,712291.0,108468.6278,0
1708950600000,0.1514,0.1534,0.1514,0.1523,230392.0,1708951499999,35142.3759,216,168440.0,25704.7218,0
1708951500000,0.1527,0.1528,0.1514,0.1514,138977.0,1708952399999,21144.6517,179,68819.0,10485.6104,0
1708952400000,0.1514,0.1521,0.1508,0.1513,212897.0,1708953299999,32235.769,182,87760.0,13289.6643,0
1708953300000,0.1515,0.1522,0.1514,0.152,64425.0,1708954199999,9786.4746,44,39306.0,5974.718,0
1708954200000,0.152,0.1521,0.1513,0.1513,17770.0,1708955099999,2697.1463,34,8453.0,1284.9424,0
1708955100000,0.1512,0.1521,0.151,0.151,102372.0,1708955999999,15514.903,162,51895.0,7870.1025,0
1708956000000,0.151,0.152,0.151,0.152,54412.0,1708956899999,8235.7685,109,21930.0,3321.6391,0
1708956900000,0.1519,0.1524,0.1514,0.1523,83181.0,1708957799999,12647.8275,80,47869.0,7282.6835,0
1708957800000,0.152,0.1525,0.1519,0.1524,58981.0,1708958699999,8972.447,78,33420.0,5087.5405,0
1708958700000,0.1526,0.1532,0.1525,0.1531,39423.0,1708959599999,6027.5407,82,32319.0,4942.3641,0
1708959600000,0.1527,0.1545,0.1527,0.1542,175758.0,1708960499999,27016.7713,226,150597.0,23158.9142,0
1708960500000,0.1542,0.1543,0.1526,0.1542,164645.0,1708961399999,25290.5987,131,56883.0,8759.2152,0
1708961400000,0.1542,0.1565,0.1539,0.155,287101.0,1708962299999,44543.869,294,213989.0,33208.5822,0
1708962300000,0.155,0.1552,0.154,0.155,183302.0,1708963199999,28367.3275,216,75218.0,11661.5329,0
1708963200000,0.155,0.1578,0.155,0.1569,527445.0,1708964099999,82752.8065,585,248677.0,38975.3412,0
1708964100000,0.1565,0.1566,0.1547,0.1561,152568.0,1708964999999,23782.251,184,64755.0,10096.1398,0
1708965000000,0.1558,0.1562,0.1554,0.156,88661.0,1708965899999,13809.7075,128,26032.0,4058.3487,0
1708965900000,0.1562,0.1568,0.156,0.1568,102676.0,1708966799999,16051.9554,194,71138.0,11119.0171,0
1708966800000,0.1568,0.157,0.1561,0.1562,67417.0,1708967699999,10556.517,215,33668.0,5277.4482,0
1708967700000,0.1562,0.157,0.156,0.1565,76839.0,1708968599999,12025.0795,82,28814.0,4514.0471,0
1708968600000,0.1564,0.1567,0.156,0.1563,86371.0,1708969499999,13509.2906,112,49153.0,7692.6667,0
1708969500000,0.1563,0.1569,0.1559,0.156,113626.0,1708970399999,17764.914,180,22936.0,3590.0824,0
1708970400000,0.1563,0.1568,0.1555,0.1557,98398.0,1708971299999,15352.2014,177,47753.0,7455.8842,0
1708971300000,0.1557,0.1562,0.1551,0.1555,107006.0,1708972199999,16628.3128,118,7656.0,1190.4231,0
1708972200000,0.1552,0.1556,0.1544,0.1544,100503.0,1708973099999,15565.442,123,45746.0,7088.471,0
1708973100000,0.1549,0.1553,0.1543,0.1547,50029.0,1708973999999,7731.8062,110,15468.0,2395.0957,0
1708974000000,0.1544,0.1548,0.1538,0.1544,96127.0,1708974899999,14846.5978,183,74792.0,11557.5859,0
1708974900000,0.1548,0.1554,0.1546,0.1548,49206.0,1708975799999,7631.1268,78,36180.0,5611.4548,0
1708975800000,0.1548,0.1554,0.1537,0.1545,211026.0,1708976699999,32625.7807,152,45077.0,6989.7404,0
1708976700000,0.1543,0.1549,0.1541,0.1547,147616.0,1708977599999,22816.7319,205,80513.0,12449.4155,0
1708977600000,0.1543,0.1595,0.1542,0.1582,757577.0,1708978499999,119431.8783,883,498549.0,78595.9005,0
1708978500000,0.158,0.1586,0.158,0.1583,138447.0,1708979399999,21917.7126,101,103586.0,16405.5375,0
1708979400000,0.1582,0.1617,0.1582,0.1616,714768.0,1708980299999,114253.6278,765,586113.0,93713.0407,0
1708980300000,0.1615,0.1618,0.158,0.1598,1179376.0,1708981199999,188734.8857,1116,585769.0,94032.4815,0
1708981200000,0.1598,0.165,0.1581,0.1612,2595965.0,1708982099999,418883.9852,3165,1210986.0,196363.1092,0
1708982100000,0.1612,0.1634,0.1598,0.1609,1083126.0,1708982999999,174837.3778,962,595233.0,96349.9609,0
1708983000000,0.1612,0.1619,0.1604,0.161,151086.0,1708983899999,24350.3247,217,79837.0,12872.5531,0
1708983900000,0.1614,0.1618,0.1604,0.1606,187703.0,1708984799999,30210.5328,246,70406.0,11353.5324,0
1708984800000,0.1604,0.1661,0.1603,0.1636,624129.0,1708985699999,101956.8687,685,342557.0,55954.5801,0
1708985700000,0.1639,0.1667,0.1621,0.1635,400878.0,1708986599999,65792.4149,587,221410.0,36407.9262,0
1708986600000,0.1634,0.1639,0.1613,0.162,84418.0,1708987499999,13725.1435,165,30978.0,5039.0199,0
1708987500000,0.162,0.1632,0.162,0.1623,76375.0,1708988399999,12407.0085,162,33996.0,5520.7989,0
1708988400000,0.1623,0.1636,0.1614,0.1636,110007.0,1708989299999,17851.541,181,47001.0,7636.3997,0
1708989300000,0.1636,0.168,0.1634,0.1657,596239.0,1708990199999,98987.7283,599,436957.0,72694.8347,0
1708990200000,0.1657,0.1677,0.1646,0.1653,516349.0,1708991099999,85958.8539,764,331839.0,55336.9592,0
1708991100000,0.1655,0.1675,0.1652,0.1658,241564.0,1708991999999,40297.7112,406,140708.0,23486.1261,0
1708992000000,0.1658,0.1675,0.1646,0.1648,326741.0,1708992899999,54191.6186,535,111413.0,18498.4163,0
1708992900000,0.1646,0.1653,0.1631,0.1646,375106.0,1708993799999,61563.4349,314,107048.0,17607.9613,0
1708993800000,0.1646,0.1653,0.164,0.1642,100098.0,1708994699999,16475.1683,164,52575.0,8656.5614,0
1708994700000,0.1641,0.1695,0.1641,0.1653,773501.0,1708995599999,129288.3393,1022,529531.0,88587.6473,0
1708995600000,0.1653,0.1658,0.164,0.165,134525.0,1708996499999,22190.2107,190,47558.0,7852.0918,0
1708996500000,0.165,0.1668,0.165,0.1664,129728.0,1708997399999,21526.8229,230,102761.0,17051.1131,0
1708997400000,0.1665,0.1732,0.1665,0.1718,726487.0,1708998299999,123844.748,1475,508181.0,86614.0209,0
1708998300000,0.1718,0.1731,0.1679,0.1691,877133.0,1708999199999,149474.0056,1050,456066.0,78029.6978,0
1708999200000,0.1694,0.1694,0.1652,0.1672,421775.0,1709000099999,70418.9879,544,125440.0,20972.2542,0
1709000100000,0.1669,0.1684,0.1644,0.1684,248990.0,1709000999999,41478.0891,333,81543.0,13632.0031,0
1709001000000,0.168,0.1682,0.1669,0.1674,50192.0,1709001899999,8404.9687,132,20067.0,3364.1511,0
1709001900000,0.1678,0.1679,0.166,0.167,231448.0,1709002799999,38568.3399,174,64569.0,10773.6417,0
1709002800000,0.167,0.1671,0.1655,0.1655,146696.0,1709003699999,24329.5973,137,71653.0,11887.3812,0
1709003700000,0.1658,0.1676,0.1658,0.167,89617.0,1709004599999,14935.2988,118,68385.0,11401.4377,0
1709004600000,0.1669,0.1672,0.1662,0.1663,38348.0,1709005499999,6392.3849,94,13232.0,2206.6977,0
1709005500000,0.1665,0.1674,0.1639,0.1643,135599.0,1709006399999,22430.4037,252,49596.0,8199.3551,0
1709006400000,0.1643,0.1657,0.1638,0.1657,215745.0,1709007299999,35506.2996,252,101384.0,16690.2614,0
1709007300000,0.1656,0.1691,0.1656,0.1682,273169.0,1709008199999,45718.0701,309,159729.0,26718.4411,0
1709008200000,0.1681,0.1684,0.1659,0.1664,126923.0,1709009099999,21222.8146,139,71733.0,11997.6512,0
1709009100000,0.1662,0.1678,0.1655,0.1657,211544.0,1709009999999,35152.3612,264,89809.0,14947.5388,0
1709010000000,0.1657,0.167,0.1657,0.167,76517.0,1709010899999,12742.5849,157,44519.0,7420.0797,0
1709010900000,0.1666,0.1678,0.1665,0.1668,161218.0,1709011799999,26926.6254,129,38798.0,6487.4451,0
1709011800000,0.167,0.1683,0.1666,0.1671,100623.0,1709012699999,16858.3174,133,57207.0,9593.3562,0
1709012700000,0.1671,0.1672,0.1649,0.1658,201301.0,1709013599999,33346.1724,244,57231.0,9489.877,0
1709013600000,0.1658,0.1678,0.1654,0.1678,215727.0,1709014499999,35956.0922,220,136648.0,22786.8353,0
1709014500000,0.1674,0.1693,0.166,0.1689,221485.0,1709015399999,37131.6756,212,156119.0,26218.5876,0
1709015400000,0.1689,0.1689,0.1667,0.1678,120424.0,1709016299999,20209.9007,214,62904.0,10557.2289,0
1709016300000,0.1675,0.1693,0.1665,0.1669,144760.0,1709017199999,24303.3617,198,83183.0,13995.4252,0
1709017200000,0.1669,0.1673,0.1642,0.1648,372830.0,1709018099999,61555.551,342,41540.0,6853.8142,0
1709018100000,0.1645,0.1657,0.1645,0.1647,146768.0,1709018999999,24229.3645,132,59675.0,9863.3625,0
1709019000000,0.1648,0.17,0.1645,0.17,456376.0,1709019899999,76002.2392,381,296920.0,49510.6642,0
1709019900000,0.1699,0.1709,0.167,0.1685,350997.0,1709020799999,58969.2622,414,124459.0,20950.6119,0
1709020800000,0.1685,0.1689,0.1684,0.1688,74612.0,1709021699999,12578.8291,93,33139.0,5589.2862,0
1709021700000,0.1688,0.1693,0.1667,0.1668,696119.0,1709022599999,116671.742,238,88056.0,14762.7263,0
1709022600000,0.1667,0.1684,0.1667,0.1674,193824.0,1709023499999,32476.7141,110,49508.0,8288.1423,0
1709023500000,0.1672,0.1692,0.1665,0.1673,231849.0,1709024399999,38837.6506,234,109842.0,18430.115,0
1709024400000,0.1677,0.1682,0.1672,0.1677,27094.0,1709025299999,4543.2919,74,7169.0,1203.1804,0
1709025300000,0.1678,0.1679,0.1659,0.1662,327399.0,1709026199999,54568.5245,154,52277.0,8721.5026,0
1709026200000,0.1662,0.1665,0.1654,0.1655,232149.0,1709027099999,38473.2851,163,51499.0,8543.1965,0
1709027100000,0.1655,0.1662,0.1654,0.166,51133.0,1709027999999,8484.6814,83,16054.0,2664.1486,0
1709028000000,0.166,0.1666,0.1645,0.1653,382135.0,1709028899999,63223.7135,267,136571.0,22673.6946,0
1709028900000,0.1655,0.1663,0.1653,0.1657,84919.0,1709029799999,14071.2463,65,38887.0,6446.8884,0
1709029800000,0.166,0.1663,0.1648,0.1658,97938.0,1709030699999,16232.0571,122,33539.0,5569.4038,0
1709030700000,0.1658,0.1693,0.165,0.1678,570614.0,1709031599999,95498.6299,545,389523.0,65268.0394,0
1709031600000,0.1678,0.1679,0.1671,0.1671,105309.0,1709032499999,17613.1554,101,26231.0,4392.4197,0
1709032500000,0.1671,0.1681,0.1655,0.1661,328651.0,1709033399999,54610.8008,190,80516.0,13393.7453,0
1709033400000,0.1662,0.1662,0.1621,0.1638,481208.0,1709034299999,79070.1863,371,81892.0,13487.4913,0
1709034300000,0.1635,0.1652,0.1635,0.165,237189.0,1709035199999,39040.2436,219,199797.0,32895.0115,0
1709035200000,0.1646,0.1649,0.1635,0.1635,89552.0,1709036099999,14700.7019,183,32935.0,5413.1016,0
1709036100000,0.1635,0.1653,0.1633,0.1647,167535.0,1709036999999,27539.8392,156,131951.0,21712.0058,0
1709037000000,0.1644,0.1672,0.1641,0.1672,481237.0,1709037899999,79986.9312,312,325583.0,54050.7991,0
1709037900000,0.167,0.1673,0.1637,0.1641,266308.0,1709038799999,44064.3961,253,75605.0,12549.1866,0
1709038800000,0.1641,0.1644,0.1627,0.1636,201359.0,1709039699999,32919.5526,236,74602.0,12215.7496,0
1709039700000,0.1638,0.1643,0.1602,0.1623,411033.0,1709040599999,66489.5347,400,90127.0,14606.6704,0
1709040600000,0.1623,0.1628,0.1548,0.1599,1997213.0,1709041499999,317116.0752,1244,844718.0,133893.342,0
1709041500000,0.1599,0.16,0.1584,0.16,323430.0,1709042399999,51591.943,319,169158.0,27037.9294,0
1709042400000,0.1599,0.1608,0.159,0.1602,352686.0,1709043299999,56506.5335,284,198784.0,31852.5974,0
1709043300000,0.1603,0.1604,0.1592,0.1597,82856.0,1709044199999,13264.0993,74,30418.0,4876.9225,0
1709044200000,0.1604,0.1617,0.16,0.1602,251312.0,1709045099999,40462.5041,165,146830.0,23661.2216,0
1709045100000,0.1605,0.1606,0.1585,0.1592,270546.0,1709045999999,43100.7612,257,110128.0,17544.2842,0
1709046000000,0.1596,0.1602,0.1592,0.1592,65052.0,1709046899999,10389.0553,107,30428.0,4864.6233,0
1709046900000,0.1592,0.1601,0.159,0.16,43680.0,1709047799999,6979.654,47,25138.0,4019.7064,0
1709047800000,0.1599,0.1619,0.1599,0.1609,282425.0,1709048699999,45479.2243,152,242935.0,39116.6375,0
1709048700000,0.1612,0.1612,0.158,0.1589,213405.0,1709049599999,33982.4616,231,44181.0,7034.8545,0
1709049600000,0.1589,0.1599,0.1563,0.1569,322066.0,1709050499999,50775.8485,386,59098.0,9336.5034,0
1709050500000,0.157,0.1583,0.1567,0.1581,106483.0,1709051399999,16791.0437,157,34567.0,5456.8375,0
1709051400000,0.158,0.1585,0.1577,0.1583,94949.0,1709052299999,14994.7456,142,53830.0,8501.2291,0
1709052300000,0.1583,0.1587,0.1582,0.1585,34145.0,1709053199999,5413.3898,108,25960.0,4116.7899,0
1709053200000,0.1582,0.1588,0.158,0.158,57928.0,1709054099999,9165.9872,62,21917.0,3470.5984,0
1709054100000,0.1581,0.1587,0.1579,0.1581,59197.0,1709054999999,9369.2761,57,35592.0,5636.4365,0
1709055000000,0.1584,0.1592,0.158,0.1585,123084.0,1709055899999,19524.3563,111,71473.0,11343.7345,0
1709055900000,0.1587,0.1596,0.1585,0.1592,119577.0,1709056799999,19024.7367,167,97081.0,15446.5368,0
1709056800000,0.159,0.1612,0.1588,0.1604,170228.0,1709057699999,27249.8504,219,136344.0,21843.3788,0
1709057700000,0.1607,0.1613,0.1603,0.1607,64435.0,1709058599999,10358.4946,100,37367.0,6010.679,0
1709058600000,0.1607,0.1607,0.16,0.1607,32637.0,1709059499999,5240.4924,66,17115.0,2747.6064,0
1709059500000,0.1608,0.161,0.1601,0.1603,79029.0,1709060399999,12692.7203,131,41639.0,6688.1709,0
1709060400000,0.1606,0.1618,0.1598,0.1611,164062.0,1709061299999,26324.1494,183,105673.0,16973.4914,0
1709061300000,0.161,0.1613,0.1605,0.1607,86275.0,1709062199999,13867.5609,63,45101.0,7249.5649,0
1709062200000,0.1607,0.1628,0.1603,0.1619,294749.0,1709063099999,47612.2038,264,171723.0,27734.3571,0
1709063100000,0.162,0.1629,0.1616,0.1618,135299.0,1709063999999,21941.0226,146,93995.0,15244.1874,0
1709064000000,0.1619,0.1619,0.1601,0.1604,284243.0,1709064899999,45723.588,186,24581.0,3954.7937,0
1709064900000,0.1604,0.161,0.1595,0.1598,153698.0,1709065799999,24602.3736,103,47561.0,7622.2544,0
1709065800000,0.1601,0.1602,0.1586,0.1593,186956.0,1709066699999,29771.7107,119,38772.0,6192.1944,0
1709066700000,0.1593,0.1608,0.1593,0.1608,126650.0,1709067599999,20264.5935,123,87285.0,13952.5163,0
1709067600000,0.1608,0.1609,0.159,0.1601,104663.0,1709068499999,16755.1456,104,22622.0,3633.8204,0
1709068500000,0.1601,0.1606,0.1597,0.1603,25168.0,1709069399999,4034.102,42,18110.0,2904.0712,0
1709069400000,0.1605,0.1609,0.1604,0.1605,64400.0,1709070299999,10341.071,109,39770.0,6388.3622,0
1709070300000,0.1605,0.1607,0.1582,0.1591,340158.0,1709071199999,54074.4871,248,29468.0,4686.1545,0
1709071200000,0.1591,0.1593,0.1579,0.1581,100853.0,1709072099999,15981.7502,172,22981.0,3659.3241,0
1709072100000,0.1581,0.1592,0.1581,0.1588,42055.0,1709072999999,6669.9046,99,16921.0,2685.5137,0
1709073000000,0.1586,0.1592,0.1583,0.1588,72411.0,1709073899999,11494.1788,108,46759.0,7427.6196,0
1709073900000,0.1588,0.1588,0.1581,0.1586,25174.0,1709074799999,3987.4901,73,10979.0,1740.8099,0
1709074800000,0.1586,0.1588,0.1582,0.1586,20734.0,1709075699999,3288.2213,56,14840.0,2353.8988,0
1709075700000,0.1583,0.161,0.1582,0.1602,387932.0,1709076599999,61986.8314,291,357010.0,57045.5513,0
1709076600000,0.1604,0.1608,0.16,0.1601,35293.0,1709077499999,5666.2726,83,19119.0,3069.7341,0
1709077500000,0.1602,0.1609,0.1598,0.1609,70655.0,1709078399999,11330.7525,118,55849.0,8962.7261,0
1709078400000,0.1609,0.1613,0.1604,0.1612,93736.0,1709079299999,15096.8087,205,54634.0,8800.3847,0
1709079300000,0.161,0.1667,0.1607,0.1656,987742.0,1709080199999,162245.8483,916,646246.0,105999.0719,0
1709080200000,0.1653,0.1673,0.1646,0.1653,153259.0,1709081099999,25428.7104,264,112078.0,18614.5333,0
1709081100000,0.1656,0.1656,0.1635,0.164,110114.0,1709081999999,18074.4684,208,8550.0,1405.374,0
1709082000000,0.164,0.164,0.1616,0.1616,156798.0,1709082899999,25478.6472,231,45300.0,7362.4433,0
1709082900000,0.1616,0.1622,0.1603,0.161,198687.0,1709083799999,31974.0456,156,95806.0,15402.7015,0
1709083800000,0.1611,0.1611,0.1601,0.1604,364060.0,1709084699999,58475.3983,108,8132.0,1305.9635,0
1709084700000,0.1607,0.1613,0.1607,0.1612,26236.0,1709085599999,4225.7324,93,19264.0,3102.6692,0
1709085600000,0.1608,0.1615,0.1607,0.161,84580.0,1709086499999,13641.8638,192,72860.0,11753.1936,0
1709086500000,0.1614,0.1615,0.1609,0.1615,12034.0,1709087399999,1940.8002,23,7592.0,1225.8723,0
1709087400000,0.1615,0.1665,0.1615,0.1663,488200.0,1709088299999,79952.5873,414,383366.0,62661.4566,0
1709088300000,0.1659,0.1662,0.164,0.1642,65659.0,1709089199999,10826.3128,147,32142.0,5302.3201,0
1709089200000,0.1643,0.1645,0.1631,0.1635,48984.0,1709090099999,8020.5025,102,16095.0,2634.4038,0
1709090100000,0.1635,0.164,0.1633,0.1635,22824.0,1709090999999,3733.5501,35,13745.0,2249.7969,0
1709091000000,0.164,0.1644,0.1635,0.1642,13514.0,1709091899999,2217.5889,35,10879.0,1785.3773,0
1709091900000,0.1642,0.1642,0.1633,0.1634,73649.0,1709092799999,12074.8869,65,54424.0,8931.463,0
1709092800000,0.1634,0.164,0.1623,0.1627,90375.0,1709093699999,14724.8811,123,31793.0,5183.3619,0
1709093700000,0.1628,0.1631,0.1627,0.1631,57628.0,1709094599999,9381.0365,37,31698.0,5159.5556,0
1709094600000,0.1631,0.1636,0.163,0.1634,128094.0,1709095499999,20903.6007,52,104286.0,17019.4326,0
1709095500000,0.1635,0.1638,0.1628,0.1632,62261.0,1709096399999,10157.2926,85,14071.0,2299.8477,0
1709096400000,0.1632,0.1633,0.1628,0.1632,17838.0,1709097299999,2909.0172,46,12875.0,2100.547,0
1709097300000,0.1632,0.1635,0.163,0.1635,8977.0,1709098199999,1465.2298,26,6495.0,1060.4234,0
1709098200000,0.1631,0.1637,0.1631,0.1633,38256.0,1709099099999,6250.8444,60,18628.0,3047.0444,0
1709099100000,0.1633,0.1638,0.1633,0.1636,20562.0,1709099999999,3362.3442,73,8438.0,1380.6236,0
1709100000000,0.1637,0.168,0.1632,0.1667,360069.0,1709100899999,59814.3017,405,277174.0,46005.2093,0
1709100900000,0.1663,0.1674,0.1655,0.1663,67235.0,1709101799999,11170.5108,101,27295.0,4532.9426,0
1709101800000,0.1658,0.1662,0.1651,0.166,62562.0,1709102699999,10365.9512,134,19416.0,3221.3319,0
1709102700000,0.1657,0.1661,0.1645,0.1651,238620.0,1709103599999,39395.295,197,104093.0,17190.567,0
1709103600000,0.1651,0.1653,0.1642,0.1653,121942.0,1709104499999,20082.7751,113,79794.0,13151.8548,0
1709104500000,0.1653,0.1657,0.1651,0.1653,55749.0,1709105399999,9219.6617,50,43666.0,7224.1344,0
1709105400000,0.1653,0.1658,0.1647,0.165,137213.0,1709106299999,22676.5896,134,48738.0,8064.9279,0
1709106300000,0.1651,0.1658,0.1648,0.1649,127228.0,1709107199999,21046.4781,143,68476.0,11344.1138,0
1709107200000,0.1651,0.1682,0.1649,0.1678,226339.0,1709108099999,37702.011,252,184927.0,30815.3331,0
1709108100000,0.1678,0.1686,0.167,0.1673,176333.0,1709108999999,29602.5501,289,102157.0,17161.4544,0
1709109000000,0.1669,0.1669,0.165,0.1658,249990.0,1709109899999,41398.2466,208,37407.0,6206.8294,0
1709109900000,0.1658,0.1664,0.1648,0.1661,227278.0,1709110799999,37660.0937,244,128208.0,21259.9601,0
1709110800000,0.1656,0.1763,0.1647,0.1734,1675728.0,1709111699999,288360.3529,2500,1291696.0,222262.5472,0
1709111700000,0.1735,0.1938,0.1698,0.1884,6340835.0,1709112599999,1173932.6696,7845,4574262.0,844623.0827,0
1709112600000,0.1884,0.198,0.185,0.1954,5208050.0,1709113499999,1001564.4851,5429,2722170.0,525341.3066,0
1709113500000,0.1958,0.1959,0.184,0.1845,2148803.0,1709114399999,404232.3081,3016,846443.0,159030.9512,0
1709114400000,0.1845,0.19,0.1834,0.1848,1976878.0,1709115299999,368067.7556,2905,900498.0,167976.5671,0
1709115300000,0.1844,0.1848,0.1802,0.182,1107318.0,1709116199999,201945.0715,1132,310479.0,56610.7751,0
1709116200000,0.182,0.1844,0.18,0.1805,675472.0,1709117099999,123056.1478,898,269922.0,49316.6921,0
1709117100000,0.1809,0.1844,0.1787,0.1803,1115496.0,1709117999999,201885.5982,1227,537934.0,97504.9398,0
1709118000000,0.1807,0.183,0.1805,0.1822,348597.0,1709118899999,63375.652,396,231991.0,42239.7259,0
1709118900000,0.1818,0.19,0.1814,0.1871,1205146.0,1709119799999,224480.517,1261,669861.0,124804.143,0
1709119800000,0.1871,0.193,0.1869,0.1917,1037248.0,1709120699999,197333.0316,1457,474898.0,90409.4542,0
1709120700000,0.192,0.1926,0.1849,0.189,976218.0,1709121599999,185071.7547,1140,377873.0,71797.0526,0
1709121600000,0.1896,0.1897,0.1852,0.1872,598817.0,1709122499999,112506.9145,601,142200.0,26723.8504,0
1709122500000,0.187,0.192,0.1854,0.1879,718964.0,1709123399999,135370.2838,864,405077.0,76314.9774,0
1709123400000,0.1879,0.1897,0.186,0.1879,213482.0,1709124299999,40127.7627,345,97536.0,18352.8333,0
1709124300000,0.1878,0.1895,0.1856,0.188,318965.0,1709125199999,59930.5497,502,110225.0,20748.0705,0
1709125200000,0.188,0.1935,0.1878,0.192,887544.0,1709126099999,169766.0223,1130,605074.0,115728.4069,0
1709126100000,0.1921,0.1965,0.1887,0.1949,2086696.0,1709126999999,404155.1635,2247,1271340.0,246652.2114,0
1709127000000,0.1954,0.1955,0.1897,0.1898,1491478.0,1709127899999,287458.3202,1508,539222.0,104124.7982,0
1709127900000,0.1898,0.1911,0.1861,0.1879,1105758.0,1709128799999,209126.7286,973,506878.0,96165.284,0
1709128800000,0.1879,0.1902,0.1871,0.1891,413702.0,1709129699999,78143.3495,541,252043.0,47628.2273,0
1709129700000,0.189,0.208,0.1874,0.1981,6106287.0,1709130599999,1224083.6796,7707,3154299.0,632657.4655,0
1709130600000,0.1988,0.2041,0.1932,0.1989,2831104.0,1709131499999,563469.8333,3373,1229255.0,245141.9231,0
1709131500000,0.1994,0.2028,0.1921,0.1931,1418456.0,1709132399999,280063.2802,1681,569287.0,112602.7973,0
1709132400000,0.1933,0.1952,0.1913,0.1952,991126.0,1709133299999,191592.182,1143,543809.0,105250.6097,0
1709133300000,0.195,0.199,0.189,0.1904,1392463.0,1709134199999,267980.6307,1863,463282.0,89626.0085,0
1709134200000,0.1907,0.1926,0.1871,0.1891,965066.0,1709135099999,182777.2015,951,326962.0,62076.2279,0
1709135100000,0.1887,0.1898,0.1882,0.1885,875801.0,1709135999999,165895.0698,427,572610.0,108562.8337,0
1709136000000,0.1885,0.196,0.1882,0.1935,1052341.0,1709136899999,202807.2106,1644,672108.0,129634.0955,0
1709136900000,0.193,0.193,0.1865,0.1891,1256885.0,1709137799999,237579.1216,1247,488300.0,92263.7945,0
1709137800000,0.1891,0.1893,0.1865,0.1876,534960.0,1709138699999,100699.0375,419,255545.0,48152.5151,0
1709138700000,0.1877,0.1885,0.187,0.1872,301595.0,1709139599999,56626.6962,287,164190.0,30855.3189,0
1709139600000,0.1872,0.1885,0.1832,0.1875,1146915.0,1709140499999,213788.288,1289,535108.0,100073.6462,0
1709140500000,0.1877,0.19,0.1847,0.1874,1493097.0,1709141399999,280933.6707,1269,773195.0,145757.4272,0
1709141400000,0.1876,0.1878,0.177,0.1824,2000236.0,1709142299999,362823.9646,1706,849254.0,153742.6175,0
1709142300000,0.1824,0.1844,0.1822,0.1833,424232.0,1709143199999,77743.2914,575,141961.0,26037.0005,0
1709143200000,0.1833,0.1867,0.182,0.1851,832008.0,1709144099999,152832.604,670,276364.0,51012.1128,0
1709144100000,0.185,0.1876,0.1807,0.1849,576997.0,1709144999999,105972.4411,663,272539.0,50156.7378,0
1709145000000,0.1845,0.189,0.1845,0.1871,410146.0,1709145899999,76419.8684,586,187692.0,35060.7829,0
1709145900000,0.1871,0.191,0.187,0.1901,591789.0,1709146799999,112223.7083,554,415941.0,78937.5784,0
1709146800000,0.1901,0.195,0.1892,0.1947,1293977.0,1709147699999,248985.7771,1321,964110.0,185587.815,0
1709147700000,0.1948,0.196,0.1865,0.1881,646237.0,1709148599999,123390.9119,819,316207.0,60441.9471,0
1709148600000,0.1881,0.197,0.1868,0.1954,906296.0,1709149499999,174566.2857,1134,443218.0,85301.7137,0
1709149500000,0.1954,0.1958,0.1892,0.1897,442444.0,1709150399999,84656.3854,662,158641.0,30419.2454,0
1709150400000,0.1897,0.1915,0.1871,0.1911,337840.0,1709151299999,64089.6272,509,182692.0,34660.0723,0
1709151300000,0.1906,0.1909,0.187,0.1874,123066.0,1709152199999,23200.7724,216,11387.0,2155.4859,0
1709152200000,0.1877,0.1895,0.1877,0.1881,122779.0,1709153099999,23150.9065,178,50963.0,9606.6443,0
1709153100000,0.1887,0.1906,0.1882,0.1899,82853.0,1709153999999,15717.7053,174,59654.0,11327.369,0
1709154000000,0.1899,0.1964,0.189,0.1902,545003.0,1709154899999,104765.4024,983,299519.0,57735.255,0
1709154900000,0.1902,0.197,0.1901,0.197,801161.0,1709155799999,157042.5976,1211,462163.0,90514.8526,0
1709155800000,0.197,0.1975,0.195,0.195,738210.0,1709156699999,144984.4275,414,299776.0,59022.798,0
1709156700000,0.195,0.1983,0.193,0.1948,338645.0,1709157599999,66239.0195,597,168043.0,32935.6458,0
1709157600000,0.1948,0.1952,0.1931,0.194,163408.0,1709158499999,31661.9588,229,70235.0,13613.4828,0
1709158500000,0.1941,0.2,0.1935,0.1983,542680.0,1709159399999,107328.1152,689,311342.0,61450.0064,0
1709159400000,0.1987,0.2,0.1944,0.1949,263273.0,1709160299999,51792.4643,280,103744.0,20573.3428,0
1709160300000,0.1949,0.1995,0.1947,0.1984,188470.0,1709161199999,37163.7837,280,151353.0,29845.4183,0
1709161200000,0.1978,0.1981,0.1919,0.1948,377227.0,1709162099999,73071.6462,523,186586.0,36109.9942,0
1709162100000,0.1949,0.1962,0.194,0.1941,166116.0,1709162999999,32426.6099,236,64637.0,12635.2274,0
1709163000000,0.194,0.1969,0.1939,0.1954,133526.0,1709163899999,26070.3241,217,87980.0,17149.5257,0
1709163900000,0.1954,0.1982,0.195,0.1966,166303.0,1709164799999,32721.4107,360,97919.0,19269.7871,0
1709164800000,0.1965,0.2,0.1941,0.196,626530.0,1709165699999,124125.5849,728,386429.0,76695.9223,0
1709165700000,0.1959,0.2098,0.1944,0.2078,2372483.0,1709166599999,482753.15,3154,1760701.0,357612.9268,0
1709166600000,0.2074,0.208,0.2011,0.2029,544690.0,1709167499999,111255.3981,844,209380.0,42872.4759,0
1709167500000,0.2029,0.2029,0.1964,0.1974,481825.0,1709168399999,95897.7399,659,171828.0,34094.2288,0
1709168400000,0.1968,0.1991,0.1965,0.1983,216364.0,1709169299999,42687.4891,294,120999.0,23891.2417,0
1709169300000,0.198,0.198,0.1958,0.196,176047.0,1709170199999,34638.2784,204,31175.0,6142.5898,0
1709170200000,0.196,0.2,0.1957,0.2,282520.0,1709171099999,55776.9894,297,195255.0,38598.0288,0
1709171100000,0.1996,0.2047,0.1995,0.2012,533990.0,1709171999999,107871.372,759,341685.0,68989.5219,0
1709172000000,0.2012,0.206,0.2,0.2029,320260.0,1709172899999,64892.1676,596,136891.0,27766.0493,0
1709172900000,0.2029,0.2029,0.1977,0.1983,616716.0,1709173799999,122985.4318,489,352625.0,70373.2372,0
1709173800000,0.1982,0.1985,0.1954,0.1969,290545.0,1709174699999,57203.1245,293,59687.0,11784.7733,0
1709174700000,0.1967,0.1979,0.1959,0.1973,84475.0,1709175599999,16638.3343,136,63090.0,12433.7138,0
1709175600000,0.1973,0.1987,0.1967,0.1967,160740.0,1709176499999,31747.3621,224,63470.0,12557.3335,0
1709176500000,0.1967,0.1982,0.1961,0.1981,253143.0,1709177399999,49905.0043,235,175512.0,34627.4653,0
1709177400000,0.1982,0.1993,0.1974,0.1977,132277.0,1709178299999,26247.1131,188,70743.0,14051.7143,0
1709178300000,0.1981,0.1983,0.1969,0.1983,83860.0,1709179199999,16564.607,152,28818.0,5702.084,0
1709179200000,0.198,0.198,0.196,0.1971,132693.0,1709180099999,26089.4188,144,18052.0,3545.808,0
1709180100000,0.1966,0.1971,0.1934,0.1941,358745.0,1709180999999,69918.6044,410,72033.0,13999.9238,0
1709181000000,0.1941,0.1946,0.193,0.1937,222324.0,1709181899999,43039.0374,199,88898.0,17212.5919,0
1709181900000,0.1938,0.1947,0.193,0.1947,196229.0,1709182799999,38036.3404,237,98991.0,19215.8181,0
1709182800000,0.1947,0.1948,0.1921,0.1926,226399.0,1709183699999,43766.323,321,44379.0,8588.3758,0
1709183700000,0.1926,0.193,0.1877,0.1877,702388.0,1709184599999,133601.8997,655,245650.0,46751.5929,0
1709184600000,0.1876,0.1883,0.186,0.186,341875.0,1709185499999,63935.8967,376,146158.0,27348.7986,0
1709185500000,0.1866,0.1913,0.1857,0.191,534473.0,1709186399999,100296.9517,629,262546.0,49393.6579,0
1709186400000,0.191,0.1913,0.1822,0.1829,1144318.0,1709187299999,211899.1761,1020,616510.0,113903.213,0
1709187300000,0.1827,0.1835,0.1811,0.1834,768993.0,1709188199999,140544.1329,439,458972.0,84008.6484,0
1709188200000,0.1834,0.188,0.183,0.1854,744891.0,1709189099999,138120.9414,796,407960.0,75596.5519,0
1709189100000,0.1854,0.1856,0.1831,0.1841,216616.0,1709189999999,39944.3776,368,70080.0,12937.8389,0
1709190000000,0.184,0.1852,0.184,0.1852,158299.0,1709190899999,29230.6098,186,112498.0,20781.3561,0
1709190900000,0.1852,0.1882,0.1833,0.1847,608308.0,1709191799999,112892.5968,647,323297.0,60056.7681,0
1709191800000,0.1848,0.1858,0.184,0.185,646709.0,1709192699999,119576.7714,395,523989.0,96903.2701,0
1709192700000,0.185,0.188,0.1838,0.1846,727008.0,1709193599999,134924.6207,781,329208.0,61234.1417,0
1709193600000,0.1846,0.1855,0.1837,0.1851,313637.0,1709194499999,57936.2971,262,119265.0,22056.6215,0
1709194500000,0.1847,0.1865,0.1842,0.1864,192630.0,1709195399999,35697.2976,155,118738.0,22041.7412,0
1709195400000,0.1864,0.1867,0.1857,0.1864,132273.0,1709196299999,24630.5043,167,52317.0,9750.7733,0
1709196300000,0.1865,0.1867,0.1836,0.1842,545402.0,1709197199999,100851.9226,354,262096.0,48434.9673,0
1709197200000,0.1844,0.187,0.1843,0.1848,547714.0,1709198099999,101586.764,436,367030.0,68125.2222,0
1709198100000,0.1844,0.1846,0.183,0.1831,215740.0,1709198999999,39622.4952,249,92425.0,16975.4074,0
1709199000000,0.1833,0.1845,0.181,0.1842,611229.0,1709199899999,112037.4322,357,415240.0,76291.2378,0
1709199900000,0.1841,0.185,0.1835,0.1835,192854.0,1709200799999,35525.3811,196,47741.0,8804.8279,0
1709200800000,0.1835,0.1839,0.1825,0.1829,125005.0,1709201699999,22885.1058,148,46766.0,8559.2459,0
1709201700000,0.1832,0.1842,0.1832,0.1838,75791.0,1709202599999,13927.934,98,30442.0,5594.4949,0
1709202600000,0.1838,0.1854,0.1833,0.1845,167774.0,1709203499999,30920.2463,189,87554.0,16152.9643,0
1709203500000,0.1847,0.1848,0.1833,0.184,85023.0,1709204399999,15659.3438,84,11288.0,2081.3102,0
1709204400000,0.1839,0.1839,0.1828,0.1831,101855.0,1709205299999,18667.4012,122,61553.0,11282.7578,0
1709205300000,0.183,0.186,0.1829,0.185,262516.0,1709206199999,48539.2451,255,150433.0,27825.803,0
1709206200000,0.185,0.1863,0.1843,0.1852,255665.0,1709207099999,47373.5954,283,129820.0,24082.6331,0
1709207100000,0.1855,0.1855,0.1828,0.1847,171726.0,1709207999999,31662.8776,180,74517.0,13761.4862,0
1709208000000,0.1847,0.1856,0.1827,0.1828,204705.0,1709208899999,37708.8815,209,88855.0,16394.9999,0
1709208900000,0.1831,0.1842,0.1829,0.1836,91200.0,1709209799999,16733.6232,98,46889.0,8612.0612,0
1709209800000,0.1831,0.1846,0.179,0.1804,1030089.0,1709210699999,186505.5584,994,216888.0,39339.5046,0
1709210700000,0.1804,0.1809,0.1795,0.18,394784.0,1709211599999,71098.532,289,256604.0,46219.295,0
1709211600000,0.18,0.1808,0.1791,0.1808,347582.0,1709212499999,62486.8835,163,193564.0,34840.5539,0
1709212500000,0.1808,0.183,0.1807,0.1818,229119.0,1709213399999,41692.9698,227,160318.0,29178.4628,0
1709213400000,0.1823,0.185,0.1823,0.1829,263642.0,1709214299999,48406.1656,384,176297.0,32403.4389,0
1709214300000,0.183,0.1851,0.1827,0.1843,413797.0,1709215199999,76283.8737,230,144354.0,26634.4205,0
1709215200000,0.1847,0.1853,0.1844,0.1845,86070.0,1709216099999,15907.4813,100,70727.0,13075.4133,0
1709216100000,0.1847,0.1873,0.1842,0.1851,326044.0,1709216999999,60353.1048,244,195718.0,36305.6132,0
1709217000000,0.1854,0.1858,0.1842,0.1843,174689.0,1709217899999,32314.2126,208,62746.0,11628.0735,0
1709217900000,0.1843,0.1852,0.1842,0.1844,68291.0,1709218799999,12605.0799,82,29576.0,5467.1054,0
1709218800000,0.1844,0.1852,0.1842,0.1846,396281.0,1709219699999,73011.862,69,29734.0,5490.5592,0
1709219700000,0.1848,0.1863,0.1848,0.1859,197866.0,1709220599999,36741.9625,219,132721.0,24636.1174,0
1709220600000,0.1861,0.1869,0.1852,0.1856,254843.0,1709221499999,47354.8831,160,111010.0,20657.1653,0
1709221500000,0.1853,0.1859,0.1849,0.1851,104709.0,1709222399999,19405.2944,103,43411.0,8053.9266,0
1709222400000,0.1854,0.1854,0.1845,0.1846,122395.0,1709223299999,22594.8936,77,58583.0,10812.1043,0
1709223300000,0.1846,0.187,0.1842,0.185,298770.0,1709224199999,55373.1951,252,169560.0,31470.0289,0
1709224200000,0.185,0.1857,0.1821,0.1837,287998.0,1709225099999,53129.3025,163,78827.0,14533.7165,0
1709225100000,0.1834,0.1844,0.1826,0.1829,146225.0,1709225999999,26783.5762,124,49890.0,9142.0403,0
1709226000000,0.1827,0.183,0.1819,0.1823,126320.0,1709226899999,23068.3934,103,58967.0,10772.3277,0
1709226900000,0.182,0.1825,0.1811,0.1813,94568.0,1709227799999,17179.6925,94,4439.0,807.3821,0
1709227800000,0.1813,0.1821,0.1806,0.1806,180208.0,1709228699999,32657.181,168,93127.0,16877.1821,0
1709228700000,0.1806,0.182,0.18,0.1816,168721.0,1709229599999,30515.3856,172,60196.0,10905.8129,0
1709229600000,0.1812,0.183,0.1812,0.1823,84824.0,1709230499999,15454.8378,94,73220.0,13345.0807,0
1709230500000,0.1823,0.183,0.1821,0.1821,167986.0,1709231399999,30724.4378,62,156903.0,28701.4636,0
1709231400000,0.1823,0.183,0.1814,0.1822,90558.0,1709232299999,16492.285,121,68236.0,12432.4166,0
1709232300000,0.1821,0.183,0.1816,0.1822,161734.0,1709233199999,29437.6322,114,96823.0,17628.5263,0
1709233200000,0.1822,0.1824,0.1815,0.1819,61260.0,1709234099999,11151.7746,65,17111.0,3116.9707,0
1709234100000,0.1825,0.183,0.1822,0.183,142048.0,1709234999999,25980.5833,98,120849.0,22108.6279,0
1709235000000,0.1829,0.1839,0.1827,0.1831,60613.0,1709235899999,11099.3424,70,43586.0,7980.7631,0
1709235900000,0.1836,0.1839,0.1834,0.1838,15441.0,1709236799999,2836.124,44,9500.0,1745.9374,0
1709236800000,0.1835,0.184,0.1834,0.1837,31059.0,1709237699999,5707.3519,53,17476.0,3213.2911,0
1709237700000,0.1835,0.1841,0.1835,0.1839,70443.0,1709238599999,12945.1173,52,21480.0,3951.1932,0
1709238600000,0.1841,0.1841,0.1836,0.1836,19999.0,1709239499999,3673.9978,32,4248.0,781.513,0
1709239500000,0.1836,0.184,0.1836,0.1836,34395.0,1709240399999,6324.6429,38,17400.0,3198.8527,0
1709240400000,0.1836,0.1838,0.1811,0.1817,71048.0,1709241299999,12976.2409,127,27186.0,4956.0128,0
1709241300000,0.1819,0.1823,0.1798,0.1801,361119.0,1709242199999,65266.4088,260,144484.0,26164.5921,0
1709242200000,0.1802,0.1822,0.1802,0.1809,164337.0,1709243099999,29752.4454,184,117213.0,21238.2562,0
1709243100000,0.1807,0.1823,0.1802,0.1823,83115.0,1709243999999,15062.4474,122,55389.0,10045.1671,0
1709244000000,0.1823,0.1823,0.1801,0.1812,76039.0,1709244899999,13759.6578,137,23008.0,4169.1976,0
1709244900000,0.1811,0.1815,0.18,0.1801,91664.0,1709245799999,16547.4216,116,33903.0,6127.519,0
1709245800000,0.18,0.1801,0.1782,0.1783,229514.0,1709246699999,41163.9865,239,72321.0,12977.8809,0
1709246700000,0.1782,0.1787,0.1773,0.1787,203766.0,1709247599999,36247.8527,198,117707.0,20941.0599,0
1709247600000,0.1787,0.1817,0.1786,0.1817,126624.0,1709248499999,22762.677,123,114369.0,20550.8273,0
1709248500000,0.1817,0.185,0.1817,0.1832,220943.0,1709249399999,40536.9107,253,190915.0,35030.805,0
1709249400000,0.1832,0.1853,0.1827,0.1831,57615.0,1709250299999,10585.6787,98,39503.0,7263.3864,0
1709250300000,0.1829,0.1831,0.1824,0.1824,12874.0,1709251199999,2351.3658,36,2357.0,430.7936,0
