open_time,open,high,low,close,volume,close_time,quote_volume,trades,taker_buy_base,taker_buy_quote,ignore
1682899200000,17.1,17.15,17.08,17.12,15817.92,1682900099999,270688.1837,541,6952.93,119005.485,0
1682900100000,17.13,17.2,17.13,17.19,5370.92,1682900999999,92182.8321,291,2718.19,46651.1652,0
1682901000000,17.2,17.2,17.17,17.2,9570.71,1682901899999,164439.873,314,4538.93,78007.6446,0
1682901900000,17.2,17.21,17.16,17.19,6001.41,1682902799999,103156.1455,261,2900.02,49850.2178,0
1682902800000,17.19,17.19,17.13,17.15,3218.05,1682903699999,55240.8819,165,1418.44,24354.5497,0
1682903700000,17.15,17.18,17.13,17.17,2684.7,1682904599999,46052.5363,162,1665.91,28573.4663,0
1682904600000,17.17,17.19,16.76,16.8,134888.38,1682905499999,2277435.7839,5051,63999.52,1079650.4943,0
1682905500000,16.8,16.86,16.69,16.86,60948.7,1682906399999,1022980.6859,2414,30140.13,505913.173,0
1682906400000,16.85,16.95,16.82,16.93,19255.71,1682907299999,325340.6372,946,9941.3,167988.644,0
1682907300000,16.93,16.95,16.91,16.92,7116.13,1682908199999,120476.7006,341,3530.09,59776.8533,0
1682908200000,16.92,16.97,16.92,16.94,11415.06,1682909099999,193499.7285,508,6946.05,117764.5452,0
1682909100000,16.94,16.96,16.92,16.94,4480.39,1682909999999,75903.9457,185,1869.85,31678.3632,0
1682910000000,16.94,16.96,16.92,16.92,3544.82,1682910899999,60022.3413,229,1362.73,23079.3838,0
1682910900000,16.92,16.96,16.87,16.96,10109.21,1682911799999,171166.7415,413,4012.91,67946.0298,0
1682911800000,16.96,16.97,16.93,16.96,2579.13,1682912699999,43702.1071,152,1255.27,21277.4901,0
1682912700000,16.96,16.96,16.93,16.95,3385.84,1682913599999,57394.8804,156,1150.7,19507.0747,0
1682913600000,16.95,16.95,16.91,16.92,5399.99,1682914499999,91417.4413,258,3395.55,57483.9281,0
1682914500000,16.92,16.96,16.9,16.96,5068.73,1682915399999,85803.3362,202,2530.92,42861.0985,0
1682915400000,16.95,16.97,16.93,16.95,3199.58,1682916299999,54234.8425,164,1479.17,25072.9345,0
1682916300000,16.95,16.99,16.95,16.98,3369.3,1682917199999,57199.8272,137,1141.67,19380.5781,0
1682917200000,16.98,17.03,16.95,17.01,10374.78,1682918099999,176313.9972,384,6774.59,115131.1392,0
1682918100000,17.01,17.03,16.98,16.98,3338.16,1682918999999,56750.9254,209,1249.99,21264.916,0
1682919000000,16.98,16.98,16.85,16.97,20255.36,1682919899999,342845.3625,905,7883.48,133420.2376,0
1682919900000,16.97,17.01,16.94,17.0,7390.35,1682920799999,125447.4152,418,3582.89,60830.3851,0
1682920800000,17.0,17.04,16.98,17.04,4242.44,1682921699999,72185.5968,298,1725.08,29359.0432,0
1682921700000,17.04,17.07,17.02,17.07,7119.3,1682922599999,121311.309,354,2428.23,41390.6504,0
1682922600000,17.07,17.09,17.06,17.09,10717.25,1682923499999,183012.1189,332,5456.61,93167.3847,0
1682923500000,17.08,17.09,17.07,17.08,2960.78,1682924399999,50559.4304,163,1146.57,19584.9241,0
1682924400000,17.08,17.12,17.07,17.07,9085.47,1682925299999,155298.7316,416,5434.36,92886.0065,0
1682925300000,17.08,17.11,17.05,17.1,4076.24,1682926199999,69613.086,236,2402.71,41043.8106,0
1682926200000,17.11,17.11,17.09,17.09,4559.5,1682927099999,77966.4143,173,1679.62,28728.3692,0
1682927100000,17.1,17.11,17.08,17.09,3825.75,1682927999999,65395.948,135,1707.22,29192.2178,0
1682928000000,17.08,17.09,17.04,17.06,10317.21,1682928899999,176052.3417,378,2114.3,36078.9567,0
1682928900000,17.05,17.09,17.05,17.08,4775.18,1682929799999,81515.4706,261,2246.14,38349.0152,0
1682929800000,17.09,17.09,17.07,17.07,5127.99,1682930699999,87590.2274,203,2092.28,35744.7971,0
1682930700000,17.08,17.09,17.06,17.09,4168.75,1682931599999,71178.5473,187,1379.13,23555.3264,0
1682931600000,17.09,17.11,17.08,17.11,2293.71,1682932499999,39198.7685,153,1372.28,23459.6729,0
1682932500000,17.11,17.14,17.1,17.1,5340.1,1682933399999,91390.8586,274,1992.96,34110.5616,0
1682933400000,17.11,17.11,17.02,17.05,7434.01,1682934299999,126830.8311,476,1665.25,28406.855,0
1682934300000,17.05,17.07,17.03,17.06,4854.4,1682935199999,82770.9406,211,1568.78,26754.8665,0
1682935200000,17.06,17.08,17.05,17.08,1463.42,1682936099999,24970.0206,132,629.76,10749.1282,0
1682936100000,17.08,17.09,17.05,17.07,5052.32,1682936999999,86240.1449,230,1754.48,29947.393,0
1682937000000,17.07,17.07,17.04,17.05,2907.6,1682937899999,49584.1777,172,1477.98,25206.2013,0
1682937900000,17.06,17.07,17.04,17.04,5116.17,1682938799999,87243.1599,201,1962.59,33474.1223,0
1682938800000,17.04,17.07,17.03,17.03,5016.24,1682939699999,85504.3151,234,2877.04,49044.0131,0
1682939700000,17.03,17.04,17.0,17.04,6904.0,1682940599999,117461.9049,328,3311.4,56350.5596,0
1682940600000,17.05,17.05,17.01,17.02,2405.79,1682941499999,40964.371,154,1079.49,18384.2438,0
1682941500000,17.03,17.03,16.97,16.98,4910.94,1682942399999,83496.9848,311,1296.31,22046.396,0
1682942400000,16.98,17.04,16.96,17.03,5447.72,1682943299999,92537.2215,282,2244.75,38138.7236,0
1682943300000,17.02,17.04,16.99,17.04,6558.82,1682944199999,111613.4693,257,3147.35,53553.1925,0
1682944200000,17.03,17.06,17.02,17.04,3566.58,1682945099999,60768.8853,185,1335.45,22758.9373,0
1682945100000,17.05,17.07,17.04,17.05,5865.24,1682945999999,100025.0778,212,3665.65,62513.3138,0
1682946000000,17.05,17.05,17.02,17.02,3990.23,1682946899999,67959.0482,160,1305.79,22250.1996,0
1682946900000,17.02,17.03,16.99,17.02,6426.37,1682947799999,109295.6779,244,3837.3,65283.1921,0
1682947800000,17.02,17.04,16.94,16.97,7946.6,1682948699999,135009.3011,389,3659.13,62161.528,0
1682948700000,16.97,16.99,16.92,16.92,6704.81,1682949599999,113661.8304,350,2497.73,42339.5019,0
1682949600000,16.92,17.01,16.78,16.97,85312.68,1682950499999,1441760.612,2533,58435.42,987903.4632,0
1682950500000,16.96,17.03,16.91,16.96,14495.38,1682951399999,245955.3685,604,6056.55,102748.31,0
1682951400000,16.96,16.98,16.91,16.92,8209.83,1682952299999,139012.6187,330,2976.16,50418.9906,0
1682952300000,16.93,16.99,16.93,16.98,5111.36,1682953199999,86676.4572,284,2224.11,37711.6236,0
1682953200000,16.98,16.98,16.9,16.92,8540.82,1682954099999,144745.158,405,3286.21,55703.028,0
1682954100000,16.92,16.93,16.82,16.85,77908.11,1682954999999,1313679.0597,1836,22865.17,385685.8397,0
1682955000000,16.85,16.93,16.84,16.87,27394.77,1682955899999,462771.4816,921,16119.61,272394.6253,0
1682955900000,16.87,16.89,16.83,16.83,11890.3,1682956799999,200397.4982,477,5226.6,88108.4112,0
1682956800000,16.84,16.88,16.71,16.75,16930.33,1682957699999,284247.3084,967,7880.37,132298.7525,0
1682957700000,16.75,16.79,16.7,16.76,22388.52,1682958599999,374838.691,873,10941.5,183183.0116,0
1682958600000,16.76,16.83,16.76,16.82,8493.22,1682959499999,142740.6845,404,2604.9,43777.5557,0
1682959500000,16.82,16.93,16.82,16.92,10224.32,1682960399999,172559.0781,519,5249.46,88599.613,0
1682960400000,16.91,16.95,16.91,16.92,6628.48,1682961299999,112187.9341,334,3542.9,59975.6175,0
1682961300000,16.91,16.93,16.83,16.84,7200.45,1682962199999,121599.5159,344,2732.9,46171.8203,0
1682962200000,16.85,16.93,16.84,16.9,9572.06,1682963099999,161630.7184,312,7419.84,125305.2431,0
1682963100000,16.91,16.93,16.89,16.91,3266.56,1682963999999,55237.9585,181,1372.24,23202.7875,0
1682964000000,16.9,16.91,16.89,16.89,4296.99,1682964899999,72609.5772,177,996.84,16848.2712,0
1682964900000,16.89,16.9,16.86,16.88,6365.31,1682965799999,107448.7893,209,1329.99,22453.5682,0
1682965800000,16.88,16.89,16.81,16.83,12903.99,1682966699999,217312.8081,462,5570.54,93821.7037,0
1682966700000,16.84,16.86,16.82,16.86,5378.47,1682967599999,90596.5776,303,2357.77,39708.9013,0
1682967600000,16.86,16.86,16.72,16.73,10242.71,1682968499999,171750.1442,560,3655.71,61301.9451,0
1682968500000,16.73,16.77,16.6,16.76,45106.58,1682969399999,752098.1863,2095,22387.58,373253.7488,0
1682969400000,16.76,16.77,16.64,16.69,20377.35,1682970299999,340419.1815,780,10090.25,168549.9936,0
1682970300000,16.68,16.71,16.62,16.62,19272.97,1682971199999,321130.3985,703,7514.36,125238.2946,0
1682971200000,16.63,16.71,16.62,16.66,11812.82,1682972099999,196836.7962,606,6587.43,109743.9279,0
1682972100000,16.67,16.68,16.59,16.63,14730.19,1682972999999,244874.9499,650,6322.52,105101.4614,0
1682973000000,16.62,16.66,16.61,16.61,6684.29,1682973899999,111240.3133,314,4264.59,70975.601,0
1682973900000,16.61,16.62,16.51,16.53,34878.53,1682974799999,577046.3033,1173,17901.77,296153.0955,0
1682974800000,16.53,16.56,16.52,16.55,17425.34,1682975699999,288363.7788,564,11416.79,188941.0631,0
1682975700000,16.55,16.61,16.54,16.61,12675.38,1682976599999,209989.1636,460,11487.33,190288.5705,0
1682976600000,16.61,16.69,16.61,16.64,12822.7,1682977499999,213521.1223,535,6710.74,111767.4367,0
1682977500000,16.63,16.64,16.61,16.62,2707.99,1682978399999,45008.6943,166,1512.4,25134.4572,0
1682978400000,16.62,16.63,16.61,16.63,5656.14,1682979299999,94003.0733,169,1498.09,24898.5761,0
1682979300000,16.63,16.65,16.61,16.63,3929.52,1682980199999,65334.8627,188,1730.16,28775.7779,0
1682980200000,16.62,16.71,16.61,16.67,6393.9,1682981099999,106579.8378,333,3345.83,55748.3707,0
1682981100000,16.67,16.67,16.59,16.6,31899.46,1682981999999,529939.5381,782,9359.67,155529.2207,0
1682982000000,16.6,16.66,16.6,16.66,10483.35,1682982899999,174284.6192,391,7438.04,123665.4831,0
1682982900000,16.66,16.67,16.64,16.65,8005.42,1682983799999,133339.9094,213,3772.59,62838.9762,0
1682983800000,16.66,16.67,16.64,16.64,2022.91,1682984699999,33695.6889,119,932.73,15540.5896,0
1682984700000,16.64,16.66,16.64,16.65,1108.21,1682985599999,18454.4013,70,899.35,14977.0738,0
1682985600000,16.64,16.65,16.57,16.57,6444.19,1682986499999,106998.8611,294,2669.68,44323.8168,0
1682986500000,16.58,16.64,16.56,16.64,3998.21,1682987399999,66325.8278,205,2322.46,38534.3745,0
1682987400000,16.64,16.67,16.6,16.66,5982.48,1682988299999,99524.069,265,4196.43,69828.8115,0
1682988300000,16.65,16.66,16.59,16.6,3637.48,1682989199999,60446.7075,144,1099.3,18271.1025,0
1682989200000,16.6,16.6,16.55,16.57,11443.73,1682990099999,189614.2972,214,8340.81,138208.4112,0
1682990100000,16.57,16.58,16.55,16.58,9586.64,1682990999999,158820.6213,233,6133.11,101623.494,0
1682991000000,16.58,16.61,16.57,16.6,2532.32,1682991899999,42017.1274,125,1293.64,21466.7289,0
1682991900000,16.6,16.61,16.49,16.53,21689.89,1682992799999,358535.7718,850,6668.29,110190.0362,0
1682992800000,16.52,16.56,16.51,16.56,3098.48,1682993699999,51217.6553,148,2177.33,35994.8538,0
1682993700000,16.55,16.61,16.54,16.57,7166.39,1682994599999,118812.8805,322,4045.38,67076.4088,0
1682994600000,16.57,16.61,16.56,16.59,3214.75,1682995499999,53323.8712,180,2155.8,35761.5239,0
1682995500000,16.59,16.62,16.59,16.62,2424.96,1682996399999,40283.6519,144,860.83,14302.5591,0
1682996400000,16.61,16.61,16.57,16.57,2299.74,1682997299999,38176.1415,116,791.76,13144.8066,0
1682997300000,16.57,16.57,16.5,16.52,16367.08,1682998199999,270341.6979,346,4704.58,77738.6064,0
1682998200000,16.52,16.6,16.51,16.56,3847.93,1682999099999,63746.5106,236,2728.52,45196.8839,0
1682999100000,16.57,16.62,16.57,16.61,3102.36,1682999999999,51508.6654,151,1947.9,32335.6454,0
1683000000000,16.6,16.62,16.59,16.59,1413.24,1683000899999,23463.8117,94,1121.16,18615.9158,0
1683000900000,16.58,16.59,16.55,16.56,2933.45,1683001799999,48615.888,130,1166.52,19331.6118,0
1683001800000,16.55,16.59,16.55,16.57,5568.32,1683002699999,92293.6053,198,2547.9,42232.9126,0
1683002700000,16.58,16.58,16.54,16.54,4302.67,1683003599999,71212.1969,147,3129.13,51788.7462,0
1683003600000,16.54,16.55,16.52,16.53,4350.1,1683004499999,71961.1713,154,3156.57,52227.578,0
1683004500000,16.54,16.54,16.52,16.53,2256.9,1683005399999,37308.2117,111,1664.56,27517.089,0
1683005400000,16.53,16.55,16.52,16.54,3543.95,1683006299999,58603.9491,155,3170.28,52427.6189,0
1683006300000,16.54,16.57,16.54,16.57,3305.77,1683007199999,54735.2852,151,3082.08,51032.4364,0
1683007200000,16.57,16.59,16.56,16.59,1017.38,1683008099999,16863.3009,108,566.29,9388.4629,0
1683008100000,16.59,16.6,16.54,16.55,5090.1,1683008999999,84387.244,207,3288.31,54524.9453,0
1683009000000,16.55,16.57,16.54,16.55,3010.35,1683009899999,49827.502,125,2046.05,33867.6385,0
1683009900000,16.55,16.58,16.54,16.57,2875.81,1683010799999,47620.1179,161,1363.0,22570.5408,0
1683010800000,16.57,16.65,16.56,16.65,6671.41,1683011699999,110846.0589,333,5460.25,90732.1553,0
1683011700000,16.65,16.7,16.63,16.68,18392.24,1683012599999,306636.7781,586,13734.56,228975.4218,0
1683012600000,16.68,16.68,16.66,16.67,5176.66,1683013499999,86294.8094,198,2147.81,35806.3956,0
1683013500000,16.68,16.7,16.66,16.68,5595.58,1683014399999,93336.7303,230,2142.94,35752.6346,0
1683014400000,16.68,16.73,16.68,16.71,3646.91,1683015299999,60934.8572,271,2569.27,42932.1168,0
1683015300000,16.72,16.74,16.69,16.69,10730.33,1683016199999,179434.9034,318,4487.49,75044.0195,0
1683016200000,16.69,16.7,16.66,16.68,6459.9,1683017099999,107723.5451,196,3843.48,64096.9358,0
1683017100000,16.67,16.71,16.67,16.68,9278.95,1683017999999,154828.6478,327,4638.59,77393.4699,0
1683018000000,16.67,16.69,16.6,16.61,20632.56,1683018899999,343111.4181,532,5080.68,84534.0832,0
1683018900000,16.61,16.64,16.56,16.58,15382.2,1683019799999,255461.895,579,9037.32,150126.4541,0
1683019800000,16.58,16.63,16.57,16.61,9335.56,1683020699999,154982.7284,290,5357.94,88948.1741,0
1683020700000,16.6,16.62,16.58,16.59,5821.48,1683021599999,96621.0887,228,2588.44,42974.1114,0
1683021600000,16.6,16.62,16.58,16.61,5401.27,1683022499999,89660.9092,367,3176.82,52745.497,0
1683022500000,16.62,16.63,16.6,16.61,4863.87,1683023399999,80799.8863,345,3068.26,50977.1616,0
1683023400000,16.61,16.66,16.6,16.64,8816.85,1683024299999,146572.7451,267,4430.32,73677.3739,0
1683024300000,16.65,16.66,16.6,16.61,5058.87,1683025199999,84164.7497,228,1548.92,25776.6426,0
1683025200000,16.61,16.66,16.6,16.65,5053.42,1683026099999,84032.1903,212,3046.26,50663.7974,0
1683026100000,16.65,16.68,16.63,16.65,5388.73,1683026999999,89747.5728,250,3671.94,61166.3365,0
1683027000000,16.65,16.67,16.63,16.64,4506.15,1683027899999,75003.9937,236,1701.13,28318.3543,0
1683027900000,16.63,16.65,16.62,16.64,5000.76,1683028799999,83168.6612,184,1768.77,29422.6666,0
1683028800000,16.64,16.65,16.61,16.62,6853.2,1683029699999,113928.9088,184,1570.4,26126.8359,0
1683029700000,16.61,16.62,16.59,16.61,5227.86,1683030599999,86832.5289,241,3527.75,58606.3389,0
1683030600000,16.61,16.73,16.61,16.72,10553.5,1683031499999,176155.0049,553,5606.14,93567.3921,0
1683031500000,16.72,16.72,16.65,16.67,11870.7,1683032399999,198020.5308,407,5704.27,95164.9011,0
1683032400000,16.67,16.71,16.62,16.62,10776.77,1683033299999,179580.888,397,4286.09,71485.7718,0
1683033300000,16.63,16.66,16.61,16.62,6141.03,1683034199999,102159.7292,233,2850.89,47422.6515,0
1683034200000,16.63,16.66,16.55,16.57,19666.9,1683035099999,326404.7913,668,9686.99,160740.4748,0
1683035100000,16.58,16.6,16.57,16.59,8405.53,1683035999999,139394.1023,290,4158.29,68978.1552,0
1683036000000,16.59,16.63,16.5,16.57,29820.31,1683036899999,494005.1002,1035,15931.24,263949.1362,0
1683036900000,16.58,16.8,16.58,16.77,26006.44,1683037799999,434261.023,1275,14423.05,240817.019,0
1683037800000,16.77,16.85,16.72,16.81,38726.31,1683038699999,650473.6841,1508,20794.4,349272.8469,0
1683038700000,16.81,16.82,16.7,16.74,40580.56,1683039599999,680858.7983,1343,19748.21,331188.5687,0
1683039600000,16.75,16.79,16.69,16.78,16337.27,1683040499999,273333.1431,711,7545.46,126250.2948,0
1683040500000,16.78,16.85,16.78,16.84,17295.5,1683041399999,290832.2493,686,9634.91,162035.4935,0
1683041400000,16.84,16.91,16.78,16.86,23159.84,1683042299999,390589.5391,1002,14950.4,252215.6442,0
1683042300000,16.86,16.89,16.81,16.84,15861.16,1683043199999,267299.7606,507,11293.3,190308.1663,0
1683043200000,16.85,16.86,16.8,16.8,10349.0,1683044099999,174148.9735,344,5647.65,95066.689,0
1683044100000,16.8,16.85,16.79,16.84,10872.85,1683044999999,182880.4194,339,7261.19,122171.1563,0
1683045000000,16.85,16.86,16.8,16.82,8478.81,1683045899999,142688.8719,280,3666.72,61727.5209,0
1683045900000,16.81,16.83,16.78,16.8,5173.08,1683046799999,86908.2184,221,3584.62,60224.2032,0
1683046800000,16.8,16.87,16.77,16.86,6079.88,1683047699999,102364.7574,293,3356.75,56511.2617,0
1683047700000,16.86,16.87,16.82,16.85,4911.05,1683048599999,82704.9624,220,2585.38,43543.4353,0
1683048600000,16.86,16.89,16.83,16.87,7315.75,1683049499999,123419.9673,290,1958.19,33027.825,0
1683049500000,16.86,16.87,16.84,16.86,5361.55,1683050399999,90367.6523,228,2735.4,46109.5708,0
1683050400000,16.86,16.92,16.81,16.85,6285.1,1683051299999,105992.8379,368,3557.83,59989.3719,0
1683051300000,16.86,16.87,16.83,16.85,5136.04,1683052199999,86531.5722,261,1865.47,31429.1882,0
1683052200000,16.85,16.94,16.82,16.89,11879.1,1683053099999,200743.5827,555,6781.38,114581.0303,0
1683053100000,16.89,16.94,16.88,16.89,7873.92,1683053999999,133099.7198,339,4611.45,77960.7649,0
1683054000000,16.89,16.97,16.86,16.93,13500.22,1683054899999,228547.9706,607,8061.65,136501.8196,0
1683054900000,16.93,16.97,16.91,16.95,9136.61,1683055799999,154777.3479,342,4817.32,81608.5938,0
1683055800000,16.95,16.97,16.9,16.94,6356.97,1683056699999,107675.0154,314,4517.3,76523.2974,0
1683056700000,16.93,16.95,16.89,16.9,8743.02,1683057599999,147948.5674,305,3116.7,52760.525,0
1683057600000,16.91,16.93,16.88,16.89,4225.72,1683058499999,71442.421,243,2008.28,33960.6612,0
1683058500000,16.88,16.91,16.86,16.89,11332.87,1683059399999,191274.2828,416,3979.09,67182.4929,0
1683059400000,16.89,16.92,16.87,16.91,5943.5,1683060299999,100394.9348,208,5297.55,89481.61,0
1683060300000,16.9,16.9,16.85,16.86,2392.62,1683061199999,40371.8903,169,878.45,14815.4486,0
1683061200000,16.86,16.89,16.85,16.89,3563.37,1683062099999,60095.245,268,1004.71,16955.7181,0
1683062100000,16.89,16.9,16.85,16.86,3663.37,1683062999999,61841.8954,474,1610.91,27206.2124,0
1683063000000,16.86,16.88,16.84,16.86,2374.6,1683063899999,40025.7533,154,913.43,15402.0828,0
1683063900000,16.86,16.88,16.84,16.88,4228.67,1683064799999,71272.8805,457,2711.17,45702.7282,0
1683064800000,16.88,16.91,16.86,16.89,4214.15,1683065699999,71157.6594,346,2174.51,36717.0482,0
1683065700000,16.89,16.91,16.87,16.9,1674.45,1683066599999,28273.7104,131,926.24,15643.6792,0
1683066600000,16.9,16.9,16.86,16.88,2961.67,1683067499999,49994.6246,205,986.04,16644.3278,0
1683067500000,16.88,16.89,16.86,16.89,1846.46,1683068399999,31165.8127,95,840.0,14181.0853,0
1683068400000,16.89,16.92,16.87,16.87,3539.71,1683069299999,59817.0853,188,1204.12,20350.136,0
1683069300000,16.88,16.88,16.84,16.84,2238.21,1683070199999,37729.4867,151,1043.08,17579.8189,0
1683070200000,16.85,16.85,16.82,16.84,3092.7,1683071099999,52075.0234,148,1262.14,21254.0817,0
1683071100000,16.84,16.85,16.83,16.84,1346.43,1683071999999,22675.3424,69,560.12,9433.8849,0
1683072000000,16.84,16.85,16.75,16.77,14981.51,1683072899999,251509.3312,638,7060.54,118496.1581,0
1683072900000,16.76,16.79,16.75,16.78,3456.74,1683073799999,57966.2988,163,1153.34,19341.805,0
1683073800000,16.78,16.8,16.7,16.73,12690.43,1683074699999,212368.6326,595,6386.76,106867.106,0
1683074700000,16.73,16.76,16.7,16.72,7972.11,1683075599999,133360.6875,311,3848.59,64375.2749,0
1683075600000,16.71,16.77,16.7,16.76,9260.02,1683076499999,155080.7452,317,4510.46,75531.4001,0
1683076500000,16.76,16.77,16.72,16.72,1199.3,1683077399999,20077.1606,112,56.74,949.9066,0
1683077400000,16.73,16.75,16.71,16.73,2457.16,1683078299999,41108.8365,142,1656.25,27712.7725,0
1683078300000,16.73,16.75,16.71,16.74,3675.86,1683079199999,61501.2765,224,1867.81,31256.3837,0
1683079200000,16.74,16.74,16.6,16.7,20198.75,1683080099999,336721.7813,871,11759.0,196038.1695,0
1683080100000,16.7,16.7,16.65,16.7,4963.86,1683080999999,82774.2121,211,2217.2,36979.144,0
1683081000000,16.7,16.73,16.69,16.72,1798.54,1683081899999,30053.5067,183,1127.65,18841.1447,0
1683081900000,16.73,16.74,16.69,16.7,1642.96,1683082799999,27458.6532,105,761.78,12733.4992,0
1683082800000,16.7,16.7,16.67,16.67,2093.78,1683083699999,34926.4621,114,1412.71,23565.0858,0
1683083700000,16.67,16.73,16.64,16.71,2377.92,1683084599999,39658.9564,207,1346.64,22466.6144,0
1683084600000,16.71,16.73,16.69,16.72,3249.98,1683085499999,54316.5438,165,1478.73,24716.5659,0
1683085500000,16.72,16.74,16.71,16.73,1365.54,1683086399999,22841.8166,78,702.4,11750.9071,0
1683086400000,16.73,16.74,16.68,16.71,2473.16,1683087299999,41307.1313,138,845.04,14114.3331,0
1683087300000,16.71,16.73,16.71,16.72,2853.83,1683088199999,47706.2025,112,1793.4,29978.1879,0
1683088200000,16.72,16.73,16.69,16.7,1142.42,1683089099999,19097.3674,83,425.76,7119.0411,0
1683089100000,16.69,16.72,16.68,16.72,5315.85,1683089999999,88804.499,161,3923.32,65538.6509,0
1683090000000,16.72,16.72,16.7,16.71,2807.33,1683090899999,46910.2261,107,1021.5,17071.2157,0
1683090900000,16.71,16.72,16.7,16.72,1530.41,1683091799999,25566.8476,101,1326.93,22168.7316,0
1683091800000,16.72,16.72,16.69,16.72,4650.2,1683092699999,77693.2116,153,1903.2,31806.5679,0
1683092700000,16.71,16.72,16.68,16.7,3605.63,1683093599999,60217.7334,139,1782.98,29789.2623,0
1683093600000,16.7,16.72,16.68,16.69,4040.72,1683094499999,67476.0002,204,1479.63,24712.5399,0
1683094500000,16.69,16.73,16.68,16.73,7178.12,1683095399999,119959.4742,224,5881.18,98286.7434,0
1683095400000,16.73,16.78,16.72,16.77,6412.59,1683096299999,107470.755,369,4168.51,69866.5091,0
1683096300000,16.77,16.8,16.73,16.74,9450.61,1683097199999,158461.9813,414,5317.48,89159.0274,0
1683097200000,16.74,16.76,16.71,16.72,7150.36,1683098099999,119686.5062,288,1951.85,32684.97,0
1683098100000,16.73,16.75,16.71,16.72,4015.92,1683098999999,67167.5946,226,1984.31,33192.7071,0
1683099000000,16.73,16.73,16.68,16.68,6354.06,1683099899999,106113.1923,273,3321.81,55469.9033,0
1683099900000,16.69,16.71,16.67,16.69,9175.97,1683100799999,153149.4654,276,5010.95,83632.2049,0
1683100800000,16.69,16.71,16.67,16.68,6063.56,1683101699999,101205.5402,234,1425.1,23799.2372,0
1683101700000,16.67,16.74,16.63,16.71,9202.23,1683102599999,153494.6947,438,5715.28,95355.2528,0
1683102600000,16.72,16.74,16.68,16.68,11545.6,1683103499999,192814.5514,372,3599.18,60108.9912,0
1683103500000,16.69,16.75,16.68,16.72,28884.88,1683104399999,483057.7517,536,20806.09,347939.9631,0
1683104400000,16.73,16.73,16.69,16.7,3573.23,1683105299999,59678.0175,208,1538.56,25704.6566,0
1683105300000,16.7,16.72,16.69,16.72,4813.72,1683106199999,80412.3291,194,2758.72,46091.1948,0
1683106200000,16.71,16.71,16.68,16.7,8136.03,1683107099999,135861.3894,236,1929.95,32233.3465,0
1683107100000,16.7,16.72,16.69,16.71,4832.98,1683107999999,80729.8535,182,2440.34,40774.9005,0
1683108000000,16.71,16.72,16.69,16.71,5043.44,1683108899999,84240.3463,195,3494.73,58379.5317,0
1683108900000,16.72,16.74,16.69,16.73,10143.33,1683109799999,169620.1026,253,7409.1,123939.351,0
1683109800000,16.73,16.78,16.72,16.77,5237.09,1683110699999,87725.1384,266,3009.31,50442.8063,0
1683110700000,16.77,16.78,16.73,16.73,4713.03,1683111599999,79010.1858,221,1670.28,28012.3147,0
1683111600000,16.74,16.75,16.72,16.74,3088.77,1683112499999,51697.599,185,1270.86,21274.3494,0
1683112500000,16.73,16.75,16.72,16.74,5235.47,1683113399999,87619.469,197,2132.35,35692.5559,0
1683113400000,16.73,16.75,16.68,16.68,6479.88,1683114299999,108291.1855,323,2317.1,38708.3623,0
1683114300000,16.69,16.69,16.59,16.59,14713.02,1683115199999,244678.9394,654,4725.27,78596.7694,0
1683115200000,16.59,16.64,16.53,16.55,24341.63,1683116099999,403782.0291,967,12136.72,201333.2628,0
1683116100000,16.55,16.59,16.51,16.57,14754.8,1683116999999,244168.006,644,7453.59,123345.2343,0
1683117000000,16.56,16.57,16.42,16.48,34622.81,1683117899999,570997.8391,1351,15666.78,258313.825,0
1683117900000,16.48,16.5,16.41,16.42,31744.66,1683118799999,522370.9205,1333,12997.14,213857.3005,0
1683118800000,16.43,16.52,16.39,16.51,29979.2,1683119699999,492918.9688,1203,13912.33,228733.5334,0
1683119700000,16.51,16.51,16.48,16.5,9889.2,1683120599999,163114.1138,420,5550.09,91548.998,0
1683120600000,16.5,16.57,16.49,16.55,9641.94,1683121499999,159398.6354,433,5418.86,89549.4757,0
1683121500000,16.55,16.58,16.5,16.56,8150.3,1683122399999,134862.738,387,4338.29,71760.0297,0
1683122400000,16.56,16.56,16.45,16.49,9206.75,1683123299999,151913.6053,465,5715.73,94297.4056,0
1683123300000,16.49,16.52,16.46,16.51,8379.07,1683124199999,138247.6123,257,3411.75,56293.7047,0
1683124200000,16.51,16.53,16.48,16.51,24128.21,1683125099999,398208.4025,589,4186.4,69110.615,0
1683125100000,16.52,16.55,16.47,16.52,16531.59,1683125999999,272873.1866,592,9396.95,155086.1432,0
1683126000000,16.52,16.55,16.47,16.55,25044.79,1683126899999,412946.4327,800,17126.54,282339.2645,0
1683126900000,16.54,16.56,16.5,16.51,5876.67,1683127799999,97149.747,348,2767.49,45735.6383,0
1683127800000,16.5,16.59,16.49,16.55,30752.68,1683128699999,508907.7191,966,21806.81,360870.4711,0
1683128700000,16.56,16.57,16.54,16.56,6596.06,1683129599999,109190.3954,274,3617.26,59893.0021,0
1683129600000,16.55,16.56,16.53,16.54,7045.16,1683130499999,116578.3151,273,1771.55,29326.1998,0
1683130500000,16.54,16.6,16.5,16.6,11625.08,1683131399999,192555.8225,425,6361.57,105386.3434,0
1683131400000,16.59,16.6,16.55,16.55,6199.34,1683132299999,102692.6045,255,2539.67,42073.6426,0
1683132300000,16.56,16.65,16.56,16.64,7284.4,1683133199999,120995.0159,416,4644.82,77134.0095,0
1683133200000,16.64,16.65,16.59,16.61,12588.8,1683134099999,209226.0141,361,4002.86,66540.1434,0
1683134100000,16.62,16.68,16.55,16.67,19020.69,1683134999999,316052.5354,750,11404.19,189494.9889,0
1683135000000,16.67,16.8,16.64,16.77,19536.32,1683135899999,327023.6083,906,11649.42,194954.9163,0
1683135900000,16.77,16.83,16.68,16.73,31550.31,1683136799999,528729.2577,1418,17534.07,293824.3672,0
1683136800000,16.73,16.92,16.7,16.84,87481.12,1683137699999,1469846.0999,3666,48539.04,815608.523,0
1683137700000,16.85,16.96,16.85,16.87,22430.25,1683138599999,379435.0461,1185,11624.67,196687.1245,0
1683138600000,16.87,17.17,16.77,17.02,93614.5,1683139499999,1589431.2105,4112,51960.51,882683.3597,0
1683139500000,17.02,17.2,16.99,17.16,80628.36,1683140399999,1378142.947,3175,42355.44,724078.7113,0
1683140400000,17.15,17.37,17.01,17.05,108809.61,1683141299999,1868424.608,4760,54815.2,941588.4687,0
1683141300000,17.04,17.13,17.01,17.07,37232.4,1683142199999,635485.5947,1638,21953.13,374638.3488,0
1683142200000,17.06,17.09,16.98,17.04,25884.28,1683143099999,440766.6204,876,15075.14,256776.5097,0
1683143100000,17.02,17.05,16.93,16.94,22573.47,1683143999999,382989.0062,764,12572.56,213334.1626,0
1683144000000,16.94,17.08,16.93,17.06,12606.28,1683144899999,214545.6608,718,7996.59,136085.3571,0
1683144900000,17.07,17.13,17.05,17.07,12808.57,1683145799999,219025.4658,594,7321.4,125191.5848,0
1683145800000,17.07,17.08,16.95,17.03,14177.47,1683146699999,241141.1096,609,6063.93,103121.3433,0
1683146700000,17.02,17.14,17.01,17.09,13053.45,1683147599999,222997.8865,661,5960.96,101794.5503,0
1683147600000,17.09,17.16,17.09,17.14,20457.7,1683148499999,350310.0271,679,13644.91,233650.5521,0
1683148500000,17.15,17.29,17.14,17.15,42247.47,1683149399999,726848.4512,1642,18560.0,319442.1343,0
1683149400000,17.16,17.22,17.16,17.2,10486.11,1683150299999,180368.4471,553,5643.88,97092.3564,0
1683150300000,17.2,17.22,17.16,17.19,7751.46,1683151199999,133268.9215,462,3947.43,67875.633,0
1683151200000,17.19,17.28,17.19,17.24,25948.83,1683152099999,447605.8556,885,14551.92,251046.2435,0
1683152100000,17.24,17.33,17.24,17.26,16986.07,1683152999999,293732.3278,783,9548.07,165140.259,0
1683153000000,17.27,17.34,17.24,17.3,10964.9,1683153899999,189653.2871,460,6045.24,104547.6693,0
1683153900000,17.31,17.33,17.27,17.29,9560.64,1683154799999,165396.0241,332,4059.15,70222.0325,0
1683154800000,17.28,17.3,17.25,17.28,6910.51,1683155699999,119376.0515,300,4352.77,75200.1228,0
1683155700000,17.28,17.29,17.23,17.23,3192.12,1683156599999,55130.2068,208,1331.99,23020.2501,0
1683156600000,17.23,17.26,17.17,17.18,8199.55,1683157499999,141122.7021,372,4977.72,85682.9344,0
1683157500000,17.18,17.22,17.18,17.21,3162.11,1683158399999,54410.5595,131,2099.7,36134.034,0
1683158400000,17.22,17.24,17.14,17.2,7566.02,1683159299999,130111.6923,391,3501.82,60224.0102,0
1683159300000,17.2,17.2,17.16,17.16,5833.31,1683160199999,100207.8287,264,2728.52,46886.5214,0
1683160200000,17.17,17.18,17.11,17.15,7320.63,1683161099999,125448.1037,321,4367.56,74834.0401,0
1683161100000,17.15,17.22,17.15,17.17,13612.94,1683161999999,234086.5371,440,5337.16,91743.8484,0
1683162000000,17.19,17.23,17.18,17.22,3973.08,1683162899999,68372.4355,207,2210.4,38048.5541,0
1683162900000,17.22,17.23,17.16,17.16,5892.89,1683163799999,101365.7809,220,3240.59,55765.4547,0
1683163800000,17.16,17.2,17.16,17.19,5142.06,1683164699999,88360.2993,164,3862.62,66376.9036,0
1683164700000,17.19,17.22,17.17,17.21,4671.8,1683165599999,80330.5322,233,2152.74,37010.2801,0
1683165600000,17.22,17.27,17.17,17.17,4732.09,1683166499999,81572.6472,311,2143.89,36974.7234,0
1683166500000,17.17,17.19,17.16,17.17,6344.81,1683167399999,108954.5776,168,3695.92,63463.3717,0
1683167400000,17.16,17.19,17.14,17.14,3917.49,1683168299999,67252.5921,182,1352.52,23229.3167,0
1683168300000,17.15,17.18,17.14,17.18,6961.54,1683169199999,119418.5028,203,5430.03,93134.1859,0
1683169200000,17.19,17.2,17.18,17.19,4161.77,1683170099999,71535.8653,212,2115.95,36375.2534,0
1683170100000,17.19,17.19,17.17,17.17,12247.67,1683170999999,210382.0711,335,2133.98,36664.2421,0
1683171000000,17.18,17.18,17.13,17.15,7978.43,1683171899999,136894.3514,249,2798.41,47990.1618,0
1683171900000,17.16,17.18,17.14,17.17,8152.96,1683172799999,139888.9693,201,3542.61,60787.9739,0
1683172800000,17.17,17.18,17.15,17.16,1581.39,1683173699999,27144.3735,95,640.1,10989.7766,0
1683173700000,17.15,17.16,17.13,17.14,4421.07,1683174599999,75795.1438,162,2595.02,44494.6564,0
1683174600000,17.14,17.15,17.1,17.11,7437.43,1683175499999,127354.5627,328,2852.55,48851.4014,0
1683175500000,17.1,17.13,17.09,17.1,5974.77,1683176399999,102208.1297,241,3579.13,61220.2041,0
1683176400000,17.11,17.13,17.07,17.13,6632.42,1683177299999,113386.5155,300,3772.64,64507.9641,0
1683177300000,17.13,17.13,17.1,17.11,1970.78,1683178199999,33735.8883,109,729.6,12491.4355,0
1683178200000,17.12,17.15,17.12,17.12,7188.1,1683179099999,123184.168,234,4212.05,72192.8328,0
1683179100000,17.13,17.15,17.11,17.14,2597.54,1683179999999,44495.3203,160,1118.08,19156.9723,0
1683180000000,17.13,17.16,17.11,17.11,4419.67,1683180899999,75664.6412,212,707.21,12115.3892,0
1683180900000,17.11,17.12,17.05,17.07,12035.64,1683181799999,205477.6074,423,3040.27,51891.0977,0
1683181800000,17.06,17.09,17.05,17.08,6642.18,1683182699999,113337.2217,241,3368.41,57477.0539,0
1683182700000,17.08,17.12,17.07,17.11,5240.85,1683183599999,89623.153,201,2922.54,49992.9568,0
1683183600000,17.11,17.12,17.07,17.08,3492.76,1683184499999,59738.5174,160,1461.72,25003.101,0
1683184500000,17.08,17.09,17.05,17.08,2320.88,1683185399999,39621.0755,162,701.61,11982.9791,0
1683185400000,17.07,17.1,17.04,17.09,4315.9,1683186299999,73685.1456,224,2605.56,44491.0222,0
1683186300000,17.09,17.09,17.05,17.06,3975.05,1683187199999,67868.3117,195,1368.22,23357.4771,0
1683187200000,17.05,17.07,17.01,17.03,5540.7,1683188099999,94444.2497,296,2946.75,50235.1959,0
1683188100000,17.03,17.08,17.02,17.07,4570.74,1683188999999,77961.5118,209,3602.82,61451.8365,0
1683189000000,17.07,17.08,17.04,17.06,8352.57,1683189899999,142509.5544,249,4466.33,76218.1119,0
1683189900000,17.06,17.08,17.05,17.07,5767.33,1683190799999,98420.1675,201,1673.0,28556.001,0
1683190800000,17.08,17.09,17.04,17.05,7658.44,1683191699999,130670.8996,201,956.81,16338.7268,0
1683191700000,17.05,17.05,17.03,17.05,10092.54,1683192599999,171947.4445,242,4975.5,84787.5949,0
1683192600000,17.05,17.05,17.03,17.05,3270.94,1683193499999,55754.621,133,2051.92,34982.4294,0
1683193500000,17.05,17.07,17.04,17.06,2915.42,1683194399999,49707.7002,97,916.71,15631.9288,0
1683194400000,17.07,17.08,17.04,17.05,3745.04,1683195299999,63902.801,183,2132.35,36389.5811,0
1683195300000,17.05,17.1,17.04,17.09,8944.49,1683196199999,152726.0916,327,4573.86,78101.39,0
1683196200000,17.09,17.18,17.08,17.11,23720.72,1683197099999,406370.6633,857,11704.43,200542.1314,0
1683197100000,17.11,17.13,17.08,17.11,13572.03,1683197999999,232173.2345,435,5125.33,87687.4437,0
1683198000000,17.11,17.11,17.08,17.1,2964.4,1683198899999,50659.0571,178,1359.2,23230.9629,0
1683198900000,17.09,17.1,17.05,17.07,5691.34,1683199799999,97174.1234,264,2939.71,50193.9993,0
1683199800000,17.07,17.08,17.05,17.06,4431.58,1683200699999,75643.3604,178,2019.22,34473.0521,0
1683200700000,17.07,17.09,17.05,17.08,4624.53,1683201599999,78940.0778,216,2160.8,36894.8054,0
1683201600000,17.07,17.08,17.03,17.04,5093.74,1683202499999,86867.0491,230,1409.29,24043.1685,0
1683202500000,17.04,17.06,17.02,17.05,6834.97,1683203399999,116480.324,285,2907.03,49549.9781,0
1683203400000,17.05,17.07,16.95,16.98,24098.69,1683204299999,409338.2674,798,8629.89,146571.9094,0
1683204300000,16.98,16.98,16.95,16.98,7104.09,1683205199999,120522.0735,269,4550.49,77203.3721,0
1683205200000,16.97,16.98,16.96,16.98,6226.5,1683206099999,105664.3401,248,3523.85,59807.7901,0
1683206100000,16.98,16.98,16.86,16.91,21181.71,1683206999999,358238.8327,914,10418.37,176130.7123,0
1683207000000,16.9,16.92,16.8,16.82,24557.33,1683207899999,413581.351,959,10501.75,176878.155,0
1683207900000,16.83,16.88,16.8,16.85,18885.8,1683208799999,318231.7438,746,11115.04,187321.7756,0
1683208800000,16.85,16.87,16.83,16.85,13818.46,1683209699999,232917.0431,562,7557.52,127398.5203,0
1683209700000,16.85,16.87,16.78,16.87,12315.9,1683210599999,207315.8109,553,4671.63,78680.9316,0
1683210600000,16.86,16.9,16.84,16.88,11097.76,1683211499999,187213.1598,435,4968.5,83834.2846,0
1683211500000,16.87,16.91,16.83,16.84,8160.8,1683212399999,137610.6788,344,3055.65,51540.6273,0
1683212400000,16.84,17.11,16.81,17.09,138880.59,1683213299999,2351967.7655,3769,78003.53,1321401.7167,0
1683213300000,17.09,17.09,16.92,16.94,50448.6,1683214199999,856952.8261,1398,16530.87,280764.3056,0
1683214200000,16.94,16.97,16.92,16.94,11859.24,1683215099999,200992.7838,405,5522.21,93612.397,0
1683215100000,16.93,16.94,16.89,16.9,23458.79,1683215999999,396966.8772,517,10587.13,179242.0393,0
1683216000000,16.89,16.94,16.84,16.94,14092.89,1683216899999,237923.8319,541,6551.62,110658.3805,0
1683216900000,16.94,16.99,16.92,16.97,6244.8,1683217799999,105938.1463,336,2729.2,46314.2385,0
1683217800000,16.97,16.99,16.95,16.98,9972.75,1683218699999,169180.2611,338,3567.87,60555.3806,0
1683218700000,16.97,17.0,16.93,16.99,11068.59,1683219599999,187793.2718,414,3414.86,57940.8358,0
1683219600000,16.98,16.98,16.94,16.94,14250.27,1683220499999,241682.7833,363,3658.52,62047.8363,0
1683220500000,16.94,17.02,16.94,16.95,11560.72,1683221399999,196397.2621,495,4917.37,83544.5566,0
1683221400000,16.95,16.96,16.91,16.95,8211.12,1683222299999,139090.3818,320,4374.15,74097.0545,0
1683222300000,16.95,16.95,16.91,16.94,10906.88,1683223199999,184659.5592,326,4219.42,71443.1215,0
1683223200000,16.94,16.95,16.92,16.94,4354.51,1683224099999,73743.0015,182,1709.88,28954.8516,0
1683224100000,16.94,16.94,16.85,16.89,11326.47,1683224999999,191275.3314,431,6528.54,110262.8708,0
1683225000000,16.89,16.9,16.86,16.88,9111.02,1683225899999,153731.9044,262,4773.29,80551.856,0
1683225900000,16.88,16.92,16.88,16.9,7302.81,1683226799999,123440.6156,229,4134.24,69876.6289,0
1683226800000,16.9,16.91,16.85,16.86,4588.72,1683227699999,77493.2795,224,1830.57,30920.7378,0
1683227700000,16.85,16.9,16.82,16.9,12851.88,1683228599999,216538.5047,474,7969.69,134312.5164,0
1683228600000,16.89,16.94,16.89,16.9,7914.42,1683229499999,133915.5562,367,3943.69,66738.4065,0
1683229500000,16.9,16.94,16.89,16.92,4989.94,1683230399999,84397.8483,232,3113.87,52670.0834,0
1683230400000,16.92,16.94,16.9,16.92,3739.86,1683231299999,63301.0842,151,2008.28,33991.1331,0
1683231300000,16.92,16.95,16.91,16.94,1147.66,1683232199999,19424.3389,94,222.1,3760.4289,0
1683232200000,16.95,16.97,16.92,16.93,9522.02,1683233099999,161438.4677,368,5372.63,91067.4185,0
1683233100000,16.94,16.94,16.88,16.89,4194.0,1683233999999,70924.0079,209,1504.76,25451.4836,0
1683234000000,16.89,16.91,16.86,16.88,5286.83,1683234899999,89326.2683,228,3600.54,60837.4118,0
1683234900000,16.88,16.88,16.86,16.87,3983.3,1683235799999,67207.1836,145,3119.82,52642.4251,0
1683235800000,16.88,16.88,16.84,16.86,4666.91,1683236699999,78684.7474,175,2265.85,38209.9413,0
1683236700000,16.85,16.86,16.84,16.86,2516.16,1683237599999,42399.54,106,969.34,16340.1452,0
1683237600000,16.86,16.86,16.82,16.84,11474.62,1683238499999,193242.368,363,7990.21,134564.5484,0
1683238500000,16.84,16.85,16.82,16.84,7912.48,1683239399999,133174.8779,247,2367.36,39855.9496,0
1683239400000,16.84,16.86,16.83,16.85,6166.67,1683240299999,103885.1761,172,3980.12,67056.7591,0
1683240300000,16.84,16.87,16.83,16.87,2079.56,1683241199999,35049.2294,106,1212.71,20436.1345,0
1683241200000,16.86,16.91,16.86,16.91,3554.67,1683242099999,60046.9606,192,2515.28,42483.8067,0
1683242100000,16.92,16.92,16.89,16.9,2082.53,1683242999999,35204.5335,92,580.79,9824.1395,0
1683243000000,16.9,16.91,16.88,16.89,2394.19,1683243899999,40450.3703,136,1083.19,18296.4872,0
1683243900000,16.9,16.93,16.9,16.93,5416.67,1683244799999,91570.2277,160,3056.17,51664.0579,0
1683244800000,16.93,16.97,16.92,16.97,10303.22,1683245699999,174577.8465,313,3943.26,66811.9774,0
1683245700000,16.96,16.99,16.95,16.98,5360.56,1683246599999,90953.005,165,2011.19,34127.7489,0
1683246600000,16.99,17.0,16.97,16.98,8145.6,1683247499999,138345.3148,242,3719.3,63170.5492,0
1683247500000,16.99,16.99,16.95,16.96,1161.1,1683248399999,19707.3601,86,357.29,6065.5732,0
1683248400000,16.95,16.96,16.89,16.9,3234.87,1683249299999,54795.2354,195,1232.69,20890.4056,0
1683249300000,16.9,16.93,16.88,16.93,1637.69,1683250199999,27670.2661,127,1104.69,18668.33,0
1683250200000,16.94,17.13,16.93,17.12,51679.16,1683251099999,881684.2256,1793,29378.0,501058.0078,0
1683251100000,17.12,17.13,17.08,17.1,11251.32,1683251999999,192496.6604,438,6091.66,104217.9595,0
1683252000000,17.1,17.2,17.03,17.04,26385.11,1683252899999,452344.6974,1369,12328.78,211337.0767,0
1683252900000,17.03,17.09,17.02,17.09,6702.53,1683253799999,114346.3278,282,3657.51,62390.1139,0
1683253800000,17.1,17.1,17.05,17.09,4622.43,1683254699999,78932.9884,172,1351.75,23083.3901,0
1683254700000,17.07,17.08,17.04,17.04,4362.26,1683255599999,74427.038,174,1997.78,34093.9426,0
1683255600000,17.05,17.08,17.04,17.07,5445.75,1683256499999,92902.7769,213,2390.96,40796.2287,0
1683256500000,17.07,17.08,17.05,17.05,11059.25,1683257399999,188687.3144,273,1716.19,29287.7933,0
1683257400000,17.05,17.07,17.05,17.05,3062.26,1683258299999,52231.1146,299,1590.72,27138.7702,0
1683258300000,17.06,17.07,17.0,17.02,7879.04,1683259199999,134253.014,287,2511.63,42760.0543,0
1683259200000,17.03,17.05,17.0,17.05,3515.06,1683260099999,59803.7074,211,1241.25,21129.8047,0
1683260100000,17.05,17.06,17.02,17.03,3576.88,1683260999999,60940.7409,153,1306.04,22255.8511,0
1683261000000,17.04,17.07,17.03,17.03,3590.25,1683261899999,61203.697,160,1924.7,32810.653,0
1683261900000,17.04,17.06,17.04,17.05,2637.22,1683262799999,44962.1043,133,1938.08,33042.8472,0
1683262800000,17.05,17.07,17.02,17.03,3022.53,1683263699999,51522.2094,124,713.35,12166.6858,0
1683263700000,17.03,17.04,16.94,16.98,29563.85,1683264599999,501866.847,825,16073.09,272882.363,0
1683264600000,16.99,17.03,16.97,17.03,4295.64,1683265499999,72963.3051,195,1978.42,33631.8959,0
1683265500000,17.02,17.03,17.0,17.02,2583.67,1683266399999,43971.2527,137,999.46,17013.4361,0
1683266400000,17.02,17.07,17.02,17.05,9910.72,1683267299999,168977.0997,342,7473.68,127420.3951,0
1683267300000,17.06,17.09,17.04,17.05,5393.46,1683268199999,92061.7919,291,2628.64,44871.4273,0
1683268200000,17.06,17.09,17.05,17.08,7773.19,1683269099999,132658.451,240,3361.74,57379.7889,0
1683269100000,17.07,17.07,17.01,17.03,4971.19,1683269999999,84672.0632,200,3062.16,52148.4312,0
1683270000000,17.04,17.11,17.01,17.02,9431.85,1683270899999,160965.3305,535,4449.93,75963.659,0
1683270900000,17.02,17.04,17.0,17.03,5426.97,1683271799999,92355.6748,257,3247.71,55274.3516,0
1683271800000,17.03,17.04,17.0,17.02,5771.02,1683272699999,98215.0086,563,2121.09,36107.3066,0
1683272700000,17.02,17.05,17.0,17.01,5125.34,1683273599999,87300.1654,249,2328.63,39661.7508,0
1683273600000,17.02,17.03,16.98,17.03,5542.11,1683274499999,94244.1146,282,3216.21,54704.9534,0
1683274500000,17.02,17.04,17.0,17.02,6640.06,1683275399999,113046.9808,284,3575.9,60893.4885,0
1683275400000,17.02,17.03,16.99,17.0,2987.88,1683276299999,50828.3972,204,1093.47,18602.6447,0
1683276300000,17.0,17.0,16.96,16.98,9770.14,1683277199999,165887.8124,280,3027.66,51427.0361,0
1683277200000,16.98,17.0,16.97,16.98,2668.28,1683278099999,45328.0092,212,1282.96,21795.0297,0
1683278100000,16.98,17.01,16.96,16.99,5435.43,1683278999999,92311.4464,281,1796.96,30516.101,0
1683279000000,16.98,17.03,16.96,17.02,9903.4,1683279899999,168417.1877,379,6043.67,102806.5013,0
1683279900000,17.02,17.05,16.98,17.01,7882.96,1683280799999,134266.8293,332,4300.4,73268.9809,0
1683280800000,17.01,17.02,16.99,17.01,6187.34,1683281699999,105213.9699,271,2392.16,40680.8464,0
1683281700000,17.01,17.04,17.0,17.03,3124.99,1683282599999,53206.0826,193,1403.38,23894.6773,0
1683282600000,17.05,17.05,16.98,16.99,3694.66,1683283499999,62809.8471,213,1157.48,19676.9653,0
1683283500000,17.0,17.08,17.0,17.07,18551.55,1683284399999,316453.1822,379,15103.74,257695.1772,0
1683284400000,17.07,17.1,17.04,17.08,10167.76,1683285299999,173618.3018,468,4175.16,71295.2295,0
1683285300000,17.08,17.08,17.03,17.04,3420.78,1683286199999,58317.409,263,1721.99,29354.1021,0
1683286200000,17.04,17.05,17.01,17.02,2388.77,1683287099999,40678.7141,205,967.18,16473.6902,0
1683287100000,17.02,17.09,17.02,17.04,8760.01,1683287999999,149352.6991,333,4050.21,69067.3651,0
1683288000000,17.05,17.07,17.02,17.05,10035.05,1683288899999,171072.8147,364,6915.46,117893.6368,0
1683288900000,17.06,17.07,17.02,17.04,8594.06,1683289799999,146478.101,291,2482.86,42318.2506,0
1683289800000,17.04,17.1,16.73,16.95,98619.86,1683290699999,1666976.2968,4996,43633.28,737827.4639,0
1683290700000,16.95,17.04,16.94,16.94,17067.04,1683291599999,289945.3548,679,7340.43,124744.077,0
1683291600000,16.94,17.02,16.91,17.0,6616.24,1683292499999,112157.3615,444,2567.83,43549.7517,0
1683292500000,17.01,17.02,16.97,17.01,6744.37,1683293399999,114659.6624,353,2700.34,45924.4771,0
1683293400000,17.01,17.1,16.98,17.08,22078.13,1683294299999,376537.4718,757,6336.4,108010.8555,0
1683294300000,17.08,17.11,17.05,17.09,19274.56,1683295199999,329250.1415,723,11923.52,203691.3283,0
1683295200000,17.1,17.18,17.09,17.11,21442.65,1683296099999,367475.9093,936,8302.98,142327.4348,0
1683296100000,17.11,17.13,17.08,17.09,6088.94,1683296999999,104153.0094,398,3517.84,60185.754,0
1683297000000,17.08,17.18,17.08,17.09,32788.91,1683297899999,561917.3071,1053,15537.67,266256.2557,0
1683297900000,17.1,17.15,17.04,17.05,41123.36,1683298799999,703206.438,1061,17771.05,303995.4041,0
1683298800000,17.05,17.09,16.97,16.99,22119.53,1683299699999,376493.2152,794,12429.81,211512.4489,0
1683299700000,16.99,17.05,16.99,17.04,7174.31,1683300599999,122049.1721,361,5450.65,92725.6328,0
1683300600000,17.04,17.06,17.0,17.02,7485.33,1683301499999,127492.899,357,5073.2,86419.5679,0
1683301500000,17.02,17.04,16.99,17.03,6340.28,1683302399999,107862.2522,315,3233.67,55022.589,0
1683302400000,17.04,17.21,17.03,17.14,72808.8,1683303299999,1248168.799,2314,36828.41,631318.2374,0
1683303300000,17.15,17.26,17.13,17.21,33636.86,1683304199999,578997.474,1414,21033.4,362148.6857,0
1683304200000,17.21,17.23,17.12,17.15,13357.8,1683305099999,229396.7557,615,6598.38,113384.3143,0
1683305100000,17.15,17.16,17.12,17.16,5218.43,1683305999999,89451.9037,329,2968.56,50891.5763,0
1683306000000,17.16,17.17,17.12,17.12,15365.27,1683306899999,263520.6532,468,6356.38,109058.5241,0
1683306900000,17.12,17.15,17.12,17.13,6253.82,1683307799999,107168.8147,308,4433.29,75977.2432,0
1683307800000,17.13,17.17,17.1,17.16,12174.68,1683308699999,208626.7258,434,7828.51,134192.9364,0
1683308700000,17.16,17.73,17.09,17.23,390799.1,1683309599999,6769037.0635,15696,260747.37,4519298.2232,0
1683309600000,17.23,17.49,17.2,17.33,160680.3,1683310499999,2784437.0053,5736,96580.59,1674408.2753,0
1683310500000,17.33,17.34,17.28,17.31,14554.36,1683311399999,252050.0188,694,7444.43,128945.9446,0
1683311400000,17.31,17.32,17.24,17.24,7570.0,1683312299999,130811.27,496,2970.61,51333.2373,0
1683312300000,17.24,17.26,17.18,17.21,20108.09,1683313199999,346200.7427,896,8019.9,138076.388,0
1683313200000,17.21,17.29,17.21,17.25,9580.94,1683314099999,165226.9296,489,4751.27,81927.0631,0
1683314100000,17.25,17.28,17.24,17.26,3761.13,1683314999999,64913.828,272,1493.03,25766.1046,0
1683315000000,17.26,17.32,17.26,17.32,5373.62,1683315899999,92866.305,422,3132.04,54128.8587,0
1683315900000,17.31,17.4,17.29,17.38,25479.5,1683316799999,442023.7127,766,19299.62,334905.4313,0
1683316800000,17.38,17.41,17.34,17.4,33030.98,1683317699999,573884.8407,1162,17679.04,307196.4061,0
1683317700000,17.4,17.41,17.31,17.34,15565.75,1683318599999,270023.0684,643,3616.13,62716.1993,0
1683318600000,17.34,17.37,17.34,17.36,2859.36,1683319499999,49625.9969,199,1574.14,27323.9953,0
1683319500000,17.36,17.38,17.33,17.33,7289.15,1683320399999,126493.0193,350,2697.06,46812.1434,0
1683320400000,17.34,17.39,17.32,17.39,4929.64,1683321299999,85521.6741,350,2618.81,45434.5785,0
1683321300000,17.39,17.42,17.37,17.4,7027.95,1683322199999,122271.6937,397,3535.6,61519.5127,0
1683322200000,17.4,17.4,17.36,17.37,5747.57,1683323099999,99859.5168,277,2968.65,51577.5446,0
1683323100000,17.38,17.39,17.36,17.36,7585.7,1683323999999,131775.4733,349,1480.6,25734.3616,0
1683324000000,17.35,17.38,17.35,17.38,6584.67,1683324899999,114348.6933,360,2149.68,37338.5964,0
1683324900000,17.37,17.4,17.36,17.37,4619.21,1683325799999,80284.6095,238,2998.71,52123.2458,0
1683325800000,17.37,17.4,17.37,17.4,7106.13,1683326699999,123570.4315,271,3288.53,57193.5041,0
1683326700000,17.4,17.4,17.37,17.37,7872.82,1683327599999,136854.2625,310,2126.06,36968.4487,0
1683327600000,17.37,17.4,17.36,17.36,2430.5,1683328499999,42235.7443,186,1195.38,20776.9357,0
1683328500000,17.37,17.4,17.35,17.38,6341.29,1683329399999,110196.0312,313,2332.4,40546.0468,0
1683329400000,17.37,17.4,17.36,17.37,5035.97,1683330299999,87543.2306,201,3023.63,52573.4319,0
1683330300000,17.36,17.38,17.35,17.38,6678.89,1683331199999,116003.1021,155,3370.27,58538.6436,0
1683331200000,17.38,17.39,17.32,17.37,7205.69,1683332099999,125067.9492,330,3836.25,66580.4045,0
1683332100000,17.37,17.46,17.35,17.39,10603.8,1683332999999,184624.5723,643,5604.9,97607.4293,0
1683333000000,17.39,17.51,17.37,17.43,33614.75,1683333899999,586991.1864,1459,17234.8,300958.9864,0
1683333900000,17.44,17.47,17.39,17.39,10174.9,1683334799999,177324.5845,422,4212.11,73418.8361,0
1683334800000,17.4,17.41,17.28,17.31,19468.41,1683335699999,337229.2568,871,10240.82,177319.4847,0
1683335700000,17.3,17.31,17.25,17.27,16626.16,1683336599999,287423.2949,603,8872.44,153408.1698,0
1683336600000,17.27,17.31,17.26,17.3,5659.36,1683337499999,97848.9444,260,2360.93,40813.0139,0
1683337500000,17.3,17.3,17.24,17.26,6810.5,1683338399999,117529.842,285,2239.12,38642.1788,0
1683338400000,17.26,17.26,17.19,17.23,16221.18,1683339299999,279253.5728,532,6085.91,104788.8782,0
1683339300000,17.23,17.26,17.2,17.23,7930.16,1683340199999,136667.8385,298,4142.39,71403.2366,0
1683340200000,17.23,17.25,17.21,17.24,2876.44,1683341099999,49547.7123,144,1280.45,22050.0833,0
1683341100000,17.23,17.24,17.21,17.24,2470.13,1683341999999,42561.0741,133,436.58,7524.2696,0
1683342000000,17.24,17.24,17.2,17.23,4534.93,1683342899999,78106.564,309,2152.17,37069.5582,0
1683342900000,17.23,17.25,17.18,17.2,7333.51,1683343799999,126194.4896,293,2566.2,44146.7962,0
1683343800000,17.2,17.21,17.15,17.17,8603.48,1683344699999,147751.2241,355,3212.45,55184.7619,0
1683344700000,17.17,17.2,17.17,17.19,2934.48,1683345599999,50411.9292,134,1456.99,25036.5108,0
1683345600000,17.19,17.24,17.17,17.23,5972.61,1683346499999,102730.4201,296,4060.54,69848.8222,0
1683346500000,17.24,17.25,17.2,17.21,3753.14,1683347399999,64638.8547,182,811.3,13972.7311,0
1683347400000,17.2,17.21,17.17,17.18,2318.82,1683348299999,39869.105,135,1305.33,22443.727,0
1683348300000,17.17,17.22,17.17,17.19,6391.7,1683349199999,109936.9357,179,4209.02,72403.1302,0
1683349200000,17.19,17.21,17.19,17.21,2062.68,1683350099999,35469.9121,116,1415.95,24350.3905,0
1683350100000,17.21,17.22,17.16,17.16,5063.66,1683350999999,86969.3565,159,1589.04,27297.8007,0
1683351000000,17.17,17.19,17.13,17.14,7018.25,1683351899999,120455.7331,282,3952.63,67844.5631,0
1683351900000,17.14,17.19,17.13,17.14,5127.55,1683352799999,87956.2886,201,2095.76,35944.1595,0
1683352800000,17.15,17.18,17.1,17.17,10745.64,1683353699999,184045.7161,500,6259.31,107261.3179,0
1683353700000,17.18,17.18,17.14,17.14,4186.48,1683354599999,71853.4103,184,1178.35,20232.4442,0
1683354600000,17.14,17.15,17.1,17.13,3393.91,1683355499999,58118.8244,159,2224.99,38105.8653,0
1683355500000,17.13,17.16,17.1,17.12,7641.26,1683356399999,130835.0157,307,4120.01,70540.1795,0
1683356400000,17.12,17.14,17.08,17.14,6130.89,1683357299999,104891.1398,335,2593.88,44369.9382,0
1683357300000,17.15,17.15,17.11,17.15,4604.34,1683358199999,78899.041,235,1622.37,27802.6572,0
1683358200000,17.15,17.15,17.06,17.06,10544.16,1683359099999,180409.9515,338,4139.84,70874.5793,0
1683359100000,17.07,17.07,16.99,17.01,22273.92,1683359999999,379296.8821,1176,12027.53,204857.4406,0
1683360000000,17.0,17.01,16.83,16.9,66945.86,1683360899999,1131532.5034,2539,30853.08,521478.6581,0
1683360900000,16.91,16.95,16.87,16.93,15303.37,1683361799999,258663.3576,677,7330.48,123924.1076,0
1683361800000,16.94,16.95,16.9,16.94,10256.85,1683362699999,173565.3092,391,4883.24,82632.009,0
1683362700000,16.94,16.99,16.92,16.99,13015.43,1683363599999,220751.251,517,7335.13,124392.6796,0
1683363600000,16.99,17.02,16.98,17.0,7163.13,1683364499999,121746.9616,369,3683.14,62610.5845,0
1683364500000,17.0,17.07,16.99,17.03,12392.94,1683365399999,211116.2777,429,6825.44,116244.7086,0
1683365400000,17.03,17.05,17.01,17.02,7019.13,1683366299999,119526.5581,253,2664.76,45382.1716,0
1683366300000,17.02,17.04,17.0,17.0,3636.47,1683367199999,61889.8024,158,1954.67,33271.1757,0
1683367200000,17.0,17.06,16.98,17.06,11906.47,1683368099999,202547.2933,516,6550.67,111439.745,0
1683368100000,17.06,17.06,16.91,16.95,18912.59,1683368999999,320797.1365,835,7659.16,129818.3544,0
1683369000000,16.96,17.01,16.96,17.0,6753.22,1683369899999,114776.8114,237,1829.09,31082.2604,0
1683369900000,17.0,17.0,16.95,16.97,8961.7,1683370799999,152034.3422,309,3980.03,67543.3528,0
1683370800000,16.97,16.99,16.94,16.98,5229.79,1683371699999,88733.9583,292,1888.53,32036.1152,0
1683371700000,16.98,16.99,16.96,16.96,2363.7,1683372599999,40120.1488,155,1076.34,18271.5683,0
1683372600000,16.96,17.0,16.95,16.99,2665.37,1683373499999,45235.2909,128,1451.77,24641.2868,0
1683373500000,16.98,16.99,16.92,16.97,8608.42,1683374399999,145917.8369,432,3346.11,56712.585,0
1683374400000,16.96,16.98,16.93,16.96,8758.98,1683375299999,148556.4955,326,4557.7,77305.5443,0
1683375300000,16.97,16.98,16.92,16.98,9114.23,1683376199999,154382.7795,382,4823.8,81711.8475,0
1683376200000,16.98,16.98,16.84,16.89,32154.62,1683377099999,543061.2007,1092,13921.76,235162.9329,0
1683377100000,16.89,16.9,16.83,16.87,15470.7,1683377999999,260920.4843,514,5564.07,93813.7465,0
1683378000000,16.87,16.87,16.8,16.84,17256.19,1683378899999,290292.6322,719,7238.71,121789.8302,0
1683378900000,16.84,16.84,16.77,16.83,27960.2,1683379799999,469675.9926,923,12591.93,211496.8519,0
1683379800000,16.83,16.84,16.74,16.78,24707.48,1683380699999,414742.4644,1034,10664.54,178982.3534,0
1683380700000,16.78,16.85,16.77,16.8,23376.77,1683381599999,393101.3414,878,10836.57,182171.0303,0
1683381600000,16.8,16.8,16.53,16.68,107273.7,1683382499999,1784622.2488,3946,50844.8,845752.8335,0
1683382500000,16.68,16.7,16.63,16.69,19269.83,1683383399999,321081.6898,841,7531.81,125512.8495,0
1683383400000,16.69,16.7,16.61,16.61,41882.43,1683384299999,696905.3636,1000,13704.26,228166.2064,0
1683384300000,16.61,16.63,16.49,16.54,82076.18,1683385199999,1357095.8311,1793,22915.59,378865.4532,0
1683385200000,16.53,16.61,16.44,16.61,25402.27,1683386099999,419645.5618,1130,13140.21,217150.9681,0
1683386100000,16.6,16.61,16.52,16.54,23717.59,1683386999999,392907.5881,946,9916.46,164295.2171,0
1683387000000,16.54,16.54,16.48,16.51,18636.79,1683387899999,307627.6135,778,8767.9,144759.2092,0
1683387900000,16.52,16.52,16.45,16.49,10867.37,1683388799999,179109.8803,520,5516.77,90935.2345,0
1683388800000,16.48,16.53,16.43,16.53,12601.46,1683389699999,207556.0552,640,4176.79,68792.6256,0
1683389700000,16.52,16.54,16.49,16.53,11965.22,1683390599999,197538.8637,531,5057.67,83499.8795,0
1683390600000,16.53,16.53,16.46,16.48,10421.41,1683391499999,171815.8586,495,4726.22,77909.8602,0
1683391500000,16.49,16.53,16.48,16.52,5251.89,1683392399999,86663.207,290,2359.27,38942.394,0
1683392400000,16.52,16.52,16.48,16.52,8410.74,1683393299999,138812.7873,460,4295.6,70896.705,0
1683393300000,16.52,16.57,16.5,16.56,15821.46,1683394199999,261604.1403,751,7956.34,131551.7856,0
1683394200000,16.56,16.56,16.51,16.55,11230.6,1683395099999,185768.6196,423,5137.78,85013.0498,0
1683395100000,16.55,16.58,16.53,16.57,10312.88,1683395999999,170792.1211,330,7278.96,120567.5413,0
1683396000000,16.58,16.63,16.57,16.63,7185.35,1683396899999,119252.7584,440,3878.38,64384.3492,0
1683396900000,16.62,16.7,16.6,16.68,13191.49,1683397799999,219669.5775,602,7792.99,129778.7847,0
1683397800000,16.68,16.73,16.65,16.73,19682.81,1683398699999,328467.6174,757,9569.66,159756.7653,0
1683398700000,16.72,16.73,16.67,16.68,5711.51,1683399599999,95298.8918,278,2859.71,47707.1988,0
1683399600000,16.68,16.73,16.66,16.69,10027.01,1683400499999,167457.1168,475,6516.78,108839.1783,0
1683400500000,16.69,16.7,16.62,16.63,10586.95,1683401399999,176334.7915,427,3426.11,57071.712,0
1683401400000,16.63,16.67,16.63,16.65,4808.56,1683402299999,80062.5658,245,2628.9,43769.3921,0
1683402300000,16.64,16.67,16.64,16.65,3192.45,1683403199999,53176.96,166,700.47,11669.1335,0
1683403200000,16.66,16.69,16.63,16.66,26034.35,1683404099999,433991.8548,534,10065.26,167780.7841,0
1683404100000,16.65,16.68,16.64,16.66,7438.22,1683404999999,123905.557,301,2863.84,47718.0074,0
1683405000000,16.66,16.67,16.65,16.67,4608.66,1683405899999,76798.2877,171,3137.88,52291.3755,0
1683405900000,16.67,16.68,16.62,16.63,10429.1,1683406799999,173601.7657,390,4021.47,66924.1258,0
1683406800000,16.63,16.67,16.62,16.65,6455.68,1683407699999,107443.1647,229,2456.82,40895.5257,0
1683407700000,16.65,16.66,16.63,16.64,7386.86,1683408599999,122963.9244,229,2396.58,39890.5883,0
1683408600000,16.64,16.65,16.55,16.58,13526.24,1683409499999,224321.4658,424,7278.54,120723.8447,0
1683409500000,16.59,16.67,16.58,16.66,2322.64,1683410399999,38582.2324,193,1278.94,21256.3087,0
1683410400000,16.67,16.67,16.62,16.64,6701.99,1683411299999,111570.1656,310,2747.7,45732.0202,0
1683411300000,16.65,16.66,16.63,16.64,3270.23,1683412199999,54429.0655,168,1731.04,28814.6175,0
1683412200000,16.64,16.66,16.63,16.66,3022.46,1683413099999,50298.5731,136,1993.54,33181.5204,0
1683413100000,16.65,16.66,16.62,16.63,2778.07,1683413999999,46206.2164,141,1377.54,22913.7109,0
1683414000000,16.62,16.63,16.59,16.6,6180.52,1683414899999,102651.8074,249,2528.51,41988.2586,0
1683414900000,16.61,16.63,16.57,16.58,6759.16,1683415799999,112146.7974,267,2234.22,37085.0737,0
1683415800000,16.57,16.58,16.55,16.56,2045.34,1683416699999,33882.5172,138,1350.97,22381.6998,0
1683416700000,16.56,16.61,16.56,16.58,2397.06,1683417599999,39768.5934,166,1239.34,20563.629,0
1683417600000,16.58,16.61,16.54,16.55,7679.32,1683418499999,127335.4325,374,3365.19,55805.7658,0
1683418500000,16.55,16.58,16.52,16.54,14010.63,1683419399999,231815.265,500,7116.6,117731.2928,0
1683419400000,16.54,16.57,16.54,16.56,5551.99,1683420299999,91926.0834,206,2914.9,48263.6263,0
1683420300000,16.57,16.64,16.57,16.63,16399.65,1683421199999,272387.9443,564,9135.22,151718.8031,0
1683421200000,16.63,16.63,16.5,16.56,14411.63,1683422099999,238496.3265,536,6607.51,109345.3559,0
1683422100000,16.56,16.7,16.54,16.66,15290.56,1683422999999,254351.0351,671,7089.6,117964.596,0
1683423000000,16.67,16.68,16.6,16.6,1995.41,1683423899999,33173.6604,178,577.73,9601.2545,0
1683423900000,16.61,16.61,16.51,16.53,7066.68,1683424799999,116907.0554,339,4320.59,71485.3261,0
1683424800000,16.53,16.57,16.52,16.52,5347.61,1683425699999,88479.6643,204,2077.72,34390.8114,0
1683425700000,16.52,16.53,16.46,16.52,12204.07,1683426599999,201293.8651,535,4543.65,74945.0701,0
1683426600000,16.52,16.53,16.47,16.49,8261.93,1683427499999,136366.3209,299,2662.88,43976.9379,0
1683427500000,16.49,16.51,16.48,16.49,4144.55,1683428399999,68335.5055,164,1589.88,26217.3109,0
1683428400000,16.49,16.54,16.47,16.53,5208.73,1683429299999,85960.9142,233,2970.25,49017.749,0
1683429300000,16.54,16.54,16.5,16.52,3876.96,1683430199999,64053.7891,136,1725.2,28504.149,0
1683430200000,16.51,16.51,16.48,16.51,2797.81,1683431099999,46152.0756,128,1013.67,16717.2419,0
1683431100000,16.5,16.53,16.5,16.5,2220.93,1683431999999,36676.3793,102,587.5,9701.2567,0
1683432000000,16.5,16.53,16.5,16.52,6701.71,1683432899999,110642.4846,192,4012.56,66243.9988,0
1683432900000,16.51,16.54,16.5,16.51,4016.98,1683433799999,66359.4378,146,1036.01,17117.8034,0
1683433800000,16.51,16.54,16.5,16.54,5705.03,1683434699999,94236.3517,186,3439.78,56821.0438,0
1683434700000,16.54,16.56,16.54,16.56,2180.61,1683435599999,36088.4882,116,880.58,14576.8158,0
1683435600000,16.55,16.58,16.55,16.55,4123.83,1683436499999,68306.9135,161,2213.27,36666.0646,0
1683436500000,16.56,16.56,16.53,16.55,3556.07,1683437399999,58823.7866,136,1280.13,21177.461,0
1683437400000,16.55,16.59,16.55,16.59,2914.85,1683438299999,48302.7943,153,1569.15,26001.9948,0
1683438300000,16.59,16.6,16.56,16.58,6389.22,1683439199999,105956.8081,193,4495.63,74565.9261,0
1683439200000,16.59,16.6,16.57,16.59,3410.07,1683440099999,56576.3332,134,1739.68,28857.0169,0
1683440100000,16.6,16.62,16.58,16.58,6497.84,1683440999999,107857.3045,244,3548.44,58902.0977,0
1683441000000,16.59,16.64,16.58,16.63,5704.37,1683441899999,94796.9109,208,3177.34,52794.6765,0
1683441900000,16.63,16.65,16.62,16.62,4746.52,1683442799999,78953.7665,257,2155.95,35865.1117,0
1683442800000,16.62,16.65,16.61,16.63,7660.87,1683443699999,127387.2182,330,3870.2,64363.3283,0
1683443700000,16.63,16.66,16.62,16.64,5159.68,1683444599999,85838.1416,263,2546.35,42368.2874,0
1683444600000,16.64,16.69,16.64,16.67,3564.17,1683445499999,59401.1551,215,1707.9,28464.0908,0
1683445500000,16.67,16.69,16.66,16.66,4612.34,1683446399999,76918.3553,173,3255.72,54301.4111,0
1683446400000,16.67,16.7,16.66,16.67,5153.73,1683447299999,85999.5018,251,2574.69,42968.159,0
1683447300000,16.67,16.68,16.65,16.67,5689.48,1683448199999,94823.2006,163,3837.11,63956.9526,0
1683448200000,16.67,16.68,16.61,16.61,13107.1,1683449099999,218165.4247,357,4407.89,73382.4217,0
1683449100000,16.61,16.63,16.6,16.6,8388.38,1683449999999,139390.7681,211,4618.72,76770.5006,0
1683450000000,16.61,16.62,16.59,16.6,5686.06,1683450899999,94413.2307,209,3411.9,56657.1086,0
1683450900000,16.61,16.62,16.59,16.62,5038.41,1683451799999,83679.3319,199,3564.05,59202.9666,0
1683451800000,16.62,16.62,16.56,16.56,6395.2,1683452699999,106089.3783,225,2034.01,33773.7598,0
1683452700000,16.56,16.57,16.55,16.57,9009.29,1683453599999,149199.6626,269,5834.49,96632.867,0
1683453600000,16.56,16.57,16.55,16.56,4089.78,1683454499999,67726.8197,213,2883.02,47749.484,0
1683454500000,16.56,16.57,16.55,16.55,6314.79,1683455399999,104576.3632,229,3547.6,58761.587,0
1683455400000,16.55,16.57,16.54,16.55,2171.27,1683456299999,35946.3585,121,884.89,14653.1983,0
1683456300000,16.55,16.59,16.55,16.58,6170.39,1683457199999,102226.6025,218,3714.77,61543.3346,0
1683457200000,16.59,16.59,16.55,16.55,6166.9,1683458099999,102226.0485,213,2831.59,46933.0239,0
1683458100000,16.55,16.57,16.54,16.54,12163.03,1683458999999,201344.3742,410,5423.71,89804.343,0
1683459000000,16.54,16.62,16.54,16.57,5359.31,1683459899999,88834.9149,248,2945.33,48798.0733,0
1683459900000,16.58,16.59,16.55,16.58,2872.41,1683460799999,47592.8481,148,1830.18,30322.3488,0
1683460800000,16.59,16.61,16.58,16.59,4865.82,1683461699999,80759.3899,214,1937.68,32164.585,0
1683461700000,16.6,16.62,16.58,16.6,5746.12,1683462599999,95388.8052,217,3033.86,50368.8449,0
1683462600000,16.6,16.61,16.58,16.61,6296.82,1683463499999,104473.9652,219,3724.14,61797.8277,0
1683463500000,16.61,16.62,16.58,16.6,8092.11,1683464399999,134346.6706,239,4148.04,68863.8143,0
1683464400000,16.61,16.61,16.59,16.6,6165.57,1683465299999,102363.0072,179,2475.74,41111.9908,0
1683465300000,16.6,16.65,16.59,16.6,9748.55,1683466199999,162038.4569,392,4190.29,69657.2279,0
1683466200000,16.6,16.64,16.6,16.61,6478.2,1683467099999,107690.6436,311,2940.17,48886.1503,0
1683467100000,16.61,16.65,16.58,16.6,7674.79,1683467999999,127487.8914,410,4231.41,70311.837,0
1683468000000,16.6,16.68,16.58,16.62,34091.54,1683468899999,567085.2181,692,24075.77,400613.9404,0
1683468900000,16.62,16.64,16.6,16.62,6802.74,1683469799999,113053.0476,248,3379.72,56183.2635,0
1683469800000,16.63,16.69,16.63,16.68,11275.61,1683470699999,187877.9937,425,5952.61,99184.5806,0
1683470700000,16.68,16.73,16.67,16.71,16620.89,1683471599999,277597.6687,529,9640.85,160989.0348,0
1683471600000,16.71,16.72,16.68,16.69,9386.77,1683472499999,156826.8952,377,4498.78,75164.8124,0
1683472500000,16.7,16.7,16.64,16.68,7613.56,1683473399999,126870.3833,385,3248.07,54122.9455,0
1683473400000,16.69,16.69,16.62,16.65,5844.15,1683474299999,97362.2953,251,1855.47,30899.9488,0
1683474300000,16.65,16.68,16.64,16.64,3992.26,1683475199999,66510.1073,188,1214.54,20237.1444,0
1683475200000,16.65,16.68,16.62,16.66,7338.13,1683476099999,122156.2429,313,4209.17,70071.3973,0
1683476100000,16.67,16.68,16.6,16.63,12836.77,1683476999999,213677.4048,391,6211.47,103429.5156,0
1683477000000,16.63,16.64,16.57,16.62,15619.52,1683477899999,259369.9049,517,6753.46,112118.7786,0
1683477900000,16.62,16.65,16.59,16.65,4322.69,1683478799999,71842.9517,196,2668.15,44354.9256,0
1683478800000,16.65,16.7,16.65,16.65,6399.68,1683479699999,106743.7133,277,3183.73,53099.5349,0
1683479700000,16.65,16.68,16.61,16.62,7704.23,1683480599999,128276.2379,297,3909.97,65088.4296,0
1683480600000,16.62,16.64,16.59,16.62,4525.93,1683481499999,75179.8997,259,2337.64,38828.2141,0
1683481500000,16.61,16.63,16.59,16.6,5279.86,1683482399999,87678.4867,197,1905.43,31641.8246,0
1683482400000,16.6,16.64,16.59,16.62,5778.31,1683483299999,95981.8817,195,2452.84,40737.1789,0
1683483300000,16.63,16.64,16.59,16.61,1494.08,1683484199999,24817.6768,113,702.46,11669.878,0
1683484200000,16.61,16.64,16.6,16.64,5761.33,1683485099999,95765.7101,226,4079.98,67819.2343,0
1683485100000,16.64,16.65,16.59,16.6,2532.47,1683485999999,42063.2585,156,552.73,9182.1084,0
1683486000000,16.59,16.6,16.52,16.54,13510.01,1683486899999,223633.7531,558,5514.22,91274.2658,0
1683486900000,16.54,16.58,16.53,16.57,7037.43,1683487799999,116462.6404,291,4110.26,68029.578,0
1683487800000,16.57,16.57,16.51,16.54,7085.15,1683488699999,117151.6999,312,2999.48,49600.3799,0
1683488700000,16.55,16.6,16.54,16.56,5034.38,1683489599999,83453.7088,223,1736.19,28773.8427,0
1683489600000,16.57,16.62,16.57,16.61,4562.2,1683490499999,75676.3817,210,2604.97,43221.7859,0
1683490500000,16.62,16.62,16.59,16.6,5251.57,1683491399999,87217.7055,207,2364.47,39271.682,0
1683491400000,16.6,16.62,16.6,16.6,5583.57,1683492299999,92739.5818,174,2108.45,35021.8026,0
1683492300000,16.6,16.64,16.6,16.64,4117.44,1683493199999,68396.5972,183,2496.41,41472.845,0
1683493200000,16.63,16.65,16.6,16.63,4790.53,1683494099999,79635.2056,219,2384.37,39635.9708,0
1683494100000,16.62,16.65,16.61,16.65,5103.84,1683494999999,84888.6809,191,3409.23,56706.0016,0
1683495000000,16.65,16.67,16.6,16.6,6785.85,1683495899999,112885.4534,247,3896.24,64824.1944,0
1683495900000,16.6,16.61,16.55,16.57,6035.87,1683496799999,100044.7639,256,2054.41,34056.7789,0
1683496800000,16.56,16.57,16.51,16.56,13914.36,1683497699999,230107.127,454,5613.27,92804.452,0
1683497700000,16.56,16.6,16.54,16.55,6100.95,1683498599999,101090.886,227,2751.45,45609.2191,0
1683498600000,16.56,16.56,16.52,16.53,6421.91,1683499499999,106166.7267,236,1654.38,27357.3826,0
1683499500000,16.52,16.56,16.52,16.54,3653.76,1683500399999,60423.8203,156,1577.91,26096.6538,0
1683500400000,16.55,16.59,16.52,16.58,11808.81,1683501299999,195538.4908,346,5600.98,92726.0241,0
1683501300000,16.58,16.59,16.54,16.54,17285.88,1683502199999,286150.9145,486,8497.94,140645.8455,0
1683502200000,16.54,16.58,16.51,16.51,7869.36,1683503099999,130192.849,286,3709.22,61366.6778,0
1683503100000,16.52,16.52,16.31,16.41,104565.38,1683503999999,1716556.1456,3745,46636.58,765757.145,0
1683504000000,16.41,16.48,16.28,16.46,53223.15,1683504899999,870985.6194,1653,23918.34,391455.8251,0
1683504900000,16.47,16.5,16.43,16.46,20476.18,1683505799999,337063.0435,761,9656.85,158948.4002,0
1683505800000,16.46,16.49,16.42,16.49,11471.0,1683506699999,188733.2466,417,5342.24,87887.2456,0
1683506700000,16.48,16.48,16.45,16.48,5283.0,1683507599999,86979.7701,287,3200.52,52693.1962,0
1683507600000,16.48,16.48,16.42,16.42,2612.45,1683508499999,42989.263,202,386.53,6363.1201,0
1683508500000,16.42,16.43,16.3,16.33,21054.74,1683509399999,344622.3769,638,8966.47,146762.1147,0
1683509400000,16.33,16.41,15.79,15.83,170713.54,1683510299999,2747501.1262,6255,67355.21,1084624.3269,0
1683510300000,15.83,15.88,15.66,15.86,125680.34,1683511199999,1982201.8478,5804,63231.38,997651.8003,0
1683511200000,15.86,15.91,15.79,15.89,27674.75,1683512099999,438337.3112,1300,12378.06,196125.225,0
1683512100000,15.89,15.92,15.86,15.9,20377.72,1683512999999,323819.6395,798,12200.99,193872.523,0
1683513000000,15.9,15.94,15.87,15.94,9511.72,1683513899999,151222.9038,478,4000.46,63636.6905,0
1683513900000,15.93,15.98,15.92,15.97,11278.8,1683514799999,179876.4269,493,6750.02,107672.2432,0
1683514800000,15.98,15.98,15.94,15.97,15961.61,1683515699999,254741.0701,461,5414.58,86421.4777,0
1683515700000,15.97,15.99,15.92,15.92,10478.94,1683516599999,167162.4359,385,2764.91,44099.1876,0
1683516600000,15.92,15.96,15.89,15.91,16929.22,1683517499999,269501.3842,547,8465.51,134776.5501,0
1683517500000,15.91,16.0,15.88,15.99,14775.95,1683518399999,235715.4142,553,7702.76,122857.1116,0
1683518400000,15.98,16.0,15.95,15.96,12551.62,1683519299999,200596.6931,459,5420.98,86646.7939,0
1683519300000,15.97,15.99,15.92,15.93,10782.11,1683520199999,172111.5859,420,5247.17,83788.7961,0
1683520200000,15.92,15.95,15.9,15.9,8371.36,1683521099999,133229.4096,291,1810.32,28828.3422,0
1683521100000,15.9,15.9,15.82,15.83,13849.24,1683521999999,219764.9805,540,4297.25,68188.7271,0
1683522000000,15.83,15.86,15.79,15.8,10366.68,1683522899999,164032.4797,419,2992.76,47377.1183,0
1683522900000,15.8,15.9,15.79,15.88,6026.46,1683523799999,95624.5777,322,3013.11,47802.5608,0
1683523800000,15.88,15.92,15.87,15.91,7566.71,1683524699999,120279.6626,311,3743.32,59510.0401,0
1683524700000,15.91,15.92,15.89,15.9,6100.97,1683525599999,97044.3117,338,2601.69,41388.8728,0
1683525600000,15.91,15.91,15.86,15.87,4751.5,1683526499999,75431.787,266,1286.55,20420.8902,0
1683526500000,15.87,15.9,15.84,15.85,26367.23,1683527399999,418198.8225,440,7394.43,117284.1972,0
1683527400000,15.86,15.87,15.81,15.82,17106.71,1683528299999,271062.8601,491,8200.72,129976.7425,0
1683528300000,15.81,15.85,15.81,15.85,7083.41,1683529199999,112057.5206,265,3786.52,59915.67,0
1683529200000,15.85,15.87,15.78,15.82,16714.99,1683530099999,264383.5334,713,6694.98,105902.755,0
1683530100000,15.82,15.85,15.79,15.81,7301.25,1683530999999,115440.0448,305,2058.64,32576.7157,0
1683531000000,15.82,15.83,15.74,15.76,16879.49,1683531899999,266187.436,600,6224.02,98144.3598,0
1683531900000,15.77,15.78,15.59,15.71,51340.96,1683532799999,804198.6516,1947,23719.52,371517.2995,0
1683532800000,15.71,15.72,15.64,15.65,46766.28,1683533699999,732944.8295,1292,21732.89,340688.5986,0
1683533700000,15.65,15.72,15.65,15.72,19420.59,1683534599999,304580.9317,615,10695.44,167722.1627,0
1683534600000,15.72,15.74,15.67,15.68,9934.54,1683535499999,155938.746,404,4646.68,72932.4753,0
1683535500000,15.68,15.77,15.65,15.73,94402.18,1683536399999,1484945.0587,1927,39695.9,624025.4866,0
1683536400000,15.73,15.81,15.71,15.8,18489.28,1683537299999,291350.9346,694,10313.27,162514.9823,0
1683537300000,15.81,15.82,15.79,15.82,12994.07,1683538199999,205385.7018,456,7501.47,118577.78,0
1683538200000,15.82,15.82,15.78,15.81,8585.23,1683539099999,135662.5335,332,3412.11,53931.0158,0
1683539100000,15.82,15.86,15.81,15.84,8135.08,1683539999999,128801.382,403,3722.6,58949.3581,0
1683540000000,15.84,15.88,15.83,15.86,15020.75,1683540899999,238232.3319,575,7170.46,113738.3434,0
1683540900000,15.86,15.95,15.85,15.92,30205.32,1683541799999,480659.5215,856,21288.01,338842.8416,0
1683541800000,15.93,15.93,15.9,15.92,8824.25,1683542699999,140450.4023,374,3364.06,53539.818,0
1683542700000,15.91,15.94,15.9,15.92,5280.08,1683543599999,84091.3174,254,3504.24,55816.3605,0
1683543600000,15.92,15.96,15.9,15.95,18541.55,1683544499999,295274.1383,543,10366.76,165120.25,0
1683544500000,15.95,15.95,15.87,15.89,6320.25,1683545399999,100476.8421,322,2892.62,45961.6975,0
1683545400000,15.89,15.96,15.87,15.89,15288.19,1683546299999,243313.6635,464,11451.24,182218.9274,0
1683546300000,15.88,15.92,15.88,15.92,8371.21,1683547199999,133115.5745,288,6208.79,98741.2221,0
1683547200000,15.92,15.93,15.87,15.88,8361.33,1683548099999,132975.2743,275,4650.28,73955.8984,0
1683548100000,15.88,15.9,15.86,15.87,12016.84,1683548999999,190819.9401,361,6763.43,107401.1836,0
1683549000000,15.87,15.87,15.82,15.86,13873.64,1683549899999,219788.4979,384,5798.1,91881.998,0
1683549900000,15.86,15.89,15.82,15.85,17581.85,1683550799999,278603.7472,432,9234.16,146316.6132,0
1683550800000,15.84,15.88,15.83,15.87,16954.0,1683551699999,268787.777,507,10960.65,173780.6876,0
1683551700000,15.88,15.96,15.88,15.88,17637.39,1683552599999,280835.2493,593,11198.95,178305.7248,0
1683552600000,15.89,15.89,15.83,15.84,12613.32,1683553499999,199978.0127,478,4812.24,76291.2161,0
1683553500000,15.83,15.85,15.81,15.82,13835.57,1683554399999,219005.7036,348,7533.4,119259.936,0
1683554400000,15.83,15.84,15.73,15.75,24847.33,1683555299999,392064.3409,771,12174.1,192069.3513,0
1683555300000,15.74,15.8,15.71,15.77,20106.79,1683556199999,316702.7276,621,9606.89,151326.9321,0
1683556200000,15.78,15.83,15.72,15.8,17991.44,1683557099999,283754.6427,652,9766.85,154042.454,0
1683557100000,15.81,15.88,15.78,15.87,18926.51,1683557999999,299543.0199,622,10653.0,168641.2893,0
1683558000000,15.87,15.91,15.8,15.8,23160.76,1683558899999,367121.6003,653,7787.02,123460.7282,0
1683558900000,15.8,15.87,15.79,15.81,29030.55,1683559799999,459381.293,740,12546.57,198520.6938,0
1683559800000,15.81,15.81,15.73,15.75,34048.47,1683560699999,537033.4437,819,12236.49,192928.7323,0
1683560700000,15.74,15.78,15.73,15.75,9408.08,1683561599999,148228.8161,356,5221.93,82247.4969,0
1683561600000,15.75,15.77,15.65,15.69,23534.32,1683562499999,369582.1224,781,10560.06,165763.7602,0
1683562500000,15.69,15.72,15.66,15.7,13561.31,1683563399999,212771.7153,442,6182.81,96997.3651,0
1683563400000,15.69,15.7,15.63,15.66,19496.84,1683564299999,305233.046,544,8054.27,126097.4343,0
1683564300000,15.67,15.68,15.61,15.65,14091.39,1683565199999,220523.9657,552,6946.73,108689.7617,0
1683565200000,15.65,15.66,15.55,15.65,32878.76,1683566099999,512900.0838,1159,14240.45,222154.0171,0
1683566100000,15.65,15.65,15.59,15.64,16208.88,1683566999999,253256.258,582,7573.13,118313.841,0
1683567000000,15.64,15.66,15.41,15.51,95330.53,1683567899999,1477538.546,3083,42315.07,655890.8075,0
1683567900000,15.5,15.59,15.26,15.26,77426.79,1683568799999,1195423.7896,2293,33366.74,516029.8783,0
1683568800000,15.27,15.38,14.8,15.09,486960.38,1683569699999,7330377.2013,14963,189056.25,2853082.3939,0
1683569700000,15.09,15.27,15.08,15.2,75489.79,1683570599999,1147893.1508,2699,39437.75,599659.2252,0
1683570600000,15.2,15.28,15.12,15.27,34001.71,1683571499999,516625.4678,1373,16793.66,255124.8537,0
1683571500000,15.27,15.28,15.18,15.25,48404.09,1683572399999,737112.9105,1445,20867.33,317706.1491,0
1683572400000,15.25,15.33,15.22,15.31,38181.97,1683573299999,583530.4801,1177,17342.12,265065.8628,0
1683573300000,15.32,15.33,15.28,15.31,29510.68,1683574199999,451696.2461,866,13420.29,205374.6503,0
1683574200000,15.31,15.34,15.26,15.26,20647.2,1683575099999,315852.318,637,9244.31,141456.3818,0
1683575100000,15.26,15.29,15.21,15.25,37281.87,1683575999999,568132.5766,984,15245.66,232334.0759,0
1683576000000,15.25,15.32,15.22,15.31,21911.12,1683576899999,334282.608,768,11444.78,174650.0959,0
1683576900000,15.32,15.34,15.29,15.3,19735.89,1683577799999,302275.7644,578,6243.74,95648.3674,0
1683577800000,15.31,15.34,15.28,15.3,15423.04,1683578699999,236149.339,500,7808.38,119579.689,0
1683578700000,15.3,15.31,15.26,15.29,15840.36,1683579599999,242018.732,518,6063.75,92638.2253,0
1683579600000,15.29,15.3,15.23,15.25,12950.19,1683580499999,197534.0256,492,4422.85,67466.4619,0
1683580500000,15.25,15.28,15.24,15.28,11151.49,1683581399999,170171.4905,391,4498.38,68663.7384,0
1683581400000,15.28,15.33,15.27,15.33,10982.45,1683582299999,167913.2831,369,5785.76,88487.1869,0
1683582300000,15.34,15.4,15.29,15.31,14575.24,1683583199999,223656.0886,605,6861.6,105263.3395,0
1683583200000,15.32,15.34,15.3,15.32,9633.6,1683584099999,147638.0948,337,4843.28,74239.7476,0
1683584100000,15.32,15.38,15.32,15.35,15556.04,1683584999999,238824.0483,413,9632.16,147887.882,0
1683585000000,15.35,15.36,15.33,15.35,5380.35,1683585899999,82549.301,170,2895.42,44425.2401,0
1683585900000,15.35,15.4,15.32,15.39,6572.64,1683586799999,100832.6969,254,1992.37,30571.7374,0
1683586800000,15.4,15.4,15.37,15.4,5037.56,1683587699999,77523.1461,211,2278.69,35072.1106,0
1683587700000,15.4,15.44,15.37,15.4,6948.58,1683588599999,107095.4286,327,2724.26,41995.7578,0
1683588600000,15.41,15.42,15.38,15.38,8417.15,1683589499999,129613.2061,241,4984.93,76777.0072,0
1683589500000,15.39,15.43,15.38,15.42,6370.4,1683590399999,98124.2455,233,3828.85,58955.6466,0
1683590400000,15.42,15.43,15.37,15.42,5025.42,1683591299999,77396.2214,229,2655.7,40899.6148,0
1683591300000,15.43,15.44,15.37,15.4,6660.6,1683592199999,102612.4367,269,2364.14,36416.7009,0
1683592200000,15.39,15.4,15.35,15.38,4938.59,1683593099999,75933.6676,226,1620.68,24922.8709,0
1683593100000,15.38,15.39,15.36,15.39,3151.58,1683593999999,48455.9521,126,935.1,14381.335,0
1683594000000,15.39,15.5,15.38,15.45,10316.65,1683594899999,159321.4379,560,5933.79,91576.9925,0
1683594900000,15.44,15.49,15.41,15.48,24899.34,1683595799999,384469.2955,470,14201.56,219247.35,0
1683595800000,15.48,15.54,15.47,15.47,7428.32,1683596699999,115200.5717,351,2179.98,33814.4605,0
1683596700000,15.47,15.49,15.44,15.48,6325.09,1683597599999,97838.6104,219,3268.32,50558.9099,0
1683597600000,15.47,15.47,15.4,15.42,4536.55,1683598499999,69994.6501,211,1450.73,22375.2562,0
1683598500000,15.41,15.41,15.36,15.4,5335.58,1683599399999,82108.1268,250,1652.04,25417.6014,0
1683599400000,15.4,15.42,15.39,15.4,5674.51,1683600299999,87399.5193,157,1925.82,29661.8118,0
1683600300000,15.41,15.45,15.4,15.45,4885.26,1683601199999,75322.1839,171,3097.15,47770.5788,0
1683601200000,15.44,15.44,15.39,15.4,2305.8,1683602099999,35551.2106,112,805.84,12424.9639,0
1683602100000,15.4,15.4,15.37,15.39,3599.46,1683602999999,55379.6655,164,1742.33,26804.7014,0
1683603000000,15.4,15.44,15.39,15.44,15724.8,1683603899999,242490.6359,359,12212.9,188344.2465,0
1683603900000,15.44,15.46,15.41,15.46,17813.94,1683604799999,274969.9235,466,8738.16,134905.0264,0
1683604800000,15.46,15.5,15.45,15.49,14578.42,1683605699999,225624.1436,463,9985.74,154551.5626,0
1683605700000,15.5,15.57,15.49,15.56,26953.38,1683606599999,418528.7599,855,16548.32,256975.6932,0
1683606600000,15.57,15.58,15.52,15.56,24658.86,1683607499999,383433.2618,702,11643.6,181022.998,0
1683607500000,15.55,15.56,15.52,15.52,4509.94,1683608399999,70056.8916,184,1385.8,21537.5085,0
1683608400000,15.52,15.55,15.5,15.54,20434.33,1683609299999,316936.1698,604,5038.01,78183.6933,0
1683609300000,15.54,15.54,15.47,15.49,15988.34,1683610199999,247867.0347,371,4690.44,72713.4185,0
1683610200000,15.5,15.55,15.48,15.55,14434.31,1683611099999,223975.6579,486,8485.08,131658.5718,0
1683611100000,15.56,15.57,15.52,15.53,5507.54,1683611999999,85602.4225,205,1701.32,26446.3696,0
1683612000000,15.52,15.53,15.42,15.43,11793.3,1683612899999,182505.8447,439,4599.99,71147.9922,0
1683612900000,15.44,15.47,15.42,15.43,4164.3,1683613799999,64303.1313,210,1699.02,26232.4318,0
1683613800000,15.43,15.45,15.39,15.45,8460.08,1683614699999,130447.4551,301,5041.21,77749.5085,0
1683614700000,15.44,15.5,15.36,15.38,45740.21,1683615599999,704211.9212,799,9772.37,150525.3311,0
1683615600000,15.39,15.4,15.34,15.36,14368.61,1683616499999,220836.2546,406,4987.19,76641.5097,0
1683616500000,15.37,15.44,15.36,15.44,13459.94,1683617399999,207280.6161,472,8151.58,125590.5646,0
1683617400000,15.44,15.48,15.41,15.44,15349.13,1683618299999,237131.8546,438,9511.39,146960.5639,0
1683618300000,15.43,15.51,15.43,15.51,11335.54,1683619199999,175455.4807,394,6410.6,99235.5866,0
1683619200000,15.51,15.52,15.45,15.45,11025.73,1683620099999,170766.6256,372,5879.72,91112.0608,0
1683620100000,15.45,15.45,15.4,15.4,6820.84,1683620999999,105173.2415,277,3379.84,52134.9312,0
1683621000000,15.4,15.42,15.36,15.41,7718.75,1683621899999,118814.3088,314,4543.04,69922.6851,0
1683621900000,15.4,15.42,15.37,15.39,5660.67,1683622799999,87140.6774,229,2434.93,37492.6979,0
1683622800000,15.38,15.4,15.36,15.38,5888.02,1683623699999,90546.4627,238,2065.33,31771.0609,0
1683623700000,15.38,15.41,15.35,15.4,6037.81,1683624599999,92904.4293,357,2749.47,42298.5129,0
1683624600000,15.4,15.41,15.35,15.37,3898.81,1683625499999,59947.5479,197,1660.46,25527.2028,0
1683625500000,15.37,15.4,15.36,15.36,4224.2,1683626399999,64967.5362,212,1222.07,18801.3184,0
1683626400000,15.36,15.37,15.35,15.37,3932.29,1683627299999,60390.6348,184,1631.58,25063.423,0
1683627300000,15.37,15.46,15.36,15.45,5856.86,1683628199999,90304.0162,265,2525.1,38914.1722,0
1683628200000,15.45,15.46,15.38,15.42,7170.49,1683629099999,110550.071,362,3127.82,48198.8512,0
1683629100000,15.41,15.42,15.38,15.39,7231.93,1683629999999,111407.8996,258,3413.66,52598.4632,0
1683630000000,15.39,15.42,15.35,15.37,11613.85,1683630899999,178778.5217,461,5928.41,91269.208,0
1683630900000,15.38,15.42,15.36,15.41,6095.1,1683631799999,93886.1328,220,3074.14,47336.6751,0
1683631800000,15.41,15.45,15.4,15.43,5978.47,1683632699999,92232.7608,197,2908.21,44859.8986,0
1683632700000,15.43,15.47,15.42,15.44,9259.39,1683633599999,142996.3507,310,4580.73,70745.5992,0
1683633600000,15.44,15.48,15.42,15.48,19232.19,1683634499999,297163.7654,419,11580.55,178921.364,0
1683634500000,15.48,15.5,15.42,15.43,8685.41,1683635399999,134288.7826,352,3779.83,58435.0649,0
1683635400000,15.44,15.46,15.43,15.45,6432.13,1683636299999,99355.4614,213,2655.85,41027.7499,0
1683636300000,15.45,15.49,15.45,15.48,11473.75,1683637199999,177553.8979,341,5821.08,90081.7998,0
1683637200000,15.48,15.51,15.47,15.48,11867.76,1683638099999,183893.8909,432,5653.36,87617.0369,0
1683638100000,15.48,15.49,15.42,15.45,9671.44,1683638999999,149425.8798,413,4278.32,66103.2125,0
1683639000000,15.45,15.47,15.41,15.44,14534.5,1683639899999,224453.5092,551,4092.01,63181.1816,0
1683639900000,15.44,15.46,15.39,15.46,9311.65,1683640799999,143636.0228,428,4803.18,74120.2937,0
1683640800000,15.45,15.46,15.24,15.33,41740.28,1683641699999,639523.7088,1238,13529.24,207489.857,0
1683641700000,15.32,15.38,15.31,15.34,12432.79,1683642599999,190831.4457,429,6671.61,102406.8066,0
1683642600000,15.34,15.44,15.34,15.44,11165.44,1683643499999,171878.2763,444,7019.44,108048.4247,0
1683643500000,15.43,15.46,15.36,15.37,17892.85,1683644399999,275543.7504,466,6962.7,107206.5333,0
1683644400000,15.37,15.38,15.29,15.29,11145.28,1683645299999,170909.7421,453,3805.92,58347.217,0
1683645300000,15.3,15.33,15.27,15.28,8340.61,1683646199999,127543.2003,335,3614.36,55263.1635,0
1683646200000,15.28,15.33,15.28,15.33,7394.68,1683647099999,113185.4798,316,4172.04,63864.4648,0
1683647100000,15.32,15.33,15.23,15.27,16836.28,1683647999999,257128.6127,645,7134.4,108956.9375,0
1683648000000,15.27,15.3,15.21,15.26,24023.16,1683648899999,366463.2218,622,11918.14,181804.6122,0
1683648900000,15.27,15.3,15.24,15.29,8086.09,1683649799999,123455.1343,316,4072.45,62144.5947,0
1683649800000,15.29,15.32,15.28,15.3,11209.34,1683650699999,171490.5565,271,5526.2,84550.885,0
1683650700000,15.29,15.38,15.29,15.38,12242.65,1683651599999,187817.0858,423,6587.09,101017.2963,0
1683651600000,15.39,15.42,15.31,15.35,14438.61,1683652499999,221987.0593,526,6994.8,107549.3137,0
1683652500000,15.34,15.37,15.33,15.36,6994.59,1683653399999,107391.6782,231,3920.0,60190.2442,0
1683653400000,15.36,15.39,15.32,15.33,9180.82,1683654299999,140946.0369,282,3437.09,52762.2052,0
1683654300000,15.32,15.34,15.28,15.31,6937.99,1683655199999,106179.048,262,2796.11,42803.7239,0
1683655200000,15.31,15.34,15.28,15.28,15156.38,1683656099999,231991.1261,401,9701.91,148493.702,0
1683656100000,15.29,15.32,15.27,15.3,9769.34,1683656999999,149432.4536,251,4717.26,72153.6958,0
1683657000000,15.3,15.33,15.29,15.32,7078.31,1683657899999,108382.9753,248,2609.74,39963.5296,0
1683657900000,15.32,15.33,15.23,15.26,7350.22,1683658799999,112273.9557,334,3874.31,59151.4477,0
1683658800000,15.26,15.31,15.25,15.27,10014.37,1683659699999,153014.0852,333,4389.96,67063.4698,0
1683659700000,15.27,15.36,15.27,15.35,7803.28,1683660599999,119570.7381,267,4960.05,76000.4408,0
1683660600000,15.35,15.36,15.31,15.34,8032.7,1683661499999,123200.8733,271,3640.35,55841.7335,0
1683661500000,15.34,15.35,15.31,15.35,6368.69,1683662399999,97631.3422,191,2662.52,40815.2979,0
1683662400000,15.35,15.4,15.33,15.35,13972.92,1683663299999,214872.6593,485,8015.98,123286.6143,0
1683663300000,15.35,15.35,15.29,15.29,7447.79,1683664199999,114024.3659,295,1896.19,29027.2877,0
1683664200000,15.29,15.31,15.25,15.27,8795.73,1683665099999,134413.7542,275,3841.1,58688.3522,0
1683665100000,15.26,15.29,15.25,15.29,8764.98,1683665999999,133861.4452,236,4833.35,73826.6287,0
1683666000000,15.27,15.29,15.26,15.28,3321.93,1683666899999,50752.4084,160,1190.75,18197.6699,0
1683666900000,15.27,15.32,15.26,15.31,4925.01,1683667799999,75306.9274,203,2261.3,34566.6097,0
1683667800000,15.3,15.32,15.29,15.31,4210.62,1683668699999,64422.3201,148,1343.7,20555.5086,0
1683668700000,15.31,15.31,15.26,15.26,5265.64,1683669599999,80504.6744,189,1761.55,26955.5608,0
1683669600000,15.27,15.27,15.25,15.26,7040.59,1683670499999,107465.311,231,3221.9,49187.3081,0
1683670500000,15.27,15.3,15.26,15.3,2392.42,1683671399999,36566.4047,86,1793.85,27418.5564,0
1683671400000,15.3,15.3,15.28,15.29,4305.95,1683672299999,65835.3665,86,1701.24,26015.5196,0
1683672300000,15.29,15.29,15.27,15.27,3934.14,1683673199999,60115.6241,121,1603.9,24504.9946,0
1683673200000,15.28,15.32,15.27,15.31,8738.0,1683674099999,133624.6768,215,5389.32,82413.7878,0
1683674100000,15.31,15.32,15.29,15.3,4330.19,1683674999999,66275.271,116,1355.38,20751.3374,0
1683675000000,15.31,15.33,15.31,15.33,2132.97,1683675899999,32683.6572,116,534.64,8193.1939,0
1683675900000,15.33,15.36,15.31,15.31,4308.98,1683676799999,66065.0392,170,2173.99,33325.9863,0
1683676800000,15.32,15.35,15.31,15.35,6352.67,1683677699999,97339.0879,200,1984.9,30427.6067,0
1683677700000,15.35,15.4,15.34,15.37,11178.04,1683678599999,171801.0849,388,5018.18,77119.0974,0
1683678600000,15.38,15.38,15.31,15.35,14842.88,1683679499999,227643.4926,449,8305.18,127360.5306,0
1683679500000,15.36,15.38,15.32,15.38,5679.0,1683680399999,87187.961,201,3247.82,49873.5129,0
1683680400000,15.38,15.42,15.36,15.38,24018.56,1683681299999,369761.3512,488,14212.26,218777.7386,0
1683681300000,15.39,15.47,15.38,15.39,15601.14,1683682199999,240673.6745,497,7694.18,118732.0462,0
1683682200000,15.39,15.48,15.39,15.4,13587.39,1683683099999,209755.0019,460,5902.97,91154.8708,0
1683683100000,15.41,15.41,15.37,15.4,5721.25,1683683999999,88060.0749,214,3403.29,52378.8498,0
1683684000000,15.39,15.4,15.36,15.36,4734.27,1683684899999,72804.4605,162,2159.95,33215.6208,0
1683684900000,15.37,15.39,15.35,15.37,6254.09,1683685799999,96151.7133,200,3200.93,49214.0963,0
1683685800000,15.38,15.38,15.33,15.34,6425.84,1683686699999,98597.3302,224,1482.48,22749.887,0
1683686700000,15.33,15.36,15.31,15.31,2933.86,1683687599999,44995.7712,138,1056.16,16204.2285,0
1683687600000,15.32,15.34,15.31,15.33,2441.84,1683688499999,37418.4107,118,475.01,7280.4753,0
1683688500000,15.33,15.33,15.29,15.3,3623.39,1683689399999,55475.9811,182,940.44,14402.5589,0
1683689400000,15.3,15.32,15.28,15.3,4665.69,1683690299999,71389.3484,184,1965.04,30062.7804,0
1683690300000,15.3,15.32,15.29,15.29,1420.96,1683691199999,21750.4006,96,387.71,5938.4269,0
1683691200000,15.29,15.31,15.28,15.29,3871.75,1683692099999,59198.7207,129,2941.03,44969.6407,0
1683692100000,15.29,15.32,15.27,15.32,28943.98,1683692999999,442876.1907,649,14154.49,216553.7757,0
1683693000000,15.31,15.36,15.3,15.34,6323.15,1683693899999,96936.601,239,3297.31,50556.5658,0
1683693900000,15.35,15.37,15.34,15.35,4928.54,1683694799999,75683.2094,172,3030.89,46549.974,0
1683694800000,15.35,15.38,15.35,15.36,7509.71,1683695699999,115407.1999,205,4410.02,67777.2271,0
1683695700000,15.36,15.36,15.32,15.33,3325.09,1683696599999,50995.2,161,1285.15,19704.5256,0
1683696600000,15.33,15.37,15.31,15.37,10095.35,1683697499999,154969.6496,256,5951.42,91357.6072,0
1683697500000,15.37,15.37,15.34,15.35,7679.99,1683698399999,117928.8639,238,3028.55,46511.9723,0
1683698400000,15.35,15.35,15.3,15.31,15008.62,1683699299999,229751.1029,376,3324.77,50928.3564,0
1683699300000,15.3,15.32,15.3,15.32,21639.42,1683700199999,331149.5242,330,2789.35,42711.9827,0
1683700200000,15.32,15.34,15.3,15.31,6256.81,1683701099999,95861.0553,221,2954.55,45268.0753,0
1683701100000,15.31,15.32,15.28,15.31,10590.67,1683701999999,161997.8607,294,2299.86,35168.4246,0
1683702000000,15.3,15.3,15.26,15.28,7772.96,1683702899999,118794.8149,283,3325.96,50820.8692,0
1683702900000,15.28,15.32,15.26,15.27,10027.89,1683703799999,153260.2582,302,4803.11,73402.2782,0
1683703800000,15.27,15.31,15.26,15.31,2174.92,1683704699999,33265.6418,116,1205.25,18438.2645,0
1683704700000,15.31,15.32,15.27,15.27,5749.57,1683705599999,87928.9722,171,1971.68,30136.6127,0
1683705600000,15.28,15.3,15.25,15.27,12630.33,1683706499999,192893.8569,385,5899.98,90133.2869,0
1683706500000,15.27,15.31,15.24,15.25,10900.6,1683707399999,166389.0804,384,4721.17,72065.5514,0
1683707400000,15.24,15.27,15.23,15.27,8296.84,1683708299999,126518.3642,310,3452.97,52659.5382,0
1683708300000,15.26,15.31,15.25,15.29,8952.13,1683709199999,136736.1774,224,4000.56,61072.0203,0
1683709200000,15.29,15.29,15.08,15.16,197323.12,1683710099999,2988590.2995,3084,116561.47,1762194.2751,0
1683710100000,15.15,15.2,15.14,15.19,9384.66,1683710999999,142372.2009,396,4919.12,74631.6053,0
1683711000000,15.19,15.23,15.17,15.21,7415.57,1683711899999,112766.1766,287,3002.18,45642.712,0
1683711900000,15.21,15.25,15.21,15.21,6453.23,1683712799999,98277.1777,288,2798.39,42619.2348,0
1683712800000,15.21,15.24,15.2,15.22,4347.53,1683713699999,66195.2259,182,2701.47,41130.4912,0
1683713700000,15.22,15.23,15.17,15.17,8591.88,1683714599999,130669.8135,340,3429.52,52175.1618,0
1683714600000,15.18,15.2,15.17,15.19,3746.37,1683715499999,56893.9421,139,2439.17,37042.8593,0
1683715500000,15.19,15.22,15.19,15.21,5807.64,1683716399999,88312.674,226,2556.03,38866.1653,0
1683716400000,15.2,15.22,15.19,15.22,5680.0,1683717299999,86370.7521,208,4454.57,67748.181,0
1683717300000,15.22,15.24,15.19,15.2,13526.45,1683718199999,205764.6718,312,3238.22,49287.5357,0
1683718200000,15.19,15.2,15.17,15.2,6979.54,1683719099999,105948.0928,227,4377.79,66455.67,0
1683719100000,15.19,15.24,15.19,15.23,5482.72,1683719999999,83478.4499,216,2205.31,33575.662,0
1683720000000,15.22,15.24,15.19,15.23,9570.28,1683720899999,145588.2318,298,5557.76,84554.333,0
1683720900000,15.23,15.25,15.16,15.21,21489.23,1683721799999,326507.3593,764,9891.55,150266.9081,0
1683721800000,15.22,15.61,15.2,15.54,167078.98,1683722699999,2578439.612,6216,87649.83,1352604.0242,0
1683722700000,15.55,15.68,15.54,15.6,59431.83,1683723599999,927930.6131,1967,31650.01,494236.0703,0
1683723600000,15.6,15.74,15.58,15.61,55398.38,1683724499999,867479.7418,2041,23824.93,373166.7342,0
1683724500000,15.61,15.63,15.51,15.61,32627.87,1683725399999,508316.0337,1037,14567.77,226998.5389,0
1683725400000,15.6,15.69,15.56,15.6,32211.38,1683726299999,503766.0821,1039,18520.09,289628.5745,0
1683726300000,15.61,15.63,15.55,15.6,18840.72,1683727199999,293833.0345,574,9093.83,141835.2124,0
1683727200000,15.61,15.64,15.57,15.57,26849.39,1683728099999,419170.4897,796,17536.82,273815.8735,0
1683728100000,15.57,15.63,15.56,15.61,21854.61,1683728999999,340878.8194,677,8526.94,133021.6854,0
1683729000000,15.62,15.65,15.55,15.55,16760.78,1683729899999,261357.4361,595,7494.43,116824.9412,0
1683729900000,15.55,15.56,15.52,15.53,20934.71,1683730799999,325102.853,636,7897.29,122649.3434,0
1683730800000,15.53,15.56,15.51,15.51,12765.1,1683731699999,198313.0115,430,5271.71,81907.6704,0
1683731700000,15.52,15.53,15.46,15.5,27568.42,1683732599999,426863.3561,648,14804.05,229228.6321,0
1683732600000,15.5,15.62,15.5,15.59,32981.77,1683733499999,513365.6482,841,18745.31,291790.1258,0
1683733500000,15.58,15.61,15.55,15.57,18708.34,1683734399999,291343.1329,460,7881.94,122741.777,0
1683734400000,15.57,15.63,15.55,15.62,18886.81,1683735299999,294271.9978,631,7381.04,115014.5247,0
1683735300000,15.61,15.63,15.56,15.63,14119.79,1683736199999,220376.2467,506,7428.93,115962.0405,0
1683736200000,15.63,15.63,15.56,15.58,9889.47,1683737099999,154133.0708,386,3246.24,50586.5911,0
1683737100000,15.58,15.59,15.55,15.57,5275.99,1683737999999,82144.5408,230,1864.7,29034.8227,0
1683738000000,15.58,15.6,15.37,15.41,31714.01,1683738899999,490479.0243,1264,13314.36,205855.7533,0
1683738900000,15.41,15.42,14.66,15.05,505018.05,1683739799999,7555335.3275,13706,235841.29,3527079.1006,0
1683739800000,15.04,15.34,15.01,15.33,93999.99,1683740699999,1425908.9883,3826,50560.39,766579.9874,0
1683740700000,15.34,15.34,15.25,15.31,28954.29,1683741599999,442804.9888,1070,11675.7,178569.1925,0
1683741600000,15.31,15.35,15.27,15.32,20754.48,1683742499999,317694.8593,779,9659.78,147866.1091,0
1683742500000,15.31,15.42,15.31,15.42,29887.64,1683743399999,460130.592,783,12622.2,194346.2909,0
1683743400000,15.42,15.46,15.4,15.44,21841.41,1683744299999,336910.3771,654,8481.21,130848.5698,0
1683744300000,15.43,15.44,15.39,15.4,11420.69,1683745199999,175999.3172,372,4729.27,72890.5367,0
1683745200000,15.4,15.62,15.38,15.46,72284.52,1683746099999,1121534.0535,2007,33963.33,526857.371,0
1683746100000,15.46,15.56,15.46,15.53,34598.34,1683746999999,537235.7973,815,17011.25,264010.851,0
1683747000000,15.53,15.56,15.52,15.54,14195.79,1683747899999,220571.923,355,7652.0,118895.5675,0
1683747900000,15.55,15.64,15.47,15.49,151520.44,1683748799999,2356346.6299,2369,68007.77,1059447.3723,0
1683748800000,15.49,15.58,15.47,15.57,17842.0,1683749699999,277044.3853,440,10198.58,158378.8312,0
1683749700000,15.57,15.68,15.56,15.6,53849.69,1683750599999,840620.2886,1220,30747.17,479967.9641,0
1683750600000,15.61,15.63,15.58,15.63,15294.83,1683751499999,238708.8963,403,7777.67,121374.1341,0
1683751500000,15.62,15.66,15.6,15.62,21181.72,1683752399999,331009.3469,472,8845.64,138229.7374,0
1683752400000,15.62,15.63,15.59,15.62,13912.74,1683753299999,217137.3322,258,3275.21,51113.3602,0
1683753300000,15.62,15.62,15.43,15.52,34084.21,1683754199999,528518.111,1162,14212.5,220317.9473,0
1683754200000,15.52,15.54,15.43,15.46,19030.46,1683755099999,294643.2789,567,8796.95,136161.7101,0
1683755100000,15.47,15.53,15.45,15.5,6790.55,1683755999999,105260.1211,251,3759.94,58291.4613,0
1683756000000,15.51,15.55,15.49,15.53,2183.82,1683756899999,33919.7595,123,1479.36,22977.4877,0
1683756900000,15.54,15.57,15.28,15.46,132461.01,1683757799999,2041208.8647,2200,67483.75,1036776.1783,0
1683757800000,15.47,15.61,15.44,15.55,59225.92,1683758699999,918960.5463,1506,28910.9,448550.4327,0
1683758700000,15.55,15.57,15.53,15.55,11031.15,1683759599999,171611.0544,296,6297.34,97966.6611,0
1683759600000,15.56,15.59,15.52,15.54,12129.06,1683760499999,188710.7099,428,5551.69,86406.4472,0
1683760500000,15.53,15.55,15.52,15.52,6489.84,1683761399999,100830.9027,223,3133.3,48692.5563,0
1683761400000,15.52,15.57,15.51,15.57,5714.25,1683762299999,88815.7199,232,3291.2,51186.5538,0
1683762300000,15.56,15.57,15.5,15.52,5193.64,1683763199999,80741.4453,187,1547.24,24043.0752,0
1683763200000,15.52,15.53,15.46,15.48,8507.94,1683764099999,131752.6775,408,2380.43,36871.1695,0
1683764100000,15.49,15.51,15.42,15.49,18327.87,1683764999999,283588.8855,752,7625.08,117907.6277,0
1683765000000,15.49,15.51,15.38,15.42,16761.42,1683765899999,258588.4566,786,5428.96,83772.2273,0
1683765900000,15.42,15.46,15.38,15.41,8953.74,1683766799999,138065.4384,396,3791.58,58479.7253,0
1683766800000,15.41,15.44,15.4,15.44,7067.87,1683767699999,108987.2108,188,3195.85,49269.2216,0
1683767700000,15.43,15.5,15.43,15.48,5211.59,1683768599999,80685.0948,295,2005.21,31038.2021,0
1683768600000,15.49,15.49,15.41,15.46,7557.45,1683769499999,116765.4016,302,5027.33,77665.0786,0
1683769500000,15.47,15.48,15.42,15.45,6641.95,1683770399999,102547.0611,236,2665.62,41166.3862,0
1683770400000,15.44,15.44,15.4,15.42,6593.93,1683771299999,101675.3366,228,2900.95,44743.5688,0
1683771300000,15.43,15.44,15.4,15.41,7206.12,1683772199999,111082.8132,251,3039.78,46854.2454,0
1683772200000,15.41,15.43,15.38,15.39,6404.96,1683773099999,98610.0364,220,3387.69,52134.1052,0
1683773100000,15.4,15.43,15.39,15.43,5071.35,1683773999999,78127.1762,146,2480.6,38215.3696,0
1683774000000,15.43,15.43,15.31,15.35,44209.2,1683774899999,679051.1827,1246,12761.19,196035.9671,0
1683774900000,15.35,15.37,15.3,15.33,12607.1,1683775799999,193305.1983,474,4335.3,66494.3485,0
1683775800000,15.33,15.38,15.31,15.36,7139.09,1683776699999,109517.6068,298,3976.75,61000.7462,0
1683776700000,15.36,15.38,15.31,15.34,10982.0,1683777599999,168404.8872,392,4863.6,74567.3298,0
1683777600000,15.34,15.37,15.32,15.36,6888.75,1683778499999,105726.033,269,3031.31,46524.2991,0
1683778500000,15.36,15.36,15.32,15.35,5398.04,1683779399999,82807.2645,215,3060.42,46945.3253,0
1683779400000,15.34,15.4,15.34,15.39,2156.11,1683780299999,33151.1483,137,1167.12,17943.2004,0
1683780300000,15.39,15.44,15.39,15.43,9985.63,1683781199999,154036.7893,282,6236.77,96239.5067,0
1683781200000,15.43,15.44,15.38,15.38,4073.1,1683782099999,62775.2575,228,1592.49,24555.2614,0
1683782100000,15.38,15.39,15.33,15.37,4016.19,1683782999999,61677.6422,248,1820.7,27964.7925,0
1683783000000,15.37,15.38,15.3,15.33,5630.69,1683783899999,86288.1783,278,2315.15,35480.3952,0
1683783900000,15.32,15.39,15.32,15.37,3802.3,1683784799999,58443.634,158,1613.02,24788.5532,0
1683784800000,15.38,15.38,15.34,15.34,2073.05,1683785699999,31825.9433,126,582.05,8931.7171,0
1683785700000,15.34,15.35,15.31,15.34,4608.03,1683786599999,70663.1183,157,3269.97,50143.3911,0
1683786600000,15.35,15.35,15.29,15.34,11682.0,1683787499999,179063.7784,343,6971.42,106904.2912,0
1683787500000,15.34,15.36,15.32,15.36,3871.04,1683788399999,59388.8168,146,1361.94,20893.2452,0
1683788400000,15.36,15.4,15.35,15.39,3084.14,1683789299999,47411.3742,189,1847.34,28401.2283,0
1683789300000,15.39,15.42,15.38,15.4,3709.15,1683790199999,57129.2806,138,2163.78,33326.7376,0
1683790200000,15.41,15.42,15.39,15.4,4777.58,1683791099999,73614.486,201,2083.82,32107.2284,0
1683791100000,15.39,15.4,15.32,15.35,8939.33,1683791999999,137225.3694,375,2178.56,33429.2017,0
1683792000000,15.35,15.35,15.13,15.28,42697.33,1683792899999,650892.2103,1531,18205.15,277566.0381,0
1683792900000,15.28,15.33,15.24,15.25,12423.9,1683793799999,189803.3862,543,5591.03,85413.913,0
1683793800000,15.25,15.27,15.18,15.26,16097.2,1683794699999,244981.6649,583,7392.53,112526.4771,0
1683794700000,15.26,15.27,15.22,15.25,6772.59,1683795599999,103224.2211,313,3360.89,51239.3763,0
1683795600000,15.25,15.29,15.24,15.28,7684.01,1683796499999,117311.9556,261,4499.13,68679.8962,0
1683796500000,15.28,15.3,15.25,15.28,3522.71,1683797399999,53816.9588,219,1297.98,19831.5145,0
1683797400000,15.27,15.29,15.25,15.29,3059.37,1683798299999,46703.7521,154,1844.33,28151.9829,0
1683798300000,15.29,15.3,15.27,15.3,6385.72,1683799199999,97612.0734,152,3852.09,58911.4429,0
1683799200000,15.29,15.32,15.28,15.32,5616.04,1683800099999,85913.5401,183,1770.18,27091.9881,0
1683800100000,15.32,15.33,15.31,15.33,1572.02,1683800999999,24081.4075,113,905.74,13876.4941,0
1683801000000,15.32,15.35,15.31,15.34,4374.98,1683801899999,67086.0941,193,1950.72,29921.9778,0
1683801900000,15.34,15.35,15.31,15.32,2594.29,1683802799999,39786.4555,144,1490.04,22853.9591,0
1683802800000,15.32,15.35,15.31,15.34,4461.36,1683803699999,68409.3299,202,2764.59,42397.9601,0
1683803700000,15.34,15.37,15.32,15.35,11339.2,1683804599999,174038.0414,304,5765.44,88501.8121,0
1683804600000,15.35,15.37,15.35,15.35,5062.76,1683805499999,77779.6325,216,2683.22,41234.2263,0
1683805500000,15.35,15.35,15.31,15.32,3139.77,1683806399999,48137.8173,159,1269.92,19471.6753,0
1683806400000,15.32,15.4,15.32,15.38,8238.07,1683807299999,126673.8337,369,4740.79,72898.4673,0
1683807300000,15.37,15.41,15.36,15.4,5553.22,1683808199999,85414.4553,330,3106.86,47790.0488,0
1683808200000,15.4,15.47,15.26,15.3,51214.77,1683809099999,787172.3999,2019,26044.85,400396.4721,0
1683809100000,15.3,15.34,15.25,15.26,17083.47,1683809999999,261146.5228,619,8691.34,132839.5369,0
1683810000000,15.27,15.31,15.17,15.21,27403.32,1683810899999,417547.5692,1074,13625.75,207647.7942,0
1683810900000,15.22,15.25,15.19,15.2,11236.56,1683811799999,171006.289,412,5055.44,76932.7157,0
1683811800000,15.2,15.29,15.14,15.27,31195.05,1683812699999,474868.5152,1148,15856.04,241322.0778,0
1683812700000,15.27,15.27,15.06,15.13,77168.66,1683813599999,1168392.2162,2023,34717.79,525662.0286,0
1683813600000,15.12,15.14,14.94,15.12,63585.12,1683814499999,956884.6387,2162,29406.54,442644.7655,0
1683814500000,15.12,15.15,15.1,15.1,10894.08,1683815399999,164722.6497,408,2783.86,42115.8449,0
1683815400000,15.1,15.1,14.99,15.02,22793.57,1683816299999,342812.5235,708,11009.9,165593.0354,0
1683816300000,15.01,15.03,14.9,15.0,41455.69,1683817199999,620157.5012,1316,19962.81,298560.0726,0
1683817200000,15.0,15.05,14.91,14.92,27471.87,1683818099999,411673.5524,821,11306.03,169460.5655,0
1683818100000,14.92,15.03,14.92,15.02,16202.07,1683818999999,242922.3248,481,8959.13,134344.6296,0
1683819000000,15.02,15.06,15.02,15.06,19888.3,1683819899999,299246.0114,536,13147.81,197848.7571,0
1683819900000,15.06,15.1,15.04,15.1,16293.5,1683820799999,245397.0319,471,7998.86,120509.4967,0
1683820800000,15.1,15.12,15.04,15.07,24233.22,1683821699999,365410.3879,638,10358.14,156101.1972,0
1683821700000,15.07,15.12,15.04,15.05,14799.61,1683822599999,223080.7619,463,6979.97,105193.4469,0
1683822600000,15.05,15.11,15.05,15.09,13656.27,1683823499999,206042.8947,375,6606.13,99646.1416,0
1683823500000,15.1,15.13,15.03,15.05,14958.45,1683824399999,225507.3331,332,4124.56,62137.068,0
1683824400000,15.05,15.06,14.99,15.01,12988.46,1683825299999,195158.781,477,4814.66,72371.8353,0
1683825300000,15.01,15.03,14.76,14.89,88871.68,1683826199999,1322140.5005,2697,42210.93,627789.0032,0
1683826200000,14.88,14.95,14.84,14.84,46160.9,1683827099999,687250.3037,1301,23365.24,347898.6955,0
1683827100000,14.85,14.94,14.85,14.9,20430.76,1683827999999,304365.49,689,9110.47,135711.7291,0
1683828000000,14.9,14.91,14.86,14.9,35986.93,1683828899999,535666.695,907,12652.03,188396.3481,0
1683828900000,14.9,14.91,14.81,14.9,17782.57,1683829799999,264103.711,794,7710.72,114477.9788,0
1683829800000,14.89,14.95,14.87,14.93,17680.21,1683830699999,263683.9473,645,9233.59,137693.8363,0
1683830700000,14.93,14.99,14.92,14.96,12853.86,1683831599999,192258.5093,511,5526.93,82683.4397,0
1683831600000,14.95,14.99,14.92,14.98,12150.54,1683832499999,181593.3254,370,4674.38,69875.2714,0
1683832500000,14.98,14.98,14.89,14.92,13075.99,1683833399999,195260.2917,386,5057.28,75466.0143,0
1683833400000,14.92,14.92,14.84,14.85,9071.92,1683834299999,135024.2047,407,3928.7,58448.3033,0
1683834300000,14.85,14.95,14.82,14.92,13628.43,1683835199999,203085.2849,548,6462.11,96298.6099,0
1683835200000,14.92,14.94,14.89,14.94,5322.14,1683836099999,79356.5236,234,2504.16,37342.6681,0
1683836100000,14.93,14.96,14.91,14.96,10528.48,1683836999999,157177.4253,282,4494.65,67143.5507,0
1683837000000,14.96,14.97,14.94,14.96,6872.25,1683837899999,102795.3898,214,4267.25,63834.4981,0
1683837900000,14.96,15.0,14.95,14.99,14560.79,1683838799999,218043.1458,377,7599.62,113808.014,0
1683838800000,14.99,15.02,14.95,14.98,16425.73,1683839699999,246232.4152,450,5748.5,86146.5156,0
1683839700000,14.98,14.99,14.96,14.97,5480.25,1683840599999,82062.1922,136,2038.82,30530.5859,0
1683840600000,14.98,14.98,14.96,14.98,5293.84,1683841499999,79266.9785,147,2513.93,37654.9866,0
1683841500000,14.98,15.0,14.96,14.98,3931.97,1683842399999,58915.0643,145,2300.59,34485.0647,0
1683842400000,14.98,15.0,14.94,14.96,6171.1,1683843299999,92351.0705,221,3030.31,45340.7147,0
1683843300000,14.97,14.99,14.96,14.97,5358.74,1683844199999,80288.1499,179,1922.33,28803.6713,0
1683844200000,14.98,14.99,14.92,14.94,8289.48,1683845099999,124040.5224,242,3737.13,55950.8218,0
1683845100000,14.95,14.97,14.94,14.95,5106.31,1683845999999,76365.2658,165,2288.81,34231.0623,0
1683846000000,14.95,14.95,14.87,14.89,10712.6,1683846899999,159561.9172,307,2990.58,44555.634,0
1683846900000,14.89,14.95,14.89,14.94,3728.7,1683847799999,55671.7741,165,2640.16,39419.0361,0
1683847800000,14.94,14.99,14.93,14.99,3850.63,1683848699999,57582.531,167,1509.45,22590.3314,0
1683848700000,14.99,15.0,14.95,14.95,5304.68,1683849599999,79463.242,200,1266.87,18980.7671,0
1683849600000,14.96,14.97,14.9,14.92,6232.46,1683850499999,93024.5947,188,4237.63,63252.2049,0
1683850500000,14.93,14.95,14.9,14.93,5790.2,1683851399999,86440.6679,227,2849.34,42539.4,0
1683851400000,14.92,14.98,14.89,14.96,7398.45,1683852299999,110343.1505,277,5072.82,75670.5507,0
1683852300000,14.96,15.0,14.95,14.97,4758.5,1683853199999,71270.6839,171,2247.62,33671.2212,0
1683853200000,14.97,14.98,14.93,14.96,4110.22,1683854099999,61438.3859,159,2174.1,32497.8953,0
1683854100000,14.95,14.98,14.87,14.87,14017.77,1683854999999,209044.702,404,6706.29,100068.0786,0
1683855000000,14.88,14.89,14.83,14.85,12174.57,1683855899999,180814.053,296,2960.96,43996.1717,0
1683855900000,14.85,14.85,14.79,14.81,11995.08,1683856799999,177730.8669,450,5011.14,74267.9299,0
1683856800000,14.81,14.86,14.77,14.86,6098.92,1683857699999,90337.7625,284,1688.96,25006.692,0
1683857700000,14.86,14.86,14.81,14.82,5047.23,1683858599999,74831.9943,227,1770.85,26243.7503,0
1683858600000,14.82,14.83,14.74,14.79,16867.45,1683859499999,249285.1221,642,7497.7,110821.3411,0
1683859500000,14.79,14.81,14.53,14.72,114256.39,1683860399999,1673681.5072,3281,50679.3,742189.6929,0
1683860400000,14.71,14.75,14.69,14.71,20298.76,1683861299999,298799.832,762,9839.77,144843.5999,0
1683861300000,14.71,14.74,14.69,14.74,7617.9,1683862199999,112111.9698,364,3465.17,51009.768,0
1683862200000,14.74,14.76,14.72,14.74,15403.3,1683863099999,227047.2036,455,6242.45,92027.8902,0
1683863100000,14.74,14.74,14.66,14.7,9454.03,1683863999999,139086.0554,394,5349.67,78700.2405,0
1683864000000,14.71,14.78,14.63,14.78,16686.64,1683864899999,245685.8032,624,8708.25,128271.9967,0
1683864900000,14.78,14.81,14.76,14.8,5505.59,1683865799999,81423.3184,228,2322.47,34355.6856,0
1683865800000,14.79,14.83,14.79,14.83,4213.32,1683866699999,62395.6805,180,1395.59,20666.2876,0
1683866700000,14.82,14.86,14.8,14.84,10685.65,1683867599999,158491.914,371,5666.06,84047.4739,0
1683867600000,14.85,14.89,14.84,14.88,12422.28,1683868499999,184727.7235,403,6723.43,99995.0466,0
1683868500000,14.88,14.88,14.83,14.87,5388.46,1683869399999,80049.9718,240,2910.19,43230.9211,0
1683869400000,14.88,14.89,14.83,14.85,7033.26,1683870299999,104425.4235,216,3533.04,52457.62,0
1683870300000,14.84,14.86,14.63,14.75,66866.92,1683871199999,984276.1797,2081,29684.04,436789.028,0
1683871200000,14.74,14.75,14.65,14.67,11439.75,1683872099999,168249.0813,537,5291.29,77813.9807,0
1683872100000,14.68,14.73,14.64,14.67,10433.71,1683872999999,153240.5016,499,4749.74,69780.2294,0
1683873000000,14.67,14.79,14.66,14.79,18820.16,1683873899999,277394.3748,510,11097.06,163579.0186,0
1683873900000,14.79,14.84,14.78,14.83,16973.12,1683874799999,251436.8071,503,7228.47,107067.7632,0
1683874800000,14.83,14.89,14.81,14.82,12079.76,1683875699999,179397.9161,498,6197.93,92027.6113,0
1683875700000,14.82,14.9,14.82,14.89,11037.63,1683876599999,164079.9245,406,3537.13,52599.0867,0
1683876600000,14.89,14.91,14.87,14.9,12098.71,1683877499999,180157.6164,331,6924.98,103132.0295,0
1683877500000,14.91,14.93,14.88,14.9,11872.6,1683878399999,177085.6099,380,5943.79,88668.9272,0
1683878400000,14.9,14.94,14.9,14.94,10785.76,1683879299999,160931.0358,283,5788.04,86364.0889,0
1683879300000,14.93,14.96,14.89,14.89,10669.48,1683880199999,159342.887,328,3393.17,50676.7688,0
1683880200000,14.9,14.94,14.85,14.93,6413.72,1683881099999,95492.5203,294,4213.02,62715.4826,0
1683881100000,14.93,14.95,14.91,14.94,5121.52,1683881999999,76493.6957,217,3091.27,46168.1794,0
1683882000000,14.95,15.0,14.95,14.99,23015.99,1683882899999,344847.1744,659,12952.48,194134.6354,0
1683882900000,14.98,14.99,14.95,14.97,8684.58,1683883799999,129979.7601,386,4965.4,74326.4312,0
1683883800000,14.97,14.99,14.95,14.99,11368.96,1683884699999,170230.5635,375,6609.86,98979.155,0
1683884700000,14.98,15.0,14.96,14.98,13696.73,1683885599999,205239.5579,537,6505.01,97495.8996,0
1683885600000,14.97,15.0,14.97,15.0,8279.08,1683886499999,124065.7583,278,3798.18,56921.6505,0
1683886500000,14.99,15.0,14.94,14.96,5922.03,1683887399999,88699.8534,287,2031.27,30438.2732,0
1683887400000,14.96,14.99,14.96,14.98,4045.53,1683888299999,60570.0986,198,1922.78,28787.5576,0
1683888300000,14.98,14.99,14.96,14.97,8098.11,1683889199999,121308.8759,294,3409.2,51080.9878,0
1683889200000,14.96,14.99,14.96,14.98,8145.6,1683890099999,121996.7659,242,2938.76,44019.3997,0
1683890100000,14.97,14.99,14.95,14.96,4588.69,1683890999999,68674.7896,220,1535.26,22976.9699,0
1683891000000,14.96,14.97,14.93,14.95,5665.39,1683891899999,84676.4961,188,1494.15,22348.4803,0
1683891900000,14.95,14.98,14.94,14.96,5285.87,1683892799999,79080.8729,171,3525.42,52750.9893,0
1683892800000,14.95,15.0,14.95,14.98,18893.46,1683893699999,283111.0213,360,14930.91,223773.998,0
1683893700000,14.99,15.0,14.95,14.98,8191.04,1683894599999,122708.2052,281,4339.56,65027.6704,0
1683894600000,14.98,15.05,14.97,15.02,63320.43,1683895499999,950180.0723,1205,51397.03,771138.6871,0
1683895500000,15.02,15.05,14.99,15.01,16045.58,1683896399999,241030.2268,489,6187.44,92948.1723,0
1683896400000,15.02,15.04,14.98,14.98,8404.68,1683897299999,126176.8745,337,2420.28,36345.2366,0
1683897300000,14.98,15.04,14.97,15.02,7473.07,1683898199999,112024.2408,331,3824.56,57320.628,0
1683898200000,15.01,15.05,14.98,15.0,18819.13,1683899099999,282428.0768,639,8418.57,126302.3944,0
1683899100000,15.01,15.01,14.94,14.97,17147.1,1683899999999,256989.2402,568,8044.44,120565.9311,0
1683900000000,14.97,15.06,14.93,15.03,27632.9,1683900899999,414193.5587,976,12616.63,189158.0665,0
1683900900000,15.03,15.05,14.96,14.96,12178.4,1683901799999,182529.0982,509,6729.96,100843.4207,0
1683901800000,14.97,14.97,14.9,14.92,16722.36,1683902699999,249786.5541,565,7168.81,107115.0805,0
1683902700000,14.92,14.92,14.83,14.85,18680.7,1683903599999,277673.5833,602,9197.59,136714.7928,0
1683903600000,14.85,14.88,14.8,14.81,16263.77,1683904499999,241455.3004,507,6244.9,92746.2434,0
1683904500000,14.82,14.85,14.79,14.79,13516.47,1683905399999,200173.1605,439,7459.64,110500.7375,0
1683905400000,14.79,14.83,14.79,14.81,11369.66,1683906299999,168444.6236,327,5290.53,78371.7716,0
1683906300000,14.81,14.83,14.81,14.82,7175.92,1683907199999,106373.5993,189,4202.12,62302.9402,0
1683907200000,14.82,14.84,14.77,14.83,14209.22,1683908099999,210310.0275,459,7358.73,108919.9726,0
1683908100000,14.83,14.91,14.82,14.87,10865.06,1683908999999,161639.964,370,6109.28,90866.5835,0
1683909000000,14.86,14.9,14.83,14.85,6861.14,1683909899999,101979.5936,241,3782.68,56217.1986,0
1683909900000,14.85,14.87,14.83,14.86,4588.84,1683910799999,68139.698,240,1677.71,24923.2775,0
1683910800000,14.86,14.9,14.85,14.89,10934.98,1683911699999,162644.3544,330,4977.12,74050.4744,0
1683911700000,14.89,14.89,14.86,14.87,5709.62,1683912599999,84911.9693,193,3864.4,57470.2587,0
1683912600000,14.87,14.91,14.84,14.87,13115.22,1683913499999,195151.2358,337,7098.06,105622.3817,0
1683913500000,14.86,14.89,14.85,14.86,7156.77,1683914399999,106416.1368,243,2934.01,43623.6618,0
1683914400000,14.86,14.9,14.86,14.88,20768.7,1683915299999,309082.6969,413,7406.26,110239.4652,0
1683915300000,14.89,14.89,14.85,14.85,8906.49,1683916199999,132467.205,241,4018.01,59767.9976,0
1683916200000,14.85,14.9,14.85,14.89,10395.08,1683917099999,154607.5243,260,5991.52,89111.9743,0
1683917100000,14.88,14.89,14.85,14.87,8879.0,1683917999999,132022.9792,214,3599.18,53519.0038,0
1683918000000,14.87,14.89,14.81,14.86,13749.75,1683918899999,204050.4353,368,4817.27,71467.8147,0
1683918900000,14.85,14.86,14.52,14.73,118471.88,1683919799999,1737910.3607,3736,67035.68,983122.2354,0
1683919800000,14.74,14.8,14.66,14.78,32998.69,1683920699999,486133.0532,1452,15530.66,228789.7996,0
1683920700000,14.79,14.97,14.73,14.94,66410.04,1683921599999,988447.0901,2316,36629.82,545210.2063,0
1683921600000,14.94,15.0,14.88,14.95,42734.39,1683922499999,638497.9972,1377,21188.48,316596.894,0
1683922500000,14.95,15.0,14.94,14.96,13591.55,1683923399999,203556.6876,491,7985.86,119616.3179,0
1683923400000,14.97,15.0,14.92,14.93,8509.69,1683924299999,127308.7801,304,4853.82,72620.4285,0
1683924300000,14.93,15.0,14.92,14.99,12652.97,1683925199999,189453.0151,347,6653.94,99609.8557,0
1683925200000,15.0,15.17,15.0,15.09,56108.85,1683926099999,847206.7873,1781,30599.28,462214.0053,0
1683926100000,15.1,15.17,15.09,15.16,23728.34,1683926999999,359159.1461,649,12792.19,193661.5264,0
1683927000000,15.17,15.17,15.13,15.14,11121.33,1683927899999,168412.4069,375,5307.57,80384.2787,0
1683927900000,15.15,15.16,15.11,15.14,10117.24,1683928799999,153162.8874,323,2746.88,41585.2722,0
1683928800000,15.13,15.22,15.13,15.19,20600.2,1683929699999,312831.3628,634,11918.65,181001.4631,0
1683929700000,15.19,15.21,15.16,15.17,10299.38,1683930599999,156458.1801,285,3942.32,59911.9831,0
1683930600000,15.17,15.19,15.15,15.15,6863.46,1683931499999,104147.4294,184,3200.62,48564.3111,0
1683931500000,15.16,15.16,15.11,15.14,8139.61,1683932399999,123198.4461,307,4957.7,75046.2512,0
1683932400000,15.14,15.16,15.13,15.14,4567.0,1683933299999,69184.5575,136,2376.17,36003.9697,0
1683933300000,15.15,15.16,15.15,15.16,3674.9,1683934199999,55687.8827,127,2752.84,41718.6737,0
1683934200000,15.16,15.2,15.15,15.18,9633.1,1683935099999,146182.1116,248,5065.21,76871.2024,0
1683935100000,15.18,15.2,15.17,15.19,7029.85,1683935999999,106761.9649,226,3978.64,60426.3539,0
1683936000000,15.19,15.21,15.13,15.15,9191.42,1683936899999,139510.8992,282,3589.41,54525.8298,0
1683936900000,15.14,15.15,15.12,15.15,2515.58,1683937799999,38089.1336,115,1002.91,15189.9642,0
1683937800000,15.15,15.15,15.1,15.1,7349.92,1683938699999,111147.0941,201,2305.45,34868.3075,0
1683938700000,15.1,15.18,15.1,15.16,3396.15,1683939599999,51437.607,139,1871.85,28349.3091,0
1683939600000,15.17,15.2,15.12,15.14,9870.95,1683940499999,149585.4678,295,5946.56,90085.017,0
1683940500000,15.14,15.21,15.13,15.18,10016.36,1683941399999,152091.6808,297,6251.74,94919.0901,0
1683941400000,15.18,15.2,15.15,15.15,7636.38,1683942299999,115873.3223,213,2496.0,37882.1159,0
1683942300000,15.16,15.16,15.11,15.12,2782.37,1683943199999,42090.7557,145,1498.18,22664.2153,0
1683943200000,15.13,15.14,15.12,15.12,1978.91,1683944099999,29940.0521,91,956.32,14473.0351,0
1683944100000,15.12,15.13,15.12,15.12,2012.26,1683944999999,30434.6986,77,754.17,11406.8446,0
1683945000000,15.12,15.13,15.11,15.11,4063.42,1683945899999,61418.248,97,1372.93,20747.4658,0
1683945900000,15.11,15.11,15.08,15.09,2443.79,1683946799999,36903.0426,112,609.02,9199.4439,0
1683946800000,15.08,15.14,15.08,15.13,11896.93,1683947699999,179793.6917,176,7896.06,119296.1594,0
1683947700000,15.13,15.13,15.1,15.12,2932.75,1683948599999,44333.3251,92,2115.96,31987.1164,0
1683948600000,15.12,15.13,15.11,15.12,2880.42,1683949499999,43559.4417,73,611.92,9252.6773,0
1683949500000,15.13,15.14,15.1,15.1,1703.78,1683950399999,25759.9182,90,251.64,3805.2614,0
1683950400000,15.11,15.13,15.1,15.12,4632.62,1683951299999,70063.3563,140,2364.64,35759.6211,0
1683951300000,15.12,15.13,15.1,15.11,1837.92,1683952199999,27780.6277,79,899.2,13592.8523,0
1683952200000,15.11,15.12,15.09,15.1,3022.06,1683953099999,45637.2739,72,836.1,12627.4793,0
1683953100000,15.1,15.11,15.06,15.07,6200.78,1683953999999,93507.8213,179,1563.45,23568.3359,0
1683954000000,15.08,15.11,15.07,15.11,3899.86,1683954899999,58803.325,113,1505.23,22705.4651,0
1683954900000,15.1,15.14,15.1,15.11,6457.97,1683955799999,97660.3068,265,2600.26,39329.3668,0
1683955800000,15.11,15.11,15.05,15.05,9372.36,1683956699999,141283.596,254,2389.69,36035.7191,0
1683956700000,15.06,15.07,15.05,15.07,3817.69,1683957599999,57481.5021,128,2717.29,40909.644,0
1683957600000,15.06,15.1,15.05,15.09,1271.97,1683958499999,19170.3513,116,979.77,14765.8304,0
1683958500000,15.09,15.09,15.06,15.08,2790.28,1683959399999,42060.6852,118,1107.65,16700.9174,0
1683959400000,15.07,15.09,15.06,15.06,2240.16,1683960299999,33766.3284,110,1396.88,21056.7682,0
1683960300000,15.05,15.08,15.05,15.06,2523.3,1683961199999,38022.2338,115,1284.09,19351.0933,0
1683961200000,15.07,15.1,15.05,15.08,6279.71,1683962099999,94639.5938,265,3183.33,47974.4175,0
1683962100000,15.08,15.11,15.07,15.09,5403.72,1683962999999,81558.0005,214,3693.39,55740.8896,0
1683963000000,15.1,15.13,15.09,15.11,4290.64,1683963899999,64836.3842,142,2225.38,33642.6098,0
1683963900000,15.11,15.13,15.11,15.13,7843.78,1683964799999,118610.5889,184,4382.01,66276.2926,0
1683964800000,15.12,15.15,15.12,15.15,5455.62,1683965699999,82570.1542,185,1691.85,25606.4783,0
1683965700000,15.15,15.15,15.1,15.1,4381.07,1683966599999,66197.7185,171,670.24,10133.7843,0
1683966600000,15.11,15.13,15.09,15.12,7095.93,1683967499999,107236.3979,305,3427.99,51824.2292,0
1683967500000,15.12,15.14,15.11,15.13,5927.77,1683968399999,89674.9982,229,2073.22,31369.5827,0
1683968400000,15.12,15.15,15.12,15.14,5807.89,1683969299999,87882.1048,260,2656.83,40212.7047,0
1683969300000,15.13,15.16,15.13,15.15,5661.15,1683970199999,85733.968,297,2725.86,41286.6428,0
1683970200000,15.14,15.18,15.14,15.15,7650.77,1683971099999,115955.9563,272,2778.69,42120.6434,0
1683971100000,15.16,15.17,15.15,15.16,3892.17,1683971999999,59001.6779,187,1658.57,25145.5906,0
1683972000000,15.15,15.19,15.1,15.13,6637.83,1683972899999,100480.8597,316,2723.79,41223.5763,0
1683972900000,15.12,15.12,15.08,15.09,5594.82,1683973799999,84470.8877,263,3446.56,52039.5534,0
1683973800000,15.09,15.1,15.07,15.09,1891.34,1683974699999,28532.3456,140,1032.8,15584.053,0
1683974700000,15.09,15.12,15.07,15.12,9741.41,1683975599999,147063.3968,261,5696.05,86000.8127,0
1683975600000,15.12,15.12,15.08,15.09,10528.71,1683976499999,158945.5223,286,4302.52,64959.5888,0
1683976500000,15.09,15.11,15.07,15.07,3895.07,1683977399999,58767.4159,165,1075.04,16224.0165,0
1683977400000,15.08,15.09,15.06,15.08,4299.63,1683978299999,64823.1434,200,2438.76,36768.2411,0
1683978300000,15.08,15.11,15.07,15.1,4302.56,1683979199999,64919.5537,188,2786.43,42048.4927,0
1683979200000,15.1,15.12,15.06,15.07,4168.6,1683980099999,62870.9937,197,1183.52,17842.5229,0
1683980100000,15.07,15.11,15.07,15.08,8165.67,1683980999999,123234.6885,250,4438.3,66990.7161,0
1683981000000,15.08,15.13,15.06,15.08,6096.57,1683981899999,92017.6457,316,4149.72,62632.3449,0
1683981900000,15.07,15.1,15.02,15.06,9632.72,1683982799999,145059.555,459,4848.55,73039.4564,0
1683982800000,15.06,15.09,15.05,15.08,6408.64,1683983699999,96540.8778,207,2147.36,32354.4541,0
1683983700000,15.08,15.09,15.03,15.03,6949.3,1683984599999,104631.9813,244,3679.83,55414.5515,0
1683984600000,15.04,15.05,15.0,15.0,10662.48,1683985499999,160174.0715,395,2590.79,38935.5069,0
1683985500000,15.01,15.03,14.97,15.03,6947.04,1683986399999,104199.7113,257,3726.68,55894.6567,0
1683986400000,15.03,15.04,14.99,15.01,6788.55,1683987299999,101920.3639,227,2765.45,41511.9743,0
1683987300000,15.0,15.0,14.91,14.94,23095.23,1683988199999,345201.2276,664,8027.84,119960.8526,0
1683988200000,14.94,15.0,14.94,14.96,11084.66,1683989099999,165889.54,480,4833.56,72355.8344,0
1683989100000,14.95,14.98,14.93,14.96,6737.59,1683989999999,100735.2341,283,3680.55,55033.0332,0
1683990000000,14.95,14.97,14.93,14.95,6871.3,1683990899999,102721.4038,280,2229.95,33333.0439,0
1683990900000,14.96,14.98,14.93,14.96,4442.92,1683991799999,66437.5926,197,1519.23,22725.9252,0
1683991800000,14.96,14.98,14.94,14.96,5131.42,1683992699999,76749.8022,170,2418.64,36179.8314,0
1683992700000,14.96,14.96,14.94,14.95,4579.47,1683993599999,68481.4914,148,3345.71,50036.369,0
1683993600000,14.95,14.97,14.94,14.97,7421.34,1683994499999,111007.7224,200,3789.55,56690.1323,0
1683994500000,14.96,14.98,14.95,14.97,5662.41,1683995399999,84714.2658,172,1805.17,27013.4152,0
1683995400000,14.97,15.0,14.94,14.97,4869.61,1683996299999,72904.1965,174,2329.89,34890.4885,0
1683996300000,14.98,14.99,14.96,14.97,2861.23,1683997199999,42836.8651,163,1123.68,16824.4278,0
1683997200000,14.97,14.98,14.94,14.97,9268.1,1683998099999,138648.6863,243,5328.84,79737.1677,0
1683998100000,14.97,14.99,14.96,14.96,5911.15,1683998999999,88506.1106,194,2059.17,30834.5416,0
1683999000000,14.97,14.97,14.93,14.95,5420.71,1683999899999,81022.7454,238,2272.41,33965.8757,0
1683999900000,14.95,14.95,14.92,14.94,3961.5,1684000799999,59172.1635,183,1944.17,29041.1845,0
1684000800000,14.94,14.95,14.91,14.94,10518.38,1684001699999,156989.3181,285,4186.07,62501.7064,0
1684001700000,14.93,14.94,14.92,14.93,3909.73,1684002599999,58375.3145,176,1280.14,19117.8168,0
1684002600000,14.93,14.97,14.93,14.96,7822.52,1684003499999,116964.8711,252,3757.2,56168.8829,0
1684003500000,14.95,15.03,14.9,14.94,31258.51,1684004399999,468516.1212,906,19260.65,288667.1319,0
1684004400000,14.93,14.98,14.92,14.97,13835.39,1684005299999,206717.3192,412,7328.81,109522.081,0
1684005300000,14.97,15.02,14.96,14.99,7805.79,1684006199999,117058.5572,290,4769.81,71526.0501,0
1684006200000,14.98,14.98,14.93,14.95,6599.08,1684007099999,98663.9015,238,4031.98,60271.7779,0
1684007100000,14.94,14.96,14.91,14.95,3444.79,1684007999999,51481.8782,149,1248.15,18651.0893,0
1684008000000,14.96,14.99,14.94,14.94,3891.18,1684008899999,58216.7151,158,2008.16,30050.6941,0
1684008900000,14.94,14.96,14.93,14.95,4178.8,1684009799999,62442.2261,145,2466.76,36857.749,0
1684009800000,14.95,14.97,14.94,14.95,3388.99,1684010699999,50682.2906,137,1843.95,27582.33,0
1684010700000,14.94,14.98,14.93,14.97,3484.52,1684011599999,52082.1641,117,2862.81,42789.5851,0
1684011600000,14.97,14.99,14.93,14.94,8400.58,1684012499999,125683.4518,323,4063.14,60801.4998,0
1684012500000,14.93,14.96,14.91,14.94,6026.02,1684013399999,89993.5958,193,3381.14,50474.4073,0
1684013400000,14.94,14.96,14.94,14.95,5205.76,1684014299999,77835.0032,157,3256.73,48700.9888,0
1684014300000,14.95,14.96,14.93,14.93,3649.57,1684015199999,54545.1239,187,1300.58,19441.9061,0
1684015200000,14.94,14.96,14.91,14.93,5667.06,1684016099999,84620.1433,200,3267.4,48791.6091,0
1684016100000,14.93,14.95,14.92,14.92,2457.1,1684016999999,36698.2683,99,1030.33,15388.3517,0
1684017000000,14.92,14.94,14.91,14.93,4230.94,1684017899999,63165.3094,175,2513.65,37529.5623,0
1684017900000,14.93,14.97,14.93,14.96,4835.37,1684018799999,72325.3987,181,3361.45,50283.1668,0
1684018800000,14.96,14.98,14.95,14.96,8571.77,1684019699999,128314.8492,311,4877.1,73021.5788,0
1684019700000,14.97,14.97,14.94,14.96,5159.69,1684020599999,77175.8348,180,2743.63,41045.4309,0
1684020600000,14.96,14.98,14.92,14.92,6011.97,1684021499999,89887.0467,205,2389.58,35737.9839,0
1684021500000,14.92,14.93,14.9,14.91,8126.85,1684022399999,121212.4896,242,2513.63,37489.4334,0
1684022400000,14.91,14.94,14.89,14.92,8235.68,1684023299999,122813.7886,322,4442.88,66266.7282,0
1684023300000,14.91,14.94,14.9,14.94,5965.06,1684024199999,88957.4204,196,2870.85,42816.1731,0
1684024200000,14.94,14.96,14.81,14.88,27561.49,1684025099999,409342.0365,934,11372.73,168858.1636,0
1684025100000,14.87,14.92,14.84,14.91,6265.54,1684025999999,93204.8252,312,3254.53,48402.3011,0
1684026000000,14.91,14.91,14.83,14.83,8393.19,1684026899999,124779.8318,304,3504.46,52098.2427,0
1684026900000,14.84,14.87,14.79,14.87,10992.23,1684027799999,162917.5,396,4822.91,71512.8457,0
1684027800000,14.87,14.88,14.84,14.84,3308.63,1684028699999,49187.1436,148,1102.95,16399.8401,0
1684028700000,14.85,14.85,14.83,14.84,5173.68,1684029599999,76783.8794,104,3759.0,55791.4194,0
1684029600000,14.84,14.85,14.83,14.85,1862.05,1684030499999,27632.3007,88,581.81,8636.5305,0
1684030500000,14.85,14.88,14.84,14.88,2809.74,1684031399999,41778.5132,90,1778.35,26445.9063,0
1684031400000,14.88,14.89,14.85,14.85,3928.4,1684032299999,58403.2998,117,811.7,12070.1642,0
1684032300000,14.86,14.89,14.85,14.89,2884.1,1684033199999,42903.1509,87,1575.19,23427.1511,0
1684033200000,14.89,14.9,14.88,14.89,1883.78,1684034099999,28048.4236,63,704.99,10498.7229,0
1684034100000,14.89,14.92,14.88,14.92,2859.99,1684034999999,42606.9671,144,1926.85,28709.6039,0
1684035000000,14.92,14.96,14.91,14.95,10267.48,1684035899999,153378.1275,352,6744.18,100754.0707,0
1684035900000,14.95,14.96,14.93,14.94,3868.88,1684036799999,57829.1465,130,1453.44,21724.7624,0
1684036800000,14.94,14.94,14.92,14.92,2736.87,1684037699999,40858.7799,143,916.35,13681.6663,0
1684037700000,14.93,14.93,14.91,14.92,3288.17,1684038599999,49065.4718,106,1873.65,27964.0417,0
1684038600000,14.93,14.97,14.91,14.95,4091.11,1684039499999,61168.8667,195,1996.95,29855.7656,0
1684039500000,14.95,14.97,14.93,14.96,4960.67,1684040399999,74202.8821,166,2905.33,43464.0035,0
1684040400000,14.96,14.98,14.96,14.96,3084.27,1684041299999,46166.6688,105,1711.92,25626.8474,0
1684041300000,14.96,14.98,14.94,14.95,3455.07,1684042199999,51706.5,111,1824.96,27317.6304,0
1684042200000,14.95,14.97,14.94,14.96,2141.35,1684043099999,32023.6256,100,1083.13,16197.9791,0
1684043100000,14.96,14.98,14.95,14.97,2201.54,1684043999999,32942.1622,115,958.09,14337.9182,0
1684044000000,14.97,14.99,14.95,14.97,9253.32,1684044899999,138577.3854,279,3421.2,51254.3185,0
1684044900000,14.97,15.0,14.97,14.98,6055.69,1684045799999,90745.632,330,3256.24,48792.0865,0
1684045800000,14.98,15.0,14.97,14.99,4694.63,1684046699999,70338.5365,160,2673.44,40060.7889,0
1684046700000,14.98,14.99,14.96,14.96,3400.28,1684047599999,50935.6202,115,1491.06,22339.3202,0
1684047600000,14.96,14.99,14.95,14.96,15412.68,1684048499999,230653.558,364,4788.06,71662.1382,0
1684048500000,14.96,14.96,14.93,14.95,3911.93,1684049399999,58477.3568,141,2485.26,37148.7871,0
1684049400000,14.95,14.97,14.94,14.97,1822.11,1684050299999,27263.8524,89,1568.45,23470.4835,0
1684050300000,14.97,14.98,14.96,14.97,3162.21,1684051199999,47331.2901,129,1566.26,23446.9202,0
1684051200000,14.97,14.97,14.93,14.95,3484.9,1684052099999,52094.7385,134,1708.9,25547.5501,0
1684052100000,14.94,14.98,14.94,14.98,3960.79,1684052999999,59280.1441,142,2473.04,37015.7984,0
1684053000000,14.97,14.99,14.96,14.97,6480.53,1684053899999,97051.7067,154,2049.5,30694.3815,0
1684053900000,14.96,14.98,14.95,14.98,7548.98,1684054799999,112989.54,134,5649.03,84566.6249,0
1684054800000,14.98,15.0,14.97,14.97,3486.09,1684055699999,52235.652,121,1777.33,26634.439,0
1684055700000,14.98,14.99,14.94,14.96,3969.11,1684056599999,59372.8729,160,460.45,6889.3357,0
1684056600000,14.96,15.01,14.94,14.99,6634.77,1684057499999,99403.8411,224,4594.8,68864.5025,0
1684057500000,15.0,15.01,14.98,15.0,15329.31,1684058399999,229918.3171,303,7954.82,119306.8584,0
1684058400000,14.99,15.0,14.96,14.97,3060.21,1684059299999,45831.1615,151,675.05,10111.6545,0
1684059300000,14.97,14.97,14.96,14.96,1410.6,1684060199999,21108.0863,64,614.63,9200.3751,0
1684060200000,14.97,14.97,14.95,14.96,2827.46,1684061099999,42317.1651,85,2000.38,29945.2261,0
1684061100000,14.95,14.98,14.94,14.97,6090.44,1684061999999,91152.2874,205,2861.03,42826.7457,0
1684062000000,14.98,14.99,14.97,14.97,2274.64,1684062899999,34067.3537,102,1371.42,20544.3183,0
1684062900000,14.98,14.99,14.96,14.99,1093.91,1684063799999,16383.6488,83,458.92,6875.8114,0
1684063800000,14.99,15.0,14.97,14.97,2047.56,1684064699999,30685.2494,96,1203.39,18038.4384,0
1684064700000,14.97,14.98,14.95,14.98,3447.98,1684065599999,51608.9101,126,1943.88,29100.7206,0
1684065600000,14.98,14.98,14.95,14.98,2811.42,1684066499999,42068.8275,119,1817.22,27191.7748,0
1684066500000,14.97,14.97,14.93,14.94,3206.41,1684067399999,47962.9181,155,734.71,10992.2828,0
1684067400000,14.94,14.98,14.94,14.98,5387.13,1684068299999,80555.8444,171,3431.88,51318.8311,0
1684068300000,14.98,15.03,14.98,15.03,7708.33,1684069199999,115675.6766,230,2492.64,37411.8227,0
1684069200000,15.03,15.04,14.99,15.0,7017.33,1684070099999,105350.9278,315,4176.7,62694.3165,0
1684070100000,15.0,15.02,14.97,15.0,5609.66,1684070999999,84094.2682,229,2470.11,37050.1138,0
1684071000000,15.0,15.02,14.98,15.01,4281.16,1684071899999,64218.0954,142,3324.75,49877.9686,0
1684071900000,15.01,15.06,15.0,15.05,15151.44,1684072799999,227738.4413,476,7648.29,114991.1851,0
1684072800000,15.05,15.06,15.0,15.02,5971.55,1684073699999,89765.1274,296,3184.63,47889.8766,0
1684073700000,15.02,15.03,14.99,15.01,4961.46,1684074599999,74448.4278,195,2112.95,31708.1664,0
1684074600000,15.01,15.04,14.99,15.03,6451.86,1684075499999,96852.5145,232,3275.88,49186.9547,0
1684075500000,15.03,15.05,15.01,15.04,5936.2,1684076399999,89243.6833,217,2927.63,44018.2618,0
1684076400000,15.04,15.13,15.03,15.09,23407.35,1684077299999,353372.6968,979,10496.22,158503.3001,0
1684077300000,15.1,15.13,15.08,15.1,13424.53,1684078199999,202831.7616,453,7214.92,109006.0473,0
1684078200000,15.11,15.12,15.08,15.11,9782.5,1684079099999,147787.9036,246,7746.01,117027.2302,0
1684079100000,15.11,15.14,15.11,15.12,13037.23,1684079999999,197260.7603,389,6390.49,96690.9187,0
1684080000000,15.11,15.14,15.08,15.09,14329.17,1684080899999,216652.3377,476,6303.19,95379.3945,0
1684080900000,15.09,15.09,15.05,15.07,10351.99,1684081799999,156004.1031,395,4287.84,64637.3739,0
1684081800000,15.07,15.09,15.04,15.05,4500.54,1684082699999,67804.4657,193,2443.17,36812.9079,0
1684082700000,15.06,15.08,15.02,15.02,10799.32,1684083599999,162454.2207,341,4386.86,66037.818,0
1684083600000,15.02,15.03,14.99,14.99,8969.18,1684084499999,134601.0644,396,4999.25,75038.2332,0
1684084500000,15.0,15.03,15.0,15.03,4247.24,1684085399999,63773.9678,148,1975.5,29664.765,0
1684085400000,15.02,15.03,15.0,15.01,3062.5,1684086299999,45981.5678,132,1851.48,27800.1936,0
1684086300000,15.01,15.01,14.98,14.99,7886.69,1684087199999,118255.7995,226,3645.05,54646.7153,0
1684087200000,14.99,14.99,14.97,14.99,4724.23,1684088099999,70793.842,115,2345.43,35157.9663,0
1684088100000,14.99,14.99,14.88,14.96,17754.0,1684088999999,265031.7811,611,6546.76,97694.7892,0
1684089000000,14.96,14.97,14.94,14.97,4264.33,1684089899999,63788.7176,127,3105.05,46449.522,0
1684089900000,14.96,14.97,14.93,14.94,14820.82,1684090799999,221577.8731,251,6545.54,97865.1209,0
1684090800000,14.94,14.95,14.91,14.93,12492.58,1684091699999,186552.6405,375,6757.17,100911.7993,0
1684091700000,14.93,14.94,14.89,14.92,6449.58,1684092599999,96152.6846,247,3238.47,48276.6379,0
1684092600000,14.91,14.92,14.87,14.92,5871.96,1684093499999,87430.5241,281,2595.78,38647.1043,0
1684093500000,14.92,14.93,14.9,14.92,4002.34,1684094399999,59690.6636,157,2600.8,38793.2707,0
1684094400000,14.91,14.92,14.87,14.92,9878.97,1684095299999,147140.6892,368,6106.5,90966.4919,0
1684095300000,14.91,14.93,14.89,14.92,7914.16,1684096199999,118008.8811,200,4804.65,71653.9435,0
1684096200000,14.92,14.95,14.91,14.94,7198.34,1684097099999,107498.1464,186,3702.46,55297.5589,0
1684097100000,14.93,14.96,14.93,14.95,10875.66,1684097999999,162551.7296,250,7936.91,118634.3723,0
1684098000000,14.94,14.96,14.92,14.96,13652.13,1684098899999,204039.392,299,7043.27,105282.5591,0
1684098900000,14.95,14.97,14.94,14.96,7598.79,1684099799999,113676.1922,168,5800.51,86788.0455,0
1684099800000,14.97,14.98,14.96,14.97,12163.53,1684100699999,182103.2379,239,6947.64,104032.7446,0
1684100700000,14.98,14.99,14.97,14.98,4563.57,1684101599999,68380.2656,157,2730.75,40922.8427,0
1684101600000,14.98,15.02,14.94,15.0,11066.97,1684102499999,165910.7739,365,5955.93,89313.5693,0
1684102500000,15.01,15.03,15.0,15.02,4980.51,1684103399999,74772.1063,148,3647.8,54765.9693,0
1684103400000,15.02,15.04,15.01,15.02,10990.06,1684104299999,165123.2387,206,6174.55,92762.328,0
1684104300000,15.03,15.05,15.02,15.03,10902.0,1684105199999,163942.8295,211,5493.25,82607.0385,0
1684105200000,15.03,15.04,14.97,14.99,6265.94,1684106099999,94058.8268,231,2755.64,41373.3965,0
1684106100000,14.99,15.02,14.99,15.01,3180.88,1684106999999,47718.3775,105,2305.39,34576.0868,0
1684107000000,15.0,15.05,15.0,15.02,3188.27,1684107899999,47915.9644,135,1621.26,24364.9307,0
1684107900000,15.03,15.03,15.0,15.03,5346.16,1684108799999,80283.304,156,1777.85,26699.6388,0
1684108800000,15.02,15.03,14.98,15.01,9641.8,1684109699999,144571.5752,226,2617.39,39257.433,0
1684109700000,15.0,15.0,14.9,14.94,45361.52,1684110599999,677455.9274,1094,22402.69,334630.0976,0
1684110600000,14.93,14.97,14.85,14.88,41577.44,1684111499999,619889.9637,1195,21920.68,326751.0126,0
1684111500000,14.87,14.9,14.8,14.87,28473.49,1684112399999,422952.4958,1077,14862.56,220717.5397,0
1684112400000,14.87,14.89,14.82,14.89,5892.3,1684113299999,87593.6146,274,3468.49,51564.9044,0
1684113300000,14.89,15.04,14.88,15.03,43169.06,1684114199999,646363.3762,1172,19461.54,291346.4102,0
1684114200000,15.03,15.1,15.0,15.09,24590.5,1684115099999,370371.9517,938,11583.41,174476.7444,0
1684115100000,15.08,15.2,15.05,15.14,43857.38,1684115999999,663907.7172,1452,23792.35,360164.6852,0
1684116000000,15.14,15.19,15.13,15.15,25948.65,1684116899999,393394.3063,717,14036.49,212801.6891,0
1684116900000,15.15,15.16,15.1,15.12,5587.44,1684117799999,84517.4298,207,2105.93,31857.6589,0
1684117800000,15.12,15.14,15.11,15.14,5478.04,1684118699999,82863.5261,128,2011.73,30429.6377,0
1684118700000,15.13,15.16,15.09,15.09,10816.13,1684119599999,163572.8845,232,4008.53,60643.3572,0
1684119600000,15.08,15.12,15.08,15.12,9755.78,1684120499999,147378.7905,183,4086.57,61732.5856,0
1684120500000,15.12,15.12,15.1,15.12,5741.44,1684121399999,86762.2464,124,1883.3,28460.5414,0
1684121400000,15.12,15.17,15.1,15.11,16961.07,1684122299999,256677.3336,332,7857.47,118931.8721,0
1684122300000,15.11,15.14,15.11,15.12,7068.18,1684123199999,106926.0989,162,3554.35,53760.3477,0
1684123200000,15.13,15.16,15.09,15.09,7466.84,1684124099999,112867.3542,205,2352.25,35575.4899,0
1684124100000,15.1,15.14,15.1,15.14,3957.92,1684124999999,59838.946,133,2793.4,42230.557,0
1684125000000,15.14,15.15,15.12,15.14,5108.64,1684125899999,77333.6578,128,2298.9,34799.7437,0
1684125900000,15.14,15.15,15.13,15.15,5333.35,1684126799999,80773.7999,167,2862.11,43349.1901,0
1684126800000,15.15,15.18,15.09,15.13,37867.61,1684127699999,573117.9482,980,18050.73,273166.5266,0
1684127700000,15.13,15.16,15.13,15.15,10391.96,1684128599999,157383.7301,196,2540.78,38480.8247,0
1684128600000,15.15,15.16,15.14,15.16,8415.22,1684129499999,127480.9951,192,4309.56,65292.3498,0
1684129500000,15.16,15.16,15.14,15.16,7453.0,1684130399999,112916.4364,180,3512.95,53225.3844,0
1684130400000,15.16,15.17,15.15,15.15,8104.48,1684131299999,122867.0727,206,3017.87,45755.9723,0
1684131300000,15.15,15.23,15.12,15.2,40550.35,1684132199999,615767.2352,949,22826.39,346672.6663,0
1684132200000,15.21,15.25,15.19,15.24,16248.26,1684133099999,247408.1708,441,8460.9,128832.5576,0
1684133100000,15.24,15.28,15.23,15.26,21539.14,1684133999999,328542.7103,549,8520.84,129969.5644,0
1684134000000,15.26,15.29,15.26,15.28,13431.67,1684134899999,205224.2547,349,7621.31,116455.7066,0
1684134900000,15.28,15.29,15.26,15.27,20823.27,1684135799999,318004.0066,410,8290.95,126627.1662,0
1684135800000,15.28,15.29,15.25,15.25,8413.3,1684136699999,128541.8117,256,3720.81,56867.2029,0
1684136700000,15.26,15.28,15.25,15.28,7411.07,1684137599999,113112.2579,198,3502.82,53480.0289,0
1684137600000,15.28,15.31,15.24,15.24,28725.48,1684138499999,439049.6075,493,16132.63,246730.025,0
1684138500000,15.24,15.3,15.24,15.29,17795.81,1684139399999,271836.1033,414,9991.07,152641.259,0
1684139400000,15.28,15.31,15.28,15.28,9127.75,1684140299999,139604.137,270,4744.38,72559.8993,0
1684140300000,15.29,15.34,15.29,15.33,16969.39,1684141199999,259907.4523,474,8863.71,135759.7113,0
1684141200000,15.33,15.35,15.32,15.33,10160.15,1684142099999,155809.2209,383,6593.08,101112.6756,0
1684142100000,15.33,15.34,15.3,15.32,15109.68,1684142999999,231520.4665,430,7438.23,114007.7887,0
1684143000000,15.32,15.33,15.3,15.31,5448.48,1684143899999,83488.3599,192,3940.49,60393.1348,0
1684143900000,15.3,15.34,15.3,15.34,5679.56,1684144799999,87011.8504,197,4044.35,61965.4804,0
1684144800000,15.34,15.34,15.3,15.31,2785.32,1684145699999,42676.5883,165,788.47,12088.2101,0
1684145700000,15.3,15.31,15.28,15.29,4353.45,1684146599999,66565.5889,244,1704.98,26076.5613,0
1684146600000,15.29,15.3,15.28,15.3,5685.74,1684147499999,86934.5458,191,4766.37,72881.3108,0
1684147500000,15.3,15.3,15.29,15.29,3213.54,1684148399999,49148.7648,110,2019.13,30886.2359,0
1684148400000,15.3,15.31,15.25,15.28,11846.27,1684149299999,180911.7381,390,5260.6,80374.5731,0
1684149300000,15.28,15.29,15.26,15.28,9937.01,1684150199999,151782.7294,222,7005.87,107009.4237,0
1684150200000,15.28,15.29,15.25,15.25,12437.04,1684151099999,189906.7919,308,6100.71,93157.0855,0
1684151100000,15.25,15.27,15.24,15.25,13854.4,1684151999999,211342.2239,503,5683.9,86716.027,0
1684152000000,15.25,15.26,15.23,15.26,4988.79,1684152899999,76073.4278,216,3397.2,51815.526,0
1684152900000,15.26,15.27,15.23,15.25,14757.62,1684153799999,225100.6186,278,4590.6,70012.9219,0
1684153800000,15.24,15.25,15.21,15.24,5030.83,1684154699999,76633.8288,196,2943.86,44853.3385,0
1684154700000,15.24,15.25,15.22,15.24,7748.87,1684155599999,118061.0343,192,5105.73,77789.7122,0
1684155600000,15.24,15.27,15.23,15.26,11940.34,1684156499999,182073.2503,363,5898.98,89958.532,0
1684156500000,15.26,15.26,15.22,15.24,12515.02,1684157399999,190741.9097,228,6722.54,102464.7668,0
1684157400000,15.24,15.28,15.23,15.26,13932.72,1684158299999,212579.66,298,8924.03,136139.7481,0
1684158300000,15.27,15.27,15.19,15.22,20272.15,1684159199999,308676.1506,639,9326.02,142013.1186,0
1684159200000,15.22,15.24,15.17,15.18,20093.27,1684160099999,305579.1896,629,9923.15,151003.5919,0
1684160100000,15.19,15.22,15.14,15.2,26252.13,1684160999999,398499.5241,744,11996.63,182064.2514,0
1684161000000,15.19,15.25,15.18,15.24,34843.16,1684161899999,530613.8748,640,23336.06,355365.6416,0
1684161900000,15.24,15.31,15.23,15.26,20786.7,1684162799999,317589.8712,609,8871.15,135575.8172,0
1684162800000,15.26,15.28,15.24,15.27,8882.91,1684163699999,135616.8066,305,4410.96,67348.7095,0
1684163700000,15.27,15.31,15.25,15.3,6134.18,1684164599999,93717.0507,224,3130.48,47832.0352,0
1684164600000,15.3,15.33,15.29,15.32,18066.12,1684165499999,276550.013,420,10331.5,158180.0034,0
1684165500000,15.33,15.33,15.29,15.32,9610.1,1684166399999,147133.4758,263,3757.69,57523.9394,0
1684166400000,15.31,15.34,15.29,15.32,12447.75,1684167299999,190656.197,338,7361.61,112760.3809,0
1684167300000,15.32,15.35,15.3,15.32,19660.72,1684168199999,301383.519,402,12505.98,191693.4482,0
1684168200000,15.33,15.33,15.19,15.22,47359.04,1684169099999,722634.1766,1416,25115.95,383236.5987,0
1684169100000,15.22,15.27,15.22,15.24,10653.76,1684169999999,162424.7089,325,5823.43,88790.7168,0
1684170000000,15.25,15.32,15.24,15.31,15540.68,1684170899999,237634.3229,473,10728.34,164049.7912,0
1684170900000,15.31,15.33,15.25,15.25,12783.67,1684171799999,195480.5192,346,5854.66,89563.9487,0
1684171800000,15.26,15.28,15.23,15.25,7111.7,1684172699999,108514.7812,250,3865.16,58977.8506,0
1684172700000,15.25,15.27,15.22,15.26,5898.29,1684173599999,89893.7986,168,2588.8,39453.199,0
1684173600000,15.26,15.27,15.25,15.27,6873.91,1684174499999,104893.7281,161,3953.81,60342.0853,0
1684174500000,15.26,15.26,15.23,15.24,6473.51,1684175399999,98640.0707,193,3552.36,54129.7144,0
1684175400000,15.23,15.24,15.22,15.23,5597.56,1684176299999,85248.902,154,2700.89,41136.3272,0
1684176300000,15.23,15.23,15.21,15.22,8955.07,1684177199999,136296.0971,231,5880.46,89511.5884,0
1684177200000,15.22,15.23,15.19,15.23,5775.73,1684178099999,87851.0294,211,3351.87,50988.0563,0
1684178100000,15.23,15.24,15.13,15.21,22983.38,1684178999999,349198.4999,590,12555.92,190797.8906,0
1684179000000,15.21,15.21,15.16,15.19,6358.15,1684179899999,96491.9333,201,4241.13,64367.1011,0
1684179900000,15.18,15.19,15.15,15.19,4856.14,1684180799999,73669.4435,138,3150.77,47799.6406,0
1684180800000,15.19,15.21,15.18,15.19,4534.26,1684181699999,68882.9498,156,1670.75,25385.9544,0
1684181700000,15.19,15.19,15.15,15.18,7791.58,1684182599999,118217.45,214,4068.14,61722.0404,0
1684182600000,15.18,15.2,15.17,15.19,3805.39,1684183499999,57763.8993,152,2452.01,37228.103,0
1684183500000,15.19,15.2,15.15,15.15,9934.01,1684184399999,150721.9373,262,2263.63,34345.9681,0
1684184400000,15.15,15.19,15.14,15.18,9838.75,1684185299999,149248.927,270,4558.22,69151.1093,0
1684185300000,15.18,15.18,15.16,15.18,2082.84,1684186199999,31600.8196,70,1108.04,16814.1813,0
1684186200000,15.18,15.18,15.15,15.16,6207.46,1684187099999,94144.5281,171,2755.49,41802.3607,0
1684187100000,15.17,15.21,15.17,15.21,3936.51,1684187999999,59810.9915,110,3053.9,46395.7118,0
1684188000000,15.2,15.21,15.18,15.19,5857.48,1684188899999,89005.1882,186,1126.78,17125.3725,0
1684188900000,15.2,15.22,15.19,15.21,7472.58,1684189799999,113626.444,145,2894.93,44019.3677,0
1684189800000,15.21,15.22,15.17,15.17,4560.8,1684190699999,69282.0605,141,1125.23,17079.802,0
1684190700000,15.18,15.19,15.15,15.19,6183.74,1684191599999,93780.4517,145,2456.88,37272.8217,0
1684191600000,15.19,15.21,15.17,15.19,3265.7,1684192499999,49600.9069,162,1851.72,28125.6798,0
1684192500000,15.2,15.2,15.14,15.15,33875.78,1684193399999,513391.8049,432,5404.77,81896.6005,0
1684193400000,15.16,15.16,15.12,15.13,1854.25,1684194299999,28076.5912,107,506.21,7667.8728,0
1684194300000,15.13,15.13,15.03,15.08,37298.04,1684195199999,562578.6372,932,16881.57,254621.9276,0
1684195200000,15.08,15.13,15.07,15.1,10361.07,1684196099999,156428.3555,295,5114.0,77201.2584,0
1684196100000,15.1,15.16,15.08,15.14,6790.08,1684196999999,102724.0265,272,3896.48,58964.2039,0
1684197000000,15.14,15.14,15.03,15.08,10676.07,1684197899999,160969.6236,569,3765.12,56738.8783,0
1684197900000,15.07,15.1,14.96,15.06,36746.69,1684198799999,552761.4993,1160,15653.7,235414.3236,0
1684198800000,15.05,15.07,15.0,15.01,17881.79,1684199699999,268972.541,424,12195.78,183476.4815,0
1684199700000,15.01,15.03,14.86,14.89,78865.72,1684200599999,1177673.2789,2226,38814.67,579648.4045,0
1684200600000,14.89,14.89,14.82,14.86,28920.63,1684201499999,429616.5757,1150,16173.01,240271.6134,0
1684201500000,14.86,14.92,14.86,14.91,10216.82,1684202399999,152140.6465,391,4578.34,68181.8252,0
1684202400000,14.91,14.92,14.88,14.92,7244.63,1684203299999,107932.2147,225,4444.8,66225.2729,0
1684203300000,14.92,14.93,14.87,14.9,6666.46,1684204199999,99310.0466,266,2674.24,39835.0625,0
1684204200000,14.9,14.93,14.88,14.9,5051.48,1684205099999,75275.1756,205,2220.6,33095.9187,0
1684205100000,14.9,14.96,14.9,14.96,6385.42,1684205999999,95398.7202,188,3329.23,49732.1406,0
1684206000000,14.95,14.95,14.93,14.95,4270.22,1684206899999,63810.6488,118,1761.56,26328.4564,0
1684206900000,14.96,14.97,14.93,14.94,6916.52,1684207799999,103444.2074,222,2840.76,42490.1323,0
1684207800000,14.93,14.94,14.9,14.94,9091.26,1684208699999,135729.7655,275,4452.17,66486.2909,0
1684208700000,14.93,14.94,14.92,14.94,3813.22,1684209599999,56934.6803,108,2315.07,34567.7833,0
1684209600000,14.93,14.95,14.9,14.91,3711.8,1684210499999,55375.6945,156,597.56,8921.7094,0
1684210500000,14.91,14.95,14.91,14.94,4402.38,1684211399999,65763.0838,144,2804.24,41881.4106,0
1684211400000,14.95,14.95,14.92,14.93,2451.01,1684212299999,36602.9718,87,1009.62,15080.0042,0
1684212300000,14.94,14.97,14.93,14.96,2549.73,1684213199999,38120.0638,95,1343.24,20083.6001,0
1684213200000,14.96,14.98,14.95,14.96,10912.23,1684214099999,163269.0619,394,3733.06,55854.9277,0
1684214100000,14.96,14.97,14.95,14.96,2258.14,1684214999999,33775.4638,89,577.51,8640.2736,0
1684215000000,14.96,14.97,14.92,14.95,4097.33,1684215899999,61215.6556,276,2243.48,33516.6158,0
1684215900000,14.95,14.97,14.93,14.95,7090.03,1684216799999,105994.267,271,3797.14,56775.3185,0
1684216800000,14.95,14.96,14.9,14.91,11167.06,1684217699999,166657.0075,442,4517.79,67419.869,0
1684217700000,14.91,14.95,14.91,14.94,4910.42,1684218599999,73338.2195,377,1518.4,22678.9643,0
1684218600000,14.94,14.97,14.92,14.93,7853.83,1684219499999,117394.484,229,3235.95,48394.7453,0
1684219500000,14.92,14.97,14.91,14.95,5028.74,1684220399999,75158.7914,198,3378.1,50496.9108,0
1684220400000,14.94,14.98,14.94,14.98,9005.73,1684221299999,134793.9292,357,6342.6,94939.2452,0
1684221300000,14.98,15.02,14.97,15.01,11744.67,1684222199999,176240.4736,468,6772.25,101635.8348,0
1684222200000,15.01,15.04,15.0,15.04,12740.32,1684223099999,191441.272,370,8868.04,133250.3698,0
1684223100000,15.05,15.05,15.01,15.03,5523.97,1684223999999,82986.2469,191,2706.88,40672.1096,0
1684224000000,15.04,15.04,14.97,15.02,12214.59,1684224899999,183252.3049,458,5400.07,81011.4073,0
1684224900000,15.03,15.06,15.01,15.02,10700.45,1684225799999,160830.2999,304,6469.76,97252.1713,0
1684225800000,15.02,15.05,15.01,15.04,9664.1,1684226699999,145279.8081,343,4909.19,73825.0703,0
1684226700000,15.04,15.05,15.01,15.02,5846.91,1684227599999,87860.714,324,1926.9,28962.897,0
1684227600000,15.03,15.04,15.0,15.0,6728.33,1684228499999,101035.8176,259,2967.95,44581.0945,0
1684228500000,15.0,15.04,15.0,15.03,9146.18,1684229399999,137412.3576,226,4251.22,63876.5024,0
1684229400000,15.03,15.05,15.01,15.04,12258.5,1684230299999,184245.2079,379,6542.45,98341.0156,0
1684230300000,15.04,15.04,15.0,15.01,4422.47,1684231199999,66397.6895,172,655.34,9842.4676,0
1684231200000,15.0,15.02,14.97,14.99,7958.54,1684232099999,119326.369,260,4654.49,69794.3322,0
1684232100000,14.99,14.99,14.92,14.93,19290.56,1684232999999,288398.3923,414,5860.65,87481.674,0
1684233000000,14.94,14.96,14.93,14.94,6556.19,1684233899999,97990.4598,272,3891.11,58161.5729,0
1684233900000,14.94,14.95,14.9,14.91,10296.05,1684234799999,153678.7204,272,3387.99,50557.94,0
1684234800000,14.92,14.96,14.9,14.95,8075.34,1684235699999,120595.8593,253,5307.47,79259.5036,0
1684235700000,14.96,14.96,14.92,14.93,7317.57,1684236599999,109285.5856,215,3460.52,51685.4381,0
1684236600000,14.93,14.97,14.92,14.93,5091.25,1684237499999,76095.6954,185,2578.13,38535.1504,0
1684237500000,14.94,14.95,14.92,14.94,5780.94,1684238399999,86334.1188,175,3074.77,45933.0001,0
1684238400000,14.93,14.94,14.9,14.94,5274.05,1684239299999,78723.0858,225,3753.47,56035.6987,0
1684239300000,14.94,14.97,14.91,14.91,7420.35,1684240199999,110851.9259,245,3180.37,47511.6467,0
1684240200000,14.92,14.97,14.82,14.94,46114.87,1684241099999,687116.7068,1412,24238.5,361168.3493,0
1684241100000,14.94,14.97,14.94,14.95,6762.24,1684241999999,101131.8305,271,3336.56,49896.9008,0
1684242000000,14.94,14.97,14.93,14.95,9581.96,1684242899999,143197.5629,498,4630.58,69218.2404,0
1684242900000,14.94,14.95,14.91,14.93,5240.64,1684243799999,78205.0733,222,2097.85,31310.2321,0
1684243800000,14.93,14.96,14.89,14.95,13058.3,1684244699999,194884.1519,486,5777.1,86197.667,0
1684244700000,14.95,14.98,14.88,14.88,12720.93,1684245599999,189897.3337,409,4797.65,71603.6915,0
1684245600000,14.89,14.92,14.82,14.87,45765.72,1684246499999,680698.3697,1299,22330.21,332065.3164,0
1684246500000,14.88,14.91,14.87,14.91,8074.33,1684247399999,120216.3195,237,3774.66,56208.9622,0
1684247400000,14.9,14.93,14.87,14.89,9740.99,1684248299999,145046.1283,272,3922.14,58406.4252,0
1684248300000,14.89,14.91,14.87,14.9,8629.8,1684249199999,128456.2511,207,2342.86,34880.5152,0
1684249200000,14.9,14.93,14.88,14.88,8305.64,1684250099999,123770.1479,255,4223.31,62940.3405,0
1684250100000,14.88,14.91,14.87,14.9,6467.78,1684250999999,96298.3356,165,4010.94,59726.0442,0
1684251000000,14.89,14.9,14.86,14.88,6542.66,1684251899999,97319.1244,188,2760.05,41056.2384,0
1684251900000,14.88,14.9,14.86,14.88,7092.25,1684252799999,105573.074,208,3769.59,56121.4131,0
1684252800000,14.88,14.89,14.85,14.88,6800.71,1684253699999,101139.6586,190,4654.97,69234.8219,0
1684253700000,14.88,14.88,14.83,14.84,8466.68,1684254599999,125725.6479,306,2674.13,39713.8992,0
1684254600000,14.84,14.95,14.84,14.91,33842.64,1684255499999,504234.2209,696,20115.29,299640.8424,0
1684255500000,14.91,14.94,14.85,14.91,50353.14,1684256399999,750612.9289,907,25872.85,385684.6657,0
1684256400000,14.91,14.92,14.84,14.85,8910.33,1684257299999,132491.3911,314,4763.24,70840.4565,0
1684257300000,14.85,14.86,14.83,14.84,9668.65,1684258199999,143489.3236,208,6171.59,91592.883,0
1684258200000,14.84,14.86,14.83,14.85,11032.5,1684259099999,163758.6478,234,7513.28,111525.2101,0
1684259100000,14.85,14.88,14.83,14.87,8529.28,1684259999999,126679.4259,259,5169.37,76790.47,0
1684260000000,14.88,14.89,14.85,14.86,8155.54,1684260899999,121275.2578,213,3940.49,58588.0035,0
1684260900000,14.85,14.86,14.82,14.84,7898.04,1684261799999,117172.0607,270,3050.83,45254.7623,0
1684261800000,14.84,14.86,14.82,14.83,14859.75,1684262699999,220432.495,255,4484.9,66542.8044,0
1684262700000,14.83,14.86,14.82,14.86,11143.91,1684263599999,165306.7266,309,7916.28,117444.7905,0
1684263600000,14.86,14.87,14.83,14.86,5177.66,1684264499999,76883.9426,164,2644.12,39264.6079,0
1684264500000,14.85,14.86,14.84,14.85,8945.56,1684265399999,132820.1852,192,3488.74,51815.5864,0
1684265400000,14.85,14.86,14.83,14.84,5885.44,1684266299999,87334.6243,203,2600.06,38578.6627,0
1684266300000,14.84,14.84,14.74,14.79,34977.57,1684267199999,516960.7852,1081,12688.43,187528.7314,0
1684267200000,14.78,14.79,14.73,14.78,8968.51,1684268099999,132409.482,308,3647.2,53842.326,0
1684268100000,14.78,14.79,14.77,14.79,5326.66,1684268999999,78733.7861,192,2688.62,39745.9616,0
1684269000000,14.79,14.82,14.79,14.81,6184.34,1684269899999,91592.8892,176,3407.09,50456.9213,0
1684269900000,14.81,14.82,14.79,14.79,8426.54,1684270799999,124761.3434,233,3799.46,56261.3593,0
1684270800000,14.8,14.85,14.78,14.84,6184.37,1684271699999,91582.9889,206,2537.69,37584.5159,0
1684271700000,14.85,14.87,14.84,14.86,14273.15,1684272599999,211962.4006,344,8434.58,125276.9439,0
1684272600000,14.87,14.9,14.85,14.89,10234.26,1684273499999,152330.9138,323,5037.29,74984.1132,0
1684273500000,14.89,14.92,14.87,14.88,8364.18,1684274399999,124640.9745,347,2545.81,37953.4595,0
1684274400000,14.87,14.92,14.87,14.91,9952.87,1684275299999,148268.9142,312,5292.44,78828.9783,0
1684275300000,14.91,14.91,14.88,14.89,3900.36,1684276199999,58092.9848,121,1449.26,21588.1784,0
1684276200000,14.89,14.91,14.87,14.89,4734.07,1684277099999,70475.0848,127,1836.02,27346.9007,0
1684277100000,14.88,14.89,14.87,14.88,4218.54,1684277999999,62774.7877,150,1585.18,23592.9245,0
1684278000000,14.88,14.89,14.85,14.87,5844.22,1684278899999,86900.0423,165,2104.33,31299.7229,0
1684278900000,14.88,14.9,14.88,14.89,3861.37,1684279799999,57484.71,110,1550.73,23086.5121,0
1684279800000,14.88,14.91,14.88,14.9,4020.53,1684280699999,59896.5928,124,2429.24,36199.1668,0
1684280700000,14.9,14.91,14.89,14.9,2042.23,1684281599999,30428.0001,86,1334.35,19882.3143,0
1684281600000,14.91,14.92,14.86,14.89,6890.02,1684282499999,102558.9751,190,2952.14,43914.6617,0
1684282500000,14.89,14.9,14.84,14.84,8254.58,1684283399999,122609.3211,271,2722.79,40436.34,0
1684283400000,14.84,14.92,14.82,14.87,8484.88,1684284299999,126160.1825,435,3795.93,56432.9442,0
1684284300000,14.87,14.93,14.86,14.92,9522.04,1684285199999,141898.3903,383,5036.17,75045.2183,0
1684285200000,14.92,14.97,14.91,14.94,23375.83,1684286099999,349388.387,703,14078.13,210426.8001,0
1684286100000,14.94,14.96,14.91,14.95,4779.17,1684286999999,71364.9777,172,1524.24,22759.4218,0
1684287000000,14.96,15.04,14.96,15.0,39627.72,1684287899999,594774.518,1191,19846.92,298018.5033,0
1684287900000,15.01,15.04,15.0,15.03,17418.58,1684288799999,261688.2596,471,10414.99,156458.7754,0
1684288800000,15.02,15.07,15.02,15.05,15760.49,1684289699999,237109.7379,587,11247.45,169206.4138,0
1684289700000,15.05,15.05,15.01,15.01,14136.75,1684290599999,212421.3198,373,4482.64,67365.5461,0
1684290600000,15.0,15.02,14.96,15.0,10293.5,1684291499999,154323.1132,360,5234.35,78481.1114,0
1684291500000,14.99,15.0,14.96,14.96,7657.69,1684292399999,114703.0477,237,2115.56,31720.8146,0
1684292400000,14.97,14.99,14.96,14.98,7718.45,1684293299999,115570.3217,222,3584.91,53685.5327,0
1684293300000,14.97,15.02,14.97,15.0,10404.47,1684294199999,156041.084,252,7791.76,116853.9233,0
1684294200000,14.99,15.02,14.99,15.0,6632.64,1684295099999,99502.0833,174,2584.35,38777.284,0
1684295100000,15.0,15.0,14.97,14.97,4164.83,1684295999999,62413.5615,110,2090.56,31335.1876,0
1684296000000,14.98,15.0,14.97,15.0,4404.33,1684296899999,66001.2953,122,3519.81,52747.7327,0
1684296900000,15.0,15.0,14.98,15.0,2866.5,1684297799999,42977.0846,115,1577.42,23655.7706,0
1684297800000,15.0,15.01,14.99,15.01,5618.52,1684298699999,84288.3219,184,3968.03,59536.269,0
1684298700000,15.02,15.03,15.0,15.01,7448.31,1684299599999,111847.4151,195,3011.58,45225.5744,0
1684299600000,15.0,15.01,14.97,14.97,8246.49,1684300499999,123707.2309,254,3004.68,45081.4712,0
1684300500000,14.97,14.98,14.95,14.97,3880.49,1684301399999,58068.127,159,2052.17,30710.228,0
1684301400000,14.96,14.96,14.92,14.96,8683.07,1684302299999,129717.6571,216,5340.07,79772.5869,0
1684302300000,14.96,14.96,14.94,14.94,5063.02,1684303199999,75702.3392,161,2063.96,30869.8315,0
1684303200000,14.94,14.94,14.89,14.9,15062.13,1684304099999,224520.8727,418,6142.07,91543.3711,0
1684304100000,14.89,14.93,14.89,14.93,4986.89,1684304999999,74395.8136,204,3349.84,49975.9215,0
1684305000000,14.92,14.95,14.92,14.93,4771.67,1684305899999,71250.7433,164,1816.38,27130.0051,0
1684305900000,14.93,14.95,14.92,14.94,4047.8,1684306799999,60447.1348,140,2783.56,41574.7293,0
1684306800000,14.93,14.97,14.93,14.97,5820.93,1684307699999,86998.2748,202,2486.57,37169.3681,0
1684307700000,14.97,14.97,14.9,14.93,13965.36,1684308599999,208510.4642,455,5806.28,86703.9216,0
1684308600000,14.94,14.94,14.89,14.9,7093.68,1684309499999,105775.8758,223,3750.08,55932.3576,0
1684309500000,14.9,14.9,14.81,14.83,31430.12,1684310399999,466602.6519,953,14326.96,212718.4157,0
1684310400000,14.83,14.83,14.76,14.81,48092.75,1684311299999,711643.134,1393,13001.67,192384.8967,0
1684311300000,14.82,14.82,14.77,14.8,15174.98,1684312199999,224357.3492,335,7524.07,111239.8617,0
1684312200000,14.8,14.83,14.78,14.83,11072.25,1684313099999,163998.4221,366,4495.31,66578.085,0
1684313100000,14.83,14.84,14.8,14.8,6108.72,1684313999999,90511.6309,229,2364.69,35055.2238,0
1684314000000,14.81,14.85,14.77,14.84,10216.32,1684314899999,151368.6665,351,5723.74,84814.6297,0
1684314900000,14.84,14.87,14.83,14.85,6749.45,1684315799999,100277.1567,227,3964.72,58916.6427,0
1684315800000,14.85,14.89,14.85,14.89,8735.64,1684316699999,129947.1113,254,3943.32,58660.836,0
1684316700000,14.89,14.89,14.86,14.88,3816.28,1684317599999,56766.1873,145,2074.88,30865.8977,0
1684317600000,14.88,14.88,14.82,14.84,6096.24,1684318499999,90484.4233,198,1231.21,18285.2903,0
1684318500000,14.84,14.87,14.83,14.86,5013.42,1684319399999,74418.004,179,2570.85,38168.0113,0
1684319400000,14.87,14.87,14.83,14.84,5772.99,1684320299999,85746.7234,198,3178.42,47223.0517,0
1684320300000,14.84,14.87,14.84,14.86,6004.4,1684321199999,89166.7862,164,3140.41,46636.2626,0
1684321200000,14.86,14.87,14.82,14.87,15775.45,1684322099999,234213.0169,414,7462.43,110777.6459,0
1684322100000,14.86,14.86,14.76,14.8,24835.69,1684322999999,367545.2666,694,10683.93,158058.7863,0
1684323000000,14.8,14.83,14.72,14.75,31084.2,1684323899999,459023.511,884,13530.89,199890.377,0
1684323900000,14.74,14.77,14.71,14.74,15948.85,1684324799999,235021.6999,519,5700.73,84015.3263,0
1684324800000,14.73,14.8,14.72,14.8,14826.97,1684325699999,219008.9085,433,8429.42,124539.7363,0
1684325700000,14.8,14.82,14.76,14.77,7444.05,1684326599999,110113.207,267,2862.1,42327.4383,0
1684326600000,14.78,14.8,14.76,14.76,7594.82,1684327499999,112186.4844,229,2249.56,33233.3523,0
1684327500000,14.77,14.79,14.75,14.77,4635.55,1684328399999,68443.7584,183,1922.17,28390.7983,0
1684328400000,14.76,14.82,14.74,14.81,14338.14,1684329299999,211908.137,366,8379.37,123843.5663,0
1684329300000,14.82,14.83,14.8,14.8,4493.36,1684330199999,66552.7324,190,1932.82,28632.211,0
1684330200000,14.81,14.82,14.78,14.81,5707.51,1684331099999,84489.0586,250,2497.05,36974.7189,0
1684331100000,14.81,14.81,14.74,14.74,11821.28,1684331999999,174540.696,405,5158.74,76180.0543,0
1684332000000,14.74,14.76,14.7,14.76,12008.05,1684332899999,176862.3063,513,4845.48,71367.572,0
1684332900000,14.76,14.8,14.74,14.75,7176.28,1684333799999,105997.4189,267,4025.99,59467.9342,0
1684333800000,14.75,14.78,14.61,14.76,37035.96,1684334699999,543445.9255,1492,17044.09,250069.0786,0
1684334700000,14.77,14.78,14.71,14.74,17076.01,1684335599999,251810.6522,554,8632.19,127331.2632,0
1684335600000,14.74,14.77,14.71,14.75,13076.98,1684336499999,192658.8072,423,5717.25,84255.2672,0
1684336500000,14.75,14.76,14.66,14.71,17336.52,1684337399999,255060.9107,586,8233.26,121186.2416,0
1684337400000,14.71,14.73,14.67,14.67,10215.64,1684338299999,150227.867,328,5453.96,80197.1231,0
1684338300000,14.67,14.73,14.67,14.72,10369.52,1684339199999,152449.7095,380,6005.85,88312.4252,0
1684339200000,14.72,14.73,14.67,14.69,9744.95,1684340099999,143283.1766,350,4763.54,70033.9306,0
1684340100000,14.7,14.73,14.67,14.71,6148.46,1684340999999,90409.2204,251,2342.38,34441.368,0
1684341000000,14.71,14.77,14.7,14.75,22156.92,1684341899999,326714.7073,483,10333.21,152351.9479,0
1684341900000,14.75,14.81,14.75,14.8,19966.02,1684342799999,295130.2011,486,11231.41,166009.9411,0
1684342800000,14.79,14.82,14.78,14.81,13959.57,1684343699999,206588.9666,329,6677.95,98835.7117,0
1684343700000,14.8,14.81,14.77,14.81,9179.78,1684344599999,135812.6924,295,6014.9,88996.2477,0
1684344600000,14.81,14.85,14.79,14.84,12391.19,1684345499999,183752.8811,391,6778.53,100552.019,0
1684345500000,14.84,14.93,14.84,14.91,32804.63,1684346399999,488513.9163,968,17908.44,266663.5934,0
1684346400000,14.91,14.99,14.91,14.98,41265.61,1684347299999,617365.4336,1168,23585.49,352890.4358,0
1684347300000,14.98,15.01,14.96,15.0,19490.18,1684348199999,292090.5721,532,8852.78,132685.1077,0
1684348200000,15.0,15.03,14.97,14.99,33092.1,1684349099999,496614.941,920,17347.21,260356.7369,0
1684349100000,14.99,15.02,14.98,14.99,19666.5,1684349999999,295015.9231,591,8826.09,132421.4171,0
1684350000000,14.99,15.14,14.98,15.14,66172.1,1684350899999,997844.0175,1950,36745.27,553946.5595,0
1684350900000,15.14,15.21,15.13,15.18,55165.89,1684351799999,837449.7607,1521,23711.48,359899.6892,0
1684351800000,15.18,15.25,15.18,15.24,35581.31,1684352699999,541656.5087,1215,19743.71,300571.0668,0
1684352700000,15.24,15.29,15.22,15.23,24441.31,1684353599999,372891.0073,896,11957.42,182415.2435,0
1684353600000,15.24,15.3,15.24,15.25,25933.42,1684354499999,396106.8054,814,11760.6,179621.5899,0
1684354500000,15.24,15.26,15.17,15.18,23294.33,1684355399999,354216.2756,777,6885.66,104758.5246,0
1684355400000,15.18,15.23,15.18,15.22,13951.27,1684356299999,212187.1818,499,8596.77,130767.3711,0
1684356300000,15.22,15.29,15.21,15.24,28140.48,1684357199999,429364.1668,981,14669.17,223838.8893,0
1684357200000,15.23,15.24,15.19,15.22,8431.99,1684358099999,128310.5693,324,3810.47,58008.8823,0
1684358100000,15.22,15.27,15.21,15.22,28263.76,1684358999999,430437.0981,569,14431.14,219742.5439,0
1684359000000,15.22,15.23,15.18,15.19,8627.0,1684359899999,131162.0249,277,4112.53,62547.1017,0
1684359900000,15.19,15.22,15.18,15.2,4954.31,1684360799999,75304.7502,237,2265.3,34429.6914,0
1684360800000,15.2,15.24,15.19,15.22,7825.85,1684361699999,119037.1539,293,3619.02,55044.3616,0
1684361700000,15.22,15.22,15.18,15.19,6067.42,1684362599999,92241.0899,181,3895.57,59232.5228,0
1684362600000,15.19,15.19,15.15,15.17,10607.06,1684363499999,160891.8154,278,5829.29,88432.045,0
1684363500000,15.16,15.18,15.15,15.16,4159.64,1684364399999,63090.8152,144,2140.56,32472.9143,0
1684364400000,15.16,15.19,15.16,15.17,13053.86,1684365299999,198101.8056,344,10640.93,161500.99,0
1684365300000,15.17,15.2,15.17,15.19,4498.12,1684366199999,68301.1902,139,1886.31,28642.0141,0
1684366200000,15.19,15.19,15.14,15.15,8697.69,1684367099999,131916.2034,258,5721.37,86780.6542,0
1684367100000,15.15,15.18,15.15,15.17,4442.45,1684367999999,67353.0951,155,3009.49,45631.5086,0
1684368000000,15.18,15.19,15.11,15.12,8950.32,1684368899999,135494.7545,358,4026.2,60946.7275,0
1684368900000,15.12,15.16,15.09,15.14,13488.56,1684369799999,203990.9655,392,5756.42,87025.7874,0
1684369800000,15.13,15.14,15.09,15.1,7571.4,1684370699999,114467.3597,233,3900.69,58976.2267,0
1684370700000,15.11,15.12,15.09,15.11,5337.62,1684371599999,80666.3264,174,3379.2,51080.6703,0
1684371600000,15.12,15.16,15.11,15.14,12324.75,1684372499999,186626.415,344,6736.91,102040.9824,0
1684372500000,15.15,15.16,15.13,15.14,5612.94,1684373399999,84991.786,194,3804.31,57614.5418,0
1684373400000,15.14,15.16,15.09,15.11,6427.24,1684374299999,97192.0685,217,2948.22,44588.9596,0
1684374300000,15.11,15.13,15.07,15.08,12011.53,1684375199999,181227.6156,348,6102.49,92088.8,0
1684375200000,15.08,15.1,15.07,15.08,8125.67,1684376099999,122625.4212,193,3524.8,53184.6974,0
1684376100000,15.08,15.12,15.07,15.12,3511.92,1684376999999,52988.2177,118,1806.84,27265.6447,0
1684377000000,15.11,15.16,15.11,15.15,8380.41,1684377899999,126834.153,237,3643.75,55155.6541,0
1684377900000,15.15,15.16,15.13,15.15,5060.28,1684378799999,76633.0128,103,3616.67,54776.377,0
1684378800000,15.15,15.16,15.13,15.15,5140.97,1684379699999,77869.8791,140,2076.78,31455.21,0
1684379700000,15.16,15.17,15.15,15.17,10300.64,1684380599999,156177.7645,278,5362.39,81307.4953,0
1684380600000,15.16,15.18,15.12,15.14,4450.17,1684381499999,67394.4372,204,2094.49,31722.653,0
1684381500000,15.14,15.16,15.13,15.16,4136.65,1684382399999,62653.5243,172,1780.24,26963.5928,0
1684382400000,15.17,15.19,15.13,15.13,5680.21,1684383299999,86102.3484,205,1962.74,29762.7767,0
1684383300000,15.14,15.15,15.11,15.12,2173.85,1684384199999,32887.1184,133,1038.19,15711.4065,0
1684384200000,15.12,15.14,15.12,15.13,4659.79,1684385099999,70475.4249,105,2599.91,39322.2319,0
1684385100000,15.14,15.14,15.1,15.11,4334.76,1684385999999,65516.0521,181,1372.07,20741.7445,0
1684386000000,15.11,15.13,15.08,15.12,6361.99,1684386899999,96157.6042,211,4932.52,74567.3262,0
1684386900000,15.12,15.14,15.09,15.12,9252.12,1684387799999,139852.8094,236,3335.95,50449.3855,0
1684387800000,15.12,15.12,15.11,15.12,1257.28,1684388699999,19004.6318,60,702.31,10618.9272,0
1684388700000,15.11,15.12,15.06,15.07,9588.65,1684389599999,144578.9283,265,2890.02,43586.9943,0
1684389600000,15.07,15.08,14.99,15.0,22501.74,1684390499999,337971.8358,636,4897.22,73561.3352,0
1684390500000,15.01,15.03,14.97,14.97,17482.26,1684391399999,262174.5402,456,7851.02,117766.2908,0
1684391400000,14.97,15.03,14.96,15.0,12877.8,1684392299999,193091.6545,476,8203.31,122985.3275,0
1684392300000,15.0,15.0,14.97,14.98,6035.2,1684393199999,90427.5593,264,2803.0,42009.984,0
1684393200000,14.97,15.0,14.96,14.97,4193.47,1684394099999,62820.3725,150,2620.51,39255.6941,0
1684394100000,14.97,15.01,14.97,15.0,5475.08,1684394999999,82080.007,189,2659.44,39865.7159,0
1684395000000,15.0,15.07,15.0,15.07,19928.63,1684395899999,299667.9843,467,11992.6,180332.6895,0
1684395900000,15.06,15.09,15.04,15.06,11003.84,1684396799999,165793.6538,340,5890.46,88757.0685,0
1684396800000,15.07,15.08,15.03,15.04,6456.37,1684397699999,97205.0266,250,3102.2,46725.7041,0
1684397700000,15.05,15.08,15.05,15.05,4199.9,1684398599999,63261.9662,157,1927.94,29040.7717,0
1684398600000,15.05,15.06,15.01,15.04,9897.91,1684399499999,148853.1512,316,5460.52,82140.7752,0
1684399500000,15.03,15.08,15.03,15.08,24377.39,1684400399999,367301.9341,484,18634.6,280801.9058,0
1684400400000,15.07,15.1,15.07,15.09,10548.89,1684401299999,159124.6797,354,5697.86,85961.5085,0
1684401300000,15.08,15.09,15.06,15.08,7870.75,1684402199999,118686.5852,244,3861.71,58240.3981,0
1684402200000,15.07,15.1,15.05,15.06,12088.34,1684403099999,182207.4175,434,7516.07,113291.4068,0
1684403100000,15.06,15.09,15.05,15.07,13283.42,1684403999999,200189.6129,426,7371.22,111122.07,0
1684404000000,15.06,15.08,15.05,15.05,6725.01,1684404899999,101302.9455,260,4908.18,73943.1869,0
1684404900000,15.06,15.09,15.01,15.05,11339.72,1684405799999,170709.7487,367,7993.97,120355.7651,0
1684405800000,15.05,15.08,15.04,15.05,15311.26,1684406699999,230649.6264,482,8364.0,126021.6021,0
1684406700000,15.05,15.06,15.01,15.01,14066.04,1684407599999,211426.673,523,6569.33,98759.1661,0
1684407600000,15.01,15.03,15.0,15.03,5337.15,1684408499999,80123.9544,184,2436.72,36591.7855,0
1684408500000,15.02,15.05,15.01,15.04,3238.66,1684409399999,48688.9895,153,1357.11,20406.0483,0
1684409400000,15.04,15.04,14.99,15.0,7979.53,1684410299999,119794.4005,363,2684.98,40317.6663,0
1684410300000,15.01,15.03,15.0,15.02,9195.61,1684411199999,138054.3593,313,3956.24,59395.4747,0
1684411200000,15.02,15.04,14.97,15.03,16180.76,1684412099999,242747.7487,487,6689.29,100364.3025,0
1684412100000,15.02,15.04,14.97,14.97,8303.58,1684412999999,124537.4733,270,4048.06,60735.6225,0
1684413000000,14.96,14.99,14.92,14.95,30239.47,1684413899999,452288.8386,728,14547.58,217630.7462,0
1684413900000,14.94,14.96,14.92,14.92,11150.82,1684414799999,166547.9468,317,4676.38,69878.1092,0
1684414800000,14.92,14.92,14.87,14.88,15828.97,1684415699999,235747.1687,655,6328.07,94241.9831,0
1684415700000,14.89,14.91,14.87,14.87,7835.73,1684416599999,116651.9292,251,3177.59,47317.1461,0
1684416600000,14.87,14.93,14.87,14.91,14420.77,1684417499999,214890.2693,360,8759.93,130524.295,0
1684417500000,14.91,14.92,14.89,14.92,7284.52,1684418399999,108585.7192,252,4517.01,67334.0191,0
1684418400000,14.91,14.93,14.86,14.9,12615.34,1684419299999,187964.0902,450,5529.63,82406.8223,0
1684419300000,14.9,14.94,14.89,14.92,13681.66,1684420199999,204139.4711,354,8707.66,129923.7592,0
1684420200000,14.93,14.96,14.88,14.88,14678.58,1684421099999,219301.55,412,7494.41,112009.2628,0
1684421100000,14.88,14.92,14.82,14.9,35749.87,1684421999999,531408.9063,964,18007.49,267715.1975,0
1684422000000,14.9,14.94,14.88,14.88,9640.95,1684422899999,143644.6333,377,3888.24,57947.1264,0
1684422900000,14.89,14.9,14.8,14.82,17758.35,1684423799999,263556.4622,561,7953.43,118069.6962,0
1684423800000,14.83,14.85,14.8,14.83,13789.6,1684424699999,204361.7788,363,5461.15,80942.1748,0
1684424700000,14.83,14.86,14.8,14.83,13707.08,1684425599999,203251.0301,435,6448.35,95611.9599,0
1684425600000,14.82,14.84,14.8,14.83,20010.79,1684426499999,296528.1545,459,8688.92,128775.0779,0
1684426500000,14.83,14.86,14.83,14.83,15015.42,1684427399999,222858.3735,338,8189.8,121562.3595,0
1684427400000,14.84,14.87,14.82,14.87,11680.67,1684428299999,173421.3236,252,3713.51,55148.9459,0
1684428300000,14.87,14.88,14.83,14.84,9643.96,1684429199999,143206.829,201,3924.56,58285.7703,0
1684429200000,14.84,14.86,14.83,14.84,5712.15,1684430099999,84796.6209,170,2072.28,30758.5984,0
1684430100000,14.84,14.86,14.83,14.85,12566.7,1684430999999,186560.9731,273,7469.34,110893.9864,0
1684431000000,14.84,14.85,14.69,14.73,38914.66,1684431899999,574614.7821,1278,15624.52,230740.4534,0
1684431900000,14.73,14.73,14.42,14.54,180378.17,1684432799999,2624260.4335,4940,74305.72,1080747.5665,0
1684432800000,14.54,14.57,14.46,14.49,59817.34,1684433699999,868517.1,2117,27576.41,400462.0842,0
1684433700000,14.49,14.58,14.45,14.55,29916.31,1684434599999,434192.7195,1052,14733.58,213919.2468,0
1684434600000,14.54,14.56,14.5,14.53,19649.2,1684435499999,285442.3233,724,8778.86,127542.9962,0
1684435500000,14.52,14.54,14.49,14.51,19162.15,1684436399999,278114.0213,499,7926.9,115061.5937,0
1684436400000,14.51,14.55,14.49,14.52,19945.93,1684437299999,289592.0358,503,9232.39,134048.5513,0
1684437300000,14.52,14.55,14.5,14.53,14920.76,1684438199999,216799.8907,410,8434.5,122603.6564,0
1684438200000,14.54,14.63,14.53,14.62,21444.73,1684439099999,312846.3556,636,10326.35,150653.2082,0
1684439100000,14.62,14.64,14.58,14.59,15546.74,1684439999999,227101.3818,496,7073.59,103333.9707,0
1684440000000,14.59,14.61,14.55,14.56,13218.76,1684440899999,192784.076,437,5254.3,76652.6456,0
1684440900000,14.57,14.6,14.57,14.59,6918.89,1684441799999,100888.5226,220,3946.08,57541.2191,0
1684441800000,14.6,14.63,14.59,14.62,6127.53,1684442699999,89531.4121,192,2684.38,39218.8093,0
1684442700000,14.62,14.62,14.57,14.58,14845.73,1684443599999,216649.1183,328,5974.95,87189.2194,0
1684443600000,14.59,14.63,14.58,14.62,11495.88,1684444499999,167953.0411,229,4940.08,72184.3979,0
1684444500000,14.62,14.68,14.61,14.66,18722.29,1684445399999,274170.864,363,13107.98,191890.7648,0
1684445400000,14.66,14.76,14.66,14.75,30682.27,1684446299999,451615.7019,737,17273.55,254298.139,0
1684446300000,14.76,14.83,14.75,14.76,49170.17,1684447199999,727261.6839,1016,36773.9,543979.5444,0
1684447200000,14.76,14.78,14.74,14.77,19931.55,1684448099999,294271.2668,525,9069.69,133918.062,0
1684448100000,14.76,14.77,14.72,14.72,5987.26,1684448999999,88319.4451,229,1175.38,17331.9883,0
1684449000000,14.72,14.74,14.71,14.71,9020.98,1684449899999,132848.3282,237,3786.45,55778.0776,0
1684449900000,14.71,14.75,14.71,14.75,13395.23,1684450799999,197287.6297,196,6621.2,97550.9082,0
1684450800000,14.75,14.76,14.72,14.72,6108.4,1684451699999,90033.8318,194,1610.52,23750.0496,0
1684451700000,14.73,14.76,14.72,14.72,14201.53,1684452599999,209377.3386,232,8636.83,127355.1245,0
1684452600000,14.72,14.72,14.69,14.7,6218.11,1684453499999,91418.8106,184,2188.69,32177.5406,0
1684453500000,14.7,14.73,14.68,14.68,4042.43,1684454399999,59424.8548,134,950.74,13978.3722,0
1684454400000,14.68,14.71,14.67,14.7,11171.9,1684455299999,164060.3253,282,6421.92,94319.274,0
1684455300000,14.7,14.71,14.66,14.67,5443.97,1684456199999,79943.4072,147,2477.56,36379.6528,0
1684456200000,14.66,14.71,14.64,14.64,13875.3,1684457099999,203539.3274,377,5124.86,75133.9308,0
1684457100000,14.64,14.71,14.62,14.7,9770.17,1684457999999,143280.8913,305,5221.51,76609.4487,0
1684458000000,14.7,14.7,14.66,14.68,6829.33,1684458899999,100257.947,156,2770.01,40664.196,0
1684458900000,14.67,14.68,14.61,14.62,14005.59,1684459799999,205064.5807,333,4919.14,72024.424,0
1684459800000,14.61,14.64,14.6,14.61,16490.44,1684460699999,241000.4424,367,6360.74,92959.4349,0
1684460700000,14.61,14.64,14.58,14.63,12372.1,1684461599999,180726.3623,320,8850.63,129319.2418,0
1684461600000,14.62,14.65,14.6,14.61,7146.89,1684462499999,104529.0689,200,2070.1,30275.6173,0
1684462500000,14.62,14.64,14.61,14.62,5116.62,1684463399999,74818.3747,149,2121.45,31024.4498,0
1684463400000,14.62,14.63,14.58,14.59,8537.19,1684464299999,124622.3398,182,1704.06,24881.1212,0
1684464300000,14.6,14.61,14.58,14.61,4851.06,1684465199999,70797.7124,137,2033.3,29677.8701,0
1684465200000,14.6,14.61,14.57,14.6,4051.98,1684466099999,59096.4732,169,2308.81,33670.5511,0
1684466100000,14.6,14.66,14.6,14.65,5454.69,1684466999999,79836.9866,212,2557.99,37431.7184,0
1684467000000,14.66,14.67,14.64,14.66,5358.18,1684467899999,78528.8931,156,1659.72,24328.6804,0
1684467900000,14.66,14.67,14.65,14.67,2248.94,1684468799999,32978.5173,93,883.62,12954.4297,0
1684468800000,14.66,14.68,14.64,14.64,9049.84,1684469699999,132692.2242,229,3528.7,51723.418,0
1684469700000,14.64,14.66,14.64,14.66,5066.17,1684470599999,74217.8216,157,2896.79,42439.8147,0
1684470600000,14.66,14.69,14.65,14.68,3201.3,1684471499999,46967.0618,101,2264.76,33231.2898,0
1684471500000,14.68,14.7,14.67,14.7,4421.49,1684472399999,64911.8549,141,849.68,12483.2944,0
1684472400000,14.7,14.71,14.66,14.67,5839.64,1684473299999,85794.3636,190,2978.05,43758.6401,0
1684473300000,14.68,14.68,14.65,14.65,5385.89,1684474199999,78982.1324,147,2163.71,31731.8137,0
1684474200000,14.65,14.69,14.65,14.68,6058.72,1684475099999,88923.1307,161,2904.29,42628.8819,0
1684475100000,14.68,14.69,14.67,14.67,4288.13,1684475999999,62936.6434,133,1636.87,24028.0082,0
1684476000000,14.67,14.7,14.65,14.69,3922.9,1684476899999,57575.9418,130,2002.19,29390.5135,0
1684476900000,14.69,14.7,14.66,14.68,5541.28,1684477799999,81352.5554,168,1961.82,28801.4253,0
1684477800000,14.68,14.7,14.66,14.67,5900.35,1684478699999,86553.8206,190,2466.08,36173.6572,0
1684478700000,14.67,14.69,14.66,14.68,9183.42,1684479599999,134789.6898,205,5312.83,77988.2282,0
1684479600000,14.68,14.73,14.66,14.72,12457.63,1684480499999,183167.548,350,7605.93,111869.6136,0
1684480500000,14.73,14.74,14.68,14.69,5154.08,1684481399999,75854.4061,208,2514.86,37015.1282,0
1684481400000,14.69,14.7,14.67,14.69,6173.88,1684482299999,90648.0275,226,2539.98,37302.6491,0
1684482300000,14.69,14.7,14.68,14.7,3661.15,1684483199999,53783.9869,190,1895.46,27850.3897,0
1684483200000,14.7,14.73,14.69,14.73,9572.61,1684484099999,140850.2262,213,4389.61,64605.9055,0
1684484100000,14.73,14.75,14.72,14.74,3610.26,1684484999999,53171.7299,145,1780.03,26224.8748,0
1684485000000,14.75,14.76,14.71,14.71,16251.0,1684485899999,239460.1466,286,4603.65,67820.9326,0
1684485900000,14.72,14.74,14.7,14.72,7258.93,1684486799999,106889.0996,232,5313.6,78253.1247,0
1684486800000,14.73,14.74,14.7,14.71,5434.99,1684487699999,80035.9978,184,2212.68,32596.1339,0
1684487700000,14.71,14.72,14.69,14.71,4581.13,1684488599999,67350.2777,143,2352.48,34588.9512,0
1684488600000,14.71,14.72,14.7,14.71,3063.0,1684489499999,45055.3785,113,1886.69,27756.1309,0
1684489500000,14.71,14.73,14.7,14.72,3354.92,1684490399999,49366.3588,116,2293.81,33753.7815,0
1684490400000,14.72,14.73,14.7,14.7,5676.73,1684491299999,83510.5554,191,2286.82,33635.9485,0
1684491300000,14.7,14.72,14.68,14.71,8795.94,1684492199999,129288.3436,232,3522.79,51787.1553,0
1684492200000,14.71,14.73,14.71,14.72,3317.14,1684493099999,48825.3925,101,2567.06,37786.6066,0
1684493100000,14.73,14.73,14.68,14.7,5243.55,1684493999999,77095.1653,191,2244.51,32992.6967,0
1684494000000,14.7,14.72,14.66,14.66,15343.24,1684494899999,225290.0898,295,4089.83,60086.383,0
1684494900000,14.67,14.69,14.65,14.67,8247.04,1684495799999,120945.055,266,4552.64,66767.8888,0
1684495800000,14.68,14.69,14.63,14.64,4206.04,1684496699999,61609.8482,198,1247.97,18285.6003,0
1684496700000,14.65,14.68,14.64,14.65,8034.44,1684497599999,117786.122,264,3539.71,51892.929,0
1684497600000,14.66,14.73,14.65,14.72,12540.18,1684498499999,184258.8737,392,7132.84,104771.2309,0
1684498500000,14.72,14.74,14.69,14.71,9728.55,1684499399999,143093.4709,311,5196.32,76429.3916,0
1684499400000,14.71,14.72,14.7,14.72,8061.64,1684500299999,118571.8077,259,3789.65,55739.2982,0
1684500300000,14.71,14.73,14.71,14.72,5260.13,1684501199999,77418.4365,171,2996.87,44112.8981,0
1684501200000,14.72,14.74,14.71,14.71,5677.35,1684502099999,83607.1496,158,2533.14,37303.4932,0
1684502100000,14.71,14.73,14.68,14.71,9935.99,1684502999999,146136.0975,354,4071.3,59881.1086,0
1684503000000,14.71,14.72,14.69,14.7,12816.5,1684503899999,188464.5451,286,5538.79,81450.2289,0
1684503900000,14.7,14.71,14.66,14.67,5091.6,1684504799999,74747.685,212,1931.88,28355.3333,0
1684504800000,14.67,14.67,14.6,14.62,22309.98,1684505699999,326430.6407,598,8871.42,129825.8727,0
1684505700000,14.62,14.66,14.62,14.63,5469.54,1684506599999,80049.4626,197,2148.14,31443.3313,0
1684506600000,14.63,14.66,14.61,14.62,8191.9,1684507499999,119859.1739,245,3596.11,52577.2248,0
1684507500000,14.62,14.66,14.61,14.65,22164.13,1684508399999,324388.0575,533,10402.19,152226.6335,0
1684508400000,14.65,14.68,14.6,14.67,24007.65,1684509299999,351305.1888,601,11245.09,164545.8738,0
1684509300000,14.68,14.84,14.64,14.66,71238.84,1684510199999,1051502.2092,2076,33378.18,492891.2195,0
1684510200000,14.65,14.72,14.56,14.71,43953.42,1684511099999,643460.9511,1412,20335.94,297700.2131,0
1684511100000,14.7,14.73,14.67,14.7,27902.62,1684511999999,410290.7622,725,12976.87,190839.3612,0
1684512000000,14.7,14.74,14.66,14.71,14438.58,1684512899999,212412.4164,459,8671.85,127576.8394,0
1684512900000,14.71,14.74,14.7,14.71,7108.28,1684513799999,104639.6129,202,3166.84,46630.8977,0
1684513800000,14.7,14.72,14.66,14.71,11049.58,1684514699999,162263.5217,375,5457.86,80160.6323,0
1684514700000,14.72,14.72,14.69,14.69,6563.83,1684515599999,96507.1599,193,2756.35,40529.0037,0
1684515600000,14.69,14.73,14.68,14.72,9121.88,1684516499999,134105.1721,271,4486.49,65953.6443,0
1684516500000,14.72,14.77,14.71,14.76,10314.34,1684517399999,152058.2376,316,6401.23,94364.4869,0
1684517400000,14.75,14.77,14.73,14.76,7753.87,1684518299999,114379.7845,245,3101.47,45753.1206,0
1684518300000,14.77,14.8,14.75,14.75,15154.58,1684519199999,223837.72,432,7367.23,108824.1714,0
1684519200000,14.76,14.8,14.75,14.77,15088.55,1684520099999,222959.5222,411,6244.64,92271.4915,0
1684520100000,14.77,14.78,14.73,14.73,13471.49,1684520999999,198870.2505,287,7867.95,116162.1092,0
1684521000000,14.74,14.75,14.71,14.75,5694.09,1684521899999,83894.7945,187,3610.99,53206.1351,0
1684521900000,14.75,14.76,14.73,14.75,6695.31,1684522799999,98737.0895,195,3266.6,48181.7433,0
1684522800000,14.75,14.75,14.71,14.72,4809.12,1684523699999,70814.9715,166,3267.34,48113.6267,0
1684523700000,14.72,14.73,14.67,14.69,12792.53,1684524599999,188067.6696,373,5607.96,82439.1611,0
1684524600000,14.69,14.7,14.67,14.69,6250.91,1684525499999,91815.2259,185,3472.18,51007.299,0
1684525500000,14.7,14.71,14.69,14.71,7492.83,1684526399999,110147.3272,199,4252.47,62514.0818,0
1684526400000,14.71,14.72,14.68,14.72,7179.61,1684527299999,105560.7149,184,3465.2,50957.2967,0
1684527300000,14.72,14.72,14.69,14.71,4052.45,1684528199999,59570.5806,121,1696.01,24942.8753,0
1684528200000,14.7,14.72,14.67,14.68,6077.27,1684529099999,89273.7091,171,2600.68,38200.113,0
1684529100000,14.68,14.71,14.68,14.7,5489.93,1684529999999,80663.5062,202,2654.38,39003.958,0
1684530000000,14.69,14.7,14.68,14.69,2007.95,1684530899999,29496.9456,91,590.96,8683.3024,0
1684530900000,14.69,14.71,14.67,14.71,9703.57,1684531799999,142486.8259,216,4958.2,72806.2671,0
1684531800000,14.71,14.71,14.67,14.68,3361.75,1684532699999,49378.8667,130,1389.09,20402.2667,0
1684532700000,14.68,14.71,14.68,14.71,3782.77,1684533599999,55584.432,136,2712.06,39857.8298,0
1684533600000,14.7,14.71,14.68,14.68,2280.88,1684534499999,33518.7049,87,830.44,12204.5017,0
1684534500000,14.69,14.7,14.68,14.69,1114.49,1684535399999,16370.8299,73,429.76,6314.0903,0
1684535400000,14.69,14.71,14.69,14.69,830.99,1684536299999,12213.2311,47,443.73,6521.4838,0
1684536300000,14.69,14.71,14.69,14.7,2028.59,1684537199999,29819.5704,71,1136.23,16702.6031,0
1684537200000,14.71,14.71,14.68,14.69,3001.05,1684538099999,44121.7998,98,1683.48,24755.2933,0
1684538100000,14.69,14.71,14.69,14.7,2353.62,1684538999999,34600.4966,79,940.99,13835.733,0
1684539000000,14.7,14.71,14.68,14.69,2197.35,1684539899999,32287.2136,86,1054.59,15502.0046,0
1684539900000,14.69,14.71,14.65,14.68,6895.36,1684540799999,101197.877,269,3213.46,47175.9087,0
1684540800000,14.68,14.68,14.64,14.66,3313.02,1684541699999,48546.7287,175,1125.36,16491.8365,0
1684541700000,14.66,14.66,14.61,14.65,7521.29,1684542599999,110070.704,238,2883.74,42202.9484,0
1684542600000,14.65,14.65,14.55,14.56,27368.9,1684543499999,399183.4916,679,11733.95,171026.2327,0
1684543500000,14.57,14.58,14.54,14.58,8546.68,1684544399999,124453.999,315,3712.82,54070.1758,0
1684544400000,14.57,14.6,14.56,14.59,4150.21,1684545299999,60528.7489,144,2455.41,35820.2735,0
1684545300000,14.58,14.63,14.58,14.63,6117.55,1684546199999,89397.8989,194,4467.79,65300.5223,0
1684546200000,14.62,14.63,14.6,14.61,3805.41,1684547099999,55643.7636,138,835.65,12221.9649,0
1684547100000,14.61,14.63,14.6,14.62,2396.44,1684547999999,35016.151,116,1085.29,15860.5347,0
1684548000000,14.62,14.63,14.61,14.62,3691.72,1684548899999,53986.2296,118,2340.9,34238.2675,0
1684548900000,14.62,14.62,14.6,14.6,1832.21,1684549799999,26769.6855,77,775.42,11331.25,0
1684549800000,14.61,14.61,14.56,14.57,4619.63,1684550699999,67375.1315,138,1256.45,18311.6674,0
1684550700000,14.57,14.57,14.55,14.57,5526.06,1684551599999,80457.4857,160,1647.58,23989.9623,0
1684551600000,14.57,14.62,14.57,14.61,6123.41,1684552499999,89390.0905,206,3752.48,54774.7681,0
1684552500000,14.61,14.62,14.59,14.59,3276.66,1684553399999,47857.6151,107,1346.31,19666.3363,0
1684553400000,14.6,14.62,14.59,14.62,1339.23,1684554299999,19559.6492,48,1294.26,18902.9893,0
1684554300000,14.61,14.64,14.6,14.64,4229.07,1684555199999,61845.6528,146,2805.88,41032.8503,0
1684555200000,14.64,14.64,14.6,14.6,3126.82,1684556099999,45678.2616,92,988.88,14449.1215,0
1684556100000,14.6,14.61,14.58,14.6,5222.38,1684556999999,76202.9173,107,1507.55,22008.0292,0
1684557000000,14.59,14.61,14.59,14.61,1724.55,1684557899999,25177.0268,57,1128.24,16470.9108,0
1684557900000,14.61,14.63,14.6,14.63,3451.15,1684558799999,50419.3455,123,2126.66,31068.7523,0
1684558800000,14.63,14.63,14.56,14.58,13205.68,1684559699999,192745.1083,271,3215.82,46940.9702,0
1684559700000,14.58,14.58,14.56,14.58,3922.75,1684560599999,57159.3882,123,2970.02,43278.6357,0
1684560600000,14.58,14.59,14.53,14.53,7997.36,1684561499999,116369.0938,290,2401.06,34953.4381,0
1684561500000,14.53,14.57,14.53,14.57,2879.87,1684562399999,41916.8059,117,2325.01,33842.7281,0
1684562400000,14.57,14.59,14.56,14.58,2095.08,1684563299999,30522.8422,93,845.46,12324.168,0
1684563300000,14.58,14.59,14.55,14.56,5319.55,1684564199999,77496.0061,145,1731.45,25212.9721,0
1684564200000,14.56,14.58,14.55,14.55,1774.49,1684565099999,25828.4633,92,352.78,5136.2707,0
1684565100000,14.56,14.58,14.55,14.55,3273.05,1684565999999,47664.5972,122,1847.49,26903.737,0
1684566000000,14.55,14.57,14.54,14.56,3304.26,1684566899999,48099.0707,105,1359.69,19797.2915,0
1684566900000,14.57,14.57,14.54,14.56,2927.08,1684567799999,42595.0207,94,1377.17,20041.4993,0
1684567800000,14.57,14.58,14.54,14.57,4559.72,1684568699999,66364.8234,163,2353.63,34257.956,0
1684568700000,14.58,14.58,14.56,14.57,2128.53,1684569599999,31022.3378,75,1473.58,21479.8367,0
1684569600000,14.58,14.59,14.56,14.58,2727.84,1684570499999,39755.4674,143,1497.84,21834.7109,0
1684570500000,14.59,14.6,14.58,14.58,2453.86,1684571399999,35799.8397,127,1022.14,14914.795,0
1684571400000,14.58,14.6,14.58,14.59,3823.41,1684572299999,55781.8081,136,1701.42,24826.2761,0
1684572300000,14.59,14.62,14.58,14.62,8059.15,1684573199999,117710.2922,221,4569.57,66730.3368,0
1684573200000,14.62,14.62,14.59,14.6,4270.5,1684574099999,62377.8107,152,713.88,10432.9801,0
1684574100000,14.61,14.61,14.57,14.59,13904.17,1684574999999,202815.0225,281,2827.79,41267.9788,0
1684575000000,14.58,14.6,14.57,14.59,3182.79,1684575899999,46422.9281,107,2151.93,31389.9174,0
1684575900000,14.58,14.6,14.58,14.6,1023.46,1684576799999,14933.2883,74,741.01,10813.0016,0
1684576800000,14.59,14.62,14.59,14.61,3860.27,1684577699999,56384.2601,153,3479.94,50831.4334,0
1684577700000,14.61,14.62,14.6,14.61,6678.12,1684578599999,97556.5545,180,2908.53,42495.0051,0
1684578600000,14.6,14.61,14.59,14.6,2277.2,1684579499999,33246.7106,120,588.47,8593.7699,0
1684579500000,14.6,14.6,14.59,14.6,1768.87,1684580399999,25816.4877,98,867.44,12664.624,0
1684580400000,14.59,14.6,14.58,14.59,4284.18,1684581299999,62522.0038,138,1756.0,25629.4113,0
1684581300000,14.6,14.61,14.6,14.6,3748.06,1684582199999,54729.1954,136,1388.08,20273.4874,0
1684582200000,14.6,14.6,14.57,14.59,4513.2,1684583099999,65809.2877,144,1482.41,21614.209,0
1684583100000,14.58,14.59,14.57,14.59,3039.15,1684583999999,44307.0038,129,1550.42,22608.4062,0
1684584000000,14.59,14.62,14.58,14.61,6165.07,1684584899999,90029.8894,167,4120.65,60186.202,0
1684584900000,14.61,14.64,14.6,14.63,8488.5,1684585799999,124127.6136,244,4097.23,59916.3521,0
1684585800000,14.62,14.63,14.59,14.6,4634.15,1684586699999,67699.8867,140,2030.62,29670.3844,0
1684586700000,14.6,14.62,14.59,14.61,3907.85,1684587599999,57076.5094,134,3062.32,44725.1287,0
1684587600000,14.61,14.62,14.59,14.61,3939.36,1684588499999,57548.8636,151,1371.19,20026.2751,0
1684588500000,14.61,14.61,14.57,14.58,4913.15,1684589399999,71685.0365,190,2478.66,36158.0903,0
1684589400000,14.59,14.61,14.58,14.6,1479.12,1684590299999,21592.1752,81,367.53,5364.8423,0
1684590300000,14.59,14.6,14.59,14.6,1101.7,1684591199999,16080.0742,60,627.12,9155.952,0
1684591200000,14.6,14.62,14.6,14.61,4197.52,1684592099999,61317.5837,138,2806.11,40991.2981,0
1684592100000,14.61,14.62,14.6,14.6,3581.56,1684592999999,52324.5867,107,1769.45,25853.6083,0
1684593000000,14.61,14.61,14.59,14.6,2179.8,1684593899999,31825.9459,88,1001.38,14622.2322,0
1684593900000,14.61,14.62,14.6,14.62,3664.35,1684594799999,53531.4758,108,1690.92,24708.1046,0
1684594800000,14.62,14.64,14.61,14.62,5127.49,1684595699999,74960.6668,153,2111.72,30875.2351,0
1684595700000,14.61,14.65,14.61,14.64,4532.43,1684596599999,66314.2113,132,1997.06,29227.3034,0
1684596600000,14.65,14.66,14.63,14.63,8120.67,1684597499999,118924.7998,202,3786.7,55452.3987,0
1684597500000,14.63,14.66,14.63,14.65,3521.67,1684598399999,51571.143,117,1182.11,17313.9015,0
1684598400000,14.65,14.66,14.63,14.64,2417.36,1684599299999,35404.6778,105,613.83,8992.7277,0
1684599300000,14.63,14.65,14.6,14.6,4844.33,1684600199999,70830.8958,148,1075.49,15718.7623,0
1684600200000,14.61,14.61,14.59,14.6,4986.05,1684601099999,72798.4155,148,1172.44,17121.5491,0
1684601100000,14.6,14.61,14.59,14.61,1842.87,1684601999999,26904.1085,73,634.83,9268.8242,0
1684602000000,14.6,14.61,14.59,14.6,5405.03,1684602899999,78914.2436,122,2734.57,39926.1695,0
1684602900000,14.59,14.62,14.59,14.61,6807.03,1684603799999,99439.9748,157,3448.15,50373.4433,0
1684603800000,14.61,14.64,14.6,14.64,6450.86,1684604699999,94312.1396,171,3240.92,47397.0658,0
1684604700000,14.64,14.69,14.64,14.68,17914.28,1684605599999,262740.2885,438,7640.83,112096.198,0
1684605600000,14.69,14.7,14.67,14.7,8164.81,1684606499999,119920.7687,254,4957.0,72813.0044,0
1684606500000,14.7,14.71,14.66,14.68,8796.7,1684607399999,129133.7327,260,4231.27,62113.5204,0
1684607400000,14.68,14.69,14.66,14.66,6067.24,1684608299999,89006.0621,171,2526.69,37068.6816,0
1684608300000,14.66,14.68,14.64,14.65,8409.54,1684609199999,123224.3325,176,1018.81,14947.6345,0
1684609200000,14.64,14.65,14.58,14.63,7777.0,1684610099999,113608.0279,344,2638.88,38562.1844,0
1684610100000,14.62,14.65,14.62,14.63,4659.46,1684610999999,68175.2592,168,2344.95,34312.1262,0
1684611000000,14.64,14.65,14.63,14.65,2087.73,1684611899999,30560.9266,120,910.9,13335.8846,0
1684611900000,14.64,14.66,14.63,14.66,2976.2,1684612799999,43592.5231,93,1422.55,20834.2917,0
1684612800000,14.66,14.67,14.64,14.65,4438.28,1684613699999,65061.8044,159,1958.8,28723.7671,0
1684613700000,14.65,14.66,14.64,14.64,5088.84,1684614599999,74552.9008,108,1224.88,17949.0343,0
1684614600000,14.64,14.65,14.62,14.62,2627.21,1684615499999,38453.0338,110,825.35,12082.9799,0
1684615500000,14.63,14.63,14.6,14.62,3950.4,1684616399999,57722.9147,143,1793.22,26205.8246,0
1684616400000,14.62,14.62,14.6,14.62,3065.12,1684617299999,44779.905,120,1714.6,25051.2911,0
1684617300000,14.61,14.63,14.6,14.63,5097.14,1684618199999,74490.4505,125,2729.82,39904.9956,0
1684618200000,14.62,14.63,14.61,14.62,5311.72,1684619099999,77659.8109,137,2243.71,32808.2787,0
1684619100000,14.62,14.63,14.62,14.63,3651.26,1684619999999,53394.7264,98,2352.61,34400.5078,0
1684620000000,14.63,14.64,14.61,14.62,5144.74,1684620899999,75240.2081,166,1352.27,19774.3553,0
1684620900000,14.62,14.63,14.61,14.62,2777.87,1684621799999,40609.5881,85,1514.04,22136.4234,0
1684621800000,14.62,14.63,14.61,14.63,774.0,1684622699999,11318.3031,53,429.5,6282.0131,0
1684622700000,14.62,14.63,14.62,14.63,313.05,1684623599999,4577.9589,23,116.79,1708.6377,0
1684623600000,14.62,14.62,14.6,14.6,2701.89,1684624499999,39465.5898,105,904.89,13215.7079,0
1684624500000,14.61,14.63,14.61,14.61,1576.15,1684625399999,23038.1382,89,888.97,12993.4489,0
1684625400000,14.62,14.63,14.61,14.62,1763.9,1684626299999,25789.6286,62,1298.59,18987.8377,0
1684626300000,14.62,14.64,14.61,14.63,2041.65,1684627199999,29863.9368,65,1048.99,15345.3662,0
1684627200000,14.63,14.64,14.6,14.62,4449.63,1684628099999,65036.3327,136,1490.45,21785.0709,0
1684628100000,14.62,14.62,14.6,14.61,1860.46,1684628999999,27184.1477,71,363.98,5320.5822,0
1684629000000,14.61,14.64,14.61,14.63,8462.57,1684629899999,123753.4677,135,6651.95,97287.7744,0
1684629900000,14.64,14.69,14.64,14.68,15591.05,1684630799999,228646.2261,409,7509.41,110140.9539,0
1684630800000,14.69,14.7,14.65,14.66,4671.23,1684631699999,68500.067,169,1710.67,25088.3717,0
1684631700000,14.67,14.67,14.63,14.64,2517.28,1684632599999,36870.2126,94,1373.63,20117.1811,0
1684632600000,14.63,14.65,14.62,14.63,3144.31,1684633499999,46024.3886,100,1661.5,24324.0925,0
1684633500000,14.63,14.64,14.6,14.61,7098.16,1684634399999,103784.164,165,4254.79,62230.0865,0
1684634400000,14.62,14.63,14.6,14.61,3132.17,1684635299999,45769.2235,75,808.46,11815.6731,0
1684635300000,14.62,14.62,14.59,14.61,6189.34,1684636199999,90374.8535,128,3538.87,51679.0445,0
1684636200000,14.61,14.62,14.61,14.62,1178.92,1684637099999,17224.1721,24,1087.74,15892.0323,0
1684637100000,14.62,14.62,14.6,14.62,2183.36,1684637999999,31911.2863,58,446.7,6528.7149,0
1684638000000,14.62,14.63,14.61,14.61,1095.15,1684638899999,16010.5357,44,436.62,6383.4192,0
1684638900000,14.61,14.62,14.6,14.61,1842.26,1684639799999,26919.8086,45,1374.95,20092.9176,0
1684639800000,14.62,14.62,14.61,14.61,817.37,1684640699999,11944.1927,33,241.7,3533.654,0
1684640700000,14.61,14.63,14.61,14.62,3153.14,1684641599999,46083.2528,80,1487.75,21744.0179,0
1684641600000,14.62,14.63,14.6,14.61,2475.62,1684642499999,36173.9516,67,112.65,1646.7913,0
1684642500000,14.6,14.62,14.6,14.62,1500.73,1684643399999,21920.3227,52,819.07,11967.8524,0
1684643400000,14.61,14.62,14.6,14.62,3124.66,1684644299999,45648.2354,89,1525.1,22283.4366,0
1684644300000,14.61,14.63,14.61,14.61,3269.1,1684645199999,47784.0537,73,1910.14,27927.0468,0
1684645200000,14.62,14.63,14.61,14.61,3150.56,1684646099999,46061.8383,69,1678.48,24540.1064,0
1684646100000,14.62,14.63,14.61,14.62,3671.7,1684646999999,53681.4828,102,1779.5,26018.8165,0
1684647000000,14.61,14.63,14.61,14.62,270.33,1684647899999,3953.388,30,233.78,3419.038,0
1684647900000,14.63,14.63,14.6,14.62,2485.12,1684648799999,36308.4356,84,397.37,5806.6742,0
1684648800000,14.61,14.62,14.6,14.61,4895.19,1684649699999,71535.5325,117,3756.23,54895.4583,0
1684649700000,14.61,14.62,14.6,14.61,2462.45,1684650599999,35978.4495,101,726.87,10622.6365,0
1684650600000,14.61,14.62,14.6,14.62,2774.82,1684651499999,40543.5851,85,1018.17,14878.9491,0
1684651500000,14.62,14.63,14.62,14.62,2572.89,1684652399999,37629.5559,96,2201.47,32199.3955,0
1684652400000,14.63,14.64,14.62,14.63,6352.48,1684653299999,92940.842,198,3089.76,45215.8379,0
1684653300000,14.63,14.65,14.62,14.64,4529.14,1684654199999,66291.5137,125,2549.05,37312.2038,0
1684654200000,14.64,14.66,14.62,14.64,4984.25,1684655099999,72992.5364,143,3570.52,52288.5149,0
1684655100000,14.64,14.65,14.62,14.62,1616.08,1684655999999,23651.1474,77,441.36,6460.3788,0
1684656000000,14.63,14.63,14.6,14.61,10745.69,1684656899999,156940.9431,176,1595.5,23304.4657,0
1684656900000,14.62,14.62,14.59,14.6,842.34,1684657799999,12303.4814,63,179.8,2627.2192,0
1684657800000,14.6,14.62,14.6,14.61,4966.06,1684658699999,72560.2862,129,3193.83,46665.6318,0
1684658700000,14.62,14.63,14.6,14.6,3552.19,1684659599999,51917.399,99,2208.1,32278.9033,0
1684659600000,14.61,14.61,14.59,14.59,4164.54,1684660499999,60805.4797,173,1032.96,15084.5078,0
1684660500000,14.6,14.62,14.59,14.6,5660.48,1684661399999,82690.2698,146,4360.03,63694.5881,0
1684661400000,14.6,14.62,14.59,14.61,3743.59,1684662299999,54664.2351,124,2243.92,32770.1989,0
1684662300000,14.62,14.63,14.59,14.61,3667.26,1684663199999,53581.0579,125,1414.74,20669.5725,0
1684663200000,14.61,14.61,14.6,14.61,1354.37,1684664099999,19781.9639,96,750.53,10965.2433,0
1684664100000,14.62,14.62,14.6,14.6,2121.2,1684664999999,30981.6418,71,583.44,8524.3128,0
1684665000000,14.61,14.61,14.56,14.58,3272.28,1684665899999,47704.9243,198,1118.98,16314.8981,0
1684665900000,14.57,14.58,14.51,14.54,23431.46,1684666799999,340704.5802,619,8660.27,125900.6148,0
1684666800000,14.53,14.54,14.45,14.48,24802.24,1684667699999,359353.2192,857,11844.45,171610.9334,0
1684667700000,14.48,14.48,14.44,14.47,13875.0,1684668599999,200665.2561,465,7897.19,114216.3447,0
1684668600000,14.48,14.5,14.46,14.49,5052.15,1684669499999,73172.8156,223,2619.45,37946.785,0
1684669500000,14.48,14.49,14.45,14.46,11584.32,1684670399999,167636.154,238,3930.23,56868.595,0
1684670400000,14.46,14.49,14.45,14.46,11158.63,1684671299999,161524.5083,269,5228.68,75674.7682,0
1684671300000,14.47,14.48,14.46,14.47,2215.74,1684672199999,32067.4043,105,1553.13,22479.5684,0
1684672200000,14.48,14.5,14.47,14.49,6314.28,1684673099999,91425.5997,188,4310.58,62420.2317,0
1684673100000,14.49,14.5,14.48,14.49,9445.65,1684673999999,136897.6648,195,6175.82,89521.5702,0
1684674000000,14.5,14.51,14.49,14.5,3601.43,1684674899999,52210.3527,141,1481.56,21482.9679,0
1684674900000,14.49,14.49,14.47,14.48,2275.89,1684675799999,32962.5875,104,1026.89,14874.6607,0
1684675800000,14.49,14.49,14.45,14.48,11798.37,1684676699999,170680.7906,299,3342.92,48363.6301,0
1684676700000,14.48,14.49,14.46,14.47,7229.13,1684677599999,104693.0532,128,4149.69,60112.0515,0
1684677600000,14.48,14.49,14.46,14.47,7489.29,1684678499999,108392.727,238,2839.49,41114.7433,0
1684678500000,14.47,14.49,14.46,14.49,9890.51,1684679399999,143206.1128,179,6585.43,95361.2198,0
1684679400000,14.49,14.51,14.48,14.5,7233.43,1684680299999,104854.3825,227,4031.57,58443.7102,0
1684680300000,14.49,14.49,14.45,14.46,8047.33,1684681199999,116454.3827,240,3368.1,48738.6662,0
1684681200000,14.46,14.49,14.45,14.48,3719.28,1684682099999,53847.0528,141,1131.2,16372.1093,0
1684682100000,14.47,14.48,14.47,14.47,2065.52,1684682999999,29898.9729,77,602.72,8727.3856,0
1684683000000,14.47,14.48,14.24,14.25,64430.62,1684683899999,924719.7139,2246,24452.24,350824.6431,0
1684683900000,14.25,14.38,14.24,14.35,39457.35,1684684799999,564936.6332,1337,20269.96,290195.5729,0
1684684800000,14.35,14.39,14.3,14.37,50619.73,1684685699999,726962.0321,1222,21193.9,304194.1391,0
1684685700000,14.37,14.37,14.27,14.31,19955.45,1684686599999,285710.7216,500,7615.14,108937.8553,0
1684686600000,14.32,14.36,14.29,14.31,18977.27,1684687499999,271757.2297,494,8814.75,126206.1917,0
1684687500000,14.31,14.32,14.27,14.31,14508.27,1684688399999,207377.0252,461,5596.96,80017.1327,0
1684688400000,14.31,14.35,14.28,14.34,15782.54,1684689299999,226025.4692,381,8020.74,114836.4514,0
1684689300000,14.34,14.34,14.31,14.32,3191.18,1684690199999,45717.2692,139,901.87,12926.8661,0
1684690200000,14.32,14.34,14.28,14.33,12845.81,1684691099999,183765.8636,334,6784.83,97060.143,0
1684691100000,14.32,14.33,14.29,14.31,11870.05,1684691999999,169886.2931,273,6179.94,88439.2599,0
1684692000000,14.32,14.33,14.3,14.3,11281.33,1684692899999,161421.8942,227,2990.4,42810.654,0
1684692900000,14.3,14.32,14.28,14.3,9323.94,1684693799999,133303.3161,197,3408.86,48739.4201,0
1684693800000,14.3,14.33,14.29,14.33,5269.33,1684694699999,75403.6403,196,3724.01,53300.3763,0
1684694700000,14.32,14.34,14.31,14.32,5963.84,1684695599999,85439.8726,168,2258.93,32365.2223,0
1684695600000,14.32,14.34,14.31,14.34,4543.35,1684696499999,65075.6737,119,2001.89,28682.1285,0
1684696500000,14.33,14.33,14.3,14.31,6150.83,1684697399999,88067.578,149,2516.11,36023.5275,0
1684697400000,14.32,14.36,14.31,14.35,7761.47,1684698299999,111317.2995,209,4832.75,69312.0232,0
1684698300000,14.35,14.37,14.35,14.37,6928.19,1684699199999,99477.4604,171,4116.07,59109.2812,0
1684699200000,14.37,14.38,14.34,14.36,8363.08,1684700099999,120059.5813,234,5030.55,72225.7217,0
1684700100000,14.35,14.37,14.35,14.36,3308.05,1684700999999,47513.6365,96,2549.7,36624.3103,0
1684701000000,14.37,14.37,14.35,14.36,4226.33,1684701899999,60702.1051,109,1868.2,26840.203,0
1684701900000,14.35,14.37,14.31,14.33,12722.55,1684702799999,182554.5043,261,9589.66,137595.8866,0
1684702800000,14.32,14.33,14.17,14.27,66888.73,1684703699999,952246.3769,1553,25654.23,365352.5532,0
1684703700000,14.27,14.28,14.23,14.27,18689.51,1684704599999,266268.6226,702,11398.85,162420.6133,0
1684704600000,14.27,14.31,14.25,14.3,14332.53,1684705499999,204732.4643,318,8315.37,118770.282,0
1684705500000,14.3,14.33,14.3,14.32,2398.62,1684706399999,34335.898,116,1898.04,27170.6051,0
1684706400000,14.32,14.34,14.31,14.32,3273.46,1684707299999,46899.9534,116,1835.61,26298.5796,0
1684707300000,14.32,14.34,14.32,14.34,3421.92,1684708199999,49023.8885,116,2066.17,29598.832,0
1684708200000,14.34,14.37,14.33,14.36,4897.54,1684709099999,70284.6409,139,2012.36,28879.6784,0
1684709100000,14.35,14.35,14.33,14.33,2724.86,1684709999999,39080.2007,104,1217.86,17469.1581,0
1684710000000,14.34,14.36,14.33,14.34,2911.32,1684710899999,41761.2431,108,1271.34,18240.4231,0
1684710900000,14.36,14.36,14.34,14.35,1475.67,1684711799999,21165.1269,55,642.94,9223.7787,0
1684711800000,14.34,14.35,14.33,14.33,3311.57,1684712699999,47479.543,101,959.32,13755.7431,0
1684712700000,14.33,14.33,14.3,14.31,4932.79,1684713599999,70576.1142,142,3488.47,49907.6513,0
1684713600000,14.31,14.34,14.29,14.33,5179.04,1684714499999,74117.6727,302,2526.15,36167.4,0
1684714500000,14.33,14.33,14.23,14.25,11660.02,1684715399999,166473.6478,324,3327.62,47478.5539,0
1684715400000,14.24,14.24,14.13,14.14,66977.73,1684716299999,949657.8251,1607,24910.63,353144.3649,0
1684716300000,14.13,14.24,14.08,14.23,26852.44,1684717199999,380158.6776,1145,12956.95,183413.0425,0
1684717200000,14.22,14.25,14.16,14.16,31304.42,1684718099999,444742.7557,605,12152.0,172713.8588,0
1684718100000,14.16,14.23,14.13,14.23,15701.71,1684718999999,222654.1716,415,7959.92,112845.7326,0
1684719000000,14.22,14.24,14.2,14.23,7694.37,1684719899999,109389.7919,204,4028.85,57266.2112,0
1684719900000,14.24,14.24,14.19,14.21,10835.45,1684720799999,153938.8787,268,3653.64,51891.8112,0
1684720800000,14.21,14.24,14.19,14.23,10687.95,1684721699999,151932.5718,251,5535.65,78697.9368,0
1684721700000,14.23,14.28,14.23,14.26,5238.05,1684722599999,74694.4352,201,2050.05,29234.9418,0
1684722600000,14.27,14.29,14.26,14.28,7376.66,1684723499999,105292.4481,164,3691.03,52679.7195,0
1684723500000,14.28,14.3,14.26,14.3,4057.66,1684724399999,57972.787,138,2291.98,32756.926,0
1684724400000,14.3,14.3,14.27,14.27,12787.97,1684725299999,182618.9465,167,1378.96,19694.4744,0
1684725300000,14.28,14.29,14.26,14.28,2690.39,1684726199999,38404.4257,88,1787.15,25513.6067,0
1684726200000,14.29,14.3,14.26,14.3,4348.13,1684727099999,62067.8398,116,2088.59,29818.3106,0
1684727100000,14.29,14.29,14.26,14.27,4024.48,1684727999999,57461.4054,121,1325.43,18923.1405,0
1684728000000,14.27,14.28,14.24,14.26,6371.77,1684728899999,90824.4419,148,3428.55,48871.3692,0
1684728900000,14.26,14.29,14.25,14.29,3446.57,1684729799999,49176.6902,94,2128.02,30371.7991,0
1684729800000,14.29,14.31,14.28,14.3,7146.53,1684730699999,102188.1489,133,2745.28,39241.3197,0
1684730700000,14.3,14.33,14.3,14.31,5756.03,1684731599999,82398.2047,153,3461.77,49556.5982,0
1684731600000,14.32,14.33,14.3,14.31,5678.46,1684732499999,81282.643,141,1377.55,19722.2939,0
1684732500000,14.3,14.32,14.29,14.31,4090.57,1684733399999,58516.4763,110,1606.04,22983.391,0
1684733400000,14.31,14.33,14.31,14.32,4902.11,1684734299999,70185.2738,117,3715.83,53201.8801,0
1684734300000,14.32,14.34,14.31,14.33,3423.74,1684735199999,49040.551,119,1556.52,22296.9881,0
1684735200000,14.33,14.34,14.32,14.34,6680.19,1684736099999,95747.2043,161,3797.77,54448.5023,0
1684736100000,14.34,14.41,14.33,14.4,15161.79,1684736999999,217899.0252,444,8399.5,120703.9826,0
1684737000000,14.4,14.41,14.35,14.36,10562.58,1684737899999,151993.3287,246,4283.25,61637.7432,0
1684737900000,14.36,14.38,14.35,14.36,5803.43,1684738799999,83374.3385,168,2664.25,38285.356,0
1684738800000,14.37,14.39,14.36,14.37,2331.03,1684739699999,33490.6439,92,1003.42,14415.35,0
1684739700000,14.36,14.37,14.34,14.35,4879.25,1684740599999,70023.1359,150,1929.4,27689.5537,0
1684740600000,14.36,14.36,14.33,14.34,4355.25,1684741499999,62480.0875,156,1349.27,19359.6257,0
1684741500000,14.34,14.36,14.34,14.34,2806.17,1684742399999,40265.228,107,1651.88,23704.9976,0
1684742400000,14.35,14.38,14.34,14.38,4719.55,1684743299999,67768.8618,143,3564.25,51190.6602,0
1684743300000,14.38,14.4,14.38,14.39,6764.54,1684744199999,97366.2065,171,2495.4,35918.5888,0
1684744200000,14.39,14.41,14.38,14.39,8014.11,1684745099999,115335.3861,201,3682.27,53001.849,0
1684745100000,14.39,14.41,14.39,14.4,6777.61,1684745999999,97599.3191,198,2957.46,42592.7875,0
1684746000000,14.39,14.44,14.39,14.43,12799.74,1684746899999,184550.2329,533,5318.13,76704.2313,0
1684746900000,14.43,14.45,14.42,14.45,13535.16,1684747799999,195468.2219,360,7594.56,109660.3119,0
1684747800000,14.45,14.63,14.44,14.58,93588.44,1684748699999,1360508.085,2982,52761.5,766597.2424,0
1684748700000,14.58,14.61,14.52,14.52,23026.33,1684749599999,335229.3559,812,10605.91,154489.4537,0
1684749600000,14.53,14.56,14.53,14.56,8372.39,1684750499999,121742.3842,272,4193.2,60992.1309,0
1684750500000,14.55,14.56,14.54,14.56,5524.44,1684751399999,80383.1565,174,2761.3,40184.3811,0
1684751400000,14.55,14.62,14.55,14.58,56978.58,1684752299999,831297.7316,1212,24552.64,358156.3078,0
1684752300000,14.58,14.63,14.58,14.61,21237.21,1684753199999,310269.5585,629,12776.15,186633.7428,0
1684753200000,14.62,14.63,14.58,14.58,11686.54,1684754099999,170572.2758,347,6022.1,87898.2142,0
1684754100000,14.57,14.59,14.56,14.56,12062.55,1684754999999,175795.708,301,6671.55,97255.8871,0
1684755000000,14.56,14.58,14.54,14.57,12078.7,1684755899999,175910.5756,268,6573.37,95743.0521,0
1684755900000,14.57,14.58,14.56,14.57,7279.16,1684756799999,106041.9797,159,4314.9,62876.2181,0
1684756800000,14.57,14.61,14.56,14.59,13835.94,1684757699999,201798.2802,430,8458.82,123372.8048,0
1684757700000,14.59,14.59,14.54,14.55,7799.38,1684758599999,113558.6182,253,4363.06,63520.0125,0
1684758600000,14.55,14.56,14.51,14.51,28523.53,1684759499999,414682.8779,540,16205.25,235611.6667,0
1684759500000,14.52,14.52,14.46,14.46,20138.98,1684760399999,291882.2155,474,8664.74,125610.9155,0
1684760400000,14.46,14.47,14.43,14.45,16249.52,1684761299999,234686.163,484,8356.6,120696.8263,0
1684761300000,14.44,14.48,14.44,14.47,7786.67,1684762199999,112688.405,248,4302.1,62266.71,0
1684762200000,14.47,14.61,14.47,14.59,28618.69,1684763099999,416416.1007,814,15266.93,222080.8646,0
1684763100000,14.6,14.63,14.57,14.59,34865.33,1684763999999,509388.78,844,19958.55,291599.6133,0
1684764000000,14.59,14.61,14.49,14.55,29612.17,1684764899999,430688.6867,732,12940.49,188184.4359,0
1684764900000,14.55,14.63,14.54,14.59,29519.61,1684765799999,430661.0047,614,16901.6,246513.85,0
1684765800000,14.6,14.61,14.54,14.55,14591.8,1684766699999,212697.8805,347,4937.71,72023.4474,0
1684766700000,14.55,14.57,14.53,14.57,7365.96,1684767599999,107150.4889,240,4116.06,59883.8847,0
1684767600000,14.57,14.59,14.54,14.57,10298.41,1684768499999,150040.0408,312,5959.46,86829.0847,0
1684768500000,14.57,14.59,14.53,14.55,6189.65,1684769399999,90099.4969,189,2740.75,39894.5425,0
1684769400000,14.54,14.6,14.54,14.6,11409.83,1684770299999,166360.6974,332,6258.65,91254.6565,0
1684770300000,14.6,14.62,14.58,14.59,12157.97,1684771199999,177481.012,325,6198.52,90479.2897,0
1684771200000,14.58,14.66,14.58,14.65,33674.76,1684772099999,492519.2585,712,20327.81,297281.2411,0
1684772100000,14.64,14.65,14.56,14.59,10016.49,1684772999999,146148.0144,347,5254.43,76641.407,0
1684773000000,14.59,14.61,14.58,14.61,4601.58,1684773899999,67165.0423,168,3778.74,55162.2358,0
1684773900000,14.6,14.61,14.58,14.61,6283.91,1684774799999,91684.4777,193,4523.75,66005.2238,0
1684774800000,14.61,14.62,14.59,14.6,16547.91,1684775699999,241751.0165,370,6779.6,99050.1171,0
1684775700000,14.59,14.6,14.56,14.57,10691.72,1684776599999,155887.6134,224,5641.77,82251.6052,0
1684776600000,14.58,14.78,14.57,14.71,110558.46,1684777499999,1624726.1927,2518,54181.99,796061.13,0
1684777500000,14.71,14.74,14.69,14.69,20675.64,1684778399999,304332.811,753,14375.81,211623.2793,0
1684778400000,14.7,14.72,14.69,14.7,6429.6,1684779299999,94540.2861,211,4795.02,70511.1751,0
1684779300000,14.69,14.72,14.69,14.71,18248.43,1684780199999,268326.1026,365,12476.25,183452.5889,0
1684780200000,14.71,14.73,14.7,14.71,10411.92,1684781099999,153174.6547,254,4989.61,73409.0542,0
1684781100000,14.71,14.72,14.68,14.69,12490.86,1684781999999,183591.0272,311,5041.44,74099.8596,0
1684782000000,14.69,14.74,14.69,14.74,20265.56,1684782899999,298326.3322,566,10506.99,154667.3974,0
1684782900000,14.73,14.73,14.69,14.71,21694.32,1684783799999,319246.9296,336,7785.19,114567.9779,0
1684783800000,14.71,14.72,14.66,14.68,8855.42,1684784699999,130057.2151,238,4238.75,62244.3119,0
1684784700000,14.68,14.7,14.66,14.68,9553.74,1684785599999,140215.8415,206,4241.58,62262.191,0
1684785600000,14.67,14.7,14.66,14.68,11024.0,1684786499999,161831.398,284,7220.16,105994.1048,0
1684786500000,14.68,14.7,14.66,14.69,16743.24,1684787399999,245837.9563,298,11914.19,174947.6934,0
1684787400000,14.69,14.73,14.69,14.72,7033.1,1684788299999,103446.8709,229,2727.25,40125.2604,0
1684788300000,14.71,14.79,14.71,14.74,27565.96,1684789199999,406727.1008,731,14265.28,210503.4313,0
1684789200000,14.74,14.76,14.72,14.73,2793.77,1684790099999,41202.3742,154,1815.84,26788.1434,0
1684790100000,14.73,14.75,14.71,14.73,8317.1,1684790999999,122515.4731,220,4745.35,69889.949,0
1684791000000,14.73,14.74,14.7,14.71,5795.13,1684791899999,85292.7392,155,3373.59,49658.2442,0
1684791900000,14.71,14.72,14.7,14.71,3014.53,1684792799999,44340.9814,106,1552.65,22841.3355,0
1684792800000,14.71,14.73,14.7,14.71,5437.49,1684793699999,80013.2704,112,1708.69,25148.8971,0
1684793700000,14.72,14.72,14.69,14.7,4360.58,1684794599999,64095.8544,124,1278.96,18803.4944,0
1684794600000,14.69,14.71,14.68,14.71,2451.33,1684795499999,36017.4763,142,1471.68,21630.953,0
1684795500000,14.7,14.7,14.68,14.68,1947.83,1684796399999,28618.0934,67,225.71,3317.937,0
1684796400000,14.69,14.7,14.68,14.69,7370.73,1684797299999,108293.2946,190,2593.01,38100.9511,0
1684797300000,14.7,14.7,14.67,14.68,3527.62,1684798199999,51776.4283,123,1557.53,22864.8136,0
1684798200000,14.67,14.69,14.67,14.68,3283.01,1684799099999,48193.4158,116,1552.82,22795.7678,0
1684799100000,14.68,14.69,14.67,14.68,2711.12,1684799999999,39789.2672,81,1311.55,19254.0908,0
1684800000000,14.68,14.7,14.68,14.68,3144.75,1684800899999,46183.8742,132,2300.02,33779.1046,0
1684800900000,14.68,14.69,14.65,14.68,7012.64,1684801799999,102886.4591,226,3604.07,52875.8218,0
1684801800000,14.68,14.71,14.68,14.69,8526.75,1684802699999,125261.414,197,4966.67,72966.923,0
1684802700000,14.69,14.7,14.61,14.63,11470.8,1684803599999,168004.1401,284,4790.78,70127.1644,0
1684803600000,14.63,14.64,14.6,14.63,10477.72,1684804499999,153183.7926,289,4317.68,63113.4252,0
1684804500000,14.63,14.72,14.63,14.72,14963.41,1684805399999,219571.1642,378,11348.06,166508.2147,0
1684805400000,14.71,14.77,14.71,14.74,28013.96,1684806299999,413056.8545,965,13831.46,203925.5778,0
1684806300000,14.74,14.77,14.72,14.72,14038.86,1684807199999,207016.0316,530,5911.64,87197.1512,0
1684807200000,14.73,14.78,14.73,14.78,16009.58,1684808099999,236287.949,410,10883.56,160670.7379,0
1684808100000,14.78,14.81,14.76,14.8,17308.3,1684808999999,255910.119,438,7188.12,106323.8011,0
1684809000000,14.8,14.81,14.77,14.78,7406.41,1684809899999,109532.4072,206,2014.84,29794.1841,0
1684809900000,14.78,14.81,14.77,14.8,9412.22,1684810799999,139199.3799,202,4274.69,63214.5234,0
1684810800000,14.8,14.84,14.79,14.82,13218.32,1684811699999,195837.9977,460,5646.46,83655.5524,0
1684811700000,14.82,14.93,14.82,14.89,34158.06,1684812599999,508405.9335,1332,17224.59,256342.5703,0
1684812600000,14.9,14.95,14.89,14.92,22001.03,1684813499999,328397.7935,624,10522.97,157084.7161,0
1684813500000,14.92,14.97,14.91,14.92,13448.42,1684814399999,200847.8847,455,7664.55,114450.2069,0
1684814400000,14.92,14.96,14.88,14.88,18524.25,1684815299999,276598.6531,551,6258.06,93475.4966,0
1684815300000,14.88,14.93,14.87,14.89,8370.47,1684816199999,124721.6337,405,4472.14,66638.1603,0
1684816200000,14.88,14.91,14.85,14.86,10598.6,1684817099999,157714.704,426,5562.3,82798.5933,0
1684817100000,14.87,14.88,14.86,14.86,5107.38,1684817999999,75934.5897,155,2641.32,39270.9428,0
1684818000000,14.87,14.89,14.86,14.88,7477.23,1684818899999,111197.4947,217,3592.02,53429.8893,0
1684818900000,14.88,14.89,14.85,14.85,12601.28,1684819799999,187424.1507,453,7157.99,106457.3982,0
1684819800000,14.85,14.87,14.83,14.83,11501.4,1684820699999,170827.6959,557,4543.62,67504.8251,0
1684820700000,14.83,14.85,14.81,14.82,13520.87,1684821599999,200509.7267,827,5959.17,88379.6373,0
1684821600000,14.82,14.88,14.82,14.87,11924.89,1684822499999,177116.2309,367,7050.03,104712.8093,0
1684822500000,14.87,14.88,14.84,14.85,5617.88,1684823399999,83504.6337,190,2445.78,36359.2628,0
1684823400000,14.85,14.86,14.78,14.8,11452.79,1684824299999,169578.6951,364,3849.13,57031.9667,0
1684824300000,14.8,14.81,14.77,14.8,4830.32,1684825199999,71452.0336,194,2254.52,33354.1931,0
1684825200000,14.8,14.81,14.75,14.78,6987.81,1684826099999,103238.2774,243,2611.9,38587.1729,0
1684826100000,14.77,14.8,14.75,14.75,4918.14,1684826999999,72680.3515,211,1708.51,25262.9681,0
1684827000000,14.75,14.78,14.71,14.76,10208.06,1684827899999,150461.5543,431,4233.79,62411.5018,0
1684827900000,14.77,14.8,14.75,14.79,3978.92,1684828799999,58798.4106,185,2525.83,37333.0848,0
1684828800000,14.8,14.81,14.76,14.77,6774.76,1684829699999,100122.1436,263,3134.66,46315.4324,0
1684829700000,14.77,14.8,14.76,14.79,5117.75,1684830599999,75604.8676,206,2966.57,43826.9306,0
1684830600000,14.8,14.8,14.76,14.79,17556.18,1684831499999,259499.4178,367,4064.17,60074.071,0
1684831500000,14.8,14.82,14.79,14.81,7366.25,1684832399999,109043.61,230,5416.37,80177.3508,0
1684832400000,14.81,14.81,14.77,14.79,7923.02,1684833299999,117173.1325,203,4663.97,68976.3594,0
1684833300000,14.78,14.79,14.76,14.77,7367.64,1684834199999,108847.5155,202,3337.35,49311.525,0
1684834200000,14.78,14.79,14.75,14.75,8101.96,1684835099999,119701.7054,198,4873.38,72017.8839,0
1684835100000,14.76,14.77,14.75,14.76,5511.75,1684835999999,81366.0283,192,3254.37,48049.9706,0
1684836000000,14.76,14.77,14.74,14.76,7099.35,1684836899999,104713.4024,222,2883.89,42541.4005,0
1684836900000,14.76,14.78,14.75,14.78,4031.96,1684837799999,59527.9617,174,2316.07,34197.6344,0
1684837800000,14.78,14.78,14.75,14.77,7401.79,1684838699999,109290.4974,201,3839.28,56692.6985,0
1684838700000,14.77,14.78,14.74,14.77,8034.73,1684839599999,118578.2219,246,3678.55,54286.4396,0
1684839600000,14.76,14.78,14.73,14.75,8708.58,1684840499999,128477.7192,244,3344.08,49345.0956,0
1684840500000,14.75,14.76,14.74,14.76,4722.4,1684841399999,69648.253,162,2397.09,35363.3854,0
1684841400000,14.76,14.77,14.75,14.76,5511.96,1684842299999,81335.8889,167,2931.04,43260.0732,0
1684842300000,14.77,14.77,14.75,14.75,7227.85,1684843199999,106683.0041,227,3208.28,47365.7084,0
1684843200000,14.76,14.77,14.72,14.74,10722.3,1684844099999,158112.9367,331,4484.2,66114.9733,0
1684844100000,14.75,14.76,14.74,14.76,5541.22,1684844999999,81735.4571,180,2756.93,40676.5763,0
1684845000000,14.75,14.9,14.74,14.76,55842.05,1684845899999,825409.0984,936,36894.55,545501.0802,0
1684845900000,14.76,14.76,14.71,14.75,10251.45,1684846799999,151028.3089,364,3495.83,51518.6946,0
1684846800000,14.75,14.75,14.72,14.74,13189.0,1684847699999,194384.0793,302,3489.4,51424.7731,0
1684847700000,14.74,14.76,14.72,14.73,14245.9,1684848599999,209930.5934,438,4684.16,69011.6327,0
1684848600000,14.73,14.73,14.67,14.68,22857.36,1684849499999,335979.6044,594,7699.08,113156.6787,0
1684849500000,14.67,14.71,14.67,14.69,31761.25,1684850399999,466517.5952,937,14190.81,208424.2757,0
1684850400000,14.69,14.71,14.67,14.7,12825.72,1684851299999,188413.9604,291,9999.29,146902.5348,0
1684851300000,14.7,14.74,14.69,14.72,10632.72,1684852199999,156503.3483,263,5654.08,83224.8792,0
1684852200000,14.72,14.73,14.71,14.72,5810.74,1684853099999,85532.383,166,2324.71,34228.9173,0
1684853100000,14.73,14.74,14.71,14.74,6126.97,1684853999999,90228.2031,204,4051.96,59681.8592,0
1684854000000,14.74,14.75,14.71,14.74,11369.54,1684854899999,167438.3225,252,4873.66,71794.154,0
1684854900000,14.74,14.77,14.73,14.75,5628.6,1684855799999,83031.6856,151,3253.71,47993.4429,0
1684855800000,14.75,14.76,14.72,14.76,7541.32,1684856699999,111192.886,265,4004.83,59050.41,0
1684856700000,14.75,14.78,14.74,14.78,9164.21,1684857599999,135232.2855,238,3619.1,53415.966,0
1684857600000,14.78,14.79,14.74,14.76,17023.44,1684858499999,251277.2322,395,4227.47,62435.6274,0
1684858500000,14.76,14.76,14.72,14.73,6156.47,1684859399999,90703.9423,193,1681.25,24770.0749,0
1684859400000,14.73,14.75,14.69,14.7,24744.43,1684860299999,364036.1603,514,3792.33,55820.2409,0
1684860300000,14.7,14.73,14.69,14.71,16350.69,1684861199999,240486.5432,482,7166.99,105401.9268,0
1684861200000,14.71,14.73,14.7,14.72,6422.83,1684862099999,94502.4925,173,4797.87,70605.7988,0
1684862100000,14.73,14.75,14.7,14.72,10716.11,1684862999999,157845.3254,246,3860.73,56878.2457,0
1684863000000,14.72,14.74,14.71,14.73,8114.19,1684863899999,119441.7657,192,2443.78,35976.6401,0
1684863900000,14.72,14.73,14.69,14.7,9837.54,1684864799999,144589.7513,280,4250.68,62485.5905,0
1684864800000,14.7,14.71,14.69,14.7,12617.29,1684865699999,185452.1589,466,7389.43,108630.4534,0
1684865700000,14.7,14.7,14.62,14.64,29944.2,1684866599999,438898.8619,765,7333.49,107396.1385,0
1684866600000,14.64,14.66,14.63,14.66,10927.73,1684867499999,160041.2587,258,4280.27,62711.401,0
1684867500000,14.66,14.66,14.63,14.63,3626.37,1684868399999,53105.558,177,1504.38,22035.9633,0
1684868400000,14.63,14.66,14.6,14.63,52871.69,1684869299999,772377.7696,1175,13593.48,198664.6653,0
1684869300000,14.63,14.64,14.62,14.63,5485.75,1684870199999,80285.6891,232,2915.78,42674.498,0
1684870200000,14.64,14.67,14.64,14.67,8529.47,1684871099999,124989.5528,213,6881.87,100850.1652,0
1684871100000,14.67,14.69,14.66,14.67,6230.26,1684871999999,91414.3292,169,2054.99,30153.1461,0
1684872000000,14.67,14.7,14.66,14.69,7534.54,1684872899999,110604.3432,240,2441.86,35855.9213,0
1684872900000,14.69,14.7,14.67,14.69,6485.91,1684873799999,95280.5227,188,3399.68,49952.1226,0
1684873800000,14.7,14.71,14.68,14.7,6294.13,1684874699999,92476.7098,195,1619.97,23810.652,0
1684874700000,14.7,14.71,14.68,14.69,10648.75,1684875599999,156518.6728,227,5668.48,83340.0239,0
1684875600000,14.69,14.71,14.68,14.71,4920.45,1684876499999,72298.2697,127,2254.99,33142.6887,0
1684876500000,14.71,14.71,14.66,14.68,20013.71,1684877399999,293849.0805,403,4788.6,70278.1044,0
1684877400000,14.67,14.68,14.63,14.65,10709.73,1684878299999,156842.5979,277,4971.8,72830.4235,0
1684878300000,14.65,14.67,14.64,14.67,2010.49,1684879199999,29464.9083,69,1761.17,25812.5361,0
1684879200000,14.66,14.68,14.63,14.68,5384.5,1684880099999,78926.1727,212,2495.15,36595.9358,0
1684880100000,14.67,14.69,14.67,14.67,2670.39,1684880999999,39193.9786,95,734.31,10779.6755,0
1684881000000,14.67,14.69,14.67,14.69,8772.4,1684881899999,128754.9361,151,2972.13,43635.4993,0
1684881900000,14.69,14.72,14.68,14.72,23764.01,1684882799999,349352.1477,524,11556.31,169907.6319,0
1684882800000,14.71,14.72,14.69,14.69,4825.87,1684883699999,70955.1198,136,1864.08,27419.9957,0
1684883700000,14.7,14.71,14.69,14.71,3327.72,1684884599999,48911.4614,111,1500.34,22055.2582,0
1684884600000,14.71,14.72,14.69,14.71,3350.78,1684885499999,49277.2097,126,2327.95,34236.569,0
1684885500000,14.71,14.72,14.71,14.71,1537.63,1684886399999,22623.9365,69,1102.69,16225.9691,0
1684886400000,14.71,14.72,14.68,14.68,7817.93,1684887299999,114857.1314,283,3016.86,44322.1682,0
1684887300000,14.68,14.69,14.65,14.69,12573.51,1684888199999,184284.0478,382,4950.74,72568.0323,0
1684888200000,14.68,14.69,14.63,14.64,9475.77,1684889099999,138864.0381,262,2706.88,39674.6869,0
1684889100000,14.64,14.66,14.61,14.66,9406.82,1684889999999,137608.3599,322,4976.32,72808.6844,0
1684890000000,14.66,14.67,14.62,14.66,6018.46,1684890899999,88113.8722,230,2949.36,43177.375,0
1684890900000,14.66,14.66,14.62,14.62,6469.73,1684891799999,94721.7642,209,1712.9,25075.784,0
1684891800000,14.63,14.65,14.6,14.63,14607.7,1684892699999,213561.9202,319,7149.59,104541.1971,0
1684892700000,14.63,14.64,14.59,14.63,12702.02,1684893599999,185554.541,311,5717.19,83528.8401,0
1684893600000,14.62,14.64,14.61,14.63,8673.19,1684894499999,126865.3683,184,4220.37,61758.0698,0
1684894500000,14.64,14.64,14.6,14.61,18747.47,1684895399999,274152.1513,436,4948.01,72319.0682,0
1684895400000,14.61,14.62,14.6,14.61,10542.29,1684896299999,153973.3135,229,3572.08,52192.4099,0
1684896300000,14.61,14.64,14.6,14.61,5931.71,1684897199999,86707.4087,176,3130.77,45750.9775,0
1684897200000,14.62,14.63,14.55,14.57,32881.54,1684898099999,479260.8806,833,13273.65,193518.5683,0
1684898100000,14.56,14.58,14.48,14.5,46360.12,1684898999999,673353.0543,1199,20266.03,294377.2446,0
1684899000000,14.51,14.51,14.32,14.38,75338.51,1684899899999,1083718.144,2322,34016.84,489456.554,0
1684899900000,14.38,14.42,14.36,14.4,21210.51,1684900799999,305328.091,749,12019.9,173029.8693,0
1684900800000,14.4,14.42,14.38,14.38,13078.31,1684901699999,188339.4118,429,5441.3,78351.1867,0
1684901700000,14.38,14.41,14.38,14.39,12003.24,1684902599999,172775.6683,372,5692.62,81943.4564,0
1684902600000,14.4,14.44,14.38,14.44,7709.75,1684903499999,111108.1872,343,4312.92,62161.9861,0
1684903500000,14.43,14.45,14.42,14.45,10918.45,1684904399999,157637.2069,264,4483.04,64736.1259,0
1684904400000,14.45,14.45,14.41,14.42,12649.7,1684905299999,182482.3446,315,5856.31,84479.77,0
1684905300000,14.43,14.44,14.4,14.42,8554.13,1684906199999,123420.5824,229,5497.06,79316.4868,0
1684906200000,14.42,14.42,14.39,14.4,15867.11,1684907099999,228496.3605,427,7229.27,104115.9467,0
1684907100000,14.39,14.41,14.39,14.4,7347.12,1684907999999,105776.4626,219,3658.66,52685.9816,0
1684908000000,14.4,14.4,14.33,14.35,30290.51,1684908899999,434544.7863,779,16021.52,229883.4401,0
1684908900000,14.34,14.37,14.33,14.35,13463.72,1684909799999,193154.3443,473,6101.24,87542.2564,0
1684909800000,14.35,14.37,14.33,14.35,6729.68,1684910699999,96565.5328,302,3558.87,51076.9094,0
1684910700000,14.35,14.36,14.31,14.35,29480.79,1684911599999,422202.7305,665,13294.2,190400.8717,0
1684911600000,14.35,14.38,14.33,14.38,10653.35,1684912499999,152982.1885,340,5711.43,82047.0139,0
1684912500000,14.38,14.38,14.35,14.36,5353.04,1684913399999,76874.5217,195,3073.25,44138.9781,0
1684913400000,14.37,14.37,14.32,14.36,14820.83,1684914299999,212667.476,317,4392.5,63014.2477,0
1684914300000,14.36,14.36,14.3,14.31,8374.59,1684915199999,119977.4262,288,3764.28,53934.437,0
1684915200000,14.31,14.34,14.3,14.33,7268.41,1684916099999,104073.9543,241,3144.35,45022.36,0
1684916100000,14.33,14.37,14.32,14.36,7685.68,1684916999999,110293.9306,300,4503.3,64625.2644,0
1684917000000,14.35,14.39,14.35,14.38,5509.74,1684917899999,79201.2451,211,3094.4,44488.7179,0
1684917900000,14.37,14.4,14.36,14.39,8440.1,1684918799999,121356.1082,280,4436.3,63790.1411,0
1684918800000,14.39,14.4,14.39,14.39,7607.25,1684919699999,109481.7934,214,1945.64,28011.2255,0
1684919700000,14.39,14.42,14.39,14.39,8003.08,1684920599999,115263.7447,322,5387.07,77587.3691,0
1684920600000,14.39,14.41,14.39,14.41,2625.86,1684921499999,37809.1352,300,1333.01,19198.348,0
1684921500000,14.41,14.41,14.38,14.39,4336.08,1684922399999,62405.3611,146,1562.5,22494.0531,0
1684922400000,14.39,14.39,14.37,14.38,4274.01,1684923299999,61462.2219,119,3016.95,43388.3348,0
1684923300000,14.38,14.38,14.34,14.35,6045.02,1684924199999,86770.901,216,2842.99,40815.7936,0
1684924200000,14.35,14.36,14.33,14.35,7095.92,1684925099999,101784.2522,224,2970.44,42614.2309,0
1684925100000,14.35,14.36,14.33,14.33,4494.89,1684925999999,64483.5352,142,2156.76,30949.3298,0
1684926000000,14.34,14.35,14.3,14.32,9249.1,1684926899999,132454.8165,252,4816.03,68963.352,0
1684926900000,14.31,14.36,14.3,14.31,9632.18,1684927799999,137953.3618,308,4951.57,70916.8768,0
1684927800000,14.31,14.33,14.31,14.33,5114.07,1684928699999,73246.0273,255,3929.97,56293.7739,0
1684928700000,14.32,14.34,14.31,14.34,6300.2,1684929599999,90269.6742,276,2592.88,37166.9135,0
1684929600000,14.34,14.36,14.32,14.36,10910.77,1684930499999,156461.4375,289,5652.07,81063.0553,0
1684930500000,14.36,14.37,14.35,14.36,10329.35,1684931399999,148332.3884,228,5718.08,82126.8726,0
1684931400000,14.36,14.37,14.34,14.37,7226.23,1684932299999,103749.5733,176,3988.58,57273.3347,0
1684932300000,14.37,14.39,14.35,14.36,5169.09,1684933199999,74286.8719,199,2656.17,38179.1665,0
1684933200000,14.35,14.38,14.34,14.35,17769.55,1684934099999,255118.5289,358,4573.79,65673.4943,0
1684934100000,14.35,14.36,14.31,14.33,10717.44,1684934999999,153613.8292,336,6895.4,98844.0911,0
1684935000000,14.33,14.33,14.26,14.27,36955.85,1684935899999,528338.1728,770,14294.47,204330.2267,0
1684935900000,14.27,14.29,14.12,14.23,190951.85,1684936799999,2707722.6455,4055,73721.12,1045878.2451,0
1684936800000,14.23,14.23,14.03,14.13,100543.94,1684937699999,1418797.1712,2507,45966.04,648850.1378,0
1684937700000,14.12,14.13,14.06,14.1,33115.64,1684938599999,466786.6875,774,16775.81,236483.5133,0
1684938600000,14.1,14.13,14.07,14.11,18219.73,1684939499999,256897.4601,489,9869.65,139164.819,0
1684939500000,14.11,14.12,14.06,14.08,15170.53,1684940399999,213704.5277,433,6498.88,91562.6644,0
1684940400000,14.07,14.07,14.0,14.03,50523.56,1684941299999,708543.8168,1474,19414.01,272299.2918,0
1684941300000,14.03,14.11,14.01,14.09,34253.71,1684942199999,482178.4278,766,21098.38,297002.8674,0
1684942200000,14.09,14.11,14.06,14.08,25884.92,1684943099999,364821.0785,652,18457.89,260185.0702,0
1684943100000,14.08,14.1,14.06,14.1,17278.7,1684943999999,243399.4035,487,9807.43,138163.5871,0
1684944000000,14.09,14.11,14.07,14.07,12050.69,1684944899999,169810.6366,364,4992.48,70372.6484,0
1684944900000,14.08,14.09,14.05,14.08,18102.17,1684945799999,254793.1407,419,6609.9,93029.9219,0
1684945800000,14.07,14.08,14.04,14.05,11114.22,1684946699999,156266.7147,274,3760.51,52889.2809,0
1684946700000,14.04,14.07,14.03,14.05,10526.75,1684947599999,147818.4389,263,4321.49,60727.7083,0
1684947600000,14.05,14.06,14.02,14.06,10692.77,1684948499999,150188.9985,366,6562.98,92191.8928,0
1684948500000,14.06,14.11,14.05,14.1,14503.32,1684949399999,204274.6652,400,7815.89,110128.1615,0
1684949400000,14.11,14.14,14.09,14.14,13121.33,1684950299999,185269.765,326,7168.07,101217.3338,0
1684950300000,14.13,14.14,14.09,14.11,19511.88,1684951199999,275458.2249,377,7270.03,102643.453,0
1684951200000,14.11,14.12,14.08,14.09,12841.68,1684952099999,181074.2668,324,7310.99,103078.3524,0
1684952100000,14.1,14.1,14.04,14.05,18368.93,1684952999999,258429.6437,307,5907.59,83124.0534,0
1684953000000,14.06,14.11,14.05,14.1,15196.74,1684953899999,214089.7713,310,11678.5,164513.7991,0
1684953900000,14.1,14.1,14.08,14.08,10108.06,1684954799999,142424.7827,232,3989.49,56222.4375,0
1684954800000,14.08,14.1,14.07,14.1,5566.47,1684955699999,78415.9739,167,2525.97,35583.5083,0
1684955700000,14.09,14.14,14.09,14.13,30096.54,1684956599999,424793.5434,509,15781.55,222759.9768,0
1684956600000,14.13,14.16,14.13,14.14,18933.33,1684957499999,267759.1727,344,7832.01,110760.4604,0
1684957500000,14.15,14.15,14.1,14.12,8012.86,1684958399999,113138.1552,269,4336.87,61213.4536,0
1684958400000,14.12,14.13,14.11,14.11,4051.96,1684959299999,57221.4547,146,1094.71,15463.853,0
1684959300000,14.11,14.19,14.11,14.19,18649.42,1684960199999,263777.6562,397,9892.22,139924.5168,0
1684960200000,14.19,14.21,14.17,14.17,12386.98,1684961099999,175838.8561,278,6501.89,92298.5365,0
1684961100000,14.17,14.2,14.15,14.17,13501.75,1684961999999,191448.3701,332,6811.03,96577.2744,0
1684962000000,14.16,14.2,14.15,14.15,7740.21,1684962899999,109711.5869,252,3307.57,46895.7578,0
1684962900000,14.16,14.17,14.15,14.16,3942.57,1684963799999,55818.0448,104,1930.05,27334.6723,0
1684963800000,14.16,14.17,14.14,14.15,4492.07,1684964699999,63570.4304,133,2025.41,28663.6225,0
1684964700000,14.16,14.16,14.11,14.14,6608.46,1684965599999,93391.8365,206,3338.19,47164.6684,0
1684965600000,14.14,14.16,14.13,14.16,5273.35,1684966499999,74583.4089,145,2323.76,32869.9961,0
1684966500000,14.15,14.16,14.13,14.13,3425.95,1684967399999,48461.3338,139,368.73,5216.5006,0
1684967400000,14.13,14.13,14.1,14.11,5908.96,1684968299999,83421.838,217,2457.35,34699.7684,0
1684968300000,14.11,14.13,14.11,14.12,4669.11,1684969199999,65922.3278,161,2401.82,33921.9958,0
1684969200000,14.13,14.15,14.11,14.15,3775.54,1684970099999,53331.1675,105,1926.79,27217.9514,0
1684970100000,14.14,14.15,14.13,14.14,4584.33,1684970999999,64809.0836,108,2261.31,31966.1824,0
1684971000000,14.14,14.16,14.14,14.16,2746.29,1684971899999,38858.8469,88,2213.9,31326.2256,0
1684971900000,14.16,14.17,14.14,14.14,2466.75,1684972799999,34902.9541,80,134.95,1910.3533,0
1684972800000,14.14,14.16,14.12,14.12,10842.67,1684973699999,153310.3434,254,3956.53,55942.8552,0
1684973700000,14.12,14.12,14.06,14.09,11473.17,1684974599999,161543.9217,312,5345.88,75254.2141,0
1684974600000,14.09,14.09,14.03,14.05,20771.93,1684975499999,292182.4088,460,9291.71,130682.9912,0
1684975500000,14.05,14.06,14.01,14.03,10347.93,1684976399999,145234.9684,244,3673.16,51553.2549,0
1684976400000,14.02,14.07,13.99,14.02,20826.57,1684977299999,291941.4589,798,9146.14,128245.5079,0
1684977300000,14.02,14.02,13.71,13.8,152298.34,1684978199999,2110495.2553,4352,59714.34,827492.5852,0
1684978200000,13.81,13.94,13.8,13.93,35480.06,1684979099999,492594.3603,956,18831.65,261491.0206,0
1684979100000,13.93,13.97,13.92,13.95,11120.6,1684979999999,155061.3417,297,4421.33,61654.872,0
1684980000000,13.96,13.99,13.94,13.98,5525.7,1684980899999,77141.1677,186,3445.82,48113.9258,0
1684980900000,13.98,13.99,13.95,13.96,7681.51,1684981799999,107342.6855,236,2599.61,36327.8086,0
1684981800000,13.96,13.98,13.93,13.98,8227.81,1684982699999,114828.0578,214,4393.01,61317.7394,0
1684982700000,13.98,14.02,13.97,14.01,7962.09,1684983599999,111419.7324,273,5046.61,70614.8791,0
1684983600000,14.02,14.04,14.01,14.02,11585.23,1684984499999,162444.8703,297,6201.21,86962.8324,0
1684984500000,14.02,14.03,13.99,14.03,7765.43,1684985399999,108756.9285,238,3999.77,56018.8525,0
1684985400000,14.03,14.05,14.02,14.05,4076.04,1684986299999,57197.4363,175,2569.17,36056.1732,0
1684986300000,14.05,14.12,14.04,14.12,21329.57,1684987199999,300514.1232,688,10324.76,145441.9419,0
1684987200000,14.11,14.13,14.09,14.12,10578.75,1684988099999,149286.5731,279,5707.98,80558.596,0
1684988100000,14.13,14.14,14.11,14.11,7357.01,1684988999999,103915.0218,200,3190.55,45067.969,0
1684989000000,14.12,14.15,14.11,14.12,13575.51,1684989899999,191832.8541,330,7516.08,106216.1233,0
1684989900000,14.11,14.13,14.1,14.11,4227.03,1684990799999,59650.7517,167,1716.95,24230.0733,0
1684990800000,14.12,14.15,14.12,14.12,5649.88,1684991699999,79829.9059,168,1724.37,24364.3017,0
1684991700000,14.12,14.15,14.12,14.15,4852.21,1684992599999,68554.4104,132,2810.07,39712.2666,0
1684992600000,14.14,14.16,14.13,14.13,4500.27,1684993499999,63673.3813,152,3277.44,46378.441,0
1684993500000,14.13,14.16,14.13,14.16,4640.44,1684994399999,65666.2038,144,2995.88,42396.4949,0
1684994400000,14.16,14.19,14.16,14.17,14612.75,1684995299999,207074.2711,370,7958.53,112787.2673,0
1684995300000,14.18,14.19,14.17,14.17,8346.91,1684996199999,118347.6036,170,4260.72,60417.4589,0
1684996200000,14.17,14.19,14.16,14.18,5307.14,1684997099999,75224.0062,185,2789.05,39537.1929,0
1684997100000,14.17,14.2,14.17,14.2,6422.33,1684997999999,91143.4764,191,3942.22,55954.9769,0
1684998000000,14.2,14.2,14.16,14.18,9015.51,1684998899999,127823.5382,188,2814.12,39903.2184,0
1684998900000,14.19,14.2,14.17,14.18,6684.8,1684999799999,94829.785,164,1773.02,25162.9172,0
1684999800000,14.18,14.19,14.13,14.14,7358.85,1685000699999,104134.7476,208,2858.09,40430.5233,0
1685000700000,14.14,14.15,14.13,14.14,13038.96,1685001599999,184369.0091,249,7071.34,99998.9394,0
1685001600000,14.14,14.17,14.13,14.15,9495.87,1685002499999,134397.7864,210,5201.66,73607.0714,0
1685002500000,14.15,14.18,14.15,14.18,5760.05,1685003399999,81583.8742,149,3770.75,53392.9377,0
1685003400000,14.18,14.18,14.16,14.18,6875.11,1685004299999,97442.3498,185,4398.81,62355.2989,0
1685004300000,14.18,14.19,14.17,14.18,3573.57,1685005199999,50660.4088,148,699.78,9922.9376,0
1685005200000,14.17,14.2,14.17,14.18,6348.73,1685006099999,90053.9008,181,3200.26,45396.713,0
1685006100000,14.18,14.19,14.17,14.18,3530.08,1685006999999,50049.1319,126,1282.37,18188.4116,0
1685007000000,14.19,14.19,14.17,14.17,5856.77,1685007899999,83060.0194,216,2298.43,32599.7648,0
1685007900000,14.17,14.18,14.16,14.18,5014.23,1685008799999,71046.8543,153,3037.12,43045.5169,0
1685008800000,14.18,14.19,14.16,14.17,5886.0,1685009699999,83411.1896,185,2609.1,36980.3627,0
1685009700000,14.16,14.18,14.16,14.18,5584.1,1685010599999,79123.1936,149,3335.77,47273.8266,0
1685010600000,14.18,14.2,14.17,14.18,5521.64,1685011499999,78317.9905,177,1748.04,24800.4805,0
1685011500000,14.18,14.19,14.15,14.17,3747.8,1685012399999,53104.8947,109,1679.14,23798.1749,0
1685012400000,14.17,14.18,14.15,14.15,2554.01,1685013299999,36180.5374,99,1497.38,21217.0589,0
1685013300000,14.16,14.17,14.12,14.13,5151.36,1685014199999,72860.5945,180,1917.44,27119.3865,0
1685014200000,14.13,14.14,14.12,14.13,8710.91,1685015099999,123079.9452,253,5321.6,75201.0926,0
1685015100000,14.13,14.18,14.11,14.18,18511.35,1685015999999,261682.7279,370,7259.83,102674.6093,0
1685016000000,14.17,14.25,14.17,14.24,39059.07,1685016899999,555675.1207,841,22239.57,316394.9375,0
1685016900000,14.24,14.25,14.22,14.23,9521.67,1685017799999,135614.6195,251,3853.24,54890.6888,0
1685017800000,14.22,14.23,14.18,14.22,10743.6,1685018699999,152652.065,324,5746.8,81652.5035,0
1685018700000,14.22,14.22,14.19,14.2,7503.0,1685019599999,106539.2606,216,3884.29,55158.6638,0
1685019600000,14.2,14.23,14.2,14.22,6835.07,1685020499999,97134.5941,213,4670.32,66364.3157,0
1685020500000,14.21,14.24,14.21,14.22,11760.08,1685021399999,167323.5416,288,6988.04,99433.8099,0
1685021400000,14.23,14.23,14.16,14.21,16040.66,1685022299999,227703.9839,443,7596.08,107839.5265,0
1685022300000,14.21,14.22,14.16,14.19,16514.48,1685023199999,234297.5242,455,4610.45,65407.1595,0
1685023200000,14.19,14.22,13.98,14.13,209346.3,1685024099999,2951809.3589,3310,53072.85,749482.1699,0
1685024100000,14.12,14.15,14.08,14.14,19469.39,1685024999999,274790.7113,445,8510.26,120154.3011,0
1685025000000,14.14,14.14,14.11,14.13,7628.02,1685025899999,107768.877,203,5822.64,82270.5108,0
1685025900000,14.14,14.15,14.12,14.13,11448.78,1685026799999,161813.7946,265,6431.54,90911.0236,0
1685026800000,14.13,14.17,14.12,14.16,8674.82,1685027699999,122658.9148,241,5124.31,72460.2901,0
1685027700000,14.16,14.17,14.05,14.06,20504.72,1685028599999,289231.6591,429,7941.11,112044.438,0
1685028600000,14.06,14.07,13.98,14.04,31559.92,1685029499999,443003.5687,690,12002.47,168499.7253,0
1685029500000,14.03,14.06,14.01,14.03,15285.55,1685030399999,214589.9518,348,8800.93,123576.701,0
1685030400000,14.04,14.06,14.03,14.04,10077.36,1685031299999,141523.4993,275,5349.0,75125.1384,0
1685031300000,14.04,14.1,14.03,14.07,23518.05,1685032199999,330930.5496,508,10186.32,143292.0436,0
1685032200000,14.08,14.09,14.05,14.07,12464.84,1685033099999,175405.1327,344,6696.42,94243.0013,0
1685033100000,14.08,14.09,14.07,14.09,5833.93,1685033999999,82146.478,166,2231.34,31422.1092,0
1685034000000,14.09,14.1,14.05,14.06,4288.24,1685034899999,60336.5587,146,1436.82,20214.0744,0
1685034900000,14.06,14.1,14.05,14.09,6791.04,1685035799999,95646.3069,194,2796.62,39382.0376,0
1685035800000,14.09,14.12,14.07,14.09,27257.32,1685036699999,384155.8505,386,8127.93,114556.0555,0
1685036700000,14.09,14.12,14.08,14.08,22128.07,1685037599999,311842.53,401,3499.07,49327.3979,0
1685037600000,14.08,14.11,14.08,14.1,3888.51,1685038499999,54816.6249,137,2404.2,33895.8282,0
1685038500000,14.1,14.11,14.07,14.09,13170.99,1685039399999,185520.0587,325,6782.61,95551.4584,0
1685039400000,14.08,14.1,14.06,14.06,6093.49,1685040299999,85813.1217,187,2059.59,29016.0393,0
1685040300000,14.07,14.11,14.06,14.11,13424.07,1685041199999,189129.8206,323,10111.05,142462.1989,0
1685041200000,14.11,14.25,14.11,14.23,89923.57,1685042099999,1274611.7847,2868,46444.07,658476.0509,0
1685042100000,14.23,14.25,14.17,14.18,18005.19,1685042999999,255831.5439,381,8751.67,124343.1865,0
1685043000000,14.18,14.18,14.14,14.14,19017.78,1685043899999,269214.5986,476,5206.66,73733.3289,0
1685043900000,14.15,14.16,14.13,14.14,14910.8,1685044799999,210831.5704,379,5501.05,77803.4962,0
1685044800000,14.14,14.16,14.12,14.13,27105.52,1685045699999,383055.7712,510,9854.93,139314.0211,0
1685045700000,14.13,14.13,14.09,14.11,16960.18,1685046599999,239147.3383,284,2744.07,38721.1393,0
1685046600000,14.11,14.11,14.08,14.08,7760.75,1685047499999,109355.1958,286,4715.71,66449.6391,0
1685047500000,14.09,14.11,14.08,14.1,3384.28,1685048399999,47702.5673,139,1414.79,19943.3497,0
1685048400000,14.1,14.1,14.06,14.06,6511.79,1685049299999,91594.7128,206,1942.39,27322.5172,0
1685049300000,14.06,14.06,14.05,14.05,4166.02,1685050199999,58539.2644,151,1050.12,14760.8694,0
1685050200000,14.06,14.08,14.05,14.06,5563.18,1685051099999,78212.5521,145,1612.1,22669.67,0
1685051100000,14.06,14.09,14.06,14.08,3748.24,1685051999999,52738.9456,146,1568.6,22076.371,0
1685052000000,14.08,14.1,14.07,14.08,6386.6,1685052899999,89953.7365,141,4078.62,57443.0254,0
1685052900000,14.09,14.09,14.07,14.08,3732.27,1685053799999,52554.913,82,414.65,5839.3149,0
1685053800000,14.08,14.08,14.07,14.08,539.86,1685054699999,7598.9203,40,309.01,4350.8608,0
1685054700000,14.08,14.09,14.07,14.09,2112.33,1685055599999,29751.6418,52,1900.09,26763.3126,0
1685055600000,14.09,14.12,14.08,14.11,3385.19,1685056499999,47723.6977,134,2330.01,32858.1143,0
1685056500000,14.12,14.13,14.1,14.1,1652.57,1685057399999,23329.127,78,930.72,13141.174,0
1685057400000,14.1,14.1,14.07,14.09,3421.03,1685058299999,48196.8063,126,1169.15,16464.4435,0
1685058300000,14.09,14.09,14.08,14.08,6364.98,1685059199999,89673.9077,108,4318.94,60853.8646,0
1685059200000,14.08,14.09,14.02,14.04,7193.17,1685060099999,101073.6113,246,2010.96,28224.7461,0
1685060100000,14.04,14.06,14.03,14.06,2068.68,1685060999999,29058.3785,76,1641.28,23059.4767,0
1685061000000,14.06,14.07,14.04,14.04,11573.69,1685061899999,162731.7181,207,7514.16,105661.2965,0
1685061900000,14.04,14.08,14.03,14.07,11568.76,1685062799999,162507.7545,299,5390.33,75719.7497,0
1685062800000,14.06,14.11,14.06,14.1,8633.74,1685063699999,121575.9767,257,4793.9,67542.1125,0
1685063700000,14.1,14.12,14.03,14.04,12572.7,1685064599999,176780.5026,383,6241.55,87728.6686,0
1685064600000,14.04,14.07,14.03,14.03,3475.11,1685065499999,48819.8592,134,1621.3,22781.9598,0
1685065500000,14.03,14.04,13.99,14.02,13341.83,1685066399999,186950.7566,466,6093.36,85375.4182,0
1685066400000,14.01,14.03,14.01,14.02,3514.74,1685067299999,49269.4486,153,1290.51,18095.1879,0
1685067300000,14.01,14.05,14.0,14.04,4329.74,1685068199999,60746.5221,161,2113.38,29643.8017,0
1685068200000,14.03,14.06,14.03,14.05,4286.59,1685069099999,60219.1417,111,2917.62,40988.4638,0
1685069100000,14.06,14.07,14.04,14.06,4818.12,1685069999999,67712.0259,110,1114.36,15662.8076,0
1685070000000,14.06,14.09,14.04,14.08,5683.61,1685070899999,79922.2642,189,4074.42,57306.0331,0
1685070900000,14.08,14.12,14.08,14.11,3891.87,1685071799999,54886.2753,270,2402.03,33871.5064,0
1685071800000,14.11,14.12,14.1,14.11,4957.34,1685072699999,69930.6708,168,2790.65,39369.0537,0
1685072700000,14.1,14.11,14.09,14.09,2746.95,1685073599999,38720.5075,79,400.0,5640.0208,0
1685073600000,14.1,14.1,14.09,14.1,3059.21,1685074499999,43115.8626,123,2335.86,32923.8611,0
1685074500000,14.09,14.1,14.05,14.06,5188.27,1685075399999,72989.9925,148,786.68,11064.2118,0
1685075400000,14.06,14.08,14.05,14.06,11268.23,1685076299999,158467.3134,220,2194.76,30869.1479,0
1685076300000,14.06,14.08,14.04,14.06,7352.91,1685077199999,103335.8793,171,2692.69,37852.4308,0
1685077200000,14.06,14.07,14.04,14.04,5126.94,1685078099999,72032.0097,144,2351.24,33048.1952,0
1685078100000,14.04,14.05,14.0,14.01,9747.96,1685078999999,136634.2975,278,3056.17,42830.2933,0
1685079000000,14.01,14.02,13.97,13.99,11968.82,1685079899999,167461.0166,276,3099.36,43364.7252,0
1685079900000,13.99,14.0,13.96,13.99,6056.63,1685080799999,84662.4297,224,2342.94,32751.1373,0
1685080800000,13.99,14.01,13.96,14.01,5852.67,1685081699999,81886.3906,170,3545.69,49616.8534,0
1685081700000,14.0,14.01,13.99,13.99,4797.19,1685082599999,67168.2165,119,2104.78,29472.289,0
1685082600000,14.0,14.0,13.97,13.99,5366.08,1685083499999,75049.7198,164,2377.35,33253.0915,0
1685083500000,13.99,14.05,13.99,14.05,13913.94,1685084399999,194963.7538,290,8680.07,121631.8281,0
1685084400000,14.05,14.06,14.01,14.03,6573.5,1685085299999,92252.7796,222,2465.63,34607.3525,0
1685085300000,14.03,14.05,14.01,14.03,7041.74,1685086199999,98782.2084,187,3823.66,53647.8177,0
1685086200000,14.04,14.07,14.03,14.06,8391.82,1685087099999,117943.4929,199,5900.64,82922.5166,0
1685087100000,14.07,14.1,14.06,14.09,10477.55,1685087999999,147535.6617,274,6082.0,85652.3544,0
1685088000000,14.09,14.1,14.07,14.1,5831.19,1685088899999,82140.1927,200,3888.01,54774.7936,0
1685088900000,14.1,14.11,14.09,14.1,3546.08,1685089799999,50004.0718,117,2397.22,33807.9534,0
1685089800000,14.11,14.13,14.08,14.08,9361.58,1685090699999,132077.5889,255,2276.14,32126.7075,0
1685090700000,14.08,14.12,14.08,14.11,6506.52,1685091599999,91743.8009,177,4107.14,57914.114,0
1685091600000,14.11,14.12,14.08,14.1,3555.25,1685092499999,50115.5971,139,1301.27,18348.3096,0
1685092500000,14.09,14.12,14.07,14.07,10391.16,1685093399999,146537.679,191,5168.03,72890.471,0
1685093400000,14.08,14.12,14.07,14.12,14773.29,1685094299999,208276.6973,240,12184.85,171785.9913,0
1685094300000,14.12,14.12,14.09,14.1,9787.89,1685095199999,138037.229,261,3106.85,43826.6486,0
1685095200000,14.1,14.11,14.08,14.08,3980.02,1685096099999,56100.5877,152,1577.72,22239.1834,0
1685096100000,14.08,14.11,14.07,14.1,7675.87,1685096999999,108099.1711,199,3056.36,43055.0564,0
1685097000000,14.1,14.11,14.08,14.09,5978.65,1685097899999,84276.041,151,2477.93,34937.9905,0
1685097900000,14.09,14.1,14.08,14.09,2908.13,1685098799999,40971.7991,104,1641.44,23130.942,0
1685098800000,14.08,14.1,14.08,14.1,7970.42,1685099699999,112302.2219,165,4604.36,64878.0242,0
1685099700000,14.1,14.11,14.08,14.1,4741.96,1685100599999,66842.1922,136,1987.02,28027.0769,0
1685100600000,14.1,14.1,14.08,14.09,2584.35,1685101499999,36419.5427,107,1000.81,14104.504,0
1685101500000,14.09,14.15,14.09,14.13,30325.07,1685102399999,428450.9255,661,14733.35,208185.6718,0
1685102400000,14.13,14.17,14.13,14.15,9791.52,1685103299999,138519.2516,245,5217.01,73804.2398,0
1685103300000,14.15,14.16,14.14,14.15,6159.76,1685104199999,87183.3282,168,3331.22,47159.7929,0
1685104200000,14.15,14.19,14.09,14.12,32545.49,1685105099999,460219.9195,863,16953.09,239739.7127,0
1685105100000,14.11,14.14,14.11,14.13,7381.06,1685105999999,104261.1821,182,3214.64,45402.8748,0
1685106000000,14.13,14.18,14.12,14.17,11159.64,1685106899999,157986.0992,284,6152.99,87116.8784,0
1685106900000,14.17,14.18,14.13,14.13,6047.97,1685107799999,85547.6733,202,1678.7,23753.3986,0
1685107800000,14.13,14.2,14.13,14.18,17106.87,1685108699999,242476.8907,441,7435.64,105390.7397,0
1685108700000,14.18,14.19,14.16,14.17,15307.85,1685109599999,217043.4488,385,6364.54,90248.6165,0
1685109600000,14.17,14.2,14.16,14.18,17456.89,1685110499999,247561.1972,340,7676.45,108874.0084,0
1685110500000,14.18,14.27,14.17,14.25,33118.1,1685111399999,471523.7251,765,20232.17,288037.9881,0
1685111400000,14.25,14.29,14.24,14.24,24018.66,1685112299999,342631.6542,533,10899.92,155485.1364,0
1685112300000,14.25,14.27,14.23,14.25,19482.48,1685113199999,277571.0842,405,11431.3,162841.9723,0
1685113200000,14.25,14.29,14.25,14.29,10930.62,1685114099999,155979.0494,298,5249.11,74916.9066,0
1685114100000,14.29,14.3,14.25,14.29,13143.3,1685114999999,187656.5387,371,5513.03,78723.4255,0
1685115000000,14.29,14.3,14.28,14.3,10737.96,1685115899999,153447.1298,255,5622.58,80368.516,0
1685115900000,14.3,14.3,14.26,14.27,11240.45,1685116799999,160431.8897,261,4847.61,69184.3325,0
1685116800000,14.28,14.28,14.23,14.23,18173.59,1685117699999,259005.1694,444,8391.88,119591.6572,0
1685117700000,14.24,14.29,14.23,14.27,19335.26,1685118599999,275622.6025,483,9952.54,141907.9819,0
1685118600000,14.27,14.28,14.24,14.24,16558.13,1685119499999,236165.1783,269,6970.59,99457.3959,0
1685119500000,14.24,14.25,14.2,14.21,15538.55,1685120399999,221102.3041,374,8170.23,116291.9246,0
1685120400000,14.21,14.24,14.21,14.24,7961.93,1685121299999,113254.6106,213,3819.4,54343.4897,0
1685121300000,14.24,14.25,14.14,14.18,51519.27,1685122199999,730479.9872,656,9049.53,128379.1877,0
1685122200000,14.18,14.19,14.13,14.15,21044.44,1685123099999,297915.9255,454,11879.19,168176.9106,0
1685123100000,14.14,14.15,14.12,14.14,9067.87,1685123999999,128171.0476,282,5956.1,84201.3579,0
1685124000000,14.13,14.16,14.11,14.16,11730.53,1685124899999,165815.7405,323,9946.29,140622.5123,0
1685124900000,14.16,14.29,14.15,14.26,63874.72,1685125799999,908821.4337,2087,32685.71,465103.6393,0
1685125800000,14.26,14.33,14.24,14.26,31583.96,1685126699999,451416.9563,685,21577.32,308417.7592,0
1685126700000,14.26,14.28,14.25,14.27,9217.29,1685127599999,131465.7274,202,6789.78,96853.5463,0
1685127600000,14.27,14.33,14.26,14.32,32541.41,1685128499999,465392.9952,805,18947.21,270963.1948,0
1685128500000,14.32,14.35,14.31,14.34,30813.21,1685129399999,441569.5052,812,15251.06,218588.8989,0
1685129400000,14.33,14.36,14.32,14.36,25339.73,1685130299999,363393.3486,566,19367.45,277746.8959,0
1685130300000,14.36,14.39,14.33,14.36,25340.6,1685131199999,363885.2912,945,12109.35,173915.5043,0
1685131200000,14.36,14.39,14.36,14.38,19266.97,1685132099999,276964.8495,489,11215.08,161232.821,0
1685132100000,14.39,14.39,14.33,14.33,11531.34,1685132999999,165612.6427,328,3337.0,47931.7585,0
1685133000000,14.34,14.35,14.32,14.33,6002.34,1685133899999,86035.1029,235,3111.18,44598.1214,0
1685133900000,14.33,14.39,14.32,14.37,29666.72,1685134799999,425785.9323,690,15035.27,215896.8943,0
1685134800000,14.38,14.39,14.36,14.37,7594.17,1685135699999,109167.9789,196,1539.76,22144.4124,0
1685135700000,14.37,14.37,14.34,14.34,7207.36,1685136599999,103444.1619,213,3353.78,48141.6609,0
1685136600000,14.34,14.36,14.34,14.36,6916.44,1685137499999,99278.8033,178,4349.99,62443.4156,0
1685137500000,14.36,14.37,14.34,14.35,3212.0,1685138399999,46110.0641,108,1838.0,26385.1838,0
1685138400000,14.36,14.38,14.36,14.37,3467.77,1685139299999,49823.3707,143,2006.68,28835.8201,0
1685139300000,14.37,14.38,14.35,14.37,3148.25,1685140199999,45231.4488,116,2513.87,36120.8128,0
1685140200000,14.38,14.39,14.36,14.37,3169.78,1685141099999,45566.3235,111,989.88,14231.5591,0
1685141100000,14.38,14.38,14.34,14.34,2336.01,1685141999999,33536.4518,87,479.23,6882.0719,0
1685142000000,14.34,14.36,14.33,14.36,1860.78,1685142899999,26688.6307,85,1287.71,18470.8153,0
1685142900000,14.36,14.37,14.35,14.35,2774.31,1685143799999,39850.2231,97,1725.82,24797.1633,0
1685143800000,14.36,14.38,14.35,14.37,3696.98,1685144699999,53105.2202,98,1532.06,22015.543,0
1685144700000,14.38,14.39,14.3,14.33,55458.32,1685145599999,795242.4872,638,10651.5,152985.7171,0
1685145600000,14.33,14.36,14.33,14.35,11650.73,1685146499999,167102.0465,339,7155.35,102628.5222,0
1685146500000,14.34,14.36,14.32,14.32,5635.68,1685147399999,80811.4727,164,1969.62,28252.1642,0
1685147400000,14.32,14.34,14.31,14.31,5045.93,1685148299999,72273.8437,230,2580.75,36977.5384,0
1685148300000,14.32,14.36,14.32,14.35,9196.41,1685149199999,131893.8401,171,6032.89,86532.1731,0
1685149200000,14.35,14.43,14.35,14.41,22129.03,1685150099999,318336.1816,513,14531.24,209007.9437,0
1685150100000,14.42,14.45,14.39,14.41,17447.63,1685150999999,251619.4725,693,6739.53,97204.3457,0
1685151000000,14.42,14.43,14.4,14.41,2824.64,1685151899999,40720.3261,111,1071.62,15453.6546,0
1685151900000,14.41,14.42,14.39,14.4,5498.18,1685152799999,79163.5233,149,1030.04,14839.2943,0
1685152800000,14.4,14.43,14.4,14.43,2147.31,1685153699999,30944.6107,97,1060.91,15288.3747,0
1685153700000,14.43,14.43,14.39,14.4,1682.51,1685154599999,24245.4268,75,189.49,2730.9925,0
1685154600000,14.4,14.4,14.37,14.39,18425.03,1685155499999,265005.7671,308,5138.32,73935.9062,0
1685155500000,14.39,14.41,14.39,14.4,1427.55,1685156399999,20559.2686,55,760.86,10959.0771,0
1685156400000,14.4,14.43,14.4,14.42,4525.93,1685157299999,65228.6674,113,3792.02,54652.6201,0
1685157300000,14.43,14.43,14.41,14.42,3352.35,1685158199999,48329.6917,79,1307.03,18848.2523,0
1685158200000,14.42,14.45,14.41,14.44,8609.6,1685159099999,124298.8343,186,5390.22,77821.8487,0
1685159100000,14.44,14.45,14.43,14.44,5062.2,1685159999999,73101.4008,117,2686.02,38792.3426,0
1685160000000,14.44,14.47,14.43,14.43,8929.91,1685160899999,129026.9935,252,6497.55,93877.4226,0
1685160900000,14.44,14.48,14.41,14.45,8772.85,1685161799999,126721.9639,278,4197.46,60629.0094,0
1685161800000,14.45,14.47,14.45,14.46,7208.62,1685162699999,104245.8554,201,4660.21,67398.5918,0
1685162700000,14.45,14.46,14.45,14.45,4674.54,1685163599999,67550.7965,68,370.11,5351.783,0
1685163600000,14.45,14.46,14.44,14.45,2882.79,1685164499999,41662.5373,107,1915.41,27686.6333,0
1685164500000,14.45,14.46,14.42,14.44,4976.96,1685165399999,71873.9269,162,3035.68,43827.9968,0
1685165400000,14.44,14.45,14.41,14.43,8787.57,1685166299999,126844.4855,167,2075.97,29960.3638,0
1685166300000,14.43,14.45,14.43,14.43,7033.73,1685167199999,101587.5109,200,5019.12,72494.3573,0
1685167200000,14.44,14.45,14.43,14.44,3950.9,1685168099999,57057.3605,97,1548.59,22370.3837,0
1685168100000,14.43,14.43,14.42,14.42,1725.79,1685168999999,24893.6283,77,717.72,10356.6996,0
1685169000000,14.43,14.45,14.43,14.45,3594.82,1685169899999,51900.0842,118,2895.06,41796.8375,0
1685169900000,14.44,14.47,14.44,14.45,8005.85,1685170799999,115704.4966,200,2789.11,40308.6656,0
1685170800000,14.44,14.45,14.41,14.42,3510.06,1685171699999,50617.5972,89,577.51,8328.7578,0
1685171700000,14.41,14.42,14.38,14.4,6503.32,1685172599999,93622.0688,176,3715.74,53491.9087,0
1685172600000,14.4,14.42,14.4,14.42,2511.77,1685173499999,36196.6972,90,1377.22,19851.0926,0
1685173500000,14.42,14.42,14.39,14.4,4925.84,1685174399999,70929.0718,152,1366.86,19685.1997,0
1685174400000,14.4,14.41,14.37,14.4,11841.76,1685175299999,170336.4978,279,5488.3,78917.2449,0
1685175300000,14.39,14.41,14.38,14.41,2131.21,1685176199999,30682.4849,99,1634.39,23533.3956,0
1685176200000,14.41,14.41,14.37,14.38,5518.56,1685177099999,79436.6919,138,2268.39,32644.8834,0
1685177100000,14.39,14.39,14.36,14.37,5467.36,1685177999999,78576.4278,194,1988.23,28584.2874,0
1685178000000,14.37,14.38,14.35,14.37,4733.73,1685178899999,68008.0568,134,2350.37,33763.3834,0
1685178900000,14.37,14.38,14.34,14.35,2032.28,1685179799999,29184.6345,81,480.82,6908.11,0
1685179800000,14.35,14.38,14.3,14.32,45745.37,1685180699999,655695.4922,724,8913.81,127803.8304,0
1685180700000,14.32,14.34,14.31,14.33,44104.86,1685181599999,631675.4283,966,11114.48,159238.6684,0
1685181600000,14.33,14.34,14.31,14.32,18780.34,1685182499999,269010.2847,634,8013.25,114795.6626,0
1685182500000,14.31,14.34,14.31,14.31,5525.91,1685183399999,79135.9654,178,1414.5,20263.0765,0
1685183400000,14.32,14.32,14.28,14.29,25049.42,1685184299999,358033.2161,613,5785.46,82703.1059,0
1685184300000,14.3,14.3,14.26,14.29,11831.66,1685185199999,168905.9521,390,4461.49,63692.5168,0
1685185200000,14.29,14.29,14.26,14.29,8573.44,1685186099999,122396.3047,273,3396.66,48487.4297,0
1685186100000,14.28,14.3,14.28,14.28,6579.95,1685186999999,94019.4057,199,4150.66,59313.1583,0
1685187000000,14.29,14.29,14.28,14.28,3577.87,1685187899999,51118.1021,98,2611.85,37323.3365,0
1685187900000,14.28,14.29,14.27,14.28,4051.0,1685188799999,57849.8591,165,2017.67,28816.6008,0
1685188800000,14.28,14.3,14.27,14.29,5640.16,1685189699999,80609.0418,199,4400.47,62895.8978,0
1685189700000,14.3,14.32,14.29,14.31,10212.74,1685190599999,146088.6982,283,7652.67,109465.6718,0
1685190600000,14.31,14.34,14.31,14.32,5895.1,1685191499999,84422.8641,211,3961.05,56738.2601,0
1685191500000,14.32,14.34,14.31,14.33,12345.16,1685192399999,176854.5165,178,8334.75,119417.5564,0
1685192400000,14.33,14.36,14.32,14.36,7250.56,1685193299999,103989.587,215,5231.26,75037.8771,0
1685193300000,14.35,14.37,14.35,14.36,5196.64,1685194199999,74630.9523,177,2134.68,30662.9722,0
1685194200000,14.37,14.37,14.34,14.34,3913.01,1685195099999,56174.6625,120,1904.77,27349.2509,0
1685195100000,14.34,14.35,14.27,14.3,20200.22,1685195999999,288781.5733,530,9240.13,132113.8253,0
1685196000000,14.29,14.35,14.28,14.35,9372.11,1685196899999,134239.0052,361,5684.58,81417.1671,0
1685196900000,14.35,14.39,14.32,14.38,20460.73,1685197799999,293948.7093,457,12488.05,179438.4881,0
1685197800000,14.38,14.39,14.36,14.37,4275.28,1685198699999,61448.9403,131,1682.56,24181.1566,0
1685198700000,14.36,14.38,14.36,14.37,7183.12,1685199599999,103189.5822,163,2834.87,40725.9369,0
1685199600000,14.37,14.39,14.36,14.39,5637.63,1685200499999,81006.3779,197,2536.76,36466.5748,0
1685200500000,14.39,14.39,14.36,14.36,2582.35,1685201399999,37129.0487,102,665.57,9577.0985,0
1685201400000,14.37,14.38,14.35,14.36,3409.01,1685202299999,48982.8336,110,1755.34,25225.5671,0
1685202300000,14.36,14.37,14.35,14.36,6537.29,1685203199999,93875.2368,158,4130.63,59318.0615,0
1685203200000,14.37,14.38,14.36,14.37,5379.01,1685204099999,77279.3901,135,1807.61,25975.7123,0
1685204100000,14.36,14.36,14.32,14.32,11605.26,1685204999999,166395.7106,223,5698.93,81710.0823,0
1685205000000,14.32,14.33,14.3,14.32,14916.25,1685205899999,213467.587,352,6805.3,97403.0349,0
1685205900000,14.32,14.36,14.32,14.35,3456.69,1685206799999,49563.1468,149,2419.41,34695.8111,0
1685206800000,14.36,14.36,14.31,14.32,9991.15,1685207699999,143230.2215,266,744.61,10672.129,0
1685207700000,14.31,14.34,14.31,14.33,9331.76,1685208599999,133683.161,309,6695.46,95915.8001,0
1685208600000,14.33,14.38,14.33,14.37,8296.23,1685209499999,119089.4839,250,5779.12,82952.4105,0
1685209500000,14.37,14.39,14.37,14.38,6396.17,1685210399999,91993.018,262,3553.78,51120.9298,0
1685210400000,14.38,14.39,14.36,14.37,6865.19,1685211299999,98680.1423,193,2371.53,34099.231,0
1685211300000,14.37,14.41,14.36,14.4,11273.42,1685212199999,162195.3646,308,5759.36,82836.7004,0
1685212200000,14.4,14.43,14.39,14.41,8005.03,1685213099999,115400.1252,313,3929.44,56650.1023,0
1685213100000,14.41,14.42,14.34,14.35,9617.09,1685213999999,138119.7268,272,3735.85,53622.0633,0
1685214000000,14.35,14.39,14.35,14.38,7003.22,1685214899999,100662.6595,207,3252.19,46738.1312,0
1685214900000,14.38,14.41,14.38,14.4,5478.67,1685215799999,78852.6938,282,2959.88,42607.3653,0
1685215800000,14.41,14.42,14.4,14.41,2260.38,1685216699999,32570.7437,124,698.67,10068.0792,0
1685216700000,14.41,14.43,14.41,14.41,7889.09,1685217599999,113707.5718,178,4564.62,65786.7449,0
1685217600000,14.41,14.43,14.41,14.43,6448.0,1685218499999,92969.8233,208,3009.41,43395.7787,0
1685218500000,14.43,14.44,14.42,14.42,6779.77,1685219399999,97789.1086,235,1915.45,27633.9776,0
1685219400000,14.42,14.43,14.41,14.43,6197.79,1685220299999,89378.5474,217,4033.11,58164.2432,0
1685220300000,14.43,14.44,14.42,14.43,9604.05,1685221199999,138561.9095,277,5088.04,73422.2544,0
1685221200000,14.44,14.45,14.42,14.44,5561.79,1685222099999,80302.2854,237,2149.52,31032.532,0
1685222100000,14.44,14.49,14.43,14.46,25894.03,1685222999999,374656.2858,940,11910.01,172319.3192,0
1685223000000,14.47,14.5,14.46,14.48,12444.78,1685223899999,180230.6854,294,8606.57,124659.2695,0
1685223900000,14.48,14.49,14.47,14.49,2964.53,1685224799999,42933.5038,116,1974.62,28600.0389,0
1685224800000,14.49,14.51,14.48,14.5,14638.07,1685225699999,212237.9638,357,7018.67,101780.0414,0
1685225700000,14.5,14.5,14.47,14.48,7554.73,1685226599999,109420.389,190,3419.91,49529.5915,0
1685226600000,14.49,14.54,14.49,14.54,11304.56,1685227499999,164082.6143,379,5319.12,77206.9786,0
1685227500000,14.54,14.62,14.53,14.55,52131.95,1685228399999,759416.9876,1713,27838.52,405544.5562,0
1685228400000,14.55,14.61,14.53,14.53,11784.11,1685229299999,171813.5104,308,5177.92,75459.2175,0
1685229300000,14.53,14.55,14.53,14.53,5984.56,1685230199999,87002.3355,114,4206.42,61155.4515,0
1685230200000,14.53,14.55,14.53,14.53,4680.4,1685231099999,68066.5542,128,1526.51,22202.9671,0
1685231100000,14.54,14.57,14.52,14.56,6161.02,1685231999999,89571.5078,133,5516.24,80206.7984,0
1685232000000,14.56,14.57,14.53,14.53,12251.14,1685232899999,178173.6248,274,3066.76,44588.4765,0
1685232900000,14.53,14.53,14.5,14.51,8608.66,1685233799999,124940.295,250,4790.61,69513.1509,0
1685233800000,14.52,14.66,14.52,14.64,37218.68,1685234699999,544191.0182,1020,21077.17,308087.2776,0
1685234700000,14.64,14.72,14.59,14.68,39709.91,1685235599999,582327.5093,1195,18256.71,267715.3011,0
1685235600000,14.68,14.77,14.68,14.75,43881.06,1685236499999,646469.2616,1148,16453.69,242372.8087,0
1685236500000,14.75,14.77,14.74,14.77,20383.31,1685237399999,300684.9261,682,11026.73,162688.0556,0
1685237400000,14.77,14.79,14.75,14.78,25677.31,1685238299999,379205.8142,760,13948.99,206015.0098,0
1685238300000,14.79,14.79,14.74,14.74,13238.34,1685239199999,195461.055,376,3686.58,54428.1977,0
1685239200000,14.75,14.76,14.72,14.74,9017.08,1685240099999,132895.8506,189,2607.25,38447.5905,0
1685240100000,14.74,14.74,14.72,14.73,7059.31,1685240999999,103994.1307,152,2882.78,42480.8897,0
1685241000000,14.73,14.73,14.67,14.68,9721.24,1685241899999,142857.1222,323,3546.8,52150.7147,0
1685241900000,14.67,14.71,14.66,14.69,8244.31,1685242799999,121108.093,170,4512.47,66269.7866,0
1685242800000,14.69,14.72,14.69,14.69,5917.64,1685243699999,86982.2907,132,3700.61,54380.202,0
1685243700000,14.7,14.74,14.7,14.73,2348.99,1685244599999,34554.611,90,1781.2,26207.0239,0
1685244600000,14.73,14.76,14.72,14.75,13844.67,1685245499999,204088.8481,235,7349.28,108353.0069,0
1685245500000,14.75,14.78,14.75,14.76,13212.2,1685246399999,195081.3262,202,6311.11,93182.7037,0
1685246400000,14.76,14.82,14.76,14.78,13498.46,1685247299999,199721.284,439,7009.15,103677.4888,0
1685247300000,14.79,14.8,14.75,14.76,7137.2,1685248199999,105470.1484,220,2867.58,42398.4351,0
1685248200000,14.76,14.76,14.72,14.72,5914.19,1685249099999,87146.7857,167,2625.91,38712.63,0
1685249100000,14.72,14.73,14.7,14.7,3983.04,1685249999999,58618.1341,126,1959.21,28840.4398,0
1685250000000,14.71,14.72,14.69,14.7,4477.64,1685250899999,65846.1681,132,1327.27,19519.9709,0
1685250900000,14.7,14.7,14.68,14.69,1877.1,1685251799999,27568.6933,97,343.31,5045.734,0
1685251800000,14.69,14.71,14.68,14.69,10582.46,1685252699999,155537.5294,182,7744.74,113847.8148,0
1685252700000,14.7,14.72,14.69,14.72,5910.78,1685253599999,86948.618,170,3952.66,58160.3083,0
1685253600000,14.72,14.75,14.72,14.74,6222.23,1685254499999,91727.3159,170,4485.72,66133.5798,0
1685254500000,14.75,14.77,14.74,14.76,6249.52,1685255399999,92216.4833,150,3976.04,58668.6393,0
1685255400000,14.77,14.8,14.76,14.78,10455.26,1685256299999,154536.7837,221,6023.97,89042.663,0
1685256300000,14.79,14.79,14.75,14.76,5967.82,1685257199999,88116.031,166,743.81,10985.9409,0
1685257200000,14.75,14.76,14.73,14.74,4829.82,1685258099999,71220.8816,128,3134.1,46219.4514,0
1685258100000,14.74,14.75,14.72,14.73,8501.08,1685258999999,125231.5451,211,3774.69,55605.5227,0
1685259000000,14.74,14.74,14.72,14.74,3869.41,1685259899999,57002.2937,100,1849.78,27253.5393,0
1685259900000,14.74,14.74,14.72,14.72,6992.61,1685260799999,102996.8961,150,2184.12,32177.6538,0
1685260800000,14.73,14.74,14.7,14.72,6353.86,1685261699999,93545.27,201,3886.28,57225.4393,0
1685261700000,14.72,14.73,14.24,14.4,166473.74,1685262599999,2406673.0302,6952,75169.7,1086901.3123,0
1685262600000,14.4,14.43,14.36,14.37,30351.85,1685263499999,436907.7092,1313,12101.36,174266.3461,0
1685263500000,14.37,14.66,14.35,14.55,115625.2,1685264399999,1681952.0524,4749,63947.64,929962.982,0
1685264400000,14.55,14.56,14.53,14.55,6325.03,1685265299999,92015.7962,234,3955.49,57550.2296,0
1685265300000,14.55,14.58,14.54,14.57,9570.01,1685266199999,139292.2517,295,4911.68,71498.6583,0
1685266200000,14.58,14.58,14.56,14.56,5945.9,1685267099999,86607.1018,210,1196.98,17441.3898,0
1685267100000,14.56,14.56,14.5,14.5,24458.59,1685267999999,355224.5029,396,4621.81,67125.9523,0
1685268000000,14.5,14.52,14.49,14.51,24021.45,1685268899999,348376.0523,506,8457.55,122664.8138,0
1685268900000,14.51,14.56,14.51,14.54,7605.82,1685269799999,110573.7608,205,5161.98,75034.7807,0
1685269800000,14.55,14.59,14.54,14.57,9081.38,1685270699999,132315.4819,287,5891.1,85836.0499,0
1685270700000,14.56,14.58,14.54,14.55,23307.61,1685271599999,339223.8332,566,4089.86,59555.3845,0
1685271600000,14.55,14.55,14.52,14.54,18772.94,1685272499999,272777.9983,528,8310.13,120761.7358,0
1685272500000,14.54,14.55,14.45,14.49,35616.48,1685273399999,516518.3481,1059,14324.48,207745.4406,0
1685273400000,14.49,14.5,14.46,14.47,9666.94,1685274299999,139978.629,254,2722.43,39418.1991,0
1685274300000,14.46,14.5,14.46,14.49,4440.51,1685275199999,64322.3573,187,2629.94,38090.6292,0
1685275200000,14.49,14.52,14.48,14.5,6224.35,1685276099999,90278.5767,270,4041.55,58620.5436,0
1685276100000,14.5,14.5,14.47,14.48,3543.69,1685276999999,51327.2544,138,738.3,10696.0233,0
1685277000000,14.47,14.48,14.44,14.48,6822.85,1685277899999,98625.2416,267,3088.25,44637.6232,0
1685277900000,14.48,14.52,14.45,14.51,15193.96,1685278799999,220056.1514,389,8792.41,127345.3243,0
1685278800000,14.52,14.52,14.46,14.47,3925.25,1685279699999,56844.9924,133,1361.88,19713.6872,0
1685279700000,14.47,14.48,14.46,14.47,4896.63,1685280599999,70853.8687,168,2942.07,42579.1439,0
1685280600000,14.48,14.51,14.46,14.47,26809.02,1685281499999,388076.506,507,6719.18,97270.7002,0
1685281500000,14.47,14.49,14.46,14.48,4238.69,1685282399999,61358.9526,158,2488.35,36018.7377,0
1685282400000,14.47,14.48,14.46,14.48,1531.4,1685283299999,22165.4278,114,1096.28,15869.4037,0
1685283300000,14.48,14.48,14.44,14.45,9107.86,1685284199999,131751.2925,279,4098.8,59302.5531,0
1685284200000,14.45,14.47,14.45,14.46,7213.81,1685285099999,104306.3526,179,2405.51,34782.0526,0
1685285100000,14.46,14.46,14.43,14.44,6908.13,1685285999999,99749.4567,206,2491.25,35968.2711,0
1685286000000,14.43,14.47,14.41,14.47,4627.95,1685286899999,66793.7976,260,3221.97,46509.3271,0
1685286900000,14.46,14.51,14.46,14.49,10068.1,1685287799999,145873.0975,280,7156.3,103677.5634,0
1685287800000,14.48,14.5,14.47,14.49,10456.9,1685288699999,151507.6513,375,5985.63,86744.1155,0
1685288700000,14.49,14.53,14.48,14.53,9559.14,1685289599999,138658.6958,297,6387.23,92646.0484,0
1685289600000,14.53,14.53,14.5,14.52,7290.49,1685290499999,105814.8381,266,2722.43,39515.6096,0
1685290500000,14.52,14.52,14.47,14.49,6425.52,1685291399999,93104.6407,232,2342.46,33951.379,0
1685291400000,14.49,14.53,14.49,14.51,4487.45,1685292299999,65091.1174,171,2281.74,33106.8267,0
1685292300000,14.52,14.54,14.51,14.53,4941.92,1685293199999,71796.4913,148,3394.83,49328.2429,0
1685293200000,14.53,14.54,14.48,14.49,9073.51,1685294099999,131580.2144,252,3640.27,52781.2981,0
1685294100000,14.49,14.52,14.47,14.51,6262.03,1685294999999,90749.3845,174,3826.97,55469.1199,0
1685295000000,14.52,14.57,14.51,14.55,16071.59,1685295899999,233577.4837,475,6920.63,100603.334,0
1685295900000,14.55,14.56,14.52,14.56,13989.9,1685296799999,203433.8661,308,6751.45,98188.7036,0
1685296800000,14.55,14.57,14.53,14.57,4751.07,1685297699999,69124.524,148,3198.01,46537.1331,0
1685297700000,14.57,14.67,14.56,14.62,34990.03,1685298599999,511733.0954,1129,17688.2,258671.9811,0
1685298600000,14.62,14.66,14.58,14.65,19626.42,1685299499999,286753.2396,625,9936.14,145152.9809,0
1685299500000,14.64,14.68,14.63,14.66,20651.68,1685300399999,302616.6554,478,10891.98,159612.7821,0
1685300400000,14.66,14.71,14.63,14.67,24680.16,1685301299999,362113.1556,707,9982.31,146573.6519,0
1685301300000,14.68,14.75,14.66,14.71,30525.63,1685302199999,449178.4673,1027,15096.4,222063.4927,0
1685302200000,14.71,14.72,14.64,14.68,35000.01,1685303099999,513913.8002,844,16182.62,237693.8304,0
1685303100000,14.68,14.69,14.61,14.64,15968.23,1685303999999,233638.6058,441,6983.88,102203.4549,0
1685304000000,14.63,14.67,14.63,14.66,7030.2,1685304899999,103006.1763,220,4715.7,69097.3393,0
1685304900000,14.66,14.71,14.66,14.7,12715.85,1685305799999,186822.369,341,8545.91,125551.3832,0
1685305800000,14.69,14.7,14.66,14.68,8923.64,1685306699999,130955.639,228,1936.24,28414.1037,0
1685306700000,14.69,14.73,14.68,14.72,7475.55,1685307599999,109896.8145,221,4386.79,64492.9149,0
1685307600000,14.72,14.72,14.65,14.68,14357.77,1685308499999,210774.985,313,5943.28,87248.3568,0
1685308500000,14.69,14.71,14.66,14.7,5881.45,1685309399999,86357.0757,182,2432.51,35710.4878,0
1685309400000,14.69,14.73,14.68,14.72,12534.78,1685310299999,184329.9743,292,8419.97,123833.0818,0
1685310300000,14.73,14.79,14.73,14.78,33074.81,1685311199999,488294.0646,866,17438.97,257501.9419,0
1685311200000,14.78,14.96,14.78,14.89,118575.14,1685312099999,1767659.8463,3711,56061.56,835486.3514,0
1685312100000,14.89,15.06,14.89,14.98,59701.47,1685312999999,895053.0116,1844,28665.47,429629.9955,0
1685313000000,14.98,15.04,14.96,14.99,29306.87,1685313899999,439515.2191,744,14858.46,222884.9038,0
1685313900000,15.0,15.0,14.97,14.97,17301.88,1685314799999,259303.525,361,7765.88,116404.0462,0
1685314800000,14.98,15.0,14.96,14.97,23197.65,1685315699999,347434.2778,497,11483.13,171994.9094,0
1685315700000,14.97,15.0,14.93,14.94,26783.34,1685316599999,400752.6157,784,15032.25,224967.9872,0
1685316600000,14.94,14.95,14.9,14.9,9806.9,1685317499999,146383.9592,304,3157.46,47139.3335,0
1685317500000,14.9,14.95,14.89,14.89,16860.45,1685318399999,251678.5435,386,7058.58,105397.7881,0
1685318400000,14.9,14.93,14.87,14.91,15585.81,1685319299999,232299.3951,386,8556.68,127522.6268,0
1685319300000,14.91,14.98,14.86,14.92,48453.79,1685320199999,722849.8662,1052,25701.25,383412.3943,0
1685320200000,14.92,14.94,14.88,14.93,21438.71,1685321099999,319553.4294,467,12322.94,183690.8577,0
1685321100000,14.93,14.95,14.88,14.88,18234.51,1685321999999,272122.4187,367,9727.09,145203.8804,0
1685322000000,14.88,14.93,14.86,14.91,14911.41,1685322899999,222143.7547,403,10460.0,155853.1927,0
1685322900000,14.92,14.94,14.9,14.93,8204.65,1685323799999,122414.4539,447,3936.78,58754.9172,0
1685323800000,14.93,14.95,14.87,14.87,15009.15,1685324699999,223604.4677,1097,5918.36,88151.5652,0
1685324700000,14.87,14.89,14.86,14.87,10076.74,1685325599999,149889.1992,280,5145.0,76529.6232,0
1685325600000,14.88,14.88,14.83,14.84,11782.0,1685326499999,174902.3124,311,5166.75,76701.1615,0
1685326500000,14.84,14.85,14.8,14.8,8089.6,1685327399999,119887.0818,281,2507.06,37157.2584,0
1685327400000,14.8,14.83,14.77,14.79,18641.23,1685328299999,275921.7101,489,7718.22,114260.8805,0
1685328300000,14.8,14.82,14.78,14.82,10279.51,1685329199999,152099.4246,257,4578.08,67769.3491,0
1685329200000,14.82,14.84,14.8,14.8,9446.09,1685330099999,139984.4838,300,4742.05,70282.1352,0
1685330100000,14.8,14.8,14.76,14.79,8210.36,1685330999999,121335.6792,280,3369.97,49801.0968,0
1685331000000,14.79,14.8,14.76,14.77,6480.7,1685331899999,95778.4863,188,2695.17,39826.7461,0
1685331900000,14.77,14.78,14.73,14.73,18812.26,1685332799999,277531.5744,510,8567.74,126397.0354,0
1685332800000,14.74,14.77,14.71,14.72,14513.47,1685333699999,213893.5967,418,5259.32,77490.6701,0
1685333700000,14.71,14.73,14.65,14.7,30760.19,1685334599999,451961.2585,908,12605.57,185247.873,0
1685334600000,14.71,14.72,14.68,14.7,8046.78,1685335499999,118291.2994,280,2251.79,33107.0692,0
1685335500000,14.69,14.74,14.68,14.74,7541.07,1685336399999,110868.4389,250,3341.45,49148.8823,0
1685336400000,14.73,14.77,14.73,14.77,9802.16,1685337299999,144580.934,260,5809.56,85710.3996,0
1685337300000,14.78,14.79,14.76,14.77,8122.02,1685338199999,120004.7036,244,4229.51,62503.6139,0
1685338200000,14.77,14.8,14.77,14.79,9348.16,1685339099999,138225.3204,253,5883.07,87000.9583,0
1685339100000,14.79,14.8,14.78,14.78,7889.14,1685339999999,116680.5384,211,1826.68,27024.9155,0
1685340000000,14.79,14.81,14.78,14.79,8263.94,1685340899999,122254.8203,216,3619.37,53553.6437,0
1685340900000,14.8,14.81,14.76,14.78,10153.96,1685341799999,150091.5832,255,5383.03,79581.1589,0
1685341800000,14.78,14.8,14.78,14.78,10139.68,1685342699999,149946.9528,254,4249.21,62855.9296,0
1685342700000,14.78,14.8,14.78,14.79,5060.33,1685343599999,74855.2114,169,2518.78,37265.8137,0
1685343600000,14.8,14.8,14.75,14.77,14093.89,1685344499999,208175.1447,389,4963.63,73292.408,0
1685344500000,14.77,14.78,14.71,14.72,13730.16,1685345399999,202445.7479,336,5023.5,74015.896,0
1685345400000,14.72,14.74,14.7,14.7,10783.86,1685346299999,158651.8627,283,4438.79,65302.2388,0
1685346300000,14.71,14.73,14.68,14.7,11956.2,1685347199999,175837.6136,301,4581.96,67369.0213,0
1685347200000,14.71,14.74,14.7,14.72,9814.64,1685348099999,144463.1375,260,4148.28,61041.5674,0
1685348100000,14.73,14.74,14.68,14.68,13463.04,1685348999999,197979.9671,399,5154.04,75765.8126,0
1685349000000,14.69,14.72,14.68,14.7,6226.6,1685349899999,91526.4768,196,3407.45,50094.4495,0
1685349900000,14.71,14.72,14.69,14.7,6786.07,1685350799999,99792.8147,212,2312.13,34013.1325,0
1685350800000,14.71,14.72,14.69,14.69,4778.04,1685351699999,70252.2387,179,1722.48,25336.8659,0
1685351700000,14.69,14.73,14.67,14.71,13234.03,1685352599999,194590.4764,331,7774.12,114306.2967,0
1685352600000,14.72,14.73,14.7,14.72,7513.19,1685353499999,110563.8995,270,3375.59,49685.9952,0
1685353500000,14.73,14.73,14.71,14.72,4761.75,1685354399999,70084.6731,190,2112.55,31100.7049,0
1685354400000,14.73,14.73,14.7,14.7,10321.39,1685355299999,151799.5135,282,2901.8,42687.7657,0
1685355300000,14.7,14.71,14.69,14.69,9446.94,1685356199999,138878.0621,265,4578.74,67325.7811,0
1685356200000,14.69,14.71,14.68,14.68,10474.74,1685357099999,153905.2157,254,4651.65,68347.8337,0
1685357100000,14.68,14.68,14.62,14.65,27384.67,1685357999999,401165.6127,659,13385.85,196128.5215,0
1685358000000,14.64,14.67,14.62,14.66,8850.38,1685358899999,129596.7621,313,4341.52,63595.6474,0
1685358900000,14.66,14.67,14.64,14.65,9147.3,1685359799999,134066.3505,256,3281.94,48108.3676,0
1685359800000,14.66,14.67,14.64,14.66,8575.41,1685360699999,125673.4307,230,4159.76,60970.7319,0
1685360700000,14.67,14.7,14.66,14.68,13642.21,1685361599999,200267.1885,303,5643.69,82856.9663,0
1685361600000,14.68,14.69,14.66,14.67,10846.53,1685362499999,159199.6862,271,4050.68,59454.1999,0
1685362500000,14.67,14.67,14.64,14.65,9569.16,1685363399999,140189.5841,282,2767.94,40556.4528,0
1685363400000,14.65,14.65,14.62,14.63,5351.54,1685364299999,78312.2413,207,1995.75,29205.7109,0
1685364300000,14.63,14.65,14.63,14.63,5741.85,1685365199999,84049.831,171,2126.61,31138.1678,0
1685365200000,14.63,14.68,14.63,14.66,9223.04,1685366099999,135230.0017,279,4591.0,67306.7478,0
1685366100000,14.66,14.67,14.63,14.65,11525.13,1685366999999,168869.9935,385,5318.89,77948.05,0
1685367000000,14.66,14.66,14.6,14.62,11642.88,1685367899999,170205.7573,398,4562.9,66689.2852,0
1685367900000,14.62,14.62,14.6,14.61,8717.76,1685368799999,127376.3736,301,1989.98,29081.1623,0
1685368800000,14.62,14.63,14.6,14.62,4927.29,1685369699999,71984.6518,191,3133.45,45784.601,0
1685369700000,14.63,14.64,14.61,14.62,11953.96,1685370599999,174788.0924,293,6097.28,89153.757,0
1685370600000,14.63,14.63,14.54,14.57,33833.66,1685371499999,492971.3839,775,13330.99,194248.2,0
1685371500000,14.57,14.59,14.53,14.56,27358.05,1685372399999,398224.1006,605,10978.56,159788.6855,0
1685372400000,14.57,14.62,14.55,14.59,14429.09,1685373299999,210339.5546,446,7524.58,109681.2144,0
1685373300000,14.59,14.61,14.52,14.52,32072.9,1685374199999,467041.847,631,12872.67,187449.5119,0
1685374200000,14.52,14.55,14.47,14.51,38881.87,1685375099999,564147.1665,933,15337.61,222508.6926,0
1685375100000,14.52,14.52,14.47,14.48,14386.2,1685375999999,208540.355,303,5523.17,80112.479,0
1685376000000,14.48,14.5,14.43,14.47,35246.59,1685376899999,509916.9591,844,17042.31,246489.1342,0
1685376900000,14.47,14.48,14.39,14.42,42250.02,1685377799999,609006.7243,872,17884.37,257790.1192,0
1685377800000,14.42,14.44,14.4,14.43,18097.54,1685378699999,260966.216,424,8780.73,126632.0341,0
1685378700000,14.43,14.43,14.4,14.41,17287.74,1685379599999,249179.243,384,6995.68,100828.7862,0
1685379600000,14.42,14.5,14.38,14.48,37738.34,1685380499999,544735.4454,991,18962.93,273738.4625,0
1685380500000,14.48,14.5,14.45,14.49,18917.8,1685381399999,273858.4161,449,9396.71,136049.311,0
1685381400000,14.49,14.51,14.47,14.47,12454.85,1685382299999,180356.2347,393,3046.79,44136.3855,0
1685382300000,14.47,14.49,14.46,14.47,21704.17,1685383199999,314160.4492,561,9006.48,130400.5796,0
1685383200000,14.47,14.48,14.45,14.45,11892.42,1685384099999,171971.3948,417,4132.45,59770.8071,0
1685384100000,14.45,14.46,14.42,14.43,15270.2,1685384999999,220504.2301,510,3715.83,53654.4381,0
1685385000000,14.43,14.45,14.42,14.44,8932.57,1685385899999,128956.6259,239,3814.45,55074.6575,0
1685385900000,14.44,14.45,14.43,14.45,5904.62,1685386799999,85267.8361,196,2030.17,29324.5743,0
1685386800000,14.44,14.47,14.43,14.45,9642.54,1685387699999,139333.0747,211,5567.51,80434.363,0
1685387700000,14.46,14.5,14.45,14.49,12032.43,1685388599999,174279.8348,344,8492.24,123001.5063,0
1685388600000,14.49,14.51,14.48,14.5,11503.08,1685389499999,166751.6616,326,5938.08,86085.2834,0
1685389500000,14.5,14.52,14.45,14.47,13327.96,1685390399999,193010.7569,358,7016.04,101566.229,0
1685390400000,14.47,14.48,14.45,14.45,8088.84,1685391299999,116952.0213,205,1800.25,26033.1653,0
1685391300000,14.46,14.47,14.44,14.44,6545.13,1685392199999,94617.1136,170,3288.11,47537.8873,0
1685392200000,14.44,14.47,14.44,14.46,6547.26,1685393099999,94672.7677,175,3933.94,56894.2469,0
1685393100000,14.46,14.48,14.46,14.46,6601.78,1685393999999,95515.6656,159,2413.65,34925.6807,0
1685394000000,14.47,14.47,14.43,14.44,11286.2,1685394899999,163021.5354,325,4179.08,60365.1175,0
1685394900000,14.44,14.45,14.42,14.43,8012.86,1685395799999,115672.1528,294,2825.39,40794.2919,0
1685395800000,14.43,14.44,14.41,14.42,25410.75,1685396699999,366532.8816,410,14361.06,207136.2372,0
1685396700000,14.43,14.44,14.4,14.4,7142.3,1685397599999,103022.4605,266,1810.6,26124.6845,0
1685397600000,14.4,14.42,14.39,14.39,19986.3,1685398499999,287891.2799,458,5911.64,85157.6771,0
1685398500000,14.39,14.4,14.36,14.37,23793.86,1685399399999,342125.3064,495,11754.16,169011.7755,0
1685399400000,14.36,14.43,14.35,14.42,31268.51,1685400299999,449926.7141,588,13207.16,190129.8079,0
1685400300000,14.42,14.46,14.41,14.45,11649.21,1685401199999,168124.2462,234,8223.56,118699.6112,0
1685401200000,14.46,14.49,14.44,14.48,19763.57,1685402099999,285748.2113,538,6595.77,95405.2689,0
1685402100000,14.48,14.49,14.45,14.46,8498.48,1685402999999,122939.1352,377,3854.47,55774.6491,0
1685403000000,14.46,14.5,14.45,14.49,9262.65,1685403899999,134050.8439,243,3643.54,52726.4094,0
1685403900000,14.49,14.49,14.46,14.48,10981.14,1685404799999,158929.761,218,4675.68,67671.3593,0
1685404800000,14.48,14.48,14.42,14.43,10547.88,1685405699999,152394.4002,337,3156.11,45556.766,0
1685405700000,14.44,14.46,14.42,14.42,8302.53,1685406599999,119886.3022,207,3080.66,44483.0396,0
1685406600000,14.43,14.43,14.37,14.38,12753.03,1685407499999,183511.4533,303,6976.31,100408.3804,0
1685407500000,14.39,14.44,14.39,14.43,11992.9,1685408399999,172944.8926,250,5776.18,83282.2515,0
1685408400000,14.43,14.47,14.42,14.44,8988.06,1685409299999,129894.2923,217,3694.69,53391.0712,0
1685409300000,14.45,14.47,14.45,14.46,5353.25,1685410199999,77394.8253,91,2900.97,41942.5582,0
1685410200000,14.46,14.5,14.46,14.5,10558.27,1685411099999,152929.9707,213,6380.96,92410.2195,0
1685411100000,14.5,14.52,14.5,14.52,8604.97,1685411999999,124860.9875,244,5444.32,79002.5768,0
1685412000000,14.52,14.54,14.5,14.51,8262.9,1685412899999,120056.2479,261,4921.8,71528.7834,0
1685412900000,14.51,14.53,14.5,14.53,2968.36,1685413799999,43076.2844,94,1732.55,25149.0785,0
1685413800000,14.53,14.54,14.49,14.5,7842.7,1685414699999,113880.8599,166,3836.33,55707.8409,0
1685414700000,14.49,14.51,14.49,14.5,3882.61,1685415599999,56307.3406,203,2186.67,31716.2918,0
1685415600000,14.5,14.52,14.49,14.49,7142.37,1685416499999,103589.389,234,2552.33,37017.1312,0
1685416500000,14.5,14.57,14.5,14.52,19022.25,1685417399999,276437.4194,512,9216.79,133927.6458,0
1685417400000,14.52,14.53,14.51,14.52,6978.03,1685418299999,101294.2855,151,4553.55,66103.5873,0
1685418300000,14.51,14.52,14.47,14.48,12162.1,1685419199999,176402.0421,275,4807.09,69755.3524,0
1685419200000,14.48,14.51,14.46,14.46,10479.2,1685420099999,151782.2469,251,5810.91,84169.2852,0
1685420100000,14.47,14.48,14.45,14.48,5969.05,1685420999999,86353.2213,371,3460.1,50064.994,0
1685421000000,14.48,14.48,14.45,14.46,3999.17,1685421899999,57849.0354,101,2239.45,32400.5326,0
1685421900000,14.46,14.48,14.46,14.46,4856.67,1685422799999,70276.8014,129,2350.28,34010.664,0
1685422800000,14.46,14.48,14.41,14.43,12604.1,1685423699999,182101.7809,362,5346.3,77214.8218,0
1685423700000,14.43,14.47,14.42,14.46,12407.77,1685424599999,179152.9848,250,4932.6,71220.1669,0
1685424600000,14.45,14.46,14.44,14.45,7146.97,1685425499999,103278.9546,152,3525.5,50949.0088,0
1685425500000,14.45,14.48,14.44,14.46,10360.74,1685426399999,149775.4816,225,5190.94,75048.2121,0
1685426400000,14.46,14.48,14.44,14.47,6883.28,1685427299999,99527.0868,148,3057.62,44214.861,0
1685427300000,14.48,14.49,14.46,14.46,8917.12,1685428199999,129079.302,207,1977.42,28628.7932,0
1685428200000,14.47,14.48,14.46,14.47,11350.5,1685429099999,164227.8888,238,4153.36,60102.441,0
1685429100000,14.47,14.51,14.47,14.5,7552.34,1685429999999,109417.5535,208,3121.85,45235.0237,0
1685430000000,14.51,14.55,14.5,14.54,16739.53,1685430899999,243261.4572,369,11175.69,162424.1576,0
1685430900000,14.54,14.56,14.51,14.51,8349.99,1685431799999,121421.2012,262,1954.5,28406.9465,0
1685431800000,14.52,14.53,14.49,14.5,12262.24,1685432699999,177977.0315,211,4806.96,69835.8491,0
1685432700000,14.49,14.53,14.48,14.49,12128.84,1685433599999,175872.5243,269,7027.04,101885.4285,0
1685433600000,14.49,14.53,14.48,14.51,10271.2,1685434499999,149047.0299,277,6414.16,93057.3167,0
1685434500000,14.51,14.56,14.5,14.54,9319.73,1685435399999,135480.2839,266,3592.08,52209.0828,0
1685435400000,14.55,14.59,14.55,14.57,21711.15,1685436299999,316333.1007,479,13245.55,192977.0045,0
1685436300000,14.57,14.58,14.55,14.55,15419.39,1685437199999,224602.7574,364,4972.41,72438.4728,0
1685437200000,14.56,14.62,14.56,14.59,17120.11,1685438099999,249920.5263,502,8055.97,117567.2526,0
1685438100000,14.59,14.62,14.59,14.59,11223.5,1685438999999,163922.4278,256,3407.9,49782.9634,0
1685439000000,14.6,14.63,14.59,14.61,10856.71,1685439899999,158615.7909,275,6741.1,98488.7277,0
1685439900000,14.61,14.64,14.6,14.61,12058.5,1685440799999,176265.1332,318,5397.16,78896.8367,0
1685440800000,14.61,14.63,14.58,14.63,14117.73,1685441699999,206195.6728,372,6408.79,93625.7758,0
1685441700000,14.62,14.66,14.62,14.65,23033.71,1685442599999,337267.2588,535,12952.92,189666.6219,0
1685442600000,14.66,14.7,14.65,14.69,28748.91,1685443499999,421982.8466,712,13066.21,191811.4881,0
1685443500000,14.69,14.72,14.67,14.68,25789.92,1685444399999,379184.1112,690,9762.4,143557.1798,0
1685444400000,14.68,14.72,14.66,14.7,12983.01,1685445299999,190693.9545,422,6131.34,90052.8779,0
1685445300000,14.69,14.73,14.69,14.7,12219.17,1685446199999,179799.9767,364,4348.18,63990.0677,0
1685446200000,14.7,14.73,14.67,14.69,29065.18,1685447099999,427446.23,551,12716.83,187005.2601,0
1685447100000,14.69,14.72,14.67,14.72,12011.22,1685447999999,176478.0353,319,6241.52,91712.6299,0
1685448000000,14.72,14.72,14.67,14.71,27064.17,1685448899999,397823.534,527,15701.94,230780.2396,0
1685448900000,14.71,14.71,14.62,14.64,18928.07,1685449799999,277555.4979,521,6481.27,95005.2453,0
1685449800000,14.63,14.64,14.58,14.61,18884.93,1685450699999,275858.2906,509,7458.95,108957.2114,0
1685450700000,14.6,14.65,14.6,14.65,6666.79,1685451599999,97518.716,234,3613.42,52862.715,0
1685451600000,14.64,14.67,14.63,14.64,9312.36,1685452499999,136435.2943,272,3933.62,57636.8879,0
1685452500000,14.65,14.68,14.64,14.68,21812.53,1685453399999,319756.5081,443,12065.57,176887.1189,0
1685453400000,14.68,14.68,14.63,14.67,22423.63,1685454299999,328695.44,579,13344.78,195626.5219,0
1685454300000,14.67,14.68,14.57,14.58,21872.37,1685455199999,319572.6845,576,8861.83,129484.816,0
1685455200000,14.58,14.62,14.54,14.57,18927.92,1685456099999,275772.5533,662,9252.24,134820.2525,0
1685456100000,14.56,14.59,14.53,14.55,18194.65,1685456999999,265021.8832,453,9495.67,138327.8347,0
1685457000000,14.54,14.58,14.45,14.46,29187.49,1685457899999,423250.9483,822,12843.34,186167.5322,0
1685457900000,14.46,14.51,14.44,14.46,25567.48,1685458799999,370190.9065,703,12289.8,178030.5547,0
1685458800000,14.45,14.48,14.44,14.46,23199.55,1685459699999,335389.2951,527,11799.98,170614.9902,0
1685459700000,14.46,14.46,14.39,14.42,18915.25,1685460599999,272820.57,575,8653.08,124804.019,0
1685460600000,14.42,14.47,14.41,14.46,14464.27,1685461499999,208997.3723,420,7633.56,110281.5966,0
1685461500000,14.46,14.48,14.45,14.46,10330.81,1685462399999,149406.7518,316,4855.61,70227.4239,0
1685462400000,14.46,14.47,14.4,14.42,15904.66,1685463299999,229543.2159,616,10183.98,146952.4391,0
1685463300000,14.42,14.47,14.37,14.46,28897.7,1685464199999,416516.8668,777,18375.07,264849.9672,0
1685464200000,14.45,14.48,14.44,14.48,9697.16,1685465099999,140275.5183,332,5651.21,81744.6323,0
1685465100000,14.48,14.49,14.46,14.46,8044.14,1685465999999,116400.1908,236,3008.71,43542.6422,0
1685466000000,14.47,14.49,14.44,14.46,14820.28,1685466899999,214289.9069,331,9269.5,134002.7577,0
1685466900000,14.46,14.46,14.4,14.42,12851.47,1685467799999,185411.2586,358,5404.9,77954.646,0
1685467800000,14.41,14.47,14.4,14.46,9133.72,1685468699999,131869.1646,332,4418.16,63782.8779,0
1685468700000,14.47,14.48,14.44,14.45,12677.16,1685469599999,183351.4091,359,7537.51,109031.2773,0
1685469600000,14.44,14.46,14.41,14.45,9184.41,1685470499999,132540.0084,425,5371.07,77516.3511,0
1685470500000,14.46,14.49,14.45,14.47,12031.7,1685471399999,174203.6059,271,9323.18,134995.2973,0
1685471400000,14.47,14.53,14.47,14.52,11587.63,1685472299999,167956.5692,391,6016.29,87220.4837,0
1685472300000,14.53,14.57,14.5,14.54,15648.46,1685473199999,227390.8704,470,7914.11,114988.7747,0
1685473200000,14.54,14.55,14.52,14.54,7256.18,1685474099999,105457.3453,260,4120.06,59881.0052,0
1685474100000,14.53,14.54,14.49,14.5,7745.25,1685474999999,112384.3039,307,3316.31,48121.1624,0
1685475000000,14.51,14.54,14.5,14.54,10071.79,1685475899999,146246.9466,314,4849.19,70408.3457,0
1685475900000,14.53,14.55,14.52,14.53,12007.92,1685476799999,174500.4821,426,7164.47,104124.686,0
1685476800000,14.53,14.56,14.52,14.54,10291.28,1685477699999,149643.3727,423,3996.2,58116.0322,0
1685477700000,14.53,14.55,14.5,14.54,14096.72,1685478599999,204697.1984,504,6797.54,98734.2401,0
1685478600000,14.54,14.56,14.53,14.54,9065.81,1685479499999,131841.8689,237,4929.16,71695.8304,0
1685479500000,14.55,14.55,14.51,14.51,6522.02,1685480399999,94771.287,219,2184.39,31743.4409,0
1685480400000,14.51,14.53,14.49,14.52,8259.27,1685481299999,119859.6262,283,4626.86,67156.6744,0
1685481300000,14.52,14.56,14.52,14.54,8499.03,1685482199999,123590.1319,265,3566.82,51855.006,0
1685482200000,14.53,14.56,14.52,14.54,12191.19,1685483099999,177277.4629,341,5396.96,78494.3889,0
1685483100000,14.54,14.54,14.47,14.5,10687.25,1685483999999,154906.5402,362,4173.87,60503.9367,0
1685484000000,14.51,14.51,14.48,14.49,7080.89,1685484899999,102605.4742,225,4047.65,58661.9744,0
1685484900000,14.49,14.5,14.47,14.5,3337.49,1685485799999,48350.6729,111,1198.76,17368.5437,0
1685485800000,14.5,14.53,14.49,14.53,3159.57,1685486699999,45857.2933,125,2451.72,35584.66,0
1685486700000,14.52,14.54,14.51,14.51,2584.79,1685487599999,37547.2567,96,1036.1,15054.8174,0
1685487600000,14.51,14.52,14.44,14.44,18101.38,1685488499999,262155.8669,445,2816.82,40776.3444,0
1685488500000,14.44,14.45,14.42,14.45,6321.19,1685489399999,91257.3622,195,4646.44,67079.0702,0
1685489400000,14.44,14.46,14.44,14.45,3449.9,1685490299999,49855.7505,102,1683.21,24332.2485,0
1685490300000,14.44,14.45,14.43,14.45,3372.57,1685491199999,48700.0993,113,2464.28,35582.2152,0
1685491200000,14.44,14.45,14.39,14.43,9991.69,1685492099999,144049.5051,352,4616.1,66544.3401,0
1685492100000,14.43,14.44,14.36,14.37,12153.29,1685492999999,174838.8375,352,3455.5,49709.511,0
1685493000000,14.37,14.44,14.36,14.44,5903.83,1685493899999,85001.6356,228,2850.44,41042.9375,0
1685493900000,14.43,14.46,14.43,14.45,5498.6,1685494799999,79426.7858,191,2749.62,39726.6187,0
1685494800000,14.45,14.46,14.41,14.42,6120.66,1685495699999,88334.1144,209,1674.43,24174.2345,0
1685495700000,14.41,14.42,14.39,14.4,16462.62,1685496599999,237101.4481,365,2674.27,38534.8532,0
1685496600000,14.4,14.41,14.38,14.41,4283.36,1685497499999,61665.6379,163,2285.98,32914.5327,0
1685497500000,14.4,14.41,14.37,14.38,5863.5,1685498399999,84404.1521,228,3101.0,44638.3204,0
1685498400000,14.38,14.39,14.17,14.26,75380.26,1685499299999,1075919.1594,2771,34179.08,487678.5154,0
1685499300000,14.26,14.29,14.24,14.29,12177.02,1685500199999,173794.554,398,8385.57,119710.5391,0
1685500200000,14.29,14.3,14.22,14.24,11228.62,1685501099999,159986.6758,492,6343.18,90382.3846,0
1685501100000,14.24,14.25,14.21,14.24,9924.52,1685501999999,141236.743,260,5174.33,73642.9321,0
1685502000000,14.24,14.25,14.22,14.25,10894.37,1685502899999,155029.0854,262,4754.67,67666.3698,0
1685502900000,14.25,14.29,14.23,14.29,10764.15,1685503799999,153497.9412,326,6739.07,96130.2678,0
1685503800000,14.29,14.33,14.29,14.32,5414.02,1685504699999,77470.9015,262,3276.94,46900.1219,0
1685504700000,14.32,14.33,14.31,14.32,4378.03,1685505599999,62700.5034,138,2672.94,38286.1245,0
1685505600000,14.33,14.33,14.3,14.32,4384.82,1685506499999,62759.7672,216,1786.37,25569.094,0
1685506500000,14.31,14.32,14.3,14.31,2174.48,1685507399999,31119.9482,111,1014.53,14525.5279,0
1685507400000,14.3,14.31,14.26,14.3,16466.98,1685508299999,235350.2989,392,9450.64,135054.556,0
1685508300000,14.29,14.3,14.1,14.13,86244.46,1685509199999,1221576.6589,2947,44317.49,627578.0747,0
1685509200000,14.13,14.18,14.06,14.16,45810.25,1685510099999,646894.5061,1727,22651.21,319917.6449,0
1685510100000,14.16,14.21,14.13,14.19,20543.58,1685510999999,290961.7184,788,10306.22,145991.3776,0
1685511000000,14.19,14.2,14.15,14.18,13629.36,1685511899999,193147.3037,470,5655.1,80160.6795,0
1685511900000,14.18,14.18,14.07,14.09,30250.76,1685512799999,426943.378,599,7094.93,100239.5068,0
1685512800000,14.08,14.14,14.04,14.11,40826.48,1685513699999,575122.8433,1178,19485.11,274432.8966,0
1685513700000,14.11,14.16,14.09,14.15,13364.75,1685514599999,188826.9249,403,6790.54,95948.975,0
1685514600000,14.15,14.15,14.11,14.12,11311.6,1685515499999,159798.7227,310,5644.58,79747.1252,0
1685515500000,14.11,14.17,14.11,14.17,6195.12,1685516399999,87589.1421,233,4052.74,57308.272,0
1685516400000,14.17,14.18,14.15,14.16,8192.86,1685517299999,116067.9006,328,2573.27,36459.0182,0
1685517300000,14.15,14.18,14.14,14.17,5226.79,1685518199999,74023.8616,188,3772.72,53434.0806,0
1685518200000,14.17,14.18,14.14,14.15,10749.39,1685519099999,152257.6686,296,6340.19,89806.7033,0
1685519100000,14.15,14.16,14.13,14.13,6985.43,1685519999999,98830.7883,211,2210.15,31275.875,0
1685520000000,14.14,14.16,14.11,14.15,10118.26,1685520899999,142946.9432,433,5302.41,74923.7092,0
1685520900000,14.14,14.16,14.12,14.14,7548.14,1685521799999,106746.6308,252,3791.94,53624.7368,0
1685521800000,14.14,14.16,14.13,14.13,8526.48,1685522699999,120613.9992,195,4735.1,67013.8888,0
1685522700000,14.13,14.16,14.11,14.11,10508.49,1685523599999,148523.9561,378,4980.22,70413.8116,0
1685523600000,14.12,14.13,14.09,14.13,8754.08,1685524499999,123495.3103,312,5076.13,71615.381,0
1685524500000,14.12,14.15,14.11,14.12,7753.06,1685525399999,109535.4442,271,2662.52,37623.3388,0
1685525400000,14.13,14.14,14.11,14.14,6324.77,1685526299999,89338.6208,227,4237.54,59868.9785,0
1685526300000,14.14,14.14,14.12,14.13,5267.83,1685527199999,74434.1201,176,2110.02,29818.5428,0
1685527200000,14.13,14.13,14.1,14.1,7778.4,1685528099999,109795.8481,194,1961.31,27702.2535,0
1685528100000,14.11,14.13,14.09,14.1,6247.6,1685528999999,88135.6479,328,3399.47,47968.8801,0
1685529000000,14.1,14.1,14.03,14.05,15805.78,1685529899999,222310.7495,539,3735.7,52521.6448,0
1685529900000,14.06,14.09,14.06,14.09,4412.88,1685530799999,62109.4103,184,2777.24,39093.4637,0
1685530800000,14.09,14.1,14.08,14.09,4535.13,1685531699999,63901.216,246,1299.49,18316.7729,0
1685531700000,14.1,14.14,14.07,14.12,14896.78,1685532599999,210043.8151,387,8280.01,116763.9004,0
1685532600000,14.12,14.14,14.11,14.12,7551.55,1685533499999,106635.4333,228,2333.29,32957.5423,0
1685533500000,14.12,14.12,14.09,14.1,5912.36,1685534399999,83405.5461,287,2246.91,31700.6785,0
1685534400000,14.1,14.1,14.05,14.08,9722.59,1685535299999,136820.2397,405,4577.28,64428.148,0
1685535300000,14.09,14.11,14.08,14.11,8036.05,1685536199999,113241.8724,209,3167.2,44626.0284,0
1685536200000,14.1,14.12,14.09,14.1,6828.97,1685537099999,96305.8693,164,1938.88,27355.1208,0
1685537100000,14.1,14.11,14.07,14.07,6221.18,1685537999999,87592.0344,170,700.1,9866.7103,0
1685538000000,14.08,14.11,14.06,14.11,8117.81,1685538899999,114281.2315,272,4390.61,61824.4626,0
1685538900000,14.1,14.14,14.1,14.11,9570.65,1685539799999,135151.4183,268,3969.38,56059.4169,0
1685539800000,14.1,14.11,14.04,14.09,20770.76,1685540699999,292191.637,590,11531.67,162253.9758,0
1685540700000,14.09,14.1,14.07,14.09,9206.5,1685541599999,129665.1426,315,5761.51,81164.0228,0
1685541600000,14.09,14.09,14.05,14.08,16806.12,1685542499999,236487.8628,536,7045.05,99116.0496,0
1685542500000,14.08,14.1,13.96,14.02,62008.09,1685543399999,869803.6327,2044,27456.27,385251.1582,0
1685543400000,14.03,14.05,14.01,14.04,11155.54,1685544299999,156484.8946,313,6523.01,91499.0666,0
1685544300000,14.05,14.1,14.04,14.09,12201.35,1685545199999,171739.8209,332,5915.54,83208.7347,0
1685545200000,14.09,14.09,14.05,14.05,9098.08,1685546099999,127962.5292,289,3722.57,52360.6984,0
1685546100000,14.05,14.07,14.04,14.05,5556.55,1685546999999,78106.6029,166,2872.26,40380.5138,0
1685547000000,14.05,14.06,14.01,14.03,6452.73,1685547899999,90564.2677,245,4216.71,59185.4364,0
1685547900000,14.04,14.05,14.01,14.03,16059.1,1685548799999,225287.3291,325,4833.0,67803.0579,0
1685548800000,14.03,14.05,14.02,14.05,14178.51,1685549699999,198948.9776,388,8003.75,112327.0081,0
1685549700000,14.04,14.05,14.02,14.05,5792.88,1685550599999,81293.0533,213,3248.8,45590.7695,0
1685550600000,14.05,14.06,14.04,14.06,4634.04,1685551499999,65107.6435,207,2918.41,41008.2119,0
1685551500000,14.06,14.07,14.02,14.05,8993.54,1685552399999,126347.5398,313,4730.13,66455.5858,0
1685552400000,14.05,14.07,14.05,14.07,5915.22,1685553299999,83167.0953,202,3757.68,52836.0342,0
1685553300000,14.07,14.09,14.06,14.09,5746.4,1685554199999,80891.5996,210,1804.96,25407.2028,0
1685554200000,14.09,14.12,14.08,14.09,27466.56,1685555099999,387221.763,517,12577.64,177346.6023,0
1685555100000,14.09,14.09,14.03,14.09,28442.46,1685555999999,399959.9904,863,12553.86,176575.6407,0
1685556000000,14.09,14.11,14.09,14.1,7630.13,1685556899999,107575.9184,304,3012.72,42487.7653,0
1685556900000,14.1,14.11,14.06,14.1,10242.99,1685557799999,144302.8051,314,5701.37,80338.791,0
1685557800000,14.1,14.11,14.09,14.1,4333.24,1685558699999,61097.2092,158,1813.96,25582.3676,0
1685558700000,14.11,14.11,14.08,14.09,7210.23,1685559599999,101615.502,208,4806.67,67744.3349,0
1685559600000,14.1,14.11,14.05,14.06,7275.19,1685560499999,102393.3534,252,2760.91,38842.6325,0
1685560500000,14.05,14.07,14.04,14.06,2896.45,1685561399999,40717.4542,179,1694.48,23822.485,0
1685561400000,14.05,14.08,14.04,14.08,4695.92,1685562299999,66045.4731,178,3270.45,46002.651,0
1685562300000,14.08,14.1,14.08,14.08,7630.41,1685563199999,107511.914,246,3124.6,44037.3922,0
1685563200000,14.09,14.09,14.05,14.07,5644.42,1685564099999,79382.5032,209,1769.21,24883.1355,0
1685564100000,14.07,14.08,14.06,14.08,4874.44,1685564999999,68573.0953,152,1850.15,26035.3632,0
1685565000000,14.07,14.08,14.06,14.07,4897.66,1685565899999,68897.7952,164,2037.41,28663.0478,0
1685565900000,14.06,14.07,14.01,14.03,13180.79,1685566799999,184967.1165,470,4435.49,62253.623,0
1685566800000,14.03,14.04,14.02,14.04,4200.19,1685567699999,58911.7008,152,1220.81,17128.755,0
1685567700000,14.04,14.04,14.02,14.03,4336.6,1685568599999,60835.5334,138,2674.95,37529.687,0
1685568600000,14.03,14.07,14.03,14.06,7367.67,1685569499999,103526.4278,245,4295.71,60369.0487,0
1685569500000,14.06,14.08,14.06,14.06,2354.1,1685570399999,33113.8145,135,1078.1,15167.0747,0
1685570400000,14.07,14.08,14.06,14.07,4186.22,1685571299999,58894.7524,140,2042.93,28745.1323,0
1685571300000,14.08,14.1,14.07,14.1,6006.67,1685572199999,84625.5018,181,2735.38,38535.1684,0
1685572200000,14.09,14.1,14.07,14.07,9167.52,1685573099999,129106.8403,170,2735.12,38527.358,0
1685573100000,14.07,14.11,14.07,14.11,5835.09,1685573999999,82213.7879,130,4956.79,69841.953,0
1685574000000,14.1,14.14,14.09,14.13,9214.06,1685574899999,130068.0109,279,2767.31,39075.4445,0
1685574900000,14.13,14.13,14.09,14.1,21417.58,1685575799999,302084.7667,362,2688.84,37923.6696,0
1685575800000,14.1,14.14,14.09,14.13,8373.88,1685576699999,118174.6538,161,5494.72,77543.484,0
1685576700000,14.13,14.14,14.1,14.11,3079.19,1685577599999,43500.2511,116,880.47,12444.9014,0
