open_time,open,high,low,close,volume,close_time,quote_volume,trades,taker_buy_base,taker_buy_quote,ignore
1693526400000,0.0747,0.0751,0.0747,0.075,420623.0,1693527299999,31524.3127,101,372362.0,27916.1403,0
1693527300000,0.075,0.0751,0.075,0.0751,38805.0,1693528199999,2912.5184,23,12377.0,929.4805,0
1693528200000,0.0751,0.0754,0.075,0.0752,345902.0,1693529099999,26004.944,90,184277.0,13859.6095,0
1693529100000,0.0752,0.0752,0.075,0.0751,55679.0,1693529999999,4183.2598,19,3971.0,298.5221,0
1693530000000,0.075,0.075,0.0747,0.0747,106340.0,1693530899999,7956.9075,57,31778.0,2379.2979,0
1693530900000,0.0748,0.0749,0.0747,0.0747,210467.0,1693531799999,15737.2509,59,84217.0,6295.3315,0
1693531800000,0.0746,0.0746,0.0746,0.0746,140809.0,1693532699999,10504.3514,22,51413.0,3835.4098,0
1693532700000,0.0746,0.0747,0.0745,0.0745,557536.0,1693533599999,41578.4106,114,256374.0,19135.1765,0
1693533600000,0.0745,0.0746,0.0745,0.0746,179623.0,1693534499999,13382.4182,52,138636.0,10328.8867,0
1693534500000,0.0745,0.0746,0.0745,0.0746,35648.0,1693535399999,2658.9101,17,7376.0,549.8565,0
1693535400000,0.0748,0.0749,0.0747,0.0748,28776.0,1693536299999,2152.2998,25,19373.0,1449.3256,0
1693536300000,0.0748,0.0748,0.0747,0.0747,70980.0,1693537199999,5306.8247,39,20593.0,1540.3564,0
1693537200000,0.0747,0.0748,0.0747,0.0747,88465.0,1693538099999,6609.6754,36,38470.0,2875.0489,0
1693538100000,0.0748,0.0748,0.0748,0.0748,825.0,1693538999999,61.71,3,634.0,47.4232,0
1693539000000,0.0748,0.075,0.0748,0.075,128024.0,1693539899999,9595.7435,44,86769.0,6504.333,0
1693539900000,0.0751,0.0751,0.075,0.075,32873.0,1693540799999,2468.3021,24,10735.0,806.1985,0
1693540800000,0.075,0.0752,0.075,0.0752,88699.0,1693541699999,6661.1816,57,54743.0,4112.1798,0
1693541700000,0.0751,0.0752,0.0751,0.0751,46740.0,1693542599999,3510.2282,19,4811.0,361.3603,0
1693542600000,0.0751,0.0752,0.0751,0.0751,17117.0,1693543499999,1285.5531,11,9012.0,676.8676,0
1693543500000,0.0752,0.0752,0.0751,0.0751,48958.0,1693544399999,3679.3235,51,34478.0,2591.8327,0
1693544400000,0.0751,0.0751,0.075,0.075,7186.0,1693545299999,539.3494,7,3994.0,299.9494,0
1693545300000,0.0749,0.0751,0.0749,0.075,51341.0,1693546199999,3852.5844,16,38000.0,2852.1451,0
1693546200000,0.0749,0.0749,0.0749,0.0749,6614.0,1693547099999,495.3886,6,2396.0,179.4604,0
1693547100000,0.0749,0.0751,0.0748,0.075,144215.0,1693547999999,10814.8892,43,104232.0,7818.9943,0
1693548000000,0.075,0.075,0.075,0.075,13655.0,1693548899999,1024.125,8,13454.0,1009.05,0
1693548900000,0.0749,0.075,0.0748,0.0749,102345.0,1693549799999,7664.0816,37,28925.0,2166.5028,0
1693549800000,0.0749,0.0749,0.0748,0.0749,53055.0,1693550699999,3968.9054,23,6760.0,506.0094,0
1693550700000,0.075,0.075,0.0741,0.0742,868502.0,1693551599999,64723.6908,312,334987.0,24933.5983,0
1693551600000,0.0743,0.0744,0.0742,0.0742,63076.0,1693552499999,4686.5153,22,5923.0,440.1939,0
1693552500000,0.0743,0.0743,0.074,0.0742,486599.0,1693553399999,36062.079,114,220548.0,16345.3663,0
1693553400000,0.0742,0.0744,0.0742,0.0743,122112.0,1693554299999,9076.1479,35,91783.0,6820.0874,0
1693554300000,0.0743,0.0745,0.0743,0.0743,111323.0,1693555199999,8282.0635,46,96911.0,7210.7364,0
1693555200000,0.0744,0.0744,0.0742,0.0742,68383.0,1693556099999,5082.72,23,16545.0,1230.948,0
1693556100000,0.0743,0.0743,0.0741,0.0741,53394.0,1693556999999,3961.8047,22,18663.0,1386.1404,0
1693557000000,0.0742,0.0742,0.074,0.0742,257687.0,1693557899999,19082.1291,48,61231.0,4538.6718,0
1693557900000,0.0742,0.0742,0.0741,0.0741,38710.0,1693558799999,2870.7428,22,26143.0,1939.5281,0
1693558800000,0.0741,0.0743,0.0741,0.0743,42341.0,1693559699999,3143.876,22,34575.0,2568.2488,0
1693559700000,0.0743,0.0744,0.0743,0.0744,103490.0,1693560599999,7698.405,41,47384.0,3525.3696,0
1693560600000,0.0744,0.0745,0.0743,0.0744,30810.0,1693561499999,2292.1703,17,3889.0,289.6675,0
1693561500000,0.0745,0.0745,0.0743,0.0744,49294.0,1693562399999,3663.6348,23,5971.0,444.0865,0
1693562400000,0.0743,0.0744,0.0742,0.0743,61496.0,1693563299999,4573.4498,20,47135.0,3506.4592,0
1693563300000,0.0743,0.0744,0.0742,0.0744,104981.0,1693564199999,7804.4895,32,82718.0,6151.2921,0
1693564200000,0.0744,0.0745,0.0743,0.0743,46183.0,1693565099999,3435.8053,25,11930.0,887.6158,0
1693565100000,0.0743,0.0744,0.0743,0.0744,10429.0,1693565999999,775.1136,9,2389.0,177.7416,0
1693566000000,0.0744,0.0745,0.0744,0.0744,94959.0,1693566899999,7065.0232,47,58018.0,4316.6128,0
1693566900000,0.0744,0.0747,0.0744,0.0746,31058.0,1693567799999,2315.3552,30,21461.0,1600.3168,0
1693567800000,0.0745,0.0749,0.0745,0.0749,81752.0,1693568699999,6104.9114,30,65599.0,4899.3843,0
1693568700000,0.075,0.0751,0.0749,0.075,56208.0,1693569599999,4216.4649,24,21585.0,1619.759,0
1693569600000,0.0751,0.0753,0.0751,0.0752,193698.0,1693570499999,14562.7757,60,176381.0,13260.5468,0
1693570500000,0.0752,0.0752,0.0748,0.0748,834392.0,1693571399999,62485.9866,125,181310.0,13571.8846,0
1693571400000,0.0748,0.0749,0.0743,0.0743,210206.0,1693572299999,15686.6064,62,45024.0,3363.3727,0
1693572300000,0.0744,0.0746,0.0744,0.0746,90604.0,1693573199999,6750.1084,30,74386.0,5541.9132,0
1693573200000,0.0746,0.0746,0.0745,0.0745,45116.0,1693574099999,3361.6104,17,4684.0,349.4264,0
1693574100000,0.0745,0.0746,0.0744,0.0745,17644.0,1693574999999,1314.3567,15,10832.0,806.992,0
1693575000000,0.0745,0.0745,0.0743,0.0743,117762.0,1693575899999,8761.6282,40,50098.0,3730.3107,0
1693575900000,0.0743,0.0743,0.0739,0.0742,610368.0,1693576799999,45216.0076,225,278413.0,20636.6068,0
1693576800000,0.0742,0.0743,0.0741,0.0741,216242.0,1693577699999,16047.8759,42,126958.0,9430.8869,0
1693577700000,0.0741,0.0741,0.074,0.0741,85408.0,1693578599999,6323.2785,31,14406.0,1067.4846,0
1693578600000,0.074,0.074,0.0737,0.0738,214601.0,1693579499999,15840.5634,81,34510.0,2550.1063,0
1693579500000,0.0739,0.0739,0.0733,0.0735,579486.0,1693580399999,42640.1829,209,254128.0,18697.5919,0
1693580400000,0.0736,0.0739,0.0733,0.0737,158723.0,1693581299999,11677.8553,88,71110.0,5233.5396,0
1693581300000,0.0738,0.0742,0.0738,0.074,102813.0,1693582199999,7613.1941,65,61124.0,4530.3472,0
1693582200000,0.0741,0.0741,0.0739,0.0739,94786.0,1693583099999,7014.4486,34,18328.0,1357.8853,0
1693583100000,0.074,0.074,0.0739,0.074,69927.0,1693583999999,5174.4916,57,53595.0,3966.03,0
1693584000000,0.0739,0.0739,0.0737,0.0739,146772.0,1693584899999,10837.9973,60,104125.0,7688.6598,0
1693584900000,0.0739,0.074,0.0737,0.0739,131862.0,1693585799999,9735.2691,66,29756.0,2201.3135,0
1693585800000,0.074,0.0742,0.0738,0.0739,240915.0,1693586699999,17828.2504,74,79318.0,5869.7412,0
1693586700000,0.0738,0.0739,0.0735,0.0736,303045.0,1693587599999,22357.8758,140,222273.0,16407.0796,0
1693587600000,0.0736,0.0736,0.0724,0.0724,735837.0,1693588499999,53890.6742,265,294780.0,21632.5006,0
1693588500000,0.0725,0.0731,0.0723,0.0725,1175869.0,1693589399999,85462.257,446,591593.0,42999.8657,0
1693589400000,0.0726,0.073,0.0726,0.0727,329526.0,1693590299999,23971.9476,136,141600.0,10306.4755,0
1693590300000,0.0727,0.0728,0.0726,0.0727,123767.0,1693591199999,8995.3099,87,105689.0,7682.1912,0
1693591200000,0.0727,0.0729,0.0726,0.0729,143815.0,1693592099999,10463.321,64,67425.0,4905.618,0
1693592100000,0.0728,0.0728,0.0726,0.0727,131891.0,1693592999999,9588.2225,68,67766.0,4926.8272,0
1693593000000,0.0727,0.0731,0.0726,0.073,348581.0,1693593899999,25389.8626,113,272870.0,19880.5727,0
1693593900000,0.073,0.0735,0.073,0.0731,316228.0,1693594799999,23160.162,131,237333.0,17386.3323,0
1693594800000,0.0732,0.0733,0.073,0.0731,84531.0,1693595699999,6174.6951,65,15400.0,1127.0803,0
1693595700000,0.0731,0.0731,0.0729,0.0731,142262.0,1693596599999,10382.0871,56,123502.0,9013.7116,0
1693596600000,0.0731,0.0732,0.073,0.073,90610.0,1693597499999,6625.6216,25,20235.0,1479.8692,0
1693597500000,0.0731,0.0732,0.0731,0.0732,54282.0,1693598399999,3969.7022,31,44824.0,3278.3224,0
1693598400000,0.0732,0.0732,0.0729,0.073,238470.0,1693599299999,17424.9081,91,64430.0,4706.574,0
1693599300000,0.0731,0.0735,0.0731,0.0733,139511.0,1693600199999,10213.9737,40,105059.0,7688.4747,0
1693600200000,0.0734,0.0739,0.0734,0.0734,229348.0,1693601099999,16884.3263,94,104389.0,7692.9648,0
1693601100000,0.0735,0.0736,0.0734,0.0734,52178.0,1693601999999,3832.4877,48,30648.0,2252.0851,0
1693602000000,0.0734,0.0736,0.0734,0.0735,113678.0,1693602899999,8353.7889,64,90650.0,6661.9532,0
1693602900000,0.0735,0.0735,0.0734,0.0734,44457.0,1693603799999,3266.1212,28,11394.0,837.3129,0
1693603800000,0.0733,0.0733,0.0731,0.0732,77467.0,1693604699999,5665.2954,19,2412.0,176.7313,0
1693604700000,0.0732,0.0732,0.0731,0.0732,71871.0,1693605599999,5258.3485,42,45784.0,3351.3888,0
1693605600000,0.0731,0.0731,0.073,0.073,72553.0,1693606499999,5298.4636,36,27855.0,2035.4806,0
1693606500000,0.073,0.0731,0.0728,0.0728,186457.0,1693607399999,13582.1077,52,1025.0,74.9275,0
1693607400000,0.0727,0.0728,0.0726,0.0727,362928.0,1693608299999,26367.0847,116,88185.0,6413.034,0
1693608300000,0.0728,0.0728,0.0726,0.0728,129767.0,1693609199999,9430.4463,55,34697.0,2523.9491,0
1693609200000,0.0727,0.0728,0.0726,0.0726,108417.0,1693610099999,7872.9101,34,5822.0,423.682,0
1693610100000,0.0727,0.0728,0.0726,0.0727,60904.0,1693610999999,4429.3568,68,31558.0,2295.8084,0
1693611000000,0.0728,0.0728,0.0726,0.0727,121035.0,1693611899999,8800.1089,80,28946.0,2106.2052,0
1693611900000,0.0728,0.0729,0.0727,0.0728,59315.0,1693612799999,4318.8471,38,33401.0,2433.0709,0
1693612800000,0.0727,0.0728,0.0726,0.0728,25063.0,1693613699999,1823.4905,34,19518.0,1420.3773,0
1693613700000,0.0727,0.0727,0.0726,0.0727,134777.0,1693614599999,9796.8063,71,29896.0,2173.4392,0
1693614600000,0.0727,0.0729,0.0726,0.0726,119363.0,1693615499999,8686.0632,46,14576.0,1060.0953,0
1693615500000,0.0726,0.0726,0.0724,0.0725,1359682.0,1693616399999,98695.3364,181,45092.0,3269.17,0
1693616400000,0.0725,0.0725,0.0724,0.0725,196626.0,1693617299999,14249.0591,63,95584.0,6927.3688,0
1693617300000,0.0726,0.0726,0.0723,0.0724,455685.0,1693618199999,33040.8465,112,137705.0,9991.3599,0
1693618200000,0.0723,0.0726,0.0722,0.0724,185144.0,1693619099999,13385.6891,52,77102.0,5577.8627,0
1693619100000,0.0725,0.0725,0.0722,0.0722,120765.0,1693619999999,8727.157,33,55426.0,4002.2576,0
1693620000000,0.0722,0.0722,0.072,0.0721,67492.0,1693620899999,4865.9039,48,34764.0,2506.5628,0
1693620900000,0.0722,0.0723,0.0722,0.0722,76349.0,1693621799999,5512.4532,17,73262.0,5289.5718,0
1693621800000,0.0722,0.0722,0.0719,0.0719,223360.0,1693622699999,16092.5788,70,117178.0,8437.0522,0
1693622700000,0.0719,0.0721,0.0719,0.072,376193.0,1693623599999,27072.926,94,225977.0,16264.4942,0
1693623600000,0.072,0.0721,0.072,0.072,190675.0,1693624499999,13743.7178,64,73294.0,5284.4743,0
1693624500000,0.072,0.0721,0.0719,0.072,163785.0,1693625399999,11785.981,58,82447.0,5936.2891,0
1693625400000,0.0721,0.0721,0.0719,0.072,157135.0,1693626299999,11306.9118,26,10185.0,733.3385,0
1693626300000,0.072,0.072,0.0719,0.072,6273.0,1693627199999,451.506,8,1607.0,115.704,0
1693627200000,0.0719,0.072,0.0717,0.072,185225.0,1693628099999,13325.4556,48,157577.0,11341.0786,0
1693628100000,0.072,0.0721,0.0719,0.0721,18284.0,1693628999999,1315.4788,12,2974.0,214.318,0
1693629000000,0.0721,0.0724,0.0721,0.0724,54240.0,1693629899999,3916.0312,34,50656.0,3657.3738,0
1693629900000,0.0723,0.0723,0.0721,0.0723,128740.0,1693630799999,9302.4087,63,65369.0,4725.361,0
1693630800000,0.0723,0.0724,0.0722,0.0723,72695.0,1693631699999,5252.3263,48,49006.0,3539.919,0
1693631700000,0.0723,0.0723,0.0721,0.0721,279775.0,1693632599999,20199.6141,52,78024.0,5636.5884,0
1693632600000,0.0721,0.0721,0.072,0.072,135417.0,1693633499999,9758.7136,53,65925.0,4750.492,0
1693633500000,0.072,0.0722,0.0719,0.0721,128467.0,1693634399999,9254.9971,45,102369.0,7376.182,0
1693634400000,0.0721,0.0721,0.072,0.072,28237.0,1693635299999,2033.5066,33,1143.0,82.3795,0
1693635300000,0.0721,0.0721,0.0719,0.0719,25852.0,1693636199999,1859.4804,19,18985.0,1365.684,0
1693636200000,0.0719,0.0719,0.0717,0.0719,76307.0,1693637099999,5475.3547,34,9906.0,711.9394,0
1693637100000,0.0718,0.0719,0.0717,0.0718,18002.0,1693637999999,1292.4408,14,5634.0,404.5442,0
1693638000000,0.0718,0.0718,0.0715,0.0717,460680.0,1693638899999,32997.5627,147,340396.0,24385.7496,0
1693638900000,0.0716,0.0717,0.0715,0.0717,65126.0,1693639799999,4665.7117,34,51226.0,3670.6253,0
1693639800000,0.0717,0.0719,0.0717,0.0719,58067.0,1693640699999,4172.0448,48,45119.0,3242.2233,0
1693640700000,0.0719,0.0721,0.0719,0.072,237060.0,1693641599999,17069.9798,65,151110.0,10882.9059,0
1693641600000,0.072,0.072,0.0719,0.072,63388.0,1693642499999,4559.8994,35,23411.0,1684.9254,0
1693642500000,0.072,0.072,0.0715,0.0715,218492.0,1693643399999,15665.3779,82,36035.0,2582.2097,0
1693643400000,0.0716,0.0716,0.0712,0.0713,279813.0,1693644299999,19970.237,118,130864.0,9348.4001,0
1693644300000,0.0713,0.0713,0.0711,0.0712,159227.0,1693645199999,11343.8764,67,74837.0,5330.6796,0
1693645200000,0.0712,0.0718,0.0711,0.0717,977645.0,1693646099999,69851.2537,161,891677.0,63706.765,0
1693646100000,0.0717,0.072,0.0717,0.0719,303519.0,1693646999999,21824.7341,87,173437.0,12477.6231,0
1693647000000,0.0719,0.0722,0.0718,0.0722,125220.0,1693647899999,9015.3829,54,77429.0,5577.0174,0
1693647900000,0.0722,0.0722,0.0721,0.0722,21434.0,1693648799999,1546.5335,13,1060.0,76.532,0
1693648800000,0.0723,0.0723,0.0722,0.0723,212922.0,1693649699999,15389.1932,73,55315.0,3999.1678,0
1693649700000,0.0724,0.0724,0.0723,0.0723,30828.0,1693650599999,2228.9288,11,644.0,46.6256,0
1693650600000,0.0724,0.0726,0.0724,0.0724,75958.0,1693651499999,5504.7491,42,48628.0,3525.568,0
1693651500000,0.0725,0.0725,0.0723,0.0723,136645.0,1693652399999,9894.6788,28,16868.0,1222.0213,0
1693652400000,0.0724,0.0724,0.0723,0.0724,19587.0,1693653299999,1418.069,16,18981.0,1374.2244,0
1693653300000,0.0724,0.0724,0.0722,0.0723,87288.0,1693654199999,6312.1895,50,55405.0,4007.8239,0
1693654200000,0.0724,0.0725,0.0724,0.0725,356476.0,1693655099999,25815.9129,55,287657.0,20833.4173,0
1693655100000,0.0725,0.073,0.0724,0.073,431090.0,1693655999999,31344.5827,124,376512.0,27383.1879,0
1693656000000,0.073,0.0736,0.0728,0.0735,531712.0,1693656899999,38910.6024,207,393766.0,28813.7771,0
1693656900000,0.0734,0.0734,0.0729,0.073,214622.0,1693657799999,15693.5223,81,24479.0,1790.4629,0
1693657800000,0.0731,0.0732,0.0731,0.0731,114495.0,1693658699999,8380.5565,43,38604.0,2825.6554,0
1693658700000,0.0732,0.0732,0.0731,0.0732,131053.0,1693659599999,9583.0554,32,74889.0,5476.9121,0
1693659600000,0.0731,0.0732,0.0728,0.0729,416567.0,1693660499999,30371.1729,74,112340.0,8194.2032,0
1693660500000,0.0729,0.073,0.0726,0.073,297775.0,1693661399999,21676.3111,102,74400.0,5418.1775,0
1693661400000,0.0729,0.0732,0.0729,0.0732,56505.0,1693662299999,4122.5451,26,48495.0,3536.592,0
1693662300000,0.0732,0.0733,0.0731,0.0732,260743.0,1693663199999,19080.6085,78,176182.0,12892.2647,0
1693663200000,0.0733,0.0733,0.0731,0.0731,37014.0,1693664099999,2710.2852,17,26525.0,1942.9654,0
1693664100000,0.0731,0.0731,0.0728,0.0728,45427.0,1693664999999,3315.5774,24,2819.0,205.8222,0
1693665000000,0.0728,0.0729,0.0727,0.0728,228061.0,1693665899999,16603.3433,82,64209.0,4674.887,0
1693665900000,0.0728,0.0729,0.0727,0.0727,273713.0,1693666799999,19915.1916,78,200060.0,14560.58,0
1693666800000,0.0727,0.073,0.0727,0.073,55463.0,1693667699999,4040.2545,27,45758.0,3334.5346,0
1693667700000,0.0729,0.073,0.0729,0.073,72827.0,1693668599999,5312.4252,46,38543.0,2812.2825,0
1693668600000,0.073,0.073,0.0729,0.0729,52739.0,1693669499999,3848.5449,27,38254.0,2792.3745,0
1693669500000,0.0729,0.073,0.0728,0.0729,265061.0,1693670399999,19334.036,59,163926.0,11957.3007,0
1693670400000,0.073,0.0732,0.073,0.0732,139357.0,1693671299999,10186.1909,63,81309.0,5943.1094,0
1693671300000,0.0732,0.0735,0.0732,0.0732,130303.0,1693672199999,9553.6003,77,59185.0,4339.7102,0
1693672200000,0.0731,0.0731,0.0728,0.073,100820.0,1693673099999,7356.2204,52,8274.0,604.4317,0
1693673100000,0.073,0.073,0.0727,0.0728,226263.0,1693673999999,16480.0561,73,54065.0,3939.5167,0
1693674000000,0.0727,0.0728,0.0726,0.0728,68414.0,1693674899999,4975.9828,34,56462.0,4106.8027,0
1693674900000,0.0729,0.073,0.0728,0.0729,25752.0,1693675799999,1877.2135,24,13168.0,959.9883,0
1693675800000,0.0729,0.0729,0.0725,0.0726,228928.0,1693676699999,16637.5065,78,91145.0,6617.127,0
1693676700000,0.0726,0.0726,0.0722,0.0723,529525.0,1693677599999,38338.5227,145,311987.0,22594.7968,0
1693677600000,0.0723,0.0724,0.0719,0.0722,791656.0,1693678499999,57109.4791,251,327972.0,23673.6895,0
1693678500000,0.0723,0.0723,0.0717,0.0717,383012.0,1693679399999,27536.5562,160,96474.0,6933.7055,0
1693679400000,0.0717,0.0717,0.0712,0.0713,440167.0,1693680299999,31488.2436,193,153908.0,11023.2367,0
1693680300000,0.0712,0.0714,0.071,0.0713,306098.0,1693681199999,21793.0437,170,94824.0,6755.3923,0
1693681200000,0.0713,0.0714,0.0712,0.0714,56283.0,1693682099999,4013.2505,39,21345.0,1522.5057,0
1693682100000,0.0715,0.0715,0.0714,0.0715,16118.0,1693682999999,1152.428,15,2431.0,173.8165,0
1693683000000,0.0715,0.0717,0.0714,0.0717,93065.0,1693683899999,6663.2729,31,60821.0,4357.3579,0
1693683900000,0.0717,0.0718,0.0716,0.0717,79560.0,1693684799999,5702.7416,28,2343.0,168.1099,0
1693684800000,0.0716,0.0716,0.0713,0.0713,146435.0,1693685699999,10456.7591,41,14936.0,1067.1783,0
1693685700000,0.0713,0.0716,0.0712,0.0715,117383.0,1693686599999,8380.6136,42,97957.0,6995.7398,0
1693686600000,0.0715,0.0715,0.0712,0.0714,347168.0,1693687499999,24761.8892,111,212968.0,15183.5884,0
1693687500000,0.0714,0.0716,0.0714,0.0715,26266.0,1693688399999,1878.1812,18,25445.0,1819.4993,0
1693688400000,0.0716,0.0716,0.0715,0.0715,20830.0,1693689299999,1489.8825,12,5375.0,384.85,0
1693689300000,0.0716,0.0719,0.0716,0.0718,62080.0,1693690199999,4454.9159,34,49823.0,3575.7791,0
1693690200000,0.0718,0.0719,0.0716,0.0716,127510.0,1693691099999,9135.3171,32,10292.0,738.0918,0
1693691100000,0.0717,0.0718,0.0715,0.0715,99242.0,1693691999999,7105.1822,30,49679.0,3560.6151,0
1693692000000,0.0716,0.0718,0.0716,0.0718,194161.0,1693692899999,13919.0255,37,127839.0,9162.5818,0
1693692900000,0.0718,0.0719,0.0717,0.0717,5986.0,1693693799999,429.6193,14,3907.0,280.4486,0
1693693800000,0.0717,0.0718,0.0717,0.0717,32698.0,1693694699999,2344.4724,22,10619.0,761.4081,0
1693694700000,0.0718,0.0718,0.0717,0.0718,29965.0,1693695599999,2150.8351,16,27011.0,1938.923,0
1693695600000,0.0718,0.072,0.0718,0.072,61775.0,1693696499999,4443.9488,34,56145.0,4039.7148,0
1693696500000,0.072,0.0722,0.072,0.0721,41835.0,1693697399999,3014.2177,17,32023.0,2307.3697,0
1693697400000,0.0721,0.0722,0.072,0.0721,152275.0,1693698299999,10979.4136,50,51190.0,3691.432,0
1693698300000,0.0721,0.0723,0.072,0.0723,100315.0,1693699199999,7235.3493,47,63891.0,4608.572,0
1693699200000,0.0722,0.0725,0.0722,0.0723,176980.0,1693700099999,12810.9831,112,42364.0,3066.0898,0
1693700100000,0.0723,0.0723,0.0718,0.0718,159906.0,1693700999999,11513.8103,46,21010.0,1513.4168,0
1693701000000,0.0718,0.0718,0.0717,0.0718,143892.0,1693701899999,10327.7337,55,58862.0,4225.8306,0
1693701900000,0.0719,0.0722,0.0719,0.0722,73606.0,1693702799999,5302.0029,23,68229.0,4915.369,0
1693702800000,0.0722,0.0723,0.0721,0.0722,59474.0,1693703699999,4296.4625,51,28711.0,2074.5545,0
1693703700000,0.0721,0.0721,0.0719,0.072,41208.0,1693704599999,2967.2297,22,26538.0,1911.3597,0
1693704600000,0.072,0.0721,0.0718,0.0718,54049.0,1693705499999,3892.588,30,21256.0,1530.6018,0
1693705500000,0.0719,0.072,0.0716,0.0717,109185.0,1693706399999,7840.9662,52,62069.0,4459.5137,0
1693706400000,0.0718,0.0719,0.0717,0.0719,7799.0,1693707299999,560.2913,12,5951.0,427.7426,0
1693707300000,0.0718,0.0718,0.0717,0.0718,22916.0,1693708199999,1644.6464,18,11272.0,809.3296,0
1693708200000,0.0718,0.0718,0.0718,0.0718,27175.0,1693709099999,1951.165,14,3886.0,279.0148,0
1693709100000,0.0719,0.0721,0.0719,0.0719,95892.0,1693709999999,6902.8685,41,55313.0,3982.0585,0
1693710000000,0.072,0.0721,0.072,0.072,52925.0,1693710899999,3813.823,21,44987.0,3242.1662,0
1693710900000,0.072,0.0722,0.0719,0.0719,22224.0,1693711799999,1599.8661,17,10307.0,742.7422,0
1693711800000,0.0718,0.0729,0.0718,0.0728,618807.0,1693712699999,44864.6252,132,583188.0,42286.6145,0
1693712700000,0.0728,0.0736,0.0727,0.0735,536625.0,1693713599999,39349.6733,192,303139.0,22236.4103,0
1693713600000,0.0734,0.0743,0.0732,0.0742,1698529.0,1693714499999,124869.532,289,738603.0,54376.6284,0
1693714500000,0.0742,0.0756,0.0738,0.0753,2914145.0,1693715399999,218213.4483,840,1757452.0,131701.2092,0
1693715400000,0.0753,0.0755,0.0743,0.0752,1693759.0,1693716299999,126738.1036,368,780075.0,58478.9398,0
1693716300000,0.0751,0.0766,0.0751,0.0766,1903956.0,1693717199999,144313.5778,632,1281378.0,97212.8453,0
1693717200000,0.0766,0.0768,0.0745,0.0747,2262659.0,1693718099999,170805.3371,575,927396.0,70109.9838,0
1693718100000,0.0748,0.0755,0.0748,0.0755,1992736.0,1693718999999,149655.4931,426,1429296.0,107364.5698,0
1693719000000,0.0755,0.0755,0.0743,0.0745,1337431.0,1693719899999,100216.8529,302,373800.0,27985.2994,0
1693719900000,0.0744,0.0747,0.0743,0.0744,604333.0,1693720799999,44995.9842,184,271741.0,20240.5131,0
1693720800000,0.0743,0.0745,0.0737,0.0737,917405.0,1693721699999,67930.0861,298,308831.0,22894.4104,0
1693721700000,0.0737,0.0738,0.0734,0.0735,1061666.0,1693722599999,78187.0026,208,309050.0,22760.9472,0
1693722600000,0.0736,0.0739,0.0736,0.0737,271751.0,1693723499999,20043.5189,75,90622.0,6682.6174,0
1693723500000,0.0737,0.0739,0.0737,0.0738,123683.0,1693724399999,9130.1562,48,76123.0,5618.1898,0
1693724400000,0.0737,0.0741,0.0735,0.074,340650.0,1693725299999,25103.5258,87,257221.0,18955.2001,0
1693725300000,0.074,0.074,0.0735,0.0735,267116.0,1693726199999,19710.1541,93,140638.0,10383.615,0
1693726200000,0.0734,0.074,0.0733,0.0739,159225.0,1693727099999,11720.7867,84,46004.0,3397.0905,0
1693727100000,0.074,0.0744,0.074,0.0744,207499.0,1693727999999,15391.2656,108,142118.0,10540.346,0
1693728000000,0.0742,0.0746,0.0741,0.0741,429697.0,1693728899999,31967.9299,186,176573.0,13145.0603,0
1693728900000,0.074,0.0741,0.0737,0.0741,211322.0,1693729799999,15610.5077,119,112005.0,8277.2964,0
1693729800000,0.074,0.0745,0.074,0.0741,367588.0,1693730699999,27339.8473,115,237004.0,17642.5239,0
1693730700000,0.0741,0.0741,0.0737,0.0737,237125.0,1693731599999,17516.1872,62,64363.0,4756.4665,0
1693731600000,0.0736,0.0737,0.0734,0.0735,308481.0,1693732499999,22685.6946,117,171432.0,12609.456,0
1693732500000,0.0734,0.0739,0.0734,0.0737,369096.0,1693733399999,27214.7732,86,163504.0,12054.6032,0
1693733400000,0.0737,0.0738,0.0736,0.0738,164935.0,1693734299999,12161.8745,40,45993.0,3390.352,0
1693734300000,0.0739,0.074,0.0737,0.0738,84117.0,1693735199999,6208.3222,38,3281.0,242.2148,0
1693735200000,0.0737,0.0737,0.0735,0.0737,224498.0,1693736099999,16533.571,68,95238.0,7017.0037,0
1693736100000,0.0736,0.0738,0.0736,0.0737,22037.0,1693736999999,1624.9444,24,11926.0,879.8185,0
1693737000000,0.0738,0.0739,0.0735,0.0736,91977.0,1693737899999,6778.4391,33,3013.0,222.3745,0
1693737900000,0.0737,0.0738,0.0736,0.0736,61271.0,1693738799999,4518.4972,41,24805.0,1830.3808,0
1693738800000,0.0736,0.0738,0.0736,0.0738,38697.0,1693739699999,2852.4826,17,9867.0,727.8986,0
1693739700000,0.0737,0.0738,0.0736,0.0736,10267.0,1693740599999,756.6299,16,1842.0,135.9396,0
1693740600000,0.0737,0.0738,0.0736,0.0738,82804.0,1693741499999,6106.6194,35,52002.0,3837.2741,0
1693741500000,0.0739,0.0742,0.0739,0.074,331241.0,1693742399999,24516.584,61,152899.0,11318.7701,0
1693742400000,0.074,0.074,0.0736,0.0737,214394.0,1693743299999,15819.0287,53,32332.0,2383.8591,0
1693743300000,0.0736,0.0736,0.0733,0.0736,245057.0,1693744199999,18005.4453,59,67006.0,4925.4506,0
1693744200000,0.0736,0.0739,0.0736,0.0738,134407.0,1693745099999,9924.4945,54,43525.0,3210.1359,0
1693745100000,0.0738,0.0739,0.0733,0.0733,119210.0,1693745999999,8762.2977,60,32512.0,2388.6196,0
1693746000000,0.0733,0.0734,0.073,0.0734,707563.0,1693746899999,51734.1364,187,207798.0,15208.8121,0
1693746900000,0.0733,0.0735,0.0733,0.0733,123295.0,1693747799999,9041.5126,28,31775.0,2333.0131,0
1693747800000,0.0733,0.0734,0.0732,0.0732,118510.0,1693748699999,8681.1667,39,27997.0,2054.3254,0
1693748700000,0.0732,0.0732,0.0731,0.0732,65615.0,1693749599999,4800.3402,27,15349.0,1123.5468,0
1693749600000,0.0731,0.0732,0.0729,0.0729,803926.0,1693750499999,58661.1076,143,53145.0,3883.5999,0
1693750500000,0.0729,0.073,0.0729,0.073,202841.0,1693751399999,14795.0356,69,60119.0,4388.5199,0
1693751400000,0.0729,0.0732,0.0729,0.0731,87174.0,1693752299999,6367.3141,34,46447.0,3393.6097,0
1693752300000,0.0732,0.0732,0.0729,0.073,201299.0,1693753199999,14686.7147,68,45308.0,3307.7022,0
1693753200000,0.0731,0.0732,0.0725,0.0726,754374.0,1693754099999,54923.1853,223,117258.0,8551.3494,0
1693754100000,0.0726,0.073,0.0726,0.0729,361242.0,1693754999999,26284.8787,81,245713.0,17887.2162,0
1693755000000,0.0729,0.0729,0.0724,0.0724,123278.0,1693755899999,8959.2227,47,7532.0,546.7086,0
1693755900000,0.0725,0.0725,0.0723,0.0723,336313.0,1693756799999,24355.432,92,135798.0,9840.2358,0
1693756800000,0.0724,0.0724,0.072,0.0721,412946.0,1693757699999,29787.3849,140,148179.0,10690.4121,0
1693757700000,0.0721,0.0723,0.0719,0.072,329348.0,1693758599999,23724.3689,100,111296.0,8014.6617,0
1693758600000,0.0719,0.072,0.0713,0.0714,553348.0,1693759499999,39625.4067,178,193968.0,13898.0082,0
1693759500000,0.0714,0.0714,0.071,0.0712,527040.0,1693760399999,37479.0254,163,210240.0,14954.212,0
1693760400000,0.0712,0.0714,0.071,0.0713,284462.0,1693761299999,20261.4037,77,73399.0,5230.794,0
1693761300000,0.0713,0.0715,0.0713,0.0714,56039.0,1693762199999,4000.5263,32,32423.0,2315.3737,0
1693762200000,0.0715,0.0716,0.0714,0.0715,58784.0,1693763099999,4204.0121,30,40747.0,2914.8627,0
1693763100000,0.0716,0.0716,0.0714,0.0715,30195.0,1693763999999,2158.0695,13,1327.0,94.9652,0
1693764000000,0.0716,0.0722,0.0716,0.072,539740.0,1693764899999,38805.2371,115,422607.0,30366.1384,0
1693764900000,0.072,0.0726,0.072,0.0722,389135.0,1693765799999,28184.3619,100,185985.0,13469.5218,0
1693765800000,0.0722,0.0725,0.0722,0.0724,129901.0,1693766699999,9398.3848,40,98959.0,7161.5492,0
1693766700000,0.0724,0.0724,0.0722,0.0722,232269.0,1693767599999,16775.7014,52,59151.0,4273.6939,0
1693767600000,0.0722,0.0722,0.0721,0.0722,83047.0,1693768499999,5992.9787,41,43361.0,3130.4744,0
1693768500000,0.0723,0.0723,0.0722,0.0722,4551.0,1693769399999,329.0004,6,4182.0,302.3586,0
1693769400000,0.0723,0.0724,0.0722,0.0724,355777.0,1693770299999,25741.9501,63,226642.0,16399.8627,0
1693770300000,0.0724,0.0724,0.0722,0.0723,289473.0,1693771199999,20929.8412,64,67956.0,4917.5577,0
1693771200000,0.0724,0.0724,0.0721,0.0722,25194.0,1693772099999,1820.2636,26,1969.0,142.256,0
1693772100000,0.0722,0.0722,0.072,0.072,130303.0,1693772999999,9393.4498,34,85358.0,6154.3163,0
1693773000000,0.072,0.0722,0.072,0.0722,44323.0,1693773899999,3193.5703,22,14959.0,1077.4417,0
1693773900000,0.0723,0.0726,0.0723,0.0725,83726.0,1693774799999,6065.8152,39,81623.0,5913.5639,0
1693774800000,0.0725,0.0726,0.0724,0.0725,122409.0,1693775699999,8874.5498,30,45026.0,3264.4201,0
1693775700000,0.0723,0.0724,0.0719,0.0721,274281.0,1693776599999,19769.07,62,115620.0,8339.9854,0
1693776600000,0.0721,0.0722,0.072,0.072,161232.0,1693777499999,11618.5695,48,24083.0,1736.6762,0
1693777500000,0.072,0.0721,0.0718,0.0718,62094.0,1693778399999,4459.2069,35,43210.0,3102.8991,0
1693778400000,0.0718,0.072,0.0718,0.072,234715.0,1693779299999,16871.9147,50,145858.0,10485.2178,0
1693779300000,0.0721,0.0721,0.0719,0.072,188801.0,1693780199999,13594.6898,40,101016.0,7276.7996,0
1693780200000,0.0721,0.0722,0.0721,0.0722,49052.0,1693781099999,3539.6339,20,38360.0,2768.3114,0
1693781100000,0.0722,0.0722,0.0721,0.0721,87347.0,1693781999999,6303.981,22,26337.0,1901.3712,0
1693782000000,0.0721,0.0721,0.0721,0.0721,61808.0,1693782899999,4456.3568,29,40449.0,2916.3729,0
1693782900000,0.0721,0.0723,0.0721,0.0723,29179.0,1693783799999,2107.6127,11,15038.0,1086.6077,0
1693783800000,0.0723,0.0725,0.0723,0.0725,75150.0,1693784699999,5441.7349,19,74725.0,5411.0074,0
1693784700000,0.0725,0.0726,0.0722,0.0722,113099.0,1693785599999,8178.8453,33,13618.0,987.4986,0
1693785600000,0.0723,0.0723,0.0721,0.0722,195839.0,1693786499999,14144.3667,45,121445.0,8768.1879,0
1693786500000,0.0722,0.0722,0.072,0.072,147803.0,1693787399999,10660.2667,32,52280.0,3769.3976,0
1693787400000,0.0721,0.0724,0.072,0.0724,18787.0,1693788299999,1356.156,10,16007.0,1155.7318,0
1693788300000,0.0723,0.0725,0.0722,0.0725,98425.0,1693789199999,7117.7646,34,39779.0,2879.4564,0
1693789200000,0.0724,0.0729,0.0724,0.0729,215412.0,1693790099999,15664.6659,53,117269.0,8523.149,0
1693790100000,0.0729,0.0731,0.0728,0.0728,173354.0,1693790999999,12645.7239,99,95542.0,6972.4501,0
1693791000000,0.0728,0.0732,0.0728,0.073,508199.0,1693791899999,37062.7761,148,357960.0,26104.1962,0
1693791900000,0.073,0.0732,0.0729,0.0732,198028.0,1693792799999,14474.8494,49,115727.0,8464.3132,0
1693792800000,0.0732,0.0735,0.0732,0.0734,378275.0,1693793699999,27735.7555,131,336205.0,24652.8478,0
1693793700000,0.0734,0.0737,0.0734,0.0736,253496.0,1693794599999,18637.5273,95,181953.0,13381.7997,0
1693794600000,0.0736,0.0753,0.0736,0.075,2781795.0,1693795499999,207663.8203,776,1818947.0,135669.3669,0
1693795500000,0.0749,0.0769,0.0749,0.0764,3488129.0,1693796399999,265972.2343,1170,2117691.0,161346.149,0
1693796400000,0.0763,0.0769,0.0757,0.0769,2609525.0,1693797299999,199050.5033,745,1717822.0,131062.6846,0
1693797300000,0.0768,0.0783,0.0768,0.0782,4323433.0,1693798199999,335660.146,1274,2536920.0,196894.476,0
1693798200000,0.0782,0.0782,0.0758,0.0759,1742301.0,1693799099999,133820.2647,651,547537.0,41993.3861,0
1693799100000,0.0759,0.0759,0.075,0.0752,1381297.0,1693799999999,104046.8674,401,367839.0,27699.0928,0
1693800000000,0.0752,0.0754,0.0745,0.0748,1175650.0,1693800899999,88052.0948,329,366283.0,27463.259,0
1693800900000,0.0747,0.0748,0.074,0.0742,1027808.0,1693801799999,76417.717,210,162784.0,12106.3546,0
1693801800000,0.0742,0.0744,0.0741,0.0741,222464.0,1693802699999,16530.12,64,50067.0,3719.9758,0
1693802700000,0.0741,0.0742,0.074,0.0742,146938.0,1693803599999,10886.5227,52,54761.0,4057.8407,0
1693803600000,0.0741,0.0743,0.0737,0.074,373173.0,1693804499999,27575.5219,99,110010.0,8125.7469,0
1693804500000,0.0739,0.074,0.0738,0.0739,192022.0,1693805399999,14185.7479,77,74042.0,5472.6064,0
1693805400000,0.074,0.0746,0.0738,0.074,409025.0,1693806299999,30339.9393,132,223783.0,16585.2716,0
1693806300000,0.0739,0.0739,0.0736,0.0737,201577.0,1693807199999,14871.7358,49,53228.0,3927.9705,0
1693807200000,0.0738,0.0739,0.0736,0.0737,134038.0,1693808099999,9892.5679,52,42768.0,3156.8232,0
1693808100000,0.0737,0.0741,0.0737,0.074,168627.0,1693808999999,12461.3939,65,81270.0,6004.9847,0
1693809000000,0.0738,0.0738,0.0734,0.0735,544264.0,1693809899999,40024.7283,118,138307.0,10170.6421,0
1693809900000,0.0735,0.074,0.0733,0.074,505399.0,1693810799999,37206.7488,122,337878.0,24916.6407,0
1693810800000,0.074,0.0744,0.0739,0.0744,402062.0,1693811699999,29827.8996,109,233857.0,17348.2115,0
1693811700000,0.0745,0.0748,0.0745,0.0745,226679.0,1693812599999,16912.6075,143,133651.0,9974.3428,0
1693812600000,0.0746,0.0751,0.0746,0.075,926270.0,1693813499999,69302.1794,170,672217.0,50277.2816,0
1693813500000,0.075,0.0751,0.0747,0.0751,645830.0,1693814399999,48369.839,139,137062.0,10279.7095,0
1693814400000,0.0752,0.0753,0.0748,0.0748,183356.0,1693815299999,13760.3483,76,79589.0,5976.9453,0
1693815300000,0.0748,0.0749,0.0744,0.0745,151285.0,1693816199999,11284.4318,47,24102.0,1797.0987,0
1693816200000,0.0744,0.0746,0.0742,0.0742,140935.0,1693817099999,10474.9332,72,29981.0,2231.0404,0
1693817100000,0.0742,0.0743,0.0742,0.0742,112568.0,1693817999999,8355.9842,43,32049.0,2381.1339,0
1693818000000,0.0742,0.0744,0.0742,0.0743,108478.0,1693818899999,8058.0535,36,72162.0,5362.8366,0
1693818900000,0.0743,0.0746,0.0743,0.0746,185741.0,1693819799999,13837.9573,39,181352.0,13511.452,0
1693819800000,0.0745,0.0746,0.0744,0.0744,84486.0,1693820699999,6287.3888,30,8483.0,631.1646,0
1693820700000,0.0744,0.0744,0.0743,0.0743,30189.0,1693821599999,2243.4063,21,7347.0,545.9436,0
1693821600000,0.0742,0.0743,0.0737,0.0739,719938.0,1693822499999,53311.7197,160,163812.0,12152.0204,0
1693822500000,0.0738,0.0738,0.0736,0.0737,454718.0,1693823399999,33519.9708,145,75739.0,5587.6603,0
1693823400000,0.0738,0.0739,0.0738,0.0738,264353.0,1693824299999,19531.785,67,207088.0,15301.5059,0
1693824300000,0.0737,0.0739,0.0737,0.0739,34630.0,1693825199999,2552.4422,15,15660.0,1154.1831,0
1693825200000,0.0739,0.074,0.0737,0.0738,383141.0,1693826099999,28308.3094,82,177611.0,13133.8459,0
1693826100000,0.0739,0.0739,0.0735,0.0735,405242.0,1693826999999,29833.5989,60,30541.0,2249.7799,0
1693827000000,0.0736,0.0737,0.0734,0.0736,219066.0,1693827899999,16103.1234,99,125865.0,9254.0467,0
1693827900000,0.0735,0.0736,0.0735,0.0736,32558.0,1693828799999,2394.5185,33,14082.0,1036.4352,0
1693828800000,0.0735,0.0736,0.0734,0.0736,39624.0,1693829699999,2913.3778,40,23861.0,1754.8199,0
1693829700000,0.0735,0.0737,0.0734,0.0737,105692.0,1693830599999,7762.7387,51,45733.0,3361.4861,0
1693830600000,0.0737,0.0737,0.0734,0.0735,50223.0,1693831499999,3692.1773,32,2183.0,160.7449,0
1693831500000,0.0734,0.0735,0.073,0.0731,296096.0,1693832399999,21697.671,122,143546.0,10536.6402,0
1693832400000,0.0731,0.0738,0.0731,0.0738,155606.0,1693833299999,11442.3665,77,148991.0,10956.0537,0
1693833300000,0.0738,0.074,0.0737,0.074,156000.0,1693834199999,11512.1448,63,113057.0,8344.8581,0
1693834200000,0.0739,0.0742,0.0736,0.0742,222637.0,1693835099999,16455.2273,88,145229.0,10740.7097,0
1693835100000,0.0741,0.0742,0.0738,0.0741,338350.0,1693835999999,25021.8608,94,119843.0,8867.7644,0
1693836000000,0.074,0.0742,0.0738,0.074,201782.0,1693836899999,14917.9163,102,83848.0,6204.2595,0
1693836900000,0.074,0.0754,0.0739,0.0754,1742086.0,1693837799999,130086.2754,611,1277795.0,95482.4403,0
1693837800000,0.0753,0.0763,0.0751,0.0761,6728497.0,1693838699999,509540.4888,2811,4103978.0,310898.6156,0
1693838700000,0.0761,0.0768,0.0751,0.0756,9198544.0,1693839599999,698595.9983,3774,5171922.0,393102.2695,0
1693839600000,0.0756,0.0763,0.0754,0.0758,6011445.0,1693840499999,455495.2295,2471,3230268.0,244953.9324,0
1693840500000,0.0758,0.0766,0.0738,0.0741,11935256.0,1693841399999,897289.4971,4665,5513034.0,414679.4707,0
1693841400000,0.0741,0.0746,0.0737,0.0741,8024404.0,1693842299999,594444.9233,1278,3693376.0,273536.0117,0
1693842300000,0.0741,0.0749,0.0735,0.0749,1376963.0,1693843199999,101984.422,313,429710.0,31993.5224,0
1693843200000,0.0749,0.0749,0.0745,0.0748,1508420.0,1693844099999,112752.8904,409,823467.0,61597.508,0
1693844100000,0.0748,0.0748,0.0742,0.0744,902611.0,1693844999999,67116.5275,253,238597.0,17763.7366,0
1693845000000,0.0744,0.0747,0.0744,0.0746,370516.0,1693845899999,27598.1429,138,310014.0,23088.2065,0
1693845900000,0.0747,0.0749,0.0747,0.0747,205523.0,1693846799999,15361.9508,94,77169.0,5767.9977,0
1693846800000,0.0746,0.075,0.0745,0.075,297989.0,1693847699999,22252.6396,109,189872.0,14186.233,0
1693847700000,0.075,0.075,0.0747,0.0747,260211.0,1693848599999,19471.2511,97,76631.0,5740.5727,0
1693848600000,0.0747,0.0748,0.0746,0.0748,204181.0,1693849499999,15246.1388,92,59579.0,4449.5204,0
1693849500000,0.0747,0.0747,0.0742,0.0743,199628.0,1693850399999,14854.2994,82,35212.0,2619.5876,0
1693850400000,0.0743,0.0744,0.0741,0.0742,397587.0,1693851299999,29520.8042,145,201767.0,14981.7432,0
1693851300000,0.0742,0.0744,0.0742,0.0742,55411.0,1693852199999,4116.4221,35,24931.0,1852.8963,0
1693852200000,0.0742,0.0744,0.0741,0.0743,113933.0,1693853099999,8457.6393,40,26013.0,1930.7191,0
1693853100000,0.0743,0.0745,0.0742,0.0742,427583.0,1693853999999,31784.7069,101,118051.0,8783.2921,0
1693854000000,0.0743,0.0743,0.0741,0.0742,93524.0,1693854899999,6933.7355,51,31500.0,2336.7469,0
1693854900000,0.0742,0.0742,0.074,0.074,52434.0,1693855799999,3888.1169,26,22412.0,1662.9296,0
1693855800000,0.0741,0.0749,0.0741,0.0748,940520.0,1693856699999,69925.6322,533,893289.0,66399.8977,0
1693856700000,0.0748,0.0751,0.0748,0.075,84907.0,1693857599999,6363.9515,55,66215.0,4962.3723,0
1693857600000,0.075,0.075,0.0746,0.0747,136872.0,1693858499999,10235.951,67,20574.0,1538.4893,0
1693858500000,0.0747,0.0747,0.0745,0.0745,77529.0,1693859399999,5782.952,35,19104.0,1425.2263,0
1693859400000,0.0746,0.0746,0.0743,0.0745,73381.0,1693860299999,5463.752,30,23115.0,1722.6132,0
1693860300000,0.0746,0.0746,0.0744,0.0744,16648.0,1693861199999,1239.9244,16,1928.0,143.8288,0
1693861200000,0.0744,0.0745,0.0743,0.0743,193625.0,1693862099999,14402.4703,84,28866.0,2148.262,0
1693862100000,0.0743,0.0743,0.074,0.0741,253516.0,1693862999999,18792.4566,85,88814.0,6585.4166,0
1693863000000,0.0741,0.0741,0.0735,0.0737,1190747.0,1693863899999,87874.2059,243,152768.0,11275.4206,0
1693863900000,0.0738,0.074,0.0734,0.0737,867966.0,1693864799999,63913.9761,124,461376.0,33989.5431,0
1693864800000,0.0736,0.074,0.0735,0.0739,720657.0,1693865699999,53236.8668,155,333653.0,24650.8192,0
1693865700000,0.074,0.0743,0.0738,0.0742,1373115.0,1693866599999,101693.1695,150,822576.0,60929.4305,0
1693866600000,0.0742,0.0743,0.074,0.0743,171094.0,1693867499999,12674.3258,68,44059.0,3267.7477,0
1693867500000,0.0742,0.0745,0.0742,0.0745,161568.0,1693868399999,12006.8665,60,75545.0,5616.2522,0
1693868400000,0.0745,0.0745,0.0744,0.0745,42195.0,1693869299999,3142.6205,27,14473.0,1078.2385,0
1693869300000,0.0745,0.0748,0.0745,0.0747,98042.0,1693870199999,7309.9837,46,42426.0,3166.5435,0
1693870200000,0.0747,0.0748,0.0745,0.0747,303638.0,1693871099999,22676.521,125,265551.0,19832.6001,0
1693871100000,0.0747,0.0748,0.0744,0.0745,151617.0,1693871999999,11308.9706,50,22359.0,1668.4009,0
1693872000000,0.0744,0.0746,0.0743,0.0746,182112.0,1693872899999,13557.8854,98,94693.0,7052.8766,0
1693872900000,0.0746,0.075,0.0746,0.0748,356436.0,1693873799999,26661.1614,122,248737.0,18615.1208,0
1693873800000,0.0748,0.075,0.0748,0.0748,179138.0,1693874699999,13415.3045,49,105111.0,7874.2409,0
1693874700000,0.0748,0.0782,0.0747,0.0773,8883382.0,1693875599999,681918.3762,1759,7151305.0,548758.6289,0
1693875600000,0.0773,0.0787,0.0753,0.0755,8050530.0,1693876499999,620850.69,2288,3463006.0,267272.1239,0
1693876500000,0.0755,0.0756,0.0748,0.0753,3289287.0,1693877399999,247244.4382,755,871795.0,65604.2069,0
1693877400000,0.0753,0.0758,0.075,0.0751,1091561.0,1693878299999,82300.3147,348,299549.0,22603.1914,0
1693878300000,0.0751,0.0755,0.0749,0.0749,717574.0,1693879199999,53962.5945,138,133007.0,10006.7251,0
1693879200000,0.075,0.0754,0.0749,0.0749,271824.0,1693880099999,20419.9076,93,117631.0,8850.7211,0
1693880100000,0.0749,0.075,0.0747,0.0748,1029810.0,1693880999999,77068.9702,206,494609.0,37037.4239,0
1693881000000,0.0748,0.075,0.0745,0.0745,640620.0,1693881899999,47866.4633,189,108425.0,8102.5316,0
1693881900000,0.0745,0.0746,0.0743,0.0743,623500.0,1693882799999,46421.1418,118,55552.0,4142.5937,0
1693882800000,0.0743,0.0745,0.0741,0.0742,565533.0,1693883699999,41986.2417,140,157921.0,11739.0092,0
1693883700000,0.0742,0.0756,0.0741,0.0745,3122756.0,1693884599999,233327.1112,787,1514330.0,113267.1843,0
1693884600000,0.0746,0.0749,0.0745,0.0745,193219.0,1693885499999,14423.0658,71,22777.0,1702.1174,0
1693885500000,0.0745,0.0749,0.0745,0.0749,446861.0,1693886399999,33391.9452,112,362246.0,27067.8443,0
1693886400000,0.0749,0.0751,0.0749,0.0749,199974.0,1693887299999,14997.2307,73,140727.0,10554.9903,0
1693887300000,0.075,0.0751,0.0747,0.0749,1015506.0,1693888199999,76034.0159,149,95477.0,7160.1763,0
1693888200000,0.0748,0.0749,0.0748,0.0749,127819.0,1693889099999,9566.5619,63,64462.0,4826.192,0
1693889100000,0.0749,0.075,0.0748,0.0748,48683.0,1693889999999,3644.8403,39,25500.0,1910.5023,0
1693890000000,0.0749,0.075,0.0747,0.0749,295660.0,1693890899999,22112.4935,69,195848.0,14648.8922,0
1693890900000,0.0749,0.075,0.0748,0.0748,176133.0,1693891799999,13181.3852,65,117934.0,8825.6159,0
1693891800000,0.0748,0.0749,0.0747,0.0747,415801.0,1693892699999,31075.0501,90,116376.0,8695.5008,0
1693892700000,0.0748,0.0754,0.0748,0.0751,722961.0,1693893599999,54192.8139,136,624227.0,46784.2098,0
1693893600000,0.0752,0.0754,0.0749,0.0753,217446.0,1693894499999,16354.0219,81,116982.0,8801.4298,0
1693894500000,0.0754,0.0758,0.0753,0.0756,1010984.0,1693895399999,76447.5096,189,633619.0,47921.9961,0
1693895400000,0.0756,0.0756,0.0754,0.0755,262994.0,1693896299999,19860.0371,68,142419.0,10759.5377,0
1693896300000,0.0756,0.0756,0.0753,0.0753,228640.0,1693897199999,17264.114,102,118560.0,8958.5475,0
1693897200000,0.0752,0.0755,0.0752,0.0753,209708.0,1693898099999,15807.0059,104,70623.0,5324.9991,0
1693898100000,0.0752,0.0753,0.0748,0.0751,304580.0,1693898999999,22859.4582,93,42384.0,3180.997,0
1693899000000,0.0752,0.0754,0.0752,0.0753,202540.0,1693899899999,15250.6837,71,150186.0,11311.1833,0
1693899900000,0.0754,0.0755,0.0751,0.0751,190608.0,1693900799999,14350.3124,71,38157.0,2877.0221,0
1693900800000,0.0752,0.0753,0.0751,0.0752,214835.0,1693901699999,16153.2507,91,115022.0,8649.3167,0
1693901700000,0.0751,0.0751,0.0747,0.0749,961732.0,1693902599999,71958.7161,266,642156.0,48045.5111,0
1693902600000,0.0749,0.0749,0.0746,0.0747,409253.0,1693903499999,30585.4984,120,85015.0,6359.8045,0
1693903500000,0.0748,0.075,0.0747,0.075,158978.0,1693904399999,11904.6601,76,47809.0,3584.0381,0
1693904400000,0.075,0.0751,0.0748,0.0749,116596.0,1693905299999,8740.5076,60,29926.0,2244.2223,0
1693905300000,0.075,0.0751,0.0748,0.075,131664.0,1693906199999,9870.1099,53,59319.0,4444.4144,0
1693906200000,0.0751,0.0753,0.0751,0.0752,55437.0,1693907099999,4172.4218,26,51378.0,3867.235,0
1693907100000,0.0752,0.0754,0.0752,0.0752,91332.0,1693907999999,6879.2184,27,67115.0,5055.771,0
1693908000000,0.0753,0.0754,0.0751,0.0753,212984.0,1693908899999,16014.448,73,78738.0,5926.6055,0
1693908900000,0.0753,0.0753,0.0751,0.0753,60900.0,1693909799999,4579.8415,50,17626.0,1325.78,0
1693909800000,0.0752,0.0754,0.0752,0.0752,140356.0,1693910699999,10575.4846,60,76249.0,5746.8353,0
1693910700000,0.0752,0.0758,0.0752,0.0758,256272.0,1693911599999,19360.2057,127,200641.0,15162.1188,0
1693911600000,0.0758,0.0758,0.0751,0.0752,238643.0,1693912499999,17978.9839,80,113233.0,8531.7353,0
1693912500000,0.0752,0.0752,0.075,0.0751,46507.0,1693913399999,3493.0776,38,23561.0,1770.5744,0
1693913400000,0.0752,0.076,0.0752,0.0758,467701.0,1693914299999,35358.1938,163,310244.0,23449.2079,0
1693914300000,0.0759,0.0762,0.0757,0.076,1162588.0,1693915199999,88373.7256,222,535746.0,40732.1192,0
1693915200000,0.076,0.076,0.0754,0.0754,187027.0,1693916099999,14131.0803,77,72255.0,5466.7872,0
1693916100000,0.0755,0.0757,0.075,0.0756,372322.0,1693916999999,28050.0347,146,173245.0,13058.4848,0
1693917000000,0.0756,0.0758,0.0754,0.0758,310580.0,1693917899999,23485.2626,157,83478.0,6311.3143,0
1693917900000,0.0758,0.0763,0.0756,0.0762,1106245.0,1693918799999,84114.2582,221,588803.0,44769.9506,0
1693918800000,0.0762,0.0763,0.0758,0.0758,244709.0,1693919699999,18577.9709,100,55461.0,4217.2969,0
1693919700000,0.0759,0.076,0.0757,0.0758,166098.0,1693920599999,12600.9818,58,76506.0,5807.3334,0
1693920600000,0.0757,0.0759,0.0755,0.0756,223843.0,1693921499999,16923.859,68,47798.0,3619.1377,0
1693921500000,0.0757,0.0757,0.0755,0.0756,295321.0,1693922399999,22320.4678,81,196261.0,14836.0489,0
1693922400000,0.0756,0.0758,0.0754,0.0757,463597.0,1693923299999,34998.96,106,101926.0,7704.7543,0
1693923300000,0.0757,0.0758,0.0755,0.0757,74072.0,1693924199999,5602.4713,32,28020.0,2120.427,0
1693924200000,0.0757,0.076,0.0757,0.0759,230130.0,1693925099999,17449.5806,97,144844.0,10982.9898,0
1693925100000,0.0758,0.0759,0.0756,0.0756,193818.0,1693925999999,14679.2679,87,52709.0,3994.5985,0
1693926000000,0.0756,0.0762,0.0756,0.0762,314842.0,1693926899999,23873.6843,91,186449.0,14141.3362,0
1693926900000,0.0762,0.0765,0.0758,0.076,569500.0,1693927799999,43352.9676,215,337901.0,25751.6699,0
1693927800000,0.076,0.0766,0.0759,0.0765,421391.0,1693928699999,32210.9623,170,324157.0,24786.4198,0
1693928700000,0.0765,0.0768,0.0763,0.0766,492927.0,1693929599999,37714.9479,164,201655.0,15446.4069,0
1693929600000,0.0766,0.0768,0.0765,0.0767,169818.0,1693930499999,13017.5617,80,125056.0,9587.3157,0
1693930500000,0.0766,0.0766,0.0761,0.0761,374824.0,1693931399999,28615.5613,110,87144.0,6655.6552,0
1693931400000,0.0762,0.0765,0.076,0.0763,463298.0,1693932299999,35299.4527,147,184869.0,14099.3964,0
1693932300000,0.0763,0.0765,0.0756,0.0758,708175.0,1693933199999,53812.173,219,219468.0,16683.3279,0
1693933200000,0.0759,0.0764,0.0758,0.0764,252466.0,1693934099999,19200.0889,84,110011.0,8366.1703,0
1693934100000,0.0764,0.0764,0.0759,0.0761,522601.0,1693934999999,39782.0502,122,166507.0,12674.4364,0
1693935000000,0.0761,0.0763,0.0761,0.0763,170345.0,1693935899999,12976.8639,82,104486.0,7963.8663,0
1693935900000,0.0763,0.0764,0.0762,0.0762,119700.0,1693936799999,9131.3146,44,81213.0,6196.4345,0
1693936800000,0.0762,0.0764,0.0761,0.0761,199364.0,1693937699999,15200.1436,105,92028.0,7023.5559,0
1693937700000,0.0762,0.0764,0.0762,0.0762,140863.0,1693938599999,10742.9884,60,86948.0,6630.5209,0
1693938600000,0.0762,0.0762,0.0761,0.0762,17886.0,1693939499999,1361.474,11,3389.0,258.2418,0
1693939500000,0.0762,0.0765,0.0762,0.0764,368186.0,1693940399999,28119.964,92,295099.0,22545.984,0
1693940400000,0.0764,0.0767,0.0764,0.0766,75429.0,1693941299999,5776.5334,50,28616.0,2193.4538,0
1693941300000,0.0765,0.0766,0.0765,0.0765,62253.0,1693942199999,4764.7903,22,13470.0,1031.4876,0
1693942200000,0.0765,0.0767,0.0764,0.0766,83707.0,1693943099999,6401.5075,24,994.0,76.1714,0
1693943100000,0.0766,0.0766,0.0762,0.0763,130979.0,1693943999999,9995.3187,47,18273.0,1394.2745,0
1693944000000,0.0763,0.0763,0.0759,0.0762,477599.0,1693944899999,36330.1635,114,125303.0,9545.6702,0
1693944900000,0.0762,0.0762,0.0759,0.0761,48068.0,1693945799999,3654.8824,27,6459.0,490.884,0
1693945800000,0.0761,0.0761,0.0759,0.0759,48440.0,1693946699999,3682.2787,23,4753.0,361.6112,0
1693946700000,0.076,0.076,0.0759,0.076,15900.0,1693947599999,1207.2783,10,4484.0,340.784,0
1693947600000,0.076,0.0763,0.0759,0.0762,78158.0,1693948499999,5948.554,50,25566.0,1943.9791,0
1693948500000,0.0762,0.0763,0.0761,0.0762,41586.0,1693949399999,3168.6771,24,16402.0,1249.8324,0
1693949400000,0.0763,0.0763,0.076,0.076,64279.0,1693950299999,4890.4643,35,22569.0,1717.433,0
1693950300000,0.076,0.076,0.0759,0.076,19735.0,1693951199999,1499.789,17,15438.0,1173.288,0
1693951200000,0.076,0.076,0.0759,0.0759,78370.0,1693952099999,5950.9944,29,11498.0,873.848,0
1693952100000,0.0759,0.076,0.0758,0.0758,55529.0,1693952999999,4213.5822,39,10812.0,820.8052,0
1693953000000,0.0758,0.0759,0.0757,0.0757,63802.0,1693953899999,4836.0307,40,12979.0,984.2143,0
1693953900000,0.0757,0.076,0.0757,0.076,136327.0,1693954799999,10341.7498,37,118839.0,9013.5728,0
1693954800000,0.076,0.076,0.0758,0.0758,91744.0,1693955699999,6958.4557,37,7551.0,573.8115,0
1693955700000,0.0759,0.076,0.0758,0.0759,146193.0,1693956599999,11096.136,24,23413.0,1777.4414,0
1693956600000,0.0759,0.0762,0.0759,0.0761,223549.0,1693957499999,17014.3685,48,191594.0,14583.4471,0
1693957500000,0.076,0.0761,0.0759,0.0761,136176.0,1693958399999,10357.8118,50,106708.0,8118.0412,0
1693958400000,0.0762,0.0765,0.076,0.0765,260843.0,1693959299999,19919.7268,110,213178.0,16280.5449,0
1693959300000,0.0765,0.0767,0.0765,0.0767,227136.0,1693960199999,17405.2676,87,129724.0,9940.5268,0
1693960200000,0.0768,0.0768,0.0765,0.0767,169234.0,1693961099999,12974.2355,112,102758.0,7883.0001,0
1693961100000,0.0768,0.0771,0.0767,0.0768,340471.0,1693961999999,26157.0616,144,130084.0,9998.9461,0
1693962000000,0.0769,0.0769,0.0768,0.0769,170413.0,1693962899999,13102.4853,51,128836.0,9907.4884,0
1693962900000,0.0768,0.0768,0.0765,0.0765,31454.0,1693963799999,2412.0381,30,3391.0,259.8156,0
1693963800000,0.0766,0.0767,0.0764,0.0766,316263.0,1693964699999,24244.0653,71,248076.0,19021.4369,0
1693964700000,0.0765,0.0765,0.0763,0.0764,650149.0,1693965599999,49661.8893,157,287603.0,21964.0541,0
1693965600000,0.0764,0.0764,0.0761,0.0761,46934.0,1693966499999,3577.0613,34,3957.0,301.5234,0
1693966500000,0.0762,0.0765,0.0761,0.0763,371376.0,1693967399999,28344.1037,109,49023.0,3745.1453,0
1693967400000,0.0762,0.0764,0.0762,0.0762,160982.0,1693968299999,12283.4668,62,31698.0,2420.984,0
1693968300000,0.0763,0.0763,0.076,0.076,219091.0,1693969199999,16684.3581,61,66371.0,5057.208,0
1693969200000,0.0761,0.0763,0.0761,0.0762,124779.0,1693970099999,9510.2689,46,55026.0,4195.5294,0
1693970100000,0.0761,0.0761,0.0758,0.0758,177222.0,1693970999999,13458.7836,73,0.0,0.0,0
1693971000000,0.0758,0.0758,0.0755,0.0755,180995.0,1693971899999,13681.747,85,37541.0,2834.4116,0
1693971900000,0.0756,0.0756,0.075,0.0751,741092.0,1693972799999,55761.5674,182,239520.0,18020.6554,0
1693972800000,0.0751,0.0753,0.075,0.0751,135445.0,1693973699999,10176.2329,59,40290.0,3027.3903,0
1693973700000,0.0752,0.0752,0.075,0.0751,237397.0,1693974599999,17830.5933,91,108002.0,8114.7637,0
1693974600000,0.0752,0.0752,0.0748,0.0748,747371.0,1693975499999,56050.456,89,5750.0,431.7177,0
1693975500000,0.0748,0.0748,0.0743,0.0744,206488.0,1693976399999,15402.213,99,19139.0,1429.1094,0
1693976400000,0.0743,0.0746,0.0743,0.0746,413753.0,1693977299999,30851.8051,110,359565.0,26812.3805,0
1693977300000,0.0745,0.0749,0.0745,0.0748,206960.0,1693978199999,15458.9351,90,133875.0,9997.6843,0
1693978200000,0.0747,0.0747,0.0743,0.0743,105440.0,1693979099999,7865.3454,47,12389.0,924.1627,0
1693979100000,0.0744,0.0745,0.0739,0.074,363017.0,1693979999999,26897.0213,137,52946.0,3928.5526,0
1693980000000,0.074,0.0748,0.0739,0.0747,513287.0,1693980899999,38169.0617,113,352851.0,26236.1308,0
1693980900000,0.0747,0.075,0.0746,0.0748,158771.0,1693981799999,11885.2199,79,107894.0,8080.232,0
1693981800000,0.0748,0.075,0.0747,0.0749,195727.0,1693982699999,14650.0978,55,121196.0,9074.6066,0
1693982700000,0.075,0.0751,0.075,0.0751,138240.0,1693983599999,10371.3287,65,68154.0,5114.2109,0
1693983600000,0.0751,0.0752,0.0751,0.0752,57379.0,1693984499999,4309.2309,33,11879.0,892.1809,0
1693984500000,0.0751,0.0752,0.075,0.0751,127812.0,1693985399999,9596.9436,52,46423.0,3489.4592,0
1693985400000,0.0751,0.0751,0.075,0.075,73481.0,1693986299999,5511.2666,28,9029.0,677.175,0
1693986300000,0.075,0.0751,0.0748,0.0748,25201.0,1693987199999,1887.4591,21,1676.0,125.5215,0
1693987200000,0.0747,0.0748,0.0745,0.0745,79228.0,1693988099999,5913.99,35,18917.0,1412.5992,0
1693988100000,0.0746,0.075,0.0746,0.0749,241017.0,1693988999999,18025.8827,65,204539.0,15290.5234,0
1693989000000,0.0749,0.0751,0.0749,0.075,22564.0,1693989899999,1692.3935,15,17165.0,1287.6102,0
1693989900000,0.075,0.0751,0.075,0.0751,3990.0,1693990799999,299.3033,9,533.0,40.0283,0
1693990800000,0.075,0.0754,0.075,0.0754,281582.0,1693991699999,21193.0662,103,163461.0,12303.1669,0
1693991700000,0.0753,0.0756,0.0753,0.0756,147161.0,1693992599999,11104.8661,79,119782.0,9040.2132,0
1693992600000,0.0755,0.0756,0.0755,0.0755,12324.0,1693993499999,931.0752,12,1888.0,142.7328,0
1693993500000,0.0755,0.0757,0.0755,0.0755,106985.0,1693994399999,8080.2463,34,22303.0,1686.4824,0
1693994400000,0.0756,0.0763,0.0756,0.0763,588745.0,1693995299999,44761.4796,205,470142.0,35742.4832,0
1693995300000,0.0764,0.0764,0.076,0.0761,1362181.0,1693996199999,103620.2698,283,380922.0,28984.6052,0
1693996200000,0.0762,0.077,0.0761,0.077,400515.0,1693997099999,30677.5915,162,277443.0,21244.4313,0
1693997100000,0.077,0.0774,0.0763,0.0764,876975.0,1693997999999,67511.6578,377,415081.0,31956.5826,0
1693998000000,0.0763,0.0766,0.0761,0.0761,269915.0,1693998899999,20619.4003,91,169719.0,12973.4769,0
1693998900000,0.0762,0.0764,0.0761,0.0763,119049.0,1693999799999,9074.4116,54,63039.0,4807.1141,0
1693999800000,0.0764,0.0767,0.0763,0.0765,223278.0,1694000699999,17088.5645,83,96340.0,7372.1652,0
1694000700000,0.0765,0.0767,0.0764,0.0764,131808.0,1694001599999,10084.4372,39,61780.0,4727.0772,0
1694001600000,0.0764,0.0764,0.076,0.0761,121526.0,1694002499999,9257.5302,52,17920.0,1365.5135,0
1694002500000,0.076,0.0774,0.0759,0.0773,1348421.0,1694003399999,103536.7625,519,745077.0,57266.6631,0
1694003400000,0.0772,0.0777,0.077,0.0775,1874020.0,1694004299999,144933.5159,662,1266176.0,97941.4837,0
1694004300000,0.0774,0.0775,0.0768,0.077,525657.0,1694005199999,40593.0895,271,202337.0,15639.2276,0
1694005200000,0.077,0.077,0.0759,0.0761,1989782.0,1694006099999,151820.5215,509,837623.0,63954.5853,0
1694006100000,0.0762,0.0762,0.0757,0.0757,236688.0,1694006999999,17978.3324,98,23565.0,1788.8107,0
1694007000000,0.0757,0.0762,0.0755,0.0761,609854.0,1694007899999,46152.7157,193,419942.0,31789.7479,0
1694007900000,0.0761,0.0761,0.0758,0.0759,305348.0,1694008799999,23200.5282,120,138933.0,10560.6585,0
1694008800000,0.0759,0.0762,0.0756,0.076,405626.0,1694009699999,30753.7915,178,143947.0,10912.8553,0
1694009700000,0.076,0.0761,0.0759,0.0759,250798.0,1694010599999,19069.3304,88,159643.0,12140.8259,0
1694010600000,0.0759,0.0762,0.0757,0.0759,660891.0,1694011499999,50166.6193,164,179967.0,13675.7979,0
1694011500000,0.0758,0.076,0.0757,0.0759,180765.0,1694012399999,13706.6576,68,84803.0,6433.1959,0
1694012400000,0.0758,0.0763,0.0758,0.076,135355.0,1694013299999,10305.0002,59,31334.0,2384.9957,0
1694013300000,0.0759,0.0761,0.0753,0.0758,459185.0,1694014199999,34747.3088,173,155078.0,11733.3349,0
1694014200000,0.0759,0.0761,0.0758,0.0761,80952.0,1694015099999,6149.9693,41,27077.0,2058.205,0
1694015100000,0.0762,0.0764,0.0762,0.0764,118367.0,1694015999999,9035.4611,55,57457.0,4387.5653,0
1694016000000,0.0764,0.0765,0.0758,0.0758,306774.0,1694016899999,23364.1649,130,62332.0,4761.3334,0
1694016900000,0.0757,0.076,0.0757,0.0757,379291.0,1694017799999,28765.1202,105,140735.0,10676.7787,0
1694017800000,0.0757,0.0759,0.0757,0.0758,129739.0,1694018699999,9837.1958,51,53855.0,4085.246,0
1694018700000,0.0757,0.076,0.0757,0.0758,239808.0,1694019599999,18203.2018,52,130005.0,9874.7372,0
1694019600000,0.0757,0.0758,0.0749,0.0756,693352.0,1694020499999,52203.7589,305,325461.0,24476.2306,0
1694020500000,0.0756,0.076,0.0755,0.076,368117.0,1694021399999,27857.0788,131,109417.0,8281.1872,0
1694021400000,0.076,0.0764,0.0759,0.0762,134585.0,1694022299999,10246.9824,43,16420.0,1250.4314,0
1694022300000,0.0762,0.078,0.0761,0.0776,1831608.0,1694023199999,141793.4827,533,1057932.0,81857.2251,0
1694023200000,0.0776,0.0783,0.0774,0.0778,502858.0,1694024099999,39141.1045,242,191364.0,14906.9117,0
1694024100000,0.0777,0.0777,0.0768,0.0769,1308212.0,1694024999999,100884.6913,347,389085.0,30017.9511,0
1694025000000,0.0769,0.0774,0.0768,0.0773,122658.0,1694025899999,9459.8011,47,27839.0,2145.6195,0
1694025900000,0.0774,0.0774,0.0771,0.0771,74470.0,1694026799999,5748.5365,32,12708.0,981.0616,0
1694026800000,0.077,0.0774,0.0768,0.0774,1492960.0,1694027699999,115080.8411,351,923786.0,71246.0372,0
1694027700000,0.0774,0.0774,0.0772,0.0774,173183.0,1694028599999,13387.2957,61,32781.0,2534.7291,0
1694028600000,0.0774,0.0776,0.0773,0.0774,73716.0,1694029499999,5707.9906,31,28353.0,2197.0315,0
1694029500000,0.0774,0.0775,0.0773,0.0774,112056.0,1694030399999,8674.1279,39,55943.0,4335.4075,0
1694030400000,0.0774,0.0777,0.0774,0.0776,74753.0,1694031299999,5800.4701,42,53820.0,4176.5121,0
1694031300000,0.0775,0.0776,0.0772,0.0772,77223.0,1694032199999,5980.6681,34,12571.0,974.592,0
1694032200000,0.0772,0.0778,0.0772,0.0777,299691.0,1694033099999,23250.6078,104,265367.0,20589.6311,0
1694033100000,0.0777,0.0778,0.0775,0.0775,109964.0,1694033999999,8533.9933,40,19874.0,1543.4787,0
1694034000000,0.0775,0.0775,0.0772,0.0775,126304.0,1694034899999,9777.6374,50,33210.0,2569.3857,0
1694034900000,0.0775,0.0775,0.0774,0.0774,26909.0,1694035799999,2085.1287,16,2542.0,197.005,0
1694035800000,0.0775,0.078,0.0775,0.0779,303510.0,1694036699999,23592.4137,102,148812.0,11581.1799,0
1694036700000,0.078,0.0784,0.0779,0.0783,429345.0,1694037599999,33555.1429,144,371435.0,29031.0937,0
1694037600000,0.0783,0.0785,0.078,0.078,197529.0,1694038499999,15466.5242,106,88891.0,6963.4848,0
1694038500000,0.078,0.0782,0.0778,0.0781,308124.0,1694039399999,24011.99,92,48830.0,3806.2924,0
1694039400000,0.0781,0.0783,0.0779,0.0783,246873.0,1694040299999,19290.6922,116,89136.0,6971.5103,0
1694040300000,0.0783,0.079,0.0783,0.0788,413206.0,1694041199999,32484.2529,183,278035.0,21860.5257,0
1694041200000,0.0788,0.0788,0.0781,0.0783,331430.0,1694042099999,25980.7745,129,124960.0,9796.0203,0
1694042100000,0.0782,0.0785,0.0779,0.0782,341841.0,1694042999999,26724.8016,108,62298.0,4876.3167,0
1694043000000,0.0783,0.0788,0.0783,0.0788,415550.0,1694043899999,32695.0543,170,203171.0,15985.6232,0
1694043900000,0.0789,0.079,0.0787,0.079,270357.0,1694044799999,21320.4025,103,147660.0,11644.8652,0
1694044800000,0.079,0.079,0.078,0.078,201289.0,1694045699999,15761.5453,91,12397.0,972.842,0
1694045700000,0.078,0.078,0.0777,0.0779,338959.0,1694046599999,26387.0191,156,141984.0,11050.974,0
1694046600000,0.078,0.0783,0.078,0.078,171834.0,1694047499999,13430.3918,73,73890.0,5775.8543,0
1694047500000,0.0781,0.0786,0.0777,0.0785,904469.0,1694048399999,70761.8058,271,603097.0,47190.8002,0
1694048400000,0.0786,0.0824,0.0785,0.0794,3914233.0,1694049299999,314032.7001,1533,1968900.0,157768.3256,0
1694049300000,0.0793,0.0823,0.0789,0.0794,9675323.0,1694050199999,779136.4265,3610,6046296.0,487049.9367,0
1694050200000,0.0794,0.0796,0.078,0.0793,4416270.0,1694051099999,346959.5643,1314,1983811.0,155807.9326,0
1694051100000,0.0794,0.0818,0.0793,0.0801,8549851.0,1694051999999,688523.3329,3816,4842405.0,389982.8542,0
1694052000000,0.08,0.0808,0.0779,0.0781,7825418.0,1694052899999,617056.4875,2442,4202702.0,331009.2937,0
1694052900000,0.0781,0.0784,0.0773,0.0777,5617959.0,1694053799999,437294.7096,1406,2522649.0,196694.4758,0
1694053800000,0.0777,0.0787,0.0776,0.0787,733715.0,1694054699999,57390.6111,250,312066.0,24423.6902,0
1694054700000,0.0787,0.0787,0.0778,0.0781,678391.0,1694055599999,53008.3215,197,284586.0,22208.3992,0
1694055600000,0.0779,0.0782,0.0777,0.078,618194.0,1694056499999,48144.6014,214,223544.0,17418.7959,0
1694056500000,0.0779,0.0786,0.0778,0.0785,1060936.0,1694057399999,83027.5662,286,606811.0,47450.3476,0
1694057400000,0.0785,0.0785,0.078,0.0782,358641.0,1694058299999,28065.4228,108,61836.0,4844.0727,0
1694058300000,0.0783,0.0785,0.0783,0.0783,72196.0,1694059199999,5657.0987,42,38597.0,3024.8414,0
1694059200000,0.0784,0.0792,0.0779,0.0779,1814082.0,1694060099999,142630.2405,484,707424.0,55628.5279,0
1694060100000,0.0779,0.0782,0.0778,0.0778,336100.0,1694060999999,26232.2017,128,175255.0,13689.1731,0
1694061000000,0.0778,0.0778,0.0775,0.0777,249092.0,1694061899999,19344.8268,132,41955.0,3258.6835,0
1694061900000,0.0777,0.0777,0.0775,0.0775,87115.0,1694062799999,6758.2261,44,34222.0,2655.8628,0
1694062800000,0.0776,0.0776,0.0772,0.0773,187944.0,1694063699999,14542.8785,70,11934.0,923.8063,0
1694063700000,0.0772,0.0775,0.0772,0.0774,126101.0,1694064599999,9755.8719,67,46623.0,3608.091,0
1694064600000,0.0774,0.0774,0.0769,0.077,657462.0,1694065499999,50674.4475,193,222318.0,17126.8669,0
1694065500000,0.0771,0.0773,0.077,0.0771,356050.0,1694066399999,27452.9751,118,185510.0,14306.285,0
1694066400000,0.077,0.0771,0.0768,0.0771,233721.0,1694067299999,17979.8578,54,86760.0,6680.9309,0
1694067300000,0.0771,0.0773,0.077,0.0773,193948.0,1694068199999,14965.0776,58,147697.0,11400.6651,0
1694068200000,0.0773,0.0774,0.0771,0.0773,209107.0,1694069099999,16152.7312,60,103379.0,7989.1002,0
1694069100000,0.0774,0.0774,0.0769,0.0771,421041.0,1694069999999,32451.1698,115,115149.0,8881.3687,0
1694070000000,0.0771,0.0771,0.0764,0.0765,418164.0,1694070899999,32071.4074,148,112733.0,8639.1706,0
1694070900000,0.0765,0.0768,0.0765,0.0767,185459.0,1694071799999,14233.1698,54,152559.0,11709.5639,0
1694071800000,0.0768,0.0782,0.0765,0.0778,2257098.0,1694072699999,174784.6385,589,1768365.0,136988.8529,0
1694072700000,0.0779,0.0798,0.0775,0.0793,9652392.0,1694073599999,760059.3452,2606,7128404.0,561642.0864,0
1694073600000,0.0792,0.0801,0.079,0.0794,8363235.0,1694074499999,663824.8378,3953,4194115.0,333102.4162,0
1694074500000,0.0793,0.0813,0.078,0.081,16402065.0,1694075399999,1299029.1026,4777,8539017.0,677684.6617,0
1694075400000,0.0811,0.0812,0.0796,0.0798,2311983.0,1694076299999,185717.2372,1066,1182905.0,95038.9056,0
1694076300000,0.0798,0.0805,0.0797,0.0801,992818.0,1694077199999,79498.4763,351,494230.0,39595.9645,0
1694077200000,0.0801,0.0801,0.0782,0.0786,1914043.0,1694078099999,150890.5846,764,760881.0,59958.211,0
1694078100000,0.0786,0.0793,0.0785,0.0793,805294.0,1694078999999,63490.5618,244,328498.0,25941.709,0
1694079000000,0.0793,0.0804,0.0793,0.08,2364520.0,1694079899999,189179.958,490,1071518.0,85607.4748,0
1694079900000,0.0801,0.0805,0.0792,0.0792,677978.0,1694080799999,54288.6956,268,340231.0,27277.7091,0
1694080800000,0.0793,0.081,0.0793,0.0804,2076255.0,1694081699999,167009.5253,640,1531646.0,123249.7585,0
1694081700000,0.0804,0.0807,0.0797,0.0804,1203417.0,1694082599999,96441.5961,387,353589.0,28376.446,0
1694082600000,0.0804,0.0807,0.0793,0.0793,620352.0,1694083499999,49521.0265,274,165462.0,13225.331,0
1694083500000,0.0794,0.0794,0.0786,0.0789,1368469.0,1694084399999,107958.0394,374,353547.0,27898.4303,0
1694084400000,0.0788,0.0791,0.0782,0.0783,478662.0,1694085299999,37625.8687,183,214760.0,16873.0282,0
1694085300000,0.0783,0.0792,0.0783,0.079,559872.0,1694086199999,44105.1499,213,214674.0,16894.1453,0
1694086200000,0.0788,0.0789,0.0779,0.078,630564.0,1694087099999,49357.0262,231,287707.0,22553.2122,0
1694087100000,0.0779,0.0787,0.0779,0.0785,441147.0,1694087999999,34537.5705,148,217207.0,17010.6587,0
1694088000000,0.0785,0.079,0.0782,0.0788,213158.0,1694088899999,16774.3034,120,133375.0,10491.6756,0
1694088900000,0.0789,0.0789,0.0782,0.0785,378890.0,1694089799999,29722.5805,121,171702.0,13470.4397,0
1694089800000,0.0784,0.0784,0.0781,0.0782,213455.0,1694090699999,16711.5368,94,91441.0,7161.4168,0
1694090700000,0.0782,0.0784,0.0778,0.0781,335844.0,1694091599999,26217.6983,136,103507.0,8082.2068,0
1694091600000,0.0781,0.0783,0.0779,0.0782,278727.0,1694092499999,21771.4965,91,86297.0,6743.9695,0
1694092500000,0.0781,0.0786,0.0781,0.0785,268344.0,1694093399999,21034.6256,97,50720.0,3979.3809,0
1694093400000,0.0785,0.0786,0.0781,0.0785,411904.0,1694094299999,32272.0281,123,164403.0,12882.7666,0
1694094300000,0.0784,0.0784,0.078,0.078,285403.0,1694095199999,22330.54,92,165391.0,12944.3769,0
1694095200000,0.0782,0.0785,0.0781,0.0784,409564.0,1694096099999,32059.889,159,247683.0,19397.0912,0
1694096100000,0.0784,0.0786,0.0783,0.0783,431708.0,1694096999999,33872.8761,125,139507.0,10952.956,0
1694097000000,0.0783,0.0788,0.0781,0.0788,525379.0,1694097899999,41117.7657,128,301143.0,23577.9436,0
1694097900000,0.0788,0.0791,0.0786,0.079,742983.0,1694098799999,58534.4925,158,285789.0,22521.5613,0
1694098800000,0.079,0.0792,0.0787,0.0789,589972.0,1694099699999,46555.1136,201,270123.0,21331.5163,0
1694099700000,0.0788,0.0796,0.0788,0.0795,566136.0,1694100599999,44918.0364,258,401362.0,31858.1294,0
1694100600000,0.0796,0.0806,0.0794,0.0794,1721516.0,1694101499999,137851.3276,633,1045751.0,83811.0374,0
1694101500000,0.0794,0.0794,0.0788,0.0788,993516.0,1694102399999,78676.4861,222,461681.0,36581.209,0
1694102400000,0.0788,0.079,0.0785,0.079,918721.0,1694103299999,72403.5952,254,451648.0,35616.9974,0
1694103300000,0.0789,0.079,0.0789,0.079,114953.0,1694104199999,9079.2234,50,38370.0,3031.23,0
1694104200000,0.0791,0.0792,0.0786,0.0787,411254.0,1694105099999,32439.3822,133,137494.0,10850.8373,0
1694105100000,0.0788,0.0793,0.0788,0.0791,659837.0,1694105999999,52168.0661,163,409244.0,32360.0185,0
1694106000000,0.0791,0.0791,0.0786,0.0787,244216.0,1694106899999,19234.2457,82,95421.0,7509.3157,0
1694106900000,0.0787,0.0788,0.0784,0.0785,495656.0,1694107799999,38927.5665,95,167126.0,13130.1387,0
1694107800000,0.0786,0.0786,0.0783,0.0785,165499.0,1694108699999,12983.8362,85,71601.0,5620.1364,0
1694108700000,0.0786,0.0787,0.0785,0.0786,217075.0,1694109599999,17067.2406,88,154685.0,12163.4026,0
1694109600000,0.0786,0.079,0.0786,0.0788,439937.0,1694110499999,34679.0521,153,273550.0,21569.3377,0
1694110500000,0.0788,0.0788,0.0782,0.0783,498120.0,1694111399999,39040.5675,134,112873.0,8850.816,0
1694111400000,0.0783,0.0783,0.0781,0.0781,168414.0,1694112299999,13166.6906,54,64556.0,5049.1916,0
1694112300000,0.0781,0.0782,0.078,0.078,144650.0,1694113199999,11298.9137,55,30026.0,2346.5736,0
1694113200000,0.0781,0.0782,0.0778,0.0782,568677.0,1694114099999,44362.2943,176,379663.0,29627.4692,0
1694114100000,0.0782,0.0783,0.078,0.0781,345538.0,1694114999999,26998.5477,99,156310.0,12216.7987,0
1694115000000,0.0781,0.0785,0.078,0.0785,435144.0,1694115899999,34051.5098,122,292035.0,22861.8963,0
1694115900000,0.0784,0.0785,0.0779,0.0779,227608.0,1694116799999,17793.3128,61,31775.0,2485.3463,0
1694116800000,0.078,0.0782,0.078,0.0782,153458.0,1694117699999,11981.7938,67,81059.0,6327.9118,0
1694117700000,0.0781,0.0783,0.0781,0.0782,226514.0,1694118599999,17697.4034,110,41660.0,3258.1786,0
1694118600000,0.0782,0.0784,0.0782,0.0783,337258.0,1694119499999,26408.6343,137,265533.0,20793.4407,0
1694119500000,0.0784,0.0785,0.0783,0.0784,168593.0,1694120399999,13216.6509,70,93699.0,7345.852,0
1694120400000,0.0784,0.0791,0.0784,0.0788,618590.0,1694121299999,48668.8469,244,425934.0,33507.973,0
1694121300000,0.0788,0.0792,0.0783,0.0783,688337.0,1694122199999,54205.4664,283,178813.0,14093.3879,0
1694122200000,0.0783,0.0784,0.0781,0.0782,277820.0,1694123099999,21745.9859,116,140994.0,11041.3575,0
1694123100000,0.0782,0.0783,0.0781,0.0781,173872.0,1694123999999,13596.6771,65,88683.0,6939.5131,0
1694124000000,0.0782,0.0787,0.0782,0.0784,455564.0,1694124899999,35755.6853,128,257436.0,20215.4231,0
1694124900000,0.0784,0.0789,0.0784,0.0789,364647.0,1694125799999,28710.0444,132,278777.0,21951.1194,0
1694125800000,0.0789,0.0792,0.0789,0.0792,202270.0,1694126699999,15988.3628,103,137657.0,10883.6022,0
1694126700000,0.0792,0.0795,0.0791,0.0792,636955.0,1694127599999,50503.3239,295,266926.0,21173.6841,0
1694127600000,0.0792,0.0795,0.079,0.0791,458366.0,1694128499999,36314.5185,150,154077.0,12203.1411,0
1694128500000,0.079,0.0791,0.0787,0.0789,277022.0,1694129399999,21850.1958,92,23219.0,1831.6381,0
1694129400000,0.0787,0.0802,0.0787,0.0799,700576.0,1694130299999,55822.9958,328,411177.0,32729.8572,0
1694130300000,0.08,0.0801,0.0797,0.0801,446000.0,1694131199999,35638.6247,166,149601.0,11960.2598,0
1694131200000,0.08,0.08,0.0792,0.0794,225743.0,1694132099999,17911.5333,70,86726.0,6879.2902,0
1694132100000,0.0794,0.08,0.0794,0.0799,524195.0,1694132999999,41820.8721,150,498758.0,39787.7996,0
1694133000000,0.08,0.0806,0.08,0.0805,903349.0,1694133899999,72570.6633,284,346624.0,27831.7583,0
1694133900000,0.0805,0.0813,0.0804,0.0806,2641996.0,1694134799999,213847.6996,520,1640462.0,132745.5282,0
1694134800000,0.0808,0.081,0.0801,0.0806,481105.0,1694135699999,38712.4553,211,240195.0,19340.1904,0
1694135700000,0.0806,0.0808,0.0799,0.08,371201.0,1694136599999,29757.9347,164,161369.0,12942.221,0
1694136600000,0.08,0.081,0.0799,0.0807,926782.0,1694137499999,74731.2607,276,695284.0,56073.0109,0
1694137500000,0.0807,0.081,0.0806,0.0806,288331.0,1694138399999,23298.6555,117,163258.0,13197.6184,0
1694138400000,0.0806,0.0817,0.0806,0.0817,988170.0,1694139299999,80474.2953,342,780910.0,63590.9209,0
1694139300000,0.0817,0.0819,0.0811,0.0818,1432382.0,1694140199999,116794.4206,376,820595.0,67006.8315,0
1694140200000,0.0818,0.0825,0.0815,0.0816,2261245.0,1694141099999,185523.9002,591,1276084.0,104750.9218,0
1694141100000,0.0816,0.0825,0.081,0.0824,1375743.0,1694141999999,112351.017,475,695436.0,56885.8128,0
1694142000000,0.0824,0.0889,0.0823,0.0887,7817665.0,1694142899999,665629.798,3484,4805190.0,408778.9405,0
1694142900000,0.0887,0.0899,0.0856,0.088,9959603.0,1694143799999,876009.8192,5051,5063326.0,445339.5019,0
1694143800000,0.088,0.0923,0.0868,0.0912,11986334.0,1694144699999,1073813.0981,5279,6706336.0,601435.1454,0
1694144700000,0.091,0.0955,0.0901,0.0934,19023798.0,1694145599999,1776576.1956,9235,8928768.0,833617.017,0
1694145600000,0.0934,0.0987,0.0924,0.0985,17664324.0,1694146499999,1700345.5156,8827,9347145.0,900445.5088,0
1694146500000,0.0985,0.1045,0.0966,0.1041,20587899.0,1694147399999,2056089.9931,10646,11226238.0,1121391.4311,0
1694147400000,0.1041,0.1059,0.1007,0.1056,19848341.0,1694148299999,2054856.3026,9757,10209046.0,1056641.2114,0
1694148300000,0.1055,0.1078,0.1026,0.1049,20142820.0,1694149199999,2126766.681,10130,9472785.0,1000305.8744,0
1694149200000,0.1048,0.1063,0.1013,0.102,15681845.0,1694150099999,1630458.3031,8206,8036458.0,836828.6349,0
1694150100000,0.1019,0.1061,0.1018,0.105,11420895.0,1694150999999,1194355.1304,4954,5719583.0,598156.2916,0
1694151000000,0.105,0.1055,0.1018,0.1027,8131633.0,1694151899999,838637.7874,3744,4354858.0,449451.7017,0
1694151900000,0.1027,0.1035,0.101,0.103,5894417.0,1694152799999,604005.9649,2681,2951348.0,302760.7933,0
1694152800000,0.103,0.103,0.0975,0.0983,10821690.0,1694153699999,1074764.1583,5416,4458068.0,442493.2749,0
1694153700000,0.0982,0.0994,0.0966,0.0985,6096034.0,1694154599999,595643.8303,3066,3093837.0,302427.9555,0
1694154600000,0.0985,0.1034,0.0979,0.103,6140183.0,1694155499999,618864.8981,3559,3340283.0,336724.1459,0
1694155500000,0.103,0.1136,0.102,0.1134,31900115.0,1694156399999,3496232.2169,18323,15342745.0,1678640.8751,0
1694156400000,0.1133,0.12,0.1109,0.1144,43424210.0,1694157299999,5009397.7351,23695,22446923.0,2592419.1333,0
1694157300000,0.1145,0.1214,0.1125,0.1185,33555837.0,1694158199999,3941197.5857,19117,16538806.0,1943929.8005,0
1694158200000,0.1185,0.1234,0.1163,0.1226,19959493.0,1694159099999,2380646.5017,10865,10683871.0,1274968.1907,0
1694159100000,0.1225,0.1275,0.1198,0.1202,28705681.0,1694159999999,3550722.8289,17654,14192965.0,1756598.2005,0
1694160000000,0.1202,0.1299,0.1188,0.1231,40414904.0,1694160899999,5015336.9617,20755,21113040.0,2621620.4822,0
1694160900000,0.1231,0.1259,0.1218,0.1242,10327586.0,1694161799999,1278146.4514,6501,5664247.0,701250.0409,0
1694161800000,0.1243,0.1262,0.1163,0.1194,27476685.0,1694162699999,3313243.46,16498,13275921.0,1600763.668,0
1694162700000,0.1194,0.1207,0.114,0.1153,12798100.0,1694163599999,1499096.7389,7759,5464627.0,640812.8819,0
1694163600000,0.1153,0.1196,0.1144,0.1182,10839404.0,1694164499999,1269836.9147,5629,5076515.0,594584.698,0
1694164500000,0.1182,0.1188,0.1123,0.1128,7815557.0,1694165399999,903586.7416,4437,3265764.0,378195.7161,0
1694165400000,0.1127,0.1179,0.1118,0.116,13427583.0,1694166299999,1539685.3308,8139,6153115.0,706758.4284,0
1694166300000,0.116,0.1181,0.1139,0.1174,7068811.0,1694167199999,818709.4075,4434,3532328.0,409636.4614,0
1694167200000,0.1173,0.1175,0.1127,0.1141,8617981.0,1694168099999,986487.4046,5223,4201714.0,480672.4623,0
1694168100000,0.114,0.1148,0.1077,0.11,11179163.0,1694168999999,1242479.6128,6715,4666715.0,518090.4092,0
1694169000000,0.11,0.1135,0.1093,0.1116,6884397.0,1694169899999,769424.9605,3626,3554395.0,397293.5334,0
1694169900000,0.1116,0.1154,0.1115,0.1142,6260844.0,1694170799999,711689.1615,4310,2794984.0,317756.4943,0
1694170800000,0.1141,0.1184,0.1122,0.1182,9305057.0,1694171699999,1075714.0933,5964,5496704.0,636103.103,0
1694171700000,0.1181,0.1197,0.1145,0.116,9144954.0,1694172599999,1070440.4048,5835,4439277.0,519613.2145,0
1694172600000,0.116,0.1166,0.1134,0.1134,4385902.0,1694173499999,504932.0303,2938,2112317.0,243528.8072,0
1694173500000,0.1135,0.1146,0.1124,0.1142,3375099.0,1694174399999,383228.4745,2464,1502217.0,170565.5679,0
1694174400000,0.1141,0.1169,0.1127,0.1165,5216674.0,1694175299999,600689.3697,3300,2596740.0,299246.8484,0
1694175300000,0.1165,0.1175,0.1125,0.1129,7023367.0,1694176199999,806389.495,4028,3296606.0,378718.5685,0
1694176200000,0.1129,0.1136,0.1104,0.1118,6027634.0,1694177099999,675409.1674,3974,2970780.0,332974.9063,0
1694177100000,0.1118,0.1123,0.1094,0.1118,4607332.0,1694177999999,510740.8611,2607,2086982.0,231270.0111,0
1694178000000,0.1119,0.1133,0.1092,0.1106,4891287.0,1694178899999,542629.3448,2981,2259732.0,251025.5608,0
1694178900000,0.1106,0.1113,0.1053,0.1056,8100469.0,1694179799999,873089.0283,4417,2920831.0,313919.6339,0
1694179800000,0.1056,0.1105,0.1056,0.1092,6780889.0,1694180699999,727945.3232,3960,3948398.0,424206.3126,0
1694180700000,0.1093,0.1115,0.1084,0.1084,5543265.0,1694181599999,608626.8952,3396,2711154.0,297742.2952,0
1694181600000,0.1084,0.1093,0.1069,0.1089,3260262.0,1694182499999,352525.2688,2090,1569297.0,169838.4401,0
1694182500000,0.1089,0.1122,0.1082,0.1097,5513708.0,1694183399999,609926.9882,3425,3225766.0,357014.8976,0
1694183400000,0.1096,0.1107,0.1063,0.1069,4463867.0,1694184299999,485400.1462,2647,1966123.0,214084.2601,0
1694184300000,0.1069,0.108,0.105,0.1066,6382570.0,1694185199999,678929.5684,3788,3409032.0,362789.84,0
1694185200000,0.1066,0.1081,0.1043,0.1046,4245454.0,1694186099999,448292.0564,2357,1526940.0,161334.7444,0
1694186100000,0.1047,0.1057,0.1037,0.1049,3699373.0,1694186999999,387215.6125,1944,1648757.0,172672.6167,0
1694187000000,0.1048,0.1064,0.1045,0.1058,3566219.0,1694187899999,376210.2971,2062,1905303.0,201095.2081,0
1694187900000,0.1057,0.106,0.1023,0.1034,4249812.0,1694188799999,442938.7351,2542,1771735.0,184670.9911,0
1694188800000,0.1034,0.1034,0.101,0.101,5931126.0,1694189699999,604178.9885,3170,2355589.0,239898.8862,0
1694189700000,0.1011,0.1018,0.0993,0.1008,6930131.0,1694190599999,694442.7812,3502,2762087.0,276999.9393,0
1694190600000,0.1008,0.102,0.1001,0.101,3929436.0,1694191499999,398053.6604,2051,2085404.0,211331.6334,0
1694191500000,0.1011,0.1011,0.0993,0.101,3402556.0,1694192399999,341579.6407,1720,1557489.0,156424.4551,0
1694192400000,0.101,0.1019,0.0991,0.0998,4278506.0,1694193299999,428176.9215,2384,1753623.0,175716.5928,0
1694193300000,0.0998,0.1013,0.0998,0.0999,1671804.0,1694194199999,167971.4056,1119,781371.0,78536.4117,0
1694194200000,0.1,0.1011,0.0997,0.1,2354390.0,1694195099999,236087.7342,1358,995366.0,99808.503,0
1694195100000,0.0999,0.1008,0.0991,0.1002,1688927.0,1694195999999,168392.0005,1139,792952.0,79065.6156,0
1694196000000,0.1002,0.1052,0.0997,0.1046,9206892.0,1694196899999,947231.8659,4826,5153240.0,529891.5874,0
1694196900000,0.1045,0.1105,0.1025,0.1063,16170519.0,1694197799999,1730870.1103,9555,8270982.0,886577.9048,0
1694197800000,0.1063,0.1072,0.1041,0.1055,5047924.0,1694198699999,532604.0398,3640,2119673.0,223645.8646,0
1694198700000,0.1056,0.1068,0.1041,0.1044,2745445.0,1694199599999,289687.6476,1696,1242831.0,131152.5916,0
1694199600000,0.1044,0.1066,0.1042,0.1056,2352887.0,1694200499999,248150.7909,1299,1107806.0,116849.3192,0
1694200500000,0.1057,0.1063,0.1044,0.105,2352950.0,1694201399999,247647.3082,1176,1095762.0,115268.4111,0
1694201400000,0.1049,0.105,0.1014,0.1025,2732959.0,1694202299999,281566.9313,1677,1091443.0,112458.8507,0
1694202300000,0.1024,0.1039,0.1016,0.1022,2938809.0,1694203199999,301626.8996,1552,1628323.0,167030.464,0
1694203200000,0.1022,0.1031,0.1009,0.101,2263132.0,1694204099999,230102.2924,1259,1011963.0,102918.6727,0
1694204100000,0.101,0.1023,0.1009,0.1014,1575965.0,1694204999999,159887.7865,935,687592.0,69809.0318,0
1694205000000,0.1015,0.1023,0.1011,0.1021,1147246.0,1694205899999,116650.0049,701,580807.0,59042.1132,0
1694205900000,0.1021,0.1021,0.1001,0.1005,2369158.0,1694206799999,238801.8559,1629,1021170.0,102990.9968,0
1694206800000,0.1005,0.1015,0.1001,0.1004,1879353.0,1694207699999,189343.3902,1228,846281.0,85286.8431,0
1694207700000,0.1004,0.1009,0.1001,0.1005,1980789.0,1694208599999,198716.2299,938,861541.0,86489.949,0
1694208600000,0.1005,0.1015,0.1001,0.1003,1902411.0,1694209499999,191643.8015,1109,1132926.0,114123.7881,0
1694209500000,0.1003,0.1003,0.0979,0.0984,4167204.0,1694210399999,411419.4802,2106,1741744.0,172125.3447,0
1694210400000,0.0984,0.0998,0.098,0.0988,2251642.0,1694211299999,222558.9869,1284,1045894.0,103432.3993,0
1694211300000,0.0988,0.1,0.0987,0.0994,1052460.0,1694212199999,104694.8277,601,526991.0,52406.6314,0
1694212200000,0.0995,0.1035,0.0988,0.1023,4327684.0,1694213099999,440024.3846,2915,2546808.0,258858.0206,0
1694213100000,0.1023,0.1024,0.1005,0.1006,2368183.0,1694213999999,240393.7414,1346,1143556.0,116037.7253,0
1694214000000,0.1006,0.1031,0.1006,0.102,2224510.0,1694214899999,227089.3188,1396,1163150.0,118773.3173,0
1694214900000,0.102,0.1049,0.102,0.1041,3666820.0,1694215799999,380290.2625,2075,2135298.0,221442.2095,0
1694215800000,0.1041,0.1042,0.103,0.1042,1709968.0,1694216699999,177151.5651,978,867559.0,89938.8432,0
1694216700000,0.1042,0.1043,0.1015,0.102,2927779.0,1694217599999,300222.9806,1367,1302126.0,133586.6646,0
1694217600000,0.102,0.1044,0.1,0.1008,7259327.0,1694218499999,738615.3009,3873,3573196.0,363886.7638,0
1694218500000,0.1008,0.1033,0.1008,0.1011,3195780.0,1694219399999,326881.2659,1941,1905934.0,195091.4283,0
1694219400000,0.1012,0.1016,0.098,0.0982,4054431.0,1694220299999,403382.4944,2196,1442724.0,143540.3394,0
1694220300000,0.0982,0.0991,0.0961,0.0969,5655609.0,1694221199999,552311.9498,3054,2442790.0,238778.2935,0
1694221200000,0.0969,0.0979,0.0959,0.0978,3075393.0,1694222099999,297904.4453,1501,1473703.0,142804.4117,0
1694222100000,0.0979,0.098,0.0963,0.0975,1579713.0,1694222999999,153438.7653,923,807798.0,78429.5106,0
1694223000000,0.0976,0.0994,0.0976,0.0979,1894316.0,1694223899999,186791.3911,1189,949285.0,93621.1317,0
1694223900000,0.0978,0.0987,0.0971,0.0981,1566405.0,1694224799999,153352.0689,916,654737.0,64169.8224,0
1694224800000,0.098,0.1017,0.0972,0.1013,4020868.0,1694225699999,397306.5937,2350,2259885.0,223466.1563,0
1694225700000,0.1013,0.1055,0.0981,0.099,13981519.0,1694226599999,1418898.463,7612,6092445.0,617106.9413,0
1694226600000,0.099,0.1003,0.0972,0.0974,4165054.0,1694227499999,411611.543,2397,1792928.0,177598.1523,0
1694227500000,0.0975,0.0983,0.0969,0.0975,2016938.0,1694228399999,196725.461,1233,819626.0,80018.5665,0
1694228400000,0.0975,0.0987,0.0972,0.0975,1644825.0,1694229299999,161241.2762,1143,816777.0,80059.7586,0
1694229300000,0.0974,0.0977,0.096,0.0962,3043367.0,1694230199999,293940.6347,1573,1445893.0,139795.5429,0
1694230200000,0.0962,0.0975,0.096,0.0967,1465509.0,1694231099999,141592.3504,831,601149.0,58176.1017,0
1694231100000,0.0968,0.0974,0.0961,0.0967,1382958.0,1694231999999,133712.7577,705,674917.0,65305.5922,0
1694232000000,0.0968,0.0972,0.0954,0.0955,2700535.0,1694232899999,259556.7707,968,750250.0,72243.3249,0
1694232900000,0.0955,0.0963,0.0936,0.0942,4562623.0,1694233799999,432221.8227,2343,1698474.0,160916.6151,0
1694233800000,0.0942,0.0954,0.0941,0.0951,1574231.0,1694234699999,149377.837,1842,758802.0,72027.6974,0
1694234700000,0.0951,0.0951,0.0941,0.0944,2015419.0,1694235599999,190428.9383,1202,658307.0,62231.8329,0
1694235600000,0.0945,0.0961,0.0932,0.0953,4701986.0,1694236499999,444702.8909,1608,2528290.0,240026.224,0
1694236500000,0.0953,0.0974,0.095,0.0956,6509859.0,1694237399999,626018.1298,2573,2618524.0,251646.0007,0
1694237400000,0.0957,0.0965,0.0949,0.0964,1467275.0,1694238299999,140364.454,841,728016.0,69702.0265,0
1694238300000,0.0965,0.0965,0.0943,0.0948,2006282.0,1694239199999,190914.4354,862,622268.0,59217.5395,0
1694239200000,0.0948,0.0949,0.0937,0.0938,1655946.0,1694240099999,156132.2475,851,564883.0,53287.2472,0
1694240100000,0.0938,0.0938,0.0919,0.0922,3274679.0,1694240999999,303621.7631,1890,1371419.0,127162.642,0
1694241000000,0.0923,0.0929,0.092,0.0923,1269044.0,1694241899999,117255.6885,557,562613.0,52009.5532,0
1694241900000,0.0923,0.0933,0.0922,0.0928,753494.0,1694242799999,69923.0564,428,403090.0,37396.3964,0
1694242800000,0.0929,0.094,0.0923,0.0931,3349094.0,1694243699999,312612.1464,1308,1514016.0,141440.6458,0
1694243700000,0.0931,0.0944,0.0931,0.0938,1526377.0,1694244599999,143271.0637,838,788132.0,73976.9942,0
1694244600000,0.0938,0.0951,0.0935,0.0942,2062509.0,1694245499999,194739.1698,1077,928819.0,87759.3185,0
1694245500000,0.0942,0.0946,0.092,0.0936,5895331.0,1694246399999,549550.8675,1915,1798926.0,168175.2523,0
1694246400000,0.0937,0.0963,0.093,0.0958,4041616.0,1694247299999,383385.7454,1834,2751349.0,261105.5247,0
1694247300000,0.0958,0.0967,0.0941,0.0944,4337238.0,1694248199999,415130.4516,2164,2382402.0,228236.7488,0
1694248200000,0.0944,0.0953,0.0944,0.0951,1018553.0,1694249099999,96530.3792,494,629266.0,59639.1718,0
1694249100000,0.0951,0.0958,0.095,0.0951,920393.0,1694249999999,87765.1907,578,428922.0,40907.3869,0
1694250000000,0.0951,0.0954,0.0939,0.094,2339584.0,1694250899999,221654.9104,915,883162.0,83764.7358,0
1694250900000,0.094,0.0946,0.0936,0.0938,1292188.0,1694251799999,121517.5542,560,302707.0,28471.7338,0
1694251800000,0.0938,0.0941,0.0935,0.0937,855283.0,1694252699999,80249.7279,429,419840.0,39406.1161,0
1694252700000,0.0936,0.0945,0.0935,0.0936,962291.0,1694253599999,90340.0068,542,475372.0,44648.007,0
1694253600000,0.0936,0.0945,0.0936,0.094,1038834.0,1694254499999,97759.3307,453,527682.0,49654.9555,0
1694254500000,0.0941,0.0941,0.0935,0.0937,505295.0,1694255399999,47359.8383,268,261364.0,24493.7086,0
1694255400000,0.0938,0.0944,0.0938,0.0942,699653.0,1694256299999,65827.8679,377,375170.0,35296.1312,0
1694256300000,0.0943,0.0952,0.0941,0.0948,1125958.0,1694257199999,106629.325,485,521979.0,49430.0788,0
1694257200000,0.0949,0.0951,0.0939,0.0944,1129492.0,1694258099999,106723.4754,552,462554.0,43738.0529,0
1694258100000,0.0944,0.0948,0.0942,0.0946,426048.0,1694258999999,40262.5296,242,148488.0,14028.7225,0
1694259000000,0.0945,0.0948,0.0942,0.0944,433124.0,1694259899999,40971.704,275,239220.0,22636.4406,0
1694259900000,0.0943,0.0947,0.0939,0.0945,534279.0,1694260799999,50296.0267,253,298219.0,28076.5459,0
1694260800000,0.0945,0.0948,0.0937,0.0937,1056450.0,1694261699999,99330.3102,506,480833.0,45251.0171,0
1694261700000,0.0936,0.094,0.0934,0.0937,558634.0,1694262599999,52321.4618,338,300320.0,28128.1282,0
1694262600000,0.0938,0.094,0.0927,0.0929,1176950.0,1694263499999,109655.477,602,393451.0,36668.195,0
1694263500000,0.0928,0.0931,0.0922,0.0925,1473001.0,1694264399999,136427.4737,679,684171.0,63393.4262,0
1694264400000,0.0924,0.0927,0.0922,0.0923,1265484.0,1694265299999,116961.1761,562,538780.0,49810.5022,0
1694265300000,0.0923,0.0928,0.0921,0.0925,983432.0,1694266199999,90886.0008,506,486682.0,44982.3195,0
1694266200000,0.0925,0.0932,0.0923,0.0932,648627.0,1694267099999,60254.2369,396,331534.0,30799.4398,0
1694267100000,0.0932,0.094,0.0928,0.0929,1357235.0,1694267999999,126810.5246,494,649544.0,60731.765,0
1694268000000,0.093,0.0936,0.0929,0.0935,456482.0,1694268899999,42529.6363,275,245366.0,22874.3785,0
1694268900000,0.0935,0.0938,0.0934,0.0936,360114.0,1694269799999,33712.2103,235,193408.0,18108.074,0
1694269800000,0.0936,0.0936,0.0928,0.0931,340101.0,1694270699999,31644.9809,238,81984.0,7623.4653,0
1694270700000,0.093,0.0931,0.0926,0.093,401347.0,1694271599999,37275.3687,175,247353.0,22973.2964,0
1694271600000,0.093,0.0939,0.0929,0.0937,595531.0,1694272499999,55696.6533,312,317960.0,29737.4835,0
1694272500000,0.0937,0.0968,0.0937,0.0957,6200273.0,1694273399999,593484.8046,2743,3055935.0,292251.9756,0
1694273400000,0.0958,0.0958,0.0946,0.0948,1428156.0,1694274299999,135831.3696,672,612868.0,58265.3841,0
1694274300000,0.0948,0.0949,0.0941,0.0944,781768.0,1694275199999,73849.4002,376,281345.0,26582.8948,0
1694275200000,0.0945,0.0958,0.0945,0.0952,1288630.0,1694276099999,122863.689,552,528102.0,50344.1498,0
1694276100000,0.0952,0.0954,0.0943,0.0946,633948.0,1694276999999,60008.3031,260,206112.0,19522.4005,0
1694277000000,0.0945,0.0955,0.0945,0.0954,812123.0,1694277899999,77164.0326,317,539187.0,51245.9644,0
1694277900000,0.0955,0.0956,0.0947,0.095,364772.0,1694278799999,34669.9376,192,148583.0,14116.1788,0
1694278800000,0.095,0.0956,0.095,0.0952,514990.0,1694279699999,49046.6522,294,258517.0,24611.4956,0
1694279700000,0.0953,0.0963,0.0952,0.0963,716345.0,1694280599999,68566.872,381,436717.0,41810.6506,0
1694280600000,0.0963,0.0963,0.0953,0.0954,1008062.0,1694281499999,96577.8668,411,477393.0,45723.9834,0
1694281500000,0.0954,0.0954,0.0948,0.0948,474424.0,1694282399999,45101.7168,269,168082.0,15981.8699,0
1694282400000,0.0948,0.0951,0.0945,0.0949,587831.0,1694283299999,55715.4891,254,210711.0,19982.8011,0
1694283300000,0.0949,0.0956,0.0949,0.0953,287322.0,1694284199999,27373.3622,153,165638.0,15776.0109,0
1694284200000,0.0952,0.0963,0.0949,0.0957,1086802.0,1694285099999,103933.148,562,478670.0,45811.8333,0
1694285100000,0.0957,0.0962,0.0953,0.096,591196.0,1694285999999,56649.1564,379,296263.0,28377.704,0
1694286000000,0.096,0.0963,0.0955,0.0959,944496.0,1694286899999,90542.1253,421,311578.0,29887.7579,0
1694286900000,0.096,0.0964,0.0952,0.0954,692977.0,1694287799999,66434.774,462,325132.0,31200.0913,0
1694287800000,0.0955,0.0956,0.095,0.0951,431615.0,1694288699999,41159.3753,246,260702.0,24864.15,0
1694288700000,0.0952,0.0958,0.095,0.0956,427695.0,1694289599999,40754.4179,215,139414.0,13286.675,0
1694289600000,0.0957,0.0957,0.095,0.0952,580580.0,1694290499999,55296.6059,297,340459.0,32446.1643,0
1694290500000,0.0953,0.0956,0.0951,0.0952,610610.0,1694291399999,58211.4793,306,312597.0,29810.213,0
1694291400000,0.0952,0.0958,0.095,0.0957,469250.0,1694292299999,44727.5701,194,348529.0,33218.3968,0
1694292300000,0.0957,0.0959,0.095,0.0954,674174.0,1694293199999,64369.7144,256,349525.0,33345.3405,0
1694293200000,0.0954,0.0954,0.0948,0.0953,398203.0,1694294099999,37828.6292,177,64542.0,6133.1369,0
1694294100000,0.0952,0.0953,0.0949,0.0951,261745.0,1694294999999,24886.7198,156,100694.0,9575.5953,0
1694295000000,0.0951,0.0951,0.0947,0.095,552550.0,1694295899999,52394.9399,201,216721.0,20555.0269,0
1694295900000,0.095,0.0953,0.0949,0.0951,218278.0,1694296799999,20745.729,127,89216.0,8484.919,0
1694296800000,0.0951,0.0959,0.0951,0.0959,335336.0,1694297699999,31991.5288,176,199776.0,19070.3848,0
1694297700000,0.0959,0.0965,0.0958,0.0961,1285048.0,1694298599999,123624.3898,439,765339.0,73647.4231,0
1694298600000,0.0961,0.0966,0.0955,0.0955,402462.0,1694299499999,38729.4123,231,106707.0,10282.4867,0
1694299500000,0.0956,0.0959,0.0954,0.0956,423751.0,1694300399999,40520.3529,168,243354.0,23267.8553,0
1694300400000,0.0955,0.0956,0.0949,0.0949,308781.0,1694301299999,29403.8251,176,65259.0,6215.9973,0
1694301300000,0.095,0.0953,0.0948,0.0948,696879.0,1694302199999,66228.4002,281,373998.0,35552.9481,0
1694302200000,0.0948,0.0948,0.0939,0.094,506963.0,1694303099999,47783.0134,295,72088.0,6787.6735,0
1694303100000,0.0939,0.094,0.0936,0.0937,466668.0,1694303999999,43757.906,271,150119.0,14081.2936,0
1694304000000,0.0938,0.0939,0.0914,0.0919,2000080.0,1694304899999,184871.4115,1021,586766.0,54239.2533,0
1694304900000,0.0918,0.0924,0.0914,0.0918,956987.0,1694305799999,88008.7876,488,445225.0,40948.7683,0
1694305800000,0.0918,0.0929,0.0917,0.0928,601025.0,1694306699999,55527.3026,325,359631.0,33217.8645,0
1694306700000,0.0929,0.0987,0.0927,0.0967,6705964.0,1694307599999,647151.6442,3746,3975135.0,383168.1737,0
1694307600000,0.0966,0.0966,0.093,0.093,1701740.0,1694308499999,161287.7646,1005,590000.0,56059.9804,0
1694308500000,0.0931,0.0935,0.0925,0.0929,1284790.0,1694309399999,119470.5787,708,560277.0,52099.3662,0
1694309400000,0.0928,0.0953,0.0926,0.0927,7460003.0,1694310299999,701077.7544,2471,3334392.0,314313.4677,0
1694310300000,0.0927,0.0929,0.0923,0.0925,999456.0,1694311199999,92560.318,490,435518.0,40344.4039,0
1694311200000,0.0925,0.0926,0.0906,0.0907,2120095.0,1694312099999,194234.5744,1089,718712.0,65796.9922,0
1694312100000,0.0906,0.0907,0.0887,0.0892,3645311.0,1694312999999,326688.4831,1463,1064995.0,95443.4227,0
1694313000000,0.0892,0.09,0.0891,0.0897,1569105.0,1694313899999,140554.6448,514,873552.0,78256.7279,0
1694313900000,0.0897,0.09,0.0889,0.0889,1785858.0,1694314799999,160064.7513,606,1042894.0,93550.4927,0
1694314800000,0.0889,0.0892,0.088,0.0881,990621.0,1694315699999,87592.6463,536,368397.0,32595.9594,0
1694315700000,0.0881,0.0883,0.0876,0.0881,641143.0,1694316599999,56423.9621,306,305846.0,26924.7481,0
1694316600000,0.0882,0.0893,0.0882,0.0891,606428.0,1694317499999,53855.6549,365,345651.0,30700.3349,0
1694317500000,0.0891,0.0897,0.0888,0.0895,670684.0,1694318399999,59716.5435,215,230266.0,20549.6683,0
1694318400000,0.0895,0.0898,0.0891,0.0892,439432.0,1694319299999,39302.6929,253,192577.0,17234.8673,0
1694319300000,0.0893,0.0897,0.0844,0.0869,4915373.0,1694320199999,430040.6163,2099,1883259.0,164766.0844,0
1694320200000,0.0869,0.0885,0.0869,0.0883,1770587.0,1694321099999,155279.2507,633,1165471.0,102283.2675,0
1694321100000,0.0882,0.089,0.0876,0.0876,5815094.0,1694321999999,513213.7873,1484,3118656.0,275468.2784,0
1694322000000,0.0875,0.092,0.0872,0.0891,13220307.0,1694322899999,1185355.8846,4238,6300047.0,564561.5195,0
1694322900000,0.0891,0.0903,0.0888,0.089,3421618.0,1694323799999,305937.6245,1168,1260906.0,113044.541,0
1694323800000,0.089,0.0892,0.0883,0.0885,1014134.0,1694324699999,90054.633,428,594465.0,52841.1358,0
1694324700000,0.0884,0.0904,0.0883,0.0903,1124705.0,1694325599999,100775.1343,523,667003.0,59778.0605,0
1694325600000,0.0904,0.0907,0.0894,0.0898,1338553.0,1694326499999,120343.3902,471,736040.0,66142.3547,0
1694326500000,0.0898,0.0904,0.0896,0.0902,768402.0,1694327399999,69169.7843,305,408020.0,36735.351,0
1694327400000,0.0901,0.0902,0.0894,0.0894,296664.0,1694328299999,26613.0511,130,138814.0,12454.4182,0
1694328300000,0.0895,0.0902,0.0895,0.0897,544186.0,1694329199999,48931.1962,174,237111.0,21316.1913,0
1694329200000,0.0897,0.0902,0.0895,0.09,426392.0,1694330099999,38313.4763,249,235618.0,21183.4248,0
1694330100000,0.09,0.0903,0.0896,0.0897,579211.0,1694330999999,52094.2043,219,198413.0,17845.8361,0
1694331000000,0.0898,0.0902,0.0897,0.0901,143861.0,1694331899999,12931.0782,91,66756.0,6002.4352,0
1694331900000,0.0902,0.0902,0.0892,0.0894,599577.0,1694332799999,53695.4258,243,51600.0,4623.894,0
1694332800000,0.0894,0.0895,0.0888,0.0894,615299.0,1694333699999,54814.3953,351,221582.0,19743.0415,0
1694333700000,0.0893,0.0895,0.089,0.0894,772773.0,1694334599999,69005.9066,226,349370.0,31223.1576,0
1694334600000,0.0894,0.091,0.0886,0.0895,12055112.0,1694335499999,1084487.9954,2381,5901699.0,533391.9175,0
1694335500000,0.0895,0.0898,0.0888,0.089,476072.0,1694336399999,42529.9132,267,136591.0,12205.7671,0
1694336400000,0.0889,0.0896,0.0888,0.0895,534789.0,1694337299999,47605.8553,237,299990.0,26721.5043,0
1694337300000,0.0894,0.0895,0.0889,0.0889,660615.0,1694338199999,58886.62,268,217442.0,19386.1106,0
1694338200000,0.0889,0.0895,0.0888,0.0895,354135.0,1694339099999,31546.7432,130,278813.0,24837.5895,0
1694339100000,0.0895,0.0897,0.0892,0.0893,556473.0,1694339999999,49793.4977,232,311547.0,27872.8513,0
1694340000000,0.0894,0.0895,0.089,0.0891,282300.0,1694340899999,25176.8039,162,78676.0,7023.4735,0
1694340900000,0.089,0.0895,0.0888,0.089,818754.0,1694341799999,73063.8162,309,320988.0,28656.1934,0
1694341800000,0.089,0.0893,0.0887,0.0892,401100.0,1694342699999,35683.3819,165,273045.0,24297.1848,0
1694342700000,0.0892,0.0893,0.0887,0.0888,383353.0,1694343599999,34076.1562,188,53042.0,4714.5026,0
1694343600000,0.0888,0.0893,0.0888,0.0892,762959.0,1694344499999,67915.1858,273,388053.0,34558.2086,0
1694344500000,0.0892,0.0895,0.089,0.0894,248153.0,1694345399999,22151.9755,134,140560.0,12557.3183,0
1694345400000,0.0895,0.0899,0.0893,0.0894,261604.0,1694346299999,23457.7354,108,201722.0,18093.1504,0
1694346300000,0.0893,0.0895,0.089,0.089,106879.0,1694347199999,9530.0986,69,43665.0,3896.1258,0
1694347200000,0.089,0.0892,0.0889,0.089,285093.0,1694348099999,25396.638,130,104920.0,9352.3447,0
1694348100000,0.089,0.0892,0.0886,0.0891,290631.0,1694348999999,25823.5691,141,94180.0,8369.6891,0
1694349000000,0.0892,0.0892,0.0887,0.089,314555.0,1694349899999,27980.1609,152,145023.0,12901.0444,0
1694349900000,0.0891,0.0892,0.0887,0.0891,119517.0,1694350799999,10642.5045,66,50447.0,4497.668,0
1694350800000,0.0892,0.0897,0.0891,0.0891,136384.0,1694351699999,12195.686,114,96331.0,8614.9614,0
1694351700000,0.0892,0.0892,0.0888,0.0889,205785.0,1694352599999,18282.6128,102,50694.0,4503.4833,0
1694352600000,0.0889,0.0889,0.0882,0.0883,484200.0,1694353499999,42801.9422,261,50408.0,4457.6613,0
1694353500000,0.0883,0.0894,0.0883,0.0892,837289.0,1694354399999,74551.7684,329,576800.0,51359.0659,0
1694354400000,0.0892,0.0898,0.0891,0.0895,1397838.0,1694355299999,125185.1969,412,945090.0,84690.1554,0
1694355300000,0.0896,0.0913,0.0892,0.09,3145879.0,1694356199999,284710.6535,1019,1993354.0,180411.7097,0
1694356200000,0.09,0.0901,0.0893,0.0895,739976.0,1694357099999,66261.7145,287,311300.0,27889.4003,0
1694357100000,0.0894,0.0909,0.0886,0.089,5953543.0,1694357999999,534451.4769,1165,3653963.0,328643.6758,0
1694358000000,0.0888,0.0892,0.0881,0.0887,723242.0,1694358899999,64106.0526,335,437972.0,38851.5676,0
1694358900000,0.0888,0.089,0.0882,0.0883,165125.0,1694359799999,14624.5767,95,52853.0,4682.1372,0
1694359800000,0.0883,0.089,0.088,0.089,733532.0,1694360699999,64866.369,248,153500.0,13628.0442,0
1694360700000,0.089,0.0896,0.089,0.0893,400407.0,1694361599999,35813.9254,155,317579.0,28409.9409,0
1694361600000,0.0893,0.0893,0.0884,0.0889,458426.0,1694362499999,40662.9506,205,96054.0,8523.1242,0
1694362500000,0.0888,0.0892,0.0885,0.0891,284581.0,1694363399999,25270.6702,172,73116.0,6495.5325,0
1694363400000,0.089,0.0892,0.088,0.0885,721066.0,1694364299999,63838.5876,258,351487.0,31077.7916,0
1694364300000,0.0884,0.089,0.0881,0.089,428519.0,1694365199999,37938.2625,218,158385.0,14034.4284,0
1694365200000,0.089,0.0891,0.0881,0.0891,363377.0,1694366099999,32142.7402,195,175748.0,15560.1655,0
1694366100000,0.0891,0.0894,0.0887,0.089,405966.0,1694366999999,36182.1006,191,192527.0,17160.617,0
1694367000000,0.0891,0.0893,0.0887,0.089,331944.0,1694367899999,29534.0871,123,30875.0,2747.5223,0
1694367900000,0.089,0.0893,0.0888,0.0888,195792.0,1694368799999,17456.2763,131,47752.0,4256.5104,0
1694368800000,0.0887,0.0895,0.0887,0.0889,335909.0,1694369699999,29870.354,149,162782.0,14477.8606,0
1694369700000,0.089,0.0894,0.0889,0.0891,179862.0,1694370599999,16052.4791,72,18209.0,1625.0882,0
1694370600000,0.0891,0.0892,0.0886,0.0892,312402.0,1694371499999,27765.0516,196,118398.0,10522.45,0
1694371500000,0.0892,0.0895,0.0892,0.0892,167999.0,1694372399999,15013.1434,95,92422.0,8259.5363,0
1694372400000,0.0892,0.0894,0.0887,0.0888,357627.0,1694373299999,31823.3817,121,73535.0,6552.7462,0
1694373300000,0.0888,0.0894,0.0886,0.0886,442216.0,1694374199999,39351.4021,193,143200.0,12735.0245,0
1694374200000,0.0886,0.089,0.088,0.0889,849367.0,1694375099999,75150.9944,383,121762.0,10779.3078,0
1694375100000,0.089,0.0898,0.089,0.0897,351129.0,1694375999999,31381.2372,178,176671.0,15807.9254,0
1694376000000,0.0895,0.0899,0.0892,0.0895,477239.0,1694376899999,42733.7782,223,204132.0,18299.9009,0
1694376900000,0.0895,0.0907,0.0895,0.0907,768555.0,1694377799999,69372.9873,276,451704.0,40771.503,0
1694377800000,0.0906,0.0907,0.0901,0.0904,512560.0,1694378699999,46307.3026,204,156777.0,14177.4997,0
1694378700000,0.0904,0.0904,0.0899,0.0902,137594.0,1694379599999,12397.3667,87,63052.0,5680.8954,0
1694379600000,0.0902,0.0902,0.0897,0.0901,169991.0,1694380499999,15278.2048,96,52602.0,4730.6124,0
1694380500000,0.0902,0.0902,0.0897,0.0898,79891.0,1694381399999,7182.1457,68,14876.0,1337.9418,0
1694381400000,0.0898,0.0899,0.0896,0.0897,129372.0,1694382299999,11608.9072,69,23235.0,2086.0304,0
1694382300000,0.0897,0.0899,0.0896,0.0899,154508.0,1694383199999,13870.5594,43,127716.0,11468.3333,0
1694383200000,0.0899,0.0905,0.0899,0.0905,254765.0,1694384099999,22959.4446,119,207599.0,18705.227,0
1694384100000,0.0904,0.0907,0.0902,0.0902,91498.0,1694384999999,8274.7093,73,37271.0,3373.4133,0
1694385000000,0.0901,0.0903,0.0898,0.0898,103057.0,1694385899999,9275.0187,79,28957.0,2608.6756,0
1694385900000,0.0897,0.0897,0.0894,0.0894,68507.0,1694386799999,6134.0541,61,19439.0,1741.8352,0
1694386800000,0.0894,0.0894,0.0891,0.0892,90722.0,1694387699999,8096.5136,41,16764.0,1498.5748,0
1694387700000,0.0891,0.0891,0.0888,0.0888,142643.0,1694388599999,12682.7592,72,55005.0,4890.3927,0
1694388600000,0.0889,0.0897,0.0889,0.0895,331001.0,1694389499999,29567.3323,185,235235.0,20984.2798,0
1694389500000,0.0896,0.09,0.0896,0.09,169421.0,1694390399999,15201.1295,132,52992.0,4757.3492,0
1694390400000,0.0901,0.0901,0.0893,0.0894,403154.0,1694391299999,36151.3983,172,124043.0,11120.0511,0
1694391300000,0.0894,0.0894,0.0884,0.0886,444868.0,1694392199999,39593.9106,261,73966.0,6567.5692,0
1694392200000,0.0885,0.0887,0.0875,0.0875,855591.0,1694393099999,75319.5441,371,225365.0,19830.8569,0
1694393100000,0.0875,0.0882,0.0872,0.0881,524157.0,1694393999999,46005.443,211,286026.0,25104.8951,0
1694394000000,0.0883,0.0908,0.0881,0.0889,1936450.0,1694394899999,173210.053,821,1056506.0,94281.9181,0
1694394900000,0.0889,0.0909,0.0889,0.0908,977959.0,1694395799999,87952.9414,378,643851.0,57874.8156,0
1694395800000,0.0908,0.0909,0.0894,0.0895,952433.0,1694396699999,86057.9138,488,380830.0,34456.5108,0
1694396700000,0.0895,0.0896,0.0885,0.0885,606838.0,1694397599999,54074.7372,306,207510.0,18533.3449,0
1694397600000,0.0886,0.0897,0.0886,0.0896,169634.0,1694398499999,15143.6026,136,130819.0,11680.6062,0
1694398500000,0.0895,0.0898,0.0892,0.0892,263943.0,1694399399999,23600.2887,108,117059.0,10478.1952,0
1694399400000,0.0892,0.0892,0.0886,0.0888,399635.0,1694400299999,35462.723,199,82662.0,7333.9985,0
1694400300000,0.0887,0.089,0.0885,0.0888,226900.0,1694401199999,20132.2297,130,81902.0,7269.9158,0
1694401200000,0.0889,0.0909,0.0888,0.0907,632668.0,1694402099999,56911.2182,272,480986.0,43226.2306,0
1694402100000,0.0907,0.0923,0.0891,0.0891,4102176.0,1694402999999,373538.1754,1525,2432331.0,222241.5543,0
1694403000000,0.0891,0.0897,0.0884,0.0885,2811904.0,1694403899999,250396.878,1044,1040823.0,92692.7002,0
1694403900000,0.0884,0.0887,0.0868,0.088,3448923.0,1694404799999,302358.9783,1200,1633865.0,143341.2267,0
1694404800000,0.088,0.0888,0.0861,0.087,6500409.0,1694405699999,569495.4289,2159,4204324.0,368759.2245,0
1694405700000,0.087,0.0893,0.0867,0.0884,7847631.0,1694406599999,694616.2522,3087,5647680.0,500141.2361,0
1694406600000,0.0884,0.0889,0.088,0.0881,4680750.0,1694407499999,413847.6584,2287,2835038.0,250647.7259,0
1694407500000,0.0881,0.0881,0.0858,0.0862,10109061.0,1694408399999,877793.5166,1886,4941388.0,429467.1346,0
1694408400000,0.0862,0.0879,0.0862,0.0879,1057984.0,1694409299999,91945.6037,487,668844.0,58139.8597,0
1694409300000,0.0879,0.0882,0.0876,0.0881,567568.0,1694410199999,49893.3945,200,307914.0,27056.8165,0
1694410200000,0.0881,0.089,0.088,0.0889,697918.0,1694411099999,61754.1661,266,433733.0,38404.3129,0
1694411100000,0.0888,0.09,0.0888,0.0898,2965305.0,1694411999999,265478.9354,716,1086263.0,97299.0713,0
1694412000000,0.0899,0.0899,0.0891,0.0894,701340.0,1694412899999,62666.4526,206,114433.0,10231.9635,0
1694412900000,0.0895,0.0895,0.0888,0.0888,363196.0,1694413799999,32375.3919,113,190337.0,16981.1382,0
1694413800000,0.0889,0.0904,0.0889,0.0903,1132766.0,1694414699999,101730.3594,351,743743.0,66787.0764,0
1694414700000,0.0903,0.0903,0.0896,0.0901,564571.0,1694415599999,50806.2652,249,314128.0,28260.594,0
1694415600000,0.0901,0.0908,0.09,0.0902,975412.0,1694416499999,88213.4127,328,531251.0,48071.3671,0
1694416500000,0.0902,0.0905,0.0887,0.0887,724246.0,1694417399999,64995.8206,309,244547.0,22017.6735,0
1694417400000,0.0888,0.0897,0.0886,0.0891,386422.0,1694418299999,34425.0267,224,208710.0,18602.4654,0
1694418300000,0.0891,0.0893,0.0889,0.0889,220165.0,1694419199999,19614.291,111,74978.0,6685.8201,0
1694419200000,0.0889,0.0897,0.0888,0.0889,578805.0,1694420099999,51626.737,247,360964.0,32210.8653,0
1694420100000,0.0888,0.0888,0.0875,0.0876,1036787.0,1694420999999,91343.0652,363,309277.0,27225.7343,0
1694421000000,0.0876,0.0883,0.0874,0.0877,972881.0,1694421899999,85515.5581,368,417396.0,36703.1347,0
1694421900000,0.0877,0.0883,0.0875,0.0878,813888.0,1694422799999,71465.5093,253,186274.0,16377.5408,0
1694422800000,0.0877,0.088,0.0875,0.0875,268058.0,1694423699999,23518.6517,121,116086.0,10194.555,0
1694423700000,0.0875,0.088,0.0865,0.0872,1263843.0,1694424599999,110070.4451,547,476241.0,41578.1431,0
1694424600000,0.0871,0.0875,0.0865,0.0866,655349.0,1694425499999,56979.9999,316,317315.0,27607.9397,0
1694425500000,0.0866,0.0872,0.0866,0.0869,497313.0,1694426399999,43179.316,191,222522.0,19322.1102,0
1694426400000,0.0869,0.0872,0.0865,0.0867,550033.0,1694427299999,47749.0541,204,207932.0,18065.2252,0
1694427300000,0.0867,0.0868,0.0843,0.0855,2542506.0,1694428199999,217595.9583,1158,553108.0,47318.6355,0
1694428200000,0.0855,0.0862,0.0855,0.0857,1211699.0,1694429099999,104052.0512,478,610258.0,52422.136,0
1694429100000,0.0857,0.0858,0.085,0.0853,1672846.0,1694429999999,142709.9741,459,487599.0,41636.7131,0
1694430000000,0.0853,0.0855,0.0849,0.0849,489454.0,1694430899999,41692.3078,206,209694.0,17881.1834,0
1694430900000,0.0849,0.0849,0.0839,0.084,1327994.0,1694431799999,112120.94,511,575363.0,48632.1825,0
1694431800000,0.0841,0.0844,0.0838,0.0839,936433.0,1694432699999,78736.2224,306,316573.0,26621.3173,0
1694432700000,0.084,0.0842,0.0835,0.0838,626428.0,1694433599999,52574.1387,224,352943.0,29645.9275,0
1694433600000,0.0838,0.0848,0.0837,0.0848,874102.0,1694434499999,73729.0401,352,492925.0,41567.2576,0
1694434500000,0.0848,0.0852,0.0848,0.085,785338.0,1694435399999,66743.9273,345,240163.0,20417.8263,0
1694435400000,0.0849,0.0853,0.0848,0.0853,310872.0,1694436299999,26479.3073,181,168416.0,14346.7387,0
1694436300000,0.0852,0.0853,0.0849,0.0851,287614.0,1694437199999,24476.2099,119,77961.0,6636.7478,0
1694437200000,0.0851,0.0858,0.0851,0.0855,932393.0,1694438099999,79767.6467,280,427500.0,36544.6058,0
1694438100000,0.0855,0.0861,0.0855,0.086,474354.0,1694438999999,40743.8591,205,288142.0,24756.0588,0
1694439000000,0.086,0.0871,0.0859,0.0864,1389142.0,1694439899999,120203.1509,488,1001824.0,86655.8918,0
1694439900000,0.0865,0.0885,0.086,0.0873,12989339.0,1694440799999,1137762.3639,3140,9561322.0,838770.2698,0
1694440800000,0.0873,0.0884,0.0865,0.0871,10301300.0,1694441699999,900709.2114,4978,5905055.0,516458.9479,0
1694441700000,0.0871,0.088,0.0866,0.0867,7200741.0,1694442599999,628057.9276,3247,3551823.0,310006.9928,0
1694442600000,0.0866,0.0866,0.0855,0.0861,21295752.0,1694443499999,1828823.4536,4557,12500465.0,1073691.8508,0
1694443500000,0.0861,0.0884,0.0857,0.0883,5347384.0,1694444399999,461567.8448,1773,3208213.0,277200.1087,0
1694444400000,0.0883,0.0892,0.0877,0.0879,2997987.0,1694445299999,264757.887,1309,1321954.0,116697.2619,0
1694445300000,0.0878,0.0894,0.0877,0.0892,984529.0,1694446199999,87233.0654,682,563793.0,50023.0574,0
1694446200000,0.0892,0.0943,0.0892,0.094,8369879.0,1694447099999,768455.1833,2810,5893399.0,541493.3398,0
1694447100000,0.094,0.095,0.0919,0.0929,10089362.0,1694447999999,942024.4014,3443,5265844.0,492423.3798,0
1694448000000,0.0929,0.0942,0.0921,0.0931,4935200.0,1694448899999,461629.3323,1983,2729272.0,255430.3037,0
1694448900000,0.0931,0.0937,0.0906,0.0915,5009467.0,1694449799999,461295.7373,1863,2563066.0,236131.7924,0
1694449800000,0.0915,0.0915,0.0897,0.0898,2679102.0,1694450699999,242403.8198,966,881204.0,79737.2175,0
1694450700000,0.0898,0.0906,0.0897,0.0906,918139.0,1694451599999,82803.4144,448,329732.0,29756.2617,0
1694451600000,0.0906,0.0913,0.0901,0.0901,968050.0,1694452499999,87916.679,474,375418.0,34150.2414,0
1694452500000,0.0902,0.0906,0.0899,0.0905,642973.0,1694453399999,57972.2283,256,276851.0,24982.1186,0
1694453400000,0.0905,0.0911,0.0901,0.0901,450784.0,1694454299999,40902.5564,272,269074.0,24447.409,0
1694454300000,0.0902,0.0908,0.0902,0.0905,470283.0,1694455199999,42541.0214,159,196148.0,17756.7839,0
1694455200000,0.0905,0.0905,0.0898,0.0903,511327.0,1694456099999,46111.3799,261,296187.0,26725.0633,0
1694456100000,0.0903,0.0906,0.0898,0.0905,372572.0,1694456999999,33583.538,143,235542.0,21240.1185,0
1694457000000,0.0905,0.0907,0.0897,0.0897,395045.0,1694457899999,35644.7599,161,121887.0,11024.0322,0
1694457900000,0.0896,0.0898,0.089,0.0892,689008.0,1694458799999,61467.5347,287,306638.0,27362.667,0
1694458800000,0.0892,0.0892,0.0887,0.0891,800528.0,1694459699999,71181.6696,188,281170.0,25013.697,0
1694459700000,0.0892,0.0893,0.0884,0.0891,661981.0,1694460599999,58894.3269,270,167508.0,14907.826,0
1694460600000,0.0891,0.0891,0.0879,0.0884,1248173.0,1694461499999,110223.3757,473,598102.0,52857.644,0
1694461500000,0.0885,0.0887,0.088,0.0881,434345.0,1694462399999,38333.6949,176,176239.0,15550.135,0
1694462400000,0.0881,0.0891,0.0879,0.0891,854703.0,1694463299999,75597.9601,403,393620.0,34849.6706,0
1694463300000,0.0892,0.0893,0.0885,0.0887,340346.0,1694464199999,30283.2595,154,181828.0,16187.5395,0
1694464200000,0.0887,0.0895,0.0887,0.0893,300193.0,1694465099999,26779.1371,131,94675.0,8451.1783,0
1694465100000,0.0893,0.0893,0.0887,0.0891,157113.0,1694465999999,13992.4664,99,36455.0,3244.916,0
1694466000000,0.0891,0.0899,0.089,0.0899,265798.0,1694466899999,23742.8247,172,94421.0,8452.2097,0
1694466900000,0.0896,0.0897,0.0888,0.0892,555529.0,1694467799999,49562.9179,193,261024.0,23269.9164,0
1694467800000,0.0893,0.0895,0.0888,0.0889,333500.0,1694468699999,29701.4975,123,139105.0,12408.1036,0
1694468700000,0.0892,0.0893,0.0888,0.0891,176537.0,1694469599999,15713.3525,58,116845.0,10402.8917,0
1694469600000,0.089,0.0894,0.0888,0.0893,276781.0,1694470499999,24664.84,112,47002.0,4194.2745,0
1694470500000,0.0893,0.0894,0.0888,0.0888,172027.0,1694471399999,15308.8776,94,65961.0,5866.0097,0
1694471400000,0.0888,0.0891,0.0888,0.0889,122136.0,1694472299999,10854.6717,76,52675.0,4678.6984,0
1694472300000,0.0889,0.0889,0.0886,0.0887,218786.0,1694473199999,19417.5943,67,36381.0,3227.2982,0
1694473200000,0.0888,0.0893,0.0888,0.0893,205962.0,1694474099999,18361.9845,68,192683.0,17179.9783,0
1694474100000,0.0892,0.0895,0.0891,0.0894,158618.0,1694474999999,14172.2466,92,88811.0,7936.3663,0
1694475000000,0.0895,0.0896,0.0893,0.0893,217504.0,1694475899999,19447.2639,85,116683.0,10434.6002,0
1694475900000,0.0894,0.0894,0.0886,0.0888,100995.0,1694476799999,8976.7975,72,33131.0,2945.5339,0
1694476800000,0.0888,0.0905,0.0881,0.0881,10106209.0,1694477699999,903169.6709,1713,5058466.0,453323.6497,0
1694477700000,0.0881,0.0902,0.0881,0.0902,2257735.0,1694478599999,201604.453,544,1679652.0,150215.2968,0
1694478600000,0.0902,0.0909,0.0879,0.0884,9721776.0,1694479499999,868964.842,2110,3692952.0,332853.2689,0
1694479500000,0.0883,0.0903,0.0883,0.0886,9137448.0,1694480399999,814305.9057,1603,4664016.0,417394.4517,0
1694480400000,0.0887,0.0887,0.0872,0.0872,1440437.0,1694481299999,126431.6411,437,397916.0,34921.3218,0
1694481300000,0.0873,0.0874,0.0866,0.0867,542219.0,1694482199999,47132.2467,205,176874.0,15378.4706,0
1694482200000,0.0867,0.0867,0.0863,0.0867,487474.0,1694483099999,42188.9429,204,246014.0,21302.9496,0
1694483100000,0.0867,0.087,0.0863,0.087,568013.0,1694483999999,49308.3657,191,412180.0,35791.593,0
1694484000000,0.0871,0.0873,0.0871,0.0871,155125.0,1694484899999,13532.6942,76,85842.0,7490.2677,0
1694484900000,0.0871,0.0873,0.0868,0.0873,170392.0,1694485799999,14832.892,92,114957.0,10013.9788,0
1694485800000,0.0873,0.0874,0.087,0.087,326505.0,1694486699999,28471.4469,150,58531.0,5105.0096,0
1694486700000,0.087,0.0875,0.087,0.0871,250436.0,1694487599999,21870.5074,115,165904.0,14493.2294,0
1694487600000,0.0872,0.0882,0.0868,0.0881,1233428.0,1694488499999,107924.8856,448,517124.0,45376.9893,0
1694488500000,0.088,0.0903,0.0879,0.0902,1464587.0,1694489399999,130961.1517,873,832990.0,74478.669,0
1694489400000,0.0901,0.0904,0.0895,0.0898,1219345.0,1694490299999,109476.309,556,394058.0,35395.9541,0
1694490300000,0.0899,0.0916,0.0895,0.0901,7627825.0,1694491199999,691576.8016,1882,5339760.0,484796.148,0
1694491200000,0.0902,0.0909,0.0892,0.0893,11543954.0,1694492099999,1040172.3667,2464,4045232.0,364977.6396,0
1694492100000,0.0893,0.09,0.0891,0.0899,1197678.0,1694492999999,107472.264,297,774856.0,69531.6898,0
1694493000000,0.0899,0.09,0.0895,0.0895,869539.0,1694493899999,78012.1242,277,287193.0,25763.4268,0
1694493900000,0.0895,0.0895,0.0889,0.0891,1293699.0,1694494799999,115327.5878,511,601295.0,53546.5311,0
1694494800000,0.089,0.0893,0.0887,0.0892,448513.0,1694495699999,39925.9475,255,251891.0,22424.8874,0
1694495700000,0.0892,0.0892,0.0887,0.0887,164103.0,1694496599999,14590.4732,99,65943.0,5863.9741,0
1694496600000,0.0887,0.089,0.0887,0.0888,187387.0,1694497499999,16642.6157,131,102052.0,9062.685,0
1694497500000,0.0888,0.0889,0.0885,0.0888,131646.0,1694498399999,11674.1622,109,43592.0,3868.623,0
1694498400000,0.0889,0.0901,0.0888,0.0892,3646032.0,1694499299999,326154.2089,944,1434472.0,128280.0406,0
1694499300000,0.0893,0.0898,0.0892,0.0895,348234.0,1694500199999,31138.8515,113,298716.0,26707.4305,0
1694500200000,0.0894,0.0895,0.0887,0.0887,522835.0,1694501099999,46568.246,195,155756.0,13907.3414,0
1694501100000,0.0887,0.0887,0.0883,0.0884,507385.0,1694501999999,44921.1061,179,110069.0,9737.0724,0
1694502000000,0.0885,0.0894,0.0879,0.0881,1704362.0,1694502899999,151363.9057,624,1061338.0,94286.0717,0
1694502900000,0.0882,0.089,0.0881,0.089,1501972.0,1694503799999,133038.2946,623,980042.0,86840.3787,0
1694503800000,0.089,0.0897,0.0888,0.0888,1075235.0,1694504699999,96113.5123,452,589708.0,52764.6471,0
1694504700000,0.0888,0.0893,0.0888,0.089,184989.0,1694505599999,16468.4108,108,113227.0,10080.2162,0
1694505600000,0.0889,0.0898,0.0889,0.0897,939915.0,1694506499999,84136.4997,226,471297.0,42171.9533,0
1694506500000,0.0897,0.0899,0.0891,0.0893,671429.0,1694507399999,60075.4831,196,386724.0,34630.538,0
1694507400000,0.0892,0.0895,0.0892,0.0892,484859.0,1694508299999,43328.026,191,228764.0,20459.4385,0
1694508300000,0.0893,0.0899,0.0887,0.0887,1221975.0,1694509199999,109155.5535,567,564848.0,50502.8317,0
1694509200000,0.0886,0.0889,0.0882,0.0883,661855.0,1694510099999,58540.9831,218,227599.0,20140.1059,0
1694510100000,0.0883,0.0884,0.0882,0.0884,356262.0,1694510999999,31442.6098,141,137245.0,12118.3771,0
1694511000000,0.0884,0.0886,0.0883,0.0883,315323.0,1694511899999,27867.4458,107,84772.0,7492.2134,0
1694511900000,0.0884,0.089,0.0883,0.0885,1061004.0,1694512799999,94117.2785,385,559686.0,49646.6695,0
1694512800000,0.0886,0.0888,0.0883,0.0888,182414.0,1694513699999,16157.0139,114,116548.0,10328.7907,0
1694513700000,0.0888,0.0911,0.0886,0.0902,2819256.0,1694514599999,253886.209,1307,1468861.0,132350.2078,0
1694514600000,0.0903,0.0903,0.0893,0.0893,1774082.0,1694515499999,158836.2402,457,721875.0,64593.022,0
1694515500000,0.0893,0.0895,0.089,0.0892,414545.0,1694516399999,36958.0222,197,178946.0,15961.7037,0
1694516400000,0.0892,0.0894,0.0891,0.0892,248719.0,1694517299999,22184.9418,140,103552.0,9239.6322,0
1694517300000,0.0892,0.0892,0.0889,0.0892,303216.0,1694518199999,26986.1207,102,130736.0,11639.3422,0
1694518200000,0.0892,0.0892,0.0882,0.0883,834258.0,1694519099999,73852.8812,256,176870.0,15646.9827,0
1694519100000,0.0883,0.0885,0.088,0.0881,1482937.0,1694519999999,130712.3334,299,691043.0,60928.6815,0
1694520000000,0.088,0.0885,0.088,0.0884,323136.0,1694520899999,28474.548,182,90364.0,7975.1138,0
1694520900000,0.0884,0.0884,0.0874,0.0877,484303.0,1694521799999,42536.6589,294,215147.0,18910.5072,0
1694521800000,0.0878,0.0881,0.0877,0.088,353420.0,1694522699999,31065.7088,131,266642.0,23442.1585,0
1694522700000,0.0881,0.0889,0.0875,0.0889,1463297.0,1694523599999,128769.7293,560,527100.0,46531.448,0
1694523600000,0.0888,0.0897,0.0886,0.0894,5367967.0,1694524499999,480005.1937,1565,4300578.0,384626.1763,0
1694524500000,0.0895,0.0896,0.0887,0.0892,2808669.0,1694525399999,250587.8478,1203,1835569.0,163801.671,0
1694525400000,0.0893,0.0913,0.0891,0.0904,8258350.0,1694526299999,744265.7907,4416,4055772.0,365687.7523,0
1694526300000,0.0904,0.0914,0.0903,0.0906,7305623.0,1694527199999,663672.2016,3398,3094801.0,281191.8131,0
1694527200000,0.0907,0.0911,0.0895,0.0897,1847962.0,1694528099999,167433.5336,1000,981144.0,88978.6007,0
1694528100000,0.0898,0.0911,0.0879,0.088,7357783.0,1694528999999,656841.0625,2892,4016706.0,358616.006,0
1694529000000,0.088,0.0886,0.0877,0.0881,10941230.0,1694529899999,964372.0731,2214,6955300.0,613185.5005,0
1694529900000,0.0881,0.0885,0.088,0.0881,5042360.0,1694530799999,444655.4541,1105,3766033.0,332161.2329,0
1694530800000,0.0881,0.089,0.088,0.0885,4049017.0,1694531699999,357758.3726,1797,3042885.0,268921.009,0
1694531700000,0.0885,0.0886,0.0881,0.0886,674717.0,1694532599999,59635.4246,219,440381.0,38926.9355,0
1694532600000,0.0886,0.0897,0.0885,0.0893,1078410.0,1694533499999,96133.1485,430,836644.0,74587.0034,0
1694533500000,0.0894,0.0894,0.0891,0.0894,394841.0,1694534399999,35238.1303,151,183016.0,16338.2426,0
1694534400000,0.0894,0.09,0.0893,0.09,1118483.0,1694535299999,100468.4996,529,791089.0,71081.574,0
1694535300000,0.09,0.0906,0.0894,0.0903,965595.0,1694536199999,86936.7717,343,645060.0,58154.2583,0
1694536200000,0.0903,0.0909,0.09,0.0902,798879.0,1694537099999,72223.2205,320,384683.0,34771.4952,0
1694537100000,0.0902,0.0903,0.0894,0.0897,279149.0,1694537999999,25065.2809,161,126457.0,11357.147,0
1694538000000,0.0897,0.09,0.0892,0.0897,416580.0,1694538899999,37299.0689,221,172352.0,15436.3481,0
1694538900000,0.0897,0.0901,0.0891,0.0901,775883.0,1694539799999,69509.5615,566,589457.0,52819.1718,0
1694539800000,0.09,0.09,0.0897,0.0899,474018.0,1694540699999,42588.3561,226,367976.0,33061.1031,0
1694540700000,0.0898,0.0903,0.0898,0.09,368541.0,1694541599999,33192.2595,238,238687.0,21508.4155,0
1694541600000,0.09,0.0903,0.09,0.0902,242289.0,1694542499999,21841.2581,160,127394.0,11486.3099,0
1694542500000,0.0901,0.0905,0.0901,0.0904,166457.0,1694543399999,15030.8576,123,110253.0,9959.2166,0
1694543400000,0.0904,0.0905,0.0899,0.09,114767.0,1694544299999,10353.228,120,48221.0,4354.6993,0
1694544300000,0.09,0.09,0.0892,0.0894,201018.0,1694545199999,17973.0852,179,46851.0,4190.9865,0
1694545200000,0.0893,0.0894,0.0892,0.0892,122782.0,1694546099999,10965.349,82,52959.0,4731.9367,0
1694546100000,0.0893,0.0902,0.0893,0.0896,281046.0,1694546999999,25238.3877,183,147218.0,13207.1565,0
1694547000000,0.0896,0.0896,0.0893,0.0893,153794.0,1694547899999,13766.8266,60,15869.0,1421.4832,0
1694547900000,0.0894,0.0895,0.0892,0.0893,193410.0,1694548799999,17284.5598,96,121166.0,10830.1948,0
1694548800000,0.0894,0.0895,0.0891,0.0892,134554.0,1694549699999,12016.8237,70,78302.0,6997.4404,0
1694549700000,0.0891,0.0893,0.0889,0.0889,334143.0,1694550599999,29747.2875,127,69364.0,6175.8435,0
1694550600000,0.0889,0.089,0.0888,0.0888,68308.0,1694551499999,6071.9486,57,22630.0,2013.4754,0
1694551500000,0.0889,0.089,0.0887,0.0888,126760.0,1694552399999,11258.0548,81,30650.0,2723.7271,0
1694552400000,0.0887,0.089,0.0886,0.089,243552.0,1694553299999,21604.3863,145,69381.0,6160.6336,0
1694553300000,0.089,0.0893,0.089,0.0893,68873.0,1694554199999,6140.3782,70,30122.0,2685.6697,0
1694554200000,0.0893,0.0893,0.0889,0.0889,96412.0,1694555099999,8581.4419,71,7250.0,646.7119,0
1694555100000,0.0889,0.0891,0.0887,0.0889,140707.0,1694555999999,12509.8209,87,73000.0,6492.5387,0
1694556000000,0.0889,0.0889,0.0886,0.0888,144685.0,1694556899999,12841.5537,81,90717.0,8052.7581,0
1694556900000,0.0887,0.0889,0.0886,0.0888,138617.0,1694557799999,12299.7565,102,104881.0,9307.4679,0
1694557800000,0.0889,0.0891,0.0888,0.089,160367.0,1694558699999,14266.7622,80,104168.0,9271.6491,0
1694558700000,0.089,0.0921,0.089,0.0893,12949776.0,1694559599999,1168341.0686,4147,7726577.0,697513.0662,0
1694559600000,0.0893,0.093,0.0888,0.0915,18759406.0,1694560499999,1700774.2265,8600,10971782.0,996024.7236,0
1694560500000,0.0914,0.0923,0.087,0.0875,24796687.0,1694561399999,2192008.3653,4877,8614191.0,764666.3736,0
1694561400000,0.0875,0.0885,0.0867,0.0873,9222580.0,1694562299999,807575.6939,1530,2870125.0,252251.9282,0
1694562300000,0.0873,0.0876,0.0873,0.0875,443331.0,1694563199999,38765.1589,197,223200.0,19518.6329,0
1694563200000,0.0875,0.0878,0.0874,0.0876,308066.0,1694564099999,26990.1085,170,143899.0,12607.2851,0
1694564100000,0.0876,0.0886,0.0875,0.0878,6535641.0,1694564999999,576307.3088,1014,5346539.0,471608.8837,0
1694565000000,0.0878,0.0886,0.0866,0.0877,17465681.0,1694565899999,1527425.5,2237,7373108.0,647425.366,0
1694565900000,0.0876,0.0877,0.0869,0.0875,3429398.0,1694566799999,299013.8331,474,284881.0,24871.244,0
1694566800000,0.0875,0.088,0.0872,0.088,299618.0,1694567699999,26207.6246,125,167653.0,14669.3824,0
1694567700000,0.0879,0.0882,0.0879,0.0879,240211.0,1694568599999,21151.4228,101,136589.0,12038.4025,0
1694568600000,0.0879,0.0879,0.0871,0.0874,340899.0,1694569499999,29836.0485,121,64039.0,5603.46,0
1694569500000,0.0875,0.0879,0.0873,0.0877,162200.0,1694570399999,14217.2488,85,79349.0,6956.6412,0
1694570400000,0.0876,0.0877,0.0871,0.0875,201024.0,1694571299999,17561.3355,84,78844.0,6889.8693,0
1694571300000,0.0875,0.0875,0.0871,0.0872,302080.0,1694572199999,26356.5107,107,119390.0,10411.5556,0
1694572200000,0.0872,0.0872,0.0868,0.0872,230190.0,1694573099999,20023.3799,76,70335.0,6118.3879,0
1694573100000,0.0871,0.0871,0.0865,0.0867,457234.0,1694573999999,39649.3466,189,132469.0,11489.4043,0
1694574000000,0.0866,0.0867,0.0862,0.0864,424761.0,1694574899999,36693.6148,143,109700.0,9489.079,0
1694574900000,0.0863,0.0864,0.086,0.0862,262340.0,1694575799999,22618.5241,175,98439.0,8492.4524,0
1694575800000,0.0863,0.0866,0.0859,0.086,433378.0,1694576699999,37375.9781,221,292750.0,25260.4542,0
1694576700000,0.086,0.0863,0.0856,0.0862,571972.0,1694577599999,49172.0934,229,390529.0,33590.7164,0
1694577600000,0.0861,0.0861,0.0856,0.0856,222277.0,1694578499999,19078.5161,109,45230.0,3887.9229,0
1694578500000,0.0856,0.0866,0.0856,0.0865,444444.0,1694579399999,38276.97,169,210181.0,18121.2506,0
1694579400000,0.0866,0.0866,0.0863,0.0865,327235.0,1694580299999,28292.1495,96,77656.0,6719.591,0
1694580300000,0.0864,0.0866,0.0863,0.0864,326185.0,1694581199999,28201.9406,69,287490.0,24858.2955,0
1694581200000,0.0864,0.0864,0.0856,0.0858,322530.0,1694582099999,27715.3761,125,86816.0,7456.8332,0
1694582100000,0.0858,0.0859,0.0855,0.0855,423741.0,1694582999999,36266.0943,151,170379.0,14589.0679,0
1694583000000,0.0855,0.0855,0.0848,0.085,1039604.0,1694583899999,88594.0906,438,243245.0,20757.2281,0
1694583900000,0.0849,0.0852,0.0849,0.085,382478.0,1694584799999,32539.9884,102,306107.0,26042.4075,0
1694584800000,0.085,0.0851,0.0847,0.0851,683556.0,1694585699999,57995.4062,150,61953.0,5264.5786,0
1694585700000,0.0852,0.0857,0.0852,0.0857,306670.0,1694586599999,26233.361,91,228209.0,19517.3482,0
1694586600000,0.0857,0.0857,0.0853,0.0857,324856.0,1694587499999,27760.6236,98,45516.0,3891.9284,0
1694587500000,0.0856,0.086,0.0855,0.0858,309818.0,1694588399999,26587.833,141,128552.0,11040.6686,0
1694588400000,0.086,0.0862,0.0857,0.086,150239.0,1694589299999,12905.9801,88,31585.0,2714.5345,0
1694589300000,0.086,0.0862,0.0859,0.086,299373.0,1694590199999,25782.889,99,240733.0,20736.884,0
1694590200000,0.086,0.0878,0.0857,0.0861,2416904.0,1694591099999,209392.1625,948,1105237.0,95869.4198,0
1694591100000,0.0862,0.0864,0.0858,0.0859,934609.0,1694591999999,80515.4344,466,567338.0,48893.1043,0
1694592000000,0.0859,0.0861,0.0857,0.0859,369435.0,1694592899999,31733.7757,155,180529.0,15513.4452,0
1694592900000,0.0858,0.086,0.0856,0.086,282003.0,1694593799999,24206.4762,110,161461.0,13862.1172,0
1694593800000,0.086,0.086,0.0855,0.0856,946437.0,1694594699999,81098.9031,213,291441.0,24966.7177,0
1694594700000,0.0856,0.0858,0.0856,0.0857,126435.0,1694595599999,10833.7407,74,69564.0,5961.0241,0
1694595600000,0.0857,0.0858,0.0853,0.0855,375222.0,1694596499999,32076.2113,128,206768.0,17688.0178,0
1694596500000,0.0855,0.0858,0.0854,0.0858,432865.0,1694597399999,37032.8891,120,233781.0,20007.8809,0
1694597400000,0.0857,0.0859,0.0856,0.0856,229617.0,1694598299999,19688.2936,83,118438.0,10159.245,0
1694598300000,0.0856,0.0858,0.0855,0.0857,231811.0,1694599199999,19864.4679,103,146131.0,12524.2936,0
1694599200000,0.0856,0.0857,0.0854,0.0855,203819.0,1694600099999,17430.0136,136,68074.0,5823.3158,0
1694600100000,0.0854,0.0856,0.0854,0.0854,249945.0,1694600999999,21367.8253,109,165168.0,14123.5407,0
1694601000000,0.0853,0.0854,0.0851,0.0854,196058.0,1694601899999,16720.4868,89,154941.0,13214.3417,0
1694601900000,0.0853,0.0857,0.0853,0.0857,395194.0,1694602799999,33779.5744,142,245628.0,21002.8383,0
1694602800000,0.0857,0.0859,0.0857,0.0858,257709.0,1694603699999,22099.9867,171,183697.0,15754.2756,0
1694603700000,0.0858,0.086,0.0856,0.0859,419811.0,1694604599999,36018.8507,170,294724.0,25295.3128,0
1694604600000,0.0858,0.0858,0.0852,0.0855,726793.0,1694605499999,62070.8851,184,65682.0,5610.8178,0
1694605500000,0.0855,0.0856,0.0852,0.0853,565511.0,1694606399999,48283.013,148,345617.0,29519.9989,0
1694606400000,0.0852,0.0854,0.0848,0.0854,1426534.0,1694607299999,121382.6021,456,963585.0,82027.8656,0
1694607300000,0.0854,0.0855,0.085,0.0852,264218.0,1694608199999,22484.5467,70,49051.0,4171.5082,0
1694608200000,0.0851,0.0852,0.0846,0.085,280882.0,1694609099999,23851.4212,176,94618.0,8035.9124,0
1694609100000,0.085,0.0859,0.085,0.0859,279158.0,1694609999999,23898.4298,139,213914.0,18316.2427,0
1694610000000,0.0859,0.086,0.0854,0.0855,204990.0,1694610899999,17563.7585,124,108296.0,9282.479,0
1694610900000,0.0854,0.0856,0.0853,0.0855,136916.0,1694611799999,11697.6663,44,89329.0,7632.9589,0
1694611800000,0.0854,0.0858,0.0854,0.0858,231874.0,1694612699999,19850.3781,86,121752.0,10429.0449,0
1694612700000,0.0858,0.0859,0.0857,0.0859,197962.0,1694613599999,16984.391,77,131966.0,11326.0579,0
1694613600000,0.0858,0.0859,0.0851,0.0855,765411.0,1694614499999,65352.2349,230,376694.0,32185.9216,0
1694614500000,0.0854,0.0855,0.0853,0.0853,161703.0,1694615399999,13808.2202,94,51318.0,4382.4696,0
1694615400000,0.0852,0.086,0.0852,0.086,564735.0,1694616299999,48457.5531,141,453199.0,38893.6694,0
1694616300000,0.086,0.0861,0.0857,0.0857,388916.0,1694617199999,33403.4156,115,123595.0,10617.483,0
1694617200000,0.0857,0.0867,0.0856,0.0865,457252.0,1694618099999,39356.6646,199,305157.0,26291.7706,0
1694618100000,0.0865,0.0867,0.0862,0.0864,407428.0,1694618999999,35202.8896,201,132782.0,11473.8007,0
1694619000000,0.0864,0.0867,0.0863,0.0866,91688.0,1694619899999,7931.3202,72,50940.0,4407.6525,0
1694619900000,0.0865,0.0868,0.0862,0.0864,245992.0,1694620799999,21284.9203,119,118590.0,10271.1333,0
1694620800000,0.0864,0.0865,0.0858,0.086,619185.0,1694621699999,53308.2602,159,382962.0,32978.463,0
1694621700000,0.086,0.0863,0.086,0.0862,335564.0,1694622599999,28917.0559,144,117260.0,10106.7946,0
1694622600000,0.0863,0.0863,0.0859,0.086,221041.0,1694623499999,19014.3266,93,41444.0,3566.4183,0
1694623500000,0.086,0.0863,0.0856,0.0858,347883.0,1694624399999,29862.4271,149,192048.0,16488.1208,0
1694624400000,0.0857,0.0861,0.0855,0.086,604760.0,1694625299999,51964.8096,141,526283.0,45238.8416,0
1694625300000,0.0861,0.0863,0.0857,0.0857,585228.0,1694626199999,50302.5177,144,108359.0,9329.3778,0
1694626200000,0.0857,0.0861,0.0856,0.0856,429675.0,1694627099999,36864.7822,132,243859.0,20923.9735,0
1694627100000,0.0857,0.0858,0.0852,0.0853,137134.0,1694627999999,11732.0892,99,63704.0,5457.6613,0
1694628000000,0.0852,0.0857,0.0852,0.0857,309841.0,1694628899999,26448.1807,115,139046.0,11880.9804,0
1694628900000,0.0856,0.0858,0.0855,0.0856,116621.0,1694629799999,9983.8256,39,25885.0,2216.0968,0
1694629800000,0.0855,0.0855,0.0851,0.0852,175600.0,1694630699999,14966.858,139,35883.0,3060.8859,0
1694630700000,0.0852,0.0853,0.0849,0.085,159177.0,1694631599999,13554.8382,98,22922.0,1952.7089,0
1694631600000,0.085,0.0852,0.0848,0.085,233018.0,1694632499999,19782.2983,121,74201.0,6304.5652,0
1694632500000,0.0851,0.0857,0.085,0.0857,210352.0,1694633399999,17940.8828,70,170840.0,14571.4418,0
1694633400000,0.0857,0.0858,0.0855,0.0857,113909.0,1694634299999,9758.6636,80,40718.0,3490.6427,0
1694634300000,0.0857,0.0857,0.0855,0.0856,48776.0,1694635199999,4176.7597,51,18266.0,1564.862,0
1694635200000,0.0857,0.0859,0.0855,0.0858,116576.0,1694636099999,10003.1068,55,94356.0,8098.6481,0
1694636100000,0.0859,0.086,0.0856,0.0856,156485.0,1694636999999,13415.4053,83,59977.0,5148.6704,0
1694637000000,0.0857,0.0862,0.0857,0.0862,222754.0,1694637899999,19158.3412,111,125183.0,10768.2335,0
1694637900000,0.0861,0.0864,0.086,0.0861,196676.0,1694638799999,16950.2104,91,119621.0,10317.4003,0
1694638800000,0.0861,0.0862,0.086,0.0862,159265.0,1694639699999,13715.4686,69,113098.0,9740.5448,0
1694639700000,0.0861,0.0862,0.0857,0.0857,148045.0,1694640599999,12737.6198,67,84137.0,7244.1408,0
1694640600000,0.0858,0.086,0.0857,0.0859,113235.0,1694641499999,9725.7631,81,58691.0,5043.9511,0
1694641500000,0.0859,0.0859,0.0857,0.0859,70997.0,1694642399999,6092.4495,53,17720.0,1521.8491,0
1694642400000,0.086,0.0861,0.0858,0.0859,138970.0,1694643299999,11943.1698,67,32093.0,2756.5663,0
1694643300000,0.0859,0.0863,0.0859,0.0862,323911.0,1694644199999,27905.1129,111,182032.0,15682.9129,0
1694644200000,0.0861,0.0863,0.0861,0.0862,94118.0,1694645099999,8111.8229,76,44019.0,3795.9329,0
1694645100000,0.0862,0.0862,0.0859,0.086,239198.0,1694645999999,20561.6131,83,98910.0,8501.9924,0
1694646000000,0.086,0.0862,0.086,0.0862,46543.0,1694646899999,4009.1041,60,25343.0,2183.1436,0
1694646900000,0.0863,0.0864,0.0859,0.086,136458.0,1694647799999,11761.3282,91,72959.0,6292.168,0
1694647800000,0.086,0.086,0.0858,0.086,124852.0,1694648699999,10724.7648,58,18378.0,1579.1019,0
1694648700000,0.0859,0.086,0.0858,0.0859,167443.0,1694649599999,14372.3765,70,7710.0,662.4308,0
1694649600000,0.0859,0.0869,0.0859,0.0866,581705.0,1694650499999,50270.855,378,257986.0,22321.9474,0
1694650500000,0.0865,0.0865,0.086,0.0861,257368.0,1694651399999,22184.1516,140,132350.0,11415.9836,0
1694651400000,0.0861,0.0863,0.0857,0.086,381303.0,1694652299999,32801.3594,182,113816.0,9795.3554,0
1694652300000,0.0861,0.0876,0.086,0.0876,1725427.0,1694653199999,150377.9626,522,1163961.0,101591.2339,0
1694653200000,0.0877,0.0879,0.0871,0.0873,1255568.0,1694654099999,109896.9086,349,644706.0,56516.9784,0
1694654100000,0.0874,0.0874,0.0865,0.087,886246.0,1694654999999,76969.3351,291,520073.0,45184.8877,0
1694655000000,0.087,0.087,0.0863,0.0864,1086963.0,1694655899999,94114.8146,248,335945.0,29102.6612,0
1694655900000,0.0863,0.0866,0.0862,0.0866,417764.0,1694656799999,36088.8433,137,317568.0,27433.8586,0
1694656800000,0.0866,0.0867,0.0865,0.0865,204743.0,1694657699999,17726.08,69,100850.0,8735.8396,0
1694657700000,0.0865,0.0865,0.0857,0.0857,387848.0,1694658599999,33328.7589,118,14121.0,1215.1592,0
1694658600000,0.0858,0.086,0.0858,0.0858,237354.0,1694659499999,20371.1834,82,86889.0,7460.3268,0
1694659500000,0.0859,0.0861,0.0858,0.086,154480.0,1694660399999,13275.0454,71,75654.0,6504.4136,0
1694660400000,0.0861,0.0861,0.0856,0.0858,204068.0,1694661299999,17508.4943,99,53963.0,4630.5966,0
1694661300000,0.0859,0.0868,0.085,0.0856,8110808.0,1694662199999,696820.7903,1398,4865948.0,419492.5157,0
1694662200000,0.0855,0.0877,0.0853,0.0871,21906694.0,1694663099999,1889195.7221,8037,11391037.0,981579.0946,0
1694663100000,0.0871,0.0889,0.087,0.0882,7431873.0,1694663999999,653801.5715,3676,3927106.0,345679.9383,0
1694664000000,0.0882,0.0886,0.086,0.088,9365474.0,1694664899999,817116.3229,3301,4462234.0,390388.0805,0
1694664900000,0.088,0.0894,0.0858,0.0883,25963578.0,1694665799999,2274009.2375,7487,12119131.0,1062593.1023,0
1694665800000,0.0883,0.0919,0.0866,0.0885,40564815.0,1694666699999,3611484.8945,13169,19208192.0,1711902.9962,0
1694666700000,0.0884,0.089,0.0878,0.0886,2709175.0,1694667599999,239463.104,1233,1385895.0,122604.3584,0
1694667600000,0.0886,0.0906,0.0881,0.0885,7104276.0,1694668499999,635298.1061,1963,3720708.0,333731.2775,0
1694668500000,0.0885,0.0912,0.0882,0.0898,21896832.0,1694669399999,1967118.9881,5691,11220307.0,1011580.7959,0
1694669400000,0.0899,0.0933,0.0897,0.0929,18153941.0,1694670299999,1668349.2311,5406,11371709.0,1046273.1139,0
1694670300000,0.0929,0.0953,0.0924,0.0941,7860421.0,1694671199999,739642.3023,3832,4562544.0,429333.4472,0
1694671200000,0.0941,0.1022,0.094,0.1,25139250.0,1694672099999,2503911.4263,11497,13163592.0,1309971.1332,0
1694672100000,0.1001,0.1036,0.0997,0.1032,12879496.0,1694672999999,1311378.9964,6352,7228069.0,736320.3205,0
1694673000000,0.1032,0.1037,0.1012,0.1018,7322046.0,1694673899999,748438.9138,4125,3521694.0,360057.7402,0
1694673900000,0.1019,0.1026,0.0996,0.1,6037556.0,1694674799999,609243.4005,2801,2558936.0,258696.9791,0
1694674800000,0.1,0.1017,0.0999,0.1016,4209084.0,1694675699999,425311.7492,2070,2296005.0,232068.5233,0
1694675700000,0.1016,0.1016,0.0999,0.101,4638568.0,1694676599999,467018.625,2050,1772236.0,178656.8992,0
1694676600000,0.1009,0.101,0.098,0.0988,6665891.0,1694677499999,661344.6772,3351,2817876.0,279638.3514,0
1694677500000,0.0988,0.0998,0.0987,0.0993,3185389.0,1694678399999,315948.9585,1499,1388662.0,137809.1085,0
1694678400000,0.0993,0.1014,0.0993,0.101,6510275.0,1694679299999,655288.0097,3033,3862190.0,388695.6699,0
1694679300000,0.101,0.1014,0.1,0.1005,3055303.0,1694680199999,308009.2743,1268,1462173.0,147527.5625,0
1694680200000,0.1005,0.1031,0.0999,0.1027,5900907.0,1694681099999,601705.2328,2304,3247942.0,331125.5459,0
1694681100000,0.1028,0.1071,0.1024,0.1056,17786157.0,1694681999999,1876567.5499,8017,9854812.0,1038982.6536,0
1694682000000,0.1055,0.1064,0.1037,0.1044,6210554.0,1694682899999,650581.018,2814,2779456.0,291317.8175,0
1694682900000,0.1044,0.1049,0.1032,0.1045,3459599.0,1694683799999,359933.605,1705,1928166.0,200791.6781,0
1694683800000,0.1045,0.1067,0.1035,0.1063,4989641.0,1694684699999,525031.3082,2343,2680717.0,282109.6391,0
1694684700000,0.1062,0.1074,0.1042,0.1043,4808279.0,1694685599999,508308.5948,2546,2347241.0,248416.1486,0
1694685600000,0.1043,0.1049,0.1037,0.1039,2724566.0,1694686499999,283806.8331,1239,948769.0,98952.6282,0
1694686500000,0.104,0.1051,0.1037,0.1046,2361294.0,1694687399999,246504.501,962,1307130.0,136596.9768,0
1694687400000,0.1046,0.1059,0.1046,0.1055,2823641.0,1694688299999,297354.8134,1317,1840947.0,193928.0901,0
1694688300000,0.1054,0.1059,0.1044,0.1052,1932166.0,1694689199999,202958.4707,964,911560.0,95791.1824,0
1694689200000,0.1052,0.1058,0.1038,0.104,2682989.0,1694690099999,280437.5687,1286,913160.0,95549.7668,0
1694690100000,0.104,0.105,0.104,0.1046,1940566.0,1694690999999,202550.9222,797,957832.0,100046.5038,0
1694691000000,0.1046,0.1052,0.1041,0.1045,1585751.0,1694691899999,165916.8912,712,637030.0,66683.2483,0
1694691900000,0.1045,0.105,0.1039,0.1048,2293031.0,1694692799999,239412.4178,913,821104.0,85806.7501,0
1694692800000,0.1048,0.1057,0.1042,0.105,2745707.0,1694693699999,288159.6437,1273,1404846.0,147475.0925,0
1694693700000,0.105,0.1053,0.1044,0.1047,2043527.0,1694694599999,214239.8107,1274,997082.0,104577.319,0
1694694600000,0.1047,0.1048,0.0997,0.1003,11950647.0,1694695499999,1211701.3701,4557,5124383.0,519324.5228,0
1694695500000,0.1003,0.1003,0.097,0.0985,9569884.0,1694696399999,940376.8263,3817,4386430.0,430903.902,0
1694696400000,0.0985,0.0985,0.0971,0.0981,4571923.0,1694697299999,446622.5829,2110,1670793.0,163399.2717,0
1694697300000,0.098,0.0994,0.0977,0.0989,3416609.0,1694698199999,337173.7168,1721,1559688.0,154017.803,0
1694698200000,0.099,0.0991,0.0977,0.0982,2891771.0,1694699099999,284033.7869,1187,1310577.0,128737.4006,0
1694699100000,0.0982,0.099,0.0973,0.0975,3031846.0,1694699999999,297227.0875,1090,1144466.0,112448.841,0
1694700000000,0.0975,0.0975,0.0964,0.0971,2842817.0,1694700899999,275510.4007,962,1225900.0,118889.3396,0
1694700900000,0.097,0.0984,0.0966,0.0977,1666456.0,1694701799999,162853.2897,856,868181.0,84885.4198,0
1694701800000,0.0977,0.0985,0.0975,0.0978,1995648.0,1694702699999,195572.9025,878,977092.0,95798.2614,0
1694702700000,0.0977,0.0996,0.0975,0.0986,3692009.0,1694703599999,365140.282,1222,2172048.0,215040.1442,0
1694703600000,0.0986,0.0992,0.0976,0.0976,2429416.0,1694704499999,238837.3791,929,1340667.0,131846.0455,0
1694704500000,0.0977,0.0983,0.0975,0.0978,1683020.0,1694705399999,164824.8537,752,1238387.0,121315.2504,0
1694705400000,0.0979,0.0983,0.0977,0.0983,1063650.0,1694706299999,104331.7971,538,714368.0,70123.1286,0
1694706300000,0.0984,0.0985,0.0972,0.0982,1879098.0,1694707199999,183891.5579,954,1082722.0,105989.8666,0
1694707200000,0.0981,0.0985,0.0974,0.0976,943474.0,1694708099999,92358.295,489,430993.0,42204.6791,0
1694708100000,0.0975,0.098,0.0951,0.0954,2903874.0,1694708999999,279472.6726,1479,1003396.0,96749.9963,0
1694709000000,0.0954,0.0968,0.0948,0.0965,2733417.0,1694709899999,262068.389,1299,1590620.0,152657.3392,0
1694709900000,0.0965,0.097,0.0964,0.0969,663482.0,1694710799999,64170.3952,356,334348.0,32347.6771,0
1694710800000,0.0969,0.0972,0.0955,0.0956,1941390.0,1694711699999,187291.6285,777,557207.0,53795.1599,0
1694711700000,0.0956,0.0965,0.0954,0.0964,635229.0,1694712599999,61003.0903,354,319779.0,30721.1807,0
1694712600000,0.0963,0.0967,0.0954,0.0955,992700.0,1694713499999,95291.7608,397,387145.0,37187.3225,0
1694713500000,0.0955,0.0959,0.095,0.0951,1176149.0,1694714399999,112020.2118,390,255154.0,24376.3876,0
1694714400000,0.095,0.0958,0.095,0.0956,763208.0,1694715299999,72826.2892,324,518714.0,49511.2623,0
1694715300000,0.0957,0.0957,0.095,0.0956,383143.0,1694716199999,36531.1646,167,206885.0,19734.1339,0
1694716200000,0.0957,0.0957,0.0947,0.0949,614385.0,1694717099999,58377.2741,344,297982.0,28323.5648,0
1694717100000,0.0948,0.0953,0.0944,0.0951,904970.0,1694717999999,85757.856,361,426180.0,40439.0662,0
1694718000000,0.0952,0.0958,0.0951,0.0953,552090.0,1694718899999,52715.4191,273,364860.0,34842.7168,0
1694718900000,0.0953,0.0962,0.0953,0.0959,672778.0,1694719799999,64520.5617,356,390752.0,37473.1806,0
1694719800000,0.0958,0.0958,0.0948,0.0952,358474.0,1694720699999,34132.365,240,134767.0,12838.9011,0
1694720700000,0.0952,0.0956,0.0948,0.0948,255837.0,1694721599999,24359.9311,145,71798.0,6847.2936,0
1694721600000,0.0949,0.0955,0.0949,0.0952,519711.0,1694722499999,49416.8532,218,316301.0,30093.7406,0
1694722500000,0.0952,0.096,0.0952,0.0958,884873.0,1694723399999,84619.0482,404,520455.0,49750.4824,0
1694723400000,0.0958,0.0962,0.0956,0.0957,877289.0,1694724299999,84145.4577,345,499051.0,47899.1809,0
1694724300000,0.0957,0.0958,0.0953,0.0957,415707.0,1694725199999,39715.8412,246,214601.0,20512.0557,0
1694725200000,0.0957,0.0957,0.095,0.0955,630407.0,1694726099999,60088.089,241,133480.0,12731.3684,0
1694726100000,0.0956,0.096,0.0955,0.0958,290052.0,1694726999999,27790.3496,153,136956.0,13120.426,0
1694727000000,0.0957,0.0961,0.0957,0.0959,453098.0,1694727899999,43464.6787,166,313001.0,30027.5702,0
1694727900000,0.0959,0.0959,0.0952,0.0954,434677.0,1694728799999,41532.0462,242,119310.0,11406.1644,0
1694728800000,0.0955,0.0964,0.0955,0.0956,518158.0,1694729699999,49710.9403,315,340532.0,32670.9592,0
1694729700000,0.0956,0.0964,0.0955,0.0964,363839.0,1694730599999,34872.9175,214,207596.0,19902.3823,0
1694730600000,0.0963,0.0972,0.0961,0.0963,1254775.0,1694731499999,121246.4408,494,392498.0,37976.705,0
1694731500000,0.0964,0.0967,0.096,0.0962,479084.0,1694732399999,46085.7431,228,161561.0,15545.5933,0
1694732400000,0.0962,0.0962,0.0951,0.0954,601276.0,1694733299999,57434.0789,253,279907.0,26739.9308,0
1694733300000,0.0954,0.0954,0.0948,0.095,568329.0,1694734199999,54059.9738,184,145624.0,13849.5777,0
1694734200000,0.0949,0.0953,0.0947,0.0951,680519.0,1694735099999,64650.036,249,411726.0,39114.7807,0
1694735100000,0.0951,0.0954,0.0945,0.0947,2808298.0,1694735999999,266656.7113,482,1286239.0,122215.487,0
1694736000000,0.0946,0.0953,0.0933,0.0936,2501994.0,1694736899999,235260.9794,1005,750515.0,70752.9372,0
1694736900000,0.0937,0.0942,0.0934,0.0936,1234361.0,1694737799999,115745.685,361,344202.0,32284.7457,0
1694737800000,0.0936,0.0951,0.0936,0.0948,794060.0,1694738699999,75032.0027,291,570328.0,53918.3228,0
1694738700000,0.0948,0.0948,0.0938,0.0939,403309.0,1694739599999,38080.6283,166,80026.0,7552.5064,0
1694739600000,0.0938,0.0939,0.0928,0.0929,1312240.0,1694740499999,122351.8617,587,416662.0,38845.0064,0
1694740500000,0.093,0.0936,0.0928,0.0933,456394.0,1694741399999,42583.4758,203,127779.0,11915.3296,0
1694741400000,0.0932,0.0936,0.0929,0.0934,593000.0,1694742299999,55274.361,255,273553.0,25510.7971,0
1694742300000,0.0933,0.094,0.0931,0.094,1250355.0,1694743199999,116858.8855,476,408722.0,38285.8769,0
1694743200000,0.094,0.0949,0.094,0.0948,949460.0,1694744099999,89802.2517,459,589984.0,55813.5266,0
1694744100000,0.0949,0.0952,0.0946,0.095,818666.0,1694744999999,77680.6647,245,294160.0,27931.1628,0
1694745000000,0.0951,0.0951,0.0937,0.0942,1185429.0,1694745899999,111699.6826,429,393763.0,37131.3971,0
1694745900000,0.0943,0.0943,0.0937,0.0938,332157.0,1694746799999,31226.7232,138,114581.0,10787.386,0
1694746800000,0.0938,0.0958,0.0934,0.0955,3885489.0,1694747699999,369432.1525,1272,2675972.0,254375.8893,0
1694747700000,0.0954,0.0959,0.0949,0.0959,4914621.0,1694748599999,468230.0027,1342,3940882.0,375452.51,0
1694748600000,0.0959,0.0968,0.0957,0.0966,3640025.0,1694749499999,350324.7106,1846,2134473.0,205414.7247,0
1694749500000,0.0966,0.0967,0.0952,0.0957,2752302.0,1694750399999,264287.3207,1282,1258155.0,120809.6028,0
1694750400000,0.0957,0.0959,0.0937,0.0944,8800304.0,1694751299999,830531.2677,1819,5349875.0,504543.0834,0
1694751300000,0.0945,0.0945,0.0936,0.0936,1577857.0,1694752199999,148185.1787,713,521928.0,49025.3984,0
1694752200000,0.0936,0.094,0.0935,0.0936,772297.0,1694753099999,72379.3864,294,513917.0,48173.1524,0
1694753100000,0.0936,0.0942,0.0936,0.094,405995.0,1694753999999,38128.0483,162,255164.0,23964.2297,0
1694754000000,0.094,0.0942,0.0935,0.0937,809234.0,1694754899999,75971.1879,409,297749.0,27937.2148,0
1694754900000,0.0937,0.0938,0.0932,0.0935,662537.0,1694755799999,61932.0561,345,296817.0,27755.9045,0
1694755800000,0.0935,0.0951,0.0932,0.0951,2411612.0,1694756699999,227073.4836,1031,1647494.0,155154.958,0
1694756700000,0.095,0.0959,0.0946,0.0957,5205710.0,1694757599999,496361.2431,1039,3844530.0,366626.3417,0
1694757600000,0.0957,0.0965,0.0955,0.0962,3565990.0,1694758499999,342641.4986,1299,1759284.0,169003.3395,0
1694758500000,0.0961,0.0968,0.0956,0.0958,3291797.0,1694759399999,316900.8564,1650,1575980.0,151760.4359,0
1694759400000,0.0958,0.0962,0.0953,0.0956,1651578.0,1694760299999,158311.027,538,760903.0,72960.8691,0
1694760300000,0.0957,0.0959,0.0948,0.0952,724794.0,1694761199999,69156.2808,370,271858.0,25969.416,0
1694761200000,0.0952,0.0953,0.0941,0.0947,10189184.0,1694762099999,962089.3616,1417,5940301.0,560951.8159,0
1694762100000,0.0947,0.0947,0.0939,0.0939,2603105.0,1694762999999,245606.3746,514,1221899.0,115308.0173,0
1694763000000,0.0939,0.0942,0.0935,0.0939,689955.0,1694763899999,64733.6331,279,361408.0,33923.7341,0
1694763900000,0.094,0.0945,0.0937,0.0945,204885.0,1694764799999,19272.9169,116,116049.0,10930.234,0
1694764800000,0.0944,0.0954,0.094,0.0948,1221303.0,1694765699999,115779.0541,359,841304.0,79840.2197,0
1694765700000,0.0948,0.0949,0.0941,0.0946,388217.0,1694766599999,36641.056,227,210500.0,19879.8735,0
1694766600000,0.0946,0.0949,0.0943,0.0945,339825.0,1694767499999,32126.1356,188,70009.0,6627.5333,0
1694767500000,0.0945,0.095,0.0942,0.095,604943.0,1694768399999,57284.3973,213,384227.0,36404.2091,0
1694768400000,0.095,0.0951,0.0943,0.0949,432046.0,1694769299999,40886.9666,194,169051.0,15993.9875,0
1694769300000,0.0948,0.0948,0.0942,0.0945,335079.0,1694770199999,31658.8455,162,82899.0,7831.7909,0
1694770200000,0.0945,0.0946,0.094,0.0945,794994.0,1694771099999,74927.2694,262,239981.0,22633.4132,0
1694771100000,0.0946,0.0949,0.0942,0.0947,503729.0,1694771999999,47673.9242,217,335606.0,31772.8628,0
1694772000000,0.0946,0.095,0.0942,0.0945,1269762.0,1694772899999,119989.1997,299,388245.0,36691.4315,0
1694772900000,0.0945,0.0949,0.0943,0.0948,365129.0,1694773799999,34551.4054,234,138356.0,13094.855,0
1694773800000,0.0948,0.0949,0.0944,0.0948,325556.0,1694774699999,30805.4063,207,140074.0,13260.2921,0
1694774700000,0.0948,0.0949,0.0944,0.0946,540506.0,1694775599999,51184.7347,220,90881.0,8607.4994,0
1694775600000,0.0945,0.0945,0.0939,0.0941,407006.0,1694776499999,38345.3266,196,183339.0,17277.4631,0
1694776500000,0.0941,0.0943,0.0939,0.094,605413.0,1694777399999,56958.8116,205,212201.0,19977.703,0
1694777400000,0.094,0.0941,0.0936,0.0937,403240.0,1694778299999,37826.0038,180,141383.0,13261.7897,0
1694778300000,0.0936,0.0938,0.0933,0.0936,529067.0,1694779199999,49479.2717,213,161229.0,15085.0204,0
1694779200000,0.0936,0.0944,0.0936,0.0942,641632.0,1694780099999,60405.5043,243,511952.0,48205.9441,0
1694780100000,0.0943,0.0943,0.0939,0.0941,175652.0,1694780999999,16528.6286,108,46818.0,4407.6164,0
1694781000000,0.0941,0.0942,0.0933,0.0935,711582.0,1694781899999,66569.3781,286,275048.0,25723.2242,0
1694781900000,0.0935,0.094,0.0932,0.094,486441.0,1694782799999,45495.6786,348,156848.0,14678.5977,0
1694782800000,0.094,0.0942,0.0935,0.0936,298702.0,1694783699999,28043.89,161,89487.0,8406.1881,0
1694783700000,0.0937,0.0939,0.0936,0.0937,229898.0,1694784599999,21549.6446,135,89777.0,8413.1991,0
1694784600000,0.0937,0.0947,0.0936,0.0946,335570.0,1694785499999,31638.912,211,243979.0,23015.3952,0
1694785500000,0.0946,0.0946,0.094,0.094,359665.0,1694786399999,33941.0031,222,73782.0,6960.8296,0
1694786400000,0.0941,0.0945,0.0936,0.0939,189703.0,1694787299999,17834.5133,177,85755.0,8068.4627,0
1694787300000,0.0938,0.0942,0.0937,0.094,374487.0,1694788199999,35200.3703,199,127111.0,11952.5872,0
1694788200000,0.094,0.094,0.0935,0.094,872993.0,1694789099999,81868.0662,381,522059.0,48957.3635,0
1694789100000,0.094,0.0941,0.0935,0.0938,363567.0,1694789999999,34111.6994,199,204355.0,19184.3383,0
1694790000000,0.0937,0.0943,0.0937,0.0943,318794.0,1694790899999,29977.8938,177,198351.0,18661.2102,0
1694790900000,0.0943,0.0943,0.0938,0.0939,187539.0,1694791799999,17643.1784,127,39096.0,3678.9797,0
1694791800000,0.094,0.0943,0.0939,0.0942,229395.0,1694792699999,21585.0605,146,66175.0,6228.9132,0
1694792700000,0.0942,0.0943,0.0937,0.094,253291.0,1694793599999,23807.8406,268,45251.0,4252.0938,0
1694793600000,0.094,0.0941,0.0932,0.0935,1513118.0,1694794499999,141604.5151,510,323868.0,30321.7164,0
1694794500000,0.0935,0.0939,0.0935,0.0937,147900.0,1694795399999,13844.8769,114,43309.0,4055.6826,0
1694795400000,0.0938,0.0945,0.0937,0.0945,387237.0,1694796299999,36426.7125,162,350336.0,32958.8277,0
1694796300000,0.0945,0.0948,0.0941,0.0941,408114.0,1694797199999,38554.279,232,196305.0,18571.3399,0
1694797200000,0.0941,0.0942,0.0936,0.0937,323298.0,1694798099999,30329.5,151,115811.0,10872.5082,0
1694798100000,0.0937,0.094,0.0935,0.0935,155081.0,1694798999999,14538.1535,77,26661.0,2499.888,0
1694799000000,0.0935,0.0939,0.0935,0.0936,212232.0,1694799899999,19900.5293,118,165570.0,15528.4573,0
1694799900000,0.0936,0.0938,0.0933,0.0933,626804.0,1694800799999,58595.1932,212,55327.0,5174.9565,0
1694800800000,0.0932,0.0937,0.0932,0.0936,84341.0,1694801699999,7885.6057,78,65694.0,6142.4615,0
1694801700000,0.0935,0.0938,0.0935,0.0937,120600.0,1694802599999,11295.8259,60,30320.0,2841.8976,0
1694802600000,0.0936,0.0939,0.0935,0.0938,123990.0,1694803499999,11622.4788,97,63558.0,5960.6352,0
1694803500000,0.0938,0.0938,0.0934,0.0935,434688.0,1694804399999,40629.8174,113,28761.0,2688.6088,0
1694804400000,0.0935,0.094,0.0934,0.094,282606.0,1694805299999,26471.9541,165,150569.0,14111.6282,0
1694805300000,0.094,0.0943,0.0938,0.0941,391347.0,1694806199999,36800.5013,218,78824.0,7417.1036,0
1694806200000,0.0942,0.0943,0.0938,0.0942,209983.0,1694807099999,19727.3408,113,100206.0,9414.2176,0
1694807100000,0.0943,0.0945,0.0941,0.0943,188609.0,1694807999999,17780.4344,126,101376.0,9556.2806,0
1694808000000,0.0943,0.0946,0.0941,0.0942,661050.0,1694808899999,62376.3358,206,158752.0,14991.8894,0
1694808900000,0.0942,0.0944,0.0941,0.0942,128941.0,1694809799999,12151.0941,55,43158.0,4067.2199,0
1694809800000,0.0942,0.0945,0.094,0.0944,473921.0,1694810699999,44628.278,275,140266.0,13221.1706,0
1694810700000,0.0943,0.0946,0.0942,0.0945,259596.0,1694811599999,24510.0966,159,68350.0,6455.3153,0
1694811600000,0.0946,0.0974,0.0936,0.0941,6546670.0,1694812499999,623404.6276,2355,3242473.0,309487.0261,0
1694812500000,0.0942,0.0945,0.0938,0.094,781809.0,1694813399999,73635.2844,346,313352.0,29519.9765,0
1694813400000,0.094,0.0941,0.0939,0.0941,163880.0,1694814299999,15402.9207,74,112445.0,10570.6843,0
1694814300000,0.0941,0.0944,0.0939,0.0944,370152.0,1694815199999,34854.1563,127,212092.0,19991.9906,0
1694815200000,0.0945,0.0946,0.0941,0.0941,116153.0,1694816099999,10951.6337,78,44744.0,4221.2986,0
1694816100000,0.094,0.0944,0.0939,0.094,260558.0,1694816999999,24513.2244,118,79578.0,7498.0286,0
1694817000000,0.094,0.0948,0.094,0.0947,378820.0,1694817899999,35782.5994,219,251704.0,23782.504,0
1694817900000,0.0947,0.0957,0.0947,0.0957,756300.0,1694818799999,72034.7685,390,466504.0,44436.5643,0
1694818800000,0.0956,0.0956,0.0951,0.0952,394118.0,1694819699999,37590.5845,209,151443.0,14442.9741,0
1694819700000,0.0952,0.0952,0.0945,0.0945,610496.0,1694820599999,57935.4333,269,155558.0,14762.9951,0
1694820600000,0.0946,0.0952,0.0946,0.0951,165469.0,1694821499999,15699.1527,103,133271.0,12640.4106,0
1694821500000,0.095,0.095,0.0946,0.0948,223487.0,1694822399999,21188.8193,96,63934.0,6062.1145,0
1694822400000,0.0948,0.0954,0.0946,0.0951,266695.0,1694823299999,25345.576,166,139831.0,13292.553,0
1694823300000,0.0951,0.0955,0.095,0.0951,222068.0,1694824199999,21158.0976,125,122349.0,11661.8809,0
1694824200000,0.0951,0.0957,0.0948,0.0956,582814.0,1694825099999,55436.5765,226,425155.0,40450.1006,0
1694825100000,0.0956,0.0958,0.0945,0.0946,920723.0,1694825999999,87179.5408,247,419150.0,39687.6224,0
1694826000000,0.0945,0.0948,0.0935,0.0937,1801514.0,1694826899999,169334.2558,675,521243.0,48964.4215,0
1694826900000,0.0937,0.0938,0.0929,0.093,1097005.0,1694827799999,102244.4583,384,327801.0,30549.9102,0
1694827800000,0.0931,0.0946,0.0931,0.0945,961361.0,1694828699999,90365.4311,398,733618.0,68947.128,0
1694828700000,0.0943,0.0961,0.0943,0.0957,6404875.0,1694829599999,611450.5834,1396,5506323.0,525736.1293,0
1694829600000,0.0957,0.0966,0.0955,0.0958,5073732.0,1694830499999,487193.1948,1717,3941242.0,378441.8262,0
1694830500000,0.0958,0.0964,0.0932,0.0939,11646551.0,1694831399999,1094625.9361,3127,4887708.0,459066.0928,0
1694831400000,0.094,0.0948,0.0934,0.0946,1524229.0,1694832299999,143603.5454,576,796483.0,75058.7948,0
1694832300000,0.0946,0.0949,0.094,0.0941,3059752.0,1694833199999,288827.6995,680,1196449.0,112976.6512,0
1694833200000,0.0941,0.0943,0.0937,0.094,1726966.0,1694834099999,162336.3233,402,702051.0,66037.6164,0
1694834100000,0.0941,0.095,0.094,0.0945,1102416.0,1694834999999,104346.1371,459,495102.0,46865.0339,0
1694835000000,0.0944,0.0944,0.094,0.094,543868.0,1694835899999,51230.8363,262,205685.0,19383.7303,0
1694835900000,0.0941,0.0942,0.0933,0.0935,896666.0,1694836799999,83913.9108,378,331457.0,31009.4966,0
1694836800000,0.0935,0.094,0.093,0.0937,449366.0,1694837699999,41969.5667,234,231183.0,21602.2401,0
1694837700000,0.0939,0.094,0.0933,0.0934,348403.0,1694838599999,32621.4571,167,156397.0,14642.2587,0
1694838600000,0.0934,0.0938,0.0931,0.0935,1052362.0,1694839499999,98301.3241,292,267232.0,25016.8693,0
1694839500000,0.0935,0.094,0.0932,0.0939,1088408.0,1694840399999,101788.6795,608,534710.0,50070.1987,0
1694840400000,0.0939,0.094,0.0935,0.0937,297835.0,1694841299999,27943.5191,177,239315.0,22456.9851,0
1694841300000,0.0937,0.0939,0.0932,0.0934,412213.0,1694842199999,38495.7386,253,200491.0,18726.3964,0
1694842200000,0.0934,0.0935,0.093,0.0931,392945.0,1694843099999,36604.2894,271,148186.0,13802.2819,0
1694843100000,0.0931,0.0934,0.0917,0.0923,2257663.0,1694843999999,208798.0942,953,903911.0,83617.3915,0
1694844000000,0.0923,0.093,0.0923,0.0926,720808.0,1694844899999,66768.8358,261,491714.0,45557.2504,0
1694844900000,0.0926,0.0928,0.0925,0.0927,307365.0,1694845799999,28488.6114,138,231172.0,21424.3713,0
1694845800000,0.0926,0.0927,0.0922,0.0923,548012.0,1694846699999,50688.6114,202,291597.0,26975.9161,0
1694846700000,0.0923,0.0924,0.0919,0.0922,249508.0,1694847599999,22991.1428,146,135247.0,12468.786,0
1694847600000,0.0923,0.0931,0.0921,0.0931,523446.0,1694848499999,48522.9363,186,405758.0,37624.4288,0
1694848500000,0.093,0.0931,0.0926,0.0929,288953.0,1694849399999,26812.7032,168,164905.0,15300.9411,0
1694849400000,0.0929,0.0933,0.0928,0.0933,370728.0,1694850299999,34490.5137,163,312621.0,29092.1154,0
1694850300000,0.0933,0.0935,0.0931,0.0933,289524.0,1694851199999,27032.5858,151,253501.0,23669.2808,0
1694851200000,0.0933,0.0933,0.0926,0.0926,546315.0,1694852099999,50752.147,257,226198.0,21009.5953,0
1694852100000,0.0925,0.0933,0.0924,0.093,589344.0,1694852999999,54707.5576,193,290006.0,26935.4286,0
1694853000000,0.093,0.0934,0.093,0.0931,178106.0,1694853899999,16597.495,123,128374.0,11964.0568,0
1694853900000,0.0931,0.0935,0.0929,0.093,392826.0,1694854799999,36624.457,174,264802.0,24694.8498,0
1694854800000,0.0929,0.093,0.0924,0.0925,322979.0,1694855699999,29923.0774,141,70248.0,6505.3219,0
1694855700000,0.0926,0.0929,0.0925,0.0927,397594.0,1694856599999,36880.5902,179,78559.0,7289.3097,0
1694856600000,0.0928,0.0932,0.0927,0.0929,578850.0,1694857499999,53797.4505,195,264594.0,24599.0948,0
1694857500000,0.0929,0.0931,0.0925,0.0926,376051.0,1694858399999,34896.1692,149,100681.0,9351.2806,0
1694858400000,0.0926,0.0931,0.0924,0.093,241640.0,1694859299999,22413.0897,139,147872.0,13726.1377,0
1694859300000,0.093,0.0931,0.0927,0.0928,358317.0,1694860199999,33262.6537,141,110050.0,10211.3446,0
1694860200000,0.0928,0.0932,0.0928,0.0931,375294.0,1694861099999,34908.9483,168,180192.0,16769.4707,0
1694861100000,0.093,0.0931,0.0929,0.0931,79015.0,1694861999999,7349.9829,62,20119.0,1871.8024,0
1694862000000,0.0932,0.0933,0.0929,0.0929,441486.0,1694862899999,41130.9628,118,289707.0,26996.3712,0
1694862900000,0.0929,0.0949,0.0928,0.0943,4686099.0,1694863799999,441253.2877,1367,2988147.0,281353.7012,0
1694863800000,0.0943,0.0945,0.0937,0.0942,1509909.0,1694864699999,142322.9723,436,611068.0,57595.9631,0
1694864700000,0.0941,0.0947,0.094,0.0946,1013763.0,1694865599999,95712.464,266,389045.0,36739.0913,0
1694865600000,0.0945,0.0956,0.0944,0.0953,1379254.0,1694866499999,131260.676,498,1001176.0,95321.5212,0
1694866500000,0.0953,0.097,0.0952,0.0961,3232187.0,1694867399999,310976.354,1067,1238677.0,119082.3344,0
1694867400000,0.0961,0.0962,0.0945,0.0947,2229863.0,1694868299999,212322.9378,659,593689.0,56446.9822,0
1694868300000,0.0947,0.0957,0.0947,0.0953,771269.0,1694869199999,73490.3357,345,644545.0,61417.4729,0
1694869200000,0.0953,0.0956,0.095,0.0951,525647.0,1694870099999,50037.1649,151,176849.0,16867.6258,0
1694870100000,0.0951,0.0953,0.0944,0.0946,478281.0,1694870999999,45288.9303,157,175583.0,16624.5666,0
1694871000000,0.0945,0.0946,0.0939,0.0942,610605.0,1694871899999,57485.7706,198,129768.0,12218.1925,0
1694871900000,0.0942,0.0942,0.0935,0.094,982331.0,1694872799999,92194.2275,327,374071.0,35121.168,0
1694872800000,0.094,0.0949,0.094,0.0945,1064066.0,1694873699999,100395.106,223,702245.0,66246.1783,0
1694873700000,0.0945,0.0945,0.0941,0.0945,200223.0,1694874599999,18865.0923,80,114292.0,10766.0218,0
1694874600000,0.0944,0.0947,0.0941,0.0941,117872.0,1694875499999,11115.0308,112,47863.0,4513.68,0
1694875500000,0.0941,0.0945,0.0939,0.094,593565.0,1694876399999,55841.8215,170,280817.0,26428.4004,0
1694876400000,0.094,0.0946,0.0939,0.0945,462143.0,1694877299999,43517.1586,214,196848.0,18538.002,0
1694877300000,0.0943,0.0947,0.0943,0.0946,144068.0,1694878199999,13601.6251,83,34589.0,3269.8515,0
1694878200000,0.0945,0.0945,0.0941,0.0945,211386.0,1694879099999,19933.189,96,42728.0,4033.7114,0
1694879100000,0.0946,0.0951,0.0943,0.0944,381277.0,1694879999999,36175.049,156,269589.0,25591.7214,0
1694880000000,0.0945,0.0953,0.0944,0.0949,302084.0,1694880899999,28700.1034,132,124950.0,11874.8525,0
1694880900000,0.095,0.0953,0.0946,0.0947,335234.0,1694881799999,31861.3502,161,158396.0,15062.8598,0
1694881800000,0.0947,0.0954,0.0947,0.095,280117.0,1694882699999,26644.1896,123,148763.0,14142.1283,0
1694882700000,0.0949,0.0954,0.0949,0.0953,211835.0,1694883599999,20154.6243,121,106391.0,10121.7471,0
1694883600000,0.0952,0.0954,0.0946,0.0948,297226.0,1694884499999,28187.4657,108,73536.0,6975.8315,0
1694884500000,0.0949,0.0949,0.0944,0.0944,326233.0,1694885399999,30864.5078,101,130364.0,12339.4269,0
1694885400000,0.0944,0.0951,0.0943,0.095,134943.0,1694886299999,12762.4327,85,79547.0,7523.8641,0
1694886300000,0.0949,0.0949,0.0944,0.0946,87577.0,1694887199999,8288.5743,57,27224.0,2577.062,0
1694887200000,0.0946,0.0946,0.0942,0.0944,253785.0,1694888099999,23948.5407,108,34801.0,3283.5567,0
1694888100000,0.0943,0.0947,0.0942,0.0945,125435.0,1694888999999,11838.9739,86,49137.0,4642.9522,0
1694889000000,0.0945,0.0945,0.0943,0.0943,207425.0,1694889899999,19575.9534,97,57321.0,5412.2269,0
1694889900000,0.0943,0.0945,0.0941,0.0941,144222.0,1694890799999,13612.2061,75,62637.0,5915.4238,0
1694890800000,0.0942,0.0946,0.0941,0.0942,295626.0,1694891699999,27933.9929,84,138930.0,13132.7601,0
1694891700000,0.0942,0.0942,0.0938,0.0939,246490.0,1694892599999,23172.0254,131,27041.0,2542.8506,0
1694892600000,0.0938,0.0941,0.0937,0.0937,182340.0,1694893499999,17133.9594,94,89908.0,8455.8667,0
1694893500000,0.0937,0.0941,0.0936,0.094,207022.0,1694894399999,19446.0276,111,105014.0,9865.1265,0
1694894400000,0.0941,0.0942,0.0939,0.0941,155673.0,1694895299999,14636.7895,83,108311.0,10183.9317,0
1694895300000,0.0941,0.0941,0.0937,0.0939,294117.0,1694896199999,27627.5795,110,81577.0,7662.7755,0
1694896200000,0.0938,0.0942,0.0938,0.0939,83285.0,1694897099999,7826.4801,72,34157.0,3210.3426,0
1694897100000,0.0939,0.094,0.0936,0.0936,195786.0,1694897999999,18354.0942,117,43660.0,4095.8013,0
1694898000000,0.0936,0.0941,0.0934,0.0936,531118.0,1694898899999,49810.0683,183,274361.0,25740.9886,0
1694898900000,0.0936,0.0939,0.0936,0.0939,176461.0,1694899799999,16549.7914,86,105807.0,9917.2476,0
1694899800000,0.094,0.094,0.0936,0.0937,170629.0,1694900699999,16006.157,77,38416.0,3602.9169,0
1694900700000,0.0938,0.0942,0.0937,0.0941,98923.0,1694901599999,9286.8176,60,47656.0,4477.8723,0
1694901600000,0.0941,0.0941,0.0936,0.0938,202156.0,1694902499999,18959.4107,82,28227.0,2648.212,0
1694902500000,0.0937,0.0938,0.0936,0.0938,101288.0,1694903399999,9491.5242,31,76956.0,7211.6563,0
1694903400000,0.0939,0.0942,0.0939,0.0942,42338.0,1694904299999,3980.7601,37,31228.0,2936.9305,0
1694904300000,0.0942,0.0944,0.0941,0.0941,78631.0,1694905199999,7407.4118,53,44133.0,4156.8937,0
1694905200000,0.0941,0.0941,0.0936,0.0936,132515.0,1694906099999,12429.0697,79,64458.0,6048.7295,0
1694906100000,0.0936,0.0937,0.0935,0.0936,115813.0,1694906999999,10839.2451,83,57606.0,5393.894,0
1694907000000,0.0937,0.0939,0.0936,0.0939,41504.0,1694907899999,3889.6719,32,34650.0,3247.4633,0
1694907900000,0.0938,0.094,0.0938,0.0939,24059.0,1694908799999,2259.099,23,8989.0,844.026,0
1694908800000,0.094,0.094,0.0927,0.0928,538502.0,1694909699999,50186.9275,292,134231.0,12498.4141,0
1694909700000,0.0927,0.0932,0.0924,0.0927,341338.0,1694910599999,31626.2308,192,90225.0,8361.3781,0
1694910600000,0.0927,0.0928,0.0919,0.0919,342189.0,1694911499999,31562.876,223,105813.0,9763.958,0
1694911500000,0.0919,0.092,0.0905,0.0906,1849796.0,1694912399999,168633.2532,878,871828.0,79399.4425,0
1694912400000,0.0906,0.0906,0.0885,0.0894,2379289.0,1694913299999,212279.2677,1252,1295833.0,115557.3765,0
1694913300000,0.0895,0.0896,0.0888,0.089,1080246.0,1694914199999,96351.4276,321,647677.0,57822.1976,0
1694914200000,0.089,0.0893,0.0883,0.0889,595457.0,1694915099999,52842.0989,304,261703.0,23226.1505,0
1694915100000,0.0889,0.0895,0.0889,0.0893,329910.0,1694915999999,29449.5223,197,212903.0,19009.1172,0
1694916000000,0.0894,0.0894,0.0889,0.0891,585007.0,1694916899999,52106.8752,182,156302.0,13925.3678,0
1694916900000,0.0891,0.0895,0.0889,0.089,125957.0,1694917799999,11234.727,86,64423.0,5748.7436,0
1694917800000,0.089,0.089,0.0886,0.0888,788097.0,1694918699999,69933.0396,192,211506.0,18791.9421,0
1694918700000,0.0888,0.0891,0.0887,0.089,236744.0,1694919599999,21036.1765,106,148369.0,13183.1628,0
1694919600000,0.089,0.0893,0.0884,0.0891,355690.0,1694920499999,31590.957,168,181214.0,16106.0012,0
1694920500000,0.0891,0.0895,0.0891,0.0894,127066.0,1694921399999,11348.0148,67,72504.0,6473.9043,0
1694921400000,0.0894,0.0902,0.0894,0.0902,506738.0,1694922299999,45532.7586,251,451069.0,40532.5291,0
1694922300000,0.0903,0.0905,0.0902,0.0902,301038.0,1694923199999,27213.9628,188,220483.0,19932.176,0
1694923200000,0.0903,0.0903,0.0893,0.0898,565531.0,1694924099999,50683.3618,303,238303.0,21363.4959,0
1694924100000,0.0898,0.0898,0.0893,0.0894,220586.0,1694924999999,19746.2064,99,114562.0,10256.3063,0
1694925000000,0.0895,0.0899,0.0893,0.0893,285596.0,1694925899999,25611.8057,106,158293.0,14195.6191,0
1694925900000,0.0894,0.0898,0.0893,0.0897,230564.0,1694926799999,20650.6595,78,187010.0,16754.5671,0
1694926800000,0.0896,0.0898,0.0892,0.0897,582914.0,1694927699999,52148.4042,199,272066.0,24365.7933,0
1694927700000,0.0897,0.0897,0.0892,0.0894,261106.0,1694928599999,23343.2401,113,123389.0,11029.6513,0
1694928600000,0.0894,0.0895,0.0891,0.0891,245628.0,1694929499999,21938.4013,126,83821.0,7486.7914,0
1694929500000,0.0891,0.0893,0.0889,0.0891,370260.0,1694930399999,33003.9826,235,226135.0,20163.4246,0
1694930400000,0.0891,0.0891,0.0887,0.089,319284.0,1694931299999,28391.1955,182,175410.0,15601.6174,0
1694931300000,0.089,0.0891,0.0884,0.0887,309413.0,1694932199999,27437.7983,213,104326.0,9262.884,0
1694932200000,0.0886,0.089,0.0885,0.0887,252597.0,1694933099999,22420.5254,156,128868.0,11444.7145,0
1694933100000,0.0887,0.0892,0.0886,0.089,260128.0,1694933999999,23157.8044,108,192523.0,17149.6177,0
1694934000000,0.089,0.089,0.0885,0.0886,217321.0,1694934899999,19279.3844,108,70552.0,6258.9094,0
1694934900000,0.0887,0.0888,0.0885,0.0886,190573.0,1694935799999,16893.3749,117,78375.0,6949.7299,0
1694935800000,0.0887,0.0889,0.0884,0.0887,162634.0,1694936699999,14422.9231,124,110589.0,9812.3095,0
1694936700000,0.0886,0.0886,0.0882,0.0883,389606.0,1694937599999,34429.4367,170,129340.0,11435.9231,0
1694937600000,0.0883,0.089,0.0882,0.089,375228.0,1694938499999,33177.5731,165,302258.0,26732.0109,0
1694938500000,0.0889,0.089,0.0887,0.0887,105811.0,1694939399999,9400.6904,83,52463.0,4662.2618,0
1694939400000,0.0888,0.0891,0.0886,0.0891,193155.0,1694940299999,17165.8394,103,126051.0,11210.21,0
1694940300000,0.0891,0.0893,0.0889,0.0893,202928.0,1694941199999,18080.1488,107,185610.0,16537.1303,0
1694941200000,0.0892,0.0894,0.089,0.0891,190733.0,1694942099999,17009.4861,130,80910.0,7219.199,0
1694942100000,0.0891,0.0892,0.089,0.089,226382.0,1694942999999,20175.8879,121,130156.0,11604.8653,0
1694943000000,0.089,0.0893,0.089,0.0893,100342.0,1694943899999,8939.5343,63,42666.0,3802.5777,0
1694943900000,0.0893,0.0894,0.0892,0.0893,60161.0,1694944799999,5375.7293,42,21974.0,1964.3413,0
1694944800000,0.0894,0.0895,0.0892,0.0892,148782.0,1694945699999,13292.8627,78,64851.0,5796.3254,0
1694945700000,0.0893,0.0893,0.0888,0.089,113102.0,1694946599999,10063.4463,92,49551.0,4408.1471,0
1694946600000,0.0889,0.0893,0.0889,0.0893,123270.0,1694947499999,10985.3479,72,54678.0,4874.2304,0
1694947500000,0.0893,0.0894,0.0891,0.0894,153016.0,1694948399999,13665.2279,78,114548.0,10230.8254,0
1694948400000,0.0894,0.0895,0.089,0.089,148262.0,1694949299999,13221.4863,77,40084.0,3578.2297,0
1694949300000,0.089,0.0891,0.0889,0.089,104977.0,1694950199999,9337.5658,81,46882.0,4171.415,0
1694950200000,0.0889,0.0891,0.0889,0.0891,95298.0,1694951099999,8482.0355,61,54123.0,4819.0846,0
1694951100000,0.0891,0.0893,0.089,0.0893,77289.0,1694951999999,6891.3268,60,49592.0,4421.9002,0
1694952000000,0.0892,0.0893,0.089,0.0892,151122.0,1694952899999,13466.9037,85,50192.0,4473.0143,0
1694952900000,0.0892,0.0893,0.089,0.0891,80582.0,1694953799999,7181.8802,67,26426.0,2355.1614,0
1694953800000,0.0892,0.0893,0.089,0.0892,84515.0,1694954699999,7530.6335,96,46294.0,4126.5556,0
1694954700000,0.0892,0.0893,0.089,0.0893,171996.0,1694955599999,15322.8748,74,49330.0,4395.0238,0
1694955600000,0.0892,0.0893,0.089,0.0891,102890.0,1694956499999,9169.8867,77,71061.0,6334.5293,0
1694956500000,0.0891,0.0893,0.0891,0.0892,70996.0,1694957399999,6331.8082,40,36762.0,3278.6733,0
1694957400000,0.0893,0.0894,0.089,0.0894,247417.0,1694958299999,22069.2851,116,137852.0,12305.9715,0
1694958300000,0.0894,0.0894,0.0891,0.0891,153119.0,1694959199999,13664.509,103,61959.0,5530.8686,0
1694959200000,0.0891,0.0891,0.0889,0.089,182787.0,1694960099999,16267.6627,87,76944.0,6850.7831,0
1694960100000,0.0889,0.0892,0.0889,0.089,148889.0,1694960999999,13259.7261,64,88772.0,7909.3717,0
1694961000000,0.0891,0.0892,0.0887,0.0889,172391.0,1694961899999,15330.0083,125,73044.0,6495.7491,0
1694961900000,0.0888,0.0889,0.0883,0.0885,273881.0,1694962799999,24261.0258,121,128070.0,11350.1189,0
1694962800000,0.0885,0.0888,0.0884,0.0888,103977.0,1694963699999,9218.9765,72,78690.0,6977.9142,0
1694963700000,0.0888,0.089,0.0886,0.089,205127.0,1694964599999,18225.8604,77,139961.0,12439.9188,0
1694964600000,0.089,0.0891,0.0888,0.089,253850.0,1694965499999,22564.8928,86,168363.0,14968.9261,0
1694965500000,0.0891,0.0894,0.089,0.0894,406155.0,1694966399999,36224.3136,108,333325.0,29728.8625,0
1694966400000,0.0893,0.0894,0.0886,0.0888,274863.0,1694967299999,24436.3196,175,120384.0,10702.3985,0
1694967300000,0.0887,0.0888,0.0879,0.0884,677338.0,1694968199999,59689.9469,336,241258.0,21278.0598,0
1694968200000,0.0883,0.0884,0.0881,0.0881,117977.0,1694969099999,10406.4754,73,44833.0,3954.7896,0
1694969100000,0.0881,0.0883,0.088,0.0881,79383.0,1694969999999,6995.1143,65,32229.0,2840.188,0
1694970000000,0.088,0.0882,0.0873,0.088,455174.0,1694970899999,39913.0577,275,149523.0,13133.6604,0
1694970900000,0.088,0.0888,0.0878,0.0887,445157.0,1694971799999,39219.1067,167,348872.0,30730.4082,0
1694971800000,0.0887,0.0887,0.0883,0.0884,169339.0,1694972699999,14977.1272,65,49203.0,4351.599,0
1694972700000,0.0885,0.0886,0.0879,0.0879,247350.0,1694973599999,21819.842,97,60816.0,5365.8486,0
1694973600000,0.0878,0.0883,0.0875,0.0883,189636.0,1694974499999,16651.0682,146,77873.0,6842.0293,0
1694974500000,0.0882,0.0882,0.0879,0.0881,170696.0,1694975399999,15017.1001,67,43695.0,3846.9483,0
1694975400000,0.0881,0.0885,0.088,0.0884,65036.0,1694976299999,5744.3348,46,24785.0,2188.7746,0
1694976300000,0.0883,0.0886,0.0881,0.0883,108712.0,1694977199999,9608.6958,90,64527.0,5711.6781,0
1694977200000,0.0883,0.0887,0.0883,0.0886,81930.0,1694978099999,7250.7284,51,58326.0,5160.4227,0
1694978100000,0.0885,0.0885,0.0882,0.0884,153383.0,1694978999999,13547.4363,75,46705.0,4125.8096,0
1694979000000,0.0883,0.0887,0.0883,0.0884,220842.0,1694979899999,19549.2906,93,126220.0,11179.3747,0
1694979900000,0.0884,0.0886,0.0884,0.0885,18193.0,1694980799999,1610.3654,31,10760.0,952.3487,0
1694980800000,0.0885,0.0886,0.0883,0.0883,220062.0,1694981699999,19470.5861,66,103222.0,9137.7656,0
1694981700000,0.0883,0.0883,0.088,0.0881,165717.0,1694982599999,14606.2622,85,101510.0,8945.913,0
1694982600000,0.0882,0.0883,0.0855,0.0869,2409902.0,1694983499999,208681.8751,1164,1202246.0,104122.7308,0
1694983500000,0.0869,0.0872,0.0862,0.0865,602629.0,1694984399999,52200.859,325,215356.0,18646.5624,0
1694984400000,0.0865,0.0871,0.0863,0.087,1085656.0,1694985299999,94015.0134,287,483955.0,41937.451,0
1694985300000,0.0871,0.0876,0.087,0.0871,141541.0,1694986199999,12356.1334,124,106392.0,9287.4753,0
1694986200000,0.0872,0.0878,0.0872,0.0875,255148.0,1694987099999,22310.8609,154,117401.0,10269.3152,0
1694987100000,0.0876,0.0878,0.0874,0.0877,201294.0,1694987999999,17633.1116,73,71000.0,6218.4828,0
1694988000000,0.0876,0.0877,0.0874,0.0875,83244.0,1694988899999,7284.6686,43,36459.0,3190.7581,0
1694988900000,0.0876,0.0879,0.0876,0.0878,87158.0,1694989799999,7649.379,60,54805.0,4809.9556,0
1694989800000,0.0877,0.0878,0.0874,0.0876,199065.0,1694990699999,17440.5853,73,137435.0,12040.1029,0
1694990700000,0.0876,0.0878,0.0873,0.0878,88385.0,1694991599999,7731.836,53,27730.0,2430.9816,0
1694991600000,0.0878,0.0878,0.0875,0.0875,72619.0,1694992499999,6365.1554,34,18693.0,1638.4375,0
1694992500000,0.0874,0.0878,0.0873,0.0877,108133.0,1694993399999,9481.0646,50,77928.0,6831.685,0
1694993400000,0.0878,0.0878,0.0875,0.0875,81410.0,1694994299999,7138.3388,32,13898.0,1218.1233,0
1694994300000,0.0875,0.0881,0.0875,0.0878,146531.0,1694995199999,12857.6493,64,86652.0,7598.8786,0
1694995200000,0.0877,0.0879,0.0869,0.087,527320.0,1694996099999,46033.9508,198,295774.0,25833.3927,0
1694996100000,0.0871,0.0873,0.0866,0.0866,202830.0,1694996999999,17638.0058,97,79587.0,6932.0655,0
1694997000000,0.0866,0.0873,0.0862,0.0872,485397.0,1694997899999,42053.357,247,225280.0,19532.3777,0
1694997900000,0.0871,0.0878,0.0868,0.0874,252819.0,1694998799999,22077.5357,166,177609.0,15521.4883,0
1694998800000,0.0873,0.0876,0.0869,0.0875,154833.0,1694999699999,13505.2268,132,76689.0,6692.7932,0
1694999700000,0.0875,0.0875,0.0871,0.0873,126729.0,1695000599999,11064.2279,101,30553.0,2668.1248,0
1695000600000,0.0873,0.0873,0.087,0.0871,194484.0,1695001499999,16950.3365,86,151888.0,13237.7,0
1695001500000,0.0871,0.0876,0.0871,0.0875,175591.0,1695002399999,15339.1321,81,105709.0,9235.3276,0
1695002400000,0.0874,0.0875,0.0871,0.0873,78426.0,1695003299999,6844.6505,36,41880.0,3657.8083,0
1695003300000,0.0873,0.0885,0.0873,0.0883,333892.0,1695004199999,29390.4864,161,150656.0,13259.361,0
1695004200000,0.0884,0.0887,0.088,0.0882,464638.0,1695005099999,41027.2833,182,190624.0,16846.0437,0
1695005100000,0.0883,0.0888,0.0883,0.0885,629266.0,1695005999999,55747.2799,167,574638.0,50907.8871,0
1695006000000,0.0886,0.0886,0.0881,0.0881,77325.0,1695006899999,6827.468,62,6507.0,575.3929,0
1695006900000,0.0881,0.0885,0.088,0.0884,140585.0,1695007799999,12406.1027,70,84084.0,7421.9786,0
1695007800000,0.0883,0.089,0.0881,0.089,302652.0,1695008699999,26754.7776,124,156792.0,13879.7272,0
1695008700000,0.089,0.09,0.0889,0.09,1052411.0,1695009599999,94227.9335,448,660858.0,59186.4639,0
1695009600000,0.0899,0.092,0.0898,0.0919,2752235.0,1695010499999,250933.5533,1046,1548710.0,141227.1833,0
1695010500000,0.0919,0.0937,0.091,0.0935,3016989.0,1695011399999,278108.7404,1321,2193549.0,202465.6604,0
1695011400000,0.0934,0.0936,0.0921,0.093,3472107.0,1695012299999,322520.0583,1787,2034240.0,188939.8715,0
1695012300000,0.0929,0.0963,0.0929,0.0956,4764272.0,1695013199999,451399.7519,2289,3024911.0,286615.3774,0
1695013200000,0.0956,0.098,0.0951,0.0977,10680922.0,1695014099999,1036945.3241,5233,6378404.0,619389.1576,0
1695014100000,0.0976,0.0982,0.0953,0.0974,9464652.0,1695014999999,916983.6649,4638,4384420.0,424833.3768,0
1695015000000,0.0973,0.0984,0.0968,0.0973,5291609.0,1695015899999,515343.3377,1571,2728326.0,265805.9539,0
1695015900000,0.0973,0.0985,0.0966,0.0982,3552037.0,1695016799999,347331.2308,1428,1913682.0,187276.6759,0
1695016800000,0.0982,0.1018,0.0972,0.1005,10107290.0,1695017699999,1012354.7348,5444,5239319.0,524448.8443,0
1695017700000,0.1005,0.1019,0.0997,0.1017,5402158.0,1695018599999,545044.4349,2787,2666708.0,269184.965,0
1695018600000,0.1017,0.1029,0.1008,0.1021,5780256.0,1695019499999,589213.1489,3273,2722798.0,277692.311,0
1695019500000,0.1021,0.1036,0.1014,0.1017,5792781.0,1695020399999,594106.4184,3207,2428802.0,249439.715,0
1695020400000,0.1017,0.1022,0.0985,0.1,5715119.0,1695021299999,571461.7182,2817,2603441.0,260628.2959,0
1695021300000,0.1,0.1018,0.0994,0.0995,3359925.0,1695022199999,337808.0229,1588,1676603.0,168679.7958,0
1695022200000,0.0997,0.1004,0.0989,0.1001,2871949.0,1695023099999,286316.886,1325,1675833.0,167117.5174,0
1695023100000,0.1001,0.1008,0.0995,0.1004,2066290.0,1695023999999,207016.9726,1113,1062336.0,106486.2024,0
1695024000000,0.1005,0.1024,0.1,0.1015,4174466.0,1695024899999,424041.1886,1906,2430531.0,246940.2232,0
1695024900000,0.1015,0.1015,0.0996,0.1001,2441294.0,1695025799999,245300.9857,1049,943786.0,94854.8228,0
1695025800000,0.1003,0.1004,0.0977,0.0982,3552969.0,1695026699999,350338.275,1431,1672301.0,164912.4518,0
1695026700000,0.0982,0.0991,0.0978,0.0982,1549835.0,1695027599999,152733.65,705,602421.0,59370.212,0
1695027600000,0.0982,0.0999,0.0975,0.099,3645275.0,1695028499999,359958.4505,1424,2031589.0,200378.4357,0
1695028500000,0.099,0.1002,0.0989,0.0996,1696051.0,1695029399999,168971.7791,897,1032939.0,102903.6975,0
1695029400000,0.0996,0.1,0.0991,0.0994,1657412.0,1695030299999,164771.6331,966,667242.0,66353.5628,0
1695030300000,0.0994,0.0998,0.0982,0.0985,1834274.0,1695031199999,181578.2187,1119,883632.0,87570.5762,0
1695031200000,0.0986,0.0988,0.0977,0.0984,1710797.0,1695032099999,167967.4337,922,826334.0,81150.7881,0
1695032100000,0.0984,0.1,0.0984,0.0999,2140009.0,1695032999999,212860.9897,870,1250359.0,124336.2255,0
1695033000000,0.1,0.1008,0.0987,0.1006,2790545.0,1695033899999,278648.3555,1368,1313142.0,131135.4086,0
1695033900000,0.1005,0.1016,0.0999,0.1015,3769217.0,1695034799999,378102.9145,1381,1982154.0,199041.6753,0
1695034800000,0.1015,0.1015,0.0997,0.0999,2009521.0,1695035699999,202056.0462,994,702775.0,70707.6781,0
1695035700000,0.0999,0.1003,0.0991,0.0995,2237405.0,1695036599999,222538.2518,1260,699496.0,69578.0873,0
1695036600000,0.0994,0.1006,0.0993,0.0996,2048669.0,1695037499999,204477.1569,1615,1114248.0,111316.7943,0
1695037500000,0.0996,0.0998,0.0986,0.0991,1908815.0,1695038399999,189087.2288,1080,938756.0,92965.4281,0
1695038400000,0.099,0.0998,0.0982,0.0991,1814581.0,1695039299999,179317.4961,1133,856796.0,84754.8683,0
1695039300000,0.0991,0.0998,0.0988,0.0991,928141.0,1695040199999,92167.4884,758,399610.0,39698.5532,0
1695040200000,0.0992,0.0996,0.0965,0.0974,4949708.0,1695041099999,484534.9114,2010,1778388.0,174290.6907,0
1695041100000,0.0975,0.0989,0.0965,0.0971,3240681.0,1695041999999,316035.9929,1215,1781356.0,173876.2454,0
1695042000000,0.0971,0.0986,0.0969,0.0986,2455630.0,1695042899999,239709.0593,936,1480998.0,144699.3258,0
1695042900000,0.0986,0.0986,0.0972,0.0976,1598266.0,1695043799999,155710.5866,560,349931.0,34135.2262,0
1695043800000,0.0976,0.098,0.0969,0.097,827260.0,1695044699999,80574.6637,532,359886.0,35066.4746,0
1695044700000,0.097,0.0974,0.0966,0.0966,830137.0,1695045599999,80559.2951,386,338155.0,32832.8931,0
1695045600000,0.0965,0.0975,0.0965,0.0968,1543065.0,1695046499999,149809.907,620,674097.0,65445.7229,0
1695046500000,0.0968,0.0974,0.0966,0.0967,896969.0,1695047399999,87007.7161,358,550373.0,53403.3464,0
1695047400000,0.0968,0.0973,0.0944,0.0949,4758440.0,1695048299999,453673.06,1502,1428136.0,136183.0724,0
1695048300000,0.0949,0.0954,0.0948,0.0949,803522.0,1695049199999,76427.2123,404,424879.0,40424.691,0
1695049200000,0.0951,0.0952,0.0943,0.0943,1674630.0,1695050099999,158838.701,512,629337.0,59693.8053,0
1695050100000,0.0943,0.0953,0.0939,0.0951,1231965.0,1695050999999,116180.0529,468,455616.0,43042.5282,0
1695051000000,0.095,0.0951,0.0944,0.0946,612448.0,1695051899999,58001.6571,274,297162.0,28137.3223,0
1695051900000,0.0947,0.095,0.0945,0.0947,480631.0,1695052799999,45500.4522,177,103054.0,9759.0022,0
1695052800000,0.0947,0.0957,0.0946,0.0955,1593878.0,1695053699999,151839.9779,429,1167987.0,111252.7496,0
1695053700000,0.0955,0.0955,0.0947,0.0948,1652946.0,1695054599999,157359.0364,337,395549.0,37648.5367,0
1695054600000,0.0949,0.0955,0.0948,0.095,370861.0,1695055499999,35326.6279,164,239117.0,22794.3915,0
1695055500000,0.0951,0.0953,0.0949,0.0952,178902.0,1695056399999,17015.7845,107,50176.0,4774.4644,0
1695056400000,0.0952,0.0955,0.0948,0.095,252719.0,1695057299999,24054.6156,166,131750.0,12543.6461,0
1695057300000,0.0951,0.0951,0.0942,0.0944,953643.0,1695058199999,90168.1678,545,455892.0,43082.0981,0
1695058200000,0.0943,0.0946,0.0933,0.0939,1806349.0,1695059099999,169696.8276,711,546691.0,51356.7411,0
1695059100000,0.094,0.0946,0.0937,0.094,589923.0,1695059999999,55547.4476,251,334819.0,31531.2422,0
1695060000000,0.0939,0.0943,0.0939,0.0943,294010.0,1695060899999,27667.7664,162,208211.0,19594.0655,0
1695060900000,0.0944,0.0945,0.0937,0.0937,341664.0,1695061799999,32192.0128,144,138735.0,13072.1951,0
1695061800000,0.0937,0.0943,0.0936,0.0936,699321.0,1695062699999,65612.6877,234,228240.0,21435.4347,0
1695062700000,0.0936,0.0936,0.0929,0.0931,741729.0,1695063599999,69133.5488,307,237737.0,22143.4805,0
1695063600000,0.0931,0.094,0.0931,0.0937,153242.0,1695064499999,14341.0802,100,89674.0,8394.5247,0
1695064500000,0.0937,0.0938,0.0935,0.0938,291690.0,1695065399999,27326.7405,97,139751.0,13092.1366,0
1695065400000,0.0938,0.0943,0.0937,0.0943,175059.0,1695066299999,16456.309,82,115931.0,10898.5305,0
1695066300000,0.0942,0.0942,0.0936,0.0937,231290.0,1695067199999,21681.5717,91,143710.0,13461.4403,0
1695067200000,0.0937,0.0944,0.0935,0.0943,363537.0,1695068099999,34191.0816,135,192846.0,18121.1279,0
1695068100000,0.0944,0.0946,0.0941,0.0941,675059.0,1695068999999,63701.5965,169,446529.0,42171.2576,0
1695069000000,0.0941,0.0945,0.094,0.0945,294993.0,1695069899999,27805.5801,83,228302.0,21528.68,0
1695069900000,0.0944,0.0946,0.0941,0.0941,243780.0,1695070799999,23015.8196,118,128099.0,12098.0839,0
1695070800000,0.0942,0.0946,0.094,0.0942,546377.0,1695071699999,51570.955,187,341643.0,32259.0599,0
1695071700000,0.0941,0.0946,0.0941,0.0944,775354.0,1695072599999,73201.8339,241,477978.0,45133.5109,0
1695072600000,0.0944,0.0946,0.0941,0.0944,232794.0,1695073499999,21958.708,96,48923.0,4616.7856,0
1695073500000,0.0944,0.0945,0.0942,0.0944,69998.0,1695074399999,6608.1367,54,29884.0,2820.7538,0
1695074400000,0.0944,0.095,0.0943,0.095,261636.0,1695075299999,24774.9691,134,159644.0,15120.4068,0
1695075300000,0.095,0.095,0.094,0.0947,520236.0,1695076199999,49119.883,189,236465.0,22352.2277,0
1695076200000,0.0947,0.0948,0.0942,0.0944,242715.0,1695077099999,22942.5539,95,115767.0,10942.5548,0
1695077100000,0.0943,0.0945,0.0939,0.0942,237876.0,1695077999999,22416.2852,96,105933.0,9987.5737,0
1695078000000,0.0941,0.0946,0.0941,0.0943,436183.0,1695078899999,41149.3083,128,136542.0,12887.8901,0
1695078900000,0.0943,0.0945,0.0935,0.0937,2416005.0,1695079799999,226589.6461,383,881882.0,82796.5493,0
1695079800000,0.0937,0.0937,0.0932,0.0933,1466528.0,1695080699999,137161.7435,304,504243.0,47173.4443,0
1695080700000,0.0933,0.0936,0.093,0.0931,461089.0,1695081599999,43037.8109,136,244159.0,22808.9673,0
1695081600000,0.0931,0.0936,0.0927,0.0933,795402.0,1695082499999,74054.5132,310,364355.0,33931.3354,0
1695082500000,0.0934,0.0934,0.0925,0.0926,834552.0,1695083399999,77361.0051,349,438634.0,40668.0969,0
1695083400000,0.0926,0.0926,0.0922,0.0923,430423.0,1695084299999,39757.3401,209,162656.0,15028.7235,0
1695084300000,0.0922,0.0924,0.0919,0.0921,390532.0,1695085199999,35985.1679,175,156935.0,14458.7556,0
1695085200000,0.0921,0.093,0.092,0.0928,417966.0,1695086099999,38682.4011,255,194917.0,18047.5073,0
1695086100000,0.0927,0.0934,0.0927,0.0931,527097.0,1695086999999,49022.2656,337,87329.0,8127.7584,0
1695087000000,0.0931,0.0932,0.0928,0.0929,124452.0,1695087899999,11571.3341,49,58250.0,5412.6911,0
1695087900000,0.093,0.093,0.0926,0.0929,63143.0,1695088799999,5860.6623,34,35703.0,3314.6333,0
1695088800000,0.093,0.0931,0.0926,0.0929,817997.0,1695089699999,75948.6675,144,692416.0,64288.0924,0
1695089700000,0.0928,0.0929,0.0925,0.0926,607788.0,1695090599999,56292.37,150,71562.0,6627.9842,0
1695090600000,0.0925,0.0931,0.0925,0.0931,136792.0,1695091499999,12685.4639,68,81976.0,7607.0191,0
1695091500000,0.093,0.0933,0.093,0.0932,102948.0,1695092399999,9596.265,55,61724.0,5755.0611,0
1695092400000,0.0933,0.0934,0.093,0.0931,342163.0,1695093299999,31888.6725,110,97769.0,9118.6286,0
1695093300000,0.0931,0.0931,0.0927,0.0928,183471.0,1695094199999,17046.2241,123,86065.0,7991.2335,0
1695094200000,0.0928,0.0931,0.0928,0.0931,172065.0,1695095099999,15982.8217,92,95783.0,8903.2216,0
1695095100000,0.0931,0.0938,0.0931,0.0938,810677.0,1695095999999,75717.1425,323,577706.0,53969.7822,0
1695096000000,0.0938,0.0938,0.0932,0.0932,526603.0,1695096899999,49157.7053,91,212418.0,19828.9106,0
1695096900000,0.0931,0.0932,0.0929,0.093,376594.0,1695097799999,35050.8393,162,201276.0,18743.8188,0
1695097800000,0.093,0.0935,0.093,0.0931,236803.0,1695098699999,22093.5528,107,165532.0,15443.6931,0
1695098700000,0.0931,0.0936,0.0931,0.0935,152211.0,1695099599999,14204.6691,99,77168.0,7203.0118,0
1695099600000,0.0935,0.0936,0.0931,0.0933,235517.0,1695100499999,21981.7336,129,128261.0,11972.0149,0
1695100500000,0.0932,0.0934,0.0931,0.0933,466264.0,1695101399999,43439.2297,249,98724.0,9206.1781,0
1695101400000,0.0934,0.0937,0.0928,0.0929,384301.0,1695102299999,35766.0122,193,92171.0,8593.85,0
1695102300000,0.0929,0.0929,0.0927,0.0927,156746.0,1695103199999,14544.7522,112,67430.0,6257.713,0
1695103200000,0.0928,0.0932,0.0927,0.0932,339800.0,1695104099999,31600.9849,129,294720.0,27418.7369,0
1695104100000,0.0933,0.0944,0.0931,0.0943,887065.0,1695104999999,83167.1959,440,598187.0,56156.6105,0
1695105000000,0.0944,0.0956,0.0939,0.0956,3121813.0,1695105899999,296064.4886,942,2562591.0,243089.2285,0
1695105900000,0.0957,0.0966,0.0948,0.0963,3685274.0,1695106799999,351791.0985,1232,1947416.0,185894.4699,0
1695106800000,0.0964,0.0973,0.0955,0.0955,2142071.0,1695107699999,206591.917,946,1115083.0,107582.9602,0
1695107700000,0.0956,0.0959,0.095,0.0956,1217290.0,1695108599999,116186.3574,409,785241.0,74934.9683,0
1695108600000,0.0956,0.0958,0.0952,0.0956,334331.0,1695109499999,31954.1634,157,150558.0,14396.354,0
1695109500000,0.0956,0.0956,0.0946,0.0946,1621854.0,1695110399999,153918.3079,649,259563.0,24633.1156,0
1695110400000,0.0946,0.0947,0.0937,0.0941,1981940.0,1695111299999,186419.9541,671,640269.0,60204.8602,0
1695111300000,0.0942,0.0943,0.0937,0.094,628786.0,1695112199999,59067.6226,241,439223.0,41260.4971,0
1695112200000,0.094,0.094,0.0934,0.0937,1618943.0,1695113099999,151782.6515,729,312928.0,29344.1954,0
1695113100000,0.0937,0.095,0.0935,0.0949,922263.0,1695113999999,86912.4021,404,597665.0,56369.4683,0
1695114000000,0.0949,0.0951,0.0945,0.0946,971323.0,1695114899999,92025.5198,543,396641.0,37589.426,0
1695114900000,0.0947,0.0955,0.0946,0.0955,796568.0,1695115799999,75834.2015,434,468912.0,44639.7543,0
1695115800000,0.0955,0.096,0.0953,0.0959,883376.0,1695116699999,84572.0572,432,482390.0,46193.1268,0
1695116700000,0.0959,0.0962,0.0952,0.096,1653543.0,1695117599999,158076.2769,500,331546.0,31762.7442,0
1695117600000,0.0961,0.0962,0.0949,0.095,625337.0,1695118499999,59711.1867,323,103438.0,9873.4891,0
1695118500000,0.0951,0.0952,0.0948,0.095,494969.0,1695119399999,47031.4797,271,147133.0,13985.1384,0
1695119400000,0.095,0.0955,0.0949,0.0955,829806.0,1695120299999,79062.8176,453,315561.0,30069.0419,0
1695120300000,0.0955,0.096,0.0955,0.0958,939383.0,1695121199999,90003.804,458,544178.0,52157.2071,0
1695121200000,0.0959,0.0964,0.0952,0.0962,924070.0,1695122099999,88553.2123,414,424302.0,40694.0591,0
1695122100000,0.0962,0.0979,0.0961,0.0978,9051494.0,1695122999999,880277.8618,3149,5824299.0,566472.6861,0
1695123000000,0.0979,0.099,0.0973,0.0983,8374920.0,1695123899999,820319.8827,3236,4827001.0,472919.6578,0
1695123900000,0.0984,0.0989,0.0964,0.0966,6115881.0,1695124799999,595796.0897,2372,3094520.0,301094.9882,0
1695124800000,0.0966,0.0971,0.0959,0.0959,5820446.0,1695125699999,561523.9669,1514,3023155.0,291890.1328,0
1695125700000,0.096,0.0973,0.0957,0.0968,6659637.0,1695126599999,639736.1623,1535,3865692.0,371377.0167,0
1695126600000,0.0968,0.0968,0.0958,0.0959,1220895.0,1695127499999,117389.6,318,390525.0,37575.1009,0
1695127500000,0.0959,0.0967,0.0956,0.0963,1067525.0,1695128399999,102582.6084,354,524529.0,50412.9491,0
1695128400000,0.0963,0.0966,0.096,0.0965,261380.0,1695129299999,25191.747,134,63829.0,6149.8765,0
1695129300000,0.0965,0.0969,0.0964,0.0968,255856.0,1695130199999,24742.1431,150,88272.0,8532.7359,0
1695130200000,0.0969,0.0973,0.0966,0.0968,611061.0,1695131099999,59257.2054,271,249732.0,24240.9154,0
1695131100000,0.0968,0.0969,0.0961,0.0962,608245.0,1695131999999,58698.972,262,171913.0,16599.5427,0
1695132000000,0.0963,0.0963,0.0959,0.0961,787298.0,1695132899999,75619.9998,265,256656.0,24656.8343,0
1695132900000,0.0961,0.0966,0.096,0.0965,236698.0,1695133799999,22816.3278,120,98209.0,9463.1625,0
1695133800000,0.0965,0.0966,0.0959,0.0964,631345.0,1695134699999,60733.5806,251,145099.0,13964.3407,0
1695134700000,0.0964,0.097,0.0964,0.097,423008.0,1695135599999,40955.0943,195,299999.0,29044.4225,0
1695135600000,0.097,0.0976,0.0969,0.0972,1378881.0,1695136499999,134052.7958,468,813263.0,79092.7541,0
1695136500000,0.0972,0.0973,0.0968,0.0971,409085.0,1695137399999,39727.9568,200,249134.0,24197.5628,0
1695137400000,0.0971,0.0974,0.0967,0.097,1190042.0,1695138299999,115633.8139,343,583455.0,56693.1344,0
1695138300000,0.097,0.0972,0.0965,0.0971,955242.0,1695139199999,92511.589,287,293017.0,28407.9583,0
1695139200000,0.0971,0.0974,0.0969,0.0969,327860.0,1695140099999,31820.9999,147,151380.0,14698.4356,0
1695140100000,0.0969,0.0969,0.0961,0.0965,589565.0,1695140999999,56828.5974,232,170470.0,16440.7438,0
1695141000000,0.0964,0.0972,0.0964,0.0972,116992.0,1695141899999,11325.5808,90,83715.0,8106.6788,0
1695141900000,0.0972,0.0974,0.097,0.0973,386500.0,1695142799999,37574.8823,186,148353.0,14426.3837,0
1695142800000,0.0972,0.0973,0.0965,0.0972,1115976.0,1695143699999,108228.8275,329,190833.0,18512.8224,0
1695143700000,0.0972,0.0972,0.097,0.097,140738.0,1695144599999,13669.0326,83,52788.0,5128.3617,0
1695144600000,0.097,0.0972,0.0967,0.0967,163231.0,1695145499999,15812.9799,89,68442.0,6635.7717,0
1695145500000,0.0967,0.0967,0.0962,0.0965,232962.0,1695146399999,22468.7081,108,32336.0,3120.2845,0
1695146400000,0.0965,0.0968,0.0964,0.0968,166200.0,1695147299999,16060.8927,104,118999.0,11497.9932,0
1695147300000,0.0967,0.0969,0.0966,0.0966,182093.0,1695148199999,17604.7721,54,18136.0,1755.8276,0
1695148200000,0.0965,0.0968,0.0965,0.0966,198833.0,1695149099999,19214.5818,99,74230.0,7174.3211,0
1695149100000,0.0966,0.0966,0.0962,0.0963,235789.0,1695149999999,22732.7359,84,19842.0,1912.8013,0
1695150000000,0.0962,0.0965,0.0961,0.0963,276460.0,1695150899999,26619.2329,162,58216.0,5605.3876,0
1695150900000,0.0962,0.0963,0.0959,0.0963,308345.0,1695151799999,29637.5805,114,63898.0,6141.2774,0
1695151800000,0.0962,0.0964,0.0961,0.0963,160499.0,1695152699999,15443.8346,78,76951.0,7406.3752,0
1695152700000,0.0963,0.0963,0.0959,0.0962,122873.0,1695153599999,11799.7917,73,22128.0,2126.9364,0
1695153600000,0.0962,0.0966,0.0962,0.0966,209734.0,1695154499999,20210.4506,124,123534.0,11908.3647,0
1695154500000,0.0966,0.0968,0.0963,0.0967,175941.0,1695155399999,17007.7346,93,114840.0,11103.5186,0
1695155400000,0.0966,0.0966,0.096,0.096,328385.0,1695156299999,31605.8983,127,43442.0,4180.0468,0
1695156300000,0.0961,0.0963,0.0958,0.0961,282195.0,1695157199999,27101.644,141,104493.0,10034.0901,0
1695157200000,0.0961,0.0968,0.0961,0.0965,339409.0,1695158099999,32775.8817,131,123956.0,11975.7251,0
1695158100000,0.0965,0.0966,0.0961,0.0962,161200.0,1695158999999,15534.0996,76,47293.0,4556.9607,0
1695159000000,0.0962,0.0963,0.0958,0.0959,662149.0,1695159899999,63562.3601,183,414514.0,39791.8125,0
1695159900000,0.0959,0.096,0.0959,0.096,142850.0,1695160799999,13706.5673,52,73389.0,7045.2574,0
1695160800000,0.096,0.0966,0.096,0.0966,654214.0,1695161699999,62970.2842,165,525003.0,50518.0113,0
1695161700000,0.0966,0.0966,0.0959,0.0963,419207.0,1695162599999,40317.203,144,47733.0,4587.7763,0
1695162600000,0.0963,0.0965,0.0962,0.0964,66259.0,1695163499999,6386.5806,45,22234.0,2142.7968,0
1695163500000,0.0964,0.0969,0.0964,0.0967,141496.0,1695164399999,13668.5095,71,57032.0,5510.4874,0
1695164400000,0.0967,0.0969,0.0965,0.0966,295801.0,1695165299999,28608.8027,102,187118.0,18112.3826,0
1695165300000,0.0968,0.0973,0.0968,0.097,251831.0,1695166199999,24440.3777,131,183965.0,17852.7429,0
1695166200000,0.0969,0.097,0.0966,0.0967,33212.0,1695167099999,3214.158,58,15251.0,1476.4838,0
1695167100000,0.0967,0.097,0.0967,0.0968,147070.0,1695167999999,14240.9826,73,106420.0,10302.3167,0
1695168000000,0.0969,0.0979,0.0968,0.0976,1967778.0,1695168899999,191393.1394,579,1162414.0,113122.1888,0
1695168900000,0.0976,0.0978,0.0968,0.097,423083.0,1695169799999,41187.4883,195,204298.0,19902.537,0
1695169800000,0.0969,0.0969,0.0961,0.0963,843172.0,1695170699999,81309.7796,298,190528.0,18361.8387,0
1695170700000,0.0964,0.0964,0.0962,0.0964,542605.0,1695171599999,52210.9289,100,46909.0,4519.4592,0
1695171600000,0.0965,0.0971,0.0965,0.0971,574798.0,1695172499999,55693.6456,110,323297.0,31321.3822,0
1695172500000,0.0972,0.0972,0.0966,0.0967,304340.0,1695173399999,29489.4623,94,36730.0,3555.794,0
1695173400000,0.0968,0.097,0.0965,0.097,156687.0,1695174299999,15160.2281,64,65980.0,6390.8396,0
1695174300000,0.0969,0.0969,0.0966,0.0969,126428.0,1695175199999,12231.4086,65,31004.0,3000.9256,0
1695175200000,0.0971,0.0973,0.0964,0.0964,168798.0,1695176099999,16360.162,110,42100.0,4087.9781,0
1695176100000,0.0963,0.0963,0.0951,0.0952,693431.0,1695176999999,66229.5754,358,109073.0,10435.8235,0
1695177000000,0.0952,0.0961,0.0947,0.0957,1434640.0,1695177899999,136621.8556,608,582087.0,55490.8063,0
1695177900000,0.0958,0.0969,0.0956,0.0964,1237205.0,1695178799999,119053.575,558,796258.0,76620.2231,0
1695178800000,0.0964,0.0979,0.0963,0.0978,2969736.0,1695179699999,289345.9879,893,2166527.0,211258.004,0
1695179700000,0.0977,0.0982,0.0975,0.0982,3908296.0,1695180599999,382363.218,1049,2662500.0,260561.2873,0
1695180600000,0.0981,0.0983,0.0975,0.0975,5352559.0,1695181499999,525162.3886,1489,3928424.0,385533.1646,0
1695181500000,0.0975,0.0979,0.097,0.0975,3305986.0,1695182399999,322150.0313,1251,1911874.0,186341.5842,0
1695182400000,0.0975,0.098,0.0974,0.0979,422744.0,1695183299999,41309.2693,250,271181.0,26508.0901,0
1695183300000,0.0979,0.099,0.0964,0.0971,7030964.0,1695184199999,688015.0241,2197,2547160.0,250032.9179,0
1695184200000,0.0971,0.0974,0.0965,0.0966,364554.0,1695185099999,35326.0848,161,136142.0,13191.3574,0
1695185100000,0.0966,0.0969,0.095,0.0951,6255077.0,1695185999999,599481.1162,1099,4484256.0,430068.0488,0
1695186000000,0.0951,0.0957,0.0947,0.0955,4642417.0,1695186899999,441009.117,825,3403070.0,323261.2308,0
1695186900000,0.0955,0.0963,0.0955,0.0962,836311.0,1695187799999,80231.5295,240,548570.0,52635.0327,0
1695187800000,0.0962,0.0964,0.096,0.0962,284901.0,1695188699999,27414.456,154,154418.0,14865.9033,0
1695188700000,0.0962,0.0962,0.0956,0.0958,222699.0,1695189599999,21344.9366,98,101739.0,9756.577,0
1695189600000,0.0958,0.0958,0.0953,0.0956,211923.0,1695190499999,20246.1114,143,97235.0,9289.1607,0
1695190500000,0.0956,0.096,0.0956,0.096,428365.0,1695191399999,41059.6008,196,206821.0,19829.3862,0
1695191400000,0.0959,0.0965,0.0955,0.0964,1630538.0,1695192299999,156384.0239,482,1189066.0,114084.1911,0
1695192300000,0.0964,0.0964,0.0958,0.096,819877.0,1695193199999,78817.6105,346,479657.0,46103.6895,0
1695193200000,0.096,0.0978,0.0959,0.0971,1764396.0,1695194099999,171245.3397,649,1320135.0,128106.1579,0
1695194100000,0.0971,0.0985,0.097,0.0978,3191359.0,1695194999999,312568.941,851,2174896.0,213008.6721,0
1695195000000,0.0977,0.0985,0.0976,0.0981,2635481.0,1695195899999,258467.6394,598,1609332.0,157864.0202,0
1695195900000,0.0982,0.0986,0.098,0.0984,3276978.0,1695196799999,321932.0099,772,2606421.0,256118.5572,0
1695196800000,0.0984,0.0984,0.0976,0.0981,983988.0,1695197699999,96420.9794,430,463624.0,45447.1909,0
1695197700000,0.0982,0.0984,0.0977,0.0979,2185325.0,1695198599999,214291.3391,734,1383919.0,135710.4997,0
1695198600000,0.0979,0.098,0.0972,0.0972,1791608.0,1695199499999,175063.5347,813,785781.0,76814.6697,0
1695199500000,0.0973,0.0975,0.0959,0.0961,8656595.0,1695200399999,835095.4581,1328,5944686.0,573540.2704,0
1695200400000,0.0961,0.0965,0.096,0.0965,2564972.0,1695201299999,246651.8018,563,1537063.0,147836.0977,0
1695201300000,0.0965,0.0975,0.0964,0.0973,707567.0,1695202199999,68601.005,288,438396.0,42488.9574,0
1695202200000,0.0973,0.0981,0.0972,0.0976,678932.0,1695203099999,66316.1638,432,421600.0,41172.822,0
1695203100000,0.0976,0.0977,0.0966,0.0971,904605.0,1695203999999,87769.818,468,414217.0,40197.3553,0
1695204000000,0.097,0.097,0.0961,0.0961,520274.0,1695204899999,50215.844,235,173366.0,16721.0151,0
1695204900000,0.0961,0.0966,0.096,0.0962,318717.0,1695205799999,30685.0102,184,101121.0,9740.0233,0
1695205800000,0.0962,0.0962,0.0959,0.0959,464441.0,1695206699999,44598.5114,207,97942.0,9409.8619,0
1695206700000,0.096,0.0964,0.0959,0.0962,242750.0,1695207599999,23337.5184,111,143390.0,13785.036,0
1695207600000,0.0963,0.0964,0.0962,0.0962,143724.0,1695208499999,13840.2892,65,68733.0,6621.1162,0
1695208500000,0.0962,0.0965,0.0962,0.0963,154216.0,1695209399999,14858.1589,65,73075.0,7043.2826,0
1695209400000,0.0964,0.0965,0.0961,0.0961,321622.0,1695210299999,30956.1949,128,141939.0,13664.3394,0
1695210300000,0.0961,0.0961,0.0955,0.0956,741105.0,1695211199999,70925.0183,269,179135.0,17144.7491,0
1695211200000,0.0957,0.0958,0.0955,0.0956,296873.0,1695212099999,28384.4137,156,102422.0,9794.7021,0
1695212100000,0.0955,0.0958,0.0955,0.0957,492039.0,1695212999999,47064.081,218,144731.0,13853.9009,0
1695213000000,0.0957,0.0959,0.0954,0.0955,560126.0,1695213899999,53585.9512,220,225111.0,21535.9848,0
1695213900000,0.0956,0.0961,0.0955,0.0959,531367.0,1695214799999,50839.6081,256,197235.0,18895.921,0
1695214800000,0.096,0.0962,0.0958,0.0958,119216.0,1695215699999,11446.3782,54,50724.0,4870.3239,0
1695215700000,0.0957,0.0958,0.0955,0.0958,362889.0,1695216599999,34712.7325,172,117455.0,11236.9919,0
1695216600000,0.0958,0.0963,0.0957,0.0962,234626.0,1695217499999,22513.218,132,56312.0,5403.3109,0
1695217500000,0.0962,0.0965,0.0962,0.0964,131116.0,1695218399999,12641.4793,84,67795.0,6537.842,0
1695218400000,0.0965,0.0968,0.0965,0.0965,266136.0,1695219299999,25717.5056,139,116932.0,11298.3747,0
1695219300000,0.0964,0.0964,0.0959,0.0962,497796.0,1695220199999,47850.1473,210,226882.0,21807.9059,0
1695220200000,0.0962,0.0962,0.0958,0.0959,354790.0,1695221099999,34058.4368,160,58775.0,5640.0916,0
1695221100000,0.0959,0.0959,0.0955,0.0955,306404.0,1695221999999,29308.2622,133,107398.0,10281.526,0
1695222000000,0.0955,0.0958,0.0952,0.0957,220065.0,1695222899999,21002.3596,99,74218.0,7091.0068,0
1695222900000,0.0957,0.0959,0.0957,0.0958,283650.0,1695223799999,27172.5631,74,156656.0,15007.0679,0
1695223800000,0.0959,0.0959,0.0958,0.0959,379745.0,1695224699999,36398.3742,140,62094.0,5952.2102,0
1695224700000,0.0959,0.0962,0.0959,0.096,84308.0,1695225599999,8099.2691,78,36948.0,3550.4,0
1695225600000,0.096,0.0961,0.0955,0.0956,129370.0,1695226499999,12375.9361,87,66097.0,6323.0435,0
1695226500000,0.0957,0.0958,0.0954,0.0955,150926.0,1695227399999,14419.2193,76,61084.0,5841.5967,0
1695227400000,0.0954,0.0956,0.0953,0.0955,212766.0,1695228299999,20318.724,105,77354.0,7385.4604,0
1695228300000,0.0955,0.096,0.0955,0.0958,113942.0,1695229199999,10903.7911,90,62600.0,5988.6877,0
1695229200000,0.0957,0.0959,0.0955,0.0959,42481.0,1695230099999,4068.0999,46,26279.0,2516.896,0
1695230100000,0.0959,0.0961,0.0958,0.0959,118714.0,1695230999999,11386.9558,71,52519.0,5037.2243,0
1695231000000,0.0958,0.096,0.0956,0.0958,105681.0,1695231899999,10119.4061,74,42892.0,4109.0233,0
1695231900000,0.0958,0.0961,0.0958,0.0959,140806.0,1695232799999,13511.0278,89,30788.0,2953.5528,0
1695232800000,0.096,0.0964,0.0955,0.0964,536228.0,1695233699999,51455.2818,259,172521.0,16543.7463,0
1695233700000,0.0964,0.0969,0.0963,0.0969,346294.0,1695234599999,33465.0962,149,253163.0,24460.5042,0
1695234600000,0.0968,0.0976,0.0968,0.0974,1264187.0,1695235499999,122928.7986,444,390551.0,37972.6941,0
1695235500000,0.0974,0.0975,0.0971,0.0971,280631.0,1695236399999,27300.4714,142,96608.0,9403.535,0
1695236400000,0.0971,0.0972,0.0965,0.0966,1019425.0,1695237299999,98623.4148,303,169153.0,16388.3237,0
1695237300000,0.0966,0.0966,0.095,0.0955,1914330.0,1695238199999,182911.976,706,551962.0,52720.4865,0
1695238200000,0.0954,0.0958,0.0953,0.0956,328360.0,1695239099999,31361.2268,153,193390.0,18472.0118,0
1695239100000,0.0955,0.096,0.0954,0.0959,307129.0,1695239999999,29387.5558,111,132372.0,12674.9561,0
1695240000000,0.096,0.0963,0.0958,0.0963,108230.0,1695240899999,10399.2457,57,75469.0,7251.7445,0
1695240900000,0.0963,0.0964,0.0962,0.0962,64333.0,1695241799999,6196.2328,32,27405.0,2640.6541,0
1695241800000,0.0963,0.0966,0.0963,0.0964,222168.0,1695242699999,21430.6177,104,108997.0,10515.7827,0
1695242700000,0.0966,0.097,0.0966,0.097,128671.0,1695243599999,12451.6534,50,102253.0,9896.9924,0
1695243600000,0.097,0.097,0.0967,0.0969,107471.0,1695244499999,10406.8945,49,81648.0,7904.657,0
1695244500000,0.097,0.0977,0.097,0.0973,256198.0,1695245399999,24958.7299,117,128873.0,12568.5901,0
1695245400000,0.0973,0.0973,0.0969,0.0969,403059.0,1695246299999,39139.4472,135,146495.0,14216.4173,0
1695246300000,0.0969,0.0971,0.0968,0.0968,182873.0,1695247199999,17718.7694,78,39453.0,3824.7778,0
1695247200000,0.0968,0.0969,0.0966,0.0969,144053.0,1695248099999,13930.7235,55,72067.0,6968.9988,0
1695248100000,0.0969,0.097,0.0968,0.0969,138362.0,1695248999999,13411.0738,63,46896.0,4543.0255,0
1695249000000,0.097,0.097,0.0966,0.097,200663.0,1695249899999,19418.2501,99,78009.0,7550.2163,0
1695249900000,0.097,0.0972,0.0969,0.097,31292.0,1695250799999,3038.0319,30,10745.0,1042.6427,0
1695250800000,0.0971,0.0972,0.0966,0.0968,176700.0,1695251699999,17108.4701,69,32292.0,3125.2852,0
1695251700000,0.0969,0.0973,0.0967,0.0972,279590.0,1695252599999,27138.0935,81,234843.0,22795.7582,0
1695252600000,0.0972,0.0975,0.097,0.0975,128508.0,1695253499999,12506.1458,51,77438.0,7538.3244,0
1695253500000,0.0974,0.0974,0.0969,0.097,359834.0,1695254399999,34957.453,117,104200.0,10125.7663,0
1695254400000,0.097,0.0977,0.0968,0.0971,372453.0,1695255299999,36208.2748,174,174097.0,16935.9235,0
1695255300000,0.097,0.0972,0.0969,0.0971,369762.0,1695256199999,35869.9842,105,115776.0,11229.1398,0
1695256200000,0.0971,0.0978,0.0971,0.0978,146094.0,1695257099999,14212.4082,75,71514.0,6965.7153,0
1695257100000,0.0978,0.0981,0.0976,0.0979,397552.0,1695257999999,38910.5478,154,142296.0,13944.2356,0
1695258000000,0.098,0.0981,0.0971,0.0974,369131.0,1695258899999,36013.6993,141,206110.0,20106.1687,0
1695258900000,0.0974,0.0978,0.0973,0.0977,426974.0,1695259799999,41658.0567,142,189895.0,18541.5976,0
1695259800000,0.0976,0.0983,0.0976,0.0979,504906.0,1695260699999,49426.3589,162,269012.0,26325.831,0
1695260700000,0.098,0.0995,0.098,0.0987,2317793.0,1695261599999,229348.6775,860,1231460.0,121796.4774,0
1695261600000,0.0987,0.0994,0.0986,0.0991,334745.0,1695262499999,33164.9146,223,85825.0,8503.9155,0
1695262500000,0.0991,0.0995,0.0985,0.0987,535588.0,1695263399999,53080.0676,261,316288.0,31384.2247,0
1695263400000,0.0988,0.0988,0.0977,0.098,354743.0,1695264299999,34775.0583,220,125234.0,12272.1382,0
1695264300000,0.0979,0.0981,0.0973,0.0974,369032.0,1695265199999,35996.0013,133,96496.0,9424.8665,0
1695265200000,0.0976,0.098,0.0976,0.098,208836.0,1695266099999,20404.3541,96,164765.0,16098.442,0
1695266100000,0.0979,0.0979,0.097,0.097,349231.0,1695266999999,33959.6371,143,55270.0,5380.1246,0
1695267000000,0.097,0.0971,0.0961,0.0967,1248202.0,1695267899999,120474.838,437,342599.0,33103.7621,0
1695267900000,0.0968,0.097,0.0966,0.0969,344485.0,1695268799999,33337.9618,121,188733.0,18267.7281,0
1695268800000,0.097,0.097,0.0965,0.0966,246944.0,1695269699999,23874.5967,117,94266.0,9123.3142,0
1695269700000,0.0966,0.0969,0.0964,0.0965,525855.0,1695270599999,50836.7824,186,235295.0,22747.6374,0
1695270600000,0.0965,0.0969,0.0965,0.0966,197547.0,1695271499999,19101.5165,81,68457.0,6623.3681,0
1695271500000,0.0965,0.0966,0.0961,0.0962,316781.0,1695272399999,30506.8501,140,56280.0,5421.5542,0
1695272400000,0.0962,0.0965,0.0955,0.0957,1189319.0,1695273299999,114261.5164,292,428396.0,41135.08,0
1695273300000,0.0955,0.0957,0.095,0.095,442462.0,1695274199999,42185.689,169,194502.0,18563.2721,0
1695274200000,0.095,0.0954,0.095,0.0953,458645.0,1695275099999,43675.3055,134,352073.0,33534.2456,0
1695275100000,0.0953,0.0956,0.0948,0.0948,440136.0,1695275999999,41906.1652,154,251030.0,23925.993,0
1695276000000,0.0949,0.0949,0.0929,0.0932,1605056.0,1695276899999,150480.3135,604,445132.0,41669.2707,0
1695276900000,0.0932,0.0935,0.093,0.093,794560.0,1695277799999,74116.4725,279,450681.0,42048.1722,0
1695277800000,0.093,0.0936,0.0926,0.0927,635555.0,1695278699999,59168.4455,269,416992.0,38851.8877,0
1695278700000,0.0927,0.0932,0.0927,0.0929,237544.0,1695279599999,22087.1105,112,122068.0,11349.3576,0
1695279600000,0.0929,0.0935,0.0929,0.0935,336142.0,1695280499999,31313.458,153,245061.0,22834.7171,0
1695280500000,0.0935,0.0941,0.0934,0.094,631805.0,1695281399999,59219.1022,242,511790.0,47962.085,0
1695281400000,0.0941,0.0941,0.0935,0.0935,410426.0,1695282299999,38503.0905,128,189319.0,17767.0874,0
1695282300000,0.0934,0.0935,0.093,0.093,354891.0,1695283199999,33120.0933,131,108752.0,10154.5991,0
1695283200000,0.093,0.0936,0.0929,0.0936,1005262.0,1695284099999,93779.4622,275,606583.0,56588.2562,0
1695284100000,0.0936,0.0936,0.093,0.0934,469417.0,1695284999999,43787.2528,184,237566.0,22158.7591,0
1695285000000,0.0934,0.0937,0.0934,0.0937,295426.0,1695285899999,27641.2166,79,178975.0,16745.7908,0
1695285900000,0.0936,0.0939,0.0935,0.0936,1480537.0,1695286799999,138870.4091,230,322825.0,30279.9879,0
1695286800000,0.0936,0.0938,0.0933,0.0938,263585.0,1695287699999,24631.6137,118,85905.0,8036.9993,0
1695287700000,0.0937,0.0937,0.0927,0.093,633750.0,1695288599999,59006.375,264,283064.0,26348.0297,0
1695288600000,0.093,0.0932,0.0928,0.0932,342176.0,1695289499999,31815.2888,135,119588.0,11122.9979,0
1695289500000,0.093,0.0932,0.091,0.0913,2702990.0,1695290399999,248669.8512,974,617772.0,56893.4345,0
1695290400000,0.0912,0.0918,0.0912,0.0917,903483.0,1695291299999,82678.7234,304,471236.0,43167.7344,0
1695291300000,0.0917,0.0917,0.0911,0.0913,1198674.0,1695292199999,109503.6744,374,439638.0,40179.7216,0
1695292200000,0.0913,0.0922,0.0913,0.092,527512.0,1695293099999,48405.0451,247,358074.0,32853.5794,0
1695293100000,0.092,0.092,0.0911,0.0912,866332.0,1695293999999,79303.8232,346,514909.0,47150.929,0
1695294000000,0.0912,0.0919,0.0911,0.0919,551618.0,1695294899999,50517.9441,250,312641.0,28644.071,0
1695294900000,0.0919,0.0922,0.0918,0.0921,347338.0,1695295799999,31958.9082,203,255450.0,23506.1982,0
1695295800000,0.0922,0.0922,0.0918,0.0919,198272.0,1695296699999,18227.9908,98,98179.0,9031.1976,0
1695296700000,0.0919,0.0921,0.0919,0.092,60283.0,1695297599999,5542.6867,40,53115.0,4883.6023,0
1695297600000,0.0919,0.0921,0.0918,0.0919,175358.0,1695298499999,16123.2691,72,38830.0,3571.7905,0
1695298500000,0.0919,0.0919,0.0915,0.0917,555992.0,1695299399999,50939.3032,127,139406.0,12789.5764,0
1695299400000,0.0916,0.0919,0.0914,0.0919,535545.0,1695300299999,49061.8729,230,219570.0,20116.9314,0
1695300300000,0.0919,0.092,0.0915,0.0918,231193.0,1695301199999,21206.9146,124,72337.0,6636.0168,0
1695301200000,0.0918,0.0921,0.0918,0.0919,103600.0,1695302099999,9528.3535,65,81380.0,7485.1761,0
1695302100000,0.0919,0.0919,0.0916,0.0918,360341.0,1695302999999,33036.37,196,197368.0,18092.2236,0
1695303000000,0.0917,0.0918,0.0911,0.0914,681168.0,1695303899999,62218.7142,300,270669.0,24741.8797,0
1695303900000,0.0913,0.0916,0.0912,0.0915,487229.0,1695304799999,44530.1992,208,129130.0,11805.2444,0
1695304800000,0.0914,0.0919,0.0912,0.0917,267791.0,1695305699999,24507.0505,133,85700.0,7846.4271,0
1695305700000,0.0918,0.0925,0.0918,0.0924,193660.0,1695306599999,17870.6526,98,176890.0,16324.1356,0
1695306600000,0.0924,0.0924,0.0922,0.0922,237937.0,1695307499999,21957.3915,138,89791.0,8290.8829,0
1695307500000,0.0922,0.0925,0.0922,0.0922,108216.0,1695308399999,9991.9949,72,46778.0,4320.8431,0
1695308400000,0.0923,0.0924,0.0922,0.0922,99297.0,1695309299999,9159.5736,49,32861.0,3033.0082,0
1695309300000,0.0922,0.0923,0.092,0.0922,64189.0,1695310199999,5913.5368,33,14813.0,1365.8121,0
1695310200000,0.0921,0.0923,0.092,0.0923,43492.0,1695311099999,4005.602,23,10061.0,926.8769,0
1695311100000,0.0923,0.0925,0.0922,0.0923,201976.0,1695311999999,18657.7234,81,155554.0,14372.4208,0
1695312000000,0.0923,0.0923,0.0918,0.092,106817.0,1695312899999,9833.7847,63,62967.0,5797.6182,0
1695312900000,0.092,0.092,0.0917,0.0918,85795.0,1695313799999,7875.7737,45,11937.0,1095.8881,0
1695313800000,0.0917,0.092,0.0916,0.0917,153503.0,1695314699999,14078.5875,84,51913.0,4762.197,0
1695314700000,0.0918,0.0919,0.0916,0.0917,84185.0,1695315599999,7723.3822,52,33795.0,3102.9814,0
1695315600000,0.0917,0.0921,0.0917,0.092,300100.0,1695316499999,27587.5839,114,171133.0,15740.3314,0
1695316500000,0.0921,0.0922,0.092,0.092,168516.0,1695317399999,15512.1058,51,40367.0,3719.9369,0
1695317400000,0.092,0.0921,0.0917,0.0918,58317.0,1695318299999,5363.337,30,33674.0,3097.7301,0
1695318300000,0.0918,0.0919,0.0918,0.0919,60691.0,1695319199999,5576.1513,36,44721.0,4108.5083,0
1695319200000,0.0919,0.0919,0.0917,0.0917,201075.0,1695320099999,18465.2988,68,14323.0,1314.8732,0
1695320100000,0.0917,0.092,0.0917,0.0919,254473.0,1695320999999,23381.9773,66,245139.0,22523.7892,0
1695321000000,0.0918,0.092,0.0918,0.0918,43507.0,1695321899999,3996.4731,39,16144.0,1483.009,0
1695321900000,0.0918,0.0919,0.0917,0.0917,84041.0,1695322799999,7712.3149,41,18770.0,1724.3344,0
1695322800000,0.0918,0.0918,0.0917,0.0917,50277.0,1695323699999,4613.4001,23,18255.0,1675.809,0
1695323700000,0.0917,0.0917,0.0915,0.0917,137982.0,1695324599999,12647.0512,49,22721.0,2082.4221,0
1695324600000,0.0916,0.0917,0.0914,0.0914,144006.0,1695325499999,13178.2103,64,62927.0,5761.0148,0
1695325500000,0.0914,0.0918,0.0914,0.0916,293781.0,1695326399999,26923.5776,100,52304.0,4790.891,0
1695326400000,0.0916,0.0917,0.0914,0.0914,110934.0,1695327299999,10160.569,80,49432.0,4527.2353,0
1695327300000,0.0915,0.0916,0.0909,0.0911,490455.0,1695328199999,44709.9942,189,215739.0,19667.8069,0
1695328200000,0.091,0.0914,0.091,0.0912,205504.0,1695329099999,18740.7607,107,140665.0,12829.1868,0
1695329100000,0.0913,0.0915,0.0913,0.0914,174585.0,1695329999999,15950.4789,54,115255.0,10530.965,0
1695330000000,0.0914,0.0914,0.0911,0.0912,233478.0,1695330899999,21310.7138,72,186082.0,16985.909,0
1695330900000,0.0913,0.0914,0.0913,0.0913,47233.0,1695331799999,4313.5804,33,12860.0,1174.6078,0
1695331800000,0.0914,0.0914,0.091,0.0912,110149.0,1695332699999,10042.1051,54,35680.0,3251.922,0
1695332700000,0.0913,0.0918,0.0913,0.0918,117777.0,1695333599999,10778.3937,62,73161.0,6697.0687,0
1695333600000,0.0917,0.0918,0.0913,0.0914,61901.0,1695334499999,5666.2701,33,47717.0,4368.4128,0
1695334500000,0.0915,0.0915,0.0913,0.0915,149298.0,1695335399999,13654.2029,37,113408.0,10376.3796,0
1695335400000,0.0915,0.0917,0.0914,0.0916,32239.0,1695336299999,2951.5769,31,8831.0,808.6458,0
1695336300000,0.0917,0.0919,0.0917,0.0918,76065.0,1695337199999,6983.071,53,59077.0,5423.7726,0
1695337200000,0.0919,0.0921,0.0918,0.0918,162419.0,1695338099999,14935.161,63,91879.0,8449.6096,0
1695338100000,0.0918,0.0918,0.0915,0.0917,280303.0,1695338999999,25720.4619,55,80835.0,7412.929,0
1695339000000,0.0916,0.0918,0.0916,0.0917,108130.0,1695339899999,9910.9427,38,17490.0,1604.7527,0
1695339900000,0.0917,0.0921,0.0917,0.092,157791.0,1695340799999,14501.8694,66,78749.0,7237.8685,0
1695340800000,0.0919,0.0919,0.0902,0.0905,1368476.0,1695341699999,124122.9717,649,627329.0,56855.0876,0
1695341700000,0.0905,0.0908,0.0896,0.0902,696029.0,1695342599999,62711.7486,333,206395.0,18598.0243,0
1695342600000,0.0902,0.0909,0.0902,0.0909,230581.0,1695343499999,20907.2559,109,144917.0,13143.629,0
1695343500000,0.0909,0.0917,0.0909,0.0916,250432.0,1695344399999,22881.6569,130,228470.0,20878.7592,0
1695344400000,0.0916,0.0917,0.0906,0.0909,203147.0,1695345299999,18509.2911,123,60839.0,5532.3618,0
1695345300000,0.0909,0.0915,0.0909,0.0914,246692.0,1695346199999,22530.6852,111,130867.0,11953.107,0
1695346200000,0.0914,0.0918,0.0914,0.0918,77689.0,1695347099999,7120.1148,85,54556.0,5002.2408,0
1695347100000,0.0918,0.0923,0.0916,0.0923,1281927.0,1695347999999,118080.4058,310,892859.0,82238.4152,0
1695348000000,0.0922,0.0923,0.0916,0.0916,112727.0,1695348899999,10367.9111,74,57394.0,5283.1086,0
1695348900000,0.0917,0.0918,0.0916,0.0916,84926.0,1695349799999,7787.0022,57,66654.0,6110.658,0
1695349800000,0.0916,0.0917,0.0914,0.0914,94399.0,1695350699999,8645.7823,37,29169.0,2671.9543,0
1695350700000,0.0914,0.0918,0.0914,0.0917,163901.0,1695351599999,15034.4222,56,72956.0,6687.3901,0
1695351600000,0.0918,0.0921,0.0917,0.0919,174356.0,1695352499999,16020.4634,95,119335.0,10969.1369,0
1695352500000,0.0921,0.0929,0.0919,0.0921,368076.0,1695353399999,34011.2176,219,269519.0,24909.9846,0
1695353400000,0.0922,0.0931,0.0921,0.0926,306435.0,1695354299999,28424.8396,167,181387.0,16828.7544,0
1695354300000,0.0926,0.0934,0.0925,0.0933,306490.0,1695355199999,28503.1959,198,209058.0,19445.3131,0
1695355200000,0.0933,0.0934,0.0927,0.093,124731.0,1695356099999,11593.6602,82,41232.0,3834.8389,0
1695356100000,0.093,0.0932,0.0928,0.0932,141261.0,1695356999999,13144.4762,67,77617.0,7224.8463,0
1695357000000,0.0932,0.0932,0.0926,0.0928,81066.0,1695357899999,7527.5486,46,8305.0,770.3509,0
1695357900000,0.0928,0.0928,0.0923,0.0923,230664.0,1695358799999,21338.6975,90,31955.0,2955.51,0
1695358800000,0.0925,0.0925,0.0921,0.0923,89131.0,1695359699999,8221.5861,54,13903.0,1282.4145,0
1695359700000,0.0924,0.0924,0.0923,0.0924,86072.0,1695360599999,7945.1963,55,5656.0,522.6144,0
1695360600000,0.0924,0.0925,0.0923,0.0925,34330.0,1695361499999,3171.1465,27,11633.0,1074.4267,0
1695361500000,0.0926,0.0929,0.0926,0.0927,89222.0,1695362399999,8277.0561,59,33830.0,3140.9476,0
1695362400000,0.0928,0.0931,0.0926,0.0929,500070.0,1695363299999,46494.1556,219,315021.0,29288.3926,0
1695363300000,0.0929,0.093,0.0926,0.0927,130526.0,1695364199999,12105.7167,53,31408.0,2912.6904,0
1695364200000,0.0928,0.0928,0.0923,0.0923,212183.0,1695365099999,19619.3247,72,60006.0,5556.6196,0
1695365100000,0.0923,0.0924,0.0922,0.0922,86821.0,1695365999999,8007.2226,61,12141.0,1119.9662,0
1695366000000,0.0922,0.0925,0.0921,0.0923,125208.0,1695366899999,11550.0661,56,51321.0,4736.7921,0
1695366900000,0.0922,0.0923,0.0918,0.0918,449900.0,1695367799999,41385.1322,127,25362.0,2332.6659,0
1695367800000,0.0919,0.0921,0.0919,0.0921,109899.0,1695368699999,10110.9862,52,89393.0,8223.9342,0
1695368700000,0.0921,0.0926,0.0921,0.0925,333666.0,1695369599999,30838.729,87,231400.0,21393.2165,0
1695369600000,0.0925,0.0927,0.0924,0.0927,194585.0,1695370499999,18015.4646,80,104002.0,9633.2769,0
1695370500000,0.0927,0.0928,0.0925,0.0925,120182.0,1695371399999,11136.0473,58,47174.0,4372.5713,0
1695371400000,0.0926,0.0926,0.0926,0.0926,33837.0,1695372299999,3133.3062,17,29553.0,2736.6078,0
1695372300000,0.0925,0.0927,0.0923,0.0923,507810.0,1695373199999,46984.7829,72,52435.0,4855.481,0
1695373200000,0.0923,0.0923,0.0921,0.0921,22008.0,1695374099999,2028.8,19,356.0,32.8232,0
1695374100000,0.0921,0.0922,0.092,0.092,56724.0,1695374999999,5224.6307,34,17701.0,1632.0195,0
1695375000000,0.092,0.0921,0.0918,0.0921,356134.0,1695375899999,32738.2523,116,82894.0,7620.2515,0
1695375900000,0.0921,0.0921,0.0921,0.0921,9032.0,1695376799999,831.8472,7,0.0,0.0,0
1695376800000,0.0921,0.0922,0.0921,0.0921,50586.0,1695377699999,4663.39,26,40194.0,3705.8868,0
1695377700000,0.0922,0.0923,0.0921,0.0922,54049.0,1695378599999,4983.374,26,23834.0,2197.5742,0
1695378600000,0.0923,0.0923,0.0921,0.0922,56964.0,1695379499999,5252.9445,26,28191.0,2599.9276,0
1695379500000,0.0921,0.0922,0.092,0.092,102245.0,1695380399999,9411.6535,41,22246.0,2048.9915,0
1695380400000,0.0921,0.0923,0.092,0.0922,113775.0,1695381299999,10486.5716,32,92278.0,8505.6898,0
1695381300000,0.0923,0.0924,0.0922,0.0922,49888.0,1695382199999,4602.6748,33,18333.0,1691.8079,0
1695382200000,0.0922,0.0925,0.0922,0.0925,106664.0,1695383099999,9853.8832,46,40287.0,3721.5827,0
1695383100000,0.0925,0.0927,0.0925,0.0927,68701.0,1695383999999,6358.9408,44,37641.0,3485.8908,0
1695384000000,0.0926,0.0927,0.0922,0.0923,137063.0,1695384899999,12673.2502,47,19038.0,1758.7916,0
1695384900000,0.0923,0.0925,0.0922,0.0924,28403.0,1695385799999,2622.9206,34,12362.0,1141.858,0
1695385800000,0.0925,0.0925,0.092,0.0922,145311.0,1695386699999,13377.5207,83,72017.0,6630.2973,0
1695386700000,0.0921,0.0922,0.0919,0.0919,164762.0,1695387599999,15155.5497,94,37208.0,3425.7287,0
1695387600000,0.0918,0.0919,0.0917,0.0919,97076.0,1695388499999,8913.5632,46,30773.0,2827.0141,0
1695388500000,0.0918,0.0922,0.0918,0.0921,41170.0,1695389399999,3788.6694,33,15239.0,1404.2877,0
1695389400000,0.0921,0.0921,0.0914,0.0916,268810.0,1695390299999,24617.601,122,24080.0,2207.9778,0
1695390300000,0.0917,0.0919,0.0914,0.0917,118164.0,1695391199999,10832.1211,65,30208.0,2767.9054,0
1695391200000,0.0916,0.092,0.0915,0.0917,102145.0,1695392099999,9368.7627,55,34985.0,3212.9783,0
1695392100000,0.0917,0.0918,0.0915,0.0918,64105.0,1695392999999,5872.4426,42,25837.0,2368.2681,0
1695393000000,0.0918,0.0921,0.0918,0.0919,119233.0,1695393899999,10963.3128,54,28048.0,2580.4797,0
1695393900000,0.092,0.092,0.0918,0.092,72377.0,1695394799999,6657.4919,32,39207.0,3606.2519,0
1695394800000,0.092,0.0921,0.0918,0.0918,104442.0,1695395699999,9601.4321,39,56194.0,5165.1587,0
1695395700000,0.0918,0.092,0.0916,0.0919,202082.0,1695396599999,18564.027,77,30708.0,2820.1859,0
1695396600000,0.0918,0.0922,0.0918,0.0918,177096.0,1695397499999,16292.4232,70,122161.0,11241.3777,0
1695397500000,0.0919,0.0919,0.0917,0.0917,171132.0,1695398399999,15702.5611,47,46071.0,4224.7595,0
1695398400000,0.0917,0.0918,0.0914,0.0917,807347.0,1695399299999,73927.4445,233,686809.0,62888.5902,0
1695399300000,0.0917,0.0917,0.0912,0.0913,560290.0,1695400199999,51198.0368,153,148611.0,13582.9727,0
1695400200000,0.0913,0.0913,0.0909,0.0911,885541.0,1695401099999,80685.4507,267,698724.0,63675.4684,0
1695401100000,0.0911,0.0911,0.0908,0.091,322293.0,1695401999999,29315.4873,155,114240.0,10391.435,0
1695402000000,0.091,0.0913,0.0909,0.0911,205188.0,1695402899999,18693.8505,101,66303.0,6042.6366,0
1695402900000,0.0911,0.0913,0.0911,0.0912,114375.0,1695403799999,10430.2154,65,70539.0,6432.6455,0
1695403800000,0.0912,0.0914,0.0911,0.0913,121890.0,1695404699999,11121.2009,71,50201.0,4581.8856,0
1695404700000,0.0912,0.0917,0.0911,0.0917,195693.0,1695405599999,17904.8977,98,93215.0,8531.5048,0
1695405600000,0.0916,0.0918,0.0916,0.0917,72755.0,1695406499999,6674.1605,48,55460.0,5088.8482,0
1695406500000,0.0917,0.092,0.0917,0.0918,117722.0,1695407399999,10813.5908,49,52843.0,4853.5251,0
1695407400000,0.0919,0.092,0.0916,0.0918,65338.0,1695408299999,6000.574,34,43502.0,3996.1687,0
1695408300000,0.0917,0.092,0.0917,0.0919,159653.0,1695409199999,14666.6812,89,44118.0,4054.9074,0
1695409200000,0.0919,0.0922,0.0919,0.0919,243525.0,1695410099999,22439.6096,82,138631.0,12780.2587,0
1695410100000,0.0919,0.0921,0.0918,0.0918,167947.0,1695410999999,15433.8428,70,37572.0,3454.5467,0
1695411000000,0.0918,0.0918,0.0915,0.0915,35845.0,1695411899999,3286.6264,34,749.0,68.731,0
1695411900000,0.0915,0.0917,0.0915,0.0916,72652.0,1695412799999,6652.876,58,31957.0,2927.5612,0
1695412800000,0.0916,0.0918,0.0916,0.0918,42787.0,1695413699999,3926.4405,29,33439.0,3069.2003,0
1695413700000,0.0918,0.0918,0.0916,0.0917,64328.0,1695414599999,5899.6242,31,21758.0,1995.5086,0
1695414600000,0.0917,0.0917,0.0914,0.0915,41821.0,1695415499999,3827.2414,36,277.0,25.3833,0
1695415500000,0.0914,0.0917,0.0914,0.0916,57280.0,1695416399999,5245.8303,39,13419.0,1228.3865,0
1695416400000,0.0916,0.0916,0.0913,0.0915,96620.0,1695417299999,8836.1417,57,57337.0,5243.8548,0
1695417300000,0.0915,0.0918,0.0915,0.0917,130830.0,1695418199999,11986.8777,82,31801.0,2912.873,0
1695418200000,0.0916,0.092,0.0916,0.0919,163177.0,1695419099999,15004.4398,53,142301.0,13085.5953,0
1695419100000,0.0919,0.0922,0.0919,0.0921,74929.0,1695419999999,6897.0085,49,59139.0,5443.2469,0
1695420000000,0.0922,0.0931,0.0922,0.0924,732803.0,1695420899999,67942.3118,385,421426.0,39110.2806,0
1695420900000,0.0926,0.0928,0.0925,0.0928,263932.0,1695421799999,24441.9323,102,174690.0,16184.2087,0
1695421800000,0.0928,0.0928,0.0921,0.0927,610199.0,1695422699999,56485.1276,229,261423.0,24185.6353,0
1695422700000,0.0928,0.0928,0.0924,0.0925,276141.0,1695423599999,25570.2909,139,151445.0,14027.0953,0
1695423600000,0.0926,0.0927,0.092,0.0921,117438.0,1695424499999,10861.5784,81,52276.0,4845.1262,0
1695424500000,0.0921,0.0924,0.0919,0.0921,105522.0,1695425399999,9726.3927,62,48588.0,4481.1826,0
1695425400000,0.0922,0.0923,0.0919,0.0919,314673.0,1695426299999,28964.8703,83,56424.0,5199.1804,0
1695426300000,0.0919,0.0922,0.0919,0.0921,265526.0,1695427199999,24469.4377,71,156980.0,14469.805,0
1695427200000,0.092,0.0926,0.092,0.0923,489003.0,1695428099999,45174.0246,202,89687.0,8280.0995,0
1695428100000,0.0923,0.0923,0.0918,0.0919,261754.0,1695428999999,24098.4292,122,88372.0,8136.1193,0
1695429000000,0.0919,0.0919,0.0914,0.0917,338879.0,1695429899999,31042.9011,231,124982.0,11452.2588,0
1695429900000,0.0916,0.092,0.0915,0.0918,452461.0,1695430799999,41488.2521,216,142095.0,13030.6332,0
1695430800000,0.0918,0.0919,0.0914,0.0918,304382.0,1695431699999,27913.5422,99,185925.0,17055.6112,0
1695431700000,0.0919,0.0922,0.0918,0.092,111937.0,1695432599999,10293.8404,77,62508.0,5749.4212,0
1695432600000,0.092,0.0923,0.0918,0.0922,66452.0,1695433499999,6116.069,48,33343.0,3070.8262,0
1695433500000,0.0921,0.0922,0.0921,0.0921,42583.0,1695434399999,3923.2588,25,22054.0,2031.5734,0
1695434400000,0.0922,0.0922,0.0919,0.0919,280497.0,1695435299999,25827.8413,86,81705.0,7526.5356,0
1695435300000,0.092,0.0921,0.0914,0.0914,436820.0,1695436199999,40047.0376,153,43869.0,4026.9641,0
1695436200000,0.0914,0.0915,0.0911,0.0912,435552.0,1695437099999,39776.3565,149,323927.0,29584.9151,0
1695437100000,0.0912,0.0914,0.0911,0.0913,61956.0,1695437999999,5652.9937,38,31707.0,2893.7518,0
1695438000000,0.0914,0.0914,0.0909,0.0914,228847.0,1695438899999,20851.5727,140,99072.0,9032.9738,0
1695438900000,0.0912,0.0918,0.0909,0.0917,131700.0,1695439799999,12055.7206,78,96568.0,8846.8491,0
1695439800000,0.0917,0.0918,0.0914,0.0916,35559.0,1695440699999,3261.3068,34,25752.0,2362.3859,0
1695440700000,0.0916,0.0916,0.0912,0.0914,134102.0,1695441599999,12246.3963,59,20558.0,1877.9439,0
1695441600000,0.0914,0.0915,0.0909,0.0915,154939.0,1695442499999,14123.6764,84,36269.0,3309.7058,0
1695442500000,0.0915,0.0915,0.0912,0.0915,95476.0,1695443399999,8714.5243,58,13789.0,1258.8277,0
1695443400000,0.0914,0.0915,0.0914,0.0914,18305.0,1695444299999,1674.3703,13,8157.0,746.3655,0
1695444300000,0.0914,0.0914,0.0912,0.0914,151628.0,1695445199999,13844.3501,84,49934.0,4561.5697,0
1695445200000,0.0913,0.0914,0.0912,0.0914,178761.0,1695446099999,16323.7873,103,61521.0,5619.2821,0
1695446100000,0.0914,0.0914,0.0911,0.0914,197230.0,1695446999999,18002.222,99,58135.0,5308.7838,0
1695447000000,0.0913,0.0915,0.0913,0.0913,146228.0,1695447899999,13363.657,50,71663.0,6549.8563,0
1695447900000,0.0913,0.0913,0.091,0.091,91387.0,1695448799999,8325.8439,47,32328.0,2945.428,0
1695448800000,0.0911,0.0912,0.091,0.0912,52180.0,1695449699999,4752.1565,30,10980.0,1000.6011,0
1695449700000,0.0912,0.0914,0.0912,0.0913,121913.0,1695450599999,11140.2339,49,92383.0,8442.9564,0
1695450600000,0.0913,0.0913,0.0911,0.0912,112292.0,1695451499999,10236.4741,65,33097.0,3018.066,0
1695451500000,0.0912,0.0914,0.0912,0.0912,71803.0,1695452399999,6551.4299,49,58724.0,5358.1469,0
1695452400000,0.0913,0.0914,0.0906,0.0909,1159045.0,1695453299999,105282.8977,277,91695.0,8336.8967,0
1695453300000,0.0909,0.0911,0.0909,0.091,113425.0,1695454199999,10324.2599,59,86308.0,7856.735,0
1695454200000,0.091,0.0911,0.0909,0.091,210796.0,1695455099999,19196.3029,79,197681.0,18002.5085,0
1695455100000,0.091,0.091,0.0907,0.0908,95396.0,1695455999999,8669.2718,53,25100.0,2281.5891,0
1695456000000,0.0908,0.0908,0.0904,0.0906,291086.0,1695456899999,26377.7048,151,137642.0,12481.8846,0
1695456900000,0.0906,0.0908,0.0903,0.0905,359573.0,1695457799999,32541.4877,133,151181.0,13701.768,0
1695457800000,0.0905,0.0906,0.0905,0.0906,252938.0,1695458699999,22900.061,73,178528.0,16165.956,0
1695458700000,0.0905,0.0906,0.0905,0.0906,158208.0,1695459599999,14329.6216,60,85531.0,7747.2175,0
1695459600000,0.0905,0.091,0.0905,0.0909,121640.0,1695460499999,11019.6953,102,62082.0,5623.7113,0
1695460500000,0.0908,0.091,0.0908,0.0909,143590.0,1695461399999,13048.9288,68,85095.0,7736.0131,0
1695461400000,0.0908,0.0911,0.0908,0.091,424146.0,1695462299999,38565.9479,149,274607.0,24981.0823,0
1695462300000,0.0911,0.0911,0.0907,0.0908,487358.0,1695463199999,44292.5122,292,124577.0,11327.9822,0
1695463200000,0.0908,0.0909,0.0906,0.0907,358480.0,1695464099999,32506.8042,131,102785.0,9320.0491,0
1695464100000,0.0907,0.0907,0.0905,0.0905,112974.0,1695464999999,10235.0977,39,1250.0,113.375,0
1695465000000,0.0906,0.0908,0.0906,0.0907,45968.0,1695465899999,4169.7995,44,35945.0,3260.3604,0
1695465900000,0.0907,0.0909,0.0907,0.0908,62763.0,1695466799999,5699.5785,41,19339.0,1756.7674,0
1695466800000,0.0908,0.091,0.0907,0.0907,116152.0,1695467699999,10548.444,52,53107.0,4824.8384,0
1695467700000,0.091,0.091,0.0907,0.0908,83822.0,1695468599999,7610.983,40,17805.0,1616.8315,0
1695468600000,0.0908,0.091,0.0905,0.0908,311437.0,1695469499999,28260.9574,112,179320.0,16273.421,0
1695469500000,0.0908,0.091,0.0908,0.0909,128356.0,1695470399999,11667.5058,126,91023.0,8274.7873,0
1695470400000,0.0909,0.091,0.0909,0.091,25965.0,1695471299999,2360.2318,14,25965.0,2360.2318,0
1695471300000,0.0909,0.0911,0.0908,0.0908,276994.0,1695472199999,25172.5924,113,55062.0,5007.7844,0
1695472200000,0.0909,0.091,0.0908,0.0908,38676.0,1695473099999,3515.0062,40,22463.0,2042.8117,0
1695473100000,0.0909,0.0909,0.0904,0.0904,256935.0,1695473999999,23255.1969,154,130495.0,11813.1786,0
1695474000000,0.0905,0.0906,0.0902,0.0903,109430.0,1695474899999,9895.2914,80,39044.0,3530.7018,0
1695474900000,0.0903,0.0904,0.09,0.0901,221542.0,1695475799999,19983.2142,111,79565.0,7182.0752,0
1695475800000,0.0901,0.0902,0.0898,0.0899,412239.0,1695476699999,37064.1868,165,155268.0,13964.1205,0
1695476700000,0.09,0.0901,0.0895,0.0896,747953.0,1695477599999,67088.5085,191,477389.0,42844.739,0
1695477600000,0.0896,0.0901,0.0896,0.0899,528679.0,1695478499999,47464.4665,168,287147.0,25783.8771,0
1695478500000,0.0899,0.0901,0.0897,0.0901,390979.0,1695479399999,35128.2477,125,185335.0,16652.6377,0
1695479400000,0.0901,0.0902,0.0899,0.09,65785.0,1695480299999,5924.5172,49,37413.0,3369.5447,0
1695480300000,0.0899,0.09,0.0898,0.09,84636.0,1695481199999,7608.5925,38,71103.0,6392.6935,0
1695481200000,0.0899,0.0899,0.0894,0.0895,402296.0,1695482099999,36071.862,233,97636.0,8754.1007,0
1695482100000,0.0896,0.0897,0.0888,0.089,638493.0,1695482999999,56958.2441,277,156808.0,14006.599,0
1695483000000,0.089,0.0894,0.089,0.0893,174317.0,1695483899999,15551.3485,116,53992.0,4816.6293,0
1695483900000,0.0893,0.0896,0.0893,0.0896,42442.0,1695484799999,3796.7833,29,31439.0,2814.163,0
1695484800000,0.0896,0.0897,0.0889,0.0889,207501.0,1695485699999,18560.3533,66,44666.0,3983.7288,0
1695485700000,0.089,0.089,0.0886,0.089,551794.0,1695486599999,48997.1636,221,119556.0,10622.0922,0
1695486600000,0.089,0.0891,0.0888,0.089,270670.0,1695487499999,24092.6476,115,184111.0,16400.4876,0
1695487500000,0.0891,0.0893,0.089,0.0893,150447.0,1695488399999,13418.1234,95,59293.0,5290.8125,0
1695488400000,0.0894,0.0894,0.0892,0.0893,153849.0,1695489299999,13742.2818,89,66273.0,5920.4283,0
1695489300000,0.0893,0.0898,0.0893,0.0897,92830.0,1695490199999,8312.7868,59,69476.0,6224.7944,0
1695490200000,0.0897,0.0898,0.0895,0.0895,117628.0,1695491099999,10550.0975,64,57121.0,5124.2917,0
1695491100000,0.0897,0.0898,0.0897,0.0898,20603.0,1695491999999,1848.8301,15,6325.0,567.554,0
1695492000000,0.0899,0.0902,0.0898,0.0901,44172.0,1695492899999,3974.8429,49,42282.0,3804.9845,0
1695492900000,0.0902,0.0905,0.0901,0.0901,216284.0,1695493799999,19541.1502,104,167051.0,15094.4504,0
1695493800000,0.0901,0.0901,0.09,0.0901,41761.0,1695494699999,3762.6209,32,13933.0,1255.3633,0
1695494700000,0.0901,0.0904,0.0901,0.0904,177580.0,1695495599999,16038.3278,66,101732.0,9189.9021,0
1695495600000,0.0903,0.0904,0.0903,0.0903,38901.0,1695496499999,3514.0011,25,7082.0,640.199,0
1695496500000,0.0902,0.0903,0.0901,0.0901,31529.0,1695497399999,2843.7564,22,2996.0,270.5388,0
1695497400000,0.0902,0.0905,0.0902,0.0904,94262.0,1695498299999,8517.0188,42,60878.0,5504.1698,0
1695498300000,0.0904,0.0904,0.0901,0.0901,118787.0,1695499199999,10714.4554,71,11765.0,1061.346,0
1695499200000,0.0901,0.0903,0.0901,0.0902,91875.0,1695500099999,8283.0261,40,32315.0,2914.3989,0
1695500100000,0.0902,0.0904,0.0901,0.0903,113714.0,1695500999999,10255.9937,45,43816.0,3956.1704,0
1695501000000,0.0904,0.0905,0.0903,0.0905,93047.0,1695501899999,8413.5202,41,44326.0,4008.4272,0
1695501900000,0.0905,0.0907,0.0905,0.0907,78761.0,1695502799999,7138.1213,34,53029.0,4808.2339,0
1695502800000,0.0907,0.0907,0.0902,0.0904,241210.0,1695503699999,21784.5556,80,114927.0,10384.8898,0
1695503700000,0.0904,0.0906,0.0904,0.0904,117464.0,1695504599999,10631.153,53,59471.0,5379.2113,0
1695504600000,0.0904,0.0909,0.0904,0.0905,166838.0,1695505499999,15127.0553,110,125897.0,11415.1943,0
1695505500000,0.0905,0.0908,0.0904,0.0908,133298.0,1695506399999,12072.2971,61,104687.0,9483.1277,0
1695506400000,0.0907,0.0908,0.0905,0.0905,89890.0,1695507299999,8149.3435,46,48283.0,4377.0844,0
1695507300000,0.0906,0.0906,0.0905,0.0905,101373.0,1695508199999,9178.7841,33,30471.0,2759.3981,0
1695508200000,0.0905,0.0905,0.0903,0.0904,158573.0,1695509099999,14335.4033,51,95402.0,8624.7559,0
1695509100000,0.0905,0.0908,0.0905,0.0906,182605.0,1695509999999,16550.7942,76,70185.0,6358.1763,0
1695510000000,0.0905,0.0907,0.0904,0.0907,111937.0,1695510899999,10139.5073,43,80480.0,7291.8692,0
1695510900000,0.0908,0.0911,0.0904,0.0905,154729.0,1695511799999,14039.1021,83,62045.0,5630.2648,0
1695511800000,0.0905,0.091,0.0905,0.091,110167.0,1695512699999,9998.557,66,65667.0,5959.2976,0
1695512700000,0.091,0.0913,0.0907,0.0913,415845.0,1695513599999,37854.856,154,202860.0,18478.3087,0
1695513600000,0.0913,0.0913,0.0906,0.0906,463839.0,1695514499999,42166.542,152,141129.0,12835.4903,0
1695514500000,0.0906,0.0906,0.0902,0.0902,225072.0,1695515399999,20350.468,87,72172.0,6525.6636,0
1695515400000,0.0903,0.0905,0.0899,0.0899,283550.0,1695516299999,25585.3428,100,144506.0,13041.1051,0
1695516300000,0.0899,0.0903,0.0898,0.09,513274.0,1695517199999,46226.7781,153,249409.0,22464.8532,0
1695517200000,0.09,0.0902,0.0899,0.0902,346400.0,1695518099999,31185.7396,100,186193.0,16764.1101,0
1695518100000,0.0902,0.0912,0.0899,0.0911,1685473.0,1695518999999,152951.8912,313,1359739.0,123457.2407,0
1695519000000,0.091,0.0911,0.0903,0.0903,137826.0,1695519899999,12503.8114,91,50984.0,4626.8752,0
1695519900000,0.0902,0.0903,0.0901,0.0903,153230.0,1695520799999,13821.6417,76,84199.0,7595.1772,0
1695520800000,0.0902,0.0909,0.0902,0.0909,300841.0,1695521699999,27219.9841,95,221440.0,20039.1259,0
1695521700000,0.0909,0.0912,0.0906,0.0911,428569.0,1695522599999,38963.5878,164,265195.0,24109.6947,0
1695522600000,0.091,0.0914,0.0909,0.0913,332653.0,1695523499999,30311.2665,116,195109.0,17798.3694,0
1695523500000,0.0913,0.0915,0.0909,0.0909,139302.0,1695524399999,12713.2283,80,75846.0,6929.4393,0
1695524400000,0.0909,0.0915,0.0909,0.0911,178888.0,1695525299999,16329.1331,84,109650.0,10009.2446,0
1695525300000,0.0911,0.0913,0.0909,0.0912,291379.0,1695526199999,26553.3183,85,169689.0,15470.0548,0
1695526200000,0.0911,0.0914,0.091,0.091,202803.0,1695527099999,18493.6161,73,47863.0,4367.9273,0
1695527100000,0.0909,0.0909,0.0904,0.0907,197562.0,1695527999999,17918.5737,104,20741.0,1882.1296,0
1695528000000,0.0906,0.0906,0.0905,0.0905,49378.0,1695528899999,4470.5645,21,9501.0,860.3906,0
1695528900000,0.0905,0.0905,0.0902,0.0903,87891.0,1695529799999,7940.4684,44,11992.0,1083.3718,0
1695529800000,0.0903,0.0904,0.0901,0.0901,71993.0,1695530699999,6490.7873,35,6288.0,566.8882,0
1695530700000,0.0901,0.0905,0.0901,0.0904,125232.0,1695531599999,11308.3708,49,92476.0,8344.8599,0
1695531600000,0.0905,0.0906,0.0903,0.0906,39316.0,1695532499999,3553.7943,18,7731.0,699.6824,0
1695532500000,0.0906,0.0906,0.0903,0.0904,81878.0,1695533399999,7405.7738,32,21346.0,1930.0118,0
1695533400000,0.0904,0.0905,0.0902,0.0905,55989.0,1695534299999,5058.1609,21,9631.0,871.2055,0
1695534300000,0.0905,0.0906,0.0904,0.0904,58323.0,1695535199999,5279.1577,26,32263.0,2921.514,0
1695535200000,0.0904,0.0904,0.0902,0.0902,69041.0,1695536099999,6231.0669,27,8562.0,773.2655,0
1695536100000,0.0901,0.0903,0.0901,0.0902,114505.0,1695536999999,10328.5221,30,63778.0,5752.9758,0
1695537000000,0.0902,0.0904,0.0902,0.0904,113781.0,1695537899999,10276.1505,47,79621.0,7190.3671,0
1695537900000,0.0903,0.0903,0.0901,0.0902,198183.0,1695538799999,17893.4971,44,13803.0,1245.269,0
1695538800000,0.0901,0.0901,0.09,0.09,253483.0,1695539699999,22825.4257,73,40241.0,3624.9939,0
1695539700000,0.0899,0.0899,0.0898,0.0898,29089.0,1695540599999,2613.6426,23,7449.0,669.6651,0
1695540600000,0.0898,0.09,0.0898,0.0899,63510.0,1695541499999,5709.8406,43,21047.0,1892.6394,0
1695541500000,0.0899,0.09,0.0897,0.0897,32588.0,1695542399999,2929.3016,25,3627.0,326.05,0
1695542400000,0.0897,0.0901,0.0897,0.0901,121459.0,1695543299999,10934.0789,57,115331.0,10383.1193,0
1695543300000,0.0901,0.0902,0.0901,0.0901,31683.0,1695544199999,2854.6766,17,4067.0,366.475,0
1695544200000,0.0901,0.0903,0.0901,0.0903,87288.0,1695545099999,7875.6062,38,54569.0,4925.4291,0
1695545100000,0.0902,0.0903,0.0901,0.0902,28072.0,1695545999999,2531.275,22,8371.0,755.2143,0
1695546000000,0.0902,0.0904,0.0902,0.0903,88403.0,1695546899999,7978.8765,36,36967.0,3337.0706,0
1695546900000,0.0903,0.0903,0.09,0.09,90821.0,1695547799999,8183.3787,54,23623.0,2128.9213,0
1695547800000,0.09,0.0902,0.0898,0.0899,54931.0,1695548699999,4941.7595,35,17008.0,1529.8979,0
1695548700000,0.0899,0.0901,0.0899,0.09,25266.0,1695549599999,2273.9168,22,14853.0,1336.7468,0
1695549600000,0.09,0.09,0.0899,0.0899,29260.0,1695550499999,2631.3112,23,864.0,77.76,0
1695550500000,0.0899,0.0899,0.0896,0.0896,55848.0,1695551399999,5011.5689,37,12105.0,1088.0431,0
1695551400000,0.0897,0.0899,0.0897,0.0898,10265.0,1695552299999,921.0846,12,7698.0,690.568,0
1695552300000,0.0898,0.0899,0.0897,0.0899,29723.0,1695553199999,2668.9794,16,13352.0,1199.0207,0
1695553200000,0.0898,0.0901,0.0897,0.09,246754.0,1695554099999,22205.2357,55,214451.0,19304.8814,0
1695554100000,0.09,0.0901,0.09,0.09,194821.0,1695554999999,17546.8856,62,57930.0,5218.7865,0
1695555000000,0.0901,0.0901,0.0899,0.09,78366.0,1695555899999,7048.1336,24,8396.0,756.0129,0
1695555900000,0.0899,0.09,0.0898,0.09,119081.0,1695556799999,10711.9568,49,87991.0,7917.04,0
1695556800000,0.09,0.0901,0.0897,0.0897,142835.0,1695557699999,12848.8659,73,36986.0,3330.3967,0
1695557700000,0.0897,0.09,0.0897,0.0898,155554.0,1695558599999,13983.4139,57,62941.0,5659.7892,0
1695558600000,0.0898,0.0899,0.0895,0.0897,223303.0,1695559499999,20032.5578,121,83674.0,7507.8466,0
1695559500000,0.0896,0.0899,0.0896,0.0898,51059.0,1695560399999,4583.4323,39,24359.0,2187.8007,0
1695560400000,0.0899,0.09,0.0898,0.0898,64374.0,1695561299999,5784.036,34,25695.0,2309.3505,0
1695561300000,0.0899,0.0899,0.0897,0.0898,202387.0,1695562199999,18175.8625,72,97151.0,8725.3469,0
1695562200000,0.0899,0.0899,0.0896,0.0896,214145.0,1695563099999,19222.3535,89,61310.0,5503.6772,0
1695563100000,0.0895,0.0898,0.0893,0.0894,278981.0,1695563999999,24983.0206,128,64361.0,5766.1313,0
1695564000000,0.0894,0.0894,0.0891,0.0893,217540.0,1695564899999,19418.873,97,41836.0,3736.3916,0
1695564900000,0.0894,0.0896,0.0894,0.0895,141609.0,1695565799999,12672.46,51,29956.0,2681.2508,0
1695565800000,0.0895,0.0896,0.0894,0.0896,128957.0,1695566699999,11542.9175,43,16361.0,1465.6024,0
1695566700000,0.0897,0.0898,0.0894,0.0895,211433.0,1695567599999,18958.8231,93,160875.0,14431.1749,0
1695567600000,0.0896,0.0898,0.0894,0.0897,51975.0,1695568499999,4658.2634,29,23205.0,2081.9012,0
1695568500000,0.0897,0.0897,0.0895,0.0896,19857.0,1695569399999,1779.1966,17,9055.0,811.3595,0
1695569400000,0.0896,0.0897,0.0894,0.0897,149130.0,1695570299999,13354.9322,78,113078.0,10127.6306,0
1695570300000,0.0895,0.0896,0.0895,0.0896,24187.0,1695571199999,2165.6536,21,15830.0,1417.6874,0
1695571200000,0.0895,0.0896,0.0892,0.0894,181306.0,1695572099999,16184.7058,57,14872.0,1328.2986,0
1695572100000,0.0894,0.0894,0.0892,0.0893,31611.0,1695572999999,2822.7859,22,18999.0,1696.6107,0
1695573000000,0.0893,0.0896,0.0893,0.0894,38480.0,1695573899999,3441.2018,27,22133.0,1978.3898,0
1695573900000,0.0894,0.0895,0.0893,0.0895,77560.0,1695574799999,6934.1524,42,15443.0,1380.8164,0
1695574800000,0.0894,0.0895,0.0893,0.0894,23614.0,1695575699999,2111.2276,18,13411.0,1199.1015,0
1695575700000,0.0893,0.0893,0.0891,0.0892,102611.0,1695576599999,9156.217,50,23722.0,2117.3359,0
1695576600000,0.0892,0.0892,0.0889,0.0892,168389.0,1695577499999,15000.5752,89,66136.0,5897.8242,0
1695577500000,0.0892,0.0897,0.0892,0.0897,173996.0,1695578399999,15577.0276,83,124718.0,11171.1881,0
1695578400000,0.0898,0.0901,0.0898,0.09,184033.0,1695579299999,16552.5874,94,145466.0,13083.9517,0
1695579300000,0.0899,0.0899,0.089,0.0895,251238.0,1695580199999,22439.5863,130,92941.0,8293.9559,0
1695580200000,0.0895,0.0898,0.0894,0.0898,211028.0,1695581099999,18932.0372,77,132736.0,11913.7904,0
1695581100000,0.0898,0.0898,0.0896,0.0898,23772.0,1695581999999,2133.4886,28,12035.0,1080.6344,0
1695582000000,0.0897,0.0898,0.0894,0.0895,77872.0,1695582899999,6981.8525,44,41272.0,3701.8732,0
1695582900000,0.0894,0.0894,0.0885,0.089,506885.0,1695583799999,45005.5224,189,71975.0,6396.2661,0
1695583800000,0.0889,0.0891,0.0889,0.089,60252.0,1695584699999,5363.6792,50,37827.0,3367.7573,0
1695584700000,0.0891,0.0893,0.089,0.0891,53492.0,1695585599999,4769.1341,43,40159.0,3580.1171,0
1695585600000,0.089,0.0891,0.0888,0.0889,335262.0,1695586499999,29832.7726,63,4616.0,410.8432,0
1695586500000,0.0889,0.089,0.0888,0.0889,105301.0,1695587399999,9364.0955,50,64727.0,5758.8454,0
1695587400000,0.089,0.0892,0.089,0.0891,44965.0,1695588299999,4003.5883,27,30352.0,2701.6564,0
1695588300000,0.0891,0.0893,0.0891,0.0893,17495.0,1695589199999,1559.839,21,11673.0,1040.537,0
1695589200000,0.0892,0.0895,0.0892,0.0893,103640.0,1695590099999,9265.6972,67,85872.0,7677.4979,0
1695590100000,0.0893,0.0896,0.0893,0.0896,31145.0,1695590999999,2785.4587,21,22807.0,2040.0494,0
1695591000000,0.0895,0.0896,0.0894,0.0895,26988.0,1695591899999,2415.3504,21,10809.0,967.4686,0
1695591900000,0.0895,0.0898,0.0895,0.0897,172188.0,1695592799999,15427.0568,57,159908.0,14326.786,0
1695592800000,0.0897,0.0899,0.0896,0.0896,115145.0,1695593699999,10331.1321,78,78489.0,7042.1288,0
1695593700000,0.0897,0.0897,0.0895,0.0896,15768.0,1695594599999,1412.6705,15,9692.0,868.4154,0
1695594600000,0.0896,0.0897,0.0896,0.0896,12631.0,1695595499999,1132.2398,15,0.0,0.0,0
1695595500000,0.0896,0.0897,0.0895,0.0896,44804.0,1695596399999,4016.9526,39,31986.0,2868.2918,0
1695596400000,0.0896,0.0896,0.0893,0.0893,75949.0,1695597299999,6793.0657,58,32645.0,2920.2835,0
1695597300000,0.0892,0.0893,0.0877,0.0884,1085070.0,1695598199999,95733.4734,415,300669.0,26530.8658,0
1695598200000,0.0884,0.0887,0.0877,0.0879,1511327.0,1695599099999,132812.0937,381,641788.0,56383.6433,0
1695599100000,0.0879,0.0882,0.0878,0.0882,372409.0,1695599999999,32780.7899,142,306462.0,26979.1221,0
1695600000000,0.0881,0.0885,0.088,0.0884,570768.0,1695600899999,50396.6512,200,324619.0,28686.3935,0
1695600900000,0.0885,0.0886,0.0876,0.0884,632386.0,1695601799999,55728.764,265,333145.0,29354.8556,0
1695601800000,0.0883,0.0884,0.0879,0.0882,485860.0,1695602699999,42807.0711,98,71501.0,6300.7384,0
1695602700000,0.0882,0.089,0.0882,0.089,105930.0,1695603599999,9387.4361,97,88237.0,7819.8716,0
1695603600000,0.089,0.0895,0.089,0.0894,261156.0,1695604499999,23282.3203,113,122068.0,10879.5606,0
1695604500000,0.0894,0.0894,0.0892,0.0893,122499.0,1695605399999,10932.8652,18,20753.0,1852.7924,0
1695605400000,0.0893,0.0894,0.0893,0.0893,101786.0,1695606299999,9090.3307,40,34857.0,3113.571,0
1695606300000,0.0893,0.0893,0.0889,0.089,155921.0,1695607199999,13903.4144,61,79616.0,7100.7844,0
1695607200000,0.089,0.0893,0.089,0.0893,135739.0,1695608099999,12104.5838,71,43031.0,3838.0293,0
1695608100000,0.0893,0.0894,0.0892,0.0892,71623.0,1695608999999,6400.1991,43,47119.0,4209.9314,0
1695609000000,0.0893,0.0894,0.0892,0.0893,39057.0,1695609899999,3487.1384,35,10094.0,901.4162,0
1695609900000,0.0892,0.0892,0.0889,0.0891,88961.0,1695610799999,7924.3746,62,50812.0,4527.537,0
1695610800000,0.0891,0.0896,0.0891,0.0893,56011.0,1695611699999,5011.6123,51,34840.0,3115.244,0
1695611700000,0.0892,0.0893,0.0891,0.0891,46176.0,1695612599999,4117.8927,26,1033.0,92.2469,0
1695612600000,0.0892,0.0893,0.0891,0.0892,164787.0,1695613499999,14698.3505,52,155497.0,13870.0312,0
1695613500000,0.0891,0.0891,0.0888,0.0888,59111.0,1695614399999,5254.3435,53,9683.0,861.2586,0
1695614400000,0.0888,0.0891,0.0888,0.089,107424.0,1695615299999,9556.5852,46,20196.0,1795.6478,0
1695615300000,0.089,0.0892,0.089,0.0891,73639.0,1695616199999,6559.9293,46,29903.0,2664.4965,0
1695616200000,0.0891,0.0891,0.0888,0.0888,59481.0,1695617099999,5287.4174,45,312.0,27.7589,0
1695617100000,0.0889,0.089,0.0889,0.089,9231.0,1695617999999,820.7601,7,9231.0,820.7601,0
1695618000000,0.089,0.0891,0.089,0.089,43396.0,1695618899999,3865.2735,20,32094.0,2859.3955,0
1695618900000,0.089,0.089,0.0885,0.0885,117766.0,1695619799999,10453.5812,70,290.0,25.781,0
1695619800000,0.0885,0.0887,0.0884,0.0887,65986.0,1695620699999,5843.9698,54,16711.0,1480.026,0
1695620700000,0.0887,0.0887,0.0884,0.0887,101074.0,1695621599999,8945.1252,60,18840.0,1669.4877,0
1695621600000,0.0887,0.0887,0.0882,0.0882,171568.0,1695622499999,15152.1577,80,100497.0,8874.9641,0
1695622500000,0.0883,0.0886,0.0882,0.0886,86248.0,1695623399999,7620.2054,60,26361.0,2331.0749,0
1695623400000,0.0886,0.0888,0.0886,0.0888,57524.0,1695624299999,5100.2802,44,44284.0,3925.8922,0
1695624300000,0.0888,0.0889,0.0886,0.0886,65256.0,1695625199999,5787.452,61,19483.0,1729.5973,0
1695625200000,0.0885,0.0889,0.0885,0.0888,283189.0,1695626099999,25142.4942,87,253490.0,22511.244,0
1695626100000,0.0888,0.0889,0.0888,0.0888,36851.0,1695626999999,3275.0903,29,12294.0,1092.9366,0
1695627000000,0.0888,0.0891,0.0888,0.089,53130.0,1695627899999,4722.6501,47,23338.0,2076.4607,0
1695627900000,0.0889,0.089,0.0889,0.0889,65076.0,1695628799999,5789.0466,52,29405.0,2615.8893,0
1695628800000,0.089,0.089,0.0887,0.0887,168226.0,1695629699999,14944.6261,59,37039.0,3292.2781,0
1695629700000,0.0887,0.0887,0.0884,0.0884,173959.0,1695630599999,15401.9136,78,6268.0,554.718,0
1695630600000,0.0884,0.0884,0.088,0.0882,214355.0,1695631499999,18903.2213,107,65194.0,5747.156,0
1695631500000,0.0883,0.0884,0.0882,0.0884,72004.0,1695632399999,6359.7283,49,41824.0,3695.5309,0
1695632400000,0.0884,0.0884,0.0882,0.0882,102532.0,1695633299999,9049.7004,53,14467.0,1277.6485,0
1695633300000,0.0882,0.0883,0.088,0.0883,115471.0,1695634199999,10180.7552,65,72122.0,6363.0242,0
1695634200000,0.0883,0.0883,0.088,0.088,100772.0,1695635099999,8876.2627,69,40397.0,3559.426,0
1695635100000,0.0881,0.0884,0.0881,0.0883,49213.0,1695635999999,4342.5269,33,32781.0,2892.7837,0
1695636000000,0.0882,0.0885,0.0882,0.0885,178637.0,1695636899999,15779.0587,69,117660.0,10397.9231,0
1695636900000,0.0885,0.0888,0.0884,0.0885,391805.0,1695637799999,34708.3919,99,262482.0,23263.9417,0
1695637800000,0.0885,0.0891,0.0885,0.0891,737797.0,1695638699999,65530.1039,256,419206.0,37210.2615,0
1695638700000,0.0892,0.0895,0.0891,0.0891,643889.0,1695639599999,57488.7565,252,298598.0,26659.0928,0
1695639600000,0.089,0.089,0.0885,0.0885,113408.0,1695640499999,10070.2731,55,5167.0,458.4917,0
1695640500000,0.0886,0.0886,0.0884,0.0885,81247.0,1695641399999,7188.4091,28,30873.0,2732.2605,0
1695641400000,0.0884,0.0886,0.0881,0.0884,143439.0,1695642299999,12672.8823,67,67516.0,5971.4594,0
1695642300000,0.0885,0.0886,0.0884,0.0885,107796.0,1695643199999,9540.872,49,47891.0,4239.7268,0
1695643200000,0.0884,0.0887,0.0884,0.0886,57510.0,1695644099999,5095.3883,32,12097.0,1071.8724,0
1695644100000,0.0886,0.089,0.0883,0.089,123809.0,1695644999999,10962.1127,64,48969.0,4344.4751,0
1695645000000,0.0889,0.0889,0.0886,0.0888,102457.0,1695645899999,9085.5833,55,12832.0,1138.2522,0
1695645900000,0.0889,0.0892,0.0888,0.0892,217325.0,1695646799999,19356.3969,100,127188.0,11326.0133,0
1695646800000,0.0891,0.0893,0.0889,0.0892,84235.0,1695647699999,7509.976,58,42210.0,3764.7409,0
1695647700000,0.0892,0.0894,0.0891,0.0894,133169.0,1695648599999,11880.9012,62,19404.0,1733.3118,0
1695648600000,0.0893,0.0897,0.0893,0.0895,166357.0,1695649499999,14877.1935,90,82246.0,7359.2159,0
1695649500000,0.0895,0.0896,0.0894,0.0895,76867.0,1695650399999,6877.2714,46,24324.0,2177.7682,0
1695650400000,0.0895,0.0924,0.0895,0.092,3371260.0,1695651299999,307365.7536,1522,2598217.0,237081.7508,0
1695651300000,0.092,0.0935,0.0916,0.0917,6998547.0,1695652199999,646837.6569,3301,3886252.0,359324.9595,0
1695652200000,0.0917,0.0943,0.0913,0.0935,4657084.0,1695653099999,432843.5229,2107,3365869.0,312798.2115,0
1695653100000,0.0936,0.0941,0.0928,0.093,3439278.0,1695653999999,321347.6815,1498,1932500.0,180614.1024,0
1695654000000,0.093,0.0941,0.0923,0.0929,2565955.0,1695654899999,239284.113,1086,1134860.0,105956.3548,0
1695654900000,0.0929,0.0933,0.0923,0.0925,1092930.0,1695655799999,101470.6464,572,381289.0,35413.0777,0
1695655800000,0.0924,0.0925,0.0918,0.0925,920412.0,1695656699999,84834.7436,459,405209.0,37351.1849,0
1695656700000,0.0924,0.0927,0.0916,0.0927,865314.0,1695657599999,79762.4214,393,352710.0,32537.1856,0
1695657600000,0.0927,0.0927,0.0917,0.0921,962427.0,1695658499999,88684.8479,430,272112.0,25103.7498,0
1695658500000,0.092,0.0923,0.0918,0.0923,473500.0,1695659399999,43556.8275,249,135702.0,12490.8283,0
1695659400000,0.0923,0.0923,0.0918,0.0919,252023.0,1695660299999,23168.6116,131,36463.0,3355.8183,0
1695660300000,0.092,0.092,0.0912,0.0912,992044.0,1695661199999,90806.4192,377,141877.0,12995.2171,0
1695661200000,0.0913,0.0917,0.0913,0.0917,452059.0,1695662099999,41357.3174,210,113566.0,10402.5124,0
1695662100000,0.0917,0.0918,0.091,0.0913,381433.0,1695662999999,34797.7391,199,103340.0,9437.8638,0
1695663000000,0.0913,0.0917,0.0912,0.0915,194090.0,1695663899999,17740.8381,208,122323.0,11182.459,0
1695663900000,0.0915,0.0917,0.0913,0.0914,191086.0,1695664799999,17479.7553,169,55917.0,5114.004,0
1695664800000,0.0914,0.0918,0.0911,0.0916,185792.0,1695665699999,16991.1223,261,78242.0,7159.875,0
1695665700000,0.0916,0.092,0.0916,0.0919,102822.0,1695666599999,9437.0233,374,68370.0,6275.3102,0
1695666600000,0.0919,0.0922,0.0915,0.0916,303215.0,1695667499999,27860.5071,382,155955.0,14348.5316,0
1695667500000,0.0915,0.0919,0.0913,0.0914,185533.0,1695668399999,16972.6664,241,78559.0,7191.9493,0
1695668400000,0.0913,0.0914,0.0908,0.0911,298777.0,1695669299999,27198.3666,236,48344.0,4408.4001,0
1695669300000,0.0912,0.0914,0.091,0.091,244947.0,1695670199999,22344.142,194,94282.0,8613.959,0
1695670200000,0.091,0.0914,0.0909,0.091,286707.0,1695671099999,26111.822,224,74908.0,6825.6122,0
1695671100000,0.091,0.0914,0.091,0.0912,317502.0,1695671999999,28958.5097,216,145345.0,13256.9545,0
1695672000000,0.0912,0.0914,0.0911,0.0913,136572.0,1695672899999,12462.5572,219,51790.0,4728.3287,0
1695672900000,0.0913,0.0915,0.0911,0.0911,187999.0,1695673799999,17144.3605,124,19246.0,1757.8946,0
1695673800000,0.091,0.0911,0.0908,0.091,76385.0,1695674699999,6945.6386,60,26841.0,2440.4169,0
1695674700000,0.091,0.0911,0.0908,0.0908,120931.0,1695675599999,10989.437,74,21227.0,1932.1778,0
1695675600000,0.0908,0.091,0.0905,0.0907,326033.0,1695676499999,29610.6419,122,189352.0,17207.759,0
1695676500000,0.0907,0.0911,0.0907,0.0911,119635.0,1695677399999,10877.6642,57,104288.0,9484.5258,0
1695677400000,0.091,0.0911,0.0907,0.0907,161204.0,1695678299999,14653.1433,69,31915.0,2903.8523,0
1695678300000,0.0908,0.0908,0.0907,0.0908,19963.0,1695679199999,1812.0431,16,7539.0,684.5412,0
1695679200000,0.0908,0.091,0.0906,0.0909,109646.0,1695680099999,9950.5951,41,49498.0,4496.9181,0
1695680100000,0.0909,0.0912,0.0909,0.091,61074.0,1695680999999,5558.9739,50,20563.0,1871.5254,0
1695681000000,0.0911,0.0911,0.0909,0.0909,61789.0,1695681899999,5618.2254,54,9969.0,906.3954,0
1695681900000,0.0909,0.0911,0.0909,0.0909,165242.0,1695682799999,15029.4434,75,123337.0,11219.054,0
1695682800000,0.0911,0.0911,0.0909,0.091,160485.0,1695683699999,14604.8593,66,73616.0,6703.7694,0
1695683700000,0.091,0.0912,0.091,0.0911,157444.0,1695684599999,14345.0176,72,81861.0,7460.6811,0
1695684600000,0.091,0.0912,0.0909,0.0909,150888.0,1695685499999,13737.807,49,43295.0,3945.0176,0
1695685500000,0.091,0.0912,0.0909,0.0909,111101.0,1695686399999,10117.3619,45,53360.0,4859.5794,0
1695686400000,0.0909,0.0912,0.0909,0.091,234403.0,1695687299999,21337.0687,101,51174.0,4657.593,0
1695687300000,0.091,0.0919,0.0907,0.0918,466285.0,1695688199999,42591.8258,226,343853.0,31450.975,0
1695688200000,0.0919,0.0923,0.091,0.0912,1721699.0,1695689099999,158012.8008,563,888026.0,81560.3335,0
1695689100000,0.0912,0.0914,0.0908,0.091,1189782.0,1695689999999,108198.969,281,374724.0,34103.8688,0
1695690000000,0.091,0.091,0.0907,0.0909,195458.0,1695690899999,17762.3157,92,64576.0,5866.2344,0
1695690900000,0.0909,0.0909,0.0902,0.0905,1480619.0,1695691799999,133893.5363,330,197532.0,17886.3671,0
1695691800000,0.0905,0.0905,0.0904,0.0905,33059.0,1695692699999,2991.0761,18,19860.0,1797.33,0
1695692700000,0.0906,0.0909,0.0906,0.0908,93763.0,1695693599999,8506.8499,46,59977.0,5439.0811,0
1695693600000,0.0909,0.0911,0.0909,0.0911,97192.0,1695694499999,8846.1199,47,60466.0,5503.0684,0
1695694500000,0.0911,0.0911,0.0909,0.091,112687.0,1695695399999,10259.0295,58,23677.0,2155.426,0
1695695400000,0.0909,0.0912,0.0909,0.0912,33218.0,1695696299999,3025.93,83,30147.0,2746.2837,0
1695696300000,0.0912,0.0912,0.091,0.0911,73735.0,1695697199999,6715.6489,82,35461.0,3231.8819,0
1695697200000,0.0911,0.0912,0.0908,0.0909,185476.0,1695698099999,16877.2655,58,15918.0,1447.7871,0
1695698100000,0.0909,0.0912,0.0909,0.0911,35720.0,1695698999999,3250.8546,33,29581.0,2692.0944,0
1695699000000,0.0911,0.0912,0.091,0.0912,216119.0,1695699899999,19684.1805,156,118049.0,10757.4496,0
1695699900000,0.0912,0.0913,0.0908,0.0909,152318.0,1695700799999,13868.1173,134,73156.0,6660.2597,0
1695700800000,0.0909,0.091,0.0908,0.0909,32984.0,1695701699999,2998.818,25,5441.0,494.5252,0
1695701700000,0.0907,0.091,0.0906,0.0907,321956.0,1695702599999,29206.8731,127,90045.0,8172.8259,0
1695702600000,0.0907,0.0908,0.0905,0.0908,132739.0,1695703499999,12034.2171,147,53278.0,4831.7878,0
1695703500000,0.0908,0.091,0.0907,0.0907,143672.0,1695704399999,13051.8433,117,77009.0,6999.8573,0
1695704400000,0.0907,0.0909,0.0907,0.0908,59571.0,1695705299999,5404.4685,42,18566.0,1685.1969,0
1695705300000,0.0908,0.0909,0.0906,0.0906,139589.0,1695706199999,12657.8815,46,12133.0,1101.8264,0
1695706200000,0.0905,0.0907,0.0904,0.0907,112157.0,1695707099999,10160.0597,90,54976.0,4981.2379,0
1695707100000,0.0906,0.0906,0.0903,0.0905,102595.0,1695707999999,9283.6128,50,7752.0,700.8477,0
1695708000000,0.0905,0.0906,0.0903,0.0903,90627.0,1695708899999,8195.4175,52,7463.0,675.4159,0
1695708900000,0.0903,0.0903,0.0891,0.0897,1248596.0,1695709799999,111834.3896,543,367555.0,32883.0589,0
1695709800000,0.0898,0.09,0.0898,0.0899,86617.0,1695710699999,7792.3789,73,55343.0,4978.9403,0
1695710700000,0.09,0.0901,0.0898,0.0898,160023.0,1695711599999,14396.4766,74,70757.0,6368.745,0
1695711600000,0.0899,0.0902,0.0899,0.0899,350550.0,1695712499999,31561.9326,96,209774.0,18891.189,0
1695712500000,0.0899,0.09,0.0897,0.0897,32248.0,1695713399999,2897.6379,25,2437.0,219.1083,0
1695713400000,0.0897,0.0897,0.0894,0.0894,197584.0,1695714299999,17706.3215,106,23016.0,2062.9903,0
1695714300000,0.0895,0.0896,0.0892,0.0893,223414.0,1695715199999,19972.8849,117,79529.0,7112.6581,0
1695715200000,0.0893,0.0894,0.0892,0.0893,132549.0,1695716099999,11840.6698,92,93354.0,8341.5348,0
1695716100000,0.0894,0.0895,0.0892,0.0893,149161.0,1695716999999,13328.2308,65,91449.0,8173.8978,0
1695717000000,0.0893,0.0893,0.089,0.0891,520879.0,1695717899999,46406.2092,160,311562.0,27768.4133,0
1695717900000,0.0892,0.0893,0.089,0.089,66699.0,1695718799999,5947.1346,45,35828.0,3195.4707,0
1695718800000,0.0891,0.0892,0.0885,0.0886,349988.0,1695719699999,31091.3688,234,184246.0,16372.2063,0
1695719700000,0.0886,0.0888,0.0884,0.0886,815407.0,1695720599999,72254.0328,241,322748.0,28614.3849,0
1695720600000,0.0887,0.089,0.0886,0.089,182617.0,1695721499999,16226.3959,100,114285.0,10157.9965,0
1695721500000,0.089,0.0893,0.0888,0.089,192894.0,1695722399999,17160.9497,96,81322.0,7244.0892,0
1695722400000,0.0891,0.0894,0.0889,0.0894,358566.0,1695723299999,31988.3107,135,293034.0,26145.3797,0
1695723300000,0.0893,0.0893,0.0889,0.0889,210818.0,1695724199999,18769.1055,68,72781.0,6481.8368,0
1695724200000,0.0889,0.0891,0.0886,0.0887,142948.0,1695725099999,12698.2813,95,82145.0,7299.5043,0
1695725100000,0.0887,0.0887,0.0883,0.0885,185303.0,1695725999999,16402.8741,113,108097.0,9568.1979,0
1695726000000,0.0884,0.0886,0.0883,0.0885,203810.0,1695726899999,18034.2875,135,168327.0,14894.7399,0
1695726900000,0.0885,0.0887,0.0885,0.0887,102551.0,1695727799999,9085.7281,52,84887.0,7519.4876,0
1695727800000,0.0888,0.0891,0.0888,0.0891,141212.0,1695728699999,12567.9081,73,134157.0,11940.0415,0
1695728700000,0.0891,0.0893,0.089,0.0893,270425.0,1695729599999,24119.5627,173,237343.0,21170.5671,0
1695729600000,0.0894,0.0894,0.0891,0.0892,204224.0,1695730499999,18235.5884,133,180992.0,16162.2871,0
1695730500000,0.0892,0.0892,0.0889,0.089,352948.0,1695731399999,31422.7573,218,265245.0,23618.287,0
1695731400000,0.089,0.0891,0.0888,0.089,85361.0,1695732299999,7593.4874,64,52308.0,4653.3577,0
1695732300000,0.0889,0.0889,0.0886,0.0886,320555.0,1695733199999,28444.2035,108,93841.0,8317.1171,0
1695733200000,0.0886,0.0886,0.0883,0.0885,334589.0,1695734099999,29585.3574,100,85628.0,7574.3119,0
1695734100000,0.0884,0.0888,0.0884,0.0888,123533.0,1695734999999,10943.3982,72,61834.0,5481.1477,0
1695735000000,0.0887,0.0889,0.0885,0.0888,153124.0,1695735899999,13586.7695,97,75883.0,6732.6604,0
1695735900000,0.0888,0.0889,0.0886,0.0887,239931.0,1695736799999,21291.6275,136,146979.0,13043.6861,0
1695736800000,0.0886,0.0887,0.0886,0.0887,133241.0,1695737699999,11816.672,91,49026.0,4348.6062,0
1695737700000,0.0887,0.0888,0.0886,0.0888,63908.0,1695738599999,5665.1244,51,36085.0,3198.6976,0
1695738600000,0.0887,0.089,0.0887,0.089,74312.0,1695739499999,6602.4444,75,56866.0,5052.8793,0
1695739500000,0.0889,0.0891,0.0889,0.0891,304325.0,1695740399999,27100.2542,79,260014.0,23153.7287,0
1695740400000,0.0892,0.0893,0.0888,0.0893,272499.0,1695741299999,24294.0138,130,192847.0,17196.0862,0
1695741300000,0.0893,0.0893,0.0889,0.0889,292349.0,1695742199999,26087.9378,132,200057.0,17859.0641,0
1695742200000,0.0888,0.0892,0.0888,0.0892,289227.0,1695743099999,25728.7239,110,107077.0,9526.8811,0
1695743100000,0.0892,0.0894,0.0891,0.0892,197575.0,1695743999999,17628.6767,128,72840.0,6502.1882,0
1695744000000,0.0892,0.0898,0.0891,0.0896,233099.0,1695744899999,20879.7965,153,160623.0,14390.6083,0
1695744900000,0.0895,0.0897,0.0894,0.0896,273412.0,1695745799999,24489.4986,115,63756.0,5710.0883,0
1695745800000,0.0896,0.0898,0.0895,0.0896,90134.0,1695746699999,8082.8365,68,39002.0,3499.4382,0
1695746700000,0.0896,0.0898,0.0894,0.0894,165064.0,1695747599999,14785.4989,86,66465.0,5954.2386,0
1695747600000,0.0894,0.0895,0.0892,0.0892,173610.0,1695748499999,15508.878,78,27428.0,2451.7464,0
1695748500000,0.0893,0.0894,0.0892,0.0893,25824.0,1695749399999,2305.9311,32,20034.0,1788.9317,0
1695749400000,0.0893,0.0893,0.089,0.089,106882.0,1695750299999,9534.3555,54,29975.0,2673.9675,0
1695750300000,0.089,0.0892,0.0888,0.0892,271353.0,1695751199999,24151.8299,145,108897.0,9702.4546,0
1695751200000,0.0891,0.0891,0.089,0.0891,88282.0,1695752099999,7861.5916,40,6621.0,589.9311,0
1695752100000,0.089,0.0891,0.0889,0.0889,86770.0,1695752999999,7721.7223,57,14290.0,1271.3888,0
1695753000000,0.0889,0.0889,0.0886,0.0888,409165.0,1695753899999,36286.2668,105,80286.0,7121.9521,0
1695753900000,0.0888,0.0888,0.0887,0.0888,5315.0,1695754799999,471.9452,12,5047.0,448.1736,0
1695754800000,0.0888,0.0889,0.0886,0.0889,193125.0,1695755699999,17141.5163,101,152091.0,13500.3506,0
1695755700000,0.0888,0.0892,0.0888,0.0891,586502.0,1695756599999,52219.8647,133,436052.0,38825.6494,0
1695756600000,0.0891,0.0897,0.0891,0.0895,535739.0,1695757499999,47906.1268,183,297860.0,26609.7006,0
1695757500000,0.0896,0.0897,0.0895,0.0896,131066.0,1695758399999,11748.8395,40,81320.0,7287.6281,0
1695758400000,0.0897,0.0897,0.0895,0.0895,68497.0,1695759299999,6135.7163,48,47548.0,4258.727,0
1695759300000,0.0895,0.0896,0.0894,0.0895,27626.0,1695760199999,2472.653,20,20940.0,1874.3634,0
1695760200000,0.0896,0.0897,0.0893,0.0893,65068.0,1695761099999,5819.1941,43,14793.0,1324.9091,0
1695761100000,0.0893,0.0894,0.0891,0.0891,15973.0,1695761999999,1425.1843,21,2718.0,242.7813,0
1695762000000,0.0891,0.0893,0.089,0.0891,151466.0,1695762899999,13494.3958,45,29498.0,2630.5829,0
1695762900000,0.0892,0.0892,0.0879,0.0888,663782.0,1695763799999,58665.7217,320,160523.0,14174.3353,0
1695763800000,0.0888,0.0891,0.0887,0.0888,115232.0,1695764699999,10242.046,63,33962.0,3020.7417,0
1695764700000,0.089,0.0893,0.089,0.0892,30661.0,1695765599999,2732.7584,33,14306.0,1276.123,0
1695765600000,0.0891,0.0891,0.0888,0.0888,1115119.0,1695766499999,99105.1766,185,380345.0,33784.461,0
1695766500000,0.0888,0.089,0.0887,0.0888,83167.0,1695767399999,7388.6585,47,67210.0,5971.428,0
1695767400000,0.0888,0.0889,0.0887,0.0887,143739.0,1695768299999,12763.4133,35,31456.0,2794.8368,0
1695768300000,0.0887,0.0887,0.0885,0.0885,117325.0,1695769199999,10384.1377,53,85959.0,7607.4155,0
1695769200000,0.0885,0.0887,0.0884,0.0886,365676.0,1695770099999,32374.352,118,64313.0,5697.8507,0
1695770100000,0.0885,0.0885,0.0883,0.0885,99310.0,1695770999999,8784.4893,53,36780.0,3252.6051,0
1695771000000,0.0886,0.0889,0.0886,0.0888,41826.0,1695771899999,3710.0553,34,32905.0,2918.156,0
1695771900000,0.0888,0.0889,0.0886,0.0889,57903.0,1695772799999,5142.4002,40,41223.0,3661.4953,0
1695772800000,0.0888,0.0893,0.0887,0.0892,213138.0,1695773699999,18999.4076,107,88400.0,7876.372,0
1695773700000,0.0892,0.0894,0.0892,0.0893,273367.0,1695774599999,24426.1827,111,133883.0,11962.6809,0
1695774600000,0.0893,0.0894,0.0892,0.0894,180462.0,1695775499999,16113.3818,60,76144.0,6800.0028,0
1695775500000,0.0894,0.0897,0.0894,0.0896,109121.0,1695776399999,9761.9483,61,84190.0,7528.735,0
1695776400000,0.0896,0.0898,0.0891,0.0891,127786.0,1695777299999,11436.3386,79,49931.0,4468.9385,0
1695777300000,0.0891,0.0893,0.0891,0.0893,17053.0,1695778199999,1520.1907,13,5860.0,522.8944,0
1695778200000,0.0893,0.0895,0.0892,0.0893,16828.0,1695779099999,1503.7557,25,6111.0,545.929,0
1695779100000,0.0893,0.0895,0.0893,0.0894,34897.0,1695779999999,3119.4683,21,15249.0,1363.8637,0
1695780000000,0.0893,0.0893,0.089,0.089,145096.0,1695780899999,12929.4501,86,46606.0,4154.8258,0
1695780900000,0.089,0.0892,0.089,0.0892,12415.0,1695781799999,1106.5855,19,9507.0,847.6277,0
1695781800000,0.0892,0.0892,0.0887,0.0887,252968.0,1695782699999,22491.322,84,60112.0,5356.5014,0
1695782700000,0.0888,0.0889,0.0887,0.0888,48930.0,1695783599999,4344.8367,25,22867.0,2030.6596,0
1695783600000,0.0887,0.0889,0.0887,0.0889,11901.0,1695784499999,1057.5274,14,9128.0,811.3136,0
1695784500000,0.089,0.0893,0.089,0.0893,45022.0,1695785399999,4011.9603,32,35966.0,3204.9888,0
1695785400000,0.0892,0.0893,0.0891,0.0893,376682.0,1695786299999,33604.1981,85,212318.0,18953.7097,0
1695786300000,0.0894,0.0897,0.0894,0.0896,45894.0,1695787199999,4110.9633,36,33252.0,2978.5619,0
1695787200000,0.0897,0.0897,0.0893,0.0895,67602.0,1695788099999,6052.7451,35,5888.0,527.1032,0
1695788100000,0.0895,0.0895,0.0892,0.0892,75929.0,1695788999999,6784.4054,44,22860.0,2044.2426,0
1695789000000,0.0892,0.0895,0.0892,0.0895,68191.0,1695789899999,6094.6899,37,49765.0,4450.0147,0
1695789900000,0.0896,0.0896,0.0893,0.0894,44903.0,1695790799999,4018.1199,25,10505.0,941.1166,0
1695790800000,0.0893,0.0895,0.0892,0.0893,93000.0,1695791699999,8310.7846,55,47795.0,4273.8462,0
1695791700000,0.0893,0.0896,0.0892,0.0895,148919.0,1695792599999,13308.7209,49,124640.0,11139.0326,0
1695792600000,0.0894,0.0896,0.0893,0.0894,125322.0,1695793499999,11208.8658,63,67646.0,6053.2642,0
1695793500000,0.0895,0.0896,0.0895,0.0896,18726.0,1695794399999,1676.2494,14,3994.0,357.6862,0
1695794400000,0.0895,0.0896,0.0892,0.0896,95026.0,1695795299999,8492.343,50,14987.0,1338.7895,0
1695795300000,0.0896,0.0896,0.0893,0.0893,8942.0,1695796199999,800.249,13,2142.0,191.7169,0
1695796200000,0.0893,0.0896,0.0893,0.0895,53610.0,1695797099999,4796.5139,48,16642.0,1488.9149,0
1695797100000,0.0895,0.0897,0.0893,0.0896,197819.0,1695797999999,17700.6787,77,63013.0,5648.0018,0
1695798000000,0.0896,0.0897,0.0894,0.0896,55517.0,1695798899999,4972.2906,54,26846.0,2405.5475,0
1695798900000,0.0896,0.0896,0.0892,0.0893,53814.0,1695799799999,4809.624,39,11506.0,1028.1022,0
1695799800000,0.0893,0.0895,0.0892,0.0894,136081.0,1695800699999,12151.2944,57,23114.0,2065.807,0
1695800700000,0.0895,0.0897,0.0894,0.0896,82038.0,1695801599999,7350.3571,66,21589.0,1934.892,0
1695801600000,0.0896,0.0896,0.0894,0.0894,39047.0,1695802499999,3494.7142,47,5719.0,512.407,0
1695802500000,0.0894,0.0894,0.089,0.0891,103759.0,1695803399999,9251.7573,76,23827.0,2123.3531,0
1695803400000,0.089,0.0892,0.089,0.0891,254423.0,1695804299999,22656.3157,91,84291.0,7509.1468,0
1695804300000,0.089,0.0892,0.0888,0.0889,223630.0,1695805199999,19895.6009,106,37567.0,3342.4957,0
1695805200000,0.0888,0.089,0.0888,0.0889,72735.0,1695806099999,6466.349,50,25475.0,2265.9491,0
1695806100000,0.0889,0.0893,0.0889,0.0893,60912.0,1695806999999,5434.0928,54,52739.0,4705.329,0
1695807000000,0.0892,0.0897,0.0892,0.0896,338054.0,1695807899999,30264.8069,204,154946.0,13876.5122,0
1695807900000,0.0897,0.0901,0.0896,0.0901,306041.0,1695808799999,27494.4459,173,145763.0,13101.4612,0
1695808800000,0.0901,0.0901,0.0898,0.0899,128781.0,1695809699999,11580.8652,83,53601.0,4823.4425,0
1695809700000,0.0898,0.0898,0.0896,0.0898,265727.0,1695810599999,23851.9533,108,70383.0,6316.6734,0
1695810600000,0.0899,0.09,0.0897,0.0898,119658.0,1695811499999,10758.4917,75,61108.0,5494.2831,0
1695811500000,0.0899,0.09,0.0897,0.0898,123343.0,1695812399999,11080.6066,99,30616.0,2751.4119,0
1695812400000,0.0899,0.09,0.0896,0.0896,740433.0,1695813299999,66521.9456,208,333024.0,29953.338,0
1695813300000,0.0896,0.09,0.0896,0.09,452248.0,1695814199999,40595.536,169,77236.0,6942.8865,0
1695814200000,0.09,0.0903,0.0898,0.09,494446.0,1695815099999,44544.2164,251,171157.0,15425.349,0
1695815100000,0.09,0.0902,0.0899,0.09,400986.0,1695815999999,36097.1004,156,40568.0,3654.0101,0
1695816000000,0.09,0.0902,0.0899,0.0899,173122.0,1695816899999,15578.1516,92,53165.0,4786.949,0
1695816900000,0.09,0.09,0.0898,0.0898,216160.0,1695817799999,19438.0442,112,43352.0,3900.2726,0
1695817800000,0.0898,0.0901,0.0896,0.0896,139279.0,1695818699999,12512.6926,93,29865.0,2684.2327,0
1695818700000,0.0897,0.0898,0.0896,0.0898,372424.0,1695819599999,33381.7997,89,142860.0,12806.3218,0
1695819600000,0.0898,0.0899,0.0897,0.0899,151520.0,1695820499999,13612.0035,82,13146.0,1181.0878,0
1695820500000,0.0899,0.0901,0.0898,0.0898,90213.0,1695821399999,8109.9578,54,28726.0,2584.2183,0
1695821400000,0.0899,0.0901,0.0897,0.0897,165393.0,1695822299999,14877.3582,89,90633.0,8161.5187,0
1695822300000,0.0897,0.0898,0.0891,0.0893,339307.0,1695823199999,30352.7733,183,87857.0,7855.5482,0
1695823200000,0.0892,0.0893,0.089,0.089,154467.0,1695824099999,13773.1604,86,31082.0,2772.0737,0
1695824100000,0.0889,0.089,0.0881,0.0883,619744.0,1695824999999,54788.5494,352,178342.0,15765.9817,0
1695825000000,0.0883,0.0883,0.0873,0.0877,1084597.0,1695825899999,95096.5899,608,507395.0,44509.1787,0
1695825900000,0.0877,0.0878,0.0874,0.0878,357113.0,1695826799999,31293.8129,193,221372.0,19401.4603,0
1695826800000,0.0878,0.0884,0.0878,0.0883,155190.0,1695827699999,13673.273,102,119877.0,10563.1526,0
1695827700000,0.0883,0.0884,0.0881,0.0884,211107.0,1695828599999,18640.3259,98,167265.0,14772.2801,0
1695828600000,0.0883,0.0884,0.0881,0.0881,98745.0,1695829499999,8705.153,38,16861.0,1487.2161,0
1695829500000,0.0882,0.0883,0.0882,0.0882,125898.0,1695830399999,11104.6706,80,80385.0,7090.424,0
1695830400000,0.0881,0.0881,0.0878,0.0879,156356.0,1695831299999,13757.1675,100,45140.0,3971.4358,0
1695831300000,0.0879,0.0882,0.0877,0.0882,172431.0,1695832199999,15150.688,96,108596.0,9547.1108,0
1695832200000,0.0881,0.0883,0.0881,0.0883,180734.0,1695833099999,15941.9778,93,125717.0,11093.5062,0
1695833100000,0.0882,0.0883,0.0881,0.0882,38737.0,1695833999999,3417.6907,47,21251.0,1875.5198,0
1695834000000,0.0883,0.0885,0.0882,0.0885,84408.0,1695834899999,7454.5839,64,75662.0,6682.6947,0
1695834900000,0.0884,0.0885,0.0883,0.0883,52749.0,1695835799999,4664.6686,54,31639.0,2798.9709,0
1695835800000,0.0883,0.0883,0.088,0.0882,24751.0,1695836699999,2182.3559,38,15463.0,1363.4562,0
1695836700000,0.0883,0.0884,0.0881,0.0882,49872.0,1695837599999,4398.6978,47,15281.0,1349.059,0
1695837600000,0.0882,0.0882,0.0875,0.088,345056.0,1695838499999,30298.9117,194,111188.0,9761.8865,0
1695838500000,0.088,0.0883,0.088,0.0882,87192.0,1695839399999,7677.3909,62,80164.0,7057.6464,0
1695839400000,0.0881,0.0886,0.0881,0.0886,112689.0,1695840299999,9951.6313,47,102175.0,9022.1808,0
1695840300000,0.0886,0.0886,0.0881,0.0882,88589.0,1695841199999,7826.5571,60,47863.0,4230.1724,0
1695841200000,0.0882,0.0886,0.0882,0.0886,25493.0,1695842099999,2254.1064,26,21854.0,1931.9541,0
1695842100000,0.0887,0.0889,0.0887,0.0888,115861.0,1695842999999,10284.1345,47,93779.0,8324.8961,0
1695843000000,0.0888,0.0888,0.0883,0.0883,98552.0,1695843899999,8736.382,42,13390.0,1183.0887,0
1695843900000,0.0882,0.0882,0.088,0.0881,110228.0,1695844799999,9709.6566,60,50576.0,4456.1067,0
1695844800000,0.0881,0.0883,0.088,0.0881,198678.0,1695845699999,17517.6014,31,165092.0,14560.6555,0
1695845700000,0.0882,0.0884,0.088,0.0883,71810.0,1695846599999,6327.6096,39,27563.0,2428.8835,0
1695846600000,0.0883,0.0883,0.0876,0.0877,106295.0,1695847499999,9338.4554,78,38647.0,3394.9465,0
1695847500000,0.0876,0.0876,0.0873,0.0875,225019.0,1695848399999,19676.8891,111,59176.0,5176.8649,0
1695848400000,0.0875,0.0879,0.0875,0.0877,137617.0,1695849299999,12068.331,63,56300.0,4941.1783,0
1695849300000,0.0878,0.0881,0.0878,0.0879,561952.0,1695850199999,49449.9602,109,467283.0,41119.1678,0
1695850200000,0.0879,0.0879,0.0876,0.0877,49567.0,1695851099999,4353.4044,44,16531.0,1451.82,0
1695851100000,0.0877,0.0878,0.0877,0.0878,19018.0,1695851999999,1669.624,12,9605.0,843.319,0
1695852000000,0.0879,0.0881,0.0878,0.0881,10052.0,1695852899999,884.0703,17,3603.0,317.2443,0
1695852900000,0.088,0.0881,0.088,0.088,58452.0,1695853799999,5145.3182,43,33797.0,2975.6782,0
1695853800000,0.0881,0.0882,0.0881,0.0882,88541.0,1695854699999,7804.9543,56,54403.0,4797.3229,0
1695854700000,0.0882,0.0884,0.0881,0.0884,34134.0,1695855599999,3011.8349,28,20298.0,1791.9668,0
1695855600000,0.0884,0.0885,0.0884,0.0884,94724.0,1695856499999,8373.6242,52,43274.0,3825.4442,0
1695856500000,0.0884,0.0884,0.0883,0.0884,15089.0,1695857399999,1333.1609,11,4279.0,377.8635,0
1695857400000,0.0883,0.0887,0.0883,0.0887,135826.0,1695858299999,12008.7124,83,86042.0,7611.2002,0
1695858300000,0.0887,0.0889,0.0886,0.0889,101266.0,1695859199999,8990.4175,66,76036.0,6752.5201,0
1695859200000,0.0889,0.0889,0.0884,0.0884,117973.0,1695860099999,10460.7348,103,47630.0,4224.5407,0
1695860100000,0.0885,0.0896,0.0884,0.0893,524662.0,1695860999999,46816.6373,245,395410.0,35302.9249,0
1695861000000,0.0894,0.0894,0.0887,0.0888,232035.0,1695861899999,20671.1562,121,61209.0,5447.4099,0
1695861900000,0.0888,0.0889,0.0887,0.0888,31383.0,1695862799999,2787.617,25,9896.0,879.3756,0
1695862800000,0.0887,0.0887,0.0884,0.0886,99756.0,1695863699999,8831.5995,61,14264.0,1262.3979,0
1695863700000,0.0886,0.0888,0.0885,0.0888,56054.0,1695864599999,4974.7444,47,30997.0,2751.9324,0
1695864600000,0.0888,0.0888,0.0884,0.0887,96503.0,1695865499999,8550.3975,54,17292.0,1533.6458,0
1695865500000,0.0887,0.0892,0.0886,0.0892,349042.0,1695866399999,31058.3557,113,273515.0,24331.3527,0
1695866400000,0.0892,0.0898,0.0891,0.0898,814610.0,1695867299999,73057.3882,274,752904.0,67525.5148,0
1695867300000,0.0899,0.0902,0.0893,0.0898,1166991.0,1695868199999,104955.7667,305,591763.0,53231.2337,0
1695868200000,0.0899,0.0906,0.0897,0.0905,1328023.0,1695869099999,119760.7639,480,1056720.0,95305.5272,0
1695869100000,0.0906,0.092,0.0905,0.091,2143411.0,1695869999999,195776.7855,803,971787.0,88750.2991,0
1695870000000,0.091,0.0921,0.091,0.0919,1765008.0,1695870899999,161521.5013,620,1014055.0,92779.67,0
1695870900000,0.092,0.0932,0.0917,0.0925,2588303.0,1695871799999,239836.8322,1074,1384659.0,128213.5526,0
1695871800000,0.0925,0.0925,0.0911,0.092,902935.0,1695872699999,82755.8076,512,306695.0,28135.1657,0
1695872700000,0.092,0.0921,0.0904,0.0908,1379437.0,1695873599999,125521.4134,553,375163.0,34211.0987,0
1695873600000,0.0908,0.0909,0.0901,0.0905,712152.0,1695874499999,64447.3784,397,331185.0,29981.4528,0
1695874500000,0.0904,0.0916,0.0903,0.0914,929003.0,1695875399999,84410.9235,308,666725.0,60642.6798,0
1695875400000,0.0915,0.0915,0.0907,0.091,269946.0,1695876299999,24568.7145,144,92467.0,8412.6191,0
1695876300000,0.091,0.0911,0.0904,0.0905,723003.0,1695877199999,65618.005,234,207952.0,18863.1204,0
1695877200000,0.0905,0.0911,0.0902,0.0903,341052.0,1695878099999,30903.102,173,109402.0,9947.9871,0
1695878100000,0.0903,0.0908,0.0902,0.0906,307710.0,1695878999999,27839.3368,173,124399.0,11256.9885,0
1695879000000,0.0907,0.0909,0.0906,0.0906,110738.0,1695879899999,10043.0365,66,65387.0,5931.3762,0
1695879900000,0.0905,0.0906,0.0902,0.0903,265564.0,1695880799999,24028.8674,109,113079.0,10235.9721,0
1695880800000,0.0904,0.0904,0.09,0.0902,385617.0,1695881699999,34799.0596,151,178037.0,16073.53,0
1695881700000,0.0901,0.0903,0.09,0.0903,194238.0,1695882599999,17503.3159,104,54058.0,4874.0576,0
1695882600000,0.0902,0.0904,0.0901,0.0904,127755.0,1695883499999,11528.1204,67,60087.0,5425.3418,0
1695883500000,0.0904,0.0906,0.0902,0.0902,210359.0,1695884399999,19010.7152,105,101258.0,9150.2816,0
1695884400000,0.0903,0.0905,0.0902,0.0904,347422.0,1695885299999,31399.1157,227,257173.0,23244.3316,0
1695885300000,0.0905,0.0909,0.0905,0.0908,407425.0,1695886199999,36928.4758,224,182099.0,16517.9946,0
1695886200000,0.0908,0.0915,0.0906,0.0914,561219.0,1695887099999,51140.5621,286,366628.0,33419.3289,0
1695887100000,0.0914,0.0919,0.0912,0.0919,405448.0,1695887999999,37109.8076,210,220968.0,20246.287,0
1695888000000,0.0919,0.0919,0.0908,0.0908,571867.0,1695888899999,52178.6627,181,78267.0,7158.0935,0
1695888900000,0.0909,0.0917,0.0908,0.0916,428911.0,1695889799999,39120.3978,260,240010.0,21908.9232,0
1695889800000,0.0916,0.0921,0.0915,0.092,1091745.0,1695890699999,100343.6447,437,581742.0,53490.3009,0
1695890700000,0.092,0.0924,0.0917,0.0923,549914.0,1695891599999,50658.2727,283,298032.0,27460.6796,0
1695891600000,0.0923,0.0923,0.0918,0.0918,555421.0,1695892499999,51110.3755,235,277352.0,25539.7202,0
1695892500000,0.0918,0.0919,0.0911,0.0913,1615521.0,1695893399999,147847.5523,433,327097.0,29886.0687,0
1695893400000,0.0913,0.0916,0.0913,0.0914,216238.0,1695894299999,19766.0027,108,70842.0,6477.2173,0
1695894300000,0.0913,0.0914,0.0909,0.0911,410691.0,1695895199999,37440.1992,150,118967.0,10861.8222,0
1695895200000,0.0912,0.0912,0.0909,0.0909,465538.0,1695896099999,42372.6312,201,219741.0,20005.0661,0
1695896100000,0.0909,0.0913,0.0908,0.0912,630965.0,1695896999999,57406.6758,206,393319.0,35789.5967,0
1695897000000,0.0912,0.0918,0.0912,0.0916,528406.0,1695897899999,48372.1181,153,321100.0,29379.4234,0
1695897900000,0.0917,0.0919,0.0911,0.0913,304274.0,1695898799999,27851.7937,132,74749.0,6844.513,0
1695898800000,0.0912,0.0914,0.0908,0.0909,182604.0,1695899699999,16613.0601,140,43259.0,3935.947,0
1695899700000,0.0909,0.091,0.0908,0.0909,139427.0,1695900599999,12677.9145,93,35997.0,3274.8868,0
1695900600000,0.0909,0.0911,0.0908,0.091,182342.0,1695901499999,16580.3495,85,78784.0,7167.6707,0
1695901500000,0.091,0.091,0.0908,0.0908,401486.0,1695902399999,36466.218,129,63516.0,5773.3795,0
1695902400000,0.0909,0.0912,0.0908,0.091,98487.0,1695903299999,8950.7591,101,30241.0,2750.2529,0
1695903300000,0.0911,0.0913,0.0911,0.0911,196970.0,1695904199999,17963.6379,104,74950.0,6839.6036,0
1695904200000,0.0911,0.0914,0.091,0.0911,267315.0,1695905099999,24363.8905,103,130169.0,11871.4746,0
1695905100000,0.091,0.0911,0.0908,0.0908,218053.0,1695905999999,19849.3212,75,78417.0,7143.1951,0
1695906000000,0.0909,0.0912,0.0907,0.0911,214130.0,1695906899999,19472.1971,113,81429.0,7421.0847,0
1695906900000,0.091,0.0913,0.091,0.0913,158640.0,1695907799999,14474.384,64,138709.0,12656.4538,0
1695907800000,0.0913,0.0913,0.0908,0.0908,934290.0,1695908699999,85040.0433,279,276362.0,25163.5822,0
1695908700000,0.0908,0.0914,0.0908,0.0913,209338.0,1695909599999,19080.5056,94,121064.0,11048.0338,0
1695909600000,0.0913,0.0914,0.091,0.0912,462716.0,1695910499999,42233.5459,205,231290.0,21117.7655,0
1695910500000,0.0911,0.0913,0.091,0.0912,313027.0,1695911399999,28539.5905,197,73843.0,6734.8241,0
1695911400000,0.0913,0.0924,0.0911,0.0921,817970.0,1695912299999,75080.3769,388,355724.0,32683.3593,0
1695912300000,0.0921,0.0924,0.0917,0.0918,630070.0,1695913199999,58014.8387,314,256242.0,23605.5863,0
1695913200000,0.0917,0.0918,0.0914,0.0915,457221.0,1695914099999,41901.2923,183,89776.0,8231.2982,0
1695914100000,0.0914,0.0915,0.0909,0.0915,482943.0,1695914999999,44059.0836,243,212137.0,19357.7392,0
1695915000000,0.0915,0.0921,0.0914,0.092,250050.0,1695915899999,22948.4463,228,161010.0,14776.8696,0
1695915900000,0.092,0.0921,0.0917,0.0921,416769.0,1695916799999,38287.8506,237,268015.0,24623.5926,0
1695916800000,0.092,0.0924,0.092,0.092,592952.0,1695917699999,54648.8809,338,248774.0,22929.611,0
1695917700000,0.092,0.0921,0.0917,0.092,483004.0,1695918599999,44398.9027,246,182962.0,16820.3536,0
1695918600000,0.0921,0.0922,0.0918,0.092,217587.0,1695919499999,20009.3793,129,95981.0,8829.5872,0
1695919500000,0.0919,0.0922,0.0919,0.092,149626.0,1695920399999,13783.5021,72,77078.0,7104.0364,0
1695920400000,0.0921,0.0922,0.0918,0.0919,90482.0,1695921299999,8313.9275,56,32149.0,2954.7439,0
1695921300000,0.0919,0.0919,0.0914,0.0915,201925.0,1695922199999,18502.2934,220,37783.0,3464.387,0
1695922200000,0.0915,0.0917,0.0914,0.0914,139758.0,1695923099999,12791.0951,83,27692.0,2536.4157,0
1695923100000,0.0915,0.0916,0.0914,0.0915,86091.0,1695923999999,7877.2126,57,7591.0,695.0516,0
1695924000000,0.0915,0.0916,0.0915,0.0916,56797.0,1695924899999,5198.4202,45,10354.0,947.9361,0
1695924900000,0.0916,0.0916,0.0911,0.0911,194444.0,1695925799999,17744.3623,97,80414.0,7341.036,0
1695925800000,0.0911,0.0912,0.0908,0.0911,550666.0,1695926699999,50039.3292,119,94853.0,8627.9939,0
1695926700000,0.091,0.0911,0.0904,0.0909,814497.0,1695927599999,73971.4144,221,119214.0,10837.2219,0
1695927600000,0.091,0.0914,0.091,0.0912,119838.0,1695928499999,10916.8025,75,76141.0,6937.2629,0
1695928500000,0.0912,0.0914,0.0912,0.0914,153384.0,1695929399999,14004.3563,83,39689.0,3624.8186,0
1695929400000,0.0914,0.0915,0.0911,0.0913,389229.0,1695930299999,35537.0011,121,76825.0,7017.658,0
1695930300000,0.0913,0.0913,0.0911,0.0911,43979.0,1695931199999,4011.3404,31,14131.0,1289.4425,0
1695931200000,0.0911,0.0916,0.091,0.0914,180594.0,1695932099999,16503.6404,94,115971.0,10599.6383,0
1695932100000,0.0914,0.0915,0.0911,0.0913,349757.0,1695932999999,31930.2906,95,33145.0,3027.0589,0
1695933000000,0.0913,0.0913,0.0911,0.0912,34344.0,1695933899999,3132.1425,36,8841.0,806.4277,0
1695933900000,0.0912,0.0914,0.091,0.0914,159565.0,1695934799999,14560.2752,77,110663.0,10105.3834,0
1695934800000,0.0914,0.0914,0.0911,0.0911,31466.0,1695935699999,2870.6153,29,6337.0,577.7096,0
1695935700000,0.0912,0.0912,0.0907,0.091,586119.0,1695936599999,53316.8032,158,276423.0,25159.2268,0
1695936600000,0.091,0.0913,0.0909,0.0913,80425.0,1695937499999,7321.0674,73,34624.0,3153.6103,0
1695937500000,0.0913,0.0915,0.0911,0.0913,149787.0,1695938399999,13674.5728,64,90733.0,8291.1021,0
1695938400000,0.0914,0.0915,0.0911,0.0911,24175.0,1695939299999,2206.8247,26,3134.0,286.2062,0
1695939300000,0.0911,0.0914,0.0911,0.0913,84097.0,1695940199999,7680.2418,54,41856.0,3823.9662,0
1695940200000,0.0914,0.0914,0.0912,0.0912,23205.0,1695941099999,2117.0291,24,7668.0,699.8607,0
1695941100000,0.0912,0.0914,0.0911,0.0913,66339.0,1695941999999,6052.254,48,24381.0,2225.9174,0
1695942000000,0.0913,0.0916,0.0912,0.0915,69789.0,1695942899999,6380.0509,51,45875.0,4196.1821,0
1695942900000,0.0916,0.0917,0.0915,0.0915,91138.0,1695943799999,8347.084,73,38943.0,3567.5369,0
1695943800000,0.0915,0.0916,0.0915,0.0916,62085.0,1695944699999,5684.0944,18,33169.0,3038.2804,0
1695944700000,0.0916,0.0917,0.0912,0.0912,169103.0,1695945599999,15442.4796,67,128139.0,11701.6256,0
1695945600000,0.0914,0.0915,0.0912,0.0913,266387.0,1695946499999,24318.6988,88,102771.0,9384.6977,0
1695946500000,0.0913,0.0915,0.0909,0.0911,324252.0,1695947399999,29584.7192,125,123650.0,11292.7904,0
1695947400000,0.0912,0.0912,0.0906,0.0907,113619.0,1695948299999,10320.7233,68,15478.0,1405.3983,0
1695948300000,0.0907,0.091,0.0905,0.091,75481.0,1695949199999,6852.0412,70,41516.0,3769.8038,0
1695949200000,0.0911,0.0911,0.0905,0.0906,113623.0,1695950099999,10303.6169,73,36606.0,3318.5039,0
1695950100000,0.0905,0.0908,0.0902,0.0903,147900.0,1695950999999,13382.9564,90,84192.0,7626.0568,0
1695951000000,0.0904,0.0908,0.0903,0.0907,56142.0,1695951899999,5088.5389,61,35820.0,3246.6356,0
1695951900000,0.0907,0.0911,0.0907,0.091,141931.0,1695952799999,12894.364,70,109940.0,9988.2741,0
1695952800000,0.091,0.0914,0.091,0.0912,280374.0,1695953699999,25570.8446,135,162082.0,14786.7326,0
1695953700000,0.0912,0.0914,0.0909,0.0909,242439.0,1695954599999,22095.1103,83,57780.0,5276.5992,0
1695954600000,0.091,0.0911,0.0905,0.0908,192688.0,1695955499999,17498.9086,110,75075.0,6825.5673,0
1695955500000,0.0909,0.0916,0.0909,0.0909,1031992.0,1695956399999,94205.1707,303,731307.0,66796.5023,0
1695956400000,0.0909,0.0911,0.0909,0.0911,93578.0,1695957299999,8515.9268,57,22574.0,2055.5365,0
1695957300000,0.0911,0.0913,0.091,0.091,171679.0,1695958199999,15645.1845,69,77479.0,7065.5052,0
1695958200000,0.091,0.0914,0.091,0.0911,102262.0,1695959099999,9328.5659,42,50524.0,4614.5348,0
1695959100000,0.091,0.0914,0.091,0.0913,49865.0,1695959999999,4554.8355,41,44066.0,4025.6115,0
1695960000000,0.0913,0.0915,0.0912,0.0915,194664.0,1695960899999,17790.9708,91,146818.0,13424.8933,0
1695960900000,0.0914,0.0914,0.0911,0.0912,35362.0,1695961799999,3225.6479,26,8902.0,811.4956,0
1695961800000,0.0912,0.0913,0.0911,0.0913,30115.0,1695962699999,2745.4398,19,7388.0,673.8217,0
1695962700000,0.0913,0.0915,0.0913,0.0915,70970.0,1695963599999,6486.8318,51,33242.0,3038.8384,0
1695963600000,0.0915,0.0915,0.0912,0.0913,119128.0,1695964499999,10874.1868,37,17470.0,1596.3005,0
1695964500000,0.0913,0.0942,0.0912,0.0941,2931253.0,1695965399999,272447.3504,1334,2196731.0,203923.3668,0
1695965400000,0.0941,0.0942,0.093,0.0933,731572.0,1695966299999,68348.2875,392,349844.0,32672.6439,0
1695966300000,0.0933,0.094,0.0931,0.0934,474182.0,1695967199999,44336.2043,203,207543.0,19433.3306,0
1695967200000,0.0935,0.0939,0.0933,0.0935,486930.0,1695968099999,45578.7249,199,350148.0,32781.4349,0
1695968100000,0.0935,0.094,0.0934,0.0938,442700.0,1695968999999,41505.5557,242,248268.0,23277.9377,0
1695969000000,0.0939,0.094,0.0936,0.0936,287661.0,1695969899999,26998.3725,118,231753.0,21757.401,0
1695969900000,0.0936,0.0939,0.0934,0.0934,307016.0,1695970799999,28777.7789,137,126441.0,11858.1239,0
1695970800000,0.0934,0.0935,0.0926,0.0926,358590.0,1695971699999,33338.9095,171,48725.0,4533.7809,0
1695971700000,0.0927,0.0937,0.0927,0.0936,877950.0,1695972599999,81678.8002,232,771298.0,71745.3255,0
1695972600000,0.0936,0.0943,0.093,0.094,1325105.0,1695973499999,123985.8747,626,427823.0,40077.723,0
1695973500000,0.094,0.0944,0.0938,0.0941,450525.0,1695974399999,42365.7357,246,174989.0,16456.1545,0
1695974400000,0.0941,0.0946,0.0938,0.0938,686480.0,1695975299999,64653.9851,259,137209.0,12932.8128,0
1695975300000,0.0938,0.0945,0.0937,0.0944,469584.0,1695976199999,44207.1904,215,326024.0,30686.1028,0
1695976200000,0.0944,0.0955,0.0938,0.0953,1479188.0,1695977099999,140133.6119,723,940988.0,89114.3897,0
1695977100000,0.0954,0.0956,0.0948,0.0948,867885.0,1695977999999,82601.4196,413,430303.0,40973.1523,0
1695978000000,0.0948,0.095,0.0942,0.0948,629356.0,1695978899999,59571.2653,223,244919.0,23191.7461,0
1695978900000,0.0948,0.0952,0.0947,0.095,463575.0,1695979799999,44017.1417,236,314376.0,29852.7002,0
1695979800000,0.0949,0.0949,0.0942,0.0945,398889.0,1695980699999,37708.8868,165,117173.0,11078.8548,0
1695980700000,0.0944,0.0944,0.094,0.094,393001.0,1695981599999,37025.3476,150,21735.0,2050.3916,0
1695981600000,0.0941,0.0943,0.0938,0.094,310052.0,1695982499999,29137.3522,121,69749.0,6569.7246,0
1695982500000,0.0939,0.0942,0.0938,0.094,113794.0,1695983399999,10695.3111,74,46763.0,4397.5774,0
1695983400000,0.094,0.094,0.0939,0.094,63570.0,1695984299999,5970.1852,43,22351.0,2099.7211,0
1695984300000,0.094,0.0941,0.0935,0.0937,825878.0,1695985199999,77368.3245,195,530583.0,49681.1179,0
1695985200000,0.0937,0.094,0.0936,0.0936,101415.0,1695986099999,9511.8795,58,26194.0,2457.2432,0
1695986100000,0.0936,0.094,0.0936,0.0936,196022.0,1695986999999,18375.3697,49,46347.0,4354.4266,0
1695987000000,0.0936,0.0938,0.0935,0.0935,343543.0,1695987899999,32154.966,134,79736.0,7470.5117,0
1695987900000,0.0935,0.0939,0.0933,0.0938,654746.0,1695988799999,61214.7213,210,471173.0,44055.5592,0
1695988800000,0.0936,0.0937,0.093,0.0931,472766.0,1695989699999,44081.7541,178,63800.0,5953.6265,0
1695989700000,0.0931,0.0939,0.0931,0.0934,1439288.0,1695990599999,134637.5275,361,852067.0,79653.4745,0
1695990600000,0.0934,0.0946,0.0932,0.0946,785096.0,1695991499999,73612.7135,282,499153.0,46849.7631,0
1695991500000,0.0945,0.0946,0.0937,0.0942,600037.0,1695992399999,56596.436,170,95883.0,9025.3369,0
1695992400000,0.0943,0.0943,0.0939,0.0941,104885.0,1695993299999,9866.3865,54,36575.0,3442.0976,0
1695993300000,0.0941,0.0941,0.0935,0.0936,430332.0,1695994199999,40342.4521,236,78925.0,7405.118,0
1695994200000,0.0936,0.094,0.0935,0.0936,171627.0,1695995099999,16076.4121,100,95187.0,8918.2857,0
1695995100000,0.0936,0.0936,0.0934,0.0934,119612.0,1695995999999,11180.5453,55,27224.0,2544.9286,0
1695996000000,0.0934,0.0938,0.0927,0.0937,939862.0,1695996899999,87549.0526,287,395938.0,36953.7813,0
1695996900000,0.0938,0.0941,0.0935,0.0939,902988.0,1695997799999,84695.1722,230,338017.0,31740.5852,0
1695997800000,0.094,0.0954,0.0939,0.0947,2460627.0,1695998699999,233446.4542,538,942095.0,89400.5515,0
1695998700000,0.0947,0.095,0.0943,0.0945,517298.0,1695999599999,48961.9934,150,162715.0,15402.834,0
1695999600000,0.0945,0.0952,0.0943,0.0951,591647.0,1696000499999,56038.5023,244,406549.0,38526.6121,0
1696000500000,0.095,0.0954,0.0947,0.095,656424.0,1696001399999,62424.1351,314,462079.0,43945.5441,0
1696001400000,0.0949,0.097,0.0949,0.097,1259659.0,1696002299999,120808.9577,693,883697.0,84836.4254,0
1696002300000,0.097,0.0994,0.0963,0.0984,6757560.0,1696003199999,663116.9407,2854,3785377.0,371634.6024,0
1696003200000,0.0984,0.0984,0.0971,0.0979,2003641.0,1696004099999,195620.9715,1052,794205.0,77552.5222,0
1696004100000,0.0978,0.0978,0.0965,0.0968,1199615.0,1696004999999,116485.2733,564,428812.0,41714.1642,0
1696005000000,0.0969,0.0973,0.0967,0.097,921490.0,1696005899999,89336.4066,368,317622.0,30802.9867,0
1696005900000,0.097,0.0974,0.0967,0.0973,357460.0,1696006799999,34662.3915,205,122917.0,11929.8882,0
1696006800000,0.0972,0.0978,0.0968,0.0971,570803.0,1696007699999,55484.9406,306,172653.0,16807.2056,0
1696007700000,0.0971,0.0971,0.0967,0.0967,324611.0,1696008599999,31440.815,172,81779.0,7922.3264,0
1696008600000,0.0967,0.0977,0.0965,0.0976,588376.0,1696009499999,57120.5339,328,292038.0,28360.8594,0
1696009500000,0.0975,0.0982,0.0972,0.098,695436.0,1696010399999,67878.0562,334,336660.0,32902.1838,0
1696010400000,0.0981,0.105,0.0978,0.1047,17744492.0,1696011299999,1817526.6964,8384,10878689.0,1113924.1253,0
1696011300000,0.1048,0.1062,0.103,0.1047,10846642.0,1696012199999,1136343.9232,4851,5396592.0,566539.4184,0
1696012200000,0.1047,0.1055,0.1035,0.1047,6285693.0,1696013099999,656666.1454,2341,3091677.0,323210.2931,0
1696013100000,0.1046,0.1064,0.1046,0.1054,4962806.0,1696013999999,524121.4043,2131,2774209.0,293136.4378,0
1696014000000,0.1054,0.1061,0.1047,0.105,2991890.0,1696014899999,315145.9135,1338,1290613.0,136109.6388,0
1696014900000,0.1051,0.106,0.1045,0.1048,3729388.0,1696015799999,392724.5457,1424,1900475.0,200232.1565,0
1696015800000,0.1048,0.1084,0.1047,0.1075,6920692.0,1696016699999,739141.7921,2855,4034423.0,430547.1574,0
1696016700000,0.1075,0.108,0.1061,0.1063,7590240.0,1696017599999,814955.8028,2560,3572428.0,384397.2023,0
1696017600000,0.1063,0.1073,0.1057,0.1061,2914240.0,1696018499999,309974.3914,1204,1258861.0,133948.2697,0
1696018500000,0.1061,0.1065,0.1053,0.1055,3252841.0,1696019399999,344145.0588,1046,957814.0,101461.6068,0
1696019400000,0.1054,0.1065,0.1053,0.1059,1403319.0,1696020299999,148675.1387,639,637171.0,67497.1441,0
1696020300000,0.1059,0.106,0.1047,0.1056,1998778.0,1696021199999,210571.2715,884,660571.0,69603.012,0
1696021200000,0.1056,0.1063,0.105,0.1052,2020834.0,1696022099999,213417.5751,731,949888.0,100371.9387,0
1696022100000,0.1052,0.1054,0.1041,0.1049,2109496.0,1696022999999,220728.3797,999,794829.0,83169.7991,0
1696023000000,0.1049,0.1053,0.1043,0.1044,829026.0,1696023899999,86790.5972,398,286528.0,30043.8125,0
1696023900000,0.1045,0.1049,0.1042,0.1045,699244.0,1696024799999,73166.2491,328,378703.0,39633.083,0
1696024800000,0.1046,0.1053,0.1043,0.1049,1443388.0,1696025699999,151333.9887,603,805464.0,84496.5847,0
1696025700000,0.1049,0.1053,0.1046,0.1052,624923.0,1696026599999,65622.6281,333,366087.0,38449.4635,0
1696026600000,0.1052,0.1056,0.1045,0.1047,1023798.0,1696027499999,107568.2498,482,523383.0,55038.996,0
1696027500000,0.1047,0.1048,0.1041,0.1045,1218008.0,1696028399999,127110.2898,482,405612.0,42357.457,0
1696028400000,0.1044,0.1052,0.1043,0.1048,574067.0,1696029299999,60150.3237,283,189375.0,19848.8058,0
1696029300000,0.1048,0.1051,0.1045,0.1048,662783.0,1696030199999,69418.2635,293,289615.0,30359.1061,0
1696030200000,0.1048,0.1058,0.1045,0.1052,1374197.0,1696031099999,144529.3421,475,882531.0,92875.6875,0
1696031100000,0.1052,0.1056,0.105,0.105,1303250.0,1696031999999,137243.8825,469,773176.0,81476.0243,0
1696032000000,0.105,0.1063,0.1031,0.1033,3836358.0,1696032899999,399782.0022,1338,1133532.0,118414.3478,0
1696032900000,0.1033,0.1073,0.1027,0.1068,7673764.0,1696033799999,808611.2751,2603,5222270.0,551042.9072,0
1696033800000,0.1069,0.1083,0.1061,0.1064,7711170.0,1696034699999,828696.0595,3208,4628516.0,497771.8005,0
1696034700000,0.1064,0.1069,0.1055,0.106,2261019.0,1696035599999,239909.1061,1067,799931.0,84880.3928,0
1696035600000,0.106,0.1069,0.105,0.1053,1540013.0,1696036499999,163010.8782,717,489010.0,51888.2892,0
1696036500000,0.1053,0.106,0.1051,0.1059,721381.0,1696037399999,76125.1619,388,374607.0,39537.4308,0
1696037400000,0.1058,0.1066,0.1057,0.1063,744230.0,1696038299999,79044.6207,404,395769.0,42059.2829,0
1696038300000,0.1063,0.1067,0.1058,0.106,706515.0,1696039199999,75073.0215,378,281446.0,29918.1445,0
1696039200000,0.1059,0.1064,0.1058,0.1064,399390.0,1696040099999,42369.4378,254,185098.0,19640.3375,0
1696040100000,0.1065,0.1065,0.1054,0.1054,619650.0,1696040999999,65525.1392,295,271967.0,28779.3677,0
1696041000000,0.1055,0.1058,0.1047,0.105,1293988.0,1696041899999,135984.6219,343,272274.0,28650.1563,0
1696041900000,0.105,0.1065,0.105,0.1064,1041407.0,1696042799999,110329.3381,523,734002.0,77817.4726,0
1696042800000,0.1063,0.1078,0.1059,0.1069,1617638.0,1696043699999,172912.3763,873,963987.0,103063.074,0
1696043700000,0.1069,0.1071,0.1059,0.1059,1214614.0,1696044599999,129353.0793,694,622829.0,66364.8197,0
1696044600000,0.1059,0.1066,0.1057,0.1063,809758.0,1696045499999,85979.943,407,311018.0,33064.3911,0
1696045500000,0.1062,0.1072,0.1059,0.107,911106.0,1696046399999,97225.7107,474,592985.0,63304.7128,0
1696046400000,0.107,0.1083,0.1066,0.108,3107140.0,1696047299999,334582.0509,1504,2198521.0,236739.375,0
1696047300000,0.1079,0.1085,0.1072,0.1078,3513124.0,1696048199999,378864.3411,1417,1891867.0,204145.3018,0
1696048200000,0.1077,0.1077,0.1059,0.1064,2014148.0,1696049099999,215380.9221,999,569715.0,60874.6279,0
1696049100000,0.1063,0.1068,0.1053,0.1055,1300149.0,1696049999999,137713.3286,633,366978.0,38972.908,0
1696050000000,0.1056,0.106,0.1048,0.1055,1155802.0,1696050899999,121818.3316,635,462231.0,48753.4776,0
1696050900000,0.1056,0.1062,0.1054,0.1058,421354.0,1696051799999,44589.8284,300,123855.0,13113.0602,0
1696051800000,0.1058,0.1065,0.1057,0.1063,804693.0,1696052699999,85343.011,404,481119.0,51050.1279,0
1696052700000,0.1063,0.1074,0.1063,0.107,1264760.0,1696053599999,135129.4104,616,851377.0,90952.5388,0
1696053600000,0.107,0.1083,0.107,0.108,1375538.0,1696054499999,147966.0354,759,738795.0,79479.621,0
1696054500000,0.1079,0.1081,0.1067,0.1069,1350481.0,1696055399999,144845.1061,652,550592.0,59146.5314,0
1696055400000,0.1069,0.1076,0.1066,0.1068,833814.0,1696056299999,89186.5264,488,302381.0,32374.1149,0
1696056300000,0.1069,0.1074,0.1066,0.1068,1370224.0,1696057199999,146486.6048,479,782463.0,83657.8867,0
1696057200000,0.1068,0.1069,0.1056,0.106,2149778.0,1696058099999,228197.321,790,957020.0,101544.3594,0
1696058100000,0.1059,0.1062,0.1052,0.1052,1562968.0,1696058999999,165282.8878,679,442138.0,46809.34,0
1696059000000,0.1053,0.1066,0.1051,0.106,1296403.0,1696059899999,137255.1088,597,620310.0,65695.1014,0
1696059900000,0.1061,0.1062,0.1053,0.1058,598671.0,1696060799999,63329.3998,329,245819.0,26039.9524,0
1696060800000,0.1058,0.1069,0.1056,0.1066,1325706.0,1696061699999,140939.1884,592,607723.0,64689.1343,0
1696061700000,0.1067,0.1073,0.1061,0.1067,2373775.0,1696062599999,253261.1222,790,1162530.0,124117.6925,0
1696062600000,0.1067,0.1067,0.1056,0.1056,873362.0,1696063499999,92677.0756,440,153752.0,16313.2362,0
1696063500000,0.1056,0.1062,0.1053,0.106,665663.0,1696064399999,70367.7807,424,302473.0,31975.2306,0
1696064400000,0.106,0.1061,0.1051,0.1061,789127.0,1696065299999,83285.7319,413,275687.0,29114.5635,0
1696065300000,0.106,0.1062,0.1054,0.1057,336306.0,1696066199999,35551.7632,215,98072.0,10376.7092,0
1696066200000,0.1057,0.1063,0.1054,0.1061,533897.0,1696067099999,56609.3973,298,358069.0,37987.0965,0
1696067100000,0.106,0.1061,0.105,0.1051,1181217.0,1696067999999,124454.5987,529,597124.0,62907.9375,0
1696068000000,0.1051,0.1056,0.1037,0.1042,2646360.0,1696068899999,276402.8911,980,587899.0,61440.2888,0
1696068900000,0.1043,0.112,0.1038,0.1119,22189843.0,1696069799999,2419944.7974,11205,17659717.0,1927331.2171,0
1696069800000,0.1119,0.1162,0.1107,0.1148,32401824.0,1696070699999,3706352.6379,19342,18303576.0,2092697.7975,0
1696070700000,0.1148,0.1156,0.1133,0.1148,7131150.0,1696071599999,818023.1357,3871,3562160.0,408872.4212,0
1696071600000,0.1148,0.1197,0.1147,0.1191,12417423.0,1696072499999,1464221.266,7314,6227581.0,734061.0301,0
1696072500000,0.1192,0.121,0.1172,0.1177,15595537.0,1696073399999,1862636.6179,8725,7448771.0,890184.9029,0
1696073400000,0.1176,0.1188,0.1165,0.1177,5484271.0,1696074299999,644720.297,3224,2923779.0,343869.9092,0
1696074300000,0.1177,0.1185,0.1159,0.1168,5895985.0,1696075199999,690698.3423,3197,2552013.0,299145.978,0
1696075200000,0.1168,0.1185,0.1164,0.1185,3962411.0,1696076099999,466140.6352,2101,2025316.0,238398.4419,0
1696076100000,0.1186,0.12,0.1172,0.1177,5812983.0,1696076999999,688931.4786,2823,3124540.0,370568.5146,0
1696077000000,0.1177,0.1185,0.1168,0.1178,3634786.0,1696077899999,427492.5549,1904,1855695.0,218399.2064,0
1696077900000,0.1178,0.1207,0.1177,0.1188,7779096.0,1696078799999,929906.3154,3968,4342719.0,519102.0003,0
1696078800000,0.1189,0.1209,0.1179,0.1204,5910552.0,1696079699999,706747.9291,3761,3425246.0,409681.6211,0
1696079700000,0.1205,0.1228,0.1196,0.1198,9165049.0,1696080599999,1110190.2408,5570,4106682.0,497833.2032,0
1696080600000,0.1197,0.1206,0.1189,0.1199,3198724.0,1696081499999,383251.565,1983,1522588.0,182445.9379,0
1696081500000,0.1199,0.1207,0.1177,0.118,4200186.0,1696082399999,500339.6706,2420,1778325.0,212084.8352,0
1696082400000,0.118,0.1194,0.1174,0.1188,3408018.0,1696083299999,402922.5464,1996,1754984.0,207572.299,0
1696083300000,0.1187,0.1193,0.118,0.1185,1759420.0,1696084199999,208745.153,1021,794206.0,94254.4895,0
1696084200000,0.1184,0.1189,0.1178,0.1187,1557794.0,1696085099999,184311.1988,960,740130.0,87596.4833,0
1696085100000,0.1186,0.1189,0.1172,0.1173,2784925.0,1696085999999,328476.4301,1579,1219734.0,143946.8406,0
1696086000000,0.1173,0.1183,0.1168,0.1181,3031691.0,1696086899999,356478.3412,1709,1472690.0,173197.9463,0
1696086900000,0.1181,0.1187,0.1176,0.1177,2418605.0,1696087799999,285704.8566,1390,1135596.0,134177.1761,0
1696087800000,0.1177,0.1199,0.1175,0.1192,4034452.0,1696088699999,478373.831,2388,2309240.0,273921.7173,0
1696088700000,0.1191,0.1207,0.1188,0.1194,6407376.0,1696089599999,765094.1941,2893,3884268.0,463900.8589,0
1696089600000,0.1193,0.1201,0.1186,0.1199,4547560.0,1696090499999,542768.0759,2415,2478672.0,295972.7323,0
1696090500000,0.12,0.1225,0.1181,0.1183,7647461.0,1696091399999,922294.6901,4369,3692373.0,445560.3959,0
1696091400000,0.1183,0.12,0.118,0.1193,3522443.0,1696092299999,419733.2105,2052,1774287.0,211660.6334,0
1696092300000,0.1192,0.1204,0.1191,0.1196,3135327.0,1696093199999,375949.174,1750,1578049.0,189220.3518,0
1696093200000,0.1196,0.12,0.1189,0.1193,1689157.0,1696094099999,201741.4556,1082,760828.0,90882.9633,0
1696094100000,0.1193,0.1197,0.1183,0.1187,1243978.0,1696094999999,148097.5079,744,452525.0,53887.2098,0
1696095000000,0.1187,0.1192,0.1174,0.118,2020618.0,1696095899999,238589.7087,1211,849492.0,100342.7373,0
1696095900000,0.1179,0.118,0.1162,0.1173,3253642.0,1696096799999,380248.0275,1716,1456089.0,170232.4338,0
1696096800000,0.1173,0.1175,0.1156,0.1157,2777484.0,1696097699999,322638.8641,1328,869537.0,101100.9267,0
1696097700000,0.1157,0.1199,0.1151,0.1196,6015651.0,1696098599999,705816.0771,2852,3742230.0,440338.1629,0
1696098600000,0.1196,0.1284,0.1185,0.1277,28944269.0,1696099499999,3598490.1605,17246,16120482.0,2002796.0245,0
1696099500000,0.1277,0.1347,0.1258,0.134,24716275.0,1696100399999,3217873.8041,14446,13352572.0,1738115.7532,0
1696100400000,0.1339,0.144,0.1339,0.1396,34772773.0,1696101299999,4852361.2049,22108,17160040.0,2396098.905,0
1696101300000,0.1395,0.1407,0.1378,0.1405,11927731.0,1696102199999,1662475.436,7311,5791032.0,807339.2146,0
1696102200000,0.1405,0.1449,0.1403,0.1444,19003929.0,1696103099999,2714336.5764,12281,10234558.0,1462049.8306,0
1696103100000,0.1444,0.152,0.1443,0.1513,27533357.0,1696103999999,4086535.2299,18687,15281465.0,2267957.2441,0
1696104000000,0.1513,0.158,0.1495,0.1537,29777100.0,1696104899999,4594287.2627,19919,14649605.0,2261579.5999,0
1696104900000,0.1537,0.1579,0.1526,0.1564,15973555.0,1696105799999,2488916.4043,10833,7850449.0,1223675.2559,0
1696105800000,0.1564,0.162,0.1539,0.1596,20698269.0,1696106699999,3270116.3297,12938,11341782.0,1792770.876,0
1696106700000,0.1597,0.1628,0.1587,0.1602,14260786.0,1696107599999,2295026.3363,9577,7037750.0,1133123.8271,0
1696107600000,0.1602,0.1768,0.1602,0.1757,25417100.0,1696108499999,4266418.6079,17645,13604796.0,2280778.8884,0
1696108500000,0.1757,0.1974,0.1723,0.1793,46056245.0,1696109399999,8451742.7948,35354,23695850.0,4343684.0198,0
1696109400000,0.1794,0.1879,0.1676,0.1768,29379299.0,1696110299999,5252935.0047,25346,14460229.0,2586420.4628,0
1696110300000,0.1768,0.177,0.1501,0.1515,33778653.0,1696111199999,5487168.6229,25977,13672011.0,2226326.2106,0
1696111200000,0.1515,0.152,0.1393,0.1449,37173728.0,1696112099999,5401053.5377,26135,16303566.0,2369058.8682,0
1696112100000,0.1448,0.1498,0.13,0.133,30205814.0,1696112999999,4241363.5437,17790,13030861.0,1839390.8731,0
1696113000000,0.1333,0.1414,0.1312,0.1392,17510225.0,1696113899999,2396295.7737,10089,10173030.0,1392651.1656,0
1696113900000,0.1392,0.1418,0.1367,0.138,8277330.0,1696114799999,1153844.7449,5579,3974089.0,554260.0398,0
1696114800000,0.138,0.14,0.1336,0.1388,7012421.0,1696115699999,962019.6653,5034,3622804.0,497074.0607,0
1696115700000,0.1388,0.1435,0.1388,0.1418,7563019.0,1696116599999,1070811.0315,4474,4215319.0,596400.5733,0
1696116600000,0.1418,0.1491,0.1418,0.1456,11169031.0,1696117499999,1632195.6459,7468,5970765.0,872229.4103,0
1696117500000,0.1456,0.151,0.1424,0.1433,8165069.0,1696118399999,1204702.1815,6126,3282160.0,484698.0714,0
