open_time,open,high,low,close,volume,close_time,quote_volume,trades,taker_buy_base,taker_buy_quote,ignore
1740787200000000,0.0613,0.0614,0.061,0.0613,1688194.1,1740788099999999,103313.88292,1723,887507.3,54330.48213,0
1740788100000000,0.0613,0.0615,0.061,0.0611,1088407.2,1740788999999999,66627.86477,1587,326955.9,20034.19577,0
1740789000000000,0.0611,0.0611,0.0604,0.0606,1598008.6,1740789899999999,97065.89493,1812,481402.0,29254.18281,0
1740789900000000,0.0607,0.0608,0.0602,0.0602,1295102.0,1740790799999999,78362.6924,1666,478647.2,28975.22809,0
1740790800000000,0.0603,0.0606,0.0602,0.0603,1541835.3,1740791699999999,93094.84756,1666,817700.7,49380.90448,0
1740791700000000,0.0604,0.0606,0.0602,0.0604,1385022.4,1740792599999999,83648.68259,1597,620023.9,37463.73565,0
1740792600000000,0.0604,0.0608,0.0602,0.0608,2000903.1,1740793499999999,121063.66563,1655,1100405.6,66634.11893,0
1740793500000000,0.0608,0.0615,0.0606,0.0613,3327340.4,1740794399999999,203407.92112,2180,2160174.8,132041.80536,0
1740794400000000,0.0613,0.0613,0.0606,0.061,1666838.5,1740795299999999,101554.1427,1671,702358.8,42799.75376,0
1740795300000000,0.0611,0.0612,0.0608,0.061,3165520.9,1740796199999999,192958.49062,2194,1604181.3,97804.1431,0
1740796200000000,0.0611,0.0615,0.0609,0.0612,3451523.7,1740797099999999,211269.65364,2025,1704684.6,104369.37023,0
1740797100000000,0.0611,0.0614,0.061,0.0612,3023679.4,1740797999999999,184875.3504,1985,1455240.6,88990.838,0
1740798000000000,0.0613,0.0615,0.0609,0.0611,2603589.1,1740798899999999,159331.41587,1819,1120632.2,68583.42772,0
1740798900000000,0.0611,0.0612,0.0609,0.0612,1836486.1,1740799799999999,112052.771,1717,809462.5,49393.81519,0
1740799800000000,0.0611,0.0614,0.061,0.0612,1696065.9,1740800699999999,103843.72162,1816,1037037.4,63498.44275,0
1740800700000000,0.0611,0.0613,0.0608,0.0608,1650835.5,1740801599999999,100793.45468,1739,788900.2,48185.29853,0
1740801600000000,0.0608,0.0614,0.0607,0.0613,2046902.3,1740802499999999,124916.71289,1861,1076460.6,65691.94383,0
1740802500000000,0.0614,0.0614,0.061,0.0611,1428601.5,1740803399999999,87374.93881,1651,536828.4,32836.38943,0
1740803400000000,0.0612,0.0615,0.061,0.0614,2513522.7,1740804299999999,154000.29755,1981,1523976.8,93382.13539,0
1740804300000000,0.0615,0.0615,0.0611,0.0613,1941227.5,1740805199999999,118888.58619,1928,757476.9,46401.44051,0
1740805200000000,0.0613,0.0613,0.0607,0.0608,1237556.9,1740806099999999,75346.5742,1672,571966.3,34825.59329,0
1740806100000000,0.0609,0.0609,0.0605,0.0608,1796755.4,1740806999999999,109132.52314,1682,843478.3,51257.34596,0
1740807000000000,0.0609,0.0611,0.0607,0.0608,1230119.0,1740807899999999,74882.21659,1694,421409.3,25667.06461,0
1740807900000000,0.0608,0.0609,0.0606,0.0608,1363817.9,1740808799999999,82835.59821,1753,648766.3,39412.69455,0
1740808800000000,0.0608,0.061,0.0606,0.0606,1446312.3,1740809699999999,87922.63014,1604,641645.3,39024.12554,0
1740809700000000,0.0607,0.0607,0.0603,0.0604,1869236.3,1740810599999999,113108.1144,1825,1068936.4,64703.63208,0
1740810600000000,0.0603,0.0606,0.0601,0.0604,2237834.9,1740811499999999,135005.45746,1894,1008964.5,60895.5394,0
1740811500000000,0.0605,0.0606,0.0603,0.0605,1266537.7,1740812399999999,76529.75271,1815,746516.4,45125.24994,0
1740812400000000,0.0605,0.0605,0.0601,0.0602,1308967.5,1740813299999999,78932.85434,1573,485807.5,29317.90606,0
1740813300000000,0.0603,0.0604,0.0599,0.06,1453879.4,1740814199999999,87396.45191,1642,672822.6,40451.94764,0
1740814200000000,0.06,0.0603,0.0599,0.0602,1521102.4,1740815099999999,91401.81358,1752,912101.6,54807.98965,0
1740815100000000,0.0603,0.0605,0.0602,0.0602,1005219.0,1740815999999999,60603.57488,1843,396977.7,23951.28438,0
1740816000000000,0.0603,0.0605,0.0602,0.0602,1786206.8,1740816899999999,107698.29186,1689,802962.7,48443.61856,0
1740816900000000,0.0603,0.0607,0.0602,0.0606,1188696.2,1740817799999999,71850.34717,1645,573035.3,34660.91274,0
1740817800000000,0.0607,0.0607,0.0602,0.0603,1363707.5,1740818699999999,82416.35151,1642,575448.8,34786.98559,0
1740818700000000,0.0603,0.0604,0.0601,0.0604,1468832.7,1740819599999999,88505.98966,1732,598879.0,36096.24444,0
1740819600000000,0.0603,0.0604,0.0601,0.0601,1537947.7,1740820499999999,92619.42987,1678,711486.0,42857.4277,0
1740820500000000,0.0602,0.0604,0.0601,0.0601,1309501.8,1740821399999999,78846.96253,1606,590286.9,35552.66082,0
1740821400000000,0.0602,0.0602,0.0595,0.0597,1680257.4,1740822299999999,100584.31822,1805,540628.0,32360.6689,0
1740822300000000,0.0597,0.0598,0.0595,0.0597,2016969.7,1740823199999999,120286.71414,1937,831919.8,49614.51222,0
1740823200000000,0.0597,0.0598,0.0593,0.0594,1767122.3,1740824099999999,105168.80835,1801,786042.4,46791.19632,0
1740824100000000,0.0595,0.0596,0.0587,0.0592,3564169.3,1740824999999999,210624.81038,2161,2343875.0,138533.89347,0
1740825000000000,0.0592,0.0592,0.0588,0.0589,2057980.2,1740825899999999,121492.67302,1920,1078518.3,63693.40628,0
1740825900000000,0.0589,0.0591,0.0587,0.0588,1910196.1,1740826799999999,112465.5711,1902,1084368.8,63865.81737,0
1740826800000000,0.0588,0.0589,0.0583,0.0584,2928192.3,1740827699999999,171739.78109,2130,1508769.9,88511.89975,0
1740827700000000,0.0583,0.0587,0.0582,0.0586,1586905.4,1740828599999999,92750.83431,1730,714338.0,41753.9168,0
1740828600000000,0.0586,0.0587,0.0584,0.0585,1832954.9,1740829499999999,107286.7432,1823,741908.7,43439.48557,0
1740829500000000,0.0586,0.0586,0.0583,0.0585,1517014.5,1740830399999999,88616.51147,1831,746843.8,43634.67265,0
1740830400000000,0.0584,0.0586,0.0582,0.0583,2523964.8,1740831299999999,147216.55367,1787,1389686.6,81075.55735,0
1740831300000000,0.0584,0.0587,0.0582,0.0582,1079732.6,1740832199999999,63097.8252,1581,340229.4,19895.93402,0
1740832200000000,0.0582,0.0585,0.0581,0.0583,2097721.7,1740833099999999,122391.21315,1766,1212787.9,70826.29005,0
1740833100000000,0.0583,0.0587,0.0582,0.0585,1704067.3,1740833999999999,99624.49612,1898,830806.9,48613.57473,0
1740834000000000,0.0586,0.0587,0.0581,0.0581,2168010.1,1740834899999999,126424.63456,1744,709061.2,41378.37949,0
1740834900000000,0.0582,0.0582,0.0578,0.0581,2168006.0,1740835799999999,125734.60504,1934,994059.4,57654.6978,0
1740835800000000,0.0582,0.0583,0.0578,0.058,1698566.3,1740836699999999,98531.9532,1863,772094.5,44805.7818,0
1740836700000000,0.0579,0.0581,0.0576,0.0579,2031022.2,1740837599999999,117395.56159,2064,845408.5,48886.45669,0
1740837600000000,0.058,0.0583,0.0578,0.058,1224896.0,1740838499999999,71134.58512,1599,698203.7,40589.91285,0
1740838500000000,0.0581,0.0583,0.0578,0.058,1819159.6,1740839399999999,105531.97232,1758,793066.1,45999.85144,0
1740839400000000,0.0581,0.0583,0.0578,0.0581,1823698.1,1740840299999999,105784.51698,1759,804552.3,46680.43982,0
1740840300000000,0.0582,0.0584,0.058,0.0581,1776940.8,1740841199999999,103339.85353,1919,856496.7,49828.70494,0
1740841200000000,0.058,0.0585,0.0578,0.0582,2770065.3,1740842099999999,160955.40489,2032,1552000.3,90241.90636,0
1740842100000000,0.0582,0.0582,0.0576,0.0579,1648143.3,1740842999999999,95332.96109,1696,931495.1,53866.18306,0
1740843000000000,0.0579,0.0582,0.0578,0.0579,1770607.9,1740843899999999,102622.2023,1842,725333.5,42065.22037,0
1740843900000000,0.058,0.0582,0.0578,0.0581,1826004.0,1740844799999999,105898.89558,1900,925707.7,53707.96277,0
1740844800000000,0.058,0.0583,0.0579,0.0583,1657014.5,1740845699999999,96203.37882,1714,975538.5,56649.17727,0
1740845700000000,0.0582,0.0585,0.0581,0.0582,2414125.9,1740846599999999,140653.03661,1904,1440592.2,83949.06658,0
1740846600000000,0.0582,0.0583,0.0577,0.0581,2329898.2,1740847499999999,135192.79336,2081,1397088.4,81089.30693,0
1740847500000000,0.0581,0.0586,0.0579,0.0584,1585772.1,1740848399999999,92245.32449,2018,857591.3,49895.34323,0
1740848400000000,0.0585,0.0585,0.058,0.058,1719818.4,1740849299999999,100141.73938,1815,689109.4,40136.96908,0
1740849300000000,0.058,0.0584,0.0579,0.0581,2030193.4,1740850199999999,118064.2697,1857,1002734.9,58349.30661,0
1740850200000000,0.0582,0.0583,0.0579,0.0582,1612950.4,1740851099999999,93687.20681,1786,806307.7,46833.77652,0
1740851100000000,0.0582,0.0583,0.0579,0.0579,1112621.2,1740851999999999,64677.41704,1673,410934.0,23900.22728,0
1740852000000000,0.058,0.0582,0.0576,0.0578,2261368.6,1740852899999999,130886.3162,1736,1183887.6,68596.89673,0
1740852900000000,0.0579,0.0581,0.0578,0.058,1373360.2,1740853799999999,79584.88799,1684,628699.5,36435.62138,0
1740853800000000,0.0581,0.0583,0.0579,0.0581,1174381.7,1740854699999999,68230.60518,1612,645342.2,37507.44476,0
1740854700000000,0.0582,0.0583,0.0579,0.0581,1436835.9,1740855599999999,83440.34989,1772,766278.6,44512.15394,0
1740855600000000,0.0581,0.0584,0.058,0.0582,1671871.3,1740856499999999,97302.77745,1604,735771.9,42847.3663,0
1740856500000000,0.0583,0.0584,0.0581,0.0582,1591603.5,1740857399999999,92715.38293,1633,733398.0,42733.45015,0
1740857400000000,0.0582,0.0586,0.0582,0.0582,1732235.0,1740858299999999,101180.80065,1731,516364.7,30165.53208,0
1740858300000000,0.0583,0.0584,0.0581,0.0583,1202274.0,1740859199999999,70047.10684,1748,634026.0,36954.54285,0
1740859200000000,0.0583,0.0584,0.0581,0.0581,861533.2,1740860099999999,50158.44174,1500,419666.9,24448.36441,0
1740860100000000,0.0582,0.0584,0.058,0.0582,1154038.5,1740860999999999,67178.61467,1551,574044.2,33422.50946,0
1740861000000000,0.0583,0.0584,0.0581,0.0582,987350.7,1740861899999999,57518.76583,1562,429537.4,25037.50452,0
1740861900000000,0.0583,0.0586,0.0582,0.0586,1461692.5,1740862799999999,85350.6356,1676,811524.2,47396.65634,0
1740862800000000,0.0585,0.0586,0.0583,0.0583,1687671.9,1740863699999999,98618.53199,1606,569176.0,33269.56371,0
1740863700000000,0.0583,0.0587,0.0582,0.0585,2780479.1,1740864599999999,162478.76504,1822,1220492.1,71338.00396,0
1740864600000000,0.0586,0.0591,0.0585,0.0586,1529779.3,1740865499999999,89821.52998,1621,704531.1,41400.62433,0
1740865500000000,0.0586,0.0594,0.0586,0.0592,2896354.5,1740866399999999,171183.04953,1928,1956571.1,115666.09103,0
1740866400000000,0.0592,0.0597,0.059,0.0594,2856461.6,1740867299999999,169623.04322,2082,1441679.5,85570.98181,0
1740867300000000,0.0595,0.0595,0.059,0.0593,1598821.3,1740868199999999,94749.00458,1793,902278.1,53485.15274,0
1740868200000000,0.0594,0.0596,0.0591,0.0595,1089533.8,1740869099999999,64674.38442,1646,655242.1,38908.47246,0
1740869100000000,0.0596,0.0601,0.0595,0.0597,1672690.7,1740869999999999,100098.8611,1833,840660.0,50382.15947,0
1740870000000000,0.0598,0.0599,0.059,0.0591,2173654.5,1740870899999999,129009.56702,1914,560120.3,33267.01925,0
1740870900000000,0.0592,0.0594,0.0589,0.0592,1358478.3,1740871799999999,80277.77874,1847,889754.1,52584.07849,0
1740871800000000,0.0592,0.0594,0.059,0.0591,1403177.3,1740872699999999,83041.92832,1649,661634.4,39176.8203,0
1740872700000000,0.0592,0.0594,0.0591,0.0592,2056474.4,1740873599999999,121961.78609,1828,1443888.1,85675.79089,0
1740873600000000,0.0593,0.0593,0.0589,0.0589,1238198.7,1740874499999999,73124.96755,1653,442430.4,26141.70004,0
1740874500000000,0.059,0.059,0.0585,0.0588,1457404.0,1740875399999999,85607.78971,1819,587266.6,34504.72926,0
1740875400000000,0.0589,0.0594,0.0587,0.0593,1827515.1,1740876299999999,108233.30634,1798,1259807.5,74650.16295,0
1740876300000000,0.0594,0.0594,0.059,0.059,1365155.8,1740877199999999,80834.18169,1601,435510.4,25817.97718,0
1740877200000000,0.0591,0.0595,0.059,0.0593,1476801.4,1740878099999999,87483.11826,1721,686306.2,40683.98846,0
1740878100000000,0.0594,0.0594,0.0591,0.0591,932649.7,1740878999999999,55249.24417,1654,346311.4,20522.3661,0
1740879000000000,0.0592,0.0592,0.0587,0.0588,1153237.5,1740879899999999,67909.97898,1728,518327.0,30527.77714,0
1740879900000000,0.0588,0.0591,0.0587,0.0589,958643.3,1740880799999999,56454.36205,1564,411278.8,24235.38577,0
1740880800000000,0.059,0.0593,0.0588,0.059,1351917.7,1740881699999999,79848.81652,1812,720680.6,42580.17579,0
1740881700000000,0.0589,0.0591,0.0587,0.0588,1661677.8,1740882599999999,97875.15239,1852,935302.7,55109.64848,0
1740882600000000,0.0588,0.059,0.0586,0.0589,3241542.6,1740883499999999,190460.39177,1855,1791323.8,105292.8953,0
1740883500000000,0.059,0.0592,0.0589,0.0592,1289644.8,1740884399999999,76077.31849,1779,534951.1,31587.60257,0
1740884400000000,0.0591,0.0594,0.0591,0.0593,1859313.0,1740885299999999,110173.66338,1855,639672.7,37919.36919,0
1740885300000000,0.0594,0.0594,0.0589,0.0591,1554913.2,1740886199999999,91861.22307,1786,678866.7,40112.80246,0
1740886200000000,0.0591,0.0594,0.0589,0.0592,1084768.8,1740887099999999,64117.05923,1684,476743.7,28185.12617,0
1740887100000000,0.0593,0.0595,0.0589,0.0589,1056231.3,1740887999999999,62502.60677,1659,452288.9,26770.01126,0
1740888000000000,0.059,0.0592,0.0589,0.059,1284639.9,1740888899999999,75788.4843,1564,536163.2,31643.19598,0
1740888900000000,0.0591,0.0593,0.0588,0.0592,1417739.8,1740889799999999,83724.86078,1628,506150.4,29886.39963,0
1740889800000000,0.0592,0.0594,0.0591,0.0592,1231829.7,1740890699999999,72976.59939,1549,611228.5,36234.11904,0
1740890700000000,0.0593,0.0594,0.0591,0.0591,1034930.2,1740891599999999,61311.89813,1533,489820.6,29026.21084,0
1740891600000000,0.0592,0.0594,0.059,0.0593,1023469.4,1740892499999999,60580.91052,1659,437178.2,25890.69262,0
1740892500000000,0.0594,0.0595,0.0592,0.0593,897159.8,1740893399999999,53235.69046,1484,409454.9,24308.97356,0
1740893400000000,0.0594,0.0596,0.0592,0.0592,1031845.1,1740894299999999,61294.63635,1615,434787.5,25835.92104,0
1740894300000000,0.0593,0.0593,0.059,0.0592,1131041.8,1740895199999999,66879.55802,1630,470071.5,27804.86064,0
1740895200000000,0.0592,0.0594,0.0589,0.0589,1236842.4,1740896099999999,73165.14022,1616,535377.4,31694.52078,0
1740896100000000,0.059,0.0593,0.0586,0.0593,1792352.3,1740896999999999,105478.55758,1795,718088.0,42287.86401,0
1740897000000000,0.0593,0.0594,0.059,0.0593,1331918.7,1740897899999999,78807.37923,2036,490740.3,29049.90058,0
1740897900000000,0.0594,0.0596,0.0591,0.0592,1096448.4,1740898799999999,65051.39972,1772,442952.1,26291.44918,0
1740898800000000,0.0593,0.0594,0.059,0.0591,1737942.0,1740899699999999,102793.74266,1770,704508.5,41678.13188,0
1740899700000000,0.0591,0.0592,0.0589,0.059,1101213.2,1740900599999999,65011.18396,1570,395768.7,23377.99492,0
1740900600000000,0.059,0.0592,0.0589,0.0589,1601033.4,1740901499999999,94457.44135,1698,674916.2,39843.95718,0
1740901500000000,0.0589,0.0591,0.0587,0.0588,2141392.9,1740902399999999,126078.94384,1794,841820.7,49595.84439,0
1740902400000000,0.0589,0.059,0.0585,0.0586,1974790.6,1740903299999999,115932.19101,1822,642571.4,37746.22583,0
1740903300000000,0.0587,0.0589,0.0585,0.0588,1516412.1,1740904199999999,89121.80815,1647,852059.8,50092.93329,0
1740904200000000,0.0589,0.059,0.0587,0.059,1412452.1,1740905099999999,83082.41372,1571,406223.4,23913.56719,0
1740905100000000,0.059,0.0591,0.0588,0.0589,1428722.6,1740905999999999,84223.32675,1524,386135.2,22771.53596,0
1740906000000000,0.0589,0.0591,0.0587,0.0591,1343994.1,1740906899999999,79239.8325,1542,673876.3,39742.55286,0
1740906900000000,0.0591,0.0592,0.0589,0.059,1205808.2,1740907799999999,71163.76667,1573,549842.7,32461.88088,0
1740907800000000,0.0591,0.0597,0.059,0.0596,3021814.5,1740908699999999,179505.38841,1941,1223873.7,72680.71832,0
1740908700000000,0.0597,0.0597,0.0593,0.0593,1655574.5,1740909599999999,98488.8228,1560,531300.7,31625.46601,0
1740909600000000,0.0593,0.0595,0.0591,0.0594,2462563.5,1740910499999999,146077.40812,1777,880894.3,52267.63498,0
1740910500000000,0.0595,0.0595,0.0592,0.0594,1214103.7,1740911399999999,72085.92577,1493,485476.7,28840.58161,0
1740911400000000,0.0595,0.0597,0.0594,0.0595,1059370.2,1740912299999999,63059.09999,1642,612628.3,36484.83895,0
1740912300000000,0.0595,0.0596,0.0593,0.0593,861859.7,1740913199999999,51212.44809,1468,314268.0,18683.65136,0
1740913200000000,0.0594,0.0594,0.0592,0.0593,1249276.3,1740914099999999,74076.85857,1710,587721.1,34860.28941,0
1740914100000000,0.0594,0.0594,0.0591,0.0593,746118.6,1740914999999999,44185.10867,1467,291272.6,17255.9307,0
1740915000000000,0.0593,0.0594,0.0592,0.0593,778485.6,1740915899999999,46181.30479,1499,348218.2,20670.95462,0
1740915900000000,0.0594,0.0594,0.0592,0.0592,878388.4,1740916799999999,52088.13578,1443,258594.1,15347.7006,0
1740916800000000,0.0592,0.0593,0.0588,0.0588,1002845.4,1740917699999999,59174.15858,1658,363778.2,21469.70759,0
1740917700000000,0.0588,0.0591,0.0587,0.0589,1090126.3,1740918599999999,64233.23131,1594,361211.4,21309.71659,0
1740918600000000,0.059,0.059,0.0587,0.0588,1290970.9,1740919499999999,76031.55008,1623,589400.9,34723.93321,0
1740919500000000,0.0589,0.0589,0.0587,0.0588,1034360.6,1740920399999999,60838.53086,1563,571116.8,33604.39454,0
1740920400000000,0.0589,0.0589,0.0586,0.0587,598904.2,1740921299999999,35199.91855,1466,220557.7,12973.4256,0
1740921300000000,0.0587,0.0588,0.0583,0.0584,1849132.2,1740922199999999,108185.73176,1766,915884.1,53612.82715,0
1740922200000000,0.0584,0.0586,0.0583,0.0585,1115144.9,1740923099999999,65111.55778,1519,510875.4,29845.91587,0
1740923100000000,0.0585,0.0586,0.0582,0.0585,1025024.0,1740923999999999,59866.38797,1510,507034.3,29620.88524,0
1740924000000000,0.0585,0.0586,0.058,0.0581,1699973.3,1740924899999999,99193.82456,1850,792655.5,46279.49497,0
1740924900000000,0.0582,0.0582,0.0577,0.058,2290393.9,1740925799999999,132650.50745,2262,1229552.3,71213.72062,0
1740925800000000,0.0581,0.0582,0.0575,0.0577,1725995.9,1740926699999999,99784.87977,1768,1191387.6,68866.23554,0
1740926700000000,0.0578,0.0579,0.0575,0.0578,1525237.8,1740927599999999,87994.25143,1747,831353.5,47975.5727,0
1740927600000000,0.0578,0.0582,0.0577,0.0577,1441168.2,1740928499999999,83400.95495,1857,671581.5,38891.81188,0
1740928500000000,0.0577,0.0597,0.0575,0.0591,12855397.4,1740929399999999,756093.69067,5336,7345316.6,431566.53028,0
1740929400000000,0.0592,0.0606,0.0591,0.06,22779760.1,1740930299999999,1368167.29256,9182,11806229.2,709165.71918,0
1740930300000000,0.0601,0.0602,0.0588,0.0591,13442939.0,1740931199999999,797693.61676,5664,6624525.5,393123.55992,0
1740931200000000,0.0592,0.0597,0.0589,0.0594,11372395.4,1740932099999999,674877.07755,4476,6296809.5,373706.57875,0
1740932100000000,0.0595,0.0606,0.0593,0.0605,12332797.7,1740932999999999,740580.33575,4787,6557028.0,393795.77346,0
1740933000000000,0.0606,0.0635,0.0604,0.0633,27811925.7,1740933899999999,1735079.94036,12471,14194114.7,885447.74275,0
1740933900000000,0.0634,0.0635,0.0623,0.063,15780522.4,1740934799999999,991631.73939,7826,8036256.0,505106.29338,0
1740934800000000,0.0631,0.0635,0.0621,0.0627,11593675.1,1740935699999999,728823.73972,6138,5884487.8,369939.5355,0
1740935700000000,0.0628,0.0636,0.0627,0.0632,6980618.4,1740936599999999,441203.78247,4284,3379785.0,213652.49569,0
1740936600000000,0.0632,0.0639,0.0632,0.0638,7514886.6,1740937499999999,476820.44209,4614,3959527.1,251283.73094,0
1740937500000000,0.0638,0.064,0.0627,0.0633,7854279.0,1740938399999999,497872.0353,5180,3874307.6,245762.57458,0
1740938400000000,0.0632,0.0636,0.063,0.0632,3458167.7,1740939299999999,218959.57222,3049,1473230.8,93315.27159,0
1740939300000000,0.0633,0.0637,0.063,0.0633,3001696.3,1740940199999999,190246.68878,2725,1534669.9,97306.82501,0
1740940200000000,0.0634,0.0635,0.0622,0.0624,4340666.4,1740941099999999,272019.95175,3173,1519171.3,95136.07722,0
1740941100000000,0.0624,0.063,0.0624,0.0628,2357959.0,1740941999999999,147861.63173,2266,1297044.4,81340.0215,0
1740942000000000,0.0629,0.0632,0.0628,0.0631,2696927.6,1740942899999999,169880.93631,2292,1253612.8,79006.06191,0
1740942900000000,0.0631,0.0637,0.063,0.0634,2212843.1,1740943799999999,140361.25313,2319,1159430.1,73524.50004,0
1740943800000000,0.0635,0.064,0.0634,0.0639,1645748.5,1740944699999999,104867.47081,1935,960877.4,61266.92194,0
1740944700000000,0.064,0.0644,0.0639,0.0642,2797910.1,1740945599999999,179469.66124,2627,1394735.5,89503.57709,0
1740945600000000,0.0642,0.0644,0.0638,0.0639,3388008.2,1740946499999999,217119.63819,2747,1692021.7,108463.11187,0
1740946500000000,0.064,0.0643,0.0638,0.0641,2343321.5,1740947399999999,150032.02228,2244,1336367.1,85571.93231,0
1740947400000000,0.064,0.0642,0.0637,0.0641,2090467.8,1740948299999999,133821.91862,2092,1256854.9,80506.63515,0
1740948300000000,0.0642,0.0643,0.0639,0.0641,1889922.3,1740949199999999,121200.57576,1964,790917.1,50743.0265,0
1740949200000000,0.0642,0.0645,0.0636,0.0638,5095759.6,1740950099999999,325877.22479,3114,1988397.0,127357.59397,0
1740950100000000,0.0639,0.0643,0.0638,0.0639,2328878.4,1740950999999999,149314.28352,2187,1354594.1,86867.85021,0
1740951000000000,0.064,0.0642,0.0636,0.0642,3264817.2,1740951899999999,208801.18521,2445,1752188.7,112109.28822,0
1740951900000000,0.0642,0.0642,0.0637,0.0639,1993093.6,1740952799999999,127497.99831,1984,474965.9,30382.8398,0
1740952800000000,0.064,0.064,0.0634,0.0635,2851017.5,1740953699999999,181296.85357,2272,1145939.2,72893.52092,0
1740953700000000,0.0635,0.0637,0.0633,0.0636,2168892.6,1740954599999999,137588.00169,2117,809347.9,51369.36726,0
1740954600000000,0.0636,0.0636,0.0632,0.0635,1530957.3,1740955499999999,97086.42197,1225,919797.0,58339.19784,0
1740955500000000,0.0635,0.0639,0.0634,0.0638,912340.2,1740956399999999,58099.83011,1118,526949.2,33567.78819,0
1740956400000000,0.0637,0.0641,0.0635,0.0636,1569216.8,1740957299999999,99974.22416,1678,831737.5,53037.83691,0
1740957300000000,0.0636,0.0639,0.0635,0.0638,3033064.3,1740958199999999,193178.60053,1704,1516953.6,96672.66263,0
1740958200000000,0.0638,0.0641,0.0636,0.0639,1642717.4,1740959099999999,104886.30089,1371,850735.0,54336.04021,0
1740959100000000,0.064,0.0641,0.0636,0.0638,2607950.9,1740959999999999,166213.53611,1737,885769.8,56504.57109,0
1740960000000000,0.0638,0.064,0.0629,0.0631,4203436.1,1740960899999999,266013.29608,2800,2368750.5,149973.25614,0
1740960900000000,0.063,0.0636,0.063,0.0636,2000789.5,1740961799999999,126801.26581,1829,1165846.8,73887.88261,0
1740961800000000,0.0636,0.0638,0.0631,0.0635,2748187.0,1740962699999999,174080.35884,1956,1578256.7,100035.80565,0
1740962700000000,0.0635,0.0638,0.063,0.0632,1804959.4,1740963599999999,114509.97513,1914,810376.8,51457.46383,0
1740963600000000,0.0631,0.0637,0.0631,0.0634,1068499.6,1740964499999999,67740.0585,1278,523378.8,33195.54379,0
1740964500000000,0.0634,0.0634,0.0627,0.063,2100647.2,1740965399999999,132396.84827,1600,1192668.4,75203.75935,0
1740965400000000,0.063,0.0632,0.0626,0.063,1486520.9,1740966299999999,93429.88555,1412,879733.6,55301.86319,0
1740966300000000,0.063,0.063,0.0626,0.0628,1505201.6,1740967199999999,94530.67379,1452,941290.0,59129.91963,0
1740967200000000,0.0628,0.0628,0.0621,0.0622,2715492.0,1740968099999999,169354.64379,1863,1259762.5,78623.86595,0
1740968100000000,0.0622,0.0623,0.0617,0.0618,2342901.6,1740968999999999,145094.73628,1572,1544082.4,95643.60207,0
1740969000000000,0.0618,0.0623,0.0617,0.0621,2038926.2,1740969899999999,126468.01803,1542,1166910.9,72388.30675,0
1740969900000000,0.0621,0.0625,0.0621,0.0624,1914818.9,1740970799999999,119262.12821,1380,1347954.0,83959.34511,0
1740970800000000,0.0624,0.0626,0.0619,0.062,1396471.4,1740971699999999,86718.40713,1215,545659.5,33956.21779,0
1740971700000000,0.062,0.062,0.0614,0.0618,1788109.6,1740972599999999,110321.05699,1272,872113.3,53840.38704,0
1740972600000000,0.0617,0.062,0.0614,0.0616,3238724.3,1740973499999999,200352.90045,1551,2172502.0,134461.41681,0
1740973500000000,0.0616,0.0623,0.0616,0.0622,1755053.4,1740974399999999,108748.3128,1356,1001461.2,62031.5541,0
1740974400000000,0.0622,0.0625,0.0622,0.0625,690350.0,1740975299999999,43002.47633,1036,491888.2,30648.24044,0
1740975300000000,0.0625,0.0629,0.0622,0.0626,1693921.4,1740976199999999,106099.27536,1313,1090263.1,68287.20504,0
1740976200000000,0.0626,0.0629,0.0624,0.0629,1848068.4,1740977099999999,115700.86441,1164,956033.6,59883.93975,0
1740977100000000,0.0629,0.063,0.0627,0.0628,711679.3,1740977999999999,44702.2269,967,433742.5,27247.63193,0
1740978000000000,0.0629,0.0629,0.0627,0.0628,971840.7,1740978899999999,61016.27344,1023,529903.9,33265.65122,0
1740978900000000,0.0628,0.0631,0.0625,0.0629,1533578.3,1740979799999999,96290.58871,1183,997911.5,62653.24962,0
1740979800000000,0.0628,0.0631,0.0627,0.063,1190384.0,1740980699999999,74848.42282,1055,740345.9,46554.4436,0
1740980700000000,0.063,0.0633,0.063,0.0631,827364.7,1740981599999999,52200.08744,914,468750.4,29579.31694,0
1740981600000000,0.063,0.0632,0.0628,0.0629,1600975.1,1740982499999999,100820.32654,1113,635477.8,40047.11314,0
1740982500000000,0.0629,0.0629,0.0623,0.0625,1274300.6,1740983399999999,79737.74607,1160,729097.9,45629.24413,0
1740983400000000,0.0625,0.0625,0.0615,0.0616,4025051.7,1740984299999999,248715.87505,1862,1645327.9,101670.55291,0
1740984300000000,0.0616,0.0616,0.0598,0.0605,6992019.7,1740985199999999,423301.15895,3250,3294727.1,199463.37835,0
1740985200000000,0.0605,0.0606,0.0596,0.0602,6076109.7,1740986099999999,364953.04067,2944,3075545.8,184748.05439,0
1740986100000000,0.0602,0.0606,0.0601,0.0606,3514425.9,1740986999999999,212292.71525,1695,2301858.1,139108.91711,0
1740987000000000,0.0606,0.061,0.0605,0.0609,1728995.9,1740987899999999,105055.84362,1465,1037834.9,63085.15716,0
1740987900000000,0.061,0.0612,0.0609,0.061,2055785.8,1740988799999999,125439.21847,1274,844971.9,51570.52445,0
1740988800000000,0.061,0.061,0.0606,0.0607,1284639.1,1740989699999999,78087.21979,1225,592422.7,36014.54841,0
1740989700000000,0.0607,0.0608,0.0598,0.0602,1868555.4,1740990599999999,112506.04378,1572,970936.3,58448.05431,0
1740990600000000,0.0602,0.0605,0.0598,0.0603,1918255.5,1740991499999999,115440.31712,1371,1085833.2,65379.06362,0
1740991500000000,0.0603,0.0604,0.0591,0.0596,4029177.2,1740992399999999,239744.41251,2228,2230005.5,132515.68821,0
1740992400000000,0.0596,0.06,0.0592,0.0597,2622391.6,1740993299999999,156545.04413,1832,1392255.0,83146.03937,0
1740993300000000,0.0597,0.0601,0.0592,0.0601,3428350.3,1740994199999999,204422.84929,1893,2059914.6,122839.86085,0
1740994200000000,0.0601,0.0603,0.0598,0.0599,2776377.3,1740995099999999,166619.48112,1647,1608734.6,96583.72006,0
1740995100000000,0.0599,0.0603,0.0597,0.0601,1308431.8,1740995999999999,78451.65133,1318,757190.3,45382.52519,0
1740996000000000,0.0601,0.0603,0.06,0.0602,1906358.7,1740996899999999,114663.6571,1429,996678.7,59950.38515,0
1740996900000000,0.0602,0.0606,0.0601,0.0602,2040119.4,1740997799999999,123139.0487,1607,1486879.7,89793.45674,0
1740997800000000,0.0603,0.0604,0.06,0.0603,1163686.7,1740998699999999,70087.6792,2003,392785.7,23664.92528,0
1740998700000000,0.0604,0.0604,0.06,0.0602,1544442.1,1740999599999999,92957.67535,1920,839902.6,50565.86725,0
1740999600000000,0.0602,0.0602,0.0597,0.0597,1931249.0,1741000499999999,115833.32481,1936,841402.6,50511.88613,0
1741000500000000,0.0597,0.06,0.0594,0.0598,1603124.0,1741001399999999,95663.81595,1890,937575.4,55962.84671,0
1741001400000000,0.0598,0.0601,0.0598,0.0599,1041497.8,1741002299999999,62431.85577,1776,621966.9,37305.24241,0
1741002300000000,0.06,0.0601,0.0597,0.0599,1451843.3,1741003199999999,86994.59935,1844,905681.4,54304.23581,0
1741003200000000,0.0599,0.0606,0.0597,0.0599,2469373.7,1741004099999999,148522.19211,2327,1401554.4,84323.60663,0
1741004100000000,0.06,0.0601,0.0596,0.0597,1863054.9,1741004999999999,111508.81063,2365,747050.5,44735.24104,0
1741005000000000,0.0598,0.0601,0.0595,0.06,2256994.9,1741005899999999,134888.2371,2380,945153.9,56482.96814,0
1741005900000000,0.06,0.0602,0.0598,0.0599,2380619.2,1741006799999999,142854.00628,2160,1383264.4,83062.54669,0
1741006800000000,0.06,0.0602,0.0597,0.0598,1833733.3,1741007699999999,109964.9202,1934,751053.7,45068.48878,0
1741007700000000,0.0597,0.0601,0.0596,0.0597,1635179.8,1741008599999999,97873.32133,1920,764860.3,45791.31102,0
1741008600000000,0.0598,0.0604,0.0597,0.0603,1647926.0,1741009499999999,98888.41988,1862,1074188.3,64517.79428,0
1741009500000000,0.0603,0.0604,0.0599,0.0602,2094450.0,1741010399999999,125982.30612,1951,1360390.5,81864.3351,0
1741010400000000,0.0602,0.0603,0.0597,0.0599,2033110.8,1741011299999999,121896.53359,2127,1114131.5,66829.44098,0
1741011300000000,0.0599,0.06,0.0591,0.0594,3484954.8,1741012199999999,207296.75482,2402,1940744.9,115432.93676,0
1741012200000000,0.0595,0.06,0.0589,0.0593,9787551.1,1741013099999999,581199.37612,4763,4578976.8,271862.71491,0
1741013100000000,0.0594,0.0595,0.0572,0.0574,26660014.4,1741013999999999,1552640.13717,9204,12673943.4,738233.49451,0
1741014000000000,0.0574,0.0582,0.0573,0.058,26385500.7,1741014899999999,1521896.41129,7756,13796404.2,795840.88022,0
1741014900000000,0.058,0.0585,0.0577,0.0581,6936619.1,1741015799999999,402416.99332,3060,3953871.9,229423.04608,0
1741015800000000,0.0582,0.0583,0.0576,0.0581,3651902.0,1741016699999999,211379.46574,2451,1997828.9,115743.68866,0
1741016700000000,0.0582,0.0582,0.0575,0.0576,2703069.0,1741017599999999,156257.63315,2116,1355019.4,78358.1289,0
1741017600000000,0.0575,0.058,0.0572,0.0574,3553543.3,1741018499999999,204333.04617,2315,2088070.1,120089.68272,0
1741018500000000,0.0575,0.058,0.0572,0.0577,2311811.5,1741019399999999,133350.25547,2078,1313517.8,75812.88603,0
1741019400000000,0.0578,0.058,0.0575,0.0579,2544487.1,1741020299999999,146912.37172,1982,1562055.3,90222.95763,0
1741020300000000,0.058,0.0582,0.0578,0.0578,3153753.2,1741021199999999,183086.06183,2158,1784966.8,103645.54271,0
1741021200000000,0.0579,0.0581,0.0575,0.0576,3287931.4,1741022099999999,190269.46029,2107,1487231.1,86087.45255,0
1741022100000000,0.0577,0.0581,0.0575,0.0578,2206027.6,1741022999999999,127413.00806,1947,1165992.3,67340.42091,0
1741023000000000,0.0579,0.0583,0.0578,0.0582,2461259.7,1741023899999999,142777.91284,1975,1192875.8,69187.28809,0
1741023900000000,0.0582,0.0582,0.0575,0.0576,2108767.8,1741024799999999,121799.91424,1811,796666.8,46008.60877,0
1741024800000000,0.0576,0.0577,0.0571,0.0571,5014324.4,1741025699999999,287199.72468,2883,2152004.8,123352.48555,0
1741025700000000,0.0572,0.0574,0.0557,0.0558,13070964.6,1741026599999999,737606.69195,5158,6249431.4,353257.25317,0
1741026600000000,0.0559,0.0563,0.055,0.055,19784423.1,1741027499999999,1099779.90113,5652,10040795.0,558354.93897,0
1741027500000000,0.055,0.0556,0.0546,0.0548,25561779.3,1741028399999999,1405780.14588,6749,13196789.9,725788.95315,0
1741028400000000,0.0547,0.0552,0.054,0.054,12695959.9,1741029299999999,693748.13269,5111,6479880.7,354193.96943,0
1741029300000000,0.054,0.0543,0.0535,0.054,18436667.7,1741030199999999,993391.06632,5713,9351821.5,503931.23383,0
1741030200000000,0.0541,0.0546,0.0536,0.0538,11988497.5,1741031099999999,647489.72461,4145,6316439.3,341099.36363,0
1741031100000000,0.0539,0.0541,0.0519,0.0521,39081655.4,1741031999999999,2058128.93111,11591,19398717.4,1021313.01953,0
1741032000000000,0.0522,0.0526,0.0519,0.0524,31813758.5,1741032899999999,1661987.02391,7027,16000653.1,836006.68968,0
1741032900000000,0.0523,0.0527,0.0519,0.0521,17174576.9,1741033799999999,898740.92639,5606,9576566.0,501193.38377,0
1741033800000000,0.0522,0.0525,0.0513,0.0516,14299128.9,1741034699999999,741346.66119,4605,7107477.4,368465.0987,0
1741034700000000,0.0516,0.0524,0.0515,0.0522,5720919.4,1741035599999999,297247.75319,2435,3215583.2,167123.80852,0
1741035600000000,0.0522,0.0524,0.0518,0.0523,4796429.8,1741036499999999,249947.91147,2574,2195289.9,114429.56052,0
1741036500000000,0.0522,0.0524,0.0518,0.0519,3457950.9,1741037399999999,179984.27537,2014,1807042.8,94050.542,0
1741037400000000,0.052,0.0526,0.0518,0.0524,3816680.9,1741038299999999,199680.98936,2782,1023207.0,53443.61829,0
1741038300000000,0.0523,0.0524,0.051,0.0512,10250162.1,1741039199999999,528305.52993,5053,4218587.1,217162.75031,0
1741039200000000,0.0512,0.052,0.0512,0.0519,7452736.2,1741040099999999,385328.32852,2666,4539866.9,234752.38516,0
1741040100000000,0.052,0.0521,0.0518,0.052,4198390.8,1741040999999999,218189.73486,2076,1961735.9,101961.00979,0
1741041000000000,0.052,0.0523,0.0518,0.0523,2290008.9,1741041899999999,119160.14914,1722,1508069.0,78506.55898,0
1741041900000000,0.0523,0.0527,0.0522,0.0525,1735151.0,1741042799999999,91036.95925,1903,1101244.9,57799.40014,0
1741042800000000,0.0526,0.0526,0.0522,0.0524,1093663.4,1741043699999999,57329.86871,1608,557880.2,29256.90217,0
1741043700000000,0.0525,0.0528,0.0523,0.0525,1602862.3,1741044599999999,84268.07797,1747,848598.1,44619.05329,0
1741044600000000,0.0526,0.0527,0.0523,0.0525,2014363.9,1741045499999999,105745.61756,1675,1124555.6,59051.00526,0
1741045500000000,0.0525,0.0525,0.0519,0.0521,2900413.4,1741046399999999,151422.14347,1960,1472707.2,76882.47366,0
1741046400000000,0.0521,0.0525,0.0516,0.0522,4833862.0,1741047299999999,251403.99385,2560,3169441.4,164838.95879,0
1741047300000000,0.0523,0.0526,0.052,0.0521,3032203.9,1741048199999999,158485.68782,2294,1710226.4,89395.97744,0
1741048200000000,0.0522,0.0523,0.0515,0.0516,4665126.8,1741049099999999,242251.09577,2610,2375107.6,123440.18527,0
1741049100000000,0.0517,0.0518,0.0511,0.0512,4516350.6,1741049999999999,232958.0922,2145,1837867.6,94837.23347,0
1741050000000000,0.0512,0.0514,0.0506,0.051,4397246.4,1741050899999999,223999.60922,2477,2130363.9,108594.29382,0
1741050900000000,0.0511,0.0513,0.0505,0.0511,4858464.7,1741051799999999,247162.12118,2424,2493384.4,126891.04738,0
1741051800000000,0.051,0.0512,0.0486,0.0487,52075795.2,1741052699999999,2578334.23385,10670,25032782.0,1239913.12408,0
1741052700000000,0.0486,0.0492,0.0481,0.0486,42129283.1,1741053599999999,2043956.12007,7204,21242740.7,1030637.87694,0
1741053600000000,0.0485,0.0489,0.0473,0.0486,20659559.4,1741054499999999,991378.22405,6552,10974863.5,526610.61504,0
1741054500000000,0.0485,0.049,0.0476,0.0488,12825340.6,1741055399999999,619524.26889,4088,5652136.1,272510.62077,0
1741055400000000,0.0489,0.0494,0.0487,0.0488,5913806.5,1741056299999999,289909.97414,2805,3345745.0,164012.55114,0
1741056300000000,0.0489,0.0498,0.0487,0.0493,3035969.7,1741057199999999,149707.75726,2325,1816857.5,89594.89128,0
1741057200000000,0.0493,0.0497,0.049,0.0491,3687342.8,1741058099999999,182162.13298,2479,1887850.9,93261.10397,0
1741058100000000,0.0492,0.0497,0.049,0.0496,2856545.6,1741058999999999,140954.80584,2398,1513567.5,74704.47001,0
1741059000000000,0.0496,0.0498,0.0492,0.0492,2562303.2,1741059899999999,126877.42953,2028,1239351.3,61384.22265,0
1741059900000000,0.0493,0.0503,0.0492,0.0497,3980396.8,1741060799999999,198579.49804,2831,2023550.5,101004.08592,0
1741060800000000,0.0498,0.05,0.0496,0.0499,3735289.3,1741061699999999,186091.98203,2576,1729611.7,86183.66827,0
1741061700000000,0.05,0.0505,0.0499,0.0503,3668793.3,1741062599999999,184354.06542,2944,1885145.1,94730.10727,0
1741062600000000,0.0503,0.0503,0.0498,0.0502,2147215.4,1741063499999999,107513.76991,2281,915676.5,45871.89961,0
1741063500000000,0.0502,0.0503,0.0498,0.05,2754790.6,1741064399999999,137882.73232,2279,1253185.5,62775.46284,0
1741064400000000,0.0499,0.0509,0.0498,0.0502,4929782.9,1741065299999999,248892.09083,3913,2506868.0,126492.939,0
1741065300000000,0.0502,0.0507,0.0501,0.0506,2393064.6,1741066199999999,120428.95819,3034,1166725.8,58729.00487,0
1741066200000000,0.0505,0.0506,0.0502,0.0503,2656871.8,1741067099999999,134000.56071,3118,1368742.2,69066.54732,0
1741067100000000,0.0504,0.0507,0.0501,0.0504,1925732.5,1741067999999999,96992.94644,2073,905686.4,45645.66175,0
1741068000000000,0.0505,0.0506,0.0502,0.0502,2859936.1,1741068899999999,144033.24121,2586,1524946.9,76828.70444,0
1741068900000000,0.0503,0.0507,0.05,0.0506,2000169.9,1741069799999999,100535.3317,2051,1194638.9,60077.32237,0
1741069800000000,0.0506,0.0509,0.0503,0.0506,2061301.1,1741070699999999,104249.57732,2218,1075685.5,54418.38792,0
1741070700000000,0.0506,0.0509,0.0503,0.0505,2250516.9,1741071599999999,113824.62732,2665,1150088.9,58185.76759,0
1741071600000000,0.0506,0.0509,0.0502,0.0504,2410871.5,1741072499999999,121664.79972,2742,1208387.6,61007.18829,0
1741072500000000,0.0504,0.0506,0.0502,0.0504,2995146.6,1741073399999999,151093.25559,3104,1766248.9,89128.33499,0
1741073400000000,0.0504,0.0507,0.0502,0.0504,2754821.5,1741074299999999,139178.95998,3089,1303286.6,65878.00531,0
1741074300000000,0.0503,0.0506,0.0501,0.0504,3002597.7,1741075199999999,151228.28241,2623,1319570.5,66465.84064,0
1741075200000000,0.0503,0.0506,0.0501,0.0503,3232072.6,1741076099999999,162548.33773,2604,1444876.9,72692.98368,0
1741076100000000,0.0504,0.051,0.0502,0.0506,2232742.9,1741076999999999,112914.69581,2294,1243842.1,62926.02943,0
1741077000000000,0.0507,0.0511,0.0503,0.0504,4698070.6,1741077899999999,238312.08158,2844,2761687.9,140150.30596,0
1741077900000000,0.0504,0.0506,0.0502,0.0506,2380140.9,1741078799999999,119866.06024,2187,1115305.7,56182.22339,0
1741078800000000,0.0506,0.0507,0.0503,0.0505,2887551.1,1741079699999999,145722.79772,2770,1565357.2,79002.32599,0
1741079700000000,0.0504,0.0504,0.0497,0.0499,2919488.1,1741080599999999,146081.37308,2334,1181706.6,59145.92593,0
1741080600000000,0.0499,0.0504,0.0498,0.0504,2263840.6,1741081499999999,113281.82467,2029,1106718.4,55405.11215,0
1741081500000000,0.0504,0.0504,0.0499,0.0499,3537571.6,1741082399999999,177223.87824,2527,1785140.4,89455.62803,0
1741082400000000,0.0499,0.0503,0.0498,0.0502,2389834.5,1741083299999999,119688.94281,2170,1168689.1,58557.17714,0
1741083300000000,0.0501,0.0503,0.0498,0.0501,1985171.7,1741084199999999,99450.61213,2122,926285.2,46425.83585,0
1741084200000000,0.0502,0.0504,0.05,0.0501,3581576.7,1741085099999999,180017.06596,2613,1793395.5,90160.32971,0
1741085100000000,0.0502,0.0505,0.05,0.0502,2992862.8,1741085999999999,150409.85117,2502,1599268.5,80407.42876,0
1741086000000000,0.0503,0.0506,0.0501,0.0503,4289260.1,1741086899999999,215611.43618,2915,2194109.8,110308.88632,0
1741086900000000,0.0504,0.0504,0.05,0.0504,2938421.9,1741087799999999,147584.1671,2520,1377450.4,69205.59844,0
1741087800000000,0.0504,0.0506,0.0502,0.0504,2285204.9,1741088699999999,115097.7296,1883,1080123.7,54421.87164,0
1741088700000000,0.0504,0.0506,0.0502,0.0502,2639421.3,1741089599999999,133027.18397,1929,1362180.9,68656.60099,0
1741089600000000,0.0503,0.0503,0.0497,0.0499,4930687.4,1741090499999999,246715.12168,2874,2389796.2,119604.90055,0
1741090500000000,0.05,0.05,0.0495,0.0496,5139839.0,1741091399999999,255623.94813,2641,2535926.4,126150.41946,0
1741091400000000,0.0497,0.05,0.0496,0.05,2612428.2,1741092299999999,130073.7818,2032,1336954.8,66583.98642,0
1741092300000000,0.05,0.0502,0.0496,0.0498,2872966.1,1741093199999999,143473.42498,1931,1315529.0,65704.66332,0
1741093200000000,0.0498,0.0498,0.0487,0.0489,5004698.6,1741094099999999,246226.74963,2781,2046265.5,100751.41207,0
1741094100000000,0.0489,0.0491,0.0484,0.0485,5262452.7,1741094999999999,256556.60832,2937,2394488.1,116763.47617,0
1741095000000000,0.0485,0.049,0.0484,0.0487,4890600.9,1741095899999999,238271.41184,2609,2508875.6,122321.00069,0
1741095900000000,0.0487,0.0491,0.0484,0.0486,4666061.7,1741096799999999,227528.0326,3016,2405365.2,117381.423,0
1741096800000000,0.0487,0.0492,0.0485,0.0491,4009469.3,1741097699999999,195790.3902,2228,2052033.9,100204.48759,0
1741097700000000,0.0491,0.0493,0.0487,0.049,3576187.0,1741098599999999,175280.67042,2162,1649556.7,80872.18951,0
1741098600000000,0.0491,0.0515,0.0488,0.0505,17944221.0,1741099499999999,905663.52661,8379,9045011.5,456299.00042,0
1741099500000000,0.0506,0.051,0.0493,0.0494,8611598.7,1741100399999999,433402.93047,5393,4391209.4,221038.74279,0
1741100400000000,0.0494,0.0496,0.0488,0.0492,4998278.4,1741101299999999,245737.12976,3971,2625626.3,129100.20786,0
1741101300000000,0.0492,0.0495,0.0483,0.0488,4411093.2,1741102199999999,215372.34513,3648,2318008.5,113254.39227,0
1741102200000000,0.0489,0.0498,0.0487,0.0496,3446840.5,1741103099999999,169925.47665,3052,1855380.5,91474.53401,0
1741103100000000,0.0496,0.0501,0.0495,0.0498,2564058.0,1741103999999999,127641.98572,2897,1407416.4,70074.93791,0
1741104000000000,0.0498,0.05,0.0489,0.0493,3637914.1,1741104899999999,179445.77755,3854,1757027.5,86690.02078,0
1741104900000000,0.0493,0.0495,0.0477,0.0478,4876299.7,1741105799999999,236451.77157,4495,2358324.9,114363.39274,0
1741105800000000,0.0479,0.048,0.0468,0.0474,9369228.6,1741106699999999,443327.38102,7060,4671700.7,221233.48357,0
1741106700000000,0.0475,0.049,0.0475,0.0488,5275260.6,1741107599999999,255471.11654,4241,2628067.8,127193.46061,0
1741107600000000,0.0489,0.0496,0.0487,0.0491,4855164.1,1741108499999999,238972.45381,3858,2409692.3,118628.02296,0
1741108500000000,0.0492,0.0503,0.049,0.05,3360273.7,1741109399999999,167355.722,3059,1889633.2,94179.86357,0
1741109400000000,0.0501,0.0506,0.0497,0.0502,3154182.7,1741110299999999,158141.11417,3202,1589600.2,79710.55572,0
1741110300000000,0.0502,0.0506,0.0499,0.0501,1392373.8,1741111199999999,69859.07405,2038,748548.5,37564.32572,0
1741111200000000,0.0502,0.0508,0.0498,0.0506,1960961.5,1741112099999999,98549.14922,2413,1133872.4,57006.51894,0
1741112100000000,0.0506,0.0508,0.0501,0.0505,1653450.4,1741112999999999,83324.43471,2407,839018.2,42296.51801,0
1741113000000000,0.0506,0.0509,0.0503,0.0507,1818847.5,1741113899999999,92250.07345,2495,918957.5,46623.28065,0
1741113900000000,0.0508,0.0515,0.0506,0.0514,2020279.1,1741114799999999,103364.84572,2483,1195965.9,61221.94213,0
1741114800000000,0.0513,0.0517,0.051,0.0516,4058880.4,1741115699999999,208695.63526,3617,2056719.4,105821.78896,0
1741115700000000,0.0517,0.0517,0.0512,0.0512,2077031.4,1741116599999999,106861.50237,2477,877791.7,45179.44524,0
1741116600000000,0.0512,0.0517,0.0509,0.0515,1873308.1,1741117499999999,96035.97376,2404,1029453.6,52808.36215,0
1741117500000000,0.0516,0.0518,0.0513,0.0515,1653876.0,1741118399999999,85256.88963,2063,954641.1,49228.48014,0
1741118400000000,0.0516,0.0517,0.0513,0.0516,2132411.5,1741119299999999,109785.49619,2403,1081948.6,55726.21946,0
1741119300000000,0.0515,0.0519,0.0514,0.0519,2377948.2,1741120199999999,122845.21608,2402,941158.3,48636.40109,0
1741120200000000,0.0519,0.0519,0.0514,0.0518,730568.5,1741121099999999,37715.76943,1697,274106.0,14157.61136,0
1741121100000000,0.0518,0.0518,0.0509,0.051,1873302.9,1741121999999999,96258.93981,2272,769087.7,39570.96792,0
1741122000000000,0.0511,0.0515,0.0508,0.0513,1147777.3,1741122899999999,58721.47598,2257,546115.0,27951.56276,0
1741122900000000,0.0513,0.0528,0.0512,0.0525,5196650.7,1741123799999999,270856.73972,3731,3051604.1,158796.23132,0
1741123800000000,0.0525,0.0526,0.0519,0.0522,2791031.6,1741124699999999,145790.75685,2976,1257294.5,65702.31321,0
1741124700000000,0.0521,0.0523,0.0518,0.0519,1155566.6,1741125599999999,60119.82752,1993,613089.9,31919.02925,0
1741125600000000,0.052,0.0522,0.0517,0.0517,1539348.5,1741126499999999,79753.71298,1958,618708.9,32084.00355,0
1741126500000000,0.0518,0.0521,0.0515,0.052,1530229.6,1741127399999999,79233.92163,2031,796476.0,41270.83543,0
1741127400000000,0.0519,0.0522,0.0519,0.052,1032653.5,1741128299999999,53771.79305,1593,730594.4,38072.59078,0
1741128300000000,0.052,0.0521,0.0515,0.0515,948212.0,1741129199999999,49056.55977,1433,393673.6,20372.00644,0
1741129200000000,0.0516,0.052,0.0515,0.0519,1303331.8,1741130099999999,67433.70095,1515,681741.2,35285.91439,0
1741130100000000,0.0519,0.0519,0.0514,0.0516,1093835.3,1741130999999999,56422.18482,1477,437858.9,22592.54396,0
1741131000000000,0.0517,0.052,0.0516,0.0519,700291.2,1741131899999999,36251.36831,1311,401243.9,20781.42262,0
1741131900000000,0.0519,0.0521,0.0518,0.0518,656798.2,1741132799999999,34112.57417,1350,376428.3,19555.34165,0
1741132800000000,0.0519,0.0523,0.0516,0.0521,1391823.3,1741133699999999,72327.6182,1612,637678.9,33159.47544,0
1741133700000000,0.052,0.0521,0.0517,0.0519,2010977.3,1741134599999999,104443.73374,1513,850824.6,44204.70642,0
1741134600000000,0.052,0.0522,0.0516,0.0517,1451117.7,1741135499999999,75306.22377,1568,759323.8,39433.65741,0
1741135500000000,0.0518,0.052,0.0515,0.0518,1731961.0,1741136399999999,89585.20454,1476,831198.7,43016.67539,0
1741136400000000,0.0518,0.0519,0.0514,0.0517,1955248.8,1741137299999999,100915.70691,1622,963727.3,49748.98895,0
1741137300000000,0.0517,0.0522,0.0517,0.0519,2033189.6,1741138199999999,105656.47562,1559,969941.1,50431.41923,0
1741138200000000,0.0519,0.0523,0.0518,0.052,1908322.2,1741139099999999,99386.37992,1615,979593.4,51021.13758,0
1741139100000000,0.0521,0.0523,0.0519,0.0522,1329652.4,1741139999999999,69297.82761,1501,643493.1,33556.20826,0
1741140000000000,0.0523,0.0523,0.0515,0.0516,2061612.2,1741140899999999,106974.0523,1565,685356.2,35574.12005,0
1741140900000000,0.0517,0.0523,0.0515,0.0519,4447550.8,1741141799999999,230406.88519,1865,1390060.0,72087.63835,0
1741141800000000,0.052,0.0522,0.0516,0.0519,1330139.3,1741142699999999,68936.43949,1497,631640.9,32748.90552,0
1741142700000000,0.052,0.0524,0.0519,0.0519,1683912.7,1741143599999999,87890.97689,1608,763153.9,39866.42267,0
1741143600000000,0.052,0.0522,0.0518,0.0519,1761229.7,1741144499999999,91500.13132,1633,744042.2,38685.68123,0
1741144500000000,0.052,0.052,0.0516,0.0516,1650804.3,1741145399999999,85557.16599,1489,727537.4,37728.72812,0
1741145400000000,0.0517,0.0518,0.0512,0.0512,1697451.3,1741146299999999,87379.67181,1563,812860.1,41879.79641,0
1741146300000000,0.0513,0.0516,0.051,0.0511,1480669.0,1741147199999999,76048.82678,1580,938831.8,48206.82633,0
1741147200000000,0.0512,0.0514,0.051,0.0513,1416807.8,1741148099999999,72562.98415,1573,880340.6,45110.24522,0
1741148100000000,0.0513,0.0515,0.0511,0.0512,2304431.3,1741148999999999,118333.52795,1566,911495.3,46831.03502,0
1741149000000000,0.0512,0.0514,0.0511,0.0514,1499262.3,1741149899999999,76840.64532,1458,772570.7,39607.13718,0
1741149900000000,0.0514,0.0517,0.0513,0.0515,844568.1,1741150799999999,43502.41744,1421,535368.2,27584.22516,0
1741150800000000,0.0516,0.0518,0.0514,0.0516,983258.0,1741151699999999,50763.96446,1401,383444.8,19787.57867,0
1741151700000000,0.0516,0.0518,0.0515,0.0516,1159840.5,1741152599999999,59894.73457,1369,674425.8,34838.25428,0
1741152600000000,0.0516,0.0519,0.0515,0.0516,1334095.3,1741153499999999,68983.4808,1404,598935.9,30973.7456,0
1741153500000000,0.0515,0.0519,0.0515,0.0516,1549975.9,1741154399999999,80143.74744,1402,649425.7,33594.26691,0
1741154400000000,0.0517,0.0517,0.0512,0.0512,2443952.3,1741155299999999,125669.81986,1635,1179905.2,60665.20317,0
1741155300000000,0.0512,0.0514,0.0511,0.0512,1721394.4,1741156199999999,88246.46213,1443,556520.1,28546.28619,0
1741156200000000,0.0513,0.0516,0.0511,0.0514,1114493.6,1741157099999999,57239.48203,1389,649217.1,33353.68945,0
1741157100000000,0.0515,0.052,0.0514,0.0518,1966617.8,1741157999999999,101853.03324,1438,1320971.2,68459.13503,0
1741158000000000,0.0518,0.0523,0.0517,0.0518,1714539.5,1741158899999999,89151.88246,1524,987952.8,51400.94631,0
1741158900000000,0.0517,0.0519,0.0516,0.0519,1460514.6,1741159799999999,75550.37961,1407,806768.1,41750.93868,0
1741159800000000,0.0518,0.0521,0.0516,0.052,1215012.0,1741160699999999,62935.95202,1379,546346.7,28313.3398,0
1741160700000000,0.0521,0.0523,0.0519,0.052,3711261.6,1741161599999999,193167.67817,1539,1470238.5,76553.61859,0
1741161600000000,0.052,0.0521,0.0516,0.052,5798265.4,1741162499999999,300114.50367,1848,2659890.6,137674.65802,0
1741162500000000,0.0521,0.0523,0.0517,0.0518,7514158.2,1741163399999999,390608.0547,1915,3653117.9,189846.64752,0
1741163400000000,0.0517,0.052,0.0517,0.0519,3885759.9,1741164299999999,201385.83804,1284,2397686.8,124278.21743,0
1741164300000000,0.0519,0.0521,0.0516,0.0517,2267341.6,1741165199999999,117571.25967,922,992561.4,51476.13684,0
1741165200000000,0.0518,0.0523,0.0516,0.0521,5993857.3,1741166099999999,311771.40671,1437,5043450.6,262353.01234,0
1741166100000000,0.0521,0.0526,0.0521,0.0526,2918870.1,1741166999999999,152922.58528,1331,2133646.2,111781.87623,0
1741167000000000,0.0526,0.0527,0.0522,0.0522,772772.3,1741167899999999,40543.29885,925,285256.6,14978.35499,0
1741167900000000,0.0523,0.0524,0.0521,0.0524,2028399.8,1741168799999999,105981.58301,999,1220794.6,63814.95834,0
1741168800000000,0.0523,0.0525,0.0521,0.0522,1356885.2,1741169699999999,71006.88454,721,630180.0,32992.10016,0
1741169700000000,0.0523,0.0529,0.0522,0.0528,3987394.0,1741170599999999,209787.52142,1254,2739651.2,144143.56651,0
1741170600000000,0.0529,0.0537,0.0528,0.0532,5809278.2,1741171499999999,309607.0353,1955,3287444.0,175241.97478,0
1741171500000000,0.0532,0.0534,0.0529,0.0531,2406700.5,1741172399999999,127919.46365,961,1029484.8,54727.54476,0
1741172400000000,0.053,0.0532,0.0528,0.053,1657639.4,1741173299999999,87905.25019,922,895106.1,47483.47925,0
1741173300000000,0.0531,0.0532,0.0526,0.0526,2199124.8,1741174199999999,116424.78467,872,837635.9,44368.20667,0
1741174200000000,0.0526,0.0529,0.0525,0.0527,2051881.6,1741175099999999,108114.88319,912,1079004.5,56872.98796,0
1741175100000000,0.0528,0.0528,0.0521,0.0522,2101409.5,1741175999999999,110280.54883,925,889417.1,46690.68101,0
1741176000000000,0.0522,0.0526,0.0522,0.0525,1670795.2,1741176899999999,87616.63289,893,1006332.3,52760.78853,0
1741176900000000,0.0524,0.0527,0.0523,0.0525,2180712.1,1741177799999999,114452.00808,1003,983915.0,51648.1976,0
1741177800000000,0.0526,0.0528,0.0522,0.0522,2256947.2,1741178699999999,118635.47176,929,1412873.2,74273.84216,0
1741178700000000,0.0522,0.0524,0.052,0.0523,1726056.7,1741179599999999,90025.55452,828,795490.0,41526.52665,0
1741179600000000,0.0524,0.0527,0.0523,0.0524,2366977.0,1741180499999999,124119.10715,964,1225922.4,64288.65526,0
1741180500000000,0.0523,0.0526,0.0521,0.0523,5196802.8,1741181399999999,272010.21709,1265,2342919.4,122681.0965,0
1741181400000000,0.0523,0.0525,0.0518,0.0518,3067727.4,1741182299999999,160353.56861,1143,1723518.4,90216.77743,0
1741182300000000,0.0519,0.0522,0.0518,0.0521,4295724.2,1741183199999999,223387.27296,1332,2462455.5,128043.0696,0
1741183200000000,0.052,0.0522,0.0516,0.0519,1957385.3,1741184099999999,101564.59278,964,1141797.9,59238.58953,0
1741184100000000,0.0518,0.0519,0.0515,0.0516,2403686.0,1741184999999999,124183.96441,1038,1552463.7,80220.10537,0
1741185000000000,0.0516,0.0519,0.051,0.0515,5379575.2,1741185899999999,276383.77608,1785,2626036.2,134974.03674,0
1741185900000000,0.0515,0.0515,0.051,0.0511,3545951.3,1741186799999999,181676.89676,1534,1507283.2,77277.59589,0
1741186800000000,0.0512,0.0518,0.0512,0.0513,7790529.3,1741187699999999,401171.02526,2588,3810694.5,196149.82726,0
1741187700000000,0.0513,0.0515,0.051,0.051,2139164.5,1741188599999999,109570.91696,1173,1282000.8,65659.06244,0
1741188600000000,0.0511,0.0515,0.051,0.0513,2646102.2,1741189499999999,135649.66086,1258,1406577.7,72077.09663,0
1741189500000000,0.0514,0.0517,0.0513,0.0516,2112072.9,1741190399999999,108642.89703,953,1238842.2,63716.714,0
1741190400000000,0.0516,0.0518,0.0511,0.0514,2699059.7,1741191299999999,138849.71593,1155,1098832.8,56539.35853,0
1741191300000000,0.0514,0.0517,0.0509,0.051,4891843.7,1741192199999999,251417.95426,1586,2674143.8,137613.18473,0
1741192200000000,0.051,0.0513,0.0508,0.051,3547402.2,1741193099999999,180897.52383,1334,1382053.2,70518.40271,0
1741193100000000,0.0511,0.0517,0.051,0.0514,3268600.3,1741193999999999,167964.23886,1246,2297507.2,118102.28268,0
1741194000000000,0.0515,0.0518,0.0513,0.0517,1994309.2,1741194899999999,102812.15772,1019,904834.6,46666.96464,0
1741194900000000,0.0517,0.0523,0.0516,0.0522,2957770.9,1741195799999999,153501.88355,1233,2044315.1,106068.26587,0
1741195800000000,0.0522,0.0525,0.0518,0.0519,2923183.4,1741196699999999,152602.46331,1180,1442892.3,75416.29928,0
1741196700000000,0.0519,0.0521,0.0516,0.0521,2320688.8,1741197599999999,120352.41456,989,1386080.7,71916.07278,0
1741197600000000,0.0521,0.0525,0.052,0.0523,3843503.5,1741198499999999,200785.69568,1241,1880119.8,98247.60732,0
1741198500000000,0.0524,0.0527,0.0522,0.0526,1739101.7,1741199399999999,91333.50134,989,962069.3,50493.9777,0
1741199400000000,0.0526,0.0528,0.0523,0.0523,2311795.3,1741200299999999,121562.8494,933,1347889.2,70882.80756,0
1741200300000000,0.0523,0.0531,0.0523,0.053,1790921.6,1741201199999999,94442.47939,874,1079917.6,56942.89771,0
1741201200000000,0.053,0.0537,0.0529,0.0535,3060348.9,1741202099999999,163349.94289,1366,1416711.9,75636.54391,0
1741202100000000,0.0536,0.0537,0.0532,0.0533,1009107.5,1741202999999999,53884.94024,941,542987.8,28994.63222,0
1741203000000000,0.0532,0.0534,0.053,0.0533,1503321.8,1741203899999999,80039.55259,1026,744521.5,39643.3748,0
1741203900000000,0.0532,0.0535,0.0532,0.0532,1035010.1,1741204799999999,55209.71192,795,631368.5,33689.17974,0
1741204800000000,0.0533,0.0537,0.0533,0.0535,1602107.8,1741205699999999,85732.39631,889,819176.9,43832.70131,0
1741205700000000,0.0536,0.0538,0.0534,0.0538,1027583.4,1741206599999999,55020.13004,873,540139.4,28920.66926,0
1741206600000000,0.0537,0.0541,0.0535,0.0538,1380768.1,1741207499999999,74288.32162,912,737450.4,39678.35343,0
1741207500000000,0.0537,0.0539,0.0535,0.0537,1618830.4,1741208399999999,86969.27689,949,1028913.4,55278.66135,0
1741208400000000,0.0536,0.0538,0.0534,0.0535,843228.8,1741209299999999,45238.02815,782,547792.8,29411.77611,0
1741209300000000,0.0535,0.0537,0.0534,0.0536,662432.6,1741210199999999,35493.75361,716,275866.0,14783.99309,0
1741210200000000,0.0535,0.0536,0.0532,0.0533,574669.5,1741211099999999,30674.72404,746,216255.3,11545.42505,0
1741211100000000,0.0533,0.0535,0.0532,0.0534,949431.1,1741211999999999,50676.86538,864,487324.7,26014.73053,0
1741212000000000,0.0535,0.0537,0.0533,0.0535,1185339.4,1741212899999999,63389.98241,787,852374.2,45582.21736,0
1741212900000000,0.0535,0.0537,0.0533,0.0534,823751.5,1741213799999999,44030.79917,774,406764.1,21748.10164,0
1741213800000000,0.0533,0.0535,0.0532,0.0532,455408.3,1741214699999999,24280.58799,898,193644.0,10328.86872,0
1741214700000000,0.0533,0.0536,0.0532,0.0533,1013957.4,1741215599999999,54098.35728,964,428374.1,22879.00681,0
1741215600000000,0.0534,0.0536,0.0532,0.0532,511380.4,1741216499999999,27326.59537,826,205927.7,11009.24296,0
1741216500000000,0.0533,0.0535,0.0532,0.0534,307889.0,1741217399999999,16428.91648,572,234159.4,12499.88737,0
1741217400000000,0.0534,0.0536,0.0532,0.0535,1016388.0,1741218299999999,54292.57055,745,771280.8,41212.0082,0
1741218300000000,0.0535,0.0537,0.0533,0.0534,1066053.2,1741219199999999,57029.45909,949,652964.4,34934.83012,0
1741219200000000,0.0534,0.0535,0.053,0.0532,1086594.7,1741220099999999,57780.19575,1169,430131.8,22890.02232,0
1741220100000000,0.0532,0.0535,0.0529,0.0532,1034491.0,1741220999999999,55044.03078,992,529053.7,28165.27871,0
1741221000000000,0.0531,0.0533,0.053,0.0532,921603.4,1741221899999999,48986.45223,1031,518817.5,27583.60102,0
1741221900000000,0.0532,0.0532,0.0528,0.0529,760749.1,1741222799999999,40286.32785,863,361364.8,19142.87573,0
1741222800000000,0.0528,0.053,0.0526,0.0529,1138039.2,1741223699999999,60087.0501,852,632068.3,33384.82755,0
1741223700000000,0.0529,0.0531,0.0526,0.0528,322361.0,1741224599999999,17028.38196,639,168680.4,8912.80772,0
1741224600000000,0.0527,0.0532,0.0525,0.0532,927360.1,1741225499999999,49008.00218,847,704826.7,37283.74602,0
1741225500000000,0.0531,0.0539,0.0531,0.0534,1868166.8,1741226399999999,100070.20337,1452,1046828.9,56070.58025,0
1741226400000000,0.0533,0.0538,0.0531,0.0536,1519048.0,1741227299999999,81329.76916,1356,840857.5,45044.29725,0
1741227300000000,0.0536,0.0538,0.0532,0.0534,744471.4,1741228199999999,39809.53923,1028,318924.8,17061.18174,0
1741228200000000,0.0534,0.0535,0.0531,0.0531,733210.7,1741229099999999,39042.133,845,306848.8,16352.5137,0
1741229100000000,0.0532,0.0535,0.053,0.0534,1464852.2,1741229999999999,77896.9914,855,502663.0,26784.34352,0
1741230000000000,0.0533,0.0537,0.0532,0.0533,870754.7,1741230899999999,46525.43911,435,475471.9,25432.48882,0
1741230900000000,0.0534,0.0535,0.0533,0.0534,809044.7,1741231799999999,43189.5567,443,442471.9,23627.80919,0
1741231800000000,0.0533,0.0536,0.0531,0.0535,540169.0,1741232699999999,28820.05447,371,300675.6,16054.91885,0
1741232700000000,0.0535,0.0537,0.0534,0.0536,477572.9,1741233599999999,25557.79215,270,335914.7,17980.91529,0
1741233600000000,0.0536,0.0536,0.0534,0.0535,569904.0,1741234499999999,30481.15697,304,325796.5,17434.12015,0
1741234500000000,0.0536,0.0536,0.0533,0.0534,481525.0,1741235399999999,25707.31927,250,160967.1,8600.64962,0
1741235400000000,0.0534,0.0539,0.0534,0.0538,747785.9,1741236299999999,40135.17146,361,516336.2,27714.73138,0
1741236300000000,0.0538,0.0541,0.0537,0.0539,925229.4,1741237199999999,49878.83924,607,509699.7,27480.15476,0
1741237200000000,0.054,0.0542,0.0538,0.0539,1319493.1,1741238099999999,71232.24556,1694,670713.6,36207.06327,0
1741238100000000,0.0539,0.0544,0.0539,0.0541,1142596.1,1741238999999999,61867.47224,1675,561257.0,30391.49336,0
1741239000000000,0.0542,0.0543,0.054,0.0541,1025947.9,1741239899999999,55558.88553,1585,457480.1,24780.52614,0
1741239900000000,0.0541,0.0542,0.0538,0.0539,1337619.4,1741240799999999,72181.34018,1717,671630.2,36244.45925,0
1741240800000000,0.054,0.054,0.0536,0.0536,995932.4,1741241699999999,53572.80055,1473,477474.7,25697.46879,0
1741241700000000,0.0537,0.0537,0.0533,0.0535,1114547.9,1741242599999999,59620.93624,1562,530198.3,28370.39958,0
1741242600000000,0.0535,0.0537,0.0533,0.0534,1140958.4,1741243499999999,61006.6248,1492,632381.0,33810.29341,0
1741243500000000,0.0534,0.0536,0.0533,0.0534,719975.8,1741244399999999,38487.54127,1389,401457.1,21464.72618,0
1741244400000000,0.0533,0.0536,0.0531,0.0534,2132582.9,1741245299999999,113876.37094,1691,874201.9,46703.36856,0
1741245300000000,0.0533,0.0535,0.0532,0.0533,549583.3,1741246199999999,29326.90112,1340,216741.8,11572.09856,0
1741246200000000,0.0534,0.0535,0.0531,0.0531,893579.5,1741247099999999,47546.45209,1503,389673.5,20753.4283,0
1741247100000000,0.0532,0.0532,0.0529,0.053,1103046.1,1741247999999999,58495.57322,1464,628747.0,33348.316,0
1741248000000000,0.053,0.0532,0.0529,0.053,2179340.9,1741248899999999,115569.7078,1621,690557.8,36659.84126,0
1741248900000000,0.053,0.0533,0.0529,0.0531,869148.1,1741249799999999,46122.11657,1542,477292.6,25340.33137,0
1741249800000000,0.0532,0.0534,0.0529,0.0532,978965.8,1741250699999999,51979.37251,1508,601599.6,31956.94205,0
1741250700000000,0.0532,0.0535,0.053,0.0532,1157272.0,1741251599999999,61625.25437,1604,572236.3,30497.66185,0
1741251600000000,0.0533,0.0533,0.0528,0.0531,1276866.4,1741252499999999,67770.0954,1523,687398.6,36472.52417,0
1741252500000000,0.0531,0.0533,0.0529,0.053,1300245.2,1741253399999999,69046.0372,1580,433731.9,23052.88818,0
1741253400000000,0.0531,0.0532,0.0529,0.0532,1048811.8,1741254299999999,55681.02887,1478,478435.1,25413.03722,0
1741254300000000,0.0532,0.0533,0.053,0.0531,766036.2,1741255199999999,40673.95549,1357,501724.7,26651.13817,0
1741255200000000,0.0531,0.0534,0.0529,0.0532,708561.5,1741256099999999,37704.1571,1439,274587.8,14620.11128,0
1741256100000000,0.0533,0.0536,0.0532,0.0536,1590843.3,1741256999999999,85009.44245,1779,802458.6,42894.27058,0
1741257000000000,0.0536,0.0537,0.0533,0.0535,1653083.9,1741257899999999,88411.63819,1621,676423.9,36212.19098,0
1741257900000000,0.0535,0.0537,0.0534,0.0534,716441.8,1741258799999999,38321.62507,1409,289495.3,15502.95932,0
1741258800000000,0.0535,0.0536,0.0531,0.0533,942064.8,1741259699999999,50219.5191,1408,424263.9,22626.28852,0
1741259700000000,0.0534,0.0535,0.0533,0.0535,637938.4,1741260599999999,34054.19631,1365,217567.2,11624.15287,0
1741260600000000,0.0534,0.0536,0.0534,0.0536,1311942.9,1741261499999999,70189.28791,1478,846179.0,45287.6145,0
1741261500000000,0.0536,0.0537,0.0534,0.0535,417143.0,1741262399999999,22337.81688,1331,188486.6,10100.81606,0
1741262400000000,0.0536,0.0537,0.0532,0.0533,1086163.6,1741263299999999,58044.45146,1490,397343.8,21223.93046,0
1741263300000000,0.0534,0.0534,0.0529,0.0531,4995975.6,1741264199999999,265150.13279,3262,1258533.6,66863.40162,0
1741264200000000,0.0531,0.0532,0.0527,0.0528,3794876.7,1741265099999999,201083.84143,2597,1570027.8,83211.61758,0
1741265100000000,0.0528,0.0529,0.0524,0.0526,2204275.9,1741265999999999,116003.7241,1702,1173291.5,61746.10165,0
1741266000000000,0.0527,0.0529,0.0526,0.0527,1755156.6,1741266899999999,92585.15181,1536,910214.9,48023.56765,0
1741266900000000,0.0528,0.0529,0.0523,0.0526,1472213.3,1741267799999999,77383.36216,1534,934702.3,49147.9916,0
1741267800000000,0.0526,0.0529,0.0525,0.0526,1262645.9,1741268699999999,66537.2717,1582,775184.5,40867.34148,0
1741268700000000,0.0527,0.0527,0.0523,0.0523,1685050.3,1741269599999999,88487.16981,1544,352372.6,18504.52442,0
1741269600000000,0.0524,0.0529,0.0522,0.0526,1730273.6,1741270499999999,90996.20272,1766,679143.5,35718.70044,0
1741270500000000,0.0527,0.0528,0.0525,0.0526,749712.3,1741271399999999,39465.95869,1461,312432.4,16456.1587,0
1741271400000000,0.0527,0.0528,0.0517,0.0518,3346995.7,1741272299999999,174236.44321,2322,1289015.8,67100.9288,0
1741272300000000,0.0519,0.0524,0.0518,0.0522,1496249.8,1741273199999999,78105.20616,1709,786780.7,41062.54908,0
1741273200000000,0.0523,0.0531,0.0522,0.0529,2447790.2,1741274099999999,129170.09788,2021,1616528.8,85362.07905,0
1741274100000000,0.0529,0.0534,0.0527,0.053,1854169.0,1741274999999999,98389.54978,1770,1224755.5,64979.93061,0
1741275000000000,0.0531,0.0535,0.0528,0.0534,950104.2,1741275899999999,50417.71803,1729,469995.2,24940.30352,0
1741275900000000,0.0534,0.0534,0.053,0.0532,606648.9,1741276799999999,32256.84715,1450,210785.6,11216.25432,0
1741276800000000,0.0533,0.0536,0.0532,0.0532,812955.1,1741277699999999,43377.62401,1054,495371.8,26447.54263,0
1741277700000000,0.0532,0.0534,0.0527,0.0529,1206637.7,1741278599999999,63892.30532,1088,502468.6,26639.50872,0
1741278600000000,0.053,0.0531,0.0526,0.0528,1045168.7,1741279499999999,55214.14207,1142,645129.1,34097.87749,0
1741279500000000,0.0528,0.053,0.0522,0.0524,802751.6,1741280399999999,42295.15123,973,512594.7,27064.83708,0
1741280400000000,0.0524,0.0525,0.0518,0.0521,2412272.0,1741281299999999,125527.89886,1599,1200322.1,62461.65238,0
1741281300000000,0.0521,0.0523,0.0519,0.052,1383901.1,1741282199999999,72073.58301,1162,863084.8,44970.41397,0
1741282200000000,0.052,0.0521,0.0514,0.0517,2779434.1,1741283099999999,143631.16942,1687,1590268.9,82252.77332,0
1741283100000000,0.0517,0.052,0.0514,0.0518,1478149.1,1741283999999999,76297.05606,1199,848294.1,43776.03369,0
1741284000000000,0.0518,0.0519,0.0515,0.0516,899005.8,1741284899999999,46508.25568,932,528124.1,27342.53807,0
1741284900000000,0.0516,0.0517,0.0514,0.0516,762569.3,1741285799999999,39340.33722,964,400995.0,20691.02567,0
1741285800000000,0.0516,0.0518,0.0513,0.0516,1273834.6,1741286699999999,65647.45705,1106,814553.2,41999.20258,0
1741286700000000,0.0516,0.0518,0.0515,0.0518,831548.3,1741287599999999,42965.79872,877,576812.2,29812.33806,0
1741287600000000,0.0518,0.0518,0.0513,0.0518,921339.2,1741288499999999,47510.89375,974,437116.2,22546.36492,0
1741288500000000,0.0518,0.0518,0.0515,0.0516,720181.0,1741289399999999,37200.80864,902,364958.2,18859.69951,0
1741289400000000,0.0516,0.0519,0.0514,0.0518,1090749.8,1741290299999999,56291.33897,1040,656607.2,33899.08968,0
1741290300000000,0.0518,0.0523,0.0517,0.0518,938583.7,1741291199999999,48774.85016,1017,511265.4,26596.81943,0
1741291200000000,0.0518,0.0521,0.0516,0.0521,1626163.4,1741292099999999,84354.49992,961,1276790.3,66242.73002,0
1741292100000000,0.0521,0.0522,0.0518,0.052,520380.6,1741292999999999,27050.97858,793,381179.5,19808.66527,0
1741293000000000,0.052,0.0521,0.0516,0.0517,1242201.8,1741293899999999,64476.33733,983,513908.9,26686.18639,0
1741293900000000,0.0517,0.052,0.0516,0.0519,1110525.6,1741294799999999,57532.89039,878,735426.6,38092.82426,0
1741294800000000,0.0519,0.0524,0.0517,0.0523,960562.8,1741295699999999,49984.5063,984,608722.4,31700.63936,0
1741295700000000,0.0523,0.0524,0.052,0.0521,649604.8,1741296599999999,33900.47511,810,351298.0,18340.8947,0
1741296600000000,0.0521,0.0521,0.0517,0.0518,1078168.7,1741297499999999,55906.25515,972,670004.4,34742.79515,0
1741297500000000,0.0518,0.0522,0.0517,0.0522,1398971.6,1741298399999999,72677.88212,1042,1109464.2,57664.03308,0
1741298400000000,0.0522,0.0529,0.0521,0.0527,3353951.5,1741299299999999,176072.68841,1976,2413172.8,126659.52482,0
1741299300000000,0.0527,0.0528,0.0522,0.0524,924057.6,1741300199999999,48389.51037,1118,489096.7,25618.67634,0
1741300200000000,0.0524,0.0528,0.0522,0.0528,626825.3,1741301099999999,32870.67763,976,465140.9,24402.01525,0
1741301100000000,0.0528,0.0529,0.0527,0.0528,588539.3,1741301999999999,31085.82504,913,334885.5,17694.62328,0
1741302000000000,0.0528,0.0529,0.0525,0.0526,1523094.0,1741302899999999,80263.87149,1134,691379.7,36459.7775,0
1741302900000000,0.0526,0.0529,0.0525,0.0526,611825.6,1741303799999999,32201.74911,833,458234.7,24118.50587,0
1741303800000000,0.0526,0.0528,0.0525,0.0526,394429.1,1741304699999999,20784.44779,737,248742.9,13113.25136,0
1741304700000000,0.0526,0.0526,0.0524,0.0525,658501.3,1741305599999999,34555.12962,1005,326965.1,17164.26894,0
1741305600000000,0.0525,0.0533,0.0524,0.0527,1642644.8,1741306499999999,86802.42313,1335,902934.3,47710.89826,0
1741306500000000,0.0527,0.0528,0.0505,0.0507,26708833.9,1741307399999999,1376026.51781,9957,13226069.6,681695.68966,0
1741307400000000,0.0507,0.051,0.0503,0.0505,7079084.3,1741308299999999,358025.89168,3322,4059749.9,205332.44409,0
1741308300000000,0.0505,0.0506,0.0499,0.0503,5560668.4,1741309199999999,279161.29712,2599,2684928.9,134798.62363,0
1741309200000000,0.0503,0.0515,0.0499,0.0514,3537857.0,1741310099999999,179830.48291,1620,2054998.9,104630.6976,0
1741310100000000,0.0514,0.0522,0.0512,0.052,3328179.9,1741310999999999,172150.80352,1706,1945375.9,100596.80642,0
1741311000000000,0.0519,0.0529,0.0518,0.0527,3574230.9,1741311899999999,187103.03234,1994,1859638.1,97265.47184,0
1741311900000000,0.0527,0.0528,0.0524,0.0527,2971106.0,1741312799999999,156065.10672,1482,1458604.3,76656.935,0
1741312800000000,0.0527,0.0531,0.0525,0.0528,1727611.3,1741313699999999,91127.53888,1524,730183.2,38510.98672,0
1741313700000000,0.0529,0.053,0.0525,0.0527,1275648.5,1741314599999999,67223.17028,1718,463547.1,24449.52472,0
1741314600000000,0.0527,0.0533,0.0525,0.053,2187045.8,1741315499999999,115699.60244,1750,1470706.9,77834.04945,0
1741315500000000,0.0529,0.0531,0.0525,0.0526,1619051.7,1741316399999999,85360.72855,1563,450301.4,23773.05685,0
1741316400000000,0.0525,0.0528,0.0523,0.0526,1526839.7,1741317299999999,80227.60492,1624,571848.1,30064.0007,0
1741317300000000,0.0526,0.0528,0.0525,0.0525,1022918.8,1741318199999999,53842.84665,1473,413464.2,21771.27955,0
1741318200000000,0.0525,0.0528,0.0523,0.0528,1353498.4,1741319099999999,71095.60376,1533,510062.6,26809.5166,0
1741319100000000,0.0527,0.0528,0.0522,0.0522,1467435.4,1741319999999999,76966.46088,1605,546914.8,28671.70633,0
1741320000000000,0.0523,0.0524,0.052,0.0524,994436.2,1741320899999999,51928.07135,1546,464306.5,24257.1886,0
1741320900000000,0.0523,0.0527,0.0522,0.0526,647113.1,1741321799999999,33949.00317,1391,421356.9,22119.2833,0
1741321800000000,0.0527,0.0531,0.0526,0.0528,759989.9,1741322699999999,40124.76383,1476,376311.6,19867.40107,0
1741322700000000,0.0529,0.053,0.0524,0.0525,1197559.1,1741323599999999,62921.03077,1538,420109.3,22099.65769,0
1741323600000000,0.0525,0.0526,0.0522,0.0525,898352.7,1741324499999999,47063.93855,1479,326309.4,17114.9388,0
1741324500000000,0.0524,0.053,0.0524,0.0527,971834.2,1741325399999999,51255.08368,1428,526392.6,27782.08155,0
1741325400000000,0.0527,0.0529,0.0525,0.0529,702315.4,1741326299999999,37052.67346,1373,339822.6,17937.23993,0
1741326300000000,0.0528,0.0531,0.0526,0.0528,815823.8,1741327199999999,43119.7341,1389,315097.8,16670.6602,0
1741327200000000,0.0527,0.0528,0.0523,0.0523,870176.8,1741328099999999,45676.21776,1439,317534.9,16677.00805,0
1741328100000000,0.0523,0.0526,0.0522,0.0525,707143.1,1741328999999999,37048.19594,1347,418813.9,21951.28593,0
1741329000000000,0.0525,0.0528,0.0524,0.0527,924495.7,1741329899999999,48627.58748,1430,431146.8,22702.49159,0
1741329900000000,0.0528,0.0532,0.0527,0.0529,971579.2,1741330799999999,51479.19229,1456,346813.7,18390.16861,0
1741330800000000,0.0528,0.0532,0.0526,0.0529,1649271.2,1741331699999999,87189.94434,1721,919527.9,48630.5065,0
1741331700000000,0.0529,0.053,0.0527,0.0527,1273292.0,1741332599999999,67306.06078,1500,588960.0,31147.61692,0
1741332600000000,0.0527,0.0529,0.0525,0.0525,854880.6,1741333499999999,45021.22137,1445,431078.1,22713.13769,0
1741333500000000,0.0526,0.0529,0.0524,0.0528,1129953.0,1741334399999999,59491.66191,1508,529228.8,27879.51171,0
1741334400000000,0.0528,0.0529,0.0524,0.0525,996139.3,1741335299999999,52448.82073,1462,517457.3,27254.73182,0
1741335300000000,0.0525,0.0526,0.0522,0.0522,659761.0,1741336199999999,34573.07999,1384,320068.0,16780.44573,0
1741336200000000,0.0523,0.0523,0.052,0.0522,1008899.5,1741337099999999,52619.10149,1441,393799.6,20555.08393,0
1741337100000000,0.0523,0.0525,0.0521,0.0523,824229.7,1741337999999999,43157.82998,1424,445786.3,23353.78386,0
1741338000000000,0.0523,0.0529,0.0523,0.0529,1131873.5,1741338899999999,59471.2048,1466,603392.4,31723.18973,0
1741338900000000,0.0529,0.0533,0.0527,0.0533,1600811.8,1741339799999999,84846.01469,1693,1176304.4,62348.10091,0
1741339800000000,0.0533,0.0535,0.0531,0.0531,1751155.0,1741340699999999,93246.72247,1651,1002727.9,53411.98136,0
1741340700000000,0.0531,0.0534,0.053,0.0531,2859189.7,1741341599999999,152083.71578,1971,823365.4,43838.1913,0
1741341600000000,0.0531,0.0533,0.053,0.0532,815999.6,1741342499999999,43346.71545,1428,429860.5,22846.68249,0
1741342500000000,0.0532,0.0533,0.0528,0.0529,1218873.1,1741343399999999,64673.85871,1472,383779.5,20373.64231,0
1741343400000000,0.053,0.053,0.0527,0.0529,867375.2,1741344299999999,45807.55345,1431,432835.4,22870.6265,0
1741344300000000,0.0528,0.0531,0.0528,0.053,989393.0,1741345199999999,52402.80599,1476,607551.5,32182.95154,0
1741345200000000,0.0531,0.0533,0.0529,0.0531,1268805.5,1741346099999999,67403.87924,1479,679990.3,36140.86941,0
1741346100000000,0.0532,0.0534,0.053,0.053,762114.7,1741346999999999,40522.26541,1359,334022.8,17774.18441,0
1741347000000000,0.053,0.0532,0.0529,0.053,535719.7,1741347899999999,28412.54575,1316,255800.3,13575.38221,0
1741347900000000,0.0531,0.0532,0.0529,0.0531,484263.2,1741348799999999,25679.49973,1343,275414.9,14612.78828,0
1741348800000000,0.0531,0.0532,0.0529,0.053,428624.4,1741349699999999,22733.14595,1324,237599.6,12609.02031,0
1741349700000000,0.0531,0.0531,0.0527,0.0527,713276.8,1741350599999999,37685.66555,1387,329354.1,17408.27084,0
1741350600000000,0.0528,0.0529,0.0523,0.0523,1108491.4,1741351499999999,58341.83184,1556,351050.2,18485.18855,0
1741351500000000,0.0524,0.0526,0.0523,0.0524,523316.2,1741352399999999,27438.71071,1319,216249.9,11348.55457,0
1741352400000000,0.0525,0.0528,0.0523,0.0524,1330296.8,1741353299999999,69943.65043,1555,899350.8,47309.18229,0
1741353300000000,0.0525,0.0525,0.0522,0.0523,878367.0,1741354199999999,45978.26551,1509,327319.6,17140.80754,0
1741354200000000,0.0523,0.0535,0.0522,0.0529,11701152.2,1741355099999999,619486.42968,3778,6188122.1,327631.87649,0
1741355100000000,0.053,0.0531,0.0522,0.0523,1351620.1,1741355999999999,71273.87039,1820,644463.7,34011.08665,0
1741356000000000,0.0523,0.0527,0.0522,0.0523,1059310.8,1741356899999999,55536.96645,1567,448989.6,23550.03902,0
1741356900000000,0.0524,0.0525,0.0517,0.052,1404636.7,1741357799999999,73182.46263,1636,721859.7,37621.07562,0
1741357800000000,0.052,0.0526,0.0518,0.0525,3126283.6,1741358699999999,163051.87451,2139,2260895.2,117906.02536,0
1741358700000000,0.0524,0.0533,0.0524,0.0527,5586243.0,1741359599999999,296136.0024,3250,3089006.1,163780.93181,0
1741359600000000,0.0528,0.0533,0.0526,0.053,1256254.9,1741360499999999,66658.19257,1810,875336.5,46455.93015,0
1741360500000000,0.0531,0.0532,0.0526,0.053,2009880.9,1741361399999999,106236.5903,1844,911956.3,48247.32294,0
1741361400000000,0.053,0.053,0.0523,0.0529,2206719.2,1741362299999999,116118.59652,2159,1321056.1,69526.68526,0
1741362300000000,0.0529,0.0534,0.0527,0.0531,2714771.8,1741363199999999,144284.4489,2093,1570411.3,83461.55261,0
1741363200000000,0.0532,0.0533,0.0524,0.0528,3307666.5,1741364099999999,175003.94074,2473,1554013.9,82257.11399,0
1741364100000000,0.0528,0.0529,0.0521,0.0522,4566725.5,1741364999999999,239200.05413,2789,2394910.0,125486.53187,0
1741365000000000,0.0523,0.0526,0.0521,0.0525,1381528.5,1741365899999999,72382.03213,1765,600422.1,31469.90877,0
1741365900000000,0.0525,0.0527,0.0518,0.0522,2058805.7,1741366799999999,107175.36785,1776,747102.6,38936.99848,0
1741366800000000,0.0522,0.0525,0.0517,0.0519,2288165.2,1741367699999999,118993.69919,2029,1254090.1,65218.00776,0
1741367700000000,0.052,0.0523,0.0518,0.0521,715805.9,1741368599999999,37231.64599,1496,458598.0,23864.81552,0
1741368600000000,0.0521,0.0526,0.052,0.0525,1789328.2,1741369499999999,93721.68254,1766,1341039.0,70274.54938,0
1741369500000000,0.0526,0.053,0.0523,0.0525,1399599.0,1741370399999999,73693.31125,1981,719151.8,37889.11266,0
1741370400000000,0.0526,0.053,0.0524,0.0528,880289.4,1741371299999999,46469.32549,1688,549489.6,29018.92564,0
1741371300000000,0.0528,0.0534,0.0528,0.0533,1013470.0,1741372199999999,53835.27903,1819,622283.7,33079.15216,0
1741372200000000,0.0534,0.0538,0.0532,0.0537,1259331.8,1741373099999999,67369.2488,1728,783284.2,41906.52957,0
1741373100000000,0.0537,0.0542,0.0536,0.0541,1909730.9,1741373999999999,102882.68298,2118,1097672.4,59154.41433,0
1741374000000000,0.0541,0.0543,0.0537,0.054,2708065.7,1741374899999999,146098.01004,2167,1176955.8,63505.25582,0
1741374900000000,0.0541,0.0544,0.0539,0.054,1583409.6,1741375799999999,85790.08164,1829,591397.7,32046.75178,0
1741375800000000,0.0541,0.0542,0.0537,0.0539,1160075.3,1741376699999999,62533.33864,1703,540537.8,29158.69733,0
1741376700000000,0.0539,0.0539,0.0532,0.0536,1834226.9,1741377599999999,98059.54276,1881,894458.8,47818.44,0
1741377600000000,0.0537,0.054,0.0535,0.0536,1185928.8,1741378499999999,63806.16723,1628,582772.7,31379.80742,0
1741378500000000,0.0537,0.0537,0.0532,0.0532,1380945.0,1741379399999999,73806.13295,1585,708622.4,37886.45731,0
1741379400000000,0.0533,0.0533,0.0526,0.053,2537058.7,1741380299999999,134071.82923,2110,893709.2,47269.20257,0
1741380300000000,0.0531,0.0539,0.0529,0.0531,5859487.5,1741381199999999,312240.57411,2808,3184278.2,169878.17372,0
1741381200000000,0.0531,0.0533,0.052,0.0522,9462268.7,1741382099999999,496777.82216,4674,5273742.4,276971.3354,0
1741382100000000,0.0522,0.053,0.0522,0.0529,2163434.7,1741382999999999,113790.635,2207,1067294.3,56124.37981,0
1741383000000000,0.0529,0.053,0.0525,0.0525,1484409.5,1741383899999999,78291.39855,1945,751984.8,39683.61573,0
1741383900000000,0.0525,0.0529,0.0522,0.0526,1558305.2,1741384799999999,81881.13667,1775,913240.2,48033.77804,0
1741384800000000,0.0526,0.0527,0.052,0.0522,1685921.6,1741385699999999,88259.29893,1825,1055972.3,55259.88162,0
1741385700000000,0.0522,0.0525,0.0521,0.0524,926243.6,1741386599999999,48484.71754,1594,402790.1,21089.05958,0
1741386600000000,0.0523,0.0531,0.0522,0.053,1023951.4,1741387499999999,53829.19171,1913,580960.9,30552.01403,0
1741387500000000,0.0531,0.0531,0.0526,0.0527,767557.5,1741388399999999,40566.07237,1467,453501.1,23972.3017,0
1741388400000000,0.0528,0.0528,0.0517,0.0518,2883011.7,1741389299999999,150573.91028,2077,949873.3,49622.99254,0
1741389300000000,0.0519,0.0522,0.0518,0.052,1260396.8,1741390199999999,65518.0826,1602,766210.6,39839.27117,0
1741390200000000,0.052,0.0521,0.0517,0.052,1238336.1,1741391099999999,64301.81104,1644,735915.7,38217.94177,0
1741391100000000,0.0521,0.0523,0.0519,0.0522,988109.9,1741391999999999,51505.58271,1395,408449.9,21310.63097,0
1741392000000000,0.0523,0.0523,0.0518,0.052,1812567.5,1741392899999999,94301.71109,1796,1019156.3,53022.73079,0
1741392900000000,0.0521,0.0524,0.0519,0.0521,1459498.7,1741393799999999,76101.65642,1618,701675.3,36588.01847,0
1741393800000000,0.0521,0.0523,0.052,0.0522,833096.7,1741394699999999,43480.63699,1367,271306.7,14168.06609,0
1741394700000000,0.0523,0.0526,0.0521,0.0525,1689007.8,1741395599999999,88427.11943,1425,660537.4,34593.90301,0
1741395600000000,0.0525,0.0525,0.052,0.0522,1114690.8,1741396499999999,58268.93614,1474,478176.9,25001.88655,0
1741396500000000,0.0521,0.0523,0.0518,0.0518,1101139.0,1741397399999999,57202.1951,1382,502823.9,26115.3677,0
1741397400000000,0.0519,0.0519,0.0511,0.0516,2331250.6,1741398299999999,119970.43629,1803,825800.6,42497.34699,0
1741398300000000,0.0516,0.0517,0.0514,0.0516,830634.7,1741399199999999,42847.42596,1441,501787.5,25891.69308,0
1741399200000000,0.0517,0.052,0.0515,0.0518,608492.0,1741400099999999,31507.64156,1319,269793.1,13980.8264,0
1741400100000000,0.0519,0.0519,0.0517,0.0518,635476.1,1741400999999999,32928.16743,1358,338630.1,17557.02962,0
1741401000000000,0.0519,0.052,0.0517,0.0519,1145167.4,1741401899999999,59383.78227,1447,545639.6,28306.83476,0
1741401900000000,0.0519,0.0522,0.0518,0.0521,1099998.0,1741402799999999,57161.36434,1387,645028.2,33538.43926,0
1741402800000000,0.0522,0.0522,0.0519,0.0519,1318463.9,1741403699999999,68661.44544,1493,738774.1,38486.19811,0
1741403700000000,0.052,0.0522,0.0518,0.052,862880.7,1741404599999999,44882.1993,1437,467638.3,24331.20799,0
1741404600000000,0.052,0.0524,0.0519,0.0523,664744.8,1741405499999999,34690.24312,1330,388687.8,20289.2187,0
1741405500000000,0.0523,0.0525,0.0522,0.0523,635513.6,1741406399999999,33272.95226,1343,311484.8,16312.75893,0
1741406400000000,0.0524,0.0524,0.052,0.0522,634953.7,1741407299999999,33156.15492,1368,313315.8,16365.96408,0
1741407300000000,0.0523,0.0526,0.0522,0.0526,735125.3,1741408199999999,38531.40707,1349,399402.5,20948.99967,0
1741408200000000,0.0526,0.0529,0.0525,0.0528,803384.0,1741409099999999,42328.88019,1375,396265.8,20891.65181,0
1741409100000000,0.0528,0.053,0.0527,0.0529,1193025.6,1741409999999999,63058.2743,1421,687407.0,36350.39099,0
1741410000000000,0.0529,0.0529,0.0525,0.0526,867152.5,1741410899999999,45712.11971,1367,427418.7,22543.54527,0
1741410900000000,0.0526,0.0526,0.0524,0.0525,521079.8,1741411799999999,27355.59052,1299,220379.4,11577.56579,0
1741411800000000,0.0524,0.0525,0.052,0.0523,620850.1,1741412699999999,32437.77348,1371,263093.8,13751.75478,0
1741412700000000,0.0524,0.0524,0.0521,0.0523,489242.7,1741413599999999,25547.95102,1261,273465.9,14285.93376,0
1741413600000000,0.0522,0.0526,0.0521,0.0524,1171591.7,1741414499999999,61287.01571,1096,810094.8,42399.91481,0
1741414500000000,0.0525,0.0525,0.0522,0.0523,877118.2,1741415399999999,45902.69044,1008,424912.0,22237.16242,0
1741415400000000,0.0524,0.0524,0.0521,0.0522,748728.0,1741416299999999,39086.72465,1330,365909.0,19112.1263,0
1741416300000000,0.0522,0.0523,0.0519,0.0519,697875.9,1741417199999999,36321.09416,1354,338264.8,17620.94395,0
1741417200000000,0.052,0.0523,0.0519,0.052,950288.6,1741418099999999,49459.68869,1392,510762.5,26587.01441,0
1741418100000000,0.052,0.0523,0.0519,0.0519,1366680.0,1741418999999999,71155.65921,1639,276642.7,14419.66136,0
1741419000000000,0.0519,0.052,0.0516,0.0517,1063649.1,1741419899999999,55177.38209,1409,584555.4,30348.60491,0
1741419900000000,0.0518,0.0518,0.0514,0.0515,771288.4,1741420799999999,39766.47313,1376,346406.5,17863.82383,0
1741420800000000,0.0516,0.0517,0.0514,0.0516,656371.4,1741421699999999,33848.86949,1345,303614.3,15670.80788,0
1741421700000000,0.0516,0.0516,0.0513,0.0514,878156.7,1741422599999999,45153.57003,1288,481078.3,24746.01092,0
1741422600000000,0.0515,0.0516,0.0512,0.0512,708417.1,1741423499999999,36417.81143,1297,294702.0,15163.16259,0
1741423500000000,0.0512,0.0514,0.0512,0.0513,1268155.8,1741424399999999,65052.21926,1328,573575.8,29432.72902,0
1741424400000000,0.0512,0.0517,0.0512,0.0515,763890.2,1741425299999999,39304.79644,1263,537991.0,27680.61339,0
1741425300000000,0.0516,0.0519,0.0515,0.0518,812918.5,1741426199999999,42070.76793,1309,405856.2,21008.00249,0
1741426200000000,0.0518,0.052,0.0514,0.0515,916314.0,1741427099999999,47452.89394,1349,470804.3,24398.34214,0
1741427100000000,0.0516,0.0516,0.0512,0.0513,1263782.4,1741427999999999,64866.12748,1366,416235.3,21373.49231,0
1741428000000000,0.0514,0.0515,0.0513,0.0513,801195.5,1741428899999999,41180.30537,1269,553981.1,28481.26893,0
1741428900000000,0.0514,0.0516,0.0512,0.0515,654255.1,1741429799999999,33649.14654,1276,371423.0,19116.90246,0
1741429800000000,0.0515,0.0518,0.0515,0.0516,729808.1,1741430699999999,37664.10257,1298,385253.2,19898.30484,0
1741430700000000,0.0516,0.0517,0.0514,0.0516,799490.0,1741431599999999,41249.10797,1335,558022.0,28803.69597,0
1741431600000000,0.0515,0.0516,0.051,0.0512,1108033.1,1741432499999999,56855.66855,1395,456138.6,23421.44272,0
1741432500000000,0.0512,0.0513,0.0509,0.0509,1592181.0,1741433399999999,81356.61768,1498,850615.3,43484.29246,0
1741433400000000,0.051,0.0511,0.0505,0.0506,2152047.3,1741434299999999,109250.00799,1613,1376996.5,69921.93881,0
1741434300000000,0.0507,0.0509,0.0505,0.0507,2043568.4,1741435199999999,103664.8501,1596,1150530.4,58351.96936,0
1741435200000000,0.0508,0.051,0.0504,0.0506,2509314.9,1741436099999999,127336.13845,1566,1717906.4,87177.31874,0
1741436100000000,0.0506,0.0514,0.0505,0.0513,1544528.4,1741436999999999,78858.54909,1653,854218.4,43644.57274,0
1741437000000000,0.0513,0.0514,0.051,0.0511,1259676.9,1741437899999999,64461.9261,1457,575118.1,29447.48184,0
1741437900000000,0.0512,0.0512,0.0509,0.051,685701.4,1741438799999999,35012.90879,1323,263069.5,13439.59951,0
1741438800000000,0.0511,0.0512,0.0507,0.0507,1465052.1,1741439699999999,74660.51459,1510,535161.3,27283.76173,0
1741439700000000,0.0507,0.0511,0.0506,0.051,1505272.4,1741440599999999,76610.77049,1438,1028863.0,52402.1042,0
1741440600000000,0.051,0.0512,0.0508,0.0509,1125194.1,1741441499999999,57401.86653,1450,434362.0,22171.52423,0
1741441500000000,0.0509,0.051,0.0506,0.0507,1054119.2,1741442399999999,53554.71113,1398,494181.5,25112.1705,0
1741442400000000,0.0508,0.0511,0.0507,0.0508,1006429.4,1741443299999999,51215.02833,1339,538100.3,27390.66363,0
1741443300000000,0.0509,0.051,0.0507,0.0509,1217745.8,1741444199999999,61910.94453,1477,599302.4,30484.19966,0
1741444200000000,0.051,0.0512,0.0508,0.051,1212825.4,1741445099999999,61841.92893,1443,487629.6,24878.05759,0
1741445100000000,0.0511,0.0511,0.0507,0.0507,1070068.7,1741445999999999,54396.80137,1404,724593.4,36837.62022,0
1741446000000000,0.0508,0.0508,0.0503,0.0505,1117178.0,1741446899999999,56482.77567,1390,489404.0,24738.36587,0
1741446900000000,0.0506,0.0508,0.0504,0.0507,1193998.6,1741447799999999,60414.44188,1329,681695.4,34509.60382,0
1741447800000000,0.0507,0.0509,0.0506,0.0507,1030278.0,1741448699999999,52317.80762,1399,296523.3,15065.82037,0
1741448700000000,0.0508,0.0509,0.0506,0.0507,1140780.6,1741449599999999,57934.91606,1370,704447.3,35787.29034,0
1741449600000000,0.0508,0.051,0.0504,0.0505,2029050.9,1741450499999999,102819.16972,1455,1250360.8,63409.98622,0
1741450500000000,0.0505,0.0506,0.0499,0.0501,3379501.8,1741451399999999,169583.50532,1676,1088197.2,54562.36396,0
1741451400000000,0.0501,0.0505,0.05,0.0504,1719488.2,1741452299999999,86424.66375,1496,1045108.6,52518.99688,0
1741452300000000,0.0504,0.0508,0.0503,0.0506,1070869.8,1741453199999999,54115.97664,1388,704911.5,35653.02925,0
1741453200000000,0.0506,0.0507,0.0502,0.0504,1141659.8,1741454099999999,57556.77942,1379,406320.4,20489.15761,0
1741454100000000,0.0504,0.0512,0.0503,0.0508,2926408.9,1741454999999999,148758.69571,1896,1596098.8,81061.94075,0
1741455000000000,0.0508,0.0512,0.0508,0.0509,1770390.0,1741455899999999,90297.93992,1544,822010.0,41931.9392,0
1741455900000000,0.051,0.0511,0.0508,0.0508,716816.2,1741456799999999,36512.37383,1380,370245.2,18864.80147,0
1741456800000000,0.0508,0.051,0.0507,0.0509,917469.0,1741457699999999,46654.34646,1393,428019.4,21775.99653,0
1741457700000000,0.0509,0.051,0.0507,0.0509,815172.8,1741458599999999,41486.70681,1339,436768.7,22235.8946,0
1741458600000000,0.0509,0.0511,0.0508,0.0508,1204357.0,1741459499999999,61358.09644,1435,574220.5,29264.89122,0
1741459500000000,0.0509,0.0511,0.0508,0.051,633629.6,1741460399999999,32280.63343,1309,321373.9,16378.08715,0
1741460400000000,0.051,0.051,0.0507,0.0509,796632.8,1741461299999999,40500.3649,1311,429555.4,21846.46465,0
1741461300000000,0.0509,0.0513,0.0507,0.0512,990418.1,1741462199999999,50489.74666,1442,678077.6,34581.69091,0
1741462200000000,0.0513,0.0515,0.0511,0.0512,1214886.7,1741463099999999,62329.24342,1464,468972.1,24074.16453,0
1741463100000000,0.0512,0.0514,0.051,0.0512,2581717.4,1741463999999999,132233.20309,1491,2070564.2,106068.67896,0
1741464000000000,0.0513,0.0514,0.0511,0.0511,830694.8,1741464899999999,42569.84491,1285,523900.4,26862.18969,0
1741464900000000,0.0512,0.0514,0.051,0.0511,954904.7,1741465799999999,48917.25638,1321,439587.6,22526.50382,0
1741465800000000,0.0512,0.0512,0.0509,0.051,836704.9,1741466699999999,42721.49077,1386,490038.3,25029.13958,0
1741466700000000,0.0511,0.0512,0.0509,0.051,754294.6,1741467599999999,38514.03416,1340,369805.5,18890.38876,0
1741467600000000,0.051,0.0512,0.051,0.051,487051.3,1741468499999999,24874.73018,1257,321955.5,16452.19893,0
1741468500000000,0.0511,0.0514,0.051,0.0514,553124.4,1741469399999999,28328.85278,1339,393940.6,20180.59614,0
1741469400000000,0.0513,0.0514,0.0509,0.0509,815361.2,1741470299999999,41695.21383,1268,232018.7,11864.68279,0
1741470300000000,0.0509,0.051,0.0506,0.0506,850590.0,1741471199999999,43198.70976,1351,334198.7,16977.43685,0
1741471200000000,0.0506,0.0507,0.0499,0.0499,2493251.7,1741472099999999,125456.92706,1556,1022793.6,51520.3386,0
1741472100000000,0.05,0.05,0.0494,0.0497,3973346.2,1741472999999999,197335.22648,1960,1741708.5,86537.0845,0
1741473000000000,0.0497,0.0504,0.0497,0.0502,1257718.6,1741473899999999,63136.70183,1577,729355.0,36583.13988,0
1741473900000000,0.0503,0.0505,0.0502,0.0503,1114267.0,1741474799999999,56066.30525,1368,637129.7,32076.3051,0
1741474800000000,0.0504,0.0507,0.0502,0.0506,1333971.4,1741475699999999,67205.82871,1409,874669.8,44092.43615,0
1741475700000000,0.0507,0.0507,0.0503,0.0504,506885.6,1741476599999999,25570.88018,1245,149563.8,7550.31236,0
1741476600000000,0.0504,0.0505,0.0502,0.0502,489119.6,1741477499999999,24639.40112,1261,284953.7,14368.8523,0
1741477500000000,0.0502,0.0505,0.0502,0.0504,747307.4,1741478399999999,37657.82576,1245,511163.3,25759.88959,0
1741478400000000,0.0505,0.0507,0.0503,0.0504,1085527.5,1741479299999999,54817.69447,1398,523043.9,26416.77955,0
1741479300000000,0.0504,0.0506,0.0504,0.0506,648847.4,1741480199999999,32765.72987,1313,255939.2,12931.94795,0
1741480200000000,0.0506,0.0507,0.0503,0.0503,911012.1,1741481099999999,45966.61449,1275,553987.9,27960.78753,0
1741481100000000,0.0503,0.0505,0.0503,0.0503,597320.1,1741481999999999,30095.0575,1252,308724.5,15561.7815,0
1741482000000000,0.0503,0.0505,0.0503,0.0503,769675.5,1741482899999999,38795.31116,1308,312725.6,15771.48907,0
1741482900000000,0.0504,0.0504,0.0502,0.0502,917907.7,1741483799999999,46212.47841,1282,592393.5,29841.40725,0
1741483800000000,0.0503,0.0503,0.0499,0.05,709827.3,1741484699999999,35552.05526,1302,281019.2,14071.42485,0
1741484700000000,0.0501,0.0501,0.0498,0.0499,1393490.6,1741485599999999,69562.41043,1317,404792.2,20213.65656,0
1741485600000000,0.0499,0.05,0.0496,0.0498,1107679.2,1741486499999999,55193.73604,1316,563329.5,28074.90468,0
1741486500000000,0.0497,0.0499,0.0496,0.0498,1059162.7,1741487399999999,52714.10248,1214,747228.2,37201.20386,0
1741487400000000,0.0499,0.0499,0.0497,0.0498,460824.2,1741488299999999,22955.26674,1181,204254.1,10182.86872,0
1741488300000000,0.0498,0.0499,0.0496,0.0496,1226051.7,1741489199999999,60961.76472,1364,682428.0,33946.92818,0
1741489200000000,0.0497,0.0498,0.0495,0.0495,921535.9,1741490099999999,45737.56389,1223,500665.9,24867.21437,0
1741490100000000,0.0496,0.0498,0.0495,0.0497,378168.0,1741490999999999,18801.93244,1202,196355.1,9768.988,0
1741491000000000,0.0498,0.0499,0.0497,0.0498,1195059.7,1741491899999999,59529.13985,1308,582318.1,29018.03193,0
1741491900000000,0.0499,0.0499,0.0497,0.0497,586388.4,1741492799999999,29209.82236,1247,230169.8,11473.38899,0
1741492800000000,0.0498,0.0498,0.0495,0.0496,1227676.6,1741493699999999,60981.06171,1346,515170.1,25600.08054,0
1741493700000000,0.0497,0.0498,0.0495,0.0496,861668.2,1741494599999999,42773.54855,1257,375928.6,18663.85491,0
1741494600000000,0.0497,0.0499,0.0496,0.0499,1069880.3,1741495499999999,53281.39744,1294,419610.5,20903.83429,0
1741495500000000,0.0498,0.0499,0.0497,0.0498,381195.2,1741496399999999,18977.15932,1150,149664.5,7456.49105,0
1741496400000000,0.0498,0.0499,0.0495,0.0496,714710.5,1741497299999999,35524.32087,1245,321020.3,15975.09046,0
1741497300000000,0.0496,0.0499,0.0495,0.0498,1258342.8,1741498199999999,62591.54569,1315,817890.8,40693.94942,0
1741498200000000,0.0499,0.05,0.0496,0.0497,922833.5,1741499099999999,45927.07923,1356,286881.3,14291.80005,0
1741499100000000,0.0497,0.0497,0.0493,0.0493,2533961.1,1741499999999999,125369.98184,1477,1026036.3,50776.9124,0
1741500000000000,0.0493,0.0494,0.0492,0.0493,1686569.8,1741500899999999,83159.51029,1421,894933.1,44147.26604,0
1741500900000000,0.0494,0.0497,0.0492,0.0497,2278500.3,1741501799999999,112682.90148,1444,1481190.2,73260.58145,0
1741501800000000,0.0496,0.0498,0.0495,0.0495,817412.0,1741502699999999,40591.42744,1290,279076.5,13868.5056,0
1741502700000000,0.0496,0.0496,0.0493,0.0494,455904.6,1741503599999999,22546.73703,1176,173001.8,8566.04231,0
1741503600000000,0.0493,0.0498,0.0493,0.0496,1112347.9,1741504499999999,55109.53455,1299,646406.1,32022.35171,0
1741504500000000,0.0497,0.0499,0.0496,0.0497,870086.5,1741505399999999,43258.12403,1300,448868.3,22335.36679,0
1741505400000000,0.0497,0.0499,0.0496,0.0498,658995.1,1741506299999999,32784.12334,1231,358108.0,17827.1316,0
1741506300000000,0.0498,0.0498,0.0496,0.0497,678173.7,1741507199999999,33680.02758,1209,194155.1,9650.40459,0
1741507200000000,0.0497,0.0497,0.0494,0.0495,605543.0,1741508099999999,30004.46738,1227,254231.0,12608.2679,0
1741508100000000,0.0496,0.0498,0.0495,0.0496,682707.7,1741508999999999,33885.29863,1219,321058.3,15941.8142,0
1741509000000000,0.0497,0.0497,0.0493,0.0495,747905.3,1741509899999999,37053.51093,1273,406627.1,20147.29656,0
1741509900000000,0.0494,0.0497,0.0494,0.0494,454089.6,1741510799999999,22488.2855,1245,195217.3,9677.08403,0
1741510800000000,0.0495,0.0497,0.0494,0.0495,1379553.3,1741511699999999,68328.18669,1273,839510.3,41570.50985,0
1741511700000000,0.0495,0.0497,0.0495,0.0497,553301.5,1741512599999999,27457.16876,1260,386532.5,19191.91436,0
1741512600000000,0.0496,0.0498,0.0495,0.0495,1054906.9,1741513499999999,52345.28697,1308,220272.6,10949.17863,0
1741513500000000,0.0495,0.0496,0.0492,0.0493,982457.0,1741514399999999,48464.34925,1322,273296.4,13486.42832,0
1741514400000000,0.0494,0.0496,0.0491,0.0492,1668285.9,1741515299999999,82206.98354,1395,620326.7,30613.66748,0
1741515300000000,0.0493,0.0493,0.049,0.049,1122520.5,1741516199999999,55124.53644,1290,564058.3,27709.48997,0
1741516200000000,0.049,0.0491,0.0487,0.0489,1301419.2,1741517099999999,63652.24325,1496,604584.3,29573.34775,0
1741517100000000,0.0489,0.0489,0.0484,0.0484,1565187.0,1741517999999999,76081.90963,1544,822775.5,39974.3596,0
1741518000000000,0.0484,0.049,0.0484,0.0488,3887479.8,1741518899999999,189584.22436,1751,2188558.1,106708.63675,0
1741518900000000,0.0488,0.049,0.0487,0.0487,1208601.6,1741519799999999,58994.46382,1437,398220.9,19454.91812,0
1741519800000000,0.0488,0.0489,0.0484,0.0485,1911635.2,1741520699999999,93018.22308,1508,977942.7,47586.29462,0
1741520700000000,0.0486,0.0488,0.0485,0.0488,1176340.4,1741521599999999,57238.80157,1275,873094.4,42491.06757,0
1741521600000000,0.0488,0.0488,0.0483,0.0485,3233935.4,1741522499999999,157017.86602,1684,917105.6,44527.60624,0
1741522500000000,0.0486,0.049,0.0485,0.0488,1078276.6,1741523399999999,52647.66159,1324,670926.8,32764.82139,0
1741523400000000,0.0488,0.0491,0.0486,0.0489,1007747.0,1741524299999999,49201.69249,1343,634108.8,30975.88205,0
1741524300000000,0.049,0.0491,0.0488,0.0491,835426.8,1741525199999999,40918.75941,1328,597497.7,29276.60871,0
1741525200000000,0.0491,0.0492,0.0489,0.0489,1036341.3,1741526099999999,50880.48043,1360,455072.0,22355.41849,0
1741526100000000,0.049,0.049,0.0487,0.0489,1481332.8,1741526999999999,72350.57975,1355,787408.4,38464.22984,0
1741527000000000,0.0489,0.049,0.0485,0.0486,1030893.7,1741527899999999,50201.90984,1353,521835.6,25404.01618,0
1741527900000000,0.0486,0.0487,0.048,0.048,2260467.7,1741528799999999,109136.23119,1689,648986.5,31345.90464,0
1741528800000000,0.0481,0.0483,0.0477,0.0481,4654904.3,1741529699999999,223775.12998,2112,2755550.0,132476.4893,0
1741529700000000,0.0481,0.0484,0.048,0.0482,2656788.9,1741530599999999,128230.31385,1598,1407533.8,67995.41209,0
1741530600000000,0.0483,0.0486,0.0481,0.0483,1987870.6,1741531499999999,96221.13457,1537,1419818.3,68747.82736,0
1741531500000000,0.0483,0.0486,0.048,0.0486,1476398.5,1741532399999999,71264.72279,1421,887123.7,42875.00327,0
1741532400000000,0.0485,0.0488,0.0485,0.0488,808147.2,1741533299999999,39309.24425,1304,417864.7,20333.6357,0
1741533300000000,0.0488,0.0488,0.0482,0.0484,1445304.9,1741534199999999,70006.72101,1455,759387.7,36783.98132,0
1741534200000000,0.0484,0.0485,0.0481,0.0481,1018315.3,1741535099999999,49138.62374,1290,414929.6,20028.93425,0
1741535100000000,0.0482,0.0482,0.0475,0.0479,3157312.5,1741535999999999,151040.87498,1848,1247686.8,59682.92816,0
1741536000000000,0.048,0.0482,0.0475,0.048,3071870.1,1741536899999999,147025.13336,1754,1618475.3,77469.69161,0
1741536900000000,0.0481,0.0482,0.0476,0.0476,1976542.2,1741537799999999,94712.87987,1770,1234422.5,59155.66448,0
1741537800000000,0.0477,0.0478,0.0466,0.0469,6883568.3,1741538699999999,323359.04447,2899,3636394.2,170875.57109,0
1741538700000000,0.047,0.047,0.0465,0.0466,5995744.6,1741539599999999,280061.07793,2241,3221347.7,150473.97822,0
1741539600000000,0.0467,0.0467,0.046,0.0463,7654429.4,1741540499999999,355081.99929,2559,3911171.7,181582.02269,0
1741540500000000,0.0464,0.0464,0.0458,0.0461,3758963.8,1741541399999999,173483.11494,2030,1744420.4,80510.28477,0
1741541400000000,0.046,0.0463,0.0455,0.0455,3157924.2,1741542299999999,145066.47623,1893,1320544.6,60702.95786,0
1741542300000000,0.0456,0.046,0.0449,0.0451,4982473.8,1741543199999999,225875.65686,2114,2584579.8,117159.44147,0
1741543200000000,0.045,0.0453,0.0447,0.0449,4884006.5,1741544099999999,220059.18036,1997,2505986.2,112849.54941,0
1741544100000000,0.0449,0.0452,0.0441,0.045,9472190.6,1741544999999999,421488.47152,2825,5537934.7,246476.2174,0
1741545000000000,0.045,0.0454,0.0443,0.0446,5185682.8,1741545899999999,232700.09001,2136,3024456.7,135754.6548,0
1741545900000000,0.0447,0.0451,0.0444,0.045,2465729.2,1741546799999999,110268.34609,1886,1270447.6,56858.00402,0
1741546800000000,0.0449,0.0453,0.0448,0.0451,2327562.1,1741547699999999,104999.20578,1726,1180722.7,53274.87445,0
1741547700000000,0.0452,0.0455,0.045,0.0451,2607905.8,1741548599999999,117956.47656,1779,1648365.7,74545.22155,0
1741548600000000,0.0452,0.0457,0.0451,0.0456,2380347.5,1741549499999999,108177.56028,1570,1364657.6,61983.48132,0
1741549500000000,0.0456,0.0461,0.0455,0.0457,3595493.9,1741550399999999,164958.59754,1643,2591229.9,118917.06956,0
1741550400000000,0.0458,0.0462,0.0455,0.0461,2232785.1,1741551299999999,102328.89673,1510,1213258.6,55586.89367,0
1741551300000000,0.0461,0.0463,0.0456,0.0458,1096699.7,1741552199999999,50417.05821,1348,457843.6,21054.48436,0
1741552200000000,0.0457,0.0461,0.0457,0.0459,1449500.9,1741553099999999,66489.16448,1449,928030.9,42581.66125,0
1741553100000000,0.046,0.046,0.0456,0.0457,1475463.0,1741553999999999,67569.67215,1379,683020.4,31271.35038,0
1741554000000000,0.0457,0.0458,0.0453,0.0456,1668622.0,1741554899999999,75984.90379,1430,834063.6,37988.10218,0
1741554900000000,0.0455,0.0456,0.0449,0.0451,2826964.3,1741555799999999,127658.26357,1516,1159522.5,52363.57195,0
1741555800000000,0.0451,0.0454,0.045,0.0454,1319553.6,1741556699999999,59705.75615,1432,773484.3,35038.75175,0
1741556700000000,0.0453,0.0455,0.0451,0.0451,744531.3,1741557599999999,33683.56018,1237,326357.6,14775.17365,0
1741557600000000,0.0451,0.0453,0.0448,0.045,2077714.3,1741558499999999,93592.51967,1547,1009854.1,45491.66223,0
1741558500000000,0.0451,0.0452,0.0446,0.0448,1727462.0,1741559399999999,77569.59087,1466,821385.3,36887.99318,0
1741559400000000,0.0447,0.0451,0.0446,0.0451,1609489.5,1741560299999999,72119.61637,1439,1083442.7,48582.49324,0
1741560300000000,0.0451,0.0452,0.0448,0.0449,3020938.1,1741561199999999,135811.75866,1599,1197814.0,53873.31354,0
1741561200000000,0.0449,0.0454,0.0445,0.0451,3757451.1,1741562099999999,169036.67255,1833,1876866.7,84418.21057,0
1741562100000000,0.0452,0.0456,0.045,0.0451,1841376.2,1741562999999999,83444.65216,1447,1063627.7,48222.12108,0
1741563000000000,0.0452,0.0454,0.0449,0.045,1288802.6,1741563899999999,58265.87881,1484,894896.7,40474.11492,0
1741563900000000,0.045,0.0451,0.0448,0.0451,1195254.7,1741564799999999,53779.0282,1262,491271.0,22110.98686,0
1741564800000000,0.045,0.0457,0.045,0.0454,2119858.5,1741565699999999,96122.57257,1725,969580.4,43962.53043,0
1741565700000000,0.0454,0.0454,0.0449,0.0449,2169213.8,1741566599999999,97869.60624,1432,646570.1,29167.26112,0
1741566600000000,0.045,0.0459,0.0445,0.0458,2952670.6,1741567499999999,132819.17287,1819,1590984.5,71593.59455,0
1741567500000000,0.0458,0.0464,0.0457,0.046,2526534.6,1741568399999999,116167.27201,1700,1284198.8,59082.32233,0
1741568400000000,0.046,0.0465,0.0458,0.0459,2196753.8,1741569299999999,101399.17584,1981,1057266.0,48817.4595,0
1741569300000000,0.0459,0.0461,0.0456,0.046,1411001.8,1741570199999999,64679.40948,1426,951703.0,43657.73212,0
1741570200000000,0.0459,0.0462,0.0458,0.0458,1489884.1,1741571099999999,68456.13727,1591,898984.8,41322.54388,0
1741571100000000,0.0458,0.0459,0.0456,0.0456,1595037.3,1741571999999999,73035.16803,1277,869245.2,39816.28554,0
1741572000000000,0.0457,0.0461,0.0455,0.0461,1965650.3,1741572899999999,89995.38668,1262,1367337.0,62631.64383,0
1741572900000000,0.0461,0.0465,0.046,0.046,2585210.7,1741573799999999,119459.50795,1118,1245619.0,57553.56574,0
1741573800000000,0.046,0.0464,0.0458,0.0462,2295323.3,1741574699999999,105859.05259,1128,1314120.6,60576.15141,0
1741574700000000,0.0462,0.0463,0.0458,0.046,1147866.6,1741575599999999,52783.70166,846,586202.7,26949.49216,0
1741575600000000,0.046,0.0461,0.0457,0.0459,1165995.8,1741576499999999,53526.37677,855,655550.8,30110.74089,0
1741576500000000,0.0459,0.0461,0.0458,0.0461,1313176.4,1741577399999999,60338.36972,845,773171.0,35546.20827,0
1741577400000000,0.0461,0.0465,0.046,0.0465,682344.4,1741578299999999,31497.20944,740,422591.6,19517.89994,0
1741578300000000,0.0465,0.0466,0.0464,0.0464,756581.6,1741579199999999,35149.38438,810,299047.3,13897.00681,0
1741579200000000,0.0464,0.0468,0.0463,0.0468,1918640.0,1741580099999999,89364.48698,1134,1240919.0,57790.32901,0
1741580100000000,0.0468,0.047,0.0466,0.0467,1151564.0,1741580999999999,53866.35108,884,487506.0,22810.15516,0
1741581000000000,0.0467,0.0468,0.0465,0.0467,638293.3,1741581899999999,29756.31662,753,288781.4,13465.32048,0
1741581900000000,0.0467,0.0468,0.0465,0.0468,1267028.1,1741582799999999,59113.64305,842,614791.0,28689.27026,0
1741582800000000,0.0468,0.0469,0.0465,0.0466,688073.2,1741583699999999,32107.26165,694,331384.2,15472.09008,0
1741583700000000,0.0466,0.0468,0.0465,0.0466,392394.2,1741584599999999,18303.54175,636,219065.1,10220.58955,0
1741584600000000,0.0466,0.0467,0.0465,0.0466,2003233.6,1741585499999999,93319.74302,802,511110.0,23815.85601,0
1741585500000000,0.0466,0.0468,0.0465,0.0468,845887.4,1741586399999999,39488.13571,716,391767.8,18286.27417,0
1741586400000000,0.0468,0.047,0.0465,0.0469,826075.7,1741587299999999,38585.90136,703,336117.4,15711.31795,0
1741587300000000,0.0468,0.047,0.0467,0.0468,500203.6,1741588199999999,23440.19788,644,356738.7,16724.51306,0
1741588200000000,0.0468,0.047,0.0467,0.047,943827.3,1741589099999999,44218.48851,754,617754.9,28952.53085,0
1741589100000000,0.047,0.0471,0.0469,0.0471,1103095.9,1741589999999999,51847.36717,786,542922.3,25538.13309,0
1741590000000000,0.0471,0.0475,0.0469,0.0473,2808580.4,1741590899999999,132638.17659,1152,1447738.1,68342.30905,0
1741590900000000,0.0473,0.0474,0.0471,0.0473,872439.2,1741591799999999,41207.06556,745,515235.2,24349.68915,0
1741591800000000,0.0473,0.0477,0.0472,0.0476,1318976.0,1741592699999999,62495.0075,869,876734.8,41537.32432,0
1741592700000000,0.0476,0.0477,0.0474,0.0477,1166217.6,1741593599999999,55441.92133,845,669362.2,31846.7224,0
1741593600000000,0.0477,0.0477,0.0472,0.0474,1891077.4,1741594499999999,89538.42848,974,894283.1,42345.8861,0
1741594500000000,0.0474,0.0474,0.0471,0.0472,1484740.9,1741595399999999,70116.79028,889,797626.0,37670.68335,0
1741595400000000,0.0472,0.0472,0.0466,0.0468,2243792.3,1741596299999999,104869.66479,913,796243.7,37271.27022,0
1741596300000000,0.0468,0.0473,0.0468,0.0472,1282076.2,1741597199999999,60350.33389,912,713890.6,33618.17139,0
1741597200000000,0.0472,0.0477,0.0471,0.0477,1545194.8,1741598099999999,73174.81998,981,854448.5,40472.48052,0
1741598100000000,0.0477,0.0499,0.0476,0.0494,9766329.9,1741598999999999,480312.85152,3894,5276032.7,259432.5885,0
1741599000000000,0.0494,0.0495,0.0486,0.0489,4079535.1,1741599899999999,199622.79785,1900,2050892.4,100349.29772,0
1741599900000000,0.0489,0.0491,0.0482,0.0486,2367382.4,1741600799999999,115392.40814,1233,1167936.7,56927.14226,0
1741600800000000,0.0486,0.0491,0.0485,0.0489,1824879.2,1741601699999999,89200.53497,1089,1029924.8,50349.92742,0
1741601700000000,0.0488,0.0491,0.0485,0.0486,2069115.4,1741602599999999,100893.34095,1612,831681.2,40567.17203,0
1741602600000000,0.0487,0.049,0.0484,0.0489,1373163.6,1741603499999999,66848.56126,1472,767446.2,37349.98906,0
1741603500000000,0.0489,0.0496,0.0487,0.0496,5281088.1,1741604399999999,260216.11109,2078,3879758.4,191347.65415,0
1741604400000000,0.0495,0.05,0.0493,0.0495,13544673.7,1741605299999999,672585.84431,3683,8621281.4,428283.67745,0
1741605300000000,0.0495,0.0503,0.0494,0.0497,4324204.1,1741606199999999,215759.65278,2035,2270286.9,113426.65685,0
1741606200000000,0.0498,0.05,0.0493,0.0493,2598739.1,1741607099999999,128928.98604,1719,821752.6,40813.73955,0
1741607100000000,0.0494,0.0499,0.0492,0.0495,3245546.1,1741607999999999,160839.45121,1969,1695557.3,84103.1746,0
1741608000000000,0.0496,0.0504,0.0495,0.0501,4879904.8,1741608899999999,243846.99101,1939,1884910.4,94237.13437,0
1741608900000000,0.0501,0.0515,0.0499,0.0501,13934790.0,1741609799999999,705582.1929,3576,8085928.5,409660.63616,0
1741609800000000,0.0501,0.0505,0.0499,0.05,2869389.8,1741610699999999,143833.4448,1765,1761412.9,88344.88705,0
1741610700000000,0.0501,0.0507,0.05,0.0504,2061095.2,1741611599999999,103905.62718,1768,1000838.8,50467.07582,0
1741611600000000,0.0505,0.0506,0.0499,0.0501,3026497.8,1741612499999999,151761.16564,1943,1433648.7,71890.41549,0
1741612500000000,0.0502,0.0504,0.0494,0.0497,3028035.3,1741613399999999,150712.19062,1982,1189601.0,59240.51783,0
1741613400000000,0.0497,0.0498,0.0492,0.0495,5200271.8,1741614299999999,257195.92338,2506,2231729.1,110430.31449,0
1741614300000000,0.0496,0.0497,0.0489,0.0492,4661057.1,1741615199999999,229475.81613,2345,1922979.0,94733.73854,0
1741615200000000,0.0493,0.0493,0.0483,0.0485,7204930.0,1741616099999999,350597.02167,3017,2794352.0,135898.79589,0
1741616100000000,0.0485,0.0486,0.0475,0.0478,8482373.0,1741616999999999,407091.1035,3794,4129392.1,198118.62838,0
1741617000000000,0.0478,0.0482,0.0471,0.0472,4349922.8,1741617899999999,207108.59296,2298,2079870.8,99048.03323,0
1741617900000000,0.0472,0.0475,0.0467,0.0473,4394081.3,1741618799999999,206643.18606,2286,2248001.9,105765.22002,0
1741618800000000,0.0473,0.0475,0.047,0.0473,5051665.0,1741619699999999,238897.51485,2590,2308590.1,109192.89545,0
1741619700000000,0.0473,0.0477,0.0472,0.0475,3065029.7,1741620599999999,145428.13024,1991,1713137.8,81306.04624,0
1741620600000000,0.0474,0.0479,0.0472,0.0474,4042079.7,1741621499999999,192480.98592,2274,2273104.0,108333.95445,0
1741621500000000,0.0474,0.0476,0.0471,0.0471,2034886.0,1741622399999999,96329.88645,1848,939966.6,44513.65807,0
1741622400000000,0.0471,0.0473,0.0465,0.0469,3891802.2,1741623299999999,182500.9415,2385,1984478.6,93055.21937,0
1741623300000000,0.0469,0.047,0.0466,0.0469,3772317.0,1741624199999999,176518.81956,2073,2180905.7,102097.10034,0
1741624200000000,0.0469,0.0472,0.0467,0.0468,2783845.5,1741625099999999,130668.62312,1852,1498052.8,70338.37038,0
1741625100000000,0.0469,0.047,0.0466,0.0469,2555897.3,1741625999999999,119701.07767,1850,1461495.8,68479.30983,0
1741626000000000,0.0469,0.0471,0.0457,0.046,10591210.7,1741626899999999,490359.64415,4182,5905950.2,273638.59115,0
1741626900000000,0.0459,0.0468,0.0459,0.0463,2862269.5,1741627799999999,132848.41276,2178,1633043.9,75776.19924,0
1741627800000000,0.0464,0.0465,0.0456,0.0458,2705359.9,1741628699999999,124670.26602,1862,1382228.3,63726.08144,0
1741628700000000,0.0457,0.0459,0.0451,0.0454,5639113.7,1741629599999999,256023.06783,2677,2765033.3,125543.54036,0
1741629600000000,0.0453,0.0461,0.0452,0.046,3292200.9,1741630499999999,150238.66378,2156,1890370.8,86340.08666,0
1741630500000000,0.0461,0.0462,0.0454,0.0456,2970574.1,1741631399999999,136187.318,1870,1575638.5,72263.49528,0
1741631400000000,0.0457,0.0459,0.0452,0.0456,3050629.6,1741632299999999,138786.12303,1837,2078558.8,94575.66345,0
1741632300000000,0.0456,0.0456,0.0438,0.0438,4838079.8,1741633199999999,215507.74693,2534,2194562.5,97772.8961,0
1741633200000000,0.0439,0.0446,0.0436,0.0445,5314359.7,1741634099999999,234196.2943,2564,2997145.5,132172.63801,0
1741634100000000,0.0446,0.0453,0.0445,0.0448,3808195.4,1741634999999999,171356.0327,2437,2230790.3,100385.86024,0
1741635000000000,0.0449,0.0456,0.0448,0.045,6008912.4,1741635899999999,271609.12931,2256,3706000.4,167517.96924,0
1741635900000000,0.0449,0.0454,0.0449,0.0452,2218558.5,1741636799999999,100020.26929,1673,1181509.9,53310.58972,0
1741636800000000,0.0453,0.0454,0.0448,0.045,2124976.6,1741637699999999,95899.06869,1852,1131917.1,51118.35927,0
1741637700000000,0.045,0.0452,0.0447,0.045,1000313.8,1741638599999999,45006.77474,1323,502117.5,22606.8487,0
1741638600000000,0.045,0.0453,0.0446,0.0448,1280408.5,1741639499999999,57558.74507,1350,766174.4,34470.57855,0
1741639500000000,0.0448,0.0454,0.0445,0.0449,1612623.0,1741640399999999,72425.89558,1580,785859.0,35310.19524,0
1741640400000000,0.045,0.0454,0.0446,0.0453,2088801.1,1741641299999999,93851.25343,1648,1360133.3,61087.46877,0
1741641300000000,0.0452,0.0454,0.0448,0.0452,1738285.6,1741642199999999,78414.73033,1303,837642.7,37741.96502,0
1741642200000000,0.0453,0.0455,0.0448,0.0453,1934813.4,1741643099999999,87390.80797,1510,1250074.1,56473.11951,0
1741643100000000,0.0454,0.0454,0.0449,0.0451,981316.5,1741643999999999,44295.79202,1403,524804.2,23697.74435,0
1741644000000000,0.0451,0.0454,0.0449,0.045,1293408.5,1741644899999999,58339.5155,1347,695852.6,31390.79337,0
1741644900000000,0.0451,0.0451,0.0447,0.0448,1180155.5,1741645799999999,52968.62432,1333,472199.4,21192.05878,0
1741645800000000,0.0448,0.0451,0.0445,0.0446,1784229.5,1741646699999999,79852.68778,1476,1065425.3,47691.03181,0
1741646700000000,0.0447,0.0452,0.0446,0.0449,828285.4,1741647599999999,37220.68124,1306,370693.1,16649.18136,0
1741647600000000,0.045,0.0454,0.0449,0.0449,2343628.9,1741648499999999,105820.11538,1645,1305770.4,58971.04402,0
1741648500000000,0.045,0.0451,0.0446,0.0448,1830302.7,1741649399999999,82063.92117,1476,978004.4,43870.96287,0
1741649400000000,0.0448,0.0452,0.0447,0.045,3914209.0,1741650299999999,175861.87656,2106,1732683.7,77811.80608,0
1741650300000000,0.0451,0.0451,0.0441,0.0442,1916304.9,1741651199999999,85364.45052,1632,801782.1,35719.44124,0
1741651200000000,0.0443,0.045,0.0442,0.0444,4024708.9,1741652099999999,179614.02922,1873,2111472.4,94231.02303,0
1741652100000000,0.0445,0.0445,0.0431,0.0431,6420898.9,1741652999999999,281884.9555,2504,2501228.8,109916.0221,0
1741653000000000,0.0431,0.0435,0.0419,0.0419,13540292.9,1741653899999999,575414.0834,4174,6064324.1,258347.03643,0
1741653900000000,0.042,0.0424,0.0409,0.0418,11203241.2,1741654799999999,466129.24037,5129,5697946.3,237508.67737,0
1741654800000000,0.0419,0.0419,0.0407,0.0413,5650879.1,1741655699999999,233563.19991,3596,3155474.5,130448.06833,0
1741655700000000,0.0414,0.0421,0.0411,0.0417,4815702.1,1741656599999999,200400.01514,3534,2690889.1,111984.03634,0
1741656600000000,0.0417,0.0429,0.0416,0.0429,3921460.8,1741657499999999,165964.07138,3648,2354535.9,99685.33401,0
1741657500000000,0.0428,0.0434,0.0425,0.0433,3451543.4,1741658399999999,148300.70618,2298,1732455.0,74468.51941,0
1741658400000000,0.0434,0.044,0.0432,0.0439,5522072.4,1741659299999999,240884.2036,2453,2626192.4,114528.1946,0
1741659300000000,0.0439,0.0441,0.0437,0.044,3413796.1,1741660199999999,149906.43984,1758,1739897.9,76413.88978,0
1741660200000000,0.0439,0.0441,0.0435,0.0437,1833621.5,1741661099999999,80267.61126,1585,1076046.7,47110.47466,0
1741661100000000,0.0436,0.0441,0.0436,0.0439,2155625.3,1741661999999999,94423.63086,1534,1212052.0,53114.26061,0
1741662000000000,0.0438,0.0445,0.0437,0.0443,5790496.4,1741662899999999,255671.85704,2088,3366857.3,148687.48149,0
1741662900000000,0.0442,0.0443,0.0439,0.0439,1379745.2,1741663799999999,60728.53944,1313,596172.6,26264.3338,0
1741663800000000,0.044,0.0442,0.0438,0.0439,1495701.3,1741664699999999,65847.52145,1318,815118.0,35899.49661,0
1741664700000000,0.0439,0.0442,0.0437,0.0438,1992788.2,1741665599999999,87556.96782,1400,900837.2,39597.68741,0
1741665600000000,0.0439,0.0442,0.0436,0.0441,1862091.4,1741666499999999,81831.68552,1444,902087.9,39651.17332,0
1741666500000000,0.0441,0.0446,0.044,0.0444,2482131.7,1741667399999999,110063.12799,1616,1597930.1,70878.87504,0
1741667400000000,0.0445,0.0446,0.0441,0.0442,2520800.4,1741668299999999,111808.88496,1420,1146417.3,50919.56938,0
1741668300000000,0.0441,0.0443,0.044,0.0442,1036197.2,1741669199999999,45756.35383,1187,436180.7,19270.18532,0
1741669200000000,0.0442,0.0453,0.0441,0.0452,3866743.9,1741670099999999,173375.25945,1841,2337955.1,104818.26018,0
1741670100000000,0.0452,0.0454,0.0449,0.0449,1605403.4,1741670999999999,72409.04007,1354,924753.3,41703.77348,0
1741671000000000,0.0449,0.045,0.0446,0.0447,1992439.4,1741671899999999,89322.90519,1459,1050741.9,47109.98174,0
1741671900000000,0.0448,0.0453,0.0446,0.045,2368917.0,1741672799999999,106561.84329,1449,1298840.7,58429.04619,0
1741672800000000,0.0451,0.0453,0.0449,0.0451,1323335.3,1741673699999999,59737.04734,1295,623466.5,28148.42749,0
1741673700000000,0.0452,0.0455,0.045,0.0453,2005203.2,1741674599999999,90703.1244,1410,1060208.7,47976.60751,0
1741674600000000,0.0452,0.0455,0.0451,0.0455,954866.9,1741675499999999,43206.23563,1196,615522.9,27863.92669,0
1741675500000000,0.0455,0.0456,0.0451,0.0452,1284905.1,1741676399999999,58291.00846,1259,599010.3,27183.61277,0
1741676400000000,0.0453,0.0457,0.0452,0.0456,1134744.2,1741677299999999,51647.27177,1220,681202.8,31000.21881,0
1741677300000000,0.0457,0.046,0.0454,0.0454,1501441.4,1741678199999999,68557.57265,1323,568419.8,25962.14547,0
1741678200000000,0.0455,0.0455,0.045,0.0452,2436341.2,1741679099999999,110041.3965,1511,1020614.1,46125.80551,0
1741679100000000,0.0451,0.0454,0.045,0.0452,1522588.9,1741679999999999,68746.56936,1290,658706.4,29758.12512,0
1741680000000000,0.0452,0.0453,0.0448,0.0453,2035385.9,1741680899999999,91777.77563,1451,1021737.7,46087.19665,0
1741680900000000,0.0452,0.0454,0.045,0.0451,1405505.9,1741681799999999,63476.20825,1374,778650.6,35172.21407,0
1741681800000000,0.0452,0.0453,0.0448,0.045,2066684.4,1741682699999999,93049.47173,1343,952486.6,42927.69287,0
1741682700000000,0.045,0.0454,0.0448,0.0449,3117108.7,1741683599999999,140415.19125,1582,1161761.1,52365.2331,0
1741683600000000,0.045,0.0453,0.0448,0.0449,1528778.9,1741684499999999,68803.84366,1363,843097.6,37976.106,0
1741684500000000,0.045,0.0452,0.0448,0.0451,1227529.2,1741685399999999,55278.67527,1279,692649.7,31220.70411,0
1741685400000000,0.0452,0.0452,0.0448,0.0448,1710562.0,1741686299999999,77033.32876,1523,659779.5,29715.63889,0
1741686300000000,0.0449,0.045,0.0447,0.0448,1117896.1,1741687199999999,50101.54852,1249,486083.2,21798.35896,0
1741687200000000,0.0448,0.0451,0.0446,0.0449,1705032.1,1741688099999999,76515.11149,1418,904109.4,40585.77909,0
1741688100000000,0.0449,0.0452,0.0449,0.0452,967157.3,1741688999999999,43586.9435,1231,685065.7,30877.28195,0
1741689000000000,0.0452,0.0455,0.0451,0.0452,2804444.8,1741689899999999,127151.60518,1322,1269079.6,57546.52734,0
1741689900000000,0.0453,0.0454,0.045,0.0451,1252191.2,1741690799999999,56580.72368,1192,777147.9,35126.87287,0
1741690800000000,0.0451,0.0453,0.0447,0.0448,1350866.9,1741691699999999,60749.18921,1316,538767.2,24246.87655,0
1741691700000000,0.0448,0.0452,0.0448,0.0451,823061.9,1741692599999999,37060.1636,1119,559949.1,25212.14949,0
1741692600000000,0.0451,0.0455,0.0451,0.0454,1271828.0,1741693499999999,57544.98784,1269,641175.7,29018.45961,0
1741693500000000,0.0454,0.0456,0.0452,0.0453,876033.5,1741694399999999,39717.90245,1201,386674.8,17533.87449,0
1741694400000000,0.0453,0.0455,0.0449,0.045,2330713.2,1741695299999999,105370.99943,1444,809485.2,36606.11416,0
1741695300000000,0.0449,0.0453,0.0449,0.0452,1466910.3,1741696199999999,66194.0086,1285,938049.6,42332.19462,0
1741696200000000,0.0451,0.0452,0.0448,0.0451,1874738.3,1741697099999999,84391.79658,1386,1087202.6,48943.66888,0
1741697100000000,0.0452,0.0452,0.0448,0.0449,1202817.1,1741697999999999,54116.90112,1280,694534.6,31244.83692,0
1741698000000000,0.045,0.0453,0.0445,0.0446,2885498.1,1741698899999999,129261.71229,1695,1167044.8,52323.53491,0
1741698900000000,0.0447,0.0465,0.0445,0.0458,8836355.7,1741699799999999,403022.02905,3068,4894237.1,222741.07767,0
1741699800000000,0.0458,0.0462,0.0454,0.0457,9457501.2,1741700699999999,433065.48414,3283,4315234.6,197627.18585,0
1741700700000000,0.0458,0.0461,0.0453,0.0453,2654505.4,1741701599999999,121178.74568,1756,1085718.6,49578.75054,0
1741701600000000,0.0454,0.0457,0.0447,0.045,8224288.3,1741702499999999,371405.31827,3296,4473192.2,202007.06646,0
1741702500000000,0.045,0.0451,0.0443,0.0445,3894863.2,1741703399999999,174206.46865,1980,1851041.7,82837.15315,0
1741703400000000,0.0445,0.0446,0.0436,0.0438,4842577.4,1741704299999999,213440.79365,2441,2499578.1,110267.38455,0
1741704300000000,0.0438,0.0443,0.0434,0.0437,4431210.4,1741705199999999,194586.97845,1741,2382551.7,104710.2744,0
1741705200000000,0.0437,0.0448,0.0436,0.0447,3896555.9,1741706099999999,172684.15455,1482,1995346.8,88470.13325,0
1741706100000000,0.0448,0.045,0.0446,0.0448,3857381.7,1741706999999999,172972.64475,1302,1860738.1,83477.6296,0
1741707000000000,0.0447,0.0452,0.0446,0.0452,2122097.5,1741707899999999,95492.71841,911,1205946.4,54274.79211,0
1741707900000000,0.0452,0.0456,0.045,0.0453,2872804.5,1741708799999999,129999.06873,1193,1459796.8,66099.56589,0
1741708800000000,0.0453,0.0456,0.045,0.0452,2917524.8,1741709699999999,132229.33882,1832,1629328.2,73829.91641,0
1741709700000000,0.0452,0.0461,0.0451,0.046,2271059.5,1741710599999999,103730.42586,1758,1193644.3,54538.29382,0
1741710600000000,0.046,0.0464,0.0458,0.0461,4496276.9,1741711499999999,207614.71382,2017,2715547.3,125433.05237,0
1741711500000000,0.046,0.0463,0.0457,0.0458,1589928.2,1741712399999999,73239.63056,1490,897889.6,41373.49032,0
1741712400000000,0.0458,0.0459,0.0455,0.0457,1695111.0,1741713299999999,77480.63812,1467,710590.4,32495.31487,0
1741713300000000,0.0457,0.0459,0.0451,0.0452,2721806.2,1741714199999999,123905.15762,1583,1497957.9,68211.16435,0
1741714200000000,0.0453,0.0455,0.0448,0.0451,1565878.4,1741715099999999,70628.08967,1508,933215.1,42110.20773,0
1741715100000000,0.0451,0.0454,0.045,0.045,1954141.8,1741715999999999,88361.6314,1413,802494.0,36274.07111,0
1741716000000000,0.0451,0.0466,0.045,0.0464,2992783.3,1741716899999999,137334.2584,1940,1983048.9,90919.68552,0
1741716900000000,0.0465,0.0472,0.0463,0.0469,4228630.6,1741717799999999,197758.44482,2369,2336774.8,109383.68765,0
1741717800000000,0.047,0.0471,0.0467,0.047,1877608.7,1741718699999999,88034.29976,1704,1340304.6,62872.10472,0
1741718700000000,0.0471,0.0475,0.0469,0.0471,1648719.8,1741719599999999,77821.81072,1662,830960.7,39241.32337,0
1741719600000000,0.0471,0.0474,0.0469,0.0471,1451382.6,1741720499999999,68370.61916,1658,773844.4,36455.09867,0
1741720500000000,0.0472,0.0473,0.0469,0.0472,937584.9,1741721399999999,44174.53946,1561,428033.5,20174.36267,0
1741721400000000,0.0471,0.0474,0.0471,0.0473,661003.0,1741722299999999,31246.821,1295,373668.3,17678.42226,0
1741722300000000,0.0473,0.0476,0.0472,0.0474,1382519.3,1741723199999999,65556.28162,1464,526120.3,24953.78894,0
1741723200000000,0.0475,0.0475,0.047,0.0471,1279676.5,1741724099999999,60362.02679,1440,625174.7,29495.33191,0
1741724100000000,0.0472,0.0472,0.0469,0.0469,1153105.1,1741724999999999,54207.7162,1211,362695.1,17046.62346,0
1741725000000000,0.047,0.047,0.0467,0.0469,1191760.6,1741725899999999,55852.71652,1413,594211.8,27861.17745,0
1741725900000000,0.0469,0.047,0.0465,0.0465,974317.2,1741726799999999,45572.75106,1250,401698.9,18799.47863,0
1741726800000000,0.0466,0.0469,0.0465,0.0467,1955576.3,1741727699999999,91318.22494,1422,684200.5,31946.4554,0
1741727700000000,0.0467,0.0469,0.0466,0.0467,771197.7,1741728599999999,36064.71113,1227,535262.1,25041.24797,0
1741728600000000,0.0468,0.0468,0.0464,0.0467,921402.1,1741729499999999,42876.722,1406,260487.0,12148.06747,0
1741729500000000,0.0466,0.0469,0.0466,0.0467,492773.1,1741730399999999,23010.96844,1314,236092.3,11034.70822,0
1741730400000000,0.0467,0.0471,0.0467,0.047,1200992.4,1741731299999999,56364.64781,1337,555585.0,26092.19565,0
1741731300000000,0.0469,0.047,0.0466,0.0467,1069043.8,1741732199999999,50016.13023,1250,450065.8,21062.15688,0
1741732200000000,0.0467,0.0469,0.0466,0.0467,827825.7,1741733099999999,38697.23145,1197,582394.1,27244.86116,0
1741733100000000,0.0468,0.0471,0.0466,0.047,951066.4,1741733999999999,44569.89836,1312,600348.5,28130.11907,0
1741734000000000,0.047,0.0471,0.0465,0.0465,1716570.8,1741734899999999,80233.49264,1502,879341.2,41104.92701,0
1741734900000000,0.0465,0.0466,0.0462,0.0463,1530969.9,1741735799999999,70951.09474,1418,501901.1,23287.481,0
1741735800000000,0.0464,0.0464,0.0461,0.0462,911747.9,1741736699999999,42150.49816,1296,539113.8,24930.05188,0
1741736700000000,0.0462,0.0463,0.0461,0.0462,471750.3,1741737599999999,21774.63362,1134,264139.5,12201.20929,0
1741737600000000,0.0463,0.0464,0.046,0.0461,2282729.6,1741738499999999,105405.51758,1671,902374.2,41685.48658,0
1741738500000000,0.046,0.0462,0.0459,0.0461,1334232.6,1741739399999999,61467.67073,1373,683081.8,31477.416,0
1741739400000000,0.0461,0.0464,0.0458,0.0459,1256167.5,1741740299999999,57920.53654,1339,690174.1,31826.74927,0
1741740300000000,0.0458,0.046,0.0456,0.0459,1245481.1,1741741199999999,57069.24848,1320,631593.2,28952.97633,0
1741741200000000,0.046,0.0465,0.0459,0.0463,1156159.3,1741742099999999,53424.76837,1405,781652.0,36132.67976,0
1741742100000000,0.0464,0.0467,0.0462,0.0465,1801568.9,1741742999999999,83667.73906,1528,703486.4,32678.20733,0
1741743000000000,0.0464,0.0466,0.0462,0.0464,1664383.0,1741743899999999,77241.09555,1602,920435.3,42728.40633,0
1741743900000000,0.0465,0.0469,0.0464,0.0465,1906505.1,1741744799999999,88972.74246,1639,1023428.3,47771.34187,0
1741744800000000,0.0466,0.0466,0.046,0.0465,1244272.1,1741745699999999,57539.03499,1379,706520.9,32676.83376,0
1741745700000000,0.0465,0.0466,0.0461,0.0462,1923682.3,1741746599999999,89049.27975,1620,1005828.7,46575.2434,0
1741746600000000,0.0463,0.0463,0.0456,0.0458,2293451.4,1741747499999999,105255.27443,1723,1032129.1,47328.68683,0
1741747500000000,0.0459,0.0459,0.0454,0.0456,1707733.7,1741748399999999,77912.73049,1465,859299.6,39204.17615,0
1741748400000000,0.0456,0.0458,0.0454,0.0454,1779040.4,1741749299999999,81084.36148,1594,944465.9,43054.53804,0
1741749300000000,0.0455,0.0455,0.045,0.0453,2333365.5,1741750199999999,105599.64704,1617,1332703.0,60309.00019,0
1741750200000000,0.0453,0.0453,0.0449,0.045,2129957.5,1741751099999999,96022.66179,1555,1163847.8,52482.51909,0
1741751100000000,0.0449,0.045,0.0447,0.0448,1409988.9,1741751999999999,63237.26377,1325,985523.0,44207.9691,0
1741752000000000,0.0448,0.045,0.0446,0.0448,1622703.2,1741752899999999,72612.28423,1430,905050.8,40510.11414,0
1741752900000000,0.0449,0.0449,0.0445,0.0445,1834051.8,1741753799999999,82008.31156,1360,890624.1,39830.04633,0
1741753800000000,0.0446,0.0447,0.0443,0.0445,2233386.9,1741754699999999,99469.19074,1430,1306134.8,58183.79981,0
1741754700000000,0.0445,0.0449,0.0445,0.0448,1157127.8,1741755599999999,51738.97452,1407,762606.6,34092.55238,0
1741755600000000,0.0449,0.0452,0.0448,0.045,1267040.2,1741756499999999,56952.73391,1328,603999.9,27157.05678,0
1741756500000000,0.045,0.0453,0.045,0.045,1111941.3,1741757399999999,50156.82712,1183,512810.8,23140.97206,0
1741757400000000,0.045,0.0455,0.045,0.0454,880998.4,1741758299999999,39920.63977,1184,493350.3,22359.65079,0
1741758300000000,0.0454,0.0455,0.0452,0.0453,1330449.3,1741759199999999,60388.99022,1268,725304.8,32931.8793,0
1741759200000000,0.0454,0.0454,0.0449,0.0451,1489170.6,1741760099999999,67133.44961,1327,706337.0,31842.07811,0
1741760100000000,0.0451,0.0453,0.0449,0.0451,900870.3,1741760999999999,40602.98814,1230,534472.8,24103.86921,0
1741761000000000,0.0452,0.0454,0.045,0.0451,1128793.1,1741761899999999,51028.78839,1289,560941.4,25373.68851,0
1741761900000000,0.0452,0.0454,0.0448,0.0452,1706160.6,1741762799999999,76861.62228,1433,948918.5,42749.05531,0
1741762800000000,0.0453,0.0459,0.0452,0.0457,3237248.5,1741763699999999,147728.04057,1779,1694678.6,77314.313,0
1741763700000000,0.0458,0.0461,0.0456,0.0459,2277901.2,1741764599999999,104413.24328,1555,1130732.1,51842.03998,0
1741764600000000,0.046,0.0463,0.0458,0.0459,2136047.0,1741765499999999,98407.09016,1610,1152261.9,53105.76188,0
1741765500000000,0.046,0.0465,0.0459,0.0463,1402879.6,1741766399999999,64888.99307,1430,722530.5,33426.30738,0
1741766400000000,0.0464,0.0468,0.0463,0.0467,2365987.8,1741767299999999,109971.55909,1608,1517524.8,70549.82838,0
1741767300000000,0.0468,0.0469,0.046,0.0468,5172260.5,1741768199999999,240158.88965,2591,2681376.7,124516.85889,0
1741768200000000,0.0468,0.0471,0.0466,0.0469,3077955.4,1741769099999999,144384.38017,1897,1682949.5,78968.10513,0
1741769100000000,0.047,0.0475,0.0469,0.047,2741396.2,1741769999999999,129459.0543,1960,1434692.9,67784.67291,0
1741770000000000,0.047,0.0476,0.0468,0.047,4719185.1,1741770899999999,222352.8222,2498,2319400.1,109300.75239,0
1741770900000000,0.047,0.0472,0.0465,0.0466,1510424.8,1741771799999999,70790.313,1607,706440.2,33105.83509,0
1741771800000000,0.0465,0.0469,0.0465,0.0467,1692933.5,1741772699999999,79000.39678,1553,912127.8,42592.30333,0
1741772700000000,0.0468,0.0471,0.0467,0.0469,1246307.7,1741773599999999,58469.87528,1430,730355.9,34271.67964,0
1741773600000000,0.047,0.0472,0.0467,0.0472,2206961.2,1741774499999999,103622.53359,1492,1071894.7,50360.31899,0
1741774500000000,0.0472,0.0474,0.0469,0.0472,1613782.7,1741775399999999,76110.5333,1531,652214.1,30774.97313,0
1741775400000000,0.0472,0.0473,0.0469,0.047,1632459.3,1741776299999999,76776.09701,1401,954850.9,44899.61612,0
1741776300000000,0.0471,0.0472,0.0469,0.047,848899.1,1741777199999999,39895.54732,1195,314386.8,14795.77989,0
1741777200000000,0.0469,0.0477,0.0469,0.0476,1775963.6,1741778099999999,84140.43481,1448,968315.9,45866.22408,0
1741778100000000,0.0475,0.0476,0.0473,0.0473,1083352.3,1741778999999999,51453.95828,1307,462028.8,21956.62118,0
1741779000000000,0.0474,0.0474,0.0471,0.0472,1233665.5,1741779899999999,58304.75602,1298,614347.0,29050.63696,0
1741779900000000,0.0473,0.0475,0.0471,0.0474,1270923.4,1741780799999999,60127.71924,1346,678235.0,32099.17156,0
1741780800000000,0.0475,0.0476,0.0472,0.0472,886501.0,1741781699999999,42014.68438,1291,400039.2,18965.0718,0
1741781700000000,0.0473,0.0483,0.0471,0.048,4544253.9,1741782599999999,216448.1357,2045,2824897.0,134609.07371,0
1741782600000000,0.0481,0.0488,0.0479,0.048,13345844.0,1741783499999999,645366.79311,4469,7054040.3,341281.16166,0
1741783500000000,0.0481,0.0483,0.0478,0.0481,2246211.9,1741784399999999,107938.87287,1799,1288461.9,61939.82733,0
1741784400000000,0.0482,0.0484,0.0478,0.0479,1716625.1,1741785299999999,82521.06545,1668,721577.8,34678.86087,0
1741785300000000,0.0479,0.048,0.0475,0.0479,2112383.1,1741786199999999,100828.959,1558,1169658.5,55848.61337,0
1741786200000000,0.0479,0.0482,0.0475,0.0478,1337820.1,1741787099999999,64052.24371,1620,524271.4,25126.47151,0
1741787100000000,0.0478,0.048,0.0471,0.0474,1999894.2,1741787999999999,95025.96997,1823,828044.4,39345.61021,0
1741788000000000,0.0473,0.0475,0.047,0.0471,2962159.0,1741788899999999,140101.90625,2225,1588617.1,75153.40215,0
1741788900000000,0.047,0.0473,0.0468,0.0469,1345127.6,1741789799999999,63200.37044,1479,618411.6,29056.64245,0
1741789800000000,0.047,0.0471,0.0464,0.0466,2898714.1,1741790699999999,135172.40675,1860,1328646.3,61965.47834,0
1741790700000000,0.0467,0.0467,0.0463,0.0464,1031411.4,1741791599999999,47971.07666,1398,474646.8,22081.63426,0
1741791600000000,0.0465,0.0466,0.0457,0.0459,2281906.5,1741792499999999,105126.72707,1950,893454.0,41169.53149,0
1741792500000000,0.0459,0.0463,0.0458,0.0461,1356148.4,1741793399999999,62482.33537,1467,799829.3,36854.39563,0
1741793400000000,0.0461,0.0464,0.046,0.0462,1426311.6,1741794299999999,65824.7166,1359,577105.2,26666.36838,0
1741794300000000,0.0463,0.0466,0.0461,0.0464,1784810.9,1741795199999999,82801.48518,1636,984963.9,45699.59167,0
1741795200000000,0.0465,0.0472,0.0463,0.047,1354668.5,1741796099999999,63189.23901,1472,712042.6,33213.19523,0
1741796100000000,0.0471,0.0472,0.0467,0.0468,987905.3,1741796999999999,46303.0993,1528,529090.7,24806.60979,0
1741797000000000,0.0469,0.0476,0.0468,0.0471,1683944.6,1741797899999999,79616.78147,1530,702718.8,33189.22,0
1741797900000000,0.0471,0.0474,0.047,0.0471,1300524.1,1741798799999999,61365.51241,1510,659563.6,31129.32071,0
1741798800000000,0.047,0.0476,0.047,0.0473,1565541.6,1741799699999999,74143.1539,1595,804542.4,38081.32043,0
1741799700000000,0.0474,0.0477,0.0473,0.0474,1142367.2,1741800599999999,54262.42479,1523,591580.1,28113.81024,0
1741800600000000,0.0475,0.0475,0.047,0.0471,1301620.6,1741801499999999,61439.80392,1525,574965.1,27156.54476,0
1741801500000000,0.0472,0.0473,0.0467,0.0468,1240112.7,1741802399999999,58342.66668,1492,594191.6,27970.89579,0
1741802400000000,0.0469,0.0473,0.0467,0.0472,1068287.5,1741803299999999,50206.55218,1428,524935.0,24695.24031,0
1741803300000000,0.0473,0.0474,0.047,0.0471,960247.9,1741804199999999,45355.62372,1376,411865.4,19462.25372,0
1741804200000000,0.0472,0.0474,0.0469,0.0472,804817.2,1741805099999999,37960.17349,1337,415973.8,19639.49549,0
1741805100000000,0.0472,0.0474,0.047,0.0471,933624.1,1741805999999999,44084.08156,1472,522287.3,24674.65971,0
1741806000000000,0.0472,0.0472,0.0468,0.047,668139.6,1741806899999999,31382.1302,1297,327558.1,15392.09407,0
1741806900000000,0.0471,0.0474,0.047,0.0471,1094848.0,1741807799999999,51671.27807,1283,516455.4,24369.09591,0
1741807800000000,0.0472,0.0473,0.0469,0.047,546302.6,1741808699999999,25717.13531,1242,278480.1,13113.33375,0
1741808700000000,0.0471,0.0474,0.047,0.0471,628261.1,1741809599999999,29629.6393,1347,265956.4,12546.37758,0
1741809600000000,0.0472,0.0473,0.0469,0.0471,1209830.6,1741810499999999,56984.35672,1380,825221.5,38869.55892,0
1741810500000000,0.0472,0.0474,0.0471,0.0471,570678.1,1741811399999999,26948.36009,790,198163.2,9369.32421,0
1741811400000000,0.0471,0.0473,0.0471,0.0471,485715.3,1741812299999999,22919.92303,474,339235.9,16012.57748,0
1741812300000000,0.0471,0.0474,0.0471,0.0472,935361.5,1741813199999999,44173.31015,713,642632.5,30355.81079,0
1741813200000000,0.0472,0.0474,0.0471,0.0473,1485003.5,1741814099999999,70168.34557,739,769719.7,36389.60014,0
1741814100000000,0.0473,0.0475,0.0472,0.0472,1175389.2,1741814999999999,55667.99621,604,606759.2,28795.29282,0
1741815000000000,0.0473,0.0474,0.0471,0.0473,522529.3,1741815899999999,24692.05427,551,297662.2,14063.49086,0
1741815900000000,0.0472,0.0473,0.0471,0.0471,497946.3,1741816799999999,23466.94262,525,86552.4,4086.04616,0
1741816800000000,0.0472,0.0475,0.0471,0.0475,882825.9,1741817699999999,41766.98748,602,577767.5,27342.52501,0
1741817700000000,0.0475,0.0476,0.0474,0.0475,500322.1,1741818599999999,23766.24768,557,270165.1,12834.68822,0
1741818600000000,0.0475,0.0477,0.0474,0.0476,819980.0,1741819499999999,38995.20022,599,592789.0,28202.21482,0
1741819500000000,0.0476,0.0477,0.0475,0.0476,305247.2,1741820399999999,14527.93156,430,219775.4,10462.60861,0
1741820400000000,0.0477,0.0477,0.0474,0.0475,731867.5,1741821299999999,34786.59419,531,291531.2,13859.21734,0
1741821300000000,0.0475,0.0478,0.0475,0.0477,278636.9,1741822199999999,13275.69471,480,230370.6,10977.64283,0
1741822200000000,0.0477,0.0479,0.0476,0.0478,1312041.8,1741823099999999,62622.9041,666,789550.7,37726.91774,0
1741823100000000,0.0479,0.0479,0.0477,0.0477,503343.3,1741823999999999,24070.37261,542,192876.1,9231.21011,0
1741824000000000,0.0478,0.0479,0.0475,0.0476,924005.9,1741824899999999,44098.38777,751,472299.6,22557.24333,0
1741824900000000,0.0476,0.048,0.0475,0.0477,1003908.7,1741825799999999,48056.63534,779,633371.6,30328.73069,0
1741825800000000,0.0478,0.0478,0.0475,0.0477,394133.9,1741826699999999,18779.57681,543,268990.3,12822.98427,0
1741826700000000,0.0476,0.0477,0.0474,0.0474,247990.6,1741827599999999,11786.55588,531,71191.6,3385.99086,0
1741827600000000,0.0475,0.0478,0.0472,0.0476,1929668.2,1741828499999999,91538.23993,731,1135692.6,53879.79289,0
1741828500000000,0.0476,0.0478,0.0473,0.0475,476365.0,1741829399999999,22611.49014,516,329219.9,15625.3601,0
1741829400000000,0.0475,0.0477,0.0474,0.0475,898211.1,1741830299999999,42668.54709,632,353148.9,16798.74586,0
1741830300000000,0.0475,0.0481,0.0474,0.0479,1074038.6,1741831199999999,51349.33721,777,592265.3,28281.11966,0
1741831200000000,0.0479,0.0483,0.0477,0.0482,1306657.2,1741832099999999,62824.4691,815,744294.8,35772.65058,0
1741832100000000,0.0481,0.0482,0.0478,0.048,843788.1,1741832999999999,40504.64981,669,412191.2,19792.42711,0
1741833000000000,0.0479,0.048,0.0478,0.0479,848255.2,1741833899999999,40628.49727,702,435208.4,20847.2049,0
1741833900000000,0.0478,0.0481,0.0476,0.0476,656154.2,1741834799999999,31408.05807,635,167794.0,8052.0092,0
1741834800000000,0.0476,0.0479,0.0475,0.0478,892787.3,1741835699999999,42614.67141,699,589021.3,28126.61206,0
1741835700000000,0.0479,0.0482,0.0478,0.048,965872.0,1741836599999999,46373.45359,717,539786.2,25933.17337,0
1741836600000000,0.048,0.048,0.0477,0.048,1268662.7,1741837499999999,60723.2719,713,493567.1,23629.08767,0
1741837500000000,0.0479,0.0481,0.0478,0.048,592642.6,1741838399999999,28440.1273,584,239159.3,11477.21343,0
1741838400000000,0.048,0.0483,0.0479,0.048,1073799.3,1741839299999999,51661.86727,826,699268.7,33643.91364,0
1741839300000000,0.048,0.048,0.0476,0.0477,685888.8,1741840199999999,32793.36806,577,278022.6,13294.60954,0
1741840200000000,0.0476,0.0478,0.0472,0.0474,1149190.6,1741841099999999,54553.22627,794,608751.4,28901.18225,0
1741841100000000,0.0475,0.0476,0.0472,0.0473,394469.9,1741841999999999,18697.32034,523,175544.2,8325.87781,0
1741842000000000,0.0474,0.0476,0.0473,0.0474,396247.7,1741842899999999,18798.4176,572,281216.5,13344.96079,0
1741842900000000,0.0475,0.0479,0.0473,0.0477,1003391.9,1741843799999999,47720.63227,838,371462.0,17711.22885,0
1741843800000000,0.0477,0.0478,0.0473,0.0473,755572.8,1741844699999999,35873.71396,650,366817.0,17405.15057,0
1741844700000000,0.0473,0.0475,0.0471,0.0474,659186.9,1741845599999999,31180.8638,643,381375.9,18048.51063,0
1741845600000000,0.0473,0.0475,0.0471,0.0472,1053681.4,1741846499999999,49852.73957,787,668986.3,31663.25378,0
1741846500000000,0.0473,0.0474,0.047,0.0472,659411.6,1741847399999999,31133.50522,613,193546.4,9143.42641,0
1741847400000000,0.0473,0.0474,0.0472,0.0472,395633.9,1741848299999999,18713.54955,509,215619.6,10200.23966,0
1741848300000000,0.0473,0.0476,0.0472,0.0475,443916.4,1741849199999999,21055.77329,677,355449.1,16861.61221,0
1741849200000000,0.0475,0.0476,0.0471,0.0472,955515.3,1741850099999999,45230.5339,780,402695.0,19052.11406,0
1741850100000000,0.0473,0.0477,0.0472,0.0476,493338.7,1741850999999999,23450.72496,578,399303.1,18981.50429,0
1741851000000000,0.0477,0.0477,0.0473,0.0474,377031.6,1741851899999999,17921.82556,544,74161.4,3524.06634,0
1741851900000000,0.0474,0.0476,0.0473,0.0475,593009.8,1741852799999999,28171.68628,666,445079.5,21147.46719,0
1741852800000000,0.0475,0.048,0.0474,0.0479,505459.0,1741853699999999,24128.62699,631,248623.5,11878.75958,0
1741853700000000,0.0478,0.0479,0.0473,0.0475,804954.9,1741854599999999,38354.10264,678,348796.8,16633.25635,0
1741854600000000,0.0474,0.048,0.0474,0.0478,1089323.2,1741855499999999,51983.2764,615,707628.4,33783.00773,0
1741855500000000,0.0478,0.0484,0.0477,0.0482,1005634.2,1741856399999999,48303.28553,786,676550.9,32501.14321,0
1741856400000000,0.0482,0.0488,0.0482,0.0486,1913824.6,1741857299999999,92813.85394,849,1175979.1,57052.25732,0
1741857300000000,0.0486,0.0489,0.0485,0.0487,1031138.6,1741858199999999,50229.04261,789,536856.7,26160.24718,0
1741858200000000,0.0487,0.0489,0.0485,0.0488,908089.5,1741859099999999,44209.59166,728,599779.5,29214.60037,0
1741859100000000,0.0488,0.0492,0.0487,0.049,1283117.4,1741859999999999,62868.92405,900,767424.6,37600.88255,0
1741860000000000,0.0489,0.049,0.0486,0.0488,1268735.7,1741860899999999,61897.68499,841,595093.2,29040.27922,0
1741860900000000,0.0488,0.0489,0.0483,0.0485,1437928.9,1741861799999999,69831.75179,1477,595009.5,28883.40034,0
1741861800000000,0.0486,0.0488,0.0484,0.0486,1560101.1,1741862699999999,75888.12647,1650,807360.1,39287.93179,0
1741862700000000,0.0485,0.0489,0.0484,0.0486,1156294.4,1741863599999999,56265.43048,1534,494456.2,24064.27251,0
1741863600000000,0.0487,0.0488,0.0484,0.0485,1724860.7,1741864499999999,83782.89098,1547,871328.1,42337.69016,0
1741864500000000,0.0486,0.0486,0.0483,0.0484,1100377.1,1741865399999999,53353.02088,1431,481348.8,23350.14075,0
1741865400000000,0.0484,0.0487,0.0483,0.0484,1003651.1,1741866299999999,48654.12168,1458,550597.4,26707.21046,0
1741866300000000,0.0485,0.0486,0.0482,0.0485,1106781.0,1741867199999999,53566.50141,1572,668607.6,32376.57451,0
1741867200000000,0.0486,0.0489,0.0483,0.0487,2334430.9,1741868099999999,113521.07687,1783,1135087.8,55219.08169,0
1741868100000000,0.0487,0.0489,0.0485,0.0488,4696010.0,1741868999999999,228270.26453,2954,1527275.1,74298.62768,0
1741869000000000,0.0489,0.0493,0.0483,0.0485,4884062.1,1741869899999999,238761.36128,2470,2869442.7,140433.97198,0
1741869900000000,0.0485,0.0486,0.0481,0.0483,3272419.2,1741870799999999,158117.79369,2162,1205242.5,58251.38423,0
1741870800000000,0.0484,0.049,0.0483,0.0485,6712527.4,1741871699999999,326712.21965,2413,3607644.0,175877.99352,0
1741871700000000,0.0484,0.0486,0.0482,0.0485,2052318.4,1741872599999999,99324.55991,1514,907039.1,43924.79793,0
1741872600000000,0.0486,0.0487,0.0479,0.048,3050708.5,1741873499999999,147122.23005,2187,1774730.6,85601.76881,0
1741873500000000,0.048,0.0483,0.0476,0.0478,3778339.9,1741874399999999,181593.61707,2160,2240896.6,107814.99537,0
1741874400000000,0.0477,0.0481,0.0475,0.048,2635592.9,1741875299999999,126045.33517,1842,1343996.8,64300.9256,0
1741875300000000,0.0481,0.0483,0.0479,0.048,2607056.8,1741876199999999,125500.98461,2016,1239012.3,59665.5181,0
1741876200000000,0.048,0.0482,0.0478,0.048,1560347.6,1741877099999999,74852.77101,1519,677066.4,32504.73144,0
1741877100000000,0.048,0.0482,0.0477,0.0481,1518622.0,1741877999999999,72854.94092,1558,686904.5,32962.00363,0
1741878000000000,0.0481,0.0482,0.0476,0.048,2273171.7,1741878899999999,108818.03374,1729,1193501.8,57157.59038,0
1741878900000000,0.048,0.0482,0.0478,0.0481,905604.5,1741879799999999,43437.13842,1466,449201.9,21554.75839,0
1741879800000000,0.0482,0.0482,0.0477,0.048,2634731.9,1741880699999999,126286.76126,1754,1409708.1,67592.37473,0
1741880700000000,0.0481,0.0481,0.0477,0.0478,1034263.7,1741881599999999,49507.8158,1427,610804.4,29233.00555,0
1741881600000000,0.0478,0.0479,0.0472,0.0473,1836820.0,1741882499999999,87420.26778,1624,718876.5,34216.41729,0
1741882500000000,0.0473,0.0475,0.047,0.0471,1694148.7,1741883399999999,80212.74705,1601,782582.5,37068.20333,0
1741883400000000,0.0472,0.0475,0.047,0.0473,2222126.5,1741884299999999,104953.77223,1584,1202436.9,56811.59099,0
1741884300000000,0.0473,0.0473,0.0469,0.047,1551750.1,1741885199999999,72976.3761,1433,848613.3,39921.21164,0
1741885200000000,0.047,0.0473,0.047,0.0471,1278759.5,1741886099999999,60277.66774,1470,675982.1,31880.51333,0
1741886100000000,0.0472,0.0473,0.0468,0.0471,1329067.3,1741886999999999,62504.0819,1421,755383.4,35516.9826,0
1741887000000000,0.047,0.0471,0.0466,0.0466,1075650.9,1741887899999999,50344.59225,1430,437181.3,20455.48902,0
1741887900000000,0.0467,0.0467,0.0463,0.0464,1938165.1,1741888799999999,90220.87919,1628,1157836.6,53921.60581,0
1741888800000000,0.0465,0.0469,0.0464,0.0466,3803268.0,1741889699999999,177307.70627,1741,1100213.3,51384.06899,0
1741889700000000,0.0466,0.0471,0.0464,0.047,1845367.8,1741890599999999,86207.37048,1407,1118347.3,52273.63556,0
1741890600000000,0.0471,0.0471,0.0469,0.047,843454.0,1741891499999999,39644.23446,1203,336325.3,15817.06849,0
1741891500000000,0.0469,0.0471,0.0468,0.047,1119239.9,1741892399999999,52519.39308,1535,632238.8,29678.49543,0
1741892400000000,0.047,0.0472,0.0469,0.047,1361935.5,1741893299999999,64079.03724,1358,584708.2,27521.12924,0
1741893300000000,0.0471,0.0471,0.0467,0.0468,694426.9,1741894199999999,32589.11037,1191,322642.7,15140.51831,0
1741894200000000,0.0469,0.0469,0.0466,0.0466,1263102.1,1741895099999999,59105.88931,1218,746762.2,34954.61223,0
1741895100000000,0.0467,0.0471,0.0466,0.0469,885811.8,1741895999999999,41551.49372,1249,450991.1,21148.99439,0
1741896000000000,0.0469,0.0471,0.0468,0.0469,1155113.6,1741896899999999,54205.00129,1288,703418.9,33019.78947,0
1741896900000000,0.0469,0.0471,0.0468,0.0469,762544.4,1741897799999999,35801.05367,1193,430483.8,20209.27308,0
1741897800000000,0.0469,0.047,0.0466,0.0466,605039.0,1741898699999999,28318.89357,1235,223015.6,10449.26884,0
1741898700000000,0.0467,0.0467,0.0463,0.0465,1586109.1,1741899599999999,73706.75819,1354,810782.7,37713.92697,0
1741899600000000,0.0465,0.0466,0.0462,0.0464,1280883.2,1741900499999999,59465.76526,1314,334886.5,15563.14478,0
1741900500000000,0.0463,0.0466,0.0462,0.0466,826821.5,1741901399999999,38356.86783,1141,662918.8,30758.03324,0
1741901400000000,0.0466,0.0467,0.0464,0.0466,872143.8,1741902299999999,40611.41684,1325,610134.2,28426.72279,0
1741902300000000,0.0467,0.0469,0.0466,0.0469,607926.0,1741903199999999,28429.55228,1235,324955.8,15204.37979,0
1741903200000000,0.0468,0.0472,0.0468,0.0471,1192461.1,1741904099999999,56060.7897,1233,779301.6,36648.70167,0
1741904100000000,0.0472,0.0475,0.047,0.0474,856799.4,1741904999999999,40436.57092,1201,435020.6,20562.3412,0
1741905000000000,0.0475,0.0475,0.0473,0.0474,1049138.4,1741905899999999,49718.28153,1275,503533.1,23872.86409,0
1741905900000000,0.0475,0.048,0.0474,0.0479,941041.7,1741906799999999,44962.42949,1376,580560.3,27753.51015,0
1741906800000000,0.048,0.0483,0.0478,0.0479,1278115.4,1741907699999999,61337.12235,1540,501065.7,24045.43807,0
1741907700000000,0.0479,0.0481,0.0477,0.0478,758319.2,1741908599999999,36312.77668,1250,349446.7,16743.75685,0
1741908600000000,0.0477,0.0479,0.0476,0.0477,590018.4,1741909499999999,28170.0293,1306,234573.5,11207.7777,0
1741909500000000,0.0478,0.048,0.0477,0.0479,608098.0,1741910399999999,29089.78039,1247,304485.3,14565.87916,0
1741910400000000,0.0478,0.048,0.0476,0.0478,1643920.2,1741911299999999,78636.57796,1428,849583.0,40658.76078,0
1741911300000000,0.0479,0.0481,0.0477,0.048,1096182.4,1741912199999999,52486.6851,1353,513762.7,24615.46762,0
1741912200000000,0.0481,0.0486,0.048,0.0486,1767379.0,1741913099999999,85338.87004,1812,743000.1,35893.30087,0
1741913100000000,0.0486,0.0486,0.0482,0.0482,1939579.4,1741913999999999,93780.90711,1573,675692.4,32665.67665,0
1741914000000000,0.0483,0.0484,0.048,0.0482,913656.4,1741914899999999,44017.64229,1314,609332.3,29363.4593,0
1741914900000000,0.0483,0.0484,0.048,0.0484,490950.0,1741915799999999,23650.96818,1198,221237.2,10668.24807,0
1741915800000000,0.0484,0.0489,0.0483,0.0488,1485666.3,1741916699999999,72260.81811,1494,881650.4,42895.37251,0
1741916700000000,0.0487,0.0489,0.0486,0.0486,1138601.5,1741917599999999,55454.94645,1358,681299.5,33201.71598,0
1741917600000000,0.0487,0.0488,0.0485,0.0486,917084.8,1741918499999999,44622.42406,1268,490350.9,23876.54937,0
1741918500000000,0.0486,0.0494,0.0486,0.0492,2108477.0,1741919399999999,103264.57321,1599,1313047.6,64262.90037,0
1741919400000000,0.0492,0.0493,0.0491,0.0493,552058.5,1741920299999999,27155.01474,1268,296361.7,14587.02589,0
1741920300000000,0.0493,0.0494,0.049,0.0493,638428.7,1741921199999999,31408.51753,1388,284437.0,14005.7639,0
1741921200000000,0.0492,0.0493,0.049,0.0491,651217.2,1741922099999999,31991.35038,1284,243684.7,11980.65085,0
1741922100000000,0.0492,0.0492,0.0489,0.049,767365.3,1741922999999999,37647.69272,1245,410204.7,20129.14809,0
1741923000000000,0.0491,0.0491,0.0488,0.0489,572383.2,1741923899999999,27988.00891,1187,378691.9,18523.55716,0
1741923900000000,0.0489,0.049,0.0488,0.0488,611550.3,1741924799999999,29887.89646,1248,339144.8,16586.93916,0
1741924800000000,0.0489,0.0492,0.0488,0.0492,602294.0,1741925699999999,29541.53508,1215,472078.9,23159.84792,0
1741925700000000,0.0491,0.0493,0.049,0.049,831666.0,1741926599999999,40864.60414,1247,239533.4,11778.28939,0
1741926600000000,0.049,0.0491,0.0488,0.0489,515118.7,1741927499999999,25215.75534,1209,265594.3,13009.06878,0
1741927500000000,0.049,0.0491,0.0489,0.049,608121.7,1741928399999999,29809.89085,1205,422657.3,20723.18108,0
1741928400000000,0.0491,0.0493,0.049,0.049,1969322.6,1741929299999999,96780.65859,1383,744620.3,36592.15198,0
1741929300000000,0.049,0.0495,0.049,0.0494,1230527.3,1741930199999999,60673.37383,1392,605007.4,29829.36645,0
1741930200000000,0.0495,0.0496,0.0494,0.0496,1000165.3,1741931099999999,49501.02256,1330,690800.1,34200.34155,0
1741931100000000,0.0496,0.0496,0.0494,0.0494,418758.2,1741931999999999,20705.35503,1225,131414.7,6506.93484,0
1741932000000000,0.0495,0.0495,0.0493,0.0493,462922.4,1741932899999999,22862.5675,1151,256290.7,12668.59526,0
1741932900000000,0.0494,0.0494,0.0492,0.0494,549744.8,1741933799999999,27106.03195,1232,227830.1,11241.56566,0
1741933800000000,0.0493,0.0497,0.0493,0.0496,1549729.5,1741934699999999,76721.55876,1340,1037832.2,51366.83601,0
1741934700000000,0.0497,0.0498,0.0495,0.0495,729923.1,1741935599999999,36231.65936,1603,301249.7,14965.48374,0
1741935600000000,0.0495,0.0496,0.0493,0.0494,791190.0,1741936499999999,39089.67227,1233,368154.0,18198.16724,0
1741936500000000,0.0494,0.0497,0.0493,0.0495,747944.7,1741937399999999,37032.11183,1296,368654.1,18251.48756,0
1741937400000000,0.0495,0.0501,0.0495,0.0499,3229985.0,1741938299999999,161028.41887,1674,2250823.8,112212.26561,0
1741938300000000,0.05,0.0501,0.0497,0.0498,1221660.1,1741939199999999,60934.58531,1422,543595.6,27140.63674,0
1741939200000000,0.0499,0.0501,0.0497,0.05,518312.3,1741940099999999,25862.57001,1324,305894.1,15265.0676,0
1741940100000000,0.0501,0.0506,0.05,0.0505,1493285.4,1741940999999999,75244.4717,1520,908399.5,45788.18014,0
1741941000000000,0.0505,0.0506,0.0502,0.0503,1083892.4,1741941899999999,54588.1242,1426,522201.7,26314.79544,0
1741941900000000,0.0504,0.0505,0.0503,0.0503,860528.9,1741942799999999,43374.26665,1157,483288.9,24373.73357,0
1741942800000000,0.0503,0.0505,0.0502,0.0503,1033112.3,1741943699999999,52037.53355,828,620993.9,31280.18478,0
1741943700000000,0.0503,0.0505,0.0502,0.0505,647748.2,1741944599999999,32646.67766,686,420770.0,21208.07605,0
1741944600000000,0.0505,0.0507,0.0502,0.0507,1125807.0,1741945499999999,56759.73377,886,654795.4,33021.16308,0
1741945500000000,0.0507,0.051,0.0506,0.051,1326166.1,1741946399999999,67382.87907,991,712727.5,36229.53596,0
1741946400000000,0.0509,0.0512,0.0507,0.0509,1812098.0,1741947299999999,92349.50568,519,1018943.1,51935.13389,0
1741947300000000,0.051,0.051,0.0506,0.0508,1448100.0,1741948199999999,73548.64531,297,790705.8,40158.70726,0
1741948200000000,0.0508,0.051,0.0507,0.0508,1663924.9,1741949099999999,84559.54042,300,961274.6,48840.51269,0
1741949100000000,0.0508,0.0508,0.0506,0.0506,1705966.8,1741949999999999,86465.98539,385,571992.8,28985.32233,0
1741950000000000,0.0506,0.0508,0.0504,0.0505,1295822.2,1741950899999999,65517.92782,264,446981.7,22601.51065,0
1741950900000000,0.0506,0.0509,0.0504,0.0508,818520.9,1741951799999999,41456.86154,732,455146.9,23078.48826,0
1741951800000000,0.0508,0.0509,0.0506,0.0506,606888.0,1741952699999999,30806.32155,1322,201341.2,10227.90075,0
1741952700000000,0.0507,0.0507,0.0504,0.0505,944518.0,1741953599999999,47759.34103,1414,446536.7,22588.93824,0
1741953600000000,0.0506,0.0509,0.0505,0.0508,925206.0,1741954499999999,46839.74866,1331,572229.6,28987.57088,0
1741954500000000,0.0508,0.051,0.0507,0.0508,873063.9,1741955399999999,44371.18984,1277,240995.4,12265.40639,0
1741955400000000,0.0508,0.0508,0.0504,0.0506,928993.4,1741956299999999,46993.89403,1346,397818.6,20128.29679,0
1741956300000000,0.0506,0.0508,0.0503,0.0507,1311021.4,1741957199999999,66167.57312,1455,739207.7,37338.55848,0
1741957200000000,0.0508,0.0509,0.0506,0.0507,2224166.0,1741958099999999,112943.53087,1574,1479307.1,75134.12371,0
1741958100000000,0.0508,0.051,0.0506,0.0507,829930.1,1741958999999999,42169.75283,1312,364811.3,18551.35964,0
1741959000000000,0.0508,0.051,0.0505,0.0506,1464951.6,1741959899999999,74400.9004,1576,874373.7,44415.99866,0
1741959900000000,0.0507,0.0512,0.0505,0.0508,1996258.3,1741960799999999,101485.85017,1815,1033500.2,52555.36445,0
1741960800000000,0.0508,0.051,0.0504,0.0508,6502433.2,1741961699999999,329533.40087,2614,3121661.5,158269.23551,0
1741961700000000,0.0509,0.051,0.0506,0.0506,1912021.9,1741962599999999,97030.01829,1709,961361.4,48786.20157,0
1741962600000000,0.0507,0.0511,0.0506,0.0508,2199968.4,1741963499999999,111864.36169,1799,1277460.6,64954.66497,0
1741963500000000,0.0509,0.051,0.0505,0.0507,2935960.9,1741964399999999,148823.68397,1789,1192018.8,60394.66949,0
1741964400000000,0.0507,0.0512,0.0506,0.051,2199192.4,1741965299999999,112084.25208,1869,1033276.5,52671.7164,0
1741965300000000,0.0511,0.0515,0.0509,0.0511,3623505.2,1741966199999999,185370.66542,2067,1509841.8,77280.92581,0
1741966200000000,0.0511,0.0514,0.051,0.0511,2735445.4,1741967099999999,139986.23531,1803,1281425.4,65622.30941,0
1741967100000000,0.0511,0.0511,0.0507,0.0511,1805710.8,1741967999999999,91894.24571,1598,1082134.8,55086.95214,0
1741968000000000,0.051,0.0511,0.0505,0.0509,1620878.9,1741968899999999,82296.32416,1551,938153.0,47647.65207,0
1741968900000000,0.0509,0.0512,0.0506,0.0508,1475679.0,1741969799999999,75235.66672,1428,822712.7,41938.98212,0
1741969800000000,0.0509,0.0509,0.0506,0.0506,962362.4,1741970699999999,48846.45451,1391,407178.1,20679.51725,0
1741970700000000,0.0507,0.0508,0.0505,0.0507,1071144.7,1741971599999999,54248.51528,1504,423374.3,21447.71559,0
1741971600000000,0.0506,0.0507,0.0504,0.0505,965141.5,1741972499999999,48749.88298,1385,380648.1,19235.20598,0
1741972500000000,0.0506,0.0506,0.0503,0.0504,678383.1,1741973399999999,34197.97638,1188,162628.2,8206.85186,0
1741973400000000,0.0503,0.0505,0.0501,0.0503,960590.5,1741974299999999,48326.21034,1433,550937.1,27732.58805,0
1741974300000000,0.0503,0.0504,0.0501,0.0504,696529.2,1741975199999999,35007.8388,1384,288955.6,14526.05155,0
1741975200000000,0.0504,0.0505,0.0502,0.0503,732878.0,1741976099999999,36914.6691,1308,409716.5,20640.92275,0
1741976100000000,0.0504,0.0504,0.0502,0.0503,627132.3,1741976999999999,31556.93708,1221,454335.7,22871.85174,0
1741977000000000,0.0503,0.0507,0.0503,0.0505,690908.7,1741977899999999,34866.26248,1251,463973.0,23430.37212,0
1741977900000000,0.0505,0.0505,0.0503,0.0504,597054.5,1741978799999999,30102.79189,1331,330628.8,16675.96081,0
1741978800000000,0.0504,0.0507,0.0503,0.0506,696930.7,1741979699999999,35194.80957,1275,361662.8,18271.77078,0
1741979700000000,0.0506,0.0507,0.0505,0.0506,645175.2,1741980599999999,32649.94604,1239,302854.9,15333.21483,0
1741980600000000,0.0507,0.0507,0.0503,0.0503,506425.4,1741981499999999,25588.21102,1285,145384.9,7355.54453,0
1741981500000000,0.0504,0.0505,0.0502,0.0505,1078265.0,1741982399999999,54273.64405,1489,399264.1,20110.28499,0
1741982400000000,0.0505,0.0505,0.0503,0.0504,1150248.1,1741983299999999,57950.56788,1236,290264.9,14630.73975,0
1741983300000000,0.0504,0.0504,0.0501,0.0503,879755.1,1741984199999999,44203.62054,1386,393242.7,19764.89189,0
1741984200000000,0.0503,0.0503,0.05,0.0501,676639.6,1741985099999999,33928.91127,1399,359622.9,18036.5763,0
1741985100000000,0.0502,0.0503,0.0501,0.0503,376978.2,1741985999999999,18930.6015,1269,193581.1,9728.24073,0
1741986000000000,0.0503,0.0504,0.0501,0.0503,676198.5,1741986899999999,33970.70996,1240,292111.9,14689.76594,0
1741986900000000,0.0504,0.0505,0.0501,0.0501,822624.5,1741987799999999,41343.25483,1183,397521.1,19989.86937,0
1741987800000000,0.0501,0.0503,0.0501,0.0502,951969.1,1741988699999999,47822.67451,1434,714304.8,35898.95056,0
1741988700000000,0.0503,0.0503,0.0502,0.0502,476048.7,1741989599999999,23915.18573,1346,175409.9,8823.11797,0
1741989600000000,0.0503,0.0504,0.0501,0.0502,396349.6,1741990499999999,19907.56663,1259,145229.6,7301.80028,0
1741990500000000,0.0501,0.0503,0.0501,0.0502,304770.1,1741991399999999,15285.01123,1192,154128.2,7737.28724,0
1741991400000000,0.0502,0.0503,0.0501,0.0502,732652.1,1741992299999999,36787.1376,1197,581182.5,29185.29988,0
1741992300000000,0.0502,0.0504,0.0502,0.0502,1162661.0,1741993199999999,58481.76252,1496,807237.2,40613.21586,0
1741993200000000,0.0503,0.0503,0.0499,0.0499,1664632.6,1741994099999999,83499.10914,1265,456931.2,22898.82013,0
1741994100000000,0.05,0.05,0.0499,0.0499,605825.9,1741994999999999,30257.17596,1172,264635.5,13231.775,0
1741995000000000,0.0499,0.05,0.0497,0.0497,1524122.5,1741995899999999,75939.5863,1385,548004.5,27337.83436,0
1741995900000000,0.0497,0.0499,0.0497,0.0498,1054737.5,1741996799999999,52536.59482,1485,711015.6,35425.84888,0
1741996800000000,0.0499,0.0499,0.0497,0.0498,509892.1,1741997699999999,25400.41003,1241,208103.4,10374.22264,0
1741997700000000,0.0499,0.05,0.0498,0.05,1130345.7,1741998599999999,56415.99329,1483,521136.3,26023.33815,0
1741998600000000,0.0499,0.0501,0.0499,0.0499,856421.2,1741999499999999,42820.75914,1270,285073.7,14261.074,0
1741999500000000,0.0499,0.0501,0.0498,0.0498,972291.8,1742000399999999,48568.77189,1281,391079.2,19553.35494,0
1742000400000000,0.0499,0.0499,0.0495,0.0498,1347274.8,1742001299999999,66995.51289,1330,873660.0,43461.0529,0
1742001300000000,0.0498,0.0498,0.0496,0.0497,564301.9,1742002199999999,28045.1279,1171,158932.7,7907.37089,0
1742002200000000,0.0497,0.0497,0.0493,0.0494,1221769.1,1742003099999999,60435.35766,1282,504548.4,24959.5027,0
1742003100000000,0.0494,0.0496,0.0494,0.0495,731182.2,1742003999999999,36200.0357,1199,453974.3,22481.48459,0
1742004000000000,0.0496,0.0496,0.0493,0.0494,528380.4,1742004899999999,26108.27236,1170,288978.0,14284.48516,0
1742004900000000,0.0494,0.0495,0.0492,0.0494,788065.6,1742005799999999,38890.82691,1245,434541.9,21447.81219,0
1742005800000000,0.0494,0.0496,0.0493,0.0494,734553.3,1742006699999999,36298.36919,1296,484690.6,23957.46328,0
1742006700000000,0.0495,0.0498,0.0494,0.0498,523902.3,1742007599999999,25994.65977,1219,368990.7,18311.92679,0
1742007600000000,0.0497,0.0499,0.0495,0.0495,843293.1,1742008499999999,41916.50417,1214,324151.3,16131.35198,0
1742008500000000,0.0496,0.0497,0.0495,0.0495,1466716.0,1742009399999999,72745.80028,1353,910638.4,45175.37772,0
1742009400000000,0.0496,0.0497,0.0494,0.0495,1016886.2,1742010299999999,50404.92618,1241,505420.5,25061.5045,0
1742010300000000,0.0496,0.0499,0.0495,0.0497,427146.7,1742011199999999,21236.61915,1261,262933.7,13073.44691,0
1742011200000000,0.0498,0.05,0.0496,0.0496,904200.1,1742012099999999,45054.58443,1225,359965.4,17948.43024,0
1742012100000000,0.0496,0.0497,0.0495,0.0496,575615.3,1742012999999999,28548.52398,1180,377367.9,18724.0327,0
1742013000000000,0.0497,0.0499,0.0495,0.0496,884679.4,1742013899999999,43947.21487,1351,400490.1,19907.9689,0
1742013900000000,0.0497,0.0499,0.0496,0.0497,519842.4,1742014799999999,25858.97431,1210,293638.0,14606.7207,0
1742014800000000,0.0498,0.0498,0.0495,0.0497,678778.5,1742015699999999,33718.91499,1279,326004.7,16198.91157,0
1742015700000000,0.0496,0.0497,0.0495,0.0497,788305.5,1742016599999999,39116.59932,1265,229012.1,11375.80148,0
1742016600000000,0.0497,0.0499,0.0496,0.0498,1048367.3,1742017499999999,52078.30504,1291,611873.2,30417.08061,0
1742017500000000,0.0499,0.05,0.0498,0.0498,532286.1,1742018399999999,26548.75154,1224,343908.8,17161.64449,0
1742018400000000,0.0499,0.0499,0.0495,0.0496,703810.6,1742019299999999,34960.53183,1238,135055.8,6717.52506,0
1742019300000000,0.0497,0.0499,0.0496,0.0498,663841.2,1742020199999999,33021.91885,1333,251645.1,12526.5673,0
1742020200000000,0.0498,0.0499,0.0497,0.0498,694391.7,1742021099999999,34597.87729,1227,368499.8,18375.05567,0
1742021100000000,0.0498,0.0499,0.0497,0.0498,1007032.6,1742021999999999,50164.39627,1219,472367.0,23544.37128,0
1742022000000000,0.0498,0.0499,0.0496,0.0498,996583.2,1742022899999999,49601.61404,1254,619986.2,30877.99022,0
1742022900000000,0.0499,0.0499,0.0495,0.0495,1112037.9,1742023799999999,55239.74457,1310,380365.5,18915.53753,0
1742023800000000,0.0496,0.0496,0.0494,0.0496,1325714.3,1742024699999999,65617.44756,1359,981853.2,48606.52701,0
1742024700000000,0.0496,0.0497,0.0495,0.0496,792797.2,1742025599999999,39285.44882,1227,193574.3,9604.32728,0
1742025600000000,0.0495,0.0497,0.0495,0.0495,1580259.2,1742026499999999,78384.20992,1292,707380.5,35108.23594,0
1742026500000000,0.0496,0.0497,0.0494,0.0495,920632.3,1742027399999999,45593.67913,1231,498290.6,24686.65481,0
1742027400000000,0.0496,0.0497,0.0494,0.0497,892342.1,1742028299999999,44221.72175,1176,369051.9,18310.1065,0
1742028300000000,0.0497,0.0498,0.0496,0.0496,534797.6,1742029199999999,26567.16067,1186,353041.2,17546.89624,0
1742029200000000,0.0497,0.0497,0.0495,0.0497,1337953.3,1742030099999999,66377.55647,1179,440139.4,21846.20113,0
1742030100000000,0.0496,0.0497,0.0494,0.0495,1037342.3,1742030999999999,51403.04565,1286,385164.6,19094.66203,0
1742031000000000,0.0496,0.0498,0.0495,0.0496,932311.6,1742031899999999,46270.975,1269,599390.8,29758.7857,0
1742031900000000,0.0497,0.0498,0.0495,0.0498,951113.2,1742032799999999,47223.33519,1331,761056.1,37794.42366,0
1742032800000000,0.0498,0.0499,0.0495,0.0495,1053353.3,1742033699999999,52328.35683,1343,271029.3,13483.9947,0
1742033700000000,0.0496,0.0496,0.0494,0.0494,353955.6,1742034599999999,17512.37348,1192,151280.5,7493.39475,0
1742034600000000,0.0495,0.0496,0.0494,0.0496,2091564.5,1742035499999999,103543.34852,1230,1947809.3,96436.04943,0
1742035500000000,0.0496,0.0497,0.0495,0.0497,398332.6,1742036399999999,19765.35251,1136,244657.5,12145.45722,0
1742036400000000,0.0497,0.0498,0.0496,0.0498,552405.8,1742037299999999,27449.20389,1163,323517.0,16084.70658,0
1742037300000000,0.0497,0.05,0.0497,0.05,1234829.1,1742038199999999,61582.61468,1237,1104674.3,55098.20958,0
1742038200000000,0.0499,0.0501,0.0499,0.05,1725013.4,1742039099999999,86320.48308,1259,1459845.0,73063.4281,0
1742039100000000,0.0501,0.0502,0.05,0.0501,528059.9,1742039999999999,26463.69138,1267,341975.2,17147.36454,0
1742040000000000,0.0502,0.0503,0.0501,0.0502,577739.8,1742040899999999,28998.46319,1250,394500.9,19808.48814,0
1742040900000000,0.0503,0.0504,0.0502,0.0504,1871519.0,1742041799999999,94132.12903,1195,600548.2,30213.72307,0
1742041800000000,0.0503,0.0504,0.0501,0.0501,1046892.2,1742042699999999,52581.58432,1245,166451.8,8371.10752,0
1742042700000000,0.0502,0.0502,0.05,0.0501,1098796.9,1742043599999999,55000.41206,1322,191578.7,9604.52263,0
1742043600000000,0.0501,0.0501,0.0499,0.05,1520023.7,1742044499999999,75982.72301,1301,652231.4,32621.5132,0
1742044500000000,0.05,0.0502,0.0499,0.05,1656218.4,1742045399999999,82918.49368,1392,649071.3,32515.18464,0
1742045400000000,0.05,0.0502,0.0499,0.0501,1101979.6,1742046299999999,55169.05465,1370,868749.8,43502.28051,0
1742046300000000,0.0502,0.0503,0.0501,0.0502,665638.3,1742047199999999,33397.73101,1232,417688.5,20971.7807,0
1742047200000000,0.0502,0.0503,0.0501,0.0503,935503.8,1742048099999999,46971.21279,1224,414580.1,20826.19792,0
1742048100000000,0.0503,0.0503,0.0499,0.0501,862774.5,1742048999999999,43245.95982,1261,270580.4,13574.10215,0
1742049000000000,0.0501,0.0501,0.0498,0.05,2308515.5,1742049899999999,115286.90063,1541,1292465.6,64552.75558,0
1742049900000000,0.05,0.0502,0.0499,0.0501,1577596.9,1742050799999999,78895.09317,1395,1216038.6,60821.67288,0
1742050800000000,0.0501,0.0501,0.0499,0.05,469187.5,1742051699999999,23473.4851,1206,185828.4,9305.68808,0
1742051700000000,0.0501,0.0501,0.0499,0.05,512464.5,1742052599999999,25637.30986,1221,244410.3,12235.93613,0
1742052600000000,0.0501,0.0501,0.0498,0.05,563475.3,1742053499999999,28136.72588,899,335618.2,16763.03016,0
1742053500000000,0.0499,0.0503,0.0499,0.0502,1338400.9,1742054399999999,67086.43663,750,785869.4,39370.75439,0
1742054400000000,0.0503,0.0504,0.0501,0.0504,1759274.5,1742055299999999,88504.19361,800,1360180.2,68456.85657,0
1742055300000000,0.0503,0.0504,0.0501,0.0502,1396368.4,1742056199999999,70121.5124,837,656478.9,32971.45973,0
1742056200000000,0.0502,0.0505,0.0501,0.0504,384062.5,1742057099999999,19311.34236,591,255415.9,12848.08802,0
1742057100000000,0.0503,0.0505,0.0503,0.0503,753957.9,1742057999999999,37991.67123,509,373404.2,18821.80218,0
1742058000000000,0.0504,0.0504,0.0501,0.0501,515482.1,1742058899999999,25914.75949,610,257930.9,12977.25647,0
1742058900000000,0.0502,0.0505,0.0501,0.0504,854514.9,1742059799999999,42918.67133,720,604279.8,30369.53371,0
1742059800000000,0.0504,0.0505,0.0503,0.0505,712093.4,1742060699999999,35900.56498,1201,339848.0,17142.94701,0
1742060700000000,0.0505,0.0505,0.0503,0.0503,447454.1,1742061599999999,22539.5606,1169,139620.2,7038.77115,0
1742061600000000,0.0504,0.0505,0.0503,0.0505,564744.6,1742062499999999,28460.04625,1241,372930.5,18800.71549,0
1742062500000000,0.0504,0.0505,0.0503,0.0503,844043.5,1742063399999999,42542.59749,1269,240906.9,12150.379,0
1742063400000000,0.0504,0.0504,0.05,0.0502,2111120.3,1742064299999999,106071.46835,1438,814662.2,40985.55774,0
1742064300000000,0.0502,0.0503,0.0501,0.0502,613687.9,1742065199999999,30805.02166,1209,356749.4,17918.67123,0
1742065200000000,0.0503,0.0503,0.0501,0.0503,1174774.5,1742066099999999,58981.66701,1319,751713.4,37755.2475,0
1742066100000000,0.0502,0.0504,0.0501,0.0503,387424.2,1742066999999999,19480.70907,1200,195565.9,9841.80277,0
1742067000000000,0.0503,0.0505,0.0502,0.0505,516794.7,1742067899999999,26018.92604,1259,258202.6,13007.31217,0
1742067900000000,0.0504,0.0506,0.0504,0.0505,768679.8,1742068799999999,38825.17291,1279,450750.5,22773.18251,0
1742068800000000,0.0505,0.0508,0.0505,0.0507,672397.4,1742069699999999,34079.50927,1276,485237.1,24609.16397,0
1742069700000000,0.0508,0.0509,0.0506,0.0508,568037.6,1742070599999999,28849.20827,1226,288456.3,14658.3391,0
1742070600000000,0.0509,0.051,0.0508,0.0508,822574.1,1742071499999999,41819.70299,1380,228533.4,11632.39046,0
1742071500000000,0.0509,0.051,0.0508,0.0508,456110.7,1742072399999999,23203.70091,1241,212486.7,10816.04973,0
1742072400000000,0.0509,0.051,0.0507,0.0507,1022852.8,1742073299999999,51996.68455,1327,347738.8,17695.82794,0
1742073300000000,0.0508,0.0508,0.0507,0.0507,388064.0,1742074199999999,19694.63011,1201,197853.1,10050.93748,0
1742074200000000,0.0508,0.0511,0.0507,0.0509,804912.3,1742075099999999,40972.26219,1452,415305.6,21149.76811,0
1742075100000000,0.0509,0.051,0.0508,0.0508,435396.7,1742075999999999,22146.32002,1293,156145.8,7948.59071,0
1742076000000000,0.0509,0.0509,0.0507,0.0507,710287.9,1742076899999999,36095.80847,1280,459253.4,23346.95722,0
1742076900000000,0.0508,0.0509,0.0506,0.0506,1082580.8,1742077799999999,54942.14029,1289,559895.1,28420.10912,0
1742077800000000,0.0506,0.0507,0.0504,0.0505,634369.4,1742078699999999,32077.43306,1322,181773.9,9203.39189,0
1742078700000000,0.0506,0.0507,0.0505,0.0506,466989.7,1742079599999999,23624.48671,1235,262880.7,13306.59898,0
1742079600000000,0.0505,0.0507,0.0504,0.0506,711708.3,1742080499999999,35960.08315,1363,215295.2,10892.3122,0
1742080500000000,0.0506,0.0506,0.0503,0.0504,602557.5,1742081399999999,30396.03969,1206,304504.7,15368.52588,0
1742081400000000,0.0505,0.0506,0.0504,0.0506,779243.3,1742082299999999,39353.72026,1240,493621.5,24936.95328,0
1742082300000000,0.0506,0.0507,0.0505,0.0506,405098.8,1742083199999999,20497.6714,1187,245005.9,12405.76549,0
1742083200000000,0.0506,0.0508,0.0505,0.0508,805619.2,1742084099999999,40780.85896,1252,422130.1,21376.8447,0
1742084100000000,0.0507,0.0509,0.0507,0.0507,854698.5,1742084999999999,43407.4738,1358,392275.9,19932.10254,0
1742085000000000,0.0507,0.051,0.0507,0.051,1178842.8,1742085899999999,59913.70342,1377,480707.2,24445.77079,0
1742085900000000,0.051,0.051,0.0508,0.0509,388687.5,1742086799999999,19796.23424,1174,219434.5,11185.02775,0
1742086800000000,0.0509,0.0509,0.0507,0.0508,590096.5,1742087699999999,29993.66497,1295,232211.0,11813.55877,0
1742087700000000,0.0508,0.051,0.0507,0.0509,700013.7,1742088599999999,35611.10415,1311,524527.1,26692.47322,0
1742088600000000,0.0509,0.051,0.0505,0.0507,1157788.7,1742089499999999,58765.72341,1308,376463.2,19125.83136,0
1742089500000000,0.0506,0.0509,0.0505,0.0505,516043.5,1742090399999999,26159.00757,1217,307314.3,15592.9185,0
1742090400000000,0.0505,0.0506,0.0501,0.0502,1586888.5,1742091299999999,79857.16577,1406,659942.9,33233.45426,0
1742091300000000,0.0502,0.0506,0.0501,0.0505,635308.5,1742092199999999,31945.32426,1303,442805.4,22277.4085,0
1742092200000000,0.0506,0.0508,0.0504,0.0506,705302.6,1742093099999999,35672.7696,1262,234937.2,11897.76317,0
1742093100000000,0.0507,0.0507,0.0502,0.0503,849972.8,1742093999999999,42912.26347,1225,261692.6,13199.75547,0
1742094000000000,0.0503,0.0504,0.0502,0.0503,315735.7,1742094899999999,15889.88289,1163,188216.2,9478.73376,0
1742094900000000,0.0504,0.0508,0.0503,0.0506,670425.8,1742095799999999,33933.83167,1289,327587.7,16572.48508,0
1742095800000000,0.0507,0.0507,0.0505,0.0505,701887.8,1742096699999999,35525.52698,1285,201874.9,10227.21228,0
1742096700000000,0.0506,0.0507,0.0504,0.0505,472486.1,1742097599999999,23882.22536,1192,215112.6,10883.78626,0
1742097600000000,0.0506,0.0508,0.0505,0.0506,588068.9,1742098499999999,29786.61695,1274,336661.1,17058.1947,0
1742098500000000,0.0507,0.0508,0.0506,0.0507,290618.7,1742099399999999,14746.47318,1158,167856.6,8524.37261,0
1742099400000000,0.0508,0.0508,0.0506,0.0506,396636.7,1742100299999999,20107.46389,1151,206110.1,10455.393,0
1742100300000000,0.0506,0.0507,0.0506,0.0507,322256.2,1742101199999999,16324.32643,1186,181627.1,9208.49397,0
1742101200000000,0.0507,0.0508,0.0506,0.0508,397475.5,1742102099999999,20167.80523,1175,273656.1,13890.19715,0
1742102100000000,0.0507,0.0512,0.0507,0.051,1179038.0,1742102999999999,60068.97016,1333,681838.9,34725.03382,0
1742103000000000,0.0511,0.0511,0.0509,0.0509,257227.4,1742103899999999,13125.12119,1163,123257.3,6295.47349,0
1742103900000000,0.051,0.0511,0.0508,0.0511,547152.8,1742104799999999,27885.31699,1167,323450.5,16495.93975,0
1742104800000000,0.051,0.0511,0.0509,0.051,356862.4,1742105699999999,18201.82807,1242,182337.1,9308.00078,0
1742105700000000,0.0511,0.0512,0.0509,0.051,639643.0,1742106599999999,32648.25214,1293,333792.7,17042.09729,0
1742106600000000,0.0511,0.0512,0.051,0.0512,408778.9,1742107499999999,20899.09559,1256,251878.6,12883.08066,0
1742107500000000,0.0511,0.0513,0.051,0.051,680939.0,1742108399999999,34810.59634,1265,260063.0,13313.00121,0
1742108400000000,0.0511,0.0511,0.0505,0.0507,1215661.9,1742109299999999,61770.62618,1453,511727.8,26005.5375,0
1742109300000000,0.0507,0.0511,0.0506,0.0511,758498.1,1742110199999999,38595.27204,1333,472712.9,24056.35512,0
1742110200000000,0.0511,0.0512,0.0509,0.051,779533.8,1742111099999999,39816.51331,1358,263449.8,13464.27649,0
1742111100000000,0.051,0.0511,0.0509,0.051,693017.4,1742111999999999,35335.07679,1265,549254.0,28013.72714,0
1742112000000000,0.051,0.0511,0.0506,0.0508,1451188.9,1742112899999999,73740.72448,1405,727698.6,36981.78981,0
1742112900000000,0.0507,0.0508,0.0506,0.0507,715031.1,1742113799999999,36243.53768,1251,241630.7,12256.13487,0
1742113800000000,0.0508,0.0509,0.0506,0.0508,1065365.7,1742114699999999,54121.94131,1360,714955.8,36328.01876,0
1742114700000000,0.0509,0.0509,0.0507,0.0507,630807.4,1742115599999999,32082.96138,1236,289555.6,14736.16491,0
1742115600000000,0.0508,0.0508,0.0505,0.0505,800375.6,1742116499999999,40509.97088,1259,362474.7,18350.44843,0
1742116500000000,0.0505,0.0507,0.0503,0.0504,767660.8,1742117399999999,38816.82886,1321,281961.5,14268.08925,0
1742117400000000,0.0505,0.0507,0.0501,0.0502,1290136.5,1742118299999999,64935.65329,1428,758616.1,38164.56759,0
1742118300000000,0.0503,0.0504,0.0501,0.0503,1125055.3,1742119199999999,56604.41968,1369,597144.7,30047.40305,0
1742119200000000,0.0504,0.0505,0.0502,0.0502,837668.5,1742120099999999,42173.10002,1278,295286.5,14875.31211,0
1742120100000000,0.0503,0.0503,0.0499,0.05,1095573.2,1742120999999999,54869.10126,1361,279708.2,14027.54894,0
1742121000000000,0.0499,0.05,0.0498,0.0499,821950.2,1742121899999999,41025.65993,1238,318679.5,15913.83963,0
1742121900000000,0.0499,0.0501,0.0498,0.05,789067.7,1742122799999999,39410.06984,1280,330899.2,16540.54503,0
1742122800000000,0.05,0.05,0.0493,0.0497,4346501.6,1742123699999999,216005.20429,1913,1907278.0,94769.68292,0
1742123700000000,0.0496,0.0497,0.0489,0.0492,2728763.8,1742124599999999,134376.59871,1754,990285.2,48790.01185,0
1742124600000000,0.0493,0.0494,0.0488,0.0489,1369489.5,1742125499999999,67200.05035,1660,732818.2,35956.31102,0
1742125500000000,0.049,0.0491,0.0487,0.0489,1270848.8,1742126399999999,62100.64355,1443,772835.0,37754.54097,0
1742126400000000,0.0488,0.0491,0.0487,0.0491,1969259.2,1742127299999999,96380.30259,1574,907974.5,44441.34568,0
1742127300000000,0.0491,0.0493,0.0488,0.0492,1167063.4,1742128199999999,57196.2402,1399,723001.2,35423.33667,0
1742128200000000,0.0492,0.0493,0.0489,0.0491,851664.6,1742129099999999,41786.7281,1300,273186.7,13415.47629,0
1742129100000000,0.049,0.0492,0.0488,0.049,879949.7,1742129999999999,43145.04903,1276,500564.4,24554.13836,0
1742130000000000,0.0489,0.0493,0.0489,0.049,1051234.8,1742130899999999,51547.46815,1359,539151.6,26467.57891,0
1742130900000000,0.0491,0.0491,0.0487,0.0489,521410.4,1742131799999999,25479.04841,1186,279626.2,13666.41886,0
1742131800000000,0.0489,0.0489,0.0483,0.0484,933669.3,1742132699999999,45353.158,1334,282250.9,13743.08961,0
1742132700000000,0.0485,0.0485,0.0479,0.0481,2065105.9,1742133599999999,99428.29488,1551,725986.1,34956.85086,0
1742133600000000,0.0481,0.0484,0.048,0.0481,3950493.3,1742134499999999,190366.08313,1681,775494.7,37407.71193,0
1742134500000000,0.0481,0.0482,0.0478,0.048,6244245.6,1742135399999999,299878.73073,2286,2907755.8,139713.64806,0
1742135400000000,0.048,0.0481,0.0477,0.0479,4041841.7,1742136299999999,193584.21626,1910,1735688.8,83171.45103,0
1742136300000000,0.048,0.0485,0.0478,0.0484,3595343.8,1742137199999999,173156.20192,1928,2303938.9,110967.92327,0
1742137200000000,0.0485,0.0486,0.0482,0.0483,2761555.4,1742138099999999,133674.04222,1581,1745884.6,84534.2585,0
1742138100000000,0.0484,0.0485,0.0482,0.0483,1690449.3,1742138999999999,81743.44423,1423,1018203.6,49255.62514,0
1742139000000000,0.0482,0.0485,0.0481,0.0482,1200509.4,1742139899999999,58005.76552,1511,550826.0,26626.5714,0
1742139900000000,0.0483,0.0487,0.0482,0.0486,1142971.5,1742140799999999,55374.69002,1373,766994.7,37163.49889,0
1742140800000000,0.0486,0.0497,0.0485,0.0492,5228362.0,1742141699999999,257308.90985,2638,3111736.5,153154.31157,0
1742141700000000,0.0492,0.0498,0.0491,0.0496,4002107.6,1742142599999999,198178.1931,2138,2385508.6,118181.80874,0
1742142600000000,0.0497,0.0498,0.0493,0.0494,2215545.9,1742143499999999,109741.16001,1955,1026954.3,50873.6939,0
1742143500000000,0.0495,0.0495,0.0489,0.0491,1682647.8,1742144399999999,82728.84905,1622,745284.4,36664.64778,0
1742144400000000,0.0492,0.0494,0.049,0.0491,2105670.3,1742145299999999,103580.16172,1741,1208567.5,59479.41694,0
1742145300000000,0.0492,0.0493,0.0488,0.0488,958218.6,1742146199999999,46995.99619,1371,317140.2,15568.41675,0
1742146200000000,0.0488,0.049,0.0487,0.0488,867821.1,1742147099999999,42443.9087,1361,345853.4,16920.96896,0
1742147100000000,0.0489,0.0489,0.0486,0.0488,877695.4,1742147999999999,42823.38818,1345,335647.9,16385.52159,0
1742148000000000,0.0488,0.0489,0.0485,0.0486,904430.5,1742148899999999,44002.43559,1363,507105.2,24670.40402,0
1742148900000000,0.0487,0.0488,0.0485,0.0487,956990.4,1742149799999999,46527.90166,1312,459800.7,22366.40819,0
1742149800000000,0.0488,0.0488,0.0484,0.0485,1094792.0,1742150699999999,53128.1761,1410,373843.6,18146.76424,0
1742150700000000,0.0485,0.0485,0.0482,0.0483,436856.1,1742151599999999,21119.70598,1245,209791.0,10148.36849,0
1742151600000000,0.0483,0.0484,0.0479,0.048,2052715.4,1742152499999999,98857.58672,1577,588784.2,28391.73043,0
1742152500000000,0.0481,0.0481,0.0475,0.0478,1897731.4,1742153399999999,90651.65491,1828,733475.1,35057.34623,0
1742153400000000,0.0479,0.0479,0.0475,0.0478,672238.8,1742154299999999,32071.84198,1327,421225.7,20100.14239,0
1742154300000000,0.0477,0.0478,0.0475,0.0476,705786.0,1742155199999999,33641.38054,1238,340778.9,16254.58912,0
1742155200000000,0.0476,0.0478,0.0475,0.0478,1124106.0,1742156099999999,53578.48564,1485,631617.5,30117.60954,0
1742156100000000,0.0477,0.0479,0.0475,0.0476,1361792.8,1742156999999999,64904.53122,1353,498467.8,23784.06714,0
1742157000000000,0.0476,0.0477,0.0474,0.0476,666141.6,1742157899999999,31676.59647,1215,288397.0,13728.81007,0
1742157900000000,0.0477,0.048,0.0474,0.0479,549994.1,1742158799999999,26244.11624,1275,370556.7,17704.96586,0
1742158800000000,0.0479,0.048,0.0475,0.0475,1091765.3,1742159699999999,52005.98781,1316,339589.7,16204.94331,0
1742159700000000,0.0476,0.0481,0.0475,0.0479,506957.7,1742160599999999,24230.9876,1265,270925.7,12963.89856,0
1742160600000000,0.048,0.048,0.0477,0.0477,485463.7,1742161499999999,23204.30686,1309,275961.1,13195.60157,0
1742161500000000,0.0477,0.0478,0.0474,0.0476,697067.3,1742162399999999,33170.86928,902,412941.9,19654.42002,0
1742162400000000,0.0476,0.0478,0.0473,0.0476,1033894.3,1742163299999999,49105.87148,760,441690.1,20986.73191,0
1742163300000000,0.0475,0.0477,0.0475,0.0476,490435.3,1742164199999999,23342.80142,502,405567.6,19306.0907,0
1742164200000000,0.0476,0.0477,0.0473,0.0474,781528.7,1742165099999999,37104.8103,578,414468.7,19662.92178,0
1742165100000000,0.0475,0.0475,0.047,0.0471,1116085.7,1742165999999999,52687.94945,627,342550.2,16170.39022,0
1742166000000000,0.047,0.0472,0.0468,0.0471,1483236.5,1742166899999999,69678.34079,710,738049.3,34685.38,0
1742166900000000,0.0472,0.0473,0.047,0.0471,765149.8,1742167799999999,36046.03995,598,411306.8,19385.38042,0
1742167800000000,0.047,0.0473,0.047,0.0472,854691.4,1742168699999999,40290.63738,572,552427.0,26048.51637,0
1742168700000000,0.0472,0.0474,0.0471,0.0473,894422.8,1742169599999999,42295.56413,555,389733.6,18432.70552,0
1742169600000000,0.0473,0.0475,0.0472,0.0473,1351662.3,1742170499999999,64018.76164,679,777193.7,36817.81866,0
1742170500000000,0.0473,0.0476,0.0472,0.0474,494873.6,1742171399999999,23421.70297,568,315587.8,14936.90179,0
1742171400000000,0.0475,0.0478,0.0474,0.0476,1212093.6,1742172299999999,57728.74065,727,584441.2,27834.75731,0
1742172300000000,0.0477,0.0479,0.0476,0.0478,1684194.7,1742173199999999,80433.80285,825,913492.1,43630.93619,0
1742173200000000,0.0478,0.0481,0.0476,0.0477,1729172.5,1742174099999999,82780.23144,852,995688.7,47683.5792,0
1742174100000000,0.0478,0.0479,0.0476,0.0479,1075242.3,1742174999999999,51344.19226,638,617560.1,29487.28962,0
1742175000000000,0.0478,0.0481,0.0478,0.048,1283050.7,1742175899999999,61576.95448,659,424592.7,20382.21613,0
1742175900000000,0.0481,0.0483,0.048,0.0482,1049392.8,1742176799999999,50622.78252,670,568835.7,27447.5272,0
1742176800000000,0.0481,0.0484,0.0481,0.0483,422688.8,1742177699999999,20390.4724,566,184026.9,8877.92831,0
1742177700000000,0.0482,0.0488,0.0482,0.0487,1410462.3,1742178599999999,68470.99975,727,677428.0,32858.92381,0
1742178600000000,0.0487,0.0488,0.0486,0.0488,1207026.2,1742179499999999,58766.20986,688,503320.8,24512.94035,0
1742179500000000,0.0487,0.049,0.0487,0.049,1049347.0,1742180399999999,51225.75111,618,800269.1,39062.35226,0
1742180400000000,0.0489,0.0492,0.0489,0.0491,1269249.6,1742181299999999,62258.37031,699,791155.3,38840.82589,0
1742181300000000,0.0492,0.0492,0.0488,0.0491,568334.6,1742182199999999,27850.67244,609,269994.8,13235.35528,0
1742182200000000,0.0492,0.0494,0.049,0.0493,839355.5,1742183099999999,41266.35863,619,298800.0,14693.36292,0
1742183100000000,0.0494,0.0495,0.0492,0.0494,503207.7,1742183999999999,24822.73781,604,264339.1,13045.61793,0
1742184000000000,0.0493,0.0497,0.0492,0.0493,1145366.2,1742184899999999,56632.98783,857,433744.7,21467.15378,0
1742184900000000,0.0492,0.0494,0.0491,0.0491,833062.8,1742185799999999,41018.0598,677,356647.9,17566.02187,0
1742185800000000,0.0492,0.0493,0.049,0.0491,643663.7,1742186699999999,31632.44664,628,354068.4,17411.09536,0
1742186700000000,0.0491,0.0492,0.0489,0.0491,1000962.2,1742187599999999,49065.07732,659,337959.3,16570.9253,0
1742187600000000,0.0491,0.0492,0.0487,0.0488,1059486.2,1742188499999999,51821.07988,853,436898.6,21374.85293,0
1742188500000000,0.0489,0.0491,0.0487,0.049,409854.4,1742189399999999,20038.62175,547,230815.6,11291.25047,0
1742189400000000,0.0489,0.049,0.0487,0.0487,749614.7,1742190299999999,36630.8891,713,186993.7,9138.84829,0
1742190300000000,0.0487,0.0488,0.0486,0.0486,526344.6,1742191199999999,25632.91043,563,388566.2,18925.26207,0
1742191200000000,0.0487,0.049,0.0486,0.0488,529352.1,1742192099999999,25852.30461,599,308752.4,15073.94319,0
1742192100000000,0.0488,0.0489,0.0482,0.0482,1040329.9,1742192999999999,50399.63076,749,243550.6,11790.47975,0
1742193000000000,0.0483,0.0483,0.0479,0.0482,1352997.8,1742193899999999,65083.64052,770,815771.0,39248.26866,0
1742193900000000,0.0483,0.0485,0.0482,0.0482,415577.1,1742194799999999,20066.55079,564,111649.8,5396.98517,0
1742194800000000,0.0483,0.0486,0.0481,0.0485,1450076.9,1742195699999999,70188.45658,789,894277.2,43319.06258,0
1742195700000000,0.0485,0.0488,0.0483,0.0487,1333689.4,1742196599999999,64794.91391,733,781002.2,37963.12724,0
1742196600000000,0.0488,0.0489,0.0485,0.0487,945735.7,1742197499999999,45999.86033,724,506766.1,24652.81482,0
1742197500000000,0.0486,0.0489,0.0486,0.0487,720584.6,1742198399999999,35127.52727,651,553621.6,26986.33475,0
1742198400000000,0.0488,0.0488,0.0485,0.0487,684732.6,1742199299999999,33309.90122,608,332843.2,16192.54219,0
1742199300000000,0.0488,0.0491,0.0486,0.049,606999.0,1742200199999999,29640.59756,618,376858.8,18426.57351,0
1742200200000000,0.0491,0.0493,0.0489,0.049,659072.4,1742201099999999,32328.36974,718,306517.4,15040.97703,0
1742201100000000,0.049,0.0494,0.049,0.0491,2768919.3,1742201999999999,136116.05511,1013,820835.3,40376.63071,0
1742202000000000,0.0491,0.0492,0.0488,0.0492,865953.5,1742202899999999,42411.52197,674,414466.0,20313.61775,0
1742202900000000,0.0493,0.0497,0.0492,0.0496,1466298.8,1742203799999999,72584.02313,865,836340.4,41431.6568,0
1742203800000000,0.0496,0.0496,0.0492,0.0492,1844057.7,1742204699999999,91155.07594,934,770091.0,38083.3788,0
1742204700000000,0.0492,0.0494,0.0491,0.0494,978310.8,1742205599999999,48213.26185,714,504731.0,24880.72203,0
1742205600000000,0.0493,0.0495,0.0492,0.0495,1236600.1,1742206499999999,61037.50022,816,710665.6,35085.06574,0
1742206500000000,0.0494,0.0496,0.0493,0.0495,2043060.9,1742207399999999,101057.40454,903,1306670.5,64677.79016,0
1742207400000000,0.0495,0.05,0.0494,0.0499,1711890.9,1742208299999999,85149.74558,798,1026981.4,51112.80125,0
1742208300000000,0.0499,0.0503,0.0498,0.0502,1777800.3,1742209199999999,89100.46727,743,835390.5,41840.09021,0
1742209200000000,0.0502,0.0503,0.0498,0.05,1076236.5,1742210099999999,53813.80245,810,429800.4,21496.20133,0
1742210100000000,0.05,0.0504,0.0499,0.05,2079126.5,1742210999999999,104258.69688,1200,771381.0,38710.92554,0
1742211000000000,0.0499,0.05,0.0496,0.0499,1268262.3,1742211899999999,63160.99299,894,560742.6,27926.10219,0
1742211900000000,0.0499,0.0501,0.0498,0.0499,641359.3,1742212799999999,32032.20792,615,318774.7,15927.85466,0
1742212800000000,0.05,0.0509,0.0499,0.05,5713180.3,1742213699999999,287346.2944,2053,3254208.4,163628.80834,0
1742213700000000,0.05,0.05,0.0495,0.0497,1719374.8,1742214599999999,85560.27931,874,663843.8,33015.27114,0
1742214600000000,0.0498,0.0506,0.0497,0.05,8708553.2,1742215499999999,436795.8967,2341,4402088.9,220811.42861,0
1742215500000000,0.05,0.0502,0.0496,0.0497,2414241.7,1742216399999999,120624.66919,907,860846.6,43046.10533,0
1742216400000000,0.0498,0.0498,0.0494,0.0496,2304040.6,1742217299999999,114245.45394,971,887422.2,44043.49196,0
1742217300000000,0.0495,0.0497,0.0492,0.0494,1365575.8,1742218199999999,67495.18217,816,622105.6,30784.70208,0
1742218200000000,0.0493,0.0499,0.0493,0.0496,3543817.7,1742219099999999,175794.93607,1545,1991292.4,98790.90704,0
1742219100000000,0.0496,0.0497,0.0493,0.0493,2889674.6,1742219999999999,142881.10222,1309,1545696.7,76449.09856,0
1742220000000000,0.0493,0.0494,0.0489,0.0493,5163886.4,1742220899999999,253858.64371,1657,2765914.6,135973.08799,0
1742220900000000,0.0493,0.0496,0.0491,0.0495,2464209.5,1742221799999999,121498.71594,1022,1212125.4,59797.3731,0
1742221800000000,0.0494,0.05,0.0494,0.0498,3681051.9,1742222699999999,183083.72709,1419,1993691.7,99188.31408,0
1742222700000000,0.0498,0.05,0.0495,0.0496,2573672.1,1742223599999999,128085.86303,1225,1262165.7,62822.33548,0
1742223600000000,0.0495,0.0498,0.0493,0.0498,2799248.9,1742224499999999,138590.92349,1058,1321904.6,65489.39016,0
1742224500000000,0.0497,0.0501,0.0496,0.0499,2593757.7,1742225399999999,129492.39582,1060,1136486.5,56760.71805,0
1742225400000000,0.0499,0.05,0.0495,0.0497,1862925.4,1742226299999999,92704.63955,924,950028.6,47294.67072,0
1742226300000000,0.0498,0.0501,0.0496,0.05,2185025.8,1742227199999999,108863.97677,972,1063728.5,53014.91202,0
1742227200000000,0.05,0.0503,0.0498,0.05,1382460.4,1742228099999999,69112.22354,837,484291.1,24221.03595,0
1742228100000000,0.05,0.0501,0.0497,0.0499,1174854.1,1742228999999999,58618.92973,736,589105.0,29384.91124,0
1742229000000000,0.0499,0.0501,0.0495,0.0496,1039802.6,1742229899999999,51818.8378,697,474375.8,23644.38852,0
1742229900000000,0.0496,0.0496,0.0494,0.0496,1028377.1,1742230799999999,50920.01758,653,414483.8,20532.63021,0
1742230800000000,0.0495,0.0498,0.0494,0.0497,1250558.1,1742231699999999,62082.30758,808,711058.4,35287.54209,0
1742231700000000,0.0497,0.0498,0.0495,0.0498,645654.0,1742232599999999,32051.20598,582,249817.8,12412.45174,0
1742232600000000,0.0498,0.0501,0.0496,0.05,1715809.4,1742233499999999,85543.97217,878,705146.5,35186.52093,0
1742233500000000,0.05,0.0502,0.0498,0.05,662114.6,1742234399999999,33135.72856,632,278428.6,13932.80256,0
1742234400000000,0.0501,0.0503,0.0499,0.0501,2189641.2,1742235299999999,109682.59176,980,1247442.0,62492.38754,0
1742235300000000,0.0501,0.0504,0.05,0.05,1685868.9,1742236199999999,84589.05952,817,940730.5,47232.82001,0
1742236200000000,0.05,0.0505,0.05,0.0505,1565651.0,1742237099999999,78774.15952,791,910834.4,45824.77127,0
1742237100000000,0.0504,0.0506,0.0503,0.0504,1139329.5,1742237999999999,57493.81422,791,587032.5,29640.65868,0
1742238000000000,0.0504,0.0507,0.0504,0.0506,1869245.4,1742238899999999,94419.04963,831,972009.4,49099.78779,0
1742238900000000,0.0505,0.0506,0.0503,0.0504,1302205.7,1742239799999999,65704.23929,434,300165.4,15156.29069,0
1742239800000000,0.0504,0.0506,0.0504,0.0505,245812.9,1742240699999999,12414.36656,144,134121.3,6774.43171,0
1742240700000000,0.0505,0.0506,0.0502,0.0502,984835.5,1742241599999999,49636.59765,280,389028.4,19609.43584,0
1742241600000000,0.0502,0.0504,0.0502,0.0504,644235.5,1742242499999999,32416.50967,343,212256.7,10679.98141,0
1742242500000000,0.0505,0.0507,0.0504,0.0504,1415608.8,1742243399999999,71574.85015,534,563223.6,28473.58444,0
1742243400000000,0.0505,0.0506,0.0503,0.0504,2084121.0,1742244299999999,105141.60373,510,1121568.4,56609.66578,0
1742244300000000,0.0505,0.0506,0.0502,0.0502,804543.3,1742245199999999,40663.69485,128,615239.5,31116.80759,0
1742245200000000,0.0503,0.0504,0.05,0.05,1891598.6,1742246099999999,94898.59033,618,921684.6,46270.81579,0
1742246100000000,0.0501,0.0504,0.05,0.0502,978938.4,1742246999999999,49123.54408,321,602697.9,30243.23085,0
1742247000000000,0.0503,0.0506,0.0502,0.0505,606025.8,1742247899999999,30597.16508,303,404868.7,20452.5712,0
1742247900000000,0.0505,0.0508,0.0505,0.0506,699412.9,1742248799999999,35442.92462,379,276243.1,13993.0424,0
1742248800000000,0.0507,0.0507,0.0504,0.0504,979641.7,1742249699999999,49487.9832,456,291586.9,14738.81463,0
1742249700000000,0.0504,0.0505,0.0502,0.0503,996103.4,1742250599999999,50174.02945,335,354290.7,17834.98642,0
1742250600000000,0.0504,0.0505,0.0501,0.0501,597830.5,1742251499999999,30085.22474,246,166042.5,8367.06576,0
1742251500000000,0.0501,0.0503,0.0501,0.0501,1118270.8,1742252399999999,56109.19844,246,727444.5,36513.44134,0
1742252400000000,0.0501,0.0502,0.05,0.0501,1031310.1,1742253299999999,51668.20323,237,713879.8,35769.65833,0
1742253300000000,0.0501,0.0502,0.0498,0.0498,878870.0,1742254199999999,43974.5034,324,246327.7,12324.66479,0
1742254200000000,0.0498,0.0499,0.0497,0.0499,560402.7,1742255099999999,27916.81796,203,267375.3,13330.06998,0
1742255100000000,0.05,0.0501,0.0498,0.0499,358212.2,1742255999999999,17880.53658,214,72862.5,3640.8155,0
1742256000000000,0.05,0.0503,0.0499,0.0502,1284156.0,1742256899999999,64361.18191,437,775848.2,38874.85525,0
1742256900000000,0.0502,0.0504,0.0498,0.0502,3023379.0,1742257799999999,151603.8073,792,1950636.2,97762.61873,0
1742257800000000,0.0502,0.0505,0.05,0.0503,952863.6,1742258699999999,47897.06999,348,479927.8,24140.16155,0
1742258700000000,0.0504,0.0504,0.0501,0.0503,1191152.7,1742259599999999,59801.64505,463,652739.1,32772.85898,0
1742259600000000,0.0503,0.0503,0.05,0.0501,730205.7,1742260499999999,36631.2198,273,302220.5,15152.30595,0
1742260500000000,0.05,0.05,0.0495,0.0497,1692019.8,1742261399999999,84093.84855,754,797067.5,39610.23457,0
1742261400000000,0.0497,0.0497,0.0493,0.0493,1804878.6,1742262299999999,89356.69769,507,913382.6,45209.67066,0
1742262300000000,0.0493,0.0495,0.0491,0.0492,1775736.2,1742263199999999,87522.07339,545,1077561.9,53115.56347,0
1742263200000000,0.0492,0.0495,0.0492,0.0495,1124764.7,1742264099999999,55557.63147,386,594093.1,29352.42839,0
1742264100000000,0.0495,0.0496,0.0493,0.0495,978420.3,1742264999999999,48441.37122,238,430364.6,21302.43248,0
1742265000000000,0.0496,0.0497,0.0494,0.0495,1603512.8,1742265899999999,79499.54708,360,636322.6,31553.6581,0
1742265900000000,0.0495,0.0497,0.0493,0.0493,1093559.4,1742266799999999,54130.34707,219,503693.5,24940.42738,0
1742266800000000,0.0493,0.0493,0.049,0.0491,1038278.1,1742267699999999,51049.98539,435,516923.3,25414.46782,0
1742267700000000,0.0492,0.0493,0.0489,0.049,1127540.6,1742268599999999,55398.88854,276,476276.5,23413.39936,0
1742268600000000,0.0489,0.049,0.0486,0.0489,1827205.2,1742269499999999,89115.04522,572,908326.4,44329.75694,0
1742269500000000,0.049,0.0491,0.0486,0.0487,1147908.3,1742270399999999,56004.86844,1384,498072.6,24307.22115,0
1742270400000000,0.0488,0.0491,0.0487,0.0491,1370006.6,1742271299999999,67049.41613,1469,807581.8,39536.41832,0
1742271300000000,0.049,0.0493,0.0489,0.0492,1352700.3,1742272199999999,66376.48348,1321,731317.8,35904.11708,0
1742272200000000,0.0492,0.0496,0.0491,0.0494,1412451.0,1742273099999999,69591.45552,1482,722287.2,35612.79645,0
1742273100000000,0.0495,0.0495,0.0491,0.0493,998573.1,1742273999999999,49256.20626,1403,448803.4,22144.71934,0
1742274000000000,0.0494,0.0496,0.0493,0.0494,602456.0,1742274899999999,29805.72753,1275,294198.9,14564.30599,0
1742274900000000,0.0493,0.0495,0.0491,0.0494,758755.0,1742275799999999,37390.37478,1388,471181.6,23232.06897,0
1742275800000000,0.0495,0.0496,0.0492,0.0495,800517.3,1742276699999999,39548.17988,1312,424098.6,20959.96146,0
1742276700000000,0.0496,0.0496,0.0489,0.0492,1275781.8,1742277599999999,62674.74103,1411,329697.9,16198.49289,0
1742277600000000,0.0492,0.0495,0.049,0.0491,1228209.8,1742278499999999,60527.37654,1502,580460.1,28608.42999,0
1742278500000000,0.0492,0.0492,0.0488,0.049,1131006.0,1742279399999999,55380.30558,1385,649032.0,31779.18221,0
1742279400000000,0.0491,0.0492,0.0488,0.0488,1457986.6,1742280299999999,71413.5505,1668,824987.6,40423.53398,0
1742280300000000,0.0489,0.0489,0.0486,0.0488,2233527.2,1742281199999999,108856.35872,1694,628215.3,30636.93142,0
1742281200000000,0.0487,0.0495,0.0486,0.049,2281956.4,1742282099999999,111942.18805,2108,1366053.6,67122.56229,0
1742282100000000,0.049,0.0495,0.0489,0.0494,1052107.7,1742282999999999,51717.45216,1411,664103.1,32659.55385,0
1742283000000000,0.0495,0.0495,0.0491,0.0493,1043154.4,1742283899999999,51404.03044,1326,435274.1,21453.18212,0
1742283900000000,0.0492,0.0494,0.049,0.0491,1263176.2,1742284799999999,62045.74592,1376,572875.5,28155.03918,0
1742284800000000,0.0491,0.0493,0.0488,0.0489,685061.5,1742285699999999,33584.58664,1319,245016.5,12018.19316,0
1742285700000000,0.049,0.0493,0.0488,0.0492,1250271.5,1742286599999999,61345.41997,1384,882044.3,43332.81094,0
1742286600000000,0.0493,0.0497,0.0492,0.0493,1338786.5,1742287499999999,66256.18938,1464,686861.6,34005.01231,0
1742287500000000,0.0494,0.0495,0.0493,0.0495,728013.0,1742288399999999,35973.39417,1417,463988.5,22935.87898,0
1742288400000000,0.0495,0.0497,0.0492,0.0495,619453.7,1742289299999999,30629.18182,1349,333006.3,16469.23282,0
1742289300000000,0.0496,0.0496,0.0493,0.0495,1194117.4,1742290199999999,59024.10456,1349,449306.4,22232.06917,0
1742290200000000,0.0495,0.0499,0.0494,0.0497,1632720.1,1742291099999999,81108.90237,1564,978991.9,48630.3259,0
1742291100000000,0.0498,0.0499,0.0493,0.0494,1492613.0,1742291999999999,73999.59149,1488,828965.3,41097.30038,0
1742292000000000,0.0495,0.0499,0.0494,0.0495,1145142.7,1742292899999999,56850.36756,1453,634951.8,31529.37996,0
1742292900000000,0.0496,0.0496,0.0493,0.0494,1155366.4,1742293799999999,57177.25587,1537,533410.5,26404.92852,0
1742293800000000,0.0495,0.0497,0.0492,0.0496,869299.7,1742294699999999,42961.80904,1419,471614.1,23319.87791,0
1742294700000000,0.0497,0.0499,0.0494,0.0499,1207714.7,1742295599999999,59968.59965,1635,635597.6,31582.46528,0
1742295600000000,0.0499,0.05,0.0495,0.0497,1172381.0,1742296499999999,58327.96778,1554,736715.9,36653.44603,0
1742296500000000,0.0497,0.0501,0.0496,0.0497,929490.4,1742297399999999,46317.38805,1505,478417.1,23844.39453,0
1742297400000000,0.0498,0.0499,0.0496,0.0496,786010.9,1742298299999999,39118.53821,1368,411671.4,20500.4646,0
1742298300000000,0.0497,0.0501,0.0496,0.0499,1259842.9,1742299199999999,62793.80389,1723,661878.8,32997.29681,0
1742299200000000,0.05,0.0501,0.0497,0.0498,1069381.0,1742300099999999,53375.78554,1551,517828.5,25860.32818,0
1742300100000000,0.0499,0.0503,0.0497,0.0499,985247.8,1742300999999999,49281.11077,1607,556893.7,27867.32728,0
1742301000000000,0.05,0.05,0.0496,0.0498,1657903.9,1742301899999999,82584.56019,1561,585839.2,29167.32734,0
1742301900000000,0.0499,0.0501,0.0498,0.0498,1014537.5,1742302799999999,50629.20082,1471,564652.0,28192.45634,0
1742302800000000,0.0499,0.0502,0.0496,0.0496,1879753.3,1742303699999999,93717.4695,1603,832166.6,41522.00515,0
1742303700000000,0.0497,0.0498,0.0495,0.0498,1307629.8,1742304599999999,64928.01788,1428,702778.5,34912.96127,0
1742304600000000,0.0497,0.0499,0.049,0.049,5142442.2,1742305499999999,253614.28124,2791,2151736.1,106171.50488,0
1742305500000000,0.0491,0.0492,0.0488,0.049,4717930.6,1742306399999999,230987.67386,2641,2373034.2,116225.47184,0
1742306400000000,0.049,0.0493,0.0488,0.0491,2679050.3,1742307299999999,131542.33382,1963,1377863.3,67673.30045,0
1742307300000000,0.0492,0.0493,0.049,0.0491,1783724.1,1742308199999999,87662.41523,1453,1063023.3,52277.44415,0
1742308200000000,0.0491,0.0497,0.0491,0.0495,1835806.6,1742309099999999,90753.49187,1635,1088918.6,53834.39248,0
1742309100000000,0.0495,0.0496,0.0492,0.0496,2078995.0,1742309999999999,102665.17569,1578,991170.9,48946.42887,0
1742310000000000,0.0496,0.0496,0.0491,0.0492,1046812.5,1742310899999999,51527.80754,1398,410716.9,20226.81092,0
1742310900000000,0.0492,0.0493,0.0489,0.0491,1470898.3,1742311799999999,72185.19053,1479,736340.0,36149.02922,0
1742311800000000,0.049,0.0493,0.0489,0.0489,1184128.9,1742312699999999,58116.32973,1423,647423.8,31780.91111,0
1742312700000000,0.049,0.049,0.0483,0.0483,1467677.2,1742313599999999,71321.32859,1534,683399.3,33247.70501,0
1742313600000000,0.0484,0.0487,0.0483,0.0487,2080748.6,1742314499999999,100818.06309,1648,1101597.3,53428.15751,0
1742314500000000,0.0487,0.0489,0.0485,0.0488,1524463.2,1742315399999999,74204.78744,1385,829031.7,40382.30395,0
1742315400000000,0.0489,0.049,0.0485,0.0487,1224538.8,1742316299999999,59734.98733,1399,616105.2,30069.43321,0
1742316300000000,0.0486,0.049,0.0485,0.0489,1141848.9,1742317199999999,55625.92772,1437,675916.9,32941.15463,0
1742317200000000,0.049,0.0491,0.0485,0.0487,1789881.6,1742318099999999,87423.05112,1556,610156.1,29807.88194,0
1742318100000000,0.0487,0.0488,0.0484,0.0486,1854019.4,1742318999999999,90032.34732,1475,1025815.7,49845.8435,0
1742319000000000,0.0486,0.0487,0.0483,0.0487,1041235.9,1742319899999999,50531.17912,1356,613368.5,29781.62351,0
1742319900000000,0.0487,0.0487,0.0482,0.0482,1431290.4,1742320799999999,69234.39146,1562,680859.3,32933.06572,0
1742320800000000,0.0483,0.0486,0.0482,0.0484,1591595.9,1742321699999999,77062.22328,1491,911160.0,44130.62035,0
1742321700000000,0.0485,0.0486,0.0483,0.0483,1224660.8,1742322599999999,59353.45119,1353,613351.2,29747.77344,0
1742322600000000,0.0483,0.0485,0.0481,0.0483,1082307.7,1742323499999999,52256.90099,1374,566969.9,27376.3382,0
1742323500000000,0.0484,0.0489,0.0483,0.0487,1367220.4,1742324399999999,66493.48326,1466,615854.1,29946.81579,0
1742324400000000,0.0486,0.0489,0.0485,0.0488,1824258.7,1742325299999999,88775.16359,1454,1105606.6,53808.82729,0
1742325300000000,0.0489,0.0491,0.0487,0.0487,1072989.4,1742326199999999,52495.90684,1331,434915.9,21295.61459,0
1742326200000000,0.0488,0.0491,0.0487,0.0489,1337306.4,1742327099999999,65434.5623,1476,718499.2,35158.68696,0
1742327100000000,0.0489,0.0494,0.0489,0.0492,2098792.5,1742327999999999,102992.54496,1707,1052587.2,51668.65324,0
1742328000000000,0.0491,0.0495,0.0491,0.0491,1525698.2,1742328899999999,75173.63033,1600,791333.3,38996.00426,0
1742328900000000,0.0492,0.0493,0.0489,0.049,1228818.7,1742329799999999,60328.68418,1397,662889.6,32560.2203,0
1742329800000000,0.049,0.0493,0.0489,0.0492,1026436.3,1742330699999999,50409.94679,1326,518219.9,25463.68384,0
1742330700000000,0.0493,0.0495,0.0491,0.0495,1244173.8,1742331599999999,61403.02331,1372,732985.0,36187.77344,0
1742331600000000,0.0494,0.0498,0.0494,0.0497,1495729.8,1742332499999999,74153.23914,1556,923216.6,45787.15679,0
1742332500000000,0.0498,0.0499,0.0497,0.0497,1481450.9,1742333399999999,73731.02469,1413,592982.7,29525.74737,0
1742333400000000,0.0498,0.0498,0.0494,0.0496,767555.2,1742334299999999,38075.49804,1380,400879.0,19891.06293,0
1742334300000000,0.0496,0.0497,0.0495,0.0496,539310.7,1742335199999999,26730.11282,1374,340210.7,16872.19274,0
1742335200000000,0.0497,0.0498,0.0495,0.0497,1235637.5,1742336099999999,61347.88969,1503,589306.7,29263.18795,0
1742336100000000,0.0496,0.0497,0.0495,0.0495,619143.6,1742336999999999,30725.96991,1310,202442.2,10059.76494,0
1742337000000000,0.0495,0.0498,0.0494,0.0498,1133566.0,1742337899999999,56272.25885,1393,728796.9,36181.96967,0
1742337900000000,0.0498,0.0501,0.0497,0.0501,1545350.8,1742338799999999,77127.32647,1385,710553.7,35477.77526,0
1742338800000000,0.05,0.0502,0.0499,0.05,1437746.6,1742339699999999,71954.30293,1359,680345.0,34061.93287,0
1742339700000000,0.05,0.0502,0.05,0.0501,1274911.3,1742340599999999,63862.69944,1488,819616.2,41070.73492,0
1742340600000000,0.0502,0.0502,0.0499,0.0502,978326.5,1742341499999999,48986.1942,1319,521189.2,26110.78133,0
1742341500000000,0.0501,0.0503,0.05,0.0502,456956.0,1742342399999999,22921.2569,744,293473.4,14723.48426,0
1742342400000000,0.0502,0.0507,0.0501,0.0507,3093509.6,1742343299999999,156060.2795,1242,1906312.3,96190.20462,0
1742343300000000,0.0507,0.0515,0.0506,0.0512,7068504.2,1742344199999999,360792.54428,2277,3432681.2,175206.33195,0
1742344200000000,0.0512,0.0514,0.0509,0.0511,1876086.1,1742345099999999,95971.48871,1027,948612.4,48508.15624,0
1742345100000000,0.0511,0.0517,0.0511,0.0517,1900921.8,1742345999999999,97657.85087,1068,1193038.2,61245.33764,0
1742346000000000,0.0516,0.0519,0.0515,0.0517,2197348.0,1742346899999999,113601.8959,1133,1251923.9,64720.50821,0
1742346900000000,0.0517,0.0522,0.0517,0.0519,3320380.4,1742347799999999,172540.74856,1422,1734890.8,90127.83078,0
1742347800000000,0.0519,0.0526,0.0519,0.0525,5581411.8,1742348699999999,292493.74321,1901,2971654.4,155678.06109,0
1742348700000000,0.0525,0.0528,0.0516,0.0517,4357373.5,1742349599999999,227649.75091,1894,2168270.4,113419.48044,0
1742349600000000,0.0517,0.0523,0.0517,0.0521,3430443.5,1742350499999999,178343.34024,1601,1733629.7,90108.91811,0
1742350500000000,0.052,0.0523,0.0517,0.052,1667667.9,1742351399999999,86742.84636,982,717809.4,37341.98083,0
1742351400000000,0.052,0.0527,0.0519,0.0523,1834708.8,1742352299999999,96117.93497,1251,1037365.1,54324.30562,0
1742352300000000,0.0523,0.0528,0.0522,0.0528,1670843.4,1742353199999999,87699.30723,1305,1075548.0,56444.76199,0
1742353200000000,0.0528,0.0529,0.0523,0.0528,3383969.6,1742354099999999,178081.75788,1829,1977406.0,104090.18603,0
1742354100000000,0.0528,0.053,0.0522,0.0524,1717527.4,1742354999999999,90206.45899,1255,885343.8,46523.67539,0
1742355000000000,0.0525,0.0531,0.0524,0.053,1478359.3,1742355899999999,77982.05641,1141,899124.0,47457.46825,0
1742355900000000,0.053,0.0535,0.0529,0.0533,3603262.6,1742356799999999,191608.98146,1431,1904030.7,101235.35408,0
1742356800000000,0.0533,0.0538,0.0532,0.0534,5415415.0,1742357699999999,289888.97906,2403,3554157.3,190246.81713,0
1742357700000000,0.0534,0.054,0.0534,0.0536,5835186.4,1742358599999999,313182.33212,2975,2824922.5,151617.71914,0
1742358600000000,0.0536,0.054,0.0534,0.054,8113757.4,1742359499999999,435971.70505,3275,5189623.7,278895.89328,0
1742359500000000,0.054,0.0544,0.0537,0.0542,8139915.9,1742360399999999,439722.6599,3192,4048320.9,218736.37152,0
1742360400000000,0.0541,0.0545,0.0537,0.0543,6720173.3,1742361299999999,363105.93065,2551,3661497.9,197865.87619,0
1742361300000000,0.0543,0.0551,0.0542,0.0549,7508632.6,1742362199999999,409564.19229,2479,4759205.8,259672.52941,0
1742362200000000,0.055,0.0554,0.0547,0.0552,15388540.3,1742363099999999,848054.91501,4160,8819765.1,486210.59449,0
1742363100000000,0.0553,0.0557,0.0548,0.0556,6460803.8,1742363999999999,356997.56627,1900,3841826.5,212485.86082,0
1742364000000000,0.0556,0.0566,0.0552,0.0565,23965816.6,1742364899999999,1341572.91835,5178,12709784.1,711466.89563,0
1742364900000000,0.0565,0.0567,0.0545,0.0549,21023677.1,1742365799999999,1171790.95011,4446,9434342.7,527024.57279,0
1742365800000000,0.0549,0.055,0.0536,0.0541,19934497.4,1742366699999999,1078073.13722,3542,9319517.2,504212.71759,0
1742366700000000,0.054,0.0543,0.0536,0.0542,7573672.6,1742367599999999,408568.34706,1949,3845992.1,207581.43922,0
1742367600000000,0.0542,0.0544,0.0539,0.0544,5113154.9,1742368499999999,276500.74985,1506,2831956.1,153171.15897,0
1742368500000000,0.0544,0.0548,0.0542,0.0543,4160694.5,1742369399999999,226522.64341,1602,2091627.9,113906.08198,0
1742369400000000,0.0543,0.0545,0.0532,0.0534,8671741.6,1742370299999999,466013.42831,2457,2940661.9,158438.68303,0
1742370300000000,0.0534,0.0534,0.053,0.053,5772944.0,1742371199999999,306744.52743,1349,1947904.9,103524.51523,0
1742371200000000,0.053,0.0533,0.0528,0.0531,3157157.3,1742372099999999,167429.96591,933,1516414.2,80445.29206,0
1742372100000000,0.0531,0.0531,0.0524,0.0524,4330570.9,1742372999999999,228426.91922,1050,1123470.8,59339.19038,0
1742373000000000,0.0525,0.0527,0.0522,0.0524,6900215.2,1742373899999999,361786.82436,1393,3129626.1,164099.42457,0
1742373900000000,0.0525,0.0525,0.052,0.0522,4233916.2,1742374799999999,221135.61099,1080,2080440.4,108650.23814,0
1742374800000000,0.0522,0.0527,0.0519,0.0524,4802543.9,1742375699999999,251218.72218,1100,2446586.2,127936.2181,0
1742375700000000,0.0525,0.0527,0.0524,0.0524,2225235.4,1742376599999999,116866.41327,638,1177410.9,61837.91277,0
1742376600000000,0.0525,0.0528,0.0523,0.0524,3426179.9,1742377499999999,179932.11824,772,1751425.0,91940.76608,0
1742377500000000,0.0525,0.0525,0.0521,0.0524,2721870.9,1742378399999999,142428.41385,698,1557234.0,81508.35637,0
1742378400000000,0.0524,0.0525,0.052,0.0521,2126964.9,1742379299999999,111034.37545,620,1124348.7,58707.56707,0
1742379300000000,0.052,0.0527,0.052,0.0526,1312044.8,1742380199999999,68697.02415,525,749124.2,39200.73849,0
1742380200000000,0.0526,0.0537,0.0525,0.0528,10270547.6,1742381099999999,544932.73887,1979,6653623.7,352856.50132,0
1742381100000000,0.0528,0.0534,0.0528,0.0532,4196773.2,1742381999999999,223146.81516,893,2510770.7,133496.27512,0
1742382000000000,0.0532,0.0534,0.0528,0.0533,6123020.2,1742382899999999,325287.08979,1343,3249736.9,172656.34796,0
1742382900000000,0.0533,0.0535,0.0528,0.0532,3547712.4,1742383799999999,188770.99499,1306,1723917.2,91814.81203,0
1742383800000000,0.0532,0.0533,0.0529,0.053,1848139.9,1742384699999999,98143.05134,795,922055.1,48975.07643,0
1742384700000000,0.053,0.0531,0.0526,0.0527,2055817.9,1742385599999999,108595.33864,739,1021072.5,53959.72727,0
1742385600000000,0.0527,0.0529,0.0523,0.0528,3815702.2,1742386499999999,200861.82253,1102,1605102.7,84493.71598,0
1742386500000000,0.0527,0.0529,0.0525,0.0527,2547223.2,1742387399999999,134380.41894,771,1482009.2,78188.04461,0
1742387400000000,0.0527,0.0528,0.0523,0.0525,3007676.7,1742388299999999,157944.97258,1004,1341312.1,70465.15553,0
1742388300000000,0.0525,0.0527,0.0522,0.0526,2245931.8,1742389199999999,117824.9057,668,1459160.4,76568.12892,0
1742389200000000,0.0526,0.053,0.0521,0.0524,7225534.6,1742390099999999,379904.34404,2376,4180118.1,219750.14392,0
1742390100000000,0.0524,0.0526,0.0519,0.0522,7119351.4,1742390999999999,372421.33553,2508,3103891.0,162413.29914,0
1742391000000000,0.0521,0.0522,0.0517,0.052,3782242.4,1742391899999999,196357.13657,1783,1968185.1,102186.92103,0
1742391900000000,0.052,0.0525,0.0519,0.0524,4284673.2,1742392799999999,223802.75176,1589,2531944.0,132242.74905,0
1742392800000000,0.0524,0.0529,0.0523,0.0526,5032254.7,1742393699999999,264494.64385,2181,2584689.8,135920.00095,0
1742393700000000,0.0526,0.0528,0.0523,0.0524,2313345.3,1742394599999999,121616.66172,1236,1465763.0,77048.71626,0
1742394600000000,0.0524,0.0526,0.0522,0.0524,2626112.7,1742395499999999,137568.68859,1394,1250253.1,65495.30297,0
1742395500000000,0.0524,0.0525,0.0522,0.0525,1479914.8,1742396399999999,77460.23443,1032,658923.6,34501.09097,0
1742396400000000,0.0525,0.0528,0.0523,0.0524,4251524.1,1742397299999999,223515.5345,1629,2476803.1,130209.52396,0
1742397300000000,0.0525,0.0526,0.0521,0.0523,6511990.5,1742398199999999,341181.2239,1947,2829993.8,148343.06945,0
1742398200000000,0.0523,0.0527,0.0521,0.0526,1722987.0,1742399099999999,90268.29042,1157,1212129.5,63501.90895,0
1742399100000000,0.0525,0.0528,0.0525,0.0527,1384911.5,1742399999999999,72895.86181,983,769588.0,40511.97529,0
1742400000000000,0.0527,0.0528,0.0524,0.0525,755062.6,1742400899999999,39668.12864,851,402067.1,21126.61144,0
1742400900000000,0.0525,0.0529,0.0523,0.0526,1478324.3,1742401799999999,77734.28216,1078,845213.1,44435.57145,0
1742401800000000,0.0526,0.0527,0.0523,0.0526,3605039.4,1742402699999999,189363.71645,1237,1858603.8,97624.97569,0
1742402700000000,0.0526,0.0529,0.0525,0.0526,1409604.4,1742403599999999,74280.76964,1209,992644.0,52321.35923,0
1742403600000000,0.0526,0.0526,0.0522,0.0523,1122078.8,1742404499999999,58820.84179,999,616105.4,32300.17128,0
1742404500000000,0.0523,0.0524,0.0521,0.0522,855748.3,1742405399999999,44708.92349,809,342752.1,17925.25874,0
1742405400000000,0.0522,0.0522,0.0515,0.0518,5295675.3,1742406299999999,274336.8103,2413,2604093.0,134877.67249,0
1742406300000000,0.0518,0.0521,0.0517,0.052,1869839.5,1742407199999999,97002.77379,1096,1307556.5,67857.46857,0
1742407200000000,0.052,0.0527,0.0515,0.0522,11215919.1,1742408099999999,583457.49244,3642,5694184.0,296367.45012,0
1742408100000000,0.0522,0.0524,0.0518,0.0522,2365105.3,1742408999999999,123093.57197,1613,1016367.2,52945.98515,0
1742409000000000,0.0522,0.0527,0.0522,0.0527,1827673.8,1742409899999999,95896.36125,1328,1160195.4,60886.6819,0
1742409900000000,0.0527,0.0535,0.0526,0.0533,4934897.8,1742410799999999,262427.58126,1960,2594927.5,137906.11769,0
1742410800000000,0.0533,0.0535,0.0529,0.0533,6368219.9,1742411699999999,338819.91965,1964,3351025.2,178311.51804,0
1742411700000000,0.0533,0.0534,0.0527,0.0527,3094500.0,1742412599999999,163829.35511,1432,1566218.8,82930.61942,0
1742412600000000,0.0528,0.0531,0.0527,0.0531,1856587.5,1742413499999999,98218.27722,1260,1062301.8,56208.33833,0
1742413500000000,0.0531,0.0532,0.0528,0.0532,1803250.4,1742414399999999,95545.95714,1007,954822.7,50606.98226,0
1742414400000000,0.0532,0.0535,0.0531,0.0533,1807228.4,1742415299999999,96266.30667,1039,1117786.2,59542.13907,0
1742415300000000,0.0533,0.0535,0.0531,0.0534,612064.7,1742416199999999,32615.14667,773,400070.0,21317.71474,0
1742416200000000,0.0534,0.0534,0.0531,0.0532,1124334.4,1742417099999999,59870.64677,872,683721.6,36405.25339,0
1742417100000000,0.0532,0.0532,0.0529,0.0532,1362963.2,1742417999999999,72307.84295,984,777381.7,41240.59864,0
1742418000000000,0.0532,0.0536,0.053,0.0536,1867110.4,1742418899999999,99714.77424,1197,969633.8,51794.40604,0
1742418900000000,0.0536,0.0536,0.0532,0.0534,745621.5,1742419799999999,39760.59981,828,395827.0,21107.33813,0
1742419800000000,0.0534,0.0537,0.0532,0.0535,718430.1,1742420699999999,38422.56436,892,438847.3,23474.77656,0
1742420700000000,0.0535,0.0539,0.0533,0.0538,1603840.9,1742421599999999,85953.91166,1099,946479.8,50711.45866,0
1742421600000000,0.0538,0.0541,0.0536,0.0541,4936138.8,1742422499999999,265821.96741,1444,2585534.0,139225.62625,0
1742422500000000,0.054,0.0541,0.0534,0.0535,3346656.8,1742423399999999,179250.51352,1028,597087.4,32029.08825,0
1742423400000000,0.0535,0.0537,0.0533,0.0537,1661899.1,1742424299999999,88864.42939,955,1294419.1,69251.229,0
1742424300000000,0.0537,0.0538,0.0534,0.0535,1294748.8,1742425199999999,69306.94606,877,671305.4,35936.10211,0
1742425200000000,0.0535,0.0536,0.0532,0.0533,953812.0,1742426099999999,50961.93629,814,666111.5,35589.82911,0
1742426100000000,0.0533,0.0536,0.0533,0.0534,1300241.7,1742426999999999,69444.94652,895,1005496.8,53691.63889,0
1742427000000000,0.0534,0.0535,0.0531,0.0532,1384374.4,1742427899999999,73808.34961,923,832776.4,44403.09643,0
1742427900000000,0.0533,0.0534,0.0532,0.0533,1189909.8,1742428799999999,63397.3783,834,739504.3,39408.19649,0
1742428800000000,0.0533,0.0534,0.0529,0.0531,5438719.1,1742429699999999,289233.84695,1627,2957973.6,157339.01318,0
1742429700000000,0.0532,0.0532,0.0528,0.0531,1944648.6,1742430599999999,103084.41382,943,1166031.1,61823.39351,0
1742430600000000,0.0531,0.054,0.0529,0.0534,8035935.2,1742431499999999,430031.38132,2266,4155006.0,222575.21298,0
1742431500000000,0.0533,0.0534,0.0527,0.0534,3009399.6,1742432399999999,159716.49248,1161,1225061.9,65000.92696,0
1742432400000000,0.0534,0.0541,0.0534,0.0538,4824659.6,1742433299999999,259170.59081,1566,2178752.6,117054.85945,0
1742433300000000,0.0538,0.0544,0.0536,0.0542,5135286.9,1742434199999999,277415.29008,1438,2600900.3,140411.07315,0
1742434200000000,0.0542,0.0543,0.0536,0.0537,3920518.9,1742435099999999,211138.87545,1325,2201826.4,118582.76073,0
1742435100000000,0.0537,0.0541,0.0536,0.0541,1242132.8,1742435999999999,66877.40201,935,887941.8,47815.19288,0
1742436000000000,0.0542,0.0546,0.0537,0.0546,5170768.6,1742436899999999,280247.67792,1557,2722739.2,147667.52677,0
1742436900000000,0.0546,0.0548,0.0543,0.0545,3017012.3,1742437799999999,164487.0983,1300,1464335.1,79836.19143,0
1742437800000000,0.0545,0.0548,0.0542,0.0547,2235365.1,1742438699999999,121892.07771,1101,1453981.7,79306.14091,0
1742438700000000,0.0547,0.0551,0.0547,0.055,6706043.1,1742439599999999,368365.17271,1958,3482406.0,191254.29649,0
1742439600000000,0.055,0.055,0.0547,0.0549,1848651.5,1742440499999999,101452.61318,1101,1018855.6,55940.36422,0
1742440500000000,0.0549,0.055,0.0547,0.0549,1357367.7,1742441399999999,74422.30571,897,842226.2,46193.3305,0
1742441400000000,0.0549,0.0549,0.0543,0.0546,2078250.3,1742442299999999,113317.84512,1129,1075375.4,58653.10661,0
1742442300000000,0.0546,0.0546,0.0541,0.0543,2025577.6,1742443199999999,109837.32089,967,1025746.8,55617.99418,0
1742443200000000,0.0543,0.0543,0.0536,0.0538,4408007.9,1742444099999999,237168.18677,1201,1837863.1,98890.12224,0
1742444100000000,0.0537,0.0539,0.0534,0.0539,1676191.0,1742444999999999,89869.64436,1030,978960.4,52512.42968,0
1742445000000000,0.0539,0.054,0.0535,0.0538,1835028.9,1742445899999999,98636.71377,1030,1072661.3,57667.6583,0
1742445900000000,0.0538,0.0539,0.0536,0.0539,1413852.9,1742446799999999,75974.81595,879,552186.0,29679.40883,0
1742446800000000,0.0539,0.054,0.0537,0.0539,1129169.7,1742447699999999,60772.45409,826,583631.5,31413.73018,0
1742447700000000,0.0539,0.0539,0.0536,0.0538,716278.5,1742448599999999,38486.77992,780,438817.5,23585.44583,0
1742448600000000,0.0538,0.054,0.0537,0.0539,1199638.4,1742449499999999,64551.16831,763,1016915.6,54720.37759,0
1742449500000000,0.0539,0.0539,0.0536,0.0538,903048.2,1742450399999999,48566.06641,780,491260.9,26427.77893,0
1742450400000000,0.0538,0.0544,0.0537,0.0544,821583.7,1742451299999999,44476.10368,821,640690.4,34671.26544,0
1742451300000000,0.0544,0.0545,0.0541,0.0543,1100934.2,1742452199999999,59766.23705,917,515516.5,27994.62467,0
1742452200000000,0.0543,0.0544,0.0539,0.0541,1101644.0,1742453099999999,59660.97652,835,671321.1,36370.70556,0
1742453100000000,0.054,0.0542,0.0538,0.054,1629133.5,1742453999999999,87944.87931,998,470632.6,25422.22193,0
1742454000000000,0.054,0.054,0.0537,0.0539,1568776.1,1742454899999999,84453.32399,1121,804222.6,43307.89438,0
1742454900000000,0.0539,0.0539,0.0537,0.0538,640567.0,1742455799999999,34430.29958,745,241641.1,12992.71732,0
1742455800000000,0.0538,0.0538,0.0536,0.0538,545532.5,1742456699999999,29309.08242,778,334489.3,17976.56062,0
1742456700000000,0.0538,0.054,0.0536,0.0537,1313148.3,1742457599999999,70698.72469,937,460860.8,24817.87697,0
1742457600000000,0.0537,0.0541,0.0536,0.0541,780300.7,1742458499999999,41996.17033,768,614960.5,33112.34649,0
1742458500000000,0.0541,0.0544,0.054,0.0543,890256.7,1742459399999999,48261.16264,891,458454.8,24870.25556,0
1742459400000000,0.0543,0.0545,0.054,0.0542,822698.4,1742460299999999,44615.67671,872,405709.2,22003.34389,0
1742460300000000,0.0542,0.0542,0.054,0.0541,518081.3,1742461199999999,28035.42349,725,249481.1,13504.83213,0
1742461200000000,0.0541,0.0541,0.0538,0.0539,1091829.7,1742462099999999,58881.83698,832,582599.8,31432.33848,0
1742462100000000,0.0539,0.0539,0.0533,0.0533,2327658.1,1742462999999999,124555.1022,991,1065175.2,56944.06453,0
1742463000000000,0.0533,0.0533,0.0529,0.0529,2380097.2,1742463899999999,126566.65201,633,1081206.5,57510.47171,0
1742463900000000,0.053,0.0531,0.0528,0.0528,2672397.0,1742464799999999,141356.32914,432,1394205.2,73769.1866,0
1742464800000000,0.0528,0.0529,0.0521,0.0524,2259674.3,1742465699999999,118787.37236,596,814105.9,42784.48154,0
1742465700000000,0.0524,0.0524,0.0518,0.0519,2607998.8,1742466599999999,135720.0922,882,1297652.8,67524.92445,0
1742466600000000,0.0519,0.0523,0.0519,0.0522,1576343.2,1742467499999999,82236.06113,346,997824.8,52051.07871,0
1742467500000000,0.0521,0.0522,0.0518,0.052,2207136.1,1742468399999999,114818.99326,221,512786.3,26635.15471,0
1742468400000000,0.052,0.0522,0.0518,0.0521,930857.0,1742469299999999,48478.92815,309,520223.7,27091.44804,0
1742469300000000,0.0521,0.0522,0.052,0.052,893568.8,1742470199999999,46604.43277,421,363830.0,18982.72318,0
1742470200000000,0.0521,0.0523,0.0519,0.052,864676.3,1742471099999999,45017.08792,1363,457926.4,23860.34222,0
1742471100000000,0.0519,0.0521,0.0519,0.0519,611125.0,1742471999999999,31760.6516,1279,372341.8,19361.9736,0
1742472000000000,0.0519,0.0523,0.0517,0.0522,1073907.9,1742472899999999,55769.61593,1413,462201.9,24037.68086,0
1742472900000000,0.0523,0.0524,0.0521,0.0522,839210.4,1742473799999999,43870.19057,1377,461311.3,24125.77741,0
1742473800000000,0.0523,0.0525,0.0522,0.0523,963567.5,1742474699999999,50425.89471,1398,517829.5,27106.15479,0
1742474700000000,0.0524,0.0527,0.0522,0.0522,1440902.4,1742475599999999,75553.04186,1433,463749.5,24339.40708,0
1742475600000000,0.0522,0.0523,0.0519,0.0522,891558.9,1742476499999999,46434.95373,1372,433358.0,22575.67025,0
1742476500000000,0.0522,0.0523,0.0521,0.0522,683518.1,1742477399999999,35667.43184,1297,448052.4,23393.27959,0
1742477400000000,0.0522,0.0524,0.0521,0.0522,974996.2,1742478299999999,50977.70804,1479,575368.4,30092.98028,0
1742478300000000,0.0523,0.0526,0.0521,0.0522,1186668.4,1742479199999999,62143.62018,1503,710098.4,37217.26717,0
1742479200000000,0.0523,0.0526,0.0522,0.0524,978069.9,1742480099999999,51311.32375,1483,525305.6,27571.22331,0
1742480100000000,0.0525,0.053,0.0524,0.0527,2100670.7,1742480999999999,110824.42596,1617,1142916.2,60335.1307,0
1742481000000000,0.0528,0.0529,0.0524,0.0528,4222596.2,1742481899999999,222817.08158,1820,3011804.1,159013.45202,0
1742481900000000,0.0528,0.053,0.0527,0.0529,1276424.4,1742482799999999,67459.05115,1549,457782.0,24206.48863,0
1742482800000000,0.053,0.0531,0.0524,0.0528,3292371.6,1742483699999999,173818.45349,2310,1581805.7,83551.78643,0
1742483700000000,0.0529,0.0529,0.0524,0.0527,2162453.4,1742484599999999,113818.63409,1855,1055173.0,55544.7694,0
1742484600000000,0.0526,0.0527,0.052,0.0524,2581162.6,1742485499999999,134894.93256,1842,1086422.6,56786.00123,0
1742485500000000,0.0524,0.0526,0.0521,0.0522,1503455.3,1742486399999999,78615.52737,1575,534897.6,27989.124,0
1742486400000000,0.0523,0.0527,0.0522,0.0525,2422710.9,1742487299999999,127212.66512,1711,1345262.0,70635.8503,0
1742487300000000,0.0525,0.0527,0.0521,0.0521,2764655.1,1742488199999999,144825.85354,1715,680303.9,35678.57639,0
1742488200000000,0.0521,0.0523,0.0516,0.0517,2728345.7,1742489099999999,141726.61414,2056,1143740.7,59438.07404,0
1742489100000000,0.0517,0.0518,0.0512,0.0515,5983696.5,1742489999999999,307737.69388,2481,2272930.2,117072.63415,0
1742490000000000,0.0516,0.0518,0.0513,0.0517,1680694.8,1742490899999999,86593.21668,1850,751291.9,38713.49547,0
1742490900000000,0.0518,0.0518,0.0515,0.0516,1202747.7,1742491799999999,62063.83211,1468,656554.4,33882.78386,0
1742491800000000,0.0517,0.052,0.0516,0.0519,1005306.0,1742492699999999,52064.68847,1394,695698.2,36042.85411,0
1742492700000000,0.052,0.052,0.0516,0.0517,541118.5,1742493599999999,28017.9449,1406,239454.1,12405.80004,0
1742493600000000,0.0518,0.0519,0.0515,0.0517,924023.4,1742494499999999,47790.13071,1337,451031.4,23332.16812,0
1742494500000000,0.0518,0.052,0.0516,0.0516,872409.8,1742495399999999,45167.10882,1422,411030.0,21286.89404,0
1742495400000000,0.0516,0.0518,0.0514,0.0515,1074047.4,1742496299999999,55474.42324,1396,492985.9,25480.53187,0
1742496300000000,0.0516,0.0517,0.0513,0.0513,621657.6,1742497199999999,32022.47688,1301,302843.2,15608.23653,0
1742497200000000,0.0514,0.0516,0.0513,0.0515,1107009.8,1742498099999999,56974.274,1483,776187.3,39963.04031,0
1742498100000000,0.0515,0.0518,0.0514,0.0515,575061.0,1742498999999999,29687.38978,1314,260226.0,13439.28874,0
1742499000000000,0.0516,0.0521,0.0515,0.052,1346499.7,1742499899999999,69767.24067,1431,1162399.4,60236.1653,0
1742499900000000,0.0521,0.0521,0.0519,0.0519,712998.6,1742500799999999,37084.81639,1346,434546.8,22611.00171,0
1742500800000000,0.052,0.0521,0.0516,0.0517,786925.2,1742501699999999,40781.59977,1338,361297.4,18725.75349,0
1742501700000000,0.0517,0.052,0.0517,0.0518,626116.0,1742502599999999,32480.17612,1303,344648.1,17886.53902,0
1742502600000000,0.0519,0.0519,0.0517,0.0518,313835.8,1742503499999999,16263.0834,1206,145962.4,7570.70348,0
1742503500000000,0.0518,0.0518,0.0516,0.0517,492528.1,1742504399999999,25472.59771,1259,272137.1,14080.3551,0
1742504400000000,0.0518,0.052,0.0515,0.0515,752836.4,1742505299999999,38995.58724,1351,286340.2,14843.9082,0
1742505300000000,0.0516,0.0519,0.0515,0.0519,732786.6,1742506199999999,37899.41334,1328,456531.7,23619.68152,0
1742506200000000,0.0519,0.0521,0.0517,0.0519,874078.3,1742507099999999,45375.35012,1401,442752.3,23000.10412,0
1742507100000000,0.0519,0.0521,0.0518,0.0518,761840.5,1742507999999999,39587.35248,1343,480071.8,24952.83836,0
1742508000000000,0.0518,0.052,0.0516,0.0518,847068.1,1742508899999999,43885.92239,1405,612205.0,31730.40409,0
1742508900000000,0.0519,0.0519,0.0516,0.0517,532455.9,1742509799999999,27577.22125,1361,215889.1,11187.00118,0
1742509800000000,0.0518,0.0519,0.0516,0.0517,835099.3,1742510699999999,43215.65023,1380,441497.1,22858.31734,0
1742510700000000,0.0517,0.0519,0.0515,0.0516,692267.5,1742511599999999,35774.10833,1291,401346.2,20742.95165,0
1742511600000000,0.0517,0.0517,0.0514,0.0515,800510.2,1742512499999999,41252.58561,1302,243907.7,12579.89499,0
1742512500000000,0.0515,0.0517,0.0515,0.0516,585127.0,1742513399999999,30182.93381,1282,303270.6,15652.58709,0
1742513400000000,0.0516,0.0519,0.0516,0.0518,838500.4,1742514299999999,43384.79219,1337,249641.8,12922.2065,0
1742514300000000,0.0517,0.0518,0.0516,0.0517,973332.0,1742515199999999,50333.68581,1341,222954.5,11539.87176,0
1742515200000000,0.0518,0.0519,0.0515,0.0519,2447999.3,1742516099999999,126607.86811,1532,896124.7,46354.52305,0
1742516100000000,0.0519,0.0519,0.0513,0.0515,1726136.5,1742516999999999,89135.68384,1379,508900.7,26263.14857,0
1742517000000000,0.0514,0.0517,0.0514,0.0515,805012.7,1742517899999999,41472.52442,1349,470686.7,24255.47918,0
1742517900000000,0.0516,0.0518,0.0515,0.0515,792030.0,1742518799999999,40891.56347,1345,417961.7,21594.96336,0
1742518800000000,0.0515,0.0519,0.0513,0.0518,1657957.1,1742519699999999,85383.07003,1485,1097033.7,56522.41284,0
1742519700000000,0.0519,0.052,0.0517,0.0518,785135.0,1742520599999999,40712.55671,1392,465616.6,24156.77047,0
1742520600000000,0.0519,0.0522,0.0517,0.0519,878199.6,1742521499999999,45640.515,1443,467614.5,24333.01114,0
1742521500000000,0.0519,0.0521,0.0518,0.0519,494372.9,1742522399999999,25690.76085,1402,246198.6,12800.68104,0
1742522400000000,0.052,0.0521,0.0518,0.0518,1343859.1,1742523299999999,69811.65701,1417,519344.3,26996.57249,0
1742523300000000,0.0519,0.052,0.0517,0.0519,1274756.4,1742524199999999,66054.42067,1377,813601.2,42169.1515,0
1742524200000000,0.0518,0.0519,0.0516,0.0516,627964.0,1742525099999999,32496.83126,1274,163936.3,8485.05455,0
1742525100000000,0.0517,0.0517,0.0513,0.0514,1050530.3,1742525999999999,54119.29645,1338,417501.1,21531.37275,0
1742526000000000,0.0515,0.0516,0.0514,0.0516,1655935.4,1742526899999999,85268.18589,1572,1236143.8,63663.65909,0
1742526900000000,0.0516,0.0519,0.0513,0.0515,1086550.8,1742527799999999,56102.06471,1476,689470.6,35605.71396,0
1742527800000000,0.0516,0.0517,0.0515,0.0516,1174965.6,1742528699999999,60644.2487,1471,682798.9,35253.75696,0
1742528700000000,0.0516,0.0519,0.0516,0.0518,1118024.3,1742529599999999,57920.03523,1516,678962.6,35182.72517,0
1742529600000000,0.0518,0.0519,0.0516,0.0517,723758.1,1742530499999999,37439.60231,1412,367523.2,19018.47375,0
1742530500000000,0.0517,0.0517,0.0512,0.0516,1530383.3,1742531399999999,78730.87053,1479,620251.4,31930.55672,0
1742531400000000,0.0515,0.0517,0.0514,0.0514,741641.2,1742532299999999,38211.62783,1357,337143.5,17387.38173,0
1742532300000000,0.0515,0.0516,0.0514,0.0515,624551.6,1742533199999999,32176.266,1233,330291.3,17023.72733,0
1742533200000000,0.0516,0.0518,0.0513,0.0514,1418922.4,1742534099999999,73085.66366,1429,764326.0,39399.10191,0
1742534100000000,0.0515,0.0516,0.0511,0.0512,1011820.9,1742534999999999,51914.30937,1405,450689.2,23143.23008,0
1742535000000000,0.0512,0.0515,0.0511,0.0514,852000.5,1742535899999999,43700.30303,1413,482202.5,24730.16964,0
1742535900000000,0.0515,0.0516,0.0511,0.0515,993738.3,1742536799999999,51022.27726,1504,507480.9,26067.14587,0
1742536800000000,0.0515,0.0519,0.0514,0.0517,1344482.8,1742537699999999,69447.06752,1479,674544.2,34834.09875,0
1742537700000000,0.0517,0.0519,0.0515,0.0517,1087276.2,1742538599999999,56126.99757,1453,529402.9,27337.73557,0
1742538600000000,0.0518,0.0519,0.0515,0.0516,1291085.1,1742539499999999,66773.72966,1458,494201.5,25568.40548,0
1742539500000000,0.0517,0.0517,0.0513,0.0516,903399.1,1742540399999999,46538.17601,1263,493571.8,25435.26803,0
1742540400000000,0.0517,0.0519,0.0513,0.0515,890061.2,1742541299999999,45979.34685,1475,487429.5,25191.24577,0
1742541300000000,0.0514,0.0515,0.0511,0.0514,1572985.4,1742542199999999,80669.89807,1530,549738.6,28193.00555,0
1742542200000000,0.0514,0.0514,0.0511,0.0512,1125918.1,1742543099999999,57663.7685,1414,528276.2,27059.47437,0
1742543100000000,0.0513,0.0513,0.051,0.051,1008248.4,1742543999999999,51538.07035,1387,442234.4,22611.88488,0
1742544000000000,0.0511,0.0512,0.0506,0.0506,2249838.4,1742544899999999,114485.15223,1745,845954.0,43105.04898,0
1742544900000000,0.0506,0.0507,0.0504,0.0504,1720241.2,1742545799999999,86918.01271,1634,763442.6,38580.30585,0
1742545800000000,0.0505,0.0505,0.0501,0.0503,2489655.7,1742546699999999,125138.83566,1788,1229870.8,61827.40647,0
1742546700000000,0.0503,0.0507,0.0502,0.0505,1486992.9,1742547599999999,75079.07079,1560,917533.0,46335.39452,0
1742547600000000,0.0506,0.0507,0.0502,0.0506,1776976.8,1742548499999999,89659.56253,1555,857648.6,43299.11002,0
1742548500000000,0.0506,0.0509,0.0505,0.0508,903330.4,1742549399999999,45816.38532,1307,508835.7,25808.97718,0
1742549400000000,0.0508,0.0512,0.0507,0.0508,3578365.1,1742550299999999,182457.90206,1692,2043051.7,104172.35709,0
1742550300000000,0.0509,0.0509,0.0506,0.0508,860362.5,1742551199999999,43652.14306,1313,356702.5,18109.43187,0
1742551200000000,0.0507,0.0508,0.0503,0.0505,3198673.7,1742552099999999,161441.60487,1430,1307807.9,66003.75348,0
1742552100000000,0.0505,0.0505,0.05,0.0502,1479317.6,1742552999999999,74315.95006,1680,818742.2,41139.87069,0
1742553000000000,0.0503,0.0503,0.0498,0.0499,2608330.2,1742553899999999,130489.51575,1733,943139.6,47196.19181,0
1742553900000000,0.05,0.0502,0.0499,0.0502,542025.3,1742554799999999,27165.59633,1249,369715.5,18537.8434,0
1742554800000000,0.0501,0.0502,0.0498,0.0499,694543.7,1742555699999999,34725.04531,1390,314971.9,15753.50482,0
1742555700000000,0.0498,0.0501,0.0496,0.0496,1689534.4,1742556599999999,84172.5588,1504,666887.7,33258.60653,0
1742556600000000,0.0497,0.05,0.0496,0.0499,1383235.7,1742557499999999,68843.79688,1388,825628.0,41112.18866,0
1742557500000000,0.0499,0.0502,0.0498,0.0499,1667061.5,1742558399999999,83357.00566,1563,873623.1,43706.53084,0
1742558400000000,0.0499,0.0502,0.0497,0.05,2193457.9,1742559299999999,109483.49977,1923,835731.5,41747.93466,0
1742559300000000,0.0501,0.0501,0.0498,0.0499,1668799.0,1742560199999999,83359.56111,1478,731423.1,36554.92793,0
1742560200000000,0.0499,0.05,0.0494,0.0495,2935918.7,1742561099999999,145871.18436,1861,1304756.3,64797.44591,0
1742561100000000,0.0496,0.0499,0.0495,0.0497,876991.8,1742561999999999,43594.42181,1288,483494.9,24029.72323,0
1742562000000000,0.0497,0.0498,0.0496,0.0498,552952.7,1742562899999999,27495.02162,1216,302167.7,15032.71702,0
1742562900000000,0.0497,0.0499,0.0495,0.0498,1300159.5,1742563799999999,64575.27102,1430,780242.6,38753.33254,0
1742563800000000,0.0498,0.0502,0.0495,0.05,1787023.8,1742564699999999,88993.80622,1680,952366.5,47452.9882,0
1742564700000000,0.0501,0.0503,0.0499,0.0499,2408703.5,1742565599999999,120638.96207,1621,1010382.1,50609.04554,0
1742565600000000,0.05,0.0501,0.0498,0.05,1623400.7,1742566499999999,81078.50153,1437,833513.1,41646.93957,0
1742566500000000,0.0501,0.0505,0.0499,0.0503,1185278.9,1742567399999999,59507.016,1420,611791.4,30735.8761,0
1742567400000000,0.0503,0.0505,0.0501,0.0502,1252648.3,1742568299999999,63064.5049,1466,785646.2,39568.17368,0
1742568300000000,0.0502,0.0504,0.0501,0.0503,1101361.3,1742569199999999,55328.88025,1325,492628.4,24755.60129,0
1742569200000000,0.0504,0.0504,0.05,0.0502,832829.2,1742570099999999,41805.92861,1392,399793.5,20069.07357,0
1742570100000000,0.0501,0.0503,0.0501,0.0502,538415.2,1742570999999999,27022.27223,1239,304160.4,15272.51875,0
1742571000000000,0.0502,0.0504,0.0498,0.0498,2478417.3,1742571899999999,123984.6633,1165,874740.3,43840.73209,0
1742571900000000,0.0499,0.05,0.0498,0.0499,603087.1,1742572799999999,30090.76846,554,317455.9,15848.8177,0
1742572800000000,0.0499,0.0501,0.0495,0.0499,8879622.7,1742573699999999,442237.16707,1900,4474541.1,223051.33357,0
1742573700000000,0.0499,0.05,0.0496,0.0499,1366467.5,1742574599999999,68052.0621,774,774963.9,38594.77059,0
1742574600000000,0.0498,0.0502,0.0498,0.0499,942861.3,1742575499999999,47131.88372,662,457694.7,22882.64412,0
1742575500000000,0.0499,0.0505,0.0499,0.0505,611501.3,1742576399999999,30701.94667,592,498341.5,25027.75337,0
1742576400000000,0.0504,0.0505,0.05,0.0502,995948.2,1742577299999999,50046.20718,678,583107.0,29317.28202,0
1742577300000000,0.0503,0.0503,0.05,0.05,476377.2,1742578199999999,23894.56072,588,222288.9,11155.02568,0
1742578200000000,0.0501,0.0504,0.05,0.0504,838406.2,1742579099999999,42047.95467,638,431361.6,21642.20574,0
1742579100000000,0.0503,0.0505,0.0502,0.0502,701065.1,1742579999999999,35274.0889,573,324312.1,16337.5477,0
1742580000000000,0.0503,0.0503,0.05,0.0501,283764.8,1742580899999999,14231.99079,553,140466.4,7044.60958,0
1742580900000000,0.0502,0.0505,0.0501,0.0503,469467.6,1742581799999999,23636.16271,567,250073.7,12590.39516,0
1742581800000000,0.0504,0.0508,0.0503,0.0506,2976955.9,1742582699999999,150856.51461,1212,2150317.7,108983.09459,0
1742582700000000,0.0506,0.0507,0.0505,0.0506,550765.0,1742583599999999,27868.87733,578,222503.8,11260.67392,0
1742583600000000,0.0506,0.0508,0.0505,0.0506,388519.9,1742584499999999,19680.11999,573,168475.3,8536.74156,0
1742584500000000,0.0506,0.0507,0.0504,0.0505,721897.7,1742585399999999,36465.711,670,321499.2,16242.99444,0
1742585400000000,0.0504,0.0507,0.0504,0.0507,1393013.4,1742586299999999,70406.28045,889,856360.6,43288.66189,0
1742586300000000,0.0507,0.0508,0.0506,0.0506,906941.2,1742587199999999,45963.33529,736,345731.3,17539.91675,0
1742587200000000,0.0507,0.051,0.0506,0.0507,2896635.5,1742588099999999,147302.13954,864,1836544.0,93403.54129,0
1742588100000000,0.0507,0.0508,0.0506,0.0507,875857.7,1742588999999999,44414.17374,708,488607.9,24781.98205,0
1742589000000000,0.0508,0.0508,0.0506,0.0507,399571.3,1742589899999999,20264.29113,533,197669.5,10028.04496,0
1742589900000000,0.0507,0.0509,0.0506,0.0507,566551.1,1742590799999999,28747.86355,597,233127.9,11836.44762,0
1742590800000000,0.0508,0.0512,0.0507,0.0511,632409.0,1742591699999999,32204.42922,631,318040.2,16189.89499,0
1742591700000000,0.0512,0.0512,0.0509,0.0511,806265.2,1742592599999999,41161.51441,722,345096.8,17618.93513,0
1742592600000000,0.051,0.0515,0.051,0.0513,724323.9,1742593499999999,37116.93814,734,364545.5,18680.8679,0
1742593500000000,0.0512,0.0513,0.0509,0.051,341399.0,1742594399999999,17440.34075,687,206168.5,10533.0618,0
1742594400000000,0.051,0.0511,0.0507,0.0508,507670.8,1742595299999999,25816.45947,658,98545.1,5011.09898,0
1742595300000000,0.0509,0.051,0.0508,0.0509,277331.8,1742596199999999,14105.4494,602,69955.6,3561.56973,0
1742596200000000,0.0509,0.0509,0.0505,0.0506,807369.1,1742597099999999,40882.94539,700,293415.3,14854.73783,0
1742597100000000,0.0506,0.0508,0.0505,0.0506,1177482.7,1742597999999999,59580.44526,792,711139.0,35989.51144,0
1742598000000000,0.0507,0.0508,0.0506,0.0507,558367.1,1742598899999999,28294.69805,728,196064.8,9941.35997,0
1742598900000000,0.0508,0.051,0.0507,0.0508,947327.6,1742599799999999,48168.60919,726,597827.5,30400.83673,0
1742599800000000,0.0508,0.0508,0.0506,0.0506,412222.6,1742600699999999,20896.92204,511,230917.3,11708.01751,0
1742600700000000,0.0506,0.0508,0.0506,0.0507,224475.9,1742601599999999,11377.75132,550,152191.6,7717.22476,0
1742601600000000,0.0506,0.0511,0.0506,0.0509,1006225.2,1742602499999999,51204.81636,705,581013.4,29548.12675,0
1742602500000000,0.0509,0.0511,0.0507,0.0507,906763.0,1742603399999999,46178.43552,670,239867.1,12220.52979,0
1742603400000000,0.0507,0.0509,0.0506,0.0507,773880.8,1742604299999999,39243.08347,661,365026.3,18513.64582,0
1742604300000000,0.0508,0.0509,0.0506,0.0509,705310.2,1742605199999999,35816.72694,638,421319.5,21396.75965,0
1742605200000000,0.0508,0.0512,0.0508,0.051,1267755.4,1742606099999999,64616.60155,691,939059.4,47877.89072,0
1742606100000000,0.0511,0.0511,0.0509,0.051,379857.1,1742606999999999,19374.86795,568,98320.0,5017.99486,0
1742607000000000,0.0509,0.051,0.0506,0.0507,865533.0,1742607899999999,43968.86666,644,359821.2,18279.16864,0
1742607900000000,0.0507,0.0508,0.0504,0.0504,2683545.0,1742608799999999,135554.29529,601,83996.3,4253.59235,0
1742608800000000,0.0504,0.0507,0.0502,0.0505,1602028.0,1742609699999999,80760.8148,862,1056285.2,53264.18601,0
1742609700000000,0.0505,0.0508,0.0505,0.0507,313006.4,1742610599999999,15843.2576,558,214308.6,10850.16663,0
1742610600000000,0.0508,0.0511,0.0507,0.051,550432.5,1742611499999999,28021.52443,560,249777.8,12720.69419,0
1742611500000000,0.051,0.051,0.0508,0.0509,539734.2,1742612399999999,27486.10271,574,264530.9,13475.94026,0
1742612400000000,0.0509,0.0512,0.0508,0.051,649287.3,1742613299999999,33081.03225,640,272708.3,13905.37203,0
1742613300000000,0.051,0.0512,0.051,0.0512,257405.4,1742614199999999,13163.71396,552,183222.1,9371.32467,0
1742614200000000,0.0512,0.0517,0.0511,0.0515,969166.8,1742615099999999,49823.70202,788,590465.4,30332.04211,0
1742615100000000,0.0515,0.0518,0.0515,0.0515,544382.5,1742615999999999,28086.39908,775,154028.1,7949.68442,0
1742616000000000,0.0516,0.052,0.0515,0.052,749919.6,1742616899999999,38828.42042,738,265542.4,13760.47606,0
1742616900000000,0.052,0.052,0.0517,0.0517,703154.4,1742617799999999,36484.5468,705,365087.6,18955.90543,0
1742617800000000,0.0517,0.052,0.0517,0.0519,382064.0,1742618699999999,19794.66842,617,251244.0,13021.37569,0
1742618700000000,0.0519,0.052,0.0516,0.0519,911414.6,1742619599999999,47221.95116,716,519284.8,26919.5758,0
1742619600000000,0.0519,0.0523,0.0519,0.0522,732182.6,1742620499999999,38124.63055,805,396960.6,20683.5523,0
1742620500000000,0.0523,0.0524,0.0521,0.0521,1641563.5,1742621399999999,85816.12642,1628,795817.0,41632.36144,0
1742621400000000,0.0522,0.0525,0.0521,0.0523,1145744.0,1742622299999999,59970.16715,1490,700281.8,36668.03066,0
1742622300000000,0.0523,0.0526,0.0523,0.0525,1211030.9,1742623199999999,63619.7204,1291,1003583.8,52734.08239,0
1742623200000000,0.0526,0.0529,0.0525,0.0528,1620096.2,1742624099999999,85418.17785,1514,610216.8,32215.79563,0
1742624100000000,0.0529,0.0529,0.0524,0.0527,1653529.6,1742624999999999,86957.18479,1498,516035.8,27148.72785,0
1742625000000000,0.0528,0.0528,0.0525,0.0526,1177396.7,1742625899999999,61951.62117,1437,297152.2,15646.54491,0
1742625900000000,0.0526,0.0527,0.0524,0.0525,708377.2,1742626799999999,37211.34656,1299,289643.6,15223.78778,0
1742626800000000,0.0526,0.0528,0.0525,0.0528,1045307.2,1742627699999999,55009.78443,1342,730676.6,38468.84927,0
1742627700000000,0.0528,0.0528,0.0526,0.0527,489874.5,1742628599999999,25802.8641,1361,153680.1,8101.99283,0
1742628600000000,0.0527,0.0529,0.0526,0.0528,2311832.0,1742629499999999,121895.9214,1796,1584640.1,83571.91729,0
1742629500000000,0.0528,0.0529,0.0527,0.0527,676907.4,1742630399999999,35725.05844,1332,318264.9,16805.32349,0
1742630400000000,0.0528,0.0529,0.0526,0.0529,879930.1,1742631299999999,46388.97105,1494,209438.4,11056.73648,0
1742631300000000,0.0528,0.053,0.0528,0.053,962274.0,1742632199999999,50940.83799,1422,532785.0,28211.46687,0
1742632200000000,0.053,0.053,0.0526,0.0527,814484.7,1742633099999999,42979.56153,1408,349527.5,18436.66559,0
1742633100000000,0.0528,0.0528,0.0526,0.0527,687141.5,1742633999999999,36200.67088,1344,268438.7,14148.35009,0
1742634000000000,0.0527,0.0527,0.0524,0.0527,2615219.1,1742634899999999,137410.93137,1560,1200823.6,63112.07976,0
1742634900000000,0.0527,0.053,0.0526,0.053,593107.2,1742635799999999,31341.74893,1370,265972.3,14060.07735,0
1742635800000000,0.0529,0.053,0.0527,0.0528,503146.6,1742636699999999,26588.83381,1270,157136.1,8312.17706,0
1742636700000000,0.0529,0.0532,0.0528,0.0528,887165.0,1742637599999999,47033.98122,1476,387153.3,20531.26974,0
1742637600000000,0.0529,0.053,0.0528,0.0528,755931.6,1742638499999999,39981.25842,1362,403541.1,21351.19835,0
1742638500000000,0.0529,0.0531,0.0528,0.053,811975.9,1742639399999999,42951.34167,1383,411081.9,21752.8851,0
1742639400000000,0.0531,0.0532,0.053,0.0531,768028.5,1742640299999999,40782.77514,1444,312181.0,16587.79932,0
1742640300000000,0.0532,0.0532,0.0529,0.053,561247.2,1742641199999999,29780.37037,1380,217255.8,11538.80294,0
1742641200000000,0.0531,0.0532,0.0528,0.0529,769186.8,1742642099999999,40737.07865,1312,221738.1,11763.5577,0
1742642100000000,0.0528,0.053,0.0528,0.0529,422374.6,1742642999999999,22324.66028,1238,171208.5,9057.26325,0
1742643000000000,0.0529,0.053,0.0528,0.0528,692968.4,1742643899999999,36645.15032,1292,296160.8,15670.72381,0
1742643900000000,0.0528,0.053,0.0528,0.0529,524945.6,1742644799999999,27778.56935,1346,320792.0,16982.57383,0
1742644800000000,0.053,0.0532,0.0529,0.053,878351.8,1742645699999999,46589.20333,1437,342752.0,18195.89381,0
1742645700000000,0.053,0.0531,0.0528,0.0529,589597.8,1742646599999999,31206.82629,1291,323457.8,17132.65834,0
1742646600000000,0.0528,0.0529,0.0526,0.0526,1188838.2,1742647499999999,62667.94689,1374,380483.9,20073.32736,0
1742647500000000,0.0527,0.053,0.0526,0.0527,811860.6,1742648399999999,42881.18985,1373,481581.5,25444.58913,0
1742648400000000,0.0527,0.053,0.0527,0.0528,558808.2,1742649299999999,29524.73171,1280,275018.2,14535.58361,0
1742649300000000,0.0528,0.0529,0.0526,0.0527,1080850.9,1742650199999999,56984.80732,1392,467142.4,24619.93942,0
1742650200000000,0.0528,0.0529,0.0525,0.0529,789581.7,1742651099999999,41632.42299,1421,270709.7,14281.61239,0
1742651100000000,0.0529,0.053,0.0528,0.053,611621.9,1742651999999999,32359.12636,1320,180167.3,9540.04377,0
1742652000000000,0.053,0.053,0.0525,0.0527,575407.2,1742652899999999,30338.7443,1378,216874.1,11436.19912,0
1742652900000000,0.0526,0.0529,0.0525,0.0528,1137476.6,1742653799999999,59948.93079,1442,687082.7,36224.19395,0
1742653800000000,0.0529,0.0529,0.0524,0.0525,1360342.9,1742654699999999,71488.59369,1467,393131.7,20658.80519,0
1742654700000000,0.0526,0.0526,0.0523,0.0523,841653.4,1742655599999999,44114.03842,1334,432667.6,22682.232,0
1742655600000000,0.0524,0.0527,0.0523,0.0527,676520.7,1742656499999999,35529.2913,1276,404567.5,21266.16007,0
1742656500000000,0.0527,0.0529,0.0525,0.0528,540192.4,1742657399999999,28453.78182,1312,250368.9,13202.10395,0
1742657400000000,0.0528,0.0529,0.0526,0.0529,571356.4,1742658299999999,30146.15556,1363,197600.6,10434.93856,0
1742658300000000,0.0529,0.0531,0.0528,0.0529,474104.1,1742659199999999,25116.53159,1293,267039.5,14154.7109,0
1742659200000000,0.0529,0.0534,0.0528,0.0532,686462.0,1742660099999999,36391.78611,1412,365494.9,19401.48872,0
1742660100000000,0.0533,0.0535,0.0531,0.0531,1343747.4,1742660999999999,71614.49138,1580,430974.1,22981.10873,0
1742661000000000,0.0532,0.0532,0.0529,0.0529,1064280.5,1742661899999999,56453.49338,1486,582817.7,30922.82985,0
1742661900000000,0.053,0.0531,0.0528,0.0529,445211.1,1742662799999999,23546.09985,1404,179547.4,9503.28196,0
1742662800000000,0.0529,0.0533,0.0528,0.0531,597192.8,1742663699999999,31679.3235,1297,370221.1,19637.55071,0
1742663700000000,0.0532,0.0533,0.0531,0.0532,761586.5,1742664599999999,40545.24502,1344,457402.6,24359.55992,0
1742664600000000,0.0533,0.0534,0.0531,0.0532,712005.8,1742665499999999,37920.77599,1319,388150.2,20687.0763,0
1742665500000000,0.0533,0.0533,0.053,0.0531,574151.1,1742666399999999,30513.19502,1357,312669.8,16626.26828,0
1742666400000000,0.0532,0.0534,0.0531,0.0532,656856.8,1742667299999999,34982.68672,1351,256150.9,13645.88898,0
1742667300000000,0.0533,0.0533,0.0531,0.0531,467918.0,1742668199999999,24894.81255,1353,171971.9,9157.62182,0
1742668200000000,0.0532,0.0536,0.0531,0.0536,922023.0,1742669099999999,49234.83226,1446,592344.4,31644.65355,0
1742669100000000,0.0536,0.0536,0.0534,0.0536,478406.4,1742669999999999,25611.74636,1308,207793.8,11135.61092,0
1742670000000000,0.0536,0.0538,0.0535,0.0538,630442.8,1742670899999999,33802.08235,1374,336587.3,18056.5341,0
1742670900000000,0.0537,0.0539,0.0535,0.0537,826709.6,1742671799999999,44419.19214,1391,495875.7,26651.80326,0
1742671800000000,0.0538,0.0538,0.0534,0.0535,1257745.9,1742672699999999,67388.52364,1451,564217.0,30233.56037,0
1742672700000000,0.0536,0.0536,0.0532,0.0533,865847.2,1742673599999999,46174.71847,1415,401860.2,21446.55777,0
1742673600000000,0.0533,0.0536,0.0532,0.0532,1580862.8,1742674499999999,84313.60055,1668,536962.6,28696.9112,0
1742674500000000,0.0533,0.0534,0.0531,0.0534,685464.1,1742675399999999,36476.08541,1409,344370.8,18340.41601,0
1742675400000000,0.0534,0.0535,0.0532,0.0533,931754.7,1742676299999999,49678.27858,1356,225802.1,12050.14233,0
1742676300000000,0.0534,0.0534,0.0532,0.0532,692798.2,1742677199999999,36908.54478,1384,355534.0,18939.44484,0
1742677200000000,0.0533,0.0534,0.0529,0.0533,1296801.9,1742678099999999,68891.84168,1417,708252.2,37628.8871,0
1742678100000000,0.0533,0.0533,0.0528,0.0529,1196341.1,1742678999999999,63478.61668,1582,476767.3,25301.59987,0
1742679000000000,0.053,0.0532,0.0526,0.0527,1454448.7,1742679899999999,76937.02195,1627,834862.3,44208.95901,0
1742679900000000,0.0527,0.0528,0.0526,0.0528,511691.6,1742680799999999,26972.68744,1356,253570.8,13373.3746,0
1742680800000000,0.0528,0.0528,0.0526,0.0527,657418.0,1742681699999999,34650.66193,1491,460596.9,24287.29449,0
1742681700000000,0.0527,0.0529,0.0527,0.0527,586241.9,1742682599999999,30948.73304,1226,225543.3,11915.22894,0
1742682600000000,0.0528,0.053,0.0526,0.053,684915.0,1742683499999999,36132.28038,1391,391751.2,20672.49544,0
1742683500000000,0.0529,0.053,0.0527,0.0528,607214.1,1742684399999999,32087.89119,1259,156733.8,8284.60489,0
1742684400000000,0.0528,0.0528,0.0524,0.0526,805983.3,1742685299999999,42389.89301,1352,376721.5,19821.08238,0
1742685300000000,0.0526,0.0528,0.0525,0.0527,402862.7,1742686199999999,21237.23926,1313,202291.9,10670.86739,0
1742686200000000,0.0528,0.0528,0.0525,0.0526,691160.7,1742687099999999,36383.38449,1340,314881.9,16586.70037,0
1742687100000000,0.0525,0.0526,0.0525,0.0526,276396.4,1742687999999999,14524.81715,1207,140061.5,7367.2349,0
1742688000000000,0.0526,0.0527,0.0522,0.0523,3466521.2,1742688899999999,181918.98259,1761,1467310.9,77039.05805,0
1742688900000000,0.0524,0.0526,0.0522,0.0523,548973.8,1742689799999999,28771.8463,1368,277643.0,14556.20303,0
1742689800000000,0.0524,0.0525,0.0522,0.0523,480664.8,1742690699999999,25171.35552,1258,294999.2,15455.95037,0
1742690700000000,0.0524,0.0526,0.0523,0.0525,2605352.2,1742691599999999,136634.21536,1506,2057380.7,107926.85601,0
1742691600000000,0.0526,0.0529,0.0524,0.0527,1296087.1,1742692499999999,68307.52871,1510,871430.2,45926.45744,0
1742692500000000,0.0527,0.0529,0.0526,0.0526,729280.3,1742693399999999,38434.68725,1295,297715.9,15690.36827,0
1742693400000000,0.0527,0.0527,0.0524,0.0527,688529.9,1742694299999999,36186.46606,1279,239469.5,12602.31724,0
1742694300000000,0.0527,0.053,0.0525,0.0529,954985.4,1742695199999999,50437.59717,1337,448375.5,23676.72399,0
1742695200000000,0.0529,0.0529,0.0526,0.0526,894964.4,1742696099999999,47210.6754,1344,310567.8,16395.41668,0
1742696100000000,0.0526,0.053,0.0526,0.0529,547695.2,1742696999999999,28913.19386,1311,317725.4,16771.79212,0
1742697000000000,0.0528,0.0531,0.0528,0.053,365181.6,1742697899999999,19362.96148,1231,222081.2,11784.26586,0
1742697900000000,0.0531,0.0533,0.053,0.0531,407853.9,1742698799999999,21676.72346,1269,255936.2,13608.74418,0
1742698800000000,0.0532,0.0533,0.0529,0.053,620442.9,1742699699999999,32894.9077,1299,188947.8,10017.01705,0
1742699700000000,0.053,0.0531,0.0529,0.053,592738.9,1742700599999999,31410.38262,1286,349195.8,18511.85502,0
1742700600000000,0.0531,0.0534,0.053,0.0533,388479.1,1742701499999999,20639.86761,1306,248455.6,13212.9219,0
1742701500000000,0.0534,0.0535,0.0533,0.0534,636345.1,1742702399999999,33974.86022,1321,281781.8,15052.359,0
1742702400000000,0.0533,0.0534,0.0531,0.0532,895137.1,1742703299999999,47690.0946,1468,438258.8,23358.72219,0
1742703300000000,0.0532,0.0533,0.053,0.053,727128.3,1742704199999999,38606.68542,1398,270965.6,14392.21728,0
1742704200000000,0.0531,0.0532,0.0528,0.0529,743077.1,1742705099999999,39392.45059,1339,321827.7,17066.16478,0
1742705100000000,0.0529,0.0529,0.0525,0.0525,3027223.9,1742705999999999,159287.82679,1531,1171217.2,61624.62677,0
1742706000000000,0.0526,0.0527,0.0523,0.0523,735529.6,1742706899999999,38579.71231,1505,299926.0,15746.58294,0
1742706900000000,0.0524,0.0524,0.0522,0.0523,508687.7,1742707799999999,26603.76688,1324,150882.2,7898.60879,0
1742707800000000,0.0523,0.0524,0.0521,0.0522,1049051.3,1742708699999999,54815.62693,1383,579744.2,30311.86508,0
1742708700000000,0.0522,0.0528,0.0522,0.0528,818572.0,1742709599999999,43018.67796,1393,446829.3,23461.06386,0
1742709600000000,0.0528,0.0528,0.0524,0.0526,884685.2,1742710499999999,46492.8934,1374,419160.6,22036.41598,0
1742710500000000,0.0526,0.0526,0.0523,0.0524,410450.4,1742711399999999,21535.46349,1273,146400.0,7687.39438,0
1742711400000000,0.0525,0.0528,0.0524,0.0526,615464.4,1742712299999999,32345.84415,1279,418112.7,21986.62801,0
1742712300000000,0.0527,0.0534,0.0526,0.0532,1251509.2,1742713199999999,66498.53767,1514,744991.6,39558.19748,0
1742713200000000,0.0531,0.0532,0.0529,0.0529,1005792.3,1742714099999999,53380.57403,1372,522915.9,27765.64579,0
1742714100000000,0.0529,0.053,0.0525,0.0526,2236070.7,1742714999999999,117813.36047,1568,648064.5,34124.52743,0
1742715000000000,0.0527,0.0529,0.0525,0.0527,1601210.3,1742715899999999,84421.47273,1401,1088061.9,57381.36817,0
1742715900000000,0.0527,0.0533,0.0526,0.0529,2100594.2,1742716799999999,111212.22974,1674,1345970.0,71295.88695,0
1742716800000000,0.0529,0.0532,0.0528,0.0532,644959.6,1742717699999999,34146.09829,1358,468742.5,24822.27582,0
1742717700000000,0.0532,0.0532,0.0528,0.0529,662199.6,1742718599999999,35138.12286,1254,151615.4,8049.75898,0
1742718600000000,0.0529,0.0531,0.0527,0.0529,929027.5,1742719499999999,49116.13559,1379,561144.7,29681.23052,0
1742719500000000,0.0528,0.0529,0.0527,0.0528,332813.3,1742720399999999,17567.0653,1274,130053.1,6871.67545,0
1742720400000000,0.0528,0.0529,0.0526,0.0529,742758.1,1742721299999999,39180.92912,1261,335790.8,17721.26655,0
1742721300000000,0.0529,0.0531,0.0527,0.0528,728484.7,1742722199999999,38559.08835,734,204157.5,10809.84762,0
1742722200000000,0.0528,0.0528,0.0527,0.0527,309872.0,1742723099999999,16340.9492,570,181648.6,9583.57602,0
1742723100000000,0.0527,0.0529,0.0527,0.0528,238235.9,1742723999999999,12582.42051,536,77799.8,4112.04958,0
1742724000000000,0.0529,0.0529,0.0527,0.0527,170717.8,1742724899999999,9010.27371,505,56998.6,3009.91688,0
1742724900000000,0.0528,0.053,0.0527,0.053,1443994.0,1742725799999999,76488.53568,751,1084832.8,57471.74607,0
1742725800000000,0.053,0.0531,0.0529,0.053,459913.2,1742726699999999,24377.92798,528,243528.3,12910.22009,0
1742726700000000,0.053,0.0531,0.0529,0.053,482045.1,1742727599999999,25549.2945,578,301426.3,15978.68335,0
1742727600000000,0.0531,0.0532,0.0528,0.0529,1400143.4,1742728499999999,74169.02175,876,959828.2,50849.95988,0
1742728500000000,0.053,0.0531,0.0528,0.053,327801.3,1742729399999999,17356.02993,620,245518.1,13003.40035,0
1742729400000000,0.053,0.0532,0.0529,0.053,480715.3,1742730299999999,25490.28491,671,289940.9,15374.20292,0
1742730300000000,0.053,0.0531,0.0527,0.0527,786643.2,1742731199999999,41626.96427,639,315798.0,16738.76435,0
1742731200000000,0.0527,0.0529,0.0527,0.0528,534460.0,1742732099999999,28221.98694,605,248473.4,13122.22772,0
1742732100000000,0.0527,0.0528,0.0524,0.0525,635700.8,1742732999999999,33404.41118,714,390227.2,20507.63071,0
1742733000000000,0.0525,0.0527,0.0524,0.0527,529236.7,1742733899999999,27825.68722,643,403652.2,21229.23854,0
1742733900000000,0.0526,0.0528,0.0525,0.0526,492416.8,1742734799999999,25926.60909,640,206067.0,10859.33162,0
1742734800000000,0.0526,0.0526,0.0522,0.0525,982167.6,1742735699999999,51481.17731,771,453977.2,23785.30543,0
1742735700000000,0.0525,0.0529,0.0524,0.0528,276379.4,1742736599999999,14565.63602,597,227962.5,12015.64123,0
1742736600000000,0.0528,0.0529,0.0525,0.0527,473014.1,1742737499999999,24951.89301,779,155291.4,8194.47811,0
1742737500000000,0.0527,0.0528,0.0524,0.0526,944887.7,1742738399999999,49700.80517,685,485193.9,25529.0712,0
1742738400000000,0.0527,0.0527,0.0524,0.0524,445691.5,1742739299999999,23415.42461,717,208031.8,10930.16016,0
1742739300000000,0.0524,0.0525,0.0522,0.0523,756084.1,1742740199999999,39531.05878,788,134166.4,7018.99354,0
1742740200000000,0.0522,0.0524,0.0522,0.0523,535805.1,1742741099999999,28021.06871,575,300883.7,15741.31752,0
1742741100000000,0.0523,0.0524,0.052,0.0522,1688887.5,1742741999999999,88165.20533,940,883330.0,46137.40898,0
1742742000000000,0.0522,0.0523,0.052,0.0523,809503.2,1742742899999999,42221.18341,733,331721.3,17302.53006,0
1742742900000000,0.0523,0.0525,0.0522,0.0524,765453.4,1742743799999999,40082.01168,727,528811.3,27697.9895,0
1742743800000000,0.0525,0.0526,0.0523,0.0523,815625.8,1742744699999999,42749.28625,787,448881.7,23540.43446,0
1742744700000000,0.0523,0.0524,0.0521,0.0522,693485.8,1742745599999999,36294.72758,675,609099.3,31884.70955,0
1742745600000000,0.0523,0.0523,0.0518,0.052,1237469.0,1742746499999999,64383.59519,944,726341.7,37798.32813,0
1742746500000000,0.0521,0.0521,0.0518,0.0519,576276.8,1742747399999999,29959.9709,694,282432.3,14687.13712,0
1742747400000000,0.052,0.052,0.0516,0.0519,1625805.8,1742748299999999,84260.30824,961,697362.9,36144.24245,0
1742748300000000,0.0518,0.0521,0.0518,0.0518,426118.0,1742749199999999,22133.46818,606,260246.2,13518.67208,0
1742749200000000,0.0518,0.052,0.0517,0.0519,244422.0,1742750099999999,12681.01963,576,136180.2,7068.93993,0
1742750100000000,0.052,0.052,0.0516,0.0516,257951.9,1742750999999999,13366.13583,610,83032.5,4305.21483,0
1742751000000000,0.0517,0.0517,0.0512,0.0513,1468059.3,1742751899999999,75511.91915,1139,706918.2,36363.95309,0
1742751900000000,0.0513,0.0516,0.0512,0.0514,1303667.1,1742752799999999,67025.70651,803,1023071.0,52601.80209,0
1742752800000000,0.0514,0.0515,0.0513,0.0513,328504.8,1742753699999999,16882.3126,572,185631.0,9542.15005,0
1742753700000000,0.0514,0.0515,0.0511,0.0512,728668.8,1742754599999999,37373.11651,711,259432.1,13310.2385,0
1742754600000000,0.0513,0.0515,0.0511,0.0514,605810.2,1742755499999999,31085.12891,677,421348.0,21628.35269,0
1742755500000000,0.0515,0.0517,0.0513,0.0514,1567841.9,1742756399999999,80760.73177,790,342401.1,17632.71486,0
1742756400000000,0.0514,0.0515,0.0513,0.0513,648974.3,1742757299999999,33361.1923,681,461904.8,23748.3085,0
1742757300000000,0.0514,0.0516,0.0514,0.0515,577442.1,1742758199999999,29731.59364,684,361616.3,18618.81397,0
1742758200000000,0.0514,0.0515,0.0513,0.0515,680390.6,1742759099999999,34974.79582,659,234573.7,12060.90391,0
1742759100000000,0.0515,0.0516,0.0514,0.0515,316654.5,1742759999999999,16310.28651,592,240552.8,12393.90908,0
1742760000000000,0.0515,0.0516,0.0514,0.0514,698673.2,1742760899999999,36004.35463,620,511148.3,26350.87883,0
1742760900000000,0.0515,0.0517,0.0514,0.0517,479497.6,1742761799999999,24746.75419,597,388575.3,20051.24787,0
1742761800000000,0.0516,0.0519,0.0516,0.0518,408548.2,1742762699999999,21153.36613,593,241629.2,12514.46025,0
1742762700000000,0.0519,0.0519,0.0515,0.0517,566178.2,1742763599999999,29278.06468,594,109108.3,5639.00783,0
1742763600000000,0.0516,0.0518,0.0515,0.0516,409324.2,1742764499999999,21133.22514,668,75489.2,3902.83398,0
1742764500000000,0.0517,0.0518,0.0515,0.0518,414509.4,1742765399999999,21405.27982,629,237161.2,12253.16515,0
1742765400000000,0.0517,0.0519,0.0517,0.0517,656007.3,1742766299999999,33983.3954,695,274768.9,14246.42788,0
1742766300000000,0.0518,0.052,0.0517,0.052,318041.9,1742767199999999,16492.53486,612,265957.1,13797.49195,0
1742767200000000,0.052,0.0523,0.0519,0.0521,541617.3,1742768099999999,28231.60914,660,246942.4,12868.40652,0
1742768100000000,0.0522,0.0525,0.0521,0.0524,751124.1,1742768999999999,39324.72659,705,538438.8,28195.83048,0
1742769000000000,0.0524,0.0525,0.0522,0.0523,405284.1,1742769899999999,21220.02393,545,70424.0,3690.28956,0
1742769900000000,0.0522,0.0523,0.0521,0.0522,275214.7,1742770799999999,14369.54524,537,241361.5,12604.15962,0
1742770800000000,0.0522,0.0523,0.0519,0.0521,525766.7,1742771699999999,27383.36196,718,66622.0,3474.90766,0
1742771700000000,0.052,0.0522,0.0519,0.0522,615787.0,1742772599999999,32059.00563,651,348080.4,18133.60161,0
1742772600000000,0.0521,0.0524,0.0521,0.0523,893869.6,1742773499999999,46652.38506,768,368493.5,19240.55985,0
1742773500000000,0.0522,0.0527,0.0522,0.0527,1149921.8,1742774399999999,60275.80898,886,653489.2,34266.93292,0
1742774400000000,0.0526,0.0527,0.0522,0.0522,1023286.7,1742775299999999,53573.32725,842,207955.2,10882.69057,0
1742775300000000,0.0523,0.0525,0.0522,0.0523,727538.2,1742776199999999,38065.13261,826,296066.9,15494.49488,0
1742776200000000,0.0524,0.0526,0.0522,0.0522,1058727.2,1742777099999999,55454.60956,928,426778.4,22367.20776,0
1742777100000000,0.0523,0.0523,0.052,0.0521,1118338.0,1742777999999999,58316.3874,923,542487.9,28283.38003,0
1742778000000000,0.052,0.0521,0.0515,0.0517,877496.8,1742778899999999,45522.83554,741,219922.1,11418.09457,0
1742778900000000,0.0517,0.0518,0.0514,0.0515,1121741.9,1742779799999999,57915.45574,900,584420.2,30178.05469,0
1742779800000000,0.0515,0.0517,0.0513,0.0514,692910.1,1742780699999999,35650.40737,786,360242.8,18537.41882,0
1742780700000000,0.0515,0.0515,0.0509,0.051,2579989.9,1742781599999999,131971.46711,1098,721404.3,36917.95406,0
1742781600000000,0.0511,0.0514,0.0509,0.0512,1379556.7,1742782499999999,70565.20942,1040,936836.7,47919.3035,0
1742782500000000,0.0512,0.0515,0.0512,0.0513,824766.6,1742783399999999,42320.91565,577,511151.2,26231.46473,0
1742783400000000,0.0513,0.0516,0.0512,0.0514,654067.4,1742784299999999,33595.25734,258,271442.7,13949.34895,0
1742784300000000,0.0514,0.0515,0.0513,0.0513,673375.6,1742785199999999,34648.72409,293,204363.0,10521.48782,0
1742785200000000,0.0513,0.0519,0.0512,0.0519,1379527.9,1742786099999999,71166.21943,575,956263.2,49315.49847,0
1742786100000000,0.0518,0.0524,0.0517,0.0523,1402967.5,1742786999999999,73081.23561,705,861430.4,44839.03271,0
1742787000000000,0.0523,0.0524,0.052,0.0522,1416401.0,1742787899999999,73996.20379,1019,730295.8,38164.15821,0
1742787900000000,0.0521,0.0522,0.0519,0.052,1221923.1,1742788799999999,63624.52717,1566,613906.5,31977.41628,0
1742788800000000,0.052,0.0525,0.052,0.0525,2206940.7,1742789699999999,115349.4403,1946,1091985.3,57107.17645,0
1742789700000000,0.0524,0.0525,0.0523,0.0525,804327.4,1742790599999999,42163.23633,1381,466523.3,24465.53183,0
1742790600000000,0.0525,0.0527,0.0523,0.0525,1829481.1,1742791499999999,95942.97584,1769,780051.6,40936.0407,0
1742791500000000,0.0526,0.0527,0.0524,0.0525,796586.9,1742792399999999,41848.41314,1369,460261.7,24189.49218,0
1742792400000000,0.0525,0.0529,0.0525,0.0526,1577737.8,1742793299999999,83102.08135,1484,550221.0,28997.40067,0
1742793300000000,0.0527,0.0529,0.0526,0.0528,936293.8,1742794199999999,49411.80322,1450,704157.4,37171.99281,0
1742794200000000,0.0529,0.0531,0.0528,0.0529,1003438.0,1742795099999999,53113.58314,1424,505933.1,26799.00814,0
1742795100000000,0.053,0.053,0.0527,0.0528,1030286.3,1742795999999999,54432.29533,1353,201122.6,10630.81817,0
1742796000000000,0.0529,0.0534,0.0528,0.0532,4006300.9,1742796899999999,212842.18157,2370,2559271.7,135984.43312,0
1742796900000000,0.0533,0.0536,0.0532,0.0534,1535287.9,1742797799999999,81966.51138,1644,740672.9,39547.64672,0
1742797800000000,0.0535,0.0537,0.0533,0.0537,1144334.7,1742798699999999,61226.93502,1608,605912.8,32427.29204,0
1742798700000000,0.0536,0.0538,0.0535,0.0536,893276.6,1742799599999999,47945.05284,1447,358422.1,19242.5077,0
1742799600000000,0.0536,0.0538,0.0535,0.0535,836940.8,1742800499999999,44899.70975,1363,439505.6,23586.14441,0
1742800500000000,0.0536,0.0538,0.0535,0.0535,909509.0,1742801399999999,48792.05981,1505,635630.9,34112.55931,0
1742801400000000,0.0536,0.0536,0.0533,0.0534,1803607.4,1742802299999999,96349.21979,1757,663552.0,35460.38588,0
1742802300000000,0.0533,0.0536,0.0533,0.0534,915139.8,1742803199999999,48953.47323,1474,410779.1,21975.11474,0
1742803200000000,0.0534,0.0539,0.0534,0.0537,1527561.4,1742804099999999,82154.47022,1763,703415.9,37815.89502,0
1742804100000000,0.0538,0.0541,0.0537,0.0538,4168409.8,1742804999999999,224750.66026,2332,1449802.8,78120.99513,0
1742805000000000,0.0539,0.0539,0.0532,0.0533,3851442.8,1742805899999999,205406.02282,1851,643027.1,34322.96211,0
1742805900000000,0.0534,0.0535,0.0532,0.0532,778457.8,1742806799999999,41540.93611,1396,434614.8,23206.37441,0
1742806800000000,0.0533,0.0533,0.053,0.0532,780853.0,1742807699999999,41515.5017,1456,410590.7,21838.74558,0
1742807700000000,0.0531,0.0532,0.0529,0.053,713903.8,1742808599999999,37856.18258,1343,225967.8,11990.04371,0
1742808600000000,0.0531,0.0531,0.0529,0.0529,799172.5,1742809499999999,42351.89122,1414,426431.8,22606.00756,0
1742809500000000,0.053,0.0532,0.0528,0.053,1502029.4,1742810399999999,79601.74186,1582,834258.9,44227.70612,0
1742810400000000,0.053,0.0531,0.0528,0.0529,1151322.4,1742811299999999,60942.99089,1491,458580.4,24293.9901,0
1742811300000000,0.053,0.0533,0.0528,0.0533,1318964.7,1742812199999999,70042.31967,1637,1053213.4,55944.31554,0
1742812200000000,0.0532,0.0534,0.0531,0.0533,3410984.8,1742813099999999,181855.39023,2151,2437897.7,130031.41003,0
1742813100000000,0.0533,0.0535,0.0532,0.0532,510170.6,1742813999999999,27221.13104,1447,251661.7,13439.52438,0
1742814000000000,0.0533,0.0535,0.0532,0.0534,756631.6,1742814899999999,40363.12735,1607,489247.1,26109.13578,0
1742814900000000,0.0534,0.0535,0.053,0.0531,1236389.2,1742815799999999,65813.23339,1779,629070.4,33490.46092,0
1742815800000000,0.0531,0.0533,0.0531,0.0532,527770.6,1742816699999999,28074.22195,1508,274715.4,14622.08194,0
1742816700000000,0.0533,0.0535,0.0532,0.0534,782252.7,1742817599999999,41733.20856,1656,506483.1,27031.24361,0
1742817600000000,0.0535,0.0536,0.0532,0.0535,1398352.5,1742818499999999,74639.13543,1985,705526.1,37667.14956,0
1742818500000000,0.0535,0.0536,0.0532,0.0533,1695084.6,1742819399999999,90512.60242,1776,779870.5,41646.56142,0
1742819400000000,0.0534,0.0536,0.0533,0.0535,834508.0,1742820299999999,44633.79705,1745,493298.5,26389.77623,0
1742820300000000,0.0536,0.0536,0.0533,0.0534,988134.5,1742821199999999,52855.9135,1520,415623.2,22243.22786,0
1742821200000000,0.0535,0.0535,0.0529,0.0531,1059950.9,1742822099999999,56333.24869,1577,503178.6,26740.13329,0
1742822100000000,0.053,0.0534,0.053,0.0532,636050.8,1742822999999999,33826.61729,1496,382513.3,20353.9034,0
1742823000000000,0.0533,0.0535,0.0531,0.0532,1196597.9,1742823899999999,63799.19304,1705,697715.4,37209.65422,0
1742823900000000,0.0533,0.0536,0.0531,0.0534,1401344.8,1742824799999999,74707.59777,1867,692390.4,36934.51113,0
1742824800000000,0.0535,0.0538,0.0533,0.0537,1596010.3,1742825699999999,85511.24303,2037,808881.2,43367.18581,0
1742825700000000,0.0538,0.0542,0.0536,0.0536,2250600.4,1742826599999999,121300.98946,2217,1233250.4,66511.98588,0
1742826600000000,0.0537,0.0537,0.0532,0.0536,1154203.4,1742827499999999,61626.58832,1887,521400.6,27842.03559,0
1742827500000000,0.0535,0.0536,0.0532,0.0533,937758.6,1742828399999999,50103.62085,1650,581303.4,31066.98916,0
1742828400000000,0.0534,0.0536,0.0532,0.0533,998136.0,1742829299999999,53306.39926,1729,497114.7,26564.64581,0
1742829300000000,0.0534,0.0535,0.0531,0.0532,626761.5,1742830199999999,33431.27177,1473,300295.4,16024.40035,0
1742830200000000,0.0532,0.0534,0.053,0.0532,837003.8,1742831099999999,44514.99327,1558,443804.7,23624.29977,0
1742831100000000,0.0532,0.0534,0.0531,0.0534,589405.0,1742831999999999,31388.41964,1442,367433.3,19576.87476,0
1742832000000000,0.0534,0.0536,0.0533,0.0535,785182.1,1742832899999999,41944.98782,1472,619006.4,33073.93421,0
1742832900000000,0.0535,0.0535,0.053,0.053,714697.1,1742833799999999,38057.33263,1589,309836.3,16511.48985,0
1742833800000000,0.0531,0.0532,0.0528,0.0532,3466216.6,1742834699999999,183646.03397,1776,1114610.4,59116.51089,0
1742834700000000,0.0532,0.0533,0.053,0.0531,863086.9,1742835599999999,45845.04961,1387,435129.1,23118.50439,0
1742835600000000,0.0532,0.0533,0.053,0.0533,591520.9,1742836499999999,31464.49244,1355,324982.1,17296.32205,0
1742836500000000,0.0533,0.0536,0.0531,0.0534,803715.4,1742837399999999,42855.53373,1502,521981.9,27843.61032,0
1742837400000000,0.0535,0.0536,0.0533,0.0535,430697.1,1742838299999999,23024.12375,1395,216231.3,11567.14988,0
1742838300000000,0.0535,0.0536,0.0534,0.0535,2005289.4,1742839199999999,107318.24081,1818,1161131.1,62177.67452,0
1742839200000000,0.0534,0.0537,0.0533,0.0536,766576.2,1742840099999999,41028.70127,1518,581895.9,31158.19444,0
1742840100000000,0.0537,0.0539,0.0536,0.0537,1048342.7,1742840999999999,56297.57707,1533,598412.9,32145.64854,0
1742841000000000,0.0538,0.0539,0.0535,0.0537,1214188.7,1742841899999999,65144.97711,1588,630656.3,33845.66326,0
1742841900000000,0.0537,0.0541,0.0537,0.0539,822575.0,1742842799999999,44348.89034,1565,437576.1,23604.76873,0
1742842800000000,0.054,0.0541,0.0539,0.054,941295.2,1742843699999999,50833.23976,1410,461221.7,24915.94917,0
1742843700000000,0.054,0.054,0.0537,0.0539,559245.7,1742844599999999,30123.91077,1363,190106.6,10249.19316,0
1742844600000000,0.0539,0.0539,0.0537,0.0537,827502.0,1742845499999999,44518.4875,1435,357830.3,19259.57754,0
1742845500000000,0.0537,0.0538,0.0536,0.0536,503941.9,1742846399999999,27068.55769,1283,297357.7,15977.88484,0
1742846400000000,0.0537,0.0539,0.0536,0.0538,530666.9,1742847299999999,28527.61164,1375,312470.5,16805.60503,0
1742847300000000,0.0539,0.054,0.0538,0.0539,617614.0,1742848199999999,33303.35565,1373,430586.6,23228.70473,0
1742848200000000,0.054,0.054,0.0537,0.0538,729138.5,1742849099999999,39292.30713,1447,302228.4,16294.14864,0
1742849100000000,0.0538,0.0539,0.0537,0.0539,701975.8,1742849999999999,37762.87293,1345,436286.3,23479.30429,0
1742850000000000,0.0538,0.054,0.0537,0.0538,1437692.9,1742850899999999,77383.38423,1478,627892.9,33815.02733,0
1742850900000000,0.0539,0.0542,0.0538,0.0541,757868.9,1742851799999999,40960.52548,1551,576993.2,31188.41523,0
1742851800000000,0.0542,0.0542,0.0538,0.0539,627054.2,1742852699999999,33851.77459,1546,233576.2,12632.56009,0
1742852700000000,0.054,0.0543,0.0538,0.0541,659803.5,1742853599999999,35667.88259,1451,448004.9,24219.62462,0
1742853600000000,0.0541,0.0543,0.0539,0.0539,801964.8,1742854499999999,43382.49562,1447,306874.5,16628.1739,0
1742854500000000,0.054,0.054,0.0538,0.0538,818182.8,1742855399999999,44074.47504,1408,325511.3,17547.96205,0
1742855400000000,0.0539,0.0542,0.0538,0.0542,977724.5,1742856299999999,52748.56366,1390,539537.4,29127.13259,0
1742856300000000,0.0541,0.0542,0.0539,0.054,787748.3,1742857199999999,42575.62645,1420,438414.3,23712.41429,0
1742857200000000,0.0541,0.0543,0.0538,0.0539,657369.8,1742858099999999,35556.44797,1386,356331.1,19289.23062,0
1742858100000000,0.0538,0.0539,0.0536,0.0538,1541634.5,1742858999999999,82794.06831,1535,584297.2,31400.58967,0
1742859000000000,0.0538,0.0541,0.0537,0.0539,765832.4,1742859899999999,41246.47141,1432,570161.1,30719.84173,0
1742859900000000,0.0539,0.0543,0.0539,0.0543,2271434.5,1742860799999999,122981.29109,1564,1597283.8,86532.85553,0
1742860800000000,0.0543,0.055,0.054,0.0546,3217237.9,1742861699999999,175292.99109,2004,1473778.9,80254.691,0
1742861700000000,0.0546,0.0549,0.0545,0.0547,1763358.3,1742862599999999,96422.29395,1847,648518.2,35476.11751,0
1742862600000000,0.0546,0.055,0.0545,0.0547,1340106.7,1742863499999999,73361.03271,1740,556230.1,30459.70187,0
1742863500000000,0.0546,0.0548,0.0543,0.0545,1103961.9,1742864399999999,60158.85449,1544,421546.3,22975.32697,0
1742864400000000,0.0545,0.0546,0.0543,0.0545,2153777.9,1742865299999999,117351.97401,1565,1601215.4,87254.94753,0
1742865300000000,0.0546,0.0547,0.0539,0.054,1791989.9,1742866199999999,97287.85055,1635,404140.8,21971.35344,0
1742866200000000,0.0541,0.0542,0.0535,0.0541,2268215.5,1742867099999999,122222.77331,2011,1157218.6,62358.47551,0
1742867100000000,0.054,0.0541,0.0538,0.0539,728476.3,1742867999999999,39294.04825,1529,340624.0,18376.41963,0
1742868000000000,0.054,0.0541,0.0536,0.0537,1674272.6,1742868899999999,90054.48912,1813,615612.9,33110.05126,0
1742868900000000,0.0538,0.054,0.0537,0.0538,1231696.6,1742869799999999,66265.98158,1459,606144.4,32639.271,0
1742869800000000,0.0539,0.054,0.0536,0.0537,1141533.3,1742870699999999,61397.88409,1652,588188.7,31671.12033,0
1742870700000000,0.0536,0.0538,0.0534,0.0535,647299.9,1742871599999999,34701.70677,1414,386279.6,20727.10445,0
1742871600000000,0.0535,0.0537,0.0533,0.0534,879812.8,1742872499999999,47083.80818,1493,507564.4,27172.44503,0
1742872500000000,0.0535,0.0535,0.0531,0.0534,747311.1,1742873399999999,39834.54737,1567,354740.5,18922.74455,0
1742873400000000,0.0535,0.0536,0.0529,0.0531,1639868.8,1742874299999999,87187.45853,1675,522457.6,27807.45623,0
1742874300000000,0.0531,0.0532,0.0528,0.053,1545493.5,1742875199999999,81892.22226,1659,909182.8,48193.93645,0
1742875200000000,0.0531,0.0533,0.0528,0.0532,1290265.0,1742876099999999,68473.42282,1579,468816.5,24897.82186,0
1742876100000000,0.0532,0.0534,0.053,0.053,862081.1,1742876999999999,45827.06979,1511,430712.3,22911.67778,0
1742877000000000,0.053,0.0531,0.0528,0.053,1438827.7,1742877899999999,76145.8587,1470,644303.7,34103.16111,0
1742877900000000,0.0529,0.0532,0.0528,0.0531,682300.0,1742878799999999,36135.08023,1405,442680.9,23455.44362,0
1742878800000000,0.0532,0.0534,0.053,0.0532,956052.5,1742879699999999,50854.21149,1502,399134.5,21240.138,0
1742879700000000,0.0533,0.0535,0.0532,0.0534,563622.2,1742880599999999,30071.8735,1369,341888.4,18248.80455,0
1742880600000000,0.0535,0.0536,0.0533,0.0533,508305.4,1742881499999999,27173.83773,1455,230784.8,12344.21459,0
1742881500000000,0.0534,0.0536,0.0533,0.0534,578654.2,1742882399999999,30930.25287,1350,357834.7,19135.23087,0
1742882400000000,0.0535,0.0539,0.0533,0.0538,668099.0,1742883299999999,35808.70622,1502,390010.7,20913.98752,0
1742883300000000,0.0538,0.0539,0.0536,0.0537,934260.3,1742884199999999,50202.80676,1474,420984.4,22640.36929,0
1742884200000000,0.0538,0.0539,0.0536,0.0537,884130.3,1742885099999999,47518.65781,1422,492596.5,26485.67373,0
1742885100000000,0.0537,0.0537,0.0534,0.0537,1010957.5,1742885999999999,54170.51898,1579,396663.0,21267.87201,0
1742886000000000,0.0536,0.054,0.0536,0.0538,1034235.4,1742886899999999,55627.57647,1611,384309.9,20673.77209,0
1742886900000000,0.0538,0.054,0.0537,0.0537,1094537.1,1742887799999999,58907.68425,1454,464451.6,25004.74143,0
1742887800000000,0.0538,0.0539,0.0534,0.0534,973831.4,1742888699999999,52226.12301,769,182600.8,9806.34736,0
1742888700000000,0.0535,0.0536,0.0534,0.0536,613327.9,1742889599999999,32818.05163,713,350036.1,18733.13461,0
1742889600000000,0.0535,0.054,0.0535,0.054,537320.8,1742890499999999,28866.37252,662,303306.2,16294.1851,0
1742890500000000,0.054,0.0541,0.0538,0.054,697795.5,1742891399999999,37665.59094,793,282410.4,15245.84434,0
1742891400000000,0.0539,0.0543,0.0539,0.0542,862882.4,1742892299999999,46693.92389,742,718126.4,38863.00588,0
1742892300000000,0.0542,0.0544,0.054,0.0543,398690.0,1742893199999999,21626.8572,660,149267.1,8099.11341,0
1742893200000000,0.0543,0.0543,0.054,0.0541,1428130.5,1742894099999999,77249.11508,887,507892.2,27487.34875,0
1742894100000000,0.054,0.0542,0.054,0.0541,296152.6,1742894999999999,16015.06899,645,115030.4,6223.64719,0
1742895000000000,0.0542,0.0543,0.054,0.0541,879240.9,1742895899999999,47657.00507,813,497914.3,26991.21747,0
1742895900000000,0.0541,0.0544,0.054,0.0542,569212.3,1742896799999999,30849.94329,697,313119.2,16983.70011,0
1742896800000000,0.0543,0.0544,0.0537,0.0538,913400.8,1742897699999999,49336.38882,740,131086.2,7091.68313,0
1742897700000000,0.0538,0.054,0.0536,0.054,578305.4,1742898599999999,31091.66594,669,390336.4,21001.28235,0
1742898600000000,0.0539,0.0541,0.0539,0.054,442763.6,1742899499999999,23905.69766,583,370480.8,20006.66449,0
1742899500000000,0.054,0.0541,0.0538,0.0538,610630.2,1742900399999999,32924.41753,634,322123.9,17366.15257,0
1742900400000000,0.0538,0.054,0.0537,0.0538,298163.6,1742901299999999,16059.45272,657,133637.7,7202.73498,0
1742901300000000,0.0537,0.054,0.0537,0.0539,288175.2,1742902199999999,15522.40304,700,131715.6,7094.71141,0
1742902200000000,0.0539,0.054,0.0536,0.0538,897790.7,1742903099999999,48294.82646,982,272326.3,14648.5006,0
1742903100000000,0.0538,0.054,0.0538,0.0538,109757.5,1742903999999999,5911.93676,528,52102.8,2808.99501,0
1742904000000000,0.0538,0.0541,0.0537,0.054,1076647.8,1742904899999999,58053.64451,957,540532.2,29171.91993,0
1742904900000000,0.0541,0.0541,0.0538,0.0539,272456.3,1742905799999999,14702.81352,719,90625.0,4892.77039,0
1742905800000000,0.0539,0.0543,0.0536,0.0539,1166413.7,1742906699999999,62903.45057,1076,426899.8,23061.62353,0
1742906700000000,0.0538,0.0539,0.0535,0.0536,721211.3,1742907599999999,38703.05941,885,85623.5,4599.42828,0
1742907600000000,0.0537,0.0539,0.0535,0.0539,559046.3,1742908499999999,30022.01688,809,316316.2,17002.29921,0
1742908500000000,0.0539,0.0543,0.0538,0.0542,1017151.3,1742909399999999,55053.79338,1000,586246.6,31721.57181,0
1742909400000000,0.0543,0.0545,0.0539,0.054,1833708.5,1742910299999999,99415.17413,1534,735919.7,39991.80638,0
1742910300000000,0.0539,0.0542,0.0537,0.0539,736197.3,1742911199999999,39692.71322,979,343146.0,18499.94893,0
1742911200000000,0.0538,0.054,0.0535,0.0539,5626458.2,1742912099999999,302331.97376,1839,3074867.2,165259.69923,0
1742912100000000,0.0538,0.054,0.0536,0.0539,1410296.1,1742912999999999,75932.9232,1239,734651.9,39571.85736,0
1742913000000000,0.0539,0.0543,0.0539,0.0541,1053202.4,1742913899999999,56979.66594,1038,596156.0,32255.34433,0
1742913900000000,0.0542,0.0543,0.0539,0.0542,776069.1,1742914799999999,41999.79187,1083,408013.3,22091.56924,0
1742914800000000,0.0542,0.0544,0.054,0.0541,1062214.1,1742915699999999,57606.07779,1116,391087.1,21216.71431,0
1742915700000000,0.0541,0.0542,0.0539,0.0541,729243.5,1742916599999999,39426.11346,863,354570.3,19178.97383,0
1742916600000000,0.0542,0.0542,0.0538,0.054,460713.0,1742917499999999,24860.07429,712,231239.3,12474.46214,0
1742917500000000,0.0541,0.0541,0.0535,0.0537,690489.7,1742918399999999,37078.03956,869,277204.1,14884.55851,0
1742918400000000,0.0537,0.054,0.0536,0.0539,931416.4,1742919299999999,50086.08283,846,626292.1,33686.92293,0
1742919300000000,0.0539,0.054,0.0536,0.0538,957063.7,1742920199999999,51513.65897,910,465813.9,25079.46201,0
1742920200000000,0.0537,0.0538,0.0535,0.0536,966267.0,1742921099999999,51791.1676,772,635232.8,34051.9118,0
1742921100000000,0.0536,0.0541,0.0535,0.0539,611559.9,1742921999999999,32941.06853,803,460552.1,24805.58616,0
1742922000000000,0.0539,0.0543,0.0538,0.0542,848375.7,1742922899999999,45904.09059,869,460768.0,24940.65706,0
1742922900000000,0.0542,0.0544,0.054,0.0542,304380.5,1742923799999999,16503.83419,719,152506.5,8267.34884,0
1742923800000000,0.0543,0.0546,0.0542,0.0546,969136.8,1742924699999999,52690.36479,781,646901.4,35181.35764,0
1742924700000000,0.0546,0.0549,0.0544,0.0546,1089268.0,1742925599999999,59534.14222,1042,538292.0,29418.62418,0
1742925600000000,0.0546,0.0547,0.0543,0.0543,755581.3,1742926499999999,41153.92441,929,201409.2,10975.02725,0
1742926500000000,0.0543,0.0546,0.0542,0.0544,899137.6,1742927399999999,48911.45068,902,433125.6,23567.0782,0
1742927400000000,0.0543,0.0544,0.0538,0.0538,780918.5,1742928299999999,42234.90213,884,292928.4,15867.56859,0
1742928300000000,0.0539,0.0542,0.0538,0.0541,432301.2,1742929199999999,23347.8309,747,275881.5,14904.6095,0
1742929200000000,0.0541,0.0543,0.0539,0.0541,288709.6,1742930099999999,15622.2179,676,184406.2,9978.7413,0
1742930100000000,0.0542,0.0543,0.054,0.0541,429325.0,1742930999999999,23249.99061,813,153244.2,8305.89198,0
1742931000000000,0.0542,0.0544,0.0541,0.0542,409973.8,1742931899999999,22237.14256,748,107849.9,5851.0861,0
1742931900000000,0.0543,0.0546,0.0542,0.0545,845284.1,1742932799999999,46021.87114,782,697269.2,37969.99729,0
1742932800000000,0.0545,0.0548,0.0543,0.0545,2913462.7,1742933699999999,159095.89587,1660,1748051.2,95459.59197,0
1742933700000000,0.0545,0.0546,0.0543,0.0544,582603.2,1742934599999999,31736.68483,715,299097.3,16292.55695,0
1742934600000000,0.0544,0.0545,0.0542,0.0542,239458.0,1742935499999999,13004.60571,630,148218.7,8051.32198,0
1742935500000000,0.0542,0.0544,0.054,0.0541,523955.6,1742936399999999,28388.45324,768,155299.1,8426.30876,0
1742936400000000,0.0542,0.0545,0.0541,0.0544,977876.4,1742937299999999,53128.85945,849,523109.2,28428.87533,0
1742937300000000,0.0543,0.0546,0.0543,0.0543,568939.4,1742938199999999,30981.81645,691,180680.6,9842.13814,0
1742938200000000,0.0544,0.0545,0.0541,0.0543,327022.2,1742939099999999,17757.05574,676,131733.7,7156.35198,0
1742939100000000,0.0543,0.0544,0.0542,0.0543,110456.6,1742939999999999,5998.14265,600,60005.9,3260.51962,0
1742940000000000,0.0544,0.0545,0.0542,0.0545,814270.7,1742940899999999,44277.51522,833,292746.5,15916.65937,0
1742940900000000,0.0544,0.0545,0.0542,0.0544,782470.5,1742941799999999,42543.72554,658,264423.2,14380.39317,0
1742941800000000,0.0545,0.0546,0.0542,0.0545,509232.6,1742942699999999,27692.74184,648,245158.6,13343.79812,0
1742942700000000,0.0545,0.0548,0.0545,0.0547,815606.3,1742943599999999,44585.22844,715,526441.9,28782.06968,0
1742943600000000,0.0546,0.0547,0.0542,0.0543,1688013.8,1742944499999999,91953.98302,887,703582.5,38282.9629,0
1742944500000000,0.0544,0.0546,0.0543,0.0544,266591.9,1742945399999999,14508.57121,585,125145.4,6817.29551,0
1742945400000000,0.0544,0.0547,0.0543,0.0546,494619.5,1742946299999999,26956.87474,672,313961.5,17121.92092,0
1742946300000000,0.0547,0.0551,0.0546,0.0551,1399188.5,1742947199999999,76724.3046,645,1015043.5,55678.35874,0
1742947200000000,0.0551,0.0553,0.0548,0.0549,2835895.6,1742948099999999,156234.61885,1142,1064346.6,58649.33155,0
1742948100000000,0.0549,0.055,0.0546,0.0548,1250187.1,1742948999999999,68553.38932,598,682513.8,37427.92076,0
1742949000000000,0.0548,0.0548,0.0545,0.0547,1446433.4,1742949899999999,79143.45887,592,965567.9,52846.49166,0
1742949900000000,0.0548,0.0549,0.0545,0.0546,1035293.1,1742950799999999,56604.72133,403,609325.9,33323.136,0
1742950800000000,0.0546,0.0549,0.0546,0.0549,874534.5,1742951699999999,47936.38705,319,504866.5,27689.02466,0
1742951700000000,0.0548,0.0551,0.0547,0.0551,1072684.4,1742952599999999,58992.2522,386,779165.6,42849.20212,0
1742952600000000,0.0551,0.0552,0.0549,0.055,760518.0,1742953499999999,41865.01465,314,382947.1,21090.10759,0
1742953500000000,0.055,0.0551,0.0548,0.0548,475950.9,1742954399999999,26144.84798,243,99275.9,5452.86584,0
1742954400000000,0.0549,0.055,0.0545,0.0545,1324534.5,1742955299999999,72467.42827,489,451988.9,24734.77098,0
1742955300000000,0.0544,0.0546,0.0544,0.0544,508750.5,1742956199999999,27738.28349,250,262186.7,14300.95299,0
1742956200000000,0.0545,0.0545,0.0542,0.0542,443280.1,1742957099999999,24076.14539,179,114262.2,6204.64755,0
1742957100000000,0.0542,0.0543,0.054,0.054,598252.5,1742957999999999,32381.48262,310,198036.8,10719.99805,0
1742958000000000,0.054,0.0543,0.0539,0.0543,463257.4,1742958899999999,25077.11066,173,351396.6,19024.32945,0
1742958900000000,0.0542,0.0544,0.054,0.0542,658980.2,1742959799999999,35719.2803,253,329383.2,17853.2916,0
1742959800000000,0.0541,0.0542,0.0538,0.0539,909996.3,1742960699999999,49107.75266,401,462627.6,24959.65557,0
1742960700000000,0.0539,0.0541,0.0538,0.054,1249680.8,1742961599999999,67441.10629,452,655679.6,35381.02965,0
1742961600000000,0.054,0.0542,0.054,0.0541,702009.5,1742962499999999,37992.91551,280,511778.0,27701.87576,0
1742962500000000,0.0542,0.0543,0.054,0.0542,218885.3,1742963399999999,11842.90636,108,105672.5,5719.937,0
1742963400000000,0.0542,0.0543,0.0541,0.0543,434526.6,1742964299999999,23565.13997,138,236537.8,12833.48859,0
1742964300000000,0.0543,0.0543,0.0541,0.0542,485065.3,1742965199999999,26298.59789,205,208120.4,11280.49333,0
1742965200000000,0.0542,0.0545,0.0541,0.0544,703271.6,1742966099999999,38225.96814,179,507368.7,27588.41265,0
1742966100000000,0.0544,0.0545,0.0543,0.0543,362302.9,1742966999999999,19706.66728,248,127031.0,6910.50577,0
1742967000000000,0.0544,0.0549,0.0543,0.0547,1848219.6,1742967899999999,101050.91928,1582,1378828.4,75399.08278,0
1742967900000000,0.0548,0.0549,0.0546,0.0548,580626.5,1742968799999999,31792.89066,1302,372322.1,20398.19447,0
1742968800000000,0.0547,0.0549,0.0546,0.0548,549029.5,1742969699999999,30063.16118,1421,279916.7,15336.94018,0
1742969700000000,0.0549,0.055,0.0547,0.0547,633266.1,1742970599999999,34699.25364,1497,241968.7,13267.28286,0
1742970600000000,0.0548,0.055,0.0547,0.0549,324987.2,1742971499999999,17827.87716,1254,182019.3,9992.60768,0
1742971500000000,0.055,0.0552,0.0549,0.0551,905560.2,1742972399999999,49851.97025,1400,554485.8,30529.81901,0
1742972400000000,0.055,0.0555,0.055,0.0554,984613.1,1742973299999999,54375.11986,1484,600059.7,33148.58195,0
1742973300000000,0.0555,0.056,0.0554,0.056,1504765.9,1742974199999999,83783.63869,1766,865731.5,48232.91845,0
1742974200000000,0.0559,0.0561,0.0558,0.0559,1867427.5,1742975099999999,104488.35104,1902,1065819.8,59659.0693,0
1742975100000000,0.056,0.0561,0.0559,0.056,2331397.3,1742975999999999,130570.22587,1963,1092747.2,61210.47336,0
1742976000000000,0.0561,0.0562,0.0557,0.0561,972291.5,1742976899999999,54404.06686,1695,468255.3,26216.71588,0
1742976900000000,0.056,0.0565,0.056,0.0564,1222529.3,1742977799999999,68792.10837,1729,731016.5,41141.01869,0
1742977800000000,0.0564,0.0565,0.0561,0.0561,788187.6,1742978699999999,44329.00208,1635,294719.8,16580.92345,0
1742978700000000,0.0562,0.0562,0.0558,0.0559,1052702.0,1742979599999999,58915.24505,1547,569246.3,31864.66608,0
1742979600000000,0.056,0.056,0.0556,0.0556,1442870.3,1742980499999999,80479.87035,1682,505840.7,28218.92377,0
1742980500000000,0.0557,0.0558,0.0555,0.0557,884238.0,1742981399999999,49218.61779,1515,455571.2,25370.33118,0
1742981400000000,0.0556,0.0558,0.0555,0.0558,1407684.8,1742982299999999,78441.77583,1590,951203.3,53028.92363,0
1742982300000000,0.0558,0.0559,0.0557,0.0559,780479.5,1742983199999999,43543.16819,1392,457496.8,25532.49624,0
1742983200000000,0.0558,0.0561,0.0558,0.0558,899640.7,1742984099999999,50291.48962,1393,393775.3,22024.88782,0
1742984100000000,0.0559,0.0561,0.0558,0.0559,1050159.3,1742984999999999,58757.87163,1597,465690.5,26064.00825,0
1742985000000000,0.056,0.0563,0.0559,0.0561,1271068.6,1742985899999999,71339.22341,1525,843164.5,47338.05563,0
1742985900000000,0.056,0.0562,0.056,0.0561,735779.4,1742986799999999,41282.26526,1348,440773.4,24737.11478,0
1742986800000000,0.0561,0.0563,0.0561,0.0562,1763425.7,1742987699999999,99038.59007,1629,569612.3,32016.06361,0
1742987700000000,0.0563,0.0564,0.0561,0.0561,799654.0,1742988599999999,44988.01419,1546,437635.9,24633.47274,0
1742988600000000,0.0562,0.0563,0.056,0.0562,1365170.7,1742989499999999,76703.54361,1619,1003536.8,56402.52062,0
1742989500000000,0.0563,0.0565,0.0562,0.0562,783620.4,1742990399999999,44142.75947,1454,364981.8,20564.3305,0
1742990400000000,0.0563,0.0565,0.0561,0.0561,912717.7,1742991299999999,51369.78558,1579,464193.9,26130.17566,0
1742991300000000,0.0562,0.0563,0.0558,0.0558,1044105.7,1742992199999999,58449.3582,1591,465258.8,26056.10513,0
1742992200000000,0.0559,0.0564,0.0558,0.0562,1353202.4,1742993099999999,75886.19164,1615,814655.8,45693.53732,0
1742993100000000,0.0563,0.0563,0.0561,0.0562,890331.5,1742993999999999,50056.26316,1514,414492.0,23317.87444,0
1742994000000000,0.0563,0.0563,0.0559,0.056,1191136.8,1742994899999999,66771.05846,1616,544446.5,30524.36726,0
1742994900000000,0.0561,0.0562,0.0558,0.056,686592.4,1742995799999999,38442.78349,1487,232062.3,13002.33742,0
1742995800000000,0.0559,0.0562,0.0557,0.056,1762223.6,1742996699999999,98627.88515,1842,989123.3,55355.57033,0
1742996700000000,0.0561,0.0562,0.0548,0.0548,2820084.4,1742997599999999,156131.86076,2422,1387914.0,76888.75671,0
1742997600000000,0.0549,0.0555,0.0547,0.0551,3117836.5,1742998499999999,172129.46506,2406,1946226.6,107452.22903,0
1742998500000000,0.0552,0.0553,0.0544,0.0547,2565487.4,1742999399999999,140459.92098,2540,1283236.9,70278.56213,0
1742999400000000,0.0548,0.0549,0.0544,0.0546,2944982.3,1743000299999999,161009.16455,2469,1799184.5,98395.40981,0
1743000300000000,0.0545,0.055,0.0543,0.0547,1412199.7,1743001199999999,77180.36191,1778,765295.3,41806.77766,0
1743001200000000,0.0548,0.055,0.0546,0.0546,875159.7,1743002099999999,47974.50216,1492,420884.9,23074.60153,0
1743002100000000,0.0547,0.0548,0.0543,0.0546,1416339.0,1743002999999999,77190.49597,1832,618979.6,33735.65136,0
1743003000000000,0.0547,0.0551,0.0546,0.0549,1087331.5,1743003899999999,59625.64086,1539,518872.2,28455.41669,0
1743003900000000,0.055,0.0553,0.0547,0.0549,1114112.6,1743004799999999,61304.81535,1626,674969.7,37165.96511,0
1743004800000000,0.055,0.0553,0.0547,0.0551,1099880.2,1743005699999999,60512.17086,1581,684096.6,37655.88935,0
1743005700000000,0.0552,0.0555,0.0548,0.0553,929167.7,1743006599999999,51203.94177,1478,457994.8,25264.70201,0
1743006600000000,0.0554,0.0556,0.055,0.0552,1659292.6,1743007499999999,91622.90246,1689,750350.0,41443.76797,0
1743007500000000,0.0551,0.0553,0.0549,0.0549,962731.5,1743008399999999,53027.94484,1512,478270.5,26356.44747,0
1743008400000000,0.055,0.0551,0.0548,0.0549,1085887.5,1743009299999999,59685.4117,1628,707547.5,38892.85605,0
1743009300000000,0.055,0.055,0.0544,0.0544,1524357.6,1743010199999999,83344.15542,1675,697001.6,38138.65857,0
1743010200000000,0.0544,0.0546,0.0542,0.0545,2171399.1,1743011099999999,118101.39911,1999,1190389.6,64752.04773,0
1743011100000000,0.0545,0.0546,0.0542,0.0544,1238814.6,1743011999999999,67353.72789,1493,358677.1,19526.68651,0
1743012000000000,0.0544,0.0547,0.0542,0.0546,1496323.0,1743012899999999,81454.37855,1709,817800.4,44518.23047,0
1743012900000000,0.0546,0.0548,0.0544,0.0547,916959.2,1743013799999999,50043.71803,1496,385488.5,21053.15268,0
1743013800000000,0.0546,0.0548,0.0544,0.0544,1077270.7,1743014699999999,58776.84545,1552,439049.2,23962.51226,0
1743014700000000,0.0545,0.0546,0.054,0.054,1935458.5,1743015599999999,105119.05767,1725,803256.1,43634.27587,0
1743015600000000,0.0541,0.0543,0.0534,0.0536,3449915.0,1743016499999999,185241.62854,2515,1306261.1,70194.0349,0
1743016500000000,0.0536,0.0539,0.0534,0.0537,1991233.2,1743017399999999,106796.27635,1842,899857.9,48291.8615,0
1743017400000000,0.0537,0.0542,0.0536,0.0542,882823.4,1743018299999999,47655.88546,961,581675.1,31394.68312,0
1743018300000000,0.0542,0.0545,0.0542,0.0543,1458331.2,1743019199999999,79267.44505,1211,844689.3,45915.40503,0
1743019200000000,0.0543,0.0547,0.0542,0.0546,1223073.1,1743020099999999,66646.87688,1230,638378.5,34783.01782,0
1743020100000000,0.0546,0.0551,0.0545,0.0551,1596466.4,1743020999999999,87480.90517,1036,1173373.0,64314.85676,0
1743021000000000,0.0551,0.0558,0.055,0.0557,2433587.9,1743021899999999,134872.97586,1419,1238890.2,68681.46688,0
1743021900000000,0.0557,0.0559,0.0555,0.0557,1460955.3,1743022799999999,81254.61851,1125,676266.4,37644.65079,0
1743022800000000,0.0557,0.0557,0.0552,0.0556,1247841.4,1743023699999999,69213.09237,982,939585.2,52124.07406,0
1743023700000000,0.0556,0.0556,0.0552,0.0553,644950.3,1743024599999999,35713.78464,881,192604.5,10674.50483,0
1743024600000000,0.0553,0.0553,0.0545,0.0549,1086619.1,1743025499999999,59649.58891,1292,345936.0,19014.06436,0
1743025500000000,0.0549,0.0555,0.0549,0.0554,908288.8,1743026399999999,50096.43959,982,634006.8,34952.13031,0
1743026400000000,0.0553,0.0553,0.0548,0.0549,1869886.6,1743027299999999,102760.90852,1215,1214066.7,66711.71121,0
1743027300000000,0.055,0.0551,0.0544,0.0546,1376677.2,1743028199999999,75329.12375,1130,789340.3,43182.40403,0
1743028200000000,0.0546,0.0551,0.0545,0.055,990036.0,1743029099999999,54255.25721,952,561410.1,30765.32923,0
1743029100000000,0.055,0.0552,0.0548,0.055,443642.6,1743029999999999,24398.82016,860,249436.2,13723.77871,0
1743030000000000,0.055,0.0551,0.0545,0.0548,989649.8,1743030899999999,54139.59269,952,655187.6,35847.8153,0
1743030900000000,0.0548,0.0549,0.0545,0.0548,804979.3,1743031799999999,44013.02222,972,425051.3,23236.72578,0
1743031800000000,0.0547,0.055,0.0547,0.0549,1024275.0,1743032699999999,56235.84602,1032,537296.4,29508.63107,0
1743032700000000,0.0549,0.0552,0.0547,0.0551,1102992.9,1743033599999999,60663.08255,939,684026.5,37619.54117,0
1743033600000000,0.0551,0.0554,0.055,0.0551,2194797.9,1743034499999999,121015.41643,1209,1320315.4,72793.05778,0
1743034500000000,0.0551,0.0555,0.0549,0.0555,1125107.4,1743035399999999,62088.64077,1050,609097.0,33594.45433,0
1743035400000000,0.0555,0.0561,0.0553,0.0561,2541384.1,1743036299999999,141610.94867,1515,1801337.3,100410.73327,0
1743036300000000,0.056,0.0565,0.056,0.0564,1824632.1,1743037199999999,102774.19211,1380,853561.9,48083.81334,0
1743037200000000,0.0564,0.057,0.0563,0.0568,2576624.8,1743038099999999,146072.58877,1513,1628340.3,92249.70186,0
1743038100000000,0.0568,0.0575,0.0567,0.0572,2971994.0,1743038999999999,169679.64873,1637,1958020.9,111734.83829,0
1743039000000000,0.0572,0.0572,0.0567,0.0568,1303623.3,1743039899999999,74142.14352,1321,579114.1,32942.80254,0
1743039900000000,0.0568,0.0569,0.0566,0.0568,1051553.9,1743040799999999,59638.50989,1097,547681.1,31066.28257,0
1743040800000000,0.0568,0.0572,0.0567,0.0568,711518.4,1743041699999999,40493.76649,1042,394236.6,22451.4473,0
1743041700000000,0.0568,0.0569,0.0566,0.0569,1559436.3,1743042599999999,88512.49327,1118,1186727.6,67377.43201,0
1743042600000000,0.0569,0.0573,0.0567,0.0572,869635.7,1743043499999999,49622.37977,959,427836.1,24411.26984,0
1743043500000000,0.0572,0.0574,0.057,0.0571,835574.1,1743044399999999,47780.17333,1058,456504.8,26103.42789,0
1743044400000000,0.0571,0.0572,0.0567,0.0572,2065872.4,1743045299999999,117653.22664,1366,1051080.3,59896.27739,0
1743045300000000,0.0572,0.0576,0.0571,0.0575,1495239.6,1743046199999999,85759.06195,1295,795570.1,45619.81627,0
1743046200000000,0.0575,0.0576,0.0573,0.0575,1121246.5,1743047099999999,64431.12197,1074,800776.0,46021.59606,0
1743047100000000,0.0575,0.058,0.0574,0.0579,1433098.7,1743047999999999,82720.73637,1110,943687.1,54496.11837,0
1743048000000000,0.0579,0.0579,0.0572,0.0572,2140472.2,1743048899999999,123263.57193,1435,1179628.4,67950.76778,0
1743048900000000,0.0573,0.0574,0.0571,0.0574,1273740.2,1743049799999999,72932.49807,1108,845138.4,48402.83235,0
1743049800000000,0.0574,0.0576,0.0572,0.0576,1435255.9,1743050699999999,82382.79367,1146,856163.5,49143.31715,0
1743050700000000,0.0576,0.0579,0.0575,0.0575,993768.1,1743051599999999,57333.68452,1016,546138.1,31502.57971,0
1743051600000000,0.0576,0.0576,0.0569,0.057,1556795.7,1743052499999999,88856.9063,1133,800075.6,45641.91173,0
1743052500000000,0.0569,0.0573,0.0569,0.0572,1488437.5,1743053399999999,84921.83943,1219,883419.6,50401.89001,0
1743053400000000,0.0572,0.0572,0.0569,0.057,1290855.2,1743054299999999,73607.67829,1071,617271.8,35212.5275,0
1743054300000000,0.057,0.0571,0.0565,0.0567,1337924.8,1743055199999999,76003.00324,1188,700906.1,39840.14732,0
1743055200000000,0.0567,0.057,0.0566,0.057,969038.7,1743056099999999,55068.22665,857,696781.2,39607.01779,0
1743056100000000,0.057,0.0571,0.0568,0.0569,781099.1,1743056999999999,44473.86272,919,446839.5,25451.8549,0
1743057000000000,0.0569,0.057,0.0565,0.0566,619186.8,1743057899999999,35097.48496,883,308938.7,17516.50655,0
1743057900000000,0.0566,0.057,0.0565,0.057,2656395.5,1743058799999999,150498.27389,1302,1275131.7,72273.04359,0
1743058800000000,0.057,0.0572,0.0567,0.0571,978712.8,1743059699999999,55755.93467,1100,522043.5,29746.99251,0
1743059700000000,0.0571,0.0571,0.0567,0.0568,891375.0,1743060599999999,50734.01915,951,460868.5,26243.85399,0
1743060600000000,0.0568,0.0569,0.0565,0.0567,1251993.0,1743061499999999,71004.56425,1106,712470.0,40407.94046,0
1743061500000000,0.0566,0.0568,0.0564,0.0567,327570.9,1743062399999999,18553.87242,869,258639.5,14653.15461,0
1743062400000000,0.0567,0.0569,0.0564,0.0566,1290043.0,1743063299999999,73092.34402,986,719481.3,40806.73058,0
1743063300000000,0.0566,0.0569,0.0565,0.0569,673854.8,1743064199999999,38211.80114,925,366768.9,20815.14234,0
1743064200000000,0.0569,0.0571,0.0566,0.0567,1380039.3,1743065099999999,78532.85886,967,1003656.0,57125.61006,0
1743065100000000,0.0567,0.0567,0.0563,0.0567,1198739.3,1743065999999999,67757.25496,914,454978.7,25719.55806,0
1743066000000000,0.0567,0.0567,0.0562,0.0564,1468525.2,1743066899999999,82906.98184,1072,840213.3,47448.59027,0
1743066900000000,0.0564,0.0568,0.0564,0.0565,1457580.5,1743067799999999,82499.8094,1016,889012.7,50341.19483,0
1743067800000000,0.0565,0.0567,0.0563,0.0564,1174727.9,1743068699999999,66374.49159,719,663688.6,37516.51777,0
1743068700000000,0.0564,0.0564,0.0561,0.0562,1006753.4,1743069599999999,56630.65423,534,326511.8,18382.26822,0
1743069600000000,0.0562,0.0564,0.0558,0.056,1371794.6,1743070499999999,76966.84581,779,566079.8,31774.48693,0
1743070500000000,0.056,0.0562,0.0558,0.0562,1146011.3,1743071399999999,64171.94203,1226,573246.7,32098.34426,0
1743071400000000,0.0561,0.0562,0.0558,0.0558,700005.2,1743072299999999,39164.68537,1551,326155.6,18258.26258,0
1743072300000000,0.0558,0.0559,0.0555,0.0555,1257454.4,1743073199999999,70014.35191,1596,626261.7,34886.65163,0
1743073200000000,0.0556,0.0559,0.0554,0.0555,1416089.5,1743074099999999,78790.24091,1725,704092.2,39197.401,0
1743074100000000,0.0555,0.0557,0.0551,0.0553,1513923.9,1743074999999999,83870.20689,1706,496980.4,27540.37143,0
1743075000000000,0.0552,0.0555,0.0551,0.0553,950707.2,1743075899999999,52583.64586,1498,534826.4,29596.2848,0
1743075900000000,0.0554,0.0554,0.0549,0.055,2091029.0,1743076799999999,115129.99208,1747,1265769.4,69676.94455,0
1743076800000000,0.055,0.0553,0.0548,0.0552,1571472.1,1743077699999999,86434.84738,1882,907991.7,49954.31776,0
1743077700000000,0.0552,0.0554,0.055,0.0553,1305641.1,1743078599999999,72117.63866,1639,807722.5,44631.28247,0
1743078600000000,0.0554,0.0558,0.0553,0.0555,1962145.3,1743079499999999,109032.93322,1669,1218737.3,67736.35219,0
1743079500000000,0.0556,0.0556,0.0551,0.0552,917156.0,1743080399999999,50759.61646,1442,385005.5,21287.59855,0
1743080400000000,0.0553,0.0555,0.0551,0.0551,1119145.7,1743081299999999,61846.53316,1519,460664.2,25471.8808,0
1743081300000000,0.0552,0.0554,0.0547,0.0549,1700700.8,1743082199999999,93648.9835,1777,537013.9,29564.45508,0
1743082200000000,0.0549,0.0551,0.054,0.0543,2668577.1,1743083099999999,145213.24534,2830,1517373.1,82624.53051,0
1743083100000000,0.0542,0.0547,0.0541,0.0545,1450949.7,1743083999999999,78973.88896,1976,908850.7,49490.042,0
1743084000000000,0.0546,0.0549,0.0543,0.0545,1889832.7,1743084899999999,103245.02552,2094,1074384.4,58710.74177,0
1743084900000000,0.0546,0.0548,0.0544,0.0548,1214565.2,1743085799999999,66376.48422,1803,516148.8,28216.19577,0
1743085800000000,0.0548,0.0554,0.0547,0.0552,1966054.3,1743086699999999,108250.02622,1974,1436289.5,79117.81136,0
1743086700000000,0.0553,0.0555,0.055,0.0555,1236312.3,1743087599999999,68335.12337,1764,621430.1,34363.27947,0
1743087600000000,0.0555,0.0556,0.0552,0.0556,969811.6,1743088499999999,53699.63189,1667,429254.1,23778.48349,0
1743088500000000,0.0555,0.0556,0.0553,0.0553,577637.3,1743089399999999,32046.27556,1507,311288.3,17277.60438,0
1743089400000000,0.0554,0.0554,0.0549,0.0549,1536460.6,1743090299999999,84828.95532,1821,458610.3,25335.07881,0
1743090300000000,0.055,0.0554,0.0548,0.0551,867593.9,1743091199999999,47831.57043,1638,498459.3,27497.48408,0
1743091200000000,0.0552,0.0553,0.055,0.0553,1134618.9,1743092099999999,62552.21412,1764,572200.8,31556.26394,0
1743092100000000,0.0553,0.0555,0.055,0.055,880095.8,1743092999999999,48621.05776,1524,466360.6,25762.96029,0
1743093000000000,0.0551,0.0552,0.0547,0.0549,1199669.1,1743093899999999,65924.53038,1590,713946.3,39240.79433,0
1743093900000000,0.055,0.055,0.0545,0.0546,964196.1,1743094799999999,52744.58139,1509,385939.6,21105.08531,0
1743094800000000,0.0546,0.0547,0.0543,0.0544,1081771.0,1743095699999999,58989.7946,1774,486734.3,26556.48422,0
1743095700000000,0.0545,0.0546,0.0542,0.0543,923429.6,1743096599999999,50257.67325,1638,503485.2,27418.73442,0
1743096600000000,0.0544,0.0545,0.0541,0.0541,1505593.9,1743097499999999,81694.62429,1746,823244.2,44681.07662,0
1743097500000000,0.0542,0.0545,0.0539,0.0539,1446113.3,1743098399999999,78285.58952,1732,770257.8,41760.50362,0
1743098400000000,0.054,0.0545,0.0539,0.0543,591522.6,1743099299999999,32087.86011,1548,324306.1,17597.9046,0
1743099300000000,0.0543,0.0545,0.0541,0.0543,578476.6,1743100199999999,31409.79621,1508,205076.9,11144.20125,0
1743100200000000,0.0543,0.055,0.0543,0.0549,914331.3,1743101099999999,49980.43436,1622,618322.0,33811.16119,0
1743101100000000,0.055,0.0552,0.0548,0.0552,1057709.1,1743101999999999,58223.92931,1687,796329.6,43843.03181,0
1743102000000000,0.0552,0.0554,0.0549,0.0554,695196.5,1743102899999999,38308.90229,1525,326266.4,17994.34353,0
1743102900000000,0.0554,0.0556,0.0552,0.0554,1129542.6,1743103799999999,62592.98894,1687,597370.4,33122.49892,0
1743103800000000,0.0555,0.0556,0.0553,0.0555,689335.6,1743104699999999,38251.42045,1503,426256.6,23660.71808,0
1743104700000000,0.0555,0.0556,0.0553,0.0554,801242.2,1743105599999999,44418.06065,1492,334698.8,18562.80819,0
1743105600000000,0.0555,0.0555,0.055,0.055,538734.3,1743106499999999,29747.05793,1437,184862.1,10217.18184,0
1743106500000000,0.0551,0.0553,0.0548,0.0551,927298.9,1743107399999999,51046.54331,1564,446992.2,24636.31336,0
1743107400000000,0.0551,0.0553,0.055,0.0551,670528.1,1743108299999999,36992.31234,1379,255964.7,14126.01122,0
1743108300000000,0.0552,0.0552,0.055,0.055,403136.5,1743109199999999,22195.89334,1298,200187.4,11031.71716,0
1743109200000000,0.055,0.0551,0.0545,0.0546,1011508.1,1743110099999999,55338.83672,1404,329114.6,18023.83055,0
1743110100000000,0.0547,0.0549,0.0545,0.0547,1111931.7,1743110999999999,60787.15115,1480,696739.6,38108.01466,0
1743111000000000,0.0547,0.0553,0.0547,0.055,847506.3,1743111899999999,46623.13707,1633,466497.7,25670.9573,0
1743111900000000,0.0551,0.0551,0.0549,0.0551,735155.6,1743112799999999,40441.27327,1391,340014.8,18712.1644,0
1743112800000000,0.055,0.0551,0.0549,0.0549,678139.6,1743113699999999,37300.04361,1373,185061.2,10186.91926,0
1743113700000000,0.0549,0.055,0.0547,0.0547,624414.4,1743114599999999,34248.12615,1457,146353.4,8031.80433,0
1743114600000000,0.0547,0.0548,0.0545,0.0546,812934.8,1743115499999999,44427.07077,1565,393937.0,21536.02711,0
1743115500000000,0.0546,0.0549,0.0546,0.0548,648276.3,1743116399999999,35488.96739,1325,334971.1,18348.12857,0
1743116400000000,0.0547,0.0548,0.0543,0.0543,897239.8,1743117299999999,48880.57281,1507,229969.0,12541.72169,0
1743117300000000,0.0544,0.0547,0.0543,0.0546,498219.6,1743118199999999,27158.84704,1361,287529.8,15679.49993,0
1743118200000000,0.0547,0.0549,0.0546,0.0546,1088762.7,1743119099999999,59572.33829,1433,570517.9,31218.57389,0
1743119100000000,0.0547,0.0547,0.0544,0.0544,730072.0,1743119999999999,39845.36719,1543,192023.1,10489.29638,0
1743120000000000,0.0545,0.0545,0.0539,0.054,2028943.2,1743120899999999,110054.4224,1872,937637.9,50946.71803,0
1743120900000000,0.0541,0.0542,0.0537,0.0537,1557881.2,1743121799999999,83996.64998,1694,412681.6,22287.77839,0
1743121800000000,0.0538,0.054,0.0535,0.0539,1412659.4,1743122699999999,75835.14422,1582,694333.4,37281.16296,0
1743122700000000,0.054,0.0543,0.0538,0.0541,975642.8,1743123599999999,52765.24121,1602,338846.9,18315.88312,0
1743123600000000,0.0542,0.0544,0.054,0.0542,1104059.1,1743124499999999,59826.92502,1598,416560.1,22590.02161,0
1743124500000000,0.0543,0.0548,0.0541,0.0547,967266.7,1743125399999999,52670.63492,1553,654960.0,35694.87566,0
1743125400000000,0.0548,0.0553,0.0546,0.055,1675225.4,1743126299999999,92115.76929,1751,1005748.8,55307.99066,0
1743126300000000,0.055,0.055,0.0543,0.0544,1233444.4,1743127199999999,67375.29547,1927,336392.6,18369.33986,0
1743127200000000,0.0544,0.0546,0.0542,0.0544,1283331.0,1743128099999999,69853.13919,1571,674248.7,36704.31286,0
1743128100000000,0.0543,0.0547,0.0542,0.0544,973204.1,1743128999999999,52957.96846,1551,343872.5,18731.0475,0
1743129000000000,0.0544,0.0544,0.0539,0.0541,960940.7,1743129899999999,51975.45909,1682,505635.6,27347.22705,0
1743129900000000,0.0541,0.0542,0.0537,0.0538,1094647.9,1743130799999999,59064.08538,1524,337851.6,18241.0554,0
1743130800000000,0.0539,0.0539,0.0534,0.0535,969938.7,1743131699999999,52028.98746,1580,479471.1,25722.02667,0
1743131700000000,0.0536,0.0536,0.0531,0.0531,2087054.2,1743132599999999,111325.57907,1773,852683.6,45497.80802,0
1743132600000000,0.0532,0.0535,0.0531,0.0534,601280.0,1743133499999999,32072.77075,1601,180563.1,9638.49485,0
1743133500000000,0.0534,0.0536,0.0532,0.0535,618814.1,1743134399999999,33043.05426,1461,357241.0,19088.90637,0
1743134400000000,0.0536,0.0536,0.0533,0.0534,1125162.3,1743135299999999,60143.95065,1431,766364.1,40968.64748,0
1743135300000000,0.0534,0.0535,0.0532,0.0532,513880.8,1743136199999999,27411.73217,1327,181233.6,9676.90602,0
1743136200000000,0.0532,0.0533,0.0518,0.0521,11841862.7,1743137099999999,619232.76053,4604,5352392.4,279967.72315,0
1743137100000000,0.0521,0.0524,0.0519,0.0521,2658963.6,1743137999999999,138551.56993,2315,1549936.2,80794.30339,0
1743138000000000,0.0521,0.0522,0.0517,0.0517,1395503.3,1743138899999999,72405.25973,1792,930595.8,48276.67023,0
1743138900000000,0.0518,0.052,0.0515,0.0517,1009753.6,1743139799999999,52261.96273,1774,583853.2,30227.29771,0
1743139800000000,0.0518,0.052,0.0514,0.0516,1410162.6,1743140699999999,72829.65447,1696,710304.0,36691.53219,0
1743140700000000,0.0516,0.0516,0.0512,0.0512,1429579.2,1743141599999999,73507.80746,1877,844685.4,43462.82223,0
1743141600000000,0.0512,0.0516,0.0509,0.0514,1528920.9,1743142499999999,78361.36146,2002,840697.2,43107.94278,0
1743142500000000,0.0514,0.0515,0.051,0.0513,931396.2,1743143399999999,47716.93753,1522,399289.6,20464.87148,0
1743143400000000,0.0512,0.0513,0.0509,0.051,1032240.2,1743144299999999,52769.6162,1536,458774.2,23471.1646,0
1743144300000000,0.0509,0.0511,0.0507,0.0507,1245181.2,1743145199999999,63331.65943,1663,669998.3,34082.24571,0
1743145200000000,0.0507,0.051,0.0504,0.0505,1747650.0,1743146099999999,88696.09682,1932,854076.4,43341.17546,0
1743146100000000,0.0505,0.0509,0.0505,0.0508,843695.3,1743146999999999,42771.12234,1465,629944.7,31936.27167,0
1743147000000000,0.0509,0.0511,0.0504,0.0504,1728486.2,1743147899999999,87861.91466,1584,520350.2,26483.71169,0
1743147900000000,0.0504,0.0507,0.0502,0.0503,950795.6,1743148799999999,47975.78019,1476,656900.6,33160.73256,0
1743148800000000,0.0504,0.0508,0.0503,0.0505,1272462.7,1743149699999999,64305.18748,1551,681785.1,34459.41237,0
1743149700000000,0.0505,0.0506,0.0502,0.0502,1074045.7,1743150599999999,54178.33788,1522,692474.3,34945.86799,0
1743150600000000,0.0503,0.0505,0.0501,0.0502,900783.7,1743151499999999,45282.55894,1642,480865.1,24184.78097,0
1743151500000000,0.0502,0.0507,0.0502,0.0505,1101044.3,1743152399999999,55631.98499,1608,639557.1,32324.33903,0
1743152400000000,0.0504,0.0506,0.0502,0.0503,854162.8,1743153299999999,43058.82712,1452,391740.2,19753.29439,0
1743153300000000,0.0504,0.0507,0.0503,0.0505,1156361.4,1743154199999999,58380.4761,1449,437883.1,22128.84921,0
1743154200000000,0.0506,0.0508,0.0504,0.0504,729255.7,1743155099999999,36846.82547,1356,265254.2,13412.20706,0
1743155100000000,0.0505,0.0506,0.0504,0.0504,916826.4,1743155999999999,46268.60498,1334,243394.1,12296.5261,0
1743156000000000,0.0504,0.0506,0.0502,0.0504,1913411.6,1743156899999999,96351.49715,1521,911452.0,45912.39705,0
1743156900000000,0.0505,0.0505,0.0499,0.05,2721919.2,1743157799999999,136262.98016,1691,592782.9,29696.47597,0
1743157800000000,0.0501,0.0502,0.0499,0.05,964284.5,1743158699999999,48243.31814,1331,602838.7,30165.02105,0
1743158700000000,0.0501,0.0501,0.0497,0.0498,1366924.6,1743159599999999,68231.01257,1424,610018.2,30460.13927,0
1743159600000000,0.0499,0.05,0.0494,0.0496,1609003.7,1743160499999999,79924.93707,1424,789029.5,39157.31406,0
1743160500000000,0.0496,0.0502,0.0495,0.0497,5014751.5,1743161399999999,249936.45526,2444,2364935.9,118007.77197,0
1743161400000000,0.0497,0.0501,0.0497,0.0499,2028328.6,1743162299999999,101200.19301,1591,995436.9,49678.29007,0
1743162300000000,0.0498,0.0501,0.0497,0.0499,997450.7,1743163199999999,49762.744,1418,551994.4,27540.04935,0
1743163200000000,0.05,0.05,0.0495,0.0496,895704.1,1743164099999999,44535.70715,1452,358895.6,17863.79497,0
1743164100000000,0.0496,0.0499,0.0495,0.0497,2145378.3,1743164999999999,106682.20461,1777,719899.4,35801.57455,0
1743165000000000,0.0497,0.05,0.0491,0.0494,6346479.1,1743165899999999,314786.2467,2686,3598940.7,178622.73784,0
1743165900000000,0.0495,0.0496,0.0493,0.0493,1065206.0,1743166799999999,52669.0121,1339,559978.9,27696.82566,0
1743166800000000,0.0494,0.0497,0.0492,0.0497,1542393.9,1743167699999999,76212.71212,1528,971007.2,48000.8277,0
1743167700000000,0.0497,0.0499,0.0494,0.0494,948859.9,1743168599999999,47104.66603,1303,436375.4,21687.68396,0
1743168600000000,0.0495,0.0497,0.0492,0.0496,1554192.5,1743169499999999,76966.95559,1604,795636.2,39397.51056,0
1743169500000000,0.0496,0.0496,0.049,0.049,1965722.6,1743170399999999,96910.99513,1602,1026365.2,50642.55435,0
1743170400000000,0.049,0.0492,0.0487,0.0489,2735410.9,1743171299999999,133988.63489,1957,1315034.9,64429.18815,0
1743171300000000,0.049,0.0495,0.0488,0.0494,1280738.5,1743172199999999,63036.01333,1375,1050115.4,51700.79124,0
1743172200000000,0.0495,0.0496,0.0492,0.0493,1169159.4,1743173099999999,57701.40407,843,533302.5,26322.40308,0
1743173100000000,0.0494,0.0495,0.049,0.049,1403636.0,1743173999999999,69091.39761,811,631757.0,31122.41537,0
1743174000000000,0.0491,0.0494,0.049,0.0492,1715143.9,1743174899999999,84240.22793,796,915272.8,44980.13926,0
1743174900000000,0.0493,0.0494,0.0489,0.0492,636035.9,1743175799999999,31247.75599,691,330477.9,16240.17432,0
1743175800000000,0.0491,0.0495,0.0491,0.0491,727635.1,1743176699999999,35875.55457,570,248228.5,12243.61652,0
1743176700000000,0.0492,0.0492,0.0489,0.049,617586.9,1743177599999999,30309.70379,575,322476.4,15833.35886,0
1743177600000000,0.0491,0.0492,0.0489,0.049,759710.8,1743178499999999,37256.38629,647,450679.9,22111.15601,0
1743178500000000,0.049,0.0493,0.0487,0.0491,975878.6,1743179399999999,47761.67197,650,503456.8,24651.70973,0
1743179400000000,0.0492,0.0492,0.0488,0.049,1476557.7,1743180299999999,72326.13121,741,895025.8,43845.35087,0
1743180300000000,0.0489,0.049,0.0486,0.0487,1638018.0,1743181199999999,79898.85119,907,751870.0,36683.59356,0
1743181200000000,0.0488,0.0491,0.0487,0.0491,1618072.3,1743182099999999,79077.03172,929,1056492.0,51639.03561,0
1743182100000000,0.0491,0.0493,0.0488,0.049,835230.6,1743182999999999,40987.42045,659,403014.1,19789.67701,0
1743183000000000,0.0489,0.0491,0.0488,0.0488,1736421.8,1743183899999999,84964.48556,754,980764.4,48014.75845,0
1743183900000000,0.0489,0.0493,0.0488,0.0492,2330123.9,1743184799999999,114495.85108,888,1667207.8,81939.04864,0
1743184800000000,0.0493,0.0495,0.0492,0.0493,1752024.3,1743185699999999,86497.60116,726,1065502.7,52629.07759,0
1743185700000000,0.0492,0.0494,0.049,0.049,1795398.5,1743186599999999,88289.34293,714,826430.0,40693.7761,0
1743186600000000,0.0491,0.0492,0.049,0.0491,602385.2,1743187499999999,29575.42703,532,399853.8,19635.46303,0
1743187500000000,0.0491,0.0492,0.0489,0.0491,413434.5,1743188399999999,20300.53528,572,281154.6,13810.52838,0
1743188400000000,0.0491,0.0493,0.049,0.0492,562707.6,1743189299999999,27665.04392,525,327858.6,16126.63936,0
1743189300000000,0.0493,0.0493,0.049,0.0491,332781.8,1743190199999999,16360.66713,510,137850.0,6778.35867,0
1743190200000000,0.049,0.0491,0.0488,0.0489,878947.6,1743191099999999,43023.37642,583,438975.0,21498.62531,0
1743191100000000,0.0488,0.049,0.0487,0.0489,404198.3,1743191999999999,19754.73388,668,283309.5,13847.61109,0
1743192000000000,0.0488,0.0494,0.0488,0.0492,351527.0,1743192899999999,17280.79708,657,251012.8,12338.9237,0
1743192900000000,0.0493,0.0495,0.0492,0.0492,759674.6,1743193799999999,37475.97302,665,283944.6,14023.43235,0
1743193800000000,0.0492,0.0494,0.049,0.0493,2557340.2,1743194699999999,125981.07671,929,1590128.0,78360.324,0
1743194700000000,0.0492,0.0493,0.0487,0.0488,1426054.6,1743195599999999,69912.59199,702,522387.2,25613.05195,0
1743195600000000,0.0488,0.049,0.0486,0.049,1791102.9,1743196499999999,87438.5476,732,913531.3,44604.73298,0
1743196500000000,0.0489,0.0491,0.0486,0.049,693001.6,1743197399999999,33894.04232,650,542003.0,26520.4395,0
1743197400000000,0.0491,0.0495,0.049,0.0494,831587.5,1743198299999999,41017.83281,736,354508.7,17498.93319,0
1743198300000000,0.0494,0.0494,0.0491,0.0492,440908.1,1743199199999999,21705.02341,501,280167.4,13796.5759,0
1743199200000000,0.0492,0.0496,0.0491,0.0494,551697.6,1743200099999999,27237.9937,605,377701.5,18650.25785,0
1743200100000000,0.0494,0.0495,0.0493,0.0493,339912.9,1743200999999999,16781.23602,515,92126.1,4550.8515,0
1743201000000000,0.0494,0.0495,0.0493,0.0494,166102.3,1743201899999999,8206.56998,442,117679.4,5815.87696,0
1743201900000000,0.0494,0.0497,0.0494,0.0497,508777.9,1743202799999999,25205.91485,538,349241.5,17309.90056,0
1743202800000000,0.0497,0.0498,0.0496,0.0497,493570.5,1743203699999999,24523.63707,523,229367.6,11400.89984,0
1743203700000000,0.0497,0.0497,0.0495,0.0495,122579.1,1743204599999999,6077.27754,469,42673.2,2117.20424,0
1743204600000000,0.0495,0.0497,0.0495,0.0496,310665.2,1743205499999999,15410.96955,476,198049.5,9825.86023,0
1743205500000000,0.0496,0.0497,0.0494,0.0494,567301.6,1743206399999999,28117.7009,505,190522.2,9451.54912,0
1743206400000000,0.0495,0.0497,0.0493,0.0495,865176.9,1743207299999999,42872.74924,603,662493.8,32828.01826,0
1743207300000000,0.0495,0.0496,0.0494,0.0496,528946.8,1743208199999999,26179.05232,556,258824.4,12816.09335,0
1743208200000000,0.0495,0.0499,0.0494,0.0498,610588.3,1743209099999999,30341.29615,608,193814.4,9642.29987,0
1743209100000000,0.0498,0.0499,0.0493,0.0494,833917.0,1743209999999999,41296.97976,605,92641.4,4590.55705,0
1743210000000000,0.0494,0.0497,0.0492,0.0496,987156.1,1743210899999999,48844.79528,590,851750.0,42146.92844,0
1743210900000000,0.0496,0.0497,0.0493,0.0495,632954.1,1743211799999999,31327.73972,565,279774.2,13841.18396,0
1743211800000000,0.0494,0.0499,0.0494,0.0498,1009815.2,1743212699999999,50250.66141,745,567704.5,28259.95553,0
1743212700000000,0.0498,0.0498,0.0494,0.0497,565585.8,1743213599999999,28074.64702,612,426104.6,21155.07992,0
1743213600000000,0.0497,0.0499,0.0496,0.0497,472689.8,1743214499999999,23514.76088,551,285401.3,14199.68007,0
1743214500000000,0.0498,0.0498,0.0495,0.0496,962381.9,1743215399999999,47800.72231,704,312257.5,15511.80032,0
1743215400000000,0.0497,0.0498,0.0494,0.0494,505229.3,1743216299999999,25078.05559,626,254074.6,12622.11871,0
1743216300000000,0.0495,0.0497,0.0491,0.0493,489424.5,1743217199999999,24170.74524,686,255644.0,12611.06504,0
1743217200000000,0.0492,0.0494,0.0485,0.0488,2076820.0,1743218099999999,101566.10161,1093,1017791.7,49815.28147,0
1743218100000000,0.0487,0.0492,0.0487,0.0492,1203059.2,1743218999999999,58894.3018,750,736234.2,36052.97872,0
1743219000000000,0.0491,0.0496,0.0491,0.0495,926510.6,1743219899999999,45759.22411,842,568214.4,28066.94602,0
1743219900000000,0.0496,0.0497,0.0494,0.0495,446359.8,1743220799999999,22116.09176,638,268993.4,13333.13442,0
1743220800000000,0.0495,0.0495,0.0492,0.0493,282777.1,1743221699999999,13960.1842,604,169790.8,8382.71023,0
1743221700000000,0.0494,0.0494,0.049,0.0492,616965.4,1743222599999999,30356.753,668,249863.5,12306.30677,0
1743222600000000,0.0493,0.0493,0.049,0.0491,433279.9,1743223499999999,21298.97347,640,204335.8,10049.51202,0
1743223500000000,0.0492,0.0493,0.049,0.0492,851823.3,1743224399999999,41914.01243,683,550655.3,27101.90019,0
1743224400000000,0.0493,0.0493,0.0489,0.0493,516321.8,1743225299999999,25347.15436,588,430894.8,21159.31166,0
1743225300000000,0.0493,0.0493,0.0487,0.0487,347243.1,1743226199999999,17029.29965,531,76743.5,3761.07741,0
1743226200000000,0.0487,0.049,0.0487,0.0489,521329.7,1743227099999999,25461.24572,575,459780.9,22455.5062,0
1743227100000000,0.0489,0.049,0.0488,0.0489,579645.0,1743227999999999,28350.37017,607,217197.8,10631.70039,0
1743228000000000,0.049,0.049,0.0482,0.0482,2366006.6,1743228899999999,114761.70161,1029,1139078.1,55279.94772,0
1743228900000000,0.0483,0.0484,0.0479,0.0482,1919214.9,1743229799999999,92408.16762,991,1253486.2,60386.48888,0
1743229800000000,0.0483,0.0487,0.0482,0.0486,1305410.9,1743230699999999,63154.36705,970,600198.6,29051.23353,0
1743230700000000,0.0485,0.0486,0.0482,0.0483,1256304.8,1743231599999999,60806.17068,1106,475612.5,23014.30812,0
1743231600000000,0.0483,0.0484,0.048,0.0483,1735843.3,1743232499999999,83777.68848,953,499631.3,24113.54749,0
1743232500000000,0.0483,0.0485,0.048,0.0485,513999.2,1743233399999999,24775.96338,722,289792.5,13975.61181,0
1743233400000000,0.0485,0.0485,0.048,0.0482,703745.4,1743234299999999,33947.51142,846,359198.7,17320.93419,0
1743234300000000,0.0483,0.0484,0.0477,0.0481,2663528.7,1743235199999999,127747.33778,1408,1500179.9,71920.21963,0
1743235200000000,0.048,0.0483,0.048,0.0483,1416166.9,1743236099999999,68178.31999,702,871580.0,41963.8428,0
1743236100000000,0.0483,0.0485,0.048,0.0483,1523171.1,1743236999999999,73495.8839,913,563690.7,27226.2086,0
1743237000000000,0.0482,0.0485,0.0482,0.0483,1625581.4,1743237899999999,78656.38945,948,933087.0,45153.90661,0
1743237900000000,0.0483,0.0485,0.0482,0.0484,859665.4,1743238799999999,41573.58146,597,326069.0,15772.68846,0
1743238800000000,0.0484,0.0485,0.0482,0.0483,636583.6,1743239699999999,30732.04309,426,336976.7,16278.29604,0
1743239700000000,0.0483,0.0483,0.048,0.0481,813961.2,1743240599999999,39223.14117,423,411554.0,19842.8805,0
1743240600000000,0.0481,0.0482,0.0475,0.0477,1897635.6,1743241499999999,90695.85816,716,1036486.2,49514.42869,0
1743241500000000,0.0476,0.0482,0.0476,0.0481,1795951.1,1743242399999999,86051.63811,713,1203929.2,57716.60514,0
1743242400000000,0.0481,0.0482,0.0479,0.0481,1173114.0,1743243299999999,56365.49942,456,603250.7,28978.22484,0
1743243300000000,0.0482,0.0483,0.048,0.0482,611978.4,1743244199999999,29475.96366,315,301102.2,14498.55861,0
1743244200000000,0.0481,0.0482,0.048,0.048,628698.1,1743245099999999,30235.95033,372,320221.6,15404.81551,0
1743245100000000,0.0481,0.0482,0.0479,0.048,1685401.6,1743245999999999,80916.47108,637,799820.3,38409.17007,0
1743246000000000,0.0479,0.0481,0.0477,0.048,1033740.3,1743246899999999,49549.21701,604,544545.5,26093.06412,0
1743246900000000,0.0481,0.0481,0.0476,0.0477,2639474.9,1743247799999999,126095.20416,993,1349806.6,64470.4365,0
1743247800000000,0.0476,0.0477,0.0472,0.0473,2018346.2,1743248699999999,95852.32179,682,782142.6,37169.52252,0
1743248700000000,0.0473,0.0477,0.0472,0.0477,1441939.9,1743249599999999,68389.92733,485,909156.2,43118.42608,0
1743249600000000,0.0477,0.0478,0.0475,0.0477,843914.2,1743250499999999,40232.28788,346,507295.4,24195.44321,0
1743250500000000,0.0478,0.0482,0.0478,0.048,478572.8,1743251399999999,22976.21018,324,305229.1,14656.49361,0
1743251400000000,0.0481,0.0482,0.0479,0.048,587756.5,1743252299999999,28222.54565,236,370201.0,17778.60182,0
1743252300000000,0.048,0.048,0.0478,0.048,573863.9,1743253199999999,27505.1155,197,330703.2,15850.1286,0
1743253200000000,0.048,0.0483,0.0479,0.0482,399857.9,1743254099999999,19277.1361,238,267899.4,12912.02336,0
1743254100000000,0.0483,0.0483,0.0481,0.0482,355837.0,1743254999999999,17174.46789,165,71464.0,3449.40369,0
1743255000000000,0.0481,0.0481,0.048,0.0481,384071.0,1743255899999999,18460.8015,174,228944.3,11009.05486,0
1743255900000000,0.048,0.0482,0.048,0.0481,342495.1,1743256799999999,16473.49725,174,108424.4,5215.2873,0
1743256800000000,0.048,0.0481,0.0477,0.0478,613716.0,1743257699999999,29413.60146,167,190629.1,9141.06686,0
1743257700000000,0.0478,0.0481,0.0477,0.0479,1248667.4,1743258599999999,59844.08959,342,676753.5,32434.17892,0
1743258600000000,0.0479,0.0482,0.0478,0.048,687030.2,1743259499999999,32968.5145,195,411857.8,19761.62412,0
1743259500000000,0.048,0.0482,0.0478,0.048,817151.9,1743260399999999,39246.46301,252,319241.9,15330.43428,0
1743260400000000,0.0481,0.0484,0.048,0.0482,760124.5,1743261299999999,36647.30833,302,374696.1,18052.98888,0
1743261300000000,0.0483,0.0484,0.048,0.0481,278023.9,1743262199999999,13398.16821,176,150595.6,7262.33008,0
1743262200000000,0.0481,0.0482,0.0478,0.0478,388944.6,1743263099999999,18657.22236,194,156436.3,7512.51467,0
1743263100000000,0.0478,0.0481,0.0478,0.048,517638.3,1743263999999999,24851.2313,144,355638.4,17075.3877,0
1743264000000000,0.048,0.0482,0.0478,0.048,347705.6,1743264899999999,16678.34868,240,228346.8,10954.02289,0
1743264900000000,0.0479,0.0479,0.0474,0.0475,1140501.8,1743265799999999,54326.34576,370,418855.2,19925.86526,0
1743265800000000,0.0475,0.0479,0.0475,0.0476,655347.5,1743266699999999,31269.75443,338,364677.3,17389.95782,0
1743266700000000,0.0476,0.0477,0.0471,0.0472,1754270.0,1743267599999999,83113.81888,613,708229.4,33596.48527,0
1743267600000000,0.0471,0.0475,0.0471,0.0472,1475818.2,1743268499999999,69751.36889,428,1032202.8,48777.55912,0
1743268500000000,0.0472,0.0474,0.0467,0.0473,3786118.9,1743269399999999,177685.00978,1012,1579683.6,74153.47208,0
1743269400000000,0.0474,0.0478,0.047,0.047,1703372.7,1743270299999999,80996.96495,617,865112.2,41163.29279,0
1743270300000000,0.0471,0.0474,0.0468,0.0471,2614560.8,1743271199999999,123059.34245,569,2019043.3,95041.11366,0
1743271200000000,0.0471,0.0474,0.047,0.0474,1359342.5,1743272099999999,64220.47854,448,477114.9,22561.69028,0
1743272100000000,0.0473,0.0474,0.0471,0.0474,762808.9,1743272999999999,36043.28427,363,449764.3,21262.04758,0
1743273000000000,0.0473,0.0476,0.0473,0.0475,1228257.8,1743273899999999,58271.44405,428,570948.3,27099.03768,0
1743273900000000,0.0475,0.0476,0.0472,0.0473,804734.9,1743274799999999,38152.6901,350,417269.4,19794.58537,0
1743274800000000,0.0472,0.0474,0.047,0.0471,1085134.7,1743275699999999,51234.13831,390,504696.9,23847.8197,0
1743275700000000,0.0471,0.0472,0.047,0.0471,473133.0,1743276599999999,22268.89446,179,245024.8,11536.15766,0
1743276600000000,0.0472,0.0473,0.047,0.0472,883273.7,1743277499999999,41615.4935,289,367263.0,17303.44728,0
1743277500000000,0.0471,0.0475,0.0471,0.0475,622358.6,1743278399999999,29433.32779,239,420121.6,19876.25643,0
1743278400000000,0.0475,0.0475,0.0468,0.0469,1020639.9,1743279299999999,48143.57644,381,438032.0,20652.53446,0
1743279300000000,0.0469,0.0472,0.0468,0.0471,3313550.2,1743280199999999,155725.40477,828,1027361.8,48354.35875,0
1743280200000000,0.0471,0.0473,0.047,0.047,893142.0,1743281099999999,42092.50863,279,453801.3,21393.29108,0
1743281100000000,0.0469,0.0469,0.0466,0.0468,715675.7,1743281999999999,33501.44971,290,437672.1,20489.75738,0
1743282000000000,0.0468,0.0472,0.0467,0.0472,1301440.8,1743282899999999,61031.91112,403,1036327.4,48615.33486,0
1743282900000000,0.0471,0.0472,0.0469,0.047,285002.2,1743283799999999,13406.73579,108,172987.4,8138.08023,0
1743283800000000,0.0469,0.0469,0.0466,0.0468,623799.9,1743284699999999,29153.12717,197,298922.4,13976.10001,0
1743284700000000,0.0468,0.0472,0.0468,0.047,198452.2,1743285599999999,9320.495,111,106072.0,4983.90693,0
1743285600000000,0.0469,0.047,0.0468,0.047,215990.0,1743286499999999,10133.25056,98,77965.1,3658.58386,0
1743286500000000,0.047,0.047,0.0469,0.047,186481.1,1743287399999999,8763.80081,66,104004.6,4888.2162,0
1743287400000000,0.047,0.0472,0.047,0.047,235571.5,1743288299999999,11093.47706,84,165949.7,7816.26061,0
1743288300000000,0.047,0.0471,0.0468,0.0471,792784.0,1743289199999999,37220.78851,236,319072.5,14975.43914,0
1743289200000000,0.047,0.0471,0.0469,0.047,755987.0,1743290099999999,35512.09716,154,289317.3,13593.82875,0
1743290100000000,0.0471,0.0472,0.0469,0.0471,920209.0,1743290999999999,43311.49906,208,428060.9,20147.36726,0
1743291000000000,0.047,0.0472,0.0469,0.0471,270344.1,1743291899999999,12719.9067,69,228494.6,10752.95623,0
1743291900000000,0.0471,0.0474,0.0471,0.0472,812026.1,1743292799999999,38342.06559,156,282959.7,13367.83708,0
1743292800000000,0.0472,0.0472,0.0469,0.0471,1024056.9,1743293699999999,48258.9041,313,442465.0,20838.64351,0
1743293700000000,0.0472,0.0473,0.0468,0.0468,616797.5,1743294599999999,28996.0334,1302,291760.2,13723.22492,0
1743294600000000,0.0469,0.047,0.0465,0.0466,1200819.3,1743295499999999,56081.10408,1406,546217.2,25505.00367,0
1743295500000000,0.0467,0.0472,0.0466,0.047,855933.9,1743296399999999,40221.52834,1326,620273.0,29159.2123,0
1743296400000000,0.0471,0.0478,0.047,0.0478,1350328.9,1743297299999999,64046.165,1589,1024835.5,48631.97243,0
1743297300000000,0.0477,0.0478,0.0475,0.0476,743829.4,1743298199999999,35453.02512,1342,413486.9,19718.98319,0
1743298200000000,0.0477,0.048,0.0476,0.0477,1039109.2,1743299099999999,49691.86282,1401,451205.0,21580.12751,0
1743299100000000,0.0476,0.0478,0.0475,0.0476,547653.1,1743299999999999,26083.80242,1280,328290.1,15642.81511,0
1743300000000000,0.0476,0.0481,0.0476,0.0479,836439.3,1743300899999999,40035.35443,1420,512693.8,24535.31692,0
1743300900000000,0.048,0.0481,0.0478,0.0478,620887.3,1743301799999999,29784.85369,1236,244034.6,11714.90309,0
1743301800000000,0.0479,0.0483,0.0477,0.0483,774134.9,1743302699999999,37244.03029,1303,435851.5,20972.91818,0
1743302700000000,0.0482,0.0483,0.048,0.0482,557074.6,1743303599999999,26821.4019,1200,240371.2,11581.75101,0
1743303600000000,0.0482,0.0483,0.048,0.0481,581447.6,1743304499999999,27995.64979,1303,335951.9,16181.88062,0
1743304500000000,0.0482,0.0483,0.048,0.048,639146.5,1743305399999999,30746.71403,1294,288044.6,13862.78626,0
1743305400000000,0.0481,0.0481,0.0478,0.0478,510638.9,1743306299999999,24481.96819,1352,252050.6,12091.5994,0
1743306300000000,0.0479,0.048,0.0477,0.0477,379412.9,1743307199999999,18154.5756,1216,174833.4,8371.16131,0
1743307200000000,0.0477,0.0481,0.0477,0.048,420964.3,1743308099999999,20158.52017,1242,245107.3,11749.18404,0
1743308100000000,0.0479,0.0481,0.0478,0.0479,404334.6,1743308999999999,19390.99925,1240,192930.8,9258.38412,0
1743309000000000,0.0479,0.0482,0.0478,0.048,405719.5,1743309899999999,19482.72782,1234,177572.5,8534.18798,0
1743309900000000,0.0481,0.0482,0.0479,0.048,477533.8,1743310799999999,22961.82206,1159,251311.5,12093.26654,0
1743310800000000,0.048,0.0482,0.0479,0.048,691893.8,1743311699999999,33248.89827,1212,328652.2,15800.12564,0
1743311700000000,0.0481,0.0482,0.0479,0.048,458968.2,1743312599999999,22045.09948,1232,210429.0,10116.42788,0
1743312600000000,0.0481,0.0481,0.0479,0.0481,512898.8,1743313499999999,24632.25684,1153,240012.7,11533.96224,0
1743313500000000,0.0481,0.0481,0.0478,0.0479,1223628.2,1743314399999999,58619.21911,1383,481462.5,23068.64776,0
1743314400000000,0.0479,0.048,0.0477,0.0478,531806.9,1743315299999999,25436.88775,1210,276395.9,13226.69751,0
1743315300000000,0.0479,0.0479,0.0477,0.0478,584114.7,1743316199999999,27923.50528,1255,204627.7,9788.98439,0
1743316200000000,0.0479,0.0482,0.0478,0.0482,778612.7,1743317099999999,37370.11255,1241,491235.2,23598.68618,0
1743317100000000,0.0482,0.0484,0.048,0.0482,1273160.5,1743317999999999,61361.78603,1399,533741.4,25720.58174,0
1743318000000000,0.0481,0.0483,0.048,0.0482,792930.8,1743318899999999,38192.16921,1315,404337.8,19481.40572,0
1743318900000000,0.0483,0.0483,0.0481,0.0481,715047.1,1743319799999999,34461.08558,1273,278900.4,13447.0716,0
1743319800000000,0.0482,0.0482,0.048,0.0481,817014.8,1743320699999999,39316.58467,1249,334977.8,16131.72264,0
1743320700000000,0.0482,0.0483,0.0481,0.0481,366060.5,1743321599999999,17634.16821,1177,156973.3,7568.52389,0
1743321600000000,0.0482,0.0484,0.0481,0.0482,545719.2,1743322499999999,26333.18806,1235,269755.8,13020.21242,0
1743322500000000,0.0483,0.0484,0.0482,0.0483,519034.0,1743323399999999,25070.24986,1182,318378.0,15384.09497,0
1743323400000000,0.0484,0.0486,0.0483,0.0484,437144.1,1743324299999999,21191.12772,1204,229704.3,11141.07429,0
1743324300000000,0.0485,0.0488,0.0484,0.0487,853525.4,1743325199999999,41497.02504,1299,365607.8,17779.17781,0
1743325200000000,0.0487,0.0489,0.0486,0.0486,784653.0,1743326099999999,38238.22708,1284,268890.7,13107.10192,0
1743326100000000,0.0487,0.0488,0.0485,0.0486,1323917.1,1743326999999999,64445.2586,1337,756350.3,36832.10652,0
1743327000000000,0.0487,0.049,0.0486,0.0487,895762.4,1743327899999999,43709.08881,1299,383420.4,18715.25546,0
1743327900000000,0.0488,0.0489,0.0487,0.0487,595882.4,1743328799999999,29082.91228,1228,250444.5,12230.15834,0
1743328800000000,0.0487,0.049,0.0486,0.0488,1034749.0,1743329699999999,50492.37915,1299,582629.2,28444.14522,0
1743329700000000,0.0489,0.0489,0.0485,0.0485,1089533.7,1743330599999999,53046.76618,1299,427502.9,20822.02847,0
1743330600000000,0.0486,0.0497,0.0483,0.049,10055540.0,1743331499999999,494058.75654,3324,6907889.2,339514.5182,0
1743331500000000,0.0489,0.0489,0.0481,0.0482,3096601.1,1743332399999999,150451.40896,1847,1165692.0,56631.61207,0
1743332400000000,0.0482,0.0488,0.0481,0.0487,1233942.8,1743333299999999,59673.15863,1645,681623.6,32986.21571,0
1743333300000000,0.0488,0.0489,0.0482,0.0484,1180539.5,1743334199999999,57295.24685,1409,552477.0,26823.25008,0
1743334200000000,0.0485,0.0486,0.0482,0.0484,1090514.9,1743335099999999,52759.50424,1383,422088.4,20422.14448,0
1743335100000000,0.0485,0.0487,0.0483,0.0485,1130614.8,1743335999999999,54801.7538,1272,422197.2,20473.23342,0
1743336000000000,0.0486,0.0487,0.0483,0.0483,1527496.7,1743336899999999,74004.58938,1377,445655.2,21605.05172,0
1743336900000000,0.0483,0.0489,0.0483,0.0487,1486972.5,1743337799999999,72292.4063,1437,643628.1,31293.92228,0
1743337800000000,0.0488,0.0489,0.0484,0.0486,1242633.2,1743338699999999,60415.67104,1350,596758.0,29021.24914,0
1743338700000000,0.0487,0.0487,0.0484,0.0486,713312.3,1743339599999999,34645.29832,1258,317213.1,15417.43924,0
1743339600000000,0.0486,0.0488,0.0485,0.0486,778981.9,1743340499999999,37884.022,1248,353847.7,17213.10994,0
1743340500000000,0.0487,0.0488,0.0484,0.0486,924407.8,1743341399999999,44945.33453,1294,445835.6,21690.19402,0
1743341400000000,0.0486,0.0486,0.048,0.0483,4049820.8,1743342299999999,195017.74541,1982,1795901.7,86492.76026,0
1743342300000000,0.0483,0.0483,0.0478,0.0478,1338958.4,1743343199999999,64367.63205,1434,524766.7,25238.96333,0
1743343200000000,0.0479,0.0479,0.0475,0.0478,1513155.8,1743344099999999,72177.40905,1468,829880.5,39602.11804,0
1743344100000000,0.0478,0.0482,0.0476,0.0478,1027127.3,1743344999999999,49181.73412,1423,509594.9,24403.12803,0
1743345000000000,0.0479,0.048,0.0476,0.0478,955369.9,1743345899999999,45686.80068,1332,474234.3,22694.43645,0
1743345900000000,0.0479,0.0481,0.0478,0.0479,1195919.1,1743346799999999,57338.90588,1416,591714.0,28380.06774,0
1743346800000000,0.0479,0.0481,0.0477,0.0481,771224.3,1743347699999999,36949.14877,1299,421476.9,20198.61209,0
1743347700000000,0.0481,0.0483,0.0478,0.0478,1047673.1,1743348599999999,50362.03145,1307,393152.4,18905.14272,0
1743348600000000,0.0478,0.048,0.0476,0.0477,1153859.8,1743349499999999,55186.71427,1362,612972.9,29328.94938,0
1743349500000000,0.0477,0.048,0.0477,0.0477,857598.9,1743350399999999,41015.34341,1346,433411.3,20736.65683,0
1743350400000000,0.0478,0.048,0.0477,0.0479,837435.5,1743351299999999,40065.49772,1235,534797.9,25590.28845,0
1743351300000000,0.0479,0.048,0.0477,0.0477,546692.9,1743352199999999,26149.61642,1222,251237.1,12025.28968,0
1743352200000000,0.0478,0.0478,0.0473,0.0476,1660854.0,1743353099999999,78920.8382,1556,664843.4,31590.25965,0
1743353100000000,0.0475,0.0476,0.0471,0.0473,1062793.8,1743353999999999,50361.57392,1480,534144.2,25314.94622,0
1743354000000000,0.0474,0.0477,0.0472,0.0476,1115734.7,1743354899999999,52951.63467,1359,608474.1,28881.86227,0
1743354900000000,0.0475,0.0478,0.0475,0.0476,935873.8,1743355799999999,44601.58602,1322,510164.2,24323.74439,0
1743355800000000,0.0477,0.0478,0.0476,0.0476,1405697.7,1743356699999999,67009.67515,1400,622867.8,29708.38184,0
1743356700000000,0.0477,0.0478,0.0475,0.0478,456976.7,1743357599999999,21790.79057,1151,266427.7,12711.49784,0
1743357600000000,0.0478,0.0482,0.0477,0.0482,1113888.0,1743358499999999,53420.02322,1332,694019.8,33285.98529,0
1743358500000000,0.0482,0.0484,0.048,0.0483,964178.8,1743359399999999,46507.69085,1298,515338.2,24869.26021,0
1743359400000000,0.0484,0.0484,0.0481,0.0482,856535.4,1743360299999999,41314.88774,1256,369061.7,17809.2618,0
1743360300000000,0.0483,0.0486,0.0482,0.0485,1060696.5,1743361199999999,51365.18374,1344,620572.8,30062.85505,0
1743361200000000,0.0486,0.0488,0.0484,0.0484,984706.7,1743362099999999,47873.97374,1355,470774.0,22906.31506,0
1743362100000000,0.0485,0.0485,0.0483,0.0484,576814.2,1743362999999999,27923.12849,1201,300138.5,14537.31379,0
1743363000000000,0.0485,0.0486,0.0483,0.0485,716760.0,1743363899999999,34729.28086,1234,401915.6,19485.12858,0
1743363900000000,0.0485,0.0485,0.0482,0.0483,634358.2,1743364799999999,30660.37442,1215,343152.8,16588.92061,0
1743364800000000,0.0484,0.0484,0.0481,0.0484,1111121.2,1743365699999999,53648.03052,1333,482031.9,23279.9172,0
1743365700000000,0.0484,0.0485,0.0482,0.0482,546350.9,1743366599999999,26409.31661,1149,205281.8,9931.29093,0
1743366600000000,0.0483,0.0484,0.0482,0.0483,800454.4,1743367499999999,38654.74134,1269,421457.0,20360.5146,0
1743367500000000,0.0483,0.0483,0.048,0.048,409553.4,1743368399999999,19737.65727,1177,152743.4,7368.68092,0
1743368400000000,0.048,0.0483,0.048,0.0482,821887.4,1743369299999999,39560.41177,1251,485273.5,23365.65757,0
1743369300000000,0.0483,0.0484,0.048,0.0481,644300.2,1743370199999999,31030.4447,1244,339128.0,16334.29561,0
1743370200000000,0.0482,0.0482,0.0479,0.048,724440.2,1743371099999999,34824.31319,1283,361540.2,17387.41658,0
1743371100000000,0.0481,0.0481,0.0476,0.0478,604131.9,1743371999999999,28884.02533,1249,317648.8,15184.366,0
1743372000000000,0.0478,0.0478,0.0469,0.0473,2265138.0,1743372899999999,106919.46097,1603,1109493.6,52345.80009,0
1743372900000000,0.0474,0.0477,0.0471,0.0476,923383.3,1743373799999999,43723.77695,1304,643869.2,30497.63334,0
1743373800000000,0.0476,0.0484,0.0476,0.0482,1743249.0,1743374699999999,83797.69577,1637,884123.4,42499.06315,0
1743374700000000,0.0481,0.0483,0.0478,0.0479,857629.4,1743375599999999,41246.47523,1332,395111.9,19007.42315,0
1743375600000000,0.048,0.0481,0.0476,0.0478,2180175.6,1743376499999999,104374.10553,1559,1297314.6,62114.23275,0
1743376500000000,0.0478,0.0481,0.0475,0.0475,1032172.4,1743377399999999,49349.82489,1365,394564.9,18859.89569,0
1743377400000000,0.0476,0.048,0.0474,0.0479,2088788.4,1743378299999999,99655.84838,1494,1187798.2,56661.34461,0
1743378300000000,0.0479,0.048,0.0476,0.0478,1629739.7,1743379199999999,77867.5169,1609,729903.9,34896.54367,0
1743379200000000,0.0479,0.0482,0.0477,0.048,2315167.8,1743380099999999,110825.10123,1892,1129175.4,54053.98334,0
1743380100000000,0.0479,0.0481,0.0475,0.0477,1514820.0,1743380999999999,72301.23884,1486,778054.9,37143.45873,0
1743381000000000,0.0477,0.0477,0.0467,0.0468,3648046.9,1743381899999999,171829.91138,1955,1437390.7,67726.31063,0
1743381900000000,0.0469,0.0471,0.0467,0.047,1683032.8,1743382799999999,78903.40286,1557,605804.0,28408.59795,0
1743382800000000,0.047,0.0478,0.0469,0.0476,3096487.4,1743383699999999,147256.50026,1885,1867236.2,88807.38485,0
1743383700000000,0.0476,0.0483,0.0475,0.0481,2655443.7,1743384599999999,127113.99796,1719,1362178.3,65210.25855,0
1743384600000000,0.0482,0.0482,0.0477,0.0481,2046371.4,1743385499999999,98212.97084,1569,739797.1,35519.26007,0
1743385500000000,0.048,0.0483,0.0479,0.0482,1824914.2,1743386399999999,87692.1206,1576,1046767.2,50317.81887,0
1743386400000000,0.0483,0.0484,0.0479,0.0481,1351051.3,1743387299999999,65079.00808,1618,641122.1,30889.59722,0
1743387300000000,0.0482,0.0484,0.0479,0.048,1667210.7,1743388199999999,80193.05638,1487,842875.2,40558.97924,0
1743388200000000,0.048,0.0483,0.0479,0.0482,1880061.9,1743389099999999,90352.39355,1645,1004724.7,48304.16936,0
1743389100000000,0.0483,0.0486,0.048,0.0481,1340495.4,1743389999999999,64712.1583,1457,466132.1,22524.48654,0
1743390000000000,0.048,0.0483,0.0476,0.0477,1487743.2,1743390899999999,71441.94689,1571,745640.1,35816.76232,0
1743390900000000,0.0478,0.048,0.0475,0.0479,1078091.1,1743391799999999,51421.62751,1383,454358.3,21694.14039,0
1743391800000000,0.048,0.0481,0.0475,0.0476,1849018.6,1743392699999999,88285.94114,1571,692750.9,33096.23435,0
1743392700000000,0.0475,0.0476,0.0472,0.0475,1254351.6,1743393599999999,59445.83735,1425,731803.3,34682.08812,0
1743393600000000,0.0475,0.0477,0.0474,0.0475,1683713.0,1743394499999999,80014.43365,1340,972477.3,46222.41017,0
1743394500000000,0.0474,0.0476,0.0471,0.0473,1582380.0,1743395399999999,74884.15186,1502,1037265.1,49099.32929,0
1743395400000000,0.0474,0.0477,0.0471,0.0476,1399762.1,1743396299999999,66389.00463,1553,758425.0,35974.54072,0
1743396300000000,0.0477,0.0478,0.0475,0.0475,857931.4,1743397199999999,40878.72279,1312,376209.0,17936.38681,0
1743397200000000,0.0476,0.0479,0.0474,0.0478,1894649.0,1743398099999999,90436.75012,1611,1141326.3,54485.68262,0
1743398100000000,0.0479,0.0481,0.0477,0.0478,1759251.5,1743398999999999,84292.73857,1609,879983.6,42178.93893,0
1743399000000000,0.0479,0.0479,0.0474,0.0476,1803354.0,1743399899999999,86000.91033,1545,671425.0,32045.58763,0
1743399900000000,0.0477,0.0478,0.0474,0.0474,1005321.8,1743400799999999,47820.57437,1392,571241.3,27182.59368,0
1743400800000000,0.0475,0.0477,0.0471,0.0471,1695916.1,1743401699999999,80302.01901,1492,801975.0,37997.16372,0
1743401700000000,0.0472,0.0474,0.0469,0.047,2158872.5,1743402599999999,101859.48497,1777,1081656.7,51042.4757,0
1743402600000000,0.0471,0.0471,0.0467,0.047,1096780.4,1743403499999999,51436.70208,1435,687721.8,32254.54744,0
1743403500000000,0.0471,0.0471,0.0467,0.0468,1055323.3,1743404399999999,49414.81868,1568,454127.1,21275.00022,0
1743404400000000,0.0468,0.0472,0.0464,0.0466,1383989.3,1743405299999999,64814.66471,1677,588196.4,27565.36793,0
1743405300000000,0.0465,0.0469,0.0463,0.0467,1510118.8,1743406199999999,70408.52277,1817,882823.4,41188.95225,0
1743406200000000,0.0466,0.0468,0.0464,0.0465,1387862.2,1743407099999999,64655.97379,1590,626501.7,29196.86501,0
1743407100000000,0.0466,0.0467,0.0462,0.0467,966980.6,1743407999999999,44916.9709,1512,427865.4,19882.96296,0
1743408000000000,0.0466,0.0471,0.0466,0.047,1189646.2,1743408899999999,55729.74596,1509,660060.2,30946.15262,0
1743408900000000,0.0469,0.0471,0.0466,0.047,601712.1,1743409799999999,28214.12421,1375,275690.9,12940.08228,0
1743409800000000,0.0471,0.0472,0.0468,0.0469,967462.9,1743410699999999,45525.43546,1403,410521.4,19329.34342,0
1743410700000000,0.0469,0.0471,0.0465,0.0466,1581160.1,1743411599999999,73986.56385,1461,739452.2,34591.77386,0
1743411600000000,0.0467,0.0473,0.0464,0.0466,4992424.5,1743412499999999,233850.74777,2305,3149694.0,147524.45572,0
1743412500000000,0.0465,0.0467,0.0462,0.0464,1479083.5,1743413399999999,68691.54817,1525,825425.4,38340.60518,0
1743413400000000,0.0464,0.0465,0.0461,0.0462,2540609.8,1743414299999999,117554.86226,1852,1480312.6,68492.6496,0
1743414300000000,0.0463,0.0465,0.0461,0.0463,1600494.8,1743415199999999,74027.67881,1541,703374.7,32545.81513,0
1743415200000000,0.0464,0.0465,0.046,0.0463,1279388.5,1743416099999999,59236.36756,1523,811784.9,37589.2492,0
1743416100000000,0.0464,0.0468,0.0462,0.0467,782591.2,1743416999999999,36400.36128,1302,315996.9,14696.27656,0
1743417000000000,0.0466,0.047,0.0465,0.0468,1163279.7,1743417899999999,54357.48708,1377,812364.3,37960.01762,0
1743417900000000,0.0468,0.0473,0.0468,0.0471,927682.1,1743418799999999,43681.6382,1314,545571.1,25699.54291,0
1743418800000000,0.0471,0.0471,0.0467,0.0468,1206869.3,1743419699999999,56593.40132,1293,697824.4,32735.52865,0
1743419700000000,0.0468,0.0471,0.0466,0.0467,920684.7,1743420599999999,43156.81117,1285,358408.5,16804.79669,0
1743420600000000,0.0466,0.047,0.0466,0.0469,1323387.8,1743421499999999,62007.92791,1335,797617.7,37392.65541,0
1743421500000000,0.047,0.0474,0.0469,0.0472,1349016.6,1743422399999999,63679.41362,1448,726095.4,34275.56246,0
1743422400000000,0.0471,0.0474,0.0469,0.0469,1043658.9,1743423299999999,49260.26059,1384,534630.1,25242.39112,0
1743423300000000,0.0469,0.0473,0.0469,0.0471,959751.7,1743424199999999,45222.94762,1370,479346.4,22590.14683,0
1743424200000000,0.0472,0.0475,0.047,0.0474,855077.5,1743425099999999,40358.02659,1326,492896.5,23261.96958,0
1743425100000000,0.0474,0.0481,0.0473,0.0476,2530568.1,1743425999999999,120745.4715,1939,1349945.3,64446.21074,0
1743426000000000,0.0477,0.0478,0.0474,0.0474,1087630.1,1743426899999999,51770.02778,1455,468401.8,22311.93897,0
1743426900000000,0.0474,0.0476,0.0473,0.0474,1277614.9,1743427799999999,60655.0478,1367,778975.1,36985.72648,0
1743427800000000,0.0474,0.0476,0.0467,0.0468,2416687.4,1743428699999999,113582.9873,1968,1002913.6,47138.3245,0
1743428700000000,0.0469,0.0474,0.0466,0.0471,2234490.2,1743429599999999,105002.02462,1880,1280861.7,60217.53808,0
1743429600000000,0.0472,0.0479,0.0471,0.0476,2594585.2,1743430499999999,123250.45759,1846,1468363.0,69788.11498,0
1743430500000000,0.0476,0.0479,0.0473,0.0476,1565461.8,1743431399999999,74428.03916,1520,707546.2,33652.54921,0
1743431400000000,0.0476,0.0482,0.0475,0.0477,2205926.6,1743432299999999,105651.5215,1734,1261957.2,60456.74549,0
1743432300000000,0.0477,0.0482,0.0477,0.0481,3083277.2,1743433199999999,148034.21189,1897,1812530.0,87025.13459,0
1743433200000000,0.048,0.0484,0.0479,0.0479,2108405.8,1743434099999999,101606.48203,1715,1291501.1,62268.4093,0
1743434100000000,0.0479,0.0484,0.0478,0.0481,1087894.0,1743434999999999,52326.36112,1405,552603.0,26577.05864,0
1743435000000000,0.0481,0.0483,0.0479,0.0481,960997.7,1743435899999999,46194.83329,1341,414026.4,19907.35743,0
1743435900000000,0.048,0.0483,0.0479,0.048,1170036.1,1743436799999999,56344.3103,1446,649398.9,31286.43734,0
1743436800000000,0.048,0.0483,0.0476,0.0477,1355034.8,1743437699999999,64956.2603,1455,595342.8,28534.4287,0
1743437700000000,0.0478,0.048,0.0475,0.0479,1250028.4,1743438599999999,59670.61302,1475,600632.8,28689.10108,0
1743438600000000,0.048,0.048,0.0477,0.0478,1163343.6,1743439499999999,55673.30518,1355,469489.1,22475.12836,0
1743439500000000,0.0479,0.048,0.0476,0.0477,953523.3,1743440399999999,45609.52629,1378,522890.4,25016.71792,0
1743440400000000,0.0476,0.0481,0.0476,0.0479,1336923.0,1743441299999999,63982.23132,1503,764628.5,36597.2883,0
1743441300000000,0.048,0.048,0.0477,0.0477,705155.1,1743442199999999,33719.69053,1272,381596.5,18255.18071,0
1743442200000000,0.0477,0.0478,0.0473,0.0473,1199270.8,1743443099999999,57021.91834,1503,536528.2,25515.64906,0
1743443100000000,0.0473,0.0476,0.0471,0.0473,1298712.4,1743443999999999,61457.95453,1390,555287.4,26286.41456,0
1743444000000000,0.0474,0.0477,0.0472,0.0474,1005416.8,1743444899999999,47709.74009,1374,550624.6,26139.40407,0
1743444900000000,0.0475,0.0478,0.0473,0.0477,798435.2,1743445799999999,37972.74111,1362,379231.2,18033.73826,0
1743445800000000,0.0478,0.0481,0.0477,0.0478,984835.2,1743446699999999,47180.22686,1381,527145.7,25260.55782,0
1743446700000000,0.0478,0.0479,0.0477,0.0479,489277.6,1743447599999999,23393.23739,1131,167177.2,8001.40782,0
1743447600000000,0.0478,0.0481,0.0477,0.0479,604777.2,1743448499999999,28950.44399,1250,261345.2,12521.99375,0
1743448500000000,0.048,0.048,0.0476,0.0477,557810.7,1743449399999999,26690.44604,1240,341057.6,16326.64864,0
1743449400000000,0.0478,0.0478,0.0475,0.0475,638821.4,1743450299999999,30446.75297,1188,193679.9,9242.78474,0
1743450300000000,0.0476,0.0477,0.0472,0.0474,1252395.5,1743451199999999,59461.4817,1374,725126.5,34438.88802,0
1743451200000000,0.0473,0.0477,0.0473,0.0477,1003526.7,1743452099999999,47683.03078,1386,592928.6,28177.18842,0
1743452100000000,0.0477,0.0477,0.0474,0.0476,681676.7,1743452999999999,32422.07153,1232,287392.0,13674.22983,0
1743453000000000,0.0476,0.0476,0.0474,0.0475,961796.3,1743453899999999,45680.95394,1321,435056.5,20669.32065,0
1743453900000000,0.0476,0.0476,0.0471,0.0473,579410.3,1743454799999999,27426.92114,1181,187609.9,8882.07091,0
1743454800000000,0.0473,0.0477,0.0472,0.0476,705945.2,1743455699999999,33490.3478,1190,417506.2,19820.27978,0
1743455700000000,0.0477,0.0477,0.0474,0.0474,1186555.3,1743456599999999,56413.88282,1300,710869.5,33811.32103,0
1743456600000000,0.0475,0.0476,0.0474,0.0475,609854.4,1743457499999999,28968.20273,1225,386341.0,18363.85776,0
1743457500000000,0.0475,0.0475,0.0472,0.0473,465938.4,1743458399999999,22082.30193,1164,164333.4,7796.50406,0
1743458400000000,0.0474,0.0474,0.0471,0.0472,1034718.7,1743459299999999,48894.95008,1263,527107.5,24921.90701,0
1743459300000000,0.0471,0.0472,0.0468,0.0469,961666.7,1743460199999999,45173.57776,1260,323476.4,15193.67481,0
1743460200000000,0.047,0.0472,0.0469,0.0471,739770.4,1743461099999999,34796.73046,1156,565677.7,26609.80059,0
1743461100000000,0.0472,0.0473,0.0471,0.0472,549511.7,1743461999999999,25968.87556,1150,264069.3,12482.27852,0
1743462000000000,0.0473,0.0475,0.0472,0.0474,525685.7,1743462899999999,24894.85162,1159,376336.9,17835.11684,0
1743462900000000,0.0475,0.0476,0.0473,0.0475,1027475.0,1743463799999999,48752.23735,1306,530613.8,25178.09721,0
1743463800000000,0.0475,0.0477,0.0473,0.0475,562173.3,1743464699999999,26695.87044,1156,277280.2,13171.55747,0
1743464700000000,0.0474,0.0475,0.0472,0.0474,473065.8,1743465599999999,22413.78484,1165,252182.5,11953.24124,0
