open_time,open,high,low,close,volume,close_time,quote_volume,trades,taker_buy_base,taker_buy_quote,ignore
1701388800000,5.473,5.48,5.437,5.438,87196.84,1701389699999,475997.30306,1070,33319.69,181906.31364,0
1701389700000,5.439,5.441,5.417,5.418,44665.87,1701390599999,242522.59213,819,18638.6,101209.26548,0
1701390600000,5.418,5.455,5.412,5.447,51937.87,1701391499999,282428.14541,1083,21881.83,119032.87458,0
1701391500000,5.446,5.458,5.435,5.439,33318.27,1701392399999,181491.55446,609,15195.21,82784.79393,0
1701392400000,5.439,5.443,5.418,5.423,29211.44,1701393299999,158630.60394,649,9317.73,50615.12961,0
1701393300000,5.422,5.467,5.419,5.462,50115.31,1701394199999,273000.74797,872,28376.44,154545.56361,0
1701394200000,5.464,5.472,5.442,5.452,50069.31,1701395099999,273089.61347,1033,30747.8,167703.14601,0
1701395100000,5.453,5.476,5.447,5.461,42588.24,1701395999999,232668.94704,821,17447.77,95325.38479,0
1701396000000,5.461,5.471,5.455,5.469,56372.8,1701396899999,307953.14339,614,21725.26,118674.61132,0
1701396900000,5.469,5.47,5.454,5.456,33068.68,1701397799999,180633.33457,578,8472.79,46276.68002,0
1701397800000,5.455,5.491,5.452,5.489,73407.38,1701398699999,401801.22405,1035,45690.9,250029.37011,0
1701398700000,5.488,5.5,5.474,5.489,60162.46,1701399599999,330179.87775,896,34552.9,189576.49405,0
1701399600000,5.49,5.493,5.475,5.476,38197.79,1701400499999,209501.43459,558,17574.09,96389.64986,0
1701400500000,5.474,5.489,5.471,5.479,21175.73,1701401399999,116061.04744,422,9393.95,51486.23245,0
1701401400000,5.481,5.491,5.47,5.486,17195.95,1701402299999,94226.88573,655,10919.56,59831.97667,0
1701402300000,5.486,5.495,5.476,5.495,57885.8,1701403199999,317637.40245,841,16911.86,92815.00727,0
1701403200000,5.495,5.496,5.474,5.48,56805.08,1701404099999,311499.92343,711,23705.38,129966.12624,0
1701404100000,5.481,5.491,5.469,5.49,35998.12,1701404999999,197246.65717,710,24499.66,134259.47423,0
1701405000000,5.49,5.499,5.476,5.495,59861.61,1701405899999,328755.97462,1040,31924.73,175341.08175,0
1701405900000,5.496,5.509,5.488,5.497,81991.84,1701406799999,450875.47482,1158,48719.43,267922.10624,0
1701406800000,5.498,5.525,5.498,5.522,60743.01,1701407699999,334927.37678,1111,38040.99,209770.16943,0
1701407700000,5.523,5.524,5.49,5.494,55356.24,1701408599999,304863.6171,996,25803.39,142114.10814,0
1701408600000,5.494,5.495,5.474,5.483,22399.3,1701409499999,122768.57918,753,12660.41,69378.34941,0
1701409500000,5.484,5.487,5.475,5.477,24542.51,1701410399999,134520.34501,521,10177.29,55781.74154,0
1701410400000,5.478,5.48,5.448,5.456,61671.84,1701411299999,336518.85679,955,24573.52,134134.97605,0
1701411300000,5.456,5.468,5.447,5.461,60930.29,1701412199999,332424.27667,773,25997.82,141835.56294,0
1701412200000,5.46,5.473,5.448,5.473,39790.77,1701413099999,217368.62651,780,22553.21,123235.88893,0
1701413100000,5.473,5.474,5.459,5.461,23442.77,1701413999999,128161.26805,423,8027.45,43875.07711,0
1701414000000,5.461,5.484,5.46,5.479,42655.33,1701414899999,233518.98078,607,28352.23,155226.90417,0
1701414900000,5.48,5.483,5.468,5.469,45307.62,1701415799999,248144.6708,565,12142.55,66512.7298,0
1701415800000,5.469,5.474,5.443,5.444,46722.22,1701416699999,254910.86762,1012,23414.66,127772.91301,0
1701416700000,5.445,5.464,5.441,5.452,28780.37,1701417599999,156896.39953,561,14274.43,77820.99325,0
1701417600000,5.452,5.46,5.438,5.442,40742.69,1701418499999,221929.4996,632,17305.66,94279.83397,0
1701418500000,5.441,5.443,5.427,5.432,51459.95,1701419399999,279644.11504,782,24193.66,131449.43302,0
1701419400000,5.432,5.436,5.426,5.43,30599.92,1701420299999,166164.11416,790,13964.02,75825.31176,0
1701420300000,5.43,5.438,5.419,5.432,51536.82,1701421199999,279745.43552,781,17541.42,95199.11776,0
1701421200000,5.432,5.473,5.431,5.456,111519.04,1701422099999,608287.22273,1259,67381.12,367486.70816,0
1701422100000,5.457,5.477,5.444,5.452,86359.37,1701422999999,471569.64003,1225,48990.47,267530.64516,0
1701423000000,5.453,5.471,5.448,5.461,45066.91,1701423899999,245936.31892,832,17853.29,97421.69062,0
1701423900000,5.46,5.475,5.46,5.47,54057.93,1701424799999,295593.70924,748,30916.42,169031.11755,0
1701424800000,5.471,5.48,5.457,5.459,60420.95,1701425699999,330513.3155,722,35522.11,194368.06761,0
1701425700000,5.46,5.46,5.449,5.459,35324.65,1701426599999,192653.63785,589,15093.34,82331.47437,0
1701426600000,5.459,5.459,5.43,5.439,42857.78,1701427499999,233154.53148,694,25442.49,138390.98423,0
1701427500000,5.439,5.449,5.433,5.448,29348.81,1701428399999,159812.26815,537,15986.15,87054.97346,0
1701428400000,5.448,5.453,5.442,5.447,27438.95,1701429299999,149484.65419,486,13598.96,74082.58269,0
1701429300000,5.447,5.457,5.442,5.456,23803.43,1701430199999,129775.76078,437,15913.17,86757.02952,0
1701430200000,5.457,5.459,5.446,5.448,32421.52,1701431099999,176765.87728,778,11390.11,62106.60049,0
1701431100000,5.447,5.458,5.447,5.45,25542.66,1701431999999,139242.19312,616,9221.72,50281.53101,0
1701432000000,5.451,5.454,5.428,5.433,38179.19,1701432899999,207729.51423,615,11364.77,61832.26711,0
1701432900000,5.432,5.44,5.422,5.438,45838.33,1701433799999,248949.96018,708,20134.25,109360.73316,0
1701433800000,5.438,5.443,5.42,5.421,34910.98,1701434699999,189593.22987,727,13463.22,73146.14085,0
1701434700000,5.423,5.437,5.412,5.43,47317.91,1701435599999,256555.29803,812,22167.29,120200.81082,0
1701435600000,5.431,5.438,5.413,5.417,34433.99,1701436499999,186791.60466,558,10910.06,59235.07673,0
1701436500000,5.416,5.428,5.414,5.423,32242.44,1701437399999,174765.06176,473,17572.37,95283.85457,0
1701437400000,5.426,5.426,5.413,5.416,26962.13,1701438299999,146047.02322,456,6738.39,36501.40281,0
1701438300000,5.416,5.417,5.39,5.398,75772.05,1701439199999,409179.55036,1345,25283.41,136493.04341,0
1701439200000,5.399,5.4,5.369,5.375,60611.92,1701440099999,326219.89286,1255,25468.56,137140.43541,0
1701440100000,5.376,5.413,5.376,5.411,43767.57,1701440999999,236093.6119,949,29049.76,156715.81061,0
1701441000000,5.411,5.422,5.402,5.408,51386.56,1701441899999,278181.02801,782,33390.64,180760.87101,0
1701441900000,5.407,5.425,5.395,5.415,43826.11,1701442799999,237182.09312,887,22060.67,119391.86194,0
1701442800000,5.415,5.431,5.415,5.417,37733.28,1701443699999,204560.69124,723,19687.12,106713.1853,0
1701443700000,5.417,5.43,5.408,5.415,22066.5,1701444599999,119594.47042,524,11414.13,61860.85487,0
1701444600000,5.414,5.436,5.413,5.434,21469.53,1701445499999,116506.12622,582,12527.87,67975.55809,0
1701445500000,5.434,5.438,5.424,5.428,26427.91,1701446399999,143591.3174,531,12811.37,69605.06732,0
1701446400000,5.427,5.438,5.415,5.437,50823.43,1701447299999,275716.80793,746,21372.93,116014.3011,0
1701447300000,5.438,5.456,5.429,5.456,54317.67,1701448199999,295487.15733,874,32817.31,178510.0728,0
1701448200000,5.456,5.467,5.441,5.457,85187.58,1701449099999,464588.58874,1377,50140.47,273491.12619,0
1701449100000,5.457,5.461,5.44,5.453,39253.99,1701449999999,213944.01562,762,17534.77,95577.59661,0
1701450000000,5.452,5.462,5.447,5.449,42769.39,1701450899999,233200.99642,667,25371.26,138345.31729,0
1701450900000,5.449,5.459,5.439,5.453,35878.25,1701451799999,195518.93417,545,23079.78,125771.76993,0
1701451800000,5.452,5.452,5.43,5.433,38243.59,1701452699999,207998.18569,730,15143.03,82350.79225,0
1701452700000,5.433,5.45,5.426,5.449,18027.77,1701453599999,98070.25575,521,12989.34,70667.23278,0
1701453600000,5.448,5.455,5.44,5.446,21732.32,1701454499999,118373.94588,519,9970.09,54301.61283,0
1701454500000,5.447,5.461,5.442,5.455,44058.53,1701455399999,240294.87235,700,27361.74,149222.43952,0
1701455400000,5.455,5.462,5.447,5.458,17838.21,1701456299999,97321.98573,474,9295.78,50720.93937,0
1701456300000,5.458,5.461,5.444,5.445,26222.2,1701457199999,142992.83648,487,8925.28,48687.06375,0
1701457200000,5.446,5.466,5.439,5.464,25474.11,1701458099999,138912.71608,482,18657.45,101765.1881,0
1701458100000,5.464,5.466,5.453,5.463,32884.15,1701458999999,179564.88337,472,21492.18,117359.61684,0
1701459000000,5.463,5.466,5.454,5.463,15068.87,1701459899999,82315.26845,376,6400.04,34955.26846,0
1701459900000,5.463,5.478,5.461,5.472,32634.17,1701460799999,178494.983,672,23460.9,128333.35476,0
1701460800000,5.473,5.476,5.458,5.458,10184.83,1701461699999,55668.2216,373,6077.29,33213.32323,0
1701461700000,5.458,5.463,5.456,5.458,21850.36,1701462599999,119271.45132,323,7913.76,43205.36155,0
1701462600000,5.458,5.464,5.454,5.455,26851.65,1701463499999,146601.57049,350,15845.43,86528.10785,0
1701463500000,5.455,5.455,5.445,5.448,23672.79,1701464399999,128999.71188,407,9557.89,52082.77634,0
1701464400000,5.447,5.454,5.447,5.453,12422.96,1701465299999,67718.93953,321,7159.19,39027.50807,0
1701465300000,5.454,5.454,5.44,5.442,17035.28,1701466199999,92779.26624,388,5757.26,31352.94789,0
1701466200000,5.442,5.452,5.438,5.451,14641.08,1701467099999,79733.48912,295,7523.22,40970.42106,0
1701467100000,5.45,5.462,5.438,5.447,31868.27,1701467999999,173752.94146,521,12767.6,69614.71551,0
1701468000000,5.447,5.458,5.444,5.454,15478.7,1701468899999,84356.78953,298,5918.34,32251.24123,0
1701468900000,5.454,5.461,5.452,5.455,11666.09,1701469799999,63659.08343,268,4841.53,26415.84845,0
1701469800000,5.455,5.477,5.451,5.474,25606.87,1701470699999,139912.11946,550,12852.15,70214.19613,0
1701470700000,5.474,5.475,5.467,5.473,14850.75,1701471599999,81263.33799,365,5886.53,32219.60349,0
1701471600000,5.475,5.478,5.469,5.473,25464.91,1701472499999,139412.162,391,15615.42,85504.26823,0
1701472500000,5.473,5.478,5.467,5.469,16779.78,1701473399999,91873.8423,244,11668.1,63889.89807,0
1701473400000,5.468,5.472,5.461,5.462,11946.56,1701474299999,65304.72584,243,4826.8,26384.29037,0
1701474300000,5.462,5.481,5.462,5.471,44846.93,1701475199999,245533.53444,501,13415.66,73464.02358,0
1701475200000,5.47,5.472,5.463,5.469,20025.42,1701476099999,109473.76805,254,6674.45,36496.03941,0
1701476100000,5.47,5.474,5.455,5.463,61530.95,1701476999999,336508.05466,750,28267.61,154575.91105,0
1701477000000,5.462,5.478,5.46,5.477,33063.12,1701477899999,180935.41373,445,16873.04,92323.4048,0
1701477900000,5.478,5.479,5.471,5.476,13627.13,1701478799999,74626.36272,283,7591.86,41575.44196,0
1701478800000,5.476,5.477,5.463,5.471,27104.48,1701479699999,148257.68013,371,9103.14,49802.04862,0
1701479700000,5.471,5.479,5.467,5.478,13881.81,1701480599999,75962.90791,200,8387.64,45902.86939,0
1701480600000,5.478,5.479,5.464,5.474,20678.04,1701481499999,113142.7623,284,10974.58,60031.9826,0
1701481500000,5.474,5.474,5.46,5.462,23786.78,1701482399999,129977.98333,331,10202.24,55744.25564,0
1701482400000,5.462,5.466,5.46,5.462,16526.28,1701483299999,90269.59435,255,6984.35,38151.46156,0
1701483300000,5.462,5.468,5.461,5.466,14707.49,1701484199999,80341.7964,270,4034.99,22044.57276,0
1701484200000,5.465,5.468,5.451,5.453,23071.82,1701485099999,125976.92463,364,5048.16,27584.04994,0
1701485100000,5.453,5.462,5.452,5.462,8312.66,1701485999999,45372.12013,219,6169.81,33676.91796,0
1701486000000,5.463,5.467,5.45,5.455,24783.98,1701486899999,135218.11892,362,6190.92,33775.43996,0
1701486900000,5.455,5.465,5.454,5.457,13341.95,1701487799999,72820.58273,247,5437.13,29670.45377,0
1701487800000,5.458,5.474,5.454,5.474,16557.88,1701488699999,90508.64603,299,11202.64,61245.48679,0
1701488700000,5.474,5.488,5.474,5.482,36724.19,1701489599999,201372.54248,680,21649.28,118705.46015,0
1701489600000,5.482,5.482,5.472,5.481,20212.15,1701490499999,110709.10312,299,9148.69,50103.82529,0
1701490500000,5.482,5.491,5.482,5.491,45788.14,1701491399999,251311.01175,474,27405.34,150424.1707,0
1701491400000,5.491,5.491,5.472,5.483,26827.23,1701492299999,147130.65742,410,12622.6,69219.67906,0
1701492300000,5.483,5.488,5.47,5.472,35495.31,1701493199999,194459.02454,441,12130.71,66455.563,0
1701493200000,5.474,5.477,5.464,5.471,17799.25,1701494099999,97331.13355,387,7918.98,43300.70804,0
1701494100000,5.472,5.472,5.462,5.462,27937.93,1701494999999,152711.93363,363,4193.16,22916.73218,0
1701495000000,5.464,5.477,5.462,5.467,28060.35,1701495899999,153455.17299,370,11232.95,61399.42743,0
1701495900000,5.467,5.474,5.463,5.469,16010.05,1701496799999,87560.14217,253,9114.66,49843.13714,0
1701496800000,5.47,5.495,5.468,5.495,33057.58,1701497699999,181270.79642,611,21639.57,118632.4259,0
1701497700000,5.494,5.498,5.485,5.49,28028.73,1701498599999,153912.1558,439,14110.23,77475.09748,0
1701498600000,5.49,5.497,5.482,5.496,23054.56,1701499499999,126551.44861,416,12226.79,67112.97886,0
1701499500000,5.496,5.499,5.49,5.493,25627.04,1701500399999,140852.85708,351,12050.64,66245.371,0
1701500400000,5.494,5.499,5.494,5.496,21231.98,1701501299999,116706.33078,333,10039.66,55187.6519,0
1701501300000,5.497,5.5,5.493,5.493,31287.39,1701502199999,171998.93993,421,10262.52,56418.72999,0
1701502200000,5.493,5.509,5.492,5.508,38647.62,1701503099999,212543.52637,601,19345.65,106414.64173,0
1701503100000,5.508,5.509,5.494,5.494,26677.76,1701503999999,146795.69148,384,8748.22,48137.08348,0
1701504000000,5.494,5.511,5.493,5.506,25242.48,1701504899999,138988.64379,441,12138.45,66827.11358,0
1701504900000,5.506,5.512,5.502,5.512,26105.2,1701505799999,143798.432,408,16493.22,90861.73956,0
1701505800000,5.511,5.533,5.511,5.528,69663.79,1701506699999,384586.39883,1114,48510.58,267799.99729,0
1701506700000,5.527,5.528,5.507,5.516,45145.91,1701507599999,248960.41893,660,13410.26,73958.55716,0
1701507600000,5.517,5.517,5.5,5.502,46286.82,1701508499999,254997.35894,669,17060.32,93979.75607,0
1701508500000,5.503,5.509,5.498,5.506,33644.14,1701509399999,185193.6236,433,17553.87,96637.46645,0
1701509400000,5.506,5.511,5.5,5.506,17758.82,1701510299999,97732.86696,361,6873.85,37837.01299,0
1701510300000,5.505,5.517,5.501,5.513,35395.4,1701511199999,194907.76986,484,19447.34,107092.71642,0
1701511200000,5.513,5.525,5.506,5.52,28465.42,1701512099999,157091.24242,439,16928.22,93448.30396,0
1701512100000,5.52,5.525,5.514,5.515,30683.67,1701512999999,169355.0578,378,19571.52,108030.46964,0
1701513000000,5.515,5.529,5.51,5.519,22346.97,1701513899999,123337.50093,394,8288.94,45739.54881,0
1701513900000,5.519,5.542,5.516,5.539,48340.07,1701514799999,267296.44597,813,31116.94,172071.26466,0
1701514800000,5.54,5.541,5.516,5.521,29462.49,1701515699999,162753.23863,556,12652.74,69884.72746,0
1701515700000,5.52,5.525,5.509,5.512,29915.58,1701516599999,164952.56068,515,14677.41,80920.29685,0
1701516600000,5.513,5.535,5.512,5.53,30591.78,1701517499999,168969.51904,555,12600.98,69614.01189,0
1701517500000,5.531,5.534,5.524,5.524,21344.4,1701518399999,117989.60155,398,8912.72,49269.93891,0
1701518400000,5.524,5.528,5.521,5.522,24713.47,1701519299999,136517.62032,434,15312.98,84602.33068,0
1701519300000,5.522,5.53,5.522,5.525,22408.19,1701520199999,123821.05406,371,11456.37,63307.3076,0
1701520200000,5.525,5.539,5.522,5.531,45492.65,1701521099999,251596.29605,575,23009.31,127285.46636,0
1701521100000,5.531,5.535,5.525,5.526,37527.4,1701521999999,207477.10674,496,14324.5,79198.93313,0
1701522000000,5.526,5.529,5.521,5.526,25018.47,1701522899999,138220.95236,385,12060.73,66632.84875,0
1701522900000,5.525,5.527,5.519,5.52,33482.63,1701523799999,184884.28937,326,6123.04,33810.76176,0
1701523800000,5.52,5.534,5.52,5.531,23980.81,1701524699999,132590.45996,466,12339.34,68213.95597,0
1701524700000,5.53,5.532,5.517,5.522,16423.84,1701525599999,90757.58509,376,7013.96,38758.31411,0
1701525600000,5.522,5.53,5.513,5.513,24993.81,1701526499999,137964.29775,455,10784.75,59543.72139,0
1701526500000,5.513,5.526,5.512,5.524,40531.9,1701527399999,223606.43372,562,25756.55,142090.36654,0
1701527400000,5.525,5.527,5.515,5.515,24062.1,1701528299999,132805.10343,431,6763.27,37342.98077,0
1701528300000,5.515,5.515,5.46,5.482,250288.81,1701529199999,1370765.36904,2736,68284.59,374213.217,0
1701529200000,5.481,5.488,5.461,5.48,84559.53,1701530099999,462926.54742,999,45640.03,249874.38339,0
1701530100000,5.48,5.49,5.479,5.489,28668.24,1701530999999,157255.36419,485,11416.77,62630.52583,0
1701531000000,5.489,5.493,5.476,5.482,42636.12,1701531899999,233911.18997,537,21086.34,115694.35675,0
1701531900000,5.481,5.487,5.475,5.484,40376.55,1701532799999,221286.96193,604,19125.56,104830.34031,0
1701532800000,5.483,5.492,5.481,5.487,21158.93,1701533699999,116089.82159,401,7786.64,42722.91999,0
1701533700000,5.486,5.49,5.472,5.476,27754.81,1701534599999,152049.87148,417,8283.57,45386.83589,0
1701534600000,5.477,5.477,5.455,5.474,52715.18,1701535499999,288159.40857,832,28424.28,155415.95584,0
1701535500000,5.475,5.48,5.464,5.475,25951.12,1701536399999,142006.24993,531,6932.1,37932.1351,0
1701536400000,5.475,5.476,5.467,5.474,23639.22,1701537299999,129329.29669,360,13330.49,72930.90111,0
1701537300000,5.474,5.475,5.466,5.469,13883.03,1701538199999,75955.52215,301,4739.75,25929.17179,0
1701538200000,5.469,5.488,5.469,5.484,23545.65,1701539099999,128958.11899,490,15727.62,86143.3813,0
1701539100000,5.486,5.492,5.483,5.488,18953.1,1701539999999,104000.5737,364,13164.4,72233.08746,0
1701540000000,5.489,5.51,5.485,5.498,45115.6,1701540899999,248151.5161,751,19820.33,108987.63491,0
1701540900000,5.499,5.505,5.492,5.498,41549.44,1701541799999,228397.30825,494,17096.16,94003.08093,0
1701541800000,5.498,5.528,5.498,5.511,69039.9,1701542699999,380496.7757,1075,34249.42,188698.90816,0
1701542700000,5.511,5.519,5.503,5.51,38819.78,1701543599999,213932.13446,507,22547.75,124243.67002,0
1701543600000,5.51,5.573,5.509,5.528,200991.08,1701544499999,1114478.26875,3532,125630.9,696552.86865,0
1701544500000,5.528,5.553,5.513,5.547,125078.93,1701545399999,692472.2212,1872,57998.28,321056.39485,0
1701545400000,5.547,5.549,5.518,5.526,80032.45,1701546299999,442618.97493,979,33858.99,187226.10018,0
1701546300000,5.525,5.552,5.524,5.552,48870.41,1701547199999,270621.58683,784,23512.41,130237.12729,0
1701547200000,5.551,5.578,5.549,5.578,74237.67,1701548099999,412994.551,1173,29429.11,163697.48218,0
1701548100000,5.577,5.578,5.55,5.555,51144.75,1701548999999,284295.40853,933,15522.92,86273.59348,0
1701549000000,5.554,5.568,5.546,5.567,41861.23,1701549899999,232573.80642,708,25466.62,141528.90043,0
1701549900000,5.567,5.58,5.562,5.578,59895.93,1701550799999,333684.61424,900,43150.92,240415.77353,0
1701550800000,5.578,5.58,5.559,5.564,39195.29,1701551699999,218306.46165,719,22694.22,126409.82988,0
1701551700000,5.564,5.576,5.556,5.573,31035.2,1701552599999,172738.15567,495,15336.7,85392.88972,0
1701552600000,5.574,5.593,5.571,5.586,48038.54,1701553499999,268269.85184,998,28608.37,159761.99323,0
1701553500000,5.588,5.602,5.582,5.6,68871.86,1701554399999,385322.96622,1253,43985.51,246163.80533,0
1701554400000,5.6,5.604,5.558,5.561,68611.77,1701555299999,382841.87753,1273,32929.99,183776.51624,0
1701555300000,5.562,5.574,5.559,5.574,34643.93,1701556199999,192816.76404,511,14218.99,79152.49811,0
1701556200000,5.575,5.582,5.565,5.569,29147.97,1701557099999,162385.47003,489,15092.24,84073.04656,0
1701557100000,5.569,5.57,5.549,5.552,41997.08,1701557999999,233275.29251,595,17900.27,99412.39514,0
1701558000000,5.552,5.563,5.552,5.563,39507.78,1701558899999,219551.99357,482,21331.33,118534.48205,0
1701558900000,5.563,5.581,5.561,5.58,25905.63,1701559799999,144375.36403,411,17580.49,97960.56276,0
1701559800000,5.581,5.583,5.57,5.574,21614.4,1701560699999,120540.54396,409,12683.76,70724.78881,0
1701560700000,5.574,5.577,5.561,5.562,39214.22,1701561599999,218452.21565,493,15721.54,87599.19156,0
1701561600000,5.562,5.563,5.554,5.558,38456.99,1701562499999,213731.98323,478,14787.64,82175.87456,0
1701562500000,5.559,5.569,5.558,5.566,22259.42,1701563399999,123855.52101,392,11501.96,63990.45271,0
1701563400000,5.565,5.575,5.556,5.573,27204.19,1701564299999,151412.98907,844,10314.8,57382.3129,0
1701564300000,5.573,5.593,5.566,5.592,53199.54,1701565199999,296743.58431,891,38462.57,214529.27979,0
1701565200000,5.593,5.608,5.581,5.605,54124.56,1701566099999,302669.15944,1069,36052.94,201668.50651,0
1701566100000,5.605,5.609,5.598,5.6,36243.19,1701566999999,203103.75823,575,15281.26,85623.56484,0
1701567000000,5.6,5.608,5.596,5.599,22598.46,1701567899999,126603.42267,599,13845.08,77572.31092,0
1701567900000,5.599,5.602,5.594,5.601,19136.76,1701568799999,107123.08386,503,13304.67,74477.01416,0
1701568800000,5.6,5.605,5.595,5.604,32424.32,1701569699999,181556.55683,429,10073.94,56420.09646,0
1701569700000,5.603,5.604,5.578,5.578,27283.19,1701570599999,152614.85842,536,12871.22,71999.76491,0
1701570600000,5.578,5.59,5.575,5.584,17191.92,1701571499999,95990.8464,407,10322.69,57640.931,0
1701571500000,5.583,5.583,5.556,5.559,48119.44,1701572399999,267930.00322,710,14456.31,80466.70655,0
1701572400000,5.559,5.562,5.52,5.53,63110.48,1701573299999,349851.64947,1420,26894.49,149155.47697,0
1701573300000,5.53,5.546,5.529,5.54,21504.15,1701574199999,119115.64725,541,7668.21,42475.91789,0
1701574200000,5.54,5.545,5.531,5.536,17884.93,1701575099999,99028.40339,370,9914.12,54899.80051,0
1701575100000,5.535,5.545,5.523,5.541,31074.49,1701575999999,172003.73528,473,14550.44,80557.90651,0
1701576000000,5.541,5.55,5.535,5.549,10514.84,1701576899999,58289.73014,250,5855.76,32461.64501,0
1701576900000,5.549,5.549,5.533,5.54,35087.18,1701577799999,194345.35332,423,14485.66,80229.18786,0
1701577800000,5.541,5.541,5.527,5.529,16690.18,1701578699999,92355.97026,330,6410.17,35468.75452,0
1701578700000,5.53,5.538,5.527,5.531,13848.66,1701579599999,76609.25006,262,6447.94,35665.81696,0
1701579600000,5.532,5.539,5.521,5.539,14109.62,1701580499999,77996.0035,383,8745.46,48343.42438,0
1701580500000,5.539,5.546,5.533,5.543,21014.83,1701581399999,116435.7803,306,7436.76,41205.02341,0
1701581400000,5.544,5.553,5.542,5.551,17949.01,1701582299999,99563.75556,317,10576.98,58666.41553,0
1701582300000,5.551,5.552,5.53,5.534,27976.06,1701583199999,154955.21101,474,12698.83,70318.17233,0
1701583200000,5.533,5.541,5.532,5.536,22919.31,1701584099999,126869.46444,331,13871.99,76783.02399,0
1701584100000,5.536,5.542,5.529,5.533,17351.78,1701584999999,96050.40532,306,9292.15,51449.30226,0
1701585000000,5.532,5.532,5.521,5.522,18274.06,1701585899999,100981.81257,320,6921.44,38249.56925,0
1701585900000,5.523,5.527,5.511,5.524,32089.27,1701586799999,177142.45718,493,20702.97,114297.51376,0
1701586800000,5.525,5.526,5.511,5.518,35932.32,1701587699999,198336.89796,447,15344.12,84696.37917,0
1701587700000,5.518,5.526,5.502,5.52,43710.16,1701588599999,240874.70002,688,16926.7,93333.00208,0
1701588600000,5.522,5.529,5.52,5.528,22804.63,1701589499999,125992.40821,411,14092.31,77849.48901,0
1701589500000,5.527,5.537,5.523,5.536,16524.2,1701590399999,91372.92229,420,8580.53,47459.97673,0
1701590400000,5.536,5.537,5.526,5.53,13710.93,1701591299999,75817.84316,303,4017.29,22214.40012,0
1701591300000,5.531,5.536,5.521,5.529,17113.81,1701592199999,94614.86401,335,9170.07,50697.40631,0
1701592200000,5.529,5.529,5.514,5.517,20972.27,1701593099999,115752.57025,426,10076.15,55607.10895,0
1701593100000,5.516,5.522,5.511,5.517,27344.91,1701593999999,150808.29946,540,18148.68,100094.82643,0
1701594000000,5.517,5.534,5.515,5.529,24608.36,1701594899999,135944.90104,408,15731.99,86909.0837,0
1701594900000,5.529,5.533,5.519,5.521,31549.82,1701595799999,174349.35284,420,12646.48,69904.03003,0
1701595800000,5.52,5.522,5.512,5.515,19681.35,1701596699999,108574.24403,477,9022.17,49767.70161,0
1701596700000,5.515,5.525,5.512,5.521,24958.24,1701597599999,137724.71363,452,12191.31,67261.56134,0
1701597600000,5.521,5.522,5.511,5.514,19438.79,1701598499999,107195.30105,499,12703.9,70058.16727,0
1701598500000,5.514,5.522,5.503,5.517,32366.49,1701599399999,178404.77022,491,18684.58,102975.90559,0
1701599400000,5.518,5.522,5.508,5.517,22310.36,1701600299999,123066.255,600,11479.94,63328.305,0
1701600300000,5.517,5.527,5.515,5.516,39835.79,1701601199999,219891.01722,612,15585.48,86034.96565,0
1701601200000,5.516,5.519,5.498,5.501,69944.82,1701602099999,385226.17927,1005,24600.55,135497.83627,0
1701602100000,5.502,5.502,5.466,5.482,99826.65,1701602999999,547686.06629,1658,39011.69,214017.65371,0
1701603000000,5.481,5.491,5.48,5.488,37664.53,1701603899999,206608.16878,647,17404.04,95474.95964,0
1701603900000,5.488,5.504,5.478,5.501,31816.91,1701604799999,174745.49177,596,22682.03,124584.61374,0
1701604800000,5.502,5.505,5.493,5.504,33339.69,1701605699999,183344.84452,491,14571.19,80122.15388,0
1701605700000,5.504,5.511,5.501,5.509,19852.96,1701606599999,109342.30953,368,13518.06,74453.53228,0
1701606600000,5.509,5.51,5.492,5.494,19960.95,1701607499999,109789.32295,568,7429.28,40872.54031,0
1701607500000,5.494,5.494,5.43,5.444,133449.28,1701608399999,727325.27965,2500,49789.14,271213.63159,0
1701608400000,5.443,5.484,5.437,5.471,80488.31,1701609299999,439579.25737,1166,51028.11,278578.05911,0
1701609300000,5.472,5.479,5.46,5.478,61856.25,1701610199999,338192.08142,799,21965.21,120098.89827,0
1701610200000,5.477,5.485,5.47,5.474,34903.44,1701611099999,191263.70439,752,17486.21,95814.46278,0
1701611100000,5.475,5.492,5.46,5.476,33425.82,1701611999999,183069.50165,761,18289.93,100130.73527,0
1701612000000,5.476,5.486,5.457,5.466,32810.45,1701612899999,179527.19915,582,16838.33,92117.45149,0
1701612900000,5.465,5.472,5.445,5.458,36464.93,1701613799999,198946.57317,693,19566.62,106772.20526,0
1701613800000,5.457,5.476,5.455,5.457,28257.02,1701614699999,154473.83073,754,13778.51,75334.67906,0
1701614700000,5.459,5.464,5.45,5.45,36021.83,1701615599999,196453.71376,526,10820.11,59044.58656,0
1701615600000,5.449,5.463,5.448,5.458,26315.89,1701616499999,143600.31805,449,12982.73,70848.55287,0
1701616500000,5.458,5.459,5.444,5.457,30762.1,1701617399999,167706.93713,463,17609.82,96010.87018,0
1701617400000,5.457,5.507,5.457,5.48,190629.4,1701618299999,1044785.72281,2189,146197.46,801288.39377,0
1701618300000,5.48,5.601,5.479,5.509,320177.34,1701619199999,1772211.20185,5866,169412.87,936649.94716,0
1701619200000,5.51,5.533,5.498,5.503,108126.0,1701620099999,596448.87437,1595,59096.58,326111.10371,0
1701620100000,5.503,5.522,5.501,5.518,49728.24,1701620999999,274023.94205,652,28636.77,157811.16582,0
1701621000000,5.518,5.518,5.491,5.493,26371.5,1701621899999,145095.73364,561,8120.11,44647.16658,0
1701621900000,5.493,5.501,5.483,5.486,18355.81,1701622799999,100758.40151,564,13011.96,71420.44245,0
1701622800000,5.486,5.488,5.465,5.473,103526.59,1701623699999,567165.90577,1345,70317.83,385268.79806,0
1701623700000,5.472,5.495,5.461,5.464,96982.5,1701624599999,531359.98312,1267,46214.16,253235.09655,0
1701624600000,5.464,5.469,5.446,5.449,54113.46,1701625499999,295423.67321,889,27254.41,148801.36946,0
1701625500000,5.447,5.46,5.446,5.455,25868.99,1701626399999,141081.30062,545,14626.5,79771.90915,0
1701626400000,5.455,5.469,5.45,5.469,27373.76,1701627299999,149525.50517,474,13005.51,71049.989,0
1701627300000,5.469,5.473,5.466,5.472,14778.26,1701628199999,80835.21609,270,8221.7,44976.58603,0
1701628200000,5.472,5.472,5.461,5.465,12733.7,1701629099999,69602.98969,494,5112.54,27946.26195,0
1701629100000,5.465,5.465,5.451,5.459,29276.3,1701629999999,159815.2222,579,13882.41,75768.28505,0
1701630000000,5.459,5.46,5.445,5.447,30143.22,1701630899999,164309.80097,467,12028.5,65574.39888,0
1701630900000,5.447,5.447,5.435,5.446,60347.48,1701631799999,328321.51943,764,24138.35,131336.85054,0
1701631800000,5.447,5.465,5.446,5.463,31261.52,1701632699999,170614.14637,752,22739.97,124096.18606,0
1701632700000,5.464,5.47,5.455,5.469,19169.92,1701633599999,104718.78217,484,9961.14,54424.33268,0
1701633600000,5.469,5.48,5.463,5.479,39010.28,1701634499999,213512.97717,661,27108.55,148390.42725,0
1701634500000,5.48,5.488,5.479,5.487,24745.78,1701635399999,135721.6097,530,13084.8,71775.48984,0
1701635400000,5.486,5.492,5.471,5.478,24908.43,1701636299999,136553.63454,664,13095.64,71787.16276,0
1701636300000,5.478,5.493,5.476,5.491,15434.75,1701637199999,84712.48396,451,9456.24,51905.85358,0
1701637200000,5.491,5.493,5.481,5.484,21824.93,1701638099999,119716.14833,403,7993.6,43845.52368,0
1701638100000,5.482,5.486,5.479,5.486,17412.02,1701638999999,95457.55562,292,11448.52,62762.56607,0
1701639000000,5.486,5.53,5.486,5.514,143108.52,1701639899999,788196.68183,1840,108731.08,598817.46606,0
1701639900000,5.513,5.53,5.513,5.529,41375.16,1701640799999,228474.70705,719,17238.13,95203.85411,0
1701640800000,5.529,5.553,5.529,5.552,47231.02,1701641699999,261722.19011,1056,25395.24,140732.19706,0
1701641700000,5.552,5.599,5.543,5.594,170783.02,1701642599999,952502.02197,2708,99677.91,555973.16934,0
1701642600000,5.593,5.624,5.567,5.57,282220.32,1701643499999,1580764.36445,4371,123762.47,693589.00317,0
1701643500000,5.571,5.59,5.571,5.58,49420.07,1701644399999,275920.65574,937,26135.08,145898.423,0
1701644400000,5.58,5.599,5.579,5.579,45984.79,1701645299999,256948.12362,754,25912.01,144761.89664,0
1701645300000,5.58,5.583,5.526,5.528,109548.46,1701646199999,608277.0511,1703,40633.04,225347.64101,0
1701646200000,5.527,5.547,5.506,5.531,44304.78,1701647099999,244866.92576,1099,18288.6,101074.52057,0
1701647100000,5.531,5.552,5.53,5.541,33858.84,1701647999999,187651.0204,515,9023.25,50015.79787,0
1701648000000,5.54,5.551,5.531,5.543,25987.96,1701648899999,144006.42147,550,11891.81,65881.32991,0
1701648900000,5.543,5.549,5.535,5.541,26303.37,1701649799999,145757.92342,612,15906.62,88152.45156,0
1701649800000,5.541,5.565,5.537,5.537,85574.84,1701650699999,474712.27784,1438,39921.48,221519.71976,0
1701650700000,5.536,5.556,5.532,5.556,38342.82,1701651599999,212551.30927,687,24676.76,136804.48437,0
1701651600000,5.557,5.56,5.543,5.547,25756.43,1701652499999,142948.05919,531,11992.86,66579.01681,0
1701652500000,5.548,5.591,5.548,5.588,60123.02,1701653399999,334957.82627,1119,36705.74,204450.09811,0
1701653400000,5.588,5.606,5.577,5.602,78014.08,1701654299999,436663.80928,1630,39920.05,223445.11434,0
1701654300000,5.602,5.615,5.587,5.595,108922.2,1701655199999,610097.2951,1544,41983.7,235224.7631,0
1701655200000,5.595,5.61,5.585,5.605,90184.42,1701656099999,504682.94767,956,38846.89,217441.18489,0
1701656100000,5.604,5.605,5.59,5.598,74814.01,1701656999999,418858.74988,789,34547.94,193430.92081,0
1701657000000,5.598,5.607,5.598,5.602,30428.28,1701657899999,170488.34499,551,17650.37,98895.87682,0
1701657900000,5.602,5.606,5.599,5.604,26196.52,1701658799999,146746.40924,523,11570.03,64814.23572,0
1701658800000,5.605,5.622,5.603,5.619,52443.84,1701659699999,294198.25967,827,32287.94,181134.02187,0
1701659700000,5.618,5.625,5.612,5.624,67854.19,1701660599999,381250.10478,932,33097.47,185996.12582,0
1701660600000,5.624,5.627,5.602,5.603,75481.83,1701661499999,423568.97485,1011,33535.41,188124.19854,0
1701661500000,5.603,5.61,5.599,5.607,46822.35,1701662399999,262351.70107,552,15003.07,84084.56778,0
1701662400000,5.607,5.63,5.607,5.622,67132.53,1701663299999,377484.11021,1139,34917.55,196324.43232,0
1701663300000,5.622,5.63,5.616,5.627,54270.52,1701664199999,305233.56059,875,30801.46,173230.70305,0
1701664200000,5.626,5.64,5.616,5.633,68647.68,1701665099999,386231.24427,1239,46605.39,262184.62371,0
1701665100000,5.632,5.688,5.631,5.654,595334.91,1701665999999,3375260.05187,6951,369840.37,2096189.66574,0
1701666000000,5.655,5.661,5.643,5.652,124977.09,1701666899999,706381.15141,1797,63013.5,356203.03803,0
1701666900000,5.651,5.658,5.629,5.631,81887.77,1701667799999,462263.8109,1320,43409.71,245126.83872,0
1701667800000,5.632,5.639,5.602,5.622,538715.06,1701668699999,3023658.50897,5291,187191.59,1050294.57955,0
1701668700000,5.622,5.644,5.612,5.636,124894.72,1701669599999,702349.83511,1731,71213.02,400426.82831,0
1701669600000,5.636,5.64,5.617,5.632,45162.56,1701670499999,254139.67241,823,24810.47,139634.6891,0
1701670500000,5.631,5.669,5.628,5.665,95979.59,1701671399999,542081.33174,1406,39898.32,225410.50714,0
1701671400000,5.665,5.687,5.656,5.679,105622.51,1701672299999,598637.67,1663,39071.96,221489.76877,0
1701672300000,5.68,5.698,5.668,5.682,92301.93,1701673199999,524773.09412,1699,49785.19,283050.82596,0
1701673200000,5.682,5.698,5.681,5.692,104179.97,1701674099999,592747.9847,1268,56047.65,318901.69397,0
1701674100000,5.692,5.698,5.682,5.69,56700.08,1701674999999,322667.27894,999,29845.26,169825.39318,0
1701675000000,5.69,5.691,5.65,5.65,227733.11,1701675899999,1290362.42833,2007,98996.19,560880.02082,0
1701675900000,5.65,5.652,5.634,5.644,91778.25,1701676799999,518019.35139,1376,44153.83,249240.80811,0
1701676800000,5.645,5.664,5.642,5.663,55891.16,1701677699999,315900.69308,1059,30248.23,170956.93468,0
1701677700000,5.663,5.683,5.65,5.682,73244.28,1701678599999,415217.73564,1154,41829.96,237185.08988,0
1701678600000,5.683,5.698,5.675,5.689,81851.38,1701679499999,465380.63277,1360,47676.75,271046.21951,0
1701679500000,5.688,5.695,5.682,5.694,61099.92,1701680399999,347484.73034,908,32028.36,182175.39565,0
1701680400000,5.694,5.699,5.671,5.677,84758.66,1701681299999,481845.93657,1238,35369.61,201120.19269,0
1701681300000,5.676,5.695,5.675,5.683,35918.35,1701682199999,204138.40251,714,17497.44,99437.58554,0
1701682200000,5.683,5.7,5.682,5.696,58625.12,1701683099999,333882.67345,977,33585.02,191279.3764,0
1701683100000,5.698,5.705,5.667,5.671,98031.07,1701683999999,557668.6197,1476,47172.94,268481.76245,0
1701684000000,5.672,5.721,5.672,5.713,122659.94,1701684899999,700314.28418,1971,79702.41,455068.40006,0
1701684900000,5.713,5.721,5.694,5.704,64385.97,1701685799999,367333.61513,1124,24599.76,140339.87623,0
1701685800000,5.703,5.712,5.696,5.701,38602.22,1701686699999,220176.15641,797,22346.87,127472.407,0
1701686700000,5.702,5.72,5.7,5.705,65588.42,1701687599999,374435.88285,954,28237.57,161235.41084,0
1701687600000,5.705,5.709,5.421,5.509,537401.68,1701688499999,2987181.18249,11498,198010.03,1098069.03777,0
1701688500000,5.509,5.574,5.46,5.552,375748.19,1701689399999,2077623.11357,8618,180189.33,996736.23623,0
1701689400000,5.552,5.59,5.529,5.564,167539.36,1701690299999,931266.65995,3583,74617.09,414697.18109,0
1701690300000,5.565,5.59,5.533,5.575,79300.48,1701691199999,440515.72913,2001,42065.96,233726.36181,0
1701691200000,5.576,5.583,5.552,5.562,131546.71,1701692099999,732273.42644,1913,90795.1,505360.29058,0
1701692100000,5.563,5.602,5.548,5.601,57264.34,1701692999999,319807.43365,1393,30510.76,170379.02294,0
1701693000000,5.6,5.645,5.584,5.642,108411.89,1701693899999,608247.1725,2520,43430.8,243718.37659,0
1701693900000,5.643,5.662,5.641,5.656,73780.2,1701694799999,416954.67969,1740,42269.11,238873.99429,0
1701694800000,5.654,5.663,5.608,5.608,80088.78,1701695699999,451416.65748,1597,41892.38,236213.37491,0
1701695700000,5.607,5.623,5.588,5.591,68700.38,1701696599999,385116.59788,1535,29261.48,164058.33742,0
1701696600000,5.59,5.613,5.578,5.609,54921.21,1701697499999,307340.26341,1339,25236.2,141231.27651,0
1701697500000,5.61,5.612,5.544,5.562,75878.47,1701698399999,422899.83952,1771,29269.22,163092.56048,0
1701698400000,5.562,5.569,5.5,5.529,113368.64,1701699299999,626784.15311,2496,42222.32,233590.58586,0
1701699300000,5.53,5.54,5.503,5.505,110676.58,1701700199999,611189.89326,2108,56964.14,314691.89665,0
1701700200000,5.505,5.542,5.505,5.54,83152.18,1701701099999,459254.86073,1486,46088.56,254482.32748,0
1701701100000,5.541,5.551,5.525,5.527,42748.42,1701701999999,236713.26752,956,20324.87,112575.96408,0
1701702000000,5.527,5.536,5.506,5.518,67308.31,1701702899999,371360.43765,942,30958.11,170825.82016,0
1701702900000,5.517,5.531,5.5,5.505,56159.16,1701703799999,309684.43686,940,27618.7,152326.61644,0
1701703800000,5.506,5.513,5.473,5.508,112156.82,1701704699999,616241.31406,2237,51076.82,280675.6031,0
1701704700000,5.507,5.517,5.488,5.49,40375.56,1701705599999,222046.38928,832,19166.02,105403.6815,0
1701705600000,5.49,5.525,5.484,5.519,59813.89,1701706499999,329284.36124,955,35133.25,193383.65203,0
1701706500000,5.521,5.536,5.502,5.531,39586.87,1701707399999,218548.01075,836,19698.82,108734.91353,0
1701707400000,5.53,5.538,5.521,5.536,31079.09,1701708299999,171890.36264,665,16197.74,89594.6591,0
1701708300000,5.536,5.571,5.53,5.567,51548.3,1701709199999,286287.60803,1117,31702.21,176121.60715,0
1701709200000,5.568,5.582,5.551,5.554,50622.83,1701710099999,281945.18152,955,27359.14,152403.03227,0
1701710100000,5.554,5.556,5.539,5.545,43256.45,1701710999999,239949.06689,632,21804.31,120931.81382,0
1701711000000,5.545,5.546,5.527,5.532,29414.05,1701711899999,162884.54215,854,10711.71,59350.0114,0
1701711900000,5.531,5.545,5.524,5.53,25257.72,1701712799999,139722.10601,701,12219.59,67609.16765,0
1701712800000,5.531,5.542,5.53,5.541,35505.98,1701713699999,196633.89237,461,25381.24,140567.23488,0
1701713700000,5.541,5.558,5.54,5.551,33646.63,1701714599999,186802.7607,553,16454.49,91348.07692,0
1701714600000,5.552,5.567,5.541,5.542,58032.3,1701715499999,322571.1465,765,20410.96,113481.76843,0
1701715500000,5.542,5.548,5.531,5.54,38798.82,1701716399999,214821.99114,769,21549.63,119328.30571,0
1701716400000,5.539,5.546,5.528,5.529,16346.66,1701717299999,90495.39449,431,8280.47,45837.97893,0
1701717300000,5.529,5.556,5.525,5.555,49407.89,1701718199999,273813.46842,689,28002.15,155118.30227,0
1701718200000,5.556,5.57,5.546,5.564,61543.91,1701719099999,342169.95237,989,40014.49,222464.12532,0
1701719100000,5.563,5.57,5.556,5.568,45353.37,1701719999999,252327.80296,684,24142.92,134327.63055,0
1701720000000,5.568,5.575,5.562,5.569,45177.67,1701720899999,251561.76262,711,22009.81,122563.80933,0
1701720900000,5.569,5.597,5.569,5.596,50822.87,1701721799999,283773.31088,896,38514.9,215090.04615,0
1701721800000,5.596,5.597,5.567,5.582,60976.13,1701722699999,340415.40053,1099,35818.02,200014.07592,0
1701722700000,5.581,5.585,5.572,5.578,96689.99,1701723599999,539494.52847,950,52738.76,294270.24863,0
1701723600000,5.576,5.584,5.563,5.566,46354.34,1701724499999,258419.1902,690,21904.32,122126.6137,0
1701724500000,5.566,5.584,5.566,5.582,31910.34,1701725399999,177939.01734,468,25414.06,141716.48149,0
1701725400000,5.582,5.585,5.566,5.57,33588.65,1701726299999,187317.94089,791,18578.86,103633.90875,0
1701726300000,5.57,5.587,5.565,5.579,57323.15,1701727199999,319765.1251,918,28290.0,157847.62706,0
1701727200000,5.58,5.594,5.572,5.593,28375.35,1701728099999,158381.76662,607,12289.18,68615.21353,0
1701728100000,5.594,5.618,5.591,5.618,75644.51,1701728999999,423992.53328,1071,49819.47,279244.46173,0
1701729000000,5.618,5.618,5.581,5.581,56444.66,1701729899999,316133.88685,962,29654.16,166107.27724,0
1701729900000,5.582,5.583,5.551,5.571,50226.01,1701730799999,279557.28521,1074,26711.54,148718.86126,0
1701730800000,5.573,5.598,5.567,5.597,49320.11,1701731699999,275263.41787,759,31519.56,175885.98395,0
1701731700000,5.596,5.611,5.589,5.61,35536.89,1701732599999,199138.47523,614,22629.57,126827.10685,0
1701732600000,5.611,5.629,5.607,5.62,104894.1,1701733499999,589345.43162,1218,76102.09,427556.99604,0
1701733500000,5.62,5.634,5.613,5.632,80983.94,1701734399999,455383.64329,955,45340.63,254964.31287,0
1701734400000,5.633,5.637,5.6,5.625,90114.51,1701735299999,506065.30392,1255,46722.12,262427.78653,0
1701735300000,5.624,5.635,5.612,5.634,54780.35,1701736199999,308085.22448,1013,25019.79,140676.21394,0
1701736200000,5.633,5.666,5.629,5.664,50810.68,1701737099999,286994.27126,1638,23624.0,133441.87375,0
1701737100000,5.664,5.693,5.661,5.689,104829.06,1701737999999,595070.42323,2528,64309.25,365105.46829,0
1701738000000,5.689,5.694,5.658,5.661,90922.34,1701738899999,515982.5603,1478,52788.95,299576.71613,0
1701738900000,5.661,5.676,5.617,5.635,134724.17,1701739799999,760172.00779,2123,72650.25,409844.68136,0
1701739800000,5.634,5.639,5.616,5.62,60593.4,1701740699999,340992.71422,1405,34137.89,192107.00635,0
1701740700000,5.621,5.638,5.613,5.633,37657.16,1701741599999,211919.35857,995,18346.49,103259.03395,0
1701741600000,5.633,5.635,5.56,5.576,65419.12,1701742499999,365775.89496,2034,27130.89,151660.39491,0
1701742500000,5.576,5.59,5.55,5.589,68394.73,1701743399999,381305.62312,1217,35291.15,196770.9728,0
1701743400000,5.59,5.604,5.585,5.595,38790.38,1701744299999,217079.63055,784,20518.44,114842.83297,0
1701744300000,5.596,5.609,5.593,5.599,19893.21,1701745199999,111433.29988,472,10663.73,59734.08746,0
1701745200000,5.599,5.613,5.593,5.601,46523.58,1701746099999,260724.66781,747,15844.85,88810.64046,0
1701746100000,5.602,5.624,5.6,5.622,47552.03,1701746999999,267084.61997,714,37548.93,210895.11981,0
1701747000000,5.621,5.624,5.601,5.603,45888.51,1701747899999,257571.21215,650,25069.05,140733.12028,0
1701747900000,5.603,5.613,5.596,5.606,26077.69,1701748799999,146174.19315,468,15472.7,86713.37257,0
1701748800000,5.606,5.608,5.577,5.582,21349.83,1701749699999,119383.5762,529,8873.93,49656.92325,0
1701749700000,5.581,5.605,5.577,5.602,35376.01,1701750599999,197873.14169,579,17523.42,98051.15125,0
1701750600000,5.602,5.61,5.595,5.605,36513.07,1701751499999,204622.85796,444,23256.92,130332.73068,0
1701751500000,5.605,5.613,5.593,5.613,41137.56,1701752399999,230554.13125,592,25318.58,141900.09625,0
1701752400000,5.613,5.63,5.603,5.63,33516.34,1701753299999,188187.00875,627,16353.93,91848.51689,0
1701753300000,5.629,5.667,5.627,5.66,119454.49,1701754199999,675175.28998,1520,74359.4,420227.26172,0
1701754200000,5.66,5.696,5.643,5.649,591491.76,1701755099999,3357403.14757,7265,340344.5,1932349.4626,0
1701755100000,5.648,5.648,5.62,5.643,523507.1,1701755999999,2947047.68438,4118,247574.67,1393597.46047,0
1701756000000,5.643,5.664,5.639,5.662,197945.01,1701756899999,1118875.96054,2422,129803.13,733730.91851,0
1701756900000,5.662,5.68,5.646,5.649,478243.01,1701757799999,2709459.06247,3986,288529.17,1635145.26397,0
1701757800000,5.649,5.676,5.604,5.658,282219.37,1701758699999,1591460.89994,2999,94422.34,533042.43576,0
1701758700000,5.658,5.664,5.6,5.608,549866.14,1701759599999,3092703.08546,5189,276274.8,1552993.45656,0
1701759600000,5.609,5.609,5.56,5.577,151258.73,1701760499999,843692.4873,2544,89611.6,499740.92092,0
1701760500000,5.578,5.67,5.571,5.631,350116.25,1701761399999,1967848.57911,5644,201705.24,1132613.78363,0
1701761400000,5.631,5.642,5.578,5.593,151896.92,1701762299999,853672.43146,2297,80729.22,453856.83223,0
1701762300000,5.59,5.636,5.586,5.628,147670.62,1701763199999,829740.70685,2284,76410.04,429362.66522,0
1701763200000,5.628,5.703,5.618,5.691,272961.3,1701764099999,1547276.22856,3582,167414.44,949108.46568,0
1701764100000,5.692,5.727,5.674,5.677,379623.14,1701764999999,2164087.56288,6333,206818.17,1179013.24985,0
1701765000000,5.676,5.679,5.599,5.604,118529.63,1701765899999,667220.72768,2881,56616.41,318746.20895,0
1701765900000,5.604,5.653,5.597,5.649,93190.46,1701766799999,524474.78747,1591,54993.09,309543.3686,0
1701766800000,5.65,5.65,5.631,5.644,49194.98,1701767699999,277447.21471,674,21883.12,123406.16698,0
1701767700000,5.643,5.667,5.64,5.648,65771.44,1701768599999,372166.00434,988,39019.42,220804.11629,0
1701768600000,5.651,5.664,5.644,5.661,66052.71,1701769499999,373637.6478,1060,38890.0,219977.39888,0
1701769500000,5.661,5.665,5.579,5.588,268628.64,1701770399999,1509011.1536,3374,87931.19,493856.42696,0
1701770400000,5.588,5.603,5.576,5.576,167899.23,1701771299999,938428.36821,2093,64675.32,361655.21298,0
1701771300000,5.576,5.582,5.57,5.573,104229.17,1701772199999,581109.70147,1107,39661.23,221157.19862,0
1701772200000,5.573,5.576,5.539,5.543,140168.56,1701773099999,778936.22134,2026,46457.82,258085.61278,0
1701773100000,5.543,5.558,5.52,5.523,80479.04,1701773999999,445696.34761,1679,44796.01,248191.25728,0
1701774000000,5.522,5.556,5.511,5.552,75540.81,1701774899999,417805.41665,1449,41847.31,231491.75596,0
1701774900000,5.553,5.561,5.544,5.544,56178.89,1701775799999,311931.45935,804,26408.78,146654.86953,0
1701775800000,5.544,5.547,5.522,5.536,52461.85,1701776699999,290203.704,980,26602.06,147148.75188,0
1701776700000,5.535,5.54,5.522,5.536,57370.49,1701777599999,317365.19771,816,30303.31,167616.66298,0
1701777600000,5.535,5.559,5.525,5.558,85896.84,1701778499999,476076.72535,1144,44674.41,247770.33895,0
1701778500000,5.559,5.567,5.544,5.557,61491.93,1701779399999,341704.76627,1009,34032.21,189115.32449,0
1701779400000,5.557,5.569,5.546,5.552,68199.63,1701780299999,379079.51886,1019,35541.53,197518.49313,0
1701780300000,5.551,5.555,5.54,5.549,44294.09,1701781199999,245752.39357,754,23894.29,132576.02386,0
1701781200000,5.55,5.57,5.546,5.57,63812.44,1701782099999,354721.92288,855,34089.42,189457.25646,0
1701782100000,5.571,5.591,5.535,5.546,80738.81,1701782999999,449097.71243,1465,32241.32,179379.04324,0
1701783000000,5.547,5.56,5.539,5.542,41536.15,1701783899999,230413.38274,665,19422.37,107732.48976,0
1701783900000,5.543,5.547,5.515,5.52,43633.48,1701784799999,241268.60036,931,22314.85,123399.15837,0
1701784800000,5.521,5.542,5.513,5.528,55619.42,1701785699999,307632.74206,982,25758.05,142473.50745,0
1701785700000,5.529,5.565,5.527,5.563,40425.44,1701786599999,224265.84279,843,24841.36,137845.83983,0
1701786600000,5.563,5.567,5.542,5.553,44657.79,1701787499999,248087.52073,919,20380.81,113212.42986,0
1701787500000,5.553,5.56,5.546,5.555,41933.15,1701788399999,232858.75253,769,17812.32,98929.50681,0
1701788400000,5.555,5.567,5.544,5.554,72406.53,1701789299999,402425.29406,1152,38556.36,214316.91641,0
1701789300000,5.554,5.574,5.545,5.564,44838.06,1701790199999,249243.24706,815,25797.82,143391.32148,0
1701790200000,5.562,5.601,5.561,5.6,62131.69,1701791099999,347276.06965,1187,38633.67,215899.30066,0
1701791100000,5.599,5.634,5.581,5.629,101528.93,1701791999999,569324.34402,1942,56639.51,317583.52444,0
1701792000000,5.63,5.65,5.601,5.646,111453.15,1701792899999,627261.76648,1918,58066.19,326766.78877,0
1701792900000,5.646,5.65,5.612,5.647,88854.47,1701793799999,500598.86045,1348,49459.1,278650.13883,0
1701793800000,5.646,5.673,5.64,5.67,108451.75,1701794699999,613563.27086,1870,58105.33,328678.29729,0
1701794700000,5.67,5.684,5.651,5.677,72343.08,1701795599999,410149.25612,1476,36311.82,205878.60178,0
1701795600000,5.678,5.699,5.663,5.695,113475.04,1701796499999,644755.04681,1716,58183.43,330631.58643,0
1701796500000,5.694,5.717,5.662,5.704,185113.98,1701797399999,1052809.1575,3089,90271.65,513597.67089,0
1701797400000,5.704,5.715,5.654,5.66,157015.15,1701798299999,893583.68155,2812,89342.54,508801.99627,0
1701798300000,5.66,5.736,5.66,5.732,164327.85,1701799199999,939159.76785,2960,98797.01,564480.3526,0
1701799200000,5.732,5.783,5.73,5.773,192164.9,1701800099999,1107006.02855,4022,119146.42,686323.16834,0
1701800100000,5.774,5.78,5.727,5.742,119784.8,1701800999999,688930.57843,2342,65591.06,377290.43753,0
1701801000000,5.743,5.751,5.73,5.739,76767.37,1701801899999,440831.83748,1488,42690.02,245181.82856,0
1701801900000,5.738,5.762,5.704,5.744,176759.3,1701802799999,1013306.58081,2423,112966.94,647757.51332,0
1701802800000,5.744,5.8,5.737,5.777,344642.18,1701803699999,1987196.06523,3386,234485.93,1352634.49073,0
1701803700000,5.777,5.831,5.777,5.806,375931.75,1701804599999,2182733.95263,4401,197126.17,1144157.31243,0
1701804600000,5.804,5.832,5.788,5.811,207264.13,1701805499999,1204256.83287,2749,114402.71,664715.4778,0
1701805500000,5.811,5.822,5.781,5.783,106986.54,1701806399999,620643.36979,1686,49305.19,286022.94794,0
1701806400000,5.784,5.798,5.777,5.787,70163.95,1701807299999,406044.99967,1081,39708.76,229902.35147,0
1701807300000,5.789,5.797,5.739,5.749,83468.2,1701808199999,480963.34515,1519,41288.69,237911.51418,0
1701808200000,5.751,5.794,5.748,5.793,77503.55,1701809099999,448135.69598,1146,57445.04,332224.25723,0
1701809100000,5.793,5.801,5.773,5.779,58026.72,1701809999999,335815.84182,1030,20799.01,120447.95454,0
1701810000000,5.78,5.784,5.765,5.767,34836.46,1701810899999,201140.34687,695,17982.39,103846.06745,0
1701810900000,5.767,5.773,5.758,5.761,32391.59,1701811799999,186789.38278,620,15069.88,86888.95875,0
1701811800000,5.761,5.816,5.754,5.807,120139.28,1701812699999,695970.41395,1354,68635.96,397563.90884,0
1701812700000,5.806,5.817,5.792,5.795,77601.21,1701813599999,450482.96893,1209,33913.22,196921.21426,0
1701813600000,5.795,5.81,5.783,5.807,42251.7,1701814499999,244805.77729,779,21038.72,121917.65914,0
1701814500000,5.807,5.819,5.786,5.807,69942.27,1701815399999,405852.44135,1060,34195.81,198436.51083,0
1701815400000,5.806,5.817,5.793,5.795,42663.08,1701816299999,247646.70022,829,17140.67,99490.09656,0
1701816300000,5.795,5.805,5.778,5.797,48849.95,1701817199999,283148.18293,871,30765.01,178339.39783,0
1701817200000,5.8,5.866,5.793,5.854,129734.9,1701818099999,757570.76085,2538,89115.28,520406.51475,0
1701818100000,5.853,5.946,5.85,5.944,286130.28,1701818999999,1688923.36178,5600,165181.78,975271.381,0
1701819000000,5.945,5.946,5.874,5.882,163603.5,1701819899999,965951.27885,2839,66828.67,394458.91551,0
1701819900000,5.884,5.921,5.884,5.907,102219.9,1701820799999,603537.12012,1394,46754.49,276131.26345,0
1701820800000,5.907,5.927,5.878,5.894,81854.93,1701821699999,483042.04363,1442,35026.37,206795.60326,0
1701821700000,5.895,5.946,5.886,5.945,93840.25,1701822599999,555813.40802,1905,52177.57,309041.01811,0
1701822600000,5.944,5.958,5.899,5.955,108906.51,1701823499999,646049.75782,2442,57407.31,340610.46659,0
1701823500000,5.955,5.993,5.952,5.97,196190.27,1701824399999,1171797.09957,3620,120264.12,718544.57571,0
1701824400000,5.971,5.996,5.968,5.982,108303.25,1701825299999,647682.78379,1372,53498.81,320041.11392,0
1701825300000,5.982,5.996,5.947,5.956,138915.39,1701826199999,830446.67504,2001,72653.82,434480.56142,0
1701826200000,5.957,5.982,5.932,5.944,64459.4,1701827099999,383917.26678,1568,30073.32,179159.01463,0
1701827100000,5.943,5.969,5.943,5.96,64042.29,1701827999999,381368.11086,1351,34693.11,206614.37079,0
1701828000000,5.961,5.966,5.931,5.932,50543.36,1701828899999,300955.62462,1015,24245.0,144358.96927,0
1701828900000,5.931,5.947,5.91,5.919,51312.99,1701829799999,304304.75928,1331,24543.45,145593.56961,0
1701829800000,5.92,5.973,5.9,5.965,82065.85,1701830699999,487258.80107,1914,44709.84,265606.87315,0
1701830700000,5.965,5.965,5.946,5.958,45554.31,1701831599999,271331.94541,978,26203.25,156071.11419,0
1701831600000,5.958,5.96,5.932,5.933,52545.83,1701832499999,312659.98497,938,28965.45,172384.04271,0
1701832500000,5.934,5.936,5.902,5.905,66151.8,1701833399999,391561.82619,1277,18136.72,107375.38641,0
1701833400000,5.905,5.905,5.852,5.868,132723.4,1701834299999,779732.66452,2746,55480.55,325802.56673,0
1701834300000,5.868,5.886,5.865,5.871,87308.65,1701835199999,512840.68241,1223,32305.38,189774.92582,0
1701835200000,5.873,5.905,5.873,5.894,101566.13,1701836099999,598301.10522,1060,45953.47,270504.29581,0
1701836100000,5.896,5.914,5.89,5.913,36386.55,1701836999999,214615.88396,717,18215.52,107456.67576,0
1701837000000,5.914,5.926,5.894,5.898,51715.22,1701837899999,305501.78571,1070,23097.53,136499.92743,0
1701837900000,5.897,5.917,5.891,5.911,90375.25,1701838799999,533743.78696,933,39507.91,233332.03861,0
1701838800000,5.911,5.936,5.911,5.918,34250.7,1701839699999,202912.51583,913,20725.66,122785.37666,0
1701839700000,5.918,5.93,5.855,5.881,101821.24,1701840599999,598414.71448,1670,41953.54,246647.33738,0
1701840600000,5.881,5.881,5.77,5.815,217097.12,1701841499999,1261835.22157,5163,108444.14,630105.49381,0
1701841500000,5.816,5.855,5.815,5.853,85712.93,1701842399999,500713.593,2034,39305.43,229594.65486,0
1701842400000,5.853,5.857,5.797,5.823,76319.45,1701843299999,444542.42102,1735,33256.05,193676.48023,0
1701843300000,5.824,5.836,5.811,5.831,60573.78,1701844199999,352688.41932,1026,32325.77,188203.17109,0
1701844200000,5.832,5.856,5.827,5.842,75579.57,1701845099999,441684.14959,1392,25091.02,146615.10869,0
1701845100000,5.844,5.865,5.833,5.864,68386.01,1701845999999,400132.32571,1245,36585.4,214081.38009,0
1701846000000,5.863,5.897,5.863,5.885,102296.93,1701846899999,601831.70275,1677,60281.37,354696.61135,0
1701846900000,5.885,5.938,5.859,5.93,91848.33,1701847799999,542836.89337,2239,58951.62,348478.09097,0
1701847800000,5.932,5.936,5.875,5.918,101328.16,1701848699999,598205.48895,2182,50120.22,295757.39886,0
1701848700000,5.917,5.95,5.913,5.946,120374.84,1701849599999,714082.29094,1829,69940.6,414978.90172,0
1701849600000,5.945,5.948,5.904,5.93,75565.7,1701850499999,448092.37662,1388,36022.12,213537.87864,0
1701850500000,5.932,5.948,5.921,5.931,66275.15,1701851399999,393095.34286,1090,25906.07,153633.8885,0
1701851400000,5.93,5.95,5.922,5.945,69979.24,1701852299999,415803.12582,1131,34295.77,203784.22941,0
1701852300000,5.944,5.978,5.935,5.976,144195.92,1701853199999,859540.085,2546,90067.04,536979.57458,0
1701853200000,5.975,5.982,5.925,5.932,191100.85,1701854099999,1137811.37864,2776,61804.49,368068.08077,0
1701854100000,5.93,5.977,5.93,5.948,232526.53,1701854999999,1384911.80441,2012,138117.77,822161.5265,0
1701855000000,5.948,5.969,5.94,5.95,102571.84,1701855899999,611383.3443,1317,45140.76,269032.00017,0
1701855900000,5.95,5.961,5.92,5.929,78666.62,1701856799999,467752.75693,1298,36345.89,216174.10107,0
1701856800000,5.927,6.01,5.926,6.003,430059.84,1701857699999,2574136.88254,6348,248187.89,1484983.74943,0
1701857700000,6.004,6.035,5.97,6.02,464919.81,1701858599999,2790578.87219,5355,226072.49,1357561.80905,0
1701858600000,6.019,6.026,5.992,6.008,136003.33,1701859499999,817639.433,2759,55405.78,333105.86559,0
1701859500000,6.008,6.01,5.942,5.946,111897.04,1701860399999,668197.7958,2658,52218.67,311752.69004,0
1701860400000,5.947,5.958,5.855,5.864,203569.89,1701861299999,1200420.09253,4700,88728.5,523665.14027,0
1701861300000,5.863,5.913,5.851,5.875,159583.56,1701862199999,939536.05941,3247,77464.35,456141.6312,0
1701862200000,5.873,5.926,5.792,5.921,760724.22,1701863099999,4476905.40833,10413,260970.12,1533625.64378,0
1701863100000,5.922,5.953,5.906,5.95,260087.28,1701863999999,1543590.45103,3628,109242.15,647745.2214,0
1701864000000,5.951,5.988,5.948,5.968,127510.67,1701864899999,761007.20116,2625,78409.16,467876.92189,0
1701864900000,5.966,5.977,5.937,5.955,92804.7,1701865799999,552860.34956,1864,41780.12,248905.2244,0
1701865800000,5.954,5.968,5.938,5.96,46441.83,1701866699999,276418.84819,1122,24212.95,144133.58975,0
1701866700000,5.959,6.085,5.958,6.082,301596.68,1701867599999,1821491.54006,7228,164721.92,994239.50386,0
1701867600000,6.082,6.098,6.021,6.028,153930.13,1701868499999,933455.06818,3518,69102.48,419378.25666,0
1701868500000,6.028,6.06,6.013,6.047,78709.44,1701869399999,474617.53601,1652,39759.0,239823.01964,0
1701869400000,6.047,6.069,6.01,6.02,82508.51,1701870299999,498306.52772,1605,37378.01,225748.65173,0
1701870300000,6.019,6.063,6.019,6.044,86639.42,1701871199999,523680.40088,1805,42599.62,257500.7964,0
1701871200000,6.043,6.064,6.042,6.055,55651.74,1701872099999,336901.31613,1039,32997.14,199740.71273,0
1701872100000,6.056,6.104,6.042,6.102,164501.21,1701872999999,1000574.58568,2257,103675.74,630494.73857,0
1701873000000,6.102,6.156,6.074,6.147,346390.93,1701873899999,2119544.73444,6882,188772.22,1155230.02968,0
1701873900000,6.147,6.16,6.105,6.145,213549.58,1701874799999,1311040.26918,4259,131792.85,809135.4192,0
1701874800000,6.146,6.17,6.071,6.077,196253.21,1701875699999,1199156.09629,3302,99244.61,606799.28849,0
1701875700000,6.078,6.114,6.051,6.101,118368.25,1701876599999,719373.36788,2166,52561.66,319518.23443,0
1701876600000,6.102,6.15,6.1,6.146,98634.17,1701877499999,604891.9577,2350,53928.69,330767.71954,0
1701877500000,6.144,6.159,6.111,6.131,113866.06,1701878399999,698964.08367,2294,55957.67,343567.566,0
1701878400000,6.131,6.169,6.103,6.154,211985.35,1701879299999,1301381.86272,2986,87944.14,539852.71602,0
1701879300000,6.155,6.188,6.149,6.178,129262.5,1701880199999,798107.44042,2694,73451.01,453511.47758,0
1701880200000,6.177,6.205,6.141,6.197,178615.56,1701881099999,1104686.63353,3498,114284.42,707103.67577,0
1701881100000,6.197,6.2,6.154,6.18,150627.74,1701881999999,930491.87197,2322,74749.68,461797.90746,0
1701882000000,6.18,6.195,6.135,6.135,193863.31,1701882899999,1195211.17167,2422,73276.73,451664.42269,0
1701882900000,6.134,6.147,6.12,6.131,66627.34,1701883799999,408733.7506,1341,33176.84,203535.72592,0
1701883800000,6.131,6.136,6.112,6.124,72013.01,1701884699999,440962.2079,1328,44195.39,270633.28627,0
1701884700000,6.122,6.123,6.088,6.12,148682.13,1701885599999,908025.92773,2236,78900.68,481928.94973,0
1701885600000,6.12,6.138,6.101,6.108,75588.75,1701886499999,462696.15947,1227,41865.22,256193.32671,0
1701886500000,6.104,6.117,6.094,6.104,71899.88,1701887399999,438775.50912,919,38700.48,236196.45266,0
1701887400000,6.103,6.11,6.078,6.081,49657.66,1701888299999,302593.85003,1119,17138.22,104476.77534,0
1701888300000,6.081,6.123,6.078,6.109,66460.66,1701889199999,405443.83984,1154,35777.49,218301.50407,0
1701889200000,6.108,6.114,6.092,6.105,49908.1,1701890099999,304659.72764,823,29449.72,179752.0939,0
1701890100000,6.104,6.108,6.077,6.084,45978.78,1701890999999,279977.18864,1071,16286.2,99181.56433,0
1701891000000,6.084,6.09,6.076,6.083,84946.29,1701891899999,516935.10559,1126,54248.33,330145.62736,0
1701891900000,6.083,6.089,6.074,6.076,48718.57,1701892799999,296267.80324,861,19957.63,121376.53919,0
1701892800000,6.077,6.09,6.053,6.066,67862.43,1701893699999,412192.16302,1250,30997.05,188334.21902,0
1701893700000,6.066,6.067,6.048,6.052,40947.86,1701894599999,247957.62463,856,16693.15,101089.33484,0
1701894600000,6.052,6.073,6.042,6.057,53129.58,1701895499999,322102.67662,1020,22818.02,138361.64047,0
1701895500000,6.058,6.066,6.045,6.048,54467.31,1701896399999,329811.09962,891,21469.78,130048.59458,0
1701896400000,6.048,6.077,6.048,6.064,37033.16,1701897299999,224689.51824,846,17984.25,109119.66051,0
1701897300000,6.065,6.075,6.055,6.071,42051.56,1701898199999,255008.92251,778,20952.45,127045.64337,0
1701898200000,6.069,6.071,6.005,6.044,90881.77,1701899099999,548821.92613,2035,30965.93,187014.46215,0
1701899100000,6.045,6.093,6.041,6.081,44614.71,1701899999999,271050.37643,1179,22273.3,135306.10076,0
1701900000000,6.082,6.087,6.071,6.074,24591.15,1701900899999,149493.17958,666,13253.37,80574.89247,0
1701900900000,6.075,6.093,6.06,6.081,27152.54,1701901799999,164939.25687,708,13796.52,83802.36774,0
1701901800000,6.081,6.1,6.057,6.059,68225.6,1701902699999,415337.51957,1084,43008.95,261931.31454,0
1701902700000,6.059,6.06,5.99,6.045,79144.0,1701903599999,476438.87762,2292,29424.62,177104.55371,0
1701903600000,6.043,6.06,6.031,6.054,90708.06,1701904499999,548309.0254,1437,36690.8,221802.39879,0
1701904500000,6.054,6.101,6.054,6.076,129276.13,1701905399999,787595.92826,1805,83388.96,508160.56831,0
1701905400000,6.076,6.089,6.042,6.06,42579.69,1701906299999,258132.18736,861,14698.53,89106.46315,0
1701906300000,6.059,6.063,6.025,6.046,59578.42,1701907199999,359953.57926,964,22735.94,137384.32385,0
1701907200000,6.045,6.098,6.044,6.067,88885.82,1701908099999,539286.80985,1410,35118.46,213011.23377,0
1701908100000,6.066,6.1,6.065,6.098,67976.48,1701908999999,414068.11082,1217,30775.16,187446.93359,0
1701909000000,6.096,6.101,6.067,6.096,110002.01,1701909899999,669705.82644,1293,63936.93,389436.14851,0
1701909900000,6.096,6.102,6.085,6.087,73686.02,1701910799999,449155.75446,917,39266.22,239351.87622,0
1701910800000,6.087,6.1,6.084,6.1,53199.25,1701911699999,324316.20512,622,31552.91,192383.87778,0
1701911700000,6.1,6.135,6.087,6.115,100054.3,1701912599999,611347.45654,1529,59052.23,360769.82934,0
1701912600000,6.114,6.121,6.073,6.104,100181.54,1701913499999,611337.83576,1559,38103.67,232449.77892,0
1701913500000,6.104,6.118,6.082,6.098,60446.85,1701914399999,368707.12045,863,31665.5,193185.68923,0
1701914400000,6.097,6.1,6.062,6.067,59256.09,1701915299999,360131.72492,884,26513.09,161075.07187,0
1701915300000,6.066,6.085,6.061,6.08,28267.55,1701916199999,171611.89653,617,14739.51,89477.68307,0
1701916200000,6.08,6.115,6.076,6.115,54738.12,1701917099999,334118.59838,1200,30517.03,186250.33878,0
1701917100000,6.115,6.115,6.085,6.089,46485.39,1701917999999,283492.32097,817,24161.37,147320.07007,0
1701918000000,6.089,6.103,6.039,6.054,66544.37,1701918899999,403766.69355,1311,19108.66,115891.4261,0
1701918900000,6.054,6.065,6.034,6.035,43853.4,1701919799999,265240.92088,753,24563.55,148607.97425,0
1701919800000,6.035,6.052,6.03,6.043,29643.21,1701920699999,179046.28837,783,15019.93,90723.20384,0
1701920700000,6.044,6.061,6.043,6.061,27834.17,1701921599999,168560.23951,560,16759.86,101503.99876,0
1701921600000,6.059,6.079,6.046,6.079,23984.51,1701922499999,145379.59548,500,8379.76,50785.23756,0
1701922500000,6.077,6.079,6.062,6.079,26182.62,1701923399999,158957.85876,492,11670.49,70854.7271,0
1701923400000,6.079,6.141,6.067,6.14,68133.9,1701924299999,416241.97114,1449,39628.49,242157.36654,0
1701924300000,6.14,6.14,6.102,6.137,64811.33,1701925199999,396669.35404,1063,26043.37,159457.42843,0
1701925200000,6.138,6.165,6.13,6.164,89782.42,1701926099999,551753.39389,1689,50048.58,307574.95242,0
1701926100000,6.165,6.179,6.14,6.149,100575.54,1701926999999,619337.11606,1946,51906.36,319656.2136,0
1701927000000,6.149,6.183,6.149,6.168,111898.52,1701927899999,690301.4933,1553,67350.21,415421.74728,0
1701927900000,6.168,6.18,6.144,6.179,81748.61,1701928799999,503581.00285,1130,54287.03,334428.48499,0
1701928800000,6.179,6.185,6.149,6.151,69958.04,1701929699999,431144.13791,1103,29177.95,179809.39851,0
1701929700000,6.15,6.166,6.143,6.145,59846.58,1701930599999,368412.91979,849,31254.14,192396.83717,0
1701930600000,6.145,6.146,6.124,6.132,65787.75,1701931499999,403530.44828,1196,37072.13,227351.25092,0
1701931500000,6.131,6.143,6.108,6.127,61248.98,1701932399999,375005.92105,1448,28617.62,175251.7206,0
1701932400000,6.128,6.141,6.126,6.137,55081.38,1701933299999,337753.13091,932,24924.12,152829.38563,0
1701933300000,6.136,6.137,6.117,6.119,101332.79,1701934199999,620672.11822,1021,32716.99,200460.23346,0
1701934200000,6.119,6.136,6.11,6.13,52861.94,1701935099999,323584.71039,1104,32330.26,197915.75716,0
1701935100000,6.128,6.13,6.113,6.125,53773.61,1701935999999,329088.0515,842,24895.85,152328.66164,0
1701936000000,6.124,6.136,6.1,6.101,84075.87,1701936899999,514612.13044,1247,36531.49,223609.59264,0
1701936900000,6.1,6.11,6.051,6.051,121068.54,1701937799999,735505.42563,2368,46921.13,285150.62495,0
1701937800000,6.051,6.092,6.05,6.075,53121.17,1701938699999,322290.58491,1418,28420.44,172463.85445,0
1701938700000,6.075,6.086,6.015,6.028,87657.98,1701939599999,530421.65203,1610,31788.01,192257.24088,0
1701939600000,6.03,6.044,5.98,5.988,178460.71,1701940499999,1072798.45409,2975,76549.87,460350.24382,0
1701940500000,5.989,5.996,5.901,5.936,319564.5,1701941399999,1900242.11864,6671,142787.69,848980.45621,0
1701941400000,5.936,6.01,5.929,6.01,186489.45,1701942299999,1114003.09395,3563,97724.48,583914.66197,0
1701942300000,6.01,6.072,6.001,6.034,130907.89,1701943199999,791330.28148,2990,59913.61,362247.70464,0
1701943200000,6.031,6.058,6.006,6.022,111570.68,1701944099999,672586.76104,2183,48778.03,294125.26784,0
1701944100000,6.021,6.03,5.986,6.008,69773.37,1701944999999,419082.37363,1311,31958.8,191911.05827,0
1701945000000,6.007,6.049,6.001,6.023,113547.65,1701945899999,684325.34836,1971,48861.71,294470.46863,0
1701945900000,6.023,6.024,5.99,5.996,69919.56,1701946799999,419571.97058,1285,25803.95,154798.1524,0
1701946800000,5.996,6.02,5.992,6.003,59016.21,1701947699999,354334.63258,1074,27073.52,162531.62923,0
1701947700000,6.003,6.015,5.987,5.989,142084.95,1701948599999,852365.34395,1670,78324.48,469949.94656,0
1701948600000,5.99,5.995,5.953,5.956,97580.87,1701949499999,582589.03736,1756,44587.38,266196.67739,0
1701949500000,5.958,5.977,5.942,5.967,58557.41,1701950399999,348969.53199,1353,31543.73,188033.45188,0
1701950400000,5.969,5.994,5.956,5.99,59678.94,1701951299999,356434.95697,1116,29085.39,173727.36114,0
1701951300000,5.991,6.0,5.971,5.984,120812.05,1701952199999,723314.68176,1561,68567.04,410566.57035,0
1701952200000,5.983,6.028,5.978,6.015,105974.35,1701953099999,635871.60179,1971,51184.74,307131.72704,0
1701953100000,6.014,6.031,6.011,6.026,47175.51,1701953999999,284041.59514,1038,24469.97,147357.81278,0
1701954000000,6.026,6.043,6.002,6.003,109784.5,1701954899999,660614.65264,1301,52253.95,314520.01636,0
1701954900000,6.003,6.01,5.99,6.002,41823.84,1701955799999,251006.60524,682,22509.78,135109.84456,0
1701955800000,6.002,6.003,5.977,5.988,31936.48,1701956699999,191279.76518,798,15576.77,93311.89702,0
1701956700000,5.986,6.002,5.976,5.998,34842.48,1701957599999,208630.64155,768,21185.88,126848.58321,0
1701957600000,5.998,6.012,5.99,6.011,41446.34,1701958499999,248762.91103,767,21675.66,130086.93251,0
1701958500000,6.01,6.027,5.988,6.021,43422.88,1701959399999,260671.61033,759,16235.88,97473.75234,0
1701959400000,6.02,6.043,6.011,6.016,55471.83,1701960299999,334377.35395,1009,25912.01,156190.32189,0
1701960300000,6.016,6.043,6.006,6.036,42497.76,1701961199999,256226.92228,1055,22757.49,137202.90143,0
1701961200000,6.036,6.07,6.031,6.05,101402.4,1701962099999,613697.91919,2071,41328.08,250155.50626,0
1701962100000,6.05,6.129,6.05,6.125,103980.94,1701962999999,633362.66053,2905,63911.22,389353.39982,0
1701963000000,6.123,6.127,6.097,6.108,95331.28,1701963899999,582750.07421,1935,60692.43,371025.69851,0
1701963900000,6.108,6.113,6.078,6.097,113407.64,1701964799999,691549.92686,1851,66537.33,405791.71649,0
1701964800000,6.097,6.126,6.077,6.116,149670.58,1701965699999,913495.79257,1803,67121.6,409866.49263,0
1701965700000,6.114,6.13,6.1,6.129,116573.85,1701966599999,712915.28288,1513,42388.86,259361.80351,0
1701966600000,6.129,6.175,6.126,6.17,119805.86,1701967499999,737303.17139,2693,73683.52,453384.23528,0
1701967500000,6.169,6.193,6.144,6.192,152999.41,1701968399999,944084.28142,2279,90420.76,558205.74215,0
1701968400000,6.192,6.197,6.16,6.197,137946.39,1701969299999,852048.92671,1860,63079.56,389745.10446,0
1701969300000,6.196,6.252,6.186,6.239,225795.69,1701970199999,1406563.32942,5037,136158.83,847972.74542,0
1701970200000,6.238,6.258,6.189,6.221,144235.69,1701971099999,898289.27892,2734,67775.81,422262.8447,0
1701971100000,6.219,6.3,6.192,6.277,232462.01,1701971999999,1454594.67693,5543,147024.88,920534.36572,0
1701972000000,6.276,6.295,6.256,6.283,92836.03,1701972899999,582497.5468,2032,35137.98,220505.42762,0
1701972900000,6.283,6.296,6.266,6.287,65899.75,1701973799999,413923.91734,1510,27486.87,172651.27947,0
1701973800000,6.288,6.29,6.221,6.224,108324.12,1701974699999,677761.86512,2115,43474.74,272003.14761,0
1701974700000,6.225,6.244,6.217,6.229,68849.66,1701975599999,429024.48692,1228,38111.52,237477.0319,0
1701975600000,6.229,6.237,6.184,6.195,109244.82,1701976499999,678576.65583,1662,53363.09,331554.8744,0
1701976500000,6.195,6.195,6.148,6.151,95941.01,1701977399999,591871.33472,1829,27664.29,170663.63502,0
1701977400000,6.151,6.193,6.149,6.167,88613.08,1701978299999,547644.86794,1623,50823.67,314039.82488,0
1701978300000,6.167,6.206,6.167,6.198,60278.81,1701979199999,373203.4576,1105,37017.16,229158.03142,0
1701979200000,6.198,6.242,6.192,6.239,161958.49,1701980099999,1007178.54305,2246,114520.33,712038.49751,0
1701980100000,6.238,6.24,6.207,6.213,47120.17,1701980999999,293394.31711,832,17059.3,106208.10327,0
1701981000000,6.213,6.22,6.181,6.21,42556.81,1701981899999,263824.0659,894,18420.27,114180.58883,0
1701981900000,6.208,6.242,6.202,6.228,52429.08,1701982799999,326362.77851,1045,26725.38,166404.33202,0
1701982800000,6.229,6.256,6.225,6.24,65539.48,1701983699999,409208.4565,928,44133.26,275563.71238,0
1701983700000,6.24,6.263,6.233,6.26,87031.15,1701984599999,544117.00925,1118,59031.28,369071.56575,0
1701984600000,6.26,6.276,6.251,6.268,103396.36,1701985499999,647874.96473,1508,63849.8,400057.19349,0
1701985500000,6.268,6.277,6.247,6.251,121467.39,1701986399999,760450.08626,1315,63150.19,395408.86145,0
1701986400000,6.252,6.253,6.225,6.234,93996.94,1701987299999,586267.81049,1236,45871.4,286073.8493,0
1701987300000,6.233,6.244,6.227,6.234,57164.92,1701988199999,356343.9243,904,39013.13,243204.25555,0
1701988200000,6.234,6.235,6.199,6.22,67027.04,1701989099999,416684.08481,1170,34828.31,216577.22612,0
1701989100000,6.219,6.226,6.203,6.203,51045.24,1701989999999,317270.34885,841,29147.31,181177.44731,0
1701990000000,6.203,6.227,6.203,6.215,47884.12,1701990899999,297780.18694,805,20873.05,129811.01411,0
1701990900000,6.215,6.229,6.213,6.229,30371.5,1701991799999,188943.292,551,14574.25,90664.06431,0
1701991800000,6.229,6.265,6.229,6.263,34681.14,1701992699999,216591.95712,861,17609.5,109961.57035,0
1701992700000,6.264,6.272,6.235,6.242,117803.62,1701993599999,735877.81102,1253,56098.25,350370.40204,0
1701993600000,6.242,6.267,6.24,6.266,41183.49,1701994499999,257638.8767,852,20094.58,125700.2,0
1701994500000,6.264,6.27,6.255,6.257,60656.18,1701995399999,379729.28376,969,23760.15,148730.23581,0
1701995400000,6.257,6.261,6.207,6.21,33534.94,1701996299999,209091.98739,1231,10341.13,64481.50499,0
1701996300000,6.209,6.221,6.197,6.202,48572.11,1701997199999,301478.23003,863,12886.21,79990.03572,0
1701997200000,6.202,6.202,6.166,6.199,54827.58,1701998099999,339036.13784,1497,22748.24,140702.78987,0
1701998100000,6.199,6.233,6.192,6.203,53523.44,1701998999999,332606.83679,870,21178.93,131666.74007,0
1701999000000,6.204,6.216,6.2,6.206,24841.35,1701999899999,154185.49189,699,12266.66,76138.19067,0
1701999900000,6.206,6.211,6.186,6.186,39180.46,1702000799999,242769.80931,685,13084.77,81101.48806,0
1702000800000,6.185,6.206,6.178,6.189,42787.31,1702001699999,265025.40733,642,25871.47,160247.50126,0
1702001700000,6.189,6.2,6.178,6.195,29834.97,1702002599999,184622.5876,531,15150.47,93789.48017,0
1702002600000,6.195,6.202,6.181,6.185,48521.81,1702003499999,300423.29132,1012,13356.24,82706.39781,0
1702003500000,6.185,6.222,6.179,6.22,33919.85,1702004399999,210357.87731,842,16713.07,103623.30049,0
1702004400000,6.22,6.226,6.195,6.216,33216.7,1702005299999,206302.1108,609,19104.08,118627.44112,0
1702005300000,6.217,6.241,6.21,6.236,133139.07,1702006199999,829596.61814,1671,89763.92,559415.45669,0
1702006200000,6.236,6.24,6.225,6.238,63618.94,1702007099999,396600.66404,1183,19371.68,120749.76488,0
1702007100000,6.238,6.241,6.219,6.22,32063.86,1702007999999,199663.19842,764,11948.93,74423.14697,0
1702008000000,6.221,6.257,6.21,6.256,52983.74,1702008899999,330086.61718,976,24119.75,150366.63484,0
1702008900000,6.256,6.276,6.245,6.271,53684.35,1702009799999,335996.14637,1174,24810.06,155366.89374,0
1702009800000,6.272,6.276,6.249,6.252,36239.2,1702010699999,226965.40279,1059,17892.59,112105.69923,0
1702010700000,6.251,6.299,6.25,6.294,67092.45,1702011599999,420997.47111,1599,38361.89,240662.63331,0
1702011600000,6.294,6.298,6.274,6.287,59225.37,1702012499999,372218.51709,1031,29431.03,184940.70095,0
1702012500000,6.287,6.303,6.273,6.279,63561.38,1702013399999,399887.20866,1094,37112.66,233525.70524,0
1702013400000,6.279,6.279,6.262,6.269,50101.31,1702014299999,314071.42818,854,21970.83,137717.1995,0
1702014300000,6.268,6.297,6.267,6.289,36246.66,1702015199999,227755.53572,663,21278.15,133652.39282,0
1702015200000,6.289,6.321,6.273,6.316,67330.03,1702016099999,424361.55255,1365,44944.73,283332.33643,0
1702016100000,6.316,6.318,6.289,6.3,72120.91,1702016999999,454510.06281,1011,34191.39,215466.92609,0
1702017000000,6.3,6.3,6.272,6.275,45492.55,1702017899999,285886.47044,949,20833.94,130946.24736,0
1702017900000,6.276,6.289,6.27,6.284,51164.64,1702018799999,321261.19365,905,24837.33,155960.45361,0
1702018800000,6.284,6.285,6.253,6.259,57279.58,1702019699999,359017.2038,1250,24081.1,150913.08745,0
1702019700000,6.259,6.266,6.236,6.236,78599.41,1702020599999,491009.23588,1263,21335.95,133370.03134,0
1702020600000,6.237,6.256,6.225,6.246,78590.02,1702021499999,490502.4018,1511,24753.75,154564.42912,0
1702021500000,6.246,6.255,6.232,6.233,58714.36,1702022399999,366520.15764,1066,28952.79,180752.99181,0
1702022400000,6.232,6.255,6.226,6.253,45486.42,1702023299999,283830.97959,955,28625.52,178626.71228,0
1702023300000,6.255,6.266,6.24,6.261,32404.42,1702024199999,202616.24,809,16108.72,100755.16601,0
1702024200000,6.261,6.275,6.255,6.263,30269.66,1702025099999,189587.64133,765,16391.83,102645.6484,0
1702025100000,6.264,6.266,6.243,6.245,49052.69,1702025999999,306677.35702,656,14980.07,93668.45061,0
1702026000000,6.245,6.26,6.241,6.259,52156.78,1702026899999,325944.33053,625,18746.6,117139.31744,0
1702026900000,6.258,6.368,6.256,6.313,217162.38,1702027799999,1372632.46195,4780,127246.23,804070.63021,0
1702027800000,6.313,6.359,6.309,6.352,189147.37,1702028699999,1197456.25717,2894,114606.35,725549.51258,0
1702028700000,6.351,6.355,6.279,6.279,138842.72,1702029599999,876546.0285,2384,62886.32,396869.1276,0
1702029600000,6.279,6.309,6.2,6.278,338722.09,1702030499999,2125124.91165,4551,117122.39,736007.17388,0
1702030500000,6.278,6.278,6.253,6.277,112202.75,1702031399999,703169.66187,1406,69066.79,432832.46848,0
1702031400000,6.277,6.286,6.263,6.282,99332.38,1702032299999,623267.66036,1497,51713.99,324518.43169,0
1702032300000,6.283,6.309,6.279,6.299,152931.75,1702033199999,963018.76599,1719,85396.6,537675.55772,0
1702033200000,6.298,6.31,6.287,6.308,121806.73,1702034099999,767467.29346,1438,71677.18,451731.2443,0
1702034100000,6.308,6.31,6.292,6.309,75893.57,1702034999999,478337.8925,1142,29478.63,185807.8722,0
1702035000000,6.31,6.346,6.307,6.342,201458.75,1702035899999,1274313.74133,2664,116428.85,736126.4225,0
1702035900000,6.342,6.38,6.328,6.372,307216.03,1702036799999,1953978.33,4723,152673.5,970959.37646,0
1702036800000,6.372,6.455,6.372,6.446,319453.3,1702037699999,2051323.40897,6644,183637.6,1179209.85285,0
1702037700000,6.445,6.651,6.417,6.616,802165.59,1702038599999,5263940.28392,17994,471630.33,3094743.01772,0
1702038600000,6.616,6.634,6.555,6.569,361305.41,1702039499999,2380479.26869,7833,171091.24,1127435.0672,0
1702039500000,6.569,6.582,6.535,6.571,194344.49,1702040399999,1275659.00112,3507,87443.44,574063.90321,0
1702040400000,6.571,6.607,6.553,6.602,141078.8,1702041299999,927744.50083,2746,78140.23,513966.34455,0
1702041300000,6.602,6.656,6.597,6.62,190815.13,1702042199999,1263731.68278,3962,108009.4,715508.63897,0
1702042200000,6.62,6.62,6.56,6.61,240605.45,1702043099999,1584652.11416,4692,99343.25,654454.36289,0
1702043100000,6.61,6.682,6.598,6.662,196041.94,1702043999999,1301353.59177,3965,119510.3,793249.02481,0
1702044000000,6.663,6.697,6.618,6.629,183567.75,1702044899999,1221529.80547,5272,97984.34,652250.62259,0
1702044900000,6.629,6.636,6.575,6.584,164850.48,1702045799999,1089397.53287,3304,63539.95,419935.46138,0
1702045800000,6.584,6.614,6.562,6.597,111716.34,1702046699999,736108.18626,2163,66066.17,435343.77955,0
1702046700000,6.597,6.64,6.588,6.638,106462.6,1702047599999,704432.39065,2002,61879.36,409566.10451,0
1702047600000,6.638,6.67,6.629,6.639,115898.84,1702048499999,770529.19556,2215,59934.31,398431.79852,0
1702048500000,6.639,6.642,6.6,6.6,102962.91,1702049399999,681296.18506,1644,38759.89,256438.05826,0
1702049400000,6.601,6.632,6.601,6.63,90357.15,1702050299999,597794.08574,1541,39105.88,258699.01664,0
1702050300000,6.631,6.679,6.626,6.679,147132.26,1702051199999,978613.84868,2426,75366.65,501249.00314,0
1702051200000,6.679,6.794,6.638,6.781,554649.3,1702052099999,3726398.45489,10033,307306.24,2063663.60141,0
1702052100000,6.78,6.809,6.765,6.806,373294.25,1702052999999,2537487.6515,5274,183514.24,1247452.44084,0
1702053000000,6.805,6.807,6.747,6.754,189851.36,1702053899999,1286138.31412,3589,88227.94,597754.14649,0
1702053900000,6.753,6.765,6.678,6.687,215234.27,1702054799999,1446022.18472,3671,91009.21,611472.73835,0
1702054800000,6.688,6.717,6.636,6.645,154880.35,1702055699999,1033584.62981,3116,72641.21,484961.58915,0
1702055700000,6.645,6.679,6.631,6.648,107591.75,1702056599999,716447.8237,2645,53488.09,356257.80738,0
1702056600000,6.648,6.675,6.638,6.662,64276.99,1702057499999,428129.65924,1368,33479.11,223021.70248,0
1702057500000,6.662,6.678,6.645,6.646,90760.89,1702058399999,604603.01301,1321,39621.59,263928.89597,0
1702058400000,6.646,6.651,6.619,6.635,102990.75,1702059299999,683417.75554,1710,42564.24,282490.60354,0
1702059300000,6.634,6.645,6.612,6.635,112539.38,1702060199999,746155.66355,1752,39185.98,259855.9933,0
1702060200000,6.635,6.635,6.601,6.603,133500.78,1702061099999,882773.83022,1960,46370.18,306637.16842,0
1702061100000,6.602,6.624,6.593,6.616,79450.71,1702061999999,524702.87014,1655,37882.09,250300.54189,0
1702062000000,6.616,6.623,6.606,6.622,34530.48,1702062899999,228362.58376,668,15661.53,103579.75448,0
1702062900000,6.621,6.624,6.599,6.605,43726.86,1702063799999,288992.95737,728,21395.13,141403.33559,0
1702063800000,6.603,6.648,6.602,6.641,67881.16,1702064699999,450018.41669,1223,41594.33,275682.56055,0
1702064700000,6.641,6.666,6.631,6.656,65462.59,1702065599999,435482.14229,1103,31443.68,209133.23612,0
1702065600000,6.655,6.682,6.63,6.67,142724.13,1702066499999,949072.42058,1769,62763.27,417591.03792,0
1702066500000,6.67,6.68,6.654,6.678,52097.57,1702067399999,347386.00561,883,36152.55,241073.47083,0
1702067400000,6.677,6.7,6.676,6.698,52808.01,1702068299999,353161.79361,1227,31348.24,209668.22106,0
1702068300000,6.697,6.717,6.696,6.715,66794.93,1702069199999,447878.29967,1403,28325.4,189952.17584,0
1702069200000,6.714,6.716,6.678,6.684,53672.41,1702070099999,359347.18461,1026,18834.66,126095.47711,0
1702070100000,6.683,6.704,6.661,6.7,129270.66,1702070999999,863460.96046,1659,61065.64,408052.95402,0
1702071000000,6.7,6.708,6.677,6.696,46737.79,1702071899999,313068.41566,874,18983.63,127150.90531,0
1702071900000,6.697,6.741,6.689,6.74,85979.93,1702072799999,578017.4096,1564,51807.73,348423.84269,0
1702072800000,6.74,6.759,6.725,6.757,78057.76,1702073699999,526458.34204,1349,42812.75,288800.73685,0
1702073700000,6.757,6.778,6.748,6.775,57242.66,1702074599999,386841.32892,1160,25198.27,170315.9393,0
1702074600000,6.775,6.778,6.751,6.761,60224.58,1702075499999,407462.23614,1167,26235.95,177472.37565,0
1702075500000,6.761,6.79,6.751,6.752,77724.06,1702076399999,526115.30672,1444,36694.56,248418.02418,0
1702076400000,6.752,6.818,6.752,6.813,120890.04,1702077299999,821649.85083,2242,81320.21,552569.2173,0
1702077300000,6.813,6.914,6.813,6.906,289715.9,1702078199999,1990741.85001,6239,188632.95,1296594.95741,0
1702078200000,6.909,6.914,6.851,6.862,175754.73,1702079099999,1210631.45196,2950,51586.46,355627.291,0
1702079100000,6.862,6.874,6.827,6.837,140949.95,1702079999999,964862.68686,2622,53094.47,363402.53698,0
1702080000000,6.838,6.93,6.83,6.91,168829.5,1702080899999,1161866.44234,3300,103603.58,712675.98925,0
1702080900000,6.91,7.194,6.906,7.164,753931.58,1702081799999,5324537.08943,18925,482770.31,3406968.52614,0
1702081800000,7.165,7.2,7.088,7.156,431692.74,1702082699999,3085610.1815,10180,210699.45,1506971.10307,0
1702082700000,7.156,7.459,7.152,7.428,768811.99,1702083599999,5639325.69041,23059,438349.16,3215346.15266,0
1702083600000,7.426,7.446,7.18,7.232,705801.47,1702084499999,5179520.83112,19538,327979.24,2407968.90697,0
1702084500000,7.23,7.338,7.227,7.297,222365.42,1702085399999,1623111.79166,5821,122222.72,892219.34766,0
1702085400000,7.297,7.399,7.277,7.397,272973.38,1702086299999,2007896.97601,6559,125213.82,921260.04773,0
1702086300000,7.397,7.402,7.291,7.303,172430.69,1702087199999,1264631.17056,4345,81054.13,594468.4286,0
1702087200000,7.302,7.439,7.3,7.417,322387.97,1702088099999,2379739.36603,8782,174873.73,1290878.07989,0
1702088100000,7.417,7.42,7.344,7.361,177049.86,1702088999999,1305804.01167,3897,74539.03,549763.60924,0
1702089000000,7.362,7.367,7.287,7.303,118573.8,1702089899999,867420.19631,3197,46055.05,336949.67374,0
1702089900000,7.302,7.361,7.301,7.335,174998.28,1702090799999,1282635.14298,3032,82852.86,607358.22442,0
1702090800000,7.333,7.398,7.314,7.385,127061.96,1702091699999,933742.57854,2753,62205.58,457119.56942,0
1702091700000,7.385,7.515,7.384,7.446,373013.56,1702092599999,2783563.0242,9995,233843.47,1744894.00861,0
1702092600000,7.447,7.485,7.422,7.424,161373.27,1702093499999,1201908.98423,3323,70740.24,526927.45262,0
1702093500000,7.424,7.464,7.411,7.413,87750.17,1702094399999,652405.46372,2380,45865.23,341044.31893,0
1702094400000,7.413,7.467,7.405,7.413,164706.92,1702095299999,1223700.88272,3638,76484.34,568389.07932,0
1702095300000,7.412,7.5,7.379,7.491,220604.73,1702096199999,1640799.59133,5035,131506.36,978772.50457,0
1702096200000,7.492,7.535,7.459,7.467,268340.69,1702097099999,2014412.19164,6319,123093.01,924161.35105,0
1702097100000,7.466,7.51,7.453,7.462,132718.24,1702097999999,993126.12734,2839,61933.86,463568.35418,0
1702098000000,7.462,7.501,7.45,7.493,141797.67,1702098899999,1060262.19693,2996,75501.87,564742.38539,0
1702098900000,7.494,7.527,7.425,7.435,163708.45,1702099799999,1222727.45074,3445,89064.51,665953.67656,0
1702099800000,7.436,7.464,7.426,7.448,81506.38,1702100699999,606544.54297,1751,40380.69,300511.25335,0
1702100700000,7.446,7.449,7.387,7.412,171201.9,1702101599999,1268081.257,3359,98426.27,728832.80894,0
1702101600000,7.412,7.453,7.375,7.375,189833.07,1702102499999,1406188.77109,3579,68971.77,511089.07674,0
1702102500000,7.374,7.444,7.368,7.436,82554.83,1702103399999,612571.71846,2362,46466.47,344712.53079,0
1702103400000,7.437,7.467,7.429,7.452,101504.0,1702104299999,756295.53873,1990,48036.0,357936.01967,0
1702104300000,7.452,7.467,7.422,7.436,108583.19,1702105199999,808660.21406,2056,45769.14,340880.01199,0
1702105200000,7.435,7.491,7.423,7.486,146921.5,1702106099999,1097108.56127,2954,76331.39,570092.85775,0
1702106100000,7.486,7.544,7.448,7.535,225169.93,1702106999999,1687024.26482,4875,121101.07,907810.18202,0
1702107000000,7.536,7.597,7.49,7.491,261208.42,1702107899999,1971212.19047,7834,132795.19,1002869.55871,0
1702107900000,7.491,7.574,7.481,7.562,197359.37,1702108799999,1486331.08001,4231,123394.58,929411.73759,0
1702108800000,7.562,7.612,7.551,7.597,283247.93,1702109699999,2148964.17617,4984,157863.84,1197801.77183,0
1702109700000,7.597,7.689,7.59,7.627,354433.24,1702110599999,2709928.9355,9381,178856.93,1367348.57138,0
1702110600000,7.624,7.631,7.327,7.385,664084.05,1702111499999,4946413.88857,16794,295688.77,2200960.18636,0
1702111500000,7.384,7.465,7.37,7.422,279080.23,1702112399999,2074017.09847,6034,127457.18,947964.02462,0
1702112400000,7.423,7.527,7.423,7.525,172377.54,1702113299999,1288176.72711,4139,98076.38,732914.06749,0
1702113300000,7.522,7.57,7.502,7.561,179459.72,1702114199999,1355330.2092,3943,92596.8,699442.15904,0
1702114200000,7.56,7.617,7.476,7.482,244731.6,1702115099999,1847932.68726,6064,110487.94,835068.17759,0
1702115100000,7.482,7.54,7.441,7.451,255595.28,1702115999999,1913604.09618,4751,116126.79,870072.93334,0
1702116000000,7.452,7.492,7.432,7.471,127066.15,1702116899999,947633.18853,2645,66919.08,499118.26459,0
1702116900000,7.472,7.488,7.434,7.435,67619.65,1702117799999,504663.45433,1660,27156.23,202720.68723,0
1702117800000,7.433,7.53,7.43,7.524,96887.68,1702118699999,725908.59222,2420,55293.0,414100.93159,0
1702118700000,7.525,7.554,7.506,7.554,163365.07,1702119599999,1230977.59857,3315,75218.53,567068.73164,0
1702119600000,7.555,7.596,7.5,7.507,185841.47,1702120499999,1400670.98915,3861,86705.7,653272.25768,0
1702120500000,7.507,7.528,7.481,7.486,98101.13,1702121399999,735815.69134,2333,52713.51,395413.47803,0
1702121400000,7.487,7.551,7.485,7.519,102195.15,1702122299999,768912.03975,2509,56324.91,423723.67045,0
1702122300000,7.518,7.592,7.502,7.588,135048.41,1702123199999,1021006.45073,2981,80968.68,612350.74401,0
1702123200000,7.587,7.592,7.554,7.567,92857.81,1702124099999,703242.39603,2039,39998.62,302975.20593,0
1702124100000,7.567,7.635,7.525,7.593,308407.4,1702124999999,2343248.64628,7812,205796.86,1563760.76596,0
1702125000000,7.593,7.597,7.49,7.491,152703.65,1702125899999,1152107.90859,3363,55886.53,422057.7659,0
1702125900000,7.491,7.532,7.478,7.499,173066.96,1702126799999,1297538.00723,2992,104956.79,786939.82826,0
1702126800000,7.498,7.516,7.459,7.473,171191.38,1702127699999,1282231.3481,2956,96485.96,722879.57569,0
1702127700000,7.473,7.491,7.459,7.47,99073.36,1702128599999,740246.88141,1946,43047.59,321639.449,0
1702128600000,7.47,7.503,7.437,7.444,181272.6,1702129499999,1351905.6263,3363,87703.13,654151.61056,0
1702129500000,7.444,7.471,7.419,7.42,103730.31,1702130399999,771261.91771,1906,34866.46,259315.38865,0
1702130400000,7.419,7.453,7.408,7.449,94289.9,1702131299999,700595.48049,2125,53106.89,394759.84409,0
1702131300000,7.449,7.466,7.435,7.456,69110.78,1702132199999,515097.22738,1692,32540.9,242546.4042,0
1702132200000,7.457,7.46,7.283,7.336,398302.81,1702133099999,2931001.22606,9972,168511.4,1240190.11758,0
1702133100000,7.336,7.374,7.286,7.364,413963.88,1702133999999,3035713.73463,11091,225551.4,1654432.00125,0
1702134000000,7.363,7.385,7.299,7.303,133897.67,1702134899999,982983.48165,3101,68428.47,502396.9967,0
1702134900000,7.306,7.355,7.305,7.353,116935.21,1702135799999,857655.1033,3013,68800.29,504656.66207,0
1702135800000,7.354,7.386,7.344,7.359,82089.86,1702136699999,604794.83821,2104,46916.28,345681.78405,0
1702136700000,7.36,7.37,7.314,7.317,109624.45,1702137599999,805343.02122,2231,58046.44,426384.13509,0
1702137600000,7.317,7.35,7.308,7.32,118616.78,1702138499999,869265.54085,2132,71477.45,523955.727,0
1702138500000,7.321,7.329,7.205,7.24,252056.77,1702139399999,1829812.20036,5702,90307.86,655553.81911,0
1702139400000,7.239,7.271,7.209,7.222,144109.66,1702140299999,1042509.63583,3261,74089.54,535940.89281,0
1702140300000,7.223,7.252,7.168,7.197,137625.23,1702141199999,990779.42067,3947,58400.15,420535.88368,0
1702141200000,7.197,7.205,7.083,7.086,266172.03,1702142099999,1901732.20641,6261,130225.26,930554.3972,0
1702142100000,7.088,7.125,7.05,7.061,195517.04,1702142999999,1386031.93261,4505,90595.09,642190.20207,0
1702143000000,7.062,7.135,7.059,7.13,250749.19,1702143899999,1780718.2512,3558,162284.01,1152604.20056,0
1702143900000,7.13,7.161,7.083,7.083,115448.38,1702144799999,824112.4269,2500,64424.71,460022.00914,0
1702144800000,7.084,7.146,7.082,7.143,94663.35,1702145699999,673861.67156,1655,47188.79,336064.63113,0
1702145700000,7.143,7.192,7.142,7.191,88616.72,1702146599999,635926.88242,1905,57067.74,409494.79549,0
1702146600000,7.192,7.236,7.181,7.233,79332.35,1702147499999,572219.20011,2475,43842.31,316311.58679,0
1702147500000,7.233,7.263,7.227,7.248,112534.92,1702148399999,815311.18311,2396,54792.92,397079.9238,0
1702148400000,7.248,7.28,7.215,7.275,64443.6,1702149299999,467574.63856,1567,35914.17,260540.4945,0
1702149300000,7.275,7.276,7.246,7.259,52363.55,1702150199999,380103.72488,1139,25694.15,186480.14856,0
1702150200000,7.261,7.269,7.24,7.267,53144.07,1702151099999,385674.21052,1306,26026.05,188837.30105,0
1702151100000,7.266,7.293,7.263,7.286,44847.61,1702151999999,326398.42904,1219,25179.21,183267.57968,0
1702152000000,7.288,7.288,7.228,7.236,63696.94,1702152899999,462141.06391,1389,19962.58,144780.03435,0
1702152900000,7.236,7.239,7.198,7.215,69018.54,1702153799999,498155.97391,1617,31384.22,226510.64474,0
1702153800000,7.217,7.265,7.199,7.257,68852.17,1702154699999,497931.56776,1697,30789.91,222716.75016,0
1702154700000,7.256,7.26,7.22,7.224,29105.28,1702155599999,210707.71767,938,16100.22,116565.20641,0
1702155600000,7.224,7.226,7.172,7.177,58899.13,1702156499999,423973.02979,1260,17504.69,125922.56607,0
1702156500000,7.179,7.23,7.174,7.208,40472.68,1702157399999,291630.47441,1146,18759.98,135128.75646,0
1702157400000,7.209,7.252,7.205,7.244,50081.8,1702158299999,361792.07893,1132,34675.09,250422.09087,0
1702158300000,7.245,7.247,7.211,7.223,25073.55,1702159199999,181069.60024,711,11924.6,86103.85464,0
1702159200000,7.223,7.261,7.211,7.254,30499.67,1702160099999,220879.95392,902,14002.1,101400.09746,0
1702160100000,7.254,7.262,7.207,7.217,44398.18,1702160999999,320996.39704,1012,21257.24,153638.16819,0
1702161000000,7.217,7.233,7.189,7.207,40598.7,1702161899999,292590.05669,976,21791.31,157058.62696,0
1702161900000,7.207,7.208,7.135,7.164,66949.94,1702162799999,479883.07058,1754,28413.08,203685.98288,0
1702162800000,7.162,7.182,7.145,7.148,64533.07,1702163699999,462213.25788,1314,32016.4,229291.38478,0
1702163700000,7.149,7.167,7.07,7.085,151721.5,1702164599999,1079276.06612,2712,57221.3,407133.49195,0
1702164600000,7.086,7.112,7.016,7.088,230972.29,1702165499999,1632002.46063,5406,109426.64,773812.21969,0
1702165500000,7.088,7.133,7.084,7.101,73512.25,1702166399999,522814.14034,1686,38008.91,270332.49232,0
1702166400000,7.102,7.285,7.101,7.237,234272.19,1702167299999,1688009.19934,6765,135036.78,972836.08547,0
1702167300000,7.239,7.267,7.192,7.261,115569.62,1702168199999,835192.61696,2666,58604.17,423555.53228,0
1702168200000,7.263,7.265,7.207,7.219,99370.52,1702169099999,718364.52079,1629,46522.54,336393.44421,0
1702169100000,7.219,7.243,7.205,7.242,41056.46,1702169999999,296509.90611,854,20426.68,147561.34298,0
1702170000000,7.242,7.31,7.24,7.29,92221.05,1702170899999,671185.57219,2053,51530.61,375119.66008,0
1702170900000,7.29,7.328,7.261,7.315,92663.36,1702171799999,676068.04226,2224,47402.07,345869.32682,0
1702171800000,7.315,7.323,7.27,7.278,51336.17,1702172699999,374568.35338,1399,24415.05,178126.54827,0
1702172700000,7.277,7.296,7.263,7.267,48212.07,1702173599999,350885.01517,955,17346.34,126259.8915,0
1702173600000,7.267,7.285,7.221,7.261,68699.74,1702174499999,498320.5571,1638,32573.31,236322.93416,0
1702174500000,7.261,7.284,7.245,7.25,38898.66,1702175399999,282660.13065,917,21834.23,158645.85557,0
1702175400000,7.25,7.272,7.25,7.253,24689.78,1702176299999,179299.57342,535,9902.45,71910.16186,0
1702176300000,7.255,7.265,7.224,7.236,22256.09,1702177199999,161281.91771,565,10690.71,77447.79403,0
1702177200000,7.235,7.283,7.231,7.28,46883.04,1702178099999,339974.18825,794,22315.52,161903.73511,0
1702178100000,7.281,7.294,7.261,7.271,51482.78,1702178999999,374668.85544,972,26826.42,195190.30959,0
1702179000000,7.269,7.285,7.259,7.26,17376.18,1702179899999,126307.49581,470,10238.9,74423.01922,0
1702179900000,7.26,7.275,7.253,7.26,26732.43,1702180799999,194163.30922,599,12828.13,93182.87781,0
1702180800000,7.259,7.266,7.241,7.255,35853.05,1702181699999,259909.12304,638,12769.01,92562.94963,0
1702181700000,7.256,7.323,7.251,7.319,57939.98,1702182599999,422985.77342,1342,28819.33,210382.61634,0
1702182600000,7.317,7.322,7.295,7.314,64355.1,1702183499999,470182.15241,927,24324.69,177769.74517,0
1702183500000,7.314,7.321,7.295,7.309,31580.83,1702184399999,230831.79862,683,14384.67,105133.6014,0
1702184400000,7.31,7.313,7.274,7.277,45216.63,1702185299999,329709.54862,781,17104.8,124699.35949,0
1702185300000,7.278,7.297,7.277,7.285,24399.48,1702186199999,177757.08102,474,11709.72,85319.42833,0
1702186200000,7.285,7.315,7.284,7.284,52358.64,1702187099999,382287.09458,844,32845.16,239879.04326,0
1702187100000,7.285,7.29,7.263,7.282,36403.64,1702187999999,264805.08414,741,18353.68,133516.84759,0
1702188000000,7.281,7.291,7.265,7.271,43654.93,1702188899999,317647.44153,658,21680.19,157775.22292,0
1702188900000,7.27,7.276,7.255,7.258,19968.87,1702189799999,145145.70817,488,11027.77,80155.21421,0
1702189800000,7.259,7.262,7.229,7.256,80016.2,1702190699999,579838.71477,993,42006.58,304502.39469,0
1702190700000,7.256,7.259,7.231,7.244,39491.56,1702191599999,286075.21958,706,13128.98,95087.45975,0
1702191600000,7.245,7.246,7.223,7.23,27156.67,1702192499999,196403.31798,599,9516.77,68818.44591,0
1702192500000,7.231,7.231,7.175,7.198,102605.01,1702193399999,738526.22131,1850,48493.82,349127.02047,0
1702193400000,7.197,7.2,7.156,7.184,61115.95,1702194299999,438678.36859,1640,24990.3,179375.87517,0
1702194300000,7.184,7.224,7.184,7.2,57357.73,1702195199999,413276.20241,1307,23944.44,172480.92995,0
1702195200000,7.2,7.208,7.143,7.151,66484.29,1702196099999,476749.21079,1538,23577.25,169211.35433,0
1702196100000,7.152,7.156,7.107,7.114,93301.8,1702196999999,665557.29596,2082,34718.78,247806.40867,0
1702197000000,7.113,7.136,7.094,7.1,98208.3,1702197899999,698725.52577,2162,49342.69,351077.5718,0
1702197900000,7.101,7.13,7.1,7.11,67023.35,1702198799999,476927.41134,1741,33301.69,236991.30202,0
1702198800000,7.111,7.128,7.094,7.116,62968.45,1702199699999,447837.16042,1145,30111.43,214208.0074,0
1702199700000,7.116,7.121,7.071,7.085,86749.83,1702200599999,615609.11366,1687,27655.03,196263.59859,0
1702200600000,7.085,7.086,7.016,7.032,166152.16,1702201499999,1170646.76911,3898,76024.46,535655.93261,0
1702201500000,7.031,7.052,6.962,6.962,210599.26,1702202399999,1475864.17707,4389,82742.46,580163.29518,0
1702202400000,6.962,7.033,6.959,7.013,106704.77,1702203299999,746821.92288,2732,59925.95,419535.33217,0
1702203300000,7.014,7.042,7.011,7.038,52101.05,1702204199999,365952.96258,1124,27438.16,192699.98373,0
1702204200000,7.038,7.051,7.017,7.029,88842.39,1702205099999,624813.9387,1528,44388.46,312308.99906,0
1702205100000,7.03,7.066,7.013,7.066,91591.2,1702205999999,644390.09943,1422,51020.27,359047.39011,0
1702206000000,7.066,7.105,7.065,7.091,76758.33,1702206899999,543741.31712,1773,39810.45,282008.91815,0
1702206900000,7.091,7.103,7.083,7.096,52965.04,1702207799999,375671.77054,1026,24955.58,177031.80241,0
1702207800000,7.096,7.096,7.057,7.057,48278.36,1702208699999,341398.09287,898,15822.12,111898.39338,0
1702208700000,7.056,7.088,7.053,7.088,58525.4,1702209599999,413861.51867,986,27952.34,197660.42759,0
1702209600000,7.088,7.147,7.088,7.14,90903.43,1702210499999,648058.48379,1857,48126.45,343086.88906,0
1702210500000,7.141,7.219,7.141,7.2,138830.11,1702211399999,997322.87383,2676,87592.57,629089.91905,0
1702211400000,7.2,7.22,7.151,7.22,121952.61,1702212299999,876230.62867,2128,52181.9,374706.58947,0
1702212300000,7.219,7.237,7.171,7.19,76320.86,1702213199999,549691.63318,1768,34992.83,252034.26939,0
1702213200000,7.191,7.215,7.167,7.215,76600.01,1702214099999,550618.53488,1181,36888.95,265364.28976,0
1702214100000,7.215,7.22,7.177,7.212,84469.93,1702214999999,608177.99234,1313,42651.4,307081.60316,0
1702215000000,7.215,7.238,7.179,7.208,78211.71,1702215899999,563576.51475,1430,38166.01,275073.15803,0
1702215900000,7.21,7.219,7.185,7.196,38360.49,1702216799999,276388.50145,695,15796.86,113798.64644,0
1702216800000,7.195,7.239,7.187,7.23,77202.75,1702217699999,557413.54072,1188,41075.99,296557.01872,0
1702217700000,7.232,7.233,7.2,7.211,81923.83,1702218599999,591169.70212,1092,42346.79,305565.84879,0
1702218600000,7.211,7.217,7.175,7.212,60756.75,1702219499999,437380.87376,1037,27327.42,196752.2782,0
1702219500000,7.214,7.266,7.214,7.231,77947.75,1702220399999,564361.47218,1648,44642.52,323246.69067,0
1702220400000,7.232,7.247,7.213,7.236,56746.67,1702221299999,410497.23252,950,26879.52,194474.12439,0
1702221300000,7.236,7.262,7.231,7.258,47326.49,1702222199999,343041.90963,859,29488.39,213725.3561,0
1702222200000,7.257,7.258,7.211,7.215,53555.34,1702223099999,387324.21222,887,23222.57,167931.44312,0
1702223100000,7.214,7.24,7.21,7.221,45724.35,1702223999999,330097.8487,704,22315.13,161116.85351,0
1702224000000,7.218,7.238,7.209,7.216,49522.76,1702224899999,357703.26187,796,18696.31,135045.73571,0
1702224900000,7.212,7.223,7.198,7.203,38520.45,1702225799999,277664.65325,693,17461.01,125875.0834,0
1702225800000,7.203,7.228,7.187,7.215,49906.38,1702226699999,359948.46289,929,24218.72,174742.0023,0
1702226700000,7.215,7.224,7.177,7.179,54066.64,1702227599999,389057.80751,1066,22483.98,161797.04922,0
1702227600000,7.18,7.186,7.151,7.156,51680.35,1702228499999,370572.75829,1091,16814.02,120596.96522,0
1702228500000,7.155,7.166,7.126,7.138,106163.34,1702229399999,758375.297,2085,45748.19,326861.44836,0
1702229400000,7.138,7.149,7.117,7.123,47528.3,1702230299999,339009.78898,1146,24455.17,174452.45809,0
1702230300000,7.122,7.153,7.104,7.142,54221.43,1702231199999,386477.56211,1330,27272.84,194391.32749,0
1702231200000,7.142,7.185,7.141,7.165,66692.96,1702232099999,478188.33214,1157,42014.58,301244.04775,0
1702232100000,7.165,7.22,7.163,7.214,48046.61,1702232999999,345424.94365,1001,24510.26,176279.15453,0
1702233000000,7.214,7.224,7.162,7.171,54820.8,1702233899999,393990.8363,1054,27141.48,194962.27649,0
1702233900000,7.171,7.18,7.156,7.169,34307.4,1702234799999,245844.06285,555,13821.33,99029.06551,0
1702234800000,7.169,7.187,7.167,7.187,31046.29,1702235699999,222852.88429,612,17383.95,124764.54263,0
1702235700000,7.187,7.191,7.155,7.162,51047.13,1702236599999,366107.2936,789,27057.62,194068.79933,0
1702236600000,7.162,7.162,7.133,7.146,33062.79,1702237499999,236323.47968,714,12715.77,90894.49808,0
1702237500000,7.145,7.18,7.135,7.176,28831.73,1702238399999,206307.68201,577,15485.66,110814.86078,0
1702238400000,7.176,7.208,7.173,7.198,58517.76,1702239299999,420973.55585,1128,34215.84,246134.59672,0
1702239300000,7.197,7.309,7.184,7.25,279411.08,1702240199999,2028337.70862,5411,165448.83,1200843.72837,0
1702240200000,7.249,7.292,7.218,7.281,128115.58,1702241099999,929035.97987,2811,62558.05,453712.08432,0
1702241100000,7.28,7.319,7.268,7.307,109768.38,1702241999999,800836.07758,2166,59018.57,430624.05228,0
1702242000000,7.307,7.32,7.272,7.28,154178.11,1702242899999,1124907.28623,2631,73572.68,536806.16898,0
1702242900000,7.28,7.28,7.206,7.234,133482.22,1702243799999,967565.59454,2642,62481.8,452775.488,0
1702243800000,7.235,7.253,7.212,7.236,70064.19,1702244699999,506657.16793,1366,38077.85,275344.76356,0
1702244700000,7.236,7.249,7.225,7.225,45277.89,1702245599999,327771.72909,756,19850.88,143687.66097,0
1702245600000,7.224,7.251,7.203,7.248,69847.12,1702246499999,505103.84994,960,41821.84,302631.76602,0
1702246500000,7.248,7.255,7.234,7.255,41641.66,1702247399999,301654.79784,662,22652.14,164087.17695,0
1702247400000,7.256,7.262,7.22,7.24,37143.69,1702248299999,269022.85903,711,13880.77,100460.19621,0
1702248300000,7.24,7.265,7.231,7.265,31928.88,1702249199999,231243.66954,520,23765.24,172119.62596,0
1702249200000,7.264,7.322,7.263,7.277,80339.63,1702250099999,586136.32802,1589,50525.67,368635.64389,0
1702250100000,7.276,7.303,7.222,7.285,81608.69,1702250999999,592079.83438,1771,42294.12,306664.20127,0
1702251000000,7.288,7.317,7.255,7.315,54960.04,1702251899999,400569.59809,1420,29096.99,212042.36659,0
1702251900000,7.312,7.362,7.304,7.348,119797.15,1702252799999,878482.40761,2599,72166.94,529339.61968,0
1702252800000,7.348,7.361,7.255,7.255,128113.23,1702253699999,937733.01124,2461,47474.94,347449.75699,0
1702253700000,7.255,7.26,7.212,7.221,108038.22,1702254599999,781852.07788,2054,46881.54,339310.00323,0
1702254600000,7.221,7.241,7.211,7.213,47182.82,1702255499999,340864.15745,977,24163.89,174568.60664,0
1702255500000,7.214,7.241,7.178,7.186,112551.78,1702256399999,810533.58208,1851,38768.93,279191.14544,0
1702256400000,7.188,7.188,7.079,7.132,191573.34,1702257299999,1364881.00535,4749,78226.54,557350.44188,0
1702257300000,7.133,7.175,7.113,7.163,56027.62,1702258199999,400167.20543,1735,27140.58,193860.32295,0
1702258200000,7.163,7.224,7.163,7.22,66271.74,1702259099999,476692.22621,1868,32665.33,234908.72878,0
1702259100000,7.221,7.23,7.2,7.206,49576.95,1702259999999,357632.92981,1166,25453.25,183591.57944,0
1702260000000,7.207,7.215,6.285,6.554,833797.15,1702260899999,5607096.14752,20298,280335.45,1887711.58584,0
1702260900000,6.55,6.75,6.512,6.743,633907.72,1702261799999,4217971.49196,20291,327207.48,2177369.3973,0
1702261800000,6.742,6.771,6.624,6.675,246945.76,1702262699999,1658870.23021,8689,123430.57,829183.86614,0
1702262700000,6.677,6.74,6.619,6.717,279111.74,1702263599999,1863622.42618,7548,125683.7,839731.48769,0
1702263600000,6.721,6.8,6.704,6.797,144545.65,1702264499999,976956.15323,3876,75840.03,512750.73937,0
1702264500000,6.797,6.81,6.75,6.81,128874.94,1702265399999,874323.26189,2841,62343.47,422903.0551,0
1702265400000,6.808,6.871,6.791,6.867,151520.67,1702266299999,1034983.31423,3626,77961.81,532570.4141,0
1702266300000,6.865,6.883,6.827,6.843,190898.06,1702267199999,1308962.55475,3886,92613.23,635073.89506,0
1702267200000,6.843,6.913,6.823,6.876,159468.35,1702268099999,1096424.79606,3343,81471.88,560306.34134,0
1702268100000,6.876,6.911,6.8,6.833,125212.82,1702268999999,857652.48095,2615,55893.33,382791.91362,0
1702269000000,6.833,6.846,6.801,6.81,93532.21,1702269899999,637937.20018,2049,40187.23,274076.92738,0
1702269900000,6.812,6.881,6.805,6.85,65665.7,1702270799999,449798.92782,1567,33384.97,228671.02032,0
1702270800000,6.847,6.874,6.833,6.85,95460.17,1702271699999,654277.67224,1711,62376.22,427527.76256,0
1702271700000,6.849,6.862,6.742,6.772,130735.17,1702272599999,889118.01658,3000,56873.89,386579.70719,0
1702272600000,6.773,6.803,6.747,6.756,162859.18,1702273499999,1103499.02211,2952,91136.66,617727.04134,0
1702273500000,6.756,6.81,6.735,6.798,140348.93,1702274399999,951895.33408,2673,62261.47,422206.07123,0
1702274400000,6.797,6.798,6.744,6.746,75074.44,1702275299999,508336.15275,1567,25820.24,174813.04028,0
1702275300000,6.746,6.765,6.666,6.71,184804.96,1702276199999,1239196.39289,4183,87234.0,584865.15849,0
1702276200000,6.71,6.714,6.625,6.681,284737.15,1702277099999,1901754.06111,4943,100438.28,670891.1295,0
1702277100000,6.681,6.748,6.64,6.748,146957.34,1702277999999,983570.19528,3119,79536.08,532168.33578,0
1702278000000,6.748,6.797,6.746,6.788,95682.79,1702278899999,647597.48329,2279,61081.26,413319.07735,0
1702278900000,6.788,6.805,6.689,6.692,132154.15,1702279799999,890790.62313,2471,62021.38,418183.23411,0
1702279800000,6.691,6.714,6.665,6.671,76184.87,1702280699999,509516.5144,1945,32591.31,218026.41409,0
1702280700000,6.669,6.702,6.654,6.661,71008.07,1702281599999,473644.44941,1932,31366.6,209303.26707,0
1702281600000,6.66,6.685,6.607,6.64,158959.77,1702282499999,1056655.93175,3058,77493.46,514994.80333,0
1702282500000,6.641,6.657,6.598,6.624,168161.28,1702283399999,1113959.05036,3074,71010.89,470418.36338,0
1702283400000,6.625,6.665,6.604,6.653,112157.76,1702284299999,743871.97454,2528,53189.62,352758.42905,0
1702284300000,6.653,6.702,6.652,6.694,103976.56,1702285199999,695079.44059,2284,61027.27,407968.86975,0
1702285200000,6.694,6.724,6.681,6.723,96007.38,1702286099999,643382.03954,1854,52598.18,352603.48127,0
1702286100000,6.723,6.739,6.705,6.72,74329.43,1702286999999,499927.85996,1546,33888.66,227937.72703,0
1702287000000,6.72,6.749,6.712,6.748,75983.81,1702287899999,511653.9418,1420,47567.83,320351.40208,0
1702287900000,6.749,6.751,6.688,6.701,71827.77,1702288799999,481830.0003,1407,27363.87,183499.86563,0
1702288800000,6.699,6.73,6.694,6.71,119885.69,1702289699999,804787.61856,1842,66136.36,443935.28414,0
1702289700000,6.709,6.709,6.675,6.678,84282.89,1702290599999,564063.60742,1447,39786.33,266239.30019,0
1702290600000,6.678,6.702,6.677,6.692,45122.12,1702291499999,301874.91727,937,28189.86,188593.17753,0
1702291500000,6.691,6.724,6.69,6.71,74347.34,1702292399999,498671.02345,1220,38962.94,261360.43234,0
1702292400000,6.709,6.749,6.704,6.746,74030.24,1702293299999,497909.80874,1086,40947.63,275444.32458,0
1702293300000,6.747,6.757,6.698,6.711,84138.4,1702294199999,566389.75216,1527,32994.24,222099.5492,0
1702294200000,6.711,6.738,6.685,6.726,72083.52,1702295099999,483659.77439,1399,35807.24,240347.36076,0
1702295100000,6.725,6.759,6.716,6.758,58336.84,1702295999999,392915.17639,1004,29864.24,201239.22025,0
1702296000000,6.756,6.775,6.743,6.772,124436.33,1702296899999,841138.66876,2187,67997.36,459613.88094,0
1702296900000,6.771,6.802,6.768,6.796,174939.52,1702297799999,1187588.30066,2727,102156.66,693464.53524,0
1702297800000,6.797,6.816,6.764,6.771,123807.17,1702298699999,840544.10264,2185,58404.85,396524.82727,0
1702298700000,6.77,6.77,6.715,6.719,98016.1,1702299599999,660891.14656,1777,39085.65,263382.05826,0
1702299600000,6.718,6.748,6.717,6.745,60347.54,1702300499999,406057.67928,1031,26008.54,174986.97506,0
1702300500000,6.744,6.744,6.683,6.689,80505.06,1702301399999,539949.90029,2054,36061.02,241943.3235,0
1702301400000,6.69,6.7,6.633,6.642,133842.08,1702302299999,891969.35623,2599,52277.54,348389.01642,0
1702302300000,6.641,6.696,6.572,6.666,213171.4,1702303199999,1414832.01068,4661,93747.68,622133.81785,0
1702303200000,6.668,6.709,6.647,6.671,128029.33,1702304099999,855420.43153,2624,60047.6,401156.60984,0
1702304100000,6.668,6.683,6.582,6.618,137769.75,1702304999999,913981.95149,3192,59965.99,397932.97744,0
1702305000000,6.617,6.661,6.576,6.625,156460.81,1702305899999,1035603.86658,3254,76783.89,508496.22289,0
1702305900000,6.625,6.699,6.61,6.623,127535.67,1702306799999,848341.08572,2759,54634.01,363441.51616,0
1702306800000,6.623,6.683,6.607,6.673,98428.32,1702307699999,653169.8214,2303,49864.23,330844.94767,0
1702307700000,6.676,6.711,6.649,6.678,107196.58,1702308599999,716256.59256,2000,50847.69,340004.22897,0
1702308600000,6.68,6.697,6.641,6.641,88724.94,1702309499999,592284.45274,1798,31786.39,212267.53063,0
1702309500000,6.641,6.694,6.609,6.683,99212.18,1702310399999,661301.08531,2431,58050.35,387081.30943,0
1702310400000,6.684,6.689,6.635,6.674,108359.69,1702311299999,721806.31605,2516,44884.46,298821.29564,0
1702311300000,6.675,6.736,6.628,6.733,167694.72,1702312199999,1117985.74451,3551,85842.55,572400.91431,0
1702312200000,6.734,6.734,6.656,6.714,114881.5,1702313099999,769157.36472,2753,58970.46,394766.21787,0
1702313100000,6.713,6.725,6.679,6.724,82409.55,1702313999999,552317.78656,2138,45047.65,302019.98514,0
1702314000000,6.724,6.724,6.651,6.658,136073.53,1702314899999,908497.21086,1777,40054.22,267351.46333,0
1702314900000,6.658,6.661,6.601,6.64,123784.55,1702315799999,820595.03122,2562,55294.18,366551.7166,0
1702315800000,6.641,6.641,6.601,6.619,62842.03,1702316699999,416069.12565,1336,35306.04,233855.60433,0
1702316700000,6.616,6.639,6.551,6.57,102426.23,1702317599999,676166.54114,2035,46092.72,304378.62037,0
1702317600000,6.571,6.596,6.5,6.511,248071.19,1702318499999,1624197.56031,6908,104264.03,682982.9437,0
1702318500000,6.512,6.558,6.41,6.44,336103.52,1702319399999,2177396.25255,10978,126743.32,821824.50911,0
1702319400000,6.441,6.499,6.397,6.474,240019.45,1702320299999,1549433.08376,5467,122614.75,792463.44079,0
1702320300000,6.474,6.528,6.463,6.515,131841.83,1702321199999,857933.12362,2507,60253.55,392338.05902,0
1702321200000,6.516,6.539,6.472,6.474,103956.13,1702322099999,675572.94148,2194,36115.37,234819.29837,0
1702322100000,6.475,6.495,6.413,6.429,159802.93,1702322999999,1029357.28059,3848,83340.64,536904.26945,0
1702323000000,6.432,6.463,6.395,6.452,152633.86,1702323899999,981631.73766,3252,78973.29,508116.83044,0
1702323900000,6.453,6.58,6.45,6.524,157842.6,1702324799999,1026779.31797,3374,89272.61,580800.56219,0
1702324800000,6.523,6.544,6.489,6.519,110401.77,1702325699999,719202.23822,1766,66770.99,434954.98553,0
1702325700000,6.518,6.542,6.496,6.528,91773.63,1702326599999,598138.04829,1580,45951.0,299568.71557,0
1702326600000,6.528,6.536,6.5,6.536,43654.32,1702327499999,284519.26157,969,22037.55,143654.19366,0
1702327500000,6.534,6.587,6.532,6.584,72318.64,1702328399999,474809.69305,1650,45905.94,301363.17012,0
1702328400000,6.583,6.648,6.579,6.644,126528.65,1702329299999,836796.27022,2279,56808.06,375874.54368,0
1702329300000,6.644,6.669,6.623,6.661,112465.07,1702330199999,748285.97287,2381,45693.57,304051.89796,0
1702330200000,6.662,6.692,6.653,6.686,53320.31,1702331099999,356001.85531,1306,24945.64,166517.50281,0
1702331100000,6.687,6.732,6.669,6.726,82664.47,1702331999999,554117.44848,2081,41602.32,278946.30091,0
1702332000000,6.728,6.738,6.676,6.694,74661.93,1702332899999,500832.8855,1708,32434.56,217670.97958,0
1702332900000,6.695,6.717,6.685,6.702,60554.08,1702333799999,405532.91317,1020,27660.96,185264.86328,0
1702333800000,6.702,6.757,6.689,6.751,110216.85,1702334699999,741756.93841,1711,85777.85,577526.79062,0
1702334700000,6.752,6.765,6.713,6.732,68256.14,1702335599999,460559.99095,1616,33809.33,228177.01579,0
1702335600000,6.732,6.747,6.71,6.736,51272.82,1702336499999,344894.92451,933,24246.67,163122.98682,0
1702336500000,6.734,6.742,6.711,6.727,57875.26,1702337399999,389252.08808,903,37147.03,249852.48284,0
1702337400000,6.727,6.743,6.716,6.734,22926.8,1702338299999,154281.38689,517,12113.56,81521.50906,0
1702338300000,6.734,6.734,6.695,6.709,48883.85,1702339199999,327884.96936,684,25880.64,173621.08629,0
1702339200000,6.706,6.742,6.696,6.714,62554.64,1702340099999,420040.26062,1098,27444.77,184251.64765,0
1702340100000,6.713,6.791,6.709,6.762,62531.28,1702340999999,422992.99818,1886,28617.12,193716.69478,0
1702341000000,6.763,6.782,6.734,6.759,93363.07,1702341899999,631120.45985,2013,58993.18,398665.35568,0
1702341900000,6.76,6.769,6.742,6.751,56555.26,1702342799999,382056.73706,1292,28628.53,193422.94975,0
1702342800000,6.752,6.791,6.735,6.791,38999.64,1702343699999,263794.73357,943,21659.72,146562.6732,0
1702343700000,6.792,6.807,6.78,6.805,65141.21,1702344599999,442416.22483,1317,36070.82,245044.61859,0
1702344600000,6.805,6.846,6.795,6.806,122584.31,1702345499999,836829.1489,2812,56090.04,382927.30971,0
1702345500000,6.806,6.815,6.783,6.796,44104.06,1702346399999,299861.44916,1051,20928.57,142295.73442,0
1702346400000,6.797,6.893,6.797,6.888,95197.98,1702347299999,651164.72509,2232,59405.84,406242.12512,0
1702347300000,6.887,6.904,6.844,6.868,97788.65,1702348199999,672338.44461,2367,43700.69,300557.86349,0
1702348200000,6.868,6.896,6.852,6.871,105284.29,1702349099999,723900.47402,1993,55649.65,382574.26491,0
1702349100000,6.873,6.901,6.851,6.887,136718.32,1702349999999,940539.99696,2109,46856.69,322254.02131,0
1702350000000,6.887,7.036,6.886,7.032,209488.05,1702350899999,1456910.66076,4828,120805.32,841071.66764,0
1702350900000,7.033,7.037,6.917,6.937,228836.22,1702351799999,1592464.82201,5196,96779.16,673586.37891,0
1702351800000,6.938,6.95,6.904,6.931,76652.42,1702352699999,530680.48327,1578,39585.33,274044.19133,0
1702352700000,6.931,6.943,6.893,6.909,100652.12,1702353599999,696556.9754,1455,53119.47,367541.60375,0
1702353600000,6.909,6.926,6.885,6.902,86766.09,1702354499999,599067.45111,1371,43647.38,301356.47716,0
1702354500000,6.901,6.905,6.859,6.877,73950.96,1702355399999,508687.42343,1173,34301.69,235956.73641,0
1702355400000,6.877,6.901,6.862,6.865,75854.53,1702356299999,522110.69936,1333,33197.07,228488.40373,0
1702356300000,6.864,6.895,6.863,6.877,56207.77,1702357199999,386429.10514,1200,25275.85,173778.38034,0
1702357200000,6.876,6.927,6.876,6.914,115974.12,1702358099999,801238.18396,2053,68653.48,474317.35957,0
1702358100000,6.913,6.981,6.911,6.981,84518.64,1702358999999,587063.65779,1555,50473.63,350370.41844,0
1702359000000,6.981,7.018,6.969,7.015,81862.04,1702359899999,571988.96458,2110,48118.3,336240.83013,0
1702359900000,7.015,7.04,6.98,6.987,369303.84,1702360799999,2587238.51323,6386,224355.86,1572127.44207,0
1702360800000,6.987,7.002,6.935,6.948,417970.86,1702361699999,2911496.39773,5692,161742.3,1126837.13767,0
1702361700000,6.948,6.963,6.923,6.936,118118.27,1702362599999,820258.84415,2294,52004.63,361227.98501,0
1702362600000,6.935,6.957,6.926,6.949,79542.97,1702363499999,552314.87375,1522,40195.51,279087.64443,0
1702363500000,6.949,6.963,6.935,6.943,168531.68,1702364399999,1170499.08485,1767,72368.84,502572.82337,0
1702364400000,6.945,6.961,6.931,6.953,484560.76,1702365299999,3365628.88053,4374,237421.58,1649440.57647,0
1702365300000,6.953,7.116,6.951,7.097,312634.95,1702366199999,2200811.72003,6238,177194.65,1246832.50755,0
1702366200000,7.097,7.216,7.08,7.203,324388.83,1702367099999,2320994.08984,8042,172626.79,1235107.99053,0
1702367100000,7.202,7.284,7.183,7.254,221877.31,1702367999999,1605200.07231,5279,111098.57,804004.16265,0
1702368000000,7.254,7.293,7.19,7.21,367591.45,1702368899999,2660080.53581,7506,157400.26,1138995.47736,0
1702368900000,7.209,7.211,7.134,7.145,153821.5,1702369799999,1103329.76146,3472,65946.96,472956.50138,0
1702369800000,7.146,7.147,7.101,7.116,123363.95,1702370699999,878076.01935,2780,49243.31,350602.74984,0
1702370700000,7.115,7.178,7.109,7.171,119718.83,1702371599999,856189.95997,2294,69568.15,497419.23611,0
1702371600000,7.171,7.171,7.089,7.097,129863.69,1702372499999,924876.59497,2438,45991.58,327599.40923,0
1702372500000,7.097,7.161,7.097,7.142,103211.19,1702373399999,736372.1648,1906,60458.42,431393.88209,0
1702373400000,7.141,7.141,7.073,7.087,133141.22,1702374299999,946160.97602,2633,60786.34,432072.1754,0
1702374300000,7.087,7.128,7.085,7.093,80586.43,1702375199999,572833.29008,1617,42688.13,303456.0604,0
1702375200000,7.092,7.137,7.091,7.121,91865.64,1702376099999,653628.83642,1364,45087.52,320709.78415,0
1702376100000,7.122,7.141,7.093,7.125,80509.36,1702376999999,572955.74006,1412,44138.3,314166.85143,0
1702377000000,7.125,7.168,7.122,7.167,121518.35,1702377899999,868806.87821,1898,66374.97,474605.33128,0
1702377900000,7.168,7.214,7.161,7.209,78662.93,1702378799999,565484.83187,2193,49501.06,355850.14913,0
1702378800000,7.207,7.226,7.165,7.165,135815.03,1702379699999,977023.6117,2019,74114.27,533284.12426,0
1702379700000,7.165,7.209,7.165,7.19,84515.85,1702380599999,607546.40289,1417,43608.68,313474.5726,0
1702380600000,7.19,7.19,7.109,7.119,130846.83,1702381499999,934790.04175,2673,41348.14,295574.97514,0
1702381500000,7.122,7.177,7.12,7.141,84734.52,1702382399999,605703.28644,2107,33008.29,235910.35327,0
1702382400000,7.141,7.164,7.114,7.136,125787.46,1702383299999,899096.25022,2291,54953.76,392781.05145,0
1702383300000,7.136,7.232,7.136,7.206,119947.93,1702384199999,863192.18278,2890,58461.36,420473.56441,0
1702384200000,7.207,7.222,7.154,7.185,247437.69,1702385099999,1777926.60393,3746,104960.11,754467.53561,0
1702385100000,7.186,7.231,7.186,7.23,127550.92,1702385999999,920867.41916,2862,60997.96,440346.91731,0
1702386000000,7.23,7.296,7.212,7.284,215424.23,1702386899999,1563598.97495,4652,134771.57,978542.0179,0
1702386900000,7.283,7.286,7.149,7.192,295013.36,1702387799999,2125724.25147,7518,143558.27,1033929.83032,0
1702387800000,7.192,7.266,7.152,7.24,256259.25,1702388699999,1851394.72888,6070,132487.72,957318.55584,0
1702388700000,7.242,7.288,7.182,7.202,236352.75,1702389599999,1706669.64423,4753,78480.29,567708.86325,0
1702389600000,7.203,7.262,7.187,7.207,164681.97,1702390499999,1189947.31326,4389,102610.27,741289.87355,0
1702390500000,7.208,7.353,7.208,7.294,314057.13,1702391399999,2289894.9893,7337,193635.83,1412687.67302,0
1702391400000,7.295,7.311,7.193,7.197,228716.17,1702392299999,1655657.34787,4992,83476.91,604653.26658,0
1702392300000,7.197,7.218,7.107,7.167,240593.96,1702393199999,1725073.44346,5979,96532.86,692604.94869,0
1702393200000,7.168,7.223,7.146,7.175,103190.64,1702394099999,741539.10858,3076,57833.85,415638.98716,0
1702394100000,7.173,7.184,7.026,7.056,278051.66,1702394999999,1970793.83641,8237,113028.97,801105.08531,0
1702395000000,7.056,7.23,7.052,7.183,183745.42,1702395899999,1317743.75304,5242,94233.13,675544.74528,0
1702395900000,7.182,7.191,7.102,7.14,112650.37,1702396799999,804363.3867,2933,54362.35,388162.48744,0
1702396800000,7.141,7.174,7.073,7.104,131343.84,1702397699999,934520.05194,3260,66264.77,471584.75079,0
1702397700000,7.105,7.125,7.049,7.087,92029.95,1702398599999,651989.89012,2693,35903.88,254489.3501,0
1702398600000,7.086,7.1,7.006,7.027,130901.92,1702399499999,922382.38039,3423,54606.43,384975.6721,0
1702399500000,7.03,7.048,6.988,7.024,148882.19,1702400399999,1044317.74921,3699,83473.64,585743.6263,0
1702400400000,7.024,7.025,6.934,6.956,143163.61,1702401299999,997695.79772,4124,52144.94,363615.23336,0
1702401300000,6.956,7.008,6.9,6.9,130010.68,1702402199999,902632.61466,4671,61176.32,424905.28125,0
1702402200000,6.902,6.941,6.865,6.891,165139.42,1702403099999,1138904.08593,4840,76424.29,527096.23849,0
1702403100000,6.892,6.898,6.83,6.833,102659.08,1702403999999,704899.98883,2996,37275.85,255907.84931,0
1702404000000,6.833,6.971,6.826,6.971,202766.01,1702404899999,1400693.93824,3703,129728.67,896893.90525,0
1702404900000,6.97,7.106,6.961,7.096,212942.43,1702405799999,1499336.57249,4490,98032.28,690139.29563,0
1702405800000,7.098,7.101,7.054,7.08,92813.24,1702406699999,657388.5666,1968,41202.51,291876.1864,0
1702406700000,7.08,7.15,7.08,7.143,114721.41,1702407599999,817300.58809,2708,56159.39,400210.93447,0
1702407600000,7.144,7.165,7.111,7.152,117184.89,1702408499999,836414.90797,2382,49719.55,354827.22644,0
1702408500000,7.152,7.153,7.008,7.03,95580.45,1702409399999,676522.65328,2728,42836.96,303356.1527,0
1702409400000,7.03,7.094,7.019,7.065,98773.93,1702410299999,698179.05289,1900,42810.87,302321.99851,0
1702410300000,7.063,7.073,7.02,7.047,84963.62,1702411199999,598323.80187,1945,43288.99,304845.87816,0
1702411200000,7.046,7.093,7.038,7.079,85309.06,1702412099999,603956.04069,1575,32712.51,231507.72775,0
1702412100000,7.078,7.091,6.981,7.01,201357.64,1702412999999,1414709.85144,3432,95277.51,669474.84285,0
1702413000000,7.011,7.087,6.985,7.036,129749.44,1702413899999,913655.31056,2832,61861.06,435815.37268,0
1702413900000,7.036,7.102,7.027,7.056,195526.8,1702414799999,1381128.38978,3792,103449.79,730405.59386,0
1702414800000,7.054,7.114,7.051,7.112,32270.6,1702415699999,228785.01416,1280,18457.5,130846.76099,0
1702415700000,7.114,7.118,7.052,7.059,104580.37,1702416599999,740276.78036,2001,51709.68,365950.93931,0
1702416600000,7.056,7.058,7.009,7.02,53833.88,1702417499999,378883.46433,1105,20553.92,144599.39411,0
1702417500000,7.019,7.023,6.916,6.918,129487.19,1702418399999,899638.50295,2792,60092.7,417330.27098,0
1702418400000,6.918,6.96,6.886,6.95,87989.46,1702419299999,609160.47734,2092,41361.18,286447.70259,0
1702419300000,6.951,6.952,6.902,6.923,87643.98,1702420199999,607446.65753,1847,45624.62,316215.48255,0
1702420200000,6.924,6.988,6.922,6.952,76977.35,1702421099999,535865.28834,1533,39973.25,278265.71628,0
1702421100000,6.953,6.98,6.927,6.95,30828.67,1702421999999,214343.13404,792,16594.95,115276.40581,0
1702422000000,6.95,7.051,6.936,7.046,71356.57,1702422899999,499523.42221,1639,38381.95,268759.99516,0
1702422900000,7.05,7.115,7.035,7.109,108650.97,1702423799999,768927.40497,2421,49443.96,349940.75648,0
1702423800000,7.111,7.13,7.078,7.123,104283.09,1702424699999,740958.65936,2193,59971.42,426284.68016,0
1702424700000,7.122,7.136,7.093,7.131,108550.86,1702425599999,772740.34453,2321,47147.15,335387.26261,0
1702425600000,7.133,7.221,7.094,7.221,259810.52,1702426499999,1861507.13125,5520,147571.71,1057991.90662,0
1702426500000,7.222,7.225,7.129,7.168,144832.39,1702427399999,1040056.31999,3826,57597.41,413691.59876,0
1702427400000,7.169,7.228,7.14,7.218,169267.03,1702428299999,1218593.1912,5018,84852.21,610978.11286,0
1702428300000,7.218,7.248,7.147,7.16,132484.83,1702429199999,954758.38526,4022,68163.92,491381.41205,0
1702429200000,7.16,7.164,7.05,7.05,232516.21,1702430099999,1651540.92619,4581,93515.16,664357.20711,0
1702430100000,7.05,7.058,6.905,6.913,214558.59,1702430999999,1498775.84551,5504,82112.16,573507.81264,0
1702431000000,6.912,6.989,6.906,6.92,88871.72,1702431899999,616553.43933,2535,48274.23,335010.48993,0
1702431900000,6.919,6.923,6.822,6.824,130196.47,1702432799999,894298.72848,4001,57600.16,395871.22307,0
1702432800000,6.824,6.9,6.796,6.856,212405.83,1702433699999,1454203.01534,5787,107209.41,734684.15582,0
1702433700000,6.854,6.886,6.724,6.814,265469.8,1702434599999,1804927.11516,8498,130773.02,889126.68429,0
1702434600000,6.814,6.846,6.793,6.827,129137.4,1702435499999,880463.4347,2652,61491.02,419306.05291,0
1702435500000,6.827,6.849,6.785,6.845,70304.64,1702436399999,478789.9845,1626,32768.13,223258.14189,0
1702436400000,6.846,6.869,6.816,6.841,67001.89,1702437299999,458401.02371,1406,36970.63,252900.61282,0
1702437300000,6.84,6.852,6.772,6.809,59390.45,1702438199999,404701.34151,1455,27396.41,186745.60424,0
1702438200000,6.809,6.885,6.801,6.855,75790.12,1702439099999,519368.48616,1950,35845.96,245678.70485,0
1702439100000,6.855,6.868,6.756,6.776,152263.49,1702439999999,1035508.60889,2824,82362.96,559958.71808,0
1702440000000,6.774,6.808,6.727,6.748,118544.61,1702440899999,802729.84364,2968,52852.9,357968.6657,0
1702440900000,6.748,6.788,6.725,6.787,129578.54,1702441799999,876646.08221,2591,46845.31,316986.24185,0
1702441800000,6.786,6.83,6.786,6.82,55793.7,1702442699999,379967.15519,1338,29482.9,200778.05253,0
1702442700000,6.822,6.852,6.821,6.849,42590.18,1702443599999,291276.5502,934,24114.38,164954.36361,0
1702443600000,6.849,6.85,6.759,6.778,54756.14,1702444499999,372711.28789,1137,18847.22,128195.89743,0
1702444500000,6.779,6.82,6.763,6.808,40480.68,1702445399999,274868.42436,869,22043.29,149658.9237,0
1702445400000,6.809,6.814,6.781,6.801,54097.45,1702446299999,367658.73588,964,27099.21,184152.26115,0
1702446300000,6.802,6.815,6.777,6.799,38614.89,1702447199999,262279.12041,878,22609.94,153540.64592,0
1702447200000,6.798,6.809,6.782,6.802,33796.57,1702448099999,229636.9328,736,18201.6,123645.89525,0
1702448100000,6.802,6.816,6.774,6.781,46399.73,1702448999999,315475.16559,800,24578.06,167140.38772,0
1702449000000,6.781,6.793,6.725,6.727,102082.29,1702449899999,690095.68295,1769,53523.44,361916.22993,0
1702449900000,6.728,6.734,6.635,6.652,258484.71,1702450799999,1727080.15109,5606,112252.05,749829.09104,0
1702450800000,6.651,6.771,6.613,6.756,200900.07,1702451699999,1346170.86734,4461,109199.68,731761.19605,0
1702451700000,6.757,6.786,6.735,6.773,63584.02,1702452599999,430183.19025,1323,31849.49,215513.61874,0
1702452600000,6.773,6.809,6.768,6.803,67030.15,1702453499999,454782.16555,1122,33142.11,224853.7653,0
1702453500000,6.803,6.811,6.755,6.768,73099.63,1702454399999,495702.21761,1223,32502.83,220454.07711,0
1702454400000,6.769,6.822,6.755,6.813,63148.91,1702455299999,428823.81464,1296,35603.2,241865.65494,0
1702455300000,6.812,6.824,6.802,6.819,68237.66,1702456199999,464878.57163,919,33414.9,227630.00366,0
1702456200000,6.819,6.863,6.816,6.854,86153.22,1702457099999,589776.46299,1726,49320.12,337557.16858,0
1702457100000,6.855,6.87,6.829,6.865,70996.51,1702457999999,486645.218,1387,37554.69,257430.50682,0
1702458000000,6.865,6.865,6.82,6.833,81235.26,1702458899999,555180.00615,1115,38655.85,264165.08716,0
1702458900000,6.832,6.834,6.795,6.816,64524.58,1702459799999,439669.09805,1165,26350.72,179552.24383,0
1702459800000,6.815,6.828,6.78,6.804,58826.87,1702460699999,400408.94243,1319,30511.79,207745.49081,0
1702460700000,6.805,6.827,6.8,6.804,24754.62,1702461599999,168658.69959,740,10981.62,74818.56087,0
1702461600000,6.804,6.812,6.777,6.809,68251.66,1702462499999,463779.16696,1047,33225.1,225803.95819,0
1702462500000,6.809,6.812,6.749,6.766,59047.17,1702463399999,400570.35206,1211,22648.48,153608.14661,0
1702463400000,6.762,6.787,6.749,6.757,57374.07,1702464299999,388208.94728,1016,30257.39,204717.1023,0
1702464300000,6.757,6.79,6.742,6.79,53503.86,1702465199999,362007.70357,1079,35184.42,238145.49579,0
1702465200000,6.789,6.824,6.786,6.805,94267.68,1702466099999,641689.09329,1286,39711.44,270349.53931,0
1702466100000,6.804,6.828,6.803,6.813,53563.36,1702466999999,364936.74725,788,28779.03,196060.01533,0
1702467000000,6.815,6.822,6.775,6.778,41657.4,1702467899999,283134.50592,667,20393.04,138676.86391,0
1702467900000,6.778,6.79,6.746,6.755,64875.84,1702468799999,439116.02201,1165,34189.7,231371.93005,0
1702468800000,6.754,6.792,6.736,6.786,67346.45,1702469699999,455376.06055,1175,30358.11,205266.28651,0
1702469700000,6.787,6.826,6.787,6.812,51469.02,1702470599999,350462.44041,1007,29567.19,201357.71501,0
1702470600000,6.811,6.827,6.79,6.811,47923.58,1702471499999,326593.2156,869,24976.15,170199.29881,0
1702471500000,6.811,6.82,6.79,6.817,52860.46,1702472399999,359887.76981,697,29817.55,203010.13966,0
1702472400000,6.817,6.87,6.808,6.869,79422.79,1702473299999,543021.40912,1478,45039.66,308038.45111,0
1702473300000,6.868,6.916,6.854,6.908,105030.04,1702474199999,723186.86533,1845,57513.81,396072.05787,0
1702474200000,6.908,6.994,6.907,6.984,169465.38,1702475099999,1178126.29996,3362,86572.59,601686.42287,0
1702475100000,6.984,6.998,6.928,6.983,156154.86,1702475999999,1089580.48621,2866,78075.55,544838.84615,0
1702476000000,6.982,7.061,6.954,6.988,290051.93,1702476899999,2034080.17592,7318,180084.83,1263402.00655,0
1702476900000,6.989,6.999,6.913,6.931,122891.58,1702477799999,853823.1935,2635,58636.86,407410.81201,0
1702477800000,6.931,6.958,6.911,6.926,64519.94,1702478699999,447345.63792,1252,31912.0,221260.25356,0
1702478700000,6.926,6.949,6.913,6.913,46932.66,1702479599999,325209.06481,877,25060.6,173625.60464,0
1702479600000,6.914,7.043,6.912,7.026,152514.01,1702480499999,1066082.79553,3271,92996.4,649534.74,0
1702480500000,7.028,7.06,7.011,7.021,121943.12,1702481399999,858020.54998,2493,56550.82,397955.89641,0
1702481400000,7.021,7.074,7.013,7.059,115578.8,1702482299999,814639.84754,2494,69317.74,488596.1347,0
1702482300000,7.06,7.075,7.031,7.045,102032.37,1702483199999,719900.47022,2102,65367.28,461254.34616,0
1702483200000,7.046,7.061,7.004,7.053,93986.12,1702484099999,661296.86663,1967,50755.42,357291.78863,0
1702484100000,7.052,7.055,6.966,6.991,80873.08,1702484999999,566209.69187,1660,42249.37,295773.75667,0
1702485000000,6.991,6.994,6.92,6.942,91570.5,1702485899999,637181.99619,2085,44977.1,312931.72459,0
1702485900000,6.943,6.979,6.936,6.968,72394.14,1702486799999,504228.08356,1568,42683.77,297306.16156,0
1702486800000,6.965,6.989,6.939,6.98,78153.97,1702487699999,544075.30759,1249,41807.06,291047.24044,0
1702487700000,6.979,6.996,6.964,6.971,48263.61,1702488599999,336942.92737,858,21811.18,152266.89331,0
1702488600000,6.971,6.98,6.939,6.95,101229.82,1702489499999,704347.22922,1553,61905.37,430746.11685,0
1702489500000,6.952,6.981,6.947,6.978,43434.78,1702490399999,302440.4241,746,24779.5,172559.98237,0
1702490400000,6.975,7.027,6.964,7.018,89618.89,1702491299999,626868.64956,1570,44059.16,308261.55769,0
1702491300000,7.018,7.067,6.999,7.005,266006.31,1702492199999,1871205.58519,4390,140542.27,988472.50168,0
1702492200000,7.007,7.03,6.972,7.021,194382.43,1702493099999,1361617.96629,3125,103038.8,721797.86893,0
1702493100000,7.021,7.036,6.999,7.008,43355.97,1702493999999,304209.05118,1036,21617.16,151662.76315,0
1702494000000,7.009,7.131,7.008,7.113,176811.63,1702494899999,1252805.24581,3940,105862.67,749686.03232,0
1702494900000,7.115,7.197,7.082,7.195,141896.99,1702495799999,1011911.22675,3687,84673.81,603999.86362,0
1702495800000,7.195,7.266,7.17,7.252,247522.14,1702496699999,1790002.89241,5006,131664.04,951987.35204,0
1702496700000,7.254,7.295,7.252,7.273,165884.87,1702497599999,1207529.49267,2869,84828.58,617548.42357,0
1702497600000,7.274,7.353,7.234,7.24,220274.83,1702498499999,1604647.41772,4519,136344.46,994427.11094,0
1702498500000,7.238,7.278,7.229,7.259,122799.83,1702499399999,891342.19365,1980,60120.71,436493.44539,0
1702499400000,7.26,7.316,7.255,7.307,92786.97,1702500299999,676823.28346,1585,51572.83,376097.35046,0
1702500300000,7.307,7.392,7.296,7.382,180305.26,1702501199999,1323287.56796,3202,122016.01,895426.72794,0
1702501200000,7.381,7.385,7.317,7.335,162284.26,1702502099999,1192186.93745,2962,79348.43,582839.52004,0
1702502100000,7.333,7.497,7.297,7.358,417764.43,1702502999999,3075354.2586,7666,246266.65,1813828.31276,0
1702503000000,7.357,7.383,7.311,7.335,104159.67,1702503899999,764828.08977,1861,53379.38,392073.051,0
1702503900000,7.333,7.428,7.323,7.402,163561.76,1702504799999,1207786.48706,3188,87155.24,643702.44423,0
1702504800000,7.401,7.5,7.401,7.493,170703.13,1702505699999,1272513.9595,3894,106841.55,796331.21102,0
1702505700000,7.494,7.514,7.46,7.509,199440.62,1702506599999,1493146.85071,3450,117147.17,877283.26565,0
1702506600000,7.51,7.51,7.427,7.464,157804.99,1702507499999,1177413.65419,2937,85425.22,637434.10037,0
1702507500000,7.465,7.57,7.453,7.462,308463.61,1702508399999,2319555.98585,5418,139049.42,1046844.15045,0
1702508400000,7.463,7.523,7.463,7.515,167286.55,1702509299999,1254198.81029,2432,109636.21,821924.18088,0
1702509300000,7.514,7.553,7.479,7.543,108900.71,1702510199999,817780.3235,2044,64551.46,484639.78438,0
1702510200000,7.543,7.548,7.476,7.476,100063.88,1702511099999,752703.80139,1977,48817.64,367180.79704,0
1702511100000,7.475,7.648,7.471,7.603,311288.78,1702511999999,2362412.94688,7072,168066.43,1275480.18086,0
1702512000000,7.602,7.634,7.553,7.566,189924.23,1702512899999,1439343.25795,3829,96891.76,734455.75986,0
1702512900000,7.562,7.57,7.464,7.493,250852.18,1702513799999,1884845.4912,4533,104138.0,782430.34348,0
1702513800000,7.495,7.559,7.466,7.47,143066.81,1702514699999,1075001.92433,3356,70350.16,528708.92869,0
1702514700000,7.47,7.532,7.467,7.494,159929.63,1702515599999,1199160.93855,3007,68163.73,510960.21785,0
1702515600000,7.496,7.559,7.484,7.532,252319.15,1702516499999,1900699.63158,3310,123117.91,927690.4877,0
1702516500000,7.535,7.54,7.477,7.528,136153.98,1702517399999,1022007.28943,2414,70763.28,531200.04296,0
1702517400000,7.53,7.556,7.511,7.533,74344.84,1702518299999,559997.80044,1581,45790.85,344977.24007,0
1702518300000,7.535,7.568,7.528,7.551,90398.69,1702519199999,682435.33543,1812,54782.93,413601.51862,0
1702519200000,7.551,7.556,7.48,7.502,290231.85,1702520099999,2181801.90966,5069,148894.99,1119388.78276,0
1702520100000,7.503,7.601,7.449,7.513,332365.98,1702520999999,2492542.05254,5109,191138.52,1433826.88153,0
1702521000000,7.512,7.513,7.455,7.468,80362.8,1702521899999,601943.0429,1701,24506.37,183462.86938,0
1702521900000,7.469,7.49,7.451,7.479,87045.88,1702522799999,650050.20122,1737,39839.35,297465.84963,0
1702522800000,7.479,7.502,7.446,7.449,54740.75,1702523699999,409198.14063,1171,22807.72,170485.78005,0
1702523700000,7.45,7.456,7.385,7.399,125524.09,1702524599999,930905.20484,2626,37674.61,279484.36061,0
1702524600000,7.4,7.421,7.322,7.383,286313.33,1702525499999,2113047.13652,4199,107788.01,795427.54268,0
1702525500000,7.384,7.459,7.382,7.43,78226.68,1702526399999,580995.13619,2107,47186.0,350372.54885,0
1702526400000,7.431,7.442,7.41,7.43,66918.21,1702527299999,497060.62669,1163,34018.12,252651.32469,0
1702527300000,7.428,7.446,7.394,7.414,96471.61,1702528199999,715914.16673,1646,47102.11,349714.34814,0
1702528200000,7.414,7.426,7.382,7.412,52250.7,1702529099999,386873.05643,1316,31795.79,235541.29003,0
1702529100000,7.411,7.411,7.362,7.369,124571.89,1702529999999,919353.46655,2086,35704.55,263654.39059,0
1702530000000,7.373,7.39,7.367,7.385,35448.05,1702530899999,261573.06905,874,20498.34,151256.45288,0
1702530900000,7.386,7.44,7.383,7.421,44331.69,1702531799999,328276.35052,970,27231.27,201604.80713,0
1702531800000,7.421,7.423,7.372,7.377,51862.01,1702532699999,383704.5373,1419,21052.38,155701.70491,0
1702532700000,7.377,7.391,7.359,7.385,44882.78,1702533599999,330904.93643,1238,26946.48,198653.96705,0
1702533600000,7.384,7.388,7.356,7.383,63294.87,1702534499999,466583.89344,1557,30692.8,226252.08179,0
1702534500000,7.382,7.477,7.375,7.454,139717.56,1702535399999,1038244.28815,3963,91954.44,683381.79712,0
1702535400000,7.453,7.462,7.432,7.436,84849.49,1702536299999,631870.23037,1600,37529.81,279577.17826,0
1702536300000,7.437,7.459,7.419,7.43,51760.19,1702537199999,385016.83621,1251,28267.12,210255.99065,0
1702537200000,7.426,7.446,7.365,7.369,56060.5,1702538099999,414435.26814,1418,26404.87,195193.94859,0
1702538100000,7.369,7.377,7.348,7.366,111747.63,1702538999999,822907.30493,1853,59255.39,436415.0765,0
1702539000000,7.366,7.398,7.358,7.389,52239.38,1702539899999,385580.34818,1369,31388.87,231721.85564,0
1702539900000,7.388,7.42,7.363,7.41,49016.84,1702540799999,362265.06529,1387,26424.41,195347.55025,0
1702540800000,7.41,7.419,7.36,7.371,73022.27,1702541699999,538994.09886,1774,38217.71,282113.54871,0
1702541700000,7.371,7.404,7.368,7.403,56627.2,1702542599999,418595.82433,1259,30525.27,225674.57609,0
1702542600000,7.403,7.409,7.379,7.38,35335.2,1702543499999,261172.03129,896,20245.87,149649.75449,0
1702543500000,7.38,7.385,7.288,7.31,174473.62,1702544399999,1277349.25955,3606,72250.57,529011.66064,0
1702544400000,7.309,7.323,7.285,7.296,68518.41,1702545299999,500703.41778,1476,26537.63,193926.06287,0
1702545300000,7.296,7.309,7.27,7.291,96703.43,1702546199999,705061.1325,1797,43454.66,316743.08787,0
1702546200000,7.292,7.342,7.272,7.337,70081.6,1702547099999,512132.94522,1597,48584.62,355132.10474,0
1702547100000,7.337,7.337,7.305,7.321,40490.32,1702547999999,296295.3977,1124,22692.92,166013.82646,0
1702548000000,7.321,7.341,7.294,7.302,155421.53,1702548899999,1136979.26315,2000,61186.6,447812.86682,0
1702548900000,7.302,7.358,7.293,7.357,49694.0,1702549799999,363887.56678,1014,28305.51,207238.14737,0
1702549800000,7.357,7.358,7.305,7.331,84727.68,1702550699999,620515.80407,1612,35035.63,256656.95498,0
1702550700000,7.332,7.362,7.331,7.361,63561.51,1702551599999,466492.11133,1256,32801.04,240788.86713,0
1702551600000,7.36,7.426,7.356,7.421,141591.97,1702552499999,1045031.62012,2372,76500.98,564661.16355,0
1702552500000,7.422,7.454,7.392,7.437,156805.22,1702553399999,1163803.60169,2373,90478.64,671965.74461,0
1702553400000,7.438,7.484,7.432,7.478,115061.93,1702554299999,857507.95767,2356,62940.59,469129.74185,0
1702554300000,7.478,7.566,7.469,7.54,199115.0,1702555199999,1499605.72288,5448,89199.98,671949.81322,0
1702555200000,7.538,7.577,7.454,7.467,140478.08,1702556099999,1055738.37094,4108,67664.49,508634.36119,0
1702556100000,7.465,7.466,7.409,7.416,115382.87,1702556999999,857942.07066,2602,38766.62,288438.15176,0
1702557000000,7.417,7.44,7.402,7.419,118110.55,1702557899999,876356.87503,1785,63556.75,471538.20699,0
1702557900000,7.418,7.441,7.385,7.405,107377.4,1702558799999,795474.13421,1994,56832.94,421043.53396,0
1702558800000,7.406,7.407,7.293,7.293,238472.15,1702559699999,1750029.13703,4119,65384.64,480175.2555,0
1702559700000,7.294,7.343,7.168,7.212,309148.64,1702560599999,2250684.12806,8409,132882.34,967864.79569,0
1702560600000,7.207,7.245,6.955,7.244,639953.05,1702561499999,4565454.86563,18863,343090.0,2448428.57207,0
1702561500000,7.245,7.298,7.2,7.287,169382.74,1702562399999,1228105.15863,4568,95061.99,689503.19867,0
1702562400000,7.289,7.289,7.22,7.234,88092.15,1702563299999,638535.65941,2094,43296.41,313747.09213,0
1702563300000,7.234,7.335,7.208,7.31,91923.44,1702564199999,670314.7139,2662,44185.55,322289.66893,0
1702564200000,7.309,7.334,7.238,7.248,161292.9,1702565099999,1176589.08242,3043,66547.45,485600.81691,0
1702565100000,7.247,7.277,7.237,7.265,60047.31,1702565999999,435998.22476,1131,37203.79,270187.75138,0
1702566000000,7.264,7.289,7.238,7.241,57561.28,1702566899999,418235.17085,1186,27540.6,200096.19319,0
1702566900000,7.241,7.248,7.198,7.216,98584.77,1702567799999,711872.1259,2112,47892.69,345879.87347,0
1702567800000,7.217,7.254,7.205,7.253,69686.34,1702568699999,503651.11974,1430,34082.39,246373.76359,0
1702568700000,7.254,7.284,7.243,7.262,62114.57,1702569599999,451301.13376,1215,35434.97,257496.1745,0
1702569600000,7.262,7.329,7.262,7.304,74472.83,1702570499999,543268.22315,1417,40700.23,296748.86969,0
1702570500000,7.304,7.34,7.292,7.294,84206.87,1702571399999,615406.90146,1348,36628.53,267794.38006,0
1702571400000,7.294,7.323,7.267,7.308,49493.15,1702572299999,361024.85861,1173,27437.81,200167.70476,0
1702572300000,7.307,7.307,7.275,7.28,44275.01,1702573199999,322564.59056,979,22658.1,165091.5092,0
1702573200000,7.277,7.33,7.275,7.312,51314.29,1702574099999,375145.36079,992,25388.4,185518.24995,0
1702574100000,7.313,7.317,7.273,7.295,59299.45,1702574999999,432341.4216,1139,29407.33,214438.32698,0
1702575000000,7.292,7.62,7.288,7.588,1376502.68,1702575899999,10294880.13222,23116,555759.15,4151760.18074,0
1702575900000,7.588,7.592,7.359,7.396,309379.68,1702576799999,2303647.14447,10361,174727.69,1300748.8691,0
1702576800000,7.395,7.453,7.335,7.341,219448.11,1702577699999,1622697.84055,4275,99873.57,738686.12647,0
1702577700000,7.341,7.373,7.33,7.338,63322.8,1702578599999,465445.65786,1523,35163.94,258555.61884,0
1702578600000,7.338,7.409,7.338,7.408,60467.6,1702579499999,446104.48813,1362,33560.88,247543.35582,0
1702579500000,7.409,7.409,7.317,7.331,327401.7,1702580399999,2408289.64707,6049,169064.45,1243629.24644,0
1702580400000,7.329,7.366,7.329,7.355,59634.45,1702581299999,438586.00563,1087,36315.51,267093.70161,0
1702581300000,7.355,7.388,7.355,7.377,27279.93,1702582199999,201053.29024,649,12839.24,94623.76013,0
1702582200000,7.376,7.391,7.362,7.372,41384.95,1702583099999,305214.80778,826,18866.64,139141.82064,0
1702583100000,7.371,7.427,7.37,7.4,98274.25,1702583999999,727579.9186,1882,50819.39,376156.32757,0
1702584000000,7.399,7.41,7.369,7.37,36659.61,1702584899999,270781.57422,879,18028.39,133158.54467,0
1702584900000,7.373,7.381,7.348,7.356,121259.22,1702585799999,892026.0156,2013,55977.52,411824.56987,0
1702585800000,7.356,7.378,7.351,7.361,39742.94,1702586699999,292856.31343,684,19538.69,143947.41115,0
1702586700000,7.362,7.395,7.362,7.395,32066.98,1702587599999,236445.29198,783,16703.26,123165.3507,0
1702587600000,7.394,7.4,7.376,7.393,34547.7,1702588499999,255344.53654,672,17359.68,128285.93347,0
1702588500000,7.396,7.432,7.396,7.42,73586.84,1702589399999,545478.86428,1018,44862.2,332451.73895,0
1702589400000,7.42,7.447,7.417,7.442,56190.5,1702590299999,417417.18437,1102,33158.76,246365.43819,0
1702590300000,7.441,7.55,7.429,7.541,228183.46,1702591199999,1707852.58382,5251,119939.11,897442.97688,0
1702591200000,7.541,7.593,7.517,7.575,160009.65,1702592099999,1209339.19813,4776,91380.98,690710.9098,0
1702592100000,7.572,7.657,7.569,7.654,246697.56,1702592999999,1877282.33826,4456,142071.47,1081189.69284,0
1702593000000,7.655,7.769,7.654,7.693,369579.54,1702593899999,2849535.44117,10984,207484.71,1599583.3866,0
1702593900000,7.693,7.696,7.572,7.574,157828.33,1702594799999,1202974.97716,3682,68994.19,525612.52345,0
1702594800000,7.575,7.598,7.519,7.522,111482.23,1702595699999,842999.03234,2322,48521.14,367099.70365,0
1702595700000,7.523,7.544,7.503,7.508,103423.16,1702596599999,778071.64516,2323,51609.83,388375.25162,0
1702596600000,7.509,7.559,7.504,7.528,63025.1,1702597499999,474869.7974,1592,36063.7,271685.58054,0
1702597500000,7.529,7.543,7.501,7.507,35238.94,1702598399999,264992.9078,786,16789.64,126281.71497,0
1702598400000,7.508,7.561,7.484,7.55,114931.47,1702599299999,864806.71654,2271,63200.22,475394.94876,0
1702599300000,7.551,7.564,7.521,7.557,108973.04,1702600199999,821779.15378,2125,55159.95,415928.6504,0
1702600200000,7.556,7.558,7.47,7.492,103239.24,1702601099999,773977.87373,2371,46715.65,350094.70935,0
1702601100000,7.495,7.533,7.474,7.49,103315.43,1702601999999,774935.51565,1908,49856.14,374003.25295,0
1702602000000,7.491,7.506,7.47,7.487,47433.6,1702602899999,355298.32755,1016,22888.14,171393.94006,0
1702602900000,7.488,7.559,7.486,7.554,63436.81,1702603799999,477893.75462,1413,38116.44,287155.40379,0
1702603800000,7.55,7.558,7.502,7.506,126576.22,1702604699999,952915.74863,2085,56295.39,423763.27004,0
1702604700000,7.507,7.541,7.502,7.538,36856.05,1702605599999,277077.34511,746,20412.27,153443.02972,0
1702605600000,7.539,7.548,7.488,7.504,69279.04,1702606499999,520121.0203,1134,22250.24,167169.13624,0
1702606500000,7.504,7.544,7.477,7.486,173736.76,1702607399999,1303517.37491,2349,74086.9,555787.37088,0
1702607400000,7.488,7.501,7.475,7.487,37067.31,1702608299999,277476.53665,672,20608.28,154237.43503,0
1702608300000,7.486,7.51,7.459,7.46,125330.9,1702609199999,936887.55294,1880,54655.17,408684.33834,0
1702609200000,7.461,7.495,7.42,7.445,189496.05,1702610099999,1413695.25808,2935,83540.22,623278.5729,0
1702610100000,7.444,7.475,7.409,7.466,79374.86,1702610999999,590828.99457,1619,29228.15,217569.71974,0
1702611000000,7.467,7.474,7.437,7.444,75329.23,1702611899999,561579.67131,1221,26015.86,193945.96806,0
1702611900000,7.445,7.467,7.419,7.437,170400.25,1702612799999,1267620.34113,2360,70936.86,527817.87145,0
1702612800000,7.438,7.457,7.415,7.426,78917.74,1702613699999,586482.76062,1534,35543.0,264111.70368,0
1702613700000,7.426,7.426,7.388,7.393,50531.45,1702614599999,374027.04503,1214,20830.66,154148.30321,0
1702614600000,7.393,7.401,7.345,7.359,254054.46,1702615499999,1871622.67611,3091,113432.28,835266.24766,0
1702615500000,7.359,7.395,7.343,7.374,96825.35,1702616399999,713347.42383,1882,61490.38,453072.64003,0
1702616400000,7.374,7.386,7.346,7.351,44866.59,1702617299999,330437.93315,820,18113.92,133368.6775,0
1702617300000,7.35,7.356,7.316,7.323,131143.82,1702618199999,962134.5417,1939,39567.75,290256.18894,0
1702618200000,7.323,7.323,7.305,7.309,87408.28,1702619099999,639129.23333,1385,35998.29,263266.26259,0
1702619100000,7.308,7.322,7.282,7.287,90520.99,1702619999999,661159.95162,1434,25887.0,189053.14246,0
1702620000000,7.287,7.307,7.268,7.277,76515.39,1702620899999,557351.41752,1481,40090.22,292007.12502,0
1702620900000,7.278,7.324,7.278,7.321,52597.11,1702621799999,383975.96589,940,34632.37,252873.08852,0
1702621800000,7.321,7.331,7.282,7.283,90432.0,1702622699999,661556.00515,1376,36114.16,264172.43146,0
1702622700000,7.284,7.292,7.252,7.26,89830.5,1702623599999,653305.38101,1849,40347.02,293559.48222,0
1702623600000,7.261,7.263,7.228,7.242,136211.07,1702624499999,986317.35467,2493,46782.33,338841.74092,0
1702624500000,7.242,7.285,7.235,7.278,51047.29,1702625399999,370706.04492,1136,26524.21,192613.54183,0
1702625400000,7.279,7.28,7.234,7.24,52373.78,1702626299999,379569.36483,1248,22197.59,160899.49574,0
1702626300000,7.239,7.243,7.175,7.208,197938.51,1702627199999,1425733.18712,3926,77426.65,557827.27436,0
1702627200000,7.208,7.24,7.17,7.187,129968.51,1702628099999,936660.1132,2096,68211.7,491735.06536,0
1702628100000,7.189,7.229,7.186,7.223,82062.32,1702628999999,591851.76684,1352,45260.34,326328.32022,0
1702629000000,7.223,7.233,7.208,7.222,77869.89,1702629899999,562376.28706,1758,42829.38,309326.80836,0
1702629900000,7.221,7.272,7.221,7.269,118369.63,1702630799999,858830.53486,2248,80146.27,581470.86564,0
1702630800000,7.269,7.318,7.25,7.314,169264.18,1702631699999,1232962.62846,2157,96018.76,699574.17925,0
1702631700000,7.314,7.327,7.293,7.317,79140.82,1702632599999,578546.63111,1424,35378.2,258675.20583,0
1702632600000,7.316,7.327,7.302,7.313,97720.37,1702633499999,714619.38295,1959,45811.48,335021.32882,0
1702633500000,7.311,7.323,7.28,7.293,39462.66,1702634399999,288098.43503,1227,22262.83,162522.63386,0
1702634400000,7.293,7.305,7.269,7.279,43695.77,1702635299999,318188.24384,877,23471.42,170952.75539,0
1702635300000,7.278,7.316,7.273,7.316,63914.55,1702636199999,465963.88951,1088,32017.24,233469.68479,0
1702636200000,7.316,7.321,7.276,7.314,72221.42,1702637099999,527736.38274,1366,32110.67,234612.73154,0
1702637100000,7.315,7.332,7.3,7.329,30128.45,1702637999999,220495.03666,931,18908.68,138391.03326,0
1702638000000,7.328,7.367,7.314,7.344,85611.62,1702638899999,628643.82045,1755,45072.85,330952.39179,0
1702638900000,7.345,7.358,7.315,7.32,68301.75,1702639799999,501182.54428,1439,40096.91,294225.17241,0
1702639800000,7.322,7.343,7.296,7.338,50135.82,1702640699999,366884.65844,1275,24707.56,180825.73162,0
1702640700000,7.337,7.348,7.301,7.318,46508.97,1702641599999,340622.43289,1071,20364.07,149229.89681,0
1702641600000,7.319,7.329,7.235,7.243,57264.95,1702642499999,416716.81535,1480,23154.95,168500.95775,0
1702642500000,7.241,7.283,7.222,7.279,52574.53,1702643399999,381580.05129,1248,28293.68,205315.76577,0
1702643400000,7.281,7.302,7.255,7.256,105351.3,1702644299999,766148.11673,1450,49433.08,359407.00135,0
1702644300000,7.255,7.26,7.23,7.232,50261.03,1702645199999,364222.78303,1043,23544.43,170590.00059,0
1702645200000,7.233,7.265,7.187,7.257,135835.62,1702646099999,981271.02973,2048,58171.62,420169.39925,0
1702646100000,7.257,7.271,7.21,7.212,43282.68,1702646999999,313634.50815,934,16443.97,119246.24255,0
1702647000000,7.212,7.233,7.164,7.184,110949.32,1702647899999,798045.8742,2136,47702.95,343080.97816,0
1702647900000,7.183,7.211,7.165,7.204,84844.87,1702648799999,610145.10754,1882,43936.5,315975.94626,0
1702648800000,7.204,7.244,7.197,7.243,56305.37,1702649699999,406546.65115,1018,27196.9,196381.6953,0
1702649700000,7.241,7.241,7.17,7.188,74096.67,1702650599999,533617.27054,1083,27066.78,194843.05263,0
1702650600000,7.19,7.199,7.143,7.177,91953.27,1702651499999,659352.62531,1788,32507.67,233235.83448,0
1702651500000,7.174,7.186,7.152,7.161,373941.77,1702652399999,2677867.60832,3149,245785.7,1759952.72907,0
1702652400000,7.161,7.195,7.091,7.1,598911.06,1702653299999,4272885.97194,7652,336710.44,2403016.891,0
1702653300000,7.1,7.119,7.05,7.092,403425.9,1702654199999,2859254.15441,5405,249012.78,1765252.59203,0
1702654200000,7.091,7.099,7.023,7.068,242286.09,1702655099999,1711677.05594,3752,139082.14,982689.33048,0
1702655100000,7.067,7.104,7.053,7.097,91639.11,1702655999999,649025.36077,2219,52404.76,371229.03292,0
1702656000000,7.096,7.12,7.069,7.085,108353.26,1702656899999,768511.45553,2289,43358.96,307596.46927,0
1702656900000,7.084,7.163,7.068,7.157,109340.74,1702657799999,780555.14393,2334,59833.51,427232.78065,0
1702657800000,7.157,7.158,7.12,7.122,57592.91,1702658699999,411083.49199,1831,25023.67,178624.71949,0
1702658700000,7.122,7.124,7.072,7.105,56535.21,1702659599999,401131.50049,1585,23954.0,170007.26523,0
1702659600000,7.105,7.137,7.103,7.137,73457.12,1702660499999,522933.74314,1043,49516.57,352576.80797,0
1702660500000,7.136,7.15,7.119,7.129,52092.71,1702661399999,371562.0828,996,21925.51,156424.48682,0
1702661400000,7.13,7.137,7.1,7.107,47619.18,1702662299999,338894.65843,1157,18205.04,129572.28811,0
1702662300000,7.108,7.12,7.08,7.082,52597.72,1702663199999,373104.67008,1166,13640.11,96800.30955,0
1702663200000,7.08,7.102,7.077,7.094,16946.39,1702664099999,120174.8539,595,8664.68,61437.95943,0
1702664100000,7.092,7.15,7.088,7.14,37454.76,1702664999999,266852.51798,885,20311.75,144633.79169,0
1702665000000,7.139,7.143,7.119,7.137,27282.15,1702665899999,194596.89898,890,16590.69,118360.68299,0
1702665900000,7.136,7.183,7.129,7.176,72744.65,1702666799999,520956.6118,1556,50710.76,363308.29533,0
1702666800000,7.176,7.183,7.147,7.151,31753.68,1702667699999,227445.59501,819,10876.66,77914.68521,0
1702667700000,7.151,7.185,7.15,7.176,43982.65,1702668599999,315188.47537,817,26143.11,187372.12662,0
1702668600000,7.176,7.191,7.13,7.133,196048.65,1702669499999,1404467.93971,2259,80758.62,578276.29869,0
1702669500000,7.133,7.156,7.033,7.057,822642.82,1702670399999,5818680.43355,10647,490345.89,3467533.54073,0
1702670400000,7.057,7.075,7.03,7.05,304402.26,1702671299999,2146445.56565,3385,155871.84,1098817.14274,0
1702671300000,7.051,7.075,7.026,7.045,216587.74,1702672199999,1526054.13527,3120,130803.66,921374.1267,0
1702672200000,7.047,7.051,7.02,7.04,57626.82,1702673099999,405406.37766,1481,25800.92,181519.12056,0
1702673100000,7.04,7.076,7.035,7.064,80865.09,1702673999999,570859.73986,1717,42936.63,303114.06659,0
1702674000000,7.064,7.077,7.06,7.066,53440.18,1702674899999,377710.64726,1046,18529.77,130950.77232,0
1702674900000,7.067,7.074,7.051,7.062,52606.96,1702675799999,371510.55387,1167,29755.91,210130.95589,0
1702675800000,7.062,7.074,7.04,7.063,39989.0,1702676699999,282325.9885,1258,18647.75,131693.67734,0
1702676700000,7.062,7.078,7.03,7.039,91249.77,1702677599999,643761.07015,1820,35689.29,251862.47151,0
1702677600000,7.038,7.066,7.0,7.004,291034.43,1702678499999,2042446.47166,3959,117999.86,828597.48337,0
1702678500000,7.004,7.013,6.934,6.947,144285.38,1702679399999,1006869.4046,3688,70026.0,488891.1353,0
1702679400000,6.947,6.994,6.935,6.993,105957.03,1702680299999,738036.32521,1927,66443.28,462467.57072,0
1702680300000,6.994,7.063,6.994,7.003,120959.17,1702681199999,850243.24753,3158,73888.25,519262.57498,0
1702681200000,7.002,7.039,6.994,7.026,52633.55,1702682099999,369606.32132,1088,32411.05,227611.17408,0
1702682100000,7.025,7.027,6.926,6.957,101811.58,1702682999999,709324.07305,2581,48584.89,338599.90267,0
1702683000000,6.957,6.975,6.943,6.955,60729.73,1702683899999,422671.18215,1628,31758.99,221041.21668,0
1702683900000,6.955,6.977,6.93,6.951,82990.76,1702684799999,576618.09549,1429,57246.61,397667.57455,0
1702684800000,6.951,7.031,6.941,7.022,81872.19,1702685699999,572926.7311,1729,46776.63,327429.33627,0
1702685700000,7.024,7.03,6.95,6.961,133236.1,1702686599999,931570.93811,2040,61281.94,428717.21497,0
1702686600000,6.96,6.972,6.859,6.91,227850.57,1702687499999,1573594.49665,4930,92080.27,636005.55372,0
1702687500000,6.909,6.981,6.906,6.969,52545.72,1702688399999,365589.35268,1395,22973.57,159774.02568,0
1702688400000,6.966,7.035,6.963,7.018,64525.06,1702689299999,451975.19823,1560,36752.21,257417.89168,0
1702689300000,7.018,7.039,7.008,7.033,70397.77,1702690199999,494607.09435,1381,29901.41,210105.38407,0
1702690200000,7.033,7.038,7.014,7.028,48725.34,1702691099999,342230.16192,925,30515.25,214328.50572,0
1702691100000,7.028,7.038,6.995,7.003,50882.89,1702691999999,357281.39151,1077,24229.67,170190.74849,0
1702692000000,7.004,7.042,7.003,7.026,58965.57,1702692899999,413831.78918,1096,39885.29,279901.03165,0
1702692900000,7.026,7.034,6.997,7.021,46724.72,1702693799999,327827.07238,891,20281.38,142345.94107,0
1702693800000,7.018,7.033,7.01,7.031,45048.69,1702694699999,316358.77156,1022,19856.32,139443.31808,0
1702694700000,7.03,7.045,7.016,7.041,22003.58,1702695599999,154714.44951,730,14257.07,100248.4898,0
1702695600000,7.041,7.051,7.031,7.045,21083.49,1702696499999,148477.40639,598,9768.98,68808.89198,0
1702696500000,7.046,7.059,7.034,7.058,44923.01,1702697399999,316612.97011,653,18810.04,132558.53874,0
1702697400000,7.058,7.062,7.041,7.047,63376.51,1702698299999,446724.74693,974,22990.02,162023.33399,0
1702698300000,7.046,7.09,7.046,7.085,56547.91,1702699199999,399904.5203,1289,32106.0,226951.23581,0
1702699200000,7.085,7.094,7.06,7.081,45608.4,1702700099999,322946.01211,912,21920.68,155231.06197,0
1702700100000,7.081,7.107,7.077,7.106,49367.46,1702700999999,350274.32554,977,26823.63,190303.8605,0
1702701000000,7.107,7.115,7.085,7.1,32725.54,1702701899999,232318.86222,1042,16334.95,115967.54672,0
1702701900000,7.097,7.144,7.095,7.139,54387.74,1702702799999,387281.32446,1370,26820.48,191033.74138,0
1702702800000,7.138,7.142,7.107,7.123,39301.32,1702703699999,280022.61576,876,17311.93,123374.29729,0
1702703700000,7.123,7.146,7.112,7.144,34196.97,1702704599999,243848.25676,623,14067.9,100306.92951,0
1702704600000,7.145,7.157,7.129,7.129,74477.36,1702705499999,532350.80784,1159,29645.76,211887.77554,0
1702705500000,7.129,7.15,7.128,7.145,42824.31,1702706399999,305632.80697,683,21325.08,152193.25926,0
1702706400000,7.146,7.166,7.13,7.138,44364.17,1702707299999,317219.45551,857,21652.64,154850.70431,0
1702707300000,7.138,7.142,7.079,7.099,53731.25,1702708199999,382283.0972,1278,20562.77,146292.83842,0
1702708200000,7.1,7.118,7.081,7.098,29464.32,1702709099999,209200.34932,722,14493.46,102908.33502,0
1702709100000,7.098,7.113,7.088,7.102,35138.61,1702709999999,249485.97745,529,18717.58,132897.44397,0
1702710000000,7.106,7.11,7.091,7.105,24884.0,1702710899999,176703.59739,462,11356.39,80642.68532,0
1702710900000,7.105,7.107,7.074,7.085,32178.31,1702711799999,227971.04238,553,13445.85,95266.48626,0
1702711800000,7.087,7.105,7.08,7.097,23685.65,1702712699999,168070.16204,546,11900.06,84447.38636,0
1702712700000,7.097,7.1,7.09,7.093,16850.09,1702713599999,119547.10297,408,5789.35,41078.4357,0
1702713600000,7.093,7.127,7.09,7.114,31547.97,1702714499999,224283.67941,649,22472.35,159741.0131,0
1702714500000,7.113,7.138,7.11,7.135,42151.87,1702715399999,300392.86459,658,24512.51,174657.1104,0
1702715400000,7.133,7.135,7.095,7.121,69031.89,1702716299999,491046.63419,921,21004.24,149371.87731,0
1702716300000,7.12,7.143,7.104,7.137,28292.44,1702717199999,201572.10591,591,13157.36,93759.77469,0
1702717200000,7.137,7.18,7.137,7.171,49780.85,1702718099999,356519.42061,1136,26206.94,187759.14074,0
1702718100000,7.17,7.179,7.151,7.166,23461.11,1702718999999,168078.24977,630,11081.91,79397.84533,0
1702719000000,7.167,7.171,7.15,7.155,26061.67,1702719899999,186568.51877,515,14735.93,105477.93468,0
1702719900000,7.153,7.161,7.145,7.149,23738.94,1702720799999,169768.65508,455,9835.83,70337.43814,0
1702720800000,7.149,7.16,7.123,7.129,40996.56,1702721699999,292688.02923,774,24314.72,173589.9563,0
1702721700000,7.13,7.131,7.113,7.116,48691.62,1702722599999,346857.28988,699,27321.03,194604.4193,0
1702722600000,7.116,7.136,7.107,7.132,27682.76,1702723499999,197233.72001,546,14040.55,100015.77144,0
1702723500000,7.132,7.135,7.118,7.131,11961.9,1702724399999,85264.8865,344,3734.79,26620.74951,0
1702724400000,7.132,7.139,7.108,7.111,30492.22,1702725299999,217253.35289,446,12729.09,90727.65772,0
1702725300000,7.11,7.14,7.108,7.132,43507.27,1702726199999,310239.19516,629,14993.66,106881.37853,0
1702726200000,7.133,7.162,7.13,7.152,21118.57,1702727099999,150989.52974,652,12996.68,92919.19974,0
1702727100000,7.152,7.194,7.144,7.192,68507.18,1702727999999,491101.33235,1233,48072.94,344626.8676,0
1702728000000,7.192,7.195,7.162,7.163,54657.4,1702728899999,392379.24663,1001,23758.75,170595.60962,0
1702728900000,7.165,7.177,7.152,7.161,42654.78,1702729799999,305556.31199,792,15609.82,111834.63052,0
1702729800000,7.163,7.289,7.153,7.28,282377.18,1702730699999,2043943.73116,4629,175552.55,1269102.96336,0
1702730700000,7.278,7.305,7.276,7.293,141105.96,1702731599999,1028999.05788,2298,69509.94,506900.95908,0
1702731600000,7.294,7.322,7.28,7.314,124953.54,1702732499999,912020.67959,1756,77837.44,568294.03256,0
1702732500000,7.315,7.316,7.246,7.25,107027.5,1702733399999,778516.23021,2049,38006.61,276456.88708,0
1702733400000,7.25,7.268,7.2,7.247,95085.22,1702734299999,687097.21809,2098,39700.07,286837.3825,0
1702734300000,7.247,7.279,7.242,7.256,46319.09,1702735199999,336280.51027,909,23092.58,167663.77845,0
1702735200000,7.257,7.265,7.23,7.235,38099.71,1702736099999,276155.02008,804,14789.62,107167.25627,0
1702736100000,7.235,7.235,7.197,7.206,39633.05,1702736999999,285997.63276,925,16434.99,118599.50657,0
1702737000000,7.206,7.208,7.176,7.198,68716.18,1702737899999,494087.03139,1229,28055.56,201755.83972,0
1702737900000,7.199,7.217,7.18,7.212,73221.07,1702738799999,527054.08002,886,48672.32,350423.56479,0
1702738800000,7.214,7.225,7.19,7.195,39563.63,1702739699999,285432.65908,652,17425.7,125713.29465,0
1702739700000,7.197,7.202,7.173,7.192,52124.47,1702740599999,374610.88384,870,23422.09,168356.03227,0
1702740600000,7.192,7.261,7.184,7.239,83336.49,1702741499999,602187.95108,1417,47477.11,343140.12089,0
1702741500000,7.239,7.292,7.227,7.275,119676.27,1702742399999,869684.42406,1793,63861.06,464268.61766,0
1702742400000,7.276,7.277,7.243,7.249,86250.74,1702743299999,626167.57144,1149,44629.74,323997.04906,0
1702743300000,7.247,7.293,7.246,7.293,58097.8,1702744199999,422059.93028,794,30367.92,220635.83795,0
1702744200000,7.293,7.336,7.265,7.333,151062.2,1702745099999,1103033.01104,2186,62323.73,454822.94915,0
1702745100000,7.333,7.333,7.278,7.29,66908.47,1702745999999,488504.69771,1298,36634.19,267455.49954,0
1702746000000,7.292,7.309,7.247,7.252,59391.72,1702746899999,432103.4211,1229,23199.18,168870.03243,0
1702746900000,7.252,7.341,7.25,7.323,90941.32,1702747799999,665335.60026,1653,57194.32,418475.8547,0
1702747800000,7.322,7.337,7.279,7.323,93037.08,1702748699999,679939.96386,1531,38532.25,281859.91591,0
1702748700000,7.322,7.352,7.2,7.251,300360.86,1702749599999,2187238.78596,5128,117307.47,854619.03103,0
1702749600000,7.25,7.25,7.156,7.156,153444.84,1702750499999,1104317.56082,2819,62477.58,449563.99649,0
1702750500000,7.157,7.195,7.114,7.154,200790.9,1702751399999,1436529.63606,3387,90118.63,645197.67897,0
1702751400000,7.156,7.182,7.139,7.14,73865.93,1702752299999,529123.11994,1331,25434.74,182241.32532,0
1702752300000,7.14,7.166,7.114,7.16,79943.24,1702753199999,571146.27615,1224,47428.6,338856.49012,0
1702753200000,7.16,7.188,7.091,7.116,103650.41,1702754099999,739566.62896,2202,45108.53,322148.92123,0
1702754100000,7.117,7.151,7.1,7.124,46323.75,1702754999999,330222.78184,1233,24040.26,171380.89426,0
1702755000000,7.124,7.126,7.043,7.05,134332.87,1702755899999,949357.23105,2905,52485.66,370895.45,0
1702755900000,7.048,7.084,7.047,7.058,123356.01,1702756799999,871346.80363,1646,46301.91,327069.56321,0
1702756800000,7.058,7.109,7.055,7.099,46077.04,1702757699999,326595.24269,1174,25535.29,180915.69528,0
1702757700000,7.099,7.104,7.072,7.09,60215.39,1702758599999,426712.81187,863,26368.43,186870.47837,0
1702758600000,7.089,7.106,7.067,7.071,36930.85,1702759499999,261844.1228,737,21007.91,148944.98816,0
1702759500000,7.07,7.078,7.031,7.064,60780.15,1702760399999,428644.30915,1186,29936.68,211204.34979,0
1702760400000,7.063,7.082,7.037,7.067,49645.44,1702761299999,350569.43955,938,25588.16,180706.92608,0
1702761300000,7.069,7.086,7.047,7.06,63631.24,1702762199999,449420.64962,941,33471.46,236393.87104,0
1702762200000,7.061,7.088,7.046,7.047,41702.32,1702763099999,294895.62322,802,20867.95,147606.17039,0
1702763100000,7.048,7.062,7.036,7.054,49611.33,1702763999999,349728.2256,760,29784.02,209950.31811,0
1702764000000,7.052,7.072,7.001,7.068,97848.22,1702764899999,688189.71223,1767,44119.39,310579.16029,0
1702764900000,7.069,7.091,7.051,7.063,57318.66,1702765799999,405373.95206,861,43327.92,306467.07745,0
1702765800000,7.065,7.079,7.042,7.078,49084.05,1702766699999,346528.76004,710,29989.74,211721.47579,0
1702766700000,7.078,7.115,7.066,7.105,75262.27,1702767599999,534026.58049,1075,52161.08,370049.17578,0
1702767600000,7.106,7.111,7.036,7.041,55150.88,1702768499999,390465.58574,1003,32759.48,231954.77686,0
1702768500000,7.037,7.086,7.037,7.074,64639.89,1702769399999,457020.52732,904,47545.91,336174.65867,0
1702769400000,7.072,7.09,7.066,7.074,98619.29,1702770299999,697991.20253,1022,29209.73,206699.65191,0
1702770300000,7.074,7.104,7.074,7.092,72000.76,1702771199999,509957.37364,979,24374.37,172660.3593,0
1702771200000,7.092,7.116,7.091,7.116,52662.3,1702772099999,374211.10459,970,27518.98,195523.95244,0
1702772100000,7.116,7.143,7.107,7.141,43951.05,1702772999999,313366.96494,1198,23575.02,168069.5586,0
1702773000000,7.141,7.159,7.138,7.152,114337.74,1702773899999,816605.47148,1685,29349.35,209688.35942,0
1702773900000,7.153,7.163,7.096,7.098,59348.43,1702774799999,423454.48933,1258,29608.88,211272.80467,0
1702774800000,7.1,7.143,7.074,7.132,71399.51,1702775699999,507075.15191,1317,37200.33,264470.91206,0
1702775700000,7.131,7.135,7.1,7.1,26896.53,1702776599999,191381.92347,539,9128.17,64971.0397,0
1702776600000,7.1,7.1,7.01,7.032,126441.16,1702777499999,890533.72836,2181,65311.18,459916.73374,0
1702777500000,7.033,7.086,7.019,7.083,57145.71,1702778399999,402671.90209,1330,29703.5,209409.44002,0
1702778400000,7.083,7.127,7.06,7.114,47587.83,1702779299999,337374.97897,1188,21565.08,152932.95412,0
1702779300000,7.115,7.12,7.083,7.095,19928.62,1702780199999,141612.8949,563,9329.54,66301.45545,0
1702780200000,7.094,7.101,7.056,7.058,47622.14,1702781099999,336670.14859,952,20187.64,142662.90774,0
1702781100000,7.058,7.078,7.05,7.055,26771.89,1702781999999,189016.22951,694,14295.98,100912.44426,0
1702782000000,7.055,7.075,7.023,7.047,33119.63,1702782899999,233392.81786,830,14014.42,98744.85554,0
1702782900000,7.044,7.083,7.037,7.082,20005.07,1702783799999,141262.0899,552,8974.35,63376.03645,0
1702783800000,7.083,7.084,7.063,7.072,18822.19,1702784699999,133085.87288,485,6074.66,42954.21779,0
1702784700000,7.075,7.085,7.066,7.077,25873.63,1702785599999,183089.80942,533,9708.34,68696.8396,0
1702785600000,7.08,7.116,7.072,7.11,37144.64,1702786499999,263290.56571,619,26328.1,186536.34044,0
1702786500000,7.11,7.153,7.11,7.153,74837.79,1702787399999,534027.93852,1194,32241.19,230046.1093,0
1702787400000,7.152,7.154,7.11,7.122,38688.42,1702788299999,275673.61704,939,14785.05,105367.16892,0
1702788300000,7.121,7.136,7.116,7.119,20979.0,1702789199999,149488.4149,569,9813.58,69936.00277,0
1702789200000,7.121,7.132,7.11,7.132,14353.92,1702790099999,102204.0582,407,8634.93,61478.94987,0
1702790100000,7.133,7.134,7.111,7.113,13020.45,1702790999999,92733.7834,332,5499.17,39163.4133,0
1702791000000,7.112,7.113,7.02,7.022,85932.36,1702791899999,606173.69659,1787,41717.75,294274.627,0
1702791900000,7.023,7.055,6.985,7.034,119420.3,1702792799999,838207.82912,2216,58165.37,408392.27201,0
1702792800000,7.033,7.083,7.024,7.07,62315.75,1702793699999,440053.32517,1210,39361.09,277859.11634,0
1702793700000,7.07,7.094,7.052,7.09,57074.69,1702794599999,403754.23863,866,39481.05,279342.03884,0
1702794600000,7.09,7.1,7.008,7.051,98009.76,1702795499999,690433.75317,1788,53653.82,377835.80415,0
1702795500000,7.049,7.059,6.965,7.047,167601.7,1702796399999,1174065.35428,3289,90843.81,636378.78207,0
1702796400000,7.046,7.086,7.038,7.08,75780.08,1702797299999,535215.77303,1159,49283.15,348033.39311,0
1702797300000,7.081,7.081,7.009,7.011,48559.75,1702798199999,342136.53317,783,19465.34,137059.10879,0
1702798200000,7.012,7.022,6.991,7.0,93071.73,1702799099999,651986.08802,1135,53263.66,373190.68413,0
1702799100000,7.002,7.018,6.953,6.971,115825.71,1702799999999,808025.23718,1716,75840.21,528977.89851,0
1702800000000,6.972,6.992,6.937,6.963,143274.51,1702800899999,997919.74301,1865,72948.08,508407.75424,0
1702800900000,6.962,7.023,6.961,7.017,80496.19,1702801799999,562944.41183,1135,42951.88,300337.58597,0
1702801800000,7.018,7.038,6.992,7.035,83540.53,1702802699999,586411.67165,1016,58532.29,410944.37709,0
1702802700000,7.034,7.042,7.004,7.021,73347.58,1702803599999,514990.81741,760,36685.86,257734.93429,0
1702803600000,7.022,7.056,7.016,7.048,67837.01,1702804499999,477737.33275,827,40961.64,288428.23877,0
1702804500000,7.048,7.07,7.036,7.039,71378.02,1702805399999,503443.3798,889,41047.7,289528.13492,0
1702805400000,7.038,7.046,7.003,7.006,40593.7,1702806299999,284966.92262,842,22746.25,159680.43599,0
1702806300000,7.006,7.064,7.006,7.056,44919.47,1702807199999,316063.42746,872,26281.68,184855.74944,0
1702807200000,7.054,7.055,7.025,7.046,57602.48,1702808099999,405674.01692,861,28219.03,198733.75926,0
1702808100000,7.046,7.052,7.027,7.03,88329.34,1702808999999,621888.94719,1099,40492.64,285121.18457,0
1702809000000,7.03,7.032,7.007,7.012,31138.08,1702809899999,218461.56974,558,12761.27,89560.9774,0
1702809900000,7.011,7.033,7.003,7.013,46824.75,1702810799999,328378.59088,668,28219.02,197907.315,0
1702810800000,7.011,7.011,6.982,6.994,35430.29,1702811699999,247872.696,757,19256.41,134714.66244,0
1702811700000,6.993,7.039,6.986,7.005,44151.09,1702812599999,309642.22412,751,22776.17,159726.82882,0
1702812600000,7.002,7.03,6.996,7.028,32828.85,1702813499999,230257.4986,548,20010.04,140345.66232,0
1702813500000,7.03,7.031,6.986,6.995,50503.58,1702814399999,353823.90126,801,20051.97,140539.68627,0
1702814400000,6.995,7.013,6.959,6.965,99438.75,1702815299999,694328.49506,1477,53097.32,370822.67176,0
1702815300000,6.966,7.004,6.95,6.975,59727.48,1702816199999,416552.59413,1028,33185.91,231474.94874,0
1702816200000,6.974,6.987,6.934,6.94,67459.71,1702817099999,469177.21206,1299,36116.22,251281.03878,0
1702817100000,6.939,6.968,6.931,6.951,66177.32,1702817999999,459762.7825,1150,40139.57,278851.56284,0
1702818000000,6.952,6.966,6.909,6.911,95597.1,1702818899999,662436.44799,1808,53373.6,369814.54523,0
1702818900000,6.912,6.932,6.888,6.922,171026.51,1702819799999,1181499.42762,2272,99361.46,686533.94576,0
1702819800000,6.923,6.93,6.892,6.901,86847.82,1702820699999,600510.62458,1322,55401.36,383073.5113,0
1702820700000,6.899,6.916,6.881,6.912,72778.98,1702821599999,502368.87014,1120,37545.76,259162.88259,0
1702821600000,6.912,6.959,6.906,6.942,51677.93,1702822499999,358408.5407,1062,28340.03,196500.97664,0
1702822500000,6.943,6.946,6.868,6.874,105286.69,1702823399999,725648.80991,1691,57449.82,395967.85566,0
1702823400000,6.874,6.927,6.865,6.923,113918.2,1702824299999,786086.46547,1825,63246.11,436409.91659,0
1702824300000,6.923,6.942,6.841,6.867,153553.27,1702825199999,1056159.0004,3383,60150.26,414010.02878,0
1702825200000,6.868,6.914,6.837,6.892,116875.07,1702826099999,804637.27968,2154,56943.78,392049.47104,0
1702826100000,6.891,6.922,6.863,6.905,103059.0,1702826999999,710887.23443,1356,53012.64,365647.88797,0
1702827000000,6.906,6.927,6.897,6.908,107449.69,1702827899999,742411.76335,1589,61377.88,424122.88486,0
1702827900000,6.907,6.946,6.906,6.922,61142.5,1702828799999,423714.04711,1404,30408.89,210726.37293,0
1702828800000,6.924,6.926,6.834,6.853,248395.77,1702829699999,1709595.91434,4730,94644.63,650791.31072,0
1702829700000,6.854,6.903,6.824,6.903,130627.19,1702830599999,895167.67265,1904,74649.46,511680.33942,0
1702830600000,6.903,6.934,6.888,6.933,94086.79,1702831499999,650207.54854,1511,58451.01,403943.45429,0
1702831500000,6.933,6.966,6.917,6.963,108265.17,1702832399999,751023.06752,1493,67447.65,467854.42791,0
1702832400000,6.963,7.004,6.96,6.999,144536.69,1702833299999,1009197.89047,2217,89961.61,628131.83694,0
1702833300000,6.999,7.004,6.978,6.993,86865.73,1702834199999,607305.2547,1275,49595.91,346732.93606,0
1702834200000,6.994,7.006,6.977,6.979,63077.33,1702835099999,441092.93273,1278,37212.24,260229.35916,0
1702835100000,6.978,6.992,6.934,6.95,71893.44,1702835999999,500170.81762,1375,37332.23,259782.77227,0
1702836000000,6.95,6.956,6.892,6.899,83670.12,1702836899999,578961.63621,1481,46858.7,324171.52904,0
1702836900000,6.899,6.941,6.868,6.931,79579.68,1702837799999,549261.31318,1825,44897.99,310028.09731,0
1702837800000,6.93,6.945,6.92,6.933,48959.78,1702838699999,339438.50669,1135,26813.58,185882.27965,0
1702838700000,6.933,6.954,6.926,6.93,48388.09,1702839599999,335758.22809,868,26347.52,182887.79013,0
1702839600000,6.931,6.944,6.925,6.933,39187.3,1702840499999,271670.67866,820,18802.85,130365.42823,0
1702840500000,6.934,6.948,6.916,6.923,27660.48,1702841399999,191765.89613,619,15304.42,106116.31016,0
1702841400000,6.923,6.924,6.888,6.891,47360.02,1702842299999,326915.82122,1071,21341.19,147319.37116,0
1702842300000,6.891,6.908,6.889,6.902,27357.27,1702843199999,188731.89855,697,15636.21,107866.44585,0
1702843200000,6.902,6.918,6.895,6.898,28728.18,1702844099999,198349.98321,513,11080.02,76509.77135,0
1702844100000,6.899,6.901,6.88,6.9,41652.18,1702844999999,287075.50737,770,19100.81,131672.53635,0
1702845000000,6.9,6.925,6.896,6.92,41310.65,1702845899999,285462.50194,968,30519.45,210870.20066,0
1702845900000,6.92,6.941,6.916,6.925,33430.3,1702846799999,231653.50737,813,21312.85,147669.62408,0
1702846800000,6.926,6.927,6.901,6.901,33251.59,1702847699999,229957.92218,667,17260.02,119377.2759,0
1702847700000,6.901,6.905,6.866,6.874,54270.04,1702848599999,373563.66353,1034,26332.03,181215.38495,0
1702848600000,6.874,6.877,6.854,6.863,38614.04,1702849499999,265103.07587,917,20060.93,137731.76153,0
1702849500000,6.864,6.87,6.853,6.869,31642.01,1702850399999,217155.09753,705,19750.03,135544.35332,0
1702850400000,6.868,6.875,6.85,6.863,47659.93,1702851299999,327008.18103,766,26793.84,183886.78313,0
1702851300000,6.864,6.87,6.84,6.842,31944.2,1702852199999,219069.41106,654,12463.67,85466.27337,0
1702852200000,6.842,6.843,6.789,6.792,134513.44,1702853099999,915445.01616,2823,59522.14,405241.19766,0
1702853100000,6.791,6.853,6.782,6.827,73196.71,1702853999999,499291.14879,1799,41937.69,286029.51061,0
1702854000000,6.827,6.829,6.8,6.801,40043.24,1702854899999,272792.83279,806,23552.96,160435.43947,0
1702854900000,6.801,6.805,6.762,6.767,97230.25,1702855799999,658877.14666,1733,31938.25,216376.49951,0
1702855800000,6.768,6.788,6.749,6.781,88762.38,1702856699999,600689.69,1813,43572.97,294854.89901,0
1702856700000,6.781,6.8,6.78,6.784,44842.88,1702857599999,304535.51791,1076,21715.93,147471.54237,0
1702857600000,6.785,6.83,6.781,6.821,66155.74,1702858499999,450026.49728,1461,31485.73,214223.57065,0
1702858500000,6.82,6.849,6.809,6.841,32229.01,1702859399999,220103.70977,923,17188.2,117397.43579,0
1702859400000,6.839,6.853,6.829,6.841,47304.35,1702860299999,323554.36777,1386,23187.15,158617.3542,0
1702860300000,6.842,6.842,6.82,6.826,35124.35,1702861199999,240006.1871,803,12132.48,82921.12684,0
1702861200000,6.826,6.857,6.805,6.855,30969.37,1702862099999,211582.66023,708,17665.69,120720.76895,0
1702862100000,6.856,6.856,6.796,6.803,38384.75,1702862999999,262119.94408,680,13788.3,94156.88101,0
1702863000000,6.803,6.807,6.7,6.732,191005.62,1702863899999,1285681.54303,3768,68466.61,461223.65325,0
1702863900000,6.733,6.779,6.705,6.707,58890.24,1702864799999,397332.45573,1811,27573.02,186078.28692,0
1702864800000,6.707,6.762,6.702,6.754,50335.02,1702865699999,339121.67582,1063,26711.32,179937.53312,0
1702865700000,6.756,6.758,6.7,6.714,39133.53,1702866599999,263427.61623,877,19994.26,134564.51646,0
1702866600000,6.716,6.726,6.67,6.691,124774.82,1702867499999,836068.58124,2080,59652.07,399924.04474,0
1702867500000,6.69,6.705,6.624,6.654,130552.8,1702868399999,869917.82327,2619,55876.69,372375.17733,0
1702868400000,6.66,6.716,6.645,6.699,64957.97,1702869299999,434795.25894,1351,41279.86,276356.58579,0
1702869300000,6.699,6.721,6.69,6.718,51595.45,1702870199999,346350.52425,817,32514.75,218309.4667,0
1702870200000,6.719,6.723,6.708,6.722,37384.52,1702871099999,251130.33754,681,18719.43,125752.95849,0
1702871100000,6.72,6.724,6.71,6.719,21885.16,1702871999999,146976.71062,460,10007.96,67224.21791,0
1702872000000,6.72,6.722,6.7,6.709,52494.98,1702872899999,352234.0453,782,20376.97,136731.41533,0
1702872900000,6.71,6.744,6.709,6.743,59157.94,1702873799999,397845.90675,836,39766.28,267384.44628,0
1702873800000,6.743,6.761,6.74,6.758,51552.26,1702874699999,348045.38612,1025,25560.67,172522.65721,0
1702874700000,6.758,6.768,6.751,6.765,40294.98,1702875599999,272394.34451,637,23805.1,160929.68946,0
1702875600000,6.764,6.771,6.742,6.744,39368.92,1702876499999,266064.06001,749,11012.14,74384.67208,0
1702876500000,6.744,6.775,6.744,6.768,26345.39,1702877399999,178045.99622,546,13415.21,90661.74138,0
1702877400000,6.768,6.775,6.743,6.748,27851.0,1702878299999,188090.8755,554,9499.4,64160.23493,0
1702878300000,6.747,6.754,6.689,6.69,127952.01,1702879199999,859635.95265,1558,60011.39,402895.62055,0
1702879200000,6.694,6.726,6.69,6.71,61111.58,1702880099999,409833.83533,978,26794.85,179682.49347,0
1702880100000,6.71,6.763,6.691,6.761,46014.25,1702880999999,309865.95652,913,24056.81,162002.12533,0
1702881000000,6.761,6.762,6.739,6.746,36176.77,1702881899999,244089.06639,701,20315.62,137057.31748,0
1702881900000,6.746,6.757,6.735,6.747,24968.5,1702882799999,168430.61478,524,13739.78,92688.56068,0
1702882800000,6.746,6.747,6.713,6.73,38295.1,1702883699999,257533.7828,982,19972.25,134329.79163,0
1702883700000,6.73,6.733,6.71,6.711,29499.97,1702884599999,198343.67858,492,10667.48,71751.36001,0
1702884600000,6.711,6.748,6.666,6.667,260887.68,1702885499999,1753270.60948,2428,163602.77,1100076.46663,0
1702885500000,6.666,6.681,6.636,6.661,97696.99,1702886399999,650151.55667,1828,48965.11,325967.40588,0
1702886400000,6.662,6.687,6.572,6.589,184474.11,1702887299999,1223036.11502,3727,80926.89,536403.61107,0
1702887300000,6.589,6.68,6.58,6.676,100436.7,1702888199999,666653.84099,2295,56322.41,373958.6773,0
1702888200000,6.674,6.717,6.666,6.708,51537.85,1702889099999,344743.77005,1160,26604.56,177944.00913,0
1702889100000,6.707,6.717,6.665,6.681,43169.27,1702889999999,288631.35476,928,17757.33,118762.48534,0
1702890000000,6.679,6.685,6.606,6.607,63496.55,1702890899999,422050.73204,1437,23011.56,153074.88299,0
1702890900000,6.607,6.629,6.52,6.55,247196.85,1702891799999,1624377.56485,5518,107030.55,703637.24658,0
1702891800000,6.548,6.625,6.545,6.611,95065.48,1702892699999,626324.39227,1959,51430.17,338857.45228,0
1702892700000,6.611,6.637,6.592,6.597,78994.31,1702893599999,522648.45358,1513,42181.88,279283.83539,0
1702893600000,6.597,6.606,6.518,6.542,107499.35,1702894499999,704727.55059,2252,56702.11,371545.17786,0
1702894500000,6.542,6.57,6.465,6.47,321409.17,1702895399999,2094400.57704,5564,105217.6,686243.27572,0
1702895400000,6.471,6.483,6.368,6.418,487323.15,1702896299999,3128309.45101,11107,251044.04,1612174.24917,0
1702896300000,6.418,6.506,6.411,6.493,147497.01,1702897199999,951669.13516,3123,81647.92,526725.17933,0
1702897200000,6.493,6.561,6.481,6.554,104969.58,1702898099999,683712.48221,2167,66000.6,430031.03577,0
1702898100000,6.554,6.56,6.528,6.542,79624.2,1702898999999,521017.95069,1661,42398.8,277468.97211,0
1702899000000,6.542,6.543,6.482,6.483,57230.12,1702899899999,372260.2577,1392,21408.75,139325.88002,0
1702899900000,6.482,6.543,6.478,6.536,78945.11,1702900799999,514299.128,1355,46706.4,304573.15761,0
1702900800000,6.536,6.538,6.493,6.495,57529.14,1702901699999,374990.98901,1191,23503.85,153149.93741,0
1702901700000,6.495,6.517,6.468,6.51,56764.98,1702902599999,368473.94654,1225,30682.52,199243.15983,0
1702902600000,6.51,6.521,6.491,6.504,40741.42,1702903499999,265047.25681,1670,22304.22,145054.40041,0
1702903500000,6.502,6.503,6.469,6.476,35498.5,1702904399999,230113.84189,1157,15909.09,103168.25292,0
1702904400000,6.478,6.53,6.472,6.518,71448.73,1702905299999,464836.45661,1243,42420.97,276019.17395,0
1702905300000,6.518,6.577,6.516,6.564,88452.62,1702906199999,579571.11784,1716,48092.31,315168.18063,0
1702906200000,6.565,6.585,6.558,6.579,128881.34,1702907099999,847254.88678,1747,71914.85,472755.18949,0
1702907100000,6.578,6.616,6.568,6.608,87559.58,1702907999999,577368.42047,1836,52003.82,343090.28046,0
1702908000000,6.607,6.613,6.582,6.593,78526.96,1702908899999,518341.55259,1450,41723.46,275419.55855,0
1702908900000,6.593,6.637,6.59,6.634,54166.8,1702909799999,358329.51021,1292,34274.31,226762.7875,0
1702909800000,6.635,6.7,6.63,6.698,183226.72,1702910699999,1222987.12241,3229,105323.43,702850.78298,0
1702910700000,6.699,6.7,6.651,6.663,118761.26,1702911599999,792337.26822,2233,62417.11,416386.74599,0
1702911600000,6.664,6.674,6.621,6.624,96435.16,1702912499999,640945.14446,1419,33606.2,223340.25585,0
1702912500000,6.623,6.643,6.603,6.613,79736.14,1702913399999,528180.9558,1388,34881.99,231166.63306,0
1702913400000,6.613,6.648,6.612,6.627,69492.93,1702914299999,460600.04034,1033,37514.13,248670.1224,0
1702914300000,6.627,6.638,6.593,6.598,41846.03,1702915199999,276619.78789,1091,20129.65,133087.96624,0
1702915200000,6.598,6.616,6.576,6.606,54082.59,1702916099999,356512.21665,1243,25209.1,166210.01836,0
1702916100000,6.606,6.651,6.601,6.636,52132.79,1702916999999,345668.94389,1081,30777.33,204031.77695,0
1702917000000,6.636,6.659,6.616,6.617,28641.8,1702917899999,190114.41704,768,14274.18,94745.38644,0
1702917900000,6.617,6.647,6.602,6.646,30355.75,1702918799999,201032.2374,723,14625.0,96845.34842,0
1702918800000,6.646,6.651,6.635,6.643,53235.19,1702919699999,353604.67605,757,27252.12,181003.37496,0
1702919700000,6.642,6.681,6.642,6.678,47787.2,1702920599999,318559.11323,842,30858.32,205747.83261,0
1702920600000,6.678,6.697,6.662,6.681,57733.43,1702921499999,385586.23024,1177,32988.36,220309.71247,0
1702921500000,6.679,6.692,6.65,6.65,55772.46,1702922399999,372222.78611,819,17181.86,114716.96828,0
1702922400000,6.651,6.659,6.629,6.629,43380.37,1702923299999,288242.63893,838,18295.06,121571.94291,0
1702923300000,6.629,6.649,6.627,6.637,24851.49,1702924199999,165020.36621,494,8149.86,54123.04718,0
1702924200000,6.638,6.656,6.637,6.656,44047.11,1702925099999,292857.48681,534,34100.68,226743.09371,0
1702925100000,6.655,6.687,6.638,6.687,35240.72,1702925999999,234623.20631,778,13008.66,86640.54662,0
1702926000000,6.688,6.717,6.671,6.715,60848.2,1702926899999,407617.9102,1112,35245.65,236136.08491,0
1702926900000,6.715,6.72,6.693,6.709,51252.69,1702927799999,343666.76058,753,21223.83,142354.22183,0
1702927800000,6.71,6.711,6.69,6.694,41051.11,1702928699999,275062.47907,668,19309.0,129382.56172,0
1702928700000,6.695,6.701,6.678,6.695,38382.1,1702929599999,256595.88727,592,23148.75,154725.85507,0
1702929600000,6.695,6.723,6.67,6.67,49854.43,1702930499999,333776.64243,806,18407.93,123248.54066,0
1702930500000,6.671,6.672,6.643,6.659,33609.46,1702931399999,223741.28779,686,17871.24,118973.33867,0
1702931400000,6.659,6.725,6.657,6.72,102016.87,1702932299999,684320.92717,1319,70732.11,474479.29168,0
1702932300000,6.72,6.784,6.72,6.764,95397.53,1702933199999,644376.84913,1941,60533.45,408797.84434,0
1702933200000,6.763,6.851,6.762,6.851,121238.11,1702934099999,825870.87376,2551,69397.95,472753.67277,0
1702934100000,6.851,6.857,6.802,6.822,137920.83,1702934999999,941075.80493,2127,74007.01,504880.72315,0
1702935000000,6.822,6.828,6.791,6.812,55842.71,1702935899999,380555.06076,1177,26517.32,180690.60089,0
1702935900000,6.811,6.857,6.81,6.851,74987.28,1702936799999,512950.67135,1477,48532.99,331999.65158,0
1702936800000,6.853,6.866,6.813,6.856,82450.64,1702937699999,564010.81368,1554,51495.86,352249.36983,0
1702937700000,6.857,6.857,6.834,6.843,47093.25,1702938599999,322281.03563,829,28777.78,196938.47471,0
1702938600000,6.842,6.843,6.81,6.814,63547.75,1702939499999,433738.51684,1083,32245.8,220082.57775,0
1702939500000,6.814,6.845,6.812,6.845,33880.03,1702940399999,231488.00374,630,22984.24,157042.21754,0
1702940400000,6.845,6.886,6.845,6.881,61769.95,1702941299999,424632.14241,1232,42525.83,292349.60636,0
1702941300000,6.881,6.883,6.837,6.847,54309.39,1702942199999,372383.71471,985,28460.84,195144.33893,0
1702942200000,6.848,6.874,6.834,6.871,44467.24,1702943099999,304728.51542,848,30913.96,211863.60764,0
1702943100000,6.871,6.886,6.865,6.885,59404.13,1702943999999,408420.48782,999,36460.45,250681.12674,0
1702944000000,6.884,6.889,6.842,6.859,67172.42,1702944899999,461158.18627,1270,34031.48,233564.46082,0
1702944900000,6.861,6.877,6.836,6.861,49258.59,1702945799999,337838.04208,862,25810.44,176977.25776,0
1702945800000,6.86,6.912,6.838,6.904,53297.31,1702946699999,367198.82548,1211,28482.64,196312.96995,0
1702946700000,6.908,6.91,6.863,6.864,64518.89,1702947599999,444136.23792,963,21418.7,147315.81416,0
1702947600000,6.865,6.902,6.84,6.9,40343.94,1702948499999,276771.78162,857,19732.65,135413.22761,0
1702948500000,6.897,6.917,6.873,6.912,52090.06,1702949399999,359486.08793,871,24201.81,167026.24267,0
1702949400000,6.909,6.921,6.89,6.918,26797.92,1702950299999,185035.66614,674,14529.28,100329.26963,0
1702950300000,6.918,6.986,6.913,6.978,101661.13,1702951199999,707220.21973,2317,53410.93,371498.79775,0
1702951200000,6.977,6.998,6.961,6.989,103469.3,1702952099999,722567.46283,1875,53200.89,371512.20799,0
1702952100000,6.99,6.99,6.934,6.936,50724.12,1702952999999,352911.34315,1155,23556.25,163922.88494,0
1702953000000,6.937,6.968,6.936,6.953,49463.04,1702953899999,343796.51032,1011,26303.58,182787.35457,0
1702953900000,6.954,6.957,6.923,6.926,37675.64,1702954799999,261563.16015,894,19311.51,134071.44222,0
1702954800000,6.926,6.93,6.901,6.919,43560.21,1702955699999,301246.6101,934,21010.73,145281.33012,0
1702955700000,6.919,6.935,6.919,6.933,19416.28,1702956599999,134531.86222,460,7297.7,50555.68526,0
1702956600000,6.932,6.945,6.927,6.939,23482.96,1702957499999,162892.93015,645,11117.93,77116.15126,0
1702957500000,6.939,6.945,6.924,6.929,43551.16,1702958399999,301970.18555,584,23744.39,164629.92711,0
1702958400000,6.929,6.957,6.927,6.953,42472.07,1702959299999,294883.62358,648,26864.29,186503.40343,0
1702959300000,6.951,6.957,6.922,6.928,86966.64,1702960199999,603543.25115,912,15242.82,105838.57235,0
1702960200000,6.928,6.932,6.877,6.887,82252.52,1702961099999,567023.77274,1457,31093.62,214386.31894,0
1702961100000,6.888,6.949,6.888,6.943,49670.74,1702961999999,344067.1693,1075,29499.68,204291.1226,0
1702962000000,6.944,6.946,6.917,6.924,39054.43,1702962899999,270646.21995,528,19970.45,138418.31661,0
1702962900000,6.924,6.94,6.919,6.939,36570.27,1702963799999,253367.64597,505,15117.76,104736.29383,0
1702963800000,6.936,6.939,6.916,6.919,27451.87,1702964699999,190183.71292,506,10030.9,69474.4006,0
1702964700000,6.919,6.933,6.902,6.93,17917.78,1702965599999,124026.33293,442,9650.41,66776.42176,0
1702965600000,6.931,6.937,6.908,6.908,44002.71,1702966499999,304766.10888,632,17897.12,123956.51593,0
1702966500000,6.909,6.96,6.898,6.937,111187.52,1702967399999,771687.68742,1195,79467.11,551509.78576,0
1702967400000,6.937,6.955,6.921,6.927,43933.21,1702968299999,304722.55214,680,21208.4,147111.71062,0
1702968300000,6.927,6.938,6.915,6.922,34521.75,1702969199999,239066.50891,591,14910.86,103261.50926,0
1702969200000,6.922,6.937,6.907,6.937,28934.36,1702970099999,200187.55242,471,14355.63,99339.09642,0
1702970100000,6.937,6.952,6.925,6.93,31368.81,1702970999999,217659.62584,549,15313.96,106281.22862,0
1702971000000,6.93,6.972,6.916,6.959,35682.93,1702971899999,247728.51233,776,20453.66,142044.43106,0
1702971900000,6.961,6.99,6.961,6.974,42889.31,1702972799999,299282.00743,888,25088.1,175062.14204,0
1702972800000,6.974,7.003,6.947,6.989,60052.62,1702973699999,419356.70977,1214,35236.82,246115.2993,0
1702973700000,6.989,7.028,6.985,7.028,67634.83,1702974599999,473832.77975,1172,39401.34,276018.78246,0
1702974600000,7.027,7.049,6.999,7.021,130047.37,1702975499999,912852.05553,2111,56987.79,400097.81865,0
1702975500000,7.017,7.018,6.94,6.941,143125.85,1702976399999,998189.7584,1891,49025.12,341897.86114,0
1702976400000,6.944,6.97,6.909,6.97,99435.86,1702977299999,689679.75584,1616,38152.19,264677.05339,0
1702977300000,6.971,6.974,6.922,6.935,47147.5,1702978199999,327113.20492,808,22864.02,158582.99044,0
1702978200000,6.936,6.936,6.872,6.9,131701.49,1702979099999,908118.63838,2123,62886.37,433742.53199,0
1702979100000,6.9,6.928,6.894,6.9,49117.31,1702979999999,339412.11595,770,24204.84,167261.84824,0
1702980000000,6.899,6.899,6.868,6.878,75278.41,1702980899999,517829.36515,1121,38358.58,263863.35339,0
1702980900000,6.878,6.885,6.857,6.878,69793.91,1702981799999,479479.77003,999,40145.96,275767.8562,0
1702981800000,6.878,6.905,6.856,6.903,106907.05,1702982699999,734802.84569,1391,65395.73,449731.59713,0
1702982700000,6.903,6.925,6.885,6.889,61001.14,1702983599999,421627.63213,1012,30028.61,207635.24939,0
1702983600000,6.888,6.91,6.881,6.887,46558.38,1702984499999,320848.0285,622,21321.54,146946.58056,0
1702984500000,6.887,6.894,6.861,6.865,65073.31,1702985399999,447465.60562,1270,30264.1,208151.32126,0
1702985400000,6.866,6.886,6.86,6.885,68185.66,1702986299999,468582.33704,839,42470.12,291865.02573,0
1702986300000,6.884,6.884,6.833,6.834,45330.3,1702987199999,310787.16731,1042,18049.47,123762.86832,0
1702987200000,6.834,6.888,6.834,6.888,66796.14,1702988099999,458613.70978,1073,36349.14,249526.96377,0
1702988100000,6.889,6.893,6.856,6.877,36835.44,1702988999999,253252.26974,619,16828.36,115724.26109,0
1702989000000,6.876,6.884,6.841,6.849,35685.77,1702989899999,244933.03463,729,16973.45,116529.13345,0
1702989900000,6.85,6.862,6.821,6.826,113905.61,1702990799999,778669.05353,1356,44827.62,306359.37058,0
1702990800000,6.826,6.845,6.82,6.83,50131.9,1702991699999,342458.6256,785,24739.45,169002.28961,0
1702991700000,6.829,6.848,6.826,6.841,34297.76,1702992599999,234553.68225,531,17631.91,120582.32271,0
1702992600000,6.84,6.866,6.832,6.846,58148.29,1702993499999,398307.50921,797,20789.64,142423.99635,0
1702993500000,6.846,6.847,6.821,6.822,41316.87,1702994399999,282296.30806,711,13928.43,95167.25378,0
1702994400000,6.821,6.834,6.734,6.756,192278.45,1702995299999,1303657.9526,3284,76345.75,517625.33231,0
1702995300000,6.759,6.812,6.751,6.809,102215.54,1702996199999,693360.41694,1725,46476.16,315335.04181,0
1702996200000,6.811,6.815,6.779,6.784,70806.13,1702997099999,481281.11339,1070,31647.13,215155.5192,0
1702997100000,6.784,6.791,6.703,6.723,124507.54,1702997999999,838670.91195,2671,55424.84,373422.3168,0
1702998000000,6.723,6.782,6.7,6.768,98230.67,1702998899999,662062.73411,1827,49413.0,333212.91893,0
1702998900000,6.77,6.808,6.747,6.808,85892.99,1702999799999,581594.94348,1446,38624.55,261716.69843,0
1702999800000,6.808,6.808,6.788,6.798,40203.9,1703000699999,273367.2348,797,22952.69,156084.56255,0
1703000700000,6.796,6.798,6.758,6.769,42940.67,1703001599999,290658.29589,816,21783.74,147452.88997,0
1703001600000,6.77,6.824,6.754,6.824,82366.88,1703002499999,558896.71792,1128,45671.35,309895.45138,0
1703002500000,6.822,6.822,6.75,6.757,45214.97,1703003399999,306996.34863,859,16263.9,110507.13718,0
1703003400000,6.757,6.794,6.753,6.777,79400.91,1703004299999,537717.09183,1124,51665.14,349875.81984,0
1703004300000,6.778,6.784,6.753,6.77,42050.0,1703005199999,284547.04127,844,15509.09,104953.90319,0
1703005200000,6.771,6.779,6.71,6.726,66149.86,1703006099999,446095.36954,1274,25414.84,171430.02311,0
1703006100000,6.725,6.726,6.654,6.677,102023.59,1703006999999,681942.01063,2341,44175.47,295369.80369,0
1703007000000,6.679,6.703,6.643,6.678,80255.53,1703007899999,535556.12796,1712,38467.6,256912.60828,0
1703007900000,6.678,6.705,6.621,6.629,90289.24,1703008799999,601198.91337,1966,45428.67,302529.95524,0
1703008800000,6.63,6.656,6.612,6.642,77659.1,1703009699999,515365.28067,1735,40057.74,265877.26524,0
1703009700000,6.641,6.682,6.632,6.682,36153.29,1703010599999,241005.08885,797,21172.79,141170.13743,0
1703010600000,6.681,6.703,6.665,6.7,61715.85,1703011499999,412900.92335,1059,32893.68,220152.08796,0
1703011500000,6.7,6.73,6.694,6.73,40139.27,1703012399999,269514.89779,1042,22876.65,153628.35837,0
1703012400000,6.731,6.748,6.721,6.741,55048.03,1703013299999,370741.72131,1068,32352.0,217865.84914,0
1703013300000,6.74,6.752,6.712,6.73,38106.67,1703014199999,256528.27623,757,17999.79,121196.53859,0
1703014200000,6.73,6.765,6.721,6.724,74009.8,1703015099999,498637.95411,1129,33147.36,223384.99174,0
1703015100000,6.723,6.73,6.701,6.729,24852.15,1703015999999,166811.04912,632,9511.31,63866.76155,0
1703016000000,6.73,6.755,6.714,6.751,31879.43,1703016899999,214781.5377,641,18210.65,122683.82352,0
1703016900000,6.75,6.764,6.72,6.725,24551.37,1703017799999,165369.00764,652,10654.33,71730.8194,0
1703017800000,6.725,6.725,6.673,6.694,32724.5,1703018699999,219016.54673,1001,18028.34,120633.21834,0
1703018700000,6.692,6.713,6.681,6.694,26791.38,1703019599999,179437.27791,601,12552.81,84065.86761,0
1703019600000,6.693,6.727,6.688,6.721,25405.7,1703020499999,170529.77996,506,14431.38,96863.98835,0
1703020500000,6.721,6.752,6.72,6.739,26399.13,1703021399999,177816.51814,515,11422.23,76939.83447,0
1703021400000,6.74,6.745,6.726,6.736,20710.55,1703022299999,139493.33409,453,7395.72,49812.59993,0
1703022300000,6.736,6.755,6.73,6.753,19092.62,1703023199999,128749.67924,474,9425.38,63565.43899,0
1703023200000,6.753,6.753,6.715,6.721,25244.01,1703024099999,169985.09758,485,11536.61,77677.08183,0
1703024100000,6.719,6.719,6.688,6.704,27542.31,1703024999999,184551.02228,563,15739.85,105448.21762,0
1703025000000,6.703,6.715,6.689,6.689,26668.18,1703025899999,178704.40804,359,16029.21,107431.22808,0
1703025900000,6.691,6.72,6.681,6.707,23137.95,1703026799999,154878.6355,429,15743.54,105374.00632,0
1703026800000,6.702,6.734,6.692,6.692,22166.02,1703027699999,148848.96353,488,9101.71,61106.70019,0
1703027700000,6.692,6.693,6.673,6.682,44738.79,1703028599999,298878.5878,667,19315.05,129047.52158,0
1703028600000,6.682,6.724,6.678,6.696,33317.65,1703029499999,223266.38036,581,20482.39,137219.63116,0
1703029500000,6.696,6.721,6.689,6.706,27034.92,1703030399999,181359.81304,523,18524.36,124265.56897,0
1703030400000,6.706,6.752,6.699,6.738,54169.93,1703031299999,364498.83805,1043,32373.37,217819.23984,0
1703031300000,6.738,6.757,6.716,6.728,43683.35,1703032199999,294274.55222,785,22245.17,149856.10389,0
1703032200000,6.727,6.766,6.719,6.742,42108.53,1703033099999,284116.65596,1135,20098.61,135600.86693,0
1703033100000,6.741,6.75,6.728,6.741,29772.48,1703033999999,200601.24989,706,15577.36,104949.1441,0
1703034000000,6.742,6.755,6.739,6.749,23098.1,1703034899999,155831.9023,475,12688.13,85600.4183,0
1703034900000,6.749,6.752,6.698,6.698,47402.5,1703035799999,318568.56333,714,19095.47,128276.53588,0
1703035800000,6.699,6.707,6.663,6.682,47735.66,1703036699999,319002.10916,993,24917.59,166503.24504,0
1703036700000,6.682,6.684,6.638,6.668,51721.78,1703037599999,344755.35894,976,24671.21,164459.14688,0
1703037600000,6.669,6.684,6.618,6.656,61746.58,1703038499999,410309.50603,1144,27789.65,184741.40445,0
1703038500000,6.655,6.704,6.648,6.698,32201.49,1703039399999,215131.0998,749,20006.15,133614.48821,0
1703039400000,6.703,6.735,6.702,6.716,29321.83,1703040299999,197034.50914,663,14590.59,98034.08841,0
1703040300000,6.716,6.736,6.703,6.733,20978.06,1703041199999,141088.63454,472,10648.56,71611.38766,0
1703041200000,6.733,6.748,6.722,6.741,19896.35,1703042099999,134051.28984,450,10212.24,68808.65771,0
1703042100000,6.742,6.747,6.725,6.737,17359.48,1703042999999,116958.0194,425,10148.37,68367.28887,0
1703043000000,6.738,6.749,6.731,6.738,17863.19,1703043899999,120397.55828,390,7789.75,52500.81333,0
1703043900000,6.737,6.774,6.737,6.77,48265.98,1703044799999,325954.78577,719,33780.46,228142.21814,0
1703044800000,6.77,6.784,6.759,6.771,45244.11,1703045699999,306362.49722,661,21755.88,147341.4999,0
1703045700000,6.771,6.827,6.764,6.822,59343.11,1703046599999,403667.28384,1244,30131.87,204990.99483,0
1703046600000,6.822,6.858,6.819,6.836,59195.91,1703047499999,405005.26634,1210,29504.63,201882.82715,0
1703047500000,6.837,6.867,6.828,6.853,65933.83,1703048399999,451739.97296,1159,32330.29,221544.29084,0
1703048400000,6.853,6.859,6.812,6.826,47449.36,1703049299999,324626.09751,923,21554.51,147474.13909,0
1703049300000,6.825,6.84,6.823,6.826,50290.15,1703050199999,343538.95931,867,28295.08,193310.83382,0
1703050200000,6.826,6.834,6.819,6.83,17618.14,1703051099999,120269.49718,382,11230.06,76663.07862,0
1703051100000,6.828,6.851,6.828,6.845,25263.77,1703051999999,172898.01416,370,13039.57,89232.60867,0
1703052000000,6.846,6.849,6.823,6.835,38035.77,1703052899999,259883.77509,462,18810.4,128507.9058,0
1703052900000,6.836,6.883,6.833,6.871,67121.02,1703053799999,460313.90195,1118,39091.95,267954.21268,0
1703053800000,6.871,6.876,6.849,6.857,57670.32,1703054699999,395677.35359,709,27500.59,188664.03275,0
1703054700000,6.853,6.856,6.831,6.832,51841.35,1703055599999,354815.36232,785,22728.75,155586.37772,0
1703055600000,6.832,6.851,6.822,6.844,98709.21,1703056499999,674856.71581,985,48917.33,334527.49955,0
1703056500000,6.842,6.843,6.818,6.82,37923.11,1703057399999,258926.50767,689,18443.87,125939.71281,0
1703057400000,6.82,6.909,6.82,6.877,202635.83,1703058299999,1395212.88953,2265,106999.44,736180.03883,0
1703058300000,6.877,6.912,6.874,6.903,83460.3,1703059199999,575414.05484,1287,38697.72,266816.08872,0
1703059200000,6.903,6.935,6.873,6.883,79803.17,1703060099999,551378.30474,1816,38255.15,264352.60604,0
1703060100000,6.884,6.933,6.884,6.927,49479.34,1703060999999,342300.14577,916,24982.23,172787.9918,0
1703061000000,6.927,6.971,6.912,6.934,93043.28,1703061899999,646087.11317,1829,48099.87,333988.02189,0
1703061900000,6.935,6.938,6.912,6.915,69393.28,1703062799999,480471.09244,742,28967.59,200531.22161,0
1703062800000,6.916,6.946,6.911,6.934,68260.09,1703063699999,472978.44017,920,39044.12,270572.07014,0
1703063700000,6.936,7.073,6.931,7.0,343940.3,1703064599999,2404020.30093,5495,256090.5,1790768.16531,0
1703064600000,7.001,7.054,6.999,7.045,201983.79,1703065499999,1419221.79831,3070,108453.23,762082.11547,0
1703065500000,7.044,7.044,6.991,7.019,139999.56,1703066399999,981311.76508,1736,62543.24,438419.69802,0
1703066400000,7.019,7.025,6.941,7.001,340644.82,1703067299999,2379888.46157,3715,91226.57,637682.94311,0
1703067300000,7.003,7.006,6.935,6.943,112055.78,1703068199999,779791.80128,1825,44189.78,307437.3963,0
1703068200000,6.943,6.986,6.937,6.966,58199.59,1703069099999,405477.45011,892,34152.63,237934.69358,0
1703069100000,6.967,6.973,6.946,6.966,74041.23,1703069999999,515200.30682,868,39721.2,276400.71622,0
1703070000000,6.966,6.97,6.938,6.948,100588.64,1703070899999,699052.87337,1075,54996.99,382199.86392,0
1703070900000,6.95,6.975,6.939,6.941,72120.55,1703071799999,501834.00949,956,38429.17,267414.50902,0
1703071800000,6.94,6.951,6.917,6.947,53991.35,1703072699999,374587.04044,1022,33630.48,233342.18635,0
1703072700000,6.946,7.009,6.946,6.993,98434.92,1703073599999,687870.2702,1430,61683.66,431006.4743,0
1703073600000,6.993,7.007,6.948,6.957,96500.8,1703074499999,673378.3514,1289,38852.62,271108.35531,0
1703074500000,6.958,7.016,6.952,7.015,116898.31,1703075399999,815344.78186,1268,78966.44,550579.64686,0
1703075400000,7.015,7.018,6.986,6.99,69167.73,1703076299999,484045.28629,936,31932.61,223415.60242,0
1703076300000,6.99,6.996,6.95,6.972,73395.77,1703077199999,511589.75758,1032,39298.37,273850.55221,0
1703077200000,6.972,7.029,6.972,7.029,101727.9,1703078099999,712791.2278,1307,61297.96,429441.58702,0
1703078100000,7.027,7.083,7.013,7.078,207849.94,1703078999999,1465084.20485,3699,137820.0,971411.23931,0
1703079000000,7.078,7.084,7.037,7.068,144825.75,1703079899999,1021282.0341,2013,85051.26,599704.33139,0
1703079900000,7.067,7.108,7.064,7.103,200458.21,1703080799999,1421080.28709,2740,123771.27,877431.21038,0
1703080800000,7.102,7.119,7.049,7.051,204622.34,1703081699999,1448979.27174,3015,103037.26,729961.44914,0
1703081700000,7.049,7.131,7.045,7.131,155763.42,1703082599999,1104320.04524,2030,93537.97,663149.66442,0
1703082600000,7.131,7.136,7.069,7.073,180698.67,1703083499999,1283407.50788,2562,81239.35,576877.61956,0
1703083500000,7.073,7.092,7.025,7.037,175835.11,1703084399999,1241501.53705,2415,77142.04,544789.68409,0
1703084400000,7.035,7.092,7.014,7.088,133193.42,1703085299999,941308.73041,1897,68756.76,485819.48356,0
1703085300000,7.089,7.094,7.069,7.08,68338.38,1703086199999,483925.00902,1041,36293.9,257014.86895,0
1703086200000,7.08,7.105,7.062,7.067,89290.4,1703087099999,632612.86176,1268,48597.87,344394.84698,0
1703087100000,7.068,7.096,7.048,7.076,148844.76,1703087999999,1052678.18885,1755,80790.79,571370.07878,0
1703088000000,7.075,7.082,7.036,7.056,155045.24,1703088899999,1094903.43275,2030,76397.31,539450.56313,0
1703088900000,7.055,7.055,7.02,7.042,138441.18,1703089799999,974813.57107,2392,70999.19,499926.50016,0
1703089800000,7.042,7.056,7.023,7.044,71797.46,1703090699999,505542.49578,1120,27702.2,195027.84775,0
1703090700000,7.044,7.049,6.951,6.98,195478.79,1703091599999,1367163.59712,3842,75813.81,530200.69422,0
1703091600000,6.978,7.025,6.978,6.991,110739.85,1703092499999,775379.36916,2252,52794.32,369671.47458,0
1703092500000,6.993,7.026,6.991,7.026,84484.54,1703093399999,592212.57106,1503,48202.73,337962.77399,0
1703093400000,7.026,7.049,7.02,7.041,131087.11,1703094299999,922137.41225,1837,78018.22,548790.43594,0
1703094300000,7.042,7.05,7.031,7.047,73060.67,1703095199999,514291.41678,1237,38459.87,270737.48141,0
1703095200000,7.047,7.07,7.038,7.066,49937.18,1703096099999,352545.24458,1206,29602.5,208994.24097,0
1703096100000,7.066,7.072,7.025,7.028,220364.73,1703096999999,1552582.74653,2795,106656.91,751545.21748,0
1703097000000,7.029,7.059,7.028,7.057,62963.78,1703097899999,443592.29009,1074,34399.03,242363.04942,0
1703097900000,7.057,7.069,7.037,7.048,62314.25,1703098799999,439557.36978,1057,30403.47,214457.92253,0
1703098800000,7.047,7.061,7.003,7.013,54580.01,1703099699999,384065.17743,1177,24464.43,172165.97138,0
1703099700000,7.013,7.037,7.009,7.022,29677.3,1703100599999,208544.89668,733,15381.92,108070.61377,0
1703100600000,7.022,7.032,6.965,6.976,77767.83,1703101499999,543437.99452,1704,34241.33,239156.79927,0
1703101500000,6.976,6.996,6.965,6.966,97387.42,1703102399999,679565.68643,1587,44235.59,308745.47565,0
1703102400000,6.967,6.985,6.822,6.919,329789.29,1703103299999,2271814.53649,7781,160748.15,1106733.79775,0
1703103300000,6.918,6.954,6.916,6.925,72323.57,1703104199999,501584.14187,2054,38142.18,264541.48702,0
1703104200000,6.923,6.948,6.9,6.932,101454.28,1703105099999,703210.37949,1510,55106.4,381988.34846,0
1703105100000,6.933,6.934,6.871,6.881,180039.73,1703105999999,1240067.20575,2309,96931.15,667613.90921,0
1703106000000,6.882,6.923,6.879,6.911,62761.34,1703106899999,433065.87421,1022,31840.74,219692.21382,0
1703106900000,6.911,6.948,6.906,6.942,48842.65,1703107799999,338309.34684,1020,25383.66,175853.72053,0
1703107800000,6.943,6.943,6.88,6.89,67942.35,1703108699999,469561.78675,1275,25060.57,173153.98145,0
1703108700000,6.893,6.9,6.849,6.879,88100.24,1703109599999,605469.46552,1491,39071.4,268600.778,0
1703109600000,6.878,6.917,6.869,6.908,74373.36,1703110499999,512692.78932,1187,44331.28,305563.73139,0
1703110500000,6.908,6.942,6.908,6.933,35129.86,1703111399999,243412.31456,741,21137.02,146439.18957,0
1703111400000,6.932,6.954,6.922,6.922,39951.65,1703112299999,277234.96483,767,22813.23,158331.17588,0
1703112300000,6.923,6.933,6.909,6.921,15208.62,1703113199999,105256.30489,395,8443.64,58442.25799,0
1703113200000,6.92,6.949,6.892,6.91,103413.59,1703114099999,715183.73909,1560,60812.82,420580.78658,0
1703114100000,6.912,6.929,6.904,6.924,17895.74,1703114999999,123801.00338,381,8753.54,60556.29067,0
1703115000000,6.924,6.938,6.915,6.937,24058.1,1703115899999,166686.93092,474,8967.36,62131.26804,0
1703115900000,6.937,6.951,6.93,6.951,26976.87,1703116799999,187231.41079,464,16038.29,111313.49794,0
1703116800000,6.952,6.957,6.923,6.933,36535.36,1703117699999,253422.20254,700,19453.43,134876.5332,0
1703117700000,6.935,6.951,6.915,6.936,24916.43,1703118599999,172672.98456,438,11202.06,77607.63802,0
1703118600000,6.937,7.1,6.935,7.1,357006.85,1703119499999,2509431.15622,6754,218744.16,1535943.64968,0
1703119500000,7.099,7.116,6.992,7.022,226529.87,1703120399999,1596651.12245,4048,113845.95,802111.72137,0
1703120400000,7.022,7.031,6.967,7.01,208557.05,1703121299999,1459942.19685,2645,119674.29,837663.5693,0
1703121300000,7.007,7.13,7.0,7.105,324688.98,1703122199999,2292168.52021,4961,197613.91,1394529.51231,0
1703122200000,7.108,7.129,7.054,7.054,265419.93,1703123099999,1883792.70664,3354,143537.81,1018655.79309,0
1703123100000,7.056,7.086,7.04,7.056,127432.99,1703123999999,899174.01883,1514,76272.42,538266.3226,0
1703124000000,7.056,7.065,7.017,7.039,196938.37,1703124899999,1386389.95207,2733,114034.91,802603.56419,0
1703124900000,7.038,7.096,7.034,7.089,126841.6,1703125799999,896503.19568,1966,71619.95,506402.28948,0
1703125800000,7.088,7.109,7.06,7.096,77041.8,1703126699999,546249.49341,1077,37466.98,265646.94519,0
1703126700000,7.096,7.1,7.055,7.098,79680.64,1703127599999,563857.46262,1143,40934.93,289587.55233,0
1703127600000,7.099,7.17,7.077,7.167,146076.57,1703128499999,1041172.40349,3108,98374.54,701475.64715,0
1703128500000,7.168,7.192,7.147,7.159,310602.82,1703129399999,2227031.00027,4323,167463.77,1200694.75005,0
1703129400000,7.158,7.16,7.114,7.126,72052.23,1703130299999,514239.72466,1155,40549.4,289413.25273,0
1703130300000,7.126,7.138,7.114,7.125,59535.13,1703131199999,424158.03559,845,29607.95,210963.95355,0
1703131200000,7.125,7.149,7.112,7.139,70707.05,1703132099999,503917.84538,1136,46355.1,330294.66706,0
1703132100000,7.139,7.185,7.139,7.166,97544.51,1703132999999,699693.31804,1674,49830.35,357361.17988,0
1703133000000,7.166,7.178,7.137,7.17,121326.97,1703133899999,868835.68858,1471,63261.16,452970.10596,0
1703133900000,7.171,7.179,7.148,7.157,63149.16,1703134799999,452426.94483,957,26871.9,192585.13003,0
1703134800000,7.156,7.189,7.152,7.188,74496.19,1703135699999,534387.88262,1077,54615.32,391800.12119,0
1703135700000,7.189,7.232,7.186,7.22,208498.15,1703136599999,1504376.09308,3280,109345.82,788945.96617,0
1703136600000,7.22,7.254,7.176,7.206,167892.15,1703137499999,1213640.54912,2981,101975.69,737487.45071,0
1703137500000,7.205,7.223,7.173,7.223,117321.25,1703138399999,843374.49219,1386,54763.7,393697.78913,0
1703138400000,7.223,7.29,7.222,7.282,205249.38,1703139299999,1489640.22899,3961,101589.81,737538.17008,0
1703139300000,7.281,7.357,7.273,7.338,361587.64,1703140199999,2648404.23312,6326,216825.58,1588012.75167,0
1703140200000,7.339,7.352,7.297,7.321,267637.48,1703141099999,1959915.4838,3798,137874.42,1009886.51954,0
1703141100000,7.32,7.395,7.314,7.375,208735.47,1703141999999,1538289.42748,3937,127628.48,940729.37255,0
1703142000000,7.375,7.405,7.355,7.398,212238.23,1703142899999,1566965.24765,3503,122386.85,903769.51261,0
1703142900000,7.4,7.469,7.361,7.423,404483.35,1703143799999,3003492.77953,6186,173359.11,1288203.32926,0
1703143800000,7.423,7.423,7.362,7.363,211244.75,1703144699999,1561213.88589,3208,76665.93,566446.81629,0
1703144700000,7.363,7.439,7.363,7.438,182195.82,1703145599999,1350860.45521,2460,112678.24,835410.94152,0
1703145600000,7.438,7.5,7.405,7.497,346140.07,1703146499999,2579801.15169,5145,186163.55,1387205.04241,0
1703146500000,7.497,7.573,7.486,7.539,376285.18,1703147399999,2833737.5541,7556,204083.29,1536475.3172,0
1703147400000,7.539,7.577,7.521,7.568,245813.38,1703148299999,1857950.69295,4143,122427.71,925303.84718,0
1703148300000,7.568,7.619,7.514,7.526,553176.6,1703149199999,4181986.84101,9123,280626.79,2121414.82995,0
1703149200000,7.526,7.563,7.506,7.554,223782.86,1703150099999,1686203.48328,3998,111103.48,837084.86731,0
1703150100000,7.554,7.584,7.443,7.48,474283.57,1703150999999,3559461.21449,8195,198209.89,1486677.52323,0
1703151000000,7.48,7.484,7.43,7.432,231261.35,1703151899999,1723619.36523,4801,119588.81,891470.19104,0
1703151900000,7.432,7.469,7.432,7.464,160800.58,1703152799999,1198405.06212,3219,88587.39,660322.2866,0
1703152800000,7.463,7.514,7.461,7.471,129016.65,1703153699999,966102.27453,2348,63377.86,474703.58874,0
1703153700000,7.471,7.508,7.45,7.501,134758.88,1703154599999,1008607.14854,2041,78417.39,586925.58601,0
1703154600000,7.503,7.572,7.494,7.53,189955.44,1703155499999,1430321.87636,3337,100766.58,758915.8714,0
1703155500000,7.531,7.56,7.527,7.542,145438.19,1703156399999,1097499.59385,2295,87653.73,661499.7056,0
1703156400000,7.54,7.548,7.503,7.516,177911.57,1703157299999,1338035.20293,2845,79702.47,599298.94395,0
1703157300000,7.517,7.586,7.507,7.564,142083.78,1703158199999,1073158.61798,2864,75103.34,567128.45603,0
1703158200000,7.564,7.583,7.523,7.526,100830.71,1703159099999,762214.75387,2230,42245.63,319495.53407,0
1703159100000,7.526,7.566,7.521,7.565,139403.41,1703159999999,1052014.1866,2329,78759.18,594322.08865,0
1703160000000,7.564,7.577,7.542,7.542,133947.83,1703160899999,1012787.6863,2571,71797.28,542929.87908,0
1703160900000,7.542,7.546,7.484,7.518,169359.3,1703161799999,1272477.82778,3143,80896.6,607852.72125,0
1703161800000,7.518,7.625,7.506,7.579,235264.56,1703162699999,1784126.98595,4862,136194.05,1033113.3127,0
1703162700000,7.578,7.579,7.503,7.515,129895.96,1703163599999,979041.86099,3284,62676.42,472371.55678,0
1703163600000,7.518,7.613,7.513,7.56,202414.48,1703164499999,1531548.68129,4333,110539.59,836219.33132,0
1703164500000,7.56,7.569,7.531,7.545,111831.76,1703165399999,844004.76032,2416,53027.22,400202.34028,0
1703165400000,7.544,7.64,7.543,7.637,245208.94,1703166299999,1864197.53373,4595,151315.1,1149250.52412,0
1703166300000,7.637,7.699,7.613,7.65,349954.52,1703167199999,2679362.96188,7725,189421.02,1450262.23356,0
1703167200000,7.65,7.68,7.555,7.566,225228.5,1703168099999,1715249.22041,4811,97425.73,742151.73248,0
1703168100000,7.566,7.837,7.541,7.748,719313.34,1703168999999,5547655.20169,17860,405358.37,3128976.28695,0
1703169000000,7.748,7.853,7.576,7.591,931897.08,1703169899999,7180418.88237,22502,446585.94,3440280.43978,0
1703169900000,7.596,7.69,7.566,7.576,512751.13,1703170799999,3907857.56342,9265,242247.11,1845703.83021,0
1703170800000,7.575,7.691,7.562,7.657,349572.31,1703171699999,2667359.05349,7171,179309.58,1368923.47043,0
1703171700000,7.653,7.659,7.57,7.625,369444.86,1703172599999,2812253.66164,5738,148678.72,1131794.01193,0
1703172600000,7.623,7.627,7.483,7.51,661929.37,1703173499999,4989731.66243,11811,315811.48,2380272.4018,0
1703173500000,7.509,7.548,7.466,7.541,202431.66,1703174399999,1519345.2576,5119,95930.87,720265.58039,0
1703174400000,7.541,7.638,7.526,7.619,261092.47,1703175299999,1983280.55644,4547,144953.91,1101331.88335,0
1703175300000,7.62,7.753,7.613,7.747,233338.91,1703176199999,1792774.64467,5923,115025.44,884089.21499,0
1703176200000,7.749,7.788,7.669,7.756,329275.45,1703177099999,2545201.7418,8853,159832.79,1235457.70624,0
1703177100000,7.757,7.886,7.71,7.885,476108.9,1703177999999,3711798.72079,10859,276996.8,2160114.47242,0
1703178000000,7.885,7.94,7.756,7.83,611610.29,1703178899999,4813695.14041,16360,292102.8,2300328.9347,0
1703178900000,7.83,7.87,7.8,7.853,197856.96,1703179799999,1550273.95845,5005,79682.12,624301.58112,0
1703179800000,7.851,8.034,7.845,7.961,783412.36,1703180699999,6243544.85663,17930,447491.47,3566617.45419,0
1703180700000,7.959,8.056,7.934,8.051,549627.91,1703181599999,4397856.31583,11752,278820.34,2231425.7652,0
1703181600000,8.05,8.175,8.046,8.162,753952.94,1703182499999,6124097.22764,18985,409315.27,3325237.88008,0
1703182500000,8.166,8.172,8.053,8.142,605006.28,1703183399999,4902250.04654,11706,288337.17,2336323.7743,0
1703183400000,8.142,8.284,8.07,8.28,663268.47,1703184299999,5415501.52092,14465,340475.95,2781542.0722,0
1703184300000,8.282,8.323,8.148,8.187,777469.4,1703185199999,6418846.64997,18868,405206.41,3346816.7993,0
1703185200000,8.189,8.283,8.154,8.202,432570.23,1703186099999,3552877.2588,9993,192281.8,1579138.37652,0
1703186100000,8.203,8.219,8.11,8.149,297149.42,1703186999999,2422836.9671,7299,135706.92,1106447.7588,0
1703187000000,8.148,8.17,8.057,8.159,366617.09,1703187899999,2977178.12934,8691,158354.74,1286457.24239,0
1703187900000,8.159,8.25,8.124,8.243,253058.63,1703188799999,2070912.90728,5865,136002.95,1112928.42179,0
1703188800000,8.242,8.257,8.165,8.185,324952.83,1703189699999,2670073.33145,6120,139696.49,1147782.16202,0
1703189700000,8.186,8.219,8.131,8.206,323690.97,1703190599999,2648493.05953,6549,169767.51,1389214.64136,0
1703190600000,8.206,8.292,8.181,8.261,293563.31,1703191499999,2418938.49421,6602,183959.95,1515581.49515,0
1703191500000,8.26,8.304,8.25,8.29,287087.57,1703192399999,2378163.44307,5892,151693.51,1256862.75915,0
1703192400000,8.29,8.295,8.186,8.2,304704.5,1703193299999,2504551.99974,6452,144078.34,1184256.2762,0
1703193300000,8.198,8.238,8.148,8.223,280247.17,1703194199999,2295717.96663,5317,135700.01,1111090.40799,0
1703194200000,8.222,8.268,8.215,8.25,267110.67,1703195099999,2203503.0164,4101,176447.07,1455857.03401,0
1703195100000,8.251,8.369,8.228,8.301,447673.19,1703195999999,3723776.79241,10275,214222.35,1783299.8494,0
1703196000000,8.301,8.312,8.244,8.268,250162.81,1703196899999,2068340.93634,4550,117644.76,972790.73387,0
1703196900000,8.268,8.277,8.227,8.24,172330.31,1703197799999,1421797.80164,3781,94366.32,778594.87559,0
1703197800000,8.24,8.256,8.209,8.212,131125.16,1703198699999,1079342.22334,3278,55700.64,458576.51711,0
1703198700000,8.212,8.371,8.144,8.213,505640.54,1703199599999,4161459.84856,9673,299520.59,2467092.94812,0
1703199600000,8.214,8.268,8.183,8.249,239594.52,1703200499999,1971332.81998,5082,114193.63,939522.00506,0
1703200500000,8.249,8.344,8.244,8.333,142027.83,1703201399999,1179021.93841,3978,72344.31,600581.92939,0
1703201400000,8.335,8.381,8.279,8.336,358770.17,1703202299999,2988040.35472,8673,186173.44,1549926.06585,0
1703202300000,8.336,8.435,8.297,8.42,311045.82,1703203199999,2600242.76664,7347,163247.49,1365321.95015,0
1703203200000,8.422,8.474,8.321,8.327,512651.6,1703204099999,4311651.59708,13776,235814.67,1984407.56706,0
1703204100000,8.325,8.37,8.278,8.319,363113.67,1703204999999,3021485.34969,7221,178203.29,1482616.36803,0
1703205000000,8.322,8.372,8.283,8.316,175333.65,1703205899999,1459556.1382,4384,85346.05,710608.84624,0
1703205900000,8.316,8.455,8.272,8.395,365667.55,1703206799999,3055416.55424,8165,176084.43,1470716.37772,0
1703206800000,8.391,8.438,8.324,8.33,318703.54,1703207699999,2667077.91988,5975,146860.81,1228452.72718,0
1703207700000,8.33,8.38,8.301,8.35,467391.53,1703208599999,3898903.19857,6626,238859.96,1992248.34267,0
1703208600000,8.349,8.485,8.343,8.422,469367.1,1703209499999,3958657.43764,12572,281194.1,2371283.31994,0
1703209500000,8.423,8.483,8.335,8.348,472765.65,1703210399999,3969484.3593,9579,218226.15,1831979.1664,0
1703210400000,8.347,8.413,8.341,8.41,273897.04,1703211299999,2292113.93555,5121,141582.92,1184690.68096,0
1703211300000,8.409,8.58,8.368,8.391,630619.43,1703212199999,5356178.32002,17371,354280.53,3010692.69898,0
1703212200000,8.392,8.429,8.294,8.295,357192.04,1703213099999,2987586.40958,7252,178575.3,1494131.60304,0
1703213100000,8.294,8.33,8.211,8.251,292418.11,1703213999999,2419045.79548,7396,126440.8,1046203.7955,0
1703214000000,8.252,8.336,8.247,8.293,174538.47,1703214899999,1446539.97692,3733,104267.81,863855.95074,0
1703214900000,8.292,8.331,8.23,8.233,262981.14,1703215799999,2179995.56209,5800,123534.39,1024113.3292,0
1703215800000,8.234,8.3,8.167,8.221,411645.12,1703216699999,3379779.14217,9646,233467.91,1916223.8685,0
1703216700000,8.222,8.279,8.218,8.234,97007.7,1703217599999,800601.19136,2594,42802.41,353186.31443,0
1703217600000,8.234,8.24,8.143,8.151,204210.85,1703218499999,1670910.78116,5397,85463.3,699289.24262,0
1703218500000,8.152,8.192,8.102,8.159,201407.36,1703219399999,1641234.4001,5434,102168.62,832741.45247,0
1703219400000,8.158,8.171,8.091,8.122,328896.79,1703220299999,2673518.33111,7776,172391.07,1401725.91241,0
1703220300000,8.123,8.149,8.043,8.058,466265.0,1703221199999,3769285.56095,11234,219685.11,1776354.70183,0
1703221200000,8.059,8.14,8.05,8.125,198040.74,1703222099999,1604963.19657,4475,101175.42,819795.8324,0
1703222100000,8.124,8.167,8.124,8.155,156944.92,1703222999999,1278933.64237,2832,97986.55,798367.59603,0
1703223000000,8.154,8.193,8.137,8.181,186471.31,1703223899999,1522208.85635,3431,91488.98,746711.76514,0
1703223900000,8.183,8.195,8.113,8.147,104646.18,1703224799999,852857.12638,2364,50209.62,409222.1448,0
1703224800000,8.146,8.169,8.121,8.147,96699.87,1703225699999,787852.54512,2119,48343.47,393783.26552,0
1703225700000,8.147,8.177,8.129,8.156,178360.76,1703226599999,1453969.56813,2469,118090.97,962707.35187,0
1703226600000,8.156,8.159,7.958,8.021,428329.21,1703227499999,3449357.82283,9502,159614.77,1286751.4059,0
1703227500000,8.021,8.062,7.952,7.989,278918.31,1703228399999,2235054.22217,8285,149063.04,1194739.23142,0
1703228400000,7.989,8.024,7.921,8.022,261303.03,1703229299999,2086141.65351,6550,139167.68,1111327.05633,0
1703229300000,8.023,8.042,7.862,7.937,351626.81,1703230199999,2787560.45627,8458,136491.06,1082253.54103,0
1703230200000,7.934,7.935,7.841,7.917,326989.47,1703231099999,2578345.30264,6292,141641.44,1116625.74538,0
1703231100000,7.917,7.944,7.89,7.942,159607.91,1703231999999,1263234.03935,3718,67346.84,533187.4262,0
1703232000000,7.944,8.022,7.934,7.996,178754.37,1703232899999,1428531.44681,3683,87539.63,699632.48297,0
1703232900000,7.999,8.017,7.939,7.988,138280.59,1703233799999,1102967.16355,2761,80066.87,638674.76504,0
1703233800000,7.986,8.013,7.938,7.953,153247.02,1703234699999,1220300.66626,2242,43204.85,344502.91875,0
1703234700000,7.953,8.01,7.953,7.971,105388.45,1703235599999,841587.53742,2307,58642.17,468325.71899,0
1703235600000,7.971,7.985,7.916,7.916,119229.48,1703236499999,948636.56039,2572,45354.83,361015.12654,0
1703236500000,7.916,7.952,7.841,7.881,209130.91,1703237399999,1650201.07948,5141,96707.17,762988.19853,0
1703237400000,7.88,7.963,7.874,7.928,132321.65,1703238299999,1047503.89687,3219,65528.41,518946.33022,0
1703238300000,7.928,7.949,7.914,7.945,96252.23,1703239199999,763448.21017,1681,52392.2,415641.31363,0
1703239200000,7.945,7.963,7.872,7.891,104871.08,1703240099999,829263.82748,2221,49020.15,387751.46807,0
1703240100000,7.891,8.039,7.889,8.037,135654.09,1703240999999,1081430.16174,3534,85887.04,684675.17812,0
1703241000000,8.038,8.038,7.985,8.022,130331.57,1703241899999,1044324.56621,3267,65802.62,527306.05575,0
1703241900000,8.022,8.066,8.014,8.033,174294.01,1703242799999,1401626.17984,3527,101114.4,813300.29682,0
1703242800000,8.034,8.117,8.015,8.117,217498.97,1703243699999,1756336.66198,3872,143876.13,1162188.75846,0
1703243700000,8.116,8.117,8.032,8.059,202362.25,1703244599999,1631805.55538,3499,70372.11,567708.44658,0
1703244600000,8.059,8.104,8.033,8.093,96500.1,1703245499999,779346.92163,2110,60916.52,491924.95052,0
1703245500000,8.093,8.131,8.077,8.131,113665.65,1703246399999,921646.60198,2252,67411.41,546698.55137,0
1703246400000,8.131,8.134,8.023,8.028,190450.49,1703247299999,1540618.07749,3449,91227.66,737928.24473,0
1703247300000,8.029,8.065,8.004,8.03,95392.1,1703248199999,766843.16463,2021,40249.51,323720.30155,0
1703248200000,8.03,8.055,8.01,8.02,69810.98,1703249099999,560860.3733,1597,27902.83,224223.41515,0
1703249100000,8.021,8.042,7.988,8.007,74201.97,1703249999999,594359.41609,1933,32126.13,257401.97139,0
1703250000000,8.008,8.024,7.968,8.007,104232.57,1703250899999,833395.50284,1953,37112.53,296775.92808,0
1703250900000,8.008,8.022,7.963,7.977,90058.15,1703251799999,720070.71359,1690,29543.4,236178.37459,0
1703251800000,7.978,8.084,7.955,8.078,108598.78,1703252699999,871675.76407,2484,62858.18,504754.45653,0
1703252700000,8.078,8.109,8.07,8.088,98423.27,1703253599999,796308.87126,2323,49342.54,399228.00083,0
1703253600000,8.087,8.093,8.02,8.021,90564.79,1703254499999,730326.998,2162,46858.45,377914.67657,0
1703254500000,8.02,8.04,7.932,7.951,164777.55,1703255399999,1315053.848,3197,80438.94,642096.50127,0
1703255400000,7.953,8.012,7.953,7.973,101939.49,1703256299999,814548.14011,1936,40773.39,325734.46669,0
1703256300000,7.974,8.034,7.969,8.028,87069.08,1703257199999,696712.14286,1555,46824.32,374604.61519,0
1703257200000,8.029,8.033,7.926,7.957,167466.97,1703258099999,1332508.14451,2629,48543.61,386455.36098,0
1703258100000,7.958,7.97,7.907,7.959,110760.85,1703258999999,878846.71834,2459,53725.24,426462.82879,0
1703259000000,7.959,8.014,7.937,8.013,102565.72,1703259899999,817825.036,2022,48098.17,383580.63564,0
1703259900000,8.012,8.08,8.008,8.072,132996.25,1703260799999,1071691.69221,2989,52452.4,422643.04418,0
1703260800000,8.071,8.073,7.994,8.005,90873.97,1703261699999,730691.00582,1925,36724.17,295252.89973,0
1703261700000,8.006,8.042,7.999,8.034,64312.78,1703262599999,515758.64342,1358,26898.3,215780.15343,0
1703262600000,8.033,8.04,7.98,8.012,71946.23,1703263499999,576372.04606,1774,33234.55,266315.35248,0
1703263500000,8.013,8.026,7.967,8.026,86003.09,1703264399999,687478.61025,1988,39585.04,316430.63042,0
1703264400000,8.025,8.056,8.023,8.036,64595.68,1703265299999,519201.76235,1515,30604.55,246009.25349,0
1703265300000,8.036,8.065,8.03,8.062,40191.51,1703266199999,323470.22803,1059,21272.39,171170.17652,0
1703266200000,8.062,8.087,8.043,8.072,59813.56,1703267099999,482304.23199,1353,26238.21,211604.03865,0
1703267100000,8.072,8.08,8.037,8.046,46183.63,1703267999999,371962.26115,1016,19872.96,160041.1862,0
1703268000000,8.046,8.053,8.021,8.04,79080.25,1703268899999,635345.64096,1433,40614.08,326263.29883,0
1703268900000,8.04,8.112,8.038,8.108,78798.72,1703269799999,637235.43145,1890,47955.94,387786.46869,0
1703269800000,8.111,8.115,8.063,8.078,92670.43,1703270699999,749839.11462,2050,38605.22,312397.329,0
1703270700000,8.078,8.102,8.063,8.074,65109.2,1703271599999,525640.0346,1236,31941.57,257897.22805,0
1703271600000,8.075,8.077,8.031,8.054,50635.05,1703272499999,407689.55464,1310,21780.27,175306.02974,0
1703272500000,8.053,8.076,8.006,8.054,49886.23,1703273399999,401406.91651,1353,19983.33,160855.80185,0
1703273400000,8.055,8.07,7.948,7.974,148327.65,1703274299999,1184859.17992,4196,78757.48,629118.64112,0
1703274300000,7.973,7.973,7.896,7.925,154809.09,1703275199999,1227787.45725,4958,78183.05,620347.17157,0
1703275200000,7.925,7.968,7.921,7.96,75139.15,1703276099999,596914.42518,1663,42214.36,335369.9289,0
1703276100000,7.961,7.978,7.961,7.975,42838.29,1703276999999,341460.70395,1362,20666.15,164741.69504,0
1703277000000,7.976,7.992,7.961,7.981,142454.15,1703277899999,1136663.11264,3525,89049.62,710683.95493,0
1703277900000,7.982,7.997,7.975,7.985,48670.39,1703278799999,388681.95573,1142,23130.59,184722.14836,0
1703278800000,7.985,8.0,7.975,7.989,55127.47,1703279699999,440226.34461,1051,39249.82,313413.16895,0
1703279700000,7.988,7.995,7.975,7.983,50143.74,1703280599999,400326.40289,1068,21360.5,170552.4822,0
1703280600000,7.984,7.984,7.958,7.965,58871.83,1703281499999,469110.31784,1224,28514.51,227184.15587,0
1703281500000,7.965,7.969,7.947,7.957,81508.02,1703282399999,648604.39545,1303,50658.82,403168.7768,0
1703282400000,7.956,7.974,7.936,7.938,67812.67,1703283299999,539439.56274,1357,39669.62,315619.34769,0
1703283300000,7.939,7.944,7.926,7.927,52205.0,1703284199999,414336.30014,1424,28404.32,225457.72601,0
1703284200000,7.926,7.932,7.897,7.901,59524.17,1703285099999,471050.01321,1515,23862.33,188842.85468,0
1703285100000,7.901,7.962,7.901,7.956,58978.82,1703285999999,468344.7725,1436,38580.64,306221.76567,0
1703286000000,7.957,7.962,7.911,7.949,78965.23,1703286899999,626836.80832,1382,33161.28,263194.14942,0
1703286900000,7.949,7.959,7.931,7.937,70367.91,1703287799999,558755.33528,1608,39110.02,310573.51628,0
1703287800000,7.936,7.942,7.925,7.925,87777.19,1703288699999,696605.47669,1656,42056.41,333766.04402,0
1703288700000,7.926,7.985,7.922,7.954,133754.27,1703289599999,1064849.71516,3166,67145.64,534354.07721,0
1703289600000,7.954,7.958,7.925,7.926,55633.67,1703290499999,441812.46371,1368,23459.7,186289.532,0
1703290500000,7.927,7.937,7.856,7.87,89826.44,1703291399999,708831.9958,2426,38361.91,302771.77963,0
1703291400000,7.869,7.879,7.813,7.859,145570.59,1703292299999,1142088.63556,3677,65275.74,512172.96644,0
1703292300000,7.859,7.885,7.836,7.839,72911.99,1703293199999,573583.44601,1483,35768.43,281377.56388,0
1703293200000,7.839,7.887,7.839,7.856,53197.12,1703294099999,418712.70112,1181,25207.49,198379.82977,0
1703294100000,7.858,7.869,7.802,7.81,121990.35,1703294999999,956680.3862,2188,48041.98,376853.79752,0
1703295000000,7.81,7.855,7.809,7.84,56662.25,1703295899999,444030.01577,1647,30028.26,235255.19056,0
1703295900000,7.84,7.855,7.736,7.743,148861.62,1703296799999,1158855.6967,4122,53607.36,417375.63454,0
1703296800000,7.743,7.763,7.7,7.727,199347.88,1703297699999,1541929.11808,4782,90341.64,699216.85944,0
1703297700000,7.728,7.735,7.674,7.691,129651.46,1703298599999,998971.9109,3530,48705.41,375221.71638,0
1703298600000,7.692,7.711,7.64,7.658,128635.06,1703299499999,985985.02637,3554,56907.25,436254.28912,0
1703299500000,7.659,7.66,7.589,7.589,180157.1,1703300399999,1373207.72475,4291,54708.8,417257.81051,0
1703300400000,7.59,7.66,7.578,7.649,135164.19,1703301299999,1031382.59405,4258,69034.84,526704.49451,0
1703301300000,7.651,7.654,7.604,7.642,82308.35,1703302199999,628350.30671,2639,34805.35,265685.46258,0
1703302200000,7.642,7.649,7.619,7.636,55357.76,1703303099999,422764.82927,1874,22808.69,174209.733,0
1703303100000,7.636,7.655,7.586,7.619,93816.94,1703303999999,715717.15454,2948,32854.21,250592.90156,0
1703304000000,7.619,7.637,7.585,7.62,78732.29,1703304899999,599140.43317,2116,33979.93,258535.71503,0
1703304900000,7.621,7.654,7.609,7.64,64948.78,1703305799999,495581.87969,1843,31667.17,241633.6467,0
1703305800000,7.64,7.64,7.612,7.626,40626.25,1703306699999,309808.9477,1278,16123.19,122934.84515,0
1703306700000,7.625,7.695,7.625,7.692,112357.76,1703307599999,861143.7584,2833,54916.46,421123.43413,0
1703307600000,7.693,7.694,7.659,7.682,71886.17,1703308499999,552100.01939,2360,25933.88,199159.19447,0
1703308500000,7.681,7.733,7.679,7.724,114951.14,1703309399999,885066.73016,2597,61983.67,477385.88207,0
1703309400000,7.724,7.744,7.709,7.727,100869.22,1703310299999,779484.39906,2549,45304.65,350127.02176,0
1703310300000,7.727,7.748,7.712,7.742,44556.4,1703311199999,344604.63284,1227,22195.74,171721.15856,0
1703311200000,7.742,7.745,7.723,7.745,38121.39,1703312099999,294765.15737,963,21498.83,166228.48431,0
1703312100000,7.745,7.757,7.735,7.744,45948.82,1703312999999,355984.17481,1195,18996.29,147182.58468,0
1703313000000,7.745,7.755,7.733,7.747,51507.16,1703313899999,398872.67383,1394,25390.07,196640.94969,0
1703313900000,7.748,7.751,7.718,7.745,60843.43,1703314799999,470918.16668,1555,32265.53,249756.83623,0
1703314800000,7.744,7.747,7.716,7.731,54846.15,1703315699999,424206.56225,1115,19384.27,149910.24851,0
1703315700000,7.731,7.731,7.696,7.706,69230.26,1703316599999,533689.29502,1269,26368.34,203352.61959,0
1703316600000,7.707,7.711,7.684,7.703,48828.51,1703317499999,375698.22149,1191,22207.34,170883.26146,0
1703317500000,7.703,7.747,7.701,7.728,70363.32,1703318399999,543956.22086,1502,32951.12,254700.39699,0
1703318400000,7.727,7.75,7.717,7.736,75224.22,1703319299999,582137.44608,1548,38545.89,298306.36255,0
1703319300000,7.737,7.756,7.729,7.729,107097.37,1703320199999,829372.00891,1547,62135.5,481256.96195,0
1703320200000,7.73,7.749,7.713,7.748,47358.9,1703321099999,366164.69634,1031,25413.31,196474.25236,0
1703321100000,7.748,7.829,7.746,7.808,107787.34,1703321999999,840056.89788,2701,61737.79,480975.78249,0
1703322000000,7.808,7.808,7.759,7.807,65124.71,1703322899999,506730.43923,1558,30423.89,236743.13077,0
1703322900000,7.805,7.835,7.803,7.821,86176.18,1703323799999,673903.48351,1564,51077.59,399418.28558,0
1703323800000,7.82,7.848,7.797,7.84,146439.12,1703324699999,1146431.32873,2427,81731.31,639822.76432,0
1703324700000,7.841,7.845,7.81,7.834,81514.75,1703325599999,638327.13615,1544,41709.89,326618.1928,0
1703325600000,7.831,7.888,7.824,7.888,128176.11,1703326499999,1007364.19196,2448,78978.84,620647.32022,0
1703326500000,7.888,7.904,7.87,7.885,163734.72,1703327399999,1291590.46839,2374,90986.08,717822.82121,0
1703327400000,7.886,7.939,7.867,7.936,169612.48,1703328299999,1339315.44792,3091,75851.81,598977.09538,0
1703328300000,7.939,7.967,7.911,7.922,198672.23,1703329199999,1578059.52162,3293,119057.63,945869.4594,0
1703329200000,7.924,7.939,7.845,7.855,193628.11,1703330099999,1529579.55735,2631,80898.05,639213.13549,0
1703330100000,7.854,7.867,7.828,7.854,117474.35,1703330999999,921689.19199,1930,52997.47,415945.50342,0
1703331000000,7.855,7.855,7.804,7.847,111827.9,1703331899999,875273.28351,2140,46225.85,361809.89321,0
1703331900000,7.847,7.875,7.815,7.837,78183.85,1703332799999,612972.75913,1521,35150.35,275590.28399,0
1703332800000,7.837,7.905,7.814,7.878,142615.91,1703333699999,1121206.86528,2442,79397.86,624240.83231,0
1703333700000,7.878,7.902,7.874,7.892,82420.13,1703334599999,650407.08763,1507,47841.9,377579.12826,0
1703334600000,7.892,7.931,7.853,7.853,120751.96,1703335499999,954454.66903,2376,58995.29,466639.16069,0
1703335500000,7.853,7.885,7.841,7.85,60243.17,1703336399999,473453.38875,1358,25145.22,197525.13875,0
1703336400000,7.849,7.886,7.842,7.878,42504.69,1703337299999,334414.81038,1031,20722.34,163003.81407,0
1703337300000,7.877,7.885,7.834,7.839,61725.49,1703338199999,484726.93129,1237,26918.02,211412.60472,0
1703338200000,7.841,7.849,7.799,7.812,88643.39,1703339099999,693689.15714,1922,39742.92,311104.75983,0
1703339100000,7.811,7.857,7.808,7.851,62620.12,1703339999999,490021.28067,1231,32980.8,258093.21881,0
1703340000000,7.849,7.882,7.813,7.876,83817.31,1703340899999,656911.04559,1270,31132.38,243986.65811,0
1703340900000,7.875,7.878,7.838,7.851,70773.45,1703341799999,556625.15056,1104,29931.03,235401.7265,0
1703341800000,7.85,7.932,7.842,7.919,136861.25,1703342699999,1079901.43057,2420,73218.89,577802.95251,0
1703342700000,7.92,7.922,7.88,7.898,66968.85,1703343599999,528658.25833,1373,33204.44,262138.02321,0
1703343600000,7.898,7.899,7.859,7.864,54908.01,1703344499999,432670.4927,1005,21368.36,168380.85512,0
1703344500000,7.867,7.876,7.833,7.841,96512.44,1703345399999,757241.38994,1234,61996.61,486269.39076,0
1703345400000,7.839,7.841,7.815,7.829,135672.64,1703346299999,1061872.16713,1936,75975.03,594642.68982,0
1703346300000,7.827,7.85,7.801,7.817,141685.11,1703347199999,1108961.21094,1925,90802.6,710659.00624,0
1703347200000,7.818,7.828,7.805,7.827,138725.79,1703348099999,1084144.0621,1741,92529.85,723183.10639,0
1703348100000,7.829,7.836,7.799,7.815,90440.55,1703348999999,707031.78237,1328,43587.88,340916.75801,0
1703349000000,7.816,7.83,7.811,7.827,84472.81,1703349899999,660714.97791,1363,40424.5,316209.16573,0
1703349900000,7.827,7.847,7.825,7.837,150030.96,1703350799999,1175341.45818,2085,94337.26,739021.43103,0
1703350800000,7.835,7.86,7.83,7.84,86422.59,1703351699999,677688.41147,1432,52320.63,410254.39521,0
1703351700000,7.841,7.85,7.81,7.833,77815.43,1703352599999,609079.13379,1253,41920.46,328079.71275,0
1703352600000,7.833,7.85,7.83,7.846,89396.19,1703353499999,700995.37222,1468,38462.18,301615.33491,0
1703353500000,7.846,7.85,7.818,7.832,66670.2,1703354399999,522668.21231,1199,30503.54,239195.3559,0
1703354400000,7.832,7.86,7.822,7.85,82087.84,1703355299999,644070.7472,1221,45591.82,357720.01749,0
1703355300000,7.85,7.872,7.842,7.868,67271.21,1703356199999,528780.60915,1209,41362.75,325184.4137,0
1703356200000,7.868,7.872,7.85,7.864,83232.82,1703357099999,654095.50239,1455,37090.85,291435.37638,0
1703357100000,7.864,7.9,7.858,7.889,152448.81,1703357999999,1202325.78748,2295,82672.91,651942.6585,0
1703358000000,7.888,7.981,7.879,7.961,198020.46,1703358899999,1568759.52266,3812,120889.42,957616.20194,0
1703358900000,7.959,7.994,7.909,7.919,336449.28,1703359799999,2674156.20616,5978,174148.75,1384081.75503,0
1703359800000,7.92,7.935,7.889,7.931,84811.03,1703360699999,670893.11706,1958,36422.14,288186.25953,0
1703360700000,7.931,7.977,7.927,7.952,139587.11,1703361599999,1110015.5294,2269,93099.19,740256.06935,0
1703361600000,7.952,7.978,7.913,7.922,111631.71,1703362499999,887567.36037,2143,51972.09,413251.94885,0
1703362500000,7.923,7.928,7.874,7.891,114946.74,1703363399999,907601.06042,2013,49736.91,392833.15251,0
1703363400000,7.89,7.934,7.89,7.923,74846.7,1703364299999,592165.62554,1422,37730.83,298450.93831,0
1703364300000,7.924,8.08,7.903,8.055,362486.73,1703365199999,2898510.67389,6300,263745.47,2108413.30389,0
1703365200000,8.054,8.075,7.967,8.006,192619.13,1703366099999,1544557.94983,3998,87513.93,701843.50143,0
1703366100000,8.005,8.058,7.996,8.043,241421.94,1703366999999,1939106.92187,3485,118220.06,949472.61623,0
1703367000000,8.042,8.138,8.033,8.124,382797.78,1703367899999,3098460.73256,6806,191487.92,1549758.66407,0
1703367900000,8.125,8.298,8.105,8.21,676430.88,1703368799999,5538998.50418,12268,394936.84,3234788.17853,0
1703368800000,8.209,8.234,8.147,8.169,270140.82,1703369699999,2210904.20958,4218,125944.12,1031290.67242,0
1703369700000,8.169,8.298,8.143,8.285,514984.75,1703370599999,4239706.65042,7213,240730.3,1983173.20314,0
1703370600000,8.284,8.358,8.238,8.336,360286.99,1703371499999,2986250.09187,7148,209123.94,1732900.19103,0
1703371500000,8.336,8.429,8.313,8.411,278100.58,1703372399999,2328026.44603,6502,162761.61,1362569.02626,0
1703372400000,8.411,8.445,8.328,8.44,337221.34,1703373299999,2829191.76542,7083,174240.47,1462610.87121,0
1703373300000,8.439,8.446,8.338,8.389,264726.16,1703374199999,2220119.96102,5375,114962.67,964282.52762,0
1703374200000,8.388,8.393,8.297,8.306,270413.82,1703375099999,2253896.10693,5045,111482.2,929298.73282,0
1703375100000,8.307,8.367,8.302,8.326,223388.06,1703375999999,1861480.86497,4320,118176.26,984887.46462,0
1703376000000,8.326,8.559,8.315,8.459,896866.62,1703376899999,7612311.89833,20479,542869.51,4607600.05222,0
1703376900000,8.459,8.599,8.455,8.56,392776.68,1703377799999,3348890.6692,10071,196725.93,1677637.34974,0
1703377800000,8.561,8.686,8.532,8.596,585733.13,1703378699999,5047881.60737,16379,321660.95,2773338.75655,0
1703378700000,8.598,8.653,8.549,8.576,260911.0,1703379599999,2240618.60559,6328,112763.14,968760.91059,0
1703379600000,8.578,8.632,8.493,8.516,243413.7,1703380499999,2081626.10471,5616,116458.63,995975.09157,0
1703380500000,8.518,8.636,8.504,8.626,222147.81,1703381399999,1908862.89474,4501,92524.28,794792.3323,0
1703381400000,8.626,8.79,8.621,8.774,456108.67,1703382299999,3980579.05254,12654,237556.21,2074417.75357,0
1703382300000,8.775,8.939,8.759,8.891,685720.5,1703383199999,6074641.21465,19484,364298.98,3226962.24409,0
1703383200000,8.892,8.94,8.812,8.905,413925.71,1703384099999,3672281.15762,7800,224016.52,1987933.52583,0
1703384100000,8.907,8.96,8.852,8.932,255501.25,1703384999999,2278543.58274,6182,126128.8,1124835.32311,0
1703385000000,8.931,8.939,8.777,8.823,252945.3,1703385899999,2235954.14714,6131,94453.79,834734.55045,0
1703385900000,8.823,8.847,8.777,8.779,215023.58,1703386799999,1895510.88974,3751,84647.66,746292.894,0
1703386800000,8.778,8.849,8.726,8.749,409911.23,1703387699999,3593003.54787,8139,170119.58,1491082.74035,0
1703387700000,8.749,8.848,8.749,8.819,225783.54,1703388599999,1988699.33295,4415,122280.53,1076520.27777,0
1703388600000,8.82,8.855,8.78,8.804,185587.06,1703389499999,1637140.89421,3029,109036.44,962019.27576,0
1703389500000,8.804,8.847,8.768,8.8,222017.06,1703390399999,1954539.84328,4015,139110.21,1224661.74876,0
1703390400000,8.799,8.8,8.649,8.706,367776.07,1703391299999,3204136.33254,6491,144896.55,1262776.25893,0
1703391300000,8.705,8.748,8.659,8.66,230332.8,1703392199999,2004079.46816,4282,123590.0,1075887.03355,0
1703392200000,8.66,8.731,8.658,8.696,180477.5,1703393099999,1568156.60643,3961,113029.05,982334.44011,0
1703393100000,8.695,8.72,8.671,8.684,145557.97,1703393999999,1265066.95512,3009,68373.46,594435.31918,0
1703394000000,8.685,8.688,8.576,8.66,242415.08,1703394899999,2089757.84009,5729,115267.47,993742.30638,0
1703394900000,8.661,8.663,8.6,8.652,122471.89,1703395799999,1056690.33064,2490,46574.68,401976.36529,0
1703395800000,8.655,8.657,8.426,8.516,468405.03,1703396699999,3986793.54492,10495,242604.29,2064434.49212,0
1703396700000,8.515,8.579,8.475,8.487,261747.49,1703397599999,2230867.34776,5639,135099.39,1151928.95716,0
1703397600000,8.49,8.522,8.381,8.391,267270.28,1703398499999,2259330.92348,5830,119402.23,1009705.94246,0
1703398500000,8.392,8.445,8.382,8.393,180620.33,1703399399999,1519753.29371,3451,97971.47,824572.3683,0
1703399400000,8.392,8.433,8.372,8.393,150764.14,1703400299999,1267945.70012,2979,85429.68,718498.03704,0
1703400300000,8.393,8.41,8.327,8.382,205426.42,1703401199999,1717470.65857,4920,98178.7,820757.48901,0
1703401200000,8.382,8.452,8.355,8.447,197070.55,1703402099999,1657916.54174,3359,122576.13,1031284.12854,0
1703402100000,8.447,8.54,8.417,8.53,246059.28,1703402999999,2087284.01576,6407,127001.63,1077325.31814,0
1703403000000,8.531,8.568,8.485,8.562,187007.62,1703403899999,1594593.76172,4264,94843.95,808833.19382,0
1703403900000,8.562,8.6,8.553,8.591,211567.38,1703404799999,1814413.60851,4108,104551.22,896602.43375,0
1703404800000,8.592,8.611,8.516,8.545,223304.36,1703405699999,1912529.94579,4211,109382.78,936975.30276,0
1703405700000,8.545,8.674,8.514,8.628,300621.05,1703406599999,2592188.32786,5716,182016.03,1569236.08269,0
1703406600000,8.628,8.741,8.621,8.739,426676.61,1703407499999,3709608.51641,7335,231399.51,2011493.63869,0
1703407500000,8.739,8.787,8.688,8.779,452926.94,1703408399999,3957559.73796,8006,278163.47,2430491.10564,0
1703408400000,8.78,8.78,8.687,8.697,253293.32,1703409299999,2209414.89975,4660,114820.32,1001687.84036,0
1703409300000,8.696,8.768,8.669,8.767,187335.6,1703410199999,1631969.72934,3215,109111.86,950999.36527,0
1703410200000,8.767,8.8,8.709,8.798,271503.63,1703411099999,2376110.04476,4684,149828.93,1311371.09466,0
1703411100000,8.798,8.921,8.789,8.903,430773.12,1703411999999,3819996.04381,9251,252813.84,2242286.20949,0
1703412000000,8.905,9.0,8.832,8.884,777324.54,1703412899999,6951031.4421,16191,425482.89,3803425.18936,0
1703412900000,8.885,8.892,8.7,8.709,505494.91,1703413799999,4428082.88083,10683,231314.0,2025679.5706,0
1703413800000,8.709,8.77,8.67,8.706,415239.39,1703414699999,3619170.94147,7974,204508.31,1782449.99089,0
1703414700000,8.707,8.888,8.69,8.881,243396.19,1703415599999,2140766.10673,5580,143728.97,1264388.62243,0
1703415600000,8.879,8.97,8.852,8.902,449642.8,1703416499999,4009558.178,9341,257323.72,2294481.75114,0
1703416500000,8.906,9.144,8.893,9.104,801957.79,1703417399999,7266540.08117,17984,477634.37,4327057.54443,0
1703417400000,9.103,9.13,8.979,9.008,472499.69,1703418299999,4268468.29174,9426,199749.12,1805223.26628,0
1703418300000,9.007,9.057,8.938,9.057,300111.11,1703419199999,2697435.77902,6364,158180.51,1421865.96283,0
1703419200000,9.056,9.057,8.946,8.974,241568.28,1703420099999,2168895.53626,5593,114477.01,1027595.5383,0
1703420100000,8.974,9.034,8.866,8.896,354265.03,1703420999999,3171427.77644,7426,146281.55,1310292.27498,0
1703421000000,8.896,9.042,8.874,9.027,230739.59,1703421899999,2067757.86169,5078,117656.68,1054625.29273,0
1703421900000,9.027,9.031,8.929,8.948,235930.45,1703422799999,2117445.8536,4854,116653.74,1046842.74483,0
1703422800000,8.948,9.047,8.916,9.032,224280.0,1703423699999,2012137.39646,4505,107247.96,962676.06485,0
1703423700000,9.032,9.141,9.001,9.134,327436.14,1703424599999,2973577.74727,6780,181620.67,1649787.28706,0
1703424600000,9.136,9.2,8.992,9.032,684022.13,1703425499999,6236361.21168,16875,354852.01,3234809.83176,0
1703425500000,9.03,9.137,9.02,9.067,348204.74,1703426399999,3156768.97019,7168,182886.06,1657824.11286,0
1703426400000,9.067,9.13,9.0,9.011,364824.37,1703427299999,3309706.9948,7587,185340.78,1681671.1347,0
1703427300000,9.012,9.038,8.95,9.037,329852.46,1703428199999,2965484.49788,6529,141751.55,1274576.1481,0
1703428200000,9.038,9.038,8.96,8.965,236685.29,1703429099999,2131919.96927,4277,99308.28,895186.62767,0
1703429100000,8.965,9.0,8.876,8.903,390409.15,1703429999999,3487240.31938,9429,173897.58,1554029.55558,0
1703430000000,8.904,8.93,8.836,8.926,286268.84,1703430899999,2544248.65825,5942,131415.77,1168131.05494,0
1703430900000,8.926,9.003,8.908,8.952,201308.92,1703431799999,1803698.22742,4171,112818.63,1010873.01819,0
1703431800000,8.952,9.025,8.931,8.977,216289.5,1703432699999,1942048.94633,4825,117053.3,1051358.77437,0
1703432700000,8.977,9.007,8.925,8.931,173796.75,1703433599999,1559543.64527,4032,78994.32,709086.91509,0
1703433600000,8.931,8.939,8.774,8.852,486031.89,1703434499999,4305589.79255,10311,187730.41,1663377.50708,0
1703434500000,8.851,8.881,8.828,8.869,228378.81,1703435399999,2022826.98943,4175,104235.93,923328.24213,0
1703435400000,8.868,8.914,8.836,8.906,145180.08,1703436299999,1288679.47214,3149,65323.32,579558.09177,0
1703436300000,8.907,8.966,8.878,8.96,138326.66,1703437199999,1234872.19376,3598,69451.6,620024.35307,0
1703437200000,8.959,9.0,8.9,8.997,310505.64,1703438099999,2780389.95415,6273,172352.64,1543322.83798,0
1703438100000,8.996,9.005,8.897,8.964,237078.01,1703438999999,2121628.50274,4194,143658.05,1285870.42871,0
1703439000000,8.963,8.998,8.929,8.937,142064.14,1703439899999,1273068.94083,3079,65078.27,583368.15806,0
1703439900000,8.936,8.964,8.867,8.94,119046.72,1703440799999,1060481.204,3022,61096.66,544304.38363,0
1703440800000,8.94,9.03,8.929,8.965,285737.87,1703441699999,2566941.74087,6030,156832.14,1408264.65553,0
1703441700000,8.965,9.014,8.937,8.987,111468.24,1703442599999,999969.73697,2404,57050.72,511531.23169,0
1703442600000,8.987,9.004,8.881,8.927,276874.94,1703443499999,2471699.25204,5568,153564.85,1370567.82526,0
1703443500000,8.927,8.974,8.886,8.971,171442.64,1703444399999,1529771.76532,3716,92783.21,827580.52848,0
1703444400000,8.972,8.975,8.867,8.875,127962.76,1703445299999,1139131.08911,2852,61847.62,550336.69646,0
1703445300000,8.876,8.899,8.833,8.845,125618.66,1703446199999,1113545.16673,2940,57908.48,513395.51294,0
1703446200000,8.844,8.867,8.8,8.827,97401.21,1703447099999,860056.89055,2943,45230.21,399397.77812,0
1703447100000,8.826,8.891,8.82,8.868,92637.17,1703447999999,821347.18257,1944,43047.97,381686.89972,0
1703448000000,8.87,8.916,8.841,8.913,89300.54,1703448899999,792848.78243,2127,50912.28,451970.9179,0
1703448900000,8.913,8.941,8.893,8.91,60109.26,1703449799999,535990.11157,1943,30103.31,268432.44181,0
1703449800000,8.91,8.941,8.771,8.795,192333.17,1703450699999,1704184.09917,5185,77201.48,684856.05101,0
1703450700000,8.795,8.805,8.732,8.762,172427.72,1703451599999,1512051.1821,4692,78969.54,692693.8809,0
1703451600000,8.763,8.869,8.76,8.819,100676.22,1703452499999,886368.85873,3104,57403.66,505584.02708,0
1703452500000,8.818,8.824,8.772,8.772,88874.7,1703453399999,781701.91948,1834,42974.2,377988.76185,0
1703453400000,8.773,8.784,8.709,8.737,111790.27,1703454299999,977524.99674,3213,57227.15,500402.65528,0
1703454300000,8.737,8.761,8.706,8.722,77974.49,1703455199999,680936.76481,2242,39728.35,346962.4712,0
1703455200000,8.722,8.768,8.613,8.647,169742.45,1703456099999,1476381.61676,4364,71803.59,624635.09448,0
1703456100000,8.651,8.685,8.5,8.67,456119.24,1703456999999,3917285.38699,12526,205687.66,1766841.4914,0
1703457000000,8.669,8.729,8.57,8.642,224081.94,1703457899999,1938021.72854,5889,110750.45,957918.39518,0
1703457900000,8.642,8.657,8.527,8.618,161310.9,1703458799999,1385020.50535,4434,76739.28,658647.85282,0
1703458800000,8.62,8.692,8.583,8.675,143998.67,1703459699999,1244633.24511,2963,86285.59,746101.32189,0
1703459700000,8.675,8.7,8.65,8.658,101982.81,1703460599999,885181.01236,1877,34651.02,300703.54018,0
1703460600000,8.658,8.658,8.616,8.629,93581.22,1703461499999,808034.79336,1929,39014.22,336756.73496,0
1703461500000,8.63,8.699,8.605,8.611,114353.52,1703462399999,989385.0761,2466,61542.26,532586.0727,0
1703462400000,8.612,8.767,8.61,8.709,214034.05,1703463299999,1865340.26745,4924,124740.15,1087145.856,0
1703463300000,8.707,8.707,8.513,8.592,201144.92,1703464199999,1726954.60188,5029,92003.57,789613.84779,0
1703464200000,8.593,8.608,8.499,8.502,162497.34,1703465099999,1389143.32517,3516,55604.63,475777.0678,0
1703465100000,8.503,8.683,8.503,8.674,144638.75,1703465999999,1246712.388,3568,76410.0,658491.11269,0
1703466000000,8.674,8.805,8.674,8.783,170133.61,1703466899999,1486651.97739,4232,93238.92,814683.92187,0
1703466900000,8.784,8.911,8.776,8.858,359436.84,1703467799999,3184549.44374,9598,198831.48,1761666.70834,0
1703467800000,8.86,8.861,8.79,8.819,123942.77,1703468699999,1093937.206,2792,60720.77,535981.40824,0
1703468700000,8.819,8.825,8.71,8.714,107896.84,1703469599999,945556.81808,2834,52212.58,457401.20205,0
1703469600000,8.714,8.794,8.705,8.776,92644.91,1703470499999,810463.23913,2371,43207.72,378208.74397,0
1703470500000,8.776,8.782,8.68,8.685,72206.0,1703471399999,630171.21742,1821,25855.13,225614.85938,0
1703471400000,8.685,8.703,8.584,8.651,185266.73,1703472299999,1597957.93423,5538,76511.07,659781.19737,0
1703472300000,8.652,8.711,8.651,8.691,78503.46,1703473199999,681839.26602,2144,37682.5,327368.44845,0
1703473200000,8.691,8.714,8.662,8.704,70061.17,1703474099999,608794.5413,1516,33002.55,286742.71571,0
1703474100000,8.705,8.76,8.701,8.716,107798.31,1703474999999,941206.25917,1876,69391.66,605879.99387,0
1703475000000,8.717,8.725,8.707,8.709,77169.93,1703475899999,673026.42782,1254,51824.02,452015.80514,0
1703475900000,8.709,8.757,8.692,8.741,102545.07,1703476799999,894340.56529,1693,59193.33,516380.16311,0
1703476800000,8.743,8.772,8.716,8.756,66583.72,1703477699999,581826.35219,1700,31069.77,271445.52044,0
1703477700000,8.758,8.828,8.736,8.815,163830.46,1703478599999,1440370.86956,2774,85102.57,748117.70529,0
1703478600000,8.816,8.865,8.808,8.862,181809.04,1703479499999,1605891.46367,3025,100697.94,889767.21183,0
1703479500000,8.864,8.91,8.845,8.898,262088.76,1703480399999,2327546.58308,5515,172410.43,1531246.0027,0
1703480400000,8.896,8.993,8.734,8.92,862641.54,1703481299999,7639348.40083,18824,397213.45,3524132.66256,0
1703481300000,8.92,8.979,8.894,8.949,376022.27,1703482199999,3357363.874,7910,247240.51,2208176.70724,0
1703482200000,8.946,9.054,8.942,9.041,252010.65,1703483099999,2269976.10435,6015,140594.78,1266139.09503,0
1703483100000,9.041,9.212,9.034,9.21,559591.71,1703483999999,5122434.10919,14757,306427.62,2805660.7137,0
1703484000000,9.21,9.215,9.137,9.208,342093.75,1703484899999,3144361.5389,7807,175064.27,1609181.18509,0
1703484900000,9.209,9.4,9.155,9.35,549647.03,1703485799999,5086995.38115,14860,363434.98,3364630.1837,0
1703485800000,9.351,9.4,9.232,9.26,554380.64,1703486699999,5173295.39651,13821,291042.11,2717142.94273,0
1703486700000,9.261,9.328,9.241,9.284,221154.57,1703487599999,2053018.33484,4848,119250.79,1107132.69517,0
1703487600000,9.283,9.4,9.232,9.293,564647.14,1703488499999,5266327.31943,12797,299884.73,2797769.81954,0
1703488500000,9.295,9.333,9.182,9.21,332507.8,1703489399999,3071782.2331,8685,153200.51,1414624.41342,0
1703489400000,9.209,9.295,9.195,9.204,244344.48,1703490299999,2257360.35618,5257,113041.71,1044448.50099,0
1703490300000,9.202,9.273,9.167,9.2,231759.03,1703491199999,2135515.35362,5165,115688.03,1066128.0655,0
1703491200000,9.2,9.295,9.176,9.275,215594.78,1703492099999,1993472.01036,4831,119273.88,1102744.05417,0
1703492100000,9.275,9.31,9.208,9.25,307277.9,1703492999999,2849172.17689,6590,149146.12,1383013.62866,0
1703493000000,9.25,9.298,9.204,9.232,254059.84,1703493899999,2348758.60655,5824,124075.11,1147013.51122,0
1703493900000,9.232,9.232,9.093,9.124,344100.26,1703494799999,3148307.63052,8301,148991.08,1362862.68085,0
1703494800000,9.123,9.192,9.046,9.049,300083.8,1703495699999,2735672.43565,7457,137761.04,1256320.28843,0
1703495700000,9.049,9.114,9.02,9.083,143323.18,1703496599999,1299464.71642,4185,85943.34,779220.19691,0
1703496600000,9.083,9.105,9.01,9.039,318971.47,1703497499999,2885436.59961,7279,161021.36,1456924.86781,0
1703497500000,9.038,9.08,9.003,9.054,260818.24,1703498399999,2357271.14441,6192,142487.31,1287584.98928,0
1703498400000,9.054,9.113,9.05,9.076,107843.23,1703499299999,979492.30569,2547,52805.52,479648.60257,0
1703499300000,9.075,9.146,9.056,9.144,167818.3,1703500199999,1527106.38502,3610,82370.43,749776.24103,0
1703500200000,9.141,9.208,9.126,9.193,153589.73,1703501099999,1408470.89592,3784,94792.92,869372.65942,0
1703501100000,9.193,9.24,9.184,9.232,143300.02,1703501999999,1319823.77692,3215,76727.32,706861.23574,0
1703502000000,9.233,9.273,9.162,9.22,186863.79,1703502899999,1723543.77039,4910,90616.49,836197.89883,0
1703502900000,9.222,9.241,9.18,9.238,124548.46,1703503799999,1146871.13345,2515,64465.03,593541.32513,0
1703503800000,9.239,9.29,9.17,9.185,212786.52,1703504699999,1967161.24818,5770,94826.02,877074.9283,0
1703504700000,9.184,9.195,9.125,9.142,142590.13,1703505599999,1306026.59716,2998,68251.93,625292.81558,0
1703505600000,9.139,9.171,9.095,9.107,157851.01,1703506499999,1441477.1233,3285,77570.86,708618.41222,0
1703506500000,9.109,9.116,9.049,9.055,171709.74,1703507399999,1557774.61658,3875,94260.88,855370.6797,0
1703507400000,9.056,9.129,9.055,9.129,138192.51,1703508299999,1256450.76032,2985,78429.76,713069.83819,0
1703508300000,9.127,9.262,9.11,9.248,220516.69,1703509199999,2026570.72153,4773,126360.47,1161290.92319,0
1703509200000,9.248,9.269,9.162,9.193,211275.6,1703510099999,1943700.63318,4214,93968.08,864575.42494,0
1703510100000,9.191,9.198,9.1,9.127,138657.64,1703510999999,1266752.10799,3368,63078.41,576130.69666,0
1703511000000,9.126,9.165,9.101,9.138,90326.82,1703511899999,824390.80239,2268,46119.92,420886.86252,0
1703511900000,9.137,9.191,9.121,9.14,82058.57,1703512799999,751842.80705,2519,41034.04,376050.61786,0
1703512800000,9.14,9.146,9.104,9.114,103511.64,1703513699999,944135.32576,1970,40877.37,372929.24847,0
1703513700000,9.115,9.154,9.054,9.143,105473.1,1703514599999,959413.86205,2658,40765.93,370921.31622,0
1703514600000,9.143,9.153,9.082,9.146,104167.82,1703515499999,949568.75254,2311,45135.35,411513.91517,0
1703515500000,9.15,9.206,9.141,9.202,115474.17,1703516399999,1059410.37325,2801,57737.09,529825.61404,0
1703516400000,9.202,9.207,9.121,9.176,155167.8,1703517299999,1422762.02644,3710,74742.59,685521.52627,0
1703517300000,9.177,9.249,9.177,9.186,204366.19,1703518199999,1883271.27351,4142,107606.78,991626.43977,0
1703518200000,9.185,9.198,9.125,9.14,209868.52,1703519099999,1923212.44935,4123,106862.04,979461.98228,0
1703519100000,9.139,9.179,9.118,9.167,152321.33,1703519999999,1393078.7278,2967,86585.06,791783.84756,0
1703520000000,9.168,9.173,9.088,9.113,172151.86,1703520899999,1572308.1926,3557,94419.53,862755.28353,0
1703520900000,9.112,9.14,9.066,9.072,221470.04,1703521799999,2015643.01572,3958,94139.1,857140.63157,0
1703521800000,9.073,9.09,8.911,8.941,741173.67,1703522699999,6658548.26648,16350,270666.44,2429338.63859,0
1703522700000,8.942,8.963,8.906,8.948,165281.86,1703523599999,1476399.02977,3797,80089.16,715530.95771,0
1703523600000,8.947,9.031,8.945,9.031,148796.69,1703524499999,1338687.17415,4235,85598.16,770054.17289,0
1703524500000,9.031,9.136,9.028,9.133,180836.02,1703525399999,1642180.14546,5141,103107.51,936564.32516,0
1703525400000,9.133,9.243,9.133,9.169,234285.82,1703526299999,2153497.73333,7236,132805.06,1220789.27731,0
1703526300000,9.17,9.248,9.163,9.247,156944.84,1703527199999,1445901.39861,3807,81435.58,750383.6704,0
1703527200000,9.247,9.326,9.203,9.224,310989.56,1703528099999,2883692.99113,8780,151744.14,1407902.62618,0
1703528100000,9.222,9.284,9.21,9.282,107583.4,1703528999999,994373.13973,2322,65931.27,609417.31402,0
1703529000000,9.283,9.357,9.249,9.348,220777.85,1703529899999,2058270.43496,5054,132309.67,1233521.70736,0
1703529900000,9.348,9.364,9.246,9.33,191785.18,1703530799999,1786010.27823,5899,84932.01,790756.9883,0
1703530800000,9.329,9.346,9.204,9.235,279391.99,1703531699999,2589593.77321,6756,100406.39,930934.25524,0
1703531700000,9.237,9.298,9.125,9.182,394198.37,1703532599999,3623311.85636,9139,124861.39,1148354.79381,0
1703532600000,9.181,9.219,9.179,9.191,71652.82,1703533499999,659046.55911,2092,35031.54,322251.98303,0
1703533500000,9.191,9.214,9.159,9.169,108550.06,1703534399999,996941.29711,2152,48164.28,442549.48392,0
1703534400000,9.167,9.28,9.146,9.229,183779.27,1703535299999,1696922.35297,3798,99733.17,920180.60566,0
1703535300000,9.229,9.293,9.168,9.177,90937.78,1703536199999,839551.25475,2721,50027.14,462077.75509,0
1703536200000,9.176,9.211,9.0,9.057,284887.69,1703537099999,2586046.10685,6760,99670.8,907088.12207,0
1703537100000,9.057,9.108,9.045,9.093,116383.59,1703537999999,1056809.28222,2820,68869.65,625592.39269,0
1703538000000,9.093,9.129,9.029,9.115,131080.74,1703538899999,1190112.02767,3180,70661.07,641746.40862,0
1703538900000,9.117,9.163,9.089,9.108,93443.61,1703539799999,852763.62924,2312,52307.16,477288.1767,0
1703539800000,9.11,9.161,9.103,9.155,93539.81,1703540699999,854106.3007,2053,52034.15,475123.12786,0
1703540700000,9.155,9.19,9.153,9.174,59019.52,1703541599999,541517.38349,1514,35473.32,325466.07565,0
1703541600000,9.174,9.212,9.154,9.212,89139.32,1703542499999,818328.00438,1852,48041.64,441134.70192,0
1703542500000,9.211,9.248,9.199,9.241,87094.76,1703543399999,803399.70542,2124,50121.32,462290.88376,0
1703543400000,9.24,9.263,9.209,9.211,76976.15,1703544299999,711773.22246,1642,26954.23,249282.48424,0
1703544300000,9.21,9.234,9.165,9.193,73132.52,1703545199999,673203.9601,2196,34210.87,314716.19414,0
1703545200000,9.192,9.309,9.168,9.307,131684.87,1703546099999,1216723.30652,3832,78638.72,726487.00722,0
1703546100000,9.308,9.31,9.263,9.267,95227.17,1703546999999,884698.27278,2636,43815.62,407055.62548,0
1703547000000,9.265,9.289,9.2,9.202,81572.5,1703547899999,752862.71513,1811,21865.75,202040.47971,0
1703547900000,9.202,9.239,9.133,9.191,130804.76,1703548799999,1202707.67051,2502,45528.58,419254.30644,0
1703548800000,9.192,9.328,9.19,9.31,170021.74,1703549699999,1575757.68544,4468,115835.17,1073245.30325,0
1703549700000,9.31,9.46,9.306,9.386,384882.78,1703550599999,3614396.46114,13142,239028.49,2244869.30412,0
1703550600000,9.386,9.552,9.386,9.493,479326.29,1703551499999,4550992.65367,14001,250279.25,2376487.70908,0
1703551500000,9.493,9.532,9.45,9.49,250024.59,1703552399999,2371706.21153,6331,123444.59,1171395.33965,0
1703552400000,9.49,9.586,9.464,9.585,215859.24,1703553299999,2058309.65636,6870,116142.89,1108228.56499,0
1703553300000,9.585,9.593,9.416,9.464,224419.52,1703554199999,2130708.65036,5959,93685.77,889463.62503,0
1703554200000,9.466,9.466,9.343,9.359,185253.76,1703555099999,1737470.66951,5168,78926.29,740575.6079,0
1703555100000,9.358,9.413,9.326,9.399,96506.53,1703555999999,904396.83663,2925,55312.59,518302.65591,0
1703556000000,9.398,9.44,9.382,9.412,90149.56,1703556899999,848711.15201,2989,50200.45,472607.43116,0
1703556900000,9.412,9.472,9.402,9.448,76636.92,1703557799999,723659.27824,2070,38722.92,365591.17539,0
1703557800000,9.443,9.453,9.383,9.403,65970.9,1703558699999,621029.27596,1526,29431.91,277057.84229,0
1703558700000,9.405,9.409,9.333,9.338,80500.28,1703559599999,753632.70034,2388,31926.83,298757.92441,0
1703559600000,9.338,9.399,9.309,9.39,94188.46,1703560499999,879580.05446,3023,55200.69,515553.10589,0
1703560500000,9.389,9.394,9.359,9.372,52391.33,1703561399999,491210.45149,1475,23897.94,224118.40127,0
1703561400000,9.372,9.375,9.278,9.291,102321.64,1703562299999,952661.87941,3036,41724.09,388642.37467,0
1703562300000,9.29,9.322,9.268,9.297,62498.84,1703563199999,580982.39596,2015,31297.34,290966.39565,0
1703563200000,9.297,9.385,9.292,9.374,97269.97,1703564099999,909497.05952,2395,45417.11,424518.55723,0
1703564100000,9.37,9.408,9.358,9.364,72298.06,1703564999999,678571.11724,1916,39496.37,370761.71804,0
1703565000000,9.368,9.369,9.32,9.344,43462.01,1703565899999,406003.58797,1514,23044.02,215275.00777,0
1703565900000,9.343,9.376,9.331,9.369,75119.44,1703566799999,702369.75829,1356,24658.56,230516.23018,0
1703566800000,9.369,9.376,9.265,9.273,106452.88,1703567699999,991529.83009,2659,57977.67,540023.01513,0
1703567700000,9.275,9.292,9.201,9.207,139610.11,1703568599999,1291997.18472,3313,55894.23,517441.82428,0
1703568600000,9.208,9.231,9.0,9.068,449029.01,1703569499999,4085380.53871,13885,183678.7,1671080.45899,0
1703569500000,9.07,9.142,9.016,9.063,236103.87,1703570399999,2146831.7632,5157,124047.91,1128636.708,0
1703570400000,9.063,9.075,8.974,9.051,279374.66,1703571299999,2521932.30256,7557,122097.63,1102521.51778,0
1703571300000,9.05,9.198,9.042,9.139,217880.53,1703572199999,1993321.11691,5815,117430.99,1074068.08043,0
1703572200000,9.14,9.2,9.131,9.172,121593.94,1703573099999,1114903.44478,3202,58403.79,535539.82423,0
1703573100000,9.174,9.2,8.893,8.997,966083.86,1703573999999,8703953.53853,16664,468002.03,4213772.92075,0
1703574000000,8.995,9.123,8.936,9.059,297945.78,1703574899999,2687870.11153,8076,171728.05,1549558.92602,0
1703574900000,9.06,9.138,9.028,9.117,125758.92,1703575799999,1143357.20217,3972,55376.44,503180.78256,0
1703575800000,9.116,9.141,9.059,9.071,116419.97,1703576699999,1059972.69601,3312,50336.1,458425.40925,0
1703576700000,9.07,9.106,9.046,9.103,69944.08,1703577599999,634271.30381,2025,33964.07,308026.34061,0
1703577600000,9.098,9.125,9.0,9.02,103740.76,1703578499999,940697.85606,3069,48144.72,436553.1306,0
1703578500000,9.02,9.021,8.895,8.942,273488.29,1703579399999,2447939.48703,8015,101053.53,904751.80972,0
1703579400000,8.94,9.03,8.887,9.03,173947.42,1703580299999,1559484.07811,4538,79103.79,709094.58304,0
1703580300000,9.03,9.046,8.987,8.994,144851.31,1703581199999,1305647.56371,3191,55148.48,497146.5208,0
1703581200000,8.995,9.012,8.96,8.973,91300.75,1703582099999,820839.39739,1828,39697.01,356900.97244,0
1703582100000,8.973,9.02,8.965,9.006,141573.68,1703582999999,1273111.89896,3265,73663.67,662351.25432,0
1703583000000,9.007,9.061,8.9,8.923,129826.75,1703583899999,1165371.73844,4277,54022.21,485617.33056,0
1703583900000,8.919,8.979,8.854,8.954,262094.49,1703584799999,2340549.38539,6799,110185.32,984262.67741,0
1703584800000,8.954,9.049,8.938,9.025,149233.44,1703585699999,1342086.56612,4095,68018.21,611394.67297,0
1703585700000,9.026,9.089,9.0,9.083,101376.92,1703586599999,916648.18433,2881,47301.69,427833.17279,0
1703586600000,9.084,9.161,9.08,9.154,205915.73,1703587499999,1878186.86823,5896,121797.57,1110957.17717,0
1703587500000,9.155,9.186,9.117,9.136,164716.97,1703588399999,1508539.54992,4148,81136.97,742966.53302,0
1703588400000,9.137,9.148,9.074,9.094,124794.35,1703589299999,1136676.13305,2567,55950.33,509783.24896,0
1703589300000,9.094,9.122,9.065,9.07,79861.18,1703590199999,726180.25069,2012,39405.07,358404.44835,0
1703590200000,9.072,9.153,9.067,9.146,106431.8,1703591099999,969340.35665,2390,50740.46,462187.10611,0
1703591100000,9.146,9.173,9.117,9.167,86097.02,1703591999999,787486.09195,1989,45907.13,419933.3347,0
1703592000000,9.167,9.188,9.112,9.12,132384.57,1703592899999,1212519.63152,2344,66720.88,611407.31744,0
1703592900000,9.116,9.21,9.113,9.141,159080.68,1703593799999,1457742.88266,2853,73355.61,672245.20343,0
1703593800000,9.14,9.148,9.073,9.077,95301.48,1703594699999,867134.28905,2566,41662.95,379114.74786,0
1703594700000,9.078,9.14,9.073,9.139,130835.25,1703595599999,1191912.1823,2741,71075.28,647500.45905,0
1703595600000,9.138,9.155,9.093,9.097,73465.84,1703596499999,670475.12231,1940,33070.98,301826.4159,0
1703596500000,9.095,9.141,9.022,9.049,195608.36,1703597399999,1775228.84968,3844,87085.9,790306.92253,0
1703597400000,9.047,9.126,9.017,9.12,106132.19,1703598299999,962048.13886,2851,49188.54,445777.28788,0
1703598300000,9.123,9.136,9.089,9.098,124007.43,1703599199999,1130266.76381,2175,56990.42,519332.99226,0
1703599200000,9.097,9.1,9.01,9.015,197700.43,1703600099999,1788973.96221,3647,92561.67,837630.44411,0
1703600100000,9.014,9.118,8.983,9.109,152046.11,1703600999999,1374137.1779,3690,75522.12,682502.49765,0
1703601000000,9.109,9.121,9.025,9.038,67131.71,1703601899999,609206.41565,1894,34332.44,311629.89781,0
1703601900000,9.04,9.055,8.966,8.991,130345.55,1703602799999,1175647.82999,2747,57349.75,517714.25877,0
1703602800000,8.991,9.006,8.921,8.939,171291.54,1703603699999,1536248.38135,4161,76744.26,688268.21932,0
1703603700000,8.938,9.026,8.926,9.01,94231.56,1703604599999,847747.20497,2263,42006.77,377896.73363,0
1703604600000,9.012,9.055,8.949,8.953,93473.09,1703605499999,842002.76269,2381,36292.32,327238.24013,0
1703605500000,8.954,8.955,8.817,8.853,284481.16,1703606399999,2523061.30915,7955,108065.3,958134.38402,0
1703606400000,8.855,8.887,8.826,8.851,181431.03,1703607299999,1606349.25215,4456,87239.24,772542.24886,0
1703607300000,8.852,8.922,8.828,8.905,98512.09,1703608199999,874285.01679,3742,48725.69,432433.10071,0
1703608200000,8.905,8.934,8.853,8.854,133623.75,1703609099999,1188784.32772,2900,65342.97,581369.83925,0
1703609100000,8.855,8.885,8.822,8.859,100923.19,1703609999999,893350.63578,2450,38554.98,341495.27618,0
1703610000000,8.859,8.889,8.813,8.822,98459.85,1703610899999,870509.63263,2680,43475.46,384403.55617,0
1703610900000,8.821,8.84,8.694,8.749,217468.61,1703611799999,1904707.58825,6845,75940.55,664908.77423,0
1703611800000,8.748,8.762,8.353,8.565,635701.03,1703612699999,5425732.93936,21215,245929.3,2101537.09544,0
1703612700000,8.566,8.642,8.509,8.611,254382.55,1703613599999,2179397.33131,10347,135264.46,1159178.44899,0
1703613600000,8.613,8.706,8.607,8.641,193002.38,1703614499999,1671066.18156,5847,76382.97,661497.43549,0
1703614500000,8.637,8.674,8.536,8.551,223327.37,1703615399999,1916247.78587,5154,89103.3,764983.74943,0
1703615400000,8.548,8.615,8.528,8.615,139855.78,1703616299999,1198102.91348,3214,87955.2,753612.4593,0
1703616300000,8.613,8.694,8.613,8.687,82267.51,1703617199999,711906.59781,2477,41337.68,357650.55998,0
1703617200000,8.688,8.707,8.629,8.689,128014.78,1703618099999,1110296.52002,2872,56915.1,493628.14373,0
1703618100000,8.688,8.741,8.683,8.727,106003.13,1703618999999,923428.74342,2571,61281.89,533723.61636,0
1703619000000,8.727,8.737,8.67,8.676,82815.79,1703619899999,719904.46355,2113,40496.31,352053.75981,0
1703619900000,8.676,8.685,8.632,8.643,128296.75,1703620799999,1111019.52247,2956,65423.61,566531.59566,0
1703620800000,8.641,8.73,8.635,8.722,85697.34,1703621699999,745314.94496,1721,45935.76,399463.85554,0
1703621700000,8.722,8.755,8.711,8.733,88982.49,1703622599999,777413.62221,1919,40991.09,358120.79398,0
1703622600000,8.733,8.738,8.7,8.703,77805.96,1703623499999,678144.75251,1575,31750.32,276776.3949,0
1703623500000,8.704,8.716,8.666,8.681,100114.85,1703624399999,870617.17281,1872,52408.36,455735.08879,0
1703624400000,8.681,8.705,8.672,8.701,43279.82,1703625299999,376020.16566,1071,21922.13,190467.63934,0
1703625300000,8.703,8.79,8.7,8.789,125661.81,1703626199999,1099998.99647,2349,68801.29,602117.88146,0
1703626200000,8.788,8.794,8.698,8.722,204694.52,1703627099999,1789692.05506,4016,87181.3,761756.00099,0
1703627100000,8.719,8.763,8.698,8.758,74314.21,1703627999999,648547.80365,1473,38432.72,335545.99267,0
1703628000000,8.758,8.788,8.738,8.777,76922.52,1703628899999,674026.887,1615,36322.01,318298.84585,0
1703628900000,8.779,8.831,8.777,8.827,86981.12,1703629799999,765869.05684,2120,44062.07,387994.12109,0
1703629800000,8.827,8.828,8.787,8.804,91526.38,1703630699999,806354.66008,2188,39283.57,346136.0943,0
1703630700000,8.804,8.842,8.8,8.835,63964.55,1703631599999,564291.44256,1565,27248.58,240393.69861,0
1703631600000,8.835,8.848,8.79,8.823,136502.94,1703632499999,1204151.27804,2393,57739.8,509646.54524,0
1703632500000,8.823,8.824,8.759,8.766,149263.16,1703633399999,1312827.58687,3036,72360.46,636609.46343,0
1703633400000,8.766,8.794,8.755,8.783,47327.26,1703634299999,415203.72562,1132,24241.62,212724.25426,0
1703634300000,8.783,8.827,8.782,8.819,73069.31,1703635199999,643908.28918,1751,29021.04,255741.68454,0
1703635200000,8.819,8.827,8.742,8.748,86595.17,1703636099999,760334.03548,1923,35660.62,313358.34663,0
1703636100000,8.747,8.78,8.73,8.746,66058.49,1703636999999,578441.63614,1654,33339.44,291990.41852,0
1703637000000,8.748,8.754,8.676,8.697,92162.25,1703637899999,802676.13332,2540,33473.96,291423.91086,0
1703637900000,8.696,8.75,8.686,8.691,66144.47,1703638799999,576812.33572,1933,27733.92,241903.03082,0
1703638800000,8.692,8.757,8.679,8.709,43273.84,1703639699999,377321.46283,1427,20866.52,181950.10953,0
1703639700000,8.709,8.755,8.689,8.712,44578.75,1703640599999,388522.23,1416,22309.99,194488.58076,0
1703640600000,8.712,8.743,8.681,8.711,41658.73,1703641499999,362933.2188,1408,20409.3,177701.26776,0
1703641500000,8.713,8.757,8.708,8.719,31194.41,1703642399999,272505.20694,1337,14924.35,130347.01109,0
1703642400000,8.72,8.722,8.625,8.634,90734.97,1703643299999,786013.37463,2517,25760.49,223183.07877,0
1703643300000,8.634,8.655,8.537,8.555,116095.32,1703644199999,997191.98597,3594,42968.36,369292.6855,0
1703644200000,8.556,8.61,8.527,8.528,80321.62,1703645099999,688750.59072,2602,40084.1,343783.69054,0
1703645100000,8.528,8.576,8.48,8.504,150640.61,1703645999999,1283584.78249,4233,70071.42,597164.1999,0
1703646000000,8.504,8.564,8.499,8.547,42828.18,1703646899999,365894.71608,1620,24317.88,207752.43525,0
1703646900000,8.55,8.565,8.427,8.449,144516.31,1703647799999,1224671.7765,3310,50449.45,427797.67242,0
1703647800000,8.451,8.522,8.402,8.494,98973.8,1703648699999,837097.5525,2871,47407.7,401195.75824,0
1703648700000,8.491,8.502,8.454,8.465,41635.74,1703649599999,352857.58338,1438,21126.38,178985.04686,0
1703649600000,8.464,8.526,8.46,8.526,30169.8,1703650499999,256137.9816,1098,16296.0,138359.16643,0
1703650500000,8.526,8.572,8.525,8.568,62081.01,1703651399999,531252.37267,1798,32260.52,276023.0679,0
1703651400000,8.565,8.575,8.537,8.562,82326.09,1703652299999,704796.59026,1674,29462.48,252158.80204,0
1703652300000,8.566,8.605,8.543,8.577,78711.29,1703653199999,674822.50275,1843,22316.7,191389.16192,0
1703653200000,8.578,8.609,8.532,8.602,76458.9,1703654099999,655325.51591,1938,42544.51,364805.60081,0
1703654100000,8.602,8.618,8.544,8.549,48277.99,1703654999999,414502.24858,1192,22988.66,197354.95307,0
1703655000000,8.55,8.573,8.522,8.553,47282.18,1703655899999,404082.82523,1529,21240.6,181618.80729,0
1703655900000,8.552,8.622,8.546,8.611,37783.1,1703656799999,324886.06656,1318,18435.31,158528.41237,0
1703656800000,8.61,8.635,8.564,8.578,45580.84,1703657699999,391879.16292,1351,16757.76,144094.41225,0
1703657700000,8.576,8.617,8.576,8.614,46267.81,1703658599999,398033.98769,1082,28694.88,246861.53156,0
1703658600000,8.615,8.648,8.603,8.639,86352.8,1703659499999,745154.26578,2054,31577.96,272466.91931,0
1703659500000,8.638,8.639,8.578,8.587,57200.27,1703660399999,492312.41243,1631,19601.72,168735.63057,0
1703660400000,8.585,8.593,8.531,8.538,61765.7,1703661299999,528292.74295,1609,20545.02,175777.43678,0
1703661300000,8.537,8.696,8.53,8.661,226223.8,1703662199999,1948911.85485,5212,142736.54,1227839.87141,0
1703662200000,8.662,8.685,8.643,8.658,105028.04,1703663099999,909534.93363,2383,30487.08,264083.34728,0
1703663100000,8.659,8.693,8.644,8.677,60226.17,1703663999999,522136.60948,1757,27158.53,235486.29188,0
1703664000000,8.677,8.768,8.672,8.732,163127.62,1703664899999,1424218.14789,3763,66191.45,577773.48878,0
1703664900000,8.73,8.793,8.703,8.783,74419.79,1703665799999,650885.25572,1930,32982.95,288365.94709,0
1703665800000,8.783,8.924,8.782,8.922,214810.42,1703666699999,1900112.10915,5536,120520.14,1066064.91975,0
1703666700000,8.924,8.971,8.863,8.962,253863.72,1703667599999,2265190.15201,6780,123760.94,1103829.8883,0
1703667600000,8.962,8.985,8.91,8.972,161165.97,1703668499999,1442673.76753,3810,72026.65,645058.09791,0
1703668500000,8.971,8.981,8.927,8.957,108115.6,1703669399999,967845.44309,2467,45487.26,407141.21156,0
1703669400000,8.957,8.959,8.826,8.851,219816.73,1703670299999,1953624.48194,5044,75531.01,670496.21511,0
1703670300000,8.85,8.876,8.818,8.821,95424.28,1703671199999,843725.54566,2413,47696.6,421811.01433,0
1703671200000,8.82,8.87,8.819,8.838,85850.52,1703672099999,759468.97569,1808,49432.41,437281.93809,0
1703672100000,8.836,8.928,8.814,8.917,110464.0,1703672999999,978695.41053,2877,63384.71,561502.47924,0
1703673000000,8.917,8.939,8.852,8.889,161594.99,1703673899999,1438236.07982,3513,64636.6,575448.42362,0
1703673900000,8.888,8.903,8.839,8.883,108640.02,1703674799999,963148.3118,2828,53672.48,475883.87819,0
1703674800000,8.882,8.905,8.836,8.876,64909.78,1703675699999,575378.23689,1692,27470.37,243508.43027,0
1703675700000,8.872,8.875,8.832,8.842,45133.43,1703676599999,399156.77595,1311,25427.74,224864.97535,0
1703676600000,8.842,8.89,8.825,8.887,62220.69,1703677499999,551128.52707,1696,36271.95,321367.54143,0
1703677500000,8.888,8.892,8.774,8.834,83687.0,1703678399999,738898.28374,2767,39027.58,344575.04063,0
1703678400000,8.833,8.839,8.765,8.765,112992.45,1703679299999,995442.23498,2392,45027.61,396714.92305,0
1703679300000,8.765,8.814,8.745,8.808,90745.66,1703680199999,796753.17965,2215,45733.5,401573.57399,0
1703680200000,8.809,8.82,8.741,8.746,108296.74,1703681099999,950974.93225,2295,48705.74,427570.76175,0
1703681100000,8.746,8.798,8.727,8.781,187917.36,1703681999999,1646382.08092,3643,103958.53,910813.76845,0
1703682000000,8.782,8.81,8.739,8.803,150761.77,1703682899999,1323426.14357,3091,68837.8,604445.51635,0
1703682900000,8.803,8.843,8.797,8.835,82636.11,1703683799999,728996.16053,2219,41431.94,365540.25881,0
1703683800000,8.834,8.843,8.758,8.802,71734.58,1703684699999,631395.03619,2061,39368.57,346500.41331,0
1703684700000,8.802,8.845,8.778,8.823,74585.54,1703685599999,657784.00799,1937,37389.39,329714.6775,0
1703685600000,8.824,8.834,8.746,8.789,90827.71,1703686499999,798093.68943,2475,40331.36,354280.21431,0
1703686500000,8.787,8.809,8.666,8.69,145857.97,1703687399999,1275118.30874,4464,64813.43,566827.94982,0
1703687400000,8.69,8.787,8.686,8.772,111037.78,1703688299999,971253.15242,3285,62952.81,550681.87158,0
1703688300000,8.773,8.893,8.773,8.832,153916.03,1703689199999,1362847.85171,4311,77917.26,689813.70307,0
1703689200000,8.832,8.878,8.8,8.839,156637.69,1703690099999,1385109.56608,3507,80699.72,713311.68361,0
1703690100000,8.842,8.9,8.84,8.891,154189.49,1703690999999,1368087.30985,3972,74899.03,664664.50268,0
1703691000000,8.892,9.063,8.834,8.939,406228.52,1703691899999,3626850.3496,9419,254305.47,2273559.16422,0
1703691900000,8.939,9.017,8.916,8.92,331649.91,1703692799999,2975579.04796,7330,145291.3,1303409.20958,0
1703692800000,8.921,8.943,8.86,8.888,216119.11,1703693699999,1925173.76123,3749,67214.21,598709.38663,0
1703693700000,8.888,8.919,8.852,8.867,183053.49,1703694599999,1625955.76629,3199,81144.23,720748.84622,0
1703694600000,8.867,9.018,8.863,8.958,170165.78,1703695499999,1522271.45045,4588,100158.42,895599.57,0
1703695500000,8.958,9.006,8.884,8.904,172427.41,1703696399999,1540305.45822,4536,76002.75,678643.43464,0
1703696400000,8.907,8.969,8.889,8.922,106302.07,1703697299999,948733.13117,2729,48672.41,434426.39831,0
1703697300000,8.922,8.923,8.792,8.809,253552.07,1703698199999,2243582.37086,5613,89244.35,789929.96813,0
1703698200000,8.809,8.852,8.791,8.84,98408.0,1703699099999,868184.58593,2428,59930.51,528785.44365,0
1703699100000,8.839,8.897,8.839,8.882,38825.48,1703699999999,344382.26442,1466,20323.32,180185.85919,0
1703700000000,8.883,8.95,8.847,8.853,89541.49,1703700899999,797343.15894,2808,43408.14,386558.89136,0
1703700900000,8.855,8.898,8.837,8.844,66390.67,1703701799999,588505.40849,1713,33297.44,295296.75371,0
1703701800000,8.844,8.877,8.841,8.843,55781.92,1703702699999,494270.53931,1636,26669.78,236327.17849,0
1703702700000,8.844,8.918,8.824,8.911,138861.67,1703703599999,1231362.79045,2720,87052.63,771919.19064,0
1703703600000,8.913,8.917,8.818,8.826,55132.48,1703704499999,489760.15984,1873,25583.98,227237.09108,0
1703704500000,8.823,8.867,8.814,8.839,68341.32,1703705399999,603896.1856,1638,27791.14,245590.04055,0
1703705400000,8.841,8.855,8.8,8.801,66656.55,1703706299999,588231.86991,1898,25748.87,227223.04272,0
1703706300000,8.802,8.806,8.762,8.801,99615.7,1703707199999,874981.7062,2934,41188.77,361799.36885,0
1703707200000,8.8,8.833,8.777,8.814,60876.07,1703708099999,536354.41187,1466,25488.95,224610.36553,0
1703708100000,8.813,8.823,8.752,8.771,82560.59,1703708999999,725242.47482,2191,29053.58,255293.51544,0
1703709000000,8.77,8.829,8.763,8.82,57480.49,1703709899999,505749.7027,1741,29430.23,258849.33657,0
1703709900000,8.821,8.853,8.783,8.832,79545.0,1703710799999,701816.05946,2554,33598.35,296379.73876,0
1703710800000,8.829,8.863,8.816,8.844,58406.89,1703711699999,516495.74411,1612,31909.7,282183.28819,0
1703711700000,8.847,8.863,8.833,8.847,42384.12,1703712599999,375116.64971,1045,16653.1,147409.1416,0
1703712600000,8.847,8.858,8.804,8.826,65345.81,1703713499999,576931.28329,1562,27034.95,238760.60205,0
1703713500000,8.825,8.834,8.788,8.793,59003.65,1703714399999,519860.27095,1588,36341.52,320323.66832,0
1703714400000,8.793,8.812,8.781,8.789,36232.82,1703715299999,318527.13755,1077,15444.07,135791.22513,0
1703715300000,8.789,8.798,8.684,8.702,177850.08,1703716199999,1556868.41882,4699,71069.39,622842.73637,0
1703716200000,8.701,8.731,8.625,8.647,120604.19,1703717099999,1048437.00842,4287,49468.56,430334.31745,0
1703717100000,8.646,8.688,8.602,8.636,109267.68,1703717999999,945119.23413,3707,50840.98,440024.95151,0
1703718000000,8.638,8.693,8.638,8.69,74561.59,1703718899999,645999.98287,1977,34019.67,294772.65521,0
1703718900000,8.692,8.7,8.655,8.664,80694.42,1703719799999,701100.67054,1929,39316.23,341700.7863,0
1703719800000,8.663,8.712,8.663,8.711,61825.17,1703720699999,537037.60033,1575,33512.8,291172.81458,0
1703720700000,8.711,8.713,8.675,8.694,69331.98,1703721599999,602442.04059,1378,21912.77,190370.81671,0
1703721600000,8.695,8.74,8.643,8.723,118857.94,1703722499999,1031574.03405,2949,47295.74,410739.18419,0
1703722500000,8.723,8.768,8.721,8.76,65933.4,1703723399999,576280.5832,1771,30102.27,263112.57085,0
1703723400000,8.76,8.892,8.746,8.859,137623.46,1703724299999,1214935.81664,5489,69206.01,611335.3618,0
1703724300000,8.858,8.912,8.82,8.867,139029.26,1703725199999,1234643.47665,4498,72969.19,648077.11761,0
1703725200000,8.868,8.908,8.845,8.882,72840.72,1703726099999,647062.26294,2793,34212.12,303950.00595,0
1703726100000,8.884,8.909,8.769,8.794,102511.5,1703726999999,905591.98819,4142,50890.81,449627.72214,0
1703727000000,8.795,8.844,8.771,8.791,79835.98,1703727899999,703050.55259,2640,32306.05,284520.92056,0
1703727900000,8.794,8.799,8.747,8.775,128658.25,1703728799999,1129760.67096,2847,45853.46,402574.26992,0
1703728800000,8.776,8.789,8.674,8.705,147012.83,1703729699999,1283831.5059,3838,45620.77,398245.36424,0
1703729700000,8.705,8.725,8.674,8.68,99982.84,1703730599999,870127.95478,2464,40092.98,349031.50492,0
1703730600000,8.682,8.69,8.628,8.645,108929.86,1703731499999,943111.08049,3226,46825.55,405427.3733,0
1703731500000,8.644,8.687,8.62,8.625,119928.46,1703732399999,1036920.41475,2581,57000.58,492977.91689,0
1703732400000,8.627,8.653,8.563,8.59,149005.76,1703733299999,1281023.54847,3854,58832.01,505772.88569,0
1703733300000,8.589,8.669,8.587,8.64,84464.55,1703734199999,729737.36069,2245,41286.32,356779.51258,0
1703734200000,8.639,8.644,8.565,8.568,104703.76,1703735099999,900124.80537,2605,36692.67,315202.00894,0
1703735100000,8.57,8.607,8.554,8.567,227883.09,1703735999999,1952986.28848,4171,106062.5,908900.87503,0
1703736000000,8.569,8.68,8.558,8.644,161717.12,1703736899999,1393523.7469,3454,95232.59,820341.13593,0
1703736900000,8.643,8.686,8.618,8.686,90839.53,1703737799999,785162.50611,2068,51546.86,445513.13305,0
1703737800000,8.686,8.688,8.596,8.6,78936.29,1703738699999,682986.59362,2183,26436.76,228701.48075,0
1703738700000,8.6,8.618,8.564,8.572,73768.72,1703739599999,634083.27678,2138,34894.48,299990.02097,0
1703739600000,8.574,8.615,8.535,8.56,135596.88,1703740499999,1162582.46371,3349,62045.28,532423.37264,0
1703740500000,8.559,8.582,8.5,8.507,97601.5,1703741399999,833363.18786,2696,46177.62,394546.55708,0
1703741400000,8.51,8.584,8.505,8.582,89045.47,1703742299999,761537.53886,2211,56620.12,484361.36674,0
1703742300000,8.581,8.594,8.553,8.56,62497.44,1703743199999,535837.38753,1881,22851.53,195936.01565,0
1703743200000,8.559,8.561,8.522,8.546,72411.65,1703744099999,618693.67524,1531,34928.9,298407.73627,0
1703744100000,8.546,8.585,8.53,8.538,72563.51,1703744999999,620581.26303,1764,29767.07,254593.14069,0
1703745000000,8.54,8.584,8.519,8.541,75459.01,1703745899999,645538.66145,2168,38379.04,328364.00605,0
1703745900000,8.54,8.555,8.461,8.501,139032.11,1703746799999,1182551.02661,3793,53907.29,458478.10618,0
1703746800000,8.503,8.53,8.48,8.491,99256.68,1703747699999,844812.87794,2418,57060.02,485724.55096,0
1703747700000,8.493,8.53,8.46,8.48,153712.19,1703748599999,1306594.33092,3040,86945.76,739341.27092,0
1703748600000,8.48,8.523,8.438,8.52,143463.51,1703749499999,1216640.84263,3962,73111.67,620462.66099,0
1703749500000,8.52,8.578,8.509,8.568,78768.16,1703750399999,672977.08079,2288,41895.54,358034.30956,0
1703750400000,8.57,8.583,8.53,8.583,67356.54,1703751299999,576641.76003,1590,33361.29,285634.14709,0
1703751300000,8.583,8.612,8.577,8.577,81563.01,1703752199999,700840.17254,1896,35424.77,304452.01202,0
1703752200000,8.577,8.653,8.565,8.64,93668.84,1703753099999,807515.11055,2502,50905.8,438895.80958,0
1703753100000,8.639,8.653,8.608,8.642,116962.17,1703753999999,1009034.64196,2256,55467.13,478624.8614,0
1703754000000,8.64,8.67,8.601,8.613,121098.21,1703754899999,1045887.74394,2918,63373.9,547185.25279,0
1703754900000,8.614,8.662,8.604,8.635,88766.45,1703755799999,766123.11693,1830,48733.74,420526.08073,0
1703755800000,8.636,8.653,8.63,8.637,50214.79,1703756699999,433923.92707,1302,23126.0,199836.52621,0
1703756700000,8.637,8.648,8.615,8.631,67209.71,1703757599999,580172.08705,1611,33168.88,286304.40263,0
1703757600000,8.633,8.69,8.618,8.689,80426.92,1703758499999,696426.10768,2014,40390.36,349802.44822,0
1703758500000,8.69,8.719,8.673,8.698,85942.8,1703759399999,747667.26259,2189,44108.16,383670.32688,0
1703759400000,8.7,8.746,8.69,8.722,109440.59,1703760299999,953465.81449,2094,51859.35,451811.13417,0
1703760300000,8.722,8.746,8.693,8.699,87371.58,1703761199999,762282.99991,2043,40448.83,352941.38798,0
1703761200000,8.699,8.707,8.656,8.656,72476.42,1703762099999,629153.36869,1706,30874.26,267937.81224,0
1703762100000,8.658,8.696,8.638,8.694,47435.69,1703762999999,411184.92092,1251,25323.85,219570.7654,0
1703763000000,8.694,8.743,8.69,8.733,58553.73,1703763899999,510798.56039,1469,25841.71,225363.55162,0
1703763900000,8.733,8.733,8.661,8.695,80221.37,1703764799999,697897.86737,1857,34029.23,296118.5402,0
1703764800000,8.693,8.708,8.666,8.696,52592.71,1703765699999,456901.67934,1254,23356.47,202923.59488,0
1703765700000,8.696,8.697,8.6,8.616,103770.69,1703766599999,896258.93522,2397,39229.33,338848.69779,0
1703766600000,8.616,8.616,8.527,8.562,178255.36,1703767499999,1527699.00411,4381,89158.48,763918.87067,0
1703767500000,8.561,8.585,8.46,8.472,186551.58,1703768399999,1590329.45626,4797,86900.82,741167.16567,0
1703768400000,8.475,8.531,8.411,8.509,208877.47,1703769299999,1771959.90383,5309,100533.61,852716.1391,0
1703769300000,8.51,8.575,8.51,8.559,97950.68,1703770199999,837097.33772,2462,45695.69,390574.89151,0
1703770200000,8.559,8.574,8.435,8.486,136984.16,1703771099999,1163330.27145,3518,59706.47,507008.46626,0
1703771100000,8.485,8.548,8.467,8.493,105498.16,1703771999999,898783.03003,2914,51362.12,437647.79735,0
1703772000000,8.494,8.507,8.369,8.412,217843.06,1703772899999,1834807.24867,5647,101366.74,853883.84019,0
1703772900000,8.411,8.411,8.263,8.368,484055.21,1703773799999,4038236.30221,10640,186882.43,1559260.86757,0
1703773800000,8.368,8.396,8.265,8.275,209550.29,1703774699999,1747218.10345,5336,94767.13,790573.83035,0
1703774700000,8.272,8.372,8.272,8.368,216620.43,1703775599999,1803194.19826,5660,105686.4,879632.30783,0
1703775600000,8.368,8.408,8.3,8.38,219648.62,1703776499999,1840555.00651,5157,106795.82,895107.13426,0
1703776500000,8.379,8.385,8.305,8.312,120940.0,1703777399999,1009127.84593,3011,62720.87,523274.4526,0
1703777400000,8.313,8.39,8.313,8.358,109271.25,1703778299999,913161.95595,2597,45955.21,384063.18796,0
1703778300000,8.359,8.395,8.346,8.378,91093.69,1703779199999,762687.17135,2247,46995.72,393425.68597,0
1703779200000,8.377,8.435,8.338,8.427,92081.64,1703780099999,773127.76493,2626,44519.72,373816.58061,0
1703780100000,8.425,8.445,8.375,8.397,90902.28,1703780999999,764705.06623,2495,45411.6,382056.34761,0
1703781000000,8.397,8.459,8.394,8.441,51474.05,1703781899999,433876.38413,1777,27915.6,235188.29918,0
1703781900000,8.443,8.466,8.404,8.417,78115.7,1703782799999,658522.57118,2290,33767.25,284679.97946,0
1703782800000,8.419,8.463,8.411,8.452,58186.97,1703783699999,490414.85634,1576,26722.56,225212.35933,0
1703783700000,8.452,8.487,8.45,8.47,71389.17,1703784599999,605142.61447,1916,36900.35,312780.54447,0
1703784600000,8.47,8.477,8.435,8.436,61035.06,1703785499999,516265.40623,1888,31888.46,269780.20337,0
1703785500000,8.436,8.439,8.378,8.4,102249.21,1703786399999,859275.48111,2744,56071.84,471066.01438,0
1703786400000,8.4,8.434,8.378,8.389,49726.48,1703787299999,417839.97038,1583,23448.16,197051.13531,0
1703787300000,8.389,8.444,8.347,8.444,84615.51,1703788199999,708757.13206,2401,45550.76,381542.79676,0
1703788200000,8.443,8.467,8.393,8.41,51981.51,1703789099999,438048.76579,1803,24794.6,208930.34831,0
1703789100000,8.41,8.427,8.391,8.401,42413.37,1703789999999,356607.27886,1230,17954.78,150940.63438,0
1703790000000,8.402,8.458,8.4,8.457,82358.95,1703790899999,694834.11737,1553,50617.98,427166.63334,0
1703790900000,8.457,8.47,8.436,8.458,63002.59,1703791799999,532767.29477,1484,33528.43,283571.41647,0
1703791800000,8.458,8.469,8.415,8.441,39422.02,1703792699999,332905.96816,1220,17659.47,149097.88025,0
1703792700000,8.441,8.456,8.428,8.44,51773.46,1703793599999,437362.7812,1107,29882.59,252464.56273,0
1703793600000,8.441,8.442,8.352,8.359,78066.95,1703794499999,655042.95786,1978,29469.67,247295.09919,0
1703794500000,8.359,8.385,8.346,8.348,35699.01,1703795399999,298745.07555,1285,15232.88,127470.2489,0
1703795400000,8.348,8.397,8.306,8.383,82596.57,1703796299999,689786.09352,2675,33175.55,277129.97218,0
1703796300000,8.386,8.407,8.36,8.399,38552.8,1703797199999,322960.2365,1152,18599.29,155855.7649,0
1703797200000,8.4,8.447,8.37,8.426,46295.79,1703798099999,389921.47987,1573,26510.53,223209.58731,0
1703798100000,8.426,8.438,8.411,8.427,37795.91,1703798999999,318423.15532,1061,16946.96,142755.13811,0
1703799000000,8.427,8.428,8.352,8.355,42672.11,1703799899999,358094.80298,1624,16552.38,138946.15043,0
1703799900000,8.354,8.364,8.313,8.35,57226.75,1703800799999,477262.97596,1971,28718.65,239541.74649,0
1703800800000,8.351,8.401,8.327,8.4,29852.92,1703801699999,249909.22895,1153,13513.81,113141.77461,0
1703801700000,8.401,8.401,8.351,8.364,30298.64,1703802599999,253818.13793,876,11441.76,95836.35104,0
1703802600000,8.364,8.412,8.364,8.384,36406.56,1703803499999,305593.82557,1252,16518.39,138645.01064,0
1703803500000,8.383,8.45,8.383,8.449,35860.57,1703804399999,302234.55563,1182,21467.66,180886.73792,0
1703804400000,8.45,8.454,8.413,8.42,50101.13,1703805299999,422723.37115,1284,21112.39,178100.79828,0
1703805300000,8.424,8.486,8.42,8.479,68939.37,1703806199999,583524.3403,1619,31617.93,267481.76922,0
1703806200000,8.483,8.5,8.467,8.492,54405.65,1703807099999,461729.84648,1516,18982.11,161111.13177,0
1703807100000,8.494,8.497,8.424,8.426,67055.23,1703807999999,567241.30993,1853,22749.65,192467.24315,0
1703808000000,8.427,8.478,8.422,8.473,93805.81,1703808899999,793019.02793,2261,38822.33,328213.27538,0
1703808900000,8.475,8.508,8.415,8.464,133683.78,1703809799999,1132845.04659,3147,63360.98,536794.29496,0
1703809800000,8.465,8.477,8.347,8.379,198924.72,1703810699999,1671203.57046,4722,92373.19,775766.12526,0
1703810700000,8.381,8.408,8.272,8.311,145312.86,1703811599999,1209333.82203,4849,62775.86,522543.51616,0
1703811600000,8.311,8.321,8.18,8.291,317055.09,1703812499999,2615102.77082,7682,138080.59,1138191.61078,0
1703812500000,8.289,8.339,8.136,8.2,245842.29,1703813399999,2018909.17072,7887,100365.11,824446.60276,0
1703813400000,8.199,8.224,8.154,8.221,175467.59,1703814299999,1436598.58377,5159,80657.41,660355.35811,0
1703814300000,8.22,8.233,8.168,8.212,105353.7,1703815199999,864141.19426,2706,42083.34,345171.17634,0
1703815200000,8.21,8.245,8.186,8.23,97408.09,1703816099999,800176.82877,2653,36833.78,302578.39797,0
1703816100000,8.232,8.272,8.221,8.223,107343.71,1703816999999,885512.2503,2639,47328.98,390523.72164,0
1703817000000,8.225,8.286,8.221,8.256,138328.51,1703817899999,1142901.76909,2894,71523.56,590998.40713,0
1703817900000,8.256,8.313,8.245,8.31,64244.57,1703818799999,532525.98759,1818,26230.62,217353.89003,0
1703818800000,8.311,8.358,8.311,8.357,61267.94,1703819699999,510823.09283,1808,29529.55,246182.33212,0
1703819700000,8.357,8.374,8.333,8.372,60213.84,1703820599999,503022.30156,1735,28028.06,234160.39502,0
1703820600000,8.37,8.463,8.37,8.449,93677.31,1703821499999,789598.92451,3090,42062.03,354534.76876,0
1703821500000,8.449,8.47,8.42,8.43,110063.44,1703822399999,929670.14595,2931,45053.63,380645.37493,0
1703822400000,8.433,8.488,8.409,8.418,113716.85,1703823299999,961140.16898,3266,50856.43,429923.304,0
1703823300000,8.417,8.436,8.385,8.39,91126.75,1703824199999,766194.35496,2555,38246.03,321603.55008,0
1703824200000,8.391,8.42,8.387,8.412,69194.81,1703825099999,581262.28442,1676,33341.28,280049.31775,0
1703825100000,8.414,8.431,8.394,8.405,91300.98,1703825999999,767898.43801,1864,30840.1,259399.06851,0
1703826000000,8.407,8.42,8.38,8.385,102311.72,1703826899999,858575.87596,2109,55920.82,469322.76931,0
1703826900000,8.387,8.401,8.354,8.376,124931.1,1703827799999,1045869.66643,2359,43575.04,364731.83198,0
1703827800000,8.375,8.418,8.367,8.414,94074.18,1703828699999,789055.84453,1785,48980.83,410824.25155,0
1703828700000,8.415,8.44,8.402,8.434,68344.12,1703829599999,575917.52842,1561,26096.54,219897.2179,0
1703829600000,8.435,8.449,8.423,8.436,63843.08,1703830499999,538632.48064,1493,29133.54,245803.78085,0
1703830500000,8.434,8.456,8.391,8.454,85745.37,1703831399999,722138.3414,2174,41564.78,350027.04443,0
1703831400000,8.452,8.481,8.431,8.475,137409.9,1703832299999,1161373.48565,2321,60849.66,514277.86001,0
1703832300000,8.472,8.479,8.432,8.448,113653.41,1703833199999,961302.11706,2279,47637.19,402899.03427,0
1703833200000,8.448,8.488,8.443,8.474,84458.67,1703834099999,715272.95774,1944,36155.44,306206.10731,0
1703834100000,8.473,8.476,8.418,8.455,89893.5,1703834999999,759175.75512,2036,31827.21,268786.92213,0
1703835000000,8.455,8.463,8.348,8.369,158588.33,1703835899999,1329962.34254,4112,59070.35,495212.76897,0
1703835900000,8.37,8.376,8.277,8.305,129227.84,1703836799999,1076030.98073,3612,59224.7,493044.55014,0
1703836800000,8.305,8.422,8.301,8.416,67799.04,1703837699999,567030.34739,1881,31549.43,263680.31335,0
1703837700000,8.415,8.45,8.4,8.427,69745.49,1703838599999,587869.36943,1620,38075.49,320982.68076,0
1703838600000,8.427,8.515,8.42,8.495,148715.21,1703839499999,1259265.19488,2928,85556.54,724658.13951,0
1703839500000,8.494,8.614,8.481,8.56,243242.9,1703840399999,2083961.78081,5876,128721.47,1102597.23794,0
1703840400000,8.56,8.618,8.513,8.578,235147.43,1703841299999,2016803.00297,4835,127298.22,1091287.93494,0
1703841300000,8.578,8.622,8.564,8.62,140613.01,1703842199999,1208772.21899,2534,76889.2,661013.71717,0
1703842200000,8.618,8.618,8.562,8.58,101761.52,1703843099999,873559.7596,2002,40850.41,350777.49131,0
1703843100000,8.581,8.6,8.562,8.592,85410.02,1703843999999,732794.90355,1844,46773.63,401288.17887,0
1703844000000,8.59,8.591,8.554,8.575,88013.78,1703844899999,754623.48035,1888,38557.68,330622.72188,0
1703844900000,8.574,8.608,8.569,8.588,88770.82,1703845799999,762409.72582,1669,44270.92,380249.37031,0
1703845800000,8.591,8.605,8.556,8.567,70006.21,1703846699999,600771.21133,1396,30328.84,260235.58686,0
1703846700000,8.567,8.573,8.491,8.504,116016.4,1703847599999,989560.4367,2710,48892.02,417061.55813,0
1703847600000,8.505,8.549,8.501,8.535,86656.82,1703848499999,738235.91532,1823,46628.8,397245.52294,0
1703848500000,8.536,8.591,8.536,8.582,113027.2,1703849399999,969387.45461,2655,49859.97,427571.03994,0
1703849400000,8.583,8.594,8.575,8.58,87431.53,1703850299999,750281.04844,2372,43545.21,373711.33395,0
1703850300000,8.58,8.585,8.548,8.564,111109.12,1703851199999,951906.79785,2351,48404.93,414658.64789,0
1703851200000,8.562,8.58,8.52,8.522,100837.3,1703852099999,862593.71953,2404,46521.69,397996.68534,0
1703852100000,8.521,8.564,8.521,8.54,93502.21,1703852999999,798725.3046,2109,51746.65,442066.92022,0
1703853000000,8.54,8.552,8.488,8.489,129140.19,1703853899999,1099038.9588,2988,60593.36,515706.0657,0
1703853900000,8.49,8.502,8.452,8.485,113741.44,1703854799999,963966.54094,2814,57726.32,489274.41258,0
1703854800000,8.485,8.514,8.443,8.449,113720.13,1703855699999,964731.34419,2103,60609.59,514378.79947,0
1703855700000,8.45,8.527,8.45,8.512,136018.14,1703856599999,1156167.95493,2654,63839.83,542575.77782,0
1703856600000,8.511,8.588,8.508,8.58,104627.53,1703857499999,894262.79056,2281,57967.76,495534.71929,0
1703857500000,8.583,8.661,8.57,8.638,197977.23,1703858399999,1706203.77072,4410,109866.65,946783.65111,0
1703858400000,8.638,8.668,8.6,8.603,177363.97,1703859299999,1530902.56993,3740,77895.6,672422.6881,0
1703859300000,8.601,8.628,8.574,8.593,112670.13,1703860199999,969490.96082,2325,51020.56,439062.87604,0
1703860200000,8.598,8.653,8.575,8.639,131876.15,1703861099999,1137316.55857,2845,57312.39,494213.50885,0
1703861100000,8.639,8.686,8.6,8.68,118095.18,1703861999999,1020763.32503,2444,70324.81,608027.84346,0
1703862000000,8.679,8.681,8.541,8.567,144361.95,1703862899999,1239927.48527,3280,55209.86,474726.40094,0
1703862900000,8.567,8.57,8.49,8.509,169687.7,1703863799999,1446129.69445,4174,79436.68,677100.79342,0
1703863800000,8.507,8.533,8.413,8.442,241796.99,1703864699999,2050990.03878,4887,103745.65,879627.78823,0
1703864700000,8.443,8.445,8.3,8.358,344911.23,1703865599999,2882934.80441,8657,159008.39,1329200.32699,0
1703865600000,8.359,8.412,8.304,8.314,229247.68,1703866499999,1915186.33457,5312,99611.79,832725.4351,0
1703866500000,8.314,8.355,8.23,8.331,302886.94,1703867399999,2514158.71801,7642,127984.73,1062476.50961,0
1703867400000,8.331,8.361,8.317,8.325,134891.77,1703868299999,1124580.79315,2449,70091.97,584217.40404,0
1703868300000,8.325,8.325,8.184,8.194,307415.95,1703869199999,2532809.40414,6316,126318.32,1040453.26702,0
1703869200000,8.196,8.245,8.176,8.206,186564.95,1703870099999,1531945.89032,4445,93547.7,768092.34874,0
1703870100000,8.207,8.279,8.197,8.232,126650.71,1703870999999,1044279.96169,2510,56079.76,462458.35391,0
1703871000000,8.232,8.252,8.155,8.158,202700.83,1703871899999,1663398.60923,3252,87995.78,722775.05237,0
1703871900000,8.158,8.219,8.143,8.21,175750.36,1703872799999,1439652.92777,3010,90113.92,738386.66718,0
1703872800000,8.211,8.267,8.202,8.238,124592.87,1703873699999,1026597.28023,2112,73360.31,604283.05622,0
1703873700000,8.238,8.255,8.222,8.234,61976.34,1703874599999,510625.21549,1069,29696.3,244653.21089,0
1703874600000,8.234,8.29,8.233,8.284,50342.3,1703875499999,415840.03475,1098,27805.41,229651.89152,0
1703875500000,8.284,8.284,8.255,8.274,41775.2,1703876399999,345380.89753,893,20446.49,169012.29861,0
1703876400000,8.274,8.282,8.211,8.228,61096.87,1703877299999,504007.1943,1297,29945.42,247163.89568,0
1703877300000,8.227,8.277,8.22,8.259,43943.73,1703878199999,362434.57119,896,23198.91,191386.8375,0
1703878200000,8.26,8.284,8.26,8.274,48539.98,1703879099999,401648.24772,896,26265.86,217314.81001,0
1703879100000,8.274,8.3,8.259,8.269,82034.64,1703879999999,679241.87822,1353,40907.1,338675.33207,0
1703880000000,8.268,8.27,8.243,8.252,48186.94,1703880899999,397817.15448,1187,25492.0,210457.43722,0
1703880900000,8.251,8.259,8.226,8.241,41827.93,1703881799999,344762.19666,907,17131.62,141210.73956,0
1703881800000,8.24,8.256,8.205,8.211,108215.79,1703882699999,891248.82831,1240,29884.99,246035.75775,0
1703882700000,8.212,8.244,8.212,8.242,35605.99,1703883599999,293163.13827,752,17606.2,144912.92173,0
1703883600000,8.241,8.302,8.226,8.296,61180.12,1703884499999,505780.74891,1262,37458.42,309708.91436,0
1703884500000,8.296,8.297,8.242,8.251,39648.95,1703885399999,327780.28971,856,13691.15,113181.71312,0
1703885400000,8.252,8.255,8.21,8.243,63320.08,1703886299999,521481.30693,1164,30711.23,252931.74864,0
1703886300000,8.243,8.255,8.189,8.22,56330.84,1703887199999,462603.86447,1331,28866.94,237040.44462,0
1703887200000,8.219,8.22,8.15,8.196,109580.35,1703888099999,896638.08794,2739,42464.66,347546.65856,0
1703888100000,8.195,8.225,8.049,8.217,257479.24,1703888999999,2092982.7945,7799,115876.44,942625.6469,0
1703889000000,8.216,8.24,8.189,8.226,61119.25,1703889899999,502480.81909,1685,31493.28,258924.91557,0
1703889900000,8.223,8.228,8.186,8.217,26952.5,1703890799999,221383.1451,942,13184.65,108303.29485,0
1703890800000,8.222,8.246,8.201,8.221,42838.25,1703891699999,352290.14954,1181,16258.93,133730.07576,0
1703891700000,8.218,8.268,8.212,8.257,31526.42,1703892599999,260170.43018,883,18203.03,150210.77205,0
1703892600000,8.257,8.286,8.252,8.271,38120.55,1703893499999,315175.74425,918,19879.0,164384.51245,0
1703893500000,8.272,8.293,8.262,8.291,29235.97,1703894399999,241928.13774,679,18385.63,152124.1051,0
1703894400000,8.291,8.31,8.267,8.288,51540.21,1703895299999,427546.00981,1168,23638.95,196090.44769,0
1703895300000,8.289,8.344,8.288,8.325,56104.32,1703896199999,466961.01537,1296,33286.01,277069.23915,0
1703896200000,8.326,8.353,8.306,8.341,34551.08,1703897099999,287930.43699,903,16509.08,137567.68909,0
1703897100000,8.342,8.382,8.341,8.364,38597.64,1703897999999,322928.1453,1130,18716.04,156573.0735,0
1703898000000,8.365,8.379,8.328,8.378,31596.56,1703898899999,263974.36112,883,14877.81,124303.70403,0
1703898900000,8.378,8.424,8.37,8.408,38198.06,1703899799999,320867.96648,1311,21723.44,182503.64928,0
1703899800000,8.408,8.427,8.402,8.418,61427.89,1703900699999,516817.01515,1210,29314.84,246636.55668,0
1703900700000,8.418,8.426,8.406,8.413,37762.53,1703901599999,317807.60377,858,17917.41,150796.17877,0
1703901600000,8.416,8.417,8.384,8.398,39880.35,1703902499999,334957.6426,850,14520.89,121970.9576,0
1703902500000,8.4,8.44,8.396,8.402,35024.3,1703903399999,294899.52964,1041,16433.75,138379.37609,0
1703903400000,8.402,8.405,8.332,8.332,44882.68,1703904299999,375803.70936,1298,16299.22,136460.14772,0
1703904300000,8.336,8.366,8.298,8.326,53135.13,1703905199999,442506.29487,1546,24129.64,200954.79528,0
1703905200000,8.324,8.408,8.324,8.406,41358.6,1703906099999,346200.62115,1155,25157.89,210611.37547,0
1703906100000,8.408,8.41,8.345,8.375,54595.32,1703906999999,457069.19885,1379,24395.77,204192.55462,0
1703907000000,8.377,8.447,8.37,8.393,65208.67,1703907899999,548704.72128,2077,31279.39,263233.80918,0
1703907900000,8.395,8.401,8.354,8.36,36918.1,1703908799999,309124.69929,1004,13798.49,115538.88308,0
1703908800000,8.361,8.442,8.357,8.426,36637.6,1703909699999,308399.65017,1045,22267.42,187437.03308,0
1703909700000,8.424,8.459,8.424,8.45,37281.49,1703910599999,314860.6072,1175,23281.27,196610.97774,0
1703910600000,8.449,8.46,8.414,8.459,41212.1,1703911499999,347889.70944,1043,20603.25,173909.66045,0
1703911500000,8.458,8.464,8.422,8.444,40209.39,1703912399999,339565.2747,973,22879.79,193190.98475,0
1703912400000,8.443,8.487,8.43,8.452,66507.96,1703913299999,562951.52245,1692,38041.33,322023.85732,0
1703913300000,8.452,8.489,8.43,8.449,46713.62,1703914199999,394750.64234,1029,26962.44,227786.34394,0
1703914200000,8.448,8.448,8.406,8.42,113450.19,1703915099999,955269.84235,1384,68285.11,574958.21747,0
1703915100000,8.42,8.471,8.418,8.451,27107.36,1703915999999,228903.17126,772,13001.01,109765.54242,0
1703916000000,8.45,8.455,8.419,8.424,41924.02,1703916899999,353448.64923,821,12715.17,107200.7408,0
1703916900000,8.423,8.428,8.395,8.406,36631.22,1703917799999,308026.32469,803,9103.09,76560.30103,0
1703917800000,8.408,8.41,8.393,8.407,42808.17,1703918699999,359732.86326,656,16724.24,140577.11482,0
1703918700000,8.408,8.421,8.397,8.407,35940.99,1703919599999,302207.96615,783,19408.35,163193.01394,0
1703919600000,8.41,8.41,8.395,8.397,54936.43,1703920499999,461640.34113,833,27296.1,229412.49841,0
1703920500000,8.398,8.41,8.366,8.371,104919.3,1703921399999,880581.27967,1122,25593.27,214979.44684,0
1703921400000,8.372,8.377,8.342,8.354,39227.45,1703922299999,327915.7372,1143,21706.72,181456.3092,0
1703922300000,8.354,8.354,8.303,8.32,44423.93,1703923199999,369672.85751,1349,17674.59,147105.64609,0
1703923200000,8.32,8.349,8.29,8.323,103499.59,1703924099999,859802.09589,1813,59491.78,494166.64481,0
1703924100000,8.319,8.32,8.223,8.237,117807.79,1703924999999,971942.66589,2585,72320.33,596102.05048,0
1703925000000,8.237,8.28,8.226,8.242,96334.37,1703925899999,794836.86909,2198,36497.01,301177.57159,0
1703925900000,8.242,8.256,8.173,8.182,117405.8,1703926799999,962723.56284,2543,53450.85,438206.00902,0
1703926800000,8.182,8.236,8.159,8.163,104446.3,1703927699999,856612.41272,2822,42117.12,345555.89685,0
1703927700000,8.162,8.213,8.156,8.162,66607.59,1703928599999,545148.25169,1703,27840.28,228015.04338,0
1703928600000,8.162,8.192,8.095,8.109,98565.0,1703929499999,802106.6514,2960,32886.93,267723.42113,0
1703929500000,8.108,8.149,8.107,8.128,66497.73,1703930399999,540683.43244,1626,34067.58,277020.16477,0
1703930400000,8.13,8.186,8.122,8.172,43239.98,1703931299999,352652.71596,1341,27380.41,223327.30897,0
1703931300000,8.172,8.186,8.143,8.183,27054.0,1703932199999,220795.7944,815,12570.63,102603.59445,0
1703932200000,8.185,8.2,8.168,8.192,30363.28,1703933099999,248534.98661,1012,14551.92,119099.29321,0
1703933100000,8.193,8.209,8.182,8.203,21411.44,1703933999999,175493.5813,646,11258.71,92256.49237,0
1703934000000,8.204,8.237,8.2,8.233,33531.67,1703934899999,275683.70912,989,19507.89,160366.22129,0
1703934900000,8.235,8.238,8.207,8.218,32618.6,1703935799999,268182.40672,741,18636.72,153226.08807,0
1703935800000,8.218,8.225,8.188,8.203,26435.15,1703936699999,216856.15632,754,13829.88,113439.13817,0
1703936700000,8.203,8.22,8.192,8.205,25324.5,1703937599999,207728.68778,665,12346.2,101264.37332,0
1703937600000,8.205,8.252,8.189,8.25,44849.96,1703938499999,368271.07194,1050,31785.58,260982.78546,0
1703938500000,8.251,8.263,8.225,8.257,38925.3,1703939399999,321059.72568,1008,18534.58,152872.70864,0
1703939400000,8.255,8.28,8.197,8.2,79127.78,1703940299999,652793.17876,1347,51478.78,425151.41482,0
1703940300000,8.2,8.222,8.194,8.222,28871.44,1703941199999,237057.66533,781,11506.92,94481.06518,0
1703941200000,8.222,8.241,8.204,8.205,19892.71,1703942099999,163570.56805,655,7774.59,63935.82338,0
1703942100000,8.205,8.21,8.172,8.2,42270.92,1703942999999,346289.34381,1148,15038.55,123225.97042,0
1703943000000,8.203,8.243,8.183,8.229,33366.22,1703943899999,274324.48126,1221,17293.25,142123.85723,0
1703943900000,8.229,8.236,8.199,8.228,32557.57,1703944799999,267484.20373,748,17462.64,143419.6191,0
1703944800000,8.228,8.28,8.227,8.276,41773.15,1703945699999,344892.53372,1139,19851.01,163868.45045,0
1703945700000,8.276,8.288,8.256,8.271,39272.89,1703946599999,324945.23139,879,15716.25,130045.55414,0
1703946600000,8.273,8.295,8.264,8.279,40531.05,1703947499999,335569.3338,1019,22151.07,183382.52975,0
1703947500000,8.279,8.33,8.279,8.329,70014.92,1703948399999,581621.62029,1687,35117.47,291710.39958,0
1703948400000,8.329,8.353,8.302,8.339,63335.35,1703949299999,527744.42941,1611,33412.81,278445.76619,0
1703949300000,8.337,8.337,8.292,8.303,60030.13,1703950199999,498864.4235,1367,22905.4,190341.94541,0
1703950200000,8.302,8.339,8.294,8.33,51539.64,1703951099999,428613.06642,1115,30378.92,252604.29372,0
1703951100000,8.329,8.389,8.319,8.384,94620.04,1703951999999,791542.61982,2140,58744.08,491559.17543,0
1703952000000,8.387,8.403,8.362,8.395,121139.31,1703952899999,1015977.46491,2150,45222.99,379318.56134,0
1703952900000,8.396,8.396,8.339,8.344,68748.47,1703953799999,575648.52273,1575,33975.86,284494.86812,0
1703953800000,8.344,8.37,8.301,8.303,50957.36,1703954699999,424919.87245,1543,25036.16,208891.7245,0
1703954700000,8.303,8.331,8.285,8.319,46512.98,1703955599999,386344.73888,1195,22045.55,183141.49043,0
1703955600000,8.319,8.345,8.275,8.291,47528.67,1703956499999,395098.3485,1219,19237.43,159873.04035,0
1703956500000,8.29,8.4,8.29,8.342,163583.78,1703957399999,1364489.46961,3457,80990.1,675376.98723,0
1703957400000,8.343,8.359,8.327,8.356,56028.51,1703958299999,467372.47799,1348,26735.66,223032.86753,0
1703958300000,8.356,8.374,8.349,8.35,42870.93,1703959199999,358399.90229,1099,14173.89,118503.51969,0
1703959200000,8.351,8.36,8.314,8.337,46983.06,1703960099999,391650.74411,1144,22210.56,185126.80857,0
1703960100000,8.338,8.345,8.317,8.323,35789.05,1703960999999,298115.24121,849,11370.12,94710.9311,0
1703961000000,8.323,8.336,8.282,8.285,59577.49,1703961899999,494612.11216,1188,23195.7,192652.11527,0
1703961900000,8.288,8.325,8.277,8.317,24071.2,1703962799999,199651.76469,733,13427.52,111362.56481,0
1703962800000,8.315,8.318,8.277,8.294,36596.5,1703963699999,303639.58924,802,10605.69,87982.488,0
1703963700000,8.293,8.328,8.281,8.318,37520.48,1703964599999,311537.35463,932,21504.18,178536.75278,0
1703964600000,8.318,8.329,8.302,8.307,30327.63,1703965499999,252161.24844,812,11477.57,95416.16925,0
1703965500000,8.308,8.358,8.294,8.309,39623.45,1703966399999,329850.41024,1215,22335.73,185878.24897,0
1703966400000,8.308,8.355,8.301,8.344,55312.29,1703967299999,460562.44944,1191,29294.35,243815.25081,0
1703967300000,8.345,8.352,8.324,8.332,28844.1,1703968199999,240474.33881,683,10599.09,88399.47152,0
1703968200000,8.33,8.342,8.295,8.304,32043.35,1703969099999,266572.32638,808,18683.26,155487.23733,0
1703969100000,8.305,8.318,8.285,8.309,22057.61,1703969999999,183143.17752,756,10654.49,88469.41494,0
1703970000000,8.31,8.347,8.305,8.341,15098.0,1703970899999,125808.18172,775,6963.66,58017.36472,0
1703970900000,8.34,8.35,8.323,8.347,17612.48,1703971799999,146826.77738,610,9100.13,75854.43817,0
1703971800000,8.35,8.358,8.329,8.352,19771.75,1703972699999,164953.19909,742,8810.29,73500.41977,0
1703972700000,8.355,8.399,8.341,8.389,38428.85,1703973599999,321758.30463,1095,27747.12,232352.47393,0
1703973600000,8.389,8.421,8.383,8.403,63820.35,1703974499999,536064.1016,1703,36980.19,310625.27498,0
1703974500000,8.402,8.407,8.345,8.371,30130.66,1703975399999,252461.44953,905,8848.72,74158.84523,0
1703975400000,8.371,8.374,8.338,8.339,24552.91,1703976299999,205067.57885,677,6659.9,55662.21318,0
1703976300000,8.338,8.341,8.29,8.336,42186.84,1703977199999,351208.82853,1531,17113.14,142449.5138,0
1703977200000,8.336,8.385,8.325,8.369,31764.14,1703978099999,265617.42259,1225,17669.7,147751.40056,0
1703978100000,8.37,8.399,8.36,8.362,38578.41,1703978999999,323258.22689,844,12286.51,102980.37786,0
1703979000000,8.361,8.389,8.352,8.364,25804.28,1703979899999,215946.13211,653,16692.57,139690.65145,0
1703979900000,8.364,8.382,8.34,8.346,31291.25,1703980799999,261820.05241,746,18056.15,151133.1491,0
1703980800000,8.346,8.412,8.321,8.403,52240.9,1703981699999,436861.56234,1603,26390.28,220796.83573,0
1703981700000,8.399,8.407,8.353,8.355,41814.1,1703982599999,350819.37364,1116,18047.32,151418.65853,0
1703982600000,8.356,8.406,8.342,8.401,35856.97,1703983499999,300778.14763,1003,13371.49,112088.89426,0
1703983500000,8.401,8.416,8.346,8.35,114749.21,1703984399999,959961.27516,1612,69010.55,577047.53919,0
1703984400000,8.349,8.35,8.295,8.296,208568.65,1703985299999,1735417.77911,3186,157787.16,1312818.60831,0
1703985300000,8.295,8.302,8.269,8.28,127129.14,1703986199999,1052937.65383,2404,81861.66,678027.74253,0
1703986200000,8.281,8.312,8.254,8.262,47468.05,1703987099999,393548.55462,1247,29145.83,241737.77424,0
1703987100000,8.26,8.289,8.26,8.268,23562.39,1703987999999,194988.26439,645,11846.05,98026.23258,0
1703988000000,8.266,8.287,8.264,8.282,22254.32,1703988899999,184169.04892,626,9908.55,82000.7498,0
1703988900000,8.281,8.281,8.253,8.263,21365.83,1703989799999,176647.6281,625,7744.79,64018.89014,0
1703989800000,8.26,8.261,8.193,8.2,75160.08,1703990699999,617875.07614,2182,24234.47,199214.92184,0
1703990700000,8.201,8.202,8.147,8.185,53709.6,1703991599999,439056.16891,1928,28182.27,230394.66326,0
1703991600000,8.183,8.202,8.158,8.162,42761.59,1703992499999,350112.42662,1165,21150.54,173158.02291,0
1703992500000,8.159,8.179,8.153,8.159,32516.03,1703993399999,265430.05707,918,12682.62,103511.26456,0
1703993400000,8.157,8.211,8.157,8.206,20492.34,1703994299999,167658.85455,713,11675.15,95530.1955,0
1703994300000,8.205,8.223,8.193,8.211,31409.94,1703995199999,257699.70642,837,18844.02,154591.19309,0
1703995200000,8.21,8.248,8.204,8.245,33750.46,1703996099999,277416.69482,978,14943.94,122878.78327,0
1703996100000,8.244,8.285,8.244,8.282,31525.52,1703996999999,260586.3416,1149,17118.83,141510.03603,0
1703997000000,8.283,8.288,8.231,8.25,41635.79,1703997899999,343995.67927,1148,13631.77,112584.3214,0
1703997900000,8.253,8.277,8.242,8.265,25655.76,1703998799999,211781.081,808,13703.88,113097.27621,0
1703998800000,8.269,8.294,8.26,8.28,16522.61,1703999699999,136829.13667,623,7484.62,61995.03101,0
1703999700000,8.284,8.29,8.264,8.275,19525.19,1704000599999,161524.09967,536,8177.48,67650.04007,0
1704000600000,8.274,8.301,8.271,8.281,31082.36,1704001499999,257532.09687,882,16825.31,139375.67432,0
1704001500000,8.281,8.31,8.277,8.281,27427.43,1704002399999,227398.91848,813,11937.01,98953.16262,0
1704002400000,8.282,8.311,8.275,8.308,24216.2,1704003299999,200677.79743,730,9912.54,82151.81115,0
1704003300000,8.307,8.334,8.292,8.313,23360.23,1704004199999,194246.61079,883,11676.54,97075.57622,0
1704004200000,8.313,8.348,8.3,8.333,35482.75,1704005099999,295258.06321,1060,22136.31,184227.25752,0
1704005100000,8.334,8.34,8.301,8.304,31062.64,1704005999999,258299.3524,915,14376.08,119561.20109,0
1704006000000,8.306,8.343,8.302,8.341,20039.35,1704006899999,166905.91971,702,10327.47,85979.0615,0
1704006900000,8.341,8.4,8.339,8.393,62966.28,1704007799999,527073.40744,1993,37933.37,317470.29346,0
1704007800000,8.392,8.615,8.385,8.516,706515.24,1704008699999,6030094.71846,14615,347232.03,2957004.82082,0
1704008700000,8.516,8.608,8.497,8.568,317914.19,1704009599999,2719643.18361,5985,152326.24,1302042.20998,0
1704009600000,8.567,8.568,8.493,8.504,107897.05,1704010499999,919674.58115,3286,40165.62,342301.69582,0
1704010500000,8.501,8.544,8.498,8.518,108111.31,1704011399999,921165.50921,2284,64219.18,547356.0489,0
1704011400000,8.518,8.571,8.51,8.521,88884.28,1704012299999,759499.41139,2172,45515.55,389068.95258,0
1704012300000,8.523,8.545,8.507,8.524,57227.33,1704013199999,487736.55703,1271,30719.28,261786.28589,0
1704013200000,8.525,8.543,8.506,8.535,53135.16,1704014099999,452702.62885,1232,26225.84,223433.20913,0
1704014100000,8.534,8.606,8.513,8.59,151810.48,1704014999999,1301632.76497,3122,85429.45,732498.98098,0
1704015000000,8.592,8.608,8.564,8.572,112564.37,1704015899999,966308.83049,2178,54007.29,463619.09291,0
1704015900000,8.571,8.608,8.556,8.59,69029.35,1704016799999,592520.10287,1715,29935.99,256989.97179,0
1704016800000,8.592,8.648,8.592,8.643,108010.31,1704017699999,931084.9616,2796,72063.11,621272.09356,0
1704017700000,8.643,8.644,8.6,8.602,68152.28,1704018599999,586691.52659,1495,36066.17,310459.82718,0
1704018600000,8.602,8.616,8.6,8.609,40658.33,1704019499999,349983.9802,1072,23340.98,200922.892,0
1704019500000,8.609,8.612,8.587,8.611,141176.38,1704020399999,1214193.55288,1448,25063.37,215570.17017,0
1704020400000,8.611,8.617,8.552,8.564,60935.56,1704021299999,523183.83419,1665,25699.02,220773.56051,0
1704021300000,8.563,8.567,8.513,8.526,87470.0,1704022199999,746759.73814,2148,40081.2,342105.32234,0
1704022200000,8.527,8.529,8.506,8.507,48371.08,1704023099999,412010.11695,1082,26275.31,223825.55072,0
1704023100000,8.508,8.515,8.454,8.468,132642.01,1704023999999,1126471.08042,2525,39736.81,337458.52336,0
1704024000000,8.468,8.515,8.463,8.514,48206.01,1704024899999,409637.69941,1358,31547.5,268056.52197,0
1704024900000,8.514,8.534,8.501,8.508,43195.19,1704025799999,367917.37102,1215,17448.38,148574.00901,0
1704025800000,8.509,8.547,8.497,8.53,45600.75,1704026699999,388400.7962,1212,24149.45,205727.39134,0
1704026700000,8.529,8.53,8.438,8.474,113605.52,1704027599999,964063.14158,2325,28439.69,241164.31181,0
1704027600000,8.475,8.498,8.412,8.491,125204.85,1704028499999,1058778.95369,2534,64532.35,545796.57901,0
1704028500000,8.491,8.504,8.465,8.482,42266.62,1704029399999,358562.0903,1034,23255.76,197318.72124,0
1704029400000,8.483,8.528,8.477,8.518,41388.57,1704030299999,351813.20358,1158,25717.82,218661.75597,0
1704030300000,8.516,8.555,8.495,8.528,60210.08,1704031199999,513755.7947,1634,31210.55,266407.00686,0
1704031200000,8.526,8.528,8.463,8.49,44897.41,1704032099999,381214.03203,1381,19032.87,161598.20743,0
1704032100000,8.487,8.511,8.468,8.504,44539.2,1704032999999,378262.55548,1125,23059.09,195834.94742,0
1704033000000,8.503,8.511,8.472,8.486,41744.86,1704033899999,354421.76653,973,17649.84,149837.0205,0
1704033900000,8.487,8.487,8.446,8.46,44712.4,1704034799999,378538.63653,1073,19820.24,167786.54008,0
1704034800000,8.46,8.523,8.453,8.514,45670.02,1704035699999,388038.17112,1283,23165.42,196860.60008,0
1704035700000,8.515,8.541,8.502,8.51,45327.63,1704036599999,386090.14875,1168,23914.83,203705.43789,0
1704036600000,8.507,8.534,8.457,8.521,76530.23,1704037499999,650690.90775,2118,39685.35,337376.42993,0
1704037500000,8.521,8.523,8.463,8.487,35065.46,1704038399999,297516.06806,1245,15091.76,128046.24814,0
1704038400000,8.489,8.489,8.44,8.453,39818.71,1704039299999,336947.08211,1289,18373.72,155459.00253,0
1704039300000,8.453,8.48,8.448,8.464,29132.19,1704040199999,246636.20248,827,15080.61,127634.73629,0
1704040200000,8.464,8.535,8.457,8.532,46944.74,1704041099999,399097.38131,1328,27879.33,236934.82987,0
1704041100000,8.532,8.538,8.481,8.49,52892.75,1704041999999,449911.49652,1332,18663.32,158769.8079,0
1704042000000,8.49,8.499,8.45,8.489,43945.41,1704042899999,372233.98321,1305,25445.51,215500.37853,0
1704042900000,8.491,8.527,8.474,8.483,96443.42,1704043799999,820398.36509,1643,53142.52,452093.31512,0
1704043800000,8.483,8.489,8.459,8.476,36536.31,1704044699999,309565.64178,1306,18376.66,155709.47562,0
1704044700000,8.476,8.517,8.476,8.515,44540.84,1704045599999,378671.05559,1193,23758.21,201958.16033,0
1704045600000,8.512,8.519,8.458,8.47,56353.69,1704046499999,477832.38653,1158,18057.69,153057.29144,0
1704046500000,8.471,8.473,8.396,8.442,186541.64,1704047399999,1573447.90979,2604,69982.64,589917.00654,0
1704047400000,8.442,8.5,8.431,8.49,45179.71,1704048299999,382243.3674,1531,27851.79,235671.86333,0
1704048300000,8.493,8.493,8.446,8.476,35855.88,1704049199999,303724.4051,1023,16283.53,137954.03099,0
1704049200000,8.476,8.482,8.452,8.455,24813.65,1704050099999,210019.44071,711,13153.95,111345.84362,0
1704050100000,8.454,8.476,8.442,8.476,35508.68,1704050999999,300461.52061,876,20307.76,171815.46803,0
1704051000000,8.473,8.477,8.424,8.458,27874.76,1704051899999,235300.00467,890,13953.13,117755.8742,0
1704051900000,8.46,8.485,8.428,8.441,35213.71,1704052799999,297720.73941,964,19073.99,161309.66045,0
1704052800000,8.439,8.447,8.371,8.375,61082.23,1704053699999,513068.85713,1926,25595.01,215044.72575,0
1704053700000,8.376,8.423,8.375,8.387,41196.93,1704054599999,345763.2848,1238,26159.65,219563.73216,0
1704054600000,8.387,8.412,8.334,8.343,52369.05,1704055499999,437737.68215,2128,21725.44,181637.46389,0
1704055500000,8.343,8.353,8.299,8.321,74702.13,1704056399999,621511.92043,2086,31455.62,261780.42308,0
1704056400000,8.321,8.379,8.313,8.374,33834.71,1704057299999,282443.40804,1292,19448.72,162302.16942,0
1704057300000,8.375,8.406,8.375,8.405,29235.62,1704058199999,245312.04418,965,16979.77,142496.12361,0
1704058200000,8.403,8.409,8.356,8.36,26235.14,1704059099999,219902.43248,892,10372.27,86888.47804,0
1704059100000,8.359,8.362,8.308,8.31,40644.83,1704059999999,338736.29943,1237,17294.06,144140.73669,0
1704060000000,8.311,8.345,8.299,8.312,24402.45,1704060899999,202926.21092,914,12656.47,105255.34429,0
1704060900000,8.315,8.329,8.293,8.305,29157.4,1704061799999,242239.08159,990,12610.62,104738.09651,0
1704061800000,8.304,8.319,8.225,8.231,81502.61,1704062699999,673662.88659,2399,18161.67,150126.56442,0
1704062700000,8.231,8.231,8.025,8.127,383283.9,1704063599999,3114157.37448,11710,167622.41,1361480.70946,0
1704063600000,8.127,8.196,8.111,8.179,101673.81,1704064499999,829791.55554,3013,55120.02,449860.54834,0
1704064500000,8.18,8.196,8.123,8.159,101881.19,1704065399999,831159.63683,2476,52046.5,424785.28949,0
1704065400000,8.16,8.185,8.147,8.185,34894.89,1704066299999,285097.68758,904,16602.21,135623.19233,0
1704066300000,8.184,8.206,8.176,8.202,51313.79,1704067199999,420269.52675,1377,19754.6,161791.80539,0
